geofips,geoname,year,personal_income_kusd
01001,"Autauga, AL",2019,2477876.0
01001,"Autauga, AL",2020,2656173.0
01001,"Autauga, AL",2021,2915364.0
01001,"Autauga, AL",2022,2979576.0
01001,"Autauga, AL",2023,3202452.0
01001,"Autauga, AL",2024,3424189.0
01003,"Baldwin, AL",2019,10880888.0
01003,"Baldwin, AL",2020,11880306.0
01003,"Baldwin, AL",2021,13527772.0
01003,"Baldwin, AL",2022,14232715.0
01003,"Baldwin, AL",2023,15590410.0
01003,"Baldwin, AL",2024,16718173.0
01005,"Barbour, AL",2019,873849.0
01005,"Barbour, AL",2020,926313.0
01005,"Barbour, AL",2021,1006722.0
01005,"Barbour, AL",2022,1014902.0
01005,"Barbour, AL",2023,1033178.0
01005,"Barbour, AL",2024,1093828.0
01007,"Bibb, AL",2019,719343.0
01007,"Bibb, AL",2020,773029.0
01007,"Bibb, AL",2021,836565.0
01007,"Bibb, AL",2022,840465.0
01007,"Bibb, AL",2023,886174.0
01007,"Bibb, AL",2024,933750.0
01009,"Blount, AL",2019,2154822.0
01009,"Blount, AL",2020,2233724.0
01009,"Blount, AL",2021,2542812.0
01009,"Blount, AL",2022,2622662.0
01009,"Blount, AL",2023,2741524.0
01009,"Blount, AL",2024,2920472.0
01011,"Bullock, AL",2019,283392.0
01011,"Bullock, AL",2020,314807.0
01011,"Bullock, AL",2021,346534.0
01011,"Bullock, AL",2022,340468.0
01011,"Bullock, AL",2023,367110.0
01011,"Bullock, AL",2024,390130.0
01013,"Butler, AL",2019,719572.0
01013,"Butler, AL",2020,751954.0
01013,"Butler, AL",2021,860202.0
01013,"Butler, AL",2022,886414.0
01013,"Butler, AL",2023,920985.0
01013,"Butler, AL",2024,973413.0
01015,"Calhoun, AL",2019,4286419.0
01015,"Calhoun, AL",2020,4602650.0
01015,"Calhoun, AL",2021,5009194.0
01015,"Calhoun, AL",2022,4940395.0
01015,"Calhoun, AL",2023,5234603.0
01015,"Calhoun, AL",2024,5510858.0
01017,"Chambers, AL",2019,1170886.0
01017,"Chambers, AL",2020,1247507.0
01017,"Chambers, AL",2021,1356542.0
01017,"Chambers, AL",2022,1348988.0
01017,"Chambers, AL",2023,1423571.0
01017,"Chambers, AL",2024,1485872.0
01019,"Cherokee, AL",2019,947492.0
01019,"Cherokee, AL",2020,997447.0
01019,"Cherokee, AL",2021,1120262.0
01019,"Cherokee, AL",2022,1128670.0
01019,"Cherokee, AL",2023,1172249.0
01019,"Cherokee, AL",2024,1254466.0
01021,"Chilton, AL",2019,1624844.0
01021,"Chilton, AL",2020,1727362.0
01021,"Chilton, AL",2021,1941956.0
01021,"Chilton, AL",2022,1991699.0
01021,"Chilton, AL",2023,2129778.0
01021,"Chilton, AL",2024,2277237.0
01023,"Choctaw, AL",2019,490796.0
01023,"Choctaw, AL",2020,511422.0
01023,"Choctaw, AL",2021,548411.0
01023,"Choctaw, AL",2022,537694.0
01023,"Choctaw, AL",2023,560070.0
01023,"Choctaw, AL",2024,592372.0
01025,"Clarke, AL",2019,879437.0
01025,"Clarke, AL",2020,948149.0
01025,"Clarke, AL",2021,1027120.0
01025,"Clarke, AL",2022,1004188.0
01025,"Clarke, AL",2023,1047675.0
01025,"Clarke, AL",2024,1098412.0
01027,"Clay, AL",2019,456157.0
01027,"Clay, AL",2020,497846.0
01027,"Clay, AL",2021,560519.0
01027,"Clay, AL",2022,561051.0
01027,"Clay, AL",2023,560898.0
01027,"Clay, AL",2024,600339.0
01029,"Cleburne, AL",2019,541180.0
01029,"Cleburne, AL",2020,570721.0
01029,"Cleburne, AL",2021,651025.0
01029,"Cleburne, AL",2022,681131.0
01029,"Cleburne, AL",2023,707178.0
01029,"Cleburne, AL",2024,751089.0
01031,"Coffee, AL",2019,2266045.0
01031,"Coffee, AL",2020,2419786.0
01031,"Coffee, AL",2021,2736237.0
01031,"Coffee, AL",2022,2841040.0
01031,"Coffee, AL",2023,2995530.0
01031,"Coffee, AL",2024,3202494.0
01033,"Colbert, AL",2019,2143556.0
01033,"Colbert, AL",2020,2313194.0
01033,"Colbert, AL",2021,2549390.0
01033,"Colbert, AL",2022,2593723.0
01033,"Colbert, AL",2023,2743589.0
01033,"Colbert, AL",2024,2870528.0
01035,"Conecuh, AL",2019,401687.0
01035,"Conecuh, AL",2020,428294.0
01035,"Conecuh, AL",2021,469851.0
01035,"Conecuh, AL",2022,463537.0
01035,"Conecuh, AL",2023,480382.0
01035,"Conecuh, AL",2024,506797.0
01037,"Coosa, AL",2019,348089.0
01037,"Coosa, AL",2020,369305.0
01037,"Coosa, AL",2021,404914.0
01037,"Coosa, AL",2022,399836.0
01037,"Coosa, AL",2023,427077.0
01037,"Coosa, AL",2024,450882.0
01039,"Covington, AL",2019,1332447.0
01039,"Covington, AL",2020,1420093.0
01039,"Covington, AL",2021,1572791.0
01039,"Covington, AL",2022,1591524.0
01039,"Covington, AL",2023,1654918.0
01039,"Covington, AL",2024,1779540.0
01041,"Crenshaw, AL",2019,503965.0
01041,"Crenshaw, AL",2020,524572.0
01041,"Crenshaw, AL",2021,599864.0
01041,"Crenshaw, AL",2022,634933.0
01041,"Crenshaw, AL",2023,636831.0
01041,"Crenshaw, AL",2024,694544.0
01043,"Cullman, AL",2019,3464035.0
01043,"Cullman, AL",2020,3659162.0
01043,"Cullman, AL",2021,4210211.0
01043,"Cullman, AL",2022,4510426.0
01043,"Cullman, AL",2023,4682319.0
01043,"Cullman, AL",2024,4961405.0
01045,"Dale, AL",2019,1849265.0
01045,"Dale, AL",2020,1970617.0
01045,"Dale, AL",2021,2185795.0
01045,"Dale, AL",2022,2221391.0
01045,"Dale, AL",2023,2308824.0
01045,"Dale, AL",2024,2441631.0
01047,"Dallas, AL",2019,1372818.0
01047,"Dallas, AL",2020,1501284.0
01047,"Dallas, AL",2021,1598227.0
01047,"Dallas, AL",2022,1554155.0
01047,"Dallas, AL",2023,1637962.0
01047,"Dallas, AL",2024,1713774.0
01049,"DeKalb, AL",2019,2349863.0
01049,"DeKalb, AL",2020,2507281.0
01049,"DeKalb, AL",2021,2887860.0
01049,"DeKalb, AL",2022,3034215.0
01049,"DeKalb, AL",2023,3080481.0
01049,"DeKalb, AL",2024,3301597.0
01051,"Elmore, AL",2019,3650182.0
01051,"Elmore, AL",2020,3915454.0
01051,"Elmore, AL",2021,4320068.0
01051,"Elmore, AL",2022,4368603.0
01051,"Elmore, AL",2023,4731271.0
01051,"Elmore, AL",2024,5051501.0
01053,"Escambia, AL",2019,1229028.0
01053,"Escambia, AL",2020,1326936.0
01053,"Escambia, AL",2021,1474825.0
01053,"Escambia, AL",2022,1483063.0
01053,"Escambia, AL",2023,1565568.0
01053,"Escambia, AL",2024,1664182.0
01055,"Etowah, AL",2019,3855951.0
01055,"Etowah, AL",2020,4093601.0
01055,"Etowah, AL",2021,4415727.0
01055,"Etowah, AL",2022,4441565.0
01055,"Etowah, AL",2023,4652605.0
01055,"Etowah, AL",2024,4931908.0
01057,"Fayette, AL",2019,586407.0
01057,"Fayette, AL",2020,624918.0
01057,"Fayette, AL",2021,681667.0
01057,"Fayette, AL",2022,690046.0
01057,"Fayette, AL",2023,691543.0
01057,"Fayette, AL",2024,723544.0
01059,"Franklin, AL",2019,1089381.0
01059,"Franklin, AL",2020,1171648.0
01059,"Franklin, AL",2021,1291457.0
01059,"Franklin, AL",2022,1353944.0
01059,"Franklin, AL",2023,1341396.0
01059,"Franklin, AL",2024,1426402.0
01061,"Geneva, AL",2019,951247.0
01061,"Geneva, AL",2020,1020206.0
01061,"Geneva, AL",2021,1123323.0
01061,"Geneva, AL",2022,1135431.0
01061,"Geneva, AL",2023,1197892.0
01061,"Geneva, AL",2024,1269062.0
01063,"Greene, AL",2019,261373.0
01063,"Greene, AL",2020,283412.0
01063,"Greene, AL",2021,307536.0
01063,"Greene, AL",2022,286636.0
01063,"Greene, AL",2023,296372.0
01063,"Greene, AL",2024,306677.0
01065,"Hale, AL",2019,560192.0
01065,"Hale, AL",2020,612348.0
01065,"Hale, AL",2021,661966.0
01065,"Hale, AL",2022,652185.0
01065,"Hale, AL",2023,695451.0
01065,"Hale, AL",2024,730501.0
01067,"Henry, AL",2019,759360.0
01067,"Henry, AL",2020,806201.0
01067,"Henry, AL",2021,938379.0
01067,"Henry, AL",2022,936923.0
01067,"Henry, AL",2023,966862.0
01067,"Henry, AL",2024,1027895.0
01069,"Houston, AL",2019,4691900.0
01069,"Houston, AL",2020,5092430.0
01069,"Houston, AL",2021,5554943.0
01069,"Houston, AL",2022,5623055.0
01069,"Houston, AL",2023,5957210.0
01069,"Houston, AL",2024,6311941.0
01071,"Jackson, AL",2019,1941776.0
01071,"Jackson, AL",2020,2050085.0
01071,"Jackson, AL",2021,2280345.0
01071,"Jackson, AL",2022,2339423.0
01071,"Jackson, AL",2023,2451574.0
01071,"Jackson, AL",2024,2585644.0
01073,"Jefferson, AL",2019,36848121.0
01073,"Jefferson, AL",2020,39111547.0
01073,"Jefferson, AL",2021,43744242.0
01073,"Jefferson, AL",2022,44950955.0
01073,"Jefferson, AL",2023,48021700.0
01073,"Jefferson, AL",2024,50063400.0
01075,"Lamar, AL",2019,478851.0
01075,"Lamar, AL",2020,513900.0
01075,"Lamar, AL",2021,548134.0
01075,"Lamar, AL",2022,547037.0
01075,"Lamar, AL",2023,574029.0
01075,"Lamar, AL",2024,607890.0
01077,"Lauderdale, AL",2019,3570397.0
01077,"Lauderdale, AL",2020,3957339.0
01077,"Lauderdale, AL",2021,4265906.0
01077,"Lauderdale, AL",2022,4307752.0
01077,"Lauderdale, AL",2023,4568957.0
01077,"Lauderdale, AL",2024,4832246.0
01079,"Lawrence, AL",2019,1181590.0
01079,"Lawrence, AL",2020,1250827.0
01079,"Lawrence, AL",2021,1399627.0
01079,"Lawrence, AL",2022,1458662.0
01079,"Lawrence, AL",2023,1507541.0
01079,"Lawrence, AL",2024,1584018.0
01081,"Lee, AL",2019,6714439.0
01081,"Lee, AL",2020,7174079.0
01081,"Lee, AL",2021,8048219.0
01081,"Lee, AL",2022,8360193.0
01081,"Lee, AL",2023,8958158.0
01081,"Lee, AL",2024,9544687.0
01083,"Limestone, AL",2019,4483870.0
01083,"Limestone, AL",2020,4939677.0
01083,"Limestone, AL",2021,5716220.0
01083,"Limestone, AL",2022,5986392.0
01083,"Limestone, AL",2023,6568331.0
01083,"Limestone, AL",2024,7090561.0
01085,"Lowndes, AL",2019,408072.0
01085,"Lowndes, AL",2020,446560.0
01085,"Lowndes, AL",2021,483172.0
01085,"Lowndes, AL",2022,498208.0
01085,"Lowndes, AL",2023,517936.0
01085,"Lowndes, AL",2024,551280.0
01087,"Macon, AL",2019,615291.0
01087,"Macon, AL",2020,676564.0
01087,"Macon, AL",2021,719840.0
01087,"Macon, AL",2022,719916.0
01087,"Macon, AL",2023,763522.0
01087,"Macon, AL",2024,813313.0
01089,"Madison, AL",2019,20113981.0
01089,"Madison, AL",2020,21908406.0
01089,"Madison, AL",2021,24070200.0
01089,"Madison, AL",2022,25267266.0
01089,"Madison, AL",2023,27345440.0
01089,"Madison, AL",2024,29227380.0
01091,"Marengo, AL",2019,770948.0
01091,"Marengo, AL",2020,845558.0
01091,"Marengo, AL",2021,902114.0
01091,"Marengo, AL",2022,879478.0
01091,"Marengo, AL",2023,930209.0
01091,"Marengo, AL",2024,973286.0
01093,"Marion, AL",2019,986057.0
01093,"Marion, AL",2020,1083302.0
01093,"Marion, AL",2021,1206178.0
01093,"Marion, AL",2022,1264933.0
01093,"Marion, AL",2023,1325490.0
01093,"Marion, AL",2024,1383435.0
01095,"Marshall, AL",2019,3667876.0
01095,"Marshall, AL",2020,4022308.0
01095,"Marshall, AL",2021,4532402.0
01095,"Marshall, AL",2022,4684067.0
01095,"Marshall, AL",2023,4934754.0
01095,"Marshall, AL",2024,5231303.0
01097,"Mobile, AL",2019,16310095.0
01097,"Mobile, AL",2020,17649036.0
01097,"Mobile, AL",2021,19753250.0
01097,"Mobile, AL",2022,19894018.0
01097,"Mobile, AL",2023,21197626.0
01097,"Mobile, AL",2024,22225329.0
01099,"Monroe, AL",2019,705412.0
01099,"Monroe, AL",2020,763044.0
01099,"Monroe, AL",2021,832991.0
01099,"Monroe, AL",2022,824872.0
01099,"Monroe, AL",2023,850410.0
01099,"Monroe, AL",2024,891079.0
01101,"Montgomery, AL",2019,9918583.0
01101,"Montgomery, AL",2020,10522981.0
01101,"Montgomery, AL",2021,11282453.0
01101,"Montgomery, AL",2022,11517277.0
01101,"Montgomery, AL",2023,12242570.0
01101,"Montgomery, AL",2024,12935903.0
01103,"Morgan, AL",2019,4965766.0
01103,"Morgan, AL",2020,5328966.0
01103,"Morgan, AL",2021,5752511.0
01103,"Morgan, AL",2022,5910214.0
01103,"Morgan, AL",2023,6244332.0
01103,"Morgan, AL",2024,6596493.0
01105,"Perry, AL",2019,283694.0
01105,"Perry, AL",2020,319722.0
01105,"Perry, AL",2021,336799.0
01105,"Perry, AL",2022,317622.0
01105,"Perry, AL",2023,332023.0
01105,"Perry, AL",2024,343681.0
01107,"Pickens, AL",2019,697022.0
01107,"Pickens, AL",2020,740194.0
01107,"Pickens, AL",2021,819121.0
01107,"Pickens, AL",2022,780090.0
01107,"Pickens, AL",2023,802100.0
01107,"Pickens, AL",2024,833098.0
01109,"Pike, AL",2019,1248606.0
01109,"Pike, AL",2020,1347005.0
01109,"Pike, AL",2021,1497338.0
01109,"Pike, AL",2022,1569674.0
01109,"Pike, AL",2023,1615672.0
01109,"Pike, AL",2024,1712695.0
01111,"Randolph, AL",2019,766278.0
01111,"Randolph, AL",2020,805300.0
01111,"Randolph, AL",2021,933882.0
01111,"Randolph, AL",2022,959630.0
01111,"Randolph, AL",2023,977988.0
01111,"Randolph, AL",2024,1048327.0
01113,"Russell, AL",2019,1942515.0
01113,"Russell, AL",2020,2121944.0
01113,"Russell, AL",2021,2347145.0
01113,"Russell, AL",2022,2285229.0
01113,"Russell, AL",2023,2421840.0
01113,"Russell, AL",2024,2587102.0
01115,"St. Clair, AL",2019,3729435.0
01115,"St. Clair, AL",2020,3953193.0
01115,"St. Clair, AL",2021,4400657.0
01115,"St. Clair, AL",2022,4529538.0
01115,"St. Clair, AL",2023,4879070.0
01115,"St. Clair, AL",2024,5319193.0
01117,"Shelby, AL",2019,12649232.0
01117,"Shelby, AL",2020,13416160.0
01117,"Shelby, AL",2021,14868681.0
01117,"Shelby, AL",2022,15527827.0
01117,"Shelby, AL",2023,16704154.0
01117,"Shelby, AL",2024,17582697.0
01119,"Sumter, AL",2019,401203.0
01119,"Sumter, AL",2020,436846.0
01119,"Sumter, AL",2021,469400.0
01119,"Sumter, AL",2022,458729.0
01119,"Sumter, AL",2023,478315.0
01119,"Sumter, AL",2024,499503.0
01121,"Talladega, AL",2019,2885164.0
01121,"Talladega, AL",2020,3090305.0
01121,"Talladega, AL",2021,3337497.0
01121,"Talladega, AL",2022,3352179.0
01121,"Talladega, AL",2023,3554846.0
01121,"Talladega, AL",2024,3723512.0
01123,"Tallapoosa, AL",2019,1730138.0
01123,"Tallapoosa, AL",2020,1827860.0
01123,"Tallapoosa, AL",2021,2006456.0
01123,"Tallapoosa, AL",2022,2010798.0
01123,"Tallapoosa, AL",2023,2140299.0
01123,"Tallapoosa, AL",2024,2243189.0
01125,"Tuscaloosa, AL",2019,8474780.0
01125,"Tuscaloosa, AL",2020,9161406.0
01125,"Tuscaloosa, AL",2021,9743892.0
01125,"Tuscaloosa, AL",2022,10009204.0
01125,"Tuscaloosa, AL",2023,10678392.0
01125,"Tuscaloosa, AL",2024,11263555.0
01127,"Walker, AL",2019,2687293.0
01127,"Walker, AL",2020,2787191.0
01127,"Walker, AL",2021,3043654.0
01127,"Walker, AL",2022,3174147.0
01127,"Walker, AL",2023,3375853.0
01127,"Walker, AL",2024,3577564.0
01129,"Washington, AL",2019,603264.0
01129,"Washington, AL",2020,625704.0
01129,"Washington, AL",2021,675599.0
01129,"Washington, AL",2022,687112.0
01129,"Washington, AL",2023,714083.0
01129,"Washington, AL",2024,759103.0
01131,"Wilcox, AL",2019,352417.0
01131,"Wilcox, AL",2020,374940.0
01131,"Wilcox, AL",2021,413492.0
01131,"Wilcox, AL",2022,392442.0
01131,"Wilcox, AL",2023,414979.0
01131,"Wilcox, AL",2024,440075.0
01133,"Winston, AL",2019,845882.0
01133,"Winston, AL",2020,926259.0
01133,"Winston, AL",2021,1014823.0
01133,"Winston, AL",2022,1033661.0
01133,"Winston, AL",2023,1070471.0
01133,"Winston, AL",2024,1128539.0
02010,"Aleutian Islands Census Area, AK*",2019,0.0
02010,"Aleutian Islands Census Area, AK*",2020,0.0
02010,"Aleutian Islands Census Area, AK*",2021,0.0
02010,"Aleutian Islands Census Area, AK*",2022,0.0
02010,"Aleutian Islands Census Area, AK*",2023,0.0
02010,"Aleutian Islands Census Area, AK*",2024,0.0
02013,"Aleutians East Borough, AK*",2019,202667.0
02013,"Aleutians East Borough, AK*",2020,195109.0
02013,"Aleutians East Borough, AK*",2021,202702.0
02013,"Aleutians East Borough, AK*",2022,218775.0
02013,"Aleutians East Borough, AK*",2023,226775.0
02013,"Aleutians East Borough, AK*",2024,180233.0
02016,"Aleutians West Census Area, AK*",2019,315261.0
02016,"Aleutians West Census Area, AK*",2020,326614.0
02016,"Aleutians West Census Area, AK*",2021,329306.0
02016,"Aleutians West Census Area, AK*",2022,351961.0
02016,"Aleutians West Census Area, AK*",2023,370521.0
02016,"Aleutians West Census Area, AK*",2024,377922.0
02020,"Anchorage Municipality, AK",2019,19383968.0
02020,"Anchorage Municipality, AK",2020,19760423.0
02020,"Anchorage Municipality, AK",2021,20857669.0
02020,"Anchorage Municipality, AK",2022,21961067.0
02020,"Anchorage Municipality, AK",2023,23079288.0
02020,"Anchorage Municipality, AK",2024,24433471.0
02050,"Bethel Census Area, AK*",2019,826076.0
02050,"Bethel Census Area, AK*",2020,851504.0
02050,"Bethel Census Area, AK*",2021,873194.0
02050,"Bethel Census Area, AK*",2022,899885.0
02050,"Bethel Census Area, AK*",2023,889148.0
02050,"Bethel Census Area, AK*",2024,924730.0
02060,"Bristol Bay Borough, AK",2019,117728.0
02060,"Bristol Bay Borough, AK",2020,118364.0
02060,"Bristol Bay Borough, AK",2021,138208.0
02060,"Bristol Bay Borough, AK",2022,138655.0
02060,"Bristol Bay Borough, AK",2023,140292.0
02060,"Bristol Bay Borough, AK",2024,140031.0
02063,"Chugach Census Area, AK*",2019,0.0
02063,"Chugach Census Area, AK*",2020,435013.0
02063,"Chugach Census Area, AK*",2021,479716.0
02063,"Chugach Census Area, AK*",2022,483528.0
02063,"Chugach Census Area, AK*",2023,490305.0
02063,"Chugach Census Area, AK*",2024,491535.0
02066,"Copper River Census Area, AK*",2019,0.0
02066,"Copper River Census Area, AK*",2020,128937.0
02066,"Copper River Census Area, AK*",2021,154511.0
02066,"Copper River Census Area, AK*",2022,149579.0
02066,"Copper River Census Area, AK*",2023,161224.0
02066,"Copper River Census Area, AK*",2024,169064.0
02068,"Denali Borough, AK*",2019,172126.0
02068,"Denali Borough, AK*",2020,143041.0
02068,"Denali Borough, AK*",2021,174649.0
02068,"Denali Borough, AK*",2022,190181.0
02068,"Denali Borough, AK*",2023,207670.0
02068,"Denali Borough, AK*",2024,217890.0
02070,"Dillingham Census Area, AK*",2019,282891.0
02070,"Dillingham Census Area, AK*",2020,277712.0
02070,"Dillingham Census Area, AK*",2021,281673.0
02070,"Dillingham Census Area, AK*",2022,287027.0
02070,"Dillingham Census Area, AK*",2023,293375.0
02070,"Dillingham Census Area, AK*",2024,307997.0
02090,"Fairbanks North Star Borough, AK",2019,5643548.0
02090,"Fairbanks North Star Borough, AK",2020,5759094.0
02090,"Fairbanks North Star Borough, AK",2021,6240753.0
02090,"Fairbanks North Star Borough, AK",2022,6482992.0
02090,"Fairbanks North Star Borough, AK",2023,6690806.0
02090,"Fairbanks North Star Borough, AK",2024,7139476.0
02100,"Haines Borough, AK*",2019,175359.0
02100,"Haines Borough, AK*",2020,158403.0
02100,"Haines Borough, AK*",2021,178767.0
02100,"Haines Borough, AK*",2022,177008.0
02100,"Haines Borough, AK*",2023,196569.0
02100,"Haines Borough, AK*",2024,211953.0
02105,"Hoonah-Angoon Census Area, AK*",2019,132881.0
02105,"Hoonah-Angoon Census Area, AK*",2020,130699.0
02105,"Hoonah-Angoon Census Area, AK*",2021,142317.0
02105,"Hoonah-Angoon Census Area, AK*",2022,156712.0
02105,"Hoonah-Angoon Census Area, AK*",2023,167630.0
02105,"Hoonah-Angoon Census Area, AK*",2024,180163.0
02110,"Juneau City and Borough, AK",2019,2262057.0
02110,"Juneau City and Borough, AK",2020,2272653.0
02110,"Juneau City and Borough, AK",2021,2382205.0
02110,"Juneau City and Borough, AK",2022,2521461.0
02110,"Juneau City and Borough, AK",2023,2675853.0
02110,"Juneau City and Borough, AK",2024,2806401.0
02122,"Kenai Peninsula Borough, AK*",2019,3153444.0
02122,"Kenai Peninsula Borough, AK*",2020,3290304.0
02122,"Kenai Peninsula Borough, AK*",2021,3553223.0
02122,"Kenai Peninsula Borough, AK*",2022,3675382.0
02122,"Kenai Peninsula Borough, AK*",2023,3918393.0
02122,"Kenai Peninsula Borough, AK*",2024,4130627.0
02130,"Ketchikan Gateway Borough, AK*",2019,956687.0
02130,"Ketchikan Gateway Borough, AK*",2020,920582.0
02130,"Ketchikan Gateway Borough, AK*",2021,966194.0
02130,"Ketchikan Gateway Borough, AK*",2022,1015731.0
02130,"Ketchikan Gateway Borough, AK*",2023,1108391.0
02130,"Ketchikan Gateway Borough, AK*",2024,1165919.0
02150,"Kodiak Island Borough, AK",2019,821448.0
02150,"Kodiak Island Borough, AK",2020,854217.0
02150,"Kodiak Island Borough, AK",2021,886157.0
02150,"Kodiak Island Borough, AK",2022,908191.0
02150,"Kodiak Island Borough, AK",2023,955432.0
02150,"Kodiak Island Borough, AK",2024,965329.0
02158,"Kusilvak Census Area, AK*",2019,259342.0
02158,"Kusilvak Census Area, AK*",2020,272305.0
02158,"Kusilvak Census Area, AK*",2021,301551.0
02158,"Kusilvak Census Area, AK*",2022,308445.0
02158,"Kusilvak Census Area, AK*",2023,294363.0
02158,"Kusilvak Census Area, AK*",2024,300083.0
02164,"Lake and Peninsula Borough, AK*",2019,89386.0
02164,"Lake and Peninsula Borough, AK*",2020,84405.0
02164,"Lake and Peninsula Borough, AK*",2021,91190.0
02164,"Lake and Peninsula Borough, AK*",2022,94559.0
02164,"Lake and Peninsula Borough, AK*",2023,99636.0
02164,"Lake and Peninsula Borough, AK*",2024,100647.0
02170,"Matanuska-Susitna Borough, AK",2019,5311995.0
02170,"Matanuska-Susitna Borough, AK",2020,5633023.0
02170,"Matanuska-Susitna Borough, AK",2021,6116886.0
02170,"Matanuska-Susitna Borough, AK",2022,6641917.0
02170,"Matanuska-Susitna Borough, AK",2023,6973122.0
02170,"Matanuska-Susitna Borough, AK",2024,7526568.0
02180,"Nome Census Area, AK",2019,528819.0
02180,"Nome Census Area, AK",2020,539555.0
02180,"Nome Census Area, AK",2021,571701.0
02180,"Nome Census Area, AK",2022,625750.0
02180,"Nome Census Area, AK",2023,628867.0
02180,"Nome Census Area, AK",2024,671261.0
02185,"North Slope Borough, AK*",2019,877849.0
02185,"North Slope Borough, AK*",2020,837400.0
02185,"North Slope Borough, AK*",2021,787928.0
02185,"North Slope Borough, AK*",2022,836831.0
02185,"North Slope Borough, AK*",2023,915648.0
02185,"North Slope Borough, AK*",2024,983282.0
02188,"Northwest Arctic Borough, AK",2019,371401.0
02188,"Northwest Arctic Borough, AK",2020,381667.0
02188,"Northwest Arctic Borough, AK",2021,394086.0
02188,"Northwest Arctic Borough, AK",2022,413247.0
02188,"Northwest Arctic Borough, AK",2023,417959.0
02188,"Northwest Arctic Borough, AK",2024,448641.0
02195,"Petersburg Borough, AK*",2019,224921.0
02195,"Petersburg Borough, AK*",2020,234333.0
02195,"Petersburg Borough, AK*",2021,257789.0
02195,"Petersburg Borough, AK*",2022,252881.0
02195,"Petersburg Borough, AK*",2023,281879.0
02195,"Petersburg Borough, AK*",2024,284449.0
02198,"Prince of Wales-Hyder Census Area, AK*",2019,283815.0
02198,"Prince of Wales-Hyder Census Area, AK*",2020,295622.0
02198,"Prince of Wales-Hyder Census Area, AK*",2021,310170.0
02198,"Prince of Wales-Hyder Census Area, AK*",2022,304212.0
02198,"Prince of Wales-Hyder Census Area, AK*",2023,314385.0
02198,"Prince of Wales-Hyder Census Area, AK*",2024,327499.0
02201,"Prince of Wales-Outer Ketchikan Census Area, AK*",2019,0.0
02201,"Prince of Wales-Outer Ketchikan Census Area, AK*",2020,0.0
02201,"Prince of Wales-Outer Ketchikan Census Area, AK*",2021,0.0
02201,"Prince of Wales-Outer Ketchikan Census Area, AK*",2022,0.0
02201,"Prince of Wales-Outer Ketchikan Census Area, AK*",2023,0.0
02201,"Prince of Wales-Outer Ketchikan Census Area, AK*",2024,0.0
02220,"Sitka City and Borough, AK*",2019,585698.0
02220,"Sitka City and Borough, AK*",2020,571820.0
02220,"Sitka City and Borough, AK*",2021,657488.0
02220,"Sitka City and Borough, AK*",2022,672028.0
02220,"Sitka City and Borough, AK*",2023,731607.0
02220,"Sitka City and Borough, AK*",2024,764044.0
02230,"Skagway Municipality, AK*",2019,95892.0
02230,"Skagway Municipality, AK*",2020,71905.0
02230,"Skagway Municipality, AK*",2021,79454.0
02230,"Skagway Municipality, AK*",2022,85848.0
02230,"Skagway Municipality, AK*",2023,101982.0
02230,"Skagway Municipality, AK*",2024,111718.0
02231,"Skagway-Yakutat-Angoon Census Area, AK*",2019,0.0
02231,"Skagway-Yakutat-Angoon Census Area, AK*",2020,0.0
02231,"Skagway-Yakutat-Angoon Census Area, AK*",2021,0.0
02231,"Skagway-Yakutat-Angoon Census Area, AK*",2022,0.0
02231,"Skagway-Yakutat-Angoon Census Area, AK*",2023,0.0
02231,"Skagway-Yakutat-Angoon Census Area, AK*",2024,0.0
02232,"Skagway-Hoonah-Angoon Census Area, AK*",2019,0.0
02232,"Skagway-Hoonah-Angoon Census Area, AK*",2020,0.0
02232,"Skagway-Hoonah-Angoon Census Area, AK*",2021,0.0
02232,"Skagway-Hoonah-Angoon Census Area, AK*",2022,0.0
02232,"Skagway-Hoonah-Angoon Census Area, AK*",2023,0.0
02232,"Skagway-Hoonah-Angoon Census Area, AK*",2024,0.0
02240,"Southeast Fairbanks Census Area, AK*",2019,350905.0
02240,"Southeast Fairbanks Census Area, AK*",2020,363472.0
02240,"Southeast Fairbanks Census Area, AK*",2021,416337.0
02240,"Southeast Fairbanks Census Area, AK*",2022,429770.0
02240,"Southeast Fairbanks Census Area, AK*",2023,462344.0
02240,"Southeast Fairbanks Census Area, AK*",2024,503017.0
02261,"Valdez-Cordova Census Area, AK*",2019,572964.0
02261,"Valdez-Cordova Census Area, AK*",2020,0.0
02261,"Valdez-Cordova Census Area, AK*",2021,0.0
02261,"Valdez-Cordova Census Area, AK*",2022,0.0
02261,"Valdez-Cordova Census Area, AK*",2023,0.0
02261,"Valdez-Cordova Census Area, AK*",2024,0.0
02275,"Wrangell City and Borough, AK*",2019,118002.0
02275,"Wrangell City and Borough, AK*",2020,120320.0
02275,"Wrangell City and Borough, AK*",2021,127264.0
02275,"Wrangell City and Borough, AK*",2022,127028.0
02275,"Wrangell City and Borough, AK*",2023,133030.0
02275,"Wrangell City and Borough, AK*",2024,139764.0
02280,"Wrangell-Petersburg Census Area, AK*",2019,0.0
02280,"Wrangell-Petersburg Census Area, AK*",2020,0.0
02280,"Wrangell-Petersburg Census Area, AK*",2021,0.0
02280,"Wrangell-Petersburg Census Area, AK*",2022,0.0
02280,"Wrangell-Petersburg Census Area, AK*",2023,0.0
02280,"Wrangell-Petersburg Census Area, AK*",2024,0.0
02282,"Yakutat City and Borough, AK*",2019,36762.0
02282,"Yakutat City and Borough, AK*",2020,40192.0
02282,"Yakutat City and Borough, AK*",2021,44841.0
02282,"Yakutat City and Borough, AK*",2022,43413.0
02282,"Yakutat City and Borough, AK*",2023,43337.0
02282,"Yakutat City and Borough, AK*",2024,44205.0
02290,"Yukon-Koyukuk Census Area, AK*",2019,305778.0
02290,"Yukon-Koyukuk Census Area, AK*",2020,307089.0
02290,"Yukon-Koyukuk Census Area, AK*",2021,329193.0
02290,"Yukon-Koyukuk Census Area, AK*",2022,339606.0
02290,"Yukon-Koyukuk Census Area, AK*",2023,352127.0
02290,"Yukon-Koyukuk Census Area, AK*",2024,375227.0
02901,"Aleutian Islands Division, AK*",2019,0.0
02901,"Aleutian Islands Division, AK*",2020,0.0
02901,"Aleutian Islands Division, AK*",2021,0.0
02901,"Aleutian Islands Division, AK*",2022,0.0
02901,"Aleutian Islands Division, AK*",2023,0.0
02901,"Aleutian Islands Division, AK*",2024,0.0
02903,"Angoon Division, AK*",2019,0.0
02903,"Angoon Division, AK*",2020,0.0
02903,"Angoon Division, AK*",2021,0.0
02903,"Angoon Division, AK*",2022,0.0
02903,"Angoon Division, AK*",2023,0.0
02903,"Angoon Division, AK*",2024,0.0
02904,"Barrow-North Slope Division, AK*",2019,0.0
02904,"Barrow-North Slope Division, AK*",2020,0.0
02904,"Barrow-North Slope Division, AK*",2021,0.0
02904,"Barrow-North Slope Division, AK*",2022,0.0
02904,"Barrow-North Slope Division, AK*",2023,0.0
02904,"Barrow-North Slope Division, AK*",2024,0.0
02905,"Bethel Division, AK*",2019,0.0
02905,"Bethel Division, AK*",2020,0.0
02905,"Bethel Division, AK*",2021,0.0
02905,"Bethel Division, AK*",2022,0.0
02905,"Bethel Division, AK*",2023,0.0
02905,"Bethel Division, AK*",2024,0.0
02907,"Bristol Bay Division, AK*",2019,0.0
02907,"Bristol Bay Division, AK*",2020,0.0
02907,"Bristol Bay Division, AK*",2021,0.0
02907,"Bristol Bay Division, AK*",2022,0.0
02907,"Bristol Bay Division, AK*",2023,0.0
02907,"Bristol Bay Division, AK*",2024,0.0
02908,"Cordova-McCarthy Division, AK*",2019,0.0
02908,"Cordova-McCarthy Division, AK*",2020,0.0
02908,"Cordova-McCarthy Division, AK*",2021,0.0
02908,"Cordova-McCarthy Division, AK*",2022,0.0
02908,"Cordova-McCarthy Division, AK*",2023,0.0
02908,"Cordova-McCarthy Division, AK*",2024,0.0
02910,"Haines Division, AK*",2019,0.0
02910,"Haines Division, AK*",2020,0.0
02910,"Haines Division, AK*",2021,0.0
02910,"Haines Division, AK*",2022,0.0
02910,"Haines Division, AK*",2023,0.0
02910,"Haines Division, AK*",2024,0.0
02912,"Kenai-Cook Inlet Division, AK*",2019,0.0
02912,"Kenai-Cook Inlet Division, AK*",2020,0.0
02912,"Kenai-Cook Inlet Division, AK*",2021,0.0
02912,"Kenai-Cook Inlet Division, AK*",2022,0.0
02912,"Kenai-Cook Inlet Division, AK*",2023,0.0
02912,"Kenai-Cook Inlet Division, AK*",2024,0.0
02916,"Kuskokwim Division, AK*",2019,0.0
02916,"Kuskokwim Division, AK*",2020,0.0
02916,"Kuskokwim Division, AK*",2021,0.0
02916,"Kuskokwim Division, AK*",2022,0.0
02916,"Kuskokwim Division, AK*",2023,0.0
02916,"Kuskokwim Division, AK*",2024,0.0
02919,"Outer Ketchikan Division, AK*",2019,0.0
02919,"Outer Ketchikan Division, AK*",2020,0.0
02919,"Outer Ketchikan Division, AK*",2021,0.0
02919,"Outer Ketchikan Division, AK*",2022,0.0
02919,"Outer Ketchikan Division, AK*",2023,0.0
02919,"Outer Ketchikan Division, AK*",2024,0.0
02920,"Prince of Wales Division, AK*",2019,0.0
02920,"Prince of Wales Division, AK*",2020,0.0
02920,"Prince of Wales Division, AK*",2021,0.0
02920,"Prince of Wales Division, AK*",2022,0.0
02920,"Prince of Wales Division, AK*",2023,0.0
02920,"Prince of Wales Division, AK*",2024,0.0
02921,"Seward Division, AK*",2019,0.0
02921,"Seward Division, AK*",2020,0.0
02921,"Seward Division, AK*",2021,0.0
02921,"Seward Division, AK*",2022,0.0
02921,"Seward Division, AK*",2023,0.0
02921,"Seward Division, AK*",2024,0.0
02922,"Sitka Division, AK*",2019,0.0
02922,"Sitka Division, AK*",2020,0.0
02922,"Sitka Division, AK*",2021,0.0
02922,"Sitka Division, AK*",2022,0.0
02922,"Sitka Division, AK*",2023,0.0
02922,"Sitka Division, AK*",2024,0.0
02923,"Skagway-Yakutat Division, AK*",2019,0.0
02923,"Skagway-Yakutat Division, AK*",2020,0.0
02923,"Skagway-Yakutat Division, AK*",2021,0.0
02923,"Skagway-Yakutat Division, AK*",2022,0.0
02923,"Skagway-Yakutat Division, AK*",2023,0.0
02923,"Skagway-Yakutat Division, AK*",2024,0.0
02924,"Southeast Fairbanks Division, AK*",2019,0.0
02924,"Southeast Fairbanks Division, AK*",2020,0.0
02924,"Southeast Fairbanks Division, AK*",2021,0.0
02924,"Southeast Fairbanks Division, AK*",2022,0.0
02924,"Southeast Fairbanks Division, AK*",2023,0.0
02924,"Southeast Fairbanks Division, AK*",2024,0.0
02925,"Upper Yukon Division, AK*",2019,0.0
02925,"Upper Yukon Division, AK*",2020,0.0
02925,"Upper Yukon Division, AK*",2021,0.0
02925,"Upper Yukon Division, AK*",2022,0.0
02925,"Upper Yukon Division, AK*",2023,0.0
02925,"Upper Yukon Division, AK*",2024,0.0
02926,"Valdez-Chitina-Whittier Division, AK*",2019,0.0
02926,"Valdez-Chitina-Whittier Division, AK*",2020,0.0
02926,"Valdez-Chitina-Whittier Division, AK*",2021,0.0
02926,"Valdez-Chitina-Whittier Division, AK*",2022,0.0
02926,"Valdez-Chitina-Whittier Division, AK*",2023,0.0
02926,"Valdez-Chitina-Whittier Division, AK*",2024,0.0
02928,"Wrangell-Petersburg Division, AK*",2019,0.0
02928,"Wrangell-Petersburg Division, AK*",2020,0.0
02928,"Wrangell-Petersburg Division, AK*",2021,0.0
02928,"Wrangell-Petersburg Division, AK*",2022,0.0
02928,"Wrangell-Petersburg Division, AK*",2023,0.0
02928,"Wrangell-Petersburg Division, AK*",2024,0.0
02929,"Yukon-Koyukuk Division, AK*",2019,0.0
02929,"Yukon-Koyukuk Division, AK*",2020,0.0
02929,"Yukon-Koyukuk Division, AK*",2021,0.0
02929,"Yukon-Koyukuk Division, AK*",2022,0.0
02929,"Yukon-Koyukuk Division, AK*",2023,0.0
02929,"Yukon-Koyukuk Division, AK*",2024,0.0
04001,"Apache, AZ",2019,2447364.0
04001,"Apache, AZ",2020,2779995.0
04001,"Apache, AZ",2021,3016110.0
04001,"Apache, AZ",2022,3024735.0
04001,"Apache, AZ",2023,3122136.0
04001,"Apache, AZ",2024,3164216.0
04003,"Cochise, AZ",2019,5174896.0
04003,"Cochise, AZ",2020,5884357.0
04003,"Cochise, AZ",2021,6289262.0
04003,"Cochise, AZ",2022,6342945.0
04003,"Cochise, AZ",2023,6674916.0
04003,"Cochise, AZ",2024,6955647.0
04005,"Coconino, AZ",2019,7149227.0
04005,"Coconino, AZ",2020,7679391.0
04005,"Coconino, AZ",2021,8340833.0
04005,"Coconino, AZ",2022,8447336.0
04005,"Coconino, AZ",2023,8947580.0
04005,"Coconino, AZ",2024,9260436.0
04007,"Gila, AZ",2019,2156143.0
04007,"Gila, AZ",2020,2401242.0
04007,"Gila, AZ",2021,2662859.0
04007,"Gila, AZ",2022,2709336.0
04007,"Gila, AZ",2023,2895217.0
04007,"Gila, AZ",2024,3087433.0
04009,"Graham, AZ",2019,1228003.0
04009,"Graham, AZ",2020,1388998.0
04009,"Graham, AZ",2021,1525564.0
04009,"Graham, AZ",2022,1599607.0
04009,"Graham, AZ",2023,1697455.0
04009,"Graham, AZ",2024,1777262.0
04011,"Greenlee, AZ",2019,391034.0
04011,"Greenlee, AZ",2020,411711.0
04011,"Greenlee, AZ",2021,454367.0
04011,"Greenlee, AZ",2022,491997.0
04011,"Greenlee, AZ",2023,522754.0
04011,"Greenlee, AZ",2024,551184.0
04012,"La Paz, AZ*",2019,715361.0
04012,"La Paz, AZ*",2020,770816.0
04012,"La Paz, AZ*",2021,872560.0
04012,"La Paz, AZ*",2022,944253.0
04012,"La Paz, AZ*",2023,958214.0
04012,"La Paz, AZ*",2024,976199.0
04013,"Maricopa, AZ",2019,225188159.0
04013,"Maricopa, AZ",2020,249056599.0
04013,"Maricopa, AZ",2021,278260901.0
04013,"Maricopa, AZ",2022,293477159.0
04013,"Maricopa, AZ",2023,317707305.0
04013,"Maricopa, AZ",2024,337283056.0
04015,"Mohave, AZ",2019,7481313.0
04015,"Mohave, AZ",2020,8366168.0
04015,"Mohave, AZ",2021,9357599.0
04015,"Mohave, AZ",2022,9642517.0
04015,"Mohave, AZ",2023,10318586.0
04015,"Mohave, AZ",2024,11003813.0
04017,"Navajo, AZ",2019,3555703.0
04017,"Navajo, AZ",2020,4123179.0
04017,"Navajo, AZ",2021,4571349.0
04017,"Navajo, AZ",2022,4668734.0
04017,"Navajo, AZ",2023,4919439.0
04017,"Navajo, AZ",2024,5100954.0
04019,"Pima, AZ",2019,47062150.0
04019,"Pima, AZ",2020,51873262.0
04019,"Pima, AZ",2021,56482183.0
04019,"Pima, AZ",2022,58057647.0
04019,"Pima, AZ",2023,62549592.0
04019,"Pima, AZ",2024,65267583.0
04021,"Pinal, AZ",2019,15468986.0
04021,"Pinal, AZ",2020,17676655.0
04021,"Pinal, AZ",2021,20166671.0
04021,"Pinal, AZ",2022,21834710.0
04021,"Pinal, AZ",2023,23880965.0
04021,"Pinal, AZ",2024,26089146.0
04023,"Santa Cruz, AZ",2019,1810501.0
04023,"Santa Cruz, AZ",2020,2060551.0
04023,"Santa Cruz, AZ",2021,2303317.0
04023,"Santa Cruz, AZ",2022,2273078.0
04023,"Santa Cruz, AZ",2023,2476677.0
04023,"Santa Cruz, AZ",2024,2567853.0
04025,"Yavapai, AZ",2019,9965235.0
04025,"Yavapai, AZ",2020,11135038.0
04025,"Yavapai, AZ",2021,12342266.0
04025,"Yavapai, AZ",2022,12811573.0
04025,"Yavapai, AZ",2023,14315330.0
04025,"Yavapai, AZ",2024,15336046.0
04027,"Yuma, AZ*",2019,7463127.0
04027,"Yuma, AZ*",2020,8674409.0
04027,"Yuma, AZ*",2021,9247297.0
04027,"Yuma, AZ*",2022,9393110.0
04027,"Yuma, AZ*",2023,10054018.0
04027,"Yuma, AZ*",2024,10482770.0
05001,"Arkansas, AR",2019,818316.0
05001,"Arkansas, AR",2020,887858.0
05001,"Arkansas, AR",2021,996282.0
05001,"Arkansas, AR",2022,961583.0
05001,"Arkansas, AR",2023,1051357.0
05001,"Arkansas, AR",2024,995074.0
05003,"Ashley, AR",2019,741753.0
05003,"Ashley, AR",2020,756861.0
05003,"Ashley, AR",2021,809082.0
05003,"Ashley, AR",2022,797573.0
05003,"Ashley, AR",2023,822398.0
05003,"Ashley, AR",2024,862750.0
05005,"Baxter, AR",2019,1592459.0
05005,"Baxter, AR",2020,1719527.0
05005,"Baxter, AR",2021,1878212.0
05005,"Baxter, AR",2022,1872689.0
05005,"Baxter, AR",2023,1979179.0
05005,"Baxter, AR",2024,2076035.0
05007,"Benton, AR",2019,23022905.0
05007,"Benton, AR",2020,23820924.0
05007,"Benton, AR",2021,31057581.0
05007,"Benton, AR",2022,32947980.0
05007,"Benton, AR",2023,36296846.0
05007,"Benton, AR",2024,38778980.0
05009,"Boone, AR",2019,1359423.0
05009,"Boone, AR",2020,1446711.0
05009,"Boone, AR",2021,1632702.0
05009,"Boone, AR",2022,1639529.0
05009,"Boone, AR",2023,1693121.0
05009,"Boone, AR",2024,1809125.0
05011,"Bradley, AR",2019,428655.0
05011,"Bradley, AR",2020,453539.0
05011,"Bradley, AR",2021,492982.0
05011,"Bradley, AR",2022,487391.0
05011,"Bradley, AR",2023,495580.0
05011,"Bradley, AR",2024,513518.0
05013,"Calhoun, AR",2019,186512.0
05013,"Calhoun, AR",2020,201952.0
05013,"Calhoun, AR",2021,221319.0
05013,"Calhoun, AR",2022,217124.0
05013,"Calhoun, AR",2023,225442.0
05013,"Calhoun, AR",2024,244042.0
05015,"Carroll, AR",2019,918529.0
05015,"Carroll, AR",2020,987476.0
05015,"Carroll, AR",2021,1177923.0
05015,"Carroll, AR",2022,1199742.0
05015,"Carroll, AR",2023,1174481.0
05015,"Carroll, AR",2024,1310814.0
05017,"Chicot, AR",2019,396779.0
05017,"Chicot, AR",2020,450150.0
05017,"Chicot, AR",2021,487790.0
05017,"Chicot, AR",2022,461328.0
05017,"Chicot, AR",2023,476790.0
05017,"Chicot, AR",2024,477336.0
05019,"Clark, AR",2019,831910.0
05019,"Clark, AR",2020,891593.0
05019,"Clark, AR",2021,926333.0
05019,"Clark, AR",2022,897177.0
05019,"Clark, AR",2023,932821.0
05019,"Clark, AR",2024,978698.0
05021,"Clay, AR",2019,509682.0
05021,"Clay, AR",2020,571341.0
05021,"Clay, AR",2021,636617.0
05021,"Clay, AR",2022,629985.0
05021,"Clay, AR",2023,662365.0
05021,"Clay, AR",2024,665976.0
05023,"Cleburne, AR",2019,976010.0
05023,"Cleburne, AR",2020,1087741.0
05023,"Cleburne, AR",2021,1205999.0
05023,"Cleburne, AR",2022,1211354.0
05023,"Cleburne, AR",2023,1264743.0
05023,"Cleburne, AR",2024,1344072.0
05025,"Cleveland, AR",2019,313023.0
05025,"Cleveland, AR",2020,318944.0
05025,"Cleveland, AR",2021,373034.0
05025,"Cleveland, AR",2022,393383.0
05025,"Cleveland, AR",2023,384227.0
05025,"Cleveland, AR",2024,418399.0
05027,"Columbia, AR",2019,874067.0
05027,"Columbia, AR",2020,940198.0
05027,"Columbia, AR",2021,1006352.0
05027,"Columbia, AR",2022,1004429.0
05027,"Columbia, AR",2023,1065261.0
05027,"Columbia, AR",2024,1095506.0
05029,"Conway, AR",2019,800328.0
05029,"Conway, AR",2020,867728.0
05029,"Conway, AR",2021,977859.0
05029,"Conway, AR",2022,1029504.0
05029,"Conway, AR",2023,1034014.0
05029,"Conway, AR",2024,1098553.0
05031,"Craighead, AR",2019,4245909.0
05031,"Craighead, AR",2020,4721458.0
05031,"Craighead, AR",2021,5277454.0
05031,"Craighead, AR",2022,5296735.0
05031,"Craighead, AR",2023,5563172.0
05031,"Craighead, AR",2024,5875983.0
05033,"Crawford, AR",2019,2129892.0
05033,"Crawford, AR",2020,2295161.0
05033,"Crawford, AR",2021,2526686.0
05033,"Crawford, AR",2022,2561313.0
05033,"Crawford, AR",2023,2683891.0
05033,"Crawford, AR",2024,2817645.0
05035,"Crittenden, AR",2019,1834241.0
05035,"Crittenden, AR",2020,2012272.0
05035,"Crittenden, AR",2021,2162420.0
05035,"Crittenden, AR",2022,2135761.0
05035,"Crittenden, AR",2023,2186031.0
05035,"Crittenden, AR",2024,2214550.0
05037,"Cross, AR",2019,606835.0
05037,"Cross, AR",2020,676251.0
05037,"Cross, AR",2021,724623.0
05037,"Cross, AR",2022,708306.0
05037,"Cross, AR",2023,743306.0
05037,"Cross, AR",2024,745056.0
05039,"Dallas, AR",2019,260579.0
05039,"Dallas, AR",2020,281629.0
05039,"Dallas, AR",2021,296182.0
05039,"Dallas, AR",2022,292060.0
05039,"Dallas, AR",2023,303606.0
05039,"Dallas, AR",2024,314885.0
05041,"Desha, AR",2019,442680.0
05041,"Desha, AR",2020,505318.0
05041,"Desha, AR",2021,552043.0
05041,"Desha, AR",2022,525373.0
05041,"Desha, AR",2023,544226.0
05041,"Desha, AR",2024,541747.0
05043,"Drew, AR",2019,672695.0
05043,"Drew, AR",2020,742152.0
05043,"Drew, AR",2021,793343.0
05043,"Drew, AR",2022,789202.0
05043,"Drew, AR",2023,815961.0
05043,"Drew, AR",2024,844905.0
05045,"Faulkner, AR",2019,4958741.0
05045,"Faulkner, AR",2020,5499159.0
05045,"Faulkner, AR",2021,6021903.0
05045,"Faulkner, AR",2022,6125000.0
05045,"Faulkner, AR",2023,6544896.0
05045,"Faulkner, AR",2024,6916989.0
05047,"Franklin, AR",2019,577621.0
05047,"Franklin, AR",2020,613437.0
05047,"Franklin, AR",2021,708334.0
05047,"Franklin, AR",2022,742348.0
05047,"Franklin, AR",2023,748268.0
05047,"Franklin, AR",2024,829308.0
05049,"Fulton, AR",2019,352220.0
05049,"Fulton, AR",2020,393575.0
05049,"Fulton, AR",2021,429304.0
05049,"Fulton, AR",2022,430103.0
05049,"Fulton, AR",2023,442646.0
05049,"Fulton, AR",2024,462968.0
05051,"Garland, AR",2019,4130439.0
05051,"Garland, AR",2020,4520357.0
05051,"Garland, AR",2021,4868830.0
05051,"Garland, AR",2022,4846464.0
05051,"Garland, AR",2023,5101371.0
05051,"Garland, AR",2024,5358261.0
05053,"Grant, AR",2019,720827.0
05053,"Grant, AR",2020,775238.0
05053,"Grant, AR",2021,842580.0
05053,"Grant, AR",2022,862262.0
05053,"Grant, AR",2023,917555.0
05053,"Grant, AR",2024,974600.0
05055,"Greene, AR",2019,1623576.0
05055,"Greene, AR",2020,1802091.0
05055,"Greene, AR",2021,1952096.0
05055,"Greene, AR",2022,1931934.0
05055,"Greene, AR",2023,2040670.0
05055,"Greene, AR",2024,2096299.0
05057,"Hempstead, AR",2019,681806.0
05057,"Hempstead, AR",2020,711037.0
05057,"Hempstead, AR",2021,811137.0
05057,"Hempstead, AR",2022,857729.0
05057,"Hempstead, AR",2023,823051.0
05057,"Hempstead, AR",2024,890624.0
05059,"Hot Spring, AR",2019,1067417.0
05059,"Hot Spring, AR",2020,1158754.0
05059,"Hot Spring, AR",2021,1251865.0
05059,"Hot Spring, AR",2022,1265316.0
05059,"Hot Spring, AR",2023,1314466.0
05059,"Hot Spring, AR",2024,1375601.0
05061,"Howard, AR",2019,449891.0
05061,"Howard, AR",2020,457725.0
05061,"Howard, AR",2021,561326.0
05061,"Howard, AR",2022,621912.0
05061,"Howard, AR",2023,579252.0
05061,"Howard, AR",2024,647758.0
05063,"Independence, AR",2019,1363737.0
05063,"Independence, AR",2020,1466133.0
05063,"Independence, AR",2021,1644640.0
05063,"Independence, AR",2022,1729134.0
05063,"Independence, AR",2023,1807409.0
05063,"Independence, AR",2024,1884934.0
05065,"Izard, AR",2019,417054.0
05065,"Izard, AR",2020,447574.0
05065,"Izard, AR",2021,484900.0
05065,"Izard, AR",2022,497880.0
05065,"Izard, AR",2023,529501.0
05065,"Izard, AR",2024,562108.0
05067,"Jackson, AR",2019,634894.0
05067,"Jackson, AR",2020,706017.0
05067,"Jackson, AR",2021,750045.0
05067,"Jackson, AR",2022,769151.0
05067,"Jackson, AR",2023,858587.0
05067,"Jackson, AR",2024,841307.0
05069,"Jefferson, AR",2019,2408513.0
05069,"Jefferson, AR",2020,2565657.0
05069,"Jefferson, AR",2021,2721654.0
05069,"Jefferson, AR",2022,2670352.0
05069,"Jefferson, AR",2023,2759884.0
05069,"Jefferson, AR",2024,2816312.0
05071,"Johnson, AR",2019,762727.0
05071,"Johnson, AR",2020,818938.0
05071,"Johnson, AR",2021,918989.0
05071,"Johnson, AR",2022,931461.0
05071,"Johnson, AR",2023,923217.0
05071,"Johnson, AR",2024,975526.0
05073,"Lafayette, AR",2019,236423.0
05073,"Lafayette, AR",2020,255215.0
05073,"Lafayette, AR",2021,295226.0
05073,"Lafayette, AR",2022,308860.0
05073,"Lafayette, AR",2023,306974.0
05073,"Lafayette, AR",2024,332232.0
05075,"Lawrence, AR",2019,554528.0
05075,"Lawrence, AR",2020,631886.0
05075,"Lawrence, AR",2021,666028.0
05075,"Lawrence, AR",2022,692133.0
05075,"Lawrence, AR",2023,715437.0
05075,"Lawrence, AR",2024,708520.0
05077,"Lee, AR",2019,266564.0
05077,"Lee, AR",2020,281996.0
05077,"Lee, AR",2021,332618.0
05077,"Lee, AR",2022,313294.0
05077,"Lee, AR",2023,316985.0
05077,"Lee, AR",2024,327835.0
05079,"Lincoln, AR",2019,353884.0
05079,"Lincoln, AR",2020,378467.0
05079,"Lincoln, AR",2021,434485.0
05079,"Lincoln, AR",2022,436303.0
05079,"Lincoln, AR",2023,434711.0
05079,"Lincoln, AR",2024,463655.0
05081,"Little River, AR",2019,419499.0
05081,"Little River, AR",2020,449438.0
05081,"Little River, AR",2021,491392.0
05081,"Little River, AR",2022,497285.0
05081,"Little River, AR",2023,514981.0
05081,"Little River, AR",2024,546890.0
05083,"Logan, AR",2019,704013.0
05083,"Logan, AR",2020,749674.0
05083,"Logan, AR",2021,838748.0
05083,"Logan, AR",2022,875707.0
05083,"Logan, AR",2023,881667.0
05083,"Logan, AR",2024,954900.0
05085,"Lonoke, AR",2019,2996789.0
05085,"Lonoke, AR",2020,3324950.0
05085,"Lonoke, AR",2021,3700650.0
05085,"Lonoke, AR",2022,3669930.0
05085,"Lonoke, AR",2023,3927700.0
05085,"Lonoke, AR",2024,4105608.0
05087,"Madison, AR",2019,559893.0
05087,"Madison, AR",2020,581922.0
05087,"Madison, AR",2021,737615.0
05087,"Madison, AR",2022,792984.0
05087,"Madison, AR",2023,762343.0
05087,"Madison, AR",2024,877464.0
05089,"Marion, AR",2019,523228.0
05089,"Marion, AR",2020,570121.0
05089,"Marion, AR",2021,641969.0
05089,"Marion, AR",2022,640783.0
05089,"Marion, AR",2023,673747.0
05089,"Marion, AR",2024,713496.0
05091,"Miller, AR",2019,1490439.0
05091,"Miller, AR",2020,1612933.0
05091,"Miller, AR",2021,1745234.0
05091,"Miller, AR",2022,1714951.0
05091,"Miller, AR",2023,1798064.0
05091,"Miller, AR",2024,1887278.0
05093,"Mississippi, AR",2019,1448621.0
05093,"Mississippi, AR",2020,1539381.0
05093,"Mississippi, AR",2021,1804439.0
05093,"Mississippi, AR",2022,1726147.0
05093,"Mississippi, AR",2023,1844713.0
05093,"Mississippi, AR",2024,2014195.0
05095,"Monroe, AR",2019,234194.0
05095,"Monroe, AR",2020,266492.0
05095,"Monroe, AR",2021,286437.0
05095,"Monroe, AR",2022,276844.0
05095,"Monroe, AR",2023,301959.0
05095,"Monroe, AR",2024,290004.0
05097,"Montgomery, AR",2019,271843.0
05097,"Montgomery, AR",2020,293670.0
05097,"Montgomery, AR",2021,331460.0
05097,"Montgomery, AR",2022,331400.0
05097,"Montgomery, AR",2023,347912.0
05097,"Montgomery, AR",2024,366335.0
05099,"Nevada, AR",2019,279439.0
05099,"Nevada, AR",2020,292853.0
05099,"Nevada, AR",2021,324368.0
05099,"Nevada, AR",2022,333946.0
05099,"Nevada, AR",2023,326000.0
05099,"Nevada, AR",2024,344449.0
05101,"Newton, AR",2019,239105.0
05101,"Newton, AR",2020,254255.0
05101,"Newton, AR",2021,283748.0
05101,"Newton, AR",2022,271160.0
05101,"Newton, AR",2023,280897.0
05101,"Newton, AR",2024,294043.0
05103,"Ouachita, AR",2019,902373.0
05103,"Ouachita, AR",2020,981525.0
05103,"Ouachita, AR",2021,1056857.0
05103,"Ouachita, AR",2022,1061877.0
05103,"Ouachita, AR",2023,1104701.0
05103,"Ouachita, AR",2024,1150879.0
05105,"Perry, AR",2019,377075.0
05105,"Perry, AR",2020,403698.0
05105,"Perry, AR",2021,443476.0
05105,"Perry, AR",2022,467283.0
05105,"Perry, AR",2023,483416.0
05105,"Perry, AR",2024,521257.0
05107,"Phillips, AR",2019,600972.0
05107,"Phillips, AR",2020,661069.0
05107,"Phillips, AR",2021,733862.0
05107,"Phillips, AR",2022,691051.0
05107,"Phillips, AR",2023,698999.0
05107,"Phillips, AR",2024,676929.0
05109,"Pike, AR",2019,341714.0
05109,"Pike, AR",2020,360114.0
05109,"Pike, AR",2021,415215.0
05109,"Pike, AR",2022,430050.0
05109,"Pike, AR",2023,427182.0
05109,"Pike, AR",2024,464698.0
05111,"Poinsett, AR",2019,803848.0
05111,"Poinsett, AR",2020,886177.0
05111,"Poinsett, AR",2021,980453.0
05111,"Poinsett, AR",2022,993349.0
05111,"Poinsett, AR",2023,1051340.0
05111,"Poinsett, AR",2024,1059756.0
05113,"Polk, AR",2019,607767.0
05113,"Polk, AR",2020,649701.0
05113,"Polk, AR",2021,741208.0
05113,"Polk, AR",2022,780887.0
05113,"Polk, AR",2023,780400.0
05113,"Polk, AR",2024,855862.0
05115,"Pope, AR",2019,2278642.0
05115,"Pope, AR",2020,2399072.0
05115,"Pope, AR",2021,2663622.0
05115,"Pope, AR",2022,2684444.0
05115,"Pope, AR",2023,2798154.0
05115,"Pope, AR",2024,2953522.0
05117,"Prairie, AR",2019,286994.0
05117,"Prairie, AR",2020,336929.0
05117,"Prairie, AR",2021,362953.0
05117,"Prairie, AR",2022,359158.0
05117,"Prairie, AR",2023,396412.0
05117,"Prairie, AR",2024,380620.0
05119,"Pulaski, AR",2019,20436823.0
05119,"Pulaski, AR",2020,22301494.0
05119,"Pulaski, AR",2021,24402806.0
05119,"Pulaski, AR",2022,24179867.0
05119,"Pulaski, AR",2023,25961494.0
05119,"Pulaski, AR",2024,27177861.0
05121,"Randolph, AR",2019,618323.0
05121,"Randolph, AR",2020,687804.0
05121,"Randolph, AR",2021,765666.0
05121,"Randolph, AR",2022,768367.0
05121,"Randolph, AR",2023,778169.0
05121,"Randolph, AR",2024,824670.0
05123,"St. Francis, AR",2019,711097.0
05123,"St. Francis, AR",2020,768466.0
05123,"St. Francis, AR",2021,837444.0
05123,"St. Francis, AR",2022,810202.0
05123,"St. Francis, AR",2023,825106.0
05123,"St. Francis, AR",2024,834893.0
05125,"Saline, AR",2019,5307282.0
05125,"Saline, AR",2020,5841647.0
05125,"Saline, AR",2021,6480149.0
05125,"Saline, AR",2022,6534237.0
05125,"Saline, AR",2023,6990268.0
05125,"Saline, AR",2024,7361403.0
05127,"Scott, AR",2019,312977.0
05127,"Scott, AR",2020,332206.0
05127,"Scott, AR",2021,390538.0
05127,"Scott, AR",2022,404058.0
05127,"Scott, AR",2023,397137.0
05127,"Scott, AR",2024,437664.0
05129,"Searcy, AR",2019,223482.0
05129,"Searcy, AR",2020,248671.0
05129,"Searcy, AR",2021,280398.0
05129,"Searcy, AR",2022,263942.0
05129,"Searcy, AR",2023,277641.0
05129,"Searcy, AR",2024,290407.0
05131,"Sebastian, AR",2019,5465186.0
05131,"Sebastian, AR",2020,5773469.0
05131,"Sebastian, AR",2021,6239912.0
05131,"Sebastian, AR",2022,6139943.0
05131,"Sebastian, AR",2023,6374991.0
05131,"Sebastian, AR",2024,6704491.0
05133,"Sevier, AR",2019,533594.0
05133,"Sevier, AR",2020,559616.0
05133,"Sevier, AR",2021,664354.0
05133,"Sevier, AR",2022,714930.0
05133,"Sevier, AR",2023,682125.0
05133,"Sevier, AR",2024,755524.0
05135,"Sharp, AR",2019,599222.0
05135,"Sharp, AR",2020,641849.0
05135,"Sharp, AR",2021,737604.0
05135,"Sharp, AR",2022,781018.0
05135,"Sharp, AR",2023,780716.0
05135,"Sharp, AR",2024,840244.0
05137,"Stone, AR",2019,385778.0
05137,"Stone, AR",2020,421829.0
05137,"Stone, AR",2021,480307.0
05137,"Stone, AR",2022,465368.0
05137,"Stone, AR",2023,481624.0
05137,"Stone, AR",2024,509590.0
05139,"Union, AR",2019,1764962.0
05139,"Union, AR",2020,1965571.0
05139,"Union, AR",2021,2004827.0
05139,"Union, AR",2022,1983999.0
05139,"Union, AR",2023,2080237.0
05139,"Union, AR",2024,2139674.0
05141,"Van Buren, AR",2019,518948.0
05141,"Van Buren, AR",2020,567746.0
05141,"Van Buren, AR",2021,622660.0
05141,"Van Buren, AR",2022,629565.0
05141,"Van Buren, AR",2023,658127.0
05141,"Van Buren, AR",2024,690615.0
05143,"Washington, AR",2019,9821318.0
05143,"Washington, AR",2020,11082918.0
05143,"Washington, AR",2021,12533342.0
05143,"Washington, AR",2022,12689180.0
05143,"Washington, AR",2023,13465487.0
05143,"Washington, AR",2024,14574093.0
05145,"White, AR",2019,2847929.0
05145,"White, AR",2020,3123734.0
05145,"White, AR",2021,3389889.0
05145,"White, AR",2022,3409791.0
05145,"White, AR",2023,3606315.0
05145,"White, AR",2024,3811471.0
05147,"Woodruff, AR",2019,243118.0
05147,"Woodruff, AR",2020,284797.0
05147,"Woodruff, AR",2021,310826.0
05147,"Woodruff, AR",2022,309983.0
05147,"Woodruff, AR",2023,348897.0
05147,"Woodruff, AR",2024,327877.0
05149,"Yell, AR",2019,714220.0
05149,"Yell, AR",2020,736336.0
05149,"Yell, AR",2021,860742.0
05149,"Yell, AR",2022,913787.0
05149,"Yell, AR",2023,895693.0
05149,"Yell, AR",2024,974661.0
06001,"Alameda, CA",2019,134683858.0
06001,"Alameda, CA",2020,148199107.0
06001,"Alameda, CA",2021,162177784.0
06001,"Alameda, CA",2022,163748943.0
06001,"Alameda, CA",2023,171119975.0
06001,"Alameda, CA",2024,183486862.0
06003,"Alpine, CA",2019,93899.0
06003,"Alpine, CA",2020,89328.0
06003,"Alpine, CA",2021,89807.0
06003,"Alpine, CA",2022,81025.0
06003,"Alpine, CA",2023,88360.0
06003,"Alpine, CA",2024,96872.0
06005,"Amador, CA",2019,1759900.0
06005,"Amador, CA",2020,1920057.0
06005,"Amador, CA",2021,2063918.0
06005,"Amador, CA",2022,2000871.0
06005,"Amador, CA",2023,2116519.0
06005,"Amador, CA",2024,2256906.0
06007,"Butte, CA",2019,9925301.0
06007,"Butte, CA",2020,10793250.0
06007,"Butte, CA",2021,11566169.0
06007,"Butte, CA",2022,11255350.0
06007,"Butte, CA",2023,11828606.0
06007,"Butte, CA",2024,12748115.0
06009,"Calaveras, CA",2019,2265563.0
06009,"Calaveras, CA",2020,2454936.0
06009,"Calaveras, CA",2021,2624840.0
06009,"Calaveras, CA",2022,2611368.0
06009,"Calaveras, CA",2023,2749333.0
06009,"Calaveras, CA",2024,2978686.0
06011,"Colusa, CA",2019,971525.0
06011,"Colusa, CA",2020,1232273.0
06011,"Colusa, CA",2021,1306611.0
06011,"Colusa, CA",2022,1264194.0
06011,"Colusa, CA",2023,1354203.0
06011,"Colusa, CA",2024,1360993.0
06013,"Contra Costa, CA",2019,93567981.0
06013,"Contra Costa, CA",2020,102439116.0
06013,"Contra Costa, CA",2021,110305857.0
06013,"Contra Costa, CA",2022,112103932.0
06013,"Contra Costa, CA",2023,118755806.0
06013,"Contra Costa, CA",2024,126945239.0
06015,"Del Norte, CA",2019,1011444.0
06015,"Del Norte, CA",2020,1145076.0
06015,"Del Norte, CA",2021,1232056.0
06015,"Del Norte, CA",2022,1202924.0
06015,"Del Norte, CA",2023,1246696.0
06015,"Del Norte, CA",2024,1354335.0
06017,"El Dorado, CA",2019,13204691.0
06017,"El Dorado, CA",2020,14155885.0
06017,"El Dorado, CA",2021,15400735.0
06017,"El Dorado, CA",2022,15443750.0
06017,"El Dorado, CA",2023,16328505.0
06017,"El Dorado, CA",2024,17268166.0
06019,"Fresno, CA",2019,42845932.0
06019,"Fresno, CA",2020,48784407.0
06019,"Fresno, CA",2021,52726887.0
06019,"Fresno, CA",2022,51990282.0
06019,"Fresno, CA",2023,54448091.0
06019,"Fresno, CA",2024,58972823.0
06021,"Glenn, CA",2019,1249518.0
06021,"Glenn, CA",2020,1435156.0
06021,"Glenn, CA",2021,1505763.0
06021,"Glenn, CA",2022,1477598.0
06021,"Glenn, CA",2023,1552265.0
06021,"Glenn, CA",2024,1650270.0
06023,"Humboldt, CA",2019,6266157.0
06023,"Humboldt, CA",2020,6835069.0
06023,"Humboldt, CA",2021,7297188.0
06023,"Humboldt, CA",2022,7272378.0
06023,"Humboldt, CA",2023,7526646.0
06023,"Humboldt, CA",2024,8211600.0
06025,"Imperial, CA",2019,6768896.0
06025,"Imperial, CA",2020,8348474.0
06025,"Imperial, CA",2021,8705994.0
06025,"Imperial, CA",2022,8345166.0
06025,"Imperial, CA",2023,8712870.0
06025,"Imperial, CA",2024,9470869.0
06027,"Inyo, CA",2019,1089054.0
06027,"Inyo, CA",2020,1135777.0
06027,"Inyo, CA",2021,1158004.0
06027,"Inyo, CA",2022,1124081.0
06027,"Inyo, CA",2023,1257334.0
06027,"Inyo, CA",2024,1345078.0
06029,"Kern, CA",2019,35612628.0
06029,"Kern, CA",2020,40423694.0
06029,"Kern, CA",2021,42880516.0
06029,"Kern, CA",2022,41543441.0
06029,"Kern, CA",2023,43497072.0
06029,"Kern, CA",2024,46717492.0
06031,"Kings, CA",2019,5554037.0
06031,"Kings, CA",2020,6340628.0
06031,"Kings, CA",2021,6709291.0
06031,"Kings, CA",2022,6613040.0
06031,"Kings, CA",2023,6796223.0
06031,"Kings, CA",2024,7392211.0
06033,"Lake, CA",2019,2726268.0
06033,"Lake, CA",2020,2998383.0
06033,"Lake, CA",2021,3224235.0
06033,"Lake, CA",2022,3123439.0
06033,"Lake, CA",2023,3282773.0
06033,"Lake, CA",2024,3564760.0
06035,"Lassen, CA",2019,1084294.0
06035,"Lassen, CA",2020,1228249.0
06035,"Lassen, CA",2021,1301988.0
06035,"Lassen, CA",2022,1248927.0
06035,"Lassen, CA",2023,1261957.0
06035,"Lassen, CA",2024,1383512.0
06037,"Los Angeles, CA",2019,629245755.0
06037,"Los Angeles, CA",2020,678659849.0
06037,"Los Angeles, CA",2021,721712800.0
06037,"Los Angeles, CA",2022,728349845.0
06037,"Los Angeles, CA",2023,766331882.0
06037,"Los Angeles, CA",2024,818509319.0
06039,"Madera, CA",2019,6074666.0
06039,"Madera, CA",2020,6896835.0
06039,"Madera, CA",2021,7624891.0
06039,"Madera, CA",2022,7371293.0
06039,"Madera, CA",2023,7691441.0
06039,"Madera, CA",2024,8474319.0
06041,"Marin, CA",2019,35941360.0
06041,"Marin, CA",2020,38007035.0
06041,"Marin, CA",2021,42948119.0
06041,"Marin, CA",2022,43330639.0
06041,"Marin, CA",2023,46196076.0
06041,"Marin, CA",2024,48944339.0
06043,"Mariposa, CA",2019,919521.0
06043,"Mariposa, CA",2020,980104.0
06043,"Mariposa, CA",2021,1036750.0
06043,"Mariposa, CA",2022,1047585.0
06043,"Mariposa, CA",2023,1118071.0
06043,"Mariposa, CA",2024,1207938.0
06045,"Mendocino, CA",2019,4314307.0
06045,"Mendocino, CA",2020,4782184.0
06045,"Mendocino, CA",2021,5158878.0
06045,"Mendocino, CA",2022,4996532.0
06045,"Mendocino, CA",2023,5172576.0
06045,"Mendocino, CA",2024,5567917.0
06047,"Merced, CA",2019,10728033.0
06047,"Merced, CA",2020,12456741.0
06047,"Merced, CA",2021,13654549.0
06047,"Merced, CA",2022,13543535.0
06047,"Merced, CA",2023,13776747.0
06047,"Merced, CA",2024,15278285.0
06049,"Modoc, CA",2019,407960.0
06049,"Modoc, CA",2020,470393.0
06049,"Modoc, CA",2021,483931.0
06049,"Modoc, CA",2022,511854.0
06049,"Modoc, CA",2023,519789.0
06049,"Modoc, CA",2024,580383.0
06051,"Mono, CA",2019,727151.0
06051,"Mono, CA",2020,800644.0
06051,"Mono, CA",2021,842765.0
06051,"Mono, CA",2022,867358.0
06051,"Mono, CA",2023,916969.0
06051,"Mono, CA",2024,974797.0
06053,"Monterey, CA",2019,24504951.0
06053,"Monterey, CA",2020,26807865.0
06053,"Monterey, CA",2021,28527642.0
06053,"Monterey, CA",2022,28634611.0
06053,"Monterey, CA",2023,30339685.0
06053,"Monterey, CA",2024,32358723.0
06055,"Napa, CA",2019,10194797.0
06055,"Napa, CA",2020,11412522.0
06055,"Napa, CA",2021,11911814.0
06055,"Napa, CA",2022,11999926.0
06055,"Napa, CA",2023,12830374.0
06055,"Napa, CA",2024,13673170.0
06057,"Nevada, CA",2019,6165852.0
06057,"Nevada, CA",2020,6654991.0
06057,"Nevada, CA",2021,7309781.0
06057,"Nevada, CA",2022,7333900.0
06057,"Nevada, CA",2023,7781463.0
06057,"Nevada, CA",2024,8210982.0
06059,"Orange, CA",2019,221785219.0
06059,"Orange, CA",2020,239226060.0
06059,"Orange, CA",2021,258628044.0
06059,"Orange, CA",2022,267134967.0
06059,"Orange, CA",2023,282269399.0
06059,"Orange, CA",2024,298128817.0
06061,"Placer, CA",2019,27150590.0
06061,"Placer, CA",2020,29725079.0
06061,"Placer, CA",2021,32886037.0
06061,"Placer, CA",2022,33705721.0
06061,"Placer, CA",2023,35628496.0
06061,"Placer, CA",2024,38068254.0
06063,"Plumas, CA",2019,975771.0
06063,"Plumas, CA",2020,1076893.0
06063,"Plumas, CA",2021,1173329.0
06063,"Plumas, CA",2022,1173684.0
06063,"Plumas, CA",2023,1248118.0
06063,"Plumas, CA",2024,1347930.0
06065,"Riverside, CA",2019,103647288.0
06065,"Riverside, CA",2020,115415017.0
06065,"Riverside, CA",2021,126651219.0
06065,"Riverside, CA",2022,127575613.0
06065,"Riverside, CA",2023,133563233.0
06065,"Riverside, CA",2024,142697421.0
06067,"Sacramento, CA",2019,82829648.0
06067,"Sacramento, CA",2020,91355811.0
06067,"Sacramento, CA",2021,98181711.0
06067,"Sacramento, CA",2022,99000141.0
06067,"Sacramento, CA",2023,104260801.0
06067,"Sacramento, CA",2024,112291560.0
06069,"San Benito, CA",2019,3418981.0
06069,"San Benito, CA",2020,3913642.0
06069,"San Benito, CA",2021,4162157.0
06069,"San Benito, CA",2022,4226425.0
06069,"San Benito, CA",2023,4444976.0
06069,"San Benito, CA",2024,4838868.0
06071,"San Bernardino, CA",2019,89202022.0
06071,"San Bernardino, CA",2020,99003275.0
06071,"San Bernardino, CA",2021,109157423.0
06071,"San Bernardino, CA",2022,108075879.0
06071,"San Bernardino, CA",2023,111575931.0
06071,"San Bernardino, CA",2024,119551968.0
06073,"San Diego, CA",2019,204627597.0
06073,"San Diego, CA",2020,222761986.0
06073,"San Diego, CA",2021,240062927.0
06073,"San Diego, CA",2022,246463680.0
06073,"San Diego, CA",2023,262611416.0
06073,"San Diego, CA",2024,278127534.0
06075,"San Francisco, CA",2019,112277739.0
06075,"San Francisco, CA",2020,119725318.0
06075,"San Francisco, CA",2021,130747503.0
06075,"San Francisco, CA",2022,125186977.0
06075,"San Francisco, CA",2023,132976966.0
06075,"San Francisco, CA",2024,141918003.0
06077,"San Joaquin, CA",2019,34997298.0
06077,"San Joaquin, CA",2020,40306154.0
06077,"San Joaquin, CA",2021,44187154.0
06077,"San Joaquin, CA",2022,44932867.0
06077,"San Joaquin, CA",2023,46871534.0
06077,"San Joaquin, CA",2024,51428988.0
06079,"San Luis Obispo, CA",2019,16679450.0
06079,"San Luis Obispo, CA",2020,17812663.0
06079,"San Luis Obispo, CA",2021,19186225.0
06079,"San Luis Obispo, CA",2022,19494705.0
06079,"San Luis Obispo, CA",2023,20663641.0
06079,"San Luis Obispo, CA",2024,21860772.0
06081,"San Mateo, CA",2019,99156583.0
06081,"San Mateo, CA",2020,107790429.0
06081,"San Mateo, CA",2021,129020524.0
06081,"San Mateo, CA",2022,118742219.0
06081,"San Mateo, CA",2023,125587893.0
06081,"San Mateo, CA",2024,133465215.0
06083,"Santa Barbara, CA",2019,27972670.0
06083,"Santa Barbara, CA",2020,30969628.0
06083,"Santa Barbara, CA",2021,33613226.0
06083,"Santa Barbara, CA",2022,34927083.0
06083,"Santa Barbara, CA",2023,37046666.0
06083,"Santa Barbara, CA",2024,39270189.0
06085,"Santa Clara, CA",2019,218812289.0
06085,"Santa Clara, CA",2020,235337536.0
06085,"Santa Clara, CA",2021,272410237.0
06085,"Santa Clara, CA",2022,267278720.0
06085,"Santa Clara, CA",2023,283486355.0
06085,"Santa Clara, CA",2024,303627499.0
06087,"Santa Cruz, CA",2019,18960307.0
06087,"Santa Cruz, CA",2020,20914739.0
06087,"Santa Cruz, CA",2021,23107862.0
06087,"Santa Cruz, CA",2022,22022517.0
06087,"Santa Cruz, CA",2023,23102260.0
06087,"Santa Cruz, CA",2024,24556016.0
06089,"Shasta, CA",2019,8321824.0
06089,"Shasta, CA",2020,9329532.0
06089,"Shasta, CA",2021,9918584.0
06089,"Shasta, CA",2022,9872161.0
06089,"Shasta, CA",2023,10326269.0
06089,"Shasta, CA",2024,11187620.0
06091,"Sierra, CA",2019,135185.0
06091,"Sierra, CA",2020,146501.0
06091,"Sierra, CA",2021,156405.0
06091,"Sierra, CA",2022,164011.0
06091,"Sierra, CA",2023,168028.0
06091,"Sierra, CA",2024,176519.0
06093,"Siskiyou, CA",2019,1921753.0
06093,"Siskiyou, CA",2020,2182398.0
06093,"Siskiyou, CA",2021,2333395.0
06093,"Siskiyou, CA",2022,2291157.0
06093,"Siskiyou, CA",2023,2365641.0
06093,"Siskiyou, CA",2024,2599367.0
06095,"Solano, CA",2019,23381119.0
06095,"Solano, CA",2020,26552853.0
06095,"Solano, CA",2021,26959778.0
06095,"Solano, CA",2022,27390102.0
06095,"Solano, CA",2023,28512267.0
06095,"Solano, CA",2024,30830297.0
06097,"Sonoma, CA",2019,32341692.0
06097,"Sonoma, CA",2020,35466237.0
06097,"Sonoma, CA",2021,38011659.0
06097,"Sonoma, CA",2022,38026852.0
06097,"Sonoma, CA",2023,40300655.0
06097,"Sonoma, CA",2024,43116855.0
06099,"Stanislaus, CA",2019,23976063.0
06099,"Stanislaus, CA",2020,26953234.0
06099,"Stanislaus, CA",2021,28983618.0
06099,"Stanislaus, CA",2022,28489025.0
06099,"Stanislaus, CA",2023,29276612.0
06099,"Stanislaus, CA",2024,31603234.0
06101,"Sutter, CA",2019,4374413.0
06101,"Sutter, CA",2020,4917284.0
06101,"Sutter, CA",2021,5314843.0
06101,"Sutter, CA",2022,5167456.0
06101,"Sutter, CA",2023,5322023.0
06101,"Sutter, CA",2024,5700248.0
06103,"Tehama, CA",2019,2648591.0
06103,"Tehama, CA",2020,2922467.0
06103,"Tehama, CA",2021,3148627.0
06103,"Tehama, CA",2022,3063422.0
06103,"Tehama, CA",2023,3234326.0
06103,"Tehama, CA",2024,3441782.0
06105,"Trinity, CA",2019,500010.0
06105,"Trinity, CA",2020,535927.0
06105,"Trinity, CA",2021,577947.0
06105,"Trinity, CA",2022,572658.0
06105,"Trinity, CA",2023,603562.0
06105,"Trinity, CA",2024,659948.0
06107,"Tulare, CA",2019,18732496.0
06107,"Tulare, CA",2020,21601769.0
06107,"Tulare, CA",2021,23419634.0
06107,"Tulare, CA",2022,22793015.0
06107,"Tulare, CA",2023,23439844.0
06107,"Tulare, CA",2024,25675091.0
06109,"Tuolumne, CA",2019,2530898.0
06109,"Tuolumne, CA",2020,2747999.0
06109,"Tuolumne, CA",2021,2920031.0
06109,"Tuolumne, CA",2022,2890835.0
06109,"Tuolumne, CA",2023,3078775.0
06109,"Tuolumne, CA",2024,3320024.0
06111,"Ventura, CA",2019,53196126.0
06111,"Ventura, CA",2020,57156763.0
06111,"Ventura, CA",2021,62577492.0
06111,"Ventura, CA",2022,62171450.0
06111,"Ventura, CA",2023,64929868.0
06111,"Ventura, CA",2024,68971501.0
06113,"Yolo, CA",2019,11982281.0
06113,"Yolo, CA",2020,13019078.0
06113,"Yolo, CA",2021,14128918.0
06113,"Yolo, CA",2022,14242589.0
06113,"Yolo, CA",2023,14949143.0
06113,"Yolo, CA",2024,16002676.0
06115,"Yuba, CA",2019,3306197.0
06115,"Yuba, CA",2020,3734479.0
06115,"Yuba, CA",2021,4099652.0
06115,"Yuba, CA",2022,4131783.0
06115,"Yuba, CA",2023,4336290.0
06115,"Yuba, CA",2024,4788160.0
08001,"Adams, CO*",2019,23255841.0
08001,"Adams, CO*",2020,25228493.0
08001,"Adams, CO*",2021,27848107.0
08001,"Adams, CO*",2022,29919128.0
08001,"Adams, CO*",2023,31245190.0
08001,"Adams, CO*",2024,32726484.0
08003,"Alamosa, CO",2019,619861.0
08003,"Alamosa, CO",2020,667390.0
08003,"Alamosa, CO",2021,734427.0
08003,"Alamosa, CO",2022,733635.0
08003,"Alamosa, CO",2023,768141.0
08003,"Alamosa, CO",2024,776428.0
08005,"Arapahoe, CO",2019,42168238.0
08005,"Arapahoe, CO",2020,45199260.0
08005,"Arapahoe, CO",2021,48421032.0
08005,"Arapahoe, CO",2022,51210570.0
08005,"Arapahoe, CO",2023,53796680.0
08005,"Arapahoe, CO",2024,56108745.0
08007,"Archuleta, CO",2019,610945.0
08007,"Archuleta, CO",2020,677319.0
08007,"Archuleta, CO",2021,739976.0
08007,"Archuleta, CO",2022,779577.0
08007,"Archuleta, CO",2023,819008.0
08007,"Archuleta, CO",2024,882889.0
08009,"Baca, CO",2019,143310.0
08009,"Baca, CO",2020,160660.0
08009,"Baca, CO",2021,174588.0
08009,"Baca, CO",2022,198697.0
08009,"Baca, CO",2023,210230.0
08009,"Baca, CO",2024,179886.0
08011,"Bent, CO",2019,157225.0
08011,"Bent, CO",2020,165236.0
08011,"Bent, CO",2021,187114.0
08011,"Bent, CO",2022,185922.0
08011,"Bent, CO",2023,199874.0
08011,"Bent, CO",2024,202056.0
08013,"Boulder, CO*",2019,25888134.0
08013,"Boulder, CO*",2020,27130774.0
08013,"Boulder, CO*",2021,30385640.0
08013,"Boulder, CO*",2022,31367256.0
08013,"Boulder, CO*",2023,33211013.0
08013,"Boulder, CO*",2024,34613970.0
08014,"Broomfield, CO*",2019,5266930.0
08014,"Broomfield, CO*",2020,5581197.0
08014,"Broomfield, CO*",2021,6146968.0
08014,"Broomfield, CO*",2022,6559108.0
08014,"Broomfield, CO*",2023,6905105.0
08014,"Broomfield, CO*",2024,7287477.0
08015,"Chaffee, CO",2019,1009070.0
08015,"Chaffee, CO",2020,1090929.0
08015,"Chaffee, CO",2021,1230674.0
08015,"Chaffee, CO",2022,1276663.0
08015,"Chaffee, CO",2023,1405737.0
08015,"Chaffee, CO",2024,1484326.0
08017,"Cheyenne, CO",2019,96054.0
08017,"Cheyenne, CO",2020,81487.0
08017,"Cheyenne, CO",2021,118054.0
08017,"Cheyenne, CO",2022,137249.0
08017,"Cheyenne, CO",2023,149669.0
08017,"Cheyenne, CO",2024,135351.0
08019,"Clear Creek, CO",2019,618153.0
08019,"Clear Creek, CO",2020,646284.0
08019,"Clear Creek, CO",2021,686955.0
08019,"Clear Creek, CO",2022,701240.0
08019,"Clear Creek, CO",2023,740452.0
08019,"Clear Creek, CO",2024,772703.0
08021,"Conejos, CO",2019,288932.0
08021,"Conejos, CO",2020,306202.0
08021,"Conejos, CO",2021,347582.0
08021,"Conejos, CO",2022,345552.0
08021,"Conejos, CO",2023,359249.0
08021,"Conejos, CO",2024,361113.0
08023,"Costilla, CO",2019,129310.0
08023,"Costilla, CO",2020,137985.0
08023,"Costilla, CO",2021,151552.0
08023,"Costilla, CO",2022,146652.0
08023,"Costilla, CO",2023,155589.0
08023,"Costilla, CO",2024,159728.0
08025,"Crowley, CO",2019,120365.0
08025,"Crowley, CO",2020,127876.0
08025,"Crowley, CO",2021,144326.0
08025,"Crowley, CO",2022,135973.0
08025,"Crowley, CO",2023,146657.0
08025,"Crowley, CO",2024,152501.0
08027,"Custer, CO",2019,214960.0
08027,"Custer, CO",2020,226686.0
08027,"Custer, CO",2021,259857.0
08027,"Custer, CO",2022,279554.0
08027,"Custer, CO",2023,306661.0
08027,"Custer, CO",2024,326567.0
08029,"Delta, CO",2019,1197745.0
08029,"Delta, CO",2020,1321927.0
08029,"Delta, CO",2021,1455832.0
08029,"Delta, CO",2022,1528277.0
08029,"Delta, CO",2023,1609864.0
08029,"Delta, CO",2024,1712870.0
08031,"Denver, CO",2019,59585553.0
08031,"Denver, CO",2020,62212475.0
08031,"Denver, CO",2021,73749443.0
08031,"Denver, CO",2022,82107141.0
08031,"Denver, CO",2023,84239010.0
08031,"Denver, CO",2024,86944669.0
08033,"Dolores, CO",2019,80572.0
08033,"Dolores, CO",2020,87281.0
08033,"Dolores, CO",2021,100228.0
08033,"Dolores, CO",2022,98714.0
08033,"Dolores, CO",2023,102245.0
08033,"Dolores, CO",2024,104321.0
08035,"Douglas, CO",2019,26900092.0
08035,"Douglas, CO",2020,29963149.0
08035,"Douglas, CO",2021,33288192.0
08035,"Douglas, CO",2022,36712304.0
08035,"Douglas, CO",2023,39897379.0
08035,"Douglas, CO",2024,42238032.0
08037,"Eagle, CO",2019,4607257.0
08037,"Eagle, CO",2020,4955256.0
08037,"Eagle, CO",2021,5737304.0
08037,"Eagle, CO",2022,6493492.0
08037,"Eagle, CO",2023,7115696.0
08037,"Eagle, CO",2024,7481568.0
08039,"Elbert, CO",2019,1609197.0
08039,"Elbert, CO",2020,1705283.0
08039,"Elbert, CO",2021,1941083.0
08039,"Elbert, CO",2022,2051339.0
08039,"Elbert, CO",2023,2202238.0
08039,"Elbert, CO",2024,2328355.0
08041,"El Paso, CO",2019,36620938.0
08041,"El Paso, CO",2020,39840175.0
08041,"El Paso, CO",2021,43996423.0
08041,"El Paso, CO",2022,45843625.0
08041,"El Paso, CO",2023,48997589.0
08041,"El Paso, CO",2024,51891592.0
08043,"Fremont, CO",2019,1698552.0
08043,"Fremont, CO",2020,1872702.0
08043,"Fremont, CO",2021,2056058.0
08043,"Fremont, CO",2022,2098863.0
08043,"Fremont, CO",2023,2201031.0
08043,"Fremont, CO",2024,2300154.0
08045,"Garfield, CO",2019,3558320.0
08045,"Garfield, CO",2020,3643709.0
08045,"Garfield, CO",2021,3873596.0
08045,"Garfield, CO",2022,4162762.0
08045,"Garfield, CO",2023,4491923.0
08045,"Garfield, CO",2024,4722159.0
08047,"Gilpin, CO",2019,310755.0
08047,"Gilpin, CO",2020,326306.0
08047,"Gilpin, CO",2021,370330.0
08047,"Gilpin, CO",2022,393212.0
08047,"Gilpin, CO",2023,415857.0
08047,"Gilpin, CO",2024,436069.0
08049,"Grand, CO",2019,849567.0
08049,"Grand, CO",2020,879747.0
08049,"Grand, CO",2021,1002172.0
08049,"Grand, CO",2022,1103223.0
08049,"Grand, CO",2023,1212184.0
08049,"Grand, CO",2024,1313398.0
08051,"Gunnison, CO",2019,865579.0
08051,"Gunnison, CO",2020,945079.0
08051,"Gunnison, CO",2021,1072365.0
08051,"Gunnison, CO",2022,1144445.0
08051,"Gunnison, CO",2023,1227795.0
08051,"Gunnison, CO",2024,1301437.0
08053,"Hinsdale, CO",2019,39928.0
08053,"Hinsdale, CO",2020,42243.0
08053,"Hinsdale, CO",2021,46138.0
08053,"Hinsdale, CO",2022,49079.0
08053,"Hinsdale, CO",2023,55611.0
08053,"Hinsdale, CO",2024,55340.0
08055,"Huerfano, CO",2019,278670.0
08055,"Huerfano, CO",2020,305007.0
08055,"Huerfano, CO",2021,343116.0
08055,"Huerfano, CO",2022,332819.0
08055,"Huerfano, CO",2023,360141.0
08055,"Huerfano, CO",2024,373793.0
08057,"Jackson, CO",2019,75604.0
08057,"Jackson, CO",2020,79513.0
08057,"Jackson, CO",2021,83910.0
08057,"Jackson, CO",2022,87392.0
08057,"Jackson, CO",2023,95133.0
08057,"Jackson, CO",2024,99212.0
08059,"Jefferson, CO*",2019,38415200.0
08059,"Jefferson, CO*",2020,39990160.0
08059,"Jefferson, CO*",2021,43870645.0
08059,"Jefferson, CO*",2022,47133457.0
08059,"Jefferson, CO*",2023,49311378.0
08059,"Jefferson, CO*",2024,51314821.0
08061,"Kiowa, CO",2019,74014.0
08061,"Kiowa, CO",2020,78537.0
08061,"Kiowa, CO",2021,99576.0
08061,"Kiowa, CO",2022,99724.0
08061,"Kiowa, CO",2023,110863.0
08061,"Kiowa, CO",2024,103514.0
08063,"Kit Carson, CO",2019,297000.0
08063,"Kit Carson, CO",2020,293597.0
08063,"Kit Carson, CO",2021,366989.0
08063,"Kit Carson, CO",2022,361840.0
08063,"Kit Carson, CO",2023,391305.0
08063,"Kit Carson, CO",2024,372056.0
08065,"Lake, CO",2019,298471.0
08065,"Lake, CO",2020,325843.0
08065,"Lake, CO",2021,360023.0
08065,"Lake, CO",2022,379713.0
08065,"Lake, CO",2023,401006.0
08065,"Lake, CO",2024,429028.0
08067,"La Plata, CO",2019,3279907.0
08067,"La Plata, CO",2020,3379815.0
08067,"La Plata, CO",2021,3676317.0
08067,"La Plata, CO",2022,4069082.0
08067,"La Plata, CO",2023,4369611.0
08067,"La Plata, CO",2024,4604423.0
08069,"Larimer, CO",2019,20048096.0
08069,"Larimer, CO",2020,21421236.0
08069,"Larimer, CO",2021,23624519.0
08069,"Larimer, CO",2022,24964603.0
08069,"Larimer, CO",2023,26476867.0
08069,"Larimer, CO",2024,27678876.0
08071,"Las Animas, CO",2019,549366.0
08071,"Las Animas, CO",2020,608178.0
08071,"Las Animas, CO",2021,646203.0
08071,"Las Animas, CO",2022,659723.0
08071,"Las Animas, CO",2023,678903.0
08071,"Las Animas, CO",2024,688471.0
08073,"Lincoln, CO",2019,167119.0
08073,"Lincoln, CO",2020,188079.0
08073,"Lincoln, CO",2021,206996.0
08073,"Lincoln, CO",2022,222444.0
08073,"Lincoln, CO",2023,235295.0
08073,"Lincoln, CO",2024,223002.0
08075,"Logan, CO",2019,934361.0
08075,"Logan, CO",2020,921343.0
08075,"Logan, CO",2021,1045554.0
08075,"Logan, CO",2022,1094038.0
08075,"Logan, CO",2023,1180890.0
08075,"Logan, CO",2024,1196913.0
08077,"Mesa, CO",2019,7119598.0
08077,"Mesa, CO",2020,7554892.0
08077,"Mesa, CO",2021,8353034.0
08077,"Mesa, CO",2022,8782887.0
08077,"Mesa, CO",2023,9146500.0
08077,"Mesa, CO",2024,9663489.0
08079,"Mineral, CO",2019,54102.0
08079,"Mineral, CO",2020,56191.0
08079,"Mineral, CO",2021,63137.0
08079,"Mineral, CO",2022,66647.0
08079,"Mineral, CO",2023,72968.0
08079,"Mineral, CO",2024,75504.0
08081,"Moffat, CO",2019,544869.0
08081,"Moffat, CO",2020,596180.0
08081,"Moffat, CO",2021,609464.0
08081,"Moffat, CO",2022,652220.0
08081,"Moffat, CO",2023,691363.0
08081,"Moffat, CO",2024,711772.0
08083,"Montezuma, CO",2019,1133503.0
08083,"Montezuma, CO",2020,1215842.0
08083,"Montezuma, CO",2021,1346685.0
08083,"Montezuma, CO",2022,1356452.0
08083,"Montezuma, CO",2023,1415569.0
08083,"Montezuma, CO",2024,1487991.0
08085,"Montrose, CO",2019,1812050.0
08085,"Montrose, CO",2020,1965193.0
08085,"Montrose, CO",2021,2187577.0
08085,"Montrose, CO",2022,2327284.0
08085,"Montrose, CO",2023,2404707.0
08085,"Montrose, CO",2024,2567588.0
08087,"Morgan, CO",2019,1293250.0
08087,"Morgan, CO",2020,1367864.0
08087,"Morgan, CO",2021,1513481.0
08087,"Morgan, CO",2022,1551378.0
08087,"Morgan, CO",2023,1595014.0
08087,"Morgan, CO",2024,1668460.0
08089,"Otero, CO",2019,672700.0
08089,"Otero, CO",2020,736638.0
08089,"Otero, CO",2021,785324.0
08089,"Otero, CO",2022,781546.0
08089,"Otero, CO",2023,812386.0
08089,"Otero, CO",2024,848007.0
08091,"Ouray, CO",2019,319626.0
08091,"Ouray, CO",2020,356259.0
08091,"Ouray, CO",2021,422218.0
08091,"Ouray, CO",2022,427216.0
08091,"Ouray, CO",2023,450546.0
08091,"Ouray, CO",2024,475807.0
08093,"Park, CO",2019,862989.0
08093,"Park, CO",2020,912260.0
08093,"Park, CO",2021,1026743.0
08093,"Park, CO",2022,1058136.0
08093,"Park, CO",2023,1142691.0
08093,"Park, CO",2024,1204110.0
08095,"Phillips, CO",2019,188187.0
08095,"Phillips, CO",2020,199193.0
08095,"Phillips, CO",2021,231713.0
08095,"Phillips, CO",2022,252899.0
08095,"Phillips, CO",2023,260173.0
08095,"Phillips, CO",2024,243656.0
08097,"Pitkin, CO",2019,3057939.0
08097,"Pitkin, CO",2020,2835764.0
08097,"Pitkin, CO",2021,3334300.0
08097,"Pitkin, CO",2022,3930025.0
08097,"Pitkin, CO",2023,4371909.0
08097,"Pitkin, CO",2024,4577562.0
08099,"Prowers, CO",2019,467636.0
08099,"Prowers, CO",2020,494858.0
08099,"Prowers, CO",2021,546118.0
08099,"Prowers, CO",2022,552671.0
08099,"Prowers, CO",2023,582897.0
08099,"Prowers, CO",2024,587680.0
08101,"Pueblo, CO",2019,6597482.0
08101,"Pueblo, CO",2020,7276936.0
08101,"Pueblo, CO",2021,7942966.0
08101,"Pueblo, CO",2022,7965391.0
08101,"Pueblo, CO",2023,8320373.0
08101,"Pueblo, CO",2024,8746706.0
08103,"Rio Blanco, CO",2019,312366.0
08103,"Rio Blanco, CO",2020,324806.0
08103,"Rio Blanco, CO",2021,361752.0
08103,"Rio Blanco, CO",2022,390161.0
08103,"Rio Blanco, CO",2023,414454.0
08103,"Rio Blanco, CO",2024,430266.0
08105,"Rio Grande, CO",2019,541454.0
08105,"Rio Grande, CO",2020,589856.0
08105,"Rio Grande, CO",2021,634672.0
08105,"Rio Grande, CO",2022,643515.0
08105,"Rio Grande, CO",2023,694460.0
08105,"Rio Grande, CO",2024,701410.0
08107,"Routt, CO",2019,2134328.0
08107,"Routt, CO",2020,2261425.0
08107,"Routt, CO",2021,2685038.0
08107,"Routt, CO",2022,3053885.0
08107,"Routt, CO",2023,3288798.0
08107,"Routt, CO",2024,3439092.0
08109,"Saguache, CO",2019,238480.0
08109,"Saguache, CO",2020,256339.0
08109,"Saguache, CO",2021,286419.0
08109,"Saguache, CO",2022,275673.0
08109,"Saguache, CO",2023,297567.0
08109,"Saguache, CO",2024,291487.0
08111,"San Juan, CO",2019,33960.0
08111,"San Juan, CO",2020,38168.0
08111,"San Juan, CO",2021,42806.0
08111,"San Juan, CO",2022,41322.0
08111,"San Juan, CO",2023,43172.0
08111,"San Juan, CO",2024,48533.0
08113,"San Miguel, CO",2019,753769.0
08113,"San Miguel, CO",2020,807301.0
08113,"San Miguel, CO",2021,1005826.0
08113,"San Miguel, CO",2022,1165009.0
08113,"San Miguel, CO",2023,1213596.0
08113,"San Miguel, CO",2024,1257165.0
08115,"Sedgwick, CO",2019,100530.0
08115,"Sedgwick, CO",2020,98479.0
08115,"Sedgwick, CO",2021,122095.0
08115,"Sedgwick, CO",2022,130216.0
08115,"Sedgwick, CO",2023,130839.0
08115,"Sedgwick, CO",2024,121938.0
08117,"Summit, CO",2019,2337418.0
08117,"Summit, CO",2020,2402546.0
08117,"Summit, CO",2021,2645911.0
08117,"Summit, CO",2022,3006272.0
08117,"Summit, CO",2023,3286752.0
08117,"Summit, CO",2024,3483766.0
08119,"Teller, CO",2019,1319184.0
08119,"Teller, CO",2020,1423490.0
08119,"Teller, CO",2021,1565630.0
08119,"Teller, CO",2022,1566007.0
08119,"Teller, CO",2023,1668435.0
08119,"Teller, CO",2024,1756521.0
08121,"Washington, CO",2019,189986.0
08121,"Washington, CO",2020,198105.0
08121,"Washington, CO",2021,231977.0
08121,"Washington, CO",2022,259090.0
08121,"Washington, CO",2023,249734.0
08121,"Washington, CO",2024,231901.0
08123,"Weld, CO*",2019,16026432.0
08123,"Weld, CO*",2020,17256855.0
08123,"Weld, CO*",2021,19163205.0
08123,"Weld, CO*",2022,20746942.0
08123,"Weld, CO*",2023,22185330.0
08123,"Weld, CO*",2024,23542333.0
08125,"Yuma, CO",2019,434993.0
08125,"Yuma, CO",2020,409445.0
08125,"Yuma, CO",2021,492257.0
08125,"Yuma, CO",2022,525856.0
08125,"Yuma, CO",2023,565330.0
08125,"Yuma, CO",2024,551582.0
09001,"Fairfield, CT*",2019,108794715.0
09001,"Fairfield, CT*",2020,108366785.0
09001,"Fairfield, CT*",2021,118270214.0
09001,"Fairfield, CT*",2022,126650456.0
09001,"Fairfield, CT*",2023,136488724.0
09001,"Fairfield, CT*",2024,0.0
09003,"Hartford, CT*",2019,57157751.0
09003,"Hartford, CT*",2020,59685618.0
09003,"Hartford, CT*",2021,62879377.0
09003,"Hartford, CT*",2022,64816853.0
09003,"Hartford, CT*",2023,68540762.0
09003,"Hartford, CT*",2024,0.0
09005,"Litchfield, CT*",2019,11958002.0
09005,"Litchfield, CT*",2020,12801009.0
09005,"Litchfield, CT*",2021,14289042.0
09005,"Litchfield, CT*",2022,14404292.0
09005,"Litchfield, CT*",2023,15031674.0
09005,"Litchfield, CT*",2024,0.0
09007,"Middlesex, CT*",2019,11137830.0
09007,"Middlesex, CT*",2020,11611666.0
09007,"Middlesex, CT*",2021,12206693.0
09007,"Middlesex, CT*",2022,12729400.0
09007,"Middlesex, CT*",2023,13427992.0
09007,"Middlesex, CT*",2024,0.0
09009,"New Haven, CT*",2019,48808928.0
09009,"New Haven, CT*",2020,51435245.0
09009,"New Haven, CT*",2021,55653979.0
09009,"New Haven, CT*",2022,56424053.0
09009,"New Haven, CT*",2023,59369050.0
09009,"New Haven, CT*",2024,0.0
09011,"New London, CT*",2019,15577927.0
09011,"New London, CT*",2020,16286095.0
09011,"New London, CT*",2021,17303620.0
09011,"New London, CT*",2022,17884248.0
09011,"New London, CT*",2023,18915834.0
09011,"New London, CT*",2024,0.0
09013,"Tolland, CT*",2019,8605138.0
09013,"Tolland, CT*",2020,8958697.0
09013,"Tolland, CT*",2021,9449710.0
09013,"Tolland, CT*",2022,9744151.0
09013,"Tolland, CT*",2023,10345777.0
09013,"Tolland, CT*",2024,0.0
09015,"Windham, CT*",2019,5523939.0
09015,"Windham, CT*",2020,5884656.0
09015,"Windham, CT*",2021,6238833.0
09015,"Windham, CT*",2022,6357968.0
09015,"Windham, CT*",2023,6610040.0
09015,"Windham, CT*",2024,0.0
09110,"Capitol, CT*",2019,0.0
09110,"Capitol, CT*",2020,0.0
09110,"Capitol, CT*",2021,0.0
09110,"Capitol, CT*",2022,0.0
09110,"Capitol, CT*",2023,0.0
09110,"Capitol, CT*",2024,82016501.0
09120,"Greater Bridgeport, CT*",2019,0.0
09120,"Greater Bridgeport, CT*",2020,0.0
09120,"Greater Bridgeport, CT*",2021,0.0
09120,"Greater Bridgeport, CT*",2022,0.0
09120,"Greater Bridgeport, CT*",2023,0.0
09120,"Greater Bridgeport, CT*",2024,35881828.0
09130,"Lower Connecticut River Valley, CT*",2019,0.0
09130,"Lower Connecticut River Valley, CT*",2020,0.0
09130,"Lower Connecticut River Valley, CT*",2021,0.0
09130,"Lower Connecticut River Valley, CT*",2022,0.0
09130,"Lower Connecticut River Valley, CT*",2023,0.0
09130,"Lower Connecticut River Valley, CT*",2024,15494529.0
09140,"Naugatuck Valley, CT*",2019,0.0
09140,"Naugatuck Valley, CT*",2020,0.0
09140,"Naugatuck Valley, CT*",2021,0.0
09140,"Naugatuck Valley, CT*",2022,0.0
09140,"Naugatuck Valley, CT*",2023,0.0
09140,"Naugatuck Valley, CT*",2024,33498879.0
09150,"Northeastern Connecticut, CT*",2019,0.0
09150,"Northeastern Connecticut, CT*",2020,0.0
09150,"Northeastern Connecticut, CT*",2021,0.0
09150,"Northeastern Connecticut, CT*",2022,0.0
09150,"Northeastern Connecticut, CT*",2023,0.0
09150,"Northeastern Connecticut, CT*",2024,6548412.0
09160,"Northwest Hills, CT*",2019,0.0
09160,"Northwest Hills, CT*",2020,0.0
09160,"Northwest Hills, CT*",2021,0.0
09160,"Northwest Hills, CT*",2022,0.0
09160,"Northwest Hills, CT*",2023,0.0
09160,"Northwest Hills, CT*",2024,9519798.0
09170,"South Central Connecticut, CT*",2019,0.0
09170,"South Central Connecticut, CT*",2020,0.0
09170,"South Central Connecticut, CT*",2021,0.0
09170,"South Central Connecticut, CT*",2022,0.0
09170,"South Central Connecticut, CT*",2023,0.0
09170,"South Central Connecticut, CT*",2024,42657860.0
09180,"Southeastern Connecticut, CT*",2019,0.0
09180,"Southeastern Connecticut, CT*",2020,0.0
09180,"Southeastern Connecticut, CT*",2021,0.0
09180,"Southeastern Connecticut, CT*",2022,0.0
09180,"Southeastern Connecticut, CT*",2023,0.0
09180,"Southeastern Connecticut, CT*",2024,18325394.0
09190,"Western Connecticut, CT*",2019,0.0
09190,"Western Connecticut, CT*",2020,0.0
09190,"Western Connecticut, CT*",2021,0.0
09190,"Western Connecticut, CT*",2022,0.0
09190,"Western Connecticut, CT*",2023,0.0
09190,"Western Connecticut, CT*",2024,105433862.0
10001,"Kent, DE",2019,7977830.0
10001,"Kent, DE",2020,8275818.0
10001,"Kent, DE",2021,9169610.0
10001,"Kent, DE",2022,9569502.0
10001,"Kent, DE",2023,10041990.0
10001,"Kent, DE",2024,10689379.0
10003,"New Castle, DE",2019,32077056.0
10003,"New Castle, DE",2020,33337729.0
10003,"New Castle, DE",2021,35506219.0
10003,"New Castle, DE",2022,38752046.0
10003,"New Castle, DE",2023,38503156.0
10003,"New Castle, DE",2024,40936704.0
10005,"Sussex, DE",2019,12719499.0
10005,"Sussex, DE",2020,13456238.0
10005,"Sussex, DE",2021,15500033.0
10005,"Sussex, DE",2022,17065330.0
10005,"Sussex, DE",2023,18398647.0
10005,"Sussex, DE",2024,19968131.0
11001,"District of Columbia, DC",2019,57511226.0
11001,"District of Columbia, DC",2020,60879976.0
11001,"District of Columbia, DC",2021,65682867.0
11001,"District of Columbia, DC",2022,68247037.0
11001,"District of Columbia, DC",2023,73296229.0
11001,"District of Columbia, DC",2024,78079526.0
12001,"Alachua, FL",2019,12537602.0
12001,"Alachua, FL",2020,13343396.0
12001,"Alachua, FL",2021,14588182.0
12001,"Alachua, FL",2022,15014010.0
12001,"Alachua, FL",2023,16315123.0
12001,"Alachua, FL",2024,17178223.0
12003,"Baker, FL",2019,979514.0
12003,"Baker, FL",2020,1076314.0
12003,"Baker, FL",2021,1222188.0
12003,"Baker, FL",2022,1241239.0
12003,"Baker, FL",2023,1312645.0
12003,"Baker, FL",2024,1396462.0
12005,"Bay, FL",2019,8111063.0
12005,"Bay, FL",2020,8738268.0
12005,"Bay, FL",2021,9775642.0
12005,"Bay, FL",2022,10014228.0
12005,"Bay, FL",2023,10825503.0
12005,"Bay, FL",2024,11603904.0
12007,"Bradford, FL",2019,964277.0
12007,"Bradford, FL",2020,1058547.0
12007,"Bradford, FL",2021,1149406.0
12007,"Bradford, FL",2022,1136558.0
12007,"Bradford, FL",2023,1221239.0
12007,"Bradford, FL",2024,1293539.0
12009,"Brevard, FL",2019,28928242.0
12009,"Brevard, FL",2020,31197206.0
12009,"Brevard, FL",2021,34427948.0
12009,"Brevard, FL",2022,36094219.0
12009,"Brevard, FL",2023,39392610.0
12009,"Brevard, FL",2024,42250307.0
12011,"Broward, FL",2019,104108739.0
12011,"Broward, FL",2020,110543131.0
12011,"Broward, FL",2021,122685293.0
12011,"Broward, FL",2022,131427027.0
12011,"Broward, FL",2023,143383838.0
12011,"Broward, FL",2024,151804008.0
12013,"Calhoun, FL",2019,414138.0
12013,"Calhoun, FL",2020,450575.0
12013,"Calhoun, FL",2021,490215.0
12013,"Calhoun, FL",2022,482982.0
12013,"Calhoun, FL",2023,518305.0
12013,"Calhoun, FL",2024,550672.0
12015,"Charlotte, FL",2019,8394191.0
12015,"Charlotte, FL",2020,9140211.0
12015,"Charlotte, FL",2021,10175967.0
12015,"Charlotte, FL",2022,10693397.0
12015,"Charlotte, FL",2023,11897881.0
12015,"Charlotte, FL",2024,12726271.0
12017,"Citrus, FL",2019,5916300.0
12017,"Citrus, FL",2020,6435564.0
12017,"Citrus, FL",2021,7223218.0
12017,"Citrus, FL",2022,7386237.0
12017,"Citrus, FL",2023,8047307.0
12017,"Citrus, FL",2024,8638330.0
12019,"Clay, FL",2019,9715708.0
12019,"Clay, FL",2020,10473687.0
12019,"Clay, FL",2021,11746872.0
12019,"Clay, FL",2022,12259704.0
12019,"Clay, FL",2023,13193615.0
12019,"Clay, FL",2024,14040147.0
12021,"Collier, FL",2019,39621302.0
12021,"Collier, FL",2020,41497921.0
12021,"Collier, FL",2021,47649704.0
12021,"Collier, FL",2022,52150073.0
12021,"Collier, FL",2023,58929932.0
12021,"Collier, FL",2024,62493250.0
12023,"Columbia, FL",2019,2549508.0
12023,"Columbia, FL",2020,2798173.0
12023,"Columbia, FL",2021,3060573.0
12023,"Columbia, FL",2022,3114392.0
12023,"Columbia, FL",2023,3381307.0
12023,"Columbia, FL",2024,3554767.0
12027,"DeSoto, FL",2019,958289.0
12027,"DeSoto, FL",2020,1031062.0
12027,"DeSoto, FL",2021,1143246.0
12027,"DeSoto, FL",2022,1180852.0
12027,"DeSoto, FL",2023,1278793.0
12027,"DeSoto, FL",2024,1320493.0
12029,"Dixie, FL",2019,487237.0
12029,"Dixie, FL",2020,549656.0
12029,"Dixie, FL",2021,600100.0
12029,"Dixie, FL",2022,579819.0
12029,"Dixie, FL",2023,634844.0
12029,"Dixie, FL",2024,667030.0
12031,"Duval, FL",2019,46118287.0
12031,"Duval, FL",2020,49868926.0
12031,"Duval, FL",2021,55444557.0
12031,"Duval, FL",2022,57954688.0
12031,"Duval, FL",2023,62576226.0
12031,"Duval, FL",2024,66211611.0
12033,"Escambia, FL",2019,14148212.0
12033,"Escambia, FL",2020,15376444.0
12033,"Escambia, FL",2021,16779043.0
12033,"Escambia, FL",2022,17268979.0
12033,"Escambia, FL",2023,18396283.0
12033,"Escambia, FL",2024,19615320.0
12035,"Flagler, FL",2019,5631624.0
12035,"Flagler, FL",2020,6197480.0
12035,"Flagler, FL",2021,7032619.0
12035,"Flagler, FL",2022,7626454.0
12035,"Flagler, FL",2023,8417106.0
12035,"Flagler, FL",2024,9123047.0
12037,"Franklin, FL",2019,444490.0
12037,"Franklin, FL",2020,483594.0
12037,"Franklin, FL",2021,544088.0
12037,"Franklin, FL",2022,552891.0
12037,"Franklin, FL",2023,585770.0
12037,"Franklin, FL",2024,620193.0
12039,"Gadsden, FL",2019,1643620.0
12039,"Gadsden, FL",2020,1769367.0
12039,"Gadsden, FL",2021,1956400.0
12039,"Gadsden, FL",2022,1948366.0
12039,"Gadsden, FL",2023,2124344.0
12039,"Gadsden, FL",2024,2239956.0
12041,"Gilchrist, FL",2019,644110.0
12041,"Gilchrist, FL",2020,710883.0
12041,"Gilchrist, FL",2021,786032.0
12041,"Gilchrist, FL",2022,807612.0
12041,"Gilchrist, FL",2023,880001.0
12041,"Gilchrist, FL",2024,931416.0
12043,"Glades, FL",2019,342983.0
12043,"Glades, FL",2020,379877.0
12043,"Glades, FL",2021,397268.0
12043,"Glades, FL",2022,394693.0
12043,"Glades, FL",2023,425557.0
12043,"Glades, FL",2024,453674.0
12045,"Gulf, FL",2019,600974.0
12045,"Gulf, FL",2020,650353.0
12045,"Gulf, FL",2021,723111.0
12045,"Gulf, FL",2022,748353.0
12045,"Gulf, FL",2023,812558.0
12045,"Gulf, FL",2024,855988.0
12047,"Hamilton, FL",2019,386055.0
12047,"Hamilton, FL",2020,432641.0
12047,"Hamilton, FL",2021,455363.0
12047,"Hamilton, FL",2022,466044.0
12047,"Hamilton, FL",2023,505982.0
12047,"Hamilton, FL",2024,540345.0
12049,"Hardee, FL",2019,764272.0
12049,"Hardee, FL",2020,819093.0
12049,"Hardee, FL",2021,907696.0
12049,"Hardee, FL",2022,898356.0
12049,"Hardee, FL",2023,962813.0
12049,"Hardee, FL",2024,990401.0
12051,"Hendry, FL",2019,1362063.0
12051,"Hendry, FL",2020,1507757.0
12051,"Hendry, FL",2021,1645360.0
12051,"Hendry, FL",2022,1656811.0
12051,"Hendry, FL",2023,1803155.0
12051,"Hendry, FL",2024,1946756.0
12053,"Hernando, FL",2019,7498500.0
12053,"Hernando, FL",2020,8338322.0
12053,"Hernando, FL",2021,9391404.0
12053,"Hernando, FL",2022,9636265.0
12053,"Hernando, FL",2023,10478066.0
12053,"Hernando, FL",2024,11223896.0
12055,"Highlands, FL",2019,3636052.0
12055,"Highlands, FL",2020,3925211.0
12055,"Highlands, FL",2021,4301124.0
12055,"Highlands, FL",2022,4416320.0
12055,"Highlands, FL",2023,4833620.0
12055,"Highlands, FL",2024,5104616.0
12057,"Hillsborough, FL",2019,71733761.0
12057,"Hillsborough, FL",2020,78220124.0
12057,"Hillsborough, FL",2021,85782914.0
12057,"Hillsborough, FL",2022,91645506.0
12057,"Hillsborough, FL",2023,100351757.0
12057,"Hillsborough, FL",2024,107082073.0
12059,"Holmes, FL",2019,631071.0
12059,"Holmes, FL",2020,684196.0
12059,"Holmes, FL",2021,745887.0
12059,"Holmes, FL",2022,762240.0
12059,"Holmes, FL",2023,826498.0
12059,"Holmes, FL",2024,872949.0
12061,"Indian River, FL",2019,13225422.0
12061,"Indian River, FL",2020,14006422.0
12061,"Indian River, FL",2021,16020124.0
12061,"Indian River, FL",2022,17007385.0
12061,"Indian River, FL",2023,18859984.0
12061,"Indian River, FL",2024,19866223.0
12063,"Jackson, FL",2019,1629739.0
12063,"Jackson, FL",2020,1781955.0
12063,"Jackson, FL",2021,1903905.0
12063,"Jackson, FL",2022,1889129.0
12063,"Jackson, FL",2023,2037272.0
12063,"Jackson, FL",2024,2115103.0
12065,"Jefferson, FL",2019,618594.0
12065,"Jefferson, FL",2020,672665.0
12065,"Jefferson, FL",2021,751312.0
12065,"Jefferson, FL",2022,735304.0
12065,"Jefferson, FL",2023,817593.0
12065,"Jefferson, FL",2024,868850.0
12067,"Lafayette, FL",2019,220870.0
12067,"Lafayette, FL",2020,240963.0
12067,"Lafayette, FL",2021,259388.0
12067,"Lafayette, FL",2022,268700.0
12067,"Lafayette, FL",2023,295075.0
12067,"Lafayette, FL",2024,329432.0
12069,"Lake, FL",2019,16260118.0
12069,"Lake, FL",2020,17559576.0
12069,"Lake, FL",2021,20189770.0
12069,"Lake, FL",2022,21566597.0
12069,"Lake, FL",2023,23887162.0
12069,"Lake, FL",2024,25835269.0
12071,"Lee, FL",2019,41449118.0
12071,"Lee, FL",2020,44936000.0
12071,"Lee, FL",2021,48883366.0
12071,"Lee, FL",2022,51887024.0
12071,"Lee, FL",2023,56880516.0
12071,"Lee, FL",2024,60550455.0
12073,"Leon, FL",2019,13518721.0
12073,"Leon, FL",2020,14449504.0
12073,"Leon, FL",2021,15755987.0
12073,"Leon, FL",2022,16022231.0
12073,"Leon, FL",2023,17414167.0
12073,"Leon, FL",2024,18603875.0
12075,"Levy, FL",2019,1568358.0
12075,"Levy, FL",2020,1759141.0
12075,"Levy, FL",2021,1964318.0
12075,"Levy, FL",2022,2021913.0
12075,"Levy, FL",2023,2229395.0
12075,"Levy, FL",2024,2356779.0
12077,"Liberty, FL",2019,212360.0
12077,"Liberty, FL",2020,241891.0
12077,"Liberty, FL",2021,256559.0
12077,"Liberty, FL",2022,250320.0
12077,"Liberty, FL",2023,274079.0
12077,"Liberty, FL",2024,294396.0
12079,"Madison, FL",2019,608161.0
12079,"Madison, FL",2020,676577.0
12079,"Madison, FL",2021,725064.0
12079,"Madison, FL",2022,775179.0
12079,"Madison, FL",2023,828379.0
12079,"Madison, FL",2024,865213.0
12081,"Manatee, FL",2019,20664747.0
12081,"Manatee, FL",2020,21797981.0
12081,"Manatee, FL",2021,24143460.0
12081,"Manatee, FL",2022,26413521.0
12081,"Manatee, FL",2023,29201044.0
12081,"Manatee, FL",2024,31399341.0
12083,"Marion, FL",2019,14205125.0
12083,"Marion, FL",2020,15458389.0
12083,"Marion, FL",2021,17300501.0
12083,"Marion, FL",2022,17829369.0
12083,"Marion, FL",2023,19719563.0
12083,"Marion, FL",2024,21144762.0
12085,"Martin, FL",2019,14126869.0
12085,"Martin, FL",2020,15386319.0
12085,"Martin, FL",2021,16342227.0
12085,"Martin, FL",2022,17793937.0
12085,"Martin, FL",2023,19716198.0
12085,"Martin, FL",2024,20658019.0
12086,"Miami-Dade, FL",2019,149596954.0
12086,"Miami-Dade, FL",2020,152086751.0
12086,"Miami-Dade, FL",2021,174624719.0
12086,"Miami-Dade, FL",2022,192276032.0
12086,"Miami-Dade, FL",2023,209804988.0
12086,"Miami-Dade, FL",2024,223009590.0
12087,"Monroe, FL",2019,7772825.0
12087,"Monroe, FL",2020,7856954.0
12087,"Monroe, FL",2021,8815235.0
12087,"Monroe, FL",2022,10080047.0
12087,"Monroe, FL",2023,11287337.0
12087,"Monroe, FL",2024,11954963.0
12089,"Nassau, FL",2019,5506451.0
12089,"Nassau, FL",2020,5998727.0
12089,"Nassau, FL",2021,6871592.0
12089,"Nassau, FL",2022,7457077.0
12089,"Nassau, FL",2023,8174305.0
12089,"Nassau, FL",2024,8712113.0
12091,"Okaloosa, FL",2019,10729810.0
12091,"Okaloosa, FL",2020,11538612.0
12091,"Okaloosa, FL",2021,12636474.0
12091,"Okaloosa, FL",2022,13012432.0
12091,"Okaloosa, FL",2023,13878441.0
12091,"Okaloosa, FL",2024,14601665.0
12093,"Okeechobee, FL",2019,1326548.0
12093,"Okeechobee, FL",2020,1422486.0
12093,"Okeechobee, FL",2021,1584502.0
12093,"Okeechobee, FL",2022,1633776.0
12093,"Okeechobee, FL",2023,1761849.0
12093,"Okeechobee, FL",2024,1864600.0
12095,"Orange, FL",2019,65594271.0
12095,"Orange, FL",2020,70659148.0
12095,"Orange, FL",2021,77973213.0
12095,"Orange, FL",2022,83018907.0
12095,"Orange, FL",2023,90329831.0
12095,"Orange, FL",2024,96397948.0
12097,"Osceola, FL",2019,13796700.0
12097,"Osceola, FL",2020,15552232.0
12097,"Osceola, FL",2021,17886437.0
12097,"Osceola, FL",2022,19081012.0
12097,"Osceola, FL",2023,21080602.0
12097,"Osceola, FL",2024,22977761.0
12099,"Palm Beach, FL",2019,128769538.0
12099,"Palm Beach, FL",2020,136149885.0
12099,"Palm Beach, FL",2021,153220318.0
12099,"Palm Beach, FL",2022,171684239.0
12099,"Palm Beach, FL",2023,190327521.0
12099,"Palm Beach, FL",2024,200686833.0
12101,"Pasco, FL",2019,23918452.0
12101,"Pasco, FL",2020,26300642.0
12101,"Pasco, FL",2021,30150392.0
12101,"Pasco, FL",2022,32514839.0
12101,"Pasco, FL",2023,35977854.0
12101,"Pasco, FL",2024,38977656.0
12103,"Pinellas, FL",2019,54377979.0
12103,"Pinellas, FL",2020,58209109.0
12103,"Pinellas, FL",2021,63160952.0
12103,"Pinellas, FL",2022,65872813.0
12103,"Pinellas, FL",2023,71650800.0
12103,"Pinellas, FL",2024,75615671.0
12105,"Polk, FL",2019,26908040.0
12105,"Polk, FL",2020,29820368.0
12105,"Polk, FL",2021,33217295.0
12105,"Polk, FL",2022,34391385.0
12105,"Polk, FL",2023,37108799.0
12105,"Polk, FL",2024,39466269.0
12107,"Putnam, FL",2019,2475689.0
12107,"Putnam, FL",2020,2731980.0
12107,"Putnam, FL",2021,2955461.0
12107,"Putnam, FL",2022,3008115.0
12107,"Putnam, FL",2023,3223538.0
12107,"Putnam, FL",2024,3398765.0
12109,"St. Johns, FL",2019,19286249.0
12109,"St. Johns, FL",2020,21101744.0
12109,"St. Johns, FL",2021,24102435.0
12109,"St. Johns, FL",2022,26223216.0
12109,"St. Johns, FL",2023,28969745.0
12109,"St. Johns, FL",2024,31174865.0
12111,"St. Lucie, FL",2019,13826871.0
12111,"St. Lucie, FL",2020,15051201.0
12111,"St. Lucie, FL",2021,17457209.0
12111,"St. Lucie, FL",2022,18567006.0
12111,"St. Lucie, FL",2023,20610323.0
12111,"St. Lucie, FL",2024,22256684.0
12113,"Santa Rosa, FL",2019,8687353.0
12113,"Santa Rosa, FL",2020,9493733.0
12113,"Santa Rosa, FL",2021,10784363.0
12113,"Santa Rosa, FL",2022,11268014.0
12113,"Santa Rosa, FL",2023,12128774.0
12113,"Santa Rosa, FL",2024,13059828.0
12115,"Sarasota, FL",2019,30178309.0
12115,"Sarasota, FL",2020,32190666.0
12115,"Sarasota, FL",2021,36130027.0
12115,"Sarasota, FL",2022,37917444.0
12115,"Sarasota, FL",2023,42323233.0
12115,"Sarasota, FL",2024,44847781.0
12117,"Seminole, FL",2019,23675338.0
12117,"Seminole, FL",2020,24890992.0
12117,"Seminole, FL",2021,27307867.0
12117,"Seminole, FL",2022,28709342.0
12117,"Seminole, FL",2023,30796369.0
12117,"Seminole, FL",2024,32510433.0
12119,"Sumter, FL",2019,6977900.0
12119,"Sumter, FL",2020,7591659.0
12119,"Sumter, FL",2021,9113256.0
12119,"Sumter, FL",2022,9797757.0
12119,"Sumter, FL",2023,10995296.0
12119,"Sumter, FL",2024,11821819.0
12121,"Suwannee, FL",2019,1482284.0
12121,"Suwannee, FL",2020,1643914.0
12121,"Suwannee, FL",2021,1802378.0
12121,"Suwannee, FL",2022,1893328.0
12121,"Suwannee, FL",2023,2041981.0
12121,"Suwannee, FL",2024,2128383.0
12123,"Taylor, FL",2019,666944.0
12123,"Taylor, FL",2020,736321.0
12123,"Taylor, FL",2021,785930.0
12123,"Taylor, FL",2022,778887.0
12123,"Taylor, FL",2023,852680.0
12123,"Taylor, FL",2024,840859.0
12125,"Union, FL",2019,340968.0
12125,"Union, FL",2020,376212.0
12125,"Union, FL",2021,414839.0
12125,"Union, FL",2022,419143.0
12125,"Union, FL",2023,455943.0
12125,"Union, FL",2024,474589.0
12127,"Volusia, FL",2019,25212973.0
12127,"Volusia, FL",2020,26282569.0
12127,"Volusia, FL",2021,29493487.0
12127,"Volusia, FL",2022,30789247.0
12127,"Volusia, FL",2023,33583299.0
12127,"Volusia, FL",2024,35719516.0
12129,"Wakulla, FL",2019,1304665.0
12129,"Wakulla, FL",2020,1408655.0
12129,"Wakulla, FL",2021,1604575.0
12129,"Wakulla, FL",2022,1706845.0
12129,"Wakulla, FL",2023,1893727.0
12129,"Wakulla, FL",2024,2049633.0
12131,"Walton, FL",2019,5165176.0
12131,"Walton, FL",2020,5438112.0
12131,"Walton, FL",2021,6717652.0
12131,"Walton, FL",2022,7208386.0
12131,"Walton, FL",2023,7926353.0
12131,"Walton, FL",2024,8480756.0
12133,"Washington, FL",2019,780114.0
12133,"Washington, FL",2020,855338.0
12133,"Washington, FL",2021,923854.0
12133,"Washington, FL",2022,922799.0
12133,"Washington, FL",2023,993632.0
12133,"Washington, FL",2024,1059392.0
13001,"Appling, GA",2019,658447.0
13001,"Appling, GA",2020,720011.0
13001,"Appling, GA",2021,789527.0
13001,"Appling, GA",2022,814639.0
13001,"Appling, GA",2023,890658.0
13001,"Appling, GA",2024,944955.0
13003,"Atkinson, GA",2019,249342.0
13003,"Atkinson, GA",2020,269309.0
13003,"Atkinson, GA",2021,299818.0
13003,"Atkinson, GA",2022,309964.0
13003,"Atkinson, GA",2023,312967.0
13003,"Atkinson, GA",2024,338761.0
13005,"Bacon, GA",2019,361662.0
13005,"Bacon, GA",2020,416720.0
13005,"Bacon, GA",2021,439073.0
13005,"Bacon, GA",2022,453100.0
13005,"Bacon, GA",2023,470038.0
13005,"Bacon, GA",2024,494784.0
13007,"Baker, GA",2019,118906.0
13007,"Baker, GA",2020,128462.0
13007,"Baker, GA",2021,145545.0
13007,"Baker, GA",2022,137600.0
13007,"Baker, GA",2023,134596.0
13007,"Baker, GA",2024,144534.0
13009,"Baldwin, GA",2019,1511967.0
13009,"Baldwin, GA",2020,1646014.0
13009,"Baldwin, GA",2021,1837670.0
13009,"Baldwin, GA",2022,1896121.0
13009,"Baldwin, GA",2023,2024985.0
13009,"Baldwin, GA",2024,2134187.0
13011,"Banks, GA",2019,679838.0
13011,"Banks, GA",2020,711074.0
13011,"Banks, GA",2021,800180.0
13011,"Banks, GA",2022,871385.0
13011,"Banks, GA",2023,897987.0
13011,"Banks, GA",2024,981612.0
13013,"Barrow, GA",2019,3151082.0
13013,"Barrow, GA",2020,3460277.0
13013,"Barrow, GA",2021,3978375.0
13013,"Barrow, GA",2022,4314603.0
13013,"Barrow, GA",2023,4615063.0
13013,"Barrow, GA",2024,5000054.0
13015,"Bartow, GA",2019,4326640.0
13015,"Bartow, GA",2020,4766284.0
13015,"Bartow, GA",2021,5282661.0
13015,"Bartow, GA",2022,5559381.0
13015,"Bartow, GA",2023,5882148.0
13015,"Bartow, GA",2024,6269829.0
13017,"Ben Hill, GA",2019,544866.0
13017,"Ben Hill, GA",2020,599043.0
13017,"Ben Hill, GA",2021,674032.0
13017,"Ben Hill, GA",2022,687749.0
13017,"Ben Hill, GA",2023,724788.0
13017,"Ben Hill, GA",2024,762721.0
13019,"Berrien, GA",2019,624576.0
13019,"Berrien, GA",2020,685701.0
13019,"Berrien, GA",2021,731979.0
13019,"Berrien, GA",2022,747438.0
13019,"Berrien, GA",2023,779510.0
13019,"Berrien, GA",2024,813650.0
13021,"Bibb, GA",2019,6282289.0
13021,"Bibb, GA",2020,6802464.0
13021,"Bibb, GA",2021,7426005.0
13021,"Bibb, GA",2022,7292034.0
13021,"Bibb, GA",2023,7668161.0
13021,"Bibb, GA",2024,7994816.0
13023,"Bleckley, GA",2019,448220.0
13023,"Bleckley, GA",2020,489251.0
13023,"Bleckley, GA",2021,531306.0
13023,"Bleckley, GA",2022,512489.0
13023,"Bleckley, GA",2023,541484.0
13023,"Bleckley, GA",2024,568734.0
13025,"Brantley, GA",2019,524535.0
13025,"Brantley, GA",2020,592805.0
13025,"Brantley, GA",2021,646029.0
13025,"Brantley, GA",2022,663522.0
13025,"Brantley, GA",2023,673899.0
13025,"Brantley, GA",2024,725148.0
13027,"Brooks, GA",2019,566010.0
13027,"Brooks, GA",2020,614378.0
13027,"Brooks, GA",2021,658464.0
13027,"Brooks, GA",2022,653610.0
13027,"Brooks, GA",2023,667925.0
13027,"Brooks, GA",2024,705453.0
13029,"Bryan, GA",2019,2127102.0
13029,"Bryan, GA",2020,2335451.0
13029,"Bryan, GA",2021,2635673.0
13029,"Bryan, GA",2022,2824976.0
13029,"Bryan, GA",2023,3008127.0
13029,"Bryan, GA",2024,3280242.0
13031,"Bulloch, GA",2019,2626112.0
13031,"Bulloch, GA",2020,2870993.0
13031,"Bulloch, GA",2021,3171223.0
13031,"Bulloch, GA",2022,3293242.0
13031,"Bulloch, GA",2023,3505507.0
13031,"Bulloch, GA",2024,3739726.0
13033,"Burke, GA",2019,863657.0
13033,"Burke, GA",2020,969335.0
13033,"Burke, GA",2021,1020223.0
13033,"Burke, GA",2022,1033247.0
13033,"Burke, GA",2023,1038442.0
13033,"Burke, GA",2024,1077899.0
13035,"Butts, GA",2019,884701.0
13035,"Butts, GA",2020,955047.0
13035,"Butts, GA",2021,1083225.0
13035,"Butts, GA",2022,1121717.0
13035,"Butts, GA",2023,1187888.0
13035,"Butts, GA",2024,1264538.0
13037,"Calhoun, GA",2019,162868.0
13037,"Calhoun, GA",2020,180213.0
13037,"Calhoun, GA",2021,198341.0
13037,"Calhoun, GA",2022,189396.0
13037,"Calhoun, GA",2023,199185.0
13037,"Calhoun, GA",2024,206946.0
13039,"Camden, GA",2019,2000851.0
13039,"Camden, GA",2020,2169296.0
13039,"Camden, GA",2021,2443631.0
13039,"Camden, GA",2022,2546051.0
13039,"Camden, GA",2023,2713722.0
13039,"Camden, GA",2024,2882625.0
13043,"Candler, GA",2019,367181.0
13043,"Candler, GA",2020,391998.0
13043,"Candler, GA",2021,437613.0
13043,"Candler, GA",2022,441774.0
13043,"Candler, GA",2023,469829.0
13043,"Candler, GA",2024,497110.0
13045,"Carroll, GA",2019,4805057.0
13045,"Carroll, GA",2020,5329457.0
13045,"Carroll, GA",2021,6003935.0
13045,"Carroll, GA",2022,6220800.0
13045,"Carroll, GA",2023,6516778.0
13045,"Carroll, GA",2024,6996805.0
13047,"Catoosa, GA",2019,2434759.0
13047,"Catoosa, GA",2020,2657273.0
13047,"Catoosa, GA",2021,2888265.0
13047,"Catoosa, GA",2022,3022256.0
13047,"Catoosa, GA",2023,3150984.0
13047,"Catoosa, GA",2024,3301761.0
13049,"Charlton, GA",2019,331200.0
13049,"Charlton, GA",2020,363493.0
13049,"Charlton, GA",2021,398526.0
13049,"Charlton, GA",2022,403443.0
13049,"Charlton, GA",2023,424927.0
13049,"Charlton, GA",2024,451860.0
13051,"Chatham, GA",2019,13890206.0
13051,"Chatham, GA",2020,15187855.0
13051,"Chatham, GA",2021,16788813.0
13051,"Chatham, GA",2022,17149736.0
13051,"Chatham, GA",2023,18266529.0
13051,"Chatham, GA",2024,19354921.0
13053,"Chattahoochee, GA",2019,316341.0
13053,"Chattahoochee, GA",2020,328892.0
13053,"Chattahoochee, GA",2021,352401.0
13053,"Chattahoochee, GA",2022,331818.0
13053,"Chattahoochee, GA",2023,337847.0
13053,"Chattahoochee, GA",2024,354851.0
13055,"Chattooga, GA",2019,774291.0
13055,"Chattooga, GA",2020,843557.0
13055,"Chattooga, GA",2021,920972.0
13055,"Chattooga, GA",2022,922768.0
13055,"Chattooga, GA",2023,952564.0
13055,"Chattooga, GA",2024,998214.0
13057,"Cherokee, GA",2019,14032077.0
13057,"Cherokee, GA",2020,15186784.0
13057,"Cherokee, GA",2021,17328925.0
13057,"Cherokee, GA",2022,19004971.0
13057,"Cherokee, GA",2023,20428667.0
13057,"Cherokee, GA",2024,21962386.0
13059,"Clarke, GA",2019,4492698.0
13059,"Clarke, GA",2020,4870614.0
13059,"Clarke, GA",2021,5265523.0
13059,"Clarke, GA",2022,5497699.0
13059,"Clarke, GA",2023,5756379.0
13059,"Clarke, GA",2024,6074983.0
13061,"Clay, GA",2019,95979.0
13061,"Clay, GA",2020,110957.0
13061,"Clay, GA",2021,116947.0
13061,"Clay, GA",2022,108518.0
13061,"Clay, GA",2023,112710.0
13061,"Clay, GA",2024,116899.0
13063,"Clayton, GA",2019,8329541.0
13063,"Clayton, GA",2020,9600786.0
13063,"Clayton, GA",2021,10485808.0
13063,"Clayton, GA",2022,10100331.0
13063,"Clayton, GA",2023,10516753.0
13063,"Clayton, GA",2024,11011251.0
13065,"Clinch, GA",2019,256803.0
13065,"Clinch, GA",2020,277584.0
13065,"Clinch, GA",2021,283490.0
13065,"Clinch, GA",2022,292648.0
13065,"Clinch, GA",2023,306878.0
13065,"Clinch, GA",2024,325589.0
13067,"Cobb, GA",2019,45577659.0
13067,"Cobb, GA",2020,47818257.0
13067,"Cobb, GA",2021,52228961.0
13067,"Cobb, GA",2022,55651638.0
13067,"Cobb, GA",2023,59184627.0
13067,"Cobb, GA",2024,62674289.0
13069,"Coffee, GA",2019,1409536.0
13069,"Coffee, GA",2020,1532231.0
13069,"Coffee, GA",2021,1764620.0
13069,"Coffee, GA",2022,1699698.0
13069,"Coffee, GA",2023,1752534.0
13069,"Coffee, GA",2024,1865993.0
13071,"Colquitt, GA",2019,1542658.0
13071,"Colquitt, GA",2020,1735464.0
13071,"Colquitt, GA",2021,1873335.0
13071,"Colquitt, GA",2022,1902534.0
13071,"Colquitt, GA",2023,1974851.0
13071,"Colquitt, GA",2024,2083256.0
13073,"Columbia, GA",2019,8076289.0
13073,"Columbia, GA",2020,8733913.0
13073,"Columbia, GA",2021,9369143.0
13073,"Columbia, GA",2022,9616599.0
13073,"Columbia, GA",2023,10037426.0
13073,"Columbia, GA",2024,10584970.0
13075,"Cook, GA",2019,573037.0
13075,"Cook, GA",2020,626809.0
13075,"Cook, GA",2021,686892.0
13075,"Cook, GA",2022,685821.0
13075,"Cook, GA",2023,716435.0
13075,"Cook, GA",2024,763091.0
13077,"Coweta, GA",2019,7279889.0
13077,"Coweta, GA",2020,7873105.0
13077,"Coweta, GA",2021,8645488.0
13077,"Coweta, GA",2022,9084625.0
13077,"Coweta, GA",2023,9666367.0
13077,"Coweta, GA",2024,10294894.0
13079,"Crawford, GA",2019,423691.0
13079,"Crawford, GA",2020,446203.0
13079,"Crawford, GA",2021,493775.0
13079,"Crawford, GA",2022,496541.0
13079,"Crawford, GA",2023,508010.0
13079,"Crawford, GA",2024,539203.0
13081,"Crisp, GA",2019,763659.0
13081,"Crisp, GA",2020,842141.0
13081,"Crisp, GA",2021,926947.0
13081,"Crisp, GA",2022,914988.0
13081,"Crisp, GA",2023,963122.0
13081,"Crisp, GA",2024,982755.0
13083,"Dade, GA",2019,569948.0
13083,"Dade, GA",2020,614217.0
13083,"Dade, GA",2021,667985.0
13083,"Dade, GA",2022,682913.0
13083,"Dade, GA",2023,715018.0
13083,"Dade, GA",2024,754915.0
13085,"Dawson, GA",2019,1261497.0
13085,"Dawson, GA",2020,1376782.0
13085,"Dawson, GA",2021,1646599.0
13085,"Dawson, GA",2022,1821821.0
13085,"Dawson, GA",2023,1971151.0
13085,"Dawson, GA",2024,2182961.0
13087,"Decatur, GA",2019,986506.0
13087,"Decatur, GA",2020,1100215.0
13087,"Decatur, GA",2021,1232125.0
13087,"Decatur, GA",2022,1251326.0
13087,"Decatur, GA",2023,1315048.0
13087,"Decatur, GA",2024,1396615.0
13089,"DeKalb, GA",2019,40079396.0
13089,"DeKalb, GA",2020,42977398.0
13089,"DeKalb, GA",2021,47402407.0
13089,"DeKalb, GA",2022,49530224.0
13089,"DeKalb, GA",2023,52203234.0
13089,"DeKalb, GA",2024,54981428.0
13091,"Dodge, GA",2019,640637.0
13091,"Dodge, GA",2020,690525.0
13091,"Dodge, GA",2021,751094.0
13091,"Dodge, GA",2022,723754.0
13091,"Dodge, GA",2023,786526.0
13091,"Dodge, GA",2024,816780.0
13093,"Dooly, GA",2019,437223.0
13093,"Dooly, GA",2020,453380.0
13093,"Dooly, GA",2021,485673.0
13093,"Dooly, GA",2022,480927.0
13093,"Dooly, GA",2023,485768.0
13093,"Dooly, GA",2024,489024.0
13095,"Dougherty, GA",2019,3157914.0
13095,"Dougherty, GA",2020,3494535.0
13095,"Dougherty, GA",2021,3817148.0
13095,"Dougherty, GA",2022,3803096.0
13095,"Dougherty, GA",2023,3935614.0
13095,"Dougherty, GA",2024,4122850.0
13097,"Douglas, GA",2019,5338886.0
13097,"Douglas, GA",2020,5915823.0
13097,"Douglas, GA",2021,6402075.0
13097,"Douglas, GA",2022,6457356.0
13097,"Douglas, GA",2023,6783734.0
13097,"Douglas, GA",2024,7230131.0
13099,"Early, GA",2019,404860.0
13099,"Early, GA",2020,436617.0
13099,"Early, GA",2021,472290.0
13099,"Early, GA",2022,462583.0
13099,"Early, GA",2023,471333.0
13099,"Early, GA",2024,486468.0
13101,"Echols, GA",2019,109587.0
13101,"Echols, GA",2020,124315.0
13101,"Echols, GA",2021,130274.0
13101,"Echols, GA",2022,123040.0
13101,"Echols, GA",2023,127321.0
13101,"Echols, GA",2024,133409.0
13103,"Effingham, GA",2019,2684150.0
13103,"Effingham, GA",2020,2926435.0
13103,"Effingham, GA",2021,3230166.0
13103,"Effingham, GA",2022,3376139.0
13103,"Effingham, GA",2023,3626279.0
13103,"Effingham, GA",2024,3922603.0
13105,"Elbert, GA",2019,684722.0
13105,"Elbert, GA",2020,763572.0
13105,"Elbert, GA",2021,820238.0
13105,"Elbert, GA",2022,856555.0
13105,"Elbert, GA",2023,887198.0
13105,"Elbert, GA",2024,943689.0
13107,"Emanuel, GA",2019,757294.0
13107,"Emanuel, GA",2020,868480.0
13107,"Emanuel, GA",2021,950567.0
13107,"Emanuel, GA",2022,907334.0
13107,"Emanuel, GA",2023,973436.0
13107,"Emanuel, GA",2024,1018086.0
13109,"Evans, GA",2019,362930.0
13109,"Evans, GA",2020,399576.0
13109,"Evans, GA",2021,440061.0
13109,"Evans, GA",2022,432937.0
13109,"Evans, GA",2023,456916.0
13109,"Evans, GA",2024,493864.0
13111,"Fannin, GA",2019,1007468.0
13111,"Fannin, GA",2020,1093951.0
13111,"Fannin, GA",2021,1236415.0
13111,"Fannin, GA",2022,1319524.0
13111,"Fannin, GA",2023,1400831.0
13111,"Fannin, GA",2024,1499838.0
13113,"Fayette, GA",2019,7658538.0
13113,"Fayette, GA",2020,8240242.0
13113,"Fayette, GA",2021,9017965.0
13113,"Fayette, GA",2022,9008384.0
13113,"Fayette, GA",2023,9580941.0
13113,"Fayette, GA",2024,10153616.0
13115,"Floyd, GA",2019,3807463.0
13115,"Floyd, GA",2020,4031064.0
13115,"Floyd, GA",2021,4362825.0
13115,"Floyd, GA",2022,4403868.0
13115,"Floyd, GA",2023,4692446.0
13115,"Floyd, GA",2024,4903188.0
13117,"Forsyth, GA",2019,16219389.0
13117,"Forsyth, GA",2020,17325840.0
13117,"Forsyth, GA",2021,19503663.0
13117,"Forsyth, GA",2022,21473351.0
13117,"Forsyth, GA",2023,23033338.0
13117,"Forsyth, GA",2024,24572896.0
13119,"Franklin, GA",2019,822046.0
13119,"Franklin, GA",2020,845926.0
13119,"Franklin, GA",2021,960486.0
13119,"Franklin, GA",2022,1075077.0
13119,"Franklin, GA",2023,1052708.0
13119,"Franklin, GA",2024,1189135.0
13121,"Fulton, GA",2019,98687350.0
13121,"Fulton, GA",2020,99927395.0
13121,"Fulton, GA",2021,107932956.0
13121,"Fulton, GA",2022,108885951.0
13121,"Fulton, GA",2023,115037511.0
13121,"Fulton, GA",2024,121288829.0
13123,"Gilmer, GA",2019,1145626.0
13123,"Gilmer, GA",2020,1208624.0
13123,"Gilmer, GA",2021,1377942.0
13123,"Gilmer, GA",2022,1488963.0
13123,"Gilmer, GA",2023,1548543.0
13123,"Gilmer, GA",2024,1708221.0
13125,"Glascock, GA",2019,101541.0
13125,"Glascock, GA",2020,112924.0
13125,"Glascock, GA",2021,119515.0
13125,"Glascock, GA",2022,116545.0
13125,"Glascock, GA",2023,125478.0
13125,"Glascock, GA",2024,126265.0
13127,"Glynn, GA",2019,4038883.0
13127,"Glynn, GA",2020,4459104.0
13127,"Glynn, GA",2021,4940843.0
13127,"Glynn, GA",2022,5112504.0
13127,"Glynn, GA",2023,5506719.0
13127,"Glynn, GA",2024,5851353.0
13129,"Gordon, GA",2019,2078808.0
13129,"Gordon, GA",2020,2205790.0
13129,"Gordon, GA",2021,2513277.0
13129,"Gordon, GA",2022,2668897.0
13129,"Gordon, GA",2023,2751170.0
13129,"Gordon, GA",2024,2977562.0
13131,"Grady, GA",2019,833665.0
13131,"Grady, GA",2020,930832.0
13131,"Grady, GA",2021,1020878.0
13131,"Grady, GA",2022,997260.0
13131,"Grady, GA",2023,1048318.0
13131,"Grady, GA",2024,1096765.0
13133,"Greene, GA",2019,1125761.0
13133,"Greene, GA",2020,1224240.0
13133,"Greene, GA",2021,1441331.0
13133,"Greene, GA",2022,1617880.0
13133,"Greene, GA",2023,1739289.0
13133,"Greene, GA",2024,1852654.0
13135,"Gwinnett, GA",2019,40685500.0
13135,"Gwinnett, GA",2020,44209280.0
13135,"Gwinnett, GA",2021,48433726.0
13135,"Gwinnett, GA",2022,50595048.0
13135,"Gwinnett, GA",2023,53765153.0
13135,"Gwinnett, GA",2024,57512524.0
13137,"Habersham, GA",2019,1590320.0
13137,"Habersham, GA",2020,1706567.0
13137,"Habersham, GA",2021,1844605.0
13137,"Habersham, GA",2022,1923886.0
13137,"Habersham, GA",2023,2012067.0
13137,"Habersham, GA",2024,2181716.0
13139,"Hall, GA",2019,9341477.0
13139,"Hall, GA",2020,10034563.0
13139,"Hall, GA",2021,11452080.0
13139,"Hall, GA",2022,12182640.0
13139,"Hall, GA",2023,13054489.0
13139,"Hall, GA",2024,13818399.0
13141,"Hancock, GA",2019,266263.0
13141,"Hancock, GA",2020,290939.0
13141,"Hancock, GA",2021,305106.0
13141,"Hancock, GA",2022,305273.0
13141,"Hancock, GA",2023,324134.0
13141,"Hancock, GA",2024,339257.0
13143,"Haralson, GA",2019,1125103.0
13143,"Haralson, GA",2020,1219078.0
13143,"Haralson, GA",2021,1354888.0
13143,"Haralson, GA",2022,1414125.0
13143,"Haralson, GA",2023,1485274.0
13143,"Haralson, GA",2024,1586731.0
13145,"Harris, GA",2019,1705847.0
13145,"Harris, GA",2020,1855910.0
13145,"Harris, GA",2021,2027406.0
13145,"Harris, GA",2022,2089700.0
13145,"Harris, GA",2023,2221376.0
13145,"Harris, GA",2024,2347907.0
13147,"Hart, GA",2019,1006263.0
13147,"Hart, GA",2020,1069086.0
13147,"Hart, GA",2021,1157831.0
13147,"Hart, GA",2022,1244554.0
13147,"Hart, GA",2023,1307771.0
13147,"Hart, GA",2024,1425163.0
13149,"Heard, GA",2019,388080.0
13149,"Heard, GA",2020,415407.0
13149,"Heard, GA",2021,474868.0
13149,"Heard, GA",2022,481621.0
13149,"Heard, GA",2023,502255.0
13149,"Heard, GA",2024,536629.0
13151,"Henry, GA",2019,9423973.0
13151,"Henry, GA",2020,10539829.0
13151,"Henry, GA",2021,11445341.0
13151,"Henry, GA",2022,11842687.0
13151,"Henry, GA",2023,12730057.0
13151,"Henry, GA",2024,13623572.0
13153,"Houston, GA",2019,6905123.0
13153,"Houston, GA",2020,7482191.0
13153,"Houston, GA",2021,8276602.0
13153,"Houston, GA",2022,8234004.0
13153,"Houston, GA",2023,8702454.0
13153,"Houston, GA",2024,9216305.0
13155,"Irwin, GA",2019,332543.0
13155,"Irwin, GA",2020,360074.0
13155,"Irwin, GA",2021,400985.0
13155,"Irwin, GA",2022,399857.0
13155,"Irwin, GA",2023,415315.0
13155,"Irwin, GA",2024,440757.0
13157,"Jackson, GA",2019,3232510.0
13157,"Jackson, GA",2020,3578100.0
13157,"Jackson, GA",2021,4199374.0
13157,"Jackson, GA",2022,4733738.0
13157,"Jackson, GA",2023,5086660.0
13157,"Jackson, GA",2024,5625016.0
13159,"Jasper, GA",2019,566125.0
13159,"Jasper, GA",2020,620320.0
13159,"Jasper, GA",2021,706639.0
13159,"Jasper, GA",2022,753074.0
13159,"Jasper, GA",2023,810232.0
13159,"Jasper, GA",2024,877722.0
13161,"Jeff Davis, GA",2019,469623.0
13161,"Jeff Davis, GA",2020,517928.0
13161,"Jeff Davis, GA",2021,564533.0
13161,"Jeff Davis, GA",2022,558657.0
13161,"Jeff Davis, GA",2023,582171.0
13161,"Jeff Davis, GA",2024,624957.0
13163,"Jefferson, GA",2019,530567.0
13163,"Jefferson, GA",2020,605418.0
13163,"Jefferson, GA",2021,662715.0
13163,"Jefferson, GA",2022,649484.0
13163,"Jefferson, GA",2023,690151.0
13163,"Jefferson, GA",2024,705279.0
13165,"Jenkins, GA",2019,270276.0
13165,"Jenkins, GA",2020,308668.0
13165,"Jenkins, GA",2021,332310.0
13165,"Jenkins, GA",2022,317017.0
13165,"Jenkins, GA",2023,330594.0
13165,"Jenkins, GA",2024,354696.0
13167,"Johnson, GA",2019,254730.0
13167,"Johnson, GA",2020,283318.0
13167,"Johnson, GA",2021,311857.0
13167,"Johnson, GA",2022,299216.0
13167,"Johnson, GA",2023,324632.0
13167,"Johnson, GA",2024,343637.0
13169,"Jones, GA",2019,1087623.0
13169,"Jones, GA",2020,1151612.0
13169,"Jones, GA",2021,1265013.0
13169,"Jones, GA",2022,1257683.0
13169,"Jones, GA",2023,1334958.0
13169,"Jones, GA",2024,1403681.0
13171,"Lamar, GA",2019,656471.0
13171,"Lamar, GA",2020,706127.0
13171,"Lamar, GA",2021,815766.0
13171,"Lamar, GA",2022,865221.0
13171,"Lamar, GA",2023,926357.0
13171,"Lamar, GA",2024,994711.0
13173,"Lanier, GA",2019,302039.0
13173,"Lanier, GA",2020,329847.0
13173,"Lanier, GA",2021,360647.0
13173,"Lanier, GA",2022,348679.0
13173,"Lanier, GA",2023,370042.0
13173,"Lanier, GA",2024,386913.0
13175,"Laurens, GA",2019,1817512.0
13175,"Laurens, GA",2020,1992160.0
13175,"Laurens, GA",2021,2177910.0
13175,"Laurens, GA",2022,2145061.0
13175,"Laurens, GA",2023,2309335.0
13175,"Laurens, GA",2024,2449772.0
13177,"Lee, GA",2019,1425362.0
13177,"Lee, GA",2020,1568594.0
13177,"Lee, GA",2021,1715392.0
13177,"Lee, GA",2022,1739556.0
13177,"Lee, GA",2023,1800205.0
13177,"Lee, GA",2024,1887698.0
13179,"Liberty, GA",2019,2284533.0
13179,"Liberty, GA",2020,2476965.0
13179,"Liberty, GA",2021,2737024.0
13179,"Liberty, GA",2022,2728811.0
13179,"Liberty, GA",2023,2903028.0
13179,"Liberty, GA",2024,3124774.0
13181,"Lincoln, GA",2019,310274.0
13181,"Lincoln, GA",2020,344399.0
13181,"Lincoln, GA",2021,370475.0
13181,"Lincoln, GA",2022,366728.0
13181,"Lincoln, GA",2023,380142.0
13181,"Lincoln, GA",2024,401628.0
13183,"Long, GA",2019,544548.0
13183,"Long, GA",2020,590909.0
13183,"Long, GA",2021,694023.0
13183,"Long, GA",2022,721123.0
13183,"Long, GA",2023,782982.0
13183,"Long, GA",2024,862431.0
13185,"Lowndes, GA",2019,4437800.0
13185,"Lowndes, GA",2020,4910799.0
13185,"Lowndes, GA",2021,5277323.0
13185,"Lowndes, GA",2022,5249295.0
13185,"Lowndes, GA",2023,5529591.0
13185,"Lowndes, GA",2024,5823382.0
13187,"Lumpkin, GA",2019,1314023.0
13187,"Lumpkin, GA",2020,1403825.0
13187,"Lumpkin, GA",2021,1567839.0
13187,"Lumpkin, GA",2022,1631934.0
13187,"Lumpkin, GA",2023,1745951.0
13187,"Lumpkin, GA",2024,1878154.0
13189,"McDuffie, GA",2019,810595.0
13189,"McDuffie, GA",2020,894168.0
13189,"McDuffie, GA",2021,945258.0
13189,"McDuffie, GA",2022,937575.0
13189,"McDuffie, GA",2023,972315.0
13189,"McDuffie, GA",2024,1014196.0
13191,"McIntosh, GA",2019,447937.0
13191,"McIntosh, GA",2020,491242.0
13191,"McIntosh, GA",2021,529895.0
13191,"McIntosh, GA",2022,548349.0
13191,"McIntosh, GA",2023,594130.0
13191,"McIntosh, GA",2024,634590.0
13193,"Macon, GA",2019,406972.0
13193,"Macon, GA",2020,435047.0
13193,"Macon, GA",2021,473341.0
13193,"Macon, GA",2022,516590.0
13193,"Macon, GA",2023,498821.0
13193,"Macon, GA",2024,554863.0
13195,"Madison, GA",2019,1141606.0
13195,"Madison, GA",2020,1188911.0
13195,"Madison, GA",2021,1350775.0
13195,"Madison, GA",2022,1485970.0
13195,"Madison, GA",2023,1521958.0
13195,"Madison, GA",2024,1681505.0
13197,"Marion, GA",2019,245789.0
13197,"Marion, GA",2020,267521.0
13197,"Marion, GA",2021,298750.0
13197,"Marion, GA",2022,286913.0
13197,"Marion, GA",2023,295586.0
13197,"Marion, GA",2024,312739.0
13199,"Meriwether, GA",2019,758112.0
13199,"Meriwether, GA",2020,836395.0
13199,"Meriwether, GA",2021,916710.0
13199,"Meriwether, GA",2022,932403.0
13199,"Meriwether, GA",2023,990662.0
13199,"Meriwether, GA",2024,1056629.0
13201,"Miller, GA",2019,267492.0
13201,"Miller, GA",2020,286506.0
13201,"Miller, GA",2021,308893.0
13201,"Miller, GA",2022,301144.0
13201,"Miller, GA",2023,310132.0
13201,"Miller, GA",2024,326310.0
13205,"Mitchell, GA",2019,791604.0
13205,"Mitchell, GA",2020,890814.0
13205,"Mitchell, GA",2021,963378.0
13205,"Mitchell, GA",2022,957938.0
13205,"Mitchell, GA",2023,962723.0
13205,"Mitchell, GA",2024,1020169.0
13207,"Monroe, GA",2019,1279582.0
13207,"Monroe, GA",2020,1357510.0
13207,"Monroe, GA",2021,1551530.0
13207,"Monroe, GA",2022,1615195.0
13207,"Monroe, GA",2023,1726242.0
13207,"Monroe, GA",2024,1857489.0
13209,"Montgomery, GA",2019,271061.0
13209,"Montgomery, GA",2020,299727.0
13209,"Montgomery, GA",2021,334600.0
13209,"Montgomery, GA",2022,317104.0
13209,"Montgomery, GA",2023,333921.0
13209,"Montgomery, GA",2024,348001.0
13211,"Morgan, GA",2019,1003916.0
13211,"Morgan, GA",2020,1082604.0
13211,"Morgan, GA",2021,1254894.0
13211,"Morgan, GA",2022,1295651.0
13211,"Morgan, GA",2023,1364173.0
13211,"Morgan, GA",2024,1480147.0
13213,"Murray, GA",2019,1246420.0
13213,"Murray, GA",2020,1346285.0
13213,"Murray, GA",2021,1495080.0
13213,"Murray, GA",2022,1544977.0
13213,"Murray, GA",2023,1596644.0
13213,"Murray, GA",2024,1700926.0
13215,"Muscogee, GA",2019,8517130.0
13215,"Muscogee, GA",2020,9138876.0
13215,"Muscogee, GA",2021,9831954.0
13215,"Muscogee, GA",2022,10024631.0
13215,"Muscogee, GA",2023,10647670.0
13215,"Muscogee, GA",2024,11205009.0
13217,"Newton, GA",2019,3897378.0
13217,"Newton, GA",2020,4355785.0
13217,"Newton, GA",2021,4860799.0
13217,"Newton, GA",2022,4959184.0
13217,"Newton, GA",2023,5314946.0
13217,"Newton, GA",2024,5727906.0
13219,"Oconee, GA",2019,2724495.0
13219,"Oconee, GA",2020,2947794.0
13219,"Oconee, GA",2021,3277468.0
13219,"Oconee, GA",2022,3651512.0
13219,"Oconee, GA",2023,3888909.0
13219,"Oconee, GA",2024,4088597.0
13221,"Oglethorpe, GA",2019,565436.0
13221,"Oglethorpe, GA",2020,590831.0
13221,"Oglethorpe, GA",2021,673529.0
13221,"Oglethorpe, GA",2022,729971.0
13221,"Oglethorpe, GA",2023,748282.0
13221,"Oglethorpe, GA",2024,816061.0
13223,"Paulding, GA",2019,6706426.0
13223,"Paulding, GA",2020,7333638.0
13223,"Paulding, GA",2021,8170362.0
13223,"Paulding, GA",2022,8533130.0
13223,"Paulding, GA",2023,9116983.0
13223,"Paulding, GA",2024,9873439.0
13225,"Peach, GA",2019,1064158.0
13225,"Peach, GA",2020,1154000.0
13225,"Peach, GA",2021,1270851.0
13225,"Peach, GA",2022,1270477.0
13225,"Peach, GA",2023,1336645.0
13225,"Peach, GA",2024,1422991.0
13227,"Pickens, GA",2019,1611473.0
13227,"Pickens, GA",2020,1718614.0
13227,"Pickens, GA",2021,1987237.0
13227,"Pickens, GA",2022,2116700.0
13227,"Pickens, GA",2023,2273771.0
13227,"Pickens, GA",2024,2439169.0
13229,"Pierce, GA",2019,723267.0
13229,"Pierce, GA",2020,792991.0
13229,"Pierce, GA",2021,855187.0
13229,"Pierce, GA",2022,844903.0
13229,"Pierce, GA",2023,881174.0
13229,"Pierce, GA",2024,922568.0
13231,"Pike, GA",2019,792187.0
13231,"Pike, GA",2020,844262.0
13231,"Pike, GA",2021,961098.0
13231,"Pike, GA",2022,1011681.0
13231,"Pike, GA",2023,1077987.0
13231,"Pike, GA",2024,1144830.0
13233,"Polk, GA",2019,1423270.0
13233,"Polk, GA",2020,1552664.0
13233,"Polk, GA",2021,1708534.0
13233,"Polk, GA",2022,1765546.0
13233,"Polk, GA",2023,1851093.0
13233,"Polk, GA",2024,1952643.0
13235,"Pulaski, GA",2019,348179.0
13235,"Pulaski, GA",2020,369923.0
13235,"Pulaski, GA",2021,408664.0
13235,"Pulaski, GA",2022,408295.0
13235,"Pulaski, GA",2023,425570.0
13235,"Pulaski, GA",2024,459870.0
13237,"Putnam, GA",2019,981139.0
13237,"Putnam, GA",2020,1088209.0
13237,"Putnam, GA",2021,1210983.0
13237,"Putnam, GA",2022,1297124.0
13237,"Putnam, GA",2023,1386834.0
13237,"Putnam, GA",2024,1471438.0
13239,"Quitman, GA",2019,73673.0
13239,"Quitman, GA",2020,88880.0
13239,"Quitman, GA",2021,86259.0
13239,"Quitman, GA",2022,86460.0
13239,"Quitman, GA",2023,92509.0
13239,"Quitman, GA",2024,97115.0
13241,"Rabun, GA",2019,718202.0
13241,"Rabun, GA",2020,772232.0
13241,"Rabun, GA",2021,882546.0
13241,"Rabun, GA",2022,896756.0
13241,"Rabun, GA",2023,957828.0
13241,"Rabun, GA",2024,1026644.0
13243,"Randolph, GA",2019,231519.0
13243,"Randolph, GA",2020,258034.0
13243,"Randolph, GA",2021,273084.0
13243,"Randolph, GA",2022,263019.0
13243,"Randolph, GA",2023,280984.0
13243,"Randolph, GA",2024,283408.0
13245,"Richmond, GA",2019,7768142.0
13245,"Richmond, GA",2020,8511147.0
13245,"Richmond, GA",2021,8977447.0
13245,"Richmond, GA",2022,9039647.0
13245,"Richmond, GA",2023,9331387.0
13245,"Richmond, GA",2024,9725431.0
13247,"Rockdale, GA",2019,3300748.0
13247,"Rockdale, GA",2020,3668409.0
13247,"Rockdale, GA",2021,3954010.0
13247,"Rockdale, GA",2022,3969316.0
13247,"Rockdale, GA",2023,4233379.0
13247,"Rockdale, GA",2024,4510659.0
13249,"Schley, GA",2019,169333.0
13249,"Schley, GA",2020,181953.0
13249,"Schley, GA",2021,202420.0
13249,"Schley, GA",2022,197983.0
13249,"Schley, GA",2023,201395.0
13249,"Schley, GA",2024,202305.0
13251,"Screven, GA",2019,480859.0
13251,"Screven, GA",2020,531178.0
13251,"Screven, GA",2021,574760.0
13251,"Screven, GA",2022,576902.0
13251,"Screven, GA",2023,613546.0
13251,"Screven, GA",2024,632687.0
13253,"Seminole, GA",2019,369935.0
13253,"Seminole, GA",2020,412141.0
13253,"Seminole, GA",2021,434418.0
13253,"Seminole, GA",2022,407201.0
13253,"Seminole, GA",2023,427563.0
13253,"Seminole, GA",2024,447470.0
13255,"Spalding, GA",2019,2387343.0
13255,"Spalding, GA",2020,2598888.0
13255,"Spalding, GA",2021,2921980.0
13255,"Spalding, GA",2022,2963007.0
13255,"Spalding, GA",2023,3145563.0
13255,"Spalding, GA",2024,3314192.0
13257,"Stephens, GA",2019,964743.0
13257,"Stephens, GA",2020,1057264.0
13257,"Stephens, GA",2021,1169964.0
13257,"Stephens, GA",2022,1230113.0
13257,"Stephens, GA",2023,1287572.0
13257,"Stephens, GA",2024,1363656.0
13259,"Stewart, GA",2019,149753.0
13259,"Stewart, GA",2020,163884.0
13259,"Stewart, GA",2021,167452.0
13259,"Stewart, GA",2022,168264.0
13259,"Stewart, GA",2023,171885.0
13259,"Stewart, GA",2024,176332.0
13261,"Sumter, GA",2019,1089798.0
13261,"Sumter, GA",2020,1187905.0
13261,"Sumter, GA",2021,1268362.0
13261,"Sumter, GA",2022,1261869.0
13261,"Sumter, GA",2023,1310957.0
13261,"Sumter, GA",2024,1335863.0
13263,"Talbot, GA",2019,219822.0
13263,"Talbot, GA",2020,248697.0
13263,"Talbot, GA",2021,275000.0
13263,"Talbot, GA",2022,265800.0
13263,"Talbot, GA",2023,286989.0
13263,"Talbot, GA",2024,307496.0
13265,"Taliaferro, GA",2019,58667.0
13265,"Taliaferro, GA",2020,59626.0
13265,"Taliaferro, GA",2021,65143.0
13265,"Taliaferro, GA",2022,70181.0
13265,"Taliaferro, GA",2023,69690.0
13265,"Taliaferro, GA",2024,75361.0
13267,"Tattnall, GA",2019,718485.0
13267,"Tattnall, GA",2020,756106.0
13267,"Tattnall, GA",2021,846000.0
13267,"Tattnall, GA",2022,883943.0
13267,"Tattnall, GA",2023,879489.0
13267,"Tattnall, GA",2024,994626.0
13269,"Taylor, GA",2019,258817.0
13269,"Taylor, GA",2020,275211.0
13269,"Taylor, GA",2021,310400.0
13269,"Taylor, GA",2022,298439.0
13269,"Taylor, GA",2023,327844.0
13269,"Taylor, GA",2024,341120.0
13271,"Telfair, GA",2019,325558.0
13271,"Telfair, GA",2020,348699.0
13271,"Telfair, GA",2021,376393.0
13271,"Telfair, GA",2022,357220.0
13271,"Telfair, GA",2023,377493.0
13271,"Telfair, GA",2024,392531.0
13273,"Terrell, GA",2019,358809.0
13273,"Terrell, GA",2020,392747.0
13273,"Terrell, GA",2021,428063.0
13273,"Terrell, GA",2022,412224.0
13273,"Terrell, GA",2023,429790.0
13273,"Terrell, GA",2024,444197.0
13275,"Thomas, GA",2019,1998953.0
13275,"Thomas, GA",2020,2177200.0
13275,"Thomas, GA",2021,2441062.0
13275,"Thomas, GA",2022,2479643.0
13275,"Thomas, GA",2023,2604489.0
13275,"Thomas, GA",2024,2726004.0
13277,"Tift, GA",2019,1552835.0
13277,"Tift, GA",2020,1722574.0
13277,"Tift, GA",2021,1859098.0
13277,"Tift, GA",2022,1901657.0
13277,"Tift, GA",2023,1994568.0
13277,"Tift, GA",2024,2083829.0
13279,"Toombs, GA",2019,951569.0
13279,"Toombs, GA",2020,1075831.0
13279,"Toombs, GA",2021,1154094.0
13279,"Toombs, GA",2022,1144331.0
13279,"Toombs, GA",2023,1198600.0
13279,"Toombs, GA",2024,1268564.0
13281,"Towns, GA",2019,489729.0
13281,"Towns, GA",2020,558469.0
13281,"Towns, GA",2021,615371.0
13281,"Towns, GA",2022,626422.0
13281,"Towns, GA",2023,679633.0
13281,"Towns, GA",2024,736981.0
13283,"Treutlen, GA",2019,205146.0
13283,"Treutlen, GA",2020,221715.0
13283,"Treutlen, GA",2021,244934.0
13283,"Treutlen, GA",2022,249656.0
13283,"Treutlen, GA",2023,268755.0
13283,"Treutlen, GA",2024,265465.0
13285,"Troup, GA",2019,2589966.0
13285,"Troup, GA",2020,2862092.0
13285,"Troup, GA",2021,3131952.0
13285,"Troup, GA",2022,3190374.0
13285,"Troup, GA",2023,3367612.0
13285,"Troup, GA",2024,3568858.0
13287,"Turner, GA",2019,291867.0
13287,"Turner, GA",2020,307260.0
13287,"Turner, GA",2021,343603.0
13287,"Turner, GA",2022,338835.0
13287,"Turner, GA",2023,346232.0
13287,"Turner, GA",2024,360081.0
13289,"Twiggs, GA",2019,316357.0
13289,"Twiggs, GA",2020,331141.0
13289,"Twiggs, GA",2021,355581.0
13289,"Twiggs, GA",2022,337011.0
13289,"Twiggs, GA",2023,368176.0
13289,"Twiggs, GA",2024,382658.0
13291,"Union, GA",2019,945033.0
13291,"Union, GA",2020,1038905.0
13291,"Union, GA",2021,1150237.0
13291,"Union, GA",2022,1204597.0
13291,"Union, GA",2023,1315605.0
13291,"Union, GA",2024,1398105.0
13293,"Upson, GA",2019,970713.0
13293,"Upson, GA",2020,1038910.0
13293,"Upson, GA",2021,1146872.0
13293,"Upson, GA",2022,1185848.0
13293,"Upson, GA",2023,1236898.0
13293,"Upson, GA",2024,1301663.0
13295,"Walker, GA",2019,2371078.0
13295,"Walker, GA",2020,2559970.0
13295,"Walker, GA",2021,2843353.0
13295,"Walker, GA",2022,2956243.0
13295,"Walker, GA",2023,3089142.0
13295,"Walker, GA",2024,3256128.0
13297,"Walton, GA",2019,4093424.0
13297,"Walton, GA",2020,4473775.0
13297,"Walton, GA",2021,5056266.0
13297,"Walton, GA",2022,5427262.0
13297,"Walton, GA",2023,5664394.0
13297,"Walton, GA",2024,6082823.0
13299,"Ware, GA",2019,1203369.0
13299,"Ware, GA",2020,1319863.0
13299,"Ware, GA",2021,1412247.0
13299,"Ware, GA",2022,1394448.0
13299,"Ware, GA",2023,1452218.0
13299,"Ware, GA",2024,1513299.0
13301,"Warren, GA",2019,185101.0
13301,"Warren, GA",2020,209175.0
13301,"Warren, GA",2021,218452.0
13301,"Warren, GA",2022,212508.0
13301,"Warren, GA",2023,219177.0
13301,"Warren, GA",2024,226738.0
13303,"Washington, GA",2019,708526.0
13303,"Washington, GA",2020,797789.0
13303,"Washington, GA",2021,840475.0
13303,"Washington, GA",2022,832648.0
13303,"Washington, GA",2023,895723.0
13303,"Washington, GA",2024,937994.0
13305,"Wayne, GA",2019,975272.0
13305,"Wayne, GA",2020,1052682.0
13305,"Wayne, GA",2021,1181678.0
13305,"Wayne, GA",2022,1179129.0
13305,"Wayne, GA",2023,1248049.0
13305,"Wayne, GA",2024,1331978.0
13307,"Webster, GA",2019,88955.0
13307,"Webster, GA",2020,94643.0
13307,"Webster, GA",2021,97774.0
13307,"Webster, GA",2022,92498.0
13307,"Webster, GA",2023,102800.0
13307,"Webster, GA",2024,102602.0
13309,"Wheeler, GA",2019,149205.0
13309,"Wheeler, GA",2020,168143.0
13309,"Wheeler, GA",2021,185157.0
13309,"Wheeler, GA",2022,170576.0
13309,"Wheeler, GA",2023,177318.0
13309,"Wheeler, GA",2024,184817.0
13311,"White, GA",2019,1130832.0
13311,"White, GA",2020,1228380.0
13311,"White, GA",2021,1371684.0
13311,"White, GA",2022,1405302.0
13311,"White, GA",2023,1480502.0
13311,"White, GA",2024,1590115.0
13313,"Whitfield, GA",2019,4150777.0
13313,"Whitfield, GA",2020,4421238.0
13313,"Whitfield, GA",2021,4833370.0
13313,"Whitfield, GA",2022,4765789.0
13313,"Whitfield, GA",2023,4963389.0
13313,"Whitfield, GA",2024,5222648.0
13315,"Wilcox, GA",2019,247979.0
13315,"Wilcox, GA",2020,253145.0
13315,"Wilcox, GA",2021,284918.0
13315,"Wilcox, GA",2022,295455.0
13315,"Wilcox, GA",2023,293857.0
13315,"Wilcox, GA",2024,325276.0
13317,"Wilkes, GA",2019,400995.0
13317,"Wilkes, GA",2020,408619.0
13317,"Wilkes, GA",2021,459896.0
13317,"Wilkes, GA",2022,500922.0
13317,"Wilkes, GA",2023,498172.0
13317,"Wilkes, GA",2024,564264.0
13319,"Wilkinson, GA",2019,322802.0
13319,"Wilkinson, GA",2020,349999.0
13319,"Wilkinson, GA",2021,379630.0
13319,"Wilkinson, GA",2022,366953.0
13319,"Wilkinson, GA",2023,386813.0
13319,"Wilkinson, GA",2024,409117.0
13321,"Worth, GA",2019,731038.0
13321,"Worth, GA",2020,791875.0
13321,"Worth, GA",2021,860700.0
13321,"Worth, GA",2022,851189.0
13321,"Worth, GA",2023,871193.0
13321,"Worth, GA",2024,907862.0
15001,"Hawaii, HI",2019,8597177.0
15001,"Hawaii, HI",2020,9130567.0
15001,"Hawaii, HI",2021,10299429.0
15001,"Hawaii, HI",2022,10543526.0
15001,"Hawaii, HI",2023,11385794.0
15001,"Hawaii, HI",2024,12103588.0
15003,"Honolulu, HI",2019,57850920.0
15003,"Honolulu, HI",2020,61026115.0
15003,"Honolulu, HI",2021,64234519.0
15003,"Honolulu, HI",2022,66009589.0
15003,"Honolulu, HI",2023,70296998.0
15003,"Honolulu, HI",2024,74587736.0
15007,"Kauai, HI",2019,3681686.0
15007,"Kauai, HI",2020,3881237.0
15007,"Kauai, HI",2021,4196157.0
15007,"Kauai, HI",2022,4358647.0
15007,"Kauai, HI",2023,4688559.0
15007,"Kauai, HI",2024,4959851.0
15901,"Maui + Kalawao, HI*",2019,8457159.0
15901,"Maui + Kalawao, HI*",2020,8720585.0
15901,"Maui + Kalawao, HI*",2021,9920251.0
15901,"Maui + Kalawao, HI*",2022,10096090.0
15901,"Maui + Kalawao, HI*",2023,10590017.0
15901,"Maui + Kalawao, HI*",2024,11052598.0
16001,"Ada, ID",2019,26329647.0
16001,"Ada, ID",2020,29050854.0
16001,"Ada, ID",2021,33696417.0
16001,"Ada, ID",2022,36031601.0
16001,"Ada, ID",2023,38125551.0
16001,"Ada, ID",2024,41214019.0
16003,"Adams, ID",2019,165791.0
16003,"Adams, ID",2020,179599.0
16003,"Adams, ID",2021,214526.0
16003,"Adams, ID",2022,211708.0
16003,"Adams, ID",2023,231620.0
16003,"Adams, ID",2024,247280.0
16005,"Bannock, ID",2019,3363976.0
16005,"Bannock, ID",2020,3717747.0
16005,"Bannock, ID",2021,4142674.0
16005,"Bannock, ID",2022,4304347.0
16005,"Bannock, ID",2023,4586732.0
16005,"Bannock, ID",2024,4888197.0
16007,"Bear Lake, ID",2019,255557.0
16007,"Bear Lake, ID",2020,283466.0
16007,"Bear Lake, ID",2021,308040.0
16007,"Bear Lake, ID",2022,323470.0
16007,"Bear Lake, ID",2023,340974.0
16007,"Bear Lake, ID",2024,357173.0
16009,"Benewah, ID",2019,363580.0
16009,"Benewah, ID",2020,411626.0
16009,"Benewah, ID",2021,445632.0
16009,"Benewah, ID",2022,452815.0
16009,"Benewah, ID",2023,476444.0
16009,"Benewah, ID",2024,494934.0
16011,"Bingham, ID",2019,1760050.0
16011,"Bingham, ID",2020,1986224.0
16011,"Bingham, ID",2021,2283158.0
16011,"Bingham, ID",2022,2405962.0
16011,"Bingham, ID",2023,2555454.0
16011,"Bingham, ID",2024,2591681.0
16013,"Blaine, ID",2019,2815012.0
16013,"Blaine, ID",2020,3038226.0
16013,"Blaine, ID",2021,4128326.0
16013,"Blaine, ID",2022,4405506.0
16013,"Blaine, ID",2023,4865262.0
16013,"Blaine, ID",2024,5118177.0
16015,"Boise, ID",2019,351032.0
16015,"Boise, ID",2020,390131.0
16015,"Boise, ID",2021,439767.0
16015,"Boise, ID",2022,438997.0
16015,"Boise, ID",2023,477415.0
16015,"Boise, ID",2024,515654.0
16017,"Bonner, ID",2019,2002865.0
16017,"Bonner, ID",2020,2305257.0
16017,"Bonner, ID",2021,2614957.0
16017,"Bonner, ID",2022,2745963.0
16017,"Bonner, ID",2023,2945016.0
16017,"Bonner, ID",2024,3113525.0
16019,"Bonneville, ID",2019,6859540.0
16019,"Bonneville, ID",2020,7528939.0
16019,"Bonneville, ID",2021,8120699.0
16019,"Bonneville, ID",2022,7443374.0
16019,"Bonneville, ID",2023,7294918.0
16019,"Bonneville, ID",2024,7809455.0
16021,"Boundary, ID",2019,454726.0
16021,"Boundary, ID",2020,507738.0
16021,"Boundary, ID",2021,599475.0
16021,"Boundary, ID",2022,609215.0
16021,"Boundary, ID",2023,646585.0
16021,"Boundary, ID",2024,691033.0
16023,"Butte, ID",2019,113161.0
16023,"Butte, ID",2020,128941.0
16023,"Butte, ID",2021,135933.0
16023,"Butte, ID",2022,144439.0
16023,"Butte, ID",2023,154023.0
16023,"Butte, ID",2024,156066.0
16025,"Camas, ID",2019,52277.0
16025,"Camas, ID",2020,57746.0
16025,"Camas, ID",2021,67499.0
16025,"Camas, ID",2022,75231.0
16025,"Camas, ID",2023,79347.0
16025,"Camas, ID",2024,81621.0
16027,"Canyon, ID",2019,8074748.0
16027,"Canyon, ID",2020,9069929.0
16027,"Canyon, ID",2021,10777954.0
16027,"Canyon, ID",2022,11617547.0
16027,"Canyon, ID",2023,12235787.0
16027,"Canyon, ID",2024,13389824.0
16029,"Caribou, ID",2019,301572.0
16029,"Caribou, ID",2020,337858.0
16029,"Caribou, ID",2021,337203.0
16029,"Caribou, ID",2022,356134.0
16029,"Caribou, ID",2023,387286.0
16029,"Caribou, ID",2024,393716.0
16031,"Cassia, ID",2019,1082598.0
16031,"Cassia, ID",2020,1228028.0
16031,"Cassia, ID",2021,1299825.0
16031,"Cassia, ID",2022,1381880.0
16031,"Cassia, ID",2023,1433151.0
16031,"Cassia, ID",2024,1543847.0
16033,"Clark, ID",2019,33698.0
16033,"Clark, ID",2020,37408.0
16033,"Clark, ID",2021,34649.0
16033,"Clark, ID",2022,40804.0
16033,"Clark, ID",2023,42131.0
16033,"Clark, ID",2024,41938.0
16035,"Clearwater, ID",2019,314575.0
16035,"Clearwater, ID",2020,347061.0
16035,"Clearwater, ID",2021,384563.0
16035,"Clearwater, ID",2022,385737.0
16035,"Clearwater, ID",2023,416191.0
16035,"Clearwater, ID",2024,431182.0
16037,"Custer, ID",2019,180480.0
16037,"Custer, ID",2020,197116.0
16037,"Custer, ID",2021,224680.0
16037,"Custer, ID",2022,227606.0
16037,"Custer, ID",2023,245164.0
16037,"Custer, ID",2024,263700.0
16039,"Elmore, ID",2019,1051978.0
16039,"Elmore, ID",2020,1122920.0
16039,"Elmore, ID",2021,1244638.0
16039,"Elmore, ID",2022,1316759.0
16039,"Elmore, ID",2023,1381365.0
16039,"Elmore, ID",2024,1473305.0
16041,"Franklin, ID",2019,506230.0
16041,"Franklin, ID",2020,579086.0
16041,"Franklin, ID",2021,660130.0
16041,"Franklin, ID",2022,688773.0
16041,"Franklin, ID",2023,718265.0
16041,"Franklin, ID",2024,745298.0
16043,"Fremont (includes Yellowstone Park), ID",2019,496368.0
16043,"Fremont (includes Yellowstone Park), ID",2020,553072.0
16043,"Fremont (includes Yellowstone Park), ID",2021,623084.0
16043,"Fremont (includes Yellowstone Park), ID",2022,641533.0
16043,"Fremont (includes Yellowstone Park), ID",2023,666821.0
16043,"Fremont (includes Yellowstone Park), ID",2024,684831.0
16045,"Gem, ID",2019,734626.0
16045,"Gem, ID",2020,807671.0
16045,"Gem, ID",2021,972012.0
16045,"Gem, ID",2022,943163.0
16045,"Gem, ID",2023,1008006.0
16045,"Gem, ID",2024,1092235.0
16047,"Gooding, ID",2019,906089.0
16047,"Gooding, ID",2020,993039.0
16047,"Gooding, ID",2021,1018783.0
16047,"Gooding, ID",2022,1153672.0
16047,"Gooding, ID",2023,1038038.0
16047,"Gooding, ID",2024,1148807.0
16049,"Idaho, ID",2019,577419.0
16049,"Idaho, ID",2020,647941.0
16049,"Idaho, ID",2021,765222.0
16049,"Idaho, ID",2022,773638.0
16049,"Idaho, ID",2023,829127.0
16049,"Idaho, ID",2024,868313.0
16051,"Jefferson, ID",2019,1137448.0
16051,"Jefferson, ID",2020,1245341.0
16051,"Jefferson, ID",2021,1448884.0
16051,"Jefferson, ID",2022,1587568.0
16051,"Jefferson, ID",2023,1679228.0
16051,"Jefferson, ID",2024,1751702.0
16053,"Jerome, ID",2019,917391.0
16053,"Jerome, ID",2020,1012049.0
16053,"Jerome, ID",2021,1091609.0
16053,"Jerome, ID",2022,1194290.0
16053,"Jerome, ID",2023,1197618.0
16053,"Jerome, ID",2024,1281569.0
16055,"Kootenai, ID",2019,8002937.0
16055,"Kootenai, ID",2020,8911911.0
16055,"Kootenai, ID",2021,10606970.0
16055,"Kootenai, ID",2022,10986781.0
16055,"Kootenai, ID",2023,11818091.0
16055,"Kootenai, ID",2024,12582813.0
16057,"Latah, ID",2019,1736295.0
16057,"Latah, ID",2020,1888680.0
16057,"Latah, ID",2021,2112007.0
16057,"Latah, ID",2022,2135217.0
16057,"Latah, ID",2023,2281435.0
16057,"Latah, ID",2024,2361564.0
16059,"Lemhi, ID",2019,344238.0
16059,"Lemhi, ID",2020,378424.0
16059,"Lemhi, ID",2021,434078.0
16059,"Lemhi, ID",2022,443212.0
16059,"Lemhi, ID",2023,474047.0
16059,"Lemhi, ID",2024,503434.0
16061,"Lewis, ID",2019,188686.0
16061,"Lewis, ID",2020,205837.0
16061,"Lewis, ID",2021,221122.0
16061,"Lewis, ID",2022,220653.0
16061,"Lewis, ID",2023,209828.0
16061,"Lewis, ID",2024,214057.0
16063,"Lincoln, ID",2019,208231.0
16063,"Lincoln, ID",2020,228588.0
16063,"Lincoln, ID",2021,242360.0
16063,"Lincoln, ID",2022,277409.0
16063,"Lincoln, ID",2023,260678.0
16063,"Lincoln, ID",2024,280022.0
16065,"Madison, ID",2019,1158643.0
16065,"Madison, ID",2020,1304230.0
16065,"Madison, ID",2021,1502407.0
16065,"Madison, ID",2022,1539715.0
16065,"Madison, ID",2023,1557757.0
16065,"Madison, ID",2024,1637866.0
16067,"Minidoka, ID",2019,843600.0
16067,"Minidoka, ID",2020,972695.0
16067,"Minidoka, ID",2021,1032591.0
16067,"Minidoka, ID",2022,1108564.0
16067,"Minidoka, ID",2023,1175811.0
16067,"Minidoka, ID",2024,1189185.0
16069,"Nez Perce, ID",2019,1840908.0
16069,"Nez Perce, ID",2020,1995421.0
16069,"Nez Perce, ID",2021,2245364.0
16069,"Nez Perce, ID",2022,2282820.0
16069,"Nez Perce, ID",2023,2427654.0
16069,"Nez Perce, ID",2024,2561206.0
16071,"Oneida, ID",2019,172578.0
16071,"Oneida, ID",2020,193010.0
16071,"Oneida, ID",2021,212316.0
16071,"Oneida, ID",2022,225114.0
16071,"Oneida, ID",2023,244705.0
16071,"Oneida, ID",2024,251199.0
16073,"Owyhee, ID",2019,455784.0
16073,"Owyhee, ID",2020,503748.0
16073,"Owyhee, ID",2021,559633.0
16073,"Owyhee, ID",2022,621098.0
16073,"Owyhee, ID",2023,622543.0
16073,"Owyhee, ID",2024,671969.0
16075,"Payette, ID",2019,1004625.0
16075,"Payette, ID",2020,1109787.0
16075,"Payette, ID",2021,1254775.0
16075,"Payette, ID",2022,1304128.0
16075,"Payette, ID",2023,1364250.0
16075,"Payette, ID",2024,1463663.0
16077,"Power, ID",2019,316409.0
16077,"Power, ID",2020,356739.0
16077,"Power, ID",2021,349067.0
16077,"Power, ID",2022,411957.0
16077,"Power, ID",2023,444393.0
16077,"Power, ID",2024,395952.0
16079,"Shoshone, ID",2019,479422.0
16079,"Shoshone, ID",2020,551404.0
16079,"Shoshone, ID",2021,647440.0
16079,"Shoshone, ID",2022,622958.0
16079,"Shoshone, ID",2023,635919.0
16079,"Shoshone, ID",2024,662905.0
16081,"Teton, ID",2019,508302.0
16081,"Teton, ID",2020,576215.0
16081,"Teton, ID",2021,731465.0
16081,"Teton, ID",2022,815751.0
16081,"Teton, ID",2023,878571.0
16081,"Teton, ID",2024,936845.0
16083,"Twin Falls, ID",2019,3541286.0
16083,"Twin Falls, ID",2020,3951539.0
16083,"Twin Falls, ID",2021,4439514.0
16083,"Twin Falls, ID",2022,4717366.0
16083,"Twin Falls, ID",2023,4864802.0
16083,"Twin Falls, ID",2024,5188980.0
16085,"Valley, ID",2019,584537.0
16085,"Valley, ID",2020,644958.0
16085,"Valley, ID",2021,778865.0
16085,"Valley, ID",2022,787460.0
16085,"Valley, ID",2023,860472.0
16085,"Valley, ID",2024,918418.0
16087,"Washington, ID",2019,378747.0
16087,"Washington, ID",2020,421858.0
16087,"Washington, ID",2021,465717.0
16087,"Washington, ID",2022,489128.0
16087,"Washington, ID",2023,513959.0
16087,"Washington, ID",2024,537510.0
17001,"Adams, IL",2019,3076697.0
17001,"Adams, IL",2020,3390324.0
17001,"Adams, IL",2021,3635204.0
17001,"Adams, IL",2022,3675510.0
17001,"Adams, IL",2023,3878771.0
17001,"Adams, IL",2024,3998921.0
17003,"Alexander, IL",2019,218366.0
17003,"Alexander, IL",2020,237181.0
17003,"Alexander, IL",2021,251102.0
17003,"Alexander, IL",2022,239673.0
17003,"Alexander, IL",2023,253185.0
17003,"Alexander, IL",2024,249649.0
17005,"Bond, IL",2019,633125.0
17005,"Bond, IL",2020,681153.0
17005,"Bond, IL",2021,750264.0
17005,"Bond, IL",2022,753131.0
17005,"Bond, IL",2023,789697.0
17005,"Bond, IL",2024,803935.0
17007,"Boone, IL",2019,2552217.0
17007,"Boone, IL",2020,2677515.0
17007,"Boone, IL",2021,2944492.0
17007,"Boone, IL",2022,2937307.0
17007,"Boone, IL",2023,3060154.0
17007,"Boone, IL",2024,3183210.0
17009,"Brown, IL",2019,238779.0
17009,"Brown, IL",2020,262303.0
17009,"Brown, IL",2021,285608.0
17009,"Brown, IL",2022,296615.0
17009,"Brown, IL",2023,306603.0
17009,"Brown, IL",2024,314918.0
17011,"Bureau, IL",2019,1372967.0
17011,"Bureau, IL",2020,1536783.0
17011,"Bureau, IL",2021,1721622.0
17011,"Bureau, IL",2022,1699021.0
17011,"Bureau, IL",2023,1755255.0
17011,"Bureau, IL",2024,1776039.0
17013,"Calhoun, IL",2019,202499.0
17013,"Calhoun, IL",2020,217897.0
17013,"Calhoun, IL",2021,244649.0
17013,"Calhoun, IL",2022,248174.0
17013,"Calhoun, IL",2023,254433.0
17013,"Calhoun, IL",2024,255685.0
17015,"Carroll, IL",2019,635323.0
17015,"Carroll, IL",2020,714607.0
17015,"Carroll, IL",2021,797570.0
17015,"Carroll, IL",2022,806482.0
17015,"Carroll, IL",2023,824353.0
17015,"Carroll, IL",2024,836614.0
17017,"Cass, IL",2019,502880.0
17017,"Cass, IL",2020,575567.0
17017,"Cass, IL",2021,630357.0
17017,"Cass, IL",2022,642232.0
17017,"Cass, IL",2023,656445.0
17017,"Cass, IL",2024,661009.0
17019,"Champaign, IL",2019,9546842.0
17019,"Champaign, IL",2020,10328357.0
17019,"Champaign, IL",2021,11221950.0
17019,"Champaign, IL",2022,11454893.0
17019,"Champaign, IL",2023,12175509.0
17019,"Champaign, IL",2024,12711252.0
17021,"Christian, IL",2019,1350488.0
17021,"Christian, IL",2020,1495537.0
17021,"Christian, IL",2021,1645178.0
17021,"Christian, IL",2022,1680074.0
17021,"Christian, IL",2023,1747650.0
17021,"Christian, IL",2024,1793597.0
17023,"Clark, IL",2019,650866.0
17023,"Clark, IL",2020,699135.0
17023,"Clark, IL",2021,787161.0
17023,"Clark, IL",2022,798505.0
17023,"Clark, IL",2023,819988.0
17023,"Clark, IL",2024,837385.0
17025,"Clay, IL",2019,521902.0
17025,"Clay, IL",2020,576952.0
17025,"Clay, IL",2021,657463.0
17025,"Clay, IL",2022,655273.0
17025,"Clay, IL",2023,694792.0
17025,"Clay, IL",2024,704412.0
17027,"Clinton, IL",2019,1818434.0
17027,"Clinton, IL",2020,1952987.0
17027,"Clinton, IL",2021,2140233.0
17027,"Clinton, IL",2022,2218904.0
17027,"Clinton, IL",2023,2290717.0
17027,"Clinton, IL",2024,2401175.0
17029,"Coles, IL",2019,2054522.0
17029,"Coles, IL",2020,2251337.0
17029,"Coles, IL",2021,2464484.0
17029,"Coles, IL",2022,2445905.0
17029,"Coles, IL",2023,2578335.0
17029,"Coles, IL",2024,2685741.0
17031,"Cook, IL",2019,333178302.0
17031,"Cook, IL",2020,353754074.0
17031,"Cook, IL",2021,376368436.0
17031,"Cook, IL",2022,374455683.0
17031,"Cook, IL",2023,396068334.0
17031,"Cook, IL",2024,414425134.0
17033,"Crawford, IL",2019,866904.0
17033,"Crawford, IL",2020,910785.0
17033,"Crawford, IL",2021,977937.0
17033,"Crawford, IL",2022,1053535.0
17033,"Crawford, IL",2023,1092712.0
17033,"Crawford, IL",2024,1122366.0
17035,"Cumberland, IL",2019,769626.0
17035,"Cumberland, IL",2020,858844.0
17035,"Cumberland, IL",2021,932081.0
17035,"Cumberland, IL",2022,970076.0
17035,"Cumberland, IL",2023,1032702.0
17035,"Cumberland, IL",2024,1080892.0
17037,"DeKalb, IL",2019,4387881.0
17037,"DeKalb, IL",2020,4685281.0
17037,"DeKalb, IL",2021,5087148.0
17037,"DeKalb, IL",2022,5111225.0
17037,"DeKalb, IL",2023,5344821.0
17037,"DeKalb, IL",2024,5574043.0
17039,"De Witt, IL",2019,721278.0
17039,"De Witt, IL",2020,798647.0
17039,"De Witt, IL",2021,884722.0
17039,"De Witt, IL",2022,909351.0
17039,"De Witt, IL",2023,932804.0
17039,"De Witt, IL",2024,945591.0
17041,"Douglas, IL",2019,978381.0
17041,"Douglas, IL",2020,1085530.0
17041,"Douglas, IL",2021,1204664.0
17041,"Douglas, IL",2022,1346436.0
17041,"Douglas, IL",2023,1357765.0
17041,"Douglas, IL",2024,1388304.0
17043,"DuPage, IL",2019,70463911.0
17043,"DuPage, IL",2020,73240485.0
17043,"DuPage, IL",2021,79738737.0
17043,"DuPage, IL",2022,83014887.0
17043,"DuPage, IL",2023,88230670.0
17043,"DuPage, IL",2024,92290268.0
17045,"Edgar, IL",2019,713974.0
17045,"Edgar, IL",2020,810352.0
17045,"Edgar, IL",2021,915150.0
17045,"Edgar, IL",2022,938958.0
17045,"Edgar, IL",2023,948052.0
17045,"Edgar, IL",2024,960239.0
17047,"Edwards, IL",2019,261626.0
17047,"Edwards, IL",2020,281186.0
17047,"Edwards, IL",2021,310075.0
17047,"Edwards, IL",2022,309177.0
17047,"Edwards, IL",2023,314725.0
17047,"Edwards, IL",2024,318508.0
17049,"Effingham, IL",2019,1727275.0
17049,"Effingham, IL",2020,1920347.0
17049,"Effingham, IL",2021,2092432.0
17049,"Effingham, IL",2022,2198030.0
17049,"Effingham, IL",2023,2361119.0
17049,"Effingham, IL",2024,2497565.0
17051,"Fayette, IL",2019,775038.0
17051,"Fayette, IL",2020,862830.0
17051,"Fayette, IL",2021,966997.0
17051,"Fayette, IL",2022,967113.0
17051,"Fayette, IL",2023,1002475.0
17051,"Fayette, IL",2024,1039966.0
17053,"Ford, IL",2019,685952.0
17053,"Ford, IL",2020,767130.0
17053,"Ford, IL",2021,839549.0
17053,"Ford, IL",2022,917090.0
17053,"Ford, IL",2023,921164.0
17053,"Ford, IL",2024,933802.0
17055,"Franklin, IL",2019,1455853.0
17055,"Franklin, IL",2020,1588209.0
17055,"Franklin, IL",2021,1719716.0
17055,"Franklin, IL",2022,1706283.0
17055,"Franklin, IL",2023,1807969.0
17055,"Franklin, IL",2024,1902807.0
17057,"Fulton, IL",2019,1308565.0
17057,"Fulton, IL",2020,1434646.0
17057,"Fulton, IL",2021,1568900.0
17057,"Fulton, IL",2022,1599289.0
17057,"Fulton, IL",2023,1662947.0
17057,"Fulton, IL",2024,1705002.0
17059,"Gallatin, IL",2019,205302.0
17059,"Gallatin, IL",2020,223175.0
17059,"Gallatin, IL",2021,266378.0
17059,"Gallatin, IL",2022,267549.0
17059,"Gallatin, IL",2023,273986.0
17059,"Gallatin, IL",2024,268233.0
17061,"Greene, IL",2019,460437.0
17061,"Greene, IL",2020,531420.0
17061,"Greene, IL",2021,613213.0
17061,"Greene, IL",2022,625756.0
17061,"Greene, IL",2023,621132.0
17061,"Greene, IL",2024,625168.0
17063,"Grundy, IL",2019,3026327.0
17063,"Grundy, IL",2020,3100031.0
17063,"Grundy, IL",2021,3158522.0
17063,"Grundy, IL",2022,3147830.0
17063,"Grundy, IL",2023,3335014.0
17063,"Grundy, IL",2024,3435980.0
17065,"Hamilton, IL",2019,347760.0
17065,"Hamilton, IL",2020,375449.0
17065,"Hamilton, IL",2021,431038.0
17065,"Hamilton, IL",2022,424948.0
17065,"Hamilton, IL",2023,437692.0
17065,"Hamilton, IL",2024,441473.0
17067,"Hancock, IL",2019,782116.0
17067,"Hancock, IL",2020,880119.0
17067,"Hancock, IL",2021,979584.0
17067,"Hancock, IL",2022,987196.0
17067,"Hancock, IL",2023,1028430.0
17067,"Hancock, IL",2024,1032636.0
17069,"Hardin, IL",2019,144408.0
17069,"Hardin, IL",2020,151814.0
17069,"Hardin, IL",2021,166567.0
17069,"Hardin, IL",2022,185301.0
17069,"Hardin, IL",2023,193922.0
17069,"Hardin, IL",2024,198492.0
17071,"Henderson, IL",2019,267977.0
17071,"Henderson, IL",2020,298998.0
17071,"Henderson, IL",2021,347368.0
17071,"Henderson, IL",2022,358617.0
17071,"Henderson, IL",2023,347452.0
17071,"Henderson, IL",2024,333505.0
17073,"Henry, IL",2019,2259289.0
17073,"Henry, IL",2020,2476930.0
17073,"Henry, IL",2021,2718191.0
17073,"Henry, IL",2022,2749455.0
17073,"Henry, IL",2023,2837139.0
17073,"Henry, IL",2024,2892912.0
17075,"Iroquois, IL",2019,1197109.0
17075,"Iroquois, IL",2020,1344382.0
17075,"Iroquois, IL",2021,1488855.0
17075,"Iroquois, IL",2022,1509538.0
17075,"Iroquois, IL",2023,1527688.0
17075,"Iroquois, IL",2024,1551616.0
17077,"Jackson, IL",2019,2107446.0
17077,"Jackson, IL",2020,2267075.0
17077,"Jackson, IL",2021,2475471.0
17077,"Jackson, IL",2022,2467742.0
17077,"Jackson, IL",2023,2619689.0
17077,"Jackson, IL",2024,2710873.0
17079,"Jasper, IL",2019,397802.0
17079,"Jasper, IL",2020,457262.0
17079,"Jasper, IL",2021,520767.0
17079,"Jasper, IL",2022,517898.0
17079,"Jasper, IL",2023,519172.0
17079,"Jasper, IL",2024,542412.0
17081,"Jefferson, IL",2019,1498975.0
17081,"Jefferson, IL",2020,1632652.0
17081,"Jefferson, IL",2021,1762718.0
17081,"Jefferson, IL",2022,1743839.0
17081,"Jefferson, IL",2023,1834144.0
17081,"Jefferson, IL",2024,1909803.0
17083,"Jersey, IL",2019,928643.0
17083,"Jersey, IL",2020,1025164.0
17083,"Jersey, IL",2021,1122272.0
17083,"Jersey, IL",2022,1129803.0
17083,"Jersey, IL",2023,1168733.0
17083,"Jersey, IL",2024,1196355.0
17085,"Jo Daviess, IL",2019,1041578.0
17085,"Jo Daviess, IL",2020,1131492.0
17085,"Jo Daviess, IL",2021,1246846.0
17085,"Jo Daviess, IL",2022,1253938.0
17085,"Jo Daviess, IL",2023,1328984.0
17085,"Jo Daviess, IL",2024,1370509.0
17087,"Johnson, IL",2019,457611.0
17087,"Johnson, IL",2020,492250.0
17087,"Johnson, IL",2021,533554.0
17087,"Johnson, IL",2022,525952.0
17087,"Johnson, IL",2023,562587.0
17087,"Johnson, IL",2024,586908.0
17089,"Kane, IL",2019,28059442.0
17089,"Kane, IL",2020,29924880.0
17089,"Kane, IL",2021,32383147.0
17089,"Kane, IL",2022,33067516.0
17089,"Kane, IL",2023,34805871.0
17089,"Kane, IL",2024,36432011.0
17091,"Kankakee, IL",2019,4675892.0
17091,"Kankakee, IL",2020,5073278.0
17091,"Kankakee, IL",2021,5504507.0
17091,"Kankakee, IL",2022,5404605.0
17091,"Kankakee, IL",2023,5663092.0
17091,"Kankakee, IL",2024,5862274.0
17093,"Kendall, IL",2019,6638536.0
17093,"Kendall, IL",2020,7045195.0
17093,"Kendall, IL",2021,7734056.0
17093,"Kendall, IL",2022,7994034.0
17093,"Kendall, IL",2023,8509683.0
17093,"Kendall, IL",2024,9026674.0
17095,"Knox, IL",2019,1949925.0
17095,"Knox, IL",2020,2156898.0
17095,"Knox, IL",2021,2347128.0
17095,"Knox, IL",2022,2321272.0
17095,"Knox, IL",2023,2448042.0
17095,"Knox, IL",2024,2532967.0
17097,"Lake, IL",2019,56240487.0
17097,"Lake, IL",2020,57951737.0
17097,"Lake, IL",2021,64025858.0
17097,"Lake, IL",2022,66484398.0
17097,"Lake, IL",2023,71164581.0
17097,"Lake, IL",2024,74408893.0
17099,"LaSalle, IL",2019,4902927.0
17099,"LaSalle, IL",2020,5302666.0
17099,"LaSalle, IL",2021,5732918.0
17099,"LaSalle, IL",2022,5809186.0
17099,"LaSalle, IL",2023,6089744.0
17099,"LaSalle, IL",2024,6233511.0
17101,"Lawrence, IL",2019,480050.0
17101,"Lawrence, IL",2020,542005.0
17101,"Lawrence, IL",2021,604728.0
17101,"Lawrence, IL",2022,621600.0
17101,"Lawrence, IL",2023,630783.0
17101,"Lawrence, IL",2024,645419.0
17103,"Lee, IL",2019,1449834.0
17103,"Lee, IL",2020,1593055.0
17103,"Lee, IL",2021,1759970.0
17103,"Lee, IL",2022,1762660.0
17103,"Lee, IL",2023,1825265.0
17103,"Lee, IL",2024,1861252.0
17105,"Livingston, IL",2019,1628722.0
17105,"Livingston, IL",2020,1836709.0
17105,"Livingston, IL",2021,2025802.0
17105,"Livingston, IL",2022,2072292.0
17105,"Livingston, IL",2023,2084952.0
17105,"Livingston, IL",2024,2101406.0
17107,"Logan, IL",2019,1071445.0
17107,"Logan, IL",2020,1181970.0
17107,"Logan, IL",2021,1330754.0
17107,"Logan, IL",2022,1341837.0
17107,"Logan, IL",2023,1371650.0
17107,"Logan, IL",2024,1391632.0
17109,"McDonough, IL",2019,1117559.0
17109,"McDonough, IL",2020,1208791.0
17109,"McDonough, IL",2021,1300797.0
17109,"McDonough, IL",2022,1316863.0
17109,"McDonough, IL",2023,1363853.0
17109,"McDonough, IL",2024,1369965.0
17111,"McHenry, IL",2019,17555059.0
17111,"McHenry, IL",2020,18415933.0
17111,"McHenry, IL",2021,19870594.0
17111,"McHenry, IL",2022,20495267.0
17111,"McHenry, IL",2023,21693167.0
17111,"McHenry, IL",2024,22800382.0
17113,"McLean, IL",2019,8516819.0
17113,"McLean, IL",2020,9375531.0
17113,"McLean, IL",2021,10089717.0
17113,"McLean, IL",2022,10375369.0
17113,"McLean, IL",2023,10891404.0
17113,"McLean, IL",2024,11372166.0
17115,"Macon, IL",2019,4948358.0
17115,"Macon, IL",2020,5361516.0
17115,"Macon, IL",2021,5767861.0
17115,"Macon, IL",2022,5809047.0
17115,"Macon, IL",2023,6044006.0
17115,"Macon, IL",2024,6182761.0
17117,"Macoupin, IL",2019,1878540.0
17117,"Macoupin, IL",2020,2056211.0
17117,"Macoupin, IL",2021,2271619.0
17117,"Macoupin, IL",2022,2286406.0
17117,"Macoupin, IL",2023,2412308.0
17117,"Macoupin, IL",2024,2468979.0
17119,"Madison, IL",2019,12702765.0
17119,"Madison, IL",2020,13560237.0
17119,"Madison, IL",2021,14676375.0
17119,"Madison, IL",2022,14920985.0
17119,"Madison, IL",2023,15841058.0
17119,"Madison, IL",2024,16486997.0
17121,"Marion, IL",2019,1592915.0
17121,"Marion, IL",2020,1763200.0
17121,"Marion, IL",2021,1872522.0
17121,"Marion, IL",2022,1877728.0
17121,"Marion, IL",2023,1991153.0
17121,"Marion, IL",2024,2042865.0
17123,"Marshall, IL",2019,518421.0
17123,"Marshall, IL",2020,570491.0
17123,"Marshall, IL",2021,647638.0
17123,"Marshall, IL",2022,659122.0
17123,"Marshall, IL",2023,679067.0
17123,"Marshall, IL",2024,671020.0
17125,"Mason, IL",2019,553377.0
17125,"Mason, IL",2020,615974.0
17125,"Mason, IL",2021,709949.0
17125,"Mason, IL",2022,714516.0
17125,"Mason, IL",2023,728428.0
17125,"Mason, IL",2024,722255.0
17127,"Massac, IL",2019,535189.0
17127,"Massac, IL",2020,588165.0
17127,"Massac, IL",2021,636128.0
17127,"Massac, IL",2022,637271.0
17127,"Massac, IL",2023,682411.0
17127,"Massac, IL",2024,701610.0
17129,"Menard, IL",2019,569403.0
17129,"Menard, IL",2020,613382.0
17129,"Menard, IL",2021,692561.0
17129,"Menard, IL",2022,693846.0
17129,"Menard, IL",2023,718256.0
17129,"Menard, IL",2024,739178.0
17131,"Mercer, IL",2019,719365.0
17131,"Mercer, IL",2020,815537.0
17131,"Mercer, IL",2021,916264.0
17131,"Mercer, IL",2022,926972.0
17131,"Mercer, IL",2023,921274.0
17131,"Mercer, IL",2024,935322.0
17133,"Monroe, IL",2019,2031316.0
17133,"Monroe, IL",2020,2136938.0
17133,"Monroe, IL",2021,2381689.0
17133,"Monroe, IL",2022,2445502.0
17133,"Monroe, IL",2023,2612321.0
17133,"Monroe, IL",2024,2720836.0
17135,"Montgomery, IL",2019,1019058.0
17135,"Montgomery, IL",2020,1124183.0
17135,"Montgomery, IL",2021,1231629.0
17135,"Montgomery, IL",2022,1214876.0
17135,"Montgomery, IL",2023,1276240.0
17135,"Montgomery, IL",2024,1559071.0
17137,"Morgan, IL",2019,1344744.0
17137,"Morgan, IL",2020,1477057.0
17137,"Morgan, IL",2021,1630972.0
17137,"Morgan, IL",2022,1642240.0
17137,"Morgan, IL",2023,1717487.0
17137,"Morgan, IL",2024,1755038.0
17139,"Moultrie, IL",2019,967217.0
17139,"Moultrie, IL",2020,987972.0
17139,"Moultrie, IL",2021,980115.0
17139,"Moultrie, IL",2022,1186450.0
17139,"Moultrie, IL",2023,1114525.0
17139,"Moultrie, IL",2024,1113349.0
17141,"Ogle, IL",2019,2362955.0
17141,"Ogle, IL",2020,2511502.0
17141,"Ogle, IL",2021,2781726.0
17141,"Ogle, IL",2022,2827625.0
17141,"Ogle, IL",2023,2938523.0
17141,"Ogle, IL",2024,3028539.0
17143,"Peoria, IL",2019,9082010.0
17143,"Peoria, IL",2020,9708829.0
17143,"Peoria, IL",2021,10212898.0
17143,"Peoria, IL",2022,10437763.0
17143,"Peoria, IL",2023,11060022.0
17143,"Peoria, IL",2024,11623033.0
17145,"Perry, IL",2019,786484.0
17145,"Perry, IL",2020,848544.0
17145,"Perry, IL",2021,918434.0
17145,"Perry, IL",2022,941785.0
17145,"Perry, IL",2023,989749.0
17145,"Perry, IL",2024,1011264.0
17147,"Piatt, IL",2019,878526.0
17147,"Piatt, IL",2020,965022.0
17147,"Piatt, IL",2021,1109518.0
17147,"Piatt, IL",2022,1134414.0
17147,"Piatt, IL",2023,1178647.0
17147,"Piatt, IL",2024,1179924.0
17149,"Pike, IL",2019,637363.0
17149,"Pike, IL",2020,723508.0
17149,"Pike, IL",2021,843605.0
17149,"Pike, IL",2022,795990.0
17149,"Pike, IL",2023,817618.0
17149,"Pike, IL",2024,845027.0
17151,"Pope, IL",2019,120987.0
17151,"Pope, IL",2020,134083.0
17151,"Pope, IL",2021,141824.0
17151,"Pope, IL",2022,142215.0
17151,"Pope, IL",2023,152495.0
17151,"Pope, IL",2024,161572.0
17153,"Pulaski, IL",2019,198741.0
17153,"Pulaski, IL",2020,217571.0
17153,"Pulaski, IL",2021,239590.0
17153,"Pulaski, IL",2022,225250.0
17153,"Pulaski, IL",2023,237205.0
17153,"Pulaski, IL",2024,237719.0
17155,"Putnam, IL",2019,326539.0
17155,"Putnam, IL",2020,335870.0
17155,"Putnam, IL",2021,374484.0
17155,"Putnam, IL",2022,371937.0
17155,"Putnam, IL",2023,398166.0
17155,"Putnam, IL",2024,412059.0
17157,"Randolph, IL",2019,1201294.0
17157,"Randolph, IL",2020,1310076.0
17157,"Randolph, IL",2021,1413125.0
17157,"Randolph, IL",2022,1403257.0
17157,"Randolph, IL",2023,1478192.0
17157,"Randolph, IL",2024,1525139.0
17159,"Richland, IL",2019,650251.0
17159,"Richland, IL",2020,721453.0
17159,"Richland, IL",2021,797899.0
17159,"Richland, IL",2022,813793.0
17159,"Richland, IL",2023,830441.0
17159,"Richland, IL",2024,882189.0
17161,"Rock Island, IL",2019,6303353.0
17161,"Rock Island, IL",2020,6764950.0
17161,"Rock Island, IL",2021,7029504.0
17161,"Rock Island, IL",2022,7043880.0
17161,"Rock Island, IL",2023,7409234.0
17161,"Rock Island, IL",2024,7717107.0
17163,"St. Clair, IL",2019,11936061.0
17163,"St. Clair, IL",2020,12884266.0
17163,"St. Clair, IL",2021,13948441.0
17163,"St. Clair, IL",2022,14128577.0
17163,"St. Clair, IL",2023,14936709.0
17163,"St. Clair, IL",2024,15498981.0
17165,"Saline, IL",2019,942153.0
17165,"Saline, IL",2020,999191.0
17165,"Saline, IL",2021,1082958.0
17165,"Saline, IL",2022,1120830.0
17165,"Saline, IL",2023,1209307.0
17165,"Saline, IL",2024,1271877.0
17167,"Sangamon, IL",2019,9627897.0
17167,"Sangamon, IL",2020,10286458.0
17167,"Sangamon, IL",2021,11226377.0
17167,"Sangamon, IL",2022,11149008.0
17167,"Sangamon, IL",2023,11739211.0
17167,"Sangamon, IL",2024,12356688.0
17169,"Schuyler, IL",2019,301807.0
17169,"Schuyler, IL",2020,336361.0
17169,"Schuyler, IL",2021,355515.0
17169,"Schuyler, IL",2022,358396.0
17169,"Schuyler, IL",2023,369489.0
17169,"Schuyler, IL",2024,377326.0
17171,"Scott, IL",2019,203060.0
17171,"Scott, IL",2020,233184.0
17171,"Scott, IL",2021,268288.0
17171,"Scott, IL",2022,268491.0
17171,"Scott, IL",2023,265877.0
17171,"Scott, IL",2024,263571.0
17173,"Shelby, IL",2019,879429.0
17173,"Shelby, IL",2020,968081.0
17173,"Shelby, IL",2021,1090610.0
17173,"Shelby, IL",2022,1095023.0
17173,"Shelby, IL",2023,1131784.0
17173,"Shelby, IL",2024,1160967.0
17175,"Stark, IL",2019,224200.0
17175,"Stark, IL",2020,265661.0
17175,"Stark, IL",2021,322666.0
17175,"Stark, IL",2022,330640.0
17175,"Stark, IL",2023,328154.0
17175,"Stark, IL",2024,313653.0
17177,"Stephenson, IL",2019,1918094.0
17177,"Stephenson, IL",2020,2085015.0
17177,"Stephenson, IL",2021,2293602.0
17177,"Stephenson, IL",2022,2296605.0
17177,"Stephenson, IL",2023,2392091.0
17177,"Stephenson, IL",2024,2482280.0
17179,"Tazewell, IL",2019,6331077.0
17179,"Tazewell, IL",2020,6768476.0
17179,"Tazewell, IL",2021,7194495.0
17179,"Tazewell, IL",2022,7404428.0
17179,"Tazewell, IL",2023,7762000.0
17179,"Tazewell, IL",2024,8133566.0
17181,"Union, IL",2019,721284.0
17181,"Union, IL",2020,783970.0
17181,"Union, IL",2021,828322.0
17181,"Union, IL",2022,818284.0
17181,"Union, IL",2023,868014.0
17181,"Union, IL",2024,907583.0
17183,"Vermilion, IL",2019,2980705.0
17183,"Vermilion, IL",2020,3285044.0
17183,"Vermilion, IL",2021,3607529.0
17183,"Vermilion, IL",2022,3570444.0
17183,"Vermilion, IL",2023,3692065.0
17183,"Vermilion, IL",2024,3755755.0
17185,"Wabash, IL",2019,490771.0
17185,"Wabash, IL",2020,525333.0
17185,"Wabash, IL",2021,579812.0
17185,"Wabash, IL",2022,582790.0
17185,"Wabash, IL",2023,610067.0
17185,"Wabash, IL",2024,627411.0
17187,"Warren, IL",2019,682122.0
17187,"Warren, IL",2020,775310.0
17187,"Warren, IL",2021,871020.0
17187,"Warren, IL",2022,919789.0
17187,"Warren, IL",2023,921197.0
17187,"Warren, IL",2024,899083.0
17189,"Washington, IL",2019,671937.0
17189,"Washington, IL",2020,741512.0
17189,"Washington, IL",2021,827839.0
17189,"Washington, IL",2022,825863.0
17189,"Washington, IL",2023,849663.0
17189,"Washington, IL",2024,858789.0
17191,"Wayne, IL",2019,639375.0
17191,"Wayne, IL",2020,699135.0
17191,"Wayne, IL",2021,772179.0
17191,"Wayne, IL",2022,801998.0
17191,"Wayne, IL",2023,817592.0
17191,"Wayne, IL",2024,843488.0
17193,"White, IL",2019,660125.0
17193,"White, IL",2020,683036.0
17193,"White, IL",2021,774399.0
17193,"White, IL",2022,824080.0
17193,"White, IL",2023,851903.0
17193,"White, IL",2024,876729.0
17195,"Whiteside, IL",2019,2437026.0
17195,"Whiteside, IL",2020,2676337.0
17195,"Whiteside, IL",2021,2883483.0
17195,"Whiteside, IL",2022,2875577.0
17195,"Whiteside, IL",2023,3027823.0
17195,"Whiteside, IL",2024,3144747.0
17197,"Will, IL",2019,37847254.0
17197,"Will, IL",2020,39876160.0
17197,"Will, IL",2021,43559622.0
17197,"Will, IL",2022,45000427.0
17197,"Will, IL",2023,47567545.0
17197,"Will, IL",2024,49923862.0
17199,"Williamson, IL",2019,3042917.0
17199,"Williamson, IL",2020,3280178.0
17199,"Williamson, IL",2021,3484861.0
17199,"Williamson, IL",2022,3520099.0
17199,"Williamson, IL",2023,3746218.0
17199,"Williamson, IL",2024,3915201.0
17201,"Winnebago, IL",2019,12357377.0
17201,"Winnebago, IL",2020,13343246.0
17201,"Winnebago, IL",2021,14333331.0
17201,"Winnebago, IL",2022,14357377.0
17201,"Winnebago, IL",2023,15016820.0
17201,"Winnebago, IL",2024,15661766.0
17203,"Woodford, IL",2019,2000953.0
17203,"Woodford, IL",2020,2152221.0
17203,"Woodford, IL",2021,2334574.0
17203,"Woodford, IL",2022,2431703.0
17203,"Woodford, IL",2023,2551395.0
17203,"Woodford, IL",2024,2653162.0
18001,"Adams, IN",2019,1417225.0
18001,"Adams, IN",2020,1529465.0
18001,"Adams, IN",2021,1713988.0
18001,"Adams, IN",2022,1800262.0
18001,"Adams, IN",2023,1864385.0
18001,"Adams, IN",2024,1947726.0
18003,"Allen, IN",2019,17931627.0
18003,"Allen, IN",2020,19372628.0
18003,"Allen, IN",2021,21943869.0
18003,"Allen, IN",2022,22823836.0
18003,"Allen, IN",2023,23850956.0
18003,"Allen, IN",2024,25042515.0
18005,"Bartholomew, IN",2019,4455108.0
18005,"Bartholomew, IN",2020,4723053.0
18005,"Bartholomew, IN",2021,5009493.0
18005,"Bartholomew, IN",2022,5223049.0
18005,"Bartholomew, IN",2023,5643996.0
18005,"Bartholomew, IN",2024,5954094.0
18007,"Benton, IN",2019,364071.0
18007,"Benton, IN",2020,411394.0
18007,"Benton, IN",2021,475552.0
18007,"Benton, IN",2022,475995.0
18007,"Benton, IN",2023,498119.0
18007,"Benton, IN",2024,479824.0
18009,"Blackford, IN",2019,448396.0
18009,"Blackford, IN",2020,479964.0
18009,"Blackford, IN",2021,533403.0
18009,"Blackford, IN",2022,539448.0
18009,"Blackford, IN",2023,562054.0
18009,"Blackford, IN",2024,560336.0
18011,"Boone, IN",2019,5333244.0
18011,"Boone, IN",2020,5506083.0
18011,"Boone, IN",2021,6307826.0
18011,"Boone, IN",2022,6849691.0
18011,"Boone, IN",2023,7427564.0
18011,"Boone, IN",2024,7994242.0
18013,"Brown, IN",2019,749354.0
18013,"Brown, IN",2020,817601.0
18013,"Brown, IN",2021,914722.0
18013,"Brown, IN",2022,917756.0
18013,"Brown, IN",2023,980918.0
18013,"Brown, IN",2024,1039272.0
18015,"Carroll, IN",2019,870195.0
18015,"Carroll, IN",2020,962175.0
18015,"Carroll, IN",2021,1054987.0
18015,"Carroll, IN",2022,1048790.0
18015,"Carroll, IN",2023,1106920.0
18015,"Carroll, IN",2024,1143390.0
18017,"Cass, IN",2019,1502660.0
18017,"Cass, IN",2020,1623440.0
18017,"Cass, IN",2021,1794076.0
18017,"Cass, IN",2022,1777616.0
18017,"Cass, IN",2023,1859186.0
18017,"Cass, IN",2024,1923042.0
18019,"Clark, IN",2019,5412096.0
18019,"Clark, IN",2020,5880085.0
18019,"Clark, IN",2021,6425709.0
18019,"Clark, IN",2022,6671718.0
18019,"Clark, IN",2023,7081525.0
18019,"Clark, IN",2024,7451310.0
18021,"Clay, IN",2019,990755.0
18021,"Clay, IN",2020,1088249.0
18021,"Clay, IN",2021,1190890.0
18021,"Clay, IN",2022,1197490.0
18021,"Clay, IN",2023,1240214.0
18021,"Clay, IN",2024,1291633.0
18023,"Clinton, IN",2019,1267157.0
18023,"Clinton, IN",2020,1375977.0
18023,"Clinton, IN",2021,1512552.0
18023,"Clinton, IN",2022,1535392.0
18023,"Clinton, IN",2023,1626668.0
18023,"Clinton, IN",2024,1665542.0
18025,"Crawford, IN",2019,368275.0
18025,"Crawford, IN",2020,401648.0
18025,"Crawford, IN",2021,438888.0
18025,"Crawford, IN",2022,439424.0
18025,"Crawford, IN",2023,464352.0
18025,"Crawford, IN",2024,487491.0
18027,"Daviess, IN",2019,1447960.0
18027,"Daviess, IN",2020,1623963.0
18027,"Daviess, IN",2021,1820145.0
18027,"Daviess, IN",2022,1954442.0
18027,"Daviess, IN",2023,2035132.0
18027,"Daviess, IN",2024,2148009.0
18029,"Dearborn, IN",2019,2462484.0
18029,"Dearborn, IN",2020,2623502.0
18029,"Dearborn, IN",2021,2896851.0
18029,"Dearborn, IN",2022,2959999.0
18029,"Dearborn, IN",2023,3125262.0
18029,"Dearborn, IN",2024,3266899.0
18031,"Decatur, IN",2019,1186247.0
18031,"Decatur, IN",2020,1305030.0
18031,"Decatur, IN",2021,1387124.0
18031,"Decatur, IN",2022,1409843.0
18031,"Decatur, IN",2023,1469449.0
18031,"Decatur, IN",2024,1534023.0
18033,"DeKalb, IN",2019,1948464.0
18033,"DeKalb, IN",2020,2102727.0
18033,"DeKalb, IN",2021,2400796.0
18033,"DeKalb, IN",2022,2418579.0
18033,"DeKalb, IN",2023,2550465.0
18033,"DeKalb, IN",2024,2645413.0
18035,"Delaware, IN",2019,4328097.0
18035,"Delaware, IN",2020,4689740.0
18035,"Delaware, IN",2021,5068989.0
18035,"Delaware, IN",2022,5132569.0
18035,"Delaware, IN",2023,5363577.0
18035,"Delaware, IN",2024,5643632.0
18037,"Dubois, IN",2019,2359970.0
18037,"Dubois, IN",2020,2533869.0
18037,"Dubois, IN",2021,2765343.0
18037,"Dubois, IN",2022,2847884.0
18037,"Dubois, IN",2023,3024352.0
18037,"Dubois, IN",2024,3176462.0
18039,"Elkhart, IN",2019,9441420.0
18039,"Elkhart, IN",2020,10084432.0
18039,"Elkhart, IN",2021,11825403.0
18039,"Elkhart, IN",2022,12090518.0
18039,"Elkhart, IN",2023,12012117.0
18039,"Elkhart, IN",2024,12518302.0
18041,"Fayette, IN",2019,944900.0
18041,"Fayette, IN",2020,1031268.0
18041,"Fayette, IN",2021,1115713.0
18041,"Fayette, IN",2022,1114146.0
18041,"Fayette, IN",2023,1171091.0
18041,"Fayette, IN",2024,1212245.0
18043,"Floyd, IN",2019,4341801.0
18043,"Floyd, IN",2020,4568292.0
18043,"Floyd, IN",2021,5115874.0
18043,"Floyd, IN",2022,5120320.0
18043,"Floyd, IN",2023,5452744.0
18043,"Floyd, IN",2024,5719888.0
18045,"Fountain, IN",2019,663474.0
18045,"Fountain, IN",2020,747728.0
18045,"Fountain, IN",2021,829104.0
18045,"Fountain, IN",2022,851833.0
18045,"Fountain, IN",2023,887456.0
18045,"Fountain, IN",2024,905357.0
18047,"Franklin, IN",2019,1059517.0
18047,"Franklin, IN",2020,1159998.0
18047,"Franklin, IN",2021,1284344.0
18047,"Franklin, IN",2022,1278675.0
18047,"Franklin, IN",2023,1339472.0
18047,"Franklin, IN",2024,1404976.0
18049,"Fulton, IN",2019,854496.0
18049,"Fulton, IN",2020,938009.0
18049,"Fulton, IN",2021,1018605.0
18049,"Fulton, IN",2022,1014898.0
18049,"Fulton, IN",2023,1070826.0
18049,"Fulton, IN",2024,1086515.0
18051,"Gibson, IN",2019,1532199.0
18051,"Gibson, IN",2020,1672508.0
18051,"Gibson, IN",2021,1787620.0
18051,"Gibson, IN",2022,1872861.0
18051,"Gibson, IN",2023,1930191.0
18051,"Gibson, IN",2024,2003005.0
18053,"Grant, IN",2019,2600661.0
18053,"Grant, IN",2020,2827484.0
18053,"Grant, IN",2021,3126277.0
18053,"Grant, IN",2022,3143828.0
18053,"Grant, IN",2023,3256012.0
18053,"Grant, IN",2024,3414176.0
18055,"Greene, IN",2019,1304973.0
18055,"Greene, IN",2020,1419248.0
18055,"Greene, IN",2021,1556093.0
18055,"Greene, IN",2022,1584437.0
18055,"Greene, IN",2023,1659634.0
18055,"Greene, IN",2024,1724461.0
18057,"Hamilton, IN",2019,26308034.0
18057,"Hamilton, IN",2020,27744012.0
18057,"Hamilton, IN",2021,32337464.0
18057,"Hamilton, IN",2022,34328011.0
18057,"Hamilton, IN",2023,36993046.0
18057,"Hamilton, IN",2024,39596733.0
18059,"Hancock, IN",2019,4052642.0
18059,"Hancock, IN",2020,4351728.0
18059,"Hancock, IN",2021,4859255.0
18059,"Hancock, IN",2022,5233613.0
18059,"Hancock, IN",2023,5640221.0
18059,"Hancock, IN",2024,6069731.0
18061,"Harrison, IN",2019,1789047.0
18061,"Harrison, IN",2020,1914580.0
18061,"Harrison, IN",2021,2110458.0
18061,"Harrison, IN",2022,2190295.0
18061,"Harrison, IN",2023,2321713.0
18061,"Harrison, IN",2024,2404616.0
18063,"Hendricks, IN",2019,8712461.0
18063,"Hendricks, IN",2020,9339224.0
18063,"Hendricks, IN",2021,10411634.0
18063,"Hendricks, IN",2022,10849022.0
18063,"Hendricks, IN",2023,11534835.0
18063,"Hendricks, IN",2024,12399003.0
18065,"Henry, IN",2019,1894128.0
18065,"Henry, IN",2020,2080327.0
18065,"Henry, IN",2021,2266417.0
18065,"Henry, IN",2022,2292389.0
18065,"Henry, IN",2023,2379375.0
18065,"Henry, IN",2024,2484951.0
18067,"Howard, IN",2019,3479214.0
18067,"Howard, IN",2020,3680122.0
18067,"Howard, IN",2021,3982295.0
18067,"Howard, IN",2022,3984177.0
18067,"Howard, IN",2023,4201018.0
18067,"Howard, IN",2024,4471877.0
18069,"Huntington, IN",2019,1529825.0
18069,"Huntington, IN",2020,1661173.0
18069,"Huntington, IN",2021,1863726.0
18069,"Huntington, IN",2022,1873181.0
18069,"Huntington, IN",2023,1948741.0
18069,"Huntington, IN",2024,2036294.0
18071,"Jackson, IN",2019,1941258.0
18071,"Jackson, IN",2020,2107951.0
18071,"Jackson, IN",2021,2244637.0
18071,"Jackson, IN",2022,2307158.0
18071,"Jackson, IN",2023,2411321.0
18071,"Jackson, IN",2024,2573590.0
18073,"Jasper, IN",2019,1516794.0
18073,"Jasper, IN",2020,1673818.0
18073,"Jasper, IN",2021,1875134.0
18073,"Jasper, IN",2022,1935381.0
18073,"Jasper, IN",2023,1968450.0
18073,"Jasper, IN",2024,2010182.0
18075,"Jay, IN",2019,772150.0
18075,"Jay, IN",2020,870324.0
18075,"Jay, IN",2021,997367.0
18075,"Jay, IN",2022,1110230.0
18075,"Jay, IN",2023,1084696.0
18075,"Jay, IN",2024,1135074.0
18077,"Jefferson, IN",2019,1436823.0
18077,"Jefferson, IN",2020,1561966.0
18077,"Jefferson, IN",2021,1674241.0
18077,"Jefferson, IN",2022,1733270.0
18077,"Jefferson, IN",2023,1816477.0
18077,"Jefferson, IN",2024,1889359.0
18079,"Jennings, IN",2019,1137002.0
18079,"Jennings, IN",2020,1232683.0
18079,"Jennings, IN",2021,1351340.0
18079,"Jennings, IN",2022,1378959.0
18079,"Jennings, IN",2023,1437205.0
18079,"Jennings, IN",2024,1506079.0
18081,"Johnson, IN",2019,7975482.0
18081,"Johnson, IN",2020,8558229.0
18081,"Johnson, IN",2021,9442363.0
18081,"Johnson, IN",2022,9806034.0
18081,"Johnson, IN",2023,10333074.0
18081,"Johnson, IN",2024,11028040.0
18083,"Knox, IN",2019,1622982.0
18083,"Knox, IN",2020,1794835.0
18083,"Knox, IN",2021,1959278.0
18083,"Knox, IN",2022,1965662.0
18083,"Knox, IN",2023,2070524.0
18083,"Knox, IN",2024,2124398.0
18085,"Kosciusko, IN",2019,3872279.0
18085,"Kosciusko, IN",2020,4179135.0
18085,"Kosciusko, IN",2021,4570224.0
18085,"Kosciusko, IN",2022,4679123.0
18085,"Kosciusko, IN",2023,4785527.0
18085,"Kosciusko, IN",2024,4908480.0
18087,"Lagrange, IN",2019,1652701.0
18087,"Lagrange, IN",2020,1790218.0
18087,"Lagrange, IN",2021,2158183.0
18087,"Lagrange, IN",2022,2222313.0
18087,"Lagrange, IN",2023,2209600.0
18087,"Lagrange, IN",2024,2298693.0
18089,"Lake, IN",2019,22420292.0
18089,"Lake, IN",2020,24030671.0
18089,"Lake, IN",2021,26363670.0
18089,"Lake, IN",2022,26726574.0
18089,"Lake, IN",2023,28168196.0
18089,"Lake, IN",2024,29384284.0
18091,"LaPorte, IN",2019,4707897.0
18091,"LaPorte, IN",2020,5100053.0
18091,"LaPorte, IN",2021,5546075.0
18091,"LaPorte, IN",2022,5670465.0
18091,"LaPorte, IN",2023,5979599.0
18091,"LaPorte, IN",2024,6212144.0
18093,"Lawrence, IN",2019,1929053.0
18093,"Lawrence, IN",2020,2127202.0
18093,"Lawrence, IN",2021,2332052.0
18093,"Lawrence, IN",2022,2361191.0
18093,"Lawrence, IN",2023,2458806.0
18093,"Lawrence, IN",2024,2581786.0
18095,"Madison, IN",2019,5037016.0
18095,"Madison, IN",2020,5496554.0
18095,"Madison, IN",2021,6110076.0
18095,"Madison, IN",2022,6143970.0
18095,"Madison, IN",2023,6446011.0
18095,"Madison, IN",2024,6860843.0
18097,"Marion, IN",2019,53378813.0
18097,"Marion, IN",2020,58594813.0
18097,"Marion, IN",2021,64991048.0
18097,"Marion, IN",2022,66287006.0
18097,"Marion, IN",2023,69970199.0
18097,"Marion, IN",2024,73623648.0
18099,"Marshall, IN",2019,1950411.0
18099,"Marshall, IN",2020,2131495.0
18099,"Marshall, IN",2021,2392345.0
18099,"Marshall, IN",2022,2467377.0
18099,"Marshall, IN",2023,2492067.0
18099,"Marshall, IN",2024,2574290.0
18101,"Martin, IN",2019,401517.0
18101,"Martin, IN",2020,444491.0
18101,"Martin, IN",2021,492808.0
18101,"Martin, IN",2022,520631.0
18101,"Martin, IN",2023,530753.0
18101,"Martin, IN",2024,564361.0
18103,"Miami, IN",2019,1251838.0
18103,"Miami, IN",2020,1331015.0
18103,"Miami, IN",2021,1474305.0
18103,"Miami, IN",2022,1450211.0
18103,"Miami, IN",2023,1515421.0
18103,"Miami, IN",2024,1600463.0
18105,"Monroe, IN",2019,6392269.0
18105,"Monroe, IN",2020,6741031.0
18105,"Monroe, IN",2021,7407965.0
18105,"Monroe, IN",2022,7632465.0
18105,"Monroe, IN",2023,8097595.0
18105,"Monroe, IN",2024,8498633.0
18107,"Montgomery, IN",2019,1543784.0
18107,"Montgomery, IN",2020,1691371.0
18107,"Montgomery, IN",2021,1883681.0
18107,"Montgomery, IN",2022,1922803.0
18107,"Montgomery, IN",2023,2004883.0
18107,"Montgomery, IN",2024,2068190.0
18109,"Morgan, IN",2019,3196179.0
18109,"Morgan, IN",2020,3411545.0
18109,"Morgan, IN",2021,3794089.0
18109,"Morgan, IN",2022,3934006.0
18109,"Morgan, IN",2023,4153856.0
18109,"Morgan, IN",2024,4406742.0
18111,"Newton, IN",2019,570347.0
18111,"Newton, IN",2020,635218.0
18111,"Newton, IN",2021,712941.0
18111,"Newton, IN",2022,730699.0
18111,"Newton, IN",2023,743223.0
18111,"Newton, IN",2024,760563.0
18113,"Noble, IN",2019,1941541.0
18113,"Noble, IN",2020,2093325.0
18113,"Noble, IN",2021,2325314.0
18113,"Noble, IN",2022,2404739.0
18113,"Noble, IN",2023,2497827.0
18113,"Noble, IN",2024,2594085.0
18115,"Ohio, IN",2019,245295.0
18115,"Ohio, IN",2020,288845.0
18115,"Ohio, IN",2021,328852.0
18115,"Ohio, IN",2022,316964.0
18115,"Ohio, IN",2023,306857.0
18115,"Ohio, IN",2024,325377.0
18117,"Orange, IN",2019,746004.0
18117,"Orange, IN",2020,809672.0
18117,"Orange, IN",2021,880665.0
18117,"Orange, IN",2022,898049.0
18117,"Orange, IN",2023,942784.0
18117,"Orange, IN",2024,992120.0
18119,"Owen, IN",2019,867152.0
18119,"Owen, IN",2020,952992.0
18119,"Owen, IN",2021,1068906.0
18119,"Owen, IN",2022,1074000.0
18119,"Owen, IN",2023,1129054.0
18119,"Owen, IN",2024,1177856.0
18121,"Parke, IN",2019,630528.0
18121,"Parke, IN",2020,705475.0
18121,"Parke, IN",2021,807866.0
18121,"Parke, IN",2022,814935.0
18121,"Parke, IN",2023,865988.0
18121,"Parke, IN",2024,892282.0
18123,"Perry, IN",2019,718274.0
18123,"Perry, IN",2020,760654.0
18123,"Perry, IN",2021,861034.0
18123,"Perry, IN",2022,862025.0
18123,"Perry, IN",2023,915747.0
18123,"Perry, IN",2024,949746.0
18125,"Pike, IN",2019,512454.0
18125,"Pike, IN",2020,549632.0
18125,"Pike, IN",2021,581366.0
18125,"Pike, IN",2022,591551.0
18125,"Pike, IN",2023,612850.0
18125,"Pike, IN",2024,638712.0
18127,"Porter, IN",2019,9326670.0
18127,"Porter, IN",2020,9791533.0
18127,"Porter, IN",2021,10734474.0
18127,"Porter, IN",2022,11084754.0
18127,"Porter, IN",2023,11698443.0
18127,"Porter, IN",2024,12184416.0
18129,"Posey, IN",2019,1300146.0
18129,"Posey, IN",2020,1393459.0
18129,"Posey, IN",2021,1473550.0
18129,"Posey, IN",2022,1484576.0
18129,"Posey, IN",2023,1542925.0
18129,"Posey, IN",2024,1598584.0
18131,"Pulaski, IN",2019,552757.0
18131,"Pulaski, IN",2020,618567.0
18131,"Pulaski, IN",2021,671849.0
18131,"Pulaski, IN",2022,696019.0
18131,"Pulaski, IN",2023,742147.0
18131,"Pulaski, IN",2024,754345.0
18133,"Putnam, IN",2019,1440368.0
18133,"Putnam, IN",2020,1544488.0
18133,"Putnam, IN",2021,1727319.0
18133,"Putnam, IN",2022,1745601.0
18133,"Putnam, IN",2023,1834865.0
18133,"Putnam, IN",2024,1930577.0
18135,"Randolph, IN",2019,948182.0
18135,"Randolph, IN",2020,1062114.0
18135,"Randolph, IN",2021,1250449.0
18135,"Randolph, IN",2022,1288502.0
18135,"Randolph, IN",2023,1354499.0
18135,"Randolph, IN",2024,1402939.0
18137,"Ripley, IN",2019,1211705.0
18137,"Ripley, IN",2020,1336206.0
18137,"Ripley, IN",2021,1478445.0
18137,"Ripley, IN",2022,1480518.0
18137,"Ripley, IN",2023,1550387.0
18137,"Ripley, IN",2024,1618742.0
18139,"Rush, IN",2019,759480.0
18139,"Rush, IN",2020,820611.0
18139,"Rush, IN",2021,922392.0
18139,"Rush, IN",2022,925452.0
18139,"Rush, IN",2023,981943.0
18139,"Rush, IN",2024,1009048.0
18141,"St. Joseph, IN",2019,12903004.0
18141,"St. Joseph, IN",2020,13746385.0
18141,"St. Joseph, IN",2021,15206390.0
18141,"St. Joseph, IN",2022,15337840.0
18141,"St. Joseph, IN",2023,15562723.0
18141,"St. Joseph, IN",2024,16159152.0
18143,"Scott, IN",2019,920920.0
18143,"Scott, IN",2020,997308.0
18143,"Scott, IN",2021,1094782.0
18143,"Scott, IN",2022,1103756.0
18143,"Scott, IN",2023,1158534.0
18143,"Scott, IN",2024,1214613.0
18145,"Shelby, IN",2019,1986244.0
18145,"Shelby, IN",2020,2148395.0
18145,"Shelby, IN",2021,2329670.0
18145,"Shelby, IN",2022,2410722.0
18145,"Shelby, IN",2023,2522924.0
18145,"Shelby, IN",2024,2652891.0
18147,"Spencer, IN",2019,920896.0
18147,"Spencer, IN",2020,976917.0
18147,"Spencer, IN",2021,1073722.0
18147,"Spencer, IN",2022,1080572.0
18147,"Spencer, IN",2023,1133027.0
18147,"Spencer, IN",2024,1184220.0
18149,"Starke, IN",2019,808325.0
18149,"Starke, IN",2020,891462.0
18149,"Starke, IN",2021,988965.0
18149,"Starke, IN",2022,983013.0
18149,"Starke, IN",2023,1030172.0
18149,"Starke, IN",2024,1074215.0
18151,"Steuben, IN",2019,1553589.0
18151,"Steuben, IN",2020,1653591.0
18151,"Steuben, IN",2021,1868067.0
18151,"Steuben, IN",2022,1903075.0
18151,"Steuben, IN",2023,1992393.0
18151,"Steuben, IN",2024,2059785.0
18153,"Sullivan, IN",2019,750877.0
18153,"Sullivan, IN",2020,818754.0
18153,"Sullivan, IN",2021,906106.0
18153,"Sullivan, IN",2022,908366.0
18153,"Sullivan, IN",2023,935858.0
18153,"Sullivan, IN",2024,965654.0
18155,"Switzerland, IN",2019,349129.0
18155,"Switzerland, IN",2020,378208.0
18155,"Switzerland, IN",2021,418779.0
18155,"Switzerland, IN",2022,424340.0
18155,"Switzerland, IN",2023,437335.0
18155,"Switzerland, IN",2024,449843.0
18157,"Tippecanoe, IN",2019,7618204.0
18157,"Tippecanoe, IN",2020,7935064.0
18157,"Tippecanoe, IN",2021,8711597.0
18157,"Tippecanoe, IN",2022,8953802.0
18157,"Tippecanoe, IN",2023,9611592.0
18157,"Tippecanoe, IN",2024,10037245.0
18159,"Tipton, IN",2019,696903.0
18159,"Tipton, IN",2020,746221.0
18159,"Tipton, IN",2021,800665.0
18159,"Tipton, IN",2022,772055.0
18159,"Tipton, IN",2023,803869.0
18159,"Tipton, IN",2024,843168.0
18161,"Union, IN",2019,279037.0
18161,"Union, IN",2020,307655.0
18161,"Union, IN",2021,344702.0
18161,"Union, IN",2022,344855.0
18161,"Union, IN",2023,361072.0
18161,"Union, IN",2024,363771.0
18163,"Vanderburgh, IN",2019,8502365.0
18163,"Vanderburgh, IN",2020,9167971.0
18163,"Vanderburgh, IN",2021,10055503.0
18163,"Vanderburgh, IN",2022,10219064.0
18163,"Vanderburgh, IN",2023,10805132.0
18163,"Vanderburgh, IN",2024,11364014.0
18165,"Vermillion, IN",2019,588263.0
18165,"Vermillion, IN",2020,646520.0
18165,"Vermillion, IN",2021,723538.0
18165,"Vermillion, IN",2022,719453.0
18165,"Vermillion, IN",2023,741209.0
18165,"Vermillion, IN",2024,766421.0
18167,"Vigo, IN",2019,4126081.0
18167,"Vigo, IN",2020,4473642.0
18167,"Vigo, IN",2021,4881374.0
18167,"Vigo, IN",2022,4935797.0
18167,"Vigo, IN",2023,5188898.0
18167,"Vigo, IN",2024,5467458.0
18169,"Wabash, IN",2019,1326505.0
18169,"Wabash, IN",2020,1435844.0
18169,"Wabash, IN",2021,1606382.0
18169,"Wabash, IN",2022,1647927.0
18169,"Wabash, IN",2023,1759015.0
18169,"Wabash, IN",2024,1825234.0
18171,"Warren, IN",2019,360923.0
18171,"Warren, IN",2020,408606.0
18171,"Warren, IN",2021,453072.0
18171,"Warren, IN",2022,460498.0
18171,"Warren, IN",2023,484602.0
18171,"Warren, IN",2024,480557.0
18173,"Warrick, IN",2019,3716965.0
18173,"Warrick, IN",2020,3936045.0
18173,"Warrick, IN",2021,4327346.0
18173,"Warrick, IN",2022,4428916.0
18173,"Warrick, IN",2023,4676972.0
18173,"Warrick, IN",2024,4928188.0
18175,"Washington, IN",2019,1103187.0
18175,"Washington, IN",2020,1212893.0
18175,"Washington, IN",2021,1350045.0
18175,"Washington, IN",2022,1413937.0
18175,"Washington, IN",2023,1463622.0
18175,"Washington, IN",2024,1531329.0
18177,"Wayne, IN",2019,2773305.0
18177,"Wayne, IN",2020,3004840.0
18177,"Wayne, IN",2021,3285322.0
18177,"Wayne, IN",2022,3308628.0
18177,"Wayne, IN",2023,3475641.0
18177,"Wayne, IN",2024,3627829.0
18179,"Wells, IN",2019,1195635.0
18179,"Wells, IN",2020,1300559.0
18179,"Wells, IN",2021,1453296.0
18179,"Wells, IN",2022,1467023.0
18179,"Wells, IN",2023,1538229.0
18179,"Wells, IN",2024,1591115.0
18181,"White, IN",2019,1066519.0
18181,"White, IN",2020,1169688.0
18181,"White, IN",2021,1286167.0
18181,"White, IN",2022,1327000.0
18181,"White, IN",2023,1412054.0
18181,"White, IN",2024,1452126.0
18183,"Whitley, IN",2019,1584893.0
18183,"Whitley, IN",2020,1716832.0
18183,"Whitley, IN",2021,1861733.0
18183,"Whitley, IN",2022,1923744.0
18183,"Whitley, IN",2023,2023047.0
18183,"Whitley, IN",2024,2124319.0
19001,"Adair, IA",2019,370234.0
19001,"Adair, IA",2020,403853.0
19001,"Adair, IA",2021,491147.0
19001,"Adair, IA",2022,507908.0
19001,"Adair, IA",2023,517616.0
19001,"Adair, IA",2024,572064.0
19003,"Adams, IA",2019,202449.0
19003,"Adams, IA",2020,196824.0
19003,"Adams, IA",2021,236856.0
19003,"Adams, IA",2022,240107.0
19003,"Adams, IA",2023,229983.0
19003,"Adams, IA",2024,230031.0
19005,"Allamakee, IA",2019,651019.0
19005,"Allamakee, IA",2020,687079.0
19005,"Allamakee, IA",2021,748370.0
19005,"Allamakee, IA",2022,787327.0
19005,"Allamakee, IA",2023,787185.0
19005,"Allamakee, IA",2024,832677.0
19007,"Appanoose, IA",2019,485279.0
19007,"Appanoose, IA",2020,528300.0
19007,"Appanoose, IA",2021,583571.0
19007,"Appanoose, IA",2022,573035.0
19007,"Appanoose, IA",2023,581725.0
19007,"Appanoose, IA",2024,613131.0
19009,"Audubon, IA",2019,280032.0
19009,"Audubon, IA",2020,294587.0
19009,"Audubon, IA",2021,366774.0
19009,"Audubon, IA",2022,400014.0
19009,"Audubon, IA",2023,369961.0
19009,"Audubon, IA",2024,377835.0
19011,"Benton, IA",2019,1374415.0
19011,"Benton, IA",2020,1421277.0
19011,"Benton, IA",2021,1634548.0
19011,"Benton, IA",2022,1789248.0
19011,"Benton, IA",2023,1682186.0
19011,"Benton, IA",2024,1705660.0
19013,"Black Hawk, IA",2019,5924753.0
19013,"Black Hawk, IA",2020,6453128.0
19013,"Black Hawk, IA",2021,6863122.0
19013,"Black Hawk, IA",2022,6919379.0
19013,"Black Hawk, IA",2023,7281517.0
19013,"Black Hawk, IA",2024,7542170.0
19015,"Boone, IA",2019,1265567.0
19015,"Boone, IA",2020,1327941.0
19015,"Boone, IA",2021,1431938.0
19015,"Boone, IA",2022,1459675.0
19015,"Boone, IA",2023,1519087.0
19015,"Boone, IA",2024,1565363.0
19017,"Bremer, IA",2019,1240116.0
19017,"Bremer, IA",2020,1324297.0
19017,"Bremer, IA",2021,1449941.0
19017,"Bremer, IA",2022,1511249.0
19017,"Bremer, IA",2023,1558849.0
19017,"Bremer, IA",2024,1588725.0
19019,"Buchanan, IA",2019,1003458.0
19019,"Buchanan, IA",2020,1060236.0
19019,"Buchanan, IA",2021,1193630.0
19019,"Buchanan, IA",2022,1280035.0
19019,"Buchanan, IA",2023,1282403.0
19019,"Buchanan, IA",2024,1304704.0
19021,"Buena Vista, IA",2019,864955.0
19021,"Buena Vista, IA",2020,929495.0
19021,"Buena Vista, IA",2021,1030627.0
19021,"Buena Vista, IA",2022,1130485.0
19021,"Buena Vista, IA",2023,1122691.0
19021,"Buena Vista, IA",2024,1188328.0
19023,"Butler, IA",2019,664749.0
19023,"Butler, IA",2020,689618.0
19023,"Butler, IA",2021,825047.0
19023,"Butler, IA",2022,877617.0
19023,"Butler, IA",2023,871336.0
19023,"Butler, IA",2024,867926.0
19025,"Calhoun, IA",2019,470583.0
19025,"Calhoun, IA",2020,481631.0
19025,"Calhoun, IA",2021,587568.0
19025,"Calhoun, IA",2022,642145.0
19025,"Calhoun, IA",2023,608917.0
19025,"Calhoun, IA",2024,611976.0
19027,"Carroll, IA",2019,1067330.0
19027,"Carroll, IA",2020,1135722.0
19027,"Carroll, IA",2021,1258561.0
19027,"Carroll, IA",2022,1395310.0
19027,"Carroll, IA",2023,1367890.0
19027,"Carroll, IA",2024,1424207.0
19029,"Cass, IA",2019,619755.0
19029,"Cass, IA",2020,654227.0
19029,"Cass, IA",2021,745543.0
19029,"Cass, IA",2022,795868.0
19029,"Cass, IA",2023,818350.0
19029,"Cass, IA",2024,850078.0
19031,"Cedar, IA",2019,991203.0
19031,"Cedar, IA",2020,1028409.0
19031,"Cedar, IA",2021,1167012.0
19031,"Cedar, IA",2022,1246936.0
19031,"Cedar, IA",2023,1218225.0
19031,"Cedar, IA",2024,1261806.0
19033,"Cerro Gordo, IA",2019,2136027.0
19033,"Cerro Gordo, IA",2020,2261821.0
19033,"Cerro Gordo, IA",2021,2632043.0
19033,"Cerro Gordo, IA",2022,3200291.0
19033,"Cerro Gordo, IA",2023,3287851.0
19033,"Cerro Gordo, IA",2024,3403373.0
19035,"Cherokee, IA",2019,623411.0
19035,"Cherokee, IA",2020,637091.0
19035,"Cherokee, IA",2021,790405.0
19035,"Cherokee, IA",2022,1084482.0
19035,"Cherokee, IA",2023,987341.0
19035,"Cherokee, IA",2024,1013132.0
19037,"Chickasaw, IA",2019,654962.0
19037,"Chickasaw, IA",2020,680898.0
19037,"Chickasaw, IA",2021,875358.0
19037,"Chickasaw, IA",2022,1202728.0
19037,"Chickasaw, IA",2023,1111947.0
19037,"Chickasaw, IA",2024,1132558.0
19039,"Clarke, IA",2019,379308.0
19039,"Clarke, IA",2020,419280.0
19039,"Clarke, IA",2021,449209.0
19039,"Clarke, IA",2022,475482.0
19039,"Clarke, IA",2023,476117.0
19039,"Clarke, IA",2024,506521.0
19041,"Clay, IA",2019,805684.0
19041,"Clay, IA",2020,880335.0
19041,"Clay, IA",2021,995136.0
19041,"Clay, IA",2022,1032646.0
19041,"Clay, IA",2023,1076719.0
19041,"Clay, IA",2024,1142022.0
19043,"Clayton, IA",2019,869412.0
19043,"Clayton, IA",2020,927847.0
19043,"Clayton, IA",2021,1041407.0
19043,"Clayton, IA",2022,1125150.0
19043,"Clayton, IA",2023,1099934.0
19043,"Clayton, IA",2024,1153932.0
19045,"Clinton, IA",2019,2090138.0
19045,"Clinton, IA",2020,2209805.0
19045,"Clinton, IA",2021,2404686.0
19045,"Clinton, IA",2022,2424816.0
19045,"Clinton, IA",2023,2470130.0
19045,"Clinton, IA",2024,2557836.0
19047,"Crawford, IA",2019,699074.0
19047,"Crawford, IA",2020,734406.0
19047,"Crawford, IA",2021,872919.0
19047,"Crawford, IA",2022,918268.0
19047,"Crawford, IA",2023,905892.0
19047,"Crawford, IA",2024,920666.0
19049,"Dallas, IA",2019,6519040.0
19049,"Dallas, IA",2020,7046057.0
19049,"Dallas, IA",2021,8111592.0
19049,"Dallas, IA",2022,8563282.0
19049,"Dallas, IA",2023,9224383.0
19049,"Dallas, IA",2024,9818467.0
19051,"Davis, IA",2019,353293.0
19051,"Davis, IA",2020,370827.0
19051,"Davis, IA",2021,425070.0
19051,"Davis, IA",2022,513177.0
19051,"Davis, IA",2023,505208.0
19051,"Davis, IA",2024,525860.0
19053,"Decatur, IA",2019,277571.0
19053,"Decatur, IA",2020,298797.0
19053,"Decatur, IA",2021,339334.0
19053,"Decatur, IA",2022,349549.0
19053,"Decatur, IA",2023,342691.0
19053,"Decatur, IA",2024,353201.0
19055,"Delaware, IA",2019,839052.0
19055,"Delaware, IA",2020,912621.0
19055,"Delaware, IA",2021,1014623.0
19055,"Delaware, IA",2022,1103570.0
19055,"Delaware, IA",2023,1074252.0
19055,"Delaware, IA",2024,1109073.0
19057,"Des Moines, IA",2019,1960931.0
19057,"Des Moines, IA",2020,2090665.0
19057,"Des Moines, IA",2021,2261197.0
19057,"Des Moines, IA",2022,2194955.0
19057,"Des Moines, IA",2023,2371726.0
19057,"Des Moines, IA",2024,2470946.0
19059,"Dickinson, IA",2019,1039353.0
19059,"Dickinson, IA",2020,1114018.0
19059,"Dickinson, IA",2021,1285419.0
19059,"Dickinson, IA",2022,1382246.0
19059,"Dickinson, IA",2023,1444515.0
19059,"Dickinson, IA",2024,1529793.0
19061,"Dubuque, IA",2019,4901362.0
19061,"Dubuque, IA",2020,5261290.0
19061,"Dubuque, IA",2021,5743688.0
19061,"Dubuque, IA",2022,6009021.0
19061,"Dubuque, IA",2023,6297617.0
19061,"Dubuque, IA",2024,6588859.0
19063,"Emmet, IA",2019,412623.0
19063,"Emmet, IA",2020,417973.0
19063,"Emmet, IA",2021,480362.0
19063,"Emmet, IA",2022,503591.0
19063,"Emmet, IA",2023,485057.0
19063,"Emmet, IA",2024,517576.0
19065,"Fayette, IA",2019,858183.0
19065,"Fayette, IA",2020,897799.0
19065,"Fayette, IA",2021,982003.0
19065,"Fayette, IA",2022,1034879.0
19065,"Fayette, IA",2023,1042438.0
19065,"Fayette, IA",2024,1097284.0
19067,"Floyd, IA",2019,732562.0
19067,"Floyd, IA",2020,762021.0
19067,"Floyd, IA",2021,868911.0
19067,"Floyd, IA",2022,942797.0
19067,"Floyd, IA",2023,946083.0
19067,"Floyd, IA",2024,973305.0
19069,"Franklin, IA",2019,472152.0
19069,"Franklin, IA",2020,492070.0
19069,"Franklin, IA",2021,615773.0
19069,"Franklin, IA",2022,671957.0
19069,"Franklin, IA",2023,641018.0
19069,"Franklin, IA",2024,657281.0
19071,"Fremont, IA",2019,334629.0
19071,"Fremont, IA",2020,339758.0
19071,"Fremont, IA",2021,404597.0
19071,"Fremont, IA",2022,392112.0
19071,"Fremont, IA",2023,393809.0
19071,"Fremont, IA",2024,405596.0
19073,"Greene, IA",2019,418101.0
19073,"Greene, IA",2020,448248.0
19073,"Greene, IA",2021,526007.0
19073,"Greene, IA",2022,541534.0
19073,"Greene, IA",2023,521737.0
19073,"Greene, IA",2024,531808.0
19075,"Grundy, IA",2019,631655.0
19075,"Grundy, IA",2020,672693.0
19075,"Grundy, IA",2021,774530.0
19075,"Grundy, IA",2022,815554.0
19075,"Grundy, IA",2023,808454.0
19075,"Grundy, IA",2024,803526.0
19077,"Guthrie, IA",2019,551677.0
19077,"Guthrie, IA",2020,604896.0
19077,"Guthrie, IA",2021,701968.0
19077,"Guthrie, IA",2022,740111.0
19077,"Guthrie, IA",2023,742992.0
19077,"Guthrie, IA",2024,784919.0
19079,"Hamilton, IA",2019,737367.0
19079,"Hamilton, IA",2020,745920.0
19079,"Hamilton, IA",2021,876207.0
19079,"Hamilton, IA",2022,994105.0
19079,"Hamilton, IA",2023,928179.0
19079,"Hamilton, IA",2024,968173.0
19081,"Hancock, IA",2019,541948.0
19081,"Hancock, IA",2020,550439.0
19081,"Hancock, IA",2021,659270.0
19081,"Hancock, IA",2022,734813.0
19081,"Hancock, IA",2023,685837.0
19081,"Hancock, IA",2024,723613.0
19083,"Hardin, IA",2019,797860.0
19083,"Hardin, IA",2020,824377.0
19083,"Hardin, IA",2021,1046803.0
19083,"Hardin, IA",2022,1281896.0
19083,"Hardin, IA",2023,1087181.0
19083,"Hardin, IA",2024,1105014.0
19085,"Harrison, IA",2019,671194.0
19085,"Harrison, IA",2020,698187.0
19085,"Harrison, IA",2021,820771.0
19085,"Harrison, IA",2022,878106.0
19085,"Harrison, IA",2023,889108.0
19085,"Harrison, IA",2024,898320.0
19087,"Henry, IA",2019,861500.0
19087,"Henry, IA",2020,923716.0
19087,"Henry, IA",2021,1012450.0
19087,"Henry, IA",2022,1032578.0
19087,"Henry, IA",2023,1025632.0
19087,"Henry, IA",2024,1037723.0
19089,"Howard, IA",2019,436289.0
19089,"Howard, IA",2020,470503.0
19089,"Howard, IA",2021,574170.0
19089,"Howard, IA",2022,624828.0
19089,"Howard, IA",2023,608418.0
19089,"Howard, IA",2024,625343.0
19091,"Humboldt, IA",2019,472205.0
19091,"Humboldt, IA",2020,482191.0
19091,"Humboldt, IA",2021,551731.0
19091,"Humboldt, IA",2022,580420.0
19091,"Humboldt, IA",2023,569199.0
19091,"Humboldt, IA",2024,578832.0
19093,"Ida, IA",2019,357494.0
19093,"Ida, IA",2020,384301.0
19093,"Ida, IA",2021,485359.0
19093,"Ida, IA",2022,513664.0
19093,"Ida, IA",2023,474422.0
19093,"Ida, IA",2024,471697.0
19095,"Iowa, IA",2019,871115.0
19095,"Iowa, IA",2020,915908.0
19095,"Iowa, IA",2021,1001636.0
19095,"Iowa, IA",2022,1015248.0
19095,"Iowa, IA",2023,1013124.0
19095,"Iowa, IA",2024,1042142.0
19097,"Jackson, IA",2019,876679.0
19097,"Jackson, IA",2020,949457.0
19097,"Jackson, IA",2021,1048056.0
19097,"Jackson, IA",2022,1085981.0
19097,"Jackson, IA",2023,1107037.0
19097,"Jackson, IA",2024,1159621.0
19099,"Jasper, IA",2019,1615563.0
19099,"Jasper, IA",2020,1737109.0
19099,"Jasper, IA",2021,1905286.0
19099,"Jasper, IA",2022,1945781.0
19099,"Jasper, IA",2023,1988265.0
19099,"Jasper, IA",2024,2052410.0
19101,"Jefferson, IA",2019,737717.0
19101,"Jefferson, IA",2020,763403.0
19101,"Jefferson, IA",2021,842287.0
19101,"Jefferson, IA",2022,889917.0
19101,"Jefferson, IA",2023,897200.0
19101,"Jefferson, IA",2024,929767.0
19103,"Johnson, IA",2019,8207675.0
19103,"Johnson, IA",2020,8607871.0
19103,"Johnson, IA",2021,9455046.0
19103,"Johnson, IA",2022,9542730.0
19103,"Johnson, IA",2023,10079453.0
19103,"Johnson, IA",2024,10569810.0
19105,"Jones, IA",2019,916773.0
19105,"Jones, IA",2020,977402.0
19105,"Jones, IA",2021,1088458.0
19105,"Jones, IA",2022,1147006.0
19105,"Jones, IA",2023,1163205.0
19105,"Jones, IA",2024,1193879.0
19107,"Keokuk, IA",2019,452748.0
19107,"Keokuk, IA",2020,482465.0
19107,"Keokuk, IA",2021,540926.0
19107,"Keokuk, IA",2022,567442.0
19107,"Keokuk, IA",2023,563112.0
19107,"Keokuk, IA",2024,575522.0
19109,"Kossuth, IA",2019,738451.0
19109,"Kossuth, IA",2020,758527.0
19109,"Kossuth, IA",2021,923625.0
19109,"Kossuth, IA",2022,1005180.0
19109,"Kossuth, IA",2023,959717.0
19109,"Kossuth, IA",2024,989456.0
19111,"Lee, IA",2019,1410297.0
19111,"Lee, IA",2020,1555171.0
19111,"Lee, IA",2021,1644667.0
19111,"Lee, IA",2022,1659187.0
19111,"Lee, IA",2023,1696584.0
19111,"Lee, IA",2024,1789925.0
19113,"Linn, IA",2019,12081143.0
19113,"Linn, IA",2020,12815466.0
19113,"Linn, IA",2021,13718957.0
19113,"Linn, IA",2022,13939698.0
19113,"Linn, IA",2023,14659008.0
19113,"Linn, IA",2024,15417877.0
19115,"Louisa, IA",2019,469259.0
19115,"Louisa, IA",2020,497174.0
19115,"Louisa, IA",2021,556966.0
19115,"Louisa, IA",2022,582716.0
19115,"Louisa, IA",2023,567430.0
19115,"Louisa, IA",2024,587951.0
19117,"Lucas, IA",2019,358451.0
19117,"Lucas, IA",2020,381454.0
19117,"Lucas, IA",2021,423765.0
19117,"Lucas, IA",2022,427504.0
19117,"Lucas, IA",2023,433483.0
19117,"Lucas, IA",2024,470027.0
19119,"Lyon, IA",2019,646714.0
19119,"Lyon, IA",2020,686738.0
19119,"Lyon, IA",2021,793291.0
19119,"Lyon, IA",2022,908661.0
19119,"Lyon, IA",2023,853008.0
19119,"Lyon, IA",2024,930861.0
19121,"Madison, IA",2019,818195.0
19121,"Madison, IA",2020,879105.0
19121,"Madison, IA",2021,965819.0
19121,"Madison, IA",2022,1016848.0
19121,"Madison, IA",2023,1045556.0
19121,"Madison, IA",2024,1099178.0
19123,"Mahaska, IA",2019,945257.0
19123,"Mahaska, IA",2020,998069.0
19123,"Mahaska, IA",2021,1107612.0
19123,"Mahaska, IA",2022,1173083.0
19123,"Mahaska, IA",2023,1215206.0
19123,"Mahaska, IA",2024,1266746.0
19125,"Marion, IA",2019,1672450.0
19125,"Marion, IA",2020,1773196.0
19125,"Marion, IA",2021,1942659.0
19125,"Marion, IA",2022,2031862.0
19125,"Marion, IA",2023,2175693.0
19125,"Marion, IA",2024,2278809.0
19127,"Marshall, IA",2019,1713433.0
19127,"Marshall, IA",2020,1830589.0
19127,"Marshall, IA",2021,1997226.0
19127,"Marshall, IA",2022,1959300.0
19127,"Marshall, IA",2023,1985818.0
19127,"Marshall, IA",2024,2098147.0
19129,"Mills, IA",2019,872364.0
19129,"Mills, IA",2020,868065.0
19129,"Mills, IA",2021,974014.0
19129,"Mills, IA",2022,987645.0
19129,"Mills, IA",2023,983965.0
19129,"Mills, IA",2024,1012293.0
19131,"Mitchell, IA",2019,654583.0
19131,"Mitchell, IA",2020,611123.0
19131,"Mitchell, IA",2021,805159.0
19131,"Mitchell, IA",2022,1095568.0
19131,"Mitchell, IA",2023,1057725.0
19131,"Mitchell, IA",2024,1044181.0
19133,"Monona, IA",2019,399118.0
19133,"Monona, IA",2020,417454.0
19133,"Monona, IA",2021,496037.0
19133,"Monona, IA",2022,519757.0
19133,"Monona, IA",2023,518403.0
19133,"Monona, IA",2024,508321.0
19135,"Monroe, IA",2019,343974.0
19135,"Monroe, IA",2020,376583.0
19135,"Monroe, IA",2021,413516.0
19135,"Monroe, IA",2022,417972.0
19135,"Monroe, IA",2023,440098.0
19135,"Monroe, IA",2024,447478.0
19137,"Montgomery, IA",2019,422780.0
19137,"Montgomery, IA",2020,452152.0
19137,"Montgomery, IA",2021,507874.0
19137,"Montgomery, IA",2022,520221.0
19137,"Montgomery, IA",2023,524838.0
19137,"Montgomery, IA",2024,544443.0
19139,"Muscatine, IA",2019,2049858.0
19139,"Muscatine, IA",2020,2188676.0
19139,"Muscatine, IA",2021,2287761.0
19139,"Muscatine, IA",2022,2352710.0
19139,"Muscatine, IA",2023,2433815.0
19139,"Muscatine, IA",2024,2541892.0
19141,"O'Brien, IA",2019,731036.0
19141,"O'Brien, IA",2020,765595.0
19141,"O'Brien, IA",2021,859847.0
19141,"O'Brien, IA",2022,937444.0
19141,"O'Brien, IA",2023,902883.0
19141,"O'Brien, IA",2024,961824.0
19143,"Osceola, IA",2019,281931.0
19143,"Osceola, IA",2020,298399.0
19143,"Osceola, IA",2021,353560.0
19143,"Osceola, IA",2022,399455.0
19143,"Osceola, IA",2023,371368.0
19143,"Osceola, IA",2024,407028.0
19145,"Page, IA",2019,648670.0
19145,"Page, IA",2020,702658.0
19145,"Page, IA",2021,797016.0
19145,"Page, IA",2022,815472.0
19145,"Page, IA",2023,821137.0
19145,"Page, IA",2024,839229.0
19147,"Palo Alto, IA",2019,440938.0
19147,"Palo Alto, IA",2020,429068.0
19147,"Palo Alto, IA",2021,516564.0
19147,"Palo Alto, IA",2022,596026.0
19147,"Palo Alto, IA",2023,539983.0
19147,"Palo Alto, IA",2024,577294.0
19149,"Plymouth, IA",2019,1368377.0
19149,"Plymouth, IA",2020,1452110.0
19149,"Plymouth, IA",2021,1621197.0
19149,"Plymouth, IA",2022,1786171.0
19149,"Plymouth, IA",2023,1748810.0
19149,"Plymouth, IA",2024,1804839.0
19151,"Pocahontas, IA",2019,351028.0
19151,"Pocahontas, IA",2020,340300.0
19151,"Pocahontas, IA",2021,429544.0
19151,"Pocahontas, IA",2022,477165.0
19151,"Pocahontas, IA",2023,424141.0
19151,"Pocahontas, IA",2024,427198.0
19153,"Polk, IA",2019,26304369.0
19153,"Polk, IA",2020,28324520.0
19153,"Polk, IA",2021,30797753.0
19153,"Polk, IA",2022,31918500.0
19153,"Polk, IA",2023,34049556.0
19153,"Polk, IA",2024,36029709.0
19155,"Pottawattamie, IA",2019,4205308.0
19155,"Pottawattamie, IA",2020,4466093.0
19155,"Pottawattamie, IA",2021,4812914.0
19155,"Pottawattamie, IA",2022,5189922.0
19155,"Pottawattamie, IA",2023,5465676.0
19155,"Pottawattamie, IA",2024,5876958.0
19157,"Poweshiek, IA",2019,836970.0
19157,"Poweshiek, IA",2020,893868.0
19157,"Poweshiek, IA",2021,986747.0
19157,"Poweshiek, IA",2022,1044491.0
19157,"Poweshiek, IA",2023,1056835.0
19157,"Poweshiek, IA",2024,1116019.0
19159,"Ringgold, IA",2019,225541.0
19159,"Ringgold, IA",2020,231743.0
19159,"Ringgold, IA",2021,272852.0
19159,"Ringgold, IA",2022,277490.0
19159,"Ringgold, IA",2023,260816.0
19159,"Ringgold, IA",2024,281698.0
19161,"Sac, IA",2019,536223.0
19161,"Sac, IA",2020,537409.0
19161,"Sac, IA",2021,671579.0
19161,"Sac, IA",2022,784082.0
19161,"Sac, IA",2023,700243.0
19161,"Sac, IA",2024,717793.0
19163,"Scott, IA",2019,9367946.0
19163,"Scott, IA",2020,9857177.0
19163,"Scott, IA",2021,10737013.0
19163,"Scott, IA",2022,10962033.0
19163,"Scott, IA",2023,11617662.0
19163,"Scott, IA",2024,12293269.0
19165,"Shelby, IA",2019,594663.0
19165,"Shelby, IA",2020,619472.0
19165,"Shelby, IA",2021,755456.0
19165,"Shelby, IA",2022,777195.0
19165,"Shelby, IA",2023,787959.0
19165,"Shelby, IA",2024,794608.0
19167,"Sioux, IA",2019,1762169.0
19167,"Sioux, IA",2020,1979363.0
19167,"Sioux, IA",2021,2141200.0
19167,"Sioux, IA",2022,2501484.0
19167,"Sioux, IA",2023,2392829.0
19167,"Sioux, IA",2024,2659367.0
19169,"Story, IA",2019,4221641.0
19169,"Story, IA",2020,4438916.0
19169,"Story, IA",2021,4822879.0
19169,"Story, IA",2022,5264199.0
19169,"Story, IA",2023,5548240.0
19169,"Story, IA",2024,5780080.0
19171,"Tama, IA",2019,773866.0
19171,"Tama, IA",2020,841633.0
19171,"Tama, IA",2021,960253.0
19171,"Tama, IA",2022,981859.0
19171,"Tama, IA",2023,954808.0
19171,"Tama, IA",2024,961490.0
19173,"Taylor, IA",2019,258448.0
19173,"Taylor, IA",2020,270467.0
19173,"Taylor, IA",2021,331381.0
19173,"Taylor, IA",2022,344033.0
19173,"Taylor, IA",2023,328052.0
19173,"Taylor, IA",2024,333963.0
19175,"Union, IA",2019,501292.0
19175,"Union, IA",2020,529790.0
19175,"Union, IA",2021,595090.0
19175,"Union, IA",2022,603713.0
19175,"Union, IA",2023,593856.0
19175,"Union, IA",2024,643243.0
19177,"Van Buren, IA",2019,287295.0
19177,"Van Buren, IA",2020,297036.0
19177,"Van Buren, IA",2021,347350.0
19177,"Van Buren, IA",2022,366537.0
19177,"Van Buren, IA",2023,353678.0
19177,"Van Buren, IA",2024,363931.0
19179,"Wapello, IA",2019,1380949.0
19179,"Wapello, IA",2020,1498465.0
19179,"Wapello, IA",2021,1600330.0
19179,"Wapello, IA",2022,1625479.0
19179,"Wapello, IA",2023,1662277.0
19179,"Wapello, IA",2024,1734920.0
19181,"Warren, IA",2019,2676236.0
19181,"Warren, IA",2020,2846530.0
19181,"Warren, IA",2021,3182870.0
19181,"Warren, IA",2022,3355160.0
19181,"Warren, IA",2023,3551708.0
19181,"Warren, IA",2024,3754565.0
19183,"Washington, IA",2019,1326237.0
19183,"Washington, IA",2020,1320161.0
19183,"Washington, IA",2021,1617228.0
19183,"Washington, IA",2022,1850810.0
19183,"Washington, IA",2023,1814411.0
19183,"Washington, IA",2024,1913209.0
19185,"Wayne, IA",2019,272005.0
19185,"Wayne, IA",2020,289932.0
19185,"Wayne, IA",2021,345128.0
19185,"Wayne, IA",2022,360478.0
19185,"Wayne, IA",2023,355620.0
19185,"Wayne, IA",2024,365358.0
19187,"Webster, IA",2019,1666529.0
19187,"Webster, IA",2020,1734182.0
19187,"Webster, IA",2021,1912356.0
19187,"Webster, IA",2022,1965080.0
19187,"Webster, IA",2023,1981625.0
19187,"Webster, IA",2024,2047151.0
19189,"Winnebago, IA",2019,439170.0
19189,"Winnebago, IA",2020,472284.0
19189,"Winnebago, IA",2021,554497.0
19189,"Winnebago, IA",2022,597110.0
19189,"Winnebago, IA",2023,568180.0
19189,"Winnebago, IA",2024,606115.0
19191,"Winneshiek, IA",2019,991014.0
19191,"Winneshiek, IA",2020,1090666.0
19191,"Winneshiek, IA",2021,1180933.0
19191,"Winneshiek, IA",2022,1230232.0
19191,"Winneshiek, IA",2023,1250128.0
19191,"Winneshiek, IA",2024,1312455.0
19193,"Woodbury, IA",2019,4606274.0
19193,"Woodbury, IA",2020,4926427.0
19193,"Woodbury, IA",2021,5290075.0
19193,"Woodbury, IA",2022,5473086.0
19193,"Woodbury, IA",2023,5675691.0
19193,"Woodbury, IA",2024,5936056.0
19195,"Worth, IA",2019,309251.0
19195,"Worth, IA",2020,330012.0
19195,"Worth, IA",2021,401400.0
19195,"Worth, IA",2022,418386.0
19195,"Worth, IA",2023,420004.0
19195,"Worth, IA",2024,424598.0
19197,"Wright, IA",2019,604338.0
19197,"Wright, IA",2020,612866.0
19197,"Wright, IA",2021,745976.0
19197,"Wright, IA",2022,926057.0
19197,"Wright, IA",2023,852127.0
19197,"Wright, IA",2024,967735.0
20001,"Allen, KS",2019,524509.0
20001,"Allen, KS",2020,562943.0
20001,"Allen, KS",2021,625778.0
20001,"Allen, KS",2022,589737.0
20001,"Allen, KS",2023,623229.0
20001,"Allen, KS",2024,643958.0
20003,"Anderson, KS",2019,314893.0
20003,"Anderson, KS",2020,354550.0
20003,"Anderson, KS",2021,426285.0
20003,"Anderson, KS",2022,393661.0
20003,"Anderson, KS",2023,439294.0
20003,"Anderson, KS",2024,444323.0
20005,"Atchison, KS",2019,628283.0
20005,"Atchison, KS",2020,692777.0
20005,"Atchison, KS",2021,726429.0
20005,"Atchison, KS",2022,698181.0
20005,"Atchison, KS",2023,740332.0
20005,"Atchison, KS",2024,770911.0
20007,"Barber, KS",2019,190108.0
20007,"Barber, KS",2020,210706.0
20007,"Barber, KS",2021,224406.0
20007,"Barber, KS",2022,223890.0
20007,"Barber, KS",2023,244877.0
20007,"Barber, KS",2024,234854.0
20009,"Barton, KS",2019,1248448.0
20009,"Barton, KS",2020,1307151.0
20009,"Barton, KS",2021,1345604.0
20009,"Barton, KS",2022,1398668.0
20009,"Barton, KS",2023,1462759.0
20009,"Barton, KS",2024,1518533.0
20011,"Bourbon, KS",2019,595963.0
20011,"Bourbon, KS",2020,643830.0
20011,"Bourbon, KS",2021,693395.0
20011,"Bourbon, KS",2022,672830.0
20011,"Bourbon, KS",2023,701342.0
20011,"Bourbon, KS",2024,715853.0
20013,"Brown, KS",2019,422906.0
20013,"Brown, KS",2020,457266.0
20013,"Brown, KS",2021,506089.0
20013,"Brown, KS",2022,482093.0
20013,"Brown, KS",2023,503387.0
20013,"Brown, KS",2024,525034.0
20015,"Butler, KS",2019,3178473.0
20015,"Butler, KS",2020,3350730.0
20015,"Butler, KS",2021,3579650.0
20015,"Butler, KS",2022,3685959.0
20015,"Butler, KS",2023,3964114.0
20015,"Butler, KS",2024,4143197.0
20017,"Chase, KS",2019,135134.0
20017,"Chase, KS",2020,154757.0
20017,"Chase, KS",2021,165551.0
20017,"Chase, KS",2022,151147.0
20017,"Chase, KS",2023,173493.0
20017,"Chase, KS",2024,167167.0
20019,"Chautauqua, KS",2019,130143.0
20019,"Chautauqua, KS",2020,140126.0
20019,"Chautauqua, KS",2021,150261.0
20019,"Chautauqua, KS",2022,146250.0
20019,"Chautauqua, KS",2023,162089.0
20019,"Chautauqua, KS",2024,163095.0
20021,"Cherokee, KS",2019,837809.0
20021,"Cherokee, KS",2020,914105.0
20021,"Cherokee, KS",2021,1004158.0
20021,"Cherokee, KS",2022,1044262.0
20021,"Cherokee, KS",2023,1028692.0
20021,"Cherokee, KS",2024,1065313.0
20023,"Cheyenne, KS",2019,122366.0
20023,"Cheyenne, KS",2020,150606.0
20023,"Cheyenne, KS",2021,173978.0
20023,"Cheyenne, KS",2022,164424.0
20023,"Cheyenne, KS",2023,168920.0
20023,"Cheyenne, KS",2024,162283.0
20025,"Clark, KS",2019,110359.0
20025,"Clark, KS",2020,124467.0
20025,"Clark, KS",2021,110660.0
20025,"Clark, KS",2022,104549.0
20025,"Clark, KS",2023,116296.0
20025,"Clark, KS",2024,120267.0
20027,"Clay, KS",2019,348910.0
20027,"Clay, KS",2020,388031.0
20027,"Clay, KS",2021,435753.0
20027,"Clay, KS",2022,395061.0
20027,"Clay, KS",2023,427674.0
20027,"Clay, KS",2024,434887.0
20029,"Cloud, KS",2019,358452.0
20029,"Cloud, KS",2020,401852.0
20029,"Cloud, KS",2021,432576.0
20029,"Cloud, KS",2022,410594.0
20029,"Cloud, KS",2023,470863.0
20029,"Cloud, KS",2024,469556.0
20031,"Coffey, KS",2019,428811.0
20031,"Coffey, KS",2020,478361.0
20031,"Coffey, KS",2021,501815.0
20031,"Coffey, KS",2022,466935.0
20031,"Coffey, KS",2023,479894.0
20031,"Coffey, KS",2024,486052.0
20033,"Comanche, KS",2019,70248.0
20033,"Comanche, KS",2020,78764.0
20033,"Comanche, KS",2021,84440.0
20033,"Comanche, KS",2022,84932.0
20033,"Comanche, KS",2023,102155.0
20033,"Comanche, KS",2024,95463.0
20035,"Cowley, KS",2019,1357121.0
20035,"Cowley, KS",2020,1447361.0
20035,"Cowley, KS",2021,1544100.0
20035,"Cowley, KS",2022,1526877.0
20035,"Cowley, KS",2023,1603273.0
20035,"Cowley, KS",2024,1643176.0
20037,"Crawford, KS",2019,1599684.0
20037,"Crawford, KS",2020,1673939.0
20037,"Crawford, KS",2021,1786620.0
20037,"Crawford, KS",2022,1758576.0
20037,"Crawford, KS",2023,1851002.0
20037,"Crawford, KS",2024,1935957.0
20039,"Decatur, KS",2019,122670.0
20039,"Decatur, KS",2020,157404.0
20039,"Decatur, KS",2021,161054.0
20039,"Decatur, KS",2022,186615.0
20039,"Decatur, KS",2023,179728.0
20039,"Decatur, KS",2024,180622.0
20041,"Dickinson, KS",2019,778160.0
20041,"Dickinson, KS",2020,853156.0
20041,"Dickinson, KS",2021,918976.0
20041,"Dickinson, KS",2022,890549.0
20041,"Dickinson, KS",2023,946386.0
20041,"Dickinson, KS",2024,962818.0
20043,"Doniphan, KS",2019,319435.0
20043,"Doniphan, KS",2020,345492.0
20043,"Doniphan, KS",2021,396997.0
20043,"Doniphan, KS",2022,366972.0
20043,"Doniphan, KS",2023,387308.0
20043,"Doniphan, KS",2024,408087.0
20045,"Douglas, KS",2019,5479048.0
20045,"Douglas, KS",2020,5811053.0
20045,"Douglas, KS",2021,6237954.0
20045,"Douglas, KS",2022,6400959.0
20045,"Douglas, KS",2023,6793067.0
20045,"Douglas, KS",2024,7160490.0
20047,"Edwards, KS",2019,149590.0
20047,"Edwards, KS",2020,181116.0
20047,"Edwards, KS",2021,195505.0
20047,"Edwards, KS",2022,178022.0
20047,"Edwards, KS",2023,203057.0
20047,"Edwards, KS",2024,199835.0
20049,"Elk, KS",2019,93559.0
20049,"Elk, KS",2020,101635.0
20049,"Elk, KS",2021,108387.0
20049,"Elk, KS",2022,101947.0
20049,"Elk, KS",2023,118095.0
20049,"Elk, KS",2024,116456.0
20051,"Ellis, KS",2019,1337274.0
20051,"Ellis, KS",2020,1475575.0
20051,"Ellis, KS",2021,1585693.0
20051,"Ellis, KS",2022,1578829.0
20051,"Ellis, KS",2023,1669522.0
20051,"Ellis, KS",2024,1691847.0
20053,"Ellsworth, KS",2019,276871.0
20053,"Ellsworth, KS",2020,287127.0
20053,"Ellsworth, KS",2021,309677.0
20053,"Ellsworth, KS",2022,298798.0
20053,"Ellsworth, KS",2023,327608.0
20053,"Ellsworth, KS",2024,321218.0
20055,"Finney, KS",2019,1588754.0
20055,"Finney, KS",2020,1757470.0
20055,"Finney, KS",2021,1880557.0
20055,"Finney, KS",2022,1891307.0
20055,"Finney, KS",2023,1986956.0
20055,"Finney, KS",2024,2104375.0
20057,"Ford, KS",2019,1328189.0
20057,"Ford, KS",2020,1524992.0
20057,"Ford, KS",2021,1620541.0
20057,"Ford, KS",2022,1609008.0
20057,"Ford, KS",2023,1618205.0
20057,"Ford, KS",2024,1663283.0
20059,"Franklin, KS",2019,1126079.0
20059,"Franklin, KS",2020,1208274.0
20059,"Franklin, KS",2021,1296192.0
20059,"Franklin, KS",2022,1276996.0
20059,"Franklin, KS",2023,1352786.0
20059,"Franklin, KS",2024,1406090.0
20061,"Geary, KS",2019,1653714.0
20061,"Geary, KS",2020,1769297.0
20061,"Geary, KS",2021,1848275.0
20061,"Geary, KS",2022,1840250.0
20061,"Geary, KS",2023,1901331.0
20061,"Geary, KS",2024,1996454.0
20063,"Gove, KS",2019,159133.0
20063,"Gove, KS",2020,180839.0
20063,"Gove, KS",2021,227565.0
20063,"Gove, KS",2022,238914.0
20063,"Gove, KS",2023,279172.0
20063,"Gove, KS",2024,262879.0
20065,"Graham, KS",2019,123222.0
20065,"Graham, KS",2020,132246.0
20065,"Graham, KS",2021,147967.0
20065,"Graham, KS",2022,146268.0
20065,"Graham, KS",2023,177873.0
20065,"Graham, KS",2024,155195.0
20067,"Grant, KS",2019,309293.0
20067,"Grant, KS",2020,368345.0
20067,"Grant, KS",2021,342158.0
20067,"Grant, KS",2022,306987.0
20067,"Grant, KS",2023,403381.0
20067,"Grant, KS",2024,457958.0
20069,"Gray, KS",2019,342961.0
20069,"Gray, KS",2020,419499.0
20069,"Gray, KS",2021,381088.0
20069,"Gray, KS",2022,368658.0
20069,"Gray, KS",2023,440706.0
20069,"Gray, KS",2024,484780.0
20071,"Greeley, KS",2019,83037.0
20071,"Greeley, KS",2020,132411.0
20071,"Greeley, KS",2021,141242.0
20071,"Greeley, KS",2022,139277.0
20071,"Greeley, KS",2023,127062.0
20071,"Greeley, KS",2024,155266.0
20073,"Greenwood, KS",2019,249180.0
20073,"Greenwood, KS",2020,277765.0
20073,"Greenwood, KS",2021,285906.0
20073,"Greenwood, KS",2022,276951.0
20073,"Greenwood, KS",2023,318790.0
20073,"Greenwood, KS",2024,319217.0
20075,"Hamilton, KS",2019,145047.0
20075,"Hamilton, KS",2020,208245.0
20075,"Hamilton, KS",2021,180135.0
20075,"Hamilton, KS",2022,228311.0
20075,"Hamilton, KS",2023,234147.0
20075,"Hamilton, KS",2024,253681.0
20077,"Harper, KS",2019,285382.0
20077,"Harper, KS",2020,311057.0
20077,"Harper, KS",2021,328874.0
20077,"Harper, KS",2022,322195.0
20077,"Harper, KS",2023,350776.0
20077,"Harper, KS",2024,339191.0
20079,"Harvey, KS",2019,1504670.0
20079,"Harvey, KS",2020,1605288.0
20079,"Harvey, KS",2021,1711820.0
20079,"Harvey, KS",2022,1719211.0
20079,"Harvey, KS",2023,1830546.0
20079,"Harvey, KS",2024,1894762.0
20081,"Haskell, KS",2019,207586.0
20081,"Haskell, KS",2020,288598.0
20081,"Haskell, KS",2021,274668.0
20081,"Haskell, KS",2022,245068.0
20081,"Haskell, KS",2023,323279.0
20081,"Haskell, KS",2024,322865.0
20083,"Hodgeman, KS",2019,96517.0
20083,"Hodgeman, KS",2020,125366.0
20083,"Hodgeman, KS",2021,117751.0
20083,"Hodgeman, KS",2022,104173.0
20083,"Hodgeman, KS",2023,126141.0
20083,"Hodgeman, KS",2024,128380.0
20085,"Jackson, KS",2019,572686.0
20085,"Jackson, KS",2020,625089.0
20085,"Jackson, KS",2021,670215.0
20085,"Jackson, KS",2022,659864.0
20085,"Jackson, KS",2023,708239.0
20085,"Jackson, KS",2024,741527.0
20087,"Jefferson, KS",2019,861400.0
20087,"Jefferson, KS",2020,916696.0
20087,"Jefferson, KS",2021,992497.0
20087,"Jefferson, KS",2022,997364.0
20087,"Jefferson, KS",2023,1064491.0
20087,"Jefferson, KS",2024,1114808.0
20089,"Jewell, KS",2019,142516.0
20089,"Jewell, KS",2020,166221.0
20089,"Jewell, KS",2021,182967.0
20089,"Jewell, KS",2022,152352.0
20089,"Jewell, KS",2023,199292.0
20089,"Jewell, KS",2024,182486.0
20091,"Johnson, KS",2019,46651384.0
20091,"Johnson, KS",2020,48213936.0
20091,"Johnson, KS",2021,51645389.0
20091,"Johnson, KS",2022,59774177.0
20091,"Johnson, KS",2023,57287404.0
20091,"Johnson, KS",2024,60330959.0
20093,"Kearny, KS",2019,194328.0
20093,"Kearny, KS",2020,242026.0
20093,"Kearny, KS",2021,247051.0
20093,"Kearny, KS",2022,232827.0
20093,"Kearny, KS",2023,262945.0
20093,"Kearny, KS",2024,245000.0
20095,"Kingman, KS",2019,322040.0
20095,"Kingman, KS",2020,359981.0
20095,"Kingman, KS",2021,387245.0
20095,"Kingman, KS",2022,382377.0
20095,"Kingman, KS",2023,421509.0
20095,"Kingman, KS",2024,405556.0
20097,"Kiowa, KS",2019,102359.0
20097,"Kiowa, KS",2020,127325.0
20097,"Kiowa, KS",2021,138642.0
20097,"Kiowa, KS",2022,117781.0
20097,"Kiowa, KS",2023,130323.0
20097,"Kiowa, KS",2024,123663.0
20099,"Labette, KS",2019,853281.0
20099,"Labette, KS",2020,921211.0
20099,"Labette, KS",2021,963010.0
20099,"Labette, KS",2022,978455.0
20099,"Labette, KS",2023,1021460.0
20099,"Labette, KS",2024,1054642.0
20101,"Lane, KS",2019,101626.0
20101,"Lane, KS",2020,124289.0
20101,"Lane, KS",2021,131465.0
20101,"Lane, KS",2022,127276.0
20101,"Lane, KS",2023,149142.0
20101,"Lane, KS",2024,131272.0
20103,"Leavenworth, KS",2019,3595881.0
20103,"Leavenworth, KS",2020,3814588.0
20103,"Leavenworth, KS",2021,4082485.0
20103,"Leavenworth, KS",2022,4200079.0
20103,"Leavenworth, KS",2023,4435727.0
20103,"Leavenworth, KS",2024,4688077.0
20105,"Lincoln, KS",2019,132717.0
20105,"Lincoln, KS",2020,157194.0
20105,"Lincoln, KS",2021,153738.0
20105,"Lincoln, KS",2022,143045.0
20105,"Lincoln, KS",2023,167790.0
20105,"Lincoln, KS",2024,152839.0
20107,"Linn, KS",2019,398818.0
20107,"Linn, KS",2020,434785.0
20107,"Linn, KS",2021,464611.0
20107,"Linn, KS",2022,468108.0
20107,"Linn, KS",2023,496283.0
20107,"Linn, KS",2024,503351.0
20109,"Logan, KS",2019,134197.0
20109,"Logan, KS",2020,164881.0
20109,"Logan, KS",2021,179362.0
20109,"Logan, KS",2022,180341.0
20109,"Logan, KS",2023,185246.0
20109,"Logan, KS",2024,187237.0
20111,"Lyon, KS",2019,1284054.0
20111,"Lyon, KS",2020,1413613.0
20111,"Lyon, KS",2021,1505864.0
20111,"Lyon, KS",2022,1507210.0
20111,"Lyon, KS",2023,1598291.0
20111,"Lyon, KS",2024,1637718.0
20113,"McPherson, KS",2019,1571853.0
20113,"McPherson, KS",2020,1662130.0
20113,"McPherson, KS",2021,1743641.0
20113,"McPherson, KS",2022,1782851.0
20113,"McPherson, KS",2023,1932942.0
20113,"McPherson, KS",2024,1990880.0
20115,"Marion, KS",2019,498221.0
20115,"Marion, KS",2020,548910.0
20115,"Marion, KS",2021,578336.0
20115,"Marion, KS",2022,556236.0
20115,"Marion, KS",2023,616382.0
20115,"Marion, KS",2024,613447.0
20117,"Marshall, KS",2019,428972.0
20117,"Marshall, KS",2020,480679.0
20117,"Marshall, KS",2021,511551.0
20117,"Marshall, KS",2022,468603.0
20117,"Marshall, KS",2023,495286.0
20117,"Marshall, KS",2024,507883.0
20119,"Meade, KS",2019,237336.0
20119,"Meade, KS",2020,282963.0
20119,"Meade, KS",2021,312331.0
20119,"Meade, KS",2022,260584.0
20119,"Meade, KS",2023,292328.0
20119,"Meade, KS",2024,302816.0
20121,"Miami, KS",2019,1694255.0
20121,"Miami, KS",2020,1826807.0
20121,"Miami, KS",2021,2033131.0
20121,"Miami, KS",2022,2099827.0
20121,"Miami, KS",2023,2222356.0
20121,"Miami, KS",2024,2336755.0
20123,"Mitchell, KS",2019,354508.0
20123,"Mitchell, KS",2020,403193.0
20123,"Mitchell, KS",2021,395819.0
20123,"Mitchell, KS",2022,378945.0
20123,"Mitchell, KS",2023,442366.0
20123,"Mitchell, KS",2024,427859.0
20125,"Montgomery, KS",2019,1176885.0
20125,"Montgomery, KS",2020,1267191.0
20125,"Montgomery, KS",2021,1360152.0
20125,"Montgomery, KS",2022,1358237.0
20125,"Montgomery, KS",2023,1426034.0
20125,"Montgomery, KS",2024,1472023.0
20127,"Morris, KS",2019,240954.0
20127,"Morris, KS",2020,272768.0
20127,"Morris, KS",2021,281955.0
20127,"Morris, KS",2022,270015.0
20127,"Morris, KS",2023,300000.0
20127,"Morris, KS",2024,298087.0
20129,"Morton, KS",2019,112784.0
20129,"Morton, KS",2020,140908.0
20129,"Morton, KS",2021,155826.0
20129,"Morton, KS",2022,134861.0
20129,"Morton, KS",2023,164078.0
20129,"Morton, KS",2024,166049.0
20131,"Nemaha, KS",2019,525228.0
20131,"Nemaha, KS",2020,620380.0
20131,"Nemaha, KS",2021,648927.0
20131,"Nemaha, KS",2022,662820.0
20131,"Nemaha, KS",2023,714555.0
20131,"Nemaha, KS",2024,745519.0
20133,"Neosho, KS",2019,646004.0
20133,"Neosho, KS",2020,695856.0
20133,"Neosho, KS",2021,746777.0
20133,"Neosho, KS",2022,728703.0
20133,"Neosho, KS",2023,778347.0
20133,"Neosho, KS",2024,798080.0
20135,"Ness, KS",2019,144658.0
20135,"Ness, KS",2020,163236.0
20135,"Ness, KS",2021,182291.0
20135,"Ness, KS",2022,174633.0
20135,"Ness, KS",2023,203213.0
20135,"Ness, KS",2024,184162.0
20137,"Norton, KS",2019,224374.0
20137,"Norton, KS",2020,272305.0
20137,"Norton, KS",2021,289049.0
20137,"Norton, KS",2022,292578.0
20137,"Norton, KS",2023,322252.0
20137,"Norton, KS",2024,306972.0
20139,"Osage, KS",2019,678539.0
20139,"Osage, KS",2020,737922.0
20139,"Osage, KS",2021,791328.0
20139,"Osage, KS",2022,782309.0
20139,"Osage, KS",2023,844585.0
20139,"Osage, KS",2024,864676.0
20141,"Osborne, KS",2019,162968.0
20141,"Osborne, KS",2020,180771.0
20141,"Osborne, KS",2021,199759.0
20141,"Osborne, KS",2022,186173.0
20141,"Osborne, KS",2023,227707.0
20141,"Osborne, KS",2024,194080.0
20143,"Ottawa, KS",2019,238847.0
20143,"Ottawa, KS",2020,265894.0
20143,"Ottawa, KS",2021,304689.0
20143,"Ottawa, KS",2022,297067.0
20143,"Ottawa, KS",2023,322676.0
20143,"Ottawa, KS",2024,318821.0
20145,"Pawnee, KS",2019,263994.0
20145,"Pawnee, KS",2020,296369.0
20145,"Pawnee, KS",2021,314401.0
20145,"Pawnee, KS",2022,279945.0
20145,"Pawnee, KS",2023,309993.0
20145,"Pawnee, KS",2024,313316.0
20147,"Phillips, KS",2019,272671.0
20147,"Phillips, KS",2020,290888.0
20147,"Phillips, KS",2021,327574.0
20147,"Phillips, KS",2022,296578.0
20147,"Phillips, KS",2023,345451.0
20147,"Phillips, KS",2024,345124.0
20149,"Pottawatomie, KS",2019,1329728.0
20149,"Pottawatomie, KS",2020,1447087.0
20149,"Pottawatomie, KS",2021,1587633.0
20149,"Pottawatomie, KS",2022,1597845.0
20149,"Pottawatomie, KS",2023,1669917.0
20149,"Pottawatomie, KS",2024,1760332.0
20151,"Pratt, KS",2019,440147.0
20151,"Pratt, KS",2020,485010.0
20151,"Pratt, KS",2021,521788.0
20151,"Pratt, KS",2022,503086.0
20151,"Pratt, KS",2023,539573.0
20151,"Pratt, KS",2024,547982.0
20153,"Rawlins, KS",2019,140244.0
20153,"Rawlins, KS",2020,172392.0
20153,"Rawlins, KS",2021,206660.0
20153,"Rawlins, KS",2022,218867.0
20153,"Rawlins, KS",2023,175142.0
20153,"Rawlins, KS",2024,182955.0
20155,"Reno, KS",2019,2544609.0
20155,"Reno, KS",2020,2825655.0
20155,"Reno, KS",2021,2942909.0
20155,"Reno, KS",2022,2922348.0
20155,"Reno, KS",2023,3123300.0
20155,"Reno, KS",2024,3270121.0
20157,"Republic, KS",2019,202183.0
20157,"Republic, KS",2020,232508.0
20157,"Republic, KS",2021,248993.0
20157,"Republic, KS",2022,222219.0
20157,"Republic, KS",2023,256847.0
20157,"Republic, KS",2024,265432.0
20159,"Rice, KS",2019,422589.0
20159,"Rice, KS",2020,460227.0
20159,"Rice, KS",2021,467165.0
20159,"Rice, KS",2022,460477.0
20159,"Rice, KS",2023,531909.0
20159,"Rice, KS",2024,554468.0
20161,"Riley, KS",2019,3080193.0
20161,"Riley, KS",2020,3272090.0
20161,"Riley, KS",2021,3537959.0
20161,"Riley, KS",2022,3639094.0
20161,"Riley, KS",2023,3833619.0
20161,"Riley, KS",2024,4051389.0
20163,"Rooks, KS",2019,194991.0
20163,"Rooks, KS",2020,226207.0
20163,"Rooks, KS",2021,242407.0
20163,"Rooks, KS",2022,220507.0
20163,"Rooks, KS",2023,261472.0
20163,"Rooks, KS",2024,240841.0
20165,"Rush, KS",2019,150044.0
20165,"Rush, KS",2020,170644.0
20165,"Rush, KS",2021,186259.0
20165,"Rush, KS",2022,163752.0
20165,"Rush, KS",2023,199493.0
20165,"Rush, KS",2024,200955.0
20167,"Russell, KS",2019,310335.0
20167,"Russell, KS",2020,335703.0
20167,"Russell, KS",2021,366792.0
20167,"Russell, KS",2022,361595.0
20167,"Russell, KS",2023,407919.0
20167,"Russell, KS",2024,398810.0
20169,"Saline, KS",2019,2753643.0
20169,"Saline, KS",2020,2782731.0
20169,"Saline, KS",2021,2992874.0
20169,"Saline, KS",2022,3033652.0
20169,"Saline, KS",2023,3186072.0
20169,"Saline, KS",2024,3342625.0
20171,"Scott, KS",2019,272166.0
20171,"Scott, KS",2020,345722.0
20171,"Scott, KS",2021,329815.0
20171,"Scott, KS",2022,300799.0
20171,"Scott, KS",2023,333769.0
20171,"Scott, KS",2024,359198.0
20173,"Sedgwick, KS",2019,27242780.0
20173,"Sedgwick, KS",2020,27926498.0
20173,"Sedgwick, KS",2021,30483316.0
20173,"Sedgwick, KS",2022,30350747.0
20173,"Sedgwick, KS",2023,32311429.0
20173,"Sedgwick, KS",2024,33935586.0
20175,"Seward, KS",2019,821405.0
20175,"Seward, KS",2020,939358.0
20175,"Seward, KS",2021,1007294.0
20175,"Seward, KS",2022,993868.0
20175,"Seward, KS",2023,1010347.0
20175,"Seward, KS",2024,1033552.0
20177,"Shawnee, KS",2019,8417055.0
20177,"Shawnee, KS",2020,9025057.0
20177,"Shawnee, KS",2021,9677090.0
20177,"Shawnee, KS",2022,9716503.0
20177,"Shawnee, KS",2023,10449183.0
20177,"Shawnee, KS",2024,10950842.0
20179,"Sheridan, KS",2019,115828.0
20179,"Sheridan, KS",2020,150907.0
20179,"Sheridan, KS",2021,144078.0
20179,"Sheridan, KS",2022,137796.0
20179,"Sheridan, KS",2023,154058.0
20179,"Sheridan, KS",2024,159969.0
20181,"Sherman, KS",2019,251422.0
20181,"Sherman, KS",2020,295859.0
20181,"Sherman, KS",2021,329789.0
20181,"Sherman, KS",2022,320963.0
20181,"Sherman, KS",2023,338279.0
20181,"Sherman, KS",2024,330254.0
20183,"Smith, KS",2019,169742.0
20183,"Smith, KS",2020,203488.0
20183,"Smith, KS",2021,228321.0
20183,"Smith, KS",2022,205737.0
20183,"Smith, KS",2023,239657.0
20183,"Smith, KS",2024,220672.0
20185,"Stafford, KS",2019,186455.0
20185,"Stafford, KS",2020,213818.0
20185,"Stafford, KS",2021,208369.0
20185,"Stafford, KS",2022,203707.0
20185,"Stafford, KS",2023,237451.0
20185,"Stafford, KS",2024,250501.0
20187,"Stanton, KS",2019,141689.0
20187,"Stanton, KS",2020,180725.0
20187,"Stanton, KS",2021,188610.0
20187,"Stanton, KS",2022,168822.0
20187,"Stanton, KS",2023,171374.0
20187,"Stanton, KS",2024,157687.0
20189,"Stevens, KS",2019,228335.0
20189,"Stevens, KS",2020,279128.0
20189,"Stevens, KS",2021,296273.0
20189,"Stevens, KS",2022,264393.0
20189,"Stevens, KS",2023,296194.0
20189,"Stevens, KS",2024,313249.0
20191,"Sumner, KS",2019,933144.0
20191,"Sumner, KS",2020,994790.0
20191,"Sumner, KS",2021,1073251.0
20191,"Sumner, KS",2022,1072505.0
20191,"Sumner, KS",2023,1134112.0
20191,"Sumner, KS",2024,1148121.0
20193,"Thomas, KS",2019,366431.0
20193,"Thomas, KS",2020,404970.0
20193,"Thomas, KS",2021,437120.0
20193,"Thomas, KS",2022,443644.0
20193,"Thomas, KS",2023,479803.0
20193,"Thomas, KS",2024,498711.0
20195,"Trego, KS",2019,136878.0
20195,"Trego, KS",2020,158392.0
20195,"Trego, KS",2021,169308.0
20195,"Trego, KS",2022,167337.0
20195,"Trego, KS",2023,191293.0
20195,"Trego, KS",2024,165233.0
20197,"Wabaunsee, KS",2019,350376.0
20197,"Wabaunsee, KS",2020,373746.0
20197,"Wabaunsee, KS",2021,400015.0
20197,"Wabaunsee, KS",2022,392876.0
20197,"Wabaunsee, KS",2023,426108.0
20197,"Wabaunsee, KS",2024,442719.0
20199,"Wallace, KS",2019,77663.0
20199,"Wallace, KS",2020,94847.0
20199,"Wallace, KS",2021,98078.0
20199,"Wallace, KS",2022,94687.0
20199,"Wallace, KS",2023,93030.0
20199,"Wallace, KS",2024,101931.0
20201,"Washington, KS",2019,249823.0
20201,"Washington, KS",2020,300016.0
20201,"Washington, KS",2021,310327.0
20201,"Washington, KS",2022,276016.0
20201,"Washington, KS",2023,308327.0
20201,"Washington, KS",2024,322800.0
20203,"Wichita, KS",2019,130976.0
20203,"Wichita, KS",2020,153396.0
20203,"Wichita, KS",2021,122435.0
20203,"Wichita, KS",2022,111317.0
20203,"Wichita, KS",2023,149046.0
20203,"Wichita, KS",2024,156133.0
20205,"Wilson, KS",2019,361212.0
20205,"Wilson, KS",2020,386681.0
20205,"Wilson, KS",2021,423985.0
20205,"Wilson, KS",2022,412831.0
20205,"Wilson, KS",2023,438650.0
20205,"Wilson, KS",2024,441544.0
20207,"Woodson, KS",2019,120521.0
20207,"Woodson, KS",2020,129775.0
20207,"Woodson, KS",2021,141052.0
20207,"Woodson, KS",2022,137986.0
20207,"Woodson, KS",2023,155507.0
20207,"Woodson, KS",2024,152874.0
20209,"Wyandotte, KS",2019,5686972.0
20209,"Wyandotte, KS",2020,6164149.0
20209,"Wyandotte, KS",2021,6468390.0
20209,"Wyandotte, KS",2022,6583898.0
20209,"Wyandotte, KS",2023,6906079.0
20209,"Wyandotte, KS",2024,7264235.0
21001,"Adair, KY",2019,625084.0
21001,"Adair, KY",2020,707876.0
21001,"Adair, KY",2021,782146.0
21001,"Adair, KY",2022,792625.0
21001,"Adair, KY",2023,847207.0
21001,"Adair, KY",2024,902535.0
21003,"Allen, KY",2019,710870.0
21003,"Allen, KY",2020,757931.0
21003,"Allen, KY",2021,868653.0
21003,"Allen, KY",2022,869996.0
21003,"Allen, KY",2023,893754.0
21003,"Allen, KY",2024,944005.0
21005,"Anderson, KY",2019,929057.0
21005,"Anderson, KY",2020,1005450.0
21005,"Anderson, KY",2021,1098303.0
21005,"Anderson, KY",2022,1117746.0
21005,"Anderson, KY",2023,1199765.0
21005,"Anderson, KY",2024,1265428.0
21007,"Ballard, KY",2019,310900.0
21007,"Ballard, KY",2020,340180.0
21007,"Ballard, KY",2021,389060.0
21007,"Ballard, KY",2022,396073.0
21007,"Ballard, KY",2023,419999.0
21007,"Ballard, KY",2024,430972.0
21009,"Barren, KY",2019,1643035.0
21009,"Barren, KY",2020,1791832.0
21009,"Barren, KY",2021,1945938.0
21009,"Barren, KY",2022,1931393.0
21009,"Barren, KY",2023,2014971.0
21009,"Barren, KY",2024,2125242.0
21011,"Bath, KY",2019,398042.0
21011,"Bath, KY",2020,436839.0
21011,"Bath, KY",2021,488450.0
21011,"Bath, KY",2022,494986.0
21011,"Bath, KY",2023,519203.0
21011,"Bath, KY",2024,547711.0
21013,"Bell, KY",2019,789134.0
21013,"Bell, KY",2020,886965.0
21013,"Bell, KY",2021,968838.0
21013,"Bell, KY",2022,938393.0
21013,"Bell, KY",2023,994385.0
21013,"Bell, KY",2024,1054066.0
21015,"Boone, KY",2019,6698012.0
21015,"Boone, KY",2020,7320729.0
21015,"Boone, KY",2021,7920821.0
21015,"Boone, KY",2022,8196056.0
21015,"Boone, KY",2023,8725786.0
21015,"Boone, KY",2024,9252915.0
21017,"Bourbon, KY",2019,986494.0
21017,"Bourbon, KY",2020,1017827.0
21017,"Bourbon, KY",2021,1139723.0
21017,"Bourbon, KY",2022,1189868.0
21017,"Bourbon, KY",2023,1248481.0
21017,"Bourbon, KY",2024,1315625.0
21019,"Boyd, KY",2019,1882128.0
21019,"Boyd, KY",2020,2041204.0
21019,"Boyd, KY",2021,2208337.0
21019,"Boyd, KY",2022,2202761.0
21019,"Boyd, KY",2023,2349761.0
21019,"Boyd, KY",2024,2495278.0
21021,"Boyle, KY",2019,1188497.0
21021,"Boyle, KY",2020,1305482.0
21021,"Boyle, KY",2021,1392280.0
21021,"Boyle, KY",2022,1448612.0
21021,"Boyle, KY",2023,1531288.0
21021,"Boyle, KY",2024,1609438.0
21023,"Bracken, KY",2019,318852.0
21023,"Bracken, KY",2020,349500.0
21023,"Bracken, KY",2021,385521.0
21023,"Bracken, KY",2022,376798.0
21023,"Bracken, KY",2023,388114.0
21023,"Bracken, KY",2024,418340.0
21025,"Breathitt, KY",2019,428494.0
21025,"Breathitt, KY",2020,478516.0
21025,"Breathitt, KY",2021,529127.0
21025,"Breathitt, KY",2022,524703.0
21025,"Breathitt, KY",2023,546015.0
21025,"Breathitt, KY",2024,584287.0
21027,"Breckinridge, KY",2019,717980.0
21027,"Breckinridge, KY",2020,780543.0
21027,"Breckinridge, KY",2021,894417.0
21027,"Breckinridge, KY",2022,866729.0
21027,"Breckinridge, KY",2023,898035.0
21027,"Breckinridge, KY",2024,942644.0
21029,"Bullitt, KY",2019,3540108.0
21029,"Bullitt, KY",2020,3854231.0
21029,"Bullitt, KY",2021,4210218.0
21029,"Bullitt, KY",2022,4319426.0
21029,"Bullitt, KY",2023,4601773.0
21029,"Bullitt, KY",2024,4837669.0
21031,"Butler, KY",2019,445383.0
21031,"Butler, KY",2020,473892.0
21031,"Butler, KY",2021,544212.0
21031,"Butler, KY",2022,535928.0
21031,"Butler, KY",2023,563581.0
21031,"Butler, KY",2024,589589.0
21033,"Caldwell, KY",2019,448821.0
21033,"Caldwell, KY",2020,509603.0
21033,"Caldwell, KY",2021,574128.0
21033,"Caldwell, KY",2022,557006.0
21033,"Caldwell, KY",2023,581008.0
21033,"Caldwell, KY",2024,603206.0
21035,"Calloway, KY",2019,1418271.0
21035,"Calloway, KY",2020,1563376.0
21035,"Calloway, KY",2021,1682875.0
21035,"Calloway, KY",2022,1667300.0
21035,"Calloway, KY",2023,1767013.0
21035,"Calloway, KY",2024,1858821.0
21037,"Campbell, KY",2019,4737142.0
21037,"Campbell, KY",2020,5060622.0
21037,"Campbell, KY",2021,5574335.0
21037,"Campbell, KY",2022,5886490.0
21037,"Campbell, KY",2023,6228695.0
21037,"Campbell, KY",2024,6575673.0
21039,"Carlisle, KY",2019,212506.0
21039,"Carlisle, KY",2020,221092.0
21039,"Carlisle, KY",2021,260043.0
21039,"Carlisle, KY",2022,263132.0
21039,"Carlisle, KY",2023,295668.0
21039,"Carlisle, KY",2024,302417.0
21041,"Carroll, KY",2019,408548.0
21041,"Carroll, KY",2020,445652.0
21041,"Carroll, KY",2021,497982.0
21041,"Carroll, KY",2022,514406.0
21041,"Carroll, KY",2023,533166.0
21041,"Carroll, KY",2024,558918.0
21043,"Carter, KY",2019,846872.0
21043,"Carter, KY",2020,950769.0
21043,"Carter, KY",2021,1039638.0
21043,"Carter, KY",2022,1024523.0
21043,"Carter, KY",2023,1078120.0
21043,"Carter, KY",2024,1134541.0
21045,"Casey, KY",2019,511527.0
21045,"Casey, KY",2020,581175.0
21045,"Casey, KY",2021,646993.0
21045,"Casey, KY",2022,639399.0
21045,"Casey, KY",2023,676917.0
21045,"Casey, KY",2024,710885.0
21047,"Christian, KY",2019,2742273.0
21047,"Christian, KY",2020,3028310.0
21047,"Christian, KY",2021,3297488.0
21047,"Christian, KY",2022,3279929.0
21047,"Christian, KY",2023,3434309.0
21047,"Christian, KY",2024,3535763.0
21049,"Clark, KY",2019,1486818.0
21049,"Clark, KY",2020,1627438.0
21049,"Clark, KY",2021,1776981.0
21049,"Clark, KY",2022,1806846.0
21049,"Clark, KY",2023,1914486.0
21049,"Clark, KY",2024,2017669.0
21051,"Clay, KY",2019,612208.0
21051,"Clay, KY",2020,705138.0
21051,"Clay, KY",2021,786831.0
21051,"Clay, KY",2022,760447.0
21051,"Clay, KY",2023,799751.0
21051,"Clay, KY",2024,843683.0
21053,"Clinton, KY",2019,324179.0
21053,"Clinton, KY",2020,368543.0
21053,"Clinton, KY",2021,408969.0
21053,"Clinton, KY",2022,405880.0
21053,"Clinton, KY",2023,414487.0
21053,"Clinton, KY",2024,450505.0
21055,"Crittenden, KY",2019,318561.0
21055,"Crittenden, KY",2020,346470.0
21055,"Crittenden, KY",2021,382184.0
21055,"Crittenden, KY",2022,379580.0
21055,"Crittenden, KY",2023,403450.0
21055,"Crittenden, KY",2024,419774.0
21057,"Cumberland, KY",2019,237463.0
21057,"Cumberland, KY",2020,275237.0
21057,"Cumberland, KY",2021,298830.0
21057,"Cumberland, KY",2022,304100.0
21057,"Cumberland, KY",2023,329599.0
21057,"Cumberland, KY",2024,354117.0
21059,"Daviess, KY",2019,4346159.0
21059,"Daviess, KY",2020,4789186.0
21059,"Daviess, KY",2021,5134192.0
21059,"Daviess, KY",2022,5168323.0
21059,"Daviess, KY",2023,5473123.0
21059,"Daviess, KY",2024,5719898.0
21061,"Edmonson, KY",2019,415640.0
21061,"Edmonson, KY",2020,449312.0
21061,"Edmonson, KY",2021,495789.0
21061,"Edmonson, KY",2022,496060.0
21061,"Edmonson, KY",2023,517401.0
21061,"Edmonson, KY",2024,541387.0
21063,"Elliott, KY",2019,172415.0
21063,"Elliott, KY",2020,196696.0
21063,"Elliott, KY",2021,211826.0
21063,"Elliott, KY",2022,201149.0
21063,"Elliott, KY",2023,216304.0
21063,"Elliott, KY",2024,231084.0
21065,"Estill, KY",2019,469313.0
21065,"Estill, KY",2020,520186.0
21065,"Estill, KY",2021,566943.0
21065,"Estill, KY",2022,565061.0
21065,"Estill, KY",2023,592656.0
21065,"Estill, KY",2024,627827.0
21067,"Fayette, KY",2019,16742779.0
21067,"Fayette, KY",2020,17978330.0
21067,"Fayette, KY",2021,19455491.0
21067,"Fayette, KY",2022,19919335.0
21067,"Fayette, KY",2023,21537110.0
21067,"Fayette, KY",2024,22752488.0
21069,"Fleming, KY",2019,510210.0
21069,"Fleming, KY",2020,582495.0
21069,"Fleming, KY",2021,633803.0
21069,"Fleming, KY",2022,632388.0
21069,"Fleming, KY",2023,642457.0
21069,"Fleming, KY",2024,675637.0
21071,"Floyd, KY",2019,1321042.0
21071,"Floyd, KY",2020,1402523.0
21071,"Floyd, KY",2021,1532747.0
21071,"Floyd, KY",2022,1499829.0
21071,"Floyd, KY",2023,1567083.0
21071,"Floyd, KY",2024,1656032.0
21073,"Franklin, KY",2019,2206260.0
21073,"Franklin, KY",2020,2393806.0
21073,"Franklin, KY",2021,2565674.0
21073,"Franklin, KY",2022,2574820.0
21073,"Franklin, KY",2023,2759109.0
21073,"Franklin, KY",2024,2931060.0
21075,"Fulton, KY",2019,211862.0
21075,"Fulton, KY",2020,234740.0
21075,"Fulton, KY",2021,273537.0
21075,"Fulton, KY",2022,268487.0
21075,"Fulton, KY",2023,280878.0
21075,"Fulton, KY",2024,284570.0
21077,"Gallatin, KY",2019,305345.0
21077,"Gallatin, KY",2020,339208.0
21077,"Gallatin, KY",2021,387845.0
21077,"Gallatin, KY",2022,385946.0
21077,"Gallatin, KY",2023,403097.0
21077,"Gallatin, KY",2024,415753.0
21079,"Garrard, KY",2019,629151.0
21079,"Garrard, KY",2020,684808.0
21079,"Garrard, KY",2021,769227.0
21079,"Garrard, KY",2022,775903.0
21079,"Garrard, KY",2023,825604.0
21079,"Garrard, KY",2024,875533.0
21081,"Grant, KY",2019,948524.0
21081,"Grant, KY",2020,1053531.0
21081,"Grant, KY",2021,1168131.0
21081,"Grant, KY",2022,1162337.0
21081,"Grant, KY",2023,1215138.0
21081,"Grant, KY",2024,1286071.0
21083,"Graves, KY",2019,1442380.0
21083,"Graves, KY",2020,1552432.0
21083,"Graves, KY",2021,1777375.0
21083,"Graves, KY",2022,1838972.0
21083,"Graves, KY",2023,1875387.0
21083,"Graves, KY",2024,1977547.0
21085,"Grayson, KY",2019,925489.0
21085,"Grayson, KY",2020,1032487.0
21085,"Grayson, KY",2021,1121172.0
21085,"Grayson, KY",2022,1118043.0
21085,"Grayson, KY",2023,1180574.0
21085,"Grayson, KY",2024,1261907.0
21087,"Green, KY",2019,390137.0
21087,"Green, KY",2020,445062.0
21087,"Green, KY",2021,487369.0
21087,"Green, KY",2022,478967.0
21087,"Green, KY",2023,505208.0
21087,"Green, KY",2024,536073.0
21089,"Greenup, KY",2019,1459890.0
21089,"Greenup, KY",2020,1578312.0
21089,"Greenup, KY",2021,1696172.0
21089,"Greenup, KY",2022,1691746.0
21089,"Greenup, KY",2023,1806548.0
21089,"Greenup, KY",2024,1910211.0
21091,"Hancock, KY",2019,351027.0
21091,"Hancock, KY",2020,380470.0
21091,"Hancock, KY",2021,457851.0
21091,"Hancock, KY",2022,543030.0
21091,"Hancock, KY",2023,534047.0
21091,"Hancock, KY",2024,546172.0
21093,"Hardin, KY",2019,4909209.0
21093,"Hardin, KY",2020,5307731.0
21093,"Hardin, KY",2021,5871690.0
21093,"Hardin, KY",2022,5979742.0
21093,"Hardin, KY",2023,6295018.0
21093,"Hardin, KY",2024,6620544.0
21095,"Harlan, KY",2019,820826.0
21095,"Harlan, KY",2020,912734.0
21095,"Harlan, KY",2021,1000537.0
21095,"Harlan, KY",2022,970282.0
21095,"Harlan, KY",2023,1021815.0
21095,"Harlan, KY",2024,1092111.0
21097,"Harrison, KY",2019,699810.0
21097,"Harrison, KY",2020,778895.0
21097,"Harrison, KY",2021,839751.0
21097,"Harrison, KY",2022,834161.0
21097,"Harrison, KY",2023,883657.0
21097,"Harrison, KY",2024,950071.0
21099,"Hart, KY",2019,654988.0
21099,"Hart, KY",2020,714917.0
21099,"Hart, KY",2021,805002.0
21099,"Hart, KY",2022,824352.0
21099,"Hart, KY",2023,886811.0
21099,"Hart, KY",2024,932073.0
21101,"Henderson, KY",2019,1847189.0
21101,"Henderson, KY",2020,2011192.0
21101,"Henderson, KY",2021,2222198.0
21101,"Henderson, KY",2022,2341357.0
21101,"Henderson, KY",2023,2500038.0
21101,"Henderson, KY",2024,2603492.0
21103,"Henry, KY",2019,640861.0
21103,"Henry, KY",2020,695885.0
21103,"Henry, KY",2021,781143.0
21103,"Henry, KY",2022,790232.0
21103,"Henry, KY",2023,843406.0
21103,"Henry, KY",2024,907543.0
21105,"Hickman, KY",2019,189736.0
21105,"Hickman, KY",2020,190331.0
21105,"Hickman, KY",2021,239847.0
21105,"Hickman, KY",2022,259790.0
21105,"Hickman, KY",2023,250088.0
21105,"Hickman, KY",2024,259625.0
21107,"Hopkins, KY",2019,1808742.0
21107,"Hopkins, KY",2020,1916434.0
21107,"Hopkins, KY",2021,2091000.0
21107,"Hopkins, KY",2022,2126864.0
21107,"Hopkins, KY",2023,2245313.0
21107,"Hopkins, KY",2024,2356339.0
21109,"Jackson, KY",2019,400233.0
21109,"Jackson, KY",2020,458425.0
21109,"Jackson, KY",2021,497830.0
21109,"Jackson, KY",2022,487415.0
21109,"Jackson, KY",2023,513064.0
21109,"Jackson, KY",2024,548212.0
21111,"Jefferson, KY",2019,41172650.0
21111,"Jefferson, KY",2020,44230963.0
21111,"Jefferson, KY",2021,48928596.0
21111,"Jefferson, KY",2022,49725054.0
21111,"Jefferson, KY",2023,53172643.0
21111,"Jefferson, KY",2024,56084877.0
21113,"Jessamine, KY",2019,2537049.0
21113,"Jessamine, KY",2020,2696808.0
21113,"Jessamine, KY",2021,3065410.0
21113,"Jessamine, KY",2022,3190774.0
21113,"Jessamine, KY",2023,3431745.0
21113,"Jessamine, KY",2024,3634054.0
21115,"Johnson, KY",2019,764831.0
21115,"Johnson, KY",2020,820994.0
21115,"Johnson, KY",2021,894562.0
21115,"Johnson, KY",2022,869998.0
21115,"Johnson, KY",2023,924337.0
21115,"Johnson, KY",2024,979256.0
21117,"Kenton, KY",2019,9711826.0
21117,"Kenton, KY",2020,10368798.0
21117,"Kenton, KY",2021,11731444.0
21117,"Kenton, KY",2022,11834591.0
21117,"Kenton, KY",2023,12937785.0
21117,"Kenton, KY",2024,13662043.0
21119,"Knott, KY",2019,467922.0
21119,"Knott, KY",2020,515236.0
21119,"Knott, KY",2021,579141.0
21119,"Knott, KY",2022,579602.0
21119,"Knott, KY",2023,603146.0
21119,"Knott, KY",2024,629768.0
21121,"Knox, KY",2019,926859.0
21121,"Knox, KY",2020,1056785.0
21121,"Knox, KY",2021,1164280.0
21121,"Knox, KY",2022,1108411.0
21121,"Knox, KY",2023,1167587.0
21121,"Knox, KY",2024,1228510.0
21123,"Larue, KY",2019,553907.0
21123,"Larue, KY",2020,609469.0
21123,"Larue, KY",2021,669632.0
21123,"Larue, KY",2022,641650.0
21123,"Larue, KY",2023,675101.0
21123,"Larue, KY",2024,698674.0
21125,"Laurel, KY",2019,2077041.0
21125,"Laurel, KY",2020,2344580.0
21125,"Laurel, KY",2021,2589674.0
21125,"Laurel, KY",2022,2542285.0
21125,"Laurel, KY",2023,2673488.0
21125,"Laurel, KY",2024,2839802.0
21127,"Lawrence, KY",2019,509766.0
21127,"Lawrence, KY",2020,562609.0
21127,"Lawrence, KY",2021,622181.0
21127,"Lawrence, KY",2022,618586.0
21127,"Lawrence, KY",2023,662915.0
21127,"Lawrence, KY",2024,703416.0
21129,"Lee, KY",2019,215123.0
21129,"Lee, KY",2020,239671.0
21129,"Lee, KY",2021,261050.0
21129,"Lee, KY",2022,249271.0
21129,"Lee, KY",2023,263175.0
21129,"Lee, KY",2024,278944.0
21131,"Leslie, KY",2019,338256.0
21131,"Leslie, KY",2020,374227.0
21131,"Leslie, KY",2021,407305.0
21131,"Leslie, KY",2022,396645.0
21131,"Leslie, KY",2023,410127.0
21131,"Leslie, KY",2024,440938.0
21133,"Letcher, KY",2019,682541.0
21133,"Letcher, KY",2020,762242.0
21133,"Letcher, KY",2021,843133.0
21133,"Letcher, KY",2022,827830.0
21133,"Letcher, KY",2023,863519.0
21133,"Letcher, KY",2024,903202.0
21135,"Lewis, KY",2019,420374.0
21135,"Lewis, KY",2020,473838.0
21135,"Lewis, KY",2021,522077.0
21135,"Lewis, KY",2022,511011.0
21135,"Lewis, KY",2023,527496.0
21135,"Lewis, KY",2024,549825.0
21137,"Lincoln, KY",2019,819131.0
21137,"Lincoln, KY",2020,897664.0
21137,"Lincoln, KY",2021,984255.0
21137,"Lincoln, KY",2022,993642.0
21137,"Lincoln, KY",2023,1048851.0
21137,"Lincoln, KY",2024,1105136.0
21139,"Livingston, KY",2019,354288.0
21139,"Livingston, KY",2020,389256.0
21139,"Livingston, KY",2021,418895.0
21139,"Livingston, KY",2022,412947.0
21139,"Livingston, KY",2023,442064.0
21139,"Livingston, KY",2024,461632.0
21141,"Logan, KY",2019,1007825.0
21141,"Logan, KY",2020,1106138.0
21141,"Logan, KY",2021,1270811.0
21141,"Logan, KY",2022,1265164.0
21141,"Logan, KY",2023,1335110.0
21141,"Logan, KY",2024,1364227.0
21143,"Lyon, KY",2019,302929.0
21143,"Lyon, KY",2020,335828.0
21143,"Lyon, KY",2021,359765.0
21143,"Lyon, KY",2022,378458.0
21143,"Lyon, KY",2023,406970.0
21143,"Lyon, KY",2024,427536.0
21145,"McCracken, KY",2019,3132004.0
21145,"McCracken, KY",2020,3502170.0
21145,"McCracken, KY",2021,4010366.0
21145,"McCracken, KY",2022,4093350.0
21145,"McCracken, KY",2023,4583311.0
21145,"McCracken, KY",2024,4793951.0
21147,"McCreary, KY",2019,462419.0
21147,"McCreary, KY",2020,526382.0
21147,"McCreary, KY",2021,599899.0
21147,"McCreary, KY",2022,566399.0
21147,"McCreary, KY",2023,596547.0
21147,"McCreary, KY",2024,637208.0
21149,"McLean, KY",2019,368271.0
21149,"McLean, KY",2020,376808.0
21149,"McLean, KY",2021,452228.0
21149,"McLean, KY",2022,479271.0
21149,"McLean, KY",2023,456531.0
21149,"McLean, KY",2024,479207.0
21151,"Madison, KY",2019,3423229.0
21151,"Madison, KY",2020,3763512.0
21151,"Madison, KY",2021,4137104.0
21151,"Madison, KY",2022,4319843.0
21151,"Madison, KY",2023,4620171.0
21151,"Madison, KY",2024,4923077.0
21153,"Magoffin, KY",2019,403480.0
21153,"Magoffin, KY",2020,450229.0
21153,"Magoffin, KY",2021,487609.0
21153,"Magoffin, KY",2022,473983.0
21153,"Magoffin, KY",2023,502260.0
21153,"Magoffin, KY",2024,538006.0
21155,"Marion, KY",2019,725000.0
21155,"Marion, KY",2020,795001.0
21155,"Marion, KY",2021,876435.0
21155,"Marion, KY",2022,875738.0
21155,"Marion, KY",2023,923321.0
21155,"Marion, KY",2024,977526.0
21157,"Marshall, KY",2019,1333198.0
21157,"Marshall, KY",2020,1447112.0
21157,"Marshall, KY",2021,1528149.0
21157,"Marshall, KY",2022,1560396.0
21157,"Marshall, KY",2023,1679938.0
21157,"Marshall, KY",2024,1779491.0
21159,"Martin, KY",2019,322703.0
21159,"Martin, KY",2020,368116.0
21159,"Martin, KY",2021,368565.0
21159,"Martin, KY",2022,355563.0
21159,"Martin, KY",2023,380386.0
21159,"Martin, KY",2024,409379.0
21161,"Mason, KY",2019,686735.0
21161,"Mason, KY",2020,755078.0
21161,"Mason, KY",2021,839811.0
21161,"Mason, KY",2022,827247.0
21161,"Mason, KY",2023,860481.0
21161,"Mason, KY",2024,907487.0
21163,"Meade, KY",2019,1180992.0
21163,"Meade, KY",2020,1278924.0
21163,"Meade, KY",2021,1434000.0
21163,"Meade, KY",2022,1436749.0
21163,"Meade, KY",2023,1510197.0
21163,"Meade, KY",2024,1590878.0
21165,"Menifee, KY",2019,207900.0
21165,"Menifee, KY",2020,229997.0
21165,"Menifee, KY",2021,256418.0
21165,"Menifee, KY",2022,254873.0
21165,"Menifee, KY",2023,267766.0
21165,"Menifee, KY",2024,280044.0
21167,"Mercer, KY",2019,830125.0
21167,"Mercer, KY",2020,892031.0
21167,"Mercer, KY",2021,996608.0
21167,"Mercer, KY",2022,1032409.0
21167,"Mercer, KY",2023,1096080.0
21167,"Mercer, KY",2024,1168232.0
21169,"Metcalfe, KY",2019,321929.0
21169,"Metcalfe, KY",2020,352599.0
21169,"Metcalfe, KY",2021,397904.0
21169,"Metcalfe, KY",2022,389331.0
21169,"Metcalfe, KY",2023,403152.0
21169,"Metcalfe, KY",2024,427008.0
21171,"Monroe, KY",2019,399764.0
21171,"Monroe, KY",2020,450371.0
21171,"Monroe, KY",2021,498757.0
21171,"Monroe, KY",2022,504360.0
21171,"Monroe, KY",2023,506440.0
21171,"Monroe, KY",2024,538963.0
21173,"Montgomery, KY",2019,1011466.0
21173,"Montgomery, KY",2020,1115519.0
21173,"Montgomery, KY",2021,1211449.0
21173,"Montgomery, KY",2022,1237505.0
21173,"Montgomery, KY",2023,1298217.0
21173,"Montgomery, KY",2024,1380474.0
21175,"Morgan, KY",2019,378420.0
21175,"Morgan, KY",2020,422107.0
21175,"Morgan, KY",2021,464583.0
21175,"Morgan, KY",2022,462024.0
21175,"Morgan, KY",2023,497822.0
21175,"Morgan, KY",2024,544127.0
21177,"Muhlenberg, KY",2019,1084030.0
21177,"Muhlenberg, KY",2020,1132147.0
21177,"Muhlenberg, KY",2021,1230651.0
21177,"Muhlenberg, KY",2022,1242260.0
21177,"Muhlenberg, KY",2023,1311788.0
21177,"Muhlenberg, KY",2024,1402430.0
21179,"Nelson, KY",2019,2038174.0
21179,"Nelson, KY",2020,2251478.0
21179,"Nelson, KY",2021,2497067.0
21179,"Nelson, KY",2022,2551980.0
21179,"Nelson, KY",2023,2705559.0
21179,"Nelson, KY",2024,2854731.0
21181,"Nicholas, KY",2019,257324.0
21181,"Nicholas, KY",2020,284719.0
21181,"Nicholas, KY",2021,315593.0
21181,"Nicholas, KY",2022,305952.0
21181,"Nicholas, KY",2023,321210.0
21181,"Nicholas, KY",2024,345394.0
21183,"Ohio, KY",2019,796026.0
21183,"Ohio, KY",2020,855663.0
21183,"Ohio, KY",2021,946203.0
21183,"Ohio, KY",2022,969032.0
21183,"Ohio, KY",2023,981329.0
21183,"Ohio, KY",2024,1025948.0
21185,"Oldham, KY",2019,4397537.0
21185,"Oldham, KY",2020,4553487.0
21185,"Oldham, KY",2021,5233327.0
21185,"Oldham, KY",2022,5441637.0
21185,"Oldham, KY",2023,5814794.0
21185,"Oldham, KY",2024,6145346.0
21187,"Owen, KY",2019,370899.0
21187,"Owen, KY",2020,411227.0
21187,"Owen, KY",2021,457384.0
21187,"Owen, KY",2022,449582.0
21187,"Owen, KY",2023,472905.0
21187,"Owen, KY",2024,494388.0
21189,"Owsley, KY",2019,142197.0
21189,"Owsley, KY",2020,162523.0
21189,"Owsley, KY",2021,184221.0
21189,"Owsley, KY",2022,185976.0
21189,"Owsley, KY",2023,196602.0
21189,"Owsley, KY",2024,206484.0
21191,"Pendleton, KY",2019,597887.0
21191,"Pendleton, KY",2020,638263.0
21191,"Pendleton, KY",2021,698523.0
21191,"Pendleton, KY",2022,682175.0
21191,"Pendleton, KY",2023,710897.0
21191,"Pendleton, KY",2024,746383.0
21193,"Perry, KY",2019,999825.0
21193,"Perry, KY",2020,1112023.0
21193,"Perry, KY",2021,1211245.0
21193,"Perry, KY",2022,1196393.0
21193,"Perry, KY",2023,1247853.0
21193,"Perry, KY",2024,1318695.0
21195,"Pike, KY",2019,2173981.0
21195,"Pike, KY",2020,2328759.0
21195,"Pike, KY",2021,2473542.0
21195,"Pike, KY",2022,2512151.0
21195,"Pike, KY",2023,2667205.0
21195,"Pike, KY",2024,2809673.0
21197,"Powell, KY",2019,399490.0
21197,"Powell, KY",2020,454737.0
21197,"Powell, KY",2021,496936.0
21197,"Powell, KY",2022,503797.0
21197,"Powell, KY",2023,527742.0
21197,"Powell, KY",2024,559363.0
21199,"Pulaski, KY",2019,2504465.0
21199,"Pulaski, KY",2020,2778594.0
21199,"Pulaski, KY",2021,3074352.0
21199,"Pulaski, KY",2022,3086682.0
21199,"Pulaski, KY",2023,3278680.0
21199,"Pulaski, KY",2024,3472007.0
21201,"Robertson, KY",2019,73218.0
21201,"Robertson, KY",2020,84661.0
21201,"Robertson, KY",2021,93692.0
21201,"Robertson, KY",2022,92629.0
21201,"Robertson, KY",2023,94981.0
21201,"Robertson, KY",2024,102524.0
21203,"Rockcastle, KY",2019,541350.0
21203,"Rockcastle, KY",2020,607917.0
21203,"Rockcastle, KY",2021,654454.0
21203,"Rockcastle, KY",2022,652995.0
21203,"Rockcastle, KY",2023,687010.0
21203,"Rockcastle, KY",2024,724207.0
21205,"Rowan, KY",2019,779159.0
21205,"Rowan, KY",2020,856660.0
21205,"Rowan, KY",2021,930504.0
21205,"Rowan, KY",2022,931027.0
21205,"Rowan, KY",2023,988518.0
21205,"Rowan, KY",2024,1039391.0
21207,"Russell, KY",2019,664274.0
21207,"Russell, KY",2020,754553.0
21207,"Russell, KY",2021,871334.0
21207,"Russell, KY",2022,984680.0
21207,"Russell, KY",2023,1061473.0
21207,"Russell, KY",2024,1128199.0
21209,"Scott, KY",2019,2595666.0
21209,"Scott, KY",2020,2829242.0
21209,"Scott, KY",2021,3046344.0
21209,"Scott, KY",2022,3198125.0
21209,"Scott, KY",2023,3426890.0
21209,"Scott, KY",2024,3631743.0
21211,"Shelby, KY",2019,2283951.0
21211,"Shelby, KY",2020,2449880.0
21211,"Shelby, KY",2021,2713243.0
21211,"Shelby, KY",2022,2850795.0
21211,"Shelby, KY",2023,3055449.0
21211,"Shelby, KY",2024,3230942.0
21213,"Simpson, KY",2019,716863.0
21213,"Simpson, KY",2020,795583.0
21213,"Simpson, KY",2021,883718.0
21213,"Simpson, KY",2022,896352.0
21213,"Simpson, KY",2023,941217.0
21213,"Simpson, KY",2024,961598.0
21215,"Spencer, KY",2019,907185.0
21215,"Spencer, KY",2020,999013.0
21215,"Spencer, KY",2021,1090930.0
21215,"Spencer, KY",2022,1132859.0
21215,"Spencer, KY",2023,1211633.0
21215,"Spencer, KY",2024,1275755.0
21217,"Taylor, KY",2019,910356.0
21217,"Taylor, KY",2020,1016189.0
21217,"Taylor, KY",2021,1084501.0
21217,"Taylor, KY",2022,1065304.0
21217,"Taylor, KY",2023,1136335.0
21217,"Taylor, KY",2024,1207961.0
21219,"Todd, KY",2019,467816.0
21219,"Todd, KY",2020,511269.0
21219,"Todd, KY",2021,585499.0
21219,"Todd, KY",2022,621777.0
21219,"Todd, KY",2023,642620.0
21219,"Todd, KY",2024,664323.0
21221,"Trigg, KY",2019,557595.0
21221,"Trigg, KY",2020,613995.0
21221,"Trigg, KY",2021,670539.0
21221,"Trigg, KY",2022,667852.0
21221,"Trigg, KY",2023,699120.0
21221,"Trigg, KY",2024,724277.0
21223,"Trimble, KY",2019,339074.0
21223,"Trimble, KY",2020,366708.0
21223,"Trimble, KY",2021,412184.0
21223,"Trimble, KY",2022,407266.0
21223,"Trimble, KY",2023,431812.0
21223,"Trimble, KY",2024,457528.0
21225,"Union, KY",2019,525500.0
21225,"Union, KY",2020,583138.0
21225,"Union, KY",2021,669650.0
21225,"Union, KY",2022,650538.0
21225,"Union, KY",2023,702860.0
21225,"Union, KY",2024,715251.0
21227,"Warren, KY",2019,5116476.0
21227,"Warren, KY",2020,5594941.0
21227,"Warren, KY",2021,6182630.0
21227,"Warren, KY",2022,6414847.0
21227,"Warren, KY",2023,6917434.0
21227,"Warren, KY",2024,7376605.0
21229,"Washington, KY",2019,466570.0
21229,"Washington, KY",2020,515092.0
21229,"Washington, KY",2021,563886.0
21229,"Washington, KY",2022,548594.0
21229,"Washington, KY",2023,600021.0
21229,"Washington, KY",2024,623460.0
21231,"Wayne, KY",2019,597705.0
21231,"Wayne, KY",2020,676621.0
21231,"Wayne, KY",2021,749404.0
21231,"Wayne, KY",2022,725542.0
21231,"Wayne, KY",2023,745350.0
21231,"Wayne, KY",2024,794199.0
21233,"Webster, KY",2019,511054.0
21233,"Webster, KY",2020,535457.0
21233,"Webster, KY",2021,614534.0
21233,"Webster, KY",2022,651547.0
21233,"Webster, KY",2023,660257.0
21233,"Webster, KY",2024,686311.0
21235,"Whitley, KY",2019,1273302.0
21235,"Whitley, KY",2020,1440189.0
21235,"Whitley, KY",2021,1589331.0
21235,"Whitley, KY",2022,1559253.0
21235,"Whitley, KY",2023,1662588.0
21235,"Whitley, KY",2024,1782290.0
21237,"Wolfe, KY",2019,224487.0
21237,"Wolfe, KY",2020,256722.0
21237,"Wolfe, KY",2021,293181.0
21237,"Wolfe, KY",2022,286675.0
21237,"Wolfe, KY",2023,298925.0
21237,"Wolfe, KY",2024,322914.0
21239,"Woodford, KY",2019,1419058.0
21239,"Woodford, KY",2020,1483134.0
21239,"Woodford, KY",2021,1645269.0
21239,"Woodford, KY",2022,1735651.0
21239,"Woodford, KY",2023,1820073.0
21239,"Woodford, KY",2024,1919716.0
22001,"Acadia, LA",2019,2296585.0
22001,"Acadia, LA",2020,2503748.0
22001,"Acadia, LA",2021,2662593.0
22001,"Acadia, LA",2022,2622451.0
22001,"Acadia, LA",2023,2778226.0
22001,"Acadia, LA",2024,2910723.0
22003,"Allen, LA",2019,891409.0
22003,"Allen, LA",2020,943037.0
22003,"Allen, LA",2021,969248.0
22003,"Allen, LA",2022,965252.0
22003,"Allen, LA",2023,993447.0
22003,"Allen, LA",2024,1037302.0
22005,"Ascension, LA",2019,6535261.0
22005,"Ascension, LA",2020,6997426.0
22005,"Ascension, LA",2021,7678001.0
22005,"Ascension, LA",2022,7790525.0
22005,"Ascension, LA",2023,8322940.0
22005,"Ascension, LA",2024,8851254.0
22007,"Assumption, LA",2019,1055830.0
22007,"Assumption, LA",2020,1088433.0
22007,"Assumption, LA",2021,1198791.0
22007,"Assumption, LA",2022,1190334.0
22007,"Assumption, LA",2023,1302929.0
22007,"Assumption, LA",2024,1396258.0
22009,"Avoyelles, LA",2019,1535485.0
22009,"Avoyelles, LA",2020,1692474.0
22009,"Avoyelles, LA",2021,1777834.0
22009,"Avoyelles, LA",2022,1746047.0
22009,"Avoyelles, LA",2023,1850159.0
22009,"Avoyelles, LA",2024,1932482.0
22011,"Beauregard, LA",2019,1606129.0
22011,"Beauregard, LA",2020,1747623.0
22011,"Beauregard, LA",2021,1855311.0
22011,"Beauregard, LA",2022,1852735.0
22011,"Beauregard, LA",2023,1952339.0
22011,"Beauregard, LA",2024,2043558.0
22013,"Bienville, LA",2019,508845.0
22013,"Bienville, LA",2020,549370.0
22013,"Bienville, LA",2021,584931.0
22013,"Bienville, LA",2022,568493.0
22013,"Bienville, LA",2023,600597.0
22013,"Bienville, LA",2024,638997.0
22015,"Bossier, LA",2019,5752902.0
22015,"Bossier, LA",2020,6222248.0
22015,"Bossier, LA",2021,6767646.0
22015,"Bossier, LA",2022,6901413.0
22015,"Bossier, LA",2023,7364658.0
22015,"Bossier, LA",2024,7753706.0
22017,"Caddo, LA",2019,11672941.0
22017,"Caddo, LA",2020,12938961.0
22017,"Caddo, LA",2021,13537395.0
22017,"Caddo, LA",2022,13945292.0
22017,"Caddo, LA",2023,14644214.0
22017,"Caddo, LA",2024,15213699.0
22019,"Calcasieu, LA",2019,9799545.0
22019,"Calcasieu, LA",2020,10154539.0
22019,"Calcasieu, LA",2021,10570888.0
22019,"Calcasieu, LA",2022,10566107.0
22019,"Calcasieu, LA",2023,11090042.0
22019,"Calcasieu, LA",2024,11607619.0
22021,"Caldwell, LA",2019,342741.0
22021,"Caldwell, LA",2020,375574.0
22021,"Caldwell, LA",2021,399107.0
22021,"Caldwell, LA",2022,377520.0
22021,"Caldwell, LA",2023,400426.0
22021,"Caldwell, LA",2024,424632.0
22023,"Cameron, LA",2019,319583.0
22023,"Cameron, LA",2020,319331.0
22023,"Cameron, LA",2021,327669.0
22023,"Cameron, LA",2022,314783.0
22023,"Cameron, LA",2023,316535.0
22023,"Cameron, LA",2024,327126.0
22025,"Catahoula, LA",2019,325559.0
22025,"Catahoula, LA",2020,363812.0
22025,"Catahoula, LA",2021,389053.0
22025,"Catahoula, LA",2022,378126.0
22025,"Catahoula, LA",2023,397877.0
22025,"Catahoula, LA",2024,397669.0
22027,"Claiborne, LA",2019,531986.0
22027,"Claiborne, LA",2020,572464.0
22027,"Claiborne, LA",2021,605064.0
22027,"Claiborne, LA",2022,593069.0
22027,"Claiborne, LA",2023,614028.0
22027,"Claiborne, LA",2024,641465.0
22029,"Concordia, LA",2019,643786.0
22029,"Concordia, LA",2020,741492.0
22029,"Concordia, LA",2021,783186.0
22029,"Concordia, LA",2022,773252.0
22029,"Concordia, LA",2023,781561.0
22029,"Concordia, LA",2024,791859.0
22031,"De Soto, LA",2019,1178193.0
22031,"De Soto, LA",2020,1251116.0
22031,"De Soto, LA",2021,1386144.0
22031,"De Soto, LA",2022,1468205.0
22031,"De Soto, LA",2023,1549708.0
22031,"De Soto, LA",2024,1640688.0
22033,"East Baton Rouge, LA",2019,23330915.0
22033,"East Baton Rouge, LA",2020,24981358.0
22033,"East Baton Rouge, LA",2021,27390850.0
22033,"East Baton Rouge, LA",2022,28182728.0
22033,"East Baton Rouge, LA",2023,30356900.0
22033,"East Baton Rouge, LA",2024,32062854.0
22035,"East Carroll, LA",2019,234373.0
22035,"East Carroll, LA",2020,256304.0
22035,"East Carroll, LA",2021,284673.0
22035,"East Carroll, LA",2022,245060.0
22035,"East Carroll, LA",2023,250658.0
22035,"East Carroll, LA",2024,253286.0
22037,"East Feliciana, LA",2019,816195.0
22037,"East Feliciana, LA",2020,849625.0
22037,"East Feliciana, LA",2021,920010.0
22037,"East Feliciana, LA",2022,905092.0
22037,"East Feliciana, LA",2023,983360.0
22037,"East Feliciana, LA",2024,1035722.0
22039,"Evangeline, LA",2019,1112172.0
22039,"Evangeline, LA",2020,1244652.0
22039,"Evangeline, LA",2021,1318523.0
22039,"Evangeline, LA",2022,1296218.0
22039,"Evangeline, LA",2023,1376186.0
22039,"Evangeline, LA",2024,1423384.0
22041,"Franklin, LA",2019,650241.0
22041,"Franklin, LA",2020,741721.0
22041,"Franklin, LA",2021,798946.0
22041,"Franklin, LA",2022,763937.0
22041,"Franklin, LA",2023,828279.0
22041,"Franklin, LA",2024,822373.0
22043,"Grant, LA",2019,721465.0
22043,"Grant, LA",2020,783652.0
22043,"Grant, LA",2021,829939.0
22043,"Grant, LA",2022,837829.0
22043,"Grant, LA",2023,864273.0
22043,"Grant, LA",2024,911019.0
22045,"Iberia, LA",2019,2831419.0
22045,"Iberia, LA",2020,3009261.0
22045,"Iberia, LA",2021,3265547.0
22045,"Iberia, LA",2022,3196173.0
22045,"Iberia, LA",2023,3414917.0
22045,"Iberia, LA",2024,3550353.0
22047,"Iberville, LA",2019,1366098.0
22047,"Iberville, LA",2020,1452446.0
22047,"Iberville, LA",2021,1599211.0
22047,"Iberville, LA",2022,1565236.0
22047,"Iberville, LA",2023,1686050.0
22047,"Iberville, LA",2024,1772634.0
22049,"Jackson, LA",2019,537188.0
22049,"Jackson, LA",2020,584977.0
22049,"Jackson, LA",2021,632445.0
22049,"Jackson, LA",2022,635078.0
22049,"Jackson, LA",2023,662450.0
22049,"Jackson, LA",2024,701631.0
22051,"Jefferson, LA",2019,22199741.0
22051,"Jefferson, LA",2020,24209930.0
22051,"Jefferson, LA",2021,26521067.0
22051,"Jefferson, LA",2022,25271061.0
22051,"Jefferson, LA",2023,26602084.0
22051,"Jefferson, LA",2024,28066808.0
22053,"Jefferson Davis, LA",2019,1358060.0
22053,"Jefferson Davis, LA",2020,1432968.0
22053,"Jefferson Davis, LA",2021,1524645.0
22053,"Jefferson Davis, LA",2022,1493507.0
22053,"Jefferson Davis, LA",2023,1530927.0
22053,"Jefferson Davis, LA",2024,1597479.0
22055,"Lafayette, LA",2019,12046525.0
22055,"Lafayette, LA",2020,13051079.0
22055,"Lafayette, LA",2021,14799446.0
22055,"Lafayette, LA",2022,15352115.0
22055,"Lafayette, LA",2023,16690739.0
22055,"Lafayette, LA",2024,17675750.0
22057,"Lafourche, LA",2019,4345991.0
22057,"Lafourche, LA",2020,4430052.0
22057,"Lafourche, LA",2021,5105205.0
22057,"Lafourche, LA",2022,5059661.0
22057,"Lafourche, LA",2023,5850015.0
22057,"Lafourche, LA",2024,6157068.0
22059,"LaSalle, LA",2019,502590.0
22059,"LaSalle, LA",2020,545699.0
22059,"LaSalle, LA",2021,566269.0
22059,"LaSalle, LA",2022,564679.0
22059,"LaSalle, LA",2023,597343.0
22059,"LaSalle, LA",2024,629140.0
22061,"Lincoln, LA",2019,1883183.0
22061,"Lincoln, LA",2020,2023348.0
22061,"Lincoln, LA",2021,2250426.0
22061,"Lincoln, LA",2022,2328414.0
22061,"Lincoln, LA",2023,2454087.0
22061,"Lincoln, LA",2024,2588324.0
22063,"Livingston, LA",2019,6127260.0
22063,"Livingston, LA",2020,6497834.0
22063,"Livingston, LA",2021,7123840.0
22063,"Livingston, LA",2022,7274203.0
22063,"Livingston, LA",2023,7709434.0
22063,"Livingston, LA",2024,8193149.0
22065,"Madison, LA",2019,350310.0
22065,"Madison, LA",2020,398690.0
22065,"Madison, LA",2021,431131.0
22065,"Madison, LA",2022,395993.0
22065,"Madison, LA",2023,415886.0
22065,"Madison, LA",2024,416850.0
22067,"Morehouse, LA",2019,953991.0
22067,"Morehouse, LA",2020,1040338.0
22067,"Morehouse, LA",2021,1100115.0
22067,"Morehouse, LA",2022,1045543.0
22067,"Morehouse, LA",2023,1112052.0
22067,"Morehouse, LA",2024,1128935.0
22069,"Natchitoches, LA",2019,1553782.0
22069,"Natchitoches, LA",2020,1677650.0
22069,"Natchitoches, LA",2021,1843861.0
22069,"Natchitoches, LA",2022,1817931.0
22069,"Natchitoches, LA",2023,1895030.0
22069,"Natchitoches, LA",2024,1973143.0
22071,"Orleans, LA",2019,20609719.0
22071,"Orleans, LA",2020,21470905.0
22071,"Orleans, LA",2021,23593647.0
22071,"Orleans, LA",2022,23301272.0
22071,"Orleans, LA",2023,24655613.0
22071,"Orleans, LA",2024,25937882.0
22073,"Ouachita, LA",2019,6343710.0
22073,"Ouachita, LA",2020,6968671.0
22073,"Ouachita, LA",2021,7472484.0
22073,"Ouachita, LA",2022,7417055.0
22073,"Ouachita, LA",2023,7831474.0
22073,"Ouachita, LA",2024,8202076.0
22075,"Plaquemines, LA",2019,1107558.0
22075,"Plaquemines, LA",2020,1190105.0
22075,"Plaquemines, LA",2021,1317887.0
22075,"Plaquemines, LA",2022,1267441.0
22075,"Plaquemines, LA",2023,1348544.0
22075,"Plaquemines, LA",2024,1419878.0
22077,"Pointe Coupee, LA",2019,1051718.0
22077,"Pointe Coupee, LA",2020,1107447.0
22077,"Pointe Coupee, LA",2021,1209707.0
22077,"Pointe Coupee, LA",2022,1163720.0
22077,"Pointe Coupee, LA",2023,1238191.0
22077,"Pointe Coupee, LA",2024,1306591.0
22079,"Rapides, LA",2019,5943806.0
22079,"Rapides, LA",2020,6430795.0
22079,"Rapides, LA",2021,6885291.0
22079,"Rapides, LA",2022,6787423.0
22079,"Rapides, LA",2023,7074729.0
22079,"Rapides, LA",2024,7401529.0
22081,"Red River, LA",2019,356625.0
22081,"Red River, LA",2020,371992.0
22081,"Red River, LA",2021,397835.0
22081,"Red River, LA",2022,416958.0
22081,"Red River, LA",2023,430040.0
22081,"Red River, LA",2024,446107.0
22083,"Richland, LA",2019,777547.0
22083,"Richland, LA",2020,856624.0
22083,"Richland, LA",2021,892815.0
22083,"Richland, LA",2022,885380.0
22083,"Richland, LA",2023,940067.0
22083,"Richland, LA",2024,972762.0
22085,"Sabine, LA",2019,851288.0
22085,"Sabine, LA",2020,914766.0
22085,"Sabine, LA",2021,998759.0
22085,"Sabine, LA",2022,1036397.0
22085,"Sabine, LA",2023,1072492.0
22085,"Sabine, LA",2024,1132441.0
22087,"St. Bernard, LA",2019,1577511.0
22087,"St. Bernard, LA",2020,1712085.0
22087,"St. Bernard, LA",2021,1904596.0
22087,"St. Bernard, LA",2022,1842823.0
22087,"St. Bernard, LA",2023,1959229.0
22087,"St. Bernard, LA",2024,2061946.0
22089,"St. Charles, LA",2019,2623488.0
22089,"St. Charles, LA",2020,2772334.0
22089,"St. Charles, LA",2021,2994451.0
22089,"St. Charles, LA",2022,2925424.0
22089,"St. Charles, LA",2023,3068873.0
22089,"St. Charles, LA",2024,3242961.0
22091,"St. Helena, LA",2019,451140.0
22091,"St. Helena, LA",2020,485941.0
22091,"St. Helena, LA",2021,521178.0
22091,"St. Helena, LA",2022,505272.0
22091,"St. Helena, LA",2023,525633.0
22091,"St. Helena, LA",2024,551105.0
22093,"St. James, LA",2019,1108359.0
22093,"St. James, LA",2020,1149927.0
22093,"St. James, LA",2021,1391093.0
22093,"St. James, LA",2022,1278322.0
22093,"St. James, LA",2023,1407365.0
22093,"St. James, LA",2024,1474330.0
22095,"St. John the Baptist, LA",2019,1778926.0
22095,"St. John the Baptist, LA",2020,1890014.0
22095,"St. John the Baptist, LA",2021,1957277.0
22095,"St. John the Baptist, LA",2022,1837367.0
22095,"St. John the Baptist, LA",2023,1973171.0
22095,"St. John the Baptist, LA",2024,2072981.0
22097,"St. Landry, LA",2019,3444933.0
22097,"St. Landry, LA",2020,3696695.0
22097,"St. Landry, LA",2021,3963281.0
22097,"St. Landry, LA",2022,3795574.0
22097,"St. Landry, LA",2023,3989889.0
22097,"St. Landry, LA",2024,4147735.0
22099,"St. Martin, LA",2019,2059796.0
22099,"St. Martin, LA",2020,2202742.0
22099,"St. Martin, LA",2021,2399865.0
22099,"St. Martin, LA",2022,2372358.0
22099,"St. Martin, LA",2023,2566425.0
22099,"St. Martin, LA",2024,2682058.0
22101,"St. Mary, LA",2019,2023876.0
22101,"St. Mary, LA",2020,2184843.0
22101,"St. Mary, LA",2021,2360854.0
22101,"St. Mary, LA",2022,2303548.0
22101,"St. Mary, LA",2023,2421532.0
22101,"St. Mary, LA",2024,2495904.0
22103,"St. Tammany, LA",2019,17841196.0
22103,"St. Tammany, LA",2020,17266953.0
22103,"St. Tammany, LA",2021,20076172.0
22103,"St. Tammany, LA",2022,20187961.0
22103,"St. Tammany, LA",2023,21680279.0
22103,"St. Tammany, LA",2024,22874967.0
22105,"Tangipahoa, LA",2019,5346397.0
22105,"Tangipahoa, LA",2020,5874511.0
22105,"Tangipahoa, LA",2021,6498934.0
22105,"Tangipahoa, LA",2022,6503568.0
22105,"Tangipahoa, LA",2023,6890516.0
22105,"Tangipahoa, LA",2024,7305462.0
22107,"Tensas, LA",2019,172600.0
22107,"Tensas, LA",2020,181376.0
22107,"Tensas, LA",2021,210346.0
22107,"Tensas, LA",2022,180567.0
22107,"Tensas, LA",2023,194776.0
22107,"Tensas, LA",2024,200511.0
22109,"Terrebonne, LA",2019,4721735.0
22109,"Terrebonne, LA",2020,4994478.0
22109,"Terrebonne, LA",2021,5264001.0
22109,"Terrebonne, LA",2022,5203766.0
22109,"Terrebonne, LA",2023,5569248.0
22109,"Terrebonne, LA",2024,5820231.0
22111,"Union, LA",2019,872915.0
22111,"Union, LA",2020,933675.0
22111,"Union, LA",2021,995886.0
22111,"Union, LA",2022,1005487.0
22111,"Union, LA",2023,1034580.0
22111,"Union, LA",2024,1100035.0
22113,"Vermilion, LA",2019,2339813.0
22113,"Vermilion, LA",2020,2498275.0
22113,"Vermilion, LA",2021,2700787.0
22113,"Vermilion, LA",2022,2690431.0
22113,"Vermilion, LA",2023,2856167.0
22113,"Vermilion, LA",2024,3010811.0
22115,"Vernon, LA",2019,2020487.0
22115,"Vernon, LA",2020,2148963.0
22115,"Vernon, LA",2021,2313107.0
22115,"Vernon, LA",2022,2296267.0
22115,"Vernon, LA",2023,2378673.0
22115,"Vernon, LA",2024,2470687.0
22117,"Washington, LA",2019,1632323.0
22117,"Washington, LA",2020,1738135.0
22117,"Washington, LA",2021,1894812.0
22117,"Washington, LA",2022,1891744.0
22117,"Washington, LA",2023,1988836.0
22117,"Washington, LA",2024,2087290.0
22119,"Webster, LA",2019,1557782.0
22119,"Webster, LA",2020,1700376.0
22119,"Webster, LA",2021,1791919.0
22119,"Webster, LA",2022,1815760.0
22119,"Webster, LA",2023,1931682.0
22119,"Webster, LA",2024,2018514.0
22121,"West Baton Rouge, LA",2019,1279096.0
22121,"West Baton Rouge, LA",2020,1387339.0
22121,"West Baton Rouge, LA",2021,1539697.0
22121,"West Baton Rouge, LA",2022,1508028.0
22121,"West Baton Rouge, LA",2023,1619241.0
22121,"West Baton Rouge, LA",2024,1713115.0
22123,"West Carroll, LA",2019,348423.0
22123,"West Carroll, LA",2020,403720.0
22123,"West Carroll, LA",2021,416992.0
22123,"West Carroll, LA",2022,403223.0
22123,"West Carroll, LA",2023,430744.0
22123,"West Carroll, LA",2024,447432.0
22125,"West Feliciana, LA",2019,610201.0
22125,"West Feliciana, LA",2020,645861.0
22125,"West Feliciana, LA",2021,693368.0
22125,"West Feliciana, LA",2022,686393.0
22125,"West Feliciana, LA",2023,735691.0
22125,"West Feliciana, LA",2024,774378.0
22127,"Winn, LA",2019,533710.0
22127,"Winn, LA",2020,596748.0
22127,"Winn, LA",2021,635477.0
22127,"Winn, LA",2022,621885.0
22127,"Winn, LA",2023,623354.0
22127,"Winn, LA",2024,646493.0
23001,"Androscoggin, ME",2019,4613041.0
23001,"Androscoggin, ME",2020,5125611.0
23001,"Androscoggin, ME",2021,5465802.0
23001,"Androscoggin, ME",2022,5768218.0
23001,"Androscoggin, ME",2023,6139923.0
23001,"Androscoggin, ME",2024,6511386.0
23003,"Aroostook, ME",2019,2845177.0
23003,"Aroostook, ME",2020,3140185.0
23003,"Aroostook, ME",2021,3369137.0
23003,"Aroostook, ME",2022,3470386.0
23003,"Aroostook, ME",2023,3675626.0
23003,"Aroostook, ME",2024,3885842.0
23005,"Cumberland, ME",2019,19192112.0
23005,"Cumberland, ME",2020,20794535.0
23005,"Cumberland, ME",2021,23221404.0
23005,"Cumberland, ME",2022,24547070.0
23005,"Cumberland, ME",2023,26626353.0
23005,"Cumberland, ME",2024,28287474.0
23007,"Franklin, ME",2019,1181737.0
23007,"Franklin, ME",2020,1288140.0
23007,"Franklin, ME",2021,1399608.0
23007,"Franklin, ME",2022,1467842.0
23007,"Franklin, ME",2023,1555677.0
23007,"Franklin, ME",2024,1629305.0
23009,"Hancock, ME",2019,2914840.0
23009,"Hancock, ME",2020,3092083.0
23009,"Hancock, ME",2021,3494613.0
23009,"Hancock, ME",2022,3640135.0
23009,"Hancock, ME",2023,3917691.0
23009,"Hancock, ME",2024,4119504.0
23011,"Kennebec, ME",2019,5644328.0
23011,"Kennebec, ME",2020,6208517.0
23011,"Kennebec, ME",2021,6860459.0
23011,"Kennebec, ME",2022,7065629.0
23011,"Kennebec, ME",2023,7388096.0
23011,"Kennebec, ME",2024,7859374.0
23013,"Knox, ME",2019,2103621.0
23013,"Knox, ME",2020,2274329.0
23013,"Knox, ME",2021,2557216.0
23013,"Knox, ME",2022,2620531.0
23013,"Knox, ME",2023,2811522.0
23013,"Knox, ME",2024,2930524.0
23015,"Lincoln, ME",2019,1815249.0
23015,"Lincoln, ME",2020,1932396.0
23015,"Lincoln, ME",2021,2164533.0
23015,"Lincoln, ME",2022,2278371.0
23015,"Lincoln, ME",2023,2455772.0
23015,"Lincoln, ME",2024,2591107.0
23017,"Oxford, ME",2019,2238718.0
23017,"Oxford, ME",2020,2480271.0
23017,"Oxford, ME",2021,2719071.0
23017,"Oxford, ME",2022,2841303.0
23017,"Oxford, ME",2023,3020893.0
23017,"Oxford, ME",2024,3171202.0
23019,"Penobscot, ME",2019,6506407.0
23019,"Penobscot, ME",2020,7198944.0
23019,"Penobscot, ME",2021,7835702.0
23019,"Penobscot, ME",2022,8051322.0
23019,"Penobscot, ME",2023,8431574.0
23019,"Penobscot, ME",2024,8876007.0
23021,"Piscataquis, ME",2019,659974.0
23021,"Piscataquis, ME",2020,767931.0
23021,"Piscataquis, ME",2021,855126.0
23021,"Piscataquis, ME",2022,916474.0
23021,"Piscataquis, ME",2023,910327.0
23021,"Piscataquis, ME",2024,943824.0
23023,"Sagadahoc, ME",2019,1862563.0
23023,"Sagadahoc, ME",2020,2023662.0
23023,"Sagadahoc, ME",2021,2251508.0
23023,"Sagadahoc, ME",2022,2351200.0
23023,"Sagadahoc, ME",2023,2531069.0
23023,"Sagadahoc, ME",2024,2687065.0
23025,"Somerset, ME",2019,1950773.0
23025,"Somerset, ME",2020,2190175.0
23025,"Somerset, ME",2021,2395224.0
23025,"Somerset, ME",2022,2461778.0
23025,"Somerset, ME",2023,2592895.0
23025,"Somerset, ME",2024,2742228.0
23027,"Waldo, ME",2019,1760220.0
23027,"Waldo, ME",2020,1901545.0
23027,"Waldo, ME",2021,2101461.0
23027,"Waldo, ME",2022,2220909.0
23027,"Waldo, ME",2023,2321271.0
23027,"Waldo, ME",2024,2417297.0
23029,"Washington, ME",2019,1283734.0
23029,"Washington, ME",2020,1439096.0
23029,"Washington, ME",2021,1562982.0
23029,"Washington, ME",2022,1575555.0
23029,"Washington, ME",2023,1678327.0
23029,"Washington, ME",2024,1757145.0
23031,"York, ME",2019,11280350.0
23031,"York, ME",2020,12279603.0
23031,"York, ME",2021,13633210.0
23031,"York, ME",2022,14427517.0
23031,"York, ME",2023,15545331.0
23031,"York, ME",2024,16440979.0
24001,"Allegany, MD",2019,2850705.0
24001,"Allegany, MD",2020,3072374.0
24001,"Allegany, MD",2021,3215996.0
24001,"Allegany, MD",2022,3151002.0
24001,"Allegany, MD",2023,3325394.0
24001,"Allegany, MD",2024,3536479.0
24003,"Anne Arundel, MD",2019,39544059.0
24003,"Anne Arundel, MD",2020,42516061.0
24003,"Anne Arundel, MD",2021,46174163.0
24003,"Anne Arundel, MD",2022,46918729.0
24003,"Anne Arundel, MD",2023,50062383.0
24003,"Anne Arundel, MD",2024,52774183.0
24005,"Baltimore, MD",2019,51722880.0
24005,"Baltimore, MD",2020,54520142.0
24005,"Baltimore, MD",2021,57339178.0
24005,"Baltimore, MD",2022,59443851.0
24005,"Baltimore, MD",2023,63870657.0
24005,"Baltimore, MD",2024,67301095.0
24009,"Calvert, MD",2019,5861690.0
24009,"Calvert, MD",2020,6213499.0
24009,"Calvert, MD",2021,6497077.0
24009,"Calvert, MD",2022,6724649.0
24009,"Calvert, MD",2023,7131306.0
24009,"Calvert, MD",2024,7553900.0
24011,"Caroline, MD",2019,1540734.0
24011,"Caroline, MD",2020,1594751.0
24011,"Caroline, MD",2021,1813329.0
24011,"Caroline, MD",2022,1885438.0
24011,"Caroline, MD",2023,1910343.0
24011,"Caroline, MD",2024,2044348.0
24013,"Carroll, MD",2019,10650656.0
24013,"Carroll, MD",2020,11224265.0
24013,"Carroll, MD",2021,12160142.0
24013,"Carroll, MD",2022,12363190.0
24013,"Carroll, MD",2023,13191689.0
24013,"Carroll, MD",2024,13937639.0
24015,"Cecil, MD",2019,5057048.0
24015,"Cecil, MD",2020,5425027.0
24015,"Cecil, MD",2021,5795146.0
24015,"Cecil, MD",2022,5896921.0
24015,"Cecil, MD",2023,6193690.0
24015,"Cecil, MD",2024,6509641.0
24017,"Charles, MD",2019,9344836.0
24017,"Charles, MD",2020,10001808.0
24017,"Charles, MD",2021,10485129.0
24017,"Charles, MD",2022,10674072.0
24017,"Charles, MD",2023,11440628.0
24017,"Charles, MD",2024,12250294.0
24019,"Dorchester, MD",2019,1493956.0
24019,"Dorchester, MD",2020,1602673.0
24019,"Dorchester, MD",2021,1816579.0
24019,"Dorchester, MD",2022,1814455.0
24019,"Dorchester, MD",2023,1878604.0
24019,"Dorchester, MD",2024,1996716.0
24021,"Frederick, MD",2019,16550604.0
24021,"Frederick, MD",2020,17682538.0
24021,"Frederick, MD",2021,19623707.0
24021,"Frederick, MD",2022,20528227.0
24021,"Frederick, MD",2023,22123563.0
24021,"Frederick, MD",2024,23624721.0
24023,"Garrett, MD",2019,1328406.0
24023,"Garrett, MD",2020,1412030.0
24023,"Garrett, MD",2021,1538807.0
24023,"Garrett, MD",2022,1543000.0
24023,"Garrett, MD",2023,1654828.0
24023,"Garrett, MD",2024,1780028.0
24025,"Harford, MD",2019,15308172.0
24025,"Harford, MD",2020,16285998.0
24025,"Harford, MD",2021,17533638.0
24025,"Harford, MD",2022,17692475.0
24025,"Harford, MD",2023,18835519.0
24025,"Harford, MD",2024,19892083.0
24027,"Howard, MD",2019,25537830.0
24027,"Howard, MD",2020,27028543.0
24027,"Howard, MD",2021,29088900.0
24027,"Howard, MD",2022,30098390.0
24027,"Howard, MD",2023,32011146.0
24027,"Howard, MD",2024,33887606.0
24029,"Kent, MD",2019,1142698.0
24029,"Kent, MD",2020,1208612.0
24029,"Kent, MD",2021,1342123.0
24029,"Kent, MD",2022,1392518.0
24029,"Kent, MD",2023,1500259.0
24029,"Kent, MD",2024,1581725.0
24031,"Montgomery, MD",2019,89912501.0
24031,"Montgomery, MD",2020,90780595.0
24031,"Montgomery, MD",2021,96257504.0
24031,"Montgomery, MD",2022,99201905.0
24031,"Montgomery, MD",2023,107424738.0
24031,"Montgomery, MD",2024,113510492.0
24033,"Prince George's, MD",2019,45353277.0
24033,"Prince George's, MD",2020,49150888.0
24033,"Prince George's, MD",2021,51045982.0
24033,"Prince George's, MD",2022,51475679.0
24033,"Prince George's, MD",2023,54247655.0
24033,"Prince George's, MD",2024,57692301.0
24035,"Queen Anne's, MD",2019,3361190.0
24035,"Queen Anne's, MD",2020,3529688.0
24035,"Queen Anne's, MD",2021,3958286.0
24035,"Queen Anne's, MD",2022,4084602.0
24035,"Queen Anne's, MD",2023,4341173.0
24035,"Queen Anne's, MD",2024,4636754.0
24037,"St. Mary's, MD",2019,6609253.0
24037,"St. Mary's, MD",2020,7061331.0
24037,"St. Mary's, MD",2021,7462432.0
24037,"St. Mary's, MD",2022,7596553.0
24037,"St. Mary's, MD",2023,8052110.0
24037,"St. Mary's, MD",2024,8538781.0
24039,"Somerset, MD",2019,777031.0
24039,"Somerset, MD",2020,809452.0
24039,"Somerset, MD",2021,907959.0
24039,"Somerset, MD",2022,979747.0
24039,"Somerset, MD",2023,956284.0
24039,"Somerset, MD",2024,1045499.0
24041,"Talbot, MD",2019,2784168.0
24041,"Talbot, MD",2020,2946328.0
24041,"Talbot, MD",2021,3234459.0
24041,"Talbot, MD",2022,3467371.0
24041,"Talbot, MD",2023,3727954.0
24041,"Talbot, MD",2024,3921858.0
24043,"Washington, MD",2019,7070883.0
24043,"Washington, MD",2020,7590903.0
24043,"Washington, MD",2021,8249543.0
24043,"Washington, MD",2022,8274416.0
24043,"Washington, MD",2023,8824117.0
24043,"Washington, MD",2024,9360730.0
24045,"Wicomico, MD",2019,4167451.0
24045,"Wicomico, MD",2020,4488866.0
24045,"Wicomico, MD",2021,4864547.0
24045,"Wicomico, MD",2022,5001263.0
24045,"Wicomico, MD",2023,5164938.0
24045,"Wicomico, MD",2024,5508434.0
24047,"Worcester, MD",2019,2950003.0
24047,"Worcester, MD",2020,3124288.0
24047,"Worcester, MD",2021,3445934.0
24047,"Worcester, MD",2022,3579311.0
24047,"Worcester, MD",2023,3754262.0
24047,"Worcester, MD",2024,3997677.0
24510,"Baltimore (Independent City), MD",2019,29527160.0
24510,"Baltimore (Independent City), MD",2020,31479316.0
24510,"Baltimore (Independent City), MD",2021,33952615.0
24510,"Baltimore (Independent City), MD",2022,34518625.0
24510,"Baltimore (Independent City), MD",2023,37616366.0
24510,"Baltimore (Independent City), MD",2024,39530923.0
25001,"Barnstable, MA",2019,16554492.0
25001,"Barnstable, MA",2020,17899744.0
25001,"Barnstable, MA",2021,19700136.0
25001,"Barnstable, MA",2022,19975720.0
25001,"Barnstable, MA",2023,21372636.0
25001,"Barnstable, MA",2024,22505425.0
25003,"Berkshire, MA",2019,7255269.0
25003,"Berkshire, MA",2020,7879344.0
25003,"Berkshire, MA",2021,8376553.0
25003,"Berkshire, MA",2022,8462958.0
25003,"Berkshire, MA",2023,8978488.0
25003,"Berkshire, MA",2024,9290365.0
25005,"Bristol, MA",2019,31634945.0
25005,"Bristol, MA",2020,35108396.0
25005,"Bristol, MA",2021,37326905.0
25005,"Bristol, MA",2022,37344206.0
25005,"Bristol, MA",2023,38901296.0
25005,"Bristol, MA",2024,40655860.0
25007,"Dukes, MA",2019,1598828.0
25007,"Dukes, MA",2020,1747190.0
25007,"Dukes, MA",2021,1834528.0
25007,"Dukes, MA",2022,1888473.0
25007,"Dukes, MA",2023,2057605.0
25007,"Dukes, MA",2024,2151936.0
25009,"Essex, MA",2019,54844932.0
25009,"Essex, MA",2020,58616241.0
25009,"Essex, MA",2021,63644900.0
25009,"Essex, MA",2022,64461087.0
25009,"Essex, MA",2023,68218809.0
25009,"Essex, MA",2024,71560934.0
25011,"Franklin, MA",2019,3956099.0
25011,"Franklin, MA",2020,4298159.0
25011,"Franklin, MA",2021,4502090.0
25011,"Franklin, MA",2022,4503325.0
25011,"Franklin, MA",2023,4806730.0
25011,"Franklin, MA",2024,4988777.0
25013,"Hampden, MA",2019,24685170.0
25013,"Hampden, MA",2020,26759845.0
25013,"Hampden, MA",2021,28360375.0
25013,"Hampden, MA",2022,28087653.0
25013,"Hampden, MA",2023,29588378.0
25013,"Hampden, MA",2024,30744284.0
25015,"Hampshire, MA",2019,8814588.0
25015,"Hampshire, MA",2020,9364267.0
25015,"Hampshire, MA",2021,9749581.0
25015,"Hampshire, MA",2022,9789301.0
25015,"Hampshire, MA",2023,10408053.0
25015,"Hampshire, MA",2024,10822421.0
25017,"Middlesex, MA",2019,140505357.0
25017,"Middlesex, MA",2020,147354279.0
25017,"Middlesex, MA",2021,162645258.0
25017,"Middlesex, MA",2022,166584968.0
25017,"Middlesex, MA",2023,176975597.0
25017,"Middlesex, MA",2024,186942035.0
25019,"Nantucket, MA",2019,1279699.0
25019,"Nantucket, MA",2020,1333180.0
25019,"Nantucket, MA",2021,1499761.0
25019,"Nantucket, MA",2022,1601629.0
25019,"Nantucket, MA",2023,1781511.0
25019,"Nantucket, MA",2024,1896099.0
25021,"Norfolk, MA",2019,66535883.0
25021,"Norfolk, MA",2020,69189516.0
25021,"Norfolk, MA",2021,76192769.0
25021,"Norfolk, MA",2022,79043748.0
25021,"Norfolk, MA",2023,84294190.0
25021,"Norfolk, MA",2024,88653520.0
25023,"Plymouth, MA",2019,36566845.0
25023,"Plymouth, MA",2020,39525039.0
25023,"Plymouth, MA",2021,42321082.0
25023,"Plymouth, MA",2022,43007402.0
25023,"Plymouth, MA",2023,45331568.0
25023,"Plymouth, MA",2024,47605047.0
25025,"Suffolk, MA",2019,65190333.0
25025,"Suffolk, MA",2020,70146341.0
25025,"Suffolk, MA",2021,76613158.0
25025,"Suffolk, MA",2022,77966415.0
25025,"Suffolk, MA",2023,82541768.0
25025,"Suffolk, MA",2024,86807007.0
25027,"Worcester, MA",2019,48462254.0
25027,"Worcester, MA",2020,52811028.0
25027,"Worcester, MA",2021,55883945.0
25027,"Worcester, MA",2022,57292675.0
25027,"Worcester, MA",2023,60363177.0
25027,"Worcester, MA",2024,63369310.0
26001,"Alcona, MI",2019,419256.0
26001,"Alcona, MI",2020,466262.0
26001,"Alcona, MI",2021,515544.0
26001,"Alcona, MI",2022,504316.0
26001,"Alcona, MI",2023,524770.0
26001,"Alcona, MI",2024,553826.0
26003,"Alger, MI",2019,306595.0
26003,"Alger, MI",2020,339641.0
26003,"Alger, MI",2021,369946.0
26003,"Alger, MI",2022,368736.0
26003,"Alger, MI",2023,387314.0
26003,"Alger, MI",2024,407213.0
26005,"Allegan, MI",2019,5405648.0
26005,"Allegan, MI",2020,6057012.0
26005,"Allegan, MI",2021,6620361.0
26005,"Allegan, MI",2022,6709682.0
26005,"Allegan, MI",2023,7124700.0
26005,"Allegan, MI",2024,7408717.0
26007,"Alpena, MI",2019,1170679.0
26007,"Alpena, MI",2020,1301103.0
26007,"Alpena, MI",2021,1411137.0
26007,"Alpena, MI",2022,1407935.0
26007,"Alpena, MI",2023,1481819.0
26007,"Alpena, MI",2024,1565974.0
26009,"Antrim, MI",2019,1120882.0
26009,"Antrim, MI",2020,1220278.0
26009,"Antrim, MI",2021,1360894.0
26009,"Antrim, MI",2022,1366411.0
26009,"Antrim, MI",2023,1464767.0
26009,"Antrim, MI",2024,1548993.0
26011,"Arenac, MI",2019,593064.0
26011,"Arenac, MI",2020,669448.0
26011,"Arenac, MI",2021,718263.0
26011,"Arenac, MI",2022,705501.0
26011,"Arenac, MI",2023,745375.0
26011,"Arenac, MI",2024,783773.0
26013,"Baraga, MI",2019,279656.0
26013,"Baraga, MI",2020,319884.0
26013,"Baraga, MI",2021,345515.0
26013,"Baraga, MI",2022,339018.0
26013,"Baraga, MI",2023,358010.0
26013,"Baraga, MI",2024,373316.0
26015,"Barry, MI",2019,2819004.0
26015,"Barry, MI",2020,3075133.0
26015,"Barry, MI",2021,3377734.0
26015,"Barry, MI",2022,3601306.0
26015,"Barry, MI",2023,3725984.0
26015,"Barry, MI",2024,3865696.0
26017,"Bay, MI",2019,4440988.0
26017,"Bay, MI",2020,4844838.0
26017,"Bay, MI",2021,5227982.0
26017,"Bay, MI",2022,5128499.0
26017,"Bay, MI",2023,5468280.0
26017,"Bay, MI",2024,5710140.0
26019,"Benzie, MI",2019,816155.0
26019,"Benzie, MI",2020,940467.0
26019,"Benzie, MI",2021,1001828.0
26019,"Benzie, MI",2022,1043695.0
26019,"Benzie, MI",2023,1124572.0
26019,"Benzie, MI",2024,1177788.0
26021,"Berrien, MI",2019,7600045.0
26021,"Berrien, MI",2020,8326445.0
26021,"Berrien, MI",2021,9306278.0
26021,"Berrien, MI",2022,9228747.0
26021,"Berrien, MI",2023,9390044.0
26021,"Berrien, MI",2024,9787397.0
26023,"Branch, MI",2019,1611484.0
26023,"Branch, MI",2020,1804097.0
26023,"Branch, MI",2021,1959682.0
26023,"Branch, MI",2022,1951485.0
26023,"Branch, MI",2023,2049582.0
26023,"Branch, MI",2024,2171603.0
26025,"Calhoun, MI",2019,5374986.0
26025,"Calhoun, MI",2020,5898846.0
26025,"Calhoun, MI",2021,6137098.0
26025,"Calhoun, MI",2022,6157943.0
26025,"Calhoun, MI",2023,6383513.0
26025,"Calhoun, MI",2024,6715861.0
26027,"Cass, MI",2019,2335008.0
26027,"Cass, MI",2020,2604115.0
26027,"Cass, MI",2021,2841874.0
26027,"Cass, MI",2022,2935051.0
26027,"Cass, MI",2023,2966591.0
26027,"Cass, MI",2024,3069920.0
26029,"Charlevoix, MI",2019,1382249.0
26029,"Charlevoix, MI",2020,1520583.0
26029,"Charlevoix, MI",2021,1716408.0
26029,"Charlevoix, MI",2022,1771508.0
26029,"Charlevoix, MI",2023,1887642.0
26029,"Charlevoix, MI",2024,1997380.0
26031,"Cheboygan, MI",2019,1021222.0
26031,"Cheboygan, MI",2020,1165551.0
26031,"Cheboygan, MI",2021,1274934.0
26031,"Cheboygan, MI",2022,1247361.0
26031,"Cheboygan, MI",2023,1335507.0
26031,"Cheboygan, MI",2024,1403162.0
26033,"Chippewa, MI",2019,1295251.0
26033,"Chippewa, MI",2020,1458816.0
26033,"Chippewa, MI",2021,1576490.0
26033,"Chippewa, MI",2022,1582619.0
26033,"Chippewa, MI",2023,1681391.0
26033,"Chippewa, MI",2024,1773949.0
26035,"Clare, MI",2019,1083261.0
26035,"Clare, MI",2020,1221813.0
26035,"Clare, MI",2021,1292505.0
26035,"Clare, MI",2022,1290511.0
26035,"Clare, MI",2023,1370670.0
26035,"Clare, MI",2024,1432904.0
26037,"Clinton, MI",2019,3759551.0
26037,"Clinton, MI",2020,4040451.0
26037,"Clinton, MI",2021,4455404.0
26037,"Clinton, MI",2022,4571388.0
26037,"Clinton, MI",2023,4818011.0
26037,"Clinton, MI",2024,5047746.0
26039,"Crawford, MI",2019,484491.0
26039,"Crawford, MI",2020,541748.0
26039,"Crawford, MI",2021,579087.0
26039,"Crawford, MI",2022,556501.0
26039,"Crawford, MI",2023,582403.0
26039,"Crawford, MI",2024,616168.0
26041,"Delta, MI",2019,1458595.0
26041,"Delta, MI",2020,1608572.0
26041,"Delta, MI",2021,1717010.0
26041,"Delta, MI",2022,1676659.0
26041,"Delta, MI",2023,1752893.0
26041,"Delta, MI",2024,1846263.0
26043,"Dickinson, MI",2019,1204259.0
26043,"Dickinson, MI",2020,1308664.0
26043,"Dickinson, MI",2021,1455570.0
26043,"Dickinson, MI",2022,1412023.0
26043,"Dickinson, MI",2023,1479333.0
26043,"Dickinson, MI",2024,1538995.0
26045,"Eaton, MI",2019,4754177.0
26045,"Eaton, MI",2020,5209315.0
26045,"Eaton, MI",2021,5560956.0
26045,"Eaton, MI",2022,5598260.0
26045,"Eaton, MI",2023,5887618.0
26045,"Eaton, MI",2024,6163753.0
26047,"Emmet, MI",2019,1949203.0
26047,"Emmet, MI",2020,2124509.0
26047,"Emmet, MI",2021,2381376.0
26047,"Emmet, MI",2022,2429854.0
26047,"Emmet, MI",2023,2581163.0
26047,"Emmet, MI",2024,2716046.0
26049,"Genesee, MI",2019,16935433.0
26049,"Genesee, MI",2020,18437215.0
26049,"Genesee, MI",2021,19604356.0
26049,"Genesee, MI",2022,19582700.0
26049,"Genesee, MI",2023,21227976.0
26049,"Genesee, MI",2024,21559948.0
26051,"Gladwin, MI",2019,974679.0
26051,"Gladwin, MI",2020,1060601.0
26051,"Gladwin, MI",2021,1132035.0
26051,"Gladwin, MI",2022,1132111.0
26051,"Gladwin, MI",2023,1208291.0
26051,"Gladwin, MI",2024,1261794.0
26053,"Gogebic, MI",2019,602316.0
26053,"Gogebic, MI",2020,655554.0
26053,"Gogebic, MI",2021,699555.0
26053,"Gogebic, MI",2022,698309.0
26053,"Gogebic, MI",2023,726565.0
26053,"Gogebic, MI",2024,761847.0
26055,"Grand Traverse, MI",2019,4857652.0
26055,"Grand Traverse, MI",2020,5336047.0
26055,"Grand Traverse, MI",2021,5871918.0
26055,"Grand Traverse, MI",2022,6131215.0
26055,"Grand Traverse, MI",2023,6569045.0
26055,"Grand Traverse, MI",2024,6926731.0
26057,"Gratiot, MI",2019,1513010.0
26057,"Gratiot, MI",2020,1722962.0
26057,"Gratiot, MI",2021,1825273.0
26057,"Gratiot, MI",2022,1811845.0
26057,"Gratiot, MI",2023,1889371.0
26057,"Gratiot, MI",2024,1928697.0
26059,"Hillsdale, MI",2019,1628924.0
26059,"Hillsdale, MI",2020,1815759.0
26059,"Hillsdale, MI",2021,1962655.0
26059,"Hillsdale, MI",2022,1953905.0
26059,"Hillsdale, MI",2023,2034400.0
26059,"Hillsdale, MI",2024,2134856.0
26061,"Houghton, MI",2019,1378105.0
26061,"Houghton, MI",2020,1479096.0
26061,"Houghton, MI",2021,1627754.0
26061,"Houghton, MI",2022,1605972.0
26061,"Houghton, MI",2023,1702062.0
26061,"Houghton, MI",2024,1821186.0
26063,"Huron, MI",2019,1407432.0
26063,"Huron, MI",2020,1624945.0
26063,"Huron, MI",2021,1793471.0
26063,"Huron, MI",2022,1778474.0
26063,"Huron, MI",2023,1913548.0
26063,"Huron, MI",2024,1939926.0
26065,"Ingham, MI",2019,11975197.0
26065,"Ingham, MI",2020,13205383.0
26065,"Ingham, MI",2021,14104435.0
26065,"Ingham, MI",2022,14263470.0
26065,"Ingham, MI",2023,14915446.0
26065,"Ingham, MI",2024,15717804.0
26067,"Ionia, MI",2019,2289103.0
26067,"Ionia, MI",2020,2541659.0
26067,"Ionia, MI",2021,2742693.0
26067,"Ionia, MI",2022,2741760.0
26067,"Ionia, MI",2023,2891738.0
26067,"Ionia, MI",2024,2982692.0
26069,"Iosco, MI",2019,989309.0
26069,"Iosco, MI",2020,1102702.0
26069,"Iosco, MI",2021,1184213.0
26069,"Iosco, MI",2022,1181108.0
26069,"Iosco, MI",2023,1239516.0
26069,"Iosco, MI",2024,1324598.0
26071,"Iron, MI",2019,506912.0
26071,"Iron, MI",2020,540919.0
26071,"Iron, MI",2021,569293.0
26071,"Iron, MI",2022,563262.0
26071,"Iron, MI",2023,592982.0
26071,"Iron, MI",2024,626516.0
26073,"Isabella, MI",2019,2522781.0
26073,"Isabella, MI",2020,2795437.0
26073,"Isabella, MI",2021,2948533.0
26073,"Isabella, MI",2022,2941264.0
26073,"Isabella, MI",2023,3105346.0
26073,"Isabella, MI",2024,3249420.0
26075,"Jackson, MI",2019,6360988.0
26075,"Jackson, MI",2020,6965194.0
26075,"Jackson, MI",2021,7560019.0
26075,"Jackson, MI",2022,7448030.0
26075,"Jackson, MI",2023,7874563.0
26075,"Jackson, MI",2024,8263126.0
26077,"Kalamazoo, MI",2019,13118157.0
26077,"Kalamazoo, MI",2020,14383548.0
26077,"Kalamazoo, MI",2021,15486991.0
26077,"Kalamazoo, MI",2022,15934104.0
26077,"Kalamazoo, MI",2023,16583202.0
26077,"Kalamazoo, MI",2024,17425313.0
26079,"Kalkaska, MI",2019,647713.0
26079,"Kalkaska, MI",2020,727685.0
26079,"Kalkaska, MI",2021,784060.0
26079,"Kalkaska, MI",2022,795645.0
26079,"Kalkaska, MI",2023,846475.0
26079,"Kalkaska, MI",2024,898376.0
26081,"Kent, MI",2019,35315470.0
26081,"Kent, MI",2020,38894737.0
26081,"Kent, MI",2021,43675351.0
26081,"Kent, MI",2022,44723783.0
26081,"Kent, MI",2023,47086595.0
26081,"Kent, MI",2024,49460483.0
26083,"Keweenaw, MI",2019,101666.0
26083,"Keweenaw, MI",2020,112644.0
26083,"Keweenaw, MI",2021,122738.0
26083,"Keweenaw, MI",2022,122017.0
26083,"Keweenaw, MI",2023,126849.0
26083,"Keweenaw, MI",2024,134665.0
26085,"Lake, MI",2019,400788.0
26085,"Lake, MI",2020,457850.0
26085,"Lake, MI",2021,480612.0
26085,"Lake, MI",2022,460400.0
26085,"Lake, MI",2023,491067.0
26085,"Lake, MI",2024,513765.0
26087,"Lapeer, MI",2019,3906297.0
26087,"Lapeer, MI",2020,4322473.0
26087,"Lapeer, MI",2021,4534740.0
26087,"Lapeer, MI",2022,4510054.0
26087,"Lapeer, MI",2023,4829903.0
26087,"Lapeer, MI",2024,5045551.0
26089,"Leelanau, MI",2019,1511236.0
26089,"Leelanau, MI",2020,1632094.0
26089,"Leelanau, MI",2021,1821886.0
26089,"Leelanau, MI",2022,1846079.0
26089,"Leelanau, MI",2023,2013930.0
26089,"Leelanau, MI",2024,2108455.0
26091,"Lenawee, MI",2019,4003666.0
26091,"Lenawee, MI",2020,4386378.0
26091,"Lenawee, MI",2021,4739808.0
26091,"Lenawee, MI",2022,4769368.0
26091,"Lenawee, MI",2023,4996348.0
26091,"Lenawee, MI",2024,5183425.0
26093,"Livingston, MI",2019,11344685.0
26093,"Livingston, MI",2020,12032025.0
26093,"Livingston, MI",2021,13196130.0
26093,"Livingston, MI",2022,13478244.0
26093,"Livingston, MI",2023,14319362.0
26093,"Livingston, MI",2024,14938495.0
26095,"Luce, MI",2019,193330.0
26095,"Luce, MI",2020,215073.0
26095,"Luce, MI",2021,233126.0
26095,"Luce, MI",2022,226003.0
26095,"Luce, MI",2023,232778.0
26095,"Luce, MI",2024,251092.0
26097,"Mackinac, MI",2019,475485.0
26097,"Mackinac, MI",2020,535183.0
26097,"Mackinac, MI",2021,583247.0
26097,"Mackinac, MI",2022,586473.0
26097,"Mackinac, MI",2023,624599.0
26097,"Mackinac, MI",2024,666172.0
26099,"Macomb, MI",2019,41317087.0
26099,"Macomb, MI",2020,45015985.0
26099,"Macomb, MI",2021,47372297.0
26099,"Macomb, MI",2022,48610839.0
26099,"Macomb, MI",2023,51408136.0
26099,"Macomb, MI",2024,53843586.0
26101,"Manistee, MI",2019,986746.0
26101,"Manistee, MI",2020,1088038.0
26101,"Manistee, MI",2021,1174265.0
26101,"Manistee, MI",2022,1173809.0
26101,"Manistee, MI",2023,1254981.0
26101,"Manistee, MI",2024,1323084.0
26103,"Marquette, MI",2019,2673013.0
26103,"Marquette, MI",2020,2916371.0
26103,"Marquette, MI",2021,3177654.0
26103,"Marquette, MI",2022,3122505.0
26103,"Marquette, MI",2023,3300553.0
26103,"Marquette, MI",2024,3524672.0
26105,"Mason, MI",2019,1196726.0
26105,"Mason, MI",2020,1325794.0
26105,"Mason, MI",2021,1430587.0
26105,"Mason, MI",2022,1414382.0
26105,"Mason, MI",2023,1484142.0
26105,"Mason, MI",2024,1543927.0
26107,"Mecosta, MI",2019,1470949.0
26107,"Mecosta, MI",2020,1624074.0
26107,"Mecosta, MI",2021,1777183.0
26107,"Mecosta, MI",2022,1748440.0
26107,"Mecosta, MI",2023,1866222.0
26107,"Mecosta, MI",2024,1931974.0
26109,"Menominee, MI",2019,967723.0
26109,"Menominee, MI",2020,1040370.0
26109,"Menominee, MI",2021,1132505.0
26109,"Menominee, MI",2022,1121960.0
26109,"Menominee, MI",2023,1150785.0
26109,"Menominee, MI",2024,1186891.0
26111,"Midland, MI",2019,4516809.0
26111,"Midland, MI",2020,4799703.0
26111,"Midland, MI",2021,5066278.0
26111,"Midland, MI",2022,5079831.0
26111,"Midland, MI",2023,5408970.0
26111,"Midland, MI",2024,5643083.0
26113,"Missaukee, MI",2019,545668.0
26113,"Missaukee, MI",2020,621356.0
26113,"Missaukee, MI",2021,675911.0
26113,"Missaukee, MI",2022,659798.0
26113,"Missaukee, MI",2023,691485.0
26113,"Missaukee, MI",2024,716763.0
26115,"Monroe, MI",2019,7302077.0
26115,"Monroe, MI",2020,7735434.0
26115,"Monroe, MI",2021,8239209.0
26115,"Monroe, MI",2022,8808501.0
26115,"Monroe, MI",2023,9306732.0
26115,"Monroe, MI",2024,9627565.0
26117,"Montcalm, MI",2019,2279865.0
26117,"Montcalm, MI",2020,2527626.0
26117,"Montcalm, MI",2021,2787476.0
26117,"Montcalm, MI",2022,2772028.0
26117,"Montcalm, MI",2023,2895642.0
26117,"Montcalm, MI",2024,3011592.0
26119,"Montmorency, MI",2019,347642.0
26119,"Montmorency, MI",2020,390439.0
26119,"Montmorency, MI",2021,407775.0
26119,"Montmorency, MI",2022,402780.0
26119,"Montmorency, MI",2023,424329.0
26119,"Montmorency, MI",2024,443263.0
26121,"Muskegon, MI",2019,6884718.0
26121,"Muskegon, MI",2020,7752965.0
26121,"Muskegon, MI",2021,8188919.0
26121,"Muskegon, MI",2022,8335955.0
26121,"Muskegon, MI",2023,8701921.0
26121,"Muskegon, MI",2024,9099019.0
26123,"Newaygo, MI",2019,1863723.0
26123,"Newaygo, MI",2020,2093068.0
26123,"Newaygo, MI",2021,2265598.0
26123,"Newaygo, MI",2022,2262593.0
26123,"Newaygo, MI",2023,2377333.0
26123,"Newaygo, MI",2024,2479493.0
26125,"Oakland, MI",2019,91571131.0
26125,"Oakland, MI",2020,96777418.0
26125,"Oakland, MI",2021,105064558.0
26125,"Oakland, MI",2022,108963377.0
26125,"Oakland, MI",2023,115913573.0
26125,"Oakland, MI",2024,121361366.0
26127,"Oceana, MI",2019,1025036.0
26127,"Oceana, MI",2020,1148731.0
26127,"Oceana, MI",2021,1248415.0
26127,"Oceana, MI",2022,1245199.0
26127,"Oceana, MI",2023,1334915.0
26127,"Oceana, MI",2024,1374417.0
26129,"Ogemaw, MI",2019,719358.0
26129,"Ogemaw, MI",2020,819182.0
26129,"Ogemaw, MI",2021,884781.0
26129,"Ogemaw, MI",2022,860152.0
26129,"Ogemaw, MI",2023,912230.0
26129,"Ogemaw, MI",2024,955348.0
26131,"Ontonagon, MI",2019,234045.0
26131,"Ontonagon, MI",2020,259148.0
26131,"Ontonagon, MI",2021,278023.0
26131,"Ontonagon, MI",2022,275568.0
26131,"Ontonagon, MI",2023,290628.0
26131,"Ontonagon, MI",2024,301161.0
26133,"Osceola, MI",2019,893287.0
26133,"Osceola, MI",2020,985077.0
26133,"Osceola, MI",2021,1053170.0
26133,"Osceola, MI",2022,1084387.0
26133,"Osceola, MI",2023,1140471.0
26133,"Osceola, MI",2024,1207895.0
26135,"Oscoda, MI",2019,283822.0
26135,"Oscoda, MI",2020,308745.0
26135,"Oscoda, MI",2021,343287.0
26135,"Oscoda, MI",2022,371622.0
26135,"Oscoda, MI",2023,365455.0
26135,"Oscoda, MI",2024,379157.0
26137,"Otsego, MI",2019,1022377.0
26137,"Otsego, MI",2020,1150747.0
26137,"Otsego, MI",2021,1263957.0
26137,"Otsego, MI",2022,1237549.0
26137,"Otsego, MI",2023,1315743.0
26137,"Otsego, MI",2024,1375413.0
26139,"Ottawa, MI",2019,14430383.0
26139,"Ottawa, MI",2020,15919677.0
26139,"Ottawa, MI",2021,17824138.0
26139,"Ottawa, MI",2022,18168498.0
26139,"Ottawa, MI",2023,19379649.0
26139,"Ottawa, MI",2024,20419059.0
26141,"Presque Isle, MI",2019,511088.0
26141,"Presque Isle, MI",2020,578218.0
26141,"Presque Isle, MI",2021,625118.0
26141,"Presque Isle, MI",2022,623771.0
26141,"Presque Isle, MI",2023,654674.0
26141,"Presque Isle, MI",2024,684684.0
26143,"Roscommon, MI",2019,889119.0
26143,"Roscommon, MI",2020,1001946.0
26143,"Roscommon, MI",2021,1076868.0
26143,"Roscommon, MI",2022,1040920.0
26143,"Roscommon, MI",2023,1142122.0
26143,"Roscommon, MI",2024,1204865.0
26145,"Saginaw, MI",2019,7781747.0
26145,"Saginaw, MI",2020,8666371.0
26145,"Saginaw, MI",2021,9293245.0
26145,"Saginaw, MI",2022,9057941.0
26145,"Saginaw, MI",2023,9536683.0
26145,"Saginaw, MI",2024,9892414.0
26147,"St. Clair, MI",2019,7234053.0
26147,"St. Clair, MI",2020,8024356.0
26147,"St. Clair, MI",2021,8447803.0
26147,"St. Clair, MI",2022,8441002.0
26147,"St. Clair, MI",2023,8890803.0
26147,"St. Clair, MI",2024,9288771.0
26149,"St. Joseph, MI",2019,2338396.0
26149,"St. Joseph, MI",2020,2614624.0
26149,"St. Joseph, MI",2021,2893935.0
26149,"St. Joseph, MI",2022,2908698.0
26149,"St. Joseph, MI",2023,3057600.0
26149,"St. Joseph, MI",2024,3160096.0
26151,"Sanilac, MI",2019,1555947.0
26151,"Sanilac, MI",2020,1779781.0
26151,"Sanilac, MI",2021,1918454.0
26151,"Sanilac, MI",2022,1917785.0
26151,"Sanilac, MI",2023,2022966.0
26151,"Sanilac, MI",2024,2085340.0
26153,"Schoolcraft, MI",2019,325459.0
26153,"Schoolcraft, MI",2020,364920.0
26153,"Schoolcraft, MI",2021,386204.0
26153,"Schoolcraft, MI",2022,372294.0
26153,"Schoolcraft, MI",2023,396649.0
26153,"Schoolcraft, MI",2024,430601.0
26155,"Shiawassee, MI",2019,2770118.0
26155,"Shiawassee, MI",2020,3036020.0
26155,"Shiawassee, MI",2021,3258075.0
26155,"Shiawassee, MI",2022,3265271.0
26155,"Shiawassee, MI",2023,3433204.0
26155,"Shiawassee, MI",2024,3594400.0
26157,"Tuscola, MI",2019,1982823.0
26157,"Tuscola, MI",2020,2224642.0
26157,"Tuscola, MI",2021,2379182.0
26157,"Tuscola, MI",2022,2359378.0
26157,"Tuscola, MI",2023,2513957.0
26157,"Tuscola, MI",2024,2629472.0
26159,"Van Buren, MI",2019,3144865.0
26159,"Van Buren, MI",2020,3449108.0
26159,"Van Buren, MI",2021,3775695.0
26159,"Van Buren, MI",2022,3803231.0
26159,"Van Buren, MI",2023,3996968.0
26159,"Van Buren, MI",2024,4180368.0
26161,"Washtenaw, MI",2019,22657639.0
26161,"Washtenaw, MI",2020,23548351.0
26161,"Washtenaw, MI",2021,25966644.0
26161,"Washtenaw, MI",2022,26825581.0
26161,"Washtenaw, MI",2023,28552089.0
26161,"Washtenaw, MI",2024,29811220.0
26163,"Wayne, MI",2019,76937040.0
26163,"Wayne, MI",2020,83977834.0
26163,"Wayne, MI",2021,87563626.0
26163,"Wayne, MI",2022,88363117.0
26163,"Wayne, MI",2023,93855872.0
26163,"Wayne, MI",2024,98675057.0
26165,"Wexford, MI",2019,1263052.0
26165,"Wexford, MI",2020,1403066.0
26165,"Wexford, MI",2021,1526137.0
26165,"Wexford, MI",2022,1502751.0
26165,"Wexford, MI",2023,1571787.0
26165,"Wexford, MI",2024,1659230.0
27001,"Aitkin, MN",2019,655457.0
27001,"Aitkin, MN",2020,737413.0
27001,"Aitkin, MN",2021,811145.0
27001,"Aitkin, MN",2022,789034.0
27001,"Aitkin, MN",2023,836331.0
27001,"Aitkin, MN",2024,877408.0
27003,"Anoka, MN",2019,19000875.0
27003,"Anoka, MN",2020,20317497.0
27003,"Anoka, MN",2021,21826971.0
27003,"Anoka, MN",2022,22243427.0
27003,"Anoka, MN",2023,23257609.0
27003,"Anoka, MN",2024,24459050.0
27005,"Becker, MN",2019,1666956.0
27005,"Becker, MN",2020,1811021.0
27005,"Becker, MN",2021,2006394.0
27005,"Becker, MN",2022,2028677.0
27005,"Becker, MN",2023,2137893.0
27005,"Becker, MN",2024,2246063.0
27007,"Beltrami, MN",2019,1967631.0
27007,"Beltrami, MN",2020,2169890.0
27007,"Beltrami, MN",2021,2386395.0
27007,"Beltrami, MN",2022,2370939.0
27007,"Beltrami, MN",2023,2489813.0
27007,"Beltrami, MN",2024,2627753.0
27009,"Benton, MN",2019,1871472.0
27009,"Benton, MN",2020,2027136.0
27009,"Benton, MN",2021,2234494.0
27009,"Benton, MN",2022,2264377.0
27009,"Benton, MN",2023,2359388.0
27009,"Benton, MN",2024,2444641.0
27011,"Big Stone, MN",2019,256688.0
27011,"Big Stone, MN",2020,298488.0
27011,"Big Stone, MN",2021,342817.0
27011,"Big Stone, MN",2022,357683.0
27011,"Big Stone, MN",2023,345955.0
27011,"Big Stone, MN",2024,356063.0
27013,"Blue Earth, MN",2019,3094269.0
27013,"Blue Earth, MN",2020,3351238.0
27013,"Blue Earth, MN",2021,3651526.0
27013,"Blue Earth, MN",2022,3742391.0
27013,"Blue Earth, MN",2023,3820814.0
27013,"Blue Earth, MN",2024,4020292.0
27015,"Brown, MN",2019,1348936.0
27015,"Brown, MN",2020,1475376.0
27015,"Brown, MN",2021,1627103.0
27015,"Brown, MN",2022,1613753.0
27015,"Brown, MN",2023,1651107.0
27015,"Brown, MN",2024,1716384.0
27017,"Carlton, MN",2019,1567758.0
27017,"Carlton, MN",2020,1668350.0
27017,"Carlton, MN",2021,1831540.0
27017,"Carlton, MN",2022,1847639.0
27017,"Carlton, MN",2023,1929466.0
27017,"Carlton, MN",2024,2039243.0
27019,"Carver, MN",2019,7755123.0
27019,"Carver, MN",2020,8066122.0
27019,"Carver, MN",2021,9108755.0
27019,"Carver, MN",2022,9701779.0
27019,"Carver, MN",2023,10279835.0
27019,"Carver, MN",2024,10825179.0
27021,"Cass, MN",2019,1400131.0
27021,"Cass, MN",2020,1523059.0
27021,"Cass, MN",2021,1788233.0
27021,"Cass, MN",2022,1725475.0
27021,"Cass, MN",2023,1817852.0
27021,"Cass, MN",2024,1917778.0
27023,"Chippewa, MN",2019,550883.0
27023,"Chippewa, MN",2020,612675.0
27023,"Chippewa, MN",2021,673957.0
27023,"Chippewa, MN",2022,694884.0
27023,"Chippewa, MN",2023,710686.0
27023,"Chippewa, MN",2024,719966.0
27025,"Chisago, MN",2019,2867883.0
27025,"Chisago, MN",2020,3032803.0
27025,"Chisago, MN",2021,3350952.0
27025,"Chisago, MN",2022,3445623.0
27025,"Chisago, MN",2023,3608805.0
27025,"Chisago, MN",2024,3791769.0
27027,"Clay, MN",2019,2816281.0
27027,"Clay, MN",2020,3065894.0
27027,"Clay, MN",2021,3357380.0
27027,"Clay, MN",2022,3460781.0
27027,"Clay, MN",2023,3565358.0
27027,"Clay, MN",2024,3711293.0
27029,"Clearwater, MN",2019,384803.0
27029,"Clearwater, MN",2020,445870.0
27029,"Clearwater, MN",2021,479535.0
27029,"Clearwater, MN",2022,453370.0
27029,"Clearwater, MN",2023,477745.0
27029,"Clearwater, MN",2024,501252.0
27031,"Cook, MN",2019,287805.0
27031,"Cook, MN",2020,308749.0
27031,"Cook, MN",2021,334334.0
27031,"Cook, MN",2022,340002.0
27031,"Cook, MN",2023,368447.0
27031,"Cook, MN",2024,385909.0
27033,"Cottonwood, MN",2019,507566.0
27033,"Cottonwood, MN",2020,628762.0
27033,"Cottonwood, MN",2021,681613.0
27033,"Cottonwood, MN",2022,720886.0
27033,"Cottonwood, MN",2023,680494.0
27033,"Cottonwood, MN",2024,682902.0
27035,"Crow Wing, MN",2019,3013167.0
27035,"Crow Wing, MN",2020,3261486.0
27035,"Crow Wing, MN",2021,3718605.0
27035,"Crow Wing, MN",2022,3677212.0
27035,"Crow Wing, MN",2023,3909101.0
27035,"Crow Wing, MN",2024,4131622.0
27037,"Dakota, MN",2019,26627005.0
27037,"Dakota, MN",2020,28136324.0
27037,"Dakota, MN",2021,30247124.0
27037,"Dakota, MN",2022,31725483.0
27037,"Dakota, MN",2023,33645368.0
27037,"Dakota, MN",2024,35294325.0
27039,"Dodge, MN",2019,970868.0
27039,"Dodge, MN",2020,1086659.0
27039,"Dodge, MN",2021,1227865.0
27039,"Dodge, MN",2022,1252381.0
27039,"Dodge, MN",2023,1282966.0
27039,"Dodge, MN",2024,1331089.0
27041,"Douglas, MN",2019,1984103.0
27041,"Douglas, MN",2020,2183381.0
27041,"Douglas, MN",2021,2431021.0
27041,"Douglas, MN",2022,2522514.0
27041,"Douglas, MN",2023,2653986.0
27041,"Douglas, MN",2024,2765770.0
27043,"Faribault, MN",2019,588996.0
27043,"Faribault, MN",2020,666895.0
27043,"Faribault, MN",2021,756620.0
27043,"Faribault, MN",2022,797353.0
27043,"Faribault, MN",2023,774199.0
27043,"Faribault, MN",2024,800970.0
27045,"Fillmore, MN",2019,919309.0
27045,"Fillmore, MN",2020,1045254.0
27045,"Fillmore, MN",2021,1163521.0
27045,"Fillmore, MN",2022,1195715.0
27045,"Fillmore, MN",2023,1229621.0
27045,"Fillmore, MN",2024,1261143.0
27047,"Freeborn, MN",2019,1373965.0
27047,"Freeborn, MN",2020,1511752.0
27047,"Freeborn, MN",2021,1679975.0
27047,"Freeborn, MN",2022,1697447.0
27047,"Freeborn, MN",2023,1729458.0
27047,"Freeborn, MN",2024,1791797.0
27049,"Goodhue, MN",2019,2547842.0
27049,"Goodhue, MN",2020,2689891.0
27049,"Goodhue, MN",2021,2958190.0
27049,"Goodhue, MN",2022,3063025.0
27049,"Goodhue, MN",2023,3259735.0
27049,"Goodhue, MN",2024,3377482.0
27051,"Grant, MN",2019,271574.0
27051,"Grant, MN",2020,330238.0
27051,"Grant, MN",2021,359517.0
27051,"Grant, MN",2022,387804.0
27051,"Grant, MN",2023,370823.0
27051,"Grant, MN",2024,375110.0
27053,"Hennepin, MN",2019,96819450.0
27053,"Hennepin, MN",2020,99937096.0
27053,"Hennepin, MN",2021,111492484.0
27053,"Hennepin, MN",2022,114380782.0
27053,"Hennepin, MN",2023,121765461.0
27053,"Hennepin, MN",2024,127781586.0
27055,"Houston, MN",2019,962260.0
27055,"Houston, MN",2020,1040622.0
27055,"Houston, MN",2021,1108840.0
27055,"Houston, MN",2022,1148337.0
27055,"Houston, MN",2023,1194600.0
27055,"Houston, MN",2024,1245711.0
27057,"Hubbard, MN",2019,1125941.0
27057,"Hubbard, MN",2020,1203327.0
27057,"Hubbard, MN",2021,1316093.0
27057,"Hubbard, MN",2022,1199303.0
27057,"Hubbard, MN",2023,1308512.0
27057,"Hubbard, MN",2024,1352590.0
27059,"Isanti, MN",2019,1865450.0
27059,"Isanti, MN",2020,2026302.0
27059,"Isanti, MN",2021,2201342.0
27059,"Isanti, MN",2022,2257265.0
27059,"Isanti, MN",2023,2348651.0
27059,"Isanti, MN",2024,2478844.0
27061,"Itasca, MN",2019,1999402.0
27061,"Itasca, MN",2020,2179631.0
27061,"Itasca, MN",2021,2387299.0
27061,"Itasca, MN",2022,2362962.0
27061,"Itasca, MN",2023,2464651.0
27061,"Itasca, MN",2024,2620600.0
27063,"Jackson, MN",2019,512655.0
27063,"Jackson, MN",2020,583677.0
27063,"Jackson, MN",2021,624539.0
27063,"Jackson, MN",2022,635479.0
27063,"Jackson, MN",2023,609576.0
27063,"Jackson, MN",2024,624830.0
27065,"Kanabec, MN",2019,702815.0
27065,"Kanabec, MN",2020,789779.0
27065,"Kanabec, MN",2021,839147.0
27065,"Kanabec, MN",2022,824462.0
27065,"Kanabec, MN",2023,850155.0
27065,"Kanabec, MN",2024,896878.0
27067,"Kandiyohi, MN",2019,2204477.0
27067,"Kandiyohi, MN",2020,2359025.0
27067,"Kandiyohi, MN",2021,2561792.0
27067,"Kandiyohi, MN",2022,2653893.0
27067,"Kandiyohi, MN",2023,2819809.0
27067,"Kandiyohi, MN",2024,2955071.0
27069,"Kittson, MN",2019,197984.0
27069,"Kittson, MN",2020,261304.0
27069,"Kittson, MN",2021,281975.0
27069,"Kittson, MN",2022,291524.0
27069,"Kittson, MN",2023,269577.0
27069,"Kittson, MN",2024,252778.0
27071,"Koochiching, MN",2019,541889.0
27071,"Koochiching, MN",2020,571058.0
27071,"Koochiching, MN",2021,607881.0
27071,"Koochiching, MN",2022,633172.0
27071,"Koochiching, MN",2023,648427.0
27071,"Koochiching, MN",2024,667868.0
27073,"Lac qui Parle, MN",2019,334588.0
27073,"Lac qui Parle, MN",2020,381838.0
27073,"Lac qui Parle, MN",2021,431918.0
27073,"Lac qui Parle, MN",2022,467836.0
27073,"Lac qui Parle, MN",2023,455732.0
27073,"Lac qui Parle, MN",2024,453081.0
27075,"Lake, MN",2019,507789.0
27075,"Lake, MN",2020,535746.0
27075,"Lake, MN",2021,594518.0
27075,"Lake, MN",2022,594283.0
27075,"Lake, MN",2023,622297.0
27075,"Lake, MN",2024,649176.0
27077,"Lake of the Woods, MN",2019,197804.0
27077,"Lake of the Woods, MN",2020,214250.0
27077,"Lake of the Woods, MN",2021,232007.0
27077,"Lake of the Woods, MN",2022,232417.0
27077,"Lake of the Woods, MN",2023,242005.0
27077,"Lake of the Woods, MN",2024,248482.0
27079,"Le Sueur, MN",2019,1427637.0
27079,"Le Sueur, MN",2020,1545533.0
27079,"Le Sueur, MN",2021,1737348.0
27079,"Le Sueur, MN",2022,1786856.0
27079,"Le Sueur, MN",2023,1839544.0
27079,"Le Sueur, MN",2024,1896089.0
27081,"Lincoln, MN",2019,259925.0
27081,"Lincoln, MN",2020,288600.0
27081,"Lincoln, MN",2021,321231.0
27081,"Lincoln, MN",2022,351024.0
27081,"Lincoln, MN",2023,340123.0
27081,"Lincoln, MN",2024,336665.0
27083,"Lyon, MN",2019,1243262.0
27083,"Lyon, MN",2020,1368367.0
27083,"Lyon, MN",2021,1498021.0
27083,"Lyon, MN",2022,1561107.0
27083,"Lyon, MN",2023,1562309.0
27083,"Lyon, MN",2024,1595131.0
27085,"McLeod, MN",2019,1744089.0
27085,"McLeod, MN",2020,1898662.0
27085,"McLeod, MN",2021,2118350.0
27085,"McLeod, MN",2022,2185856.0
27085,"McLeod, MN",2023,2248868.0
27085,"McLeod, MN",2024,2350527.0
27087,"Mahnomen, MN",2019,190453.0
27087,"Mahnomen, MN",2020,222729.0
27087,"Mahnomen, MN",2021,262272.0
27087,"Mahnomen, MN",2022,264721.0
27087,"Mahnomen, MN",2023,258611.0
27087,"Mahnomen, MN",2024,273359.0
27089,"Marshall, MN",2019,479326.0
27089,"Marshall, MN",2020,587865.0
27089,"Marshall, MN",2021,660949.0
27089,"Marshall, MN",2022,708745.0
27089,"Marshall, MN",2023,628125.0
27089,"Marshall, MN",2024,615476.0
27091,"Martin, MN",2019,1019111.0
27091,"Martin, MN",2020,1087512.0
27091,"Martin, MN",2021,1232172.0
27091,"Martin, MN",2022,1268951.0
27091,"Martin, MN",2023,1214181.0
27091,"Martin, MN",2024,1273012.0
27093,"Meeker, MN",2019,1025999.0
27093,"Meeker, MN",2020,1145357.0
27093,"Meeker, MN",2021,1248888.0
27093,"Meeker, MN",2022,1310604.0
27093,"Meeker, MN",2023,1345489.0
27093,"Meeker, MN",2024,1403987.0
27095,"Mille Lacs, MN",2019,1144870.0
27095,"Mille Lacs, MN",2020,1246748.0
27095,"Mille Lacs, MN",2021,1391539.0
27095,"Mille Lacs, MN",2022,1391290.0
27095,"Mille Lacs, MN",2023,1450286.0
27095,"Mille Lacs, MN",2024,1520774.0
27097,"Morrison, MN",2019,1416168.0
27097,"Morrison, MN",2020,1605457.0
27097,"Morrison, MN",2021,1742765.0
27097,"Morrison, MN",2022,1822360.0
27097,"Morrison, MN",2023,1837836.0
27097,"Morrison, MN",2024,1902590.0
27099,"Mower, MN",2019,1817312.0
27099,"Mower, MN",2020,1998881.0
27099,"Mower, MN",2021,2213532.0
27099,"Mower, MN",2022,2205759.0
27099,"Mower, MN",2023,2303462.0
27099,"Mower, MN",2024,2354916.0
27101,"Murray, MN",2019,426008.0
27101,"Murray, MN",2020,504561.0
27101,"Murray, MN",2021,522696.0
27101,"Murray, MN",2022,573262.0
27101,"Murray, MN",2023,554530.0
27101,"Murray, MN",2024,562542.0
27103,"Nicollet, MN",2019,1713595.0
27103,"Nicollet, MN",2020,1834805.0
27103,"Nicollet, MN",2021,1956871.0
27103,"Nicollet, MN",2022,2033089.0
27103,"Nicollet, MN",2023,2103190.0
27103,"Nicollet, MN",2024,2196274.0
27105,"Nobles, MN",2019,964597.0
27105,"Nobles, MN",2020,1146125.0
27105,"Nobles, MN",2021,1210504.0
27105,"Nobles, MN",2022,1307680.0
27105,"Nobles, MN",2023,1323192.0
27105,"Nobles, MN",2024,1344571.0
27107,"Norman, MN",2019,242983.0
27107,"Norman, MN",2020,322395.0
27107,"Norman, MN",2021,387987.0
27107,"Norman, MN",2022,396053.0
27107,"Norman, MN",2023,349203.0
27107,"Norman, MN",2024,345402.0
27109,"Olmsted, MN",2019,9380597.0
27109,"Olmsted, MN",2020,10071650.0
27109,"Olmsted, MN",2021,10873022.0
27109,"Olmsted, MN",2022,11208282.0
27109,"Olmsted, MN",2023,11817492.0
27109,"Olmsted, MN",2024,12460643.0
27111,"Otter Tail, MN",2019,2812994.0
27111,"Otter Tail, MN",2020,3193255.0
27111,"Otter Tail, MN",2021,3412509.0
27111,"Otter Tail, MN",2022,3506574.0
27111,"Otter Tail, MN",2023,3628508.0
27111,"Otter Tail, MN",2024,3778062.0
27113,"Pennington, MN",2019,760348.0
27113,"Pennington, MN",2020,827340.0
27113,"Pennington, MN",2021,983865.0
27113,"Pennington, MN",2022,924311.0
27113,"Pennington, MN",2023,931747.0
27113,"Pennington, MN",2024,977624.0
27115,"Pine, MN",2019,1129434.0
27115,"Pine, MN",2020,1240512.0
27115,"Pine, MN",2021,1349408.0
27115,"Pine, MN",2022,1333206.0
27115,"Pine, MN",2023,1398513.0
27115,"Pine, MN",2024,1475823.0
27117,"Pipestone, MN",2019,487113.0
27117,"Pipestone, MN",2020,536570.0
27117,"Pipestone, MN",2021,602960.0
27117,"Pipestone, MN",2022,664822.0
27117,"Pipestone, MN",2023,664593.0
27117,"Pipestone, MN",2024,684970.0
27119,"Polk, MN",2019,1462974.0
27119,"Polk, MN",2020,1667497.0
27119,"Polk, MN",2021,1836871.0
27119,"Polk, MN",2022,1884782.0
27119,"Polk, MN",2023,1860782.0
27119,"Polk, MN",2024,1887417.0
27121,"Pope, MN",2019,558141.0
27121,"Pope, MN",2020,641244.0
27121,"Pope, MN",2021,733253.0
27121,"Pope, MN",2022,727454.0
27121,"Pope, MN",2023,751583.0
27121,"Pope, MN",2024,770042.0
27123,"Ramsey, MN",2019,29895802.0
27123,"Ramsey, MN",2020,31894451.0
27123,"Ramsey, MN",2021,35090056.0
27123,"Ramsey, MN",2022,35548090.0
27123,"Ramsey, MN",2023,37209413.0
27123,"Ramsey, MN",2024,38900092.0
27125,"Red Lake, MN",2019,197012.0
27125,"Red Lake, MN",2020,224471.0
27125,"Red Lake, MN",2021,269963.0
27125,"Red Lake, MN",2022,279625.0
27125,"Red Lake, MN",2023,265144.0
27125,"Red Lake, MN",2024,272740.0
27127,"Redwood, MN",2019,794667.0
27127,"Redwood, MN",2020,934224.0
27127,"Redwood, MN",2021,1092876.0
27127,"Redwood, MN",2022,1159825.0
27127,"Redwood, MN",2023,1240194.0
27127,"Redwood, MN",2024,1264675.0
27129,"Renville, MN",2019,695234.0
27129,"Renville, MN",2020,819547.0
27129,"Renville, MN",2021,922891.0
27129,"Renville, MN",2022,968336.0
27129,"Renville, MN",2023,936297.0
27129,"Renville, MN",2024,952131.0
27131,"Rice, MN",2019,2977570.0
27131,"Rice, MN",2020,3196567.0
27131,"Rice, MN",2021,3579863.0
27131,"Rice, MN",2022,3623044.0
27131,"Rice, MN",2023,3765808.0
27131,"Rice, MN",2024,3945502.0
27133,"Rock, MN",2019,462972.0
27133,"Rock, MN",2020,549881.0
27133,"Rock, MN",2021,562892.0
27133,"Rock, MN",2022,616654.0
27133,"Rock, MN",2023,605861.0
27133,"Rock, MN",2024,632432.0
27135,"Roseau, MN",2019,723478.0
27135,"Roseau, MN",2020,822360.0
27135,"Roseau, MN",2021,935772.0
27135,"Roseau, MN",2022,945135.0
27135,"Roseau, MN",2023,954055.0
27135,"Roseau, MN",2024,965446.0
27137,"St. Louis, MN",2019,9577877.0
27137,"St. Louis, MN",2020,10150938.0
27137,"St. Louis, MN",2021,11183165.0
27137,"St. Louis, MN",2022,11287977.0
27137,"St. Louis, MN",2023,11795148.0
27137,"St. Louis, MN",2024,12422450.0
27139,"Scott, MN",2019,9341461.0
27139,"Scott, MN",2020,9867326.0
27139,"Scott, MN",2021,11120691.0
27139,"Scott, MN",2022,11840233.0
27139,"Scott, MN",2023,12693107.0
27139,"Scott, MN",2024,13347002.0
27141,"Sherburne, MN",2019,4740554.0
27141,"Sherburne, MN",2020,5082804.0
27141,"Sherburne, MN",2021,5582575.0
27141,"Sherburne, MN",2022,5725381.0
27141,"Sherburne, MN",2023,6018764.0
27141,"Sherburne, MN",2024,6354859.0
27143,"Sibley, MN",2019,700109.0
27143,"Sibley, MN",2020,782580.0
27143,"Sibley, MN",2021,871154.0
27143,"Sibley, MN",2022,907193.0
27143,"Sibley, MN",2023,919881.0
27143,"Sibley, MN",2024,950815.0
27145,"Stearns, MN",2019,7652511.0
27145,"Stearns, MN",2020,8473276.0
27145,"Stearns, MN",2021,9384489.0
27145,"Stearns, MN",2022,9726410.0
27145,"Stearns, MN",2023,10121011.0
27145,"Stearns, MN",2024,10649107.0
27147,"Steele, MN",2019,1727660.0
27147,"Steele, MN",2020,1875487.0
27147,"Steele, MN",2021,2093776.0
27147,"Steele, MN",2022,2099645.0
27147,"Steele, MN",2023,2166357.0
27147,"Steele, MN",2024,2284969.0
27149,"Stevens, MN",2019,454446.0
27149,"Stevens, MN",2020,536198.0
27149,"Stevens, MN",2021,592113.0
27149,"Stevens, MN",2022,624721.0
27149,"Stevens, MN",2023,562124.0
27149,"Stevens, MN",2024,597720.0
27151,"Swift, MN",2019,447147.0
27151,"Swift, MN",2020,517885.0
27151,"Swift, MN",2021,587315.0
27151,"Swift, MN",2022,685900.0
27151,"Swift, MN",2023,718080.0
27151,"Swift, MN",2024,723676.0
27153,"Todd, MN",2019,1071245.0
27153,"Todd, MN",2020,1106448.0
27153,"Todd, MN",2021,1408913.0
27153,"Todd, MN",2022,1500342.0
27153,"Todd, MN",2023,1620793.0
27153,"Todd, MN",2024,1675174.0
27155,"Traverse, MN",2019,165747.0
27155,"Traverse, MN",2020,220696.0
27155,"Traverse, MN",2021,244795.0
27155,"Traverse, MN",2022,286079.0
27155,"Traverse, MN",2023,262609.0
27155,"Traverse, MN",2024,257327.0
27157,"Wabasha, MN",2019,1066258.0
27157,"Wabasha, MN",2020,1195119.0
27157,"Wabasha, MN",2021,1292566.0
27157,"Wabasha, MN",2022,1316516.0
27157,"Wabasha, MN",2023,1346205.0
27157,"Wabasha, MN",2024,1417332.0
27159,"Wadena, MN",2019,548637.0
27159,"Wadena, MN",2020,616686.0
27159,"Wadena, MN",2021,675378.0
27159,"Wadena, MN",2022,685316.0
27159,"Wadena, MN",2023,718833.0
27159,"Wadena, MN",2024,759334.0
27161,"Waseca, MN",2019,785143.0
27161,"Waseca, MN",2020,890065.0
27161,"Waseca, MN",2021,1030650.0
27161,"Waseca, MN",2022,1127317.0
27161,"Waseca, MN",2023,1215673.0
27161,"Waseca, MN",2024,1276264.0
27163,"Washington, MN",2019,18261573.0
27163,"Washington, MN",2020,19104162.0
27163,"Washington, MN",2021,21060571.0
27163,"Washington, MN",2022,21876793.0
27163,"Washington, MN",2023,23237116.0
27163,"Washington, MN",2024,24482301.0
27165,"Watonwan, MN",2019,495824.0
27165,"Watonwan, MN",2020,558269.0
27165,"Watonwan, MN",2021,622465.0
27165,"Watonwan, MN",2022,645292.0
27165,"Watonwan, MN",2023,623887.0
27165,"Watonwan, MN",2024,634129.0
27167,"Wilkin, MN",2019,315635.0
27167,"Wilkin, MN",2020,378255.0
27167,"Wilkin, MN",2021,440162.0
27167,"Wilkin, MN",2022,479927.0
27167,"Wilkin, MN",2023,480825.0
27167,"Wilkin, MN",2024,459572.0
27169,"Winona, MN",2019,2418239.0
27169,"Winona, MN",2020,2721222.0
27169,"Winona, MN",2021,2901215.0
27169,"Winona, MN",2022,2828515.0
27169,"Winona, MN",2023,2918148.0
27169,"Winona, MN",2024,3046737.0
27171,"Wright, MN",2019,7262145.0
27171,"Wright, MN",2020,7851080.0
27171,"Wright, MN",2021,8836311.0
27171,"Wright, MN",2022,9187915.0
27171,"Wright, MN",2023,9759556.0
27171,"Wright, MN",2024,10291888.0
27173,"Yellow Medicine, MN",2019,535873.0
27173,"Yellow Medicine, MN",2020,582429.0
27173,"Yellow Medicine, MN",2021,620753.0
27173,"Yellow Medicine, MN",2022,687034.0
27173,"Yellow Medicine, MN",2023,731638.0
27173,"Yellow Medicine, MN",2024,732553.0
28001,"Adams, MS",2019,1077870.0
28001,"Adams, MS",2020,1163545.0
28001,"Adams, MS",2021,1333840.0
28001,"Adams, MS",2022,1250473.0
28001,"Adams, MS",2023,1337946.0
28001,"Adams, MS",2024,1394704.0
28003,"Alcorn, MS",2019,1348559.0
28003,"Alcorn, MS",2020,1449001.0
28003,"Alcorn, MS",2021,1537196.0
28003,"Alcorn, MS",2022,1528650.0
28003,"Alcorn, MS",2023,1631740.0
28003,"Alcorn, MS",2024,1668314.0
28005,"Amite, MS",2019,424446.0
28005,"Amite, MS",2020,448715.0
28005,"Amite, MS",2021,491238.0
28005,"Amite, MS",2022,494584.0
28005,"Amite, MS",2023,527006.0
28005,"Amite, MS",2024,563393.0
28007,"Attala, MS",2019,628413.0
28007,"Attala, MS",2020,703574.0
28007,"Attala, MS",2021,768544.0
28007,"Attala, MS",2022,713687.0
28007,"Attala, MS",2023,743613.0
28007,"Attala, MS",2024,764149.0
28009,"Benton, MS",2019,266117.0
28009,"Benton, MS",2020,295806.0
28009,"Benton, MS",2021,326739.0
28009,"Benton, MS",2022,319963.0
28009,"Benton, MS",2023,339009.0
28009,"Benton, MS",2024,349366.0
28011,"Bolivar, MS",2019,1168409.0
28011,"Bolivar, MS",2020,1291298.0
28011,"Bolivar, MS",2021,1464546.0
28011,"Bolivar, MS",2022,1385724.0
28011,"Bolivar, MS",2023,1487448.0
28011,"Bolivar, MS",2024,1467070.0
28013,"Calhoun, MS",2019,471939.0
28013,"Calhoun, MS",2020,527275.0
28013,"Calhoun, MS",2021,560722.0
28013,"Calhoun, MS",2022,526963.0
28013,"Calhoun, MS",2023,545845.0
28013,"Calhoun, MS",2024,563167.0
28015,"Carroll, MS",2019,383913.0
28015,"Carroll, MS",2020,406178.0
28015,"Carroll, MS",2021,449022.0
28015,"Carroll, MS",2022,418428.0
28015,"Carroll, MS",2023,433474.0
28015,"Carroll, MS",2024,453340.0
28017,"Chickasaw, MS",2019,589506.0
28017,"Chickasaw, MS",2020,655022.0
28017,"Chickasaw, MS",2021,724675.0
28017,"Chickasaw, MS",2022,660095.0
28017,"Chickasaw, MS",2023,674774.0
28017,"Chickasaw, MS",2024,682320.0
28019,"Choctaw, MS",2019,283134.0
28019,"Choctaw, MS",2020,308013.0
28019,"Choctaw, MS",2021,338445.0
28019,"Choctaw, MS",2022,326618.0
28019,"Choctaw, MS",2023,342255.0
28019,"Choctaw, MS",2024,355132.0
28021,"Claiborne, MS",2019,288011.0
28021,"Claiborne, MS",2020,314828.0
28021,"Claiborne, MS",2021,337190.0
28021,"Claiborne, MS",2022,319914.0
28021,"Claiborne, MS",2023,338639.0
28021,"Claiborne, MS",2024,349127.0
28023,"Clarke, MS",2019,596101.0
28023,"Clarke, MS",2020,647931.0
28023,"Clarke, MS",2021,669329.0
28023,"Clarke, MS",2022,665496.0
28023,"Clarke, MS",2023,710839.0
28023,"Clarke, MS",2024,759143.0
28025,"Clay, MS",2019,729968.0
28025,"Clay, MS",2020,803974.0
28025,"Clay, MS",2021,903394.0
28025,"Clay, MS",2022,890003.0
28025,"Clay, MS",2023,947559.0
28025,"Clay, MS",2024,986885.0
28027,"Coahoma, MS",2019,806733.0
28027,"Coahoma, MS",2020,874838.0
28027,"Coahoma, MS",2021,960556.0
28027,"Coahoma, MS",2022,913313.0
28027,"Coahoma, MS",2023,974075.0
28027,"Coahoma, MS",2024,998683.0
28029,"Copiah, MS",2019,953358.0
28029,"Copiah, MS",2020,1035473.0
28029,"Copiah, MS",2021,1111801.0
28029,"Copiah, MS",2022,1106898.0
28029,"Copiah, MS",2023,1159536.0
28029,"Copiah, MS",2024,1216300.0
28031,"Covington, MS",2019,703151.0
28031,"Covington, MS",2020,725202.0
28031,"Covington, MS",2021,814862.0
28031,"Covington, MS",2022,858137.0
28031,"Covington, MS",2023,858222.0
28031,"Covington, MS",2024,941770.0
28033,"DeSoto, MS",2019,8034384.0
28033,"DeSoto, MS",2020,8762323.0
28033,"DeSoto, MS",2021,9869361.0
28033,"DeSoto, MS",2022,10106558.0
28033,"DeSoto, MS",2023,10684233.0
28033,"DeSoto, MS",2024,11224337.0
28035,"Forrest, MS",2019,2840271.0
28035,"Forrest, MS",2020,3125988.0
28035,"Forrest, MS",2021,3441107.0
28035,"Forrest, MS",2022,3361515.0
28035,"Forrest, MS",2023,3587540.0
28035,"Forrest, MS",2024,3760388.0
28037,"Franklin, MS",2019,278471.0
28037,"Franklin, MS",2020,297747.0
28037,"Franklin, MS",2021,316369.0
28037,"Franklin, MS",2022,310342.0
28037,"Franklin, MS",2023,328179.0
28037,"Franklin, MS",2024,348857.0
28039,"George, MS",2019,832494.0
28039,"George, MS",2020,920955.0
28039,"George, MS",2021,989703.0
28039,"George, MS",2022,997142.0
28039,"George, MS",2023,1051288.0
28039,"George, MS",2024,1103481.0
28041,"Greene, MS",2019,388958.0
28041,"Greene, MS",2020,429022.0
28041,"Greene, MS",2021,458348.0
28041,"Greene, MS",2022,458773.0
28041,"Greene, MS",2023,458575.0
28041,"Greene, MS",2024,488198.0
28043,"Grenada, MS",2019,766332.0
28043,"Grenada, MS",2020,837409.0
28043,"Grenada, MS",2021,928366.0
28043,"Grenada, MS",2022,893733.0
28043,"Grenada, MS",2023,937158.0
28043,"Grenada, MS",2024,975776.0
28045,"Hancock, MS",2019,1739497.0
28045,"Hancock, MS",2020,1872869.0
28045,"Hancock, MS",2021,2077607.0
28045,"Hancock, MS",2022,2093841.0
28045,"Hancock, MS",2023,2228128.0
28045,"Hancock, MS",2024,2347347.0
28047,"Harrison, MS",2019,7908683.0
28047,"Harrison, MS",2020,8710850.0
28047,"Harrison, MS",2021,9767337.0
28047,"Harrison, MS",2022,9654963.0
28047,"Harrison, MS",2023,10346749.0
28047,"Harrison, MS",2024,10897207.0
28049,"Hinds, MS",2019,9252410.0
28049,"Hinds, MS",2020,10081936.0
28049,"Hinds, MS",2021,10594564.0
28049,"Hinds, MS",2022,10562489.0
28049,"Hinds, MS",2023,11128231.0
28049,"Hinds, MS",2024,11541530.0
28051,"Holmes, MS",2019,507199.0
28051,"Holmes, MS",2020,557004.0
28051,"Holmes, MS",2021,617580.0
28051,"Holmes, MS",2022,570572.0
28051,"Holmes, MS",2023,610156.0
28051,"Holmes, MS",2024,631869.0
28053,"Humphreys, MS",2019,272888.0
28053,"Humphreys, MS",2020,303968.0
28053,"Humphreys, MS",2021,333619.0
28053,"Humphreys, MS",2022,302797.0
28053,"Humphreys, MS",2023,320141.0
28053,"Humphreys, MS",2024,316348.0
28055,"Issaquena, MS",2019,35148.0
28055,"Issaquena, MS",2020,40295.0
28055,"Issaquena, MS",2021,48144.0
28055,"Issaquena, MS",2022,42134.0
28055,"Issaquena, MS",2023,46048.0
28055,"Issaquena, MS",2024,35307.0
28057,"Itawamba, MS",2019,846077.0
28057,"Itawamba, MS",2020,928634.0
28057,"Itawamba, MS",2021,1003598.0
28057,"Itawamba, MS",2022,986084.0
28057,"Itawamba, MS",2023,1028534.0
28057,"Itawamba, MS",2024,1076159.0
28059,"Jackson, MS",2019,5505532.0
28059,"Jackson, MS",2020,5953928.0
28059,"Jackson, MS",2021,6659274.0
28059,"Jackson, MS",2022,6579263.0
28059,"Jackson, MS",2023,7055058.0
28059,"Jackson, MS",2024,7428845.0
28061,"Jasper, MS",2019,671624.0
28061,"Jasper, MS",2020,679326.0
28061,"Jasper, MS",2021,739165.0
28061,"Jasper, MS",2022,749360.0
28061,"Jasper, MS",2023,739368.0
28061,"Jasper, MS",2024,803739.0
28063,"Jefferson, MS",2019,245622.0
28063,"Jefferson, MS",2020,266996.0
28063,"Jefferson, MS",2021,284844.0
28063,"Jefferson, MS",2022,279212.0
28063,"Jefferson, MS",2023,294158.0
28063,"Jefferson, MS",2024,310514.0
28065,"Jefferson Davis, MS",2019,343227.0
28065,"Jefferson Davis, MS",2020,373129.0
28065,"Jefferson Davis, MS",2021,412862.0
28065,"Jefferson Davis, MS",2022,420810.0
28065,"Jefferson Davis, MS",2023,433715.0
28065,"Jefferson Davis, MS",2024,471774.0
28067,"Jones, MS",2019,2622026.0
28067,"Jones, MS",2020,2748325.0
28067,"Jones, MS",2021,3005518.0
28067,"Jones, MS",2022,3189062.0
28067,"Jones, MS",2023,3241365.0
28067,"Jones, MS",2024,3411904.0
28069,"Kemper, MS",2019,295089.0
28069,"Kemper, MS",2020,323304.0
28069,"Kemper, MS",2021,340627.0
28069,"Kemper, MS",2022,323324.0
28069,"Kemper, MS",2023,338943.0
28069,"Kemper, MS",2024,356896.0
28071,"Lafayette, MS",2019,2365651.0
28071,"Lafayette, MS",2020,2561296.0
28071,"Lafayette, MS",2021,2826553.0
28071,"Lafayette, MS",2022,2888312.0
28071,"Lafayette, MS",2023,3128183.0
28071,"Lafayette, MS",2024,3318737.0
28073,"Lamar, MS",2019,2626292.0
28073,"Lamar, MS",2020,2819618.0
28073,"Lamar, MS",2021,3177341.0
28073,"Lamar, MS",2022,3267122.0
28073,"Lamar, MS",2023,3428456.0
28073,"Lamar, MS",2024,3634020.0
28075,"Lauderdale, MS",2019,2959226.0
28075,"Lauderdale, MS",2020,3187149.0
28075,"Lauderdale, MS",2021,3414640.0
28075,"Lauderdale, MS",2022,3366855.0
28075,"Lauderdale, MS",2023,3603933.0
28075,"Lauderdale, MS",2024,3760399.0
28077,"Lawrence, MS",2019,445579.0
28077,"Lawrence, MS",2020,458171.0
28077,"Lawrence, MS",2021,511154.0
28077,"Lawrence, MS",2022,527637.0
28077,"Lawrence, MS",2023,547163.0
28077,"Lawrence, MS",2024,595343.0
28079,"Leake, MS",2019,731218.0
28079,"Leake, MS",2020,739953.0
28079,"Leake, MS",2021,860009.0
28079,"Leake, MS",2022,890582.0
28079,"Leake, MS",2023,879091.0
28079,"Leake, MS",2024,963380.0
28081,"Lee, MS",2019,3689562.0
28081,"Lee, MS",2020,3926332.0
28081,"Lee, MS",2021,4388749.0
28081,"Lee, MS",2022,4306330.0
28081,"Lee, MS",2023,4468744.0
28081,"Lee, MS",2024,4674823.0
28083,"Leflore, MS",2019,1090339.0
28083,"Leflore, MS",2020,1195157.0
28083,"Leflore, MS",2021,1385665.0
28083,"Leflore, MS",2022,1307482.0
28083,"Leflore, MS",2023,1377954.0
28083,"Leflore, MS",2024,1380167.0
28085,"Lincoln, MS",2019,1360619.0
28085,"Lincoln, MS",2020,1445934.0
28085,"Lincoln, MS",2021,1560177.0
28085,"Lincoln, MS",2022,1578540.0
28085,"Lincoln, MS",2023,1671632.0
28085,"Lincoln, MS",2024,1772766.0
28087,"Lowndes, MS",2019,2373512.0
28087,"Lowndes, MS",2020,2558335.0
28087,"Lowndes, MS",2021,2797187.0
28087,"Lowndes, MS",2022,2791303.0
28087,"Lowndes, MS",2023,2936595.0
28087,"Lowndes, MS",2024,3095582.0
28089,"Madison, MS",2019,7004383.0
28089,"Madison, MS",2020,7510253.0
28089,"Madison, MS",2021,8578887.0
28089,"Madison, MS",2022,8982975.0
28089,"Madison, MS",2023,9760670.0
28089,"Madison, MS",2024,10358588.0
28091,"Marion, MS",2019,932802.0
28091,"Marion, MS",2020,960302.0
28091,"Marion, MS",2021,1004835.0
28091,"Marion, MS",2022,982774.0
28091,"Marion, MS",2023,1042243.0
28091,"Marion, MS",2024,1117459.0
28093,"Marshall, MS",2019,1235764.0
28093,"Marshall, MS",2020,1359231.0
28093,"Marshall, MS",2021,1517531.0
28093,"Marshall, MS",2022,1495340.0
28093,"Marshall, MS",2023,1584413.0
28093,"Marshall, MS",2024,1654795.0
28095,"Monroe, MS",2019,1277740.0
28095,"Monroe, MS",2020,1389901.0
28095,"Monroe, MS",2021,1515424.0
28095,"Monroe, MS",2022,1448519.0
28095,"Monroe, MS",2023,1504785.0
28095,"Monroe, MS",2024,1563666.0
28097,"Montgomery, MS",2019,341773.0
28097,"Montgomery, MS",2020,374205.0
28097,"Montgomery, MS",2021,412834.0
28097,"Montgomery, MS",2022,395301.0
28097,"Montgomery, MS",2023,416201.0
28097,"Montgomery, MS",2024,430142.0
28099,"Neshoba, MS",2019,1105457.0
28099,"Neshoba, MS",2020,1162240.0
28099,"Neshoba, MS",2021,1310083.0
28099,"Neshoba, MS",2022,1344199.0
28099,"Neshoba, MS",2023,1354348.0
28099,"Neshoba, MS",2024,1435937.0
28101,"Newton, MS",2019,755776.0
28101,"Newton, MS",2020,782628.0
28101,"Newton, MS",2021,881607.0
28101,"Newton, MS",2022,860504.0
28101,"Newton, MS",2023,878870.0
28101,"Newton, MS",2024,930848.0
28103,"Noxubee, MS",2019,359557.0
28103,"Noxubee, MS",2020,384240.0
28103,"Noxubee, MS",2021,456650.0
28103,"Noxubee, MS",2022,430182.0
28103,"Noxubee, MS",2023,453553.0
28103,"Noxubee, MS",2024,470433.0
28105,"Oktibbeha, MS",2019,1748912.0
28105,"Oktibbeha, MS",2020,1894189.0
28105,"Oktibbeha, MS",2021,2078434.0
28105,"Oktibbeha, MS",2022,2047420.0
28105,"Oktibbeha, MS",2023,2190944.0
28105,"Oktibbeha, MS",2024,2289792.0
28107,"Panola, MS",2019,1145775.0
28107,"Panola, MS",2020,1285909.0
28107,"Panola, MS",2021,1402330.0
28107,"Panola, MS",2022,1346825.0
28107,"Panola, MS",2023,1410162.0
28107,"Panola, MS",2024,1478909.0
28109,"Pearl River, MS",2019,2125515.0
28109,"Pearl River, MS",2020,2239886.0
28109,"Pearl River, MS",2021,2475752.0
28109,"Pearl River, MS",2022,2513005.0
28109,"Pearl River, MS",2023,2711726.0
28109,"Pearl River, MS",2024,2895430.0
28111,"Perry, MS",2019,387826.0
28111,"Perry, MS",2020,409297.0
28111,"Perry, MS",2021,437777.0
28111,"Perry, MS",2022,424608.0
28111,"Perry, MS",2023,465557.0
28111,"Perry, MS",2024,492498.0
28113,"Pike, MS",2019,1268046.0
28113,"Pike, MS",2020,1368051.0
28113,"Pike, MS",2021,1528573.0
28113,"Pike, MS",2022,1464134.0
28113,"Pike, MS",2023,1561844.0
28113,"Pike, MS",2024,1649920.0
28115,"Pontotoc, MS",2019,1093670.0
28115,"Pontotoc, MS",2020,1203336.0
28115,"Pontotoc, MS",2021,1350118.0
28115,"Pontotoc, MS",2022,1317241.0
28115,"Pontotoc, MS",2023,1356164.0
28115,"Pontotoc, MS",2024,1419663.0
28117,"Prentiss, MS",2019,802826.0
28117,"Prentiss, MS",2020,881827.0
28117,"Prentiss, MS",2021,963661.0
28117,"Prentiss, MS",2022,948523.0
28117,"Prentiss, MS",2023,1001003.0
28117,"Prentiss, MS",2024,1045911.0
28119,"Quitman, MS",2019,198286.0
28119,"Quitman, MS",2020,219709.0
28119,"Quitman, MS",2021,252709.0
28119,"Quitman, MS",2022,238501.0
28119,"Quitman, MS",2023,249918.0
28119,"Quitman, MS",2024,238005.0
28121,"Rankin, MS",2019,7063972.0
28121,"Rankin, MS",2020,7583123.0
28121,"Rankin, MS",2021,8374009.0
28121,"Rankin, MS",2022,8534712.0
28121,"Rankin, MS",2023,9128749.0
28121,"Rankin, MS",2024,9626779.0
28123,"Scott, MS",2019,893246.0
28123,"Scott, MS",2020,930822.0
28123,"Scott, MS",2021,1058608.0
28123,"Scott, MS",2022,1063776.0
28123,"Scott, MS",2023,1089476.0
28123,"Scott, MS",2024,1160476.0
28125,"Sharkey, MS",2019,144182.0
28125,"Sharkey, MS",2020,164131.0
28125,"Sharkey, MS",2021,195141.0
28125,"Sharkey, MS",2022,186656.0
28125,"Sharkey, MS",2023,198373.0
28125,"Sharkey, MS",2024,180157.0
28127,"Simpson, MS",2019,1006258.0
28127,"Simpson, MS",2020,1052290.0
28127,"Simpson, MS",2021,1156407.0
28127,"Simpson, MS",2022,1179564.0
28127,"Simpson, MS",2023,1234917.0
28127,"Simpson, MS",2024,1306489.0
28129,"Smith, MS",2019,571046.0
28129,"Smith, MS",2020,574120.0
28129,"Smith, MS",2021,644847.0
28129,"Smith, MS",2022,679916.0
28129,"Smith, MS",2023,673905.0
28129,"Smith, MS",2024,743610.0
28131,"Stone, MS",2019,630671.0
28131,"Stone, MS",2020,678061.0
28131,"Stone, MS",2021,740102.0
28131,"Stone, MS",2022,746613.0
28131,"Stone, MS",2023,796056.0
28131,"Stone, MS",2024,849973.0
28133,"Sunflower, MS",2019,775122.0
28133,"Sunflower, MS",2020,872421.0
28133,"Sunflower, MS",2021,965760.0
28133,"Sunflower, MS",2022,915677.0
28133,"Sunflower, MS",2023,973363.0
28133,"Sunflower, MS",2024,955446.0
28135,"Tallahatchie, MS",2019,412826.0
28135,"Tallahatchie, MS",2020,454402.0
28135,"Tallahatchie, MS",2021,531715.0
28135,"Tallahatchie, MS",2022,506403.0
28135,"Tallahatchie, MS",2023,535267.0
28135,"Tallahatchie, MS",2024,546894.0
28137,"Tate, MS",2019,1061084.0
28137,"Tate, MS",2020,1153392.0
28137,"Tate, MS",2021,1271431.0
28137,"Tate, MS",2022,1267368.0
28137,"Tate, MS",2023,1342025.0
28137,"Tate, MS",2024,1386791.0
28139,"Tippah, MS",2019,835807.0
28139,"Tippah, MS",2020,923037.0
28139,"Tippah, MS",2021,966641.0
28139,"Tippah, MS",2022,925249.0
28139,"Tippah, MS",2023,989228.0
28139,"Tippah, MS",2024,1031678.0
28141,"Tishomingo, MS",2019,680147.0
28141,"Tishomingo, MS",2020,737545.0
28141,"Tishomingo, MS",2021,788788.0
28141,"Tishomingo, MS",2022,787529.0
28141,"Tishomingo, MS",2023,845431.0
28141,"Tishomingo, MS",2024,875706.0
28143,"Tunica, MS",2019,332930.0
28143,"Tunica, MS",2020,378452.0
28143,"Tunica, MS",2021,420091.0
28143,"Tunica, MS",2022,433406.0
28143,"Tunica, MS",2023,446801.0
28143,"Tunica, MS",2024,433219.0
28145,"Union, MS",2019,978092.0
28145,"Union, MS",2020,1056930.0
28145,"Union, MS",2021,1171678.0
28145,"Union, MS",2022,1159894.0
28145,"Union, MS",2023,1198915.0
28145,"Union, MS",2024,1256617.0
28147,"Walthall, MS",2019,461591.0
28147,"Walthall, MS",2020,483774.0
28147,"Walthall, MS",2021,537877.0
28147,"Walthall, MS",2022,526454.0
28147,"Walthall, MS",2023,543741.0
28147,"Walthall, MS",2024,582305.0
28149,"Warren, MS",2019,1846551.0
28149,"Warren, MS",2020,2004916.0
28149,"Warren, MS",2021,2129279.0
28149,"Warren, MS",2022,2107448.0
28149,"Warren, MS",2023,2200565.0
28149,"Warren, MS",2024,2286030.0
28151,"Washington, MS",2019,1668237.0
28151,"Washington, MS",2020,1838952.0
28151,"Washington, MS",2021,2006187.0
28151,"Washington, MS",2022,1931103.0
28151,"Washington, MS",2023,2031736.0
28151,"Washington, MS",2024,2094467.0
28153,"Wayne, MS",2019,729320.0
28153,"Wayne, MS",2020,753994.0
28153,"Wayne, MS",2021,849744.0
28153,"Wayne, MS",2022,888741.0
28153,"Wayne, MS",2023,883583.0
28153,"Wayne, MS",2024,961107.0
28155,"Webster, MS",2019,384801.0
28155,"Webster, MS",2020,413503.0
28155,"Webster, MS",2021,452198.0
28155,"Webster, MS",2022,440772.0
28155,"Webster, MS",2023,467617.0
28155,"Webster, MS",2024,486479.0
28157,"Wilkinson, MS",2019,265208.0
28157,"Wilkinson, MS",2020,291528.0
28157,"Wilkinson, MS",2021,308579.0
28157,"Wilkinson, MS",2022,289907.0
28157,"Wilkinson, MS",2023,313868.0
28157,"Wilkinson, MS",2024,323388.0
28159,"Winston, MS",2019,647250.0
28159,"Winston, MS",2020,691289.0
28159,"Winston, MS",2021,769660.0
28159,"Winston, MS",2022,760571.0
28159,"Winston, MS",2023,804338.0
28159,"Winston, MS",2024,850202.0
28161,"Yalobusha, MS",2019,463935.0
28161,"Yalobusha, MS",2020,501795.0
28161,"Yalobusha, MS",2021,536336.0
28161,"Yalobusha, MS",2022,519611.0
28161,"Yalobusha, MS",2023,546562.0
28161,"Yalobusha, MS",2024,562610.0
28163,"Yazoo, MS",2019,829551.0
28163,"Yazoo, MS",2020,904584.0
28163,"Yazoo, MS",2021,996318.0
28163,"Yazoo, MS",2022,947175.0
28163,"Yazoo, MS",2023,1022715.0
28163,"Yazoo, MS",2024,1045441.0
29001,"Adair, MO",2019,836985.0
29001,"Adair, MO",2020,904006.0
29001,"Adair, MO",2021,956315.0
29001,"Adair, MO",2022,934612.0
29001,"Adair, MO",2023,1008866.0
29001,"Adair, MO",2024,1057510.0
29003,"Andrew, MO",2019,799669.0
29003,"Andrew, MO",2020,859176.0
29003,"Andrew, MO",2021,914889.0
29003,"Andrew, MO",2022,936632.0
29003,"Andrew, MO",2023,986203.0
29003,"Andrew, MO",2024,1023696.0
29005,"Atchison, MO",2019,236138.0
29005,"Atchison, MO",2020,264095.0
29005,"Atchison, MO",2021,281950.0
29005,"Atchison, MO",2022,293695.0
29005,"Atchison, MO",2023,290816.0
29005,"Atchison, MO",2024,277049.0
29007,"Audrain, MO",2019,945588.0
29007,"Audrain, MO",2020,1022364.0
29007,"Audrain, MO",2021,1092672.0
29007,"Audrain, MO",2022,1125209.0
29007,"Audrain, MO",2023,1191935.0
29007,"Audrain, MO",2024,1191893.0
29009,"Barry, MO",2019,1248876.0
29009,"Barry, MO",2020,1337808.0
29009,"Barry, MO",2021,1465704.0
29009,"Barry, MO",2022,1571992.0
29009,"Barry, MO",2023,1613178.0
29009,"Barry, MO",2024,1687384.0
29011,"Barton, MO",2019,419699.0
29011,"Barton, MO",2020,477492.0
29011,"Barton, MO",2021,501314.0
29011,"Barton, MO",2022,534526.0
29011,"Barton, MO",2023,555406.0
29011,"Barton, MO",2024,559363.0
29013,"Bates, MO",2019,649330.0
29013,"Bates, MO",2020,718720.0
29013,"Bates, MO",2021,767544.0
29013,"Bates, MO",2022,784556.0
29013,"Bates, MO",2023,846237.0
29013,"Bates, MO",2024,865662.0
29015,"Benton, MO",2019,751380.0
29015,"Benton, MO",2020,798449.0
29015,"Benton, MO",2021,867660.0
29015,"Benton, MO",2022,893959.0
29015,"Benton, MO",2023,954974.0
29015,"Benton, MO",2024,1001226.0
29017,"Bollinger, MO",2019,404836.0
29017,"Bollinger, MO",2020,446748.0
29017,"Bollinger, MO",2021,480003.0
29017,"Bollinger, MO",2022,485454.0
29017,"Bollinger, MO",2023,513976.0
29017,"Bollinger, MO",2024,526433.0
29019,"Boone, MO",2019,8842901.0
29019,"Boone, MO",2020,9353742.0
29019,"Boone, MO",2021,10187194.0
29019,"Boone, MO",2022,10539644.0
29019,"Boone, MO",2023,11247061.0
29019,"Boone, MO",2024,11937215.0
29021,"Buchanan, MO",2019,3459650.0
29021,"Buchanan, MO",2020,3702745.0
29021,"Buchanan, MO",2021,3922017.0
29021,"Buchanan, MO",2022,4054517.0
29021,"Buchanan, MO",2023,4363875.0
29021,"Buchanan, MO",2024,4538537.0
29023,"Butler, MO",2019,1527640.0
29023,"Butler, MO",2020,1716045.0
29023,"Butler, MO",2021,1836342.0
29023,"Butler, MO",2022,1824015.0
29023,"Butler, MO",2023,1934567.0
29023,"Butler, MO",2024,1997668.0
29025,"Caldwell, MO",2019,350029.0
29025,"Caldwell, MO",2020,376898.0
29025,"Caldwell, MO",2021,404678.0
29025,"Caldwell, MO",2022,411639.0
29025,"Caldwell, MO",2023,429187.0
29025,"Caldwell, MO",2024,438891.0
29027,"Callaway, MO",2019,1771641.0
29027,"Callaway, MO",2020,1926891.0
29027,"Callaway, MO",2021,2035074.0
29027,"Callaway, MO",2022,2100765.0
29027,"Callaway, MO",2023,2260319.0
29027,"Callaway, MO",2024,2385969.0
29029,"Camden, MO",2019,1798226.0
29029,"Camden, MO",2020,1973842.0
29029,"Camden, MO",2021,2384729.0
29029,"Camden, MO",2022,2228861.0
29029,"Camden, MO",2023,2426492.0
29029,"Camden, MO",2024,2565480.0
29031,"Cape Girardeau, MO",2019,3510689.0
29031,"Cape Girardeau, MO",2020,3789913.0
29031,"Cape Girardeau, MO",2021,4004537.0
29031,"Cape Girardeau, MO",2022,4179589.0
29031,"Cape Girardeau, MO",2023,4472154.0
29031,"Cape Girardeau, MO",2024,4624505.0
29033,"Carroll, MO",2019,404815.0
29033,"Carroll, MO",2020,430996.0
29033,"Carroll, MO",2021,480269.0
29033,"Carroll, MO",2022,509091.0
29033,"Carroll, MO",2023,528663.0
29033,"Carroll, MO",2024,522701.0
29035,"Carter, MO",2019,203510.0
29035,"Carter, MO",2020,223396.0
29035,"Carter, MO",2021,244703.0
29035,"Carter, MO",2022,247794.0
29035,"Carter, MO",2023,267769.0
29035,"Carter, MO",2024,281611.0
29037,"Cass, MO",2019,5185381.0
29037,"Cass, MO",2020,5564578.0
29037,"Cass, MO",2021,5980006.0
29037,"Cass, MO",2022,6242728.0
29037,"Cass, MO",2023,6732712.0
29037,"Cass, MO",2024,7140816.0
29039,"Cedar, MO",2019,450920.0
29039,"Cedar, MO",2020,491343.0
29039,"Cedar, MO",2021,533780.0
29039,"Cedar, MO",2022,541978.0
29039,"Cedar, MO",2023,597099.0
29039,"Cedar, MO",2024,634860.0
29041,"Chariton, MO",2019,330381.0
29041,"Chariton, MO",2020,356078.0
29041,"Chariton, MO",2021,384364.0
29041,"Chariton, MO",2022,384612.0
29041,"Chariton, MO",2023,414201.0
29041,"Chariton, MO",2024,413105.0
29043,"Christian, MO",2019,3729209.0
29043,"Christian, MO",2020,4048138.0
29043,"Christian, MO",2021,4466185.0
29043,"Christian, MO",2022,4635542.0
29043,"Christian, MO",2023,5037793.0
29043,"Christian, MO",2024,5389846.0
29045,"Clark, MO",2019,244163.0
29045,"Clark, MO",2020,273445.0
29045,"Clark, MO",2021,296335.0
29045,"Clark, MO",2022,302021.0
29045,"Clark, MO",2023,313320.0
29045,"Clark, MO",2024,309586.0
29047,"Clay, MO",2019,12324876.0
29047,"Clay, MO",2020,13419057.0
29047,"Clay, MO",2021,14295216.0
29047,"Clay, MO",2022,14590430.0
29047,"Clay, MO",2023,15546758.0
29047,"Clay, MO",2024,16363216.0
29049,"Clinton, MO",2019,895092.0
29049,"Clinton, MO",2020,978128.0
29049,"Clinton, MO",2021,1021807.0
29049,"Clinton, MO",2022,1072994.0
29049,"Clinton, MO",2023,1138915.0
29049,"Clinton, MO",2024,1187541.0
29051,"Cole, MO",2019,3733354.0
29051,"Cole, MO",2020,4005818.0
29051,"Cole, MO",2021,4230798.0
29051,"Cole, MO",2022,4389357.0
29051,"Cole, MO",2023,4719532.0
29051,"Cole, MO",2024,5014104.0
29053,"Cooper, MO",2019,699700.0
29053,"Cooper, MO",2020,762240.0
29053,"Cooper, MO",2021,833875.0
29053,"Cooper, MO",2022,860803.0
29053,"Cooper, MO",2023,920817.0
29053,"Cooper, MO",2024,952444.0
29055,"Crawford, MO",2019,856665.0
29055,"Crawford, MO",2020,921544.0
29055,"Crawford, MO",2021,1001630.0
29055,"Crawford, MO",2022,1018161.0
29055,"Crawford, MO",2023,1108621.0
29055,"Crawford, MO",2024,1153249.0
29057,"Dade, MO",2019,268078.0
29057,"Dade, MO",2020,290149.0
29057,"Dade, MO",2021,318304.0
29057,"Dade, MO",2022,341097.0
29057,"Dade, MO",2023,359054.0
29057,"Dade, MO",2024,365837.0
29059,"Dallas, MO",2019,573065.0
29059,"Dallas, MO",2020,619748.0
29059,"Dallas, MO",2021,679496.0
29059,"Dallas, MO",2022,711200.0
29059,"Dallas, MO",2023,747024.0
29059,"Dallas, MO",2024,789019.0
29061,"Daviess, MO",2019,278481.0
29061,"Daviess, MO",2020,312109.0
29061,"Daviess, MO",2021,322050.0
29061,"Daviess, MO",2022,326392.0
29061,"Daviess, MO",2023,356977.0
29061,"Daviess, MO",2024,376408.0
29063,"DeKalb, MO",2019,366586.0
29063,"DeKalb, MO",2020,398659.0
29063,"DeKalb, MO",2021,420171.0
29063,"DeKalb, MO",2022,429583.0
29063,"DeKalb, MO",2023,446288.0
29063,"DeKalb, MO",2024,459098.0
29065,"Dent, MO",2019,521502.0
29065,"Dent, MO",2020,571524.0
29065,"Dent, MO",2021,603620.0
29065,"Dent, MO",2022,612459.0
29065,"Dent, MO",2023,660186.0
29065,"Dent, MO",2024,684191.0
29067,"Douglas, MO",2019,375116.0
29067,"Douglas, MO",2020,413510.0
29067,"Douglas, MO",2021,448380.0
29067,"Douglas, MO",2022,452693.0
29067,"Douglas, MO",2023,474814.0
29067,"Douglas, MO",2024,497927.0
29069,"Dunklin, MO",2019,1033485.0
29069,"Dunklin, MO",2020,1092279.0
29069,"Dunklin, MO",2021,1221811.0
29069,"Dunklin, MO",2022,1213872.0
29069,"Dunklin, MO",2023,1279847.0
29069,"Dunklin, MO",2024,1374779.0
29071,"Franklin, MO",2019,4785969.0
29071,"Franklin, MO",2020,5139015.0
29071,"Franklin, MO",2021,5522583.0
29071,"Franklin, MO",2022,5660905.0
29071,"Franklin, MO",2023,6039593.0
29071,"Franklin, MO",2024,6335740.0
29073,"Gasconade, MO",2019,603427.0
29073,"Gasconade, MO",2020,648048.0
29073,"Gasconade, MO",2021,686976.0
29073,"Gasconade, MO",2022,698461.0
29073,"Gasconade, MO",2023,743092.0
29073,"Gasconade, MO",2024,767798.0
29075,"Gentry, MO",2019,286226.0
29075,"Gentry, MO",2020,302604.0
29075,"Gentry, MO",2021,315529.0
29075,"Gentry, MO",2022,307094.0
29075,"Gentry, MO",2023,334881.0
29075,"Gentry, MO",2024,343746.0
29077,"Greene, MO",2019,13327027.0
29077,"Greene, MO",2020,14341715.0
29077,"Greene, MO",2021,15493976.0
29077,"Greene, MO",2022,15935500.0
29077,"Greene, MO",2023,16895783.0
29077,"Greene, MO",2024,17867757.0
29079,"Grundy, MO",2019,345864.0
29079,"Grundy, MO",2020,378526.0
29079,"Grundy, MO",2021,403528.0
29079,"Grundy, MO",2022,404345.0
29079,"Grundy, MO",2023,436168.0
29079,"Grundy, MO",2024,441045.0
29081,"Harrison, MO",2019,304355.0
29081,"Harrison, MO",2020,337708.0
29081,"Harrison, MO",2021,359984.0
29081,"Harrison, MO",2022,364304.0
29081,"Harrison, MO",2023,384780.0
29081,"Harrison, MO",2024,383129.0
29083,"Henry, MO",2019,909892.0
29083,"Henry, MO",2020,996149.0
29083,"Henry, MO",2021,1083462.0
29083,"Henry, MO",2022,1115747.0
29083,"Henry, MO",2023,1185934.0
29083,"Henry, MO",2024,1252905.0
29085,"Hickory, MO",2019,276569.0
29085,"Hickory, MO",2020,308906.0
29085,"Hickory, MO",2021,339845.0
29085,"Hickory, MO",2022,340525.0
29085,"Hickory, MO",2023,372098.0
29085,"Hickory, MO",2024,394188.0
29087,"Holt, MO",2019,216152.0
29087,"Holt, MO",2020,238297.0
29087,"Holt, MO",2021,246548.0
29087,"Holt, MO",2022,266390.0
29087,"Holt, MO",2023,281333.0
29087,"Holt, MO",2024,271459.0
29089,"Howard, MO",2019,410719.0
29089,"Howard, MO",2020,446790.0
29089,"Howard, MO",2021,490303.0
29089,"Howard, MO",2022,505681.0
29089,"Howard, MO",2023,535036.0
29089,"Howard, MO",2024,552140.0
29091,"Howell, MO",2019,1405486.0
29091,"Howell, MO",2020,1529313.0
29091,"Howell, MO",2021,1624582.0
29091,"Howell, MO",2022,1674204.0
29091,"Howell, MO",2023,1800698.0
29091,"Howell, MO",2024,1874832.0
29093,"Iron, MO",2019,339909.0
29093,"Iron, MO",2020,365279.0
29093,"Iron, MO",2021,388352.0
29093,"Iron, MO",2022,393147.0
29093,"Iron, MO",2023,423782.0
29093,"Iron, MO",2024,443542.0
29095,"Jackson, MO",2019,33029784.0
29095,"Jackson, MO",2020,35513574.0
29095,"Jackson, MO",2021,37806942.0
29095,"Jackson, MO",2022,38801276.0
29095,"Jackson, MO",2023,41682568.0
29095,"Jackson, MO",2024,43735644.0
29097,"Jasper, MO",2019,4825282.0
29097,"Jasper, MO",2020,5059922.0
29097,"Jasper, MO",2021,5396794.0
29097,"Jasper, MO",2022,5570483.0
29097,"Jasper, MO",2023,5933692.0
29097,"Jasper, MO",2024,6251491.0
29099,"Jefferson, MO",2019,9903817.0
29099,"Jefferson, MO",2020,10504606.0
29099,"Jefferson, MO",2021,11405821.0
29099,"Jefferson, MO",2022,11869206.0
29099,"Jefferson, MO",2023,12650071.0
29099,"Jefferson, MO",2024,13196123.0
29101,"Johnson, MO",2019,2016156.0
29101,"Johnson, MO",2020,2154773.0
29101,"Johnson, MO",2021,2541661.0
29101,"Johnson, MO",2022,2411371.0
29101,"Johnson, MO",2023,2568619.0
29101,"Johnson, MO",2024,2705717.0
29103,"Knox, MO",2019,142377.0
29103,"Knox, MO",2020,156363.0
29103,"Knox, MO",2021,167564.0
29103,"Knox, MO",2022,171577.0
29103,"Knox, MO",2023,187047.0
29103,"Knox, MO",2024,183203.0
29105,"Laclede, MO",2019,1295315.0
29105,"Laclede, MO",2020,1409968.0
29105,"Laclede, MO",2021,1547668.0
29105,"Laclede, MO",2022,1643776.0
29105,"Laclede, MO",2023,1758173.0
29105,"Laclede, MO",2024,1819609.0
29107,"Lafayette, MO",2019,1399601.0
29107,"Lafayette, MO",2020,1520252.0
29107,"Lafayette, MO",2021,1637943.0
29107,"Lafayette, MO",2022,1701650.0
29107,"Lafayette, MO",2023,1802049.0
29107,"Lafayette, MO",2024,1856180.0
29109,"Lawrence, MO",2019,1329498.0
29109,"Lawrence, MO",2020,1410427.0
29109,"Lawrence, MO",2021,1539866.0
29109,"Lawrence, MO",2022,1574922.0
29109,"Lawrence, MO",2023,1641914.0
29109,"Lawrence, MO",2024,1722805.0
29111,"Lewis, MO",2019,351103.0
29111,"Lewis, MO",2020,386794.0
29111,"Lewis, MO",2021,413823.0
29111,"Lewis, MO",2022,424014.0
29111,"Lewis, MO",2023,443798.0
29111,"Lewis, MO",2024,453678.0
29113,"Lincoln, MO",2019,2489372.0
29113,"Lincoln, MO",2020,2659178.0
29113,"Lincoln, MO",2021,3000950.0
29113,"Lincoln, MO",2022,3141958.0
29113,"Lincoln, MO",2023,3385659.0
29113,"Lincoln, MO",2024,3562643.0
29115,"Linn, MO",2019,470911.0
29115,"Linn, MO",2020,511756.0
29115,"Linn, MO",2021,543116.0
29115,"Linn, MO",2022,542779.0
29115,"Linn, MO",2023,588557.0
29115,"Linn, MO",2024,604657.0
29117,"Livingston, MO",2019,589542.0
29117,"Livingston, MO",2020,639687.0
29117,"Livingston, MO",2021,685407.0
29117,"Livingston, MO",2022,702764.0
29117,"Livingston, MO",2023,748266.0
29117,"Livingston, MO",2024,756871.0
29119,"McDonald, MO",2019,675239.0
29119,"McDonald, MO",2020,737749.0
29119,"McDonald, MO",2021,831122.0
29119,"McDonald, MO",2022,910400.0
29119,"McDonald, MO",2023,930282.0
29119,"McDonald, MO",2024,1009094.0
29121,"Macon, MO",2019,622356.0
29121,"Macon, MO",2020,679532.0
29121,"Macon, MO",2021,732434.0
29121,"Macon, MO",2022,795488.0
29121,"Macon, MO",2023,788991.0
29121,"Macon, MO",2024,803860.0
29123,"Madison, MO",2019,452414.0
29123,"Madison, MO",2020,498493.0
29123,"Madison, MO",2021,520522.0
29123,"Madison, MO",2022,537470.0
29123,"Madison, MO",2023,574949.0
29123,"Madison, MO",2024,599631.0
29125,"Maries, MO",2019,302777.0
29125,"Maries, MO",2020,329649.0
29125,"Maries, MO",2021,349342.0
29125,"Maries, MO",2022,351234.0
29125,"Maries, MO",2023,378108.0
29125,"Maries, MO",2024,401156.0
29127,"Marion, MO",2019,1170666.0
29127,"Marion, MO",2020,1272614.0
29127,"Marion, MO",2021,1373301.0
29127,"Marion, MO",2022,1408170.0
29127,"Marion, MO",2023,1490876.0
29127,"Marion, MO",2024,1542159.0
29129,"Mercer, MO",2019,116343.0
29129,"Mercer, MO",2020,130936.0
29129,"Mercer, MO",2021,139025.0
29129,"Mercer, MO",2022,133408.0
29129,"Mercer, MO",2023,149769.0
29129,"Mercer, MO",2024,154016.0
29131,"Miller, MO",2019,926422.0
29131,"Miller, MO",2020,1019988.0
29131,"Miller, MO",2021,1097239.0
29131,"Miller, MO",2022,1110558.0
29131,"Miller, MO",2023,1211340.0
29131,"Miller, MO",2024,1278238.0
29133,"Mississippi, MO",2019,415647.0
29133,"Mississippi, MO",2020,461437.0
29133,"Mississippi, MO",2021,505044.0
29133,"Mississippi, MO",2022,495603.0
29133,"Mississippi, MO",2023,515265.0
29133,"Mississippi, MO",2024,505055.0
29135,"Moniteau, MO",2019,600981.0
29135,"Moniteau, MO",2020,672489.0
29135,"Moniteau, MO",2021,701577.0
29135,"Moniteau, MO",2022,750007.0
29135,"Moniteau, MO",2023,782491.0
29135,"Moniteau, MO",2024,830223.0
29137,"Monroe, MO",2019,354943.0
29137,"Monroe, MO",2020,382948.0
29137,"Monroe, MO",2021,420715.0
29137,"Monroe, MO",2022,429089.0
29137,"Monroe, MO",2023,489468.0
29137,"Monroe, MO",2024,484126.0
29139,"Montgomery, MO",2019,478636.0
29139,"Montgomery, MO",2020,516271.0
29139,"Montgomery, MO",2021,570354.0
29139,"Montgomery, MO",2022,584164.0
29139,"Montgomery, MO",2023,636211.0
29139,"Montgomery, MO",2024,645032.0
29141,"Morgan, MO",2019,856686.0
29141,"Morgan, MO",2020,941809.0
29141,"Morgan, MO",2021,1006091.0
29141,"Morgan, MO",2022,1047519.0
29141,"Morgan, MO",2023,1102878.0
29141,"Morgan, MO",2024,1141375.0
29143,"New Madrid, MO",2019,623135.0
29143,"New Madrid, MO",2020,690247.0
29143,"New Madrid, MO",2021,796576.0
29143,"New Madrid, MO",2022,814182.0
29143,"New Madrid, MO",2023,806256.0
29143,"New Madrid, MO",2024,825381.0
29145,"Newton, MO",2019,2301760.0
29145,"Newton, MO",2020,2452884.0
29145,"Newton, MO",2021,2691873.0
29145,"Newton, MO",2022,2817984.0
29145,"Newton, MO",2023,2944539.0
29145,"Newton, MO",2024,3088259.0
29147,"Nodaway, MO",2019,715735.0
29147,"Nodaway, MO",2020,802686.0
29147,"Nodaway, MO",2021,844280.0
29147,"Nodaway, MO",2022,864858.0
29147,"Nodaway, MO",2023,915054.0
29147,"Nodaway, MO",2024,925935.0
29149,"Oregon, MO",2019,322140.0
29149,"Oregon, MO",2020,347104.0
29149,"Oregon, MO",2021,375930.0
29149,"Oregon, MO",2022,380110.0
29149,"Oregon, MO",2023,410363.0
29149,"Oregon, MO",2024,424896.0
29151,"Osage, MO",2019,608254.0
29151,"Osage, MO",2020,643556.0
29151,"Osage, MO",2021,704898.0
29151,"Osage, MO",2022,717315.0
29151,"Osage, MO",2023,765276.0
29151,"Osage, MO",2024,801602.0
29153,"Ozark, MO",2019,287942.0
29153,"Ozark, MO",2020,318297.0
29153,"Ozark, MO",2021,352706.0
29153,"Ozark, MO",2022,364013.0
29153,"Ozark, MO",2023,383665.0
29153,"Ozark, MO",2024,398122.0
29155,"Pemiscot, MO",2019,570587.0
29155,"Pemiscot, MO",2020,625744.0
29155,"Pemiscot, MO",2021,710299.0
29155,"Pemiscot, MO",2022,700643.0
29155,"Pemiscot, MO",2023,740028.0
29155,"Pemiscot, MO",2024,776454.0
29157,"Perry, MO",2019,799442.0
29157,"Perry, MO",2020,869630.0
29157,"Perry, MO",2021,922589.0
29157,"Perry, MO",2022,937638.0
29157,"Perry, MO",2023,1010350.0
29157,"Perry, MO",2024,1057990.0
29159,"Pettis, MO",2019,1609975.0
29159,"Pettis, MO",2020,1741399.0
29159,"Pettis, MO",2021,1895726.0
29159,"Pettis, MO",2022,1968033.0
29159,"Pettis, MO",2023,2068405.0
29159,"Pettis, MO",2024,2142682.0
29161,"Phelps, MO",2019,1753255.0
29161,"Phelps, MO",2020,1885470.0
29161,"Phelps, MO",2021,1981811.0
29161,"Phelps, MO",2022,2023153.0
29161,"Phelps, MO",2023,2159073.0
29161,"Phelps, MO",2024,2260987.0
29163,"Pike, MO",2019,649885.0
29163,"Pike, MO",2020,691182.0
29163,"Pike, MO",2021,730894.0
29163,"Pike, MO",2022,742492.0
29163,"Pike, MO",2023,801200.0
29163,"Pike, MO",2024,814896.0
29165,"Platte, MO",2019,6115329.0
29165,"Platte, MO",2020,6519150.0
29165,"Platte, MO",2021,7215942.0
29165,"Platte, MO",2022,7588166.0
29165,"Platte, MO",2023,8120314.0
29165,"Platte, MO",2024,8559213.0
29167,"Polk, MO",2019,1130677.0
29167,"Polk, MO",2020,1218355.0
29167,"Polk, MO",2021,1340734.0
29167,"Polk, MO",2022,1413977.0
29167,"Polk, MO",2023,1489331.0
29167,"Polk, MO",2024,1560007.0
29169,"Pulaski, MO",2019,2206635.0
29169,"Pulaski, MO",2020,2371692.0
29169,"Pulaski, MO",2021,2442141.0
29169,"Pulaski, MO",2022,2396237.0
29169,"Pulaski, MO",2023,2572350.0
29169,"Pulaski, MO",2024,2716551.0
29171,"Putnam, MO",2019,171965.0
29171,"Putnam, MO",2020,189735.0
29171,"Putnam, MO",2021,206306.0
29171,"Putnam, MO",2022,202359.0
29171,"Putnam, MO",2023,228293.0
29171,"Putnam, MO",2024,230100.0
29173,"Ralls, MO",2019,411796.0
29173,"Ralls, MO",2020,460560.0
29173,"Ralls, MO",2021,489611.0
29173,"Ralls, MO",2022,500039.0
29173,"Ralls, MO",2023,545261.0
29173,"Ralls, MO",2024,542584.0
29175,"Randolph, MO",2019,969347.0
29175,"Randolph, MO",2020,1079255.0
29175,"Randolph, MO",2021,1188747.0
29175,"Randolph, MO",2022,1269281.0
29175,"Randolph, MO",2023,1310962.0
29175,"Randolph, MO",2024,1365915.0
29177,"Ray, MO",2019,987745.0
29177,"Ray, MO",2020,1046658.0
29177,"Ray, MO",2021,1113831.0
29177,"Ray, MO",2022,1134272.0
29177,"Ray, MO",2023,1201823.0
29177,"Ray, MO",2024,1248319.0
29179,"Reynolds, MO",2019,217029.0
29179,"Reynolds, MO",2020,233350.0
29179,"Reynolds, MO",2021,253962.0
29179,"Reynolds, MO",2022,242584.0
29179,"Reynolds, MO",2023,253987.0
29179,"Reynolds, MO",2024,258274.0
29181,"Ripley, MO",2019,415747.0
29181,"Ripley, MO",2020,452428.0
29181,"Ripley, MO",2021,483107.0
29181,"Ripley, MO",2022,485500.0
29181,"Ripley, MO",2023,519183.0
29181,"Ripley, MO",2024,536408.0
29183,"St. Charles, MO",2019,22210290.0
29183,"St. Charles, MO",2020,23600051.0
29183,"St. Charles, MO",2021,25800431.0
29183,"St. Charles, MO",2022,26799361.0
29183,"St. Charles, MO",2023,28832818.0
29183,"St. Charles, MO",2024,30488621.0
29185,"St. Clair, MO",2019,285901.0
29185,"St. Clair, MO",2020,320248.0
29185,"St. Clair, MO",2021,351821.0
29185,"St. Clair, MO",2022,357350.0
29185,"St. Clair, MO",2023,400819.0
29185,"St. Clair, MO",2024,403763.0
29186,"Ste. Genevieve, MO",2019,754023.0
29186,"Ste. Genevieve, MO",2020,814414.0
29186,"Ste. Genevieve, MO",2021,878204.0
29186,"Ste. Genevieve, MO",2022,883387.0
29186,"Ste. Genevieve, MO",2023,953785.0
29186,"Ste. Genevieve, MO",2024,1015045.0
29187,"St. Francois, MO",2019,2355708.0
29187,"St. Francois, MO",2020,2537399.0
29187,"St. Francois, MO",2021,2779640.0
29187,"St. Francois, MO",2022,2843678.0
29187,"St. Francois, MO",2023,3062043.0
29187,"St. Francois, MO",2024,3180480.0
29189,"St. Louis, MO",2019,72229801.0
29189,"St. Louis, MO",2020,79222077.0
29189,"St. Louis, MO",2021,89802078.0
29189,"St. Louis, MO",2022,92386183.0
29189,"St. Louis, MO",2023,99878490.0
29189,"St. Louis, MO",2024,104033931.0
29195,"Saline, MO",2019,871514.0
29195,"Saline, MO",2020,976600.0
29195,"Saline, MO",2021,1054384.0
29195,"Saline, MO",2022,1115331.0
29195,"Saline, MO",2023,1191313.0
29195,"Saline, MO",2024,1198067.0
29197,"Schuyler, MO",2019,136249.0
29197,"Schuyler, MO",2020,150588.0
29197,"Schuyler, MO",2021,163409.0
29197,"Schuyler, MO",2022,166811.0
29197,"Schuyler, MO",2023,185406.0
29197,"Schuyler, MO",2024,191597.0
29199,"Scotland, MO",2019,174835.0
29199,"Scotland, MO",2020,196977.0
29199,"Scotland, MO",2021,224046.0
29199,"Scotland, MO",2022,239109.0
29199,"Scotland, MO",2023,259561.0
29199,"Scotland, MO",2024,257661.0
29201,"Scott, MO",2019,1565056.0
29201,"Scott, MO",2020,1699899.0
29201,"Scott, MO",2021,1860425.0
29201,"Scott, MO",2022,1901934.0
29201,"Scott, MO",2023,2013558.0
29201,"Scott, MO",2024,2057910.0
29203,"Shannon, MO",2019,248267.0
29203,"Shannon, MO",2020,275866.0
29203,"Shannon, MO",2021,295128.0
29203,"Shannon, MO",2022,291527.0
29203,"Shannon, MO",2023,316885.0
29203,"Shannon, MO",2024,332673.0
29205,"Shelby, MO",2019,237338.0
29205,"Shelby, MO",2020,266982.0
29205,"Shelby, MO",2021,294395.0
29205,"Shelby, MO",2022,299310.0
29205,"Shelby, MO",2023,318884.0
29205,"Shelby, MO",2024,316506.0
29207,"Stoddard, MO",2019,1078590.0
29207,"Stoddard, MO",2020,1151744.0
29207,"Stoddard, MO",2021,1310725.0
29207,"Stoddard, MO",2022,1340569.0
29207,"Stoddard, MO",2023,1368270.0
29207,"Stoddard, MO",2024,1418733.0
29209,"Stone, MO",2019,1269791.0
29209,"Stone, MO",2020,1366401.0
29209,"Stone, MO",2021,1500319.0
29209,"Stone, MO",2022,1564284.0
29209,"Stone, MO",2023,1705132.0
29209,"Stone, MO",2024,1805094.0
29211,"Sullivan, MO",2019,239456.0
29211,"Sullivan, MO",2020,274937.0
29211,"Sullivan, MO",2021,274089.0
29211,"Sullivan, MO",2022,262436.0
29211,"Sullivan, MO",2023,303319.0
29211,"Sullivan, MO",2024,303969.0
29213,"Taney, MO",2019,2100328.0
29213,"Taney, MO",2020,2232429.0
29213,"Taney, MO",2021,2520562.0
29213,"Taney, MO",2022,2590713.0
29213,"Taney, MO",2023,2792708.0
29213,"Taney, MO",2024,2948378.0
29215,"Texas, MO",2019,752394.0
29215,"Texas, MO",2020,840497.0
29215,"Texas, MO",2021,917842.0
29215,"Texas, MO",2022,931405.0
29215,"Texas, MO",2023,1000805.0
29215,"Texas, MO",2024,1058423.0
29217,"Vernon, MO",2019,722203.0
29217,"Vernon, MO",2020,791641.0
29217,"Vernon, MO",2021,846713.0
29217,"Vernon, MO",2022,872515.0
29217,"Vernon, MO",2023,946407.0
29217,"Vernon, MO",2024,949836.0
29219,"Warren, MO",2019,1554775.0
29219,"Warren, MO",2020,1657032.0
29219,"Warren, MO",2021,1836663.0
29219,"Warren, MO",2022,1909287.0
29219,"Warren, MO",2023,2053181.0
29219,"Warren, MO",2024,2168022.0
29221,"Washington, MO",2019,757835.0
29221,"Washington, MO",2020,818127.0
29221,"Washington, MO",2021,880915.0
29221,"Washington, MO",2022,887150.0
29221,"Washington, MO",2023,951011.0
29221,"Washington, MO",2024,995285.0
29223,"Wayne, MO",2019,396100.0
29223,"Wayne, MO",2020,431181.0
29223,"Wayne, MO",2021,459358.0
29223,"Wayne, MO",2022,454704.0
29223,"Wayne, MO",2023,496996.0
29223,"Wayne, MO",2024,523367.0
29225,"Webster, MO",2019,1341991.0
29225,"Webster, MO",2020,1454880.0
29225,"Webster, MO",2021,1646080.0
29225,"Webster, MO",2022,1689930.0
29225,"Webster, MO",2023,1830847.0
29225,"Webster, MO",2024,1959033.0
29227,"Worth, MO",2019,74712.0
29227,"Worth, MO",2020,83018.0
29227,"Worth, MO",2021,84129.0
29227,"Worth, MO",2022,83045.0
29227,"Worth, MO",2023,92796.0
29227,"Worth, MO",2024,92133.0
29229,"Wright, MO",2019,597474.0
29229,"Wright, MO",2020,659320.0
29229,"Wright, MO",2021,728643.0
29229,"Wright, MO",2022,740967.0
29229,"Wright, MO",2023,784964.0
29229,"Wright, MO",2024,835076.0
29510,"St. Louis (Independent City), MO",2019,14614431.0
29510,"St. Louis (Independent City), MO",2020,15409752.0
29510,"St. Louis (Independent City), MO",2021,16164525.0
29510,"St. Louis (Independent City), MO",2022,16920577.0
29510,"St. Louis (Independent City), MO",2023,17995738.0
29510,"St. Louis (Independent City), MO",2024,18629362.0
30001,"Beaverhead, MT",2019,450379.0
30001,"Beaverhead, MT",2020,496854.0
30001,"Beaverhead, MT",2021,557638.0
30001,"Beaverhead, MT",2022,572646.0
30001,"Beaverhead, MT",2023,601075.0
30001,"Beaverhead, MT",2024,621228.0
30003,"Big Horn, MT",2019,415337.0
30003,"Big Horn, MT",2020,468176.0
30003,"Big Horn, MT",2021,471885.0
30003,"Big Horn, MT",2022,491841.0
30003,"Big Horn, MT",2023,500532.0
30003,"Big Horn, MT",2024,510791.0
30005,"Blaine, MT",2019,204301.0
30005,"Blaine, MT",2020,229178.0
30005,"Blaine, MT",2021,237241.0
30005,"Blaine, MT",2022,265077.0
30005,"Blaine, MT",2023,268967.0
30005,"Blaine, MT",2024,259236.0
30007,"Broadwater, MT",2019,287190.0
30007,"Broadwater, MT",2020,322820.0
30007,"Broadwater, MT",2021,373861.0
30007,"Broadwater, MT",2022,406769.0
30007,"Broadwater, MT",2023,448509.0
30007,"Broadwater, MT",2024,473390.0
30009,"Carbon, MT",2019,568708.0
30009,"Carbon, MT",2020,613209.0
30009,"Carbon, MT",2021,708399.0
30009,"Carbon, MT",2022,728777.0
30009,"Carbon, MT",2023,791259.0
30009,"Carbon, MT",2024,820367.0
30011,"Carter, MT",2019,49477.0
30011,"Carter, MT",2020,58784.0
30011,"Carter, MT",2021,57098.0
30011,"Carter, MT",2022,64063.0
30011,"Carter, MT",2023,64150.0
30011,"Carter, MT",2024,74628.0
30013,"Cascade, MT",2019,3943508.0
30013,"Cascade, MT",2020,4254773.0
30013,"Cascade, MT",2021,4659022.0
30013,"Cascade, MT",2022,4879369.0
30013,"Cascade, MT",2023,5101318.0
30013,"Cascade, MT",2024,5398043.0
30015,"Chouteau, MT",2019,228940.0
30015,"Chouteau, MT",2020,272063.0
30015,"Chouteau, MT",2021,238594.0
30015,"Chouteau, MT",2022,333313.0
30015,"Chouteau, MT",2023,341213.0
30015,"Chouteau, MT",2024,305102.0
30017,"Custer, MT",2019,528846.0
30017,"Custer, MT",2020,568125.0
30017,"Custer, MT",2021,602493.0
30017,"Custer, MT",2022,647118.0
30017,"Custer, MT",2023,658406.0
30017,"Custer, MT",2024,705221.0
30019,"Daniels, MT",2019,80979.0
30019,"Daniels, MT",2020,94718.0
30019,"Daniels, MT",2021,98742.0
30019,"Daniels, MT",2022,106790.0
30019,"Daniels, MT",2023,98377.0
30019,"Daniels, MT",2024,99692.0
30021,"Dawson, MT",2019,399591.0
30021,"Dawson, MT",2020,414009.0
30021,"Dawson, MT",2021,432801.0
30021,"Dawson, MT",2022,452434.0
30021,"Dawson, MT",2023,466863.0
30021,"Dawson, MT",2024,482357.0
30023,"Deer Lodge, MT",2019,377173.0
30023,"Deer Lodge, MT",2020,410349.0
30023,"Deer Lodge, MT",2021,449352.0
30023,"Deer Lodge, MT",2022,464513.0
30023,"Deer Lodge, MT",2023,500667.0
30023,"Deer Lodge, MT",2024,526000.0
30025,"Fallon, MT",2019,141847.0
30025,"Fallon, MT",2020,146686.0
30025,"Fallon, MT",2021,151454.0
30025,"Fallon, MT",2022,157177.0
30025,"Fallon, MT",2023,166684.0
30025,"Fallon, MT",2024,171937.0
30027,"Fergus, MT",2019,497617.0
30027,"Fergus, MT",2020,523289.0
30027,"Fergus, MT",2021,571055.0
30027,"Fergus, MT",2022,627756.0
30027,"Fergus, MT",2023,656288.0
30027,"Fergus, MT",2024,673779.0
30029,"Flathead, MT",2019,5207869.0
30029,"Flathead, MT",2020,5824685.0
30029,"Flathead, MT",2021,6749090.0
30029,"Flathead, MT",2022,7324723.0
30029,"Flathead, MT",2023,7924726.0
30029,"Flathead, MT",2024,8456962.0
30031,"Gallatin, MT",2019,6903641.0
30031,"Gallatin, MT",2020,7649298.0
30031,"Gallatin, MT",2021,9356356.0
30031,"Gallatin, MT",2022,10318425.0
30031,"Gallatin, MT",2023,11311107.0
30031,"Gallatin, MT",2024,12009228.0
30033,"Garfield, MT",2019,41181.0
30033,"Garfield, MT",2020,49353.0
30033,"Garfield, MT",2021,45314.0
30033,"Garfield, MT",2022,62300.0
30033,"Garfield, MT",2023,60597.0
30033,"Garfield, MT",2024,53706.0
30035,"Glacier, MT",2019,513686.0
30035,"Glacier, MT",2020,565313.0
30035,"Glacier, MT",2021,572217.0
30035,"Glacier, MT",2022,631270.0
30035,"Glacier, MT",2023,669121.0
30035,"Glacier, MT",2024,666654.0
30037,"Golden Valley, MT",2019,41056.0
30037,"Golden Valley, MT",2020,46189.0
30037,"Golden Valley, MT",2021,54570.0
30037,"Golden Valley, MT",2022,46287.0
30037,"Golden Valley, MT",2023,51051.0
30037,"Golden Valley, MT",2024,51122.0
30039,"Granite, MT",2019,151788.0
30039,"Granite, MT",2020,169823.0
30039,"Granite, MT",2021,204113.0
30039,"Granite, MT",2022,181487.0
30039,"Granite, MT",2023,196396.0
30039,"Granite, MT",2024,209845.0
30041,"Hill, MT",2019,749606.0
30041,"Hill, MT",2020,801149.0
30041,"Hill, MT",2021,840437.0
30041,"Hill, MT",2022,878927.0
30041,"Hill, MT",2023,924756.0
30041,"Hill, MT",2024,918074.0
30043,"Jefferson, MT",2019,607894.0
30043,"Jefferson, MT",2020,654826.0
30043,"Jefferson, MT",2021,740066.0
30043,"Jefferson, MT",2022,778108.0
30043,"Jefferson, MT",2023,848092.0
30043,"Jefferson, MT",2024,908604.0
30045,"Judith Basin, MT",2019,96773.0
30045,"Judith Basin, MT",2020,107226.0
30045,"Judith Basin, MT",2021,96988.0
30045,"Judith Basin, MT",2022,124521.0
30045,"Judith Basin, MT",2023,125931.0
30045,"Judith Basin, MT",2024,124788.0
30047,"Lake, MT",2019,1229489.0
30047,"Lake, MT",2020,1357003.0
30047,"Lake, MT",2021,1537315.0
30047,"Lake, MT",2022,1555875.0
30047,"Lake, MT",2023,1691602.0
30047,"Lake, MT",2024,1796341.0
30049,"Lewis and Clark, MT",2019,3516553.0
30049,"Lewis and Clark, MT",2020,3828060.0
30049,"Lewis and Clark, MT",2021,4260069.0
30049,"Lewis and Clark, MT",2022,4374447.0
30049,"Lewis and Clark, MT",2023,4771652.0
30049,"Lewis and Clark, MT",2024,5062987.0
30051,"Liberty, MT",2019,111459.0
30051,"Liberty, MT",2020,123412.0
30051,"Liberty, MT",2021,111400.0
30051,"Liberty, MT",2022,138718.0
30051,"Liberty, MT",2023,149163.0
30051,"Liberty, MT",2024,131588.0
30053,"Lincoln, MT",2019,753969.0
30053,"Lincoln, MT",2020,828345.0
30053,"Lincoln, MT",2021,934142.0
30053,"Lincoln, MT",2022,982737.0
30053,"Lincoln, MT",2023,1039634.0
30053,"Lincoln, MT",2024,1113540.0
30055,"McCone, MT",2019,64780.0
30055,"McCone, MT",2020,75338.0
30055,"McCone, MT",2021,92071.0
30055,"McCone, MT",2022,93170.0
30055,"McCone, MT",2023,84761.0
30055,"McCone, MT",2024,78344.0
30057,"Madison, MT",2019,559010.0
30057,"Madison, MT",2020,588564.0
30057,"Madison, MT",2021,716038.0
30057,"Madison, MT",2022,664149.0
30057,"Madison, MT",2023,728469.0
30057,"Madison, MT",2024,769618.0
30059,"Meagher, MT",2019,83761.0
30059,"Meagher, MT",2020,92241.0
30059,"Meagher, MT",2021,95997.0
30059,"Meagher, MT",2022,111078.0
30059,"Meagher, MT",2023,120547.0
30059,"Meagher, MT",2024,125445.0
30061,"Mineral, MT",2019,182230.0
30061,"Mineral, MT",2020,201720.0
30061,"Mineral, MT",2021,228617.0
30061,"Mineral, MT",2022,225025.0
30061,"Mineral, MT",2023,248342.0
30061,"Mineral, MT",2024,264799.0
30063,"Missoula, MT",2019,6216581.0
30063,"Missoula, MT",2020,6837657.0
30063,"Missoula, MT",2021,7484293.0
30063,"Missoula, MT",2022,7845599.0
30063,"Missoula, MT",2023,8563378.0
30063,"Missoula, MT",2024,9095732.0
30065,"Musselshell, MT",2019,208197.0
30065,"Musselshell, MT",2020,226018.0
30065,"Musselshell, MT",2021,244970.0
30065,"Musselshell, MT",2022,255061.0
30065,"Musselshell, MT",2023,269791.0
30065,"Musselshell, MT",2024,283960.0
30067,"Park, MT",2019,861713.0
30067,"Park, MT",2020,920581.0
30067,"Park, MT",2021,1071223.0
30067,"Park, MT",2022,1116369.0
30067,"Park, MT",2023,1235730.0
30067,"Park, MT",2024,1286060.0
30069,"Petroleum, MT",2019,16934.0
30069,"Petroleum, MT",2020,18799.0
30069,"Petroleum, MT",2021,17138.0
30069,"Petroleum, MT",2022,21106.0
30069,"Petroleum, MT",2023,21933.0
30069,"Petroleum, MT",2024,22156.0
30071,"Phillips, MT",2019,163574.0
30071,"Phillips, MT",2020,178669.0
30071,"Phillips, MT",2021,185017.0
30071,"Phillips, MT",2022,197054.0
30071,"Phillips, MT",2023,199710.0
30071,"Phillips, MT",2024,194479.0
30073,"Pondera, MT",2019,292337.0
30073,"Pondera, MT",2020,331429.0
30073,"Pondera, MT",2021,327364.0
30073,"Pondera, MT",2022,379327.0
30073,"Pondera, MT",2023,416791.0
30073,"Pondera, MT",2024,401267.0
30075,"Powder River, MT",2019,57394.0
30075,"Powder River, MT",2020,69252.0
30075,"Powder River, MT",2021,66801.0
30075,"Powder River, MT",2022,78776.0
30075,"Powder River, MT",2023,80263.0
30075,"Powder River, MT",2024,89339.0
30077,"Powell, MT",2019,313761.0
30077,"Powell, MT",2020,349894.0
30077,"Powell, MT",2021,371218.0
30077,"Powell, MT",2022,348367.0
30077,"Powell, MT",2023,391099.0
30077,"Powell, MT",2024,402395.0
30079,"Prairie, MT",2019,50118.0
30079,"Prairie, MT",2020,55331.0
30079,"Prairie, MT",2021,55487.0
30079,"Prairie, MT",2022,62993.0
30079,"Prairie, MT",2023,64554.0
30079,"Prairie, MT",2024,68484.0
30081,"Ravalli, MT",2019,2152662.0
30081,"Ravalli, MT",2020,2307909.0
30081,"Ravalli, MT",2021,2695780.0
30081,"Ravalli, MT",2022,2815422.0
30081,"Ravalli, MT",2023,3105267.0
30081,"Ravalli, MT",2024,3293794.0
30083,"Richland, MT",2019,674326.0
30083,"Richland, MT",2020,678655.0
30083,"Richland, MT",2021,702033.0
30083,"Richland, MT",2022,763195.0
30083,"Richland, MT",2023,807277.0
30083,"Richland, MT",2024,843734.0
30085,"Roosevelt, MT",2019,397323.0
30085,"Roosevelt, MT",2020,426551.0
30085,"Roosevelt, MT",2021,466106.0
30085,"Roosevelt, MT",2022,467274.0
30085,"Roosevelt, MT",2023,468866.0
30085,"Roosevelt, MT",2024,471693.0
30087,"Rosebud, MT",2019,401286.0
30087,"Rosebud, MT",2020,424816.0
30087,"Rosebud, MT",2021,432489.0
30087,"Rosebud, MT",2022,439862.0
30087,"Rosebud, MT",2023,449745.0
30087,"Rosebud, MT",2024,475602.0
30089,"Sanders, MT",2019,450557.0
30089,"Sanders, MT",2020,508494.0
30089,"Sanders, MT",2021,580417.0
30089,"Sanders, MT",2022,581885.0
30089,"Sanders, MT",2023,645622.0
30089,"Sanders, MT",2024,683481.0
30091,"Sheridan, MT",2019,166907.0
30091,"Sheridan, MT",2020,188494.0
30091,"Sheridan, MT",2021,203285.0
30091,"Sheridan, MT",2022,193644.0
30091,"Sheridan, MT",2023,191161.0
30091,"Sheridan, MT",2024,197259.0
30093,"Silver Bow, MT",2019,1674918.0
30093,"Silver Bow, MT",2020,1762921.0
30093,"Silver Bow, MT",2021,1960806.0
30093,"Silver Bow, MT",2022,2069138.0
30093,"Silver Bow, MT",2023,2161535.0
30093,"Silver Bow, MT",2024,2249490.0
30095,"Stillwater, MT",2019,520048.0
30095,"Stillwater, MT",2020,560953.0
30095,"Stillwater, MT",2021,618879.0
30095,"Stillwater, MT",2022,601029.0
30095,"Stillwater, MT",2023,642613.0
30095,"Stillwater, MT",2024,677700.0
30097,"Sweet Grass, MT",2019,188579.0
30097,"Sweet Grass, MT",2020,196853.0
30097,"Sweet Grass, MT",2021,216384.0
30097,"Sweet Grass, MT",2022,212797.0
30097,"Sweet Grass, MT",2023,238397.0
30097,"Sweet Grass, MT",2024,249964.0
30099,"Teton, MT",2019,297439.0
30099,"Teton, MT",2020,330912.0
30099,"Teton, MT",2021,333559.0
30099,"Teton, MT",2022,379786.0
30099,"Teton, MT",2023,396635.0
30099,"Teton, MT",2024,390407.0
30101,"Toole, MT",2019,246323.0
30101,"Toole, MT",2020,277671.0
30101,"Toole, MT",2021,262760.0
30101,"Toole, MT",2022,310637.0
30101,"Toole, MT",2023,341467.0
30101,"Toole, MT",2024,326990.0
30103,"Treasure, MT",2019,38676.0
30103,"Treasure, MT",2020,43998.0
30103,"Treasure, MT",2021,37088.0
30103,"Treasure, MT",2022,42614.0
30103,"Treasure, MT",2023,46088.0
30103,"Treasure, MT",2024,46123.0
30105,"Valley, MT",2019,347103.0
30105,"Valley, MT",2020,375901.0
30105,"Valley, MT",2021,451469.0
30105,"Valley, MT",2022,464822.0
30105,"Valley, MT",2023,450771.0
30105,"Valley, MT",2024,445578.0
30107,"Wheatland, MT",2019,80501.0
30107,"Wheatland, MT",2020,93463.0
30107,"Wheatland, MT",2021,101657.0
30107,"Wheatland, MT",2022,105916.0
30107,"Wheatland, MT",2023,113001.0
30107,"Wheatland, MT",2024,113099.0
30109,"Wibaux, MT",2019,39312.0
30109,"Wibaux, MT",2020,41638.0
30109,"Wibaux, MT",2021,46897.0
30109,"Wibaux, MT",2022,44263.0
30109,"Wibaux, MT",2023,43010.0
30109,"Wibaux, MT",2024,46338.0
30111,"Yellowstone, MT",2019,8557098.0
30111,"Yellowstone, MT",2020,9199034.0
30111,"Yellowstone, MT",2021,10362024.0
30111,"Yellowstone, MT",2022,11180647.0
30111,"Yellowstone, MT",2023,11915440.0
30111,"Yellowstone, MT",2024,12523013.0
31001,"Adams, NE",2019,1560690.0
31001,"Adams, NE",2020,1654977.0
31001,"Adams, NE",2021,1841114.0
31001,"Adams, NE",2022,1957387.0
31001,"Adams, NE",2023,2106102.0
31001,"Adams, NE",2024,2152524.0
31003,"Antelope, NE",2019,368637.0
31003,"Antelope, NE",2020,443807.0
31003,"Antelope, NE",2021,489381.0
31003,"Antelope, NE",2022,444447.0
31003,"Antelope, NE",2023,476687.0
31003,"Antelope, NE",2024,431940.0
31005,"Arthur, NE",2019,21522.0
31005,"Arthur, NE",2020,23588.0
31005,"Arthur, NE",2021,25362.0
31005,"Arthur, NE",2022,23161.0
31005,"Arthur, NE",2023,31210.0
31005,"Arthur, NE",2024,30253.0
31007,"Banner, NE",2019,39554.0
31007,"Banner, NE",2020,44301.0
31007,"Banner, NE",2021,51189.0
31007,"Banner, NE",2022,47394.0
31007,"Banner, NE",2023,54350.0
31007,"Banner, NE",2024,46001.0
31009,"Blaine, NE",2019,25538.0
31009,"Blaine, NE",2020,30563.0
31009,"Blaine, NE",2021,29652.0
31009,"Blaine, NE",2022,25953.0
31009,"Blaine, NE",2023,35492.0
31009,"Blaine, NE",2024,35449.0
31011,"Boone, NE",2019,314225.0
31011,"Boone, NE",2020,341953.0
31011,"Boone, NE",2021,415399.0
31011,"Boone, NE",2022,356127.0
31011,"Boone, NE",2023,436626.0
31011,"Boone, NE",2024,384660.0
31013,"Box Butte, NE",2019,532912.0
31013,"Box Butte, NE",2020,569667.0
31013,"Box Butte, NE",2021,607980.0
31013,"Box Butte, NE",2022,609398.0
31013,"Box Butte, NE",2023,638925.0
31013,"Box Butte, NE",2024,650444.0
31015,"Boyd, NE",2019,107196.0
31015,"Boyd, NE",2020,110754.0
31015,"Boyd, NE",2021,138876.0
31015,"Boyd, NE",2022,136393.0
31015,"Boyd, NE",2023,134521.0
31015,"Boyd, NE",2024,122959.0
31017,"Brown, NE",2019,167196.0
31017,"Brown, NE",2020,190988.0
31017,"Brown, NE",2021,199601.0
31017,"Brown, NE",2022,177047.0
31017,"Brown, NE",2023,208282.0
31017,"Brown, NE",2024,190712.0
31019,"Buffalo, NE",2019,2761134.0
31019,"Buffalo, NE",2020,3083326.0
31019,"Buffalo, NE",2021,3917871.0
31019,"Buffalo, NE",2022,3459555.0
31019,"Buffalo, NE",2023,3715526.0
31019,"Buffalo, NE",2024,3718059.0
31021,"Burt, NE",2019,317049.0
31021,"Burt, NE",2020,342603.0
31021,"Burt, NE",2021,394767.0
31021,"Burt, NE",2022,373769.0
31021,"Burt, NE",2023,417029.0
31021,"Burt, NE",2024,413596.0
31023,"Butler, NE",2019,408750.0
31023,"Butler, NE",2020,447175.0
31023,"Butler, NE",2021,538484.0
31023,"Butler, NE",2022,560791.0
31023,"Butler, NE",2023,602579.0
31023,"Butler, NE",2024,597622.0
31025,"Cass, NE",2019,1401941.0
31025,"Cass, NE",2020,1511527.0
31025,"Cass, NE",2021,1712802.0
31025,"Cass, NE",2022,1727329.0
31025,"Cass, NE",2023,1832913.0
31025,"Cass, NE",2024,1877597.0
31027,"Cedar, NE",2019,428099.0
31027,"Cedar, NE",2020,475842.0
31027,"Cedar, NE",2021,576038.0
31027,"Cedar, NE",2022,544969.0
31027,"Cedar, NE",2023,595108.0
31027,"Cedar, NE",2024,548932.0
31029,"Chase, NE",2019,235146.0
31029,"Chase, NE",2020,275898.0
31029,"Chase, NE",2021,286854.0
31029,"Chase, NE",2022,278592.0
31029,"Chase, NE",2023,303517.0
31029,"Chase, NE",2024,282321.0
31031,"Cherry, NE",2019,256699.0
31031,"Cherry, NE",2020,296800.0
31031,"Cherry, NE",2021,316259.0
31031,"Cherry, NE",2022,312688.0
31031,"Cherry, NE",2023,378545.0
31031,"Cherry, NE",2024,381750.0
31033,"Cheyenne, NE",2019,449977.0
31033,"Cheyenne, NE",2020,470642.0
31033,"Cheyenne, NE",2021,516678.0
31033,"Cheyenne, NE",2022,486848.0
31033,"Cheyenne, NE",2023,514146.0
31033,"Cheyenne, NE",2024,530257.0
31035,"Clay, NE",2019,326162.0
31035,"Clay, NE",2020,359574.0
31035,"Clay, NE",2021,415773.0
31035,"Clay, NE",2022,385049.0
31035,"Clay, NE",2023,431456.0
31035,"Clay, NE",2024,408858.0
31037,"Colfax, NE",2019,468162.0
31037,"Colfax, NE",2020,529698.0
31037,"Colfax, NE",2021,613312.0
31037,"Colfax, NE",2022,599648.0
31037,"Colfax, NE",2023,632061.0
31037,"Colfax, NE",2024,618781.0
31039,"Cuming, NE",2019,590373.0
31039,"Cuming, NE",2020,674894.0
31039,"Cuming, NE",2021,702073.0
31039,"Cuming, NE",2022,671136.0
31039,"Cuming, NE",2023,797106.0
31039,"Cuming, NE",2024,720298.0
31041,"Custer, NE",2019,527607.0
31041,"Custer, NE",2020,601626.0
31041,"Custer, NE",2021,651833.0
31041,"Custer, NE",2022,615473.0
31041,"Custer, NE",2023,705328.0
31041,"Custer, NE",2024,668980.0
31043,"Dakota, NE",2019,874891.0
31043,"Dakota, NE",2020,921729.0
31043,"Dakota, NE",2021,1067129.0
31043,"Dakota, NE",2022,1244588.0
31043,"Dakota, NE",2023,1358446.0
31043,"Dakota, NE",2024,1356698.0
31045,"Dawes, NE",2019,325863.0
31045,"Dawes, NE",2020,362013.0
31045,"Dawes, NE",2021,394122.0
31045,"Dawes, NE",2022,381145.0
31045,"Dawes, NE",2023,411259.0
31045,"Dawes, NE",2024,427778.0
31047,"Dawson, NE",2019,1067105.0
31047,"Dawson, NE",2020,1176907.0
31047,"Dawson, NE",2021,1275465.0
31047,"Dawson, NE",2022,1243222.0
31047,"Dawson, NE",2023,1329571.0
31047,"Dawson, NE",2024,1355295.0
31049,"Deuel, NE",2019,73765.0
31049,"Deuel, NE",2020,80870.0
31049,"Deuel, NE",2021,89676.0
31049,"Deuel, NE",2022,89589.0
31049,"Deuel, NE",2023,89621.0
31049,"Deuel, NE",2024,87452.0
31051,"Dixon, NE",2019,254892.0
31051,"Dixon, NE",2020,283282.0
31051,"Dixon, NE",2021,326683.0
31051,"Dixon, NE",2022,319637.0
31051,"Dixon, NE",2023,349440.0
31051,"Dixon, NE",2024,334128.0
31053,"Dodge, NE",2019,1764354.0
31053,"Dodge, NE",2020,1875097.0
31053,"Dodge, NE",2021,2122983.0
31053,"Dodge, NE",2022,2290243.0
31053,"Dodge, NE",2023,2313136.0
31053,"Dodge, NE",2024,2366581.0
31055,"Douglas, NE",2019,35983413.0
31055,"Douglas, NE",2020,37569042.0
31055,"Douglas, NE",2021,41103246.0
31055,"Douglas, NE",2022,45086973.0
31055,"Douglas, NE",2023,49437531.0
31055,"Douglas, NE",2024,51604811.0
31057,"Dundy, NE",2019,118508.0
31057,"Dundy, NE",2020,143118.0
31057,"Dundy, NE",2021,152089.0
31057,"Dundy, NE",2022,157330.0
31057,"Dundy, NE",2023,170450.0
31057,"Dundy, NE",2024,155829.0
31059,"Fillmore, NE",2019,313678.0
31059,"Fillmore, NE",2020,344140.0
31059,"Fillmore, NE",2021,393352.0
31059,"Fillmore, NE",2022,414156.0
31059,"Fillmore, NE",2023,451581.0
31059,"Fillmore, NE",2024,436678.0
31061,"Franklin, NE",2019,153248.0
31061,"Franklin, NE",2020,175685.0
31061,"Franklin, NE",2021,218044.0
31061,"Franklin, NE",2022,174346.0
31061,"Franklin, NE",2023,198828.0
31061,"Franklin, NE",2024,181141.0
31063,"Frontier, NE",2019,102394.0
31063,"Frontier, NE",2020,117494.0
31063,"Frontier, NE",2021,150122.0
31063,"Frontier, NE",2022,146717.0
31063,"Frontier, NE",2023,155269.0
31063,"Frontier, NE",2024,122877.0
31065,"Furnas, NE",2019,215757.0
31065,"Furnas, NE",2020,235004.0
31065,"Furnas, NE",2021,283679.0
31065,"Furnas, NE",2022,279784.0
31065,"Furnas, NE",2023,308700.0
31065,"Furnas, NE",2024,256154.0
31067,"Gage, NE",2019,1057122.0
31067,"Gage, NE",2020,1110181.0
31067,"Gage, NE",2021,1330069.0
31067,"Gage, NE",2022,1618176.0
31067,"Gage, NE",2023,1739394.0
31067,"Gage, NE",2024,1755760.0
31069,"Garden, NE",2019,88195.0
31069,"Garden, NE",2020,96450.0
31069,"Garden, NE",2021,103742.0
31069,"Garden, NE",2022,106633.0
31069,"Garden, NE",2023,116303.0
31069,"Garden, NE",2024,112119.0
31071,"Garfield, NE",2019,85388.0
31071,"Garfield, NE",2020,92452.0
31071,"Garfield, NE",2021,101635.0
31071,"Garfield, NE",2022,90827.0
31071,"Garfield, NE",2023,107653.0
31071,"Garfield, NE",2024,103642.0
31073,"Gosper, NE",2019,97678.0
31073,"Gosper, NE",2020,114224.0
31073,"Gosper, NE",2021,128152.0
31073,"Gosper, NE",2022,125383.0
31073,"Gosper, NE",2023,135048.0
31073,"Gosper, NE",2024,125511.0
31075,"Grant, NE",2019,30275.0
31075,"Grant, NE",2020,33304.0
31075,"Grant, NE",2021,34068.0
31075,"Grant, NE",2022,29071.0
31075,"Grant, NE",2023,34210.0
31075,"Grant, NE",2024,35231.0
31077,"Greeley, NE",2019,117890.0
31077,"Greeley, NE",2020,131243.0
31077,"Greeley, NE",2021,157175.0
31077,"Greeley, NE",2022,146989.0
31077,"Greeley, NE",2023,172993.0
31077,"Greeley, NE",2024,164734.0
31079,"Hall, NE",2019,2716656.0
31079,"Hall, NE",2020,2934238.0
31079,"Hall, NE",2021,3308920.0
31079,"Hall, NE",2022,3465094.0
31079,"Hall, NE",2023,3726616.0
31079,"Hall, NE",2024,3870581.0
31081,"Hamilton, NE",2019,501861.0
31081,"Hamilton, NE",2020,571220.0
31081,"Hamilton, NE",2021,639543.0
31081,"Hamilton, NE",2022,642324.0
31081,"Hamilton, NE",2023,712157.0
31081,"Hamilton, NE",2024,695562.0
31083,"Harlan, NE",2019,180238.0
31083,"Harlan, NE",2020,191916.0
31083,"Harlan, NE",2021,211928.0
31083,"Harlan, NE",2022,197218.0
31083,"Harlan, NE",2023,236271.0
31083,"Harlan, NE",2024,221444.0
31085,"Hayes, NE",2019,60421.0
31085,"Hayes, NE",2020,78456.0
31085,"Hayes, NE",2021,77341.0
31085,"Hayes, NE",2022,71262.0
31085,"Hayes, NE",2023,78683.0
31085,"Hayes, NE",2024,61510.0
31087,"Hitchcock, NE",2019,109707.0
31087,"Hitchcock, NE",2020,127360.0
31087,"Hitchcock, NE",2021,162735.0
31087,"Hitchcock, NE",2022,168220.0
31087,"Hitchcock, NE",2023,169832.0
31087,"Hitchcock, NE",2024,146421.0
31089,"Holt, NE",2019,535443.0
31089,"Holt, NE",2020,598562.0
31089,"Holt, NE",2021,698711.0
31089,"Holt, NE",2022,647015.0
31089,"Holt, NE",2023,706701.0
31089,"Holt, NE",2024,678139.0
31091,"Hooker, NE",2019,32675.0
31091,"Hooker, NE",2020,32839.0
31091,"Hooker, NE",2021,34441.0
31091,"Hooker, NE",2022,31951.0
31091,"Hooker, NE",2023,36018.0
31091,"Hooker, NE",2024,36467.0
31093,"Howard, NE",2019,304436.0
31093,"Howard, NE",2020,340878.0
31093,"Howard, NE",2021,378681.0
31093,"Howard, NE",2022,370853.0
31093,"Howard, NE",2023,405890.0
31093,"Howard, NE",2024,395022.0
31095,"Jefferson, NE",2019,342380.0
31095,"Jefferson, NE",2020,358733.0
31095,"Jefferson, NE",2021,415622.0
31095,"Jefferson, NE",2022,398423.0
31095,"Jefferson, NE",2023,435135.0
31095,"Jefferson, NE",2024,431487.0
31097,"Johnson, NE",2019,185333.0
31097,"Johnson, NE",2020,199600.0
31097,"Johnson, NE",2021,233487.0
31097,"Johnson, NE",2022,232679.0
31097,"Johnson, NE",2023,239490.0
31097,"Johnson, NE",2024,238799.0
31099,"Kearney, NE",2019,383181.0
31099,"Kearney, NE",2020,409171.0
31099,"Kearney, NE",2021,489504.0
31099,"Kearney, NE",2022,518765.0
31099,"Kearney, NE",2023,704763.0
31099,"Kearney, NE",2024,672710.0
31101,"Keith, NE",2019,375674.0
31101,"Keith, NE",2020,417776.0
31101,"Keith, NE",2021,460602.0
31101,"Keith, NE",2022,454527.0
31101,"Keith, NE",2023,486436.0
31101,"Keith, NE",2024,485074.0
31103,"Keya Paha, NE",2019,41865.0
31103,"Keya Paha, NE",2020,51101.0
31103,"Keya Paha, NE",2021,54265.0
31103,"Keya Paha, NE",2022,47112.0
31103,"Keya Paha, NE",2023,53758.0
31103,"Keya Paha, NE",2024,53174.0
31105,"Kimball, NE",2019,159266.0
31105,"Kimball, NE",2020,174837.0
31105,"Kimball, NE",2021,192749.0
31105,"Kimball, NE",2022,205274.0
31105,"Kimball, NE",2023,210122.0
31105,"Kimball, NE",2024,211704.0
31107,"Knox, NE",2019,399587.0
31107,"Knox, NE",2020,448135.0
31107,"Knox, NE",2021,507127.0
31107,"Knox, NE",2022,520371.0
31107,"Knox, NE",2023,548348.0
31107,"Knox, NE",2024,538356.0
31109,"Lancaster, NE",2019,16155889.0
31109,"Lancaster, NE",2020,17281699.0
31109,"Lancaster, NE",2021,19259594.0
31109,"Lancaster, NE",2022,20083730.0
31109,"Lancaster, NE",2023,21501285.0
31109,"Lancaster, NE",2024,22725186.0
31111,"Lincoln, NE",2019,1728872.0
31111,"Lincoln, NE",2020,1831768.0
31111,"Lincoln, NE",2021,2120173.0
31111,"Lincoln, NE",2022,2239535.0
31111,"Lincoln, NE",2023,2425137.0
31111,"Lincoln, NE",2024,2393872.0
31113,"Logan, NE",2019,36431.0
31113,"Logan, NE",2020,39208.0
31113,"Logan, NE",2021,40264.0
31113,"Logan, NE",2022,39779.0
31113,"Logan, NE",2023,45095.0
31113,"Logan, NE",2024,43909.0
31115,"Loup, NE",2019,36032.0
31115,"Loup, NE",2020,37882.0
31115,"Loup, NE",2021,39593.0
31115,"Loup, NE",2022,35904.0
31115,"Loup, NE",2023,45383.0
31115,"Loup, NE",2024,43901.0
31117,"McPherson, NE",2019,22049.0
31117,"McPherson, NE",2020,27460.0
31117,"McPherson, NE",2021,26434.0
31117,"McPherson, NE",2022,23683.0
31117,"McPherson, NE",2023,32813.0
31117,"McPherson, NE",2024,28021.0
31119,"Madison, NE",2019,1810933.0
31119,"Madison, NE",2020,1893174.0
31119,"Madison, NE",2021,2165788.0
31119,"Madison, NE",2022,2253627.0
31119,"Madison, NE",2023,2362956.0
31119,"Madison, NE",2024,2427362.0
31121,"Merrick, NE",2019,370614.0
31121,"Merrick, NE",2020,401748.0
31121,"Merrick, NE",2021,447384.0
31121,"Merrick, NE",2022,458413.0
31121,"Merrick, NE",2023,507655.0
31121,"Merrick, NE",2024,508684.0
31123,"Morrill, NE",2019,264458.0
31123,"Morrill, NE",2020,300925.0
31123,"Morrill, NE",2021,324183.0
31123,"Morrill, NE",2022,316680.0
31123,"Morrill, NE",2023,378667.0
31123,"Morrill, NE",2024,357941.0
31125,"Nance, NE",2019,134880.0
31125,"Nance, NE",2020,151887.0
31125,"Nance, NE",2021,189495.0
31125,"Nance, NE",2022,171255.0
31125,"Nance, NE",2023,203950.0
31125,"Nance, NE",2024,175509.0
31127,"Nemaha, NE",2019,336790.0
31127,"Nemaha, NE",2020,353038.0
31127,"Nemaha, NE",2021,413223.0
31127,"Nemaha, NE",2022,404688.0
31127,"Nemaha, NE",2023,424951.0
31127,"Nemaha, NE",2024,422719.0
31129,"Nuckolls, NE",2019,218027.0
31129,"Nuckolls, NE",2020,237160.0
31129,"Nuckolls, NE",2021,285564.0
31129,"Nuckolls, NE",2022,268757.0
31129,"Nuckolls, NE",2023,339837.0
31129,"Nuckolls, NE",2024,300355.0
31131,"Otoe, NE",2019,873460.0
31131,"Otoe, NE",2020,880287.0
31131,"Otoe, NE",2021,977472.0
31131,"Otoe, NE",2022,951915.0
31131,"Otoe, NE",2023,1019150.0
31131,"Otoe, NE",2024,1038291.0
31133,"Pawnee, NE",2019,116733.0
31133,"Pawnee, NE",2020,131950.0
31133,"Pawnee, NE",2021,156406.0
31133,"Pawnee, NE",2022,146968.0
31133,"Pawnee, NE",2023,160647.0
31133,"Pawnee, NE",2024,139042.0
31135,"Perkins, NE",2019,185313.0
31135,"Perkins, NE",2020,211903.0
31135,"Perkins, NE",2021,260703.0
31135,"Perkins, NE",2022,285533.0
31135,"Perkins, NE",2023,258070.0
31135,"Perkins, NE",2024,229161.0
31137,"Phelps, NE",2019,489022.0
31137,"Phelps, NE",2020,546323.0
31137,"Phelps, NE",2021,598472.0
31137,"Phelps, NE",2022,565089.0
31137,"Phelps, NE",2023,654357.0
31137,"Phelps, NE",2024,647621.0
31139,"Pierce, NE",2019,402991.0
31139,"Pierce, NE",2020,441130.0
31139,"Pierce, NE",2021,556439.0
31139,"Pierce, NE",2022,716298.0
31139,"Pierce, NE",2023,890398.0
31139,"Pierce, NE",2024,826756.0
31141,"Platte, NE",2019,1652863.0
31141,"Platte, NE",2020,1755338.0
31141,"Platte, NE",2021,1984635.0
31141,"Platte, NE",2022,1985546.0
31141,"Platte, NE",2023,2159596.0
31141,"Platte, NE",2024,2182548.0
31143,"Polk, NE",2019,280045.0
31143,"Polk, NE",2020,300314.0
31143,"Polk, NE",2021,360820.0
31143,"Polk, NE",2022,357620.0
31143,"Polk, NE",2023,402433.0
31143,"Polk, NE",2024,391966.0
31145,"Red Willow, NE",2019,498426.0
31145,"Red Willow, NE",2020,540782.0
31145,"Red Willow, NE",2021,589403.0
31145,"Red Willow, NE",2022,587694.0
31145,"Red Willow, NE",2023,638331.0
31145,"Red Willow, NE",2024,625446.0
31147,"Richardson, NE",2019,387421.0
31147,"Richardson, NE",2020,417713.0
31147,"Richardson, NE",2021,473971.0
31147,"Richardson, NE",2022,449156.0
31147,"Richardson, NE",2023,471316.0
31147,"Richardson, NE",2024,468275.0
31149,"Rock, NE",2019,82148.0
31149,"Rock, NE",2020,95629.0
31149,"Rock, NE",2021,102608.0
31149,"Rock, NE",2022,97814.0
31149,"Rock, NE",2023,120937.0
31149,"Rock, NE",2024,114419.0
31151,"Saline, NE",2019,613919.0
31151,"Saline, NE",2020,647364.0
31151,"Saline, NE",2021,761711.0
31151,"Saline, NE",2022,757636.0
31151,"Saline, NE",2023,819381.0
31151,"Saline, NE",2024,821681.0
31153,"Sarpy, NE",2019,9778031.0
31153,"Sarpy, NE",2020,10436622.0
31153,"Sarpy, NE",2021,11657011.0
31153,"Sarpy, NE",2022,12353039.0
31153,"Sarpy, NE",2023,13144911.0
31153,"Sarpy, NE",2024,13896954.0
31155,"Saunders, NE",2019,1169899.0
31155,"Saunders, NE",2020,1272235.0
31155,"Saunders, NE",2021,1480640.0
31155,"Saunders, NE",2022,1543474.0
31155,"Saunders, NE",2023,1669359.0
31155,"Saunders, NE",2024,1684803.0
31157,"Scotts Bluff, NE",2019,1655243.0
31157,"Scotts Bluff, NE",2020,1785457.0
31157,"Scotts Bluff, NE",2021,1882437.0
31157,"Scotts Bluff, NE",2022,1898980.0
31157,"Scotts Bluff, NE",2023,2055730.0
31157,"Scotts Bluff, NE",2024,2151176.0
31159,"Seward, NE",2019,898975.0
31159,"Seward, NE",2020,964284.0
31159,"Seward, NE",2021,1074218.0
31159,"Seward, NE",2022,1112773.0
31159,"Seward, NE",2023,1196121.0
31159,"Seward, NE",2024,1223994.0
31161,"Sheridan, NE",2019,257597.0
31161,"Sheridan, NE",2020,290005.0
31161,"Sheridan, NE",2021,331850.0
31161,"Sheridan, NE",2022,320379.0
31161,"Sheridan, NE",2023,335741.0
31161,"Sheridan, NE",2024,340011.0
31163,"Sherman, NE",2019,133669.0
31163,"Sherman, NE",2020,146463.0
31163,"Sherman, NE",2021,180628.0
31163,"Sherman, NE",2022,170692.0
31163,"Sherman, NE",2023,194762.0
31163,"Sherman, NE",2024,173160.0
31165,"Sioux, NE",2019,66943.0
31165,"Sioux, NE",2020,77068.0
31165,"Sioux, NE",2021,87322.0
31165,"Sioux, NE",2022,82044.0
31165,"Sioux, NE",2023,98469.0
31165,"Sioux, NE",2024,94015.0
31167,"Stanton, NE",2019,277453.0
31167,"Stanton, NE",2020,308103.0
31167,"Stanton, NE",2021,361486.0
31167,"Stanton, NE",2022,349490.0
31167,"Stanton, NE",2023,388385.0
31167,"Stanton, NE",2024,356906.0
31169,"Thayer, NE",2019,268813.0
31169,"Thayer, NE",2020,300595.0
31169,"Thayer, NE",2021,339851.0
31169,"Thayer, NE",2022,309683.0
31169,"Thayer, NE",2023,352698.0
31169,"Thayer, NE",2024,341348.0
31171,"Thomas, NE",2019,37828.0
31171,"Thomas, NE",2020,40682.0
31171,"Thomas, NE",2021,43072.0
31171,"Thomas, NE",2022,44064.0
31171,"Thomas, NE",2023,44773.0
31171,"Thomas, NE",2024,45460.0
31173,"Thurston, NE",2019,284635.0
31173,"Thurston, NE",2020,329857.0
31173,"Thurston, NE",2021,381949.0
31173,"Thurston, NE",2022,374349.0
31173,"Thurston, NE",2023,444271.0
31173,"Thurston, NE",2024,397444.0
31175,"Valley, NE",2019,212650.0
31175,"Valley, NE",2020,243204.0
31175,"Valley, NE",2021,269649.0
31175,"Valley, NE",2022,270175.0
31175,"Valley, NE",2023,306192.0
31175,"Valley, NE",2024,287905.0
31177,"Washington, NE",2019,1173845.0
31177,"Washington, NE",2020,1274872.0
31177,"Washington, NE",2021,1451300.0
31177,"Washington, NE",2022,1469767.0
31177,"Washington, NE",2023,1556453.0
31177,"Washington, NE",2024,1607052.0
31179,"Wayne, NE",2019,414857.0
31179,"Wayne, NE",2020,450752.0
31179,"Wayne, NE",2021,518177.0
31179,"Wayne, NE",2022,533914.0
31179,"Wayne, NE",2023,575851.0
31179,"Wayne, NE",2024,544924.0
31181,"Webster, NE",2019,178941.0
31181,"Webster, NE",2020,193869.0
31181,"Webster, NE",2021,200007.0
31181,"Webster, NE",2022,192354.0
31181,"Webster, NE",2023,228014.0
31181,"Webster, NE",2024,209325.0
31183,"Wheeler, NE",2019,58646.0
31183,"Wheeler, NE",2020,57209.0
31183,"Wheeler, NE",2021,52227.0
31183,"Wheeler, NE",2022,45656.0
31183,"Wheeler, NE",2023,61436.0
31183,"Wheeler, NE",2024,51460.0
31185,"York, NE",2019,688885.0
31185,"York, NE",2020,760834.0
31185,"York, NE",2021,873258.0
31185,"York, NE",2022,911389.0
31185,"York, NE",2023,973796.0
31185,"York, NE",2024,949025.0
32001,"Churchill, NV",2019,1147542.0
32001,"Churchill, NV",2020,1280477.0
32001,"Churchill, NV",2021,1420441.0
32001,"Churchill, NV",2022,1402636.0
32001,"Churchill, NV",2023,1479881.0
32001,"Churchill, NV",2024,1559405.0
32003,"Clark, NV",2019,112818461.0
32003,"Clark, NV",2020,119811262.0
32003,"Clark, NV",2021,134148300.0
32003,"Clark, NV",2022,140056736.0
32003,"Clark, NV",2023,150811022.0
32003,"Clark, NV",2024,160608036.0
32005,"Douglas, NV",2019,3738331.0
32005,"Douglas, NV",2020,4158513.0
32005,"Douglas, NV",2021,4740376.0
32005,"Douglas, NV",2022,4747743.0
32005,"Douglas, NV",2023,5144037.0
32005,"Douglas, NV",2024,5426545.0
32007,"Elko, NV",2019,2530825.0
32007,"Elko, NV",2020,2702812.0
32007,"Elko, NV",2021,2902324.0
32007,"Elko, NV",2022,2928101.0
32007,"Elko, NV",2023,3068909.0
32007,"Elko, NV",2024,3203607.0
32009,"Esmeralda, NV",2019,36754.0
32009,"Esmeralda, NV",2020,35657.0
32009,"Esmeralda, NV",2021,49429.0
32009,"Esmeralda, NV",2022,45821.0
32009,"Esmeralda, NV",2023,48228.0
32009,"Esmeralda, NV",2024,46624.0
32011,"Eureka, NV",2019,88954.0
32011,"Eureka, NV",2020,87533.0
32011,"Eureka, NV",2021,94148.0
32011,"Eureka, NV",2022,98639.0
32011,"Eureka, NV",2023,97342.0
32011,"Eureka, NV",2024,98330.0
32013,"Humboldt, NV",2019,818357.0
32013,"Humboldt, NV",2020,881016.0
32013,"Humboldt, NV",2021,954277.0
32013,"Humboldt, NV",2022,940731.0
32013,"Humboldt, NV",2023,990750.0
32013,"Humboldt, NV",2024,1033080.0
32015,"Lander, NV",2019,381081.0
32015,"Lander, NV",2020,393419.0
32015,"Lander, NV",2021,424676.0
32015,"Lander, NV",2022,447599.0
32015,"Lander, NV",2023,460163.0
32015,"Lander, NV",2024,482991.0
32017,"Lincoln, NV",2019,207737.0
32017,"Lincoln, NV",2020,218468.0
32017,"Lincoln, NV",2021,233997.0
32017,"Lincoln, NV",2022,223704.0
32017,"Lincoln, NV",2023,229975.0
32017,"Lincoln, NV",2024,249285.0
32019,"Lyon, NV",2019,2347096.0
32019,"Lyon, NV",2020,2599674.0
32019,"Lyon, NV",2021,2856584.0
32019,"Lyon, NV",2022,2959268.0
32019,"Lyon, NV",2023,3119484.0
32019,"Lyon, NV",2024,3330057.0
32021,"Mineral, NV",2019,188725.0
32021,"Mineral, NV",2020,214901.0
32021,"Mineral, NV",2021,225482.0
32021,"Mineral, NV",2022,209403.0
32021,"Mineral, NV",2023,218916.0
32021,"Mineral, NV",2024,228867.0
32023,"Nye, NV",2019,1878785.0
32023,"Nye, NV",2020,2056772.0
32023,"Nye, NV",2021,2297317.0
32023,"Nye, NV",2022,2311815.0
32023,"Nye, NV",2023,2490240.0
32023,"Nye, NV",2024,2679731.0
32027,"Pershing, NV",2019,219620.0
32027,"Pershing, NV",2020,245217.0
32027,"Pershing, NV",2021,268925.0
32027,"Pershing, NV",2022,264424.0
32027,"Pershing, NV",2023,275763.0
32027,"Pershing, NV",2024,300042.0
32029,"Storey, NV",2019,247391.0
32029,"Storey, NV",2020,279491.0
32029,"Storey, NV",2021,325143.0
32029,"Storey, NV",2022,314378.0
32029,"Storey, NV",2023,320670.0
32029,"Storey, NV",2024,343330.0
32031,"Washoe, NV",2019,29384156.0
32031,"Washoe, NV",2020,31723243.0
32031,"Washoe, NV",2021,37166521.0
32031,"Washoe, NV",2022,38274434.0
32031,"Washoe, NV",2023,41351421.0
32031,"Washoe, NV",2024,43950273.0
32033,"White Pine, NV",2019,444104.0
32033,"White Pine, NV",2020,485689.0
32033,"White Pine, NV",2021,524166.0
32033,"White Pine, NV",2022,510451.0
32033,"White Pine, NV",2023,540597.0
32033,"White Pine, NV",2024,587917.0
32510,"Carson City (Independent City), NV",2019,2915056.0
32510,"Carson City (Independent City), NV",2020,3273392.0
32510,"Carson City (Independent City), NV",2021,3500801.0
32510,"Carson City (Independent City), NV",2022,3490672.0
32510,"Carson City (Independent City), NV",2023,3745265.0
32510,"Carson City (Independent City), NV",2024,3958488.0
33001,"Belknap, NH",2019,4012001.0
33001,"Belknap, NH",2020,4330336.0
33001,"Belknap, NH",2021,4629700.0
33001,"Belknap, NH",2022,4901638.0
33001,"Belknap, NH",2023,5278113.0
33001,"Belknap, NH",2024,5566741.0
33003,"Carroll, NH",2019,3074591.0
33003,"Carroll, NH",2020,3323765.0
33003,"Carroll, NH",2021,3656810.0
33003,"Carroll, NH",2022,3874849.0
33003,"Carroll, NH",2023,4231226.0
33003,"Carroll, NH",2024,4488438.0
33005,"Cheshire, NH",2019,4033744.0
33005,"Cheshire, NH",2020,4404081.0
33005,"Cheshire, NH",2021,5039863.0
33005,"Cheshire, NH",2022,4975696.0
33005,"Cheshire, NH",2023,5207082.0
33005,"Cheshire, NH",2024,5504411.0
33007,"Coos, NH",2019,1406490.0
33007,"Coos, NH",2020,1538569.0
33007,"Coos, NH",2021,1663430.0
33007,"Coos, NH",2022,1674774.0
33007,"Coos, NH",2023,1775796.0
33007,"Coos, NH",2024,1886071.0
33009,"Grafton, NH",2019,5874709.0
33009,"Grafton, NH",2020,6250858.0
33009,"Grafton, NH",2021,6777294.0
33009,"Grafton, NH",2022,6999670.0
33009,"Grafton, NH",2023,7596297.0
33009,"Grafton, NH",2024,7990027.0
33011,"Hillsborough, NH",2019,26420864.0
33011,"Hillsborough, NH",2020,27881979.0
33011,"Hillsborough, NH",2021,31773635.0
33011,"Hillsborough, NH",2022,31131001.0
33011,"Hillsborough, NH",2023,32837169.0
33011,"Hillsborough, NH",2024,34640677.0
33013,"Merrimack, NH",2019,9114781.0
33013,"Merrimack, NH",2020,9796581.0
33013,"Merrimack, NH",2021,10385422.0
33013,"Merrimack, NH",2022,10964315.0
33013,"Merrimack, NH",2023,11675545.0
33013,"Merrimack, NH",2024,12337889.0
33015,"Rockingham, NH",2019,24467799.0
33015,"Rockingham, NH",2020,25624271.0
33015,"Rockingham, NH",2021,27964679.0
33015,"Rockingham, NH",2022,29495231.0
33015,"Rockingham, NH",2023,30692178.0
33015,"Rockingham, NH",2024,32312940.0
33017,"Strafford, NH",2019,6962399.0
33017,"Strafford, NH",2020,7477989.0
33017,"Strafford, NH",2021,7981577.0
33017,"Strafford, NH",2022,8357819.0
33017,"Strafford, NH",2023,8816797.0
33017,"Strafford, NH",2024,9297255.0
33019,"Sullivan, NH",2019,2356761.0
33019,"Sullivan, NH",2020,2525391.0
33019,"Sullivan, NH",2021,2790916.0
33019,"Sullivan, NH",2022,2835839.0
33019,"Sullivan, NH",2023,3038429.0
33019,"Sullivan, NH",2024,3195810.0
34001,"Atlantic, NJ",2019,13468820.0
34001,"Atlantic, NJ",2020,14965883.0
34001,"Atlantic, NJ",2021,15875419.0
34001,"Atlantic, NJ",2022,15771609.0
34001,"Atlantic, NJ",2023,16686493.0
34001,"Atlantic, NJ",2024,17636369.0
34003,"Bergen, NJ",2019,82919122.0
34003,"Bergen, NJ",2020,84184720.0
34003,"Bergen, NJ",2021,90545481.0
34003,"Bergen, NJ",2022,91972629.0
34003,"Bergen, NJ",2023,98714052.0
34003,"Bergen, NJ",2024,103942322.0
34005,"Burlington, NJ",2019,28329002.0
34005,"Burlington, NJ",2020,30020644.0
34005,"Burlington, NJ",2021,32419514.0
34005,"Burlington, NJ",2022,33094170.0
34005,"Burlington, NJ",2023,35232620.0
34005,"Burlington, NJ",2024,37195463.0
34007,"Camden, NJ",2019,27871083.0
34007,"Camden, NJ",2020,29682584.0
34007,"Camden, NJ",2021,32128843.0
34007,"Camden, NJ",2022,32535048.0
34007,"Camden, NJ",2023,34455364.0
34007,"Camden, NJ",2024,36195828.0
34009,"Cape May, NJ",2019,5936527.0
34009,"Cape May, NJ",2020,6466636.0
34009,"Cape May, NJ",2021,7040739.0
34009,"Cape May, NJ",2022,6999056.0
34009,"Cape May, NJ",2023,7403391.0
34009,"Cape May, NJ",2024,7735268.0
34011,"Cumberland, NJ",2019,6210397.0
34011,"Cumberland, NJ",2020,6753078.0
34011,"Cumberland, NJ",2021,7370963.0
34011,"Cumberland, NJ",2022,7224327.0
34011,"Cumberland, NJ",2023,7555675.0
34011,"Cumberland, NJ",2024,7915069.0
34013,"Essex, NJ",2019,54229086.0
34013,"Essex, NJ",2020,57983897.0
34013,"Essex, NJ",2021,64062613.0
34013,"Essex, NJ",2022,64968559.0
34013,"Essex, NJ",2023,68987847.0
34013,"Essex, NJ",2024,73053210.0
34015,"Gloucester, NJ",2019,16618003.0
34015,"Gloucester, NJ",2020,17739717.0
34015,"Gloucester, NJ",2021,19036882.0
34015,"Gloucester, NJ",2022,19213771.0
34015,"Gloucester, NJ",2023,20237128.0
34015,"Gloucester, NJ",2024,21323961.0
34017,"Hudson, NJ",2019,46321004.0
34017,"Hudson, NJ",2020,46872190.0
34017,"Hudson, NJ",2021,51564881.0
34017,"Hudson, NJ",2022,53541900.0
34017,"Hudson, NJ",2023,57639320.0
34017,"Hudson, NJ",2024,60966556.0
34019,"Hunterdon, NJ",2019,11555814.0
34019,"Hunterdon, NJ",2020,11837151.0
34019,"Hunterdon, NJ",2021,12780972.0
34019,"Hunterdon, NJ",2022,12953689.0
34019,"Hunterdon, NJ",2023,13755437.0
34019,"Hunterdon, NJ",2024,14487623.0
34021,"Mercer, NJ",2019,26853461.0
34021,"Mercer, NJ",2020,27683372.0
34021,"Mercer, NJ",2021,29769846.0
34021,"Mercer, NJ",2022,30546321.0
34021,"Mercer, NJ",2023,32357470.0
34021,"Mercer, NJ",2024,34142514.0
34023,"Middlesex, NJ",2019,52444288.0
34023,"Middlesex, NJ",2020,55460497.0
34023,"Middlesex, NJ",2021,60505584.0
34023,"Middlesex, NJ",2022,61432362.0
34023,"Middlesex, NJ",2023,65225783.0
34023,"Middlesex, NJ",2024,68799825.0
34025,"Monmouth, NJ",2019,52401867.0
34025,"Monmouth, NJ",2020,54462184.0
34025,"Monmouth, NJ",2021,59005378.0
34025,"Monmouth, NJ",2022,60938353.0
34025,"Monmouth, NJ",2023,64810945.0
34025,"Monmouth, NJ",2024,67916526.0
34027,"Morris, NJ",2019,49160524.0
34027,"Morris, NJ",2020,50281168.0
34027,"Morris, NJ",2021,54978736.0
34027,"Morris, NJ",2022,55811024.0
34027,"Morris, NJ",2023,59530345.0
34027,"Morris, NJ",2024,62616260.0
34029,"Ocean, NJ",2019,33206486.0
34029,"Ocean, NJ",2020,36029793.0
34029,"Ocean, NJ",2021,38720134.0
34029,"Ocean, NJ",2022,38443427.0
34029,"Ocean, NJ",2023,40648296.0
34029,"Ocean, NJ",2024,42716507.0
34031,"Passaic, NJ",2019,26163584.0
34031,"Passaic, NJ",2020,28230463.0
34031,"Passaic, NJ",2021,30271027.0
34031,"Passaic, NJ",2022,29467427.0
34031,"Passaic, NJ",2023,31180753.0
34031,"Passaic, NJ",2024,32849009.0
34033,"Salem, NJ",2019,3132863.0
34033,"Salem, NJ",2020,3369035.0
34033,"Salem, NJ",2021,3611750.0
34033,"Salem, NJ",2022,3580765.0
34033,"Salem, NJ",2023,3770874.0
34033,"Salem, NJ",2024,3952467.0
34035,"Somerset, NJ",2019,34083461.0
34035,"Somerset, NJ",2020,35038755.0
34035,"Somerset, NJ",2021,37230381.0
34035,"Somerset, NJ",2022,39280585.0
34035,"Somerset, NJ",2023,40943759.0
34035,"Somerset, NJ",2024,43268509.0
34037,"Sussex, NJ",2019,9102288.0
34037,"Sussex, NJ",2020,9551351.0
34037,"Sussex, NJ",2021,10259485.0
34037,"Sussex, NJ",2022,10371979.0
34037,"Sussex, NJ",2023,10903032.0
34037,"Sussex, NJ",2024,11450599.0
34039,"Union, NJ",2019,39088660.0
34039,"Union, NJ",2020,40165404.0
34039,"Union, NJ",2021,43353259.0
34039,"Union, NJ",2022,44726640.0
34039,"Union, NJ",2023,47785022.0
34039,"Union, NJ",2024,50593811.0
34041,"Warren, NJ",2019,6074000.0
34041,"Warren, NJ",2020,6435714.0
34041,"Warren, NJ",2021,6870751.0
34041,"Warren, NJ",2022,6974515.0
34041,"Warren, NJ",2023,7404700.0
34041,"Warren, NJ",2024,7801008.0
35001,"Bernalillo, NM",2019,30927978.0
35001,"Bernalillo, NM",2020,33849987.0
35001,"Bernalillo, NM",2021,36467541.0
35001,"Bernalillo, NM",2022,37893170.0
35001,"Bernalillo, NM",2023,39989816.0
35001,"Bernalillo, NM",2024,42209676.0
35003,"Catron, NM",2019,116498.0
35003,"Catron, NM",2020,134953.0
35003,"Catron, NM",2021,145185.0
35003,"Catron, NM",2022,157877.0
35003,"Catron, NM",2023,159762.0
35003,"Catron, NM",2024,168996.0
35005,"Chaves, NM",2019,2590399.0
35005,"Chaves, NM",2020,2801835.0
35005,"Chaves, NM",2021,3005005.0
35005,"Chaves, NM",2022,3371428.0
35005,"Chaves, NM",2023,3264629.0
35005,"Chaves, NM",2024,3441914.0
35006,"Cibola, NM*",2019,772730.0
35006,"Cibola, NM*",2020,868298.0
35006,"Cibola, NM*",2021,928329.0
35006,"Cibola, NM*",2022,938936.0
35006,"Cibola, NM*",2023,933792.0
35006,"Cibola, NM*",2024,971285.0
35007,"Colfax, NM",2019,497063.0
35007,"Colfax, NM",2020,549427.0
35007,"Colfax, NM",2021,602283.0
35007,"Colfax, NM",2022,610901.0
35007,"Colfax, NM",2023,631175.0
35007,"Colfax, NM",2024,647814.0
35009,"Curry, NM",2019,2148873.0
35009,"Curry, NM",2020,2336808.0
35009,"Curry, NM",2021,2461290.0
35009,"Curry, NM",2022,2691341.0
35009,"Curry, NM",2023,2666787.0
35009,"Curry, NM",2024,2780294.0
35011,"De Baca, NM",2019,85659.0
35011,"De Baca, NM",2020,91891.0
35011,"De Baca, NM",2021,94042.0
35011,"De Baca, NM",2022,96661.0
35011,"De Baca, NM",2023,104888.0
35011,"De Baca, NM",2024,107142.0
35013,"Doña Ana, NM",2019,8242383.0
35013,"Doña Ana, NM",2020,8995101.0
35013,"Doña Ana, NM",2021,10163128.0
35013,"Doña Ana, NM",2022,10335497.0
35013,"Doña Ana, NM",2023,10768476.0
35013,"Doña Ana, NM",2024,11409025.0
35015,"Eddy, NM",2019,3552461.0
35015,"Eddy, NM",2020,3668420.0
35015,"Eddy, NM",2021,4044070.0
35015,"Eddy, NM",2022,4337672.0
35015,"Eddy, NM",2023,4602832.0
35015,"Eddy, NM",2024,4816924.0
35017,"Grant, NM",2019,1156355.0
35017,"Grant, NM",2020,1235893.0
35017,"Grant, NM",2021,1352132.0
35017,"Grant, NM",2022,1416110.0
35017,"Grant, NM",2023,1443736.0
35017,"Grant, NM",2024,1508358.0
35019,"Guadalupe, NM",2019,149485.0
35019,"Guadalupe, NM",2020,168148.0
35019,"Guadalupe, NM",2021,198839.0
35019,"Guadalupe, NM",2022,191571.0
35019,"Guadalupe, NM",2023,202983.0
35019,"Guadalupe, NM",2024,212433.0
35021,"Harding, NM",2019,26189.0
35021,"Harding, NM",2020,28834.0
35021,"Harding, NM",2021,28840.0
35021,"Harding, NM",2022,31414.0
35021,"Harding, NM",2023,32632.0
35021,"Harding, NM",2024,32541.0
35023,"Hidalgo, NM",2019,182202.0
35023,"Hidalgo, NM",2020,195673.0
35023,"Hidalgo, NM",2021,208139.0
35023,"Hidalgo, NM",2022,215757.0
35023,"Hidalgo, NM",2023,222192.0
35023,"Hidalgo, NM",2024,224963.0
35025,"Lea, NM",2019,3527081.0
35025,"Lea, NM",2020,3400798.0
35025,"Lea, NM",2021,3481810.0
35025,"Lea, NM",2022,3966004.0
35025,"Lea, NM",2023,4205221.0
35025,"Lea, NM",2024,4462969.0
35027,"Lincoln, NM",2019,827722.0
35027,"Lincoln, NM",2020,932554.0
35027,"Lincoln, NM",2021,999336.0
35027,"Lincoln, NM",2022,1045641.0
35027,"Lincoln, NM",2023,1100021.0
35027,"Lincoln, NM",2024,1146501.0
35028,"Los Alamos, NM",2019,1393203.0
35028,"Los Alamos, NM",2020,1456709.0
35028,"Los Alamos, NM",2021,1582635.0
35028,"Los Alamos, NM",2022,1678439.0
35028,"Los Alamos, NM",2023,1801491.0
35028,"Los Alamos, NM",2024,1935591.0
35029,"Luna, NM",2019,788091.0
35029,"Luna, NM",2020,907978.0
35029,"Luna, NM",2021,996101.0
35029,"Luna, NM",2022,983749.0
35029,"Luna, NM",2023,1021075.0
35029,"Luna, NM",2024,1055314.0
35031,"McKinley, NM",2019,2054697.0
35031,"McKinley, NM",2020,2320930.0
35031,"McKinley, NM",2021,2522867.0
35031,"McKinley, NM",2022,2477872.0
35031,"McKinley, NM",2023,2475418.0
35031,"McKinley, NM",2024,2556818.0
35033,"Mora, NM",2019,186078.0
35033,"Mora, NM",2020,204736.0
35033,"Mora, NM",2021,215493.0
35033,"Mora, NM",2022,226745.0
35033,"Mora, NM",2023,240472.0
35033,"Mora, NM",2024,250915.0
35035,"Otero, NM",2019,2370162.0
35035,"Otero, NM",2020,2639119.0
35035,"Otero, NM",2021,2871799.0
35035,"Otero, NM",2022,2911513.0
35035,"Otero, NM",2023,3025684.0
35035,"Otero, NM",2024,3113617.0
35037,"Quay, NM",2019,324567.0
35037,"Quay, NM",2020,353839.0
35037,"Quay, NM",2021,383696.0
35037,"Quay, NM",2022,413717.0
35037,"Quay, NM",2023,405992.0
35037,"Quay, NM",2024,397825.0
35039,"Rio Arriba, NM",2019,1417064.0
35039,"Rio Arriba, NM",2020,1558288.0
35039,"Rio Arriba, NM",2021,1719283.0
35039,"Rio Arriba, NM",2022,1786472.0
35039,"Rio Arriba, NM",2023,1845195.0
35039,"Rio Arriba, NM",2024,1936036.0
35041,"Roosevelt, NM",2019,773151.0
35041,"Roosevelt, NM",2020,839929.0
35041,"Roosevelt, NM",2021,891124.0
35041,"Roosevelt, NM",2022,995142.0
35041,"Roosevelt, NM",2023,968114.0
35041,"Roosevelt, NM",2024,1021166.0
35043,"Sandoval, NM",2019,6550625.0
35043,"Sandoval, NM",2020,7072121.0
35043,"Sandoval, NM",2021,7814211.0
35043,"Sandoval, NM",2022,8228498.0
35043,"Sandoval, NM",2023,8827648.0
35043,"Sandoval, NM",2024,9467985.0
35045,"San Juan, NM",2019,4478254.0
35045,"San Juan, NM",2020,4734131.0
35045,"San Juan, NM",2021,5208051.0
35045,"San Juan, NM",2022,5325661.0
35045,"San Juan, NM",2023,5550317.0
35045,"San Juan, NM",2024,5790899.0
35047,"San Miguel, NM",2019,1004408.0
35047,"San Miguel, NM",2020,1096284.0
35047,"San Miguel, NM",2021,1205482.0
35047,"San Miguel, NM",2022,1233044.0
35047,"San Miguel, NM",2023,1275120.0
35047,"San Miguel, NM",2024,1327587.0
35049,"Santa Fe, NM",2019,9356848.0
35049,"Santa Fe, NM",2020,9848272.0
35049,"Santa Fe, NM",2021,11046546.0
35049,"Santa Fe, NM",2022,11378310.0
35049,"Santa Fe, NM",2023,12252036.0
35049,"Santa Fe, NM",2024,13011476.0
35051,"Sierra, NM",2019,446398.0
35051,"Sierra, NM",2020,515741.0
35051,"Sierra, NM",2021,561914.0
35051,"Sierra, NM",2022,567502.0
35051,"Sierra, NM",2023,572092.0
35051,"Sierra, NM",2024,598710.0
35053,"Socorro, NM",2019,588396.0
35053,"Socorro, NM",2020,644732.0
35053,"Socorro, NM",2021,695127.0
35053,"Socorro, NM",2022,708821.0
35053,"Socorro, NM",2023,720835.0
35053,"Socorro, NM",2024,755210.0
35055,"Taos, NM",2019,1282951.0
35055,"Taos, NM",2020,1416507.0
35055,"Taos, NM",2021,1598191.0
35055,"Taos, NM",2022,1639685.0
35055,"Taos, NM",2023,1737458.0
35055,"Taos, NM",2024,1843017.0
35057,"Torrance, NM",2019,520203.0
35057,"Torrance, NM",2020,583200.0
35057,"Torrance, NM",2021,652733.0
35057,"Torrance, NM",2022,701836.0
35057,"Torrance, NM",2023,729258.0
35057,"Torrance, NM",2024,784105.0
35059,"Union, NM",2019,141928.0
35059,"Union, NM",2020,164413.0
35059,"Union, NM",2021,171956.0
35059,"Union, NM",2022,177653.0
35059,"Union, NM",2023,161825.0
35059,"Union, NM",2024,150190.0
35061,"Valencia, NM*",2019,2728786.0
35061,"Valencia, NM*",2020,3018708.0
35061,"Valencia, NM*",2021,3357107.0
35061,"Valencia, NM*",2022,3545650.0
35061,"Valencia, NM*",2023,3695336.0
35061,"Valencia, NM*",2024,3948939.0
36001,"Albany, NY",2019,19434199.0
36001,"Albany, NY",2020,21202012.0
36001,"Albany, NY",2021,23311013.0
36001,"Albany, NY",2022,23390947.0
36001,"Albany, NY",2023,25211801.0
36001,"Albany, NY",2024,26683255.0
36003,"Allegany, NY",2019,1924061.0
36003,"Allegany, NY",2020,1977829.0
36003,"Allegany, NY",2021,1989163.0
36003,"Allegany, NY",2022,1904704.0
36003,"Allegany, NY",2023,1975472.0
36003,"Allegany, NY",2024,2113726.0
36005,"Bronx, NY",2019,54615599.0
36005,"Bronx, NY",2020,62170768.0
36005,"Bronx, NY",2021,63043305.0
36005,"Bronx, NY",2022,59077904.0
36005,"Bronx, NY",2023,62081979.0
36005,"Bronx, NY",2024,64786886.0
36007,"Broome, NY",2019,8629318.0
36007,"Broome, NY",2020,9386304.0
36007,"Broome, NY",2021,9973741.0
36007,"Broome, NY",2022,9712361.0
36007,"Broome, NY",2023,10346166.0
36007,"Broome, NY",2024,10868104.0
36009,"Cattaraugus, NY",2019,3117625.0
36009,"Cattaraugus, NY",2020,3426112.0
36009,"Cattaraugus, NY",2021,3566308.0
36009,"Cattaraugus, NY",2022,3507513.0
36009,"Cattaraugus, NY",2023,3710083.0
36009,"Cattaraugus, NY",2024,3873038.0
36011,"Cayuga, NY",2019,3386224.0
36011,"Cayuga, NY",2020,3741408.0
36011,"Cayuga, NY",2021,3960161.0
36011,"Cayuga, NY",2022,3893445.0
36011,"Cayuga, NY",2023,4040529.0
36011,"Cayuga, NY",2024,4252308.0
36013,"Chautauqua, NY",2019,5231515.0
36013,"Chautauqua, NY",2020,5698689.0
36013,"Chautauqua, NY",2021,6030770.0
36013,"Chautauqua, NY",2022,5937644.0
36013,"Chautauqua, NY",2023,6165742.0
36013,"Chautauqua, NY",2024,6484174.0
36015,"Chemung, NY",2019,3822807.0
36015,"Chemung, NY",2020,4122842.0
36015,"Chemung, NY",2021,4321317.0
36015,"Chemung, NY",2022,4264555.0
36015,"Chemung, NY",2023,4390685.0
36015,"Chemung, NY",2024,4555083.0
36017,"Chenango, NY",2019,1998692.0
36017,"Chenango, NY",2020,2231648.0
36017,"Chenango, NY",2021,2360931.0
36017,"Chenango, NY",2022,2380174.0
36017,"Chenango, NY",2023,2526062.0
36017,"Chenango, NY",2024,2700808.0
36019,"Clinton, NY",2019,3572744.0
36019,"Clinton, NY",2020,3879303.0
36019,"Clinton, NY",2021,4084081.0
36019,"Clinton, NY",2022,4091436.0
36019,"Clinton, NY",2023,4321497.0
36019,"Clinton, NY",2024,4462433.0
36021,"Columbia, NY",2019,3517284.0
36021,"Columbia, NY",2020,3888385.0
36021,"Columbia, NY",2021,4238347.0
36021,"Columbia, NY",2022,4312654.0
36021,"Columbia, NY",2023,4579619.0
36021,"Columbia, NY",2024,4787054.0
36023,"Cortland, NY",2019,1938813.0
36023,"Cortland, NY",2020,2152594.0
36023,"Cortland, NY",2021,2256825.0
36023,"Cortland, NY",2022,2259994.0
36023,"Cortland, NY",2023,2322687.0
36023,"Cortland, NY",2024,2411074.0
36025,"Delaware, NY",2019,1845530.0
36025,"Delaware, NY",2020,1994591.0
36025,"Delaware, NY",2021,2117020.0
36025,"Delaware, NY",2022,2107594.0
36025,"Delaware, NY",2023,2225552.0
36025,"Delaware, NY",2024,2368076.0
36027,"Dutchess, NY",2019,17476079.0
36027,"Dutchess, NY",2020,18561272.0
36027,"Dutchess, NY",2021,20004904.0
36027,"Dutchess, NY",2022,20101163.0
36027,"Dutchess, NY",2023,21367125.0
36027,"Dutchess, NY",2024,22554107.0
36029,"Erie, NY",2019,47862041.0
36029,"Erie, NY",2020,52508064.0
36029,"Erie, NY",2021,55330136.0
36029,"Erie, NY",2022,55476480.0
36029,"Erie, NY",2023,58895712.0
36029,"Erie, NY",2024,61599944.0
36031,"Essex, NY",2019,1752666.0
36031,"Essex, NY",2020,1912340.0
36031,"Essex, NY",2021,2052905.0
36031,"Essex, NY",2022,2027301.0
36031,"Essex, NY",2023,2158199.0
36031,"Essex, NY",2024,2310025.0
36033,"Franklin, NY",2019,1968852.0
36033,"Franklin, NY",2020,2156004.0
36033,"Franklin, NY",2021,2321313.0
36033,"Franklin, NY",2022,2330635.0
36033,"Franklin, NY",2023,2493238.0
36033,"Franklin, NY",2024,2623638.0
36035,"Fulton, NY",2019,2349733.0
36035,"Fulton, NY",2020,2582823.0
36035,"Fulton, NY",2021,2692002.0
36035,"Fulton, NY",2022,2677355.0
36035,"Fulton, NY",2023,2815766.0
36035,"Fulton, NY",2024,2960242.0
36037,"Genesee, NY",2019,2595409.0
36037,"Genesee, NY",2020,2818259.0
36037,"Genesee, NY",2021,2919668.0
36037,"Genesee, NY",2022,2937671.0
36037,"Genesee, NY",2023,3090560.0
36037,"Genesee, NY",2024,3219922.0
36039,"Greene, NY",2019,2317200.0
36039,"Greene, NY",2020,2570594.0
36039,"Greene, NY",2021,2736961.0
36039,"Greene, NY",2022,2754288.0
36039,"Greene, NY",2023,2924928.0
36039,"Greene, NY",2024,3065807.0
36041,"Hamilton, NY",2019,247361.0
36041,"Hamilton, NY",2020,273884.0
36041,"Hamilton, NY",2021,286255.0
36041,"Hamilton, NY",2022,281447.0
36041,"Hamilton, NY",2023,302883.0
36041,"Hamilton, NY",2024,312473.0
36043,"Herkimer, NY",2019,2611541.0
36043,"Herkimer, NY",2020,2870856.0
36043,"Herkimer, NY",2021,3081695.0
36043,"Herkimer, NY",2022,2957543.0
36043,"Herkimer, NY",2023,3129691.0
36043,"Herkimer, NY",2024,3276965.0
36045,"Jefferson, NY",2019,5366477.0
36045,"Jefferson, NY",2020,5854750.0
36045,"Jefferson, NY",2021,6198736.0
36045,"Jefferson, NY",2022,6151666.0
36045,"Jefferson, NY",2023,6355214.0
36045,"Jefferson, NY",2024,6579040.0
36047,"Kings, NY",2019,140236138.0
36047,"Kings, NY",2020,151814445.0
36047,"Kings, NY",2021,163981892.0
36047,"Kings, NY",2022,165061102.0
36047,"Kings, NY",2023,173794772.0
36047,"Kings, NY",2024,181733494.0
36049,"Lewis, NY",2019,1251504.0
36049,"Lewis, NY",2020,1364083.0
36049,"Lewis, NY",2021,1447556.0
36049,"Lewis, NY",2022,1477943.0
36049,"Lewis, NY",2023,1499037.0
36049,"Lewis, NY",2024,1564957.0
36051,"Livingston, NY",2019,2917614.0
36051,"Livingston, NY",2020,3051938.0
36051,"Livingston, NY",2021,3113526.0
36051,"Livingston, NY",2022,3115165.0
36051,"Livingston, NY",2023,3252089.0
36051,"Livingston, NY",2024,3422124.0
36053,"Madison, NY",2019,3257292.0
36053,"Madison, NY",2020,3535724.0
36053,"Madison, NY",2021,3771380.0
36053,"Madison, NY",2022,3779297.0
36053,"Madison, NY",2023,3913953.0
36053,"Madison, NY",2024,4114066.0
36055,"Monroe, NY",2019,39876674.0
36055,"Monroe, NY",2020,43354594.0
36055,"Monroe, NY",2021,45305677.0
36055,"Monroe, NY",2022,45277219.0
36055,"Monroe, NY",2023,48017725.0
36055,"Monroe, NY",2024,50535741.0
36057,"Montgomery, NY",2019,2083340.0
36057,"Montgomery, NY",2020,2301571.0
36057,"Montgomery, NY",2021,2385810.0
36057,"Montgomery, NY",2022,2403572.0
36057,"Montgomery, NY",2023,2535102.0
36057,"Montgomery, NY",2024,2675003.0
36059,"Nassau, NY",2019,123437925.0
36059,"Nassau, NY",2020,127675935.0
36059,"Nassau, NY",2021,135459295.0
36059,"Nassau, NY",2022,136743279.0
36059,"Nassau, NY",2023,145643511.0
36059,"Nassau, NY",2024,152332529.0
36061,"New York, NY",2019,287980674.0
36061,"New York, NY",2020,278231074.0
36061,"New York, NY",2021,310221286.0
36061,"New York, NY",2022,319085337.0
36061,"New York, NY",2023,339006874.0
36061,"New York, NY",2024,360487892.0
36063,"Niagara, NY",2019,9773969.0
36063,"Niagara, NY",2020,10701937.0
36063,"Niagara, NY",2021,11063842.0
36063,"Niagara, NY",2022,11177386.0
36063,"Niagara, NY",2023,11921770.0
36063,"Niagara, NY",2024,12412433.0
36065,"Oneida, NY",2019,10556534.0
36065,"Oneida, NY",2020,11498370.0
36065,"Oneida, NY",2021,12118988.0
36065,"Oneida, NY",2022,12112888.0
36065,"Oneida, NY",2023,12708697.0
36065,"Oneida, NY",2024,13317807.0
36067,"Onondaga, NY",2019,25049821.0
36067,"Onondaga, NY",2020,27463045.0
36067,"Onondaga, NY",2021,28816981.0
36067,"Onondaga, NY",2022,28634044.0
36067,"Onondaga, NY",2023,29835711.0
36067,"Onondaga, NY",2024,31508406.0
36069,"Ontario, NY",2019,6126743.0
36069,"Ontario, NY",2020,6587066.0
36069,"Ontario, NY",2021,6970954.0
36069,"Ontario, NY",2022,6937881.0
36069,"Ontario, NY",2023,7344739.0
36069,"Ontario, NY",2024,7739007.0
36071,"Orange, NY",2019,20564670.0
36071,"Orange, NY",2020,22178819.0
36071,"Orange, NY",2021,23413541.0
36071,"Orange, NY",2022,23334728.0
36071,"Orange, NY",2023,24752568.0
36071,"Orange, NY",2024,26005210.0
36073,"Orleans, NY",2019,1601849.0
36073,"Orleans, NY",2020,1784979.0
36073,"Orleans, NY",2021,1859022.0
36073,"Orleans, NY",2022,1828074.0
36073,"Orleans, NY",2023,1945471.0
36073,"Orleans, NY",2024,2027645.0
36075,"Oswego, NY",2019,4881335.0
36075,"Oswego, NY",2020,5358486.0
36075,"Oswego, NY",2021,5678948.0
36075,"Oswego, NY",2022,5617531.0
36075,"Oswego, NY",2023,5900043.0
36075,"Oswego, NY",2024,6231698.0
36077,"Otsego, NY",2019,2707169.0
36077,"Otsego, NY",2020,2949964.0
36077,"Otsego, NY",2021,3104175.0
36077,"Otsego, NY",2022,3051506.0
36077,"Otsego, NY",2023,3200113.0
36077,"Otsego, NY",2024,3412522.0
36079,"Putnam, NY",2019,6826861.0
36079,"Putnam, NY",2020,7227415.0
36079,"Putnam, NY",2021,7662928.0
36079,"Putnam, NY",2022,7839278.0
36079,"Putnam, NY",2023,8295787.0
36079,"Putnam, NY",2024,8705241.0
36081,"Queens, NY",2019,116837701.0
36081,"Queens, NY",2020,128214450.0
36081,"Queens, NY",2021,131227027.0
36081,"Queens, NY",2022,130548344.0
36081,"Queens, NY",2023,138384788.0
36081,"Queens, NY",2024,144438603.0
36083,"Rensselaer, NY",2019,8059733.0
36083,"Rensselaer, NY",2020,8752750.0
36083,"Rensselaer, NY",2021,9048274.0
36083,"Rensselaer, NY",2022,9233492.0
36083,"Rensselaer, NY",2023,9818519.0
36083,"Rensselaer, NY",2024,10366823.0
36085,"Richmond, NY",2019,27744726.0
36085,"Richmond, NY",2020,29748380.0
36085,"Richmond, NY",2021,31086331.0
36085,"Richmond, NY",2022,30951315.0
36085,"Richmond, NY",2023,32762218.0
36085,"Richmond, NY",2024,34253527.0
36087,"Rockland, NY",2019,20236992.0
36087,"Rockland, NY",2020,21742474.0
36087,"Rockland, NY",2021,23114139.0
36087,"Rockland, NY",2022,22891486.0
36087,"Rockland, NY",2023,24101480.0
36087,"Rockland, NY",2024,25390185.0
36089,"St. Lawrence, NY",2019,4208244.0
36089,"St. Lawrence, NY",2020,4638575.0
36089,"St. Lawrence, NY",2021,4925818.0
36089,"St. Lawrence, NY",2022,4876922.0
36089,"St. Lawrence, NY",2023,5131844.0
36089,"St. Lawrence, NY",2024,5406756.0
36091,"Saratoga, NY",2019,15683701.0
36091,"Saratoga, NY",2020,16425881.0
36091,"Saratoga, NY",2021,17680364.0
36091,"Saratoga, NY",2022,18285931.0
36091,"Saratoga, NY",2023,19699543.0
36091,"Saratoga, NY",2024,20871140.0
36093,"Schenectady, NY",2019,7913766.0
36093,"Schenectady, NY",2020,8600479.0
36093,"Schenectady, NY",2021,9236053.0
36093,"Schenectady, NY",2022,9109277.0
36093,"Schenectady, NY",2023,9758750.0
36093,"Schenectady, NY",2024,10325522.0
36095,"Schoharie, NY",2019,1334710.0
36095,"Schoharie, NY",2020,1456068.0
36095,"Schoharie, NY",2021,1517789.0
36095,"Schoharie, NY",2022,1524440.0
36095,"Schoharie, NY",2023,1613306.0
36095,"Schoharie, NY",2024,1688508.0
36097,"Schuyler, NY",2019,765560.0
36097,"Schuyler, NY",2020,847275.0
36097,"Schuyler, NY",2021,888731.0
36097,"Schuyler, NY",2022,884832.0
36097,"Schuyler, NY",2023,917389.0
36097,"Schuyler, NY",2024,951842.0
36099,"Seneca, NY",2019,1374425.0
36099,"Seneca, NY",2020,1497237.0
36099,"Seneca, NY",2021,1597615.0
36099,"Seneca, NY",2022,1584023.0
36099,"Seneca, NY",2023,1629176.0
36099,"Seneca, NY",2024,1701894.0
36101,"Steuben, NY",2019,4432855.0
36101,"Steuben, NY",2020,4791204.0
36101,"Steuben, NY",2021,5074340.0
36101,"Steuben, NY",2022,5089166.0
36101,"Steuben, NY",2023,5227715.0
36101,"Steuben, NY",2024,5448953.0
36103,"Suffolk, NY",2019,109079742.0
36103,"Suffolk, NY",2020,117302168.0
36103,"Suffolk, NY",2021,126122433.0
36103,"Suffolk, NY",2022,127753158.0
36103,"Suffolk, NY",2023,135280347.0
36103,"Suffolk, NY",2024,141477402.0
36105,"Sullivan, NY",2019,3683076.0
36105,"Sullivan, NY",2020,4010711.0
36105,"Sullivan, NY",2021,4306287.0
36105,"Sullivan, NY",2022,4388881.0
36105,"Sullivan, NY",2023,4681677.0
36105,"Sullivan, NY",2024,4877502.0
36107,"Tioga, NY",2019,2241484.0
36107,"Tioga, NY",2020,2435970.0
36107,"Tioga, NY",2021,2511460.0
36107,"Tioga, NY",2022,2488248.0
36107,"Tioga, NY",2023,2627580.0
36107,"Tioga, NY",2024,2750472.0
36109,"Tompkins, NY",2019,4736859.0
36109,"Tompkins, NY",2020,5063086.0
36109,"Tompkins, NY",2021,5345995.0
36109,"Tompkins, NY",2022,5388010.0
36109,"Tompkins, NY",2023,5694646.0
36109,"Tompkins, NY",2024,5965420.0
36111,"Ulster, NY",2019,9642329.0
36111,"Ulster, NY",2020,10371326.0
36111,"Ulster, NY",2021,11247196.0
36111,"Ulster, NY",2022,11447394.0
36111,"Ulster, NY",2023,12058914.0
36111,"Ulster, NY",2024,12641910.0
36113,"Warren, NY",2019,3501829.0
36113,"Warren, NY",2020,3897391.0
36113,"Warren, NY",2021,4028061.0
36113,"Warren, NY",2022,4107713.0
36113,"Warren, NY",2023,4381960.0
36113,"Warren, NY",2024,4585518.0
36115,"Washington, NY",2019,2577757.0
36115,"Washington, NY",2020,2835134.0
36115,"Washington, NY",2021,2953004.0
36115,"Washington, NY",2022,2945684.0
36115,"Washington, NY",2023,3083442.0
36115,"Washington, NY",2024,3222176.0
36117,"Wayne, NY",2019,4369218.0
36117,"Wayne, NY",2020,4703858.0
36117,"Wayne, NY",2021,4990695.0
36117,"Wayne, NY",2022,5008497.0
36117,"Wayne, NY",2023,5255102.0
36117,"Wayne, NY",2024,5489759.0
36119,"Westchester, NY",2019,105970868.0
36119,"Westchester, NY",2020,110255179.0
36119,"Westchester, NY",2021,120220534.0
36119,"Westchester, NY",2022,122509556.0
36119,"Westchester, NY",2023,130724412.0
36119,"Westchester, NY",2024,137298028.0
36121,"Wyoming, NY",2019,1698363.0
36121,"Wyoming, NY",2020,1864809.0
36121,"Wyoming, NY",2021,2017022.0
36121,"Wyoming, NY",2022,2010705.0
36121,"Wyoming, NY",2023,2020669.0
36121,"Wyoming, NY",2024,2121360.0
36123,"Yates, NY",2019,1045362.0
36123,"Yates, NY",2020,1129761.0
36123,"Yates, NY",2021,1226781.0
36123,"Yates, NY",2022,1240781.0
36123,"Yates, NY",2023,1278294.0
36123,"Yates, NY",2024,1332787.0
37001,"Alamance, NC",2019,6985500.0
37001,"Alamance, NC",2020,7592247.0
37001,"Alamance, NC",2021,8448047.0
37001,"Alamance, NC",2022,8736915.0
37001,"Alamance, NC",2023,9290991.0
37001,"Alamance, NC",2024,9924050.0
37003,"Alexander, NC",2019,1426105.0
37003,"Alexander, NC",2020,1544422.0
37003,"Alexander, NC",2021,1682652.0
37003,"Alexander, NC",2022,1778369.0
37003,"Alexander, NC",2023,1833886.0
37003,"Alexander, NC",2024,1961567.0
37005,"Alleghany, NC",2019,428517.0
37005,"Alleghany, NC",2020,453648.0
37005,"Alleghany, NC",2021,505125.0
37005,"Alleghany, NC",2022,501634.0
37005,"Alleghany, NC",2023,544667.0
37005,"Alleghany, NC",2024,589536.0
37007,"Anson, NC",2019,883179.0
37007,"Anson, NC",2020,924505.0
37007,"Anson, NC",2021,1061235.0
37007,"Anson, NC",2022,1131627.0
37007,"Anson, NC",2023,1137986.0
37007,"Anson, NC",2024,1243876.0
37009,"Ashe, NC",2019,999377.0
37009,"Ashe, NC",2020,1086031.0
37009,"Ashe, NC",2021,1187258.0
37009,"Ashe, NC",2022,1197375.0
37009,"Ashe, NC",2023,1307647.0
37009,"Ashe, NC",2024,1403912.0
37011,"Avery, NC",2019,643653.0
37011,"Avery, NC",2020,718676.0
37011,"Avery, NC",2021,787095.0
37011,"Avery, NC",2022,826171.0
37011,"Avery, NC",2023,906691.0
37011,"Avery, NC",2024,959921.0
37013,"Beaufort, NC",2019,2068780.0
37013,"Beaufort, NC",2020,2204745.0
37013,"Beaufort, NC",2021,2458489.0
37013,"Beaufort, NC",2022,2426234.0
37013,"Beaufort, NC",2023,2581118.0
37013,"Beaufort, NC",2024,2764162.0
37015,"Bertie, NC",2019,706628.0
37015,"Bertie, NC",2020,741721.0
37015,"Bertie, NC",2021,852145.0
37015,"Bertie, NC",2022,848944.0
37015,"Bertie, NC",2023,847448.0
37015,"Bertie, NC",2024,912220.0
37017,"Bladen, NC",2019,1168365.0
37017,"Bladen, NC",2020,1282572.0
37017,"Bladen, NC",2021,1442432.0
37017,"Bladen, NC",2022,1461122.0
37017,"Bladen, NC",2023,1517423.0
37017,"Bladen, NC",2024,1618428.0
37019,"Brunswick, NC",2019,6597603.0
37019,"Brunswick, NC",2020,7435199.0
37019,"Brunswick, NC",2021,8394423.0
37019,"Brunswick, NC",2022,8984322.0
37019,"Brunswick, NC",2023,9914927.0
37019,"Brunswick, NC",2024,10738965.0
37021,"Buncombe, NC",2019,13506896.0
37021,"Buncombe, NC",2020,14312537.0
37021,"Buncombe, NC",2021,16132662.0
37021,"Buncombe, NC",2022,17055183.0
37021,"Buncombe, NC",2023,18482890.0
37021,"Buncombe, NC",2024,19718708.0
37023,"Burke, NC",2019,3296692.0
37023,"Burke, NC",2020,3586907.0
37023,"Burke, NC",2021,3916285.0
37023,"Burke, NC",2022,4022891.0
37023,"Burke, NC",2023,4242359.0
37023,"Burke, NC",2024,4519859.0
37025,"Cabarrus, NC",2019,10209177.0
37025,"Cabarrus, NC",2020,11234263.0
37025,"Cabarrus, NC",2021,12346108.0
37025,"Cabarrus, NC",2022,13033729.0
37025,"Cabarrus, NC",2023,14016257.0
37025,"Cabarrus, NC",2024,14968044.0
37027,"Caldwell, NC",2019,2998838.0
37027,"Caldwell, NC",2020,3249929.0
37027,"Caldwell, NC",2021,3574119.0
37027,"Caldwell, NC",2022,3671877.0
37027,"Caldwell, NC",2023,3848421.0
37027,"Caldwell, NC",2024,4086261.0
37029,"Camden, NC",2019,502247.0
37029,"Camden, NC",2020,536171.0
37029,"Camden, NC",2021,605785.0
37029,"Camden, NC",2022,618129.0
37029,"Camden, NC",2023,659346.0
37029,"Camden, NC",2024,699551.0
37031,"Carteret, NC",2019,3591826.0
37031,"Carteret, NC",2020,3858042.0
37031,"Carteret, NC",2021,4295066.0
37031,"Carteret, NC",2022,4462708.0
37031,"Carteret, NC",2023,4857864.0
37031,"Carteret, NC",2024,5211597.0
37033,"Caswell, NC",2019,820934.0
37033,"Caswell, NC",2020,866804.0
37033,"Caswell, NC",2021,952650.0
37033,"Caswell, NC",2022,936658.0
37033,"Caswell, NC",2023,1008804.0
37033,"Caswell, NC",2024,1077962.0
37035,"Catawba, NC",2019,7326025.0
37035,"Catawba, NC",2020,7900683.0
37035,"Catawba, NC",2021,8756479.0
37035,"Catawba, NC",2022,9023459.0
37035,"Catawba, NC",2023,9485344.0
37035,"Catawba, NC",2024,10084371.0
37037,"Chatham, NC",2019,4959671.0
37037,"Chatham, NC",2020,5363247.0
37037,"Chatham, NC",2021,6070937.0
37037,"Chatham, NC",2022,6571320.0
37037,"Chatham, NC",2023,7161629.0
37037,"Chatham, NC",2024,7686041.0
37039,"Cherokee, NC",2019,972405.0
37039,"Cherokee, NC",2020,1060290.0
37039,"Cherokee, NC",2021,1162018.0
37039,"Cherokee, NC",2022,1181452.0
37039,"Cherokee, NC",2023,1279656.0
37039,"Cherokee, NC",2024,1370882.0
37041,"Chowan, NC",2019,583983.0
37041,"Chowan, NC",2020,628056.0
37041,"Chowan, NC",2021,705053.0
37041,"Chowan, NC",2022,712904.0
37041,"Chowan, NC",2023,762742.0
37041,"Chowan, NC",2024,801513.0
37043,"Clay, NC",2019,402813.0
37043,"Clay, NC",2020,449188.0
37043,"Clay, NC",2021,499449.0
37043,"Clay, NC",2022,521079.0
37043,"Clay, NC",2023,568072.0
37043,"Clay, NC",2024,608462.0
37045,"Cleveland, NC",2019,3769825.0
37045,"Cleveland, NC",2020,4118201.0
37045,"Cleveland, NC",2021,4497184.0
37045,"Cleveland, NC",2022,4615791.0
37045,"Cleveland, NC",2023,4912579.0
37045,"Cleveland, NC",2024,5230393.0
37047,"Columbus, NC",2019,1859321.0
37047,"Columbus, NC",2020,2012141.0
37047,"Columbus, NC",2021,2229115.0
37047,"Columbus, NC",2022,2221235.0
37047,"Columbus, NC",2023,2308846.0
37047,"Columbus, NC",2024,2452105.0
37049,"Craven, NC",2019,4673697.0
37049,"Craven, NC",2020,5024050.0
37049,"Craven, NC",2021,5448166.0
37049,"Craven, NC",2022,5540182.0
37049,"Craven, NC",2023,5971774.0
37049,"Craven, NC",2024,6450941.0
37051,"Cumberland, NC",2019,13112029.0
37051,"Cumberland, NC",2020,14306820.0
37051,"Cumberland, NC",2021,15564250.0
37051,"Cumberland, NC",2022,15680560.0
37051,"Cumberland, NC",2023,16601552.0
37051,"Cumberland, NC",2024,17727538.0
37053,"Currituck, NC",2019,1344429.0
37053,"Currituck, NC",2020,1489095.0
37053,"Currituck, NC",2021,1712052.0
37053,"Currituck, NC",2022,1803386.0
37053,"Currituck, NC",2023,1959293.0
37053,"Currituck, NC",2024,2098244.0
37055,"Dare, NC",2019,2184033.0
37055,"Dare, NC",2020,2367224.0
37055,"Dare, NC",2021,2761360.0
37055,"Dare, NC",2022,2816676.0
37055,"Dare, NC",2023,2998129.0
37055,"Dare, NC",2024,3192578.0
37057,"Davidson, NC",2019,6859173.0
37057,"Davidson, NC",2020,7419432.0
37057,"Davidson, NC",2021,8238230.0
37057,"Davidson, NC",2022,8551021.0
37057,"Davidson, NC",2023,9014338.0
37057,"Davidson, NC",2024,9601372.0
37059,"Davie, NC",2019,2134963.0
37059,"Davie, NC",2020,2277423.0
37059,"Davie, NC",2021,2591277.0
37059,"Davie, NC",2022,2685585.0
37059,"Davie, NC",2023,2869689.0
37059,"Davie, NC",2024,3075165.0
37061,"Duplin, NC",2019,2042160.0
37061,"Duplin, NC",2020,2151007.0
37061,"Duplin, NC",2021,2577974.0
37061,"Duplin, NC",2022,2726549.0
37061,"Duplin, NC",2023,2726239.0
37061,"Duplin, NC",2024,2947394.0
37063,"Durham, NC",2019,16715075.0
37063,"Durham, NC",2020,17775364.0
37063,"Durham, NC",2021,19248810.0
37063,"Durham, NC",2022,20466800.0
37063,"Durham, NC",2023,22109931.0
37063,"Durham, NC",2024,23736861.0
37065,"Edgecombe, NC",2019,1832077.0
37065,"Edgecombe, NC",2020,1976092.0
37065,"Edgecombe, NC",2021,2152653.0
37065,"Edgecombe, NC",2022,2159437.0
37065,"Edgecombe, NC",2023,2308921.0
37065,"Edgecombe, NC",2024,2461649.0
37067,"Forsyth, NC",2019,18630876.0
37067,"Forsyth, NC",2020,19861510.0
37067,"Forsyth, NC",2021,21951388.0
37067,"Forsyth, NC",2022,22667513.0
37067,"Forsyth, NC",2023,23974661.0
37067,"Forsyth, NC",2024,25476938.0
37069,"Franklin, NC",2019,2588869.0
37069,"Franklin, NC",2020,2869168.0
37069,"Franklin, NC",2021,3318786.0
37069,"Franklin, NC",2022,3511658.0
37069,"Franklin, NC",2023,3810724.0
37069,"Franklin, NC",2024,4157024.0
37071,"Gaston, NC",2019,9344559.0
37071,"Gaston, NC",2020,10315483.0
37071,"Gaston, NC",2021,11359675.0
37071,"Gaston, NC",2022,11758033.0
37071,"Gaston, NC",2023,12572079.0
37071,"Gaston, NC",2024,13406826.0
37073,"Gates, NC",2019,444707.0
37073,"Gates, NC",2020,467007.0
37073,"Gates, NC",2021,518473.0
37073,"Gates, NC",2022,528153.0
37073,"Gates, NC",2023,548131.0
37073,"Gates, NC",2024,576065.0
37075,"Graham, NC",2019,297226.0
37075,"Graham, NC",2020,317026.0
37075,"Graham, NC",2021,344053.0
37075,"Graham, NC",2022,332218.0
37075,"Graham, NC",2023,361525.0
37075,"Graham, NC",2024,389658.0
37077,"Granville, NC",2019,2428140.0
37077,"Granville, NC",2020,2614058.0
37077,"Granville, NC",2021,2880173.0
37077,"Granville, NC",2022,2964824.0
37077,"Granville, NC",2023,3170398.0
37077,"Granville, NC",2024,3374391.0
37079,"Greene, NC",2019,665913.0
37079,"Greene, NC",2020,718498.0
37079,"Greene, NC",2021,806399.0
37079,"Greene, NC",2022,810050.0
37079,"Greene, NC",2023,826729.0
37079,"Greene, NC",2024,886347.0
37081,"Guilford, NC",2019,25325772.0
37081,"Guilford, NC",2020,27010031.0
37081,"Guilford, NC",2021,29639893.0
37081,"Guilford, NC",2022,31093205.0
37081,"Guilford, NC",2023,33369860.0
37081,"Guilford, NC",2024,35577232.0
37083,"Halifax, NC",2019,1860578.0
37083,"Halifax, NC",2020,1961500.0
37083,"Halifax, NC",2021,2163711.0
37083,"Halifax, NC",2022,2145986.0
37083,"Halifax, NC",2023,2239390.0
37083,"Halifax, NC",2024,2377506.0
37085,"Harnett, NC",2019,4865594.0
37085,"Harnett, NC",2020,5268561.0
37085,"Harnett, NC",2021,6020866.0
37085,"Harnett, NC",2022,6339330.0
37085,"Harnett, NC",2023,6774834.0
37085,"Harnett, NC",2024,7323450.0
37087,"Haywood, NC",2019,2622968.0
37087,"Haywood, NC",2020,2801557.0
37087,"Haywood, NC",2021,3106024.0
37087,"Haywood, NC",2022,3187542.0
37087,"Haywood, NC",2023,3437890.0
37087,"Haywood, NC",2024,3686023.0
37089,"Henderson, NC",2019,5340236.0
37089,"Henderson, NC",2020,5655203.0
37089,"Henderson, NC",2021,6315060.0
37089,"Henderson, NC",2022,6588498.0
37089,"Henderson, NC",2023,7207344.0
37089,"Henderson, NC",2024,7689259.0
37091,"Hertford, NC",2019,774929.0
37091,"Hertford, NC",2020,838733.0
37091,"Hertford, NC",2021,897262.0
37091,"Hertford, NC",2022,871938.0
37091,"Hertford, NC",2023,901532.0
37091,"Hertford, NC",2024,954990.0
37093,"Hoke, NC",2019,1786351.0
37093,"Hoke, NC",2020,1950463.0
37093,"Hoke, NC",2021,2223828.0
37093,"Hoke, NC",2022,2243278.0
37093,"Hoke, NC",2023,2365485.0
37093,"Hoke, NC",2024,2554318.0
37095,"Hyde, NC",2019,196956.0
37095,"Hyde, NC",2020,205844.0
37095,"Hyde, NC",2021,234885.0
37095,"Hyde, NC",2022,227792.0
37095,"Hyde, NC",2023,247770.0
37095,"Hyde, NC",2024,260164.0
37097,"Iredell, NC",2019,9714106.0
37097,"Iredell, NC",2020,10626081.0
37097,"Iredell, NC",2021,11917862.0
37097,"Iredell, NC",2022,12484002.0
37097,"Iredell, NC",2023,13465608.0
37097,"Iredell, NC",2024,14468458.0
37099,"Jackson, NC",2019,1557980.0
37099,"Jackson, NC",2020,1694356.0
37099,"Jackson, NC",2021,1880175.0
37099,"Jackson, NC",2022,1964681.0
37099,"Jackson, NC",2023,2108169.0
37099,"Jackson, NC",2024,2258133.0
37101,"Johnston, NC",2019,8817687.0
37101,"Johnston, NC",2020,9808260.0
37101,"Johnston, NC",2021,11076444.0
37101,"Johnston, NC",2022,11814223.0
37101,"Johnston, NC",2023,12730529.0
37101,"Johnston, NC",2024,13822316.0
37103,"Jones, NC",2019,386106.0
37103,"Jones, NC",2020,391696.0
37103,"Jones, NC",2021,469514.0
37103,"Jones, NC",2022,466101.0
37103,"Jones, NC",2023,473156.0
37103,"Jones, NC",2024,510702.0
37105,"Lee, NC",2019,2635858.0
37105,"Lee, NC",2020,2870748.0
37105,"Lee, NC",2021,3192870.0
37105,"Lee, NC",2022,3342390.0
37105,"Lee, NC",2023,3653694.0
37105,"Lee, NC",2024,3933518.0
37107,"Lenoir, NC",2019,2286743.0
37107,"Lenoir, NC",2020,2464527.0
37107,"Lenoir, NC",2021,2744961.0
37107,"Lenoir, NC",2022,2829886.0
37107,"Lenoir, NC",2023,2956754.0
37107,"Lenoir, NC",2024,3153787.0
37109,"Lincoln, NC",2019,4121153.0
37109,"Lincoln, NC",2020,4499653.0
37109,"Lincoln, NC",2021,5075351.0
37109,"Lincoln, NC",2022,5457862.0
37109,"Lincoln, NC",2023,5897903.0
37109,"Lincoln, NC",2024,6328674.0
37111,"McDowell, NC",2019,1620564.0
37111,"McDowell, NC",2020,1770410.0
37111,"McDowell, NC",2021,1955693.0
37111,"McDowell, NC",2022,2021662.0
37111,"McDowell, NC",2023,2129542.0
37111,"McDowell, NC",2024,2286157.0
37113,"Macon, NC",2019,1509188.0
37113,"Macon, NC",2020,1632353.0
37113,"Macon, NC",2021,1810318.0
37113,"Macon, NC",2022,1885025.0
37113,"Macon, NC",2023,2071687.0
37113,"Macon, NC",2024,2166953.0
37115,"Madison, NC",2019,790059.0
37115,"Madison, NC",2020,840069.0
37115,"Madison, NC",2021,943836.0
37115,"Madison, NC",2022,984808.0
37115,"Madison, NC",2023,1058834.0
37115,"Madison, NC",2024,1138325.0
37117,"Martin, NC",2019,796578.0
37117,"Martin, NC",2020,844300.0
37117,"Martin, NC",2021,941971.0
37117,"Martin, NC",2022,913607.0
37117,"Martin, NC",2023,956334.0
37117,"Martin, NC",2024,1009206.0
37119,"Mecklenburg, NC",2019,70362774.0
37119,"Mecklenburg, NC",2020,76524860.0
37119,"Mecklenburg, NC",2021,84459108.0
37119,"Mecklenburg, NC",2022,90314022.0
37119,"Mecklenburg, NC",2023,97002272.0
37119,"Mecklenburg, NC",2024,103858464.0
37121,"Mitchell, NC",2019,556919.0
37121,"Mitchell, NC",2020,601159.0
37121,"Mitchell, NC",2021,657371.0
37121,"Mitchell, NC",2022,668179.0
37121,"Mitchell, NC",2023,724220.0
37121,"Mitchell, NC",2024,763165.0
37123,"Montgomery, NC",2019,990221.0
37123,"Montgomery, NC",2020,1079101.0
37123,"Montgomery, NC",2021,1188777.0
37123,"Montgomery, NC",2022,1212799.0
37123,"Montgomery, NC",2023,1243284.0
37123,"Montgomery, NC",2024,1323406.0
37125,"Moore, NC",2019,5298203.0
37125,"Moore, NC",2020,5757166.0
37125,"Moore, NC",2021,6368067.0
37125,"Moore, NC",2022,6858152.0
37125,"Moore, NC",2023,7335877.0
37125,"Moore, NC",2024,7905812.0
37127,"Nash, NC",2019,4129109.0
37127,"Nash, NC",2020,4443443.0
37127,"Nash, NC",2021,4789947.0
37127,"Nash, NC",2022,4854401.0
37127,"Nash, NC",2023,5128929.0
37127,"Nash, NC",2024,5501243.0
37129,"New Hanover, NC",2019,11292538.0
37129,"New Hanover, NC",2020,12153812.0
37129,"New Hanover, NC",2021,13872875.0
37129,"New Hanover, NC",2022,14600374.0
37129,"New Hanover, NC",2023,15930818.0
37129,"New Hanover, NC",2024,16952082.0
37131,"Northampton, NC",2019,696865.0
37131,"Northampton, NC",2020,723907.0
37131,"Northampton, NC",2021,814216.0
37131,"Northampton, NC",2022,812599.0
37131,"Northampton, NC",2023,833831.0
37131,"Northampton, NC",2024,875733.0
37133,"Onslow, NC",2019,8924079.0
37133,"Onslow, NC",2020,9601101.0
37133,"Onslow, NC",2021,10585380.0
37133,"Onslow, NC",2022,10802547.0
37133,"Onslow, NC",2023,11410477.0
37133,"Onslow, NC",2024,12234134.0
37135,"Orange, NC",2019,9758549.0
37135,"Orange, NC",2020,10100612.0
37135,"Orange, NC",2021,11324975.0
37135,"Orange, NC",2022,11745821.0
37135,"Orange, NC",2023,12662348.0
37135,"Orange, NC",2024,13419175.0
37137,"Pamlico, NC",2019,564299.0
37137,"Pamlico, NC",2020,600257.0
37137,"Pamlico, NC",2021,650623.0
37137,"Pamlico, NC",2022,656379.0
37137,"Pamlico, NC",2023,710827.0
37137,"Pamlico, NC",2024,748408.0
37139,"Pasquotank, NC",2019,1593940.0
37139,"Pasquotank, NC",2020,1739521.0
37139,"Pasquotank, NC",2021,1929750.0
37139,"Pasquotank, NC",2022,1968272.0
37139,"Pasquotank, NC",2023,2100591.0
37139,"Pasquotank, NC",2024,2233571.0
37141,"Pender, NC",2019,2514095.0
37141,"Pender, NC",2020,2722587.0
37141,"Pender, NC",2021,3139935.0
37141,"Pender, NC",2022,3365753.0
37141,"Pender, NC",2023,3668561.0
37141,"Pender, NC",2024,3965368.0
37143,"Perquimans, NC",2019,561110.0
37143,"Perquimans, NC",2020,601993.0
37143,"Perquimans, NC",2021,699604.0
37143,"Perquimans, NC",2022,707788.0
37143,"Perquimans, NC",2023,752580.0
37143,"Perquimans, NC",2024,793223.0
37145,"Person, NC",2019,1541313.0
37145,"Person, NC",2020,1673168.0
37145,"Person, NC",2021,1800453.0
37145,"Person, NC",2022,1843655.0
37145,"Person, NC",2023,1990040.0
37145,"Person, NC",2024,2118139.0
37147,"Pitt, NC",2019,7732935.0
37147,"Pitt, NC",2020,8365654.0
37147,"Pitt, NC",2021,9143833.0
37147,"Pitt, NC",2022,9371287.0
37147,"Pitt, NC",2023,9862776.0
37147,"Pitt, NC",2024,10623837.0
37149,"Polk, NC",2019,993665.0
37149,"Polk, NC",2020,1067547.0
37149,"Polk, NC",2021,1169288.0
37149,"Polk, NC",2022,1258733.0
37149,"Polk, NC",2023,1374435.0
37149,"Polk, NC",2024,1467836.0
37151,"Randolph, NC",2019,5609562.0
37151,"Randolph, NC",2020,6011965.0
37151,"Randolph, NC",2021,6724719.0
37151,"Randolph, NC",2022,6944016.0
37151,"Randolph, NC",2023,7252073.0
37151,"Randolph, NC",2024,7706424.0
37153,"Richmond, NC",2019,1590471.0
37153,"Richmond, NC",2020,1730034.0
37153,"Richmond, NC",2021,1938918.0
37153,"Richmond, NC",2022,1967040.0
37153,"Richmond, NC",2023,2019727.0
37153,"Richmond, NC",2024,2162567.0
37155,"Robeson, NC",2019,3963832.0
37155,"Robeson, NC",2020,4295891.0
37155,"Robeson, NC",2021,4857250.0
37155,"Robeson, NC",2022,4956110.0
37155,"Robeson, NC",2023,5166951.0
37155,"Robeson, NC",2024,5521972.0
37157,"Rockingham, NC",2019,3497575.0
37157,"Rockingham, NC",2020,3764944.0
37157,"Rockingham, NC",2021,4163421.0
37157,"Rockingham, NC",2022,4263768.0
37157,"Rockingham, NC",2023,4474148.0
37157,"Rockingham, NC",2024,4754446.0
37159,"Rowan, NC",2019,5710562.0
37159,"Rowan, NC",2020,6207249.0
37159,"Rowan, NC",2021,6891987.0
37159,"Rowan, NC",2022,7013865.0
37159,"Rowan, NC",2023,7465367.0
37159,"Rowan, NC",2024,7931769.0
37161,"Rutherford, NC",2019,2289530.0
37161,"Rutherford, NC",2020,2475211.0
37161,"Rutherford, NC",2021,2731264.0
37161,"Rutherford, NC",2022,2769438.0
37161,"Rutherford, NC",2023,2906780.0
37161,"Rutherford, NC",2024,3115387.0
37163,"Sampson, NC",2019,2249084.0
37163,"Sampson, NC",2020,2417388.0
37163,"Sampson, NC",2021,2776825.0
37163,"Sampson, NC",2022,2848039.0
37163,"Sampson, NC",2023,2834621.0
37163,"Sampson, NC",2024,3076647.0
37165,"Scotland, NC",2019,1184806.0
37165,"Scotland, NC",2020,1299132.0
37165,"Scotland, NC",2021,1452302.0
37165,"Scotland, NC",2022,1438507.0
37165,"Scotland, NC",2023,1500066.0
37165,"Scotland, NC",2024,1618543.0
37167,"Stanly, NC",2019,2498704.0
37167,"Stanly, NC",2020,2704798.0
37167,"Stanly, NC",2021,3019957.0
37167,"Stanly, NC",2022,3118901.0
37167,"Stanly, NC",2023,3381350.0
37167,"Stanly, NC",2024,3650654.0
37169,"Stokes, NC",2019,1761230.0
37169,"Stokes, NC",2020,1859159.0
37169,"Stokes, NC",2021,2083367.0
37169,"Stokes, NC",2022,2128190.0
37169,"Stokes, NC",2023,2246751.0
37169,"Stokes, NC",2024,2398524.0
37171,"Surry, NC",2019,2829638.0
37171,"Surry, NC",2020,3061749.0
37171,"Surry, NC",2021,3447266.0
37171,"Surry, NC",2022,3554179.0
37171,"Surry, NC",2023,3659043.0
37171,"Surry, NC",2024,3882617.0
37173,"Swain, NC",2019,582998.0
37173,"Swain, NC",2020,631971.0
37173,"Swain, NC",2021,715673.0
37173,"Swain, NC",2022,732125.0
37173,"Swain, NC",2023,774547.0
37173,"Swain, NC",2024,832023.0
37175,"Transylvania, NC",2019,1490518.0
37175,"Transylvania, NC",2020,1567095.0
37175,"Transylvania, NC",2021,1787002.0
37175,"Transylvania, NC",2022,1897005.0
37175,"Transylvania, NC",2023,2073044.0
37175,"Transylvania, NC",2024,2204453.0
37177,"Tyrrell, NC",2019,127918.0
37177,"Tyrrell, NC",2020,138138.0
37177,"Tyrrell, NC",2021,160725.0
37177,"Tyrrell, NC",2022,148872.0
37177,"Tyrrell, NC",2023,161797.0
37177,"Tyrrell, NC",2024,165295.0
37179,"Union, NC",2019,13087964.0
37179,"Union, NC",2020,13926350.0
37179,"Union, NC",2021,15816574.0
37179,"Union, NC",2022,17403669.0
37179,"Union, NC",2023,18819343.0
37179,"Union, NC",2024,20156290.0
37181,"Vance, NC",2019,1556257.0
37181,"Vance, NC",2020,1692197.0
37181,"Vance, NC",2021,1892284.0
37181,"Vance, NC",2022,1854180.0
37181,"Vance, NC",2023,1977589.0
37181,"Vance, NC",2024,2091572.0
37183,"Wake, NC",2019,69016602.0
37183,"Wake, NC",2020,74527402.0
37183,"Wake, NC",2021,85920329.0
37183,"Wake, NC",2022,90981772.0
37183,"Wake, NC",2023,97971738.0
37183,"Wake, NC",2024,105463340.0
37185,"Warren, NC",2019,595635.0
37185,"Warren, NC",2020,654118.0
37185,"Warren, NC",2021,732899.0
37185,"Warren, NC",2022,703101.0
37185,"Warren, NC",2023,735288.0
37185,"Warren, NC",2024,781032.0
37187,"Washington, NC",2019,424390.0
37187,"Washington, NC",2020,453811.0
37187,"Washington, NC",2021,512639.0
37187,"Washington, NC",2022,494368.0
37187,"Washington, NC",2023,520618.0
37187,"Washington, NC",2024,541009.0
37189,"Watauga, NC",2019,2174781.0
37189,"Watauga, NC",2020,2338941.0
37189,"Watauga, NC",2021,2571225.0
37189,"Watauga, NC",2022,2722972.0
37189,"Watauga, NC",2023,2944735.0
37189,"Watauga, NC",2024,3104161.0
37191,"Wayne, NC",2019,4858528.0
37191,"Wayne, NC",2020,5185986.0
37191,"Wayne, NC",2021,5781761.0
37191,"Wayne, NC",2022,5781206.0
37191,"Wayne, NC",2023,6017116.0
37191,"Wayne, NC",2024,6492893.0
37193,"Wilkes, NC",2019,2565288.0
37193,"Wilkes, NC",2020,2716642.0
37193,"Wilkes, NC",2021,3035585.0
37193,"Wilkes, NC",2022,3237977.0
37193,"Wilkes, NC",2023,3274925.0
37193,"Wilkes, NC",2024,3500715.0
37195,"Wilson, NC",2019,3277630.0
37195,"Wilson, NC",2020,3520621.0
37195,"Wilson, NC",2021,3836588.0
37195,"Wilson, NC",2022,3884198.0
37195,"Wilson, NC",2023,4120488.0
37195,"Wilson, NC",2024,4391977.0
37197,"Yadkin, NC",2019,1468857.0
37197,"Yadkin, NC",2020,1551636.0
37197,"Yadkin, NC",2021,1748826.0
37197,"Yadkin, NC",2022,1826181.0
37197,"Yadkin, NC",2023,1915621.0
37197,"Yadkin, NC",2024,2047216.0
37199,"Yancey, NC",2019,679460.0
37199,"Yancey, NC",2020,730326.0
37199,"Yancey, NC",2021,791070.0
37199,"Yancey, NC",2022,810516.0
37199,"Yancey, NC",2023,876776.0
37199,"Yancey, NC",2024,928903.0
38001,"Adams, ND",2019,109772.0
38001,"Adams, ND",2020,131015.0
38001,"Adams, ND",2021,125182.0
38001,"Adams, ND",2022,130019.0
38001,"Adams, ND",2023,113923.0
38001,"Adams, ND",2024,109481.0
38003,"Barnes, ND",2019,601763.0
38003,"Barnes, ND",2020,656084.0
38003,"Barnes, ND",2021,723360.0
38003,"Barnes, ND",2022,801855.0
38003,"Barnes, ND",2023,799292.0
38003,"Barnes, ND",2024,707677.0
38005,"Benson, ND",2019,244058.0
38005,"Benson, ND",2020,295707.0
38005,"Benson, ND",2021,333487.0
38005,"Benson, ND",2022,386291.0
38005,"Benson, ND",2023,341910.0
38005,"Benson, ND",2024,313792.0
38007,"Billings, ND",2019,75460.0
38007,"Billings, ND",2020,75231.0
38007,"Billings, ND",2021,84391.0
38007,"Billings, ND",2022,84213.0
38007,"Billings, ND",2023,85090.0
38007,"Billings, ND",2024,88413.0
38009,"Bottineau, ND",2019,387353.0
38009,"Bottineau, ND",2020,437377.0
38009,"Bottineau, ND",2021,462752.0
38009,"Bottineau, ND",2022,567741.0
38009,"Bottineau, ND",2023,511814.0
38009,"Bottineau, ND",2024,487315.0
38011,"Bowman, ND",2019,207874.0
38011,"Bowman, ND",2020,210674.0
38011,"Bowman, ND",2021,223592.0
38011,"Bowman, ND",2022,209829.0
38011,"Bowman, ND",2023,199040.0
38011,"Bowman, ND",2024,212314.0
38013,"Burke, ND",2019,161404.0
38013,"Burke, ND",2020,167382.0
38013,"Burke, ND",2021,155787.0
38013,"Burke, ND",2022,218043.0
38013,"Burke, ND",2023,182935.0
38013,"Burke, ND",2024,179317.0
38015,"Burleigh, ND",2019,5856367.0
38015,"Burleigh, ND",2020,6148018.0
38015,"Burleigh, ND",2021,6875727.0
38015,"Burleigh, ND",2022,7206252.0
38015,"Burleigh, ND",2023,7450656.0
38015,"Burleigh, ND",2024,7807653.0
38017,"Cass, ND",2019,10551364.0
38017,"Cass, ND",2020,11346275.0
38017,"Cass, ND",2021,12792628.0
38017,"Cass, ND",2022,13467190.0
38017,"Cass, ND",2023,14297219.0
38017,"Cass, ND",2024,14893611.0
38019,"Cavalier, ND",2019,242918.0
38019,"Cavalier, ND",2020,340046.0
38019,"Cavalier, ND",2021,330430.0
38019,"Cavalier, ND",2022,485949.0
38019,"Cavalier, ND",2023,372356.0
38019,"Cavalier, ND",2024,336364.0
38021,"Dickey, ND",2019,317305.0
38021,"Dickey, ND",2020,328970.0
38021,"Dickey, ND",2021,381187.0
38021,"Dickey, ND",2022,485691.0
38021,"Dickey, ND",2023,509585.0
38021,"Dickey, ND",2024,471494.0
38023,"Divide, ND",2019,128223.0
38023,"Divide, ND",2020,137661.0
38023,"Divide, ND",2021,143330.0
38023,"Divide, ND",2022,163635.0
38023,"Divide, ND",2023,137105.0
38023,"Divide, ND",2024,121677.0
38025,"Dunn, ND",2019,298171.0
38025,"Dunn, ND",2020,304379.0
38025,"Dunn, ND",2021,361051.0
38025,"Dunn, ND",2022,410175.0
38025,"Dunn, ND",2023,404115.0
38025,"Dunn, ND",2024,402264.0
38027,"Eddy, ND",2019,136645.0
38027,"Eddy, ND",2020,158355.0
38027,"Eddy, ND",2021,173882.0
38027,"Eddy, ND",2022,208007.0
38027,"Eddy, ND",2023,188328.0
38027,"Eddy, ND",2024,179046.0
38029,"Emmons, ND",2019,163142.0
38029,"Emmons, ND",2020,208412.0
38029,"Emmons, ND",2021,254317.0
38029,"Emmons, ND",2022,290805.0
38029,"Emmons, ND",2023,228537.0
38029,"Emmons, ND",2024,188368.0
38031,"Foster, ND",2019,200323.0
38031,"Foster, ND",2020,246212.0
38031,"Foster, ND",2021,274219.0
38031,"Foster, ND",2022,294787.0
38031,"Foster, ND",2023,259174.0
38031,"Foster, ND",2024,232101.0
38033,"Golden Valley, ND",2019,69979.0
38033,"Golden Valley, ND",2020,87302.0
38033,"Golden Valley, ND",2021,111420.0
38033,"Golden Valley, ND",2022,95354.0
38033,"Golden Valley, ND",2023,80473.0
38033,"Golden Valley, ND",2024,81509.0
38035,"Grand Forks, ND",2019,3695452.0
38035,"Grand Forks, ND",2020,4010144.0
38035,"Grand Forks, ND",2021,4279778.0
38035,"Grand Forks, ND",2022,4452567.0
38035,"Grand Forks, ND",2023,4730249.0
38035,"Grand Forks, ND",2024,4899994.0
38037,"Grant, ND",2019,99247.0
38037,"Grant, ND",2020,127435.0
38037,"Grant, ND",2021,140384.0
38037,"Grant, ND",2022,144649.0
38037,"Grant, ND",2023,115919.0
38037,"Grant, ND",2024,110302.0
38039,"Griggs, ND",2019,131155.0
38039,"Griggs, ND",2020,154331.0
38039,"Griggs, ND",2021,180216.0
38039,"Griggs, ND",2022,212447.0
38039,"Griggs, ND",2023,193238.0
38039,"Griggs, ND",2024,165811.0
38041,"Hettinger, ND",2019,126424.0
38041,"Hettinger, ND",2020,150014.0
38041,"Hettinger, ND",2021,147021.0
38041,"Hettinger, ND",2022,164957.0
38041,"Hettinger, ND",2023,121756.0
38041,"Hettinger, ND",2024,109660.0
38043,"Kidder, ND",2019,128708.0
38043,"Kidder, ND",2020,158311.0
38043,"Kidder, ND",2021,186012.0
38043,"Kidder, ND",2022,194981.0
38043,"Kidder, ND",2023,189347.0
38043,"Kidder, ND",2024,170112.0
38045,"LaMoure, ND",2019,249116.0
38045,"LaMoure, ND",2020,274324.0
38045,"LaMoure, ND",2021,306076.0
38045,"LaMoure, ND",2022,381517.0
38045,"LaMoure, ND",2023,378005.0
38045,"LaMoure, ND",2024,306577.0
38047,"Logan, ND",2019,93825.0
38047,"Logan, ND",2020,111149.0
38047,"Logan, ND",2021,131768.0
38047,"Logan, ND",2022,153510.0
38047,"Logan, ND",2023,135088.0
38047,"Logan, ND",2024,115131.0
38049,"McHenry, ND",2019,300237.0
38049,"McHenry, ND",2020,348151.0
38049,"McHenry, ND",2021,392362.0
38049,"McHenry, ND",2022,402988.0
38049,"McHenry, ND",2023,371245.0
38049,"McHenry, ND",2024,349478.0
38051,"McIntosh, ND",2019,150449.0
38051,"McIntosh, ND",2020,174339.0
38051,"McIntosh, ND",2021,207855.0
38051,"McIntosh, ND",2022,213890.0
38051,"McIntosh, ND",2023,181981.0
38051,"McIntosh, ND",2024,166522.0
38053,"McKenzie, ND",2019,1009670.0
38053,"McKenzie, ND",2020,933039.0
38053,"McKenzie, ND",2021,959964.0
38053,"McKenzie, ND",2022,1112606.0
38053,"McKenzie, ND",2023,1160042.0
38053,"McKenzie, ND",2024,1227510.0
38055,"McLean, ND",2019,575361.0
38055,"McLean, ND",2020,634392.0
38055,"McLean, ND",2021,778479.0
38055,"McLean, ND",2022,767892.0
38055,"McLean, ND",2023,711748.0
38055,"McLean, ND",2024,693012.0
38057,"Mercer, ND",2019,488051.0
38057,"Mercer, ND",2020,515636.0
38057,"Mercer, ND",2021,555919.0
38057,"Mercer, ND",2022,543615.0
38057,"Mercer, ND",2023,562944.0
38057,"Mercer, ND",2024,583811.0
38059,"Morton, ND",2019,1709633.0
38059,"Morton, ND",2020,1853287.0
38059,"Morton, ND",2021,2055631.0
38059,"Morton, ND",2022,2089356.0
38059,"Morton, ND",2023,2125538.0
38059,"Morton, ND",2024,2204410.0
38061,"Mountrail, ND",2019,665010.0
38061,"Mountrail, ND",2020,675065.0
38061,"Mountrail, ND",2021,718666.0
38061,"Mountrail, ND",2022,775183.0
38061,"Mountrail, ND",2023,747347.0
38061,"Mountrail, ND",2024,755058.0
38063,"Nelson, ND",2019,179094.0
38063,"Nelson, ND",2020,204800.0
38063,"Nelson, ND",2021,215479.0
38063,"Nelson, ND",2022,275311.0
38063,"Nelson, ND",2023,244807.0
38063,"Nelson, ND",2024,233229.0
38065,"Oliver, ND",2019,86109.0
38065,"Oliver, ND",2020,97254.0
38065,"Oliver, ND",2021,121823.0
38065,"Oliver, ND",2022,114644.0
38065,"Oliver, ND",2023,104279.0
38065,"Oliver, ND",2024,98970.0
38067,"Pembina, ND",2019,401857.0
38067,"Pembina, ND",2020,485444.0
38067,"Pembina, ND",2021,567543.0
38067,"Pembina, ND",2022,610470.0
38067,"Pembina, ND",2023,597799.0
38067,"Pembina, ND",2024,573287.0
38069,"Pierce, ND",2019,194858.0
38069,"Pierce, ND",2020,223727.0
38069,"Pierce, ND",2021,270729.0
38069,"Pierce, ND",2022,289267.0
38069,"Pierce, ND",2023,250410.0
38069,"Pierce, ND",2024,233406.0
38071,"Ramsey, ND",2019,581004.0
38071,"Ramsey, ND",2020,646860.0
38071,"Ramsey, ND",2021,715071.0
38071,"Ramsey, ND",2022,796477.0
38071,"Ramsey, ND",2023,775724.0
38071,"Ramsey, ND",2024,753449.0
38073,"Ransom, ND",2019,312877.0
38073,"Ransom, ND",2020,328030.0
38073,"Ransom, ND",2021,377187.0
38073,"Ransom, ND",2022,429260.0
38073,"Ransom, ND",2023,447822.0
38073,"Ransom, ND",2024,404456.0
38075,"Renville, ND",2019,163643.0
38075,"Renville, ND",2020,181971.0
38075,"Renville, ND",2021,176358.0
38075,"Renville, ND",2022,257832.0
38075,"Renville, ND",2023,210240.0
38075,"Renville, ND",2024,189829.0
38077,"Richland, ND",2019,825787.0
38077,"Richland, ND",2020,845340.0
38077,"Richland, ND",2021,1035872.0
38077,"Richland, ND",2022,1097398.0
38077,"Richland, ND",2023,1218675.0
38077,"Richland, ND",2024,1141873.0
38079,"Rolette, ND",2019,516460.0
38079,"Rolette, ND",2020,594657.0
38079,"Rolette, ND",2021,646912.0
38079,"Rolette, ND",2022,687584.0
38079,"Rolette, ND",2023,667336.0
38079,"Rolette, ND",2024,679421.0
38081,"Sargent, ND",2019,240984.0
38081,"Sargent, ND",2020,250590.0
38081,"Sargent, ND",2021,312422.0
38081,"Sargent, ND",2022,349847.0
38081,"Sargent, ND",2023,372683.0
38081,"Sargent, ND",2024,301282.0
38083,"Sheridan, ND",2019,61730.0
38083,"Sheridan, ND",2020,75563.0
38083,"Sheridan, ND",2021,102169.0
38083,"Sheridan, ND",2022,120981.0
38083,"Sheridan, ND",2023,82692.0
38083,"Sheridan, ND",2024,65896.0
38085,"Sioux, ND",2019,117730.0
38085,"Sioux, ND",2020,140079.0
38085,"Sioux, ND",2021,142078.0
38085,"Sioux, ND",2022,148106.0
38085,"Sioux, ND",2023,132850.0
38085,"Sioux, ND",2024,125433.0
38087,"Slope, ND",2019,34657.0
38087,"Slope, ND",2020,43983.0
38087,"Slope, ND",2021,43145.0
38087,"Slope, ND",2022,43727.0
38087,"Slope, ND",2023,27510.0
38087,"Slope, ND",2024,24162.0
38089,"Stark, ND",2019,2075690.0
38089,"Stark, ND",2020,2072382.0
38089,"Stark, ND",2021,2090847.0
38089,"Stark, ND",2022,2238295.0
38089,"Stark, ND",2023,2363151.0
38089,"Stark, ND",2024,2470829.0
38091,"Steele, ND",2019,120151.0
38091,"Steele, ND",2020,152682.0
38091,"Steele, ND",2021,164160.0
38091,"Steele, ND",2022,195219.0
38091,"Steele, ND",2023,173016.0
38091,"Steele, ND",2024,138633.0
38093,"Stutsman, ND",2019,1104302.0
38093,"Stutsman, ND",2020,1243167.0
38093,"Stutsman, ND",2021,1329027.0
38093,"Stutsman, ND",2022,1455605.0
38093,"Stutsman, ND",2023,1476050.0
38093,"Stutsman, ND",2024,1428741.0
38095,"Towner, ND",2019,131540.0
38095,"Towner, ND",2020,182257.0
38095,"Towner, ND",2021,162068.0
38095,"Towner, ND",2022,261491.0
38095,"Towner, ND",2023,201935.0
38095,"Towner, ND",2024,165454.0
38097,"Traill, ND",2019,450921.0
38097,"Traill, ND",2020,523046.0
38097,"Traill, ND",2021,537085.0
38097,"Traill, ND",2022,591115.0
38097,"Traill, ND",2023,588732.0
38097,"Traill, ND",2024,568597.0
38099,"Walsh, ND",2019,541274.0
38099,"Walsh, ND",2020,643651.0
38099,"Walsh, ND",2021,697751.0
38099,"Walsh, ND",2022,792229.0
38099,"Walsh, ND",2023,773198.0
38099,"Walsh, ND",2024,758972.0
38101,"Ward, ND",2019,3821007.0
38101,"Ward, ND",2020,3999005.0
38101,"Ward, ND",2021,4151694.0
38101,"Ward, ND",2022,4413402.0
38101,"Ward, ND",2023,4566260.0
38101,"Ward, ND",2024,4710148.0
38103,"Wells, ND",2019,234517.0
38103,"Wells, ND",2020,291647.0
38103,"Wells, ND",2021,323241.0
38103,"Wells, ND",2022,414515.0
38103,"Wells, ND",2023,343906.0
38103,"Wells, ND",2024,312350.0
38105,"Williams, ND",2019,2626563.0
38105,"Williams, ND",2020,2497668.0
38105,"Williams, ND",2021,2438843.0
38105,"Williams, ND",2022,2764530.0
38105,"Williams, ND",2023,2947387.0
38105,"Williams, ND",2024,3105152.0
39001,"Adams, OH",2019,981806.0
39001,"Adams, OH",2020,1098073.0
39001,"Adams, OH",2021,1226875.0
39001,"Adams, OH",2022,1184661.0
39001,"Adams, OH",2023,1259121.0
39001,"Adams, OH",2024,1328304.0
39003,"Allen, OH",2019,4418472.0
39003,"Allen, OH",2020,4791874.0
39003,"Allen, OH",2021,5120829.0
39003,"Allen, OH",2022,5135848.0
39003,"Allen, OH",2023,5444549.0
39003,"Allen, OH",2024,5655112.0
39005,"Ashland, OH",2019,2056587.0
39005,"Ashland, OH",2020,2244143.0
39005,"Ashland, OH",2021,2494351.0
39005,"Ashland, OH",2022,2498682.0
39005,"Ashland, OH",2023,2660876.0
39005,"Ashland, OH",2024,2790541.0
39007,"Ashtabula, OH",2019,3851061.0
39007,"Ashtabula, OH",2020,4211333.0
39007,"Ashtabula, OH",2021,4535992.0
39007,"Ashtabula, OH",2022,4610867.0
39007,"Ashtabula, OH",2023,4908167.0
39007,"Ashtabula, OH",2024,5161073.0
39009,"Athens, OH",2019,2236998.0
39009,"Athens, OH",2020,2380930.0
39009,"Athens, OH",2021,2519401.0
39009,"Athens, OH",2022,2492168.0
39009,"Athens, OH",2023,2633957.0
39009,"Athens, OH",2024,2777816.0
39011,"Auglaize, OH",2019,2176886.0
39011,"Auglaize, OH",2020,2374345.0
39011,"Auglaize, OH",2021,2580927.0
39011,"Auglaize, OH",2022,2607593.0
39011,"Auglaize, OH",2023,2796954.0
39011,"Auglaize, OH",2024,2908687.0
39013,"Belmont, OH",2019,2848870.0
39013,"Belmont, OH",2020,2898306.0
39013,"Belmont, OH",2021,3068244.0
39013,"Belmont, OH",2022,3168785.0
39013,"Belmont, OH",2023,3370734.0
39013,"Belmont, OH",2024,3556507.0
39015,"Brown, OH",2019,1692452.0
39015,"Brown, OH",2020,1864944.0
39015,"Brown, OH",2021,2030106.0
39015,"Brown, OH",2022,2046988.0
39015,"Brown, OH",2023,2141309.0
39015,"Brown, OH",2024,2221126.0
39017,"Butler, OH",2019,19006803.0
39017,"Butler, OH",2020,20313257.0
39017,"Butler, OH",2021,21499890.0
39017,"Butler, OH",2022,21685283.0
39017,"Butler, OH",2023,22837978.0
39017,"Butler, OH",2024,23987345.0
39019,"Carroll, OH",2019,1092519.0
39019,"Carroll, OH",2020,1189513.0
39019,"Carroll, OH",2021,1277684.0
39019,"Carroll, OH",2022,1288363.0
39019,"Carroll, OH",2023,1364173.0
39019,"Carroll, OH",2024,1414976.0
39021,"Champaign, OH",2019,1628499.0
39021,"Champaign, OH",2020,1796876.0
39021,"Champaign, OH",2021,1922198.0
39021,"Champaign, OH",2022,1906986.0
39021,"Champaign, OH",2023,2046180.0
39021,"Champaign, OH",2024,2126062.0
39023,"Clark, OH",2019,5571848.0
39023,"Clark, OH",2020,6044186.0
39023,"Clark, OH",2021,6464839.0
39023,"Clark, OH",2022,6469009.0
39023,"Clark, OH",2023,6840232.0
39023,"Clark, OH",2024,7136493.0
39025,"Clermont, OH",2019,11850023.0
39025,"Clermont, OH",2020,12717227.0
39025,"Clermont, OH",2021,13075365.0
39025,"Clermont, OH",2022,12722399.0
39025,"Clermont, OH",2023,13489379.0
39025,"Clermont, OH",2024,14182349.0
39027,"Clinton, OH",2019,1903787.0
39027,"Clinton, OH",2020,1996599.0
39027,"Clinton, OH",2021,2135566.0
39027,"Clinton, OH",2022,2159760.0
39027,"Clinton, OH",2023,2298535.0
39027,"Clinton, OH",2024,2347475.0
39029,"Columbiana, OH",2019,4005851.0
39029,"Columbiana, OH",2020,4337410.0
39029,"Columbiana, OH",2021,4621683.0
39029,"Columbiana, OH",2022,4562046.0
39029,"Columbiana, OH",2023,4836503.0
39029,"Columbiana, OH",2024,5109226.0
39031,"Coshocton, OH",2019,1307699.0
39031,"Coshocton, OH",2020,1440128.0
39031,"Coshocton, OH",2021,1580266.0
39031,"Coshocton, OH",2022,1554342.0
39031,"Coshocton, OH",2023,1659643.0
39031,"Coshocton, OH",2024,1728178.0
39033,"Crawford, OH",2019,1595774.0
39033,"Crawford, OH",2020,1764633.0
39033,"Crawford, OH",2021,1991728.0
39033,"Crawford, OH",2022,1909362.0
39033,"Crawford, OH",2023,2020789.0
39033,"Crawford, OH",2024,2075538.0
39035,"Cuyahoga, OH",2019,68797522.0
39035,"Cuyahoga, OH",2020,72254336.0
39035,"Cuyahoga, OH",2021,78481242.0
39035,"Cuyahoga, OH",2022,79990604.0
39035,"Cuyahoga, OH",2023,86183030.0
39035,"Cuyahoga, OH",2024,90311785.0
39037,"Darke, OH",2019,2239128.0
39037,"Darke, OH",2020,2481803.0
39037,"Darke, OH",2021,2716787.0
39037,"Darke, OH",2022,2711953.0
39037,"Darke, OH",2023,2933733.0
39037,"Darke, OH",2024,3083356.0
39039,"Defiance, OH",2019,1582281.0
39039,"Defiance, OH",2020,1694287.0
39039,"Defiance, OH",2021,1842132.0
39039,"Defiance, OH",2022,1834220.0
39039,"Defiance, OH",2023,1913330.0
39039,"Defiance, OH",2024,1977881.0
39041,"Delaware, OH",2019,16026495.0
39041,"Delaware, OH",2020,17014636.0
39041,"Delaware, OH",2021,18961711.0
39041,"Delaware, OH",2022,19978910.0
39041,"Delaware, OH",2023,21523748.0
39041,"Delaware, OH",2024,22980985.0
39043,"Erie, OH",2019,4086797.0
39043,"Erie, OH",2020,4059938.0
39043,"Erie, OH",2021,4306817.0
39043,"Erie, OH",2022,4324860.0
39043,"Erie, OH",2023,4518814.0
39043,"Erie, OH",2024,4677610.0
39045,"Fairfield, OH",2019,7531427.0
39045,"Fairfield, OH",2020,8221301.0
39045,"Fairfield, OH",2021,8859267.0
39045,"Fairfield, OH",2022,9079901.0
39045,"Fairfield, OH",2023,9661874.0
39045,"Fairfield, OH",2024,10264513.0
39047,"Fayette, OH",2019,1129333.0
39047,"Fayette, OH",2020,1293092.0
39047,"Fayette, OH",2021,1388911.0
39047,"Fayette, OH",2022,1374116.0
39047,"Fayette, OH",2023,1440720.0
39047,"Fayette, OH",2024,1460569.0
39049,"Franklin, OH",2019,66894635.0
39049,"Franklin, OH",2020,72050424.0
39049,"Franklin, OH",2021,78973650.0
39049,"Franklin, OH",2022,80872516.0
39049,"Franklin, OH",2023,85556726.0
39049,"Franklin, OH",2024,90471869.0
39051,"Fulton, OH",2019,1955855.0
39051,"Fulton, OH",2020,2111695.0
39051,"Fulton, OH",2021,2267062.0
39051,"Fulton, OH",2022,2273460.0
39051,"Fulton, OH",2023,2381284.0
39051,"Fulton, OH",2024,2457575.0
39053,"Gallia, OH",2019,1207243.0
39053,"Gallia, OH",2020,1300923.0
39053,"Gallia, OH",2021,1357061.0
39053,"Gallia, OH",2022,1372331.0
39053,"Gallia, OH",2023,1460084.0
39053,"Gallia, OH",2024,1542993.0
39055,"Geauga, OH",2019,6684379.0
39055,"Geauga, OH",2020,6824611.0
39055,"Geauga, OH",2021,7707072.0
39055,"Geauga, OH",2022,7762057.0
39055,"Geauga, OH",2023,8363981.0
39055,"Geauga, OH",2024,8788039.0
39057,"Greene, OH",2019,8640713.0
39057,"Greene, OH",2020,9234338.0
39057,"Greene, OH",2021,10094940.0
39057,"Greene, OH",2022,10260366.0
39057,"Greene, OH",2023,10974292.0
39057,"Greene, OH",2024,11594340.0
39059,"Guernsey, OH",2019,1606793.0
39059,"Guernsey, OH",2020,1774150.0
39059,"Guernsey, OH",2021,1882955.0
39059,"Guernsey, OH",2022,1864121.0
39059,"Guernsey, OH",2023,1959910.0
39059,"Guernsey, OH",2024,2015649.0
39061,"Hamilton, OH",2019,49384669.0
39061,"Hamilton, OH",2020,52327893.0
39061,"Hamilton, OH",2021,58341043.0
39061,"Hamilton, OH",2022,59503262.0
39061,"Hamilton, OH",2023,63256801.0
39061,"Hamilton, OH",2024,66140150.0
39063,"Hancock, OH",2019,3828171.0
39063,"Hancock, OH",2020,4167237.0
39063,"Hancock, OH",2021,4270591.0
39063,"Hancock, OH",2022,4449221.0
39063,"Hancock, OH",2023,5097604.0
39063,"Hancock, OH",2024,5261329.0
39065,"Hardin, OH",2019,1035971.0
39065,"Hardin, OH",2020,1141543.0
39065,"Hardin, OH",2021,1237471.0
39065,"Hardin, OH",2022,1231271.0
39065,"Hardin, OH",2023,1303152.0
39065,"Hardin, OH",2024,1357812.0
39067,"Harrison, OH",2019,595036.0
39067,"Harrison, OH",2020,623091.0
39067,"Harrison, OH",2021,668135.0
39067,"Harrison, OH",2022,675143.0
39067,"Harrison, OH",2023,738818.0
39067,"Harrison, OH",2024,777943.0
39069,"Henry, OH",2019,1228689.0
39069,"Henry, OH",2020,1355258.0
39069,"Henry, OH",2021,1458914.0
39069,"Henry, OH",2022,1464101.0
39069,"Henry, OH",2023,1526370.0
39069,"Henry, OH",2024,1543433.0
39071,"Highland, OH",2019,1604576.0
39071,"Highland, OH",2020,1774096.0
39071,"Highland, OH",2021,1944693.0
39071,"Highland, OH",2022,1935548.0
39071,"Highland, OH",2023,2025287.0
39071,"Highland, OH",2024,2100679.0
39073,"Hocking, OH",2019,1120026.0
39073,"Hocking, OH",2020,1214972.0
39073,"Hocking, OH",2021,1289973.0
39073,"Hocking, OH",2022,1281898.0
39073,"Hocking, OH",2023,1326856.0
39073,"Hocking, OH",2024,1377957.0
39075,"Holmes, OH",2019,2049419.0
39075,"Holmes, OH",2020,2192059.0
39075,"Holmes, OH",2021,2431122.0
39075,"Holmes, OH",2022,2530836.0
39075,"Holmes, OH",2023,2715992.0
39075,"Holmes, OH",2024,2853731.0
39077,"Huron, OH",2019,2384856.0
39077,"Huron, OH",2020,2631938.0
39077,"Huron, OH",2021,2825902.0
39077,"Huron, OH",2022,2812535.0
39077,"Huron, OH",2023,2940753.0
39077,"Huron, OH",2024,3031361.0
39079,"Jackson, OH",2019,1179392.0
39079,"Jackson, OH",2020,1314505.0
39079,"Jackson, OH",2021,1374815.0
39079,"Jackson, OH",2022,1347580.0
39079,"Jackson, OH",2023,1414099.0
39079,"Jackson, OH",2024,1488093.0
39081,"Jefferson, OH",2019,2647343.0
39081,"Jefferson, OH",2020,2832203.0
39081,"Jefferson, OH",2021,3019543.0
39081,"Jefferson, OH",2022,2981928.0
39081,"Jefferson, OH",2023,3112128.0
39081,"Jefferson, OH",2024,3257937.0
39083,"Knox, OH",2019,2780774.0
39083,"Knox, OH",2020,3074679.0
39083,"Knox, OH",2021,3249807.0
39083,"Knox, OH",2022,3315723.0
39083,"Knox, OH",2023,3553857.0
39083,"Knox, OH",2024,3721869.0
39085,"Lake, OH",2019,12051322.0
39085,"Lake, OH",2020,12809819.0
39085,"Lake, OH",2021,13753342.0
39085,"Lake, OH",2022,13874108.0
39085,"Lake, OH",2023,14721371.0
39085,"Lake, OH",2024,15477249.0
39087,"Lawrence, OH",2019,2365251.0
39087,"Lawrence, OH",2020,2524969.0
39087,"Lawrence, OH",2021,2714878.0
39087,"Lawrence, OH",2022,2739441.0
39087,"Lawrence, OH",2023,2887685.0
39087,"Lawrence, OH",2024,3039707.0
39089,"Licking, OH",2019,8372751.0
39089,"Licking, OH",2020,9176918.0
39089,"Licking, OH",2021,10008650.0
39089,"Licking, OH",2022,10154524.0
39089,"Licking, OH",2023,10781973.0
39089,"Licking, OH",2024,11364978.0
39091,"Logan, OH",2019,1970512.0
39091,"Logan, OH",2020,2158285.0
39091,"Logan, OH",2021,2268386.0
39091,"Logan, OH",2022,2274725.0
39091,"Logan, OH",2023,2428773.0
39091,"Logan, OH",2024,2546204.0
39093,"Lorain, OH",2019,14915952.0
39093,"Lorain, OH",2020,15961379.0
39093,"Lorain, OH",2021,17285031.0
39093,"Lorain, OH",2022,17681340.0
39093,"Lorain, OH",2023,18828144.0
39093,"Lorain, OH",2024,19895746.0
39095,"Lucas, OH",2019,20373383.0
39095,"Lucas, OH",2020,21728450.0
39095,"Lucas, OH",2021,23053305.0
39095,"Lucas, OH",2022,23174634.0
39095,"Lucas, OH",2023,24615957.0
39095,"Lucas, OH",2024,25700202.0
39097,"Madison, OH",2019,1877187.0
39097,"Madison, OH",2020,2067665.0
39097,"Madison, OH",2021,2271220.0
39097,"Madison, OH",2022,2337428.0
39097,"Madison, OH",2023,2446980.0
39097,"Madison, OH",2024,2548838.0
39099,"Mahoning, OH",2019,10005872.0
39099,"Mahoning, OH",2020,10783793.0
39099,"Mahoning, OH",2021,11715311.0
39099,"Mahoning, OH",2022,11709058.0
39099,"Mahoning, OH",2023,12562077.0
39099,"Mahoning, OH",2024,13179361.0
39101,"Marion, OH",2019,2416560.0
39101,"Marion, OH",2020,2650588.0
39101,"Marion, OH",2021,2801063.0
39101,"Marion, OH",2022,2815548.0
39101,"Marion, OH",2023,2957496.0
39101,"Marion, OH",2024,3074339.0
39103,"Medina, OH",2019,10433686.0
39103,"Medina, OH",2020,10961918.0
39103,"Medina, OH",2021,11807530.0
39103,"Medina, OH",2022,12209290.0
39103,"Medina, OH",2023,12949426.0
39103,"Medina, OH",2024,13608553.0
39105,"Meigs, OH",2019,817849.0
39105,"Meigs, OH",2020,900046.0
39105,"Meigs, OH",2021,953010.0
39105,"Meigs, OH",2022,928872.0
39105,"Meigs, OH",2023,978667.0
39105,"Meigs, OH",2024,1029201.0
39107,"Mercer, OH",2019,2119846.0
39107,"Mercer, OH",2020,2303434.0
39107,"Mercer, OH",2021,2557347.0
39107,"Mercer, OH",2022,2609688.0
39107,"Mercer, OH",2023,2888296.0
39107,"Mercer, OH",2024,3099109.0
39109,"Miami, OH",2019,5176999.0
39109,"Miami, OH",2020,5658004.0
39109,"Miami, OH",2021,6131192.0
39109,"Miami, OH",2022,6245513.0
39109,"Miami, OH",2023,6599565.0
39109,"Miami, OH",2024,6974777.0
39111,"Monroe, OH",2019,500341.0
39111,"Monroe, OH",2020,558728.0
39111,"Monroe, OH",2021,582015.0
39111,"Monroe, OH",2022,565545.0
39111,"Monroe, OH",2023,594469.0
39111,"Monroe, OH",2024,615465.0
39113,"Montgomery, OH",2019,25508062.0
39113,"Montgomery, OH",2020,27596256.0
39113,"Montgomery, OH",2021,29489374.0
39113,"Montgomery, OH",2022,29455239.0
39113,"Montgomery, OH",2023,31240178.0
39113,"Montgomery, OH",2024,32674137.0
39115,"Morgan, OH",2019,498358.0
39115,"Morgan, OH",2020,552465.0
39115,"Morgan, OH",2021,601035.0
39115,"Morgan, OH",2022,589785.0
39115,"Morgan, OH",2023,630562.0
39115,"Morgan, OH",2024,657465.0
39117,"Morrow, OH",2019,1454844.0
39117,"Morrow, OH",2020,1596522.0
39117,"Morrow, OH",2021,1744413.0
39117,"Morrow, OH",2022,1738821.0
39117,"Morrow, OH",2023,1843064.0
39117,"Morrow, OH",2024,1923401.0
39119,"Muskingum, OH",2019,3617224.0
39119,"Muskingum, OH",2020,4002131.0
39119,"Muskingum, OH",2021,4292431.0
39119,"Muskingum, OH",2022,4304437.0
39119,"Muskingum, OH",2023,4524987.0
39119,"Muskingum, OH",2024,4751406.0
39121,"Noble, OH",2019,400261.0
39121,"Noble, OH",2020,432222.0
39121,"Noble, OH",2021,466690.0
39121,"Noble, OH",2022,450583.0
39121,"Noble, OH",2023,478468.0
39121,"Noble, OH",2024,498554.0
39123,"Ottawa, OH",2019,2174502.0
39123,"Ottawa, OH",2020,2298977.0
39123,"Ottawa, OH",2021,2497130.0
39123,"Ottawa, OH",2022,2514964.0
39123,"Ottawa, OH",2023,2657028.0
39123,"Ottawa, OH",2024,2729199.0
39125,"Paulding, OH",2019,764876.0
39125,"Paulding, OH",2020,859645.0
39125,"Paulding, OH",2021,938191.0
39125,"Paulding, OH",2022,956537.0
39125,"Paulding, OH",2023,1019616.0
39125,"Paulding, OH",2024,1046208.0
39127,"Perry, OH",2019,1394596.0
39127,"Perry, OH",2020,1527428.0
39127,"Perry, OH",2021,1649758.0
39127,"Perry, OH",2022,1660681.0
39127,"Perry, OH",2023,1744391.0
39127,"Perry, OH",2024,1832895.0
39129,"Pickaway, OH",2019,2459560.0
39129,"Pickaway, OH",2020,2716038.0
39129,"Pickaway, OH",2021,3005402.0
39129,"Pickaway, OH",2022,3033445.0
39129,"Pickaway, OH",2023,3190489.0
39129,"Pickaway, OH",2024,3350539.0
39131,"Pike, OH",2019,1071166.0
39131,"Pike, OH",2020,1170269.0
39131,"Pike, OH",2021,1251985.0
39131,"Pike, OH",2022,1246592.0
39131,"Pike, OH",2023,1316812.0
39131,"Pike, OH",2024,1397872.0
39133,"Portage, OH",2019,7363805.0
39133,"Portage, OH",2020,7877072.0
39133,"Portage, OH",2021,8545051.0
39133,"Portage, OH",2022,8726288.0
39133,"Portage, OH",2023,9240813.0
39133,"Portage, OH",2024,9727672.0
39135,"Preble, OH",2019,1673336.0
39135,"Preble, OH",2020,1831350.0
39135,"Preble, OH",2021,2013954.0
39135,"Preble, OH",2022,2010758.0
39135,"Preble, OH",2023,2116867.0
39135,"Preble, OH",2024,2193503.0
39137,"Putnam, OH",2019,1698025.0
39137,"Putnam, OH",2020,1843067.0
39137,"Putnam, OH",2021,2040599.0
39137,"Putnam, OH",2022,2053871.0
39137,"Putnam, OH",2023,2184400.0
39137,"Putnam, OH",2024,2237165.0
39139,"Richland, OH",2019,4947134.0
39139,"Richland, OH",2020,5438146.0
39139,"Richland, OH",2021,5701117.0
39139,"Richland, OH",2022,5699545.0
39139,"Richland, OH",2023,5991313.0
39139,"Richland, OH",2024,6243861.0
39141,"Ross, OH",2019,2966566.0
39141,"Ross, OH",2020,3248020.0
39141,"Ross, OH",2021,3484412.0
39141,"Ross, OH",2022,3456518.0
39141,"Ross, OH",2023,3584320.0
39141,"Ross, OH",2024,3715167.0
39143,"Sandusky, OH",2019,2468202.0
39143,"Sandusky, OH",2020,2672829.0
39143,"Sandusky, OH",2021,2905092.0
39143,"Sandusky, OH",2022,2895205.0
39143,"Sandusky, OH",2023,3057792.0
39143,"Sandusky, OH",2024,3125707.0
39145,"Scioto, OH",2019,3023669.0
39145,"Scioto, OH",2020,3186963.0
39145,"Scioto, OH",2021,3373204.0
39145,"Scioto, OH",2022,3361809.0
39145,"Scioto, OH",2023,3558629.0
39145,"Scioto, OH",2024,3696455.0
39147,"Seneca, OH",2019,2216108.0
39147,"Seneca, OH",2020,2466239.0
39147,"Seneca, OH",2021,2665410.0
39147,"Seneca, OH",2022,2627728.0
39147,"Seneca, OH",2023,2768467.0
39147,"Seneca, OH",2024,2849299.0
39149,"Shelby, OH",2019,2187990.0
39149,"Shelby, OH",2020,2369974.0
39149,"Shelby, OH",2021,2537833.0
39149,"Shelby, OH",2022,2523401.0
39149,"Shelby, OH",2023,2664363.0
39149,"Shelby, OH",2024,2762740.0
39151,"Stark, OH",2019,17013643.0
39151,"Stark, OH",2020,18262161.0
39151,"Stark, OH",2021,19969524.0
39151,"Stark, OH",2022,20147683.0
39151,"Stark, OH",2023,21328769.0
39151,"Stark, OH",2024,22430120.0
39153,"Summit, OH",2019,28441136.0
39153,"Summit, OH",2020,30282687.0
39153,"Summit, OH",2021,33078097.0
39153,"Summit, OH",2022,32746174.0
39153,"Summit, OH",2023,34730215.0
39153,"Summit, OH",2024,36453810.0
39155,"Trumbull, OH",2019,8056197.0
39155,"Trumbull, OH",2020,8676895.0
39155,"Trumbull, OH",2021,9309711.0
39155,"Trumbull, OH",2022,9382434.0
39155,"Trumbull, OH",2023,9989302.0
39155,"Trumbull, OH",2024,10511454.0
39157,"Tuscarawas, OH",2019,4034430.0
39157,"Tuscarawas, OH",2020,4280698.0
39157,"Tuscarawas, OH",2021,4722780.0
39157,"Tuscarawas, OH",2022,4982480.0
39157,"Tuscarawas, OH",2023,5414917.0
39157,"Tuscarawas, OH",2024,5689921.0
39159,"Union, OH",2019,3558775.0
39159,"Union, OH",2020,3898698.0
39159,"Union, OH",2021,4362660.0
39159,"Union, OH",2022,4640713.0
39159,"Union, OH",2023,5052369.0
39159,"Union, OH",2024,5423275.0
39161,"Van Wert, OH",2019,1197421.0
39161,"Van Wert, OH",2020,1334239.0
39161,"Van Wert, OH",2021,1445742.0
39161,"Van Wert, OH",2022,1441170.0
39161,"Van Wert, OH",2023,1530981.0
39161,"Van Wert, OH",2024,1567025.0
39163,"Vinton, OH",2019,451106.0
39163,"Vinton, OH",2020,503423.0
39163,"Vinton, OH",2021,527452.0
39163,"Vinton, OH",2022,515724.0
39163,"Vinton, OH",2023,545893.0
39163,"Vinton, OH",2024,563664.0
39165,"Warren, OH",2019,14980370.0
39165,"Warren, OH",2020,15988581.0
39165,"Warren, OH",2021,17547623.0
39165,"Warren, OH",2022,18330491.0
39165,"Warren, OH",2023,19589297.0
39165,"Warren, OH",2024,20746505.0
39167,"Washington, OH",2019,2651489.0
39167,"Washington, OH",2020,2791716.0
39167,"Washington, OH",2021,3068570.0
39167,"Washington, OH",2022,3031157.0
39167,"Washington, OH",2023,3268788.0
39167,"Washington, OH",2024,3353213.0
39169,"Wayne, OH",2019,5330775.0
39169,"Wayne, OH",2020,5735507.0
39169,"Wayne, OH",2021,6221750.0
39169,"Wayne, OH",2022,6277661.0
39169,"Wayne, OH",2023,6846194.0
39169,"Wayne, OH",2024,7115059.0
39171,"Williams, OH",2019,1570984.0
39171,"Williams, OH",2020,1666338.0
39171,"Williams, OH",2021,1805807.0
39171,"Williams, OH",2022,1831419.0
39171,"Williams, OH",2023,1900078.0
39171,"Williams, OH",2024,1934713.0
39173,"Wood, OH",2019,6276672.0
39173,"Wood, OH",2020,6697180.0
39173,"Wood, OH",2021,7257648.0
39173,"Wood, OH",2022,7508325.0
39173,"Wood, OH",2023,7986973.0
39173,"Wood, OH",2024,8330598.0
39175,"Wyandot, OH",2019,1003695.0
39175,"Wyandot, OH",2020,1098485.0
39175,"Wyandot, OH",2021,1198018.0
39175,"Wyandot, OH",2022,1199181.0
39175,"Wyandot, OH",2023,1283649.0
39175,"Wyandot, OH",2024,1313181.0
40001,"Adair, OK",2019,657413.0
40001,"Adair, OK",2020,693680.0
40001,"Adair, OK",2021,790824.0
40001,"Adair, OK",2022,826009.0
40001,"Adair, OK",2023,839262.0
40001,"Adair, OK",2024,874690.0
40003,"Alfalfa, OK",2019,215689.0
40003,"Alfalfa, OK",2020,228185.0
40003,"Alfalfa, OK",2021,249453.0
40003,"Alfalfa, OK",2022,252628.0
40003,"Alfalfa, OK",2023,280724.0
40003,"Alfalfa, OK",2024,261905.0
40005,"Atoka, OK",2019,450135.0
40005,"Atoka, OK",2020,486308.0
40005,"Atoka, OK",2021,515886.0
40005,"Atoka, OK",2022,506565.0
40005,"Atoka, OK",2023,540888.0
40005,"Atoka, OK",2024,565150.0
40007,"Beaver, OK",2019,284018.0
40007,"Beaver, OK",2020,287119.0
40007,"Beaver, OK",2021,340450.0
40007,"Beaver, OK",2022,342752.0
40007,"Beaver, OK",2023,355529.0
40007,"Beaver, OK",2024,351673.0
40009,"Beckham, OK",2019,834440.0
40009,"Beckham, OK",2020,833081.0
40009,"Beckham, OK",2021,862051.0
40009,"Beckham, OK",2022,861455.0
40009,"Beckham, OK",2023,941935.0
40009,"Beckham, OK",2024,980449.0
40011,"Blaine, OK",2019,406757.0
40011,"Blaine, OK",2020,376275.0
40011,"Blaine, OK",2021,418728.0
40011,"Blaine, OK",2022,441406.0
40011,"Blaine, OK",2023,469965.0
40011,"Blaine, OK",2024,482175.0
40013,"Bryan, OK",2019,1722965.0
40013,"Bryan, OK",2020,1871258.0
40013,"Bryan, OK",2021,2096878.0
40013,"Bryan, OK",2022,2124772.0
40013,"Bryan, OK",2023,2281604.0
40013,"Bryan, OK",2024,2415111.0
40015,"Caddo, OK",2019,1069043.0
40015,"Caddo, OK",2020,1115345.0
40015,"Caddo, OK",2021,1194876.0
40015,"Caddo, OK",2022,1172753.0
40015,"Caddo, OK",2023,1241389.0
40015,"Caddo, OK",2024,1299191.0
40017,"Canadian, OK",2019,6982933.0
40017,"Canadian, OK",2020,7523775.0
40017,"Canadian, OK",2021,8377749.0
40017,"Canadian, OK",2022,8872094.0
40017,"Canadian, OK",2023,9567828.0
40017,"Canadian, OK",2024,10321348.0
40019,"Carter, OK",2019,2093631.0
40019,"Carter, OK",2020,2195208.0
40019,"Carter, OK",2021,2363711.0
40019,"Carter, OK",2022,2464343.0
40019,"Carter, OK",2023,2604338.0
40019,"Carter, OK",2024,2731626.0
40021,"Cherokee, OK",2019,1666225.0
40021,"Cherokee, OK",2020,1746611.0
40021,"Cherokee, OK",2021,1978228.0
40021,"Cherokee, OK",2022,1966715.0
40021,"Cherokee, OK",2023,2081624.0
40021,"Cherokee, OK",2024,2200405.0
40023,"Choctaw, OK",2019,475899.0
40023,"Choctaw, OK",2020,528718.0
40023,"Choctaw, OK",2021,589496.0
40023,"Choctaw, OK",2022,565554.0
40023,"Choctaw, OK",2023,612003.0
40023,"Choctaw, OK",2024,661288.0
40025,"Cimarron, OK",2019,144753.0
40025,"Cimarron, OK",2020,148214.0
40025,"Cimarron, OK",2021,157162.0
40025,"Cimarron, OK",2022,149877.0
40025,"Cimarron, OK",2023,182936.0
40025,"Cimarron, OK",2024,169714.0
40027,"Cleveland, OK",2019,13155529.0
40027,"Cleveland, OK",2020,13977687.0
40027,"Cleveland, OK",2021,15024137.0
40027,"Cleveland, OK",2022,15518331.0
40027,"Cleveland, OK",2023,16534088.0
40027,"Cleveland, OK",2024,17433112.0
40029,"Coal, OK",2019,210320.0
40029,"Coal, OK",2020,216846.0
40029,"Coal, OK",2021,234933.0
40029,"Coal, OK",2022,232825.0
40029,"Coal, OK",2023,249158.0
40029,"Coal, OK",2024,261168.0
40031,"Comanche, OK",2019,5145335.0
40031,"Comanche, OK",2020,5501039.0
40031,"Comanche, OK",2021,5902752.0
40031,"Comanche, OK",2022,5907642.0
40031,"Comanche, OK",2023,6225875.0
40031,"Comanche, OK",2024,6669923.0
40033,"Cotton, OK",2019,250581.0
40033,"Cotton, OK",2020,275785.0
40033,"Cotton, OK",2021,283104.0
40033,"Cotton, OK",2022,283036.0
40033,"Cotton, OK",2023,298919.0
40033,"Cotton, OK",2024,312707.0
40035,"Craig, OK",2019,557629.0
40035,"Craig, OK",2020,581245.0
40035,"Craig, OK",2021,615046.0
40035,"Craig, OK",2022,637033.0
40035,"Craig, OK",2023,677025.0
40035,"Craig, OK",2024,703144.0
40037,"Creek, OK",2019,3045498.0
40037,"Creek, OK",2020,3228155.0
40037,"Creek, OK",2021,3446650.0
40037,"Creek, OK",2022,3495572.0
40037,"Creek, OK",2023,3718389.0
40037,"Creek, OK",2024,3940564.0
40039,"Custer, OK",2019,1181037.0
40039,"Custer, OK",2020,1205789.0
40039,"Custer, OK",2021,1305374.0
40039,"Custer, OK",2022,1330463.0
40039,"Custer, OK",2023,1381915.0
40039,"Custer, OK",2024,1442771.0
40041,"Delaware, OK",2019,1466267.0
40041,"Delaware, OK",2020,1532978.0
40041,"Delaware, OK",2021,1702149.0
40041,"Delaware, OK",2022,1840128.0
40041,"Delaware, OK",2023,1931011.0
40041,"Delaware, OK",2024,2025914.0
40043,"Dewey, OK",2019,242289.0
40043,"Dewey, OK",2020,226836.0
40043,"Dewey, OK",2021,213644.0
40043,"Dewey, OK",2022,228263.0
40043,"Dewey, OK",2023,271244.0
40043,"Dewey, OK",2024,263859.0
40045,"Ellis, OK",2019,208536.0
40045,"Ellis, OK",2020,200372.0
40045,"Ellis, OK",2021,215290.0
40045,"Ellis, OK",2022,225884.0
40045,"Ellis, OK",2023,233657.0
40045,"Ellis, OK",2024,243372.0
40047,"Garfield, OK",2019,2731255.0
40047,"Garfield, OK",2020,2776770.0
40047,"Garfield, OK",2021,2985542.0
40047,"Garfield, OK",2022,3064127.0
40047,"Garfield, OK",2023,3222638.0
40047,"Garfield, OK",2024,3353992.0
40049,"Garvin, OK",2019,1101994.0
40049,"Garvin, OK",2020,1202868.0
40049,"Garvin, OK",2021,1285357.0
40049,"Garvin, OK",2022,1234691.0
40049,"Garvin, OK",2023,1296367.0
40049,"Garvin, OK",2024,1345726.0
40051,"Grady, OK",2019,2329608.0
40051,"Grady, OK",2020,2450297.0
40051,"Grady, OK",2021,2632305.0
40051,"Grady, OK",2022,2724230.0
40051,"Grady, OK",2023,2902961.0
40051,"Grady, OK",2024,3080743.0
40053,"Grant, OK",2019,203210.0
40053,"Grant, OK",2020,222232.0
40053,"Grant, OK",2021,241440.0
40053,"Grant, OK",2022,232962.0
40053,"Grant, OK",2023,257118.0
40053,"Grant, OK",2024,246848.0
40055,"Greer, OK",2019,177552.0
40055,"Greer, OK",2020,182305.0
40055,"Greer, OK",2021,193072.0
40055,"Greer, OK",2022,208769.0
40055,"Greer, OK",2023,220671.0
40055,"Greer, OK",2024,224131.0
40057,"Harmon, OK",2019,108525.0
40057,"Harmon, OK",2020,113940.0
40057,"Harmon, OK",2021,121814.0
40057,"Harmon, OK",2022,142609.0
40057,"Harmon, OK",2023,143717.0
40057,"Harmon, OK",2024,153510.0
40059,"Harper, OK",2019,186677.0
40059,"Harper, OK",2020,176793.0
40059,"Harper, OK",2021,188898.0
40059,"Harper, OK",2022,191790.0
40059,"Harper, OK",2023,219466.0
40059,"Harper, OK",2024,236325.0
40061,"Haskell, OK",2019,419870.0
40061,"Haskell, OK",2020,442502.0
40061,"Haskell, OK",2021,497970.0
40061,"Haskell, OK",2022,519161.0
40061,"Haskell, OK",2023,548718.0
40061,"Haskell, OK",2024,559446.0
40063,"Hughes, OK",2019,547795.0
40063,"Hughes, OK",2020,538507.0
40063,"Hughes, OK",2021,642361.0
40063,"Hughes, OK",2022,615666.0
40063,"Hughes, OK",2023,637235.0
40063,"Hughes, OK",2024,712640.0
40065,"Jackson, OK",2019,1053714.0
40065,"Jackson, OK",2020,1118501.0
40065,"Jackson, OK",2021,1234670.0
40065,"Jackson, OK",2022,1277585.0
40065,"Jackson, OK",2023,1327015.0
40065,"Jackson, OK",2024,1371740.0
40067,"Jefferson, OK",2019,200997.0
40067,"Jefferson, OK",2020,214213.0
40067,"Jefferson, OK",2021,217209.0
40067,"Jefferson, OK",2022,232119.0
40067,"Jefferson, OK",2023,238375.0
40067,"Jefferson, OK",2024,249729.0
40069,"Johnston, OK",2019,396841.0
40069,"Johnston, OK",2020,423188.0
40069,"Johnston, OK",2021,460675.0
40069,"Johnston, OK",2022,472731.0
40069,"Johnston, OK",2023,513796.0
40069,"Johnston, OK",2024,542219.0
40071,"Kay, OK",2019,1818686.0
40071,"Kay, OK",2020,1967012.0
40071,"Kay, OK",2021,2145851.0
40071,"Kay, OK",2022,2094527.0
40071,"Kay, OK",2023,2165249.0
40071,"Kay, OK",2024,2224029.0
40073,"Kingfisher, OK",2019,898640.0
40073,"Kingfisher, OK",2020,905373.0
40073,"Kingfisher, OK",2021,1021274.0
40073,"Kingfisher, OK",2022,1085718.0
40073,"Kingfisher, OK",2023,1140488.0
40073,"Kingfisher, OK",2024,1197949.0
40075,"Kiowa, OK",2019,329907.0
40075,"Kiowa, OK",2020,361678.0
40075,"Kiowa, OK",2021,378297.0
40075,"Kiowa, OK",2022,400699.0
40075,"Kiowa, OK",2023,398265.0
40075,"Kiowa, OK",2024,410300.0
40077,"Latimer, OK",2019,343769.0
40077,"Latimer, OK",2020,357625.0
40077,"Latimer, OK",2021,375998.0
40077,"Latimer, OK",2022,381816.0
40077,"Latimer, OK",2023,401501.0
40077,"Latimer, OK",2024,405807.0
40079,"Le Flore, OK",2019,1678860.0
40079,"Le Flore, OK",2020,1778428.0
40079,"Le Flore, OK",2021,1950224.0
40079,"Le Flore, OK",2022,2049403.0
40079,"Le Flore, OK",2023,2132299.0
40079,"Le Flore, OK",2024,2252195.0
40081,"Lincoln, OK",2019,1298008.0
40081,"Lincoln, OK",2020,1399995.0
40081,"Lincoln, OK",2021,1548923.0
40081,"Lincoln, OK",2022,1499890.0
40081,"Lincoln, OK",2023,1619648.0
40081,"Lincoln, OK",2024,1697753.0
40083,"Logan, OK",2019,2150037.0
40083,"Logan, OK",2020,2262242.0
40083,"Logan, OK",2021,2433048.0
40083,"Logan, OK",2022,2520963.0
40083,"Logan, OK",2023,2697890.0
40083,"Logan, OK",2024,2852883.0
40085,"Love, OK",2019,396773.0
40085,"Love, OK",2020,425126.0
40085,"Love, OK",2021,448903.0
40085,"Love, OK",2022,444288.0
40085,"Love, OK",2023,470457.0
40085,"Love, OK",2024,490644.0
40087,"McClain, OK",2019,2002939.0
40087,"McClain, OK",2020,2071020.0
40087,"McClain, OK",2021,2328938.0
40087,"McClain, OK",2022,2492933.0
40087,"McClain, OK",2023,2694147.0
40087,"McClain, OK",2024,2886561.0
40089,"McCurtain, OK",2019,1085018.0
40089,"McCurtain, OK",2020,1181872.0
40089,"McCurtain, OK",2021,1334245.0
40089,"McCurtain, OK",2022,1376040.0
40089,"McCurtain, OK",2023,1410227.0
40089,"McCurtain, OK",2024,1469788.0
40091,"McIntosh, OK",2019,705704.0
40091,"McIntosh, OK",2020,760558.0
40091,"McIntosh, OK",2021,815450.0
40091,"McIntosh, OK",2022,816473.0
40091,"McIntosh, OK",2023,875409.0
40091,"McIntosh, OK",2024,908597.0
40093,"Major, OK",2019,333447.0
40093,"Major, OK",2020,337652.0
40093,"Major, OK",2021,367481.0
40093,"Major, OK",2022,364575.0
40093,"Major, OK",2023,396115.0
40093,"Major, OK",2024,404270.0
40095,"Marshall, OK",2019,582079.0
40095,"Marshall, OK",2020,632148.0
40095,"Marshall, OK",2021,685890.0
40095,"Marshall, OK",2022,725553.0
40095,"Marshall, OK",2023,787065.0
40095,"Marshall, OK",2024,827530.0
40097,"Mayes, OK",2019,1519374.0
40097,"Mayes, OK",2020,1634147.0
40097,"Mayes, OK",2021,1763889.0
40097,"Mayes, OK",2022,1780552.0
40097,"Mayes, OK",2023,1905520.0
40097,"Mayes, OK",2024,2033459.0
40099,"Murray, OK",2019,589765.0
40099,"Murray, OK",2020,608705.0
40099,"Murray, OK",2021,643085.0
40099,"Murray, OK",2022,644857.0
40099,"Murray, OK",2023,692008.0
40099,"Murray, OK",2024,733273.0
40101,"Muskogee, OK",2019,2552484.0
40101,"Muskogee, OK",2020,2723702.0
40101,"Muskogee, OK",2021,2945856.0
40101,"Muskogee, OK",2022,2997494.0
40101,"Muskogee, OK",2023,3163330.0
40101,"Muskogee, OK",2024,3322922.0
40103,"Noble, OK",2019,497902.0
40103,"Noble, OK",2020,527320.0
40103,"Noble, OK",2021,555751.0
40103,"Noble, OK",2022,545998.0
40103,"Noble, OK",2023,588080.0
40103,"Noble, OK",2024,609661.0
40105,"Nowata, OK",2019,373933.0
40105,"Nowata, OK",2020,396061.0
40105,"Nowata, OK",2021,420148.0
40105,"Nowata, OK",2022,427284.0
40105,"Nowata, OK",2023,461072.0
40105,"Nowata, OK",2024,483395.0
40107,"Okfuskee, OK",2019,378105.0
40107,"Okfuskee, OK",2020,397063.0
40107,"Okfuskee, OK",2021,427212.0
40107,"Okfuskee, OK",2022,420546.0
40107,"Okfuskee, OK",2023,451576.0
40107,"Okfuskee, OK",2024,469812.0
40109,"Oklahoma, OK",2019,44225735.0
40109,"Oklahoma, OK",2020,46639216.0
40109,"Oklahoma, OK",2021,51536117.0
40109,"Oklahoma, OK",2022,57262809.0
40109,"Oklahoma, OK",2023,60182837.0
40109,"Oklahoma, OK",2024,62672140.0
40111,"Okmulgee, OK",2019,1349194.0
40111,"Okmulgee, OK",2020,1439337.0
40111,"Okmulgee, OK",2021,1560009.0
40111,"Okmulgee, OK",2022,1580495.0
40111,"Okmulgee, OK",2023,1656055.0
40111,"Okmulgee, OK",2024,1728984.0
40113,"Osage, OK",2019,1706099.0
40113,"Osage, OK",2020,1767716.0
40113,"Osage, OK",2021,1997380.0
40113,"Osage, OK",2022,1976452.0
40113,"Osage, OK",2023,2081942.0
40113,"Osage, OK",2024,2202563.0
40115,"Ottawa, OK",2019,1188135.0
40115,"Ottawa, OK",2020,1281983.0
40115,"Ottawa, OK",2021,1421303.0
40115,"Ottawa, OK",2022,1395021.0
40115,"Ottawa, OK",2023,1448630.0
40115,"Ottawa, OK",2024,1515313.0
40117,"Pawnee, OK",2019,602040.0
40117,"Pawnee, OK",2020,628720.0
40117,"Pawnee, OK",2021,681729.0
40117,"Pawnee, OK",2022,683516.0
40117,"Pawnee, OK",2023,722807.0
40117,"Pawnee, OK",2024,768289.0
40119,"Payne, OK",2019,3138347.0
40119,"Payne, OK",2020,3351840.0
40119,"Payne, OK",2021,3634980.0
40119,"Payne, OK",2022,3687122.0
40119,"Payne, OK",2023,3892570.0
40119,"Payne, OK",2024,4121797.0
40121,"Pittsburg, OK",2019,1717912.0
40121,"Pittsburg, OK",2020,1765381.0
40121,"Pittsburg, OK",2021,1850682.0
40121,"Pittsburg, OK",2022,1864095.0
40121,"Pittsburg, OK",2023,1976458.0
40121,"Pittsburg, OK",2024,2020481.0
40123,"Pontotoc, OK",2019,1716781.0
40123,"Pontotoc, OK",2020,1832120.0
40123,"Pontotoc, OK",2021,1972508.0
40123,"Pontotoc, OK",2022,2027014.0
40123,"Pontotoc, OK",2023,2156387.0
40123,"Pontotoc, OK",2024,2305566.0
40125,"Pottawatomie, OK",2019,2902220.0
40125,"Pottawatomie, OK",2020,3114234.0
40125,"Pottawatomie, OK",2021,3677921.0
40125,"Pottawatomie, OK",2022,3457635.0
40125,"Pottawatomie, OK",2023,3584183.0
40125,"Pottawatomie, OK",2024,3774760.0
40127,"Pushmataha, OK",2019,359569.0
40127,"Pushmataha, OK",2020,399722.0
40127,"Pushmataha, OK",2021,438324.0
40127,"Pushmataha, OK",2022,422858.0
40127,"Pushmataha, OK",2023,450604.0
40127,"Pushmataha, OK",2024,466339.0
40129,"Roger Mills, OK",2019,152781.0
40129,"Roger Mills, OK",2020,157642.0
40129,"Roger Mills, OK",2021,166144.0
40129,"Roger Mills, OK",2022,163463.0
40129,"Roger Mills, OK",2023,183535.0
40129,"Roger Mills, OK",2024,179075.0
40131,"Rogers, OK",2019,4445313.0
40131,"Rogers, OK",2020,4710809.0
40131,"Rogers, OK",2021,5052671.0
40131,"Rogers, OK",2022,5217325.0
40131,"Rogers, OK",2023,5636739.0
40131,"Rogers, OK",2024,5969182.0
40133,"Seminole, OK",2019,849774.0
40133,"Seminole, OK",2020,909178.0
40133,"Seminole, OK",2021,991230.0
40133,"Seminole, OK",2022,993637.0
40133,"Seminole, OK",2023,1046353.0
40133,"Seminole, OK",2024,1088306.0
40135,"Sequoyah, OK",2019,1420967.0
40135,"Sequoyah, OK",2020,1528150.0
40135,"Sequoyah, OK",2021,1693681.0
40135,"Sequoyah, OK",2022,1701097.0
40135,"Sequoyah, OK",2023,1794829.0
40135,"Sequoyah, OK",2024,1894699.0
40137,"Stephens, OK",2019,1876490.0
40137,"Stephens, OK",2020,1942105.0
40137,"Stephens, OK",2021,2047550.0
40137,"Stephens, OK",2022,2204442.0
40137,"Stephens, OK",2023,2331704.0
40137,"Stephens, OK",2024,2432938.0
40139,"Texas, OK",2019,1113063.0
40139,"Texas, OK",2020,1083104.0
40139,"Texas, OK",2021,1261098.0
40139,"Texas, OK",2022,1180323.0
40139,"Texas, OK",2023,1293304.0
40139,"Texas, OK",2024,1410968.0
40141,"Tillman, OK",2019,271632.0
40141,"Tillman, OK",2020,261543.0
40141,"Tillman, OK",2021,286758.0
40141,"Tillman, OK",2022,282783.0
40141,"Tillman, OK",2023,270785.0
40141,"Tillman, OK",2024,265332.0
40143,"Tulsa, OK",2019,41250730.0
40143,"Tulsa, OK",2020,41230216.0
40143,"Tulsa, OK",2021,45258939.0
40143,"Tulsa, OK",2022,51061698.0
40143,"Tulsa, OK",2023,54904336.0
40143,"Tulsa, OK",2024,58147122.0
40145,"Wagoner, OK",2019,3450530.0
40145,"Wagoner, OK",2020,3683537.0
40145,"Wagoner, OK",2021,4111826.0
40145,"Wagoner, OK",2022,4233324.0
40145,"Wagoner, OK",2023,4577185.0
40145,"Wagoner, OK",2024,4875721.0
40147,"Washington, OK",2019,3245401.0
40147,"Washington, OK",2020,3347211.0
40147,"Washington, OK",2021,4394125.0
40147,"Washington, OK",2022,5855922.0
40147,"Washington, OK",2023,5764536.0
40147,"Washington, OK",2024,6852041.0
40149,"Washita, OK",2019,401830.0
40149,"Washita, OK",2020,413648.0
40149,"Washita, OK",2021,442132.0
40149,"Washita, OK",2022,442869.0
40149,"Washita, OK",2023,462230.0
40149,"Washita, OK",2024,467483.0
40151,"Woods, OK",2019,385820.0
40151,"Woods, OK",2020,380929.0
40151,"Woods, OK",2021,411797.0
40151,"Woods, OK",2022,428787.0
40151,"Woods, OK",2023,456820.0
40151,"Woods, OK",2024,447421.0
40153,"Woodward, OK",2019,766019.0
40153,"Woodward, OK",2020,795647.0
40153,"Woodward, OK",2021,842837.0
40153,"Woodward, OK",2022,827512.0
40153,"Woodward, OK",2023,925963.0
40153,"Woodward, OK",2024,934534.0
41001,"Baker, OR",2019,671709.0
41001,"Baker, OR",2020,752791.0
41001,"Baker, OR",2021,827639.0
41001,"Baker, OR",2022,847750.0
41001,"Baker, OR",2023,894358.0
41001,"Baker, OR",2024,945285.0
41003,"Benton, OR",2019,4433318.0
41003,"Benton, OR",2020,4752209.0
41003,"Benton, OR",2021,5352044.0
41003,"Benton, OR",2022,5464771.0
41003,"Benton, OR",2023,5858203.0
41003,"Benton, OR",2024,6178553.0
41005,"Clackamas, OR",2019,25663520.0
41005,"Clackamas, OR",2020,27330070.0
41005,"Clackamas, OR",2021,30490280.0
41005,"Clackamas, OR",2022,31905496.0
41005,"Clackamas, OR",2023,34051421.0
41005,"Clackamas, OR",2024,35786923.0
41007,"Clatsop, OR",2019,1831856.0
41007,"Clatsop, OR",2020,2049832.0
41007,"Clatsop, OR",2021,2296278.0
41007,"Clatsop, OR",2022,2337833.0
41007,"Clatsop, OR",2023,2475515.0
41007,"Clatsop, OR",2024,2597695.0
41009,"Columbia, OR",2019,2389035.0
41009,"Columbia, OR",2020,2617609.0
41009,"Columbia, OR",2021,2878707.0
41009,"Columbia, OR",2022,2974694.0
41009,"Columbia, OR",2023,3141328.0
41009,"Columbia, OR",2024,3290190.0
41011,"Coos, OR",2019,2979936.0
41011,"Coos, OR",2020,3303298.0
41011,"Coos, OR",2021,3574456.0
41011,"Coos, OR",2022,3583497.0
41011,"Coos, OR",2023,3799326.0
41011,"Coos, OR",2024,4032096.0
41013,"Crook, OR",2019,1050645.0
41013,"Crook, OR",2020,1183731.0
41013,"Crook, OR",2021,1350383.0
41013,"Crook, OR",2022,1420263.0
41013,"Crook, OR",2023,1560352.0
41013,"Crook, OR",2024,1698318.0
41015,"Curry, OR",2019,1031798.0
41015,"Curry, OR",2020,1128311.0
41015,"Curry, OR",2021,1239239.0
41015,"Curry, OR",2022,1238397.0
41015,"Curry, OR",2023,1327297.0
41015,"Curry, OR",2024,1395637.0
41017,"Deschutes, OR",2019,11268998.0
41017,"Deschutes, OR",2020,12759966.0
41017,"Deschutes, OR",2021,14563869.0
41017,"Deschutes, OR",2022,15580611.0
41017,"Deschutes, OR",2023,16829997.0
41017,"Deschutes, OR",2024,18229253.0
41019,"Douglas, OR",2019,4685834.0
41019,"Douglas, OR",2020,5142052.0
41019,"Douglas, OR",2021,5711169.0
41019,"Douglas, OR",2022,5627413.0
41019,"Douglas, OR",2023,5886859.0
41019,"Douglas, OR",2024,6257916.0
41021,"Gilliam, OR",2019,106486.0
41021,"Gilliam, OR",2020,130395.0
41021,"Gilliam, OR",2021,133156.0
41021,"Gilliam, OR",2022,147812.0
41021,"Gilliam, OR",2023,149389.0
41021,"Gilliam, OR",2024,145376.0
41023,"Grant, OR",2019,309894.0
41023,"Grant, OR",2020,347490.0
41023,"Grant, OR",2021,375862.0
41023,"Grant, OR",2022,375445.0
41023,"Grant, OR",2023,395402.0
41023,"Grant, OR",2024,415281.0
41025,"Harney, OR",2019,303872.0
41025,"Harney, OR",2020,336988.0
41025,"Harney, OR",2021,384187.0
41025,"Harney, OR",2022,392554.0
41025,"Harney, OR",2023,405301.0
41025,"Harney, OR",2024,424634.0
41027,"Hood River, OR",2019,1311896.0
41027,"Hood River, OR",2020,1434558.0
41027,"Hood River, OR",2021,1599657.0
41027,"Hood River, OR",2022,1593422.0
41027,"Hood River, OR",2023,1695953.0
41027,"Hood River, OR",2024,1778484.0
41029,"Jackson, OR",2019,10487819.0
41029,"Jackson, OR",2020,11607908.0
41029,"Jackson, OR",2021,12881385.0
41029,"Jackson, OR",2022,12899472.0
41029,"Jackson, OR",2023,13763457.0
41029,"Jackson, OR",2024,14563913.0
41031,"Jefferson, OR",2019,878339.0
41031,"Jefferson, OR",2020,996315.0
41031,"Jefferson, OR",2021,1120325.0
41031,"Jefferson, OR",2022,1110757.0
41031,"Jefferson, OR",2023,1189800.0
41031,"Jefferson, OR",2024,1278061.0
41033,"Josephine, OR",2019,3834902.0
41033,"Josephine, OR",2020,4242291.0
41033,"Josephine, OR",2021,4671288.0
41033,"Josephine, OR",2022,4498276.0
41033,"Josephine, OR",2023,4721963.0
41033,"Josephine, OR",2024,5049946.0
41035,"Klamath, OR",2019,2755077.0
41035,"Klamath, OR",2020,3020548.0
41035,"Klamath, OR",2021,3363266.0
41035,"Klamath, OR",2022,3409993.0
41035,"Klamath, OR",2023,3598157.0
41035,"Klamath, OR",2024,3837212.0
41037,"Lake, OR",2019,331347.0
41037,"Lake, OR",2020,358231.0
41037,"Lake, OR",2021,401828.0
41037,"Lake, OR",2022,400413.0
41037,"Lake, OR",2023,428003.0
41037,"Lake, OR",2024,434395.0
41039,"Lane, OR",2019,17691526.0
41039,"Lane, OR",2020,19441584.0
41039,"Lane, OR",2021,21656183.0
41039,"Lane, OR",2022,21988438.0
41039,"Lane, OR",2023,23489555.0
41039,"Lane, OR",2024,24859409.0
41041,"Lincoln, OR",2019,2258449.0
41041,"Lincoln, OR",2020,2481871.0
41041,"Lincoln, OR",2021,2789123.0
41041,"Lincoln, OR",2022,2801614.0
41041,"Lincoln, OR",2023,3010455.0
41041,"Lincoln, OR",2024,3173765.0
41043,"Linn, OR",2019,5655302.0
41043,"Linn, OR",2020,6203639.0
41043,"Linn, OR",2021,6815567.0
41043,"Linn, OR",2022,7039094.0
41043,"Linn, OR",2023,7551177.0
41043,"Linn, OR",2024,7945326.0
41045,"Malheur, OR",2019,1012178.0
41045,"Malheur, OR",2020,1124926.0
41045,"Malheur, OR",2021,1236739.0
41045,"Malheur, OR",2022,1268892.0
41045,"Malheur, OR",2023,1315771.0
41045,"Malheur, OR",2024,1388703.0
41047,"Marion, OR",2019,15386031.0
41047,"Marion, OR",2020,16983475.0
41047,"Marion, OR",2021,18910614.0
41047,"Marion, OR",2022,19141781.0
41047,"Marion, OR",2023,20091515.0
41047,"Marion, OR",2024,21219683.0
41049,"Morrow, OR",2019,557040.0
41049,"Morrow, OR",2020,615394.0
41049,"Morrow, OR",2021,664661.0
41049,"Morrow, OR",2022,735122.0
41049,"Morrow, OR",2023,741906.0
41049,"Morrow, OR",2024,742805.0
41051,"Multnomah, OR",2019,48296666.0
41051,"Multnomah, OR",2020,52086044.0
41051,"Multnomah, OR",2021,56570825.0
41051,"Multnomah, OR",2022,56823318.0
41051,"Multnomah, OR",2023,59866002.0
41051,"Multnomah, OR",2024,62854089.0
41053,"Polk, OR",2019,3685061.0
41053,"Polk, OR",2020,4032814.0
41053,"Polk, OR",2021,4570499.0
41053,"Polk, OR",2022,4617533.0
41053,"Polk, OR",2023,4877183.0
41053,"Polk, OR",2024,5184024.0
41055,"Sherman, OR",2019,99864.0
41055,"Sherman, OR",2020,119476.0
41055,"Sherman, OR",2021,124765.0
41055,"Sherman, OR",2022,133776.0
41055,"Sherman, OR",2023,134433.0
41055,"Sherman, OR",2024,118747.0
41057,"Tillamook, OR",2019,1211854.0
41057,"Tillamook, OR",2020,1369079.0
41057,"Tillamook, OR",2021,1521444.0
41057,"Tillamook, OR",2022,1592987.0
41057,"Tillamook, OR",2023,1692925.0
41057,"Tillamook, OR",2024,1762958.0
41059,"Umatilla, OR",2019,3196867.0
41059,"Umatilla, OR",2020,3606603.0
41059,"Umatilla, OR",2021,3920102.0
41059,"Umatilla, OR",2022,4041538.0
41059,"Umatilla, OR",2023,4315553.0
41059,"Umatilla, OR",2024,4506782.0
41061,"Union, OR",2019,1099410.0
41061,"Union, OR",2020,1203109.0
41061,"Union, OR",2021,1298757.0
41061,"Union, OR",2022,1312390.0
41061,"Union, OR",2023,1400462.0
41061,"Union, OR",2024,1464405.0
41063,"Wallowa, OR",2019,321952.0
41063,"Wallowa, OR",2020,358191.0
41063,"Wallowa, OR",2021,406805.0
41063,"Wallowa, OR",2022,433199.0
41063,"Wallowa, OR",2023,473218.0
41063,"Wallowa, OR",2024,509277.0
41065,"Wasco, OR",2019,1158802.0
41065,"Wasco, OR",2020,1286478.0
41065,"Wasco, OR",2021,1411759.0
41065,"Wasco, OR",2022,1420594.0
41065,"Wasco, OR",2023,1516528.0
41065,"Wasco, OR",2024,1593781.0
41067,"Washington, OR",2019,36989651.0
41067,"Washington, OR",2020,40485147.0
41067,"Washington, OR",2021,45258613.0
41067,"Washington, OR",2022,44874511.0
41067,"Washington, OR",2023,47538625.0
41067,"Washington, OR",2024,49726088.0
41069,"Wheeler, OR",2019,50634.0
41069,"Wheeler, OR",2020,58955.0
41069,"Wheeler, OR",2021,62308.0
41069,"Wheeler, OR",2022,65000.0
41069,"Wheeler, OR",2023,71214.0
41069,"Wheeler, OR",2024,76396.0
41071,"Yamhill, OR",2019,5031872.0
41071,"Yamhill, OR",2020,5499008.0
41071,"Yamhill, OR",2021,6110855.0
41071,"Yamhill, OR",2022,6329211.0
41071,"Yamhill, OR",2023,6721311.0
41071,"Yamhill, OR",2024,7116877.0
42001,"Adams, PA",2019,5070491.0
42001,"Adams, PA",2020,5504567.0
42001,"Adams, PA",2021,5873124.0
42001,"Adams, PA",2022,5967686.0
42001,"Adams, PA",2023,6221733.0
42001,"Adams, PA",2024,6500082.0
42003,"Allegheny, PA",2019,77913465.0
42003,"Allegheny, PA",2020,82427366.0
42003,"Allegheny, PA",2021,86807948.0
42003,"Allegheny, PA",2022,87550538.0
42003,"Allegheny, PA",2023,91792254.0
42003,"Allegheny, PA",2024,95693200.0
42005,"Armstrong, PA",2019,2992547.0
42005,"Armstrong, PA",2020,3280849.0
42005,"Armstrong, PA",2021,3488808.0
42005,"Armstrong, PA",2022,3659756.0
42005,"Armstrong, PA",2023,3772794.0
42005,"Armstrong, PA",2024,3868750.0
42007,"Beaver, PA",2019,8192481.0
42007,"Beaver, PA",2020,8861689.0
42007,"Beaver, PA",2021,9205712.0
42007,"Beaver, PA",2022,9112188.0
42007,"Beaver, PA",2023,9559510.0
42007,"Beaver, PA",2024,9915886.0
42009,"Bedford, PA",2019,2021721.0
42009,"Bedford, PA",2020,2183735.0
42009,"Bedford, PA",2021,2368579.0
42009,"Bedford, PA",2022,2378424.0
42009,"Bedford, PA",2023,2448113.0
42009,"Bedford, PA",2024,2567609.0
42011,"Berks, PA",2019,21342208.0
42011,"Berks, PA",2020,23308372.0
42011,"Berks, PA",2021,24958740.0
42011,"Berks, PA",2022,25276481.0
42011,"Berks, PA",2023,26474594.0
42011,"Berks, PA",2024,27639119.0
42013,"Blair, PA",2019,5722287.0
42013,"Blair, PA",2020,6234310.0
42013,"Blair, PA",2021,6721464.0
42013,"Blair, PA",2022,6628370.0
42013,"Blair, PA",2023,6967089.0
42013,"Blair, PA",2024,7239944.0
42015,"Bradford, PA",2019,2582309.0
42015,"Bradford, PA",2020,2710683.0
42015,"Bradford, PA",2021,2879258.0
42015,"Bradford, PA",2022,2922555.0
42015,"Bradford, PA",2023,3013631.0
42015,"Bradford, PA",2024,3094998.0
42017,"Bucks, PA",2019,47853232.0
42017,"Bucks, PA",2020,50707901.0
42017,"Bucks, PA",2021,54327833.0
42017,"Bucks, PA",2022,56456435.0
42017,"Bucks, PA",2023,59972972.0
42017,"Bucks, PA",2024,62844148.0
42019,"Butler, PA",2019,11379746.0
42019,"Butler, PA",2020,12206952.0
42019,"Butler, PA",2021,13362902.0
42019,"Butler, PA",2022,13509920.0
42019,"Butler, PA",2023,14516034.0
42019,"Butler, PA",2024,15266023.0
42021,"Cambria, PA",2019,5740284.0
42021,"Cambria, PA",2020,6155909.0
42021,"Cambria, PA",2021,6457182.0
42021,"Cambria, PA",2022,6297136.0
42021,"Cambria, PA",2023,6649336.0
42021,"Cambria, PA",2024,6868871.0
42023,"Cameron, PA",2019,210836.0
42023,"Cameron, PA",2020,229820.0
42023,"Cameron, PA",2021,233813.0
42023,"Cameron, PA",2022,226022.0
42023,"Cameron, PA",2023,240638.0
42023,"Cameron, PA",2024,239671.0
42025,"Carbon, PA",2019,3569235.0
42025,"Carbon, PA",2020,3812496.0
42025,"Carbon, PA",2021,3962045.0
42025,"Carbon, PA",2022,3818506.0
42025,"Carbon, PA",2023,3731120.0
42025,"Carbon, PA",2024,3885089.0
42027,"Centre, PA",2019,7650416.0
42027,"Centre, PA",2020,8202323.0
42027,"Centre, PA",2021,8678902.0
42027,"Centre, PA",2022,8618880.0
42027,"Centre, PA",2023,9040987.0
42027,"Centre, PA",2024,9439603.0
42029,"Chester, PA",2019,45873332.0
42029,"Chester, PA",2020,48837266.0
42029,"Chester, PA",2021,52351059.0
42029,"Chester, PA",2022,55399329.0
42029,"Chester, PA",2023,59078321.0
42029,"Chester, PA",2024,62177057.0
42031,"Clarion, PA",2019,1589311.0
42031,"Clarion, PA",2020,1709359.0
42031,"Clarion, PA",2021,1783675.0
42031,"Clarion, PA",2022,1767686.0
42031,"Clarion, PA",2023,1819245.0
42031,"Clarion, PA",2024,1873673.0
42033,"Clearfield, PA",2019,3635283.0
42033,"Clearfield, PA",2020,3960412.0
42033,"Clearfield, PA",2021,4210804.0
42033,"Clearfield, PA",2022,4262735.0
42033,"Clearfield, PA",2023,4343117.0
42033,"Clearfield, PA",2024,4482136.0
42035,"Clinton, PA",2019,1555706.0
42035,"Clinton, PA",2020,1699023.0
42035,"Clinton, PA",2021,1775818.0
42035,"Clinton, PA",2022,1748101.0
42035,"Clinton, PA",2023,1819121.0
42035,"Clinton, PA",2024,1876672.0
42037,"Columbia, PA",2019,2808828.0
42037,"Columbia, PA",2020,3076812.0
42037,"Columbia, PA",2021,3266659.0
42037,"Columbia, PA",2022,3251575.0
42037,"Columbia, PA",2023,3439713.0
42037,"Columbia, PA",2024,3587583.0
42039,"Crawford, PA",2019,3511488.0
42039,"Crawford, PA",2020,3846482.0
42039,"Crawford, PA",2021,4024175.0
42039,"Crawford, PA",2022,4004993.0
42039,"Crawford, PA",2023,4115797.0
42039,"Crawford, PA",2024,4281583.0
42041,"Cumberland, PA",2019,14408344.0
42041,"Cumberland, PA",2020,15836596.0
42041,"Cumberland, PA",2021,17063709.0
42041,"Cumberland, PA",2022,17576687.0
42041,"Cumberland, PA",2023,18663740.0
42041,"Cumberland, PA",2024,19703660.0
42043,"Dauphin, PA",2019,14745380.0
42043,"Dauphin, PA",2020,15813199.0
42043,"Dauphin, PA",2021,16791862.0
42043,"Dauphin, PA",2022,16719659.0
42043,"Dauphin, PA",2023,17502106.0
42043,"Dauphin, PA",2024,18283133.0
42045,"Delaware, PA",2019,39213824.0
42045,"Delaware, PA",2020,41309596.0
42045,"Delaware, PA",2021,43882679.0
42045,"Delaware, PA",2022,45267843.0
42045,"Delaware, PA",2023,47633694.0
42045,"Delaware, PA",2024,49769749.0
42047,"Elk, PA",2019,1440658.0
42047,"Elk, PA",2020,1554671.0
42047,"Elk, PA",2021,1562182.0
42047,"Elk, PA",2022,1541045.0
42047,"Elk, PA",2023,1629463.0
42047,"Elk, PA",2024,1692539.0
42049,"Erie, PA",2019,12286299.0
42049,"Erie, PA",2020,13548779.0
42049,"Erie, PA",2021,14253351.0
42049,"Erie, PA",2022,13817963.0
42049,"Erie, PA",2023,14566506.0
42049,"Erie, PA",2024,15145982.0
42051,"Fayette, PA",2019,5528975.0
42051,"Fayette, PA",2020,6006872.0
42051,"Fayette, PA",2021,6288700.0
42051,"Fayette, PA",2022,6158282.0
42051,"Fayette, PA",2023,6371718.0
42051,"Fayette, PA",2024,6561314.0
42053,"Forest, PA",2019,170358.0
42053,"Forest, PA",2020,195441.0
42053,"Forest, PA",2021,198059.0
42053,"Forest, PA",2022,187221.0
42053,"Forest, PA",2023,195412.0
42053,"Forest, PA",2024,199576.0
42055,"Franklin, PA",2019,7387952.0
42055,"Franklin, PA",2020,7976491.0
42055,"Franklin, PA",2021,8600055.0
42055,"Franklin, PA",2022,8748044.0
42055,"Franklin, PA",2023,9094489.0
42055,"Franklin, PA",2024,9587279.0
42057,"Fulton, PA",2019,648923.0
42057,"Fulton, PA",2020,694885.0
42057,"Fulton, PA",2021,720671.0
42057,"Fulton, PA",2022,695518.0
42057,"Fulton, PA",2023,708812.0
42057,"Fulton, PA",2024,761576.0
42059,"Greene, PA",2019,1591776.0
42059,"Greene, PA",2020,1689161.0
42059,"Greene, PA",2021,1726909.0
42059,"Greene, PA",2022,1742224.0
42059,"Greene, PA",2023,1828926.0
42059,"Greene, PA",2024,1870100.0
42061,"Huntingdon, PA",2019,1746708.0
42061,"Huntingdon, PA",2020,1920848.0
42061,"Huntingdon, PA",2021,2009704.0
42061,"Huntingdon, PA",2022,1990027.0
42061,"Huntingdon, PA",2023,2051789.0
42061,"Huntingdon, PA",2024,2149581.0
42063,"Indiana, PA",2019,3420726.0
42063,"Indiana, PA",2020,3696598.0
42063,"Indiana, PA",2021,3875373.0
42063,"Indiana, PA",2022,3798669.0
42063,"Indiana, PA",2023,3982944.0
42063,"Indiana, PA",2024,4122869.0
42065,"Jefferson, PA",2019,1907685.0
42065,"Jefferson, PA",2020,2066269.0
42065,"Jefferson, PA",2021,2133735.0
42065,"Jefferson, PA",2022,2109783.0
42065,"Jefferson, PA",2023,2187044.0
42065,"Jefferson, PA",2024,2248420.0
42067,"Juniata, PA",2019,1110725.0
42067,"Juniata, PA",2020,1226001.0
42067,"Juniata, PA",2021,1323470.0
42067,"Juniata, PA",2022,1388990.0
42067,"Juniata, PA",2023,1363771.0
42067,"Juniata, PA",2024,1421865.0
42069,"Lackawanna, PA",2019,10085073.0
42069,"Lackawanna, PA",2020,11102420.0
42069,"Lackawanna, PA",2021,11797040.0
42069,"Lackawanna, PA",2022,11713109.0
42069,"Lackawanna, PA",2023,12286624.0
42069,"Lackawanna, PA",2024,12741829.0
42071,"Lancaster, PA",2019,29383610.0
42071,"Lancaster, PA",2020,31975642.0
42071,"Lancaster, PA",2021,34207297.0
42071,"Lancaster, PA",2022,35641673.0
42071,"Lancaster, PA",2023,36771718.0
42071,"Lancaster, PA",2024,38657392.0
42073,"Lawrence, PA",2019,3784034.0
42073,"Lawrence, PA",2020,4169845.0
42073,"Lawrence, PA",2021,4408705.0
42073,"Lawrence, PA",2022,4314470.0
42073,"Lawrence, PA",2023,4569183.0
42073,"Lawrence, PA",2024,4695697.0
42075,"Lebanon, PA",2019,6886817.0
42075,"Lebanon, PA",2020,7485361.0
42075,"Lebanon, PA",2021,8082017.0
42075,"Lebanon, PA",2022,8161996.0
42075,"Lebanon, PA",2023,8426951.0
42075,"Lebanon, PA",2024,8847634.0
42077,"Lehigh, PA",2019,20264286.0
42077,"Lehigh, PA",2020,21713334.0
42077,"Lehigh, PA",2021,23362453.0
42077,"Lehigh, PA",2022,23414989.0
42077,"Lehigh, PA",2023,24705613.0
42077,"Lehigh, PA",2024,25805370.0
42079,"Luzerne, PA",2019,14420360.0
42079,"Luzerne, PA",2020,15813981.0
42079,"Luzerne, PA",2021,16768972.0
42079,"Luzerne, PA",2022,16580528.0
42079,"Luzerne, PA",2023,17508829.0
42079,"Luzerne, PA",2024,18264033.0
42081,"Lycoming, PA",2019,5026043.0
42081,"Lycoming, PA",2020,5481176.0
42081,"Lycoming, PA",2021,5743595.0
42081,"Lycoming, PA",2022,5741015.0
42081,"Lycoming, PA",2023,6109666.0
42081,"Lycoming, PA",2024,6313010.0
42083,"McKean, PA",2019,1795907.0
42083,"McKean, PA",2020,1923792.0
42083,"McKean, PA",2021,2022970.0
42083,"McKean, PA",2022,1945573.0
42083,"McKean, PA",2023,2028820.0
42083,"McKean, PA",2024,2099969.0
42085,"Mercer, PA",2019,4676193.0
42085,"Mercer, PA",2020,5060575.0
42085,"Mercer, PA",2021,5348249.0
42085,"Mercer, PA",2022,5293186.0
42085,"Mercer, PA",2023,5539248.0
42085,"Mercer, PA",2024,5745322.0
42087,"Mifflin, PA",2019,1823098.0
42087,"Mifflin, PA",2020,2008767.0
42087,"Mifflin, PA",2021,2139553.0
42087,"Mifflin, PA",2022,2170692.0
42087,"Mifflin, PA",2023,2217109.0
42087,"Mifflin, PA",2024,2348393.0
42089,"Monroe, PA",2019,7570436.0
42089,"Monroe, PA",2020,8166745.0
42089,"Monroe, PA",2021,8733776.0
42089,"Monroe, PA",2022,8668602.0
42089,"Monroe, PA",2023,9019528.0
42089,"Monroe, PA",2024,9422478.0
42091,"Montgomery, PA",2019,66328903.0
42091,"Montgomery, PA",2020,73601970.0
42091,"Montgomery, PA",2021,80499372.0
42091,"Montgomery, PA",2022,81829035.0
42091,"Montgomery, PA",2023,87211028.0
42091,"Montgomery, PA",2024,91769650.0
42093,"Montour, PA",2019,1031571.0
42093,"Montour, PA",2020,1087777.0
42093,"Montour, PA",2021,1168871.0
42093,"Montour, PA",2022,1208362.0
42093,"Montour, PA",2023,1251783.0
42093,"Montour, PA",2024,1309550.0
42095,"Northampton, PA",2019,17286109.0
42095,"Northampton, PA",2020,18546312.0
42095,"Northampton, PA",2021,19775334.0
42095,"Northampton, PA",2022,20296004.0
42095,"Northampton, PA",2023,21453900.0
42095,"Northampton, PA",2024,22399177.0
42097,"Northumberland, PA",2019,3847043.0
42097,"Northumberland, PA",2020,4226382.0
42097,"Northumberland, PA",2021,4404271.0
42097,"Northumberland, PA",2022,4356114.0
42097,"Northumberland, PA",2023,4548334.0
42097,"Northumberland, PA",2024,4680190.0
42099,"Perry, PA",2019,2141746.0
42099,"Perry, PA",2020,2321242.0
42099,"Perry, PA",2021,2502634.0
42099,"Perry, PA",2022,2522367.0
42099,"Perry, PA",2023,2600973.0
42099,"Perry, PA",2024,2733789.0
42101,"Philadelphia, PA",2019,85042553.0
42101,"Philadelphia, PA",2020,88892960.0
42101,"Philadelphia, PA",2021,91814155.0
42101,"Philadelphia, PA",2022,91887036.0
42101,"Philadelphia, PA",2023,93742574.0
42101,"Philadelphia, PA",2024,96312500.0
42103,"Pike, PA",2019,2863360.0
42103,"Pike, PA",2020,3067169.0
42103,"Pike, PA",2021,3327360.0
42103,"Pike, PA",2022,3385190.0
42103,"Pike, PA",2023,3623582.0
42103,"Pike, PA",2024,3812881.0
42105,"Potter, PA",2019,728331.0
42105,"Potter, PA",2020,768432.0
42105,"Potter, PA",2021,852551.0
42105,"Potter, PA",2022,745211.0
42105,"Potter, PA",2023,794769.0
42105,"Potter, PA",2024,810672.0
42107,"Schuylkill, PA",2019,6097326.0
42107,"Schuylkill, PA",2020,6641291.0
42107,"Schuylkill, PA",2021,7061651.0
42107,"Schuylkill, PA",2022,7111816.0
42107,"Schuylkill, PA",2023,7378201.0
42107,"Schuylkill, PA",2024,7665910.0
42109,"Snyder, PA",2019,1712729.0
42109,"Snyder, PA",2020,1861143.0
42109,"Snyder, PA",2021,2037292.0
42109,"Snyder, PA",2022,2096411.0
42109,"Snyder, PA",2023,2131715.0
42109,"Snyder, PA",2024,2212280.0
42111,"Somerset, PA",2019,3096233.0
42111,"Somerset, PA",2020,3389495.0
42111,"Somerset, PA",2021,3554965.0
42111,"Somerset, PA",2022,3413491.0
42111,"Somerset, PA",2023,3579236.0
42111,"Somerset, PA",2024,3710939.0
42113,"Sullivan, PA",2019,286544.0
42113,"Sullivan, PA",2020,303669.0
42113,"Sullivan, PA",2021,326056.0
42113,"Sullivan, PA",2022,330521.0
42113,"Sullivan, PA",2023,343847.0
42113,"Sullivan, PA",2024,356201.0
42115,"Susquehanna, PA",2019,1871517.0
42115,"Susquehanna, PA",2020,1977422.0
42115,"Susquehanna, PA",2021,2165078.0
42115,"Susquehanna, PA",2022,2255705.0
42115,"Susquehanna, PA",2023,2305395.0
42115,"Susquehanna, PA",2024,2386900.0
42117,"Tioga, PA",2019,1674152.0
42117,"Tioga, PA",2020,1791314.0
42117,"Tioga, PA",2021,1916210.0
42117,"Tioga, PA",2022,1914753.0
42117,"Tioga, PA",2023,1925656.0
42117,"Tioga, PA",2024,1984342.0
42119,"Union, PA",2019,1878457.0
42119,"Union, PA",2020,2035051.0
42119,"Union, PA",2021,2137834.0
42119,"Union, PA",2022,2172633.0
42119,"Union, PA",2023,2239428.0
42119,"Union, PA",2024,2352084.0
42121,"Venango, PA",2019,2181590.0
42121,"Venango, PA",2020,2349087.0
42121,"Venango, PA",2021,2480497.0
42121,"Venango, PA",2022,2439175.0
42121,"Venango, PA",2023,2516166.0
42121,"Venango, PA",2024,2552188.0
42123,"Warren, PA",2019,1667279.0
42123,"Warren, PA",2020,1792619.0
42123,"Warren, PA",2021,1873680.0
42123,"Warren, PA",2022,1845887.0
42123,"Warren, PA",2023,1918245.0
42123,"Warren, PA",2024,1963743.0
42125,"Washington, PA",2019,12056577.0
42125,"Washington, PA",2020,12738654.0
42125,"Washington, PA",2021,13796852.0
42125,"Washington, PA",2022,14889486.0
42125,"Washington, PA",2023,15462356.0
42125,"Washington, PA",2024,16153822.0
42127,"Wayne, PA",2019,2311764.0
42127,"Wayne, PA",2020,2541145.0
42127,"Wayne, PA",2021,2721657.0
42127,"Wayne, PA",2022,2768757.0
42127,"Wayne, PA",2023,2934561.0
42127,"Wayne, PA",2024,3054041.0
42129,"Westmoreland, PA",2019,18375386.0
42129,"Westmoreland, PA",2020,19873009.0
42129,"Westmoreland, PA",2021,21098391.0
42129,"Westmoreland, PA",2022,21109399.0
42129,"Westmoreland, PA",2023,22302743.0
42129,"Westmoreland, PA",2024,23200161.0
42131,"Wyoming, PA",2019,1252859.0
42131,"Wyoming, PA",2020,1349206.0
42131,"Wyoming, PA",2021,1412773.0
42131,"Wyoming, PA",2022,1421466.0
42131,"Wyoming, PA",2023,1464984.0
42131,"Wyoming, PA",2024,1520735.0
42133,"York, PA",2019,23058074.0
42133,"York, PA",2020,24840829.0
42133,"York, PA",2021,26392369.0
42133,"York, PA",2022,26793981.0
42133,"York, PA",2023,28240671.0
42133,"York, PA",2024,29637415.0
44001,"Bristol, RI",2019,3908955.0
44001,"Bristol, RI",2020,4082797.0
44001,"Bristol, RI",2021,4349722.0
44001,"Bristol, RI",2022,4457527.0
44001,"Bristol, RI",2023,4740356.0
44001,"Bristol, RI",2024,5010631.0
44003,"Kent, RI",2019,10058368.0
44003,"Kent, RI",2020,10761766.0
44003,"Kent, RI",2021,11325123.0
44003,"Kent, RI",2022,11718081.0
44003,"Kent, RI",2023,12408033.0
44003,"Kent, RI",2024,12955417.0
44005,"Newport, RI",2019,6166146.0
44005,"Newport, RI",2020,6576470.0
44005,"Newport, RI",2021,6996892.0
44005,"Newport, RI",2022,7249076.0
44005,"Newport, RI",2023,7455435.0
44005,"Newport, RI",2024,7932236.0
44007,"Providence, RI",2019,31473004.0
44007,"Providence, RI",2020,34191585.0
44007,"Providence, RI",2021,36287960.0
44007,"Providence, RI",2022,37089062.0
44007,"Providence, RI",2023,39285556.0
44007,"Providence, RI",2024,41257642.0
44009,"Washington, RI",2019,8730495.0
44009,"Washington, RI",2020,9384177.0
44009,"Washington, RI",2021,10285847.0
44009,"Washington, RI",2022,10366390.0
44009,"Washington, RI",2023,10888461.0
44009,"Washington, RI",2024,11397804.0
45001,"Abbeville, SC",2019,849205.0
45001,"Abbeville, SC",2020,909288.0
45001,"Abbeville, SC",2021,982401.0
45001,"Abbeville, SC",2022,1001082.0
45001,"Abbeville, SC",2023,1047721.0
45001,"Abbeville, SC",2024,1111178.0
45003,"Aiken, SC",2019,7559001.0
45003,"Aiken, SC",2020,8124185.0
45003,"Aiken, SC",2021,8898927.0
45003,"Aiken, SC",2022,9076440.0
45003,"Aiken, SC",2023,9612746.0
45003,"Aiken, SC",2024,10168289.0
45005,"Allendale, SC",2019,283737.0
45005,"Allendale, SC",2020,321172.0
45005,"Allendale, SC",2021,329109.0
45005,"Allendale, SC",2022,323700.0
45005,"Allendale, SC",2023,342582.0
45005,"Allendale, SC",2024,364862.0
45007,"Anderson, SC",2019,8322166.0
45007,"Anderson, SC",2020,8873723.0
45007,"Anderson, SC",2021,9821908.0
45007,"Anderson, SC",2022,10102123.0
45007,"Anderson, SC",2023,10750749.0
45007,"Anderson, SC",2024,11515301.0
45009,"Bamberg, SC",2019,487659.0
45009,"Bamberg, SC",2020,507591.0
45009,"Bamberg, SC",2021,531136.0
45009,"Bamberg, SC",2022,544527.0
45009,"Bamberg, SC",2023,569731.0
45009,"Bamberg, SC",2024,619306.0
45011,"Barnwell, SC",2019,736629.0
45011,"Barnwell, SC",2020,791215.0
45011,"Barnwell, SC",2021,843598.0
45011,"Barnwell, SC",2022,827947.0
45011,"Barnwell, SC",2023,854696.0
45011,"Barnwell, SC",2024,904949.0
45013,"Beaufort, SC",2019,11496696.0
45013,"Beaufort, SC",2020,12201804.0
45013,"Beaufort, SC",2021,13858882.0
45013,"Beaufort, SC",2022,14954800.0
45013,"Beaufort, SC",2023,16253490.0
45013,"Beaufort, SC",2024,17216898.0
45015,"Berkeley, SC",2019,9725676.0
45015,"Berkeley, SC",2020,10509241.0
45015,"Berkeley, SC",2021,11910782.0
45015,"Berkeley, SC",2022,12656293.0
45015,"Berkeley, SC",2023,14148423.0
45015,"Berkeley, SC",2024,15432985.0
45017,"Calhoun, SC",2019,604266.0
45017,"Calhoun, SC",2020,635802.0
45017,"Calhoun, SC",2021,712342.0
45017,"Calhoun, SC",2022,711026.0
45017,"Calhoun, SC",2023,753440.0
45017,"Calhoun, SC",2024,806197.0
45019,"Charleston, SC",2019,26761368.0
45019,"Charleston, SC",2020,27916294.0
45019,"Charleston, SC",2021,31048367.0
45019,"Charleston, SC",2022,33087835.0
45019,"Charleston, SC",2023,36556057.0
45019,"Charleston, SC",2024,39027233.0
45021,"Cherokee, SC",2019,1938142.0
45021,"Cherokee, SC",2020,2057845.0
45021,"Cherokee, SC",2021,2203313.0
45021,"Cherokee, SC",2022,2270064.0
45021,"Cherokee, SC",2023,2349105.0
45021,"Cherokee, SC",2024,2510427.0
45023,"Chester, SC",2019,1157376.0
45023,"Chester, SC",2020,1254436.0
45023,"Chester, SC",2021,1337012.0
45023,"Chester, SC",2022,1386391.0
45023,"Chester, SC",2023,1468546.0
45023,"Chester, SC",2024,1566031.0
45025,"Chesterfield, SC",2019,1461586.0
45025,"Chesterfield, SC",2020,1550783.0
45025,"Chesterfield, SC",2021,1719362.0
45025,"Chesterfield, SC",2022,1715310.0
45025,"Chesterfield, SC",2023,1775668.0
45025,"Chesterfield, SC",2024,1855890.0
45027,"Clarendon, SC",2019,1168193.0
45027,"Clarendon, SC",2020,1277610.0
45027,"Clarendon, SC",2021,1421365.0
45027,"Clarendon, SC",2022,1432014.0
45027,"Clarendon, SC",2023,1516846.0
45027,"Clarendon, SC",2024,1602157.0
45029,"Colleton, SC",2019,1398112.0
45029,"Colleton, SC",2020,1495143.0
45029,"Colleton, SC",2021,1637169.0
45029,"Colleton, SC",2022,1690053.0
45029,"Colleton, SC",2023,1787850.0
45029,"Colleton, SC",2024,1928049.0
45031,"Darlington, SC",2019,2589041.0
45031,"Darlington, SC",2020,2735482.0
45031,"Darlington, SC",2021,2966307.0
45031,"Darlington, SC",2022,3004281.0
45031,"Darlington, SC",2023,3114073.0
45031,"Darlington, SC",2024,3266100.0
45033,"Dillon, SC",2019,922028.0
45033,"Dillon, SC",2020,1002216.0
45033,"Dillon, SC",2021,1119711.0
45033,"Dillon, SC",2022,1085300.0
45033,"Dillon, SC",2023,1132676.0
45033,"Dillon, SC",2024,1206026.0
45035,"Dorchester, SC",2019,6572147.0
45035,"Dorchester, SC",2020,7110501.0
45035,"Dorchester, SC",2021,7693296.0
45035,"Dorchester, SC",2022,8262338.0
45035,"Dorchester, SC",2023,8779869.0
45035,"Dorchester, SC",2024,9548653.0
45037,"Edgefield, SC",2019,1025928.0
45037,"Edgefield, SC",2020,1130002.0
45037,"Edgefield, SC",2021,1297096.0
45037,"Edgefield, SC",2022,1316886.0
45037,"Edgefield, SC",2023,1409820.0
45037,"Edgefield, SC",2024,1480108.0
45039,"Fairfield, SC",2019,857588.0
45039,"Fairfield, SC",2020,915565.0
45039,"Fairfield, SC",2021,1023636.0
45039,"Fairfield, SC",2022,1020115.0
45039,"Fairfield, SC",2023,1088599.0
45039,"Fairfield, SC",2024,1168276.0
45041,"Florence, SC",2019,6064924.0
45041,"Florence, SC",2020,6389605.0
45041,"Florence, SC",2021,7047333.0
45041,"Florence, SC",2022,7157142.0
45041,"Florence, SC",2023,7604782.0
45041,"Florence, SC",2024,8028831.0
45043,"Georgetown, SC",2019,3128803.0
45043,"Georgetown, SC",2020,3344201.0
45043,"Georgetown, SC",2021,3695556.0
45043,"Georgetown, SC",2022,3847700.0
45043,"Georgetown, SC",2023,4187139.0
45043,"Georgetown, SC",2024,4424522.0
45045,"Greenville, SC",2019,26071554.0
45045,"Greenville, SC",2020,27397335.0
45045,"Greenville, SC",2021,30102684.0
45045,"Greenville, SC",2022,31755098.0
45045,"Greenville, SC",2023,34193091.0
45045,"Greenville, SC",2024,36584709.0
45047,"Greenwood, SC",2019,2652167.0
45047,"Greenwood, SC",2020,2858262.0
45047,"Greenwood, SC",2021,3060720.0
45047,"Greenwood, SC",2022,3071571.0
45047,"Greenwood, SC",2023,3251335.0
45047,"Greenwood, SC",2024,3439479.0
45049,"Hampton, SC",2019,659506.0
45049,"Hampton, SC",2020,702762.0
45049,"Hampton, SC",2021,748014.0
45049,"Hampton, SC",2022,757322.0
45049,"Hampton, SC",2023,800346.0
45049,"Hampton, SC",2024,865567.0
45051,"Horry, SC",2019,14088337.0
45051,"Horry, SC",2020,15667411.0
45051,"Horry, SC",2021,17567964.0
45051,"Horry, SC",2022,18575533.0
45051,"Horry, SC",2023,20635411.0
45051,"Horry, SC",2024,22283769.0
45053,"Jasper, SC",2019,996592.0
45053,"Jasper, SC",2020,1147381.0
45053,"Jasper, SC",2021,1293198.0
45053,"Jasper, SC",2022,1450072.0
45053,"Jasper, SC",2023,1586032.0
45053,"Jasper, SC",2024,1787453.0
45055,"Kershaw, SC",2019,2856369.0
45055,"Kershaw, SC",2020,3016907.0
45055,"Kershaw, SC",2021,3438062.0
45055,"Kershaw, SC",2022,3642871.0
45055,"Kershaw, SC",2023,3965664.0
45055,"Kershaw, SC",2024,4354722.0
45057,"Lancaster, SC",2019,4908087.0
45057,"Lancaster, SC",2020,4877521.0
45057,"Lancaster, SC",2021,5376759.0
45057,"Lancaster, SC",2022,5821259.0
45057,"Lancaster, SC",2023,6333355.0
45057,"Lancaster, SC",2024,6819925.0
45059,"Laurens, SC",2020,2667797.0
45059,"Laurens, SC",2021,2896410.0
45059,"Laurens, SC",2022,2887547.0
45059,"Laurens, SC",2023,3057492.0
45059,"Laurens, SC",2024,3247528.0
45059,"Laurens, SC",2019,2425247.0
45061,"Lee, SC",2019,568225.0
45061,"Lee, SC",2020,620000.0
45061,"Lee, SC",2021,676249.0
45061,"Lee, SC",2022,693938.0
45061,"Lee, SC",2023,710377.0
45061,"Lee, SC",2024,748833.0
45063,"Lexington, SC",2019,14225336.0
45063,"Lexington, SC",2020,15350116.0
45063,"Lexington, SC",2021,16919320.0
45063,"Lexington, SC",2022,17509498.0
45063,"Lexington, SC",2023,18791267.0
45063,"Lexington, SC",2024,20103358.0
45065,"McCormick, SC",2019,375506.0
45065,"McCormick, SC",2020,404264.0
45065,"McCormick, SC",2021,452633.0
45065,"McCormick, SC",2022,460671.0
45065,"McCormick, SC",2023,493341.0
45065,"McCormick, SC",2024,535790.0
45067,"Marion, SC",2019,1016522.0
45067,"Marion, SC",2020,1087926.0
45067,"Marion, SC",2021,1195403.0
45067,"Marion, SC",2022,1187802.0
45067,"Marion, SC",2023,1260687.0
45067,"Marion, SC",2024,1335880.0
45069,"Marlboro, SC",2019,843524.0
45069,"Marlboro, SC",2020,913242.0
45069,"Marlboro, SC",2021,1011362.0
45069,"Marlboro, SC",2022,989962.0
45069,"Marlboro, SC",2023,994624.0
45069,"Marlboro, SC",2024,1053889.0
45071,"Newberry, SC",2019,1516275.0
45071,"Newberry, SC",2020,1612285.0
45071,"Newberry, SC",2021,1797961.0
45071,"Newberry, SC",2022,1842855.0
45071,"Newberry, SC",2023,1966059.0
45071,"Newberry, SC",2024,2108397.0
45073,"Oconee, SC",2019,3605389.0
45073,"Oconee, SC",2020,3795625.0
45073,"Oconee, SC",2021,4274423.0
45073,"Oconee, SC",2022,4424037.0
45073,"Oconee, SC",2023,4754120.0
45073,"Oconee, SC",2024,5056264.0
45075,"Orangeburg, SC",2019,3004225.0
45075,"Orangeburg, SC",2020,3239168.0
45075,"Orangeburg, SC",2021,3514097.0
45075,"Orangeburg, SC",2022,3543116.0
45075,"Orangeburg, SC",2023,3718206.0
45075,"Orangeburg, SC",2024,3944885.0
45077,"Pickens, SC",2019,5066535.0
45077,"Pickens, SC",2020,5379087.0
45077,"Pickens, SC",2021,6026057.0
45077,"Pickens, SC",2022,6308152.0
45077,"Pickens, SC",2023,6759959.0
45077,"Pickens, SC",2024,7199343.0
45079,"Richland, SC",2019,19292580.0
45079,"Richland, SC",2020,20410270.0
45079,"Richland, SC",2021,22452593.0
45079,"Richland, SC",2022,22746607.0
45079,"Richland, SC",2023,24301025.0
45079,"Richland, SC",2024,26089048.0
45081,"Saluda, SC",2019,710477.0
45081,"Saluda, SC",2020,738195.0
45081,"Saluda, SC",2021,836839.0
45081,"Saluda, SC",2022,850091.0
45081,"Saluda, SC",2023,896099.0
45081,"Saluda, SC",2024,958369.0
45083,"Spartanburg, SC",2019,14367863.0
45083,"Spartanburg, SC",2020,15799659.0
45083,"Spartanburg, SC",2021,17861554.0
45083,"Spartanburg, SC",2022,17811755.0
45083,"Spartanburg, SC",2023,19254300.0
45083,"Spartanburg, SC",2024,20636249.0
45085,"Sumter, SC",2019,4196931.0
45085,"Sumter, SC",2020,4505530.0
45085,"Sumter, SC",2021,4914181.0
45085,"Sumter, SC",2022,4951073.0
45085,"Sumter, SC",2023,5164075.0
45085,"Sumter, SC",2024,5471458.0
45087,"Union, SC",2019,943310.0
45087,"Union, SC",2020,994928.0
45087,"Union, SC",2021,1046140.0
45087,"Union, SC",2022,1046355.0
45087,"Union, SC",2023,1097713.0
45087,"Union, SC",2024,1151263.0
45089,"Williamsburg, SC",2019,1036461.0
45089,"Williamsburg, SC",2020,1138494.0
45089,"Williamsburg, SC",2021,1208946.0
45089,"Williamsburg, SC",2022,1182762.0
45089,"Williamsburg, SC",2023,1227579.0
45089,"Williamsburg, SC",2024,1303937.0
45091,"York, SC",2019,13758126.0
45091,"York, SC",2020,14872645.0
45091,"York, SC",2021,16552378.0
45091,"York, SC",2022,17529319.0
45091,"York, SC",2023,18918771.0
45091,"York, SC",2024,20150316.0
46003,"Aurora, SD",2019,109322.0
46003,"Aurora, SD",2020,129582.0
46003,"Aurora, SD",2021,153884.0
46003,"Aurora, SD",2022,167585.0
46003,"Aurora, SD",2023,181920.0
46003,"Aurora, SD",2024,154449.0
46005,"Beadle, SD",2019,908208.0
46005,"Beadle, SD",2020,995545.0
46005,"Beadle, SD",2021,1104633.0
46005,"Beadle, SD",2022,1149365.0
46005,"Beadle, SD",2023,1276854.0
46005,"Beadle, SD",2024,1253392.0
46007,"Bennett, SD",2019,120455.0
46007,"Bennett, SD",2020,140827.0
46007,"Bennett, SD",2021,156181.0
46007,"Bennett, SD",2022,167548.0
46007,"Bennett, SD",2023,172514.0
46007,"Bennett, SD",2024,164614.0
46009,"Bon Homme, SD",2019,286023.0
46009,"Bon Homme, SD",2020,297794.0
46009,"Bon Homme, SD",2021,337545.0
46009,"Bon Homme, SD",2022,415268.0
46009,"Bon Homme, SD",2023,392140.0
46009,"Bon Homme, SD",2024,363744.0
46011,"Brookings, SD",2019,1629469.0
46011,"Brookings, SD",2020,1750336.0
46011,"Brookings, SD",2021,1925506.0
46011,"Brookings, SD",2022,2111288.0
46011,"Brookings, SD",2023,2314023.0
46011,"Brookings, SD",2024,2427884.0
46013,"Brown, SD",2019,2088489.0
46013,"Brown, SD",2020,2339667.0
46013,"Brown, SD",2021,2687631.0
46013,"Brown, SD",2022,2791935.0
46013,"Brown, SD",2023,2986041.0
46013,"Brown, SD",2024,2998983.0
46015,"Brule, SD",2019,240198.0
46015,"Brule, SD",2020,275307.0
46015,"Brule, SD",2021,329277.0
46015,"Brule, SD",2022,383465.0
46015,"Brule, SD",2023,402148.0
46015,"Brule, SD",2024,385259.0
46017,"Buffalo, SD",2019,40728.0
46017,"Buffalo, SD",2020,52052.0
46017,"Buffalo, SD",2021,66210.0
46017,"Buffalo, SD",2022,69469.0
46017,"Buffalo, SD",2023,71650.0
46017,"Buffalo, SD",2024,62492.0
46019,"Butte, SD",2019,410300.0
46019,"Butte, SD",2020,450647.0
46019,"Butte, SD",2021,509798.0
46019,"Butte, SD",2022,518096.0
46019,"Butte, SD",2023,573903.0
46019,"Butte, SD",2024,606176.0
46021,"Campbell, SD",2019,62401.0
46021,"Campbell, SD",2020,94330.0
46021,"Campbell, SD",2021,114658.0
46021,"Campbell, SD",2022,113722.0
46021,"Campbell, SD",2023,105362.0
46021,"Campbell, SD",2024,92282.0
46023,"Charles Mix, SD",2019,378085.0
46023,"Charles Mix, SD",2020,434120.0
46023,"Charles Mix, SD",2021,473008.0
46023,"Charles Mix, SD",2022,506488.0
46023,"Charles Mix, SD",2023,542843.0
46023,"Charles Mix, SD",2024,525801.0
46025,"Clark, SD",2019,178126.0
46025,"Clark, SD",2020,255202.0
46025,"Clark, SD",2021,292491.0
46025,"Clark, SD",2022,350256.0
46025,"Clark, SD",2023,380449.0
46025,"Clark, SD",2024,347321.0
46027,"Clay, SD",2019,586170.0
46027,"Clay, SD",2020,613723.0
46027,"Clay, SD",2021,686820.0
46027,"Clay, SD",2022,744597.0
46027,"Clay, SD",2023,773312.0
46027,"Clay, SD",2024,778260.0
46029,"Codington, SD",2019,1424807.0
46029,"Codington, SD",2020,1583860.0
46029,"Codington, SD",2021,1900122.0
46029,"Codington, SD",2022,1852338.0
46029,"Codington, SD",2023,2011434.0
46029,"Codington, SD",2024,2102649.0
46031,"Corson, SD",2019,110835.0
46031,"Corson, SD",2020,128638.0
46031,"Corson, SD",2021,154736.0
46031,"Corson, SD",2022,161648.0
46031,"Corson, SD",2023,157198.0
46031,"Corson, SD",2024,154547.0
46033,"Custer, SD",2019,440523.0
46033,"Custer, SD",2020,467460.0
46033,"Custer, SD",2021,541522.0
46033,"Custer, SD",2022,578891.0
46033,"Custer, SD",2023,636594.0
46033,"Custer, SD",2024,677863.0
46035,"Davison, SD",2019,1018754.0
46035,"Davison, SD",2020,1105137.0
46035,"Davison, SD",2021,1211955.0
46035,"Davison, SD",2022,1311701.0
46035,"Davison, SD",2023,1409085.0
46035,"Davison, SD",2024,1446208.0
46037,"Day, SD",2019,249580.0
46037,"Day, SD",2020,335930.0
46037,"Day, SD",2021,378027.0
46037,"Day, SD",2022,400199.0
46037,"Day, SD",2023,416078.0
46037,"Day, SD",2024,391481.0
46039,"Deuel, SD",2019,219328.0
46039,"Deuel, SD",2020,267922.0
46039,"Deuel, SD",2021,286123.0
46039,"Deuel, SD",2022,309733.0
46039,"Deuel, SD",2023,336903.0
46039,"Deuel, SD",2024,346346.0
46041,"Dewey, SD",2019,215966.0
46041,"Dewey, SD",2020,264458.0
46041,"Dewey, SD",2021,289467.0
46041,"Dewey, SD",2022,284857.0
46041,"Dewey, SD",2023,301186.0
46041,"Dewey, SD",2024,303901.0
46043,"Douglas, SD",2019,169892.0
46043,"Douglas, SD",2020,176364.0
46043,"Douglas, SD",2021,196891.0
46043,"Douglas, SD",2022,214899.0
46043,"Douglas, SD",2023,225462.0
46043,"Douglas, SD",2024,208520.0
46045,"Edmunds, SD",2019,209126.0
46045,"Edmunds, SD",2020,262532.0
46045,"Edmunds, SD",2021,366091.0
46045,"Edmunds, SD",2022,412434.0
46045,"Edmunds, SD",2023,383776.0
46045,"Edmunds, SD",2024,347193.0
46047,"Fall River, SD",2019,318774.0
46047,"Fall River, SD",2020,348286.0
46047,"Fall River, SD",2021,396459.0
46047,"Fall River, SD",2022,406138.0
46047,"Fall River, SD",2023,455726.0
46047,"Fall River, SD",2024,476218.0
46049,"Faulk, SD",2019,125616.0
46049,"Faulk, SD",2020,149764.0
46049,"Faulk, SD",2021,184564.0
46049,"Faulk, SD",2022,212281.0
46049,"Faulk, SD",2023,209143.0
46049,"Faulk, SD",2024,183743.0
46051,"Grant, SD",2019,386785.0
46051,"Grant, SD",2020,437479.0
46051,"Grant, SD",2021,502242.0
46051,"Grant, SD",2022,537917.0
46051,"Grant, SD",2023,572748.0
46051,"Grant, SD",2024,587288.0
46053,"Gregory, SD",2019,184693.0
46053,"Gregory, SD",2020,210228.0
46053,"Gregory, SD",2021,236346.0
46053,"Gregory, SD",2022,243566.0
46053,"Gregory, SD",2023,266632.0
46053,"Gregory, SD",2024,258526.0
46055,"Haakon, SD",2019,87840.0
46055,"Haakon, SD",2020,133364.0
46055,"Haakon, SD",2021,141492.0
46055,"Haakon, SD",2022,154871.0
46055,"Haakon, SD",2023,162321.0
46055,"Haakon, SD",2024,131129.0
46057,"Hamlin, SD",2019,271581.0
46057,"Hamlin, SD",2020,328473.0
46057,"Hamlin, SD",2021,391294.0
46057,"Hamlin, SD",2022,423825.0
46057,"Hamlin, SD",2023,458129.0
46057,"Hamlin, SD",2024,465144.0
46059,"Hand, SD",2019,172965.0
46059,"Hand, SD",2020,213316.0
46059,"Hand, SD",2021,258297.0
46059,"Hand, SD",2022,275094.0
46059,"Hand, SD",2023,284582.0
46059,"Hand, SD",2024,253463.0
46061,"Hanson, SD",2019,223287.0
46061,"Hanson, SD",2020,240719.0
46061,"Hanson, SD",2021,265215.0
46061,"Hanson, SD",2022,287703.0
46061,"Hanson, SD",2023,295862.0
46061,"Hanson, SD",2024,277311.0
46063,"Harding, SD",2019,68786.0
46063,"Harding, SD",2020,59851.0
46063,"Harding, SD",2021,82596.0
46063,"Harding, SD",2022,69738.0
46063,"Harding, SD",2023,66344.0
46063,"Harding, SD",2024,81357.0
46065,"Hughes, SD",2019,952099.0
46065,"Hughes, SD",2020,989236.0
46065,"Hughes, SD",2021,1116171.0
46065,"Hughes, SD",2022,1137254.0
46065,"Hughes, SD",2023,1235570.0
46065,"Hughes, SD",2024,1310011.0
46067,"Hutchinson, SD",2019,414699.0
46067,"Hutchinson, SD",2020,411781.0
46067,"Hutchinson, SD",2021,488158.0
46067,"Hutchinson, SD",2022,555356.0
46067,"Hutchinson, SD",2023,570922.0
46067,"Hutchinson, SD",2024,546288.0
46069,"Hyde, SD",2019,62659.0
46069,"Hyde, SD",2020,84147.0
46069,"Hyde, SD",2021,93799.0
46069,"Hyde, SD",2022,98442.0
46069,"Hyde, SD",2023,99347.0
46069,"Hyde, SD",2024,88153.0
46071,"Jackson, SD",2019,85793.0
46071,"Jackson, SD",2020,104076.0
46071,"Jackson, SD",2021,118259.0
46071,"Jackson, SD",2022,127555.0
46071,"Jackson, SD",2023,132204.0
46071,"Jackson, SD",2024,128786.0
46073,"Jerauld, SD",2019,73033.0
46073,"Jerauld, SD",2020,92001.0
46073,"Jerauld, SD",2021,112014.0
46073,"Jerauld, SD",2022,136941.0
46073,"Jerauld, SD",2023,147099.0
46073,"Jerauld, SD",2024,123841.0
46075,"Jones, SD",2019,49293.0
46075,"Jones, SD",2020,53998.0
46075,"Jones, SD",2021,82176.0
46075,"Jones, SD",2022,67168.0
46075,"Jones, SD",2023,67316.0
46075,"Jones, SD",2024,68335.0
46077,"Kingsbury, SD",2019,281842.0
46077,"Kingsbury, SD",2020,350363.0
46077,"Kingsbury, SD",2021,383317.0
46077,"Kingsbury, SD",2022,399317.0
46077,"Kingsbury, SD",2023,441322.0
46077,"Kingsbury, SD",2024,403537.0
46079,"Lake, SD",2019,638561.0
46079,"Lake, SD",2020,694808.0
46079,"Lake, SD",2021,776772.0
46079,"Lake, SD",2022,919095.0
46079,"Lake, SD",2023,1111857.0
46079,"Lake, SD",2024,1143337.0
46081,"Lawrence, SD",2019,1368418.0
46081,"Lawrence, SD",2020,1496366.0
46081,"Lawrence, SD",2021,1758556.0
46081,"Lawrence, SD",2022,1945964.0
46081,"Lawrence, SD",2023,2118393.0
46081,"Lawrence, SD",2024,2264834.0
46083,"Lincoln, SD",2019,4320842.0
46083,"Lincoln, SD",2020,4821579.0
46083,"Lincoln, SD",2021,5525682.0
46083,"Lincoln, SD",2022,5998079.0
46083,"Lincoln, SD",2023,6497617.0
46083,"Lincoln, SD",2024,6911415.0
46085,"Lyman, SD",2019,156071.0
46085,"Lyman, SD",2020,175761.0
46085,"Lyman, SD",2021,210611.0
46085,"Lyman, SD",2022,219560.0
46085,"Lyman, SD",2023,219232.0
46085,"Lyman, SD",2024,195051.0
46087,"McCook, SD",2019,301352.0
46087,"McCook, SD",2020,335551.0
46087,"McCook, SD",2021,391797.0
46087,"McCook, SD",2022,425814.0
46087,"McCook, SD",2023,444689.0
46087,"McCook, SD",2024,438174.0
46089,"McPherson, SD",2019,101887.0
46089,"McPherson, SD",2020,141279.0
46089,"McPherson, SD",2021,175877.0
46089,"McPherson, SD",2022,196446.0
46089,"McPherson, SD",2023,190638.0
46089,"McPherson, SD",2024,175702.0
46091,"Marshall, SD",2019,241582.0
46091,"Marshall, SD",2020,330021.0
46091,"Marshall, SD",2021,332130.0
46091,"Marshall, SD",2022,340813.0
46091,"Marshall, SD",2023,356968.0
46091,"Marshall, SD",2024,357282.0
46093,"Meade, SD",2019,1263646.0
46093,"Meade, SD",2020,1437052.0
46093,"Meade, SD",2021,1601775.0
46093,"Meade, SD",2022,1678642.0
46093,"Meade, SD",2023,1780591.0
46093,"Meade, SD",2024,1826194.0
46095,"Mellette, SD",2019,58695.0
46095,"Mellette, SD",2020,69454.0
46095,"Mellette, SD",2021,87276.0
46095,"Mellette, SD",2022,87492.0
46095,"Mellette, SD",2023,94024.0
46095,"Mellette, SD",2024,95079.0
46097,"Miner, SD",2019,109026.0
46097,"Miner, SD",2020,134911.0
46097,"Miner, SD",2021,162915.0
46097,"Miner, SD",2022,178067.0
46097,"Miner, SD",2023,193984.0
46097,"Miner, SD",2024,169956.0
46099,"Minnehaha, SD",2019,12014967.0
46099,"Minnehaha, SD",2020,12873045.0
46099,"Minnehaha, SD",2021,14561990.0
46099,"Minnehaha, SD",2022,14686508.0
46099,"Minnehaha, SD",2023,15518320.0
46099,"Minnehaha, SD",2024,16411201.0
46101,"Moody, SD",2019,327140.0
46101,"Moody, SD",2020,379440.0
46101,"Moody, SD",2021,418475.0
46101,"Moody, SD",2022,420982.0
46101,"Moody, SD",2023,472931.0
46101,"Moody, SD",2024,469085.0
46102,"Oglala Lakota, SD*",2019,365173.0
46102,"Oglala Lakota, SD*",2020,428825.0
46102,"Oglala Lakota, SD*",2021,501550.0
46102,"Oglala Lakota, SD*",2022,493424.0
46102,"Oglala Lakota, SD*",2023,491941.0
46102,"Oglala Lakota, SD*",2024,517854.0
46103,"Pennington, SD",2019,6055930.0
46103,"Pennington, SD",2020,6630131.0
46103,"Pennington, SD",2021,7587721.0
46103,"Pennington, SD",2022,8026229.0
46103,"Pennington, SD",2023,8649024.0
46103,"Pennington, SD",2024,9100138.0
46105,"Perkins, SD",2019,112970.0
46105,"Perkins, SD",2020,132826.0
46105,"Perkins, SD",2021,147630.0
46105,"Perkins, SD",2022,154275.0
46105,"Perkins, SD",2023,154218.0
46105,"Perkins, SD",2024,161241.0
46107,"Potter, SD",2019,161242.0
46107,"Potter, SD",2020,189998.0
46107,"Potter, SD",2021,195020.0
46107,"Potter, SD",2022,201266.0
46107,"Potter, SD",2023,175915.0
46107,"Potter, SD",2024,156866.0
46109,"Roberts, SD",2019,381190.0
46109,"Roberts, SD",2020,466873.0
46109,"Roberts, SD",2021,516667.0
46109,"Roberts, SD",2022,564980.0
46109,"Roberts, SD",2023,597345.0
46109,"Roberts, SD",2024,602629.0
46111,"Sanborn, SD",2019,124566.0
46111,"Sanborn, SD",2020,145442.0
46111,"Sanborn, SD",2021,152195.0
46111,"Sanborn, SD",2022,158794.0
46111,"Sanborn, SD",2023,180390.0
46111,"Sanborn, SD",2024,150021.0
46115,"Spink, SD",2019,352522.0
46115,"Spink, SD",2020,463509.0
46115,"Spink, SD",2021,511862.0
46115,"Spink, SD",2022,573408.0
46115,"Spink, SD",2023,664378.0
46115,"Spink, SD",2024,615605.0
46117,"Stanley, SD",2019,194933.0
46117,"Stanley, SD",2020,189406.0
46117,"Stanley, SD",2021,245735.0
46117,"Stanley, SD",2022,235066.0
46117,"Stanley, SD",2023,251511.0
46117,"Stanley, SD",2024,254876.0
46119,"Sully, SD",2019,101411.0
46119,"Sully, SD",2020,134465.0
46119,"Sully, SD",2021,152985.0
46119,"Sully, SD",2022,160625.0
46119,"Sully, SD",2023,163591.0
46119,"Sully, SD",2024,126017.0
46121,"Todd, SD",2019,265777.0
46121,"Todd, SD",2020,296209.0
46121,"Todd, SD",2021,353720.0
46121,"Todd, SD",2022,336380.0
46121,"Todd, SD",2023,352567.0
46121,"Todd, SD",2024,371835.0
46123,"Tripp, SD",2019,268467.0
46123,"Tripp, SD",2020,309842.0
46123,"Tripp, SD",2021,343957.0
46123,"Tripp, SD",2022,372077.0
46123,"Tripp, SD",2023,392657.0
46123,"Tripp, SD",2024,391120.0
46125,"Turner, SD",2019,477529.0
46125,"Turner, SD",2020,482671.0
46125,"Turner, SD",2021,571957.0
46125,"Turner, SD",2022,690945.0
46125,"Turner, SD",2023,852927.0
46125,"Turner, SD",2024,833371.0
46127,"Union, SD",2019,1908794.0
46127,"Union, SD",2020,1908597.0
46127,"Union, SD",2021,2038731.0
46127,"Union, SD",2022,2241488.0
46127,"Union, SD",2023,2489493.0
46127,"Union, SD",2024,2553074.0
46129,"Walworth, SD",2019,243708.0
46129,"Walworth, SD",2020,282223.0
46129,"Walworth, SD",2021,324955.0
46129,"Walworth, SD",2022,338258.0
46129,"Walworth, SD",2023,358516.0
46129,"Walworth, SD",2024,356676.0
46135,"Yankton, SD",2019,1189630.0
46135,"Yankton, SD",2020,1263182.0
46135,"Yankton, SD",2021,1479582.0
46135,"Yankton, SD",2022,1573184.0
46135,"Yankton, SD",2023,1713034.0
46135,"Yankton, SD",2024,1745868.0
46137,"Ziebach, SD",2019,51305.0
46137,"Ziebach, SD",2020,66849.0
46137,"Ziebach, SD",2021,77877.0
46137,"Ziebach, SD",2022,87903.0
46137,"Ziebach, SD",2023,94130.0
46137,"Ziebach, SD",2024,79256.0
47001,"Anderson, TN",2019,3359492.0
47001,"Anderson, TN",2020,3613345.0
47001,"Anderson, TN",2021,3991222.0
47001,"Anderson, TN",2022,4226282.0
47001,"Anderson, TN",2023,4612524.0
47001,"Anderson, TN",2024,4886715.0
47003,"Bedford, TN",2019,1939584.0
47003,"Bedford, TN",2020,2080112.0
47003,"Bedford, TN",2021,2339814.0
47003,"Bedford, TN",2022,2466994.0
47003,"Bedford, TN",2023,2628855.0
47003,"Bedford, TN",2024,2841624.0
47005,"Benton, TN",2019,560740.0
47005,"Benton, TN",2020,599126.0
47005,"Benton, TN",2021,660980.0
47005,"Benton, TN",2022,668938.0
47005,"Benton, TN",2023,725349.0
47005,"Benton, TN",2024,764022.0
47007,"Bledsoe, TN",2019,421411.0
47007,"Bledsoe, TN",2020,457683.0
47007,"Bledsoe, TN",2021,511394.0
47007,"Bledsoe, TN",2022,522051.0
47007,"Bledsoe, TN",2023,554968.0
47007,"Bledsoe, TN",2024,600567.0
47009,"Blount, TN",2019,6089482.0
47009,"Blount, TN",2020,6571882.0
47009,"Blount, TN",2021,7307640.0
47009,"Blount, TN",2022,7734458.0
47009,"Blount, TN",2023,8423769.0
47009,"Blount, TN",2024,8996205.0
47011,"Bradley, TN",2019,4324874.0
47011,"Bradley, TN",2020,4687058.0
47011,"Bradley, TN",2021,5131442.0
47011,"Bradley, TN",2022,5317069.0
47011,"Bradley, TN",2023,5667120.0
47011,"Bradley, TN",2024,6024902.0
47013,"Campbell, TN",2019,1404594.0
47013,"Campbell, TN",2020,1507509.0
47013,"Campbell, TN",2021,1685906.0
47013,"Campbell, TN",2022,1707345.0
47013,"Campbell, TN",2023,1832353.0
47013,"Campbell, TN",2024,1918416.0
47015,"Cannon, TN",2019,534204.0
47015,"Cannon, TN",2020,581077.0
47015,"Cannon, TN",2021,644651.0
47015,"Cannon, TN",2022,690181.0
47015,"Cannon, TN",2023,736360.0
47015,"Cannon, TN",2024,781078.0
47017,"Carroll, TN",2019,1040539.0
47017,"Carroll, TN",2020,1098609.0
47017,"Carroll, TN",2021,1203897.0
47017,"Carroll, TN",2022,1203419.0
47017,"Carroll, TN",2023,1297792.0
47017,"Carroll, TN",2024,1358556.0
47019,"Carter, TN",2019,1973397.0
47019,"Carter, TN",2020,2105452.0
47019,"Carter, TN",2021,2286167.0
47019,"Carter, TN",2022,2308589.0
47019,"Carter, TN",2023,2457393.0
47019,"Carter, TN",2024,2611142.0
47021,"Cheatham, TN",2019,1910261.0
47021,"Cheatham, TN",2020,2025967.0
47021,"Cheatham, TN",2021,2238266.0
47021,"Cheatham, TN",2022,2412022.0
47021,"Cheatham, TN",2023,2593923.0
47021,"Cheatham, TN",2024,2752452.0
47023,"Chester, TN",2019,609024.0
47023,"Chester, TN",2020,673655.0
47023,"Chester, TN",2021,733167.0
47023,"Chester, TN",2022,719851.0
47023,"Chester, TN",2023,769374.0
47023,"Chester, TN",2024,818807.0
47025,"Claiborne, TN",2019,1166140.0
47025,"Claiborne, TN",2020,1249937.0
47025,"Claiborne, TN",2021,1353105.0
47025,"Claiborne, TN",2022,1387813.0
47025,"Claiborne, TN",2023,1458363.0
47025,"Claiborne, TN",2024,1505438.0
47027,"Clay, TN",2019,243219.0
47027,"Clay, TN",2020,255782.0
47027,"Clay, TN",2021,302286.0
47027,"Clay, TN",2022,314374.0
47027,"Clay, TN",2023,320253.0
47027,"Clay, TN",2024,360641.0
47029,"Cocke, TN",2019,1224949.0
47029,"Cocke, TN",2020,1338341.0
47029,"Cocke, TN",2021,1493667.0
47029,"Cocke, TN",2022,1497751.0
47029,"Cocke, TN",2023,1605055.0
47029,"Cocke, TN",2024,1729992.0
47031,"Coffee, TN",2019,2335363.0
47031,"Coffee, TN",2020,2522173.0
47031,"Coffee, TN",2021,2765329.0
47031,"Coffee, TN",2022,2846825.0
47031,"Coffee, TN",2023,3068494.0
47031,"Coffee, TN",2024,3257496.0
47033,"Crockett, TN",2019,588490.0
47033,"Crockett, TN",2020,614693.0
47033,"Crockett, TN",2021,687679.0
47033,"Crockett, TN",2022,662686.0
47033,"Crockett, TN",2023,728753.0
47033,"Crockett, TN",2024,752996.0
47035,"Cumberland, TN",2019,2342381.0
47035,"Cumberland, TN",2020,2542140.0
47035,"Cumberland, TN",2021,2807770.0
47035,"Cumberland, TN",2022,2887224.0
47035,"Cumberland, TN",2023,3226261.0
47035,"Cumberland, TN",2024,3443858.0
47037,"Davidson, TN",2019,49845233.0
47037,"Davidson, TN",2020,52817838.0
47037,"Davidson, TN",2021,58516114.0
47037,"Davidson, TN",2022,62139430.0
47037,"Davidson, TN",2023,68205791.0
47037,"Davidson, TN",2024,72693117.0
47039,"Decatur, TN",2019,499848.0
47039,"Decatur, TN",2020,524008.0
47039,"Decatur, TN",2021,566978.0
47039,"Decatur, TN",2022,566625.0
47039,"Decatur, TN",2023,616102.0
47039,"Decatur, TN",2024,658607.0
47041,"DeKalb, TN",2019,826348.0
47041,"DeKalb, TN",2020,902834.0
47041,"DeKalb, TN",2021,995513.0
47041,"DeKalb, TN",2022,1020137.0
47041,"DeKalb, TN",2023,1057011.0
47041,"DeKalb, TN",2024,1111892.0
47043,"Dickson, TN",2019,2338190.0
47043,"Dickson, TN",2020,2500289.0
47043,"Dickson, TN",2021,2782116.0
47043,"Dickson, TN",2022,2953847.0
47043,"Dickson, TN",2023,3219038.0
47043,"Dickson, TN",2024,3436581.0
47045,"Dyer, TN",2019,1558643.0
47045,"Dyer, TN",2020,1704705.0
47045,"Dyer, TN",2021,1910883.0
47045,"Dyer, TN",2022,1850121.0
47045,"Dyer, TN",2023,1986163.0
47045,"Dyer, TN",2024,2077063.0
47047,"Fayette, TN",2019,2426520.0
47047,"Fayette, TN",2020,2646495.0
47047,"Fayette, TN",2021,3082410.0
47047,"Fayette, TN",2022,3306864.0
47047,"Fayette, TN",2023,3566801.0
47047,"Fayette, TN",2024,3715642.0
47049,"Fentress, TN",2019,640951.0
47049,"Fentress, TN",2020,706739.0
47049,"Fentress, TN",2021,801794.0
47049,"Fentress, TN",2022,803950.0
47049,"Fentress, TN",2023,875390.0
47049,"Fentress, TN",2024,954528.0
47051,"Franklin, TN",2019,1709690.0
47051,"Franklin, TN",2020,1841958.0
47051,"Franklin, TN",2021,2012489.0
47051,"Franklin, TN",2022,2106251.0
47051,"Franklin, TN",2023,2251979.0
47051,"Franklin, TN",2024,2403113.0
47053,"Gibson, TN",2019,1986006.0
47053,"Gibson, TN",2020,2147810.0
47053,"Gibson, TN",2021,2358899.0
47053,"Gibson, TN",2022,2372889.0
47053,"Gibson, TN",2023,2571748.0
47053,"Gibson, TN",2024,2683906.0
47055,"Giles, TN",2019,1148069.0
47055,"Giles, TN",2020,1223940.0
47055,"Giles, TN",2021,1340579.0
47055,"Giles, TN",2022,1374834.0
47055,"Giles, TN",2023,1488463.0
47055,"Giles, TN",2024,1575442.0
47057,"Grainger, TN",2019,822387.0
47057,"Grainger, TN",2020,896685.0
47057,"Grainger, TN",2021,1022656.0
47057,"Grainger, TN",2022,1055185.0
47057,"Grainger, TN",2023,1138080.0
47057,"Grainger, TN",2024,1221757.0
47059,"Greene, TN",2019,2595376.0
47059,"Greene, TN",2020,2777399.0
47059,"Greene, TN",2021,3004122.0
47059,"Greene, TN",2022,3115536.0
47059,"Greene, TN",2023,3307637.0
47059,"Greene, TN",2024,3537560.0
47061,"Grundy, TN",2019,450541.0
47061,"Grundy, TN",2020,490504.0
47061,"Grundy, TN",2021,534199.0
47061,"Grundy, TN",2022,536657.0
47061,"Grundy, TN",2023,572892.0
47061,"Grundy, TN",2024,611712.0
47063,"Hamblen, TN",2019,2474076.0
47063,"Hamblen, TN",2020,2668126.0
47063,"Hamblen, TN",2021,3061310.0
47063,"Hamblen, TN",2022,3118213.0
47063,"Hamblen, TN",2023,3359005.0
47063,"Hamblen, TN",2024,3583221.0
47065,"Hamilton, TN",2019,19539608.0
47065,"Hamilton, TN",2020,20667310.0
47065,"Hamilton, TN",2021,22114933.0
47065,"Hamilton, TN",2022,23359283.0
47065,"Hamilton, TN",2023,25348402.0
47065,"Hamilton, TN",2024,26667958.0
47067,"Hancock, TN",2019,184774.0
47067,"Hancock, TN",2020,203114.0
47067,"Hancock, TN",2021,226933.0
47067,"Hancock, TN",2022,220787.0
47067,"Hancock, TN",2023,231922.0
47067,"Hancock, TN",2024,246473.0
47069,"Hardeman, TN",2019,777335.0
47069,"Hardeman, TN",2020,831413.0
47069,"Hardeman, TN",2021,917433.0
47069,"Hardeman, TN",2022,892440.0
47069,"Hardeman, TN",2023,950857.0
47069,"Hardeman, TN",2024,990707.0
47071,"Hardin, TN",2019,1040193.0
47071,"Hardin, TN",2020,1122383.0
47071,"Hardin, TN",2021,1221398.0
47071,"Hardin, TN",2022,1223810.0
47071,"Hardin, TN",2023,1319764.0
47071,"Hardin, TN",2024,1384307.0
47073,"Hawkins, TN",2019,2008659.0
47073,"Hawkins, TN",2020,2154872.0
47073,"Hawkins, TN",2021,2376747.0
47073,"Hawkins, TN",2022,2423840.0
47073,"Hawkins, TN",2023,2597416.0
47073,"Hawkins, TN",2024,2785998.0
47075,"Haywood, TN",2019,601560.0
47075,"Haywood, TN",2020,644573.0
47075,"Haywood, TN",2021,717082.0
47075,"Haywood, TN",2022,670789.0
47075,"Haywood, TN",2023,717385.0
47075,"Haywood, TN",2024,734163.0
47077,"Henderson, TN",2019,1046209.0
47077,"Henderson, TN",2020,1135386.0
47077,"Henderson, TN",2021,1299843.0
47077,"Henderson, TN",2022,1282647.0
47077,"Henderson, TN",2023,1383853.0
47077,"Henderson, TN",2024,1491366.0
47079,"Henry, TN",2019,1380435.0
47079,"Henry, TN",2020,1514302.0
47079,"Henry, TN",2021,1679835.0
47079,"Henry, TN",2022,1733752.0
47079,"Henry, TN",2023,1850159.0
47079,"Henry, TN",2024,1886154.0
47081,"Hickman, TN",2019,886497.0
47081,"Hickman, TN",2020,947064.0
47081,"Hickman, TN",2021,1057085.0
47081,"Hickman, TN",2022,1107178.0
47081,"Hickman, TN",2023,1179829.0
47081,"Hickman, TN",2024,1243174.0
47083,"Houston, TN",2019,282239.0
47083,"Houston, TN",2020,302734.0
47083,"Houston, TN",2021,328073.0
47083,"Houston, TN",2022,326121.0
47083,"Houston, TN",2023,350723.0
47083,"Houston, TN",2024,383247.0
47085,"Humphreys, TN",2019,742607.0
47085,"Humphreys, TN",2020,781266.0
47085,"Humphreys, TN",2021,854284.0
47085,"Humphreys, TN",2022,850458.0
47085,"Humphreys, TN",2023,930576.0
47085,"Humphreys, TN",2024,998330.0
47087,"Jackson, TN",2019,386733.0
47087,"Jackson, TN",2020,413355.0
47087,"Jackson, TN",2021,450981.0
47087,"Jackson, TN",2022,456809.0
47087,"Jackson, TN",2023,494960.0
47087,"Jackson, TN",2024,521886.0
47089,"Jefferson, TN",2019,2085444.0
47089,"Jefferson, TN",2020,2257594.0
47089,"Jefferson, TN",2021,2530459.0
47089,"Jefferson, TN",2022,2589885.0
47089,"Jefferson, TN",2023,2825911.0
47089,"Jefferson, TN",2024,3041282.0
47091,"Johnson, TN",2019,591700.0
47091,"Johnson, TN",2020,638691.0
47091,"Johnson, TN",2021,700762.0
47091,"Johnson, TN",2022,709404.0
47091,"Johnson, TN",2023,763614.0
47091,"Johnson, TN",2024,813046.0
47093,"Knox, TN",2019,24783239.0
47093,"Knox, TN",2020,26926459.0
47093,"Knox, TN",2021,30646471.0
47093,"Knox, TN",2022,31513990.0
47093,"Knox, TN",2023,34836327.0
47093,"Knox, TN",2024,36911601.0
47095,"Lake, TN",2019,173391.0
47095,"Lake, TN",2020,185146.0
47095,"Lake, TN",2021,216557.0
47095,"Lake, TN",2022,195115.0
47095,"Lake, TN",2023,210451.0
47095,"Lake, TN",2024,202755.0
47097,"Lauderdale, TN",2019,840398.0
47097,"Lauderdale, TN",2020,916065.0
47097,"Lauderdale, TN",2021,1043699.0
47097,"Lauderdale, TN",2022,974835.0
47097,"Lauderdale, TN",2023,1046537.0
47097,"Lauderdale, TN",2024,1046059.0
47099,"Lawrence, TN",2019,1567758.0
47099,"Lawrence, TN",2020,1669070.0
47099,"Lawrence, TN",2021,1877269.0
47099,"Lawrence, TN",2022,1898577.0
47099,"Lawrence, TN",2023,2039691.0
47099,"Lawrence, TN",2024,2176311.0
47101,"Lewis, TN",2019,449272.0
47101,"Lewis, TN",2020,495438.0
47101,"Lewis, TN",2021,537292.0
47101,"Lewis, TN",2022,545960.0
47101,"Lewis, TN",2023,607941.0
47101,"Lewis, TN",2024,651770.0
47103,"Lincoln, TN",2019,1456981.0
47103,"Lincoln, TN",2020,1578996.0
47103,"Lincoln, TN",2021,1753872.0
47103,"Lincoln, TN",2022,1776260.0
47103,"Lincoln, TN",2023,1915968.0
47103,"Lincoln, TN",2024,2077117.0
47105,"Loudon, TN",2019,2951241.0
47105,"Loudon, TN",2020,3182377.0
47105,"Loudon, TN",2021,3689449.0
47105,"Loudon, TN",2022,3901605.0
47105,"Loudon, TN",2023,4258469.0
47105,"Loudon, TN",2024,4573706.0
47107,"McMinn, TN",2019,1992197.0
47107,"McMinn, TN",2020,2178335.0
47107,"McMinn, TN",2021,2352651.0
47107,"McMinn, TN",2022,2405857.0
47107,"McMinn, TN",2023,2587837.0
47107,"McMinn, TN",2024,2763734.0
47109,"McNairy, TN",2019,865123.0
47109,"McNairy, TN",2020,927894.0
47109,"McNairy, TN",2021,1009965.0
47109,"McNairy, TN",2022,995204.0
47109,"McNairy, TN",2023,1067546.0
47109,"McNairy, TN",2024,1132201.0
47111,"Macon, TN",2019,835067.0
47111,"Macon, TN",2020,893027.0
47111,"Macon, TN",2021,1013066.0
47111,"Macon, TN",2022,1073810.0
47111,"Macon, TN",2023,1117407.0
47111,"Macon, TN",2024,1193091.0
47113,"Madison, TN",2019,4305205.0
47113,"Madison, TN",2020,4634134.0
47113,"Madison, TN",2021,5151339.0
47113,"Madison, TN",2022,5162573.0
47113,"Madison, TN",2023,5562282.0
47113,"Madison, TN",2024,5912121.0
47115,"Marion, TN",2019,1153734.0
47115,"Marion, TN",2020,1236003.0
47115,"Marion, TN",2021,1378492.0
47115,"Marion, TN",2022,1441032.0
47115,"Marion, TN",2023,1533263.0
47115,"Marion, TN",2024,1609347.0
47117,"Marshall, TN",2019,1370983.0
47117,"Marshall, TN",2020,1492053.0
47117,"Marshall, TN",2021,1664587.0
47117,"Marshall, TN",2022,1764117.0
47117,"Marshall, TN",2023,1924910.0
47117,"Marshall, TN",2024,2065942.0
47119,"Maury, TN",2019,4442087.0
47119,"Maury, TN",2020,4878691.0
47119,"Maury, TN",2021,5462527.0
47119,"Maury, TN",2022,5872058.0
47119,"Maury, TN",2023,6401533.0
47119,"Maury, TN",2024,6906590.0
47121,"Meigs, TN",2019,437467.0
47121,"Meigs, TN",2020,478738.0
47121,"Meigs, TN",2021,521087.0
47121,"Meigs, TN",2022,537330.0
47121,"Meigs, TN",2023,564065.0
47121,"Meigs, TN",2024,591066.0
47123,"Monroe, TN",2019,1657902.0
47123,"Monroe, TN",2020,1784589.0
47123,"Monroe, TN",2021,1975644.0
47123,"Monroe, TN",2022,2025009.0
47123,"Monroe, TN",2023,2208347.0
47123,"Monroe, TN",2024,2352460.0
47125,"Montgomery, TN",2019,9129104.0
47125,"Montgomery, TN",2020,10092183.0
47125,"Montgomery, TN",2021,11327249.0
47125,"Montgomery, TN",2022,11757008.0
47125,"Montgomery, TN",2023,12489750.0
47125,"Montgomery, TN",2024,13370606.0
47127,"Moore, TN",2019,278339.0
47127,"Moore, TN",2020,289327.0
47127,"Moore, TN",2021,327384.0
47127,"Moore, TN",2022,327740.0
47127,"Moore, TN",2023,351816.0
47127,"Moore, TN",2024,378297.0
47129,"Morgan, TN",2019,677299.0
47129,"Morgan, TN",2020,719555.0
47129,"Morgan, TN",2021,787114.0
47129,"Morgan, TN",2022,815655.0
47129,"Morgan, TN",2023,874859.0
47129,"Morgan, TN",2024,937715.0
47131,"Obion, TN",2019,1238153.0
47131,"Obion, TN",2020,1351109.0
47131,"Obion, TN",2021,1534429.0
47131,"Obion, TN",2022,1493258.0
47131,"Obion, TN",2023,1592708.0
47131,"Obion, TN",2024,1631884.0
47133,"Overton, TN",2019,777549.0
47133,"Overton, TN",2020,850568.0
47133,"Overton, TN",2021,933019.0
47133,"Overton, TN",2022,928234.0
47133,"Overton, TN",2023,997684.0
47133,"Overton, TN",2024,1058858.0
47135,"Perry, TN",2019,283944.0
47135,"Perry, TN",2020,294847.0
47135,"Perry, TN",2021,321053.0
47135,"Perry, TN",2022,311648.0
47135,"Perry, TN",2023,347015.0
47135,"Perry, TN",2024,371220.0
47137,"Pickett, TN",2019,202087.0
47137,"Pickett, TN",2020,213513.0
47137,"Pickett, TN",2021,219878.0
47137,"Pickett, TN",2022,211947.0
47137,"Pickett, TN",2023,228300.0
47137,"Pickett, TN",2024,249010.0
47139,"Polk, TN",2019,582058.0
47139,"Polk, TN",2020,633577.0
47139,"Polk, TN",2021,715565.0
47139,"Polk, TN",2022,742743.0
47139,"Polk, TN",2023,774766.0
47139,"Polk, TN",2024,832489.0
47141,"Putnam, TN",2019,3280414.0
47141,"Putnam, TN",2020,3549152.0
47141,"Putnam, TN",2021,3929316.0
47141,"Putnam, TN",2022,4017328.0
47141,"Putnam, TN",2023,4359837.0
47141,"Putnam, TN",2024,4633713.0
47143,"Rhea, TN",2019,1178198.0
47143,"Rhea, TN",2020,1300680.0
47143,"Rhea, TN",2021,1449455.0
47143,"Rhea, TN",2022,1475604.0
47143,"Rhea, TN",2023,1574446.0
47143,"Rhea, TN",2024,1670498.0
47145,"Roane, TN",2019,2312667.0
47145,"Roane, TN",2020,2457106.0
47145,"Roane, TN",2021,2703839.0
47145,"Roane, TN",2022,2804562.0
47145,"Roane, TN",2023,3021602.0
47145,"Roane, TN",2024,3201997.0
47147,"Robertson, TN",2019,3196657.0
47147,"Robertson, TN",2020,3411400.0
47147,"Robertson, TN",2021,3840519.0
47147,"Robertson, TN",2022,4078422.0
47147,"Robertson, TN",2023,4415091.0
47147,"Robertson, TN",2024,4717611.0
47149,"Rutherford, TN",2019,14443117.0
47149,"Rutherford, TN",2020,15693689.0
47149,"Rutherford, TN",2021,17633823.0
47149,"Rutherford, TN",2022,18841368.0
47149,"Rutherford, TN",2023,20520572.0
47149,"Rutherford, TN",2024,21996009.0
47151,"Scott, TN",2019,686869.0
47151,"Scott, TN",2020,751786.0
47151,"Scott, TN",2021,828101.0
47151,"Scott, TN",2022,821465.0
47151,"Scott, TN",2023,870961.0
47151,"Scott, TN",2024,923228.0
47153,"Sequatchie, TN",2019,589483.0
47153,"Sequatchie, TN",2020,648517.0
47153,"Sequatchie, TN",2021,750475.0
47153,"Sequatchie, TN",2022,770646.0
47153,"Sequatchie, TN",2023,828338.0
47153,"Sequatchie, TN",2024,881571.0
47155,"Sevier, TN",2019,4177811.0
47155,"Sevier, TN",2020,4474121.0
47155,"Sevier, TN",2021,5161254.0
47155,"Sevier, TN",2022,5395289.0
47155,"Sevier, TN",2023,6064313.0
47155,"Sevier, TN",2024,6396298.0
47157,"Shelby, TN",2019,47048936.0
47157,"Shelby, TN",2020,49710691.0
47157,"Shelby, TN",2021,54865724.0
47157,"Shelby, TN",2022,53878674.0
47157,"Shelby, TN",2023,57735737.0
47157,"Shelby, TN",2024,59592009.0
47159,"Smith, TN",2019,820710.0
47159,"Smith, TN",2020,867949.0
47159,"Smith, TN",2021,973476.0
47159,"Smith, TN",2022,980064.0
47159,"Smith, TN",2023,1039094.0
47159,"Smith, TN",2024,1103928.0
47161,"Stewart, TN",2019,575501.0
47161,"Stewart, TN",2020,624763.0
47161,"Stewart, TN",2021,681124.0
47161,"Stewart, TN",2022,679928.0
47161,"Stewart, TN",2023,726668.0
47161,"Stewart, TN",2024,772004.0
47163,"Sullivan, TN",2019,6901761.0
47163,"Sullivan, TN",2020,7406271.0
47163,"Sullivan, TN",2021,8151311.0
47163,"Sullivan, TN",2022,8311119.0
47163,"Sullivan, TN",2023,8930571.0
47163,"Sullivan, TN",2024,9457665.0
47165,"Sumner, TN",2019,9985739.0
47165,"Sumner, TN",2020,10841640.0
47165,"Sumner, TN",2021,12108777.0
47165,"Sumner, TN",2022,13254882.0
47165,"Sumner, TN",2023,14588059.0
47165,"Sumner, TN",2024,15524755.0
47167,"Tipton, TN",2019,2535744.0
47167,"Tipton, TN",2020,2710213.0
47167,"Tipton, TN",2021,3039182.0
47167,"Tipton, TN",2022,3073259.0
47167,"Tipton, TN",2023,3242760.0
47167,"Tipton, TN",2024,3342692.0
47169,"Trousdale, TN",2019,366412.0
47169,"Trousdale, TN",2020,390495.0
47169,"Trousdale, TN",2021,437366.0
47169,"Trousdale, TN",2022,462492.0
47169,"Trousdale, TN",2023,490797.0
47169,"Trousdale, TN",2024,524711.0
47171,"Unicoi, TN",2019,663835.0
47171,"Unicoi, TN",2020,702667.0
47171,"Unicoi, TN",2021,756483.0
47171,"Unicoi, TN",2022,765623.0
47171,"Unicoi, TN",2023,823304.0
47171,"Unicoi, TN",2024,873248.0
47173,"Union, TN",2019,673885.0
47173,"Union, TN",2020,719769.0
47173,"Union, TN",2021,821566.0
47173,"Union, TN",2022,845422.0
47173,"Union, TN",2023,898939.0
47173,"Union, TN",2024,955367.0
47175,"Van Buren, TN",2019,191161.0
47175,"Van Buren, TN",2020,210974.0
47175,"Van Buren, TN",2021,231462.0
47175,"Van Buren, TN",2022,224333.0
47175,"Van Buren, TN",2023,240425.0
47175,"Van Buren, TN",2024,259981.0
47177,"Warren, TN",2019,1488631.0
47177,"Warren, TN",2020,1611839.0
47177,"Warren, TN",2021,1782186.0
47177,"Warren, TN",2022,1784428.0
47177,"Warren, TN",2023,1918975.0
47177,"Warren, TN",2024,2065764.0
47179,"Washington, TN",2019,5905363.0
47179,"Washington, TN",2020,6335801.0
47179,"Washington, TN",2021,7073228.0
47179,"Washington, TN",2022,7215370.0
47179,"Washington, TN",2023,7920550.0
47179,"Washington, TN",2024,8441229.0
47181,"Wayne, TN",2019,489607.0
47181,"Wayne, TN",2020,535132.0
47181,"Wayne, TN",2021,584700.0
47181,"Wayne, TN",2022,594234.0
47181,"Wayne, TN",2023,640472.0
47181,"Wayne, TN",2024,683327.0
47183,"Weakley, TN",2019,1255537.0
47183,"Weakley, TN",2020,1339436.0
47183,"Weakley, TN",2021,1513277.0
47183,"Weakley, TN",2022,1505245.0
47183,"Weakley, TN",2023,1578704.0
47183,"Weakley, TN",2024,1608195.0
47185,"White, TN",2019,949496.0
47185,"White, TN",2020,1036674.0
47185,"White, TN",2021,1169634.0
47185,"White, TN",2022,1155395.0
47185,"White, TN",2023,1244855.0
47185,"White, TN",2024,1317808.0
47187,"Williamson, TN",2019,22904027.0
47187,"Williamson, TN",2020,24796928.0
47187,"Williamson, TN",2021,29006396.0
47187,"Williamson, TN",2022,31783923.0
47187,"Williamson, TN",2023,35360902.0
47187,"Williamson, TN",2024,37599392.0
47189,"Wilson, TN",2019,7585564.0
47189,"Wilson, TN",2020,8077344.0
47189,"Wilson, TN",2021,9462027.0
47189,"Wilson, TN",2022,10292110.0
47189,"Wilson, TN",2023,11321786.0
47189,"Wilson, TN",2024,12275151.0
48001,"Anderson, TX",2019,2090845.0
48001,"Anderson, TX",2020,2263818.0
48001,"Anderson, TX",2021,2531726.0
48001,"Anderson, TX",2022,2598517.0
48001,"Anderson, TX",2023,2721693.0
48001,"Anderson, TX",2024,2772121.0
48003,"Andrews, TX",2019,981438.0
48003,"Andrews, TX",2020,903604.0
48003,"Andrews, TX",2021,947873.0
48003,"Andrews, TX",2022,1011737.0
48003,"Andrews, TX",2023,1085809.0
48003,"Andrews, TX",2024,1139186.0
48005,"Angelina, TX",2019,3457252.0
48005,"Angelina, TX",2020,3695343.0
48005,"Angelina, TX",2021,4062082.0
48005,"Angelina, TX",2022,4281517.0
48005,"Angelina, TX",2023,4550220.0
48005,"Angelina, TX",2024,4719493.0
48007,"Aransas, TX",2019,1275754.0
48007,"Aransas, TX",2020,1326884.0
48007,"Aransas, TX",2021,1498921.0
48007,"Aransas, TX",2022,1595475.0
48007,"Aransas, TX",2023,1705839.0
48007,"Aransas, TX",2024,1806122.0
48009,"Archer, TX",2019,461405.0
48009,"Archer, TX",2020,487263.0
48009,"Archer, TX",2021,526930.0
48009,"Archer, TX",2022,580030.0
48009,"Archer, TX",2023,609173.0
48009,"Archer, TX",2024,636812.0
48011,"Armstrong, TX",2019,101220.0
48011,"Armstrong, TX",2020,111398.0
48011,"Armstrong, TX",2021,113130.0
48011,"Armstrong, TX",2022,125919.0
48011,"Armstrong, TX",2023,130987.0
48011,"Armstrong, TX",2024,127931.0
48013,"Atascosa, TX",2019,1974414.0
48013,"Atascosa, TX",2020,2088368.0
48013,"Atascosa, TX",2021,2282425.0
48013,"Atascosa, TX",2022,2400302.0
48013,"Atascosa, TX",2023,2537581.0
48013,"Atascosa, TX",2024,2646547.0
48015,"Austin, TX",2019,1602938.0
48015,"Austin, TX",2020,1665078.0
48015,"Austin, TX",2021,1841657.0
48015,"Austin, TX",2022,1933520.0
48015,"Austin, TX",2023,2085003.0
48015,"Austin, TX",2024,2194341.0
48017,"Bailey, TX",2019,310527.0
48017,"Bailey, TX",2020,357972.0
48017,"Bailey, TX",2021,367709.0
48017,"Bailey, TX",2022,349852.0
48017,"Bailey, TX",2023,404831.0
48017,"Bailey, TX",2024,416143.0
48019,"Bandera, TX",2019,1097152.0
48019,"Bandera, TX",2020,1140419.0
48019,"Bandera, TX",2021,1260091.0
48019,"Bandera, TX",2022,1315869.0
48019,"Bandera, TX",2023,1424104.0
48019,"Bandera, TX",2024,1505087.0
48021,"Bastrop, TX",2019,3543373.0
48021,"Bastrop, TX",2020,3928260.0
48021,"Bastrop, TX",2021,4451611.0
48021,"Bastrop, TX",2022,4864078.0
48021,"Bastrop, TX",2023,5320801.0
48021,"Bastrop, TX",2024,5730269.0
48023,"Baylor, TX",2019,166802.0
48023,"Baylor, TX",2020,192324.0
48023,"Baylor, TX",2021,204502.0
48023,"Baylor, TX",2022,228647.0
48023,"Baylor, TX",2023,223461.0
48023,"Baylor, TX",2024,225810.0
48025,"Bee, TX",2019,969345.0
48025,"Bee, TX",2020,1008126.0
48025,"Bee, TX",2021,1055681.0
48025,"Bee, TX",2022,1095960.0
48025,"Bee, TX",2023,1141270.0
48025,"Bee, TX",2024,1183534.0
48027,"Bell, TX",2019,15856210.0
48027,"Bell, TX",2020,17271011.0
48027,"Bell, TX",2021,19090409.0
48027,"Bell, TX",2022,19353027.0
48027,"Bell, TX",2023,20685670.0
48027,"Bell, TX",2024,22062163.0
48029,"Bexar, TX",2019,92675874.0
48029,"Bexar, TX",2020,96446308.0
48029,"Bexar, TX",2021,105379039.0
48029,"Bexar, TX",2022,114489217.0
48029,"Bexar, TX",2023,123627280.0
48029,"Bexar, TX",2024,130132731.0
48031,"Blanco, TX",2019,669558.0
48031,"Blanco, TX",2020,740260.0
48031,"Blanco, TX",2021,865125.0
48031,"Blanco, TX",2022,929937.0
48031,"Blanco, TX",2023,1024150.0
48031,"Blanco, TX",2024,1102045.0
48033,"Borden, TX",2019,45742.0
48033,"Borden, TX",2020,43120.0
48033,"Borden, TX",2021,58687.0
48033,"Borden, TX",2022,89482.0
48033,"Borden, TX",2023,93218.0
48033,"Borden, TX",2024,75790.0
48035,"Bosque, TX",2019,801462.0
48035,"Bosque, TX",2020,854097.0
48035,"Bosque, TX",2021,958721.0
48035,"Bosque, TX",2022,1019006.0
48035,"Bosque, TX",2023,1101513.0
48035,"Bosque, TX",2024,1156524.0
48037,"Bowie, TX",2019,3812038.0
48037,"Bowie, TX",2020,4208157.0
48037,"Bowie, TX",2021,4548368.0
48037,"Bowie, TX",2022,4506988.0
48037,"Bowie, TX",2023,4743118.0
48037,"Bowie, TX",2024,4960305.0
48039,"Brazoria, TX",2019,18601827.0
48039,"Brazoria, TX",2020,19609652.0
48039,"Brazoria, TX",2021,21372791.0
48039,"Brazoria, TX",2022,22208544.0
48039,"Brazoria, TX",2023,23689754.0
48039,"Brazoria, TX",2024,25082732.0
48041,"Brazos, TX",2019,9449403.0
48041,"Brazos, TX",2020,10136665.0
48041,"Brazos, TX",2021,11513368.0
48041,"Brazos, TX",2022,11682793.0
48041,"Brazos, TX",2023,12480873.0
48041,"Brazos, TX",2024,13222610.0
48043,"Brewster, TX",2019,428013.0
48043,"Brewster, TX",2020,472721.0
48043,"Brewster, TX",2021,527842.0
48043,"Brewster, TX",2022,516123.0
48043,"Brewster, TX",2023,567263.0
48043,"Brewster, TX",2024,610720.0
48045,"Briscoe, TX",2019,67553.0
48045,"Briscoe, TX",2020,64482.0
48045,"Briscoe, TX",2021,88381.0
48045,"Briscoe, TX",2022,107254.0
48045,"Briscoe, TX",2023,92148.0
48045,"Briscoe, TX",2024,85526.0
48047,"Brooks, TX",2019,257077.0
48047,"Brooks, TX",2020,282561.0
48047,"Brooks, TX",2021,303379.0
48047,"Brooks, TX",2022,296383.0
48047,"Brooks, TX",2023,313619.0
48047,"Brooks, TX",2024,305806.0
48049,"Brown, TX",2019,1533241.0
48049,"Brown, TX",2020,1634299.0
48049,"Brown, TX",2021,1760276.0
48049,"Brown, TX",2022,1827435.0
48049,"Brown, TX",2023,1949944.0
48049,"Brown, TX",2024,2000755.0
48051,"Burleson, TX",2019,876252.0
48051,"Burleson, TX",2020,911852.0
48051,"Burleson, TX",2021,980645.0
48051,"Burleson, TX",2022,1095689.0
48051,"Burleson, TX",2023,1178488.0
48051,"Burleson, TX",2024,1251936.0
48053,"Burnet, TX",2019,2510132.0
48053,"Burnet, TX",2020,2801300.0
48053,"Burnet, TX",2021,3158026.0
48053,"Burnet, TX",2022,3381488.0
48053,"Burnet, TX",2023,3616317.0
48053,"Burnet, TX",2024,3823248.0
48055,"Caldwell, TX",2019,1550789.0
48055,"Caldwell, TX",2020,1740594.0
48055,"Caldwell, TX",2021,1909449.0
48055,"Caldwell, TX",2022,2078384.0
48055,"Caldwell, TX",2023,2250026.0
48055,"Caldwell, TX",2024,2427017.0
48057,"Calhoun, TX",2019,1137225.0
48057,"Calhoun, TX",2020,1175141.0
48057,"Calhoun, TX",2021,1257223.0
48057,"Calhoun, TX",2022,1138053.0
48057,"Calhoun, TX",2023,1137958.0
48057,"Calhoun, TX",2024,1174019.0
48059,"Callahan, TX",2019,619676.0
48059,"Callahan, TX",2020,672831.0
48059,"Callahan, TX",2021,715193.0
48059,"Callahan, TX",2022,743589.0
48059,"Callahan, TX",2023,790322.0
48059,"Callahan, TX",2024,822731.0
48061,"Cameron, TX",2019,12677607.0
48061,"Cameron, TX",2020,14152583.0
48061,"Cameron, TX",2021,16133230.0
48061,"Cameron, TX",2022,16028533.0
48061,"Cameron, TX",2023,16561257.0
48061,"Cameron, TX",2024,17270495.0
48063,"Camp, TX",2019,505274.0
48063,"Camp, TX",2020,556209.0
48063,"Camp, TX",2021,630349.0
48063,"Camp, TX",2022,631510.0
48063,"Camp, TX",2023,666057.0
48063,"Camp, TX",2024,691478.0
48065,"Carson, TX",2019,284197.0
48065,"Carson, TX",2020,274730.0
48065,"Carson, TX",2021,324854.0
48065,"Carson, TX",2022,321893.0
48065,"Carson, TX",2023,360338.0
48065,"Carson, TX",2024,337658.0
48067,"Cass, TX",2019,1136134.0
48067,"Cass, TX",2020,1241853.0
48067,"Cass, TX",2021,1327656.0
48067,"Cass, TX",2022,1351776.0
48067,"Cass, TX",2023,1411632.0
48067,"Cass, TX",2024,1463700.0
48069,"Castro, TX",2019,499316.0
48069,"Castro, TX",2020,588052.0
48069,"Castro, TX",2021,625487.0
48069,"Castro, TX",2022,697231.0
48069,"Castro, TX",2023,808930.0
48069,"Castro, TX",2024,791770.0
48071,"Chambers, TX",2019,2558656.0
48071,"Chambers, TX",2020,2747099.0
48071,"Chambers, TX",2021,2934377.0
48071,"Chambers, TX",2022,3167689.0
48071,"Chambers, TX",2023,3512291.0
48071,"Chambers, TX",2024,3756465.0
48073,"Cherokee, TX",2019,1884134.0
48073,"Cherokee, TX",2020,2066701.0
48073,"Cherokee, TX",2021,2224177.0
48073,"Cherokee, TX",2022,2322115.0
48073,"Cherokee, TX",2023,2467439.0
48073,"Cherokee, TX",2024,2572209.0
48075,"Childress, TX",2019,226181.0
48075,"Childress, TX",2020,236581.0
48075,"Childress, TX",2021,267591.0
48075,"Childress, TX",2022,327553.0
48075,"Childress, TX",2023,306429.0
48075,"Childress, TX",2024,303068.0
48077,"Clay, TX",2019,467364.0
48077,"Clay, TX",2020,501660.0
48077,"Clay, TX",2021,540500.0
48077,"Clay, TX",2022,567225.0
48077,"Clay, TX",2023,605141.0
48077,"Clay, TX",2024,626796.0
48079,"Cochran, TX",2019,102096.0
48079,"Cochran, TX",2020,118419.0
48079,"Cochran, TX",2021,145214.0
48079,"Cochran, TX",2022,164671.0
48079,"Cochran, TX",2023,129985.0
48079,"Cochran, TX",2024,136159.0
48081,"Coke, TX",2019,141867.0
48081,"Coke, TX",2020,158452.0
48081,"Coke, TX",2021,170344.0
48081,"Coke, TX",2022,176123.0
48081,"Coke, TX",2023,189759.0
48081,"Coke, TX",2024,197969.0
48083,"Coleman, TX",2019,359252.0
48083,"Coleman, TX",2020,389293.0
48083,"Coleman, TX",2021,444382.0
48083,"Coleman, TX",2022,464890.0
48083,"Coleman, TX",2023,488471.0
48083,"Coleman, TX",2024,488453.0
48085,"Collin, TX",2019,72329090.0
48085,"Collin, TX",2020,77158406.0
48085,"Collin, TX",2021,87128172.0
48085,"Collin, TX",2022,96362122.0
48085,"Collin, TX",2023,104928238.0
48085,"Collin, TX",2024,112276655.0
48087,"Collingsworth, TX",2019,119126.0
48087,"Collingsworth, TX",2020,125732.0
48087,"Collingsworth, TX",2021,145069.0
48087,"Collingsworth, TX",2022,142146.0
48087,"Collingsworth, TX",2023,154031.0
48087,"Collingsworth, TX",2024,151056.0
48089,"Colorado, TX",2019,1045127.0
48089,"Colorado, TX",2020,1139678.0
48089,"Colorado, TX",2021,1271367.0
48089,"Colorado, TX",2022,1249718.0
48089,"Colorado, TX",2023,1376617.0
48089,"Colorado, TX",2024,1408774.0
48091,"Comal, TX",2019,9686703.0
48091,"Comal, TX",2020,10551296.0
48091,"Comal, TX",2021,12504093.0
48091,"Comal, TX",2022,13449249.0
48091,"Comal, TX",2023,14762684.0
48091,"Comal, TX",2024,16019586.0
48093,"Comanche, TX",2019,588941.0
48093,"Comanche, TX",2020,652449.0
48093,"Comanche, TX",2021,710118.0
48093,"Comanche, TX",2022,757754.0
48093,"Comanche, TX",2023,788976.0
48093,"Comanche, TX",2024,839835.0
48095,"Concho, TX",2019,99442.0
48095,"Concho, TX",2020,115775.0
48095,"Concho, TX",2021,132003.0
48095,"Concho, TX",2022,147638.0
48095,"Concho, TX",2023,142018.0
48095,"Concho, TX",2024,148693.0
48097,"Cooke, TX",2019,2162547.0
48097,"Cooke, TX",2020,2275443.0
48097,"Cooke, TX",2021,2494714.0
48097,"Cooke, TX",2022,2599675.0
48097,"Cooke, TX",2023,2748121.0
48097,"Cooke, TX",2024,2873605.0
48099,"Coryell, TX",2019,2667682.0
48099,"Coryell, TX",2020,2910906.0
48099,"Coryell, TX",2021,3164552.0
48099,"Coryell, TX",2022,3212759.0
48099,"Coryell, TX",2023,3370121.0
48099,"Coryell, TX",2024,3557103.0
48101,"Cottle, TX",2019,74067.0
48101,"Cottle, TX",2020,81700.0
48101,"Cottle, TX",2021,102402.0
48101,"Cottle, TX",2022,130707.0
48101,"Cottle, TX",2023,139717.0
48101,"Cottle, TX",2024,147123.0
48103,"Crane, TX",2019,250880.0
48103,"Crane, TX",2020,229213.0
48103,"Crane, TX",2021,233136.0
48103,"Crane, TX",2022,250060.0
48103,"Crane, TX",2023,271159.0
48103,"Crane, TX",2024,279205.0
48105,"Crockett, TX",2019,163350.0
48105,"Crockett, TX",2020,175813.0
48105,"Crockett, TX",2021,176335.0
48105,"Crockett, TX",2022,181191.0
48105,"Crockett, TX",2023,197500.0
48105,"Crockett, TX",2024,196228.0
48107,"Crosby, TX",2019,214244.0
48107,"Crosby, TX",2020,225658.0
48107,"Crosby, TX",2021,266003.0
48107,"Crosby, TX",2022,276565.0
48107,"Crosby, TX",2023,277837.0
48107,"Crosby, TX",2024,248570.0
48109,"Culberson, TX",2019,123839.0
48109,"Culberson, TX",2020,142942.0
48109,"Culberson, TX",2021,154442.0
48109,"Culberson, TX",2022,182724.0
48109,"Culberson, TX",2023,212723.0
48109,"Culberson, TX",2024,226170.0
48111,"Dallam, TX",2019,455523.0
48111,"Dallam, TX",2020,511844.0
48111,"Dallam, TX",2021,522434.0
48111,"Dallam, TX",2022,504584.0
48111,"Dallam, TX",2023,622369.0
48111,"Dallam, TX",2024,616571.0
48113,"Dallas, TX",2019,166871174.0
48113,"Dallas, TX",2020,171842738.0
48113,"Dallas, TX",2021,188288182.0
48113,"Dallas, TX",2022,202307006.0
48113,"Dallas, TX",2023,216435883.0
48113,"Dallas, TX",2024,225696833.0
48115,"Dawson, TX",2019,506861.0
48115,"Dawson, TX",2020,542623.0
48115,"Dawson, TX",2021,566479.0
48115,"Dawson, TX",2022,694881.0
48115,"Dawson, TX",2023,672939.0
48115,"Dawson, TX",2024,623368.0
48117,"Deaf Smith, TX",2019,951581.0
48117,"Deaf Smith, TX",2020,1077724.0
48117,"Deaf Smith, TX",2021,1151938.0
48117,"Deaf Smith, TX",2022,1233112.0
48117,"Deaf Smith, TX",2023,1438574.0
48117,"Deaf Smith, TX",2024,1405238.0
48119,"Delta, TX",2019,213357.0
48119,"Delta, TX",2020,231021.0
48119,"Delta, TX",2021,255437.0
48119,"Delta, TX",2022,261895.0
48119,"Delta, TX",2023,281673.0
48119,"Delta, TX",2024,292636.0
48121,"Denton, TX",2019,54638744.0
48121,"Denton, TX",2020,58721763.0
48121,"Denton, TX",2021,66847565.0
48121,"Denton, TX",2022,72766171.0
48121,"Denton, TX",2023,78666532.0
48121,"Denton, TX",2024,83722888.0
48123,"DeWitt, TX",2019,1170854.0
48123,"DeWitt, TX",2020,1093524.0
48123,"DeWitt, TX",2021,1244158.0
48123,"DeWitt, TX",2022,1500588.0
48123,"DeWitt, TX",2023,1518985.0
48123,"DeWitt, TX",2024,1530159.0
48125,"Dickens, TX",2019,72986.0
48125,"Dickens, TX",2020,79153.0
48125,"Dickens, TX",2021,85098.0
48125,"Dickens, TX",2022,95610.0
48125,"Dickens, TX",2023,99989.0
48125,"Dickens, TX",2024,99518.0
48127,"Dimmit, TX",2019,429077.0
48127,"Dimmit, TX",2020,423144.0
48127,"Dimmit, TX",2021,449253.0
48127,"Dimmit, TX",2022,442602.0
48127,"Dimmit, TX",2023,481564.0
48127,"Dimmit, TX",2024,471466.0
48129,"Donley, TX",2019,142004.0
48129,"Donley, TX",2020,153264.0
48129,"Donley, TX",2021,164796.0
48129,"Donley, TX",2022,159631.0
48129,"Donley, TX",2023,174759.0
48129,"Donley, TX",2024,173359.0
48131,"Duval, TX",2019,431084.0
48131,"Duval, TX",2020,455965.0
48131,"Duval, TX",2021,483479.0
48131,"Duval, TX",2022,483679.0
48131,"Duval, TX",2023,514389.0
48131,"Duval, TX",2024,506771.0
48133,"Eastland, TX",2019,1107568.0
48133,"Eastland, TX",2020,950376.0
48133,"Eastland, TX",2021,1004326.0
48133,"Eastland, TX",2022,964322.0
48133,"Eastland, TX",2023,1005033.0
48133,"Eastland, TX",2024,1005904.0
48135,"Ector, TX",2019,8656997.0
48135,"Ector, TX",2020,8133309.0
48135,"Ector, TX",2021,8466179.0
48135,"Ector, TX",2022,9046183.0
48135,"Ector, TX",2023,10009114.0
48135,"Ector, TX",2024,10596551.0
48137,"Edwards, TX",2019,90930.0
48137,"Edwards, TX",2020,86343.0
48137,"Edwards, TX",2021,96085.0
48137,"Edwards, TX",2022,98895.0
48137,"Edwards, TX",2023,110727.0
48137,"Edwards, TX",2024,102040.0
48139,"Ellis, TX",2019,8861429.0
48139,"Ellis, TX",2020,9577803.0
48139,"Ellis, TX",2021,10929661.0
48139,"Ellis, TX",2022,11729336.0
48139,"Ellis, TX",2023,12714623.0
48139,"Ellis, TX",2024,13656498.0
48141,"El Paso, TX",2019,31746489.0
48141,"El Paso, TX",2020,34694771.0
48141,"El Paso, TX",2021,38463658.0
48141,"El Paso, TX",2022,38881264.0
48141,"El Paso, TX",2023,41045210.0
48141,"El Paso, TX",2024,43181648.0
48143,"Erath, TX",2019,1759962.0
48143,"Erath, TX",2020,1926169.0
48143,"Erath, TX",2021,2068406.0
48143,"Erath, TX",2022,2237511.0
48143,"Erath, TX",2023,2365810.0
48143,"Erath, TX",2024,2541272.0
48145,"Falls, TX",2019,623374.0
48145,"Falls, TX",2020,671102.0
48145,"Falls, TX",2021,734794.0
48145,"Falls, TX",2022,753026.0
48145,"Falls, TX",2023,834846.0
48145,"Falls, TX",2024,839880.0
48147,"Fannin, TX",2019,1444323.0
48147,"Fannin, TX",2020,1534384.0
48147,"Fannin, TX",2021,1726206.0
48147,"Fannin, TX",2022,1749079.0
48147,"Fannin, TX",2023,1884357.0
48147,"Fannin, TX",2024,1970431.0
48149,"Fayette, TX",2019,1434175.0
48149,"Fayette, TX",2020,1508463.0
48149,"Fayette, TX",2021,1684907.0
48149,"Fayette, TX",2022,1729384.0
48149,"Fayette, TX",2023,1887477.0
48149,"Fayette, TX",2024,2004068.0
48151,"Fisher, TX",2019,170054.0
48151,"Fisher, TX",2020,177896.0
48151,"Fisher, TX",2021,209877.0
48151,"Fisher, TX",2022,236563.0
48151,"Fisher, TX",2023,226896.0
48151,"Fisher, TX",2024,222000.0
48153,"Floyd, TX",2019,239018.0
48153,"Floyd, TX",2020,240096.0
48153,"Floyd, TX",2021,281254.0
48153,"Floyd, TX",2022,269732.0
48153,"Floyd, TX",2023,273523.0
48153,"Floyd, TX",2024,258869.0
48155,"Foard, TX",2019,53762.0
48155,"Foard, TX",2020,59651.0
48155,"Foard, TX",2021,65846.0
48155,"Foard, TX",2022,80709.0
48155,"Foard, TX",2023,70804.0
48155,"Foard, TX",2024,69920.0
48157,"Fort Bend, TX",2019,50799511.0
48157,"Fort Bend, TX",2020,52098905.0
48157,"Fort Bend, TX",2021,57794281.0
48157,"Fort Bend, TX",2022,61872805.0
48157,"Fort Bend, TX",2023,67994599.0
48157,"Fort Bend, TX",2024,72574032.0
48159,"Franklin, TX",2019,450687.0
48159,"Franklin, TX",2020,490472.0
48159,"Franklin, TX",2021,540856.0
48159,"Franklin, TX",2022,610046.0
48159,"Franklin, TX",2023,618867.0
48159,"Franklin, TX",2024,671707.0
48161,"Freestone, TX",2019,755957.0
48161,"Freestone, TX",2020,793843.0
48161,"Freestone, TX",2021,881103.0
48161,"Freestone, TX",2022,916124.0
48161,"Freestone, TX",2023,1002757.0
48161,"Freestone, TX",2024,1052169.0
48163,"Frio, TX",2019,615548.0
48163,"Frio, TX",2020,654572.0
48163,"Frio, TX",2021,690280.0
48163,"Frio, TX",2022,712344.0
48163,"Frio, TX",2023,763995.0
48163,"Frio, TX",2024,782932.0
48165,"Gaines, TX",2019,960203.0
48165,"Gaines, TX",2020,1016554.0
48165,"Gaines, TX",2021,1066926.0
48165,"Gaines, TX",2022,1198397.0
48165,"Gaines, TX",2023,1278755.0
48165,"Gaines, TX",2024,1222997.0
48167,"Galveston, TX",2019,19047359.0
48167,"Galveston, TX",2020,19579198.0
48167,"Galveston, TX",2021,21001206.0
48167,"Galveston, TX",2022,22066649.0
48167,"Galveston, TX",2023,23786570.0
48167,"Galveston, TX",2024,24901911.0
48169,"Garza, TX",2019,190044.0
48169,"Garza, TX",2020,178528.0
48169,"Garza, TX",2021,200629.0
48169,"Garza, TX",2022,215942.0
48169,"Garza, TX",2023,227288.0
48169,"Garza, TX",2024,221860.0
48171,"Gillespie, TX",2019,1807925.0
48171,"Gillespie, TX",2020,2050354.0
48171,"Gillespie, TX",2021,2192687.0
48171,"Gillespie, TX",2022,2432829.0
48171,"Gillespie, TX",2023,2617314.0
48171,"Gillespie, TX",2024,2750271.0
48173,"Glasscock, TX",2019,125267.0
48173,"Glasscock, TX",2020,110390.0
48173,"Glasscock, TX",2021,111205.0
48173,"Glasscock, TX",2022,149503.0
48173,"Glasscock, TX",2023,151420.0
48173,"Glasscock, TX",2024,162114.0
48175,"Goliad, TX",2019,355245.0
48175,"Goliad, TX",2020,363397.0
48175,"Goliad, TX",2021,398973.0
48175,"Goliad, TX",2022,425287.0
48175,"Goliad, TX",2023,443903.0
48175,"Goliad, TX",2024,458866.0
48177,"Gonzales, TX",2019,951566.0
48177,"Gonzales, TX",2020,984212.0
48177,"Gonzales, TX",2021,1106172.0
48177,"Gonzales, TX",2022,1301500.0
48177,"Gonzales, TX",2023,1311395.0
48177,"Gonzales, TX",2024,1431797.0
48179,"Gray, TX",2019,961591.0
48179,"Gray, TX",2020,967545.0
48179,"Gray, TX",2021,986011.0
48179,"Gray, TX",2022,1051639.0
48179,"Gray, TX",2023,1152289.0
48179,"Gray, TX",2024,1150216.0
48181,"Grayson, TX",2019,6091838.0
48181,"Grayson, TX",2020,6551462.0
48181,"Grayson, TX",2021,7338300.0
48181,"Grayson, TX",2022,7712329.0
48181,"Grayson, TX",2023,8285215.0
48181,"Grayson, TX",2024,8723577.0
48183,"Gregg, TX",2019,5852825.0
48183,"Gregg, TX",2020,6266158.0
48183,"Gregg, TX",2021,6842906.0
48183,"Gregg, TX",2022,7300868.0
48183,"Gregg, TX",2023,7673060.0
48183,"Gregg, TX",2024,7890142.0
48185,"Grimes, TX",2019,1078693.0
48185,"Grimes, TX",2020,1175277.0
48185,"Grimes, TX",2021,1320355.0
48185,"Grimes, TX",2022,1344321.0
48185,"Grimes, TX",2023,1444758.0
48185,"Grimes, TX",2024,1512423.0
48187,"Guadalupe, TX",2019,7939173.0
48187,"Guadalupe, TX",2020,8518362.0
48187,"Guadalupe, TX",2021,9453851.0
48187,"Guadalupe, TX",2022,10250747.0
48187,"Guadalupe, TX",2023,11164252.0
48187,"Guadalupe, TX",2024,12024179.0
48189,"Hale, TX",2019,1180468.0
48189,"Hale, TX",2020,1273419.0
48189,"Hale, TX",2021,1369034.0
48189,"Hale, TX",2022,1443826.0
48189,"Hale, TX",2023,1443567.0
48189,"Hale, TX",2024,1439067.0
48191,"Hall, TX",2019,99534.0
48191,"Hall, TX",2020,108775.0
48191,"Hall, TX",2021,143133.0
48191,"Hall, TX",2022,133248.0
48191,"Hall, TX",2023,139098.0
48191,"Hall, TX",2024,129651.0
48193,"Hamilton, TX",2019,544898.0
48193,"Hamilton, TX",2020,520111.0
48193,"Hamilton, TX",2021,586240.0
48193,"Hamilton, TX",2022,589876.0
48193,"Hamilton, TX",2023,616702.0
48193,"Hamilton, TX",2024,643627.0
48195,"Hansford, TX",2019,353209.0
48195,"Hansford, TX",2020,372756.0
48195,"Hansford, TX",2021,400242.0
48195,"Hansford, TX",2022,428039.0
48195,"Hansford, TX",2023,547585.0
48195,"Hansford, TX",2024,484745.0
48197,"Hardeman, TX",2019,167971.0
48197,"Hardeman, TX",2020,181429.0
48197,"Hardeman, TX",2021,196635.0
48197,"Hardeman, TX",2022,213800.0
48197,"Hardeman, TX",2023,212585.0
48197,"Hardeman, TX",2024,204887.0
48199,"Hardin, TX",2019,2750754.0
48199,"Hardin, TX",2020,2850376.0
48199,"Hardin, TX",2021,3032097.0
48199,"Hardin, TX",2022,3105321.0
48199,"Hardin, TX",2023,3266074.0
48199,"Hardin, TX",2024,3508726.0
48201,"Harris, TX",2019,276087586.0
48201,"Harris, TX",2020,279886807.0
48201,"Harris, TX",2021,313690889.0
48201,"Harris, TX",2022,342856554.0
48201,"Harris, TX",2023,382201553.0
48201,"Harris, TX",2024,400697273.0
48203,"Harrison, TX",2019,2975505.0
48203,"Harrison, TX",2020,3039499.0
48203,"Harrison, TX",2021,3294971.0
48203,"Harrison, TX",2022,3405263.0
48203,"Harrison, TX",2023,3616054.0
48203,"Harrison, TX",2024,3727784.0
48205,"Hartley, TX",2019,408591.0
48205,"Hartley, TX",2020,470462.0
48205,"Hartley, TX",2021,451669.0
48205,"Hartley, TX",2022,447624.0
48205,"Hartley, TX",2023,598407.0
48205,"Hartley, TX",2024,616733.0
48207,"Haskell, TX",2019,228568.0
48207,"Haskell, TX",2020,233576.0
48207,"Haskell, TX",2021,253320.0
48207,"Haskell, TX",2022,290450.0
48207,"Haskell, TX",2023,289336.0
48207,"Haskell, TX",2024,263879.0
48209,"Hays, TX",2019,11445923.0
48209,"Hays, TX",2020,12608267.0
48209,"Hays, TX",2021,14634685.0
48209,"Hays, TX",2022,16499997.0
48209,"Hays, TX",2023,18125415.0
48209,"Hays, TX",2024,19709003.0
48211,"Hemphill, TX",2019,234402.0
48211,"Hemphill, TX",2020,232286.0
48211,"Hemphill, TX",2021,230466.0
48211,"Hemphill, TX",2022,255361.0
48211,"Hemphill, TX",2023,288649.0
48211,"Hemphill, TX",2024,289897.0
48213,"Henderson, TX",2019,3454131.0
48213,"Henderson, TX",2020,3714212.0
48213,"Henderson, TX",2021,4038479.0
48213,"Henderson, TX",2022,4291665.0
48213,"Henderson, TX",2023,4618715.0
48213,"Henderson, TX",2024,4808998.0
48215,"Hidalgo, TX",2019,24295841.0
48215,"Hidalgo, TX",2020,27160803.0
48215,"Hidalgo, TX",2021,30671483.0
48215,"Hidalgo, TX",2022,30069589.0
48215,"Hidalgo, TX",2023,31037934.0
48215,"Hidalgo, TX",2024,32283853.0
48217,"Hill, TX",2019,1535592.0
48217,"Hill, TX",2020,1641004.0
48217,"Hill, TX",2021,1809440.0
48217,"Hill, TX",2022,1896053.0
48217,"Hill, TX",2023,2012928.0
48217,"Hill, TX",2024,2140330.0
48219,"Hockley, TX",2019,973932.0
48219,"Hockley, TX",2020,1039861.0
48219,"Hockley, TX",2021,1068213.0
48219,"Hockley, TX",2022,1128148.0
48219,"Hockley, TX",2023,1159268.0
48219,"Hockley, TX",2024,1171021.0
48221,"Hood, TX",2019,3306506.0
48221,"Hood, TX",2020,3634728.0
48221,"Hood, TX",2021,3937991.0
48221,"Hood, TX",2022,4205015.0
48221,"Hood, TX",2023,4511350.0
48221,"Hood, TX",2024,4777069.0
48223,"Hopkins, TX",2019,1571617.0
48223,"Hopkins, TX",2020,1672748.0
48223,"Hopkins, TX",2021,1874178.0
48223,"Hopkins, TX",2022,2063162.0
48223,"Hopkins, TX",2023,2141982.0
48223,"Hopkins, TX",2024,2284115.0
48225,"Houston, TX",2019,934598.0
48225,"Houston, TX",2020,1001492.0
48225,"Houston, TX",2021,1085962.0
48225,"Houston, TX",2022,1121322.0
48225,"Houston, TX",2023,1201372.0
48225,"Houston, TX",2024,1246967.0
48227,"Howard, TX",2019,1630199.0
48227,"Howard, TX",2020,1629303.0
48227,"Howard, TX",2021,1738576.0
48227,"Howard, TX",2022,1974227.0
48227,"Howard, TX",2023,2035850.0
48227,"Howard, TX",2024,2128944.0
48229,"Hudspeth, TX",2019,113375.0
48229,"Hudspeth, TX",2020,122027.0
48229,"Hudspeth, TX",2021,128402.0
48229,"Hudspeth, TX",2022,128084.0
48229,"Hudspeth, TX",2023,144888.0
48229,"Hudspeth, TX",2024,148445.0
48231,"Hunt, TX",2019,4011276.0
48231,"Hunt, TX",2020,4392763.0
48231,"Hunt, TX",2021,4923027.0
48231,"Hunt, TX",2022,5216475.0
48231,"Hunt, TX",2023,5673552.0
48231,"Hunt, TX",2024,6049490.0
48233,"Hutchinson, TX",2019,899291.0
48233,"Hutchinson, TX",2020,963954.0
48233,"Hutchinson, TX",2021,987004.0
48233,"Hutchinson, TX",2022,1017513.0
48233,"Hutchinson, TX",2023,1078557.0
48233,"Hutchinson, TX",2024,1093990.0
48235,"Irion, TX",2019,110256.0
48235,"Irion, TX",2020,105577.0
48235,"Irion, TX",2021,114497.0
48235,"Irion, TX",2022,122425.0
48235,"Irion, TX",2023,134094.0
48235,"Irion, TX",2024,133122.0
48237,"Jack, TX",2019,352503.0
48237,"Jack, TX",2020,359524.0
48237,"Jack, TX",2021,409232.0
48237,"Jack, TX",2022,447949.0
48237,"Jack, TX",2023,466905.0
48237,"Jack, TX",2024,467673.0
48239,"Jackson, TX",2019,708327.0
48239,"Jackson, TX",2020,716204.0
48239,"Jackson, TX",2021,770757.0
48239,"Jackson, TX",2022,787596.0
48239,"Jackson, TX",2023,828706.0
48239,"Jackson, TX",2024,848673.0
48241,"Jasper, TX",2019,1465224.0
48241,"Jasper, TX",2020,1526205.0
48241,"Jasper, TX",2021,1638952.0
48241,"Jasper, TX",2022,1663682.0
48241,"Jasper, TX",2023,1745253.0
48241,"Jasper, TX",2024,1838499.0
48243,"Jeff Davis, TX",2019,98461.0
48243,"Jeff Davis, TX",2020,102317.0
48243,"Jeff Davis, TX",2021,113441.0
48243,"Jeff Davis, TX",2022,116923.0
48243,"Jeff Davis, TX",2023,126440.0
48243,"Jeff Davis, TX",2024,136952.0
48245,"Jefferson, TX",2019,11071883.0
48245,"Jefferson, TX",2020,11612416.0
48245,"Jefferson, TX",2021,12061358.0
48245,"Jefferson, TX",2022,12199357.0
48245,"Jefferson, TX",2023,12785758.0
48245,"Jefferson, TX",2024,13487375.0
48247,"Jim Hogg, TX",2019,172942.0
48247,"Jim Hogg, TX",2020,189111.0
48247,"Jim Hogg, TX",2021,201538.0
48247,"Jim Hogg, TX",2022,202833.0
48247,"Jim Hogg, TX",2023,212748.0
48247,"Jim Hogg, TX",2024,210450.0
48249,"Jim Wells, TX",2019,1694908.0
48249,"Jim Wells, TX",2020,1803885.0
48249,"Jim Wells, TX",2021,1872651.0
48249,"Jim Wells, TX",2022,1922725.0
48249,"Jim Wells, TX",2023,2009428.0
48249,"Jim Wells, TX",2024,2063787.0
48251,"Johnson, TX",2019,7938890.0
48251,"Johnson, TX",2020,8557892.0
48251,"Johnson, TX",2021,9665713.0
48251,"Johnson, TX",2022,10398656.0
48251,"Johnson, TX",2023,11239694.0
48251,"Johnson, TX",2024,11975777.0
48253,"Jones, TX",2019,658596.0
48253,"Jones, TX",2020,697110.0
48253,"Jones, TX",2021,771061.0
48253,"Jones, TX",2022,856433.0
48253,"Jones, TX",2023,852897.0
48253,"Jones, TX",2024,854914.0
48255,"Karnes, TX",2019,935060.0
48255,"Karnes, TX",2020,838318.0
48255,"Karnes, TX",2021,1005087.0
48255,"Karnes, TX",2022,1210562.0
48255,"Karnes, TX",2023,1203980.0
48255,"Karnes, TX",2024,1261160.0
48257,"Kaufman, TX",2019,6177282.0
48257,"Kaufman, TX",2020,6835243.0
48257,"Kaufman, TX",2021,8056591.0
48257,"Kaufman, TX",2022,8689579.0
48257,"Kaufman, TX",2023,9685222.0
48257,"Kaufman, TX",2024,10573531.0
48259,"Kendall, TX",2019,3956038.0
48259,"Kendall, TX",2020,4370799.0
48259,"Kendall, TX",2021,4727989.0
48259,"Kendall, TX",2022,5120326.0
48259,"Kendall, TX",2023,5541893.0
48259,"Kendall, TX",2024,5930381.0
48261,"Kenedy, TX",2019,15468.0
48261,"Kenedy, TX",2020,17299.0
48261,"Kenedy, TX",2021,16663.0
48261,"Kenedy, TX",2022,13039.0
48261,"Kenedy, TX",2023,16785.0
48261,"Kenedy, TX",2024,16362.0
48263,"Kent, TX",2019,34767.0
48263,"Kent, TX",2020,35335.0
48263,"Kent, TX",2021,39087.0
48263,"Kent, TX",2022,50718.0
48263,"Kent, TX",2023,51304.0
48263,"Kent, TX",2024,46440.0
48265,"Kerr, TX",2019,2800498.0
48265,"Kerr, TX",2020,3040720.0
48265,"Kerr, TX",2021,3300108.0
48265,"Kerr, TX",2022,3499165.0
48265,"Kerr, TX",2023,3752868.0
48265,"Kerr, TX",2024,3974335.0
48267,"Kimble, TX",2019,201149.0
48267,"Kimble, TX",2020,213552.0
48267,"Kimble, TX",2021,246943.0
48267,"Kimble, TX",2022,244585.0
48267,"Kimble, TX",2023,265833.0
48267,"Kimble, TX",2024,264171.0
48269,"King, TX",2019,21542.0
48269,"King, TX",2020,21963.0
48269,"King, TX",2021,22995.0
48269,"King, TX",2022,30980.0
48269,"King, TX",2023,31599.0
48269,"King, TX",2024,28954.0
48271,"Kinney, TX",2019,115199.0
48271,"Kinney, TX",2020,124691.0
48271,"Kinney, TX",2021,134960.0
48271,"Kinney, TX",2022,131823.0
48271,"Kinney, TX",2023,143446.0
48271,"Kinney, TX",2024,145058.0
48273,"Kleberg, TX",2019,1248635.0
48273,"Kleberg, TX",2020,1277798.0
48273,"Kleberg, TX",2021,1389339.0
48273,"Kleberg, TX",2022,1413375.0
48273,"Kleberg, TX",2023,1505878.0
48273,"Kleberg, TX",2024,1544783.0
48275,"Knox, TX",2019,145478.0
48275,"Knox, TX",2020,160261.0
48275,"Knox, TX",2021,172195.0
48275,"Knox, TX",2022,180930.0
48275,"Knox, TX",2023,174737.0
48275,"Knox, TX",2024,169432.0
48277,"Lamar, TX",2019,2154622.0
48277,"Lamar, TX",2020,2345080.0
48277,"Lamar, TX",2021,2572095.0
48277,"Lamar, TX",2022,2572310.0
48277,"Lamar, TX",2023,2662270.0
48277,"Lamar, TX",2024,2744742.0
48279,"Lamb, TX",2019,594731.0
48279,"Lamb, TX",2020,657891.0
48279,"Lamb, TX",2021,700138.0
48279,"Lamb, TX",2022,800218.0
48279,"Lamb, TX",2023,812344.0
48279,"Lamb, TX",2024,805598.0
48281,"Lampasas, TX",2019,1108497.0
48281,"Lampasas, TX",2020,1193747.0
48281,"Lampasas, TX",2021,1328670.0
48281,"Lampasas, TX",2022,1361091.0
48281,"Lampasas, TX",2023,1458936.0
48281,"Lampasas, TX",2024,1546396.0
48283,"La Salle, TX",2019,305857.0
48283,"La Salle, TX",2020,278534.0
48283,"La Salle, TX",2021,308270.0
48283,"La Salle, TX",2022,320130.0
48283,"La Salle, TX",2023,328086.0
48283,"La Salle, TX",2024,336617.0
48285,"Lavaca, TX",2019,1148057.0
48285,"Lavaca, TX",2020,1199125.0
48285,"Lavaca, TX",2021,1271830.0
48285,"Lavaca, TX",2022,1400228.0
48285,"Lavaca, TX",2023,1458541.0
48285,"Lavaca, TX",2024,1497726.0
48287,"Lee, TX",2019,934432.0
48287,"Lee, TX",2020,959378.0
48287,"Lee, TX",2021,1028625.0
48287,"Lee, TX",2022,1002706.0
48287,"Lee, TX",2023,1050441.0
48287,"Lee, TX",2024,1148738.0
48289,"Leon, TX",2019,716093.0
48289,"Leon, TX",2020,773123.0
48289,"Leon, TX",2021,872613.0
48289,"Leon, TX",2022,962679.0
48289,"Leon, TX",2023,1047750.0
48289,"Leon, TX",2024,1109687.0
48291,"Liberty, TX",2019,3459387.0
48291,"Liberty, TX",2020,3752533.0
48291,"Liberty, TX",2021,4092482.0
48291,"Liberty, TX",2022,4339565.0
48291,"Liberty, TX",2023,4737254.0
48291,"Liberty, TX",2024,5092400.0
48293,"Limestone, TX",2019,895438.0
48293,"Limestone, TX",2020,954780.0
48293,"Limestone, TX",2021,1059953.0
48293,"Limestone, TX",2022,1072110.0
48293,"Limestone, TX",2023,1190937.0
48293,"Limestone, TX",2024,1239176.0
48295,"Lipscomb, TX",2019,282132.0
48295,"Lipscomb, TX",2020,286403.0
48295,"Lipscomb, TX",2021,321047.0
48295,"Lipscomb, TX",2022,375128.0
48295,"Lipscomb, TX",2023,402080.0
48295,"Lipscomb, TX",2024,402240.0
48297,"Live Oak, TX",2019,453251.0
48297,"Live Oak, TX",2020,472107.0
48297,"Live Oak, TX",2021,527304.0
48297,"Live Oak, TX",2022,559007.0
48297,"Live Oak, TX",2023,578138.0
48297,"Live Oak, TX",2024,598117.0
48299,"Llano, TX",2019,1123009.0
48299,"Llano, TX",2020,1172228.0
48299,"Llano, TX",2021,1422370.0
48299,"Llano, TX",2022,1546172.0
48299,"Llano, TX",2023,1661245.0
48299,"Llano, TX",2024,1750215.0
48301,"Loving, TX",2019,7345.0
48301,"Loving, TX",2020,6622.0
48301,"Loving, TX",2021,7323.0
48301,"Loving, TX",2022,7711.0
48301,"Loving, TX",2023,9677.0
48301,"Loving, TX",2024,10590.0
48303,"Lubbock, TX",2019,13900518.0
48303,"Lubbock, TX",2020,14829198.0
48303,"Lubbock, TX",2021,16152711.0
48303,"Lubbock, TX",2022,16685185.0
48303,"Lubbock, TX",2023,17572686.0
48303,"Lubbock, TX",2024,18270030.0
48305,"Lynn, TX",2019,263075.0
48305,"Lynn, TX",2020,242771.0
48305,"Lynn, TX",2021,331743.0
48305,"Lynn, TX",2022,393961.0
48305,"Lynn, TX",2023,378770.0
48305,"Lynn, TX",2024,338946.0
48307,"McCulloch, TX",2019,308784.0
48307,"McCulloch, TX",2020,326981.0
48307,"McCulloch, TX",2021,356980.0
48307,"McCulloch, TX",2022,376784.0
48307,"McCulloch, TX",2023,397607.0
48307,"McCulloch, TX",2024,391255.0
48309,"McLennan, TX",2019,10864929.0
48309,"McLennan, TX",2020,11899840.0
48309,"McLennan, TX",2021,13131964.0
48309,"McLennan, TX",2022,13733994.0
48309,"McLennan, TX",2023,14573291.0
48309,"McLennan, TX",2024,15370032.0
48311,"McMullen, TX",2019,56127.0
48311,"McMullen, TX",2020,41739.0
48311,"McMullen, TX",2021,55042.0
48311,"McMullen, TX",2022,64841.0
48311,"McMullen, TX",2023,64877.0
48311,"McMullen, TX",2024,67089.0
48313,"Madison, TX",2019,452136.0
48313,"Madison, TX",2020,508060.0
48313,"Madison, TX",2021,568288.0
48313,"Madison, TX",2022,591262.0
48313,"Madison, TX",2023,634307.0
48313,"Madison, TX",2024,650401.0
48315,"Marion, TX",2019,412321.0
48315,"Marion, TX",2020,432893.0
48315,"Marion, TX",2021,467816.0
48315,"Marion, TX",2022,480227.0
48315,"Marion, TX",2023,512905.0
48315,"Marion, TX",2024,531741.0
48317,"Martin, TX",2019,403915.0
48317,"Martin, TX",2020,382724.0
48317,"Martin, TX",2021,443270.0
48317,"Martin, TX",2022,556286.0
48317,"Martin, TX",2023,555098.0
48317,"Martin, TX",2024,571818.0
48319,"Mason, TX",2019,194783.0
48319,"Mason, TX",2020,214109.0
48319,"Mason, TX",2021,230941.0
48319,"Mason, TX",2022,229471.0
48319,"Mason, TX",2023,250578.0
48319,"Mason, TX",2024,255121.0
48321,"Matagorda, TX",2019,1656565.0
48321,"Matagorda, TX",2020,1743865.0
48321,"Matagorda, TX",2021,1853806.0
48321,"Matagorda, TX",2022,1839728.0
48321,"Matagorda, TX",2023,1963293.0
48321,"Matagorda, TX",2024,2031470.0
48323,"Maverick, TX",2019,1882127.0
48323,"Maverick, TX",2020,2049929.0
48323,"Maverick, TX",2021,2247112.0
48323,"Maverick, TX",2022,2264299.0
48323,"Maverick, TX",2023,2369968.0
48323,"Maverick, TX",2024,2416390.0
48325,"Medina, TX",2019,2224842.0
48325,"Medina, TX",2020,2341314.0
48325,"Medina, TX",2021,2604511.0
48325,"Medina, TX",2022,2723718.0
48325,"Medina, TX",2023,2904935.0
48325,"Medina, TX",2024,3035321.0
48327,"Menard, TX",2019,79866.0
48327,"Menard, TX",2020,91267.0
48327,"Menard, TX",2021,96607.0
48327,"Menard, TX",2022,95164.0
48327,"Menard, TX",2023,105069.0
48327,"Menard, TX",2024,100881.0
48329,"Midland, TX",2019,23136447.0
48329,"Midland, TX",2020,17614503.0
48329,"Midland, TX",2021,20331339.0
48329,"Midland, TX",2022,25288634.0
48329,"Midland, TX",2023,25692200.0
48329,"Midland, TX",2024,26879622.0
48331,"Milam, TX",2019,935028.0
48331,"Milam, TX",2020,1018619.0
48331,"Milam, TX",2021,1157255.0
48331,"Milam, TX",2022,1232381.0
48331,"Milam, TX",2023,1332200.0
48331,"Milam, TX",2024,1383202.0
48333,"Mills, TX",2019,197178.0
48333,"Mills, TX",2020,222391.0
48333,"Mills, TX",2021,236190.0
48333,"Mills, TX",2022,248308.0
48333,"Mills, TX",2023,270165.0
48333,"Mills, TX",2024,273984.0
48335,"Mitchell, TX",2019,295339.0
48335,"Mitchell, TX",2020,299887.0
48335,"Mitchell, TX",2021,323628.0
48335,"Mitchell, TX",2022,362428.0
48335,"Mitchell, TX",2023,371116.0
48335,"Mitchell, TX",2024,378795.0
48337,"Montague, TX",2019,842395.0
48337,"Montague, TX",2020,867624.0
48337,"Montague, TX",2021,954047.0
48337,"Montague, TX",2022,1007830.0
48337,"Montague, TX",2023,1093987.0
48337,"Montague, TX",2024,1133285.0
48339,"Montgomery, TX",2019,40527744.0
48339,"Montgomery, TX",2020,42501416.0
48339,"Montgomery, TX",2021,46701914.0
48339,"Montgomery, TX",2022,50940496.0
48339,"Montgomery, TX",2023,56368575.0
48339,"Montgomery, TX",2024,60353183.0
48341,"Moore, TX",2019,1014793.0
48341,"Moore, TX",2020,1069672.0
48341,"Moore, TX",2021,1174788.0
48341,"Moore, TX",2022,1259699.0
48341,"Moore, TX",2023,1331651.0
48341,"Moore, TX",2024,1356087.0
48343,"Morris, TX",2019,492983.0
48343,"Morris, TX",2020,529828.0
48343,"Morris, TX",2021,573724.0
48343,"Morris, TX",2022,595551.0
48343,"Morris, TX",2023,613771.0
48343,"Morris, TX",2024,642899.0
48345,"Motley, TX",2019,38601.0
48345,"Motley, TX",2020,43096.0
48345,"Motley, TX",2021,42881.0
48345,"Motley, TX",2022,50804.0
48345,"Motley, TX",2023,58888.0
48345,"Motley, TX",2024,54900.0
48347,"Nacogdoches, TX",2019,2543690.0
48347,"Nacogdoches, TX",2020,2707529.0
48347,"Nacogdoches, TX",2021,2973666.0
48347,"Nacogdoches, TX",2022,3168732.0
48347,"Nacogdoches, TX",2023,3326457.0
48347,"Nacogdoches, TX",2024,3398095.0
48349,"Navarro, TX",2019,2028777.0
48349,"Navarro, TX",2020,2191085.0
48349,"Navarro, TX",2021,2425903.0
48349,"Navarro, TX",2022,2492479.0
48349,"Navarro, TX",2023,2660201.0
48349,"Navarro, TX",2024,2764805.0
48351,"Newton, TX",2019,473667.0
48351,"Newton, TX",2020,493471.0
48351,"Newton, TX",2021,533648.0
48351,"Newton, TX",2022,524342.0
48351,"Newton, TX",2023,544915.0
48351,"Newton, TX",2024,564029.0
48353,"Nolan, TX",2019,672206.0
48353,"Nolan, TX",2020,683874.0
48353,"Nolan, TX",2021,758544.0
48353,"Nolan, TX",2022,778084.0
48353,"Nolan, TX",2023,808157.0
48353,"Nolan, TX",2024,854262.0
48355,"Nueces, TX",2019,16536125.0
48355,"Nueces, TX",2020,17057478.0
48355,"Nueces, TX",2021,18990435.0
48355,"Nueces, TX",2022,19144365.0
48355,"Nueces, TX",2023,19751528.0
48355,"Nueces, TX",2024,20513320.0
48357,"Ochiltree, TX",2019,587026.0
48357,"Ochiltree, TX",2020,536253.0
48357,"Ochiltree, TX",2021,605723.0
48357,"Ochiltree, TX",2022,637504.0
48357,"Ochiltree, TX",2023,720170.0
48357,"Ochiltree, TX",2024,665378.0
48359,"Oldham, TX",2019,109432.0
48359,"Oldham, TX",2020,125986.0
48359,"Oldham, TX",2021,129382.0
48359,"Oldham, TX",2022,135146.0
48359,"Oldham, TX",2023,162176.0
48359,"Oldham, TX",2024,162959.0
48361,"Orange, TX",2019,3822974.0
48361,"Orange, TX",2020,3979657.0
48361,"Orange, TX",2021,4170638.0
48361,"Orange, TX",2022,4244810.0
48361,"Orange, TX",2023,4449652.0
48361,"Orange, TX",2024,4728741.0
48363,"Palo Pinto, TX",2019,1264888.0
48363,"Palo Pinto, TX",2020,1335462.0
48363,"Palo Pinto, TX",2021,1478336.0
48363,"Palo Pinto, TX",2022,1544593.0
48363,"Palo Pinto, TX",2023,1638357.0
48363,"Palo Pinto, TX",2024,1702459.0
48365,"Panola, TX",2019,1090580.0
48365,"Panola, TX",2020,1083431.0
48365,"Panola, TX",2021,1184764.0
48365,"Panola, TX",2022,1324088.0
48365,"Panola, TX",2023,1380806.0
48365,"Panola, TX",2024,1424680.0
48367,"Parker, TX",2019,8340194.0
48367,"Parker, TX",2020,9086703.0
48367,"Parker, TX",2021,10457879.0
48367,"Parker, TX",2022,11618243.0
48367,"Parker, TX",2023,12670702.0
48367,"Parker, TX",2024,13538110.0
48369,"Parmer, TX",2019,501143.0
48369,"Parmer, TX",2020,581104.0
48369,"Parmer, TX",2021,628417.0
48369,"Parmer, TX",2022,699040.0
48369,"Parmer, TX",2023,757204.0
48369,"Parmer, TX",2024,753033.0
48371,"Pecos, TX",2019,621276.0
48371,"Pecos, TX",2020,604151.0
48371,"Pecos, TX",2021,642228.0
48371,"Pecos, TX",2022,673888.0
48371,"Pecos, TX",2023,724077.0
48371,"Pecos, TX",2024,736577.0
48373,"Polk, TX",2019,2112180.0
48373,"Polk, TX",2020,2277662.0
48373,"Polk, TX",2021,2474878.0
48373,"Polk, TX",2022,2554703.0
48373,"Polk, TX",2023,2724448.0
48373,"Polk, TX",2024,2844566.0
48375,"Potter, TX",2019,5495840.0
48375,"Potter, TX",2020,5962084.0
48375,"Potter, TX",2021,6448053.0
48375,"Potter, TX",2022,6528525.0
48375,"Potter, TX",2023,6584014.0
48375,"Potter, TX",2024,6786797.0
48377,"Presidio, TX",2019,310339.0
48377,"Presidio, TX",2020,337664.0
48377,"Presidio, TX",2021,371470.0
48377,"Presidio, TX",2022,368345.0
48377,"Presidio, TX",2023,390393.0
48377,"Presidio, TX",2024,413724.0
48379,"Rains, TX",2019,436954.0
48379,"Rains, TX",2020,482677.0
48379,"Rains, TX",2021,521391.0
48379,"Rains, TX",2022,542715.0
48379,"Rains, TX",2023,589644.0
48379,"Rains, TX",2024,626315.0
48381,"Randall, TX",2019,6939723.0
48381,"Randall, TX",2020,7449097.0
48381,"Randall, TX",2021,8115886.0
48381,"Randall, TX",2022,8407957.0
48381,"Randall, TX",2023,8991239.0
48381,"Randall, TX",2024,9536406.0
48383,"Reagan, TX",2019,199329.0
48383,"Reagan, TX",2020,188010.0
48383,"Reagan, TX",2021,193726.0
48383,"Reagan, TX",2022,218735.0
48383,"Reagan, TX",2023,231410.0
48383,"Reagan, TX",2024,239435.0
48385,"Real, TX",2019,130621.0
48385,"Real, TX",2020,146087.0
48385,"Real, TX",2021,159724.0
48385,"Real, TX",2022,164133.0
48385,"Real, TX",2023,176162.0
48385,"Real, TX",2024,180184.0
48387,"Red River, TX",2019,529577.0
48387,"Red River, TX",2020,555817.0
48387,"Red River, TX",2021,609644.0
48387,"Red River, TX",2022,622904.0
48387,"Red River, TX",2023,650067.0
48387,"Red River, TX",2024,664499.0
48389,"Reeves, TX",2019,753350.0
48389,"Reeves, TX",2020,688389.0
48389,"Reeves, TX",2021,752081.0
48389,"Reeves, TX",2022,807086.0
48389,"Reeves, TX",2023,905413.0
48389,"Reeves, TX",2024,1016705.0
48391,"Refugio, TX",2019,316459.0
48391,"Refugio, TX",2020,327777.0
48391,"Refugio, TX",2021,363746.0
48391,"Refugio, TX",2022,381456.0
48391,"Refugio, TX",2023,387376.0
48391,"Refugio, TX",2024,400776.0
48393,"Roberts, TX",2019,41999.0
48393,"Roberts, TX",2020,42622.0
48393,"Roberts, TX",2021,44633.0
48393,"Roberts, TX",2022,48770.0
48393,"Roberts, TX",2023,54742.0
48393,"Roberts, TX",2024,53952.0
48395,"Robertson, TX",2019,745971.0
48395,"Robertson, TX",2020,801784.0
48395,"Robertson, TX",2021,880317.0
48395,"Robertson, TX",2022,968048.0
48395,"Robertson, TX",2023,1017553.0
48395,"Robertson, TX",2024,1068474.0
48397,"Rockwall, TX",2019,6741046.0
48397,"Rockwall, TX",2020,7400786.0
48397,"Rockwall, TX",2021,8451388.0
48397,"Rockwall, TX",2022,9063087.0
48397,"Rockwall, TX",2023,10062376.0
48397,"Rockwall, TX",2024,10797301.0
48399,"Runnels, TX",2019,440622.0
48399,"Runnels, TX",2020,464497.0
48399,"Runnels, TX",2021,500149.0
48399,"Runnels, TX",2022,553663.0
48399,"Runnels, TX",2023,560004.0
48399,"Runnels, TX",2024,563556.0
48401,"Rusk, TX",2019,2089587.0
48401,"Rusk, TX",2020,2225980.0
48401,"Rusk, TX",2021,2339900.0
48401,"Rusk, TX",2022,2418362.0
48401,"Rusk, TX",2023,2503910.0
48401,"Rusk, TX",2024,2577079.0
48403,"Sabine, TX",2019,379354.0
48403,"Sabine, TX",2020,412158.0
48403,"Sabine, TX",2021,464919.0
48403,"Sabine, TX",2022,458973.0
48403,"Sabine, TX",2023,479784.0
48403,"Sabine, TX",2024,501955.0
48405,"San Augustine, TX",2019,354913.0
48405,"San Augustine, TX",2020,361715.0
48405,"San Augustine, TX",2021,405745.0
48405,"San Augustine, TX",2022,449665.0
48405,"San Augustine, TX",2023,465219.0
48405,"San Augustine, TX",2024,476912.0
48407,"San Jacinto, TX",2019,1124315.0
48407,"San Jacinto, TX",2020,1158601.0
48407,"San Jacinto, TX",2021,1268505.0
48407,"San Jacinto, TX",2022,1280774.0
48407,"San Jacinto, TX",2023,1373231.0
48407,"San Jacinto, TX",2024,1419613.0
48409,"San Patricio, TX",2019,3111385.0
48409,"San Patricio, TX",2020,3297527.0
48409,"San Patricio, TX",2021,3542109.0
48409,"San Patricio, TX",2022,3571034.0
48409,"San Patricio, TX",2023,3725633.0
48409,"San Patricio, TX",2024,3906934.0
48411,"San Saba, TX",2019,248045.0
48411,"San Saba, TX",2020,242041.0
48411,"San Saba, TX",2021,252449.0
48411,"San Saba, TX",2022,262655.0
48411,"San Saba, TX",2023,283563.0
48411,"San Saba, TX",2024,284389.0
48413,"Schleicher, TX",2019,117873.0
48413,"Schleicher, TX",2020,125093.0
48413,"Schleicher, TX",2021,129711.0
48413,"Schleicher, TX",2022,148359.0
48413,"Schleicher, TX",2023,150607.0
48413,"Schleicher, TX",2024,148679.0
48415,"Scurry, TX",2019,748156.0
48415,"Scurry, TX",2020,756407.0
48415,"Scurry, TX",2021,783377.0
48415,"Scurry, TX",2022,849098.0
48415,"Scurry, TX",2023,905218.0
48415,"Scurry, TX",2024,927543.0
48417,"Shackelford, TX",2019,284819.0
48417,"Shackelford, TX",2020,258414.0
48417,"Shackelford, TX",2021,317801.0
48417,"Shackelford, TX",2022,385861.0
48417,"Shackelford, TX",2023,308233.0
48417,"Shackelford, TX",2024,315757.0
48419,"Shelby, TX",2019,1079847.0
48419,"Shelby, TX",2020,1160288.0
48419,"Shelby, TX",2021,1343770.0
48419,"Shelby, TX",2022,1576412.0
48419,"Shelby, TX",2023,1574522.0
48419,"Shelby, TX",2024,1701681.0
48421,"Sherman, TX",2019,274327.0
48421,"Sherman, TX",2020,282233.0
48421,"Sherman, TX",2021,348403.0
48421,"Sherman, TX",2022,335864.0
48421,"Sherman, TX",2023,487995.0
48421,"Sherman, TX",2024,431820.0
48423,"Smith, TX",2019,12815321.0
48423,"Smith, TX",2020,12908013.0
48423,"Smith, TX",2021,14838797.0
48423,"Smith, TX",2022,16077314.0
48423,"Smith, TX",2023,16771874.0
48423,"Smith, TX",2024,17413416.0
48425,"Somervell, TX",2019,433755.0
48425,"Somervell, TX",2020,468199.0
48425,"Somervell, TX",2021,533724.0
48425,"Somervell, TX",2022,577258.0
48425,"Somervell, TX",2023,618792.0
48425,"Somervell, TX",2024,634683.0
48427,"Starr, TX",2019,1808587.0
48427,"Starr, TX",2020,2084371.0
48427,"Starr, TX",2021,2226694.0
48427,"Starr, TX",2022,2150141.0
48427,"Starr, TX",2023,2199042.0
48427,"Starr, TX",2024,2275963.0
48429,"Stephens, TX",2019,397688.0
48429,"Stephens, TX",2020,398008.0
48429,"Stephens, TX",2021,432413.0
48429,"Stephens, TX",2022,452555.0
48429,"Stephens, TX",2023,473634.0
48429,"Stephens, TX",2024,476252.0
48431,"Sterling, TX",2019,79637.0
48431,"Sterling, TX",2020,81450.0
48431,"Sterling, TX",2021,88183.0
48431,"Sterling, TX",2022,94798.0
48431,"Sterling, TX",2023,100816.0
48431,"Sterling, TX",2024,103145.0
48433,"Stonewall, TX",2019,84297.0
48433,"Stonewall, TX",2020,91679.0
48433,"Stonewall, TX",2021,107058.0
48433,"Stonewall, TX",2022,115862.0
48433,"Stonewall, TX",2023,119541.0
48433,"Stonewall, TX",2024,114737.0
48435,"Sutton, TX",2019,246452.0
48435,"Sutton, TX",2020,221978.0
48435,"Sutton, TX",2021,227947.0
48435,"Sutton, TX",2022,225595.0
48435,"Sutton, TX",2023,242309.0
48435,"Sutton, TX",2024,225489.0
48437,"Swisher, TX",2019,405019.0
48437,"Swisher, TX",2020,424068.0
48437,"Swisher, TX",2021,508306.0
48437,"Swisher, TX",2022,557399.0
48437,"Swisher, TX",2023,604629.0
48437,"Swisher, TX",2024,560967.0
48439,"Tarrant, TX",2019,109294258.0
48439,"Tarrant, TX",2020,113875959.0
48439,"Tarrant, TX",2021,129278743.0
48439,"Tarrant, TX",2022,138729197.0
48439,"Tarrant, TX",2023,149011382.0
48439,"Tarrant, TX",2024,156006429.0
48441,"Taylor, TX",2019,6618267.0
48441,"Taylor, TX",2020,7100349.0
48441,"Taylor, TX",2021,7786490.0
48441,"Taylor, TX",2022,8182619.0
48441,"Taylor, TX",2023,8700109.0
48441,"Taylor, TX",2024,9180520.0
48443,"Terrell, TX",2019,37507.0
48443,"Terrell, TX",2020,41340.0
48443,"Terrell, TX",2021,45779.0
48443,"Terrell, TX",2022,44442.0
48443,"Terrell, TX",2023,44807.0
48443,"Terrell, TX",2024,46784.0
48445,"Terry, TX",2019,457105.0
48445,"Terry, TX",2020,500837.0
48445,"Terry, TX",2021,529234.0
48445,"Terry, TX",2022,614659.0
48445,"Terry, TX",2023,584861.0
48445,"Terry, TX",2024,551320.0
48447,"Throckmorton, TX",2019,61628.0
48447,"Throckmorton, TX",2020,64746.0
48447,"Throckmorton, TX",2021,101774.0
48447,"Throckmorton, TX",2022,88255.0
48447,"Throckmorton, TX",2023,83860.0
48447,"Throckmorton, TX",2024,78432.0
48449,"Titus, TX",2019,1206894.0
48449,"Titus, TX",2020,1329060.0
48449,"Titus, TX",2021,1520127.0
48449,"Titus, TX",2022,1628783.0
48449,"Titus, TX",2023,1646370.0
48449,"Titus, TX",2024,1724927.0
48451,"Tom Green, TX",2019,6162397.0
48451,"Tom Green, TX",2020,6647740.0
48451,"Tom Green, TX",2021,7135113.0
48451,"Tom Green, TX",2022,7322416.0
48451,"Tom Green, TX",2023,7648053.0
48451,"Tom Green, TX",2024,8117056.0
48453,"Travis, TX",2019,90944757.0
48453,"Travis, TX",2020,93506073.0
48453,"Travis, TX",2021,106291515.0
48453,"Travis, TX",2022,117391525.0
48453,"Travis, TX",2023,126859125.0
48453,"Travis, TX",2024,134937033.0
48455,"Trinity, TX",2019,563249.0
48455,"Trinity, TX",2020,594565.0
48455,"Trinity, TX",2021,643131.0
48455,"Trinity, TX",2022,661472.0
48455,"Trinity, TX",2023,702473.0
48455,"Trinity, TX",2024,734986.0
48457,"Tyler, TX",2019,716499.0
48457,"Tyler, TX",2020,784718.0
48457,"Tyler, TX",2021,857803.0
48457,"Tyler, TX",2022,873676.0
48457,"Tyler, TX",2023,922801.0
48457,"Tyler, TX",2024,965706.0
48459,"Upshur, TX",2019,1599998.0
48459,"Upshur, TX",2020,1673890.0
48459,"Upshur, TX",2021,1850394.0
48459,"Upshur, TX",2022,1907920.0
48459,"Upshur, TX",2023,2039191.0
48459,"Upshur, TX",2024,2121173.0
48461,"Upton, TX",2019,171036.0
48461,"Upton, TX",2020,181291.0
48461,"Upton, TX",2021,204798.0
48461,"Upton, TX",2022,251684.0
48461,"Upton, TX",2023,278453.0
48461,"Upton, TX",2024,300353.0
48463,"Uvalde, TX",2019,1100241.0
48463,"Uvalde, TX",2020,1167779.0
48463,"Uvalde, TX",2021,1314482.0
48463,"Uvalde, TX",2022,1312648.0
48463,"Uvalde, TX",2023,1381443.0
48463,"Uvalde, TX",2024,1415074.0
48465,"Val Verde, TX",2019,1890031.0
48465,"Val Verde, TX",2020,2025740.0
48465,"Val Verde, TX",2021,2250935.0
48465,"Val Verde, TX",2022,2297315.0
48465,"Val Verde, TX",2023,2389736.0
48465,"Val Verde, TX",2024,2499168.0
48467,"Van Zandt, TX",2019,2299546.0
48467,"Van Zandt, TX",2020,2515826.0
48467,"Van Zandt, TX",2021,2772813.0
48467,"Van Zandt, TX",2022,2926115.0
48467,"Van Zandt, TX",2023,3102823.0
48467,"Van Zandt, TX",2024,3242076.0
48469,"Victoria, TX",2019,4751281.0
48469,"Victoria, TX",2020,4860044.0
48469,"Victoria, TX",2021,5234166.0
48469,"Victoria, TX",2022,5171814.0
48469,"Victoria, TX",2023,5455773.0
48469,"Victoria, TX",2024,5607804.0
48471,"Walker, TX",2019,2272419.0
48471,"Walker, TX",2020,2347283.0
48471,"Walker, TX",2021,2617653.0
48471,"Walker, TX",2022,2731462.0
48471,"Walker, TX",2023,2931118.0
48471,"Walker, TX",2024,3091120.0
48473,"Waller, TX",2019,2494076.0
48473,"Waller, TX",2020,2716278.0
48473,"Waller, TX",2021,3000673.0
48473,"Waller, TX",2022,3230041.0
48473,"Waller, TX",2023,3415849.0
48473,"Waller, TX",2024,3582841.0
48475,"Ward, TX",2019,644205.0
48475,"Ward, TX",2020,583355.0
48475,"Ward, TX",2021,632986.0
48475,"Ward, TX",2022,694824.0
48475,"Ward, TX",2023,768608.0
48475,"Ward, TX",2024,840353.0
48477,"Washington, TX",2019,1960838.0
48477,"Washington, TX",2020,2104231.0
48477,"Washington, TX",2021,2492420.0
48477,"Washington, TX",2022,2567691.0
48477,"Washington, TX",2023,2649882.0
48477,"Washington, TX",2024,2747251.0
48479,"Webb, TX",2019,9193910.0
48479,"Webb, TX",2020,9826575.0
48479,"Webb, TX",2021,10997334.0
48479,"Webb, TX",2022,11157062.0
48479,"Webb, TX",2023,11528290.0
48479,"Webb, TX",2024,12058710.0
48481,"Wharton, TX",2019,1933960.0
48481,"Wharton, TX",2020,2019311.0
48481,"Wharton, TX",2021,2222632.0
48481,"Wharton, TX",2022,2228251.0
48481,"Wharton, TX",2023,2380569.0
48481,"Wharton, TX",2024,2456733.0
48483,"Wheeler, TX",2019,215697.0
48483,"Wheeler, TX",2020,228604.0
48483,"Wheeler, TX",2021,236867.0
48483,"Wheeler, TX",2022,239083.0
48483,"Wheeler, TX",2023,262654.0
48483,"Wheeler, TX",2024,257265.0
48485,"Wichita, TX",2019,5727252.0
48485,"Wichita, TX",2020,6087162.0
48485,"Wichita, TX",2021,6512225.0
48485,"Wichita, TX",2022,6963360.0
48485,"Wichita, TX",2023,7244140.0
48485,"Wichita, TX",2024,7520175.0
48487,"Wilbarger, TX",2019,621258.0
48487,"Wilbarger, TX",2020,694813.0
48487,"Wilbarger, TX",2021,832973.0
48487,"Wilbarger, TX",2022,812821.0
48487,"Wilbarger, TX",2023,832380.0
48487,"Wilbarger, TX",2024,845104.0
48489,"Willacy, TX",2019,599654.0
48489,"Willacy, TX",2020,660295.0
48489,"Willacy, TX",2021,763565.0
48489,"Willacy, TX",2022,707174.0
48489,"Willacy, TX",2023,735740.0
48489,"Willacy, TX",2024,744635.0
48491,"Williamson, TX",2019,31851222.0
48491,"Williamson, TX",2020,35409882.0
48491,"Williamson, TX",2021,40777935.0
48491,"Williamson, TX",2022,46502731.0
48491,"Williamson, TX",2023,50915722.0
48491,"Williamson, TX",2024,55401609.0
48493,"Wilson, TX",2019,2461192.0
48493,"Wilson, TX",2020,2568041.0
48493,"Wilson, TX",2021,2833670.0
48493,"Wilson, TX",2022,3018796.0
48493,"Wilson, TX",2023,3196090.0
48493,"Wilson, TX",2024,3400984.0
48495,"Winkler, TX",2019,523923.0
48495,"Winkler, TX",2020,460073.0
48495,"Winkler, TX",2021,467910.0
48495,"Winkler, TX",2022,497073.0
48495,"Winkler, TX",2023,565174.0
48495,"Winkler, TX",2024,633101.0
48497,"Wise, TX",2019,3217127.0
48497,"Wise, TX",2020,3482070.0
48497,"Wise, TX",2021,3896844.0
48497,"Wise, TX",2022,4218587.0
48497,"Wise, TX",2023,4582134.0
48497,"Wise, TX",2024,4883893.0
48499,"Wood, TX",2019,1846875.0
48499,"Wood, TX",2020,2020573.0
48499,"Wood, TX",2021,2187411.0
48499,"Wood, TX",2022,2324998.0
48499,"Wood, TX",2023,2470482.0
48499,"Wood, TX",2024,2589038.0
48501,"Yoakum, TX",2019,376914.0
48501,"Yoakum, TX",2020,371521.0
48501,"Yoakum, TX",2021,381553.0
48501,"Yoakum, TX",2022,448405.0
48501,"Yoakum, TX",2023,462924.0
48501,"Yoakum, TX",2024,451473.0
48503,"Young, TX",2019,914343.0
48503,"Young, TX",2020,948475.0
48503,"Young, TX",2021,1064289.0
48503,"Young, TX",2022,1202195.0
48503,"Young, TX",2023,1239131.0
48503,"Young, TX",2024,1289292.0
48505,"Zapata, TX",2019,415040.0
48505,"Zapata, TX",2020,412724.0
48505,"Zapata, TX",2021,463713.0
48505,"Zapata, TX",2022,467088.0
48505,"Zapata, TX",2023,478400.0
48505,"Zapata, TX",2024,478371.0
48507,"Zavala, TX",2019,355104.0
48507,"Zavala, TX",2020,378917.0
48507,"Zavala, TX",2021,410319.0
48507,"Zavala, TX",2022,415213.0
48507,"Zavala, TX",2023,443910.0
48507,"Zavala, TX",2024,419357.0
49001,"Beaver, UT",2019,254666.0
49001,"Beaver, UT",2020,303402.0
49001,"Beaver, UT",2021,341399.0
49001,"Beaver, UT",2022,321592.0
49001,"Beaver, UT",2023,296624.0
49001,"Beaver, UT",2024,290867.0
49003,"Box Elder, UT",2019,2199954.0
49003,"Box Elder, UT",2020,2429686.0
49003,"Box Elder, UT",2021,2712253.0
49003,"Box Elder, UT",2022,2936430.0
49003,"Box Elder, UT",2023,3165596.0
49003,"Box Elder, UT",2024,3343104.0
49005,"Cache, UT",2019,5414840.0
49005,"Cache, UT",2020,5750364.0
49005,"Cache, UT",2021,6787329.0
49005,"Cache, UT",2022,6868673.0
49005,"Cache, UT",2023,7392851.0
49005,"Cache, UT",2024,7838880.0
49007,"Carbon, UT",2019,818942.0
49007,"Carbon, UT",2020,884547.0
49007,"Carbon, UT",2021,935212.0
49007,"Carbon, UT",2022,959689.0
49007,"Carbon, UT",2023,1027743.0
49007,"Carbon, UT",2024,1104408.0
49009,"Daggett, UT",2019,43162.0
49009,"Daggett, UT",2020,47351.0
49009,"Daggett, UT",2021,49817.0
49009,"Daggett, UT",2022,49727.0
49009,"Daggett, UT",2023,53505.0
49009,"Daggett, UT",2024,55761.0
49011,"Davis, UT",2019,16953024.0
49011,"Davis, UT",2020,18408773.0
49011,"Davis, UT",2021,20863838.0
49011,"Davis, UT",2022,21906921.0
49011,"Davis, UT",2023,23389582.0
49011,"Davis, UT",2024,24689293.0
49013,"Duchesne, UT",2019,767849.0
49013,"Duchesne, UT",2020,814653.0
49013,"Duchesne, UT",2021,894531.0
49013,"Duchesne, UT",2022,969194.0
49013,"Duchesne, UT",2023,1079608.0
49013,"Duchesne, UT",2024,1152934.0
49015,"Emery, UT",2019,343523.0
49015,"Emery, UT",2020,378730.0
49015,"Emery, UT",2021,394491.0
49015,"Emery, UT",2022,411164.0
49015,"Emery, UT",2023,431387.0
49015,"Emery, UT",2024,450045.0
49017,"Garfield, UT",2019,198749.0
49017,"Garfield, UT",2020,220159.0
49017,"Garfield, UT",2021,271653.0
49017,"Garfield, UT",2022,254108.0
49017,"Garfield, UT",2023,261173.0
49017,"Garfield, UT",2024,283921.0
49019,"Grand, UT",2019,556789.0
49019,"Grand, UT",2020,600006.0
49019,"Grand, UT",2021,672894.0
49019,"Grand, UT",2022,701573.0
49019,"Grand, UT",2023,755151.0
49019,"Grand, UT",2024,796543.0
49021,"Iron, UT",2019,1896624.0
49021,"Iron, UT",2020,2111957.0
49021,"Iron, UT",2021,2417066.0
49021,"Iron, UT",2022,2533889.0
49021,"Iron, UT",2023,2757751.0
49021,"Iron, UT",2024,2999967.0
49023,"Juab, UT",2019,466604.0
49023,"Juab, UT",2020,514004.0
49023,"Juab, UT",2021,611654.0
49023,"Juab, UT",2022,643634.0
49023,"Juab, UT",2023,651651.0
49023,"Juab, UT",2024,697605.0
49025,"Kane, UT",2019,324642.0
49025,"Kane, UT",2020,357217.0
49025,"Kane, UT",2021,437063.0
49025,"Kane, UT",2022,419545.0
49025,"Kane, UT",2023,451830.0
49025,"Kane, UT",2024,488774.0
49027,"Millard, UT",2019,492524.0
49027,"Millard, UT",2020,534788.0
49027,"Millard, UT",2021,599379.0
49027,"Millard, UT",2022,657912.0
49027,"Millard, UT",2023,684617.0
49027,"Millard, UT",2024,750753.0
49029,"Morgan, UT",2019,653862.0
49029,"Morgan, UT",2020,716920.0
49029,"Morgan, UT",2021,869921.0
49029,"Morgan, UT",2022,867243.0
49029,"Morgan, UT",2023,920319.0
49029,"Morgan, UT",2024,972659.0
49031,"Piute, UT",2019,67515.0
49031,"Piute, UT",2020,69691.0
49031,"Piute, UT",2021,74246.0
49031,"Piute, UT",2022,94811.0
49031,"Piute, UT",2023,94867.0
49031,"Piute, UT",2024,115889.0
49033,"Rich, UT",2019,97258.0
49033,"Rich, UT",2020,108221.0
49033,"Rich, UT",2021,117912.0
49033,"Rich, UT",2022,123923.0
49033,"Rich, UT",2023,146620.0
49033,"Rich, UT",2024,165343.0
49035,"Salt Lake, UT",2019,62388052.0
49035,"Salt Lake, UT",2020,67960140.0
49035,"Salt Lake, UT",2021,76936492.0
49035,"Salt Lake, UT",2022,80769549.0
49035,"Salt Lake, UT",2023,86904107.0
49035,"Salt Lake, UT",2024,91748267.0
49037,"San Juan, UT",2019,424137.0
49037,"San Juan, UT",2020,472241.0
49037,"San Juan, UT",2021,509063.0
49037,"San Juan, UT",2022,524457.0
49037,"San Juan, UT",2023,560985.0
49037,"San Juan, UT",2024,583629.0
49039,"Sanpete, UT",2019,932465.0
49039,"Sanpete, UT",2020,1054512.0
49039,"Sanpete, UT",2021,1179288.0
49039,"Sanpete, UT",2022,1269514.0
49039,"Sanpete, UT",2023,1329921.0
49039,"Sanpete, UT",2024,1451359.0
49041,"Sevier, UT",2019,772009.0
49041,"Sevier, UT",2020,858666.0
49041,"Sevier, UT",2021,943841.0
49041,"Sevier, UT",2022,973121.0
49041,"Sevier, UT",2023,1024453.0
49041,"Sevier, UT",2024,1101609.0
49043,"Summit, UT",2019,6732730.0
49043,"Summit, UT",2020,6958150.0
49043,"Summit, UT",2021,9464017.0
49043,"Summit, UT",2022,10529513.0
49043,"Summit, UT",2023,11517313.0
49043,"Summit, UT",2024,12092488.0
49045,"Tooele, UT",2019,2779238.0
49045,"Tooele, UT",2020,3087075.0
49045,"Tooele, UT",2021,3472215.0
49045,"Tooele, UT",2022,3745444.0
49045,"Tooele, UT",2023,4041281.0
49045,"Tooele, UT",2024,4350587.0
49047,"Uintah, UT",2019,1135925.0
49047,"Uintah, UT",2020,1184842.0
49047,"Uintah, UT",2021,1312933.0
49047,"Uintah, UT",2022,1440644.0
49047,"Uintah, UT",2023,1580890.0
49047,"Uintah, UT",2024,1717686.0
49049,"Utah, UT",2019,28205040.0
49049,"Utah, UT",2020,31273848.0
49049,"Utah, UT",2021,35802130.0
49049,"Utah, UT",2022,38241420.0
49049,"Utah, UT",2023,41642432.0
49049,"Utah, UT",2024,44572939.0
49051,"Wasatch, UT",2019,2112077.0
49051,"Wasatch, UT",2020,2424761.0
49051,"Wasatch, UT",2021,2872574.0
49051,"Wasatch, UT",2022,3183070.0
49051,"Wasatch, UT",2023,3473578.0
49051,"Wasatch, UT",2024,3688442.0
49053,"Washington, UT",2019,7425510.0
49053,"Washington, UT",2020,8258423.0
49053,"Washington, UT",2021,9753512.0
49053,"Washington, UT",2022,10234655.0
49053,"Washington, UT",2023,11183074.0
49053,"Washington, UT",2024,12070405.0
49055,"Wayne, UT",2019,110877.0
49055,"Wayne, UT",2020,123756.0
49055,"Wayne, UT",2021,134996.0
49055,"Wayne, UT",2022,138772.0
49055,"Wayne, UT",2023,146850.0
49055,"Wayne, UT",2024,157582.0
49057,"Weber, UT",2019,11142873.0
49057,"Weber, UT",2020,12084678.0
49057,"Weber, UT",2021,13367357.0
49057,"Weber, UT",2022,14285508.0
49057,"Weber, UT",2023,15272052.0
49057,"Weber, UT",2024,16175647.0
50001,"Addison, VT",2019,1962594.0
50001,"Addison, VT",2020,2093701.0
50001,"Addison, VT",2021,2233848.0
50001,"Addison, VT",2022,2326563.0
50001,"Addison, VT",2023,2475936.0
50001,"Addison, VT",2024,2608418.0
50003,"Bennington, VT",2019,1969057.0
50003,"Bennington, VT",2020,2080022.0
50003,"Bennington, VT",2021,2201737.0
50003,"Bennington, VT",2022,2310441.0
50003,"Bennington, VT",2023,2491876.0
50003,"Bennington, VT",2024,2616767.0
50005,"Caledonia, VT",2019,1300173.0
50005,"Caledonia, VT",2020,1440421.0
50005,"Caledonia, VT",2021,1530649.0
50005,"Caledonia, VT",2022,1577448.0
50005,"Caledonia, VT",2023,1665460.0
50005,"Caledonia, VT",2024,1747562.0
50007,"Chittenden, VT",2019,10190082.0
50007,"Chittenden, VT",2020,10768115.0
50007,"Chittenden, VT",2021,11474726.0
50007,"Chittenden, VT",2022,12253205.0
50007,"Chittenden, VT",2023,13129737.0
50007,"Chittenden, VT",2024,13759226.0
50009,"Essex, VT",2019,240289.0
50009,"Essex, VT",2020,258637.0
50009,"Essex, VT",2021,275193.0
50009,"Essex, VT",2022,277470.0
50009,"Essex, VT",2023,293608.0
50009,"Essex, VT",2024,306150.0
50011,"Franklin, VT",2019,2417205.0
50011,"Franklin, VT",2020,2599108.0
50011,"Franklin, VT",2021,2757158.0
50011,"Franklin, VT",2022,2835351.0
50011,"Franklin, VT",2023,2953350.0
50011,"Franklin, VT",2024,3096086.0
50013,"Grand Isle, VT",2019,464284.0
50013,"Grand Isle, VT",2020,478624.0
50013,"Grand Isle, VT",2021,507986.0
50013,"Grand Isle, VT",2022,533999.0
50013,"Grand Isle, VT",2023,567879.0
50013,"Grand Isle, VT",2024,597222.0
50015,"Lamoille, VT",2019,1392706.0
50015,"Lamoille, VT",2020,1496036.0
50015,"Lamoille, VT",2021,1599210.0
50015,"Lamoille, VT",2022,1688072.0
50015,"Lamoille, VT",2023,1796548.0
50015,"Lamoille, VT",2024,1880064.0
50017,"Orange, VT",2019,1423634.0
50017,"Orange, VT",2020,1551835.0
50017,"Orange, VT",2021,1635174.0
50017,"Orange, VT",2022,1685553.0
50017,"Orange, VT",2023,1804902.0
50017,"Orange, VT",2024,1898329.0
50019,"Orleans, VT",2019,1223587.0
50019,"Orleans, VT",2020,1366422.0
50019,"Orleans, VT",2021,1462881.0
50019,"Orleans, VT",2022,1480156.0
50019,"Orleans, VT",2023,1544286.0
50019,"Orleans, VT",2024,1633275.0
50021,"Rutland, VT",2019,3104347.0
50021,"Rutland, VT",2020,3320150.0
50021,"Rutland, VT",2021,3424836.0
50021,"Rutland, VT",2022,3577154.0
50021,"Rutland, VT",2023,3779358.0
50021,"Rutland, VT",2024,3994789.0
50023,"Washington, VT",2019,3515145.0
50023,"Washington, VT",2020,3833806.0
50023,"Washington, VT",2021,4015148.0
50023,"Washington, VT",2022,4226657.0
50023,"Washington, VT",2023,4502839.0
50023,"Washington, VT",2024,4756854.0
50025,"Windham, VT",2019,2199938.0
50025,"Windham, VT",2020,2436335.0
50025,"Windham, VT",2021,2554411.0
50025,"Windham, VT",2022,2593404.0
50025,"Windham, VT",2023,2764941.0
50025,"Windham, VT",2024,2889620.0
50027,"Windsor, VT",2019,3434925.0
50027,"Windsor, VT",2020,3669588.0
50027,"Windsor, VT",2021,3879799.0
50027,"Windsor, VT",2022,3971075.0
50027,"Windsor, VT",2023,4287916.0
50027,"Windsor, VT",2024,4444898.0
51001,"Accomack, VA",2019,1592747.0
51001,"Accomack, VA",2020,1707409.0
51001,"Accomack, VA",2021,1894834.0
51001,"Accomack, VA",2022,1821212.0
51001,"Accomack, VA",2023,1778152.0
51001,"Accomack, VA",2024,1870945.0
51007,"Amelia, VA",2019,574697.0
51007,"Amelia, VA",2020,608503.0
51007,"Amelia, VA",2021,676516.0
51007,"Amelia, VA",2022,725175.0
51007,"Amelia, VA",2023,736431.0
51007,"Amelia, VA",2024,774786.0
51009,"Amherst, VA",2019,1190282.0
51009,"Amherst, VA",2020,1275707.0
51009,"Amherst, VA",2021,1389371.0
51009,"Amherst, VA",2022,1415516.0
51009,"Amherst, VA",2023,1490415.0
51009,"Amherst, VA",2024,1545119.0
51011,"Appomattox, VA",2019,619859.0
51011,"Appomattox, VA",2020,671440.0
51011,"Appomattox, VA",2021,750940.0
51011,"Appomattox, VA",2022,766828.0
51011,"Appomattox, VA",2023,800879.0
51011,"Appomattox, VA",2024,837403.0
51013,"Arlington, VA",2019,22827195.0
51013,"Arlington, VA",2020,23515191.0
51013,"Arlington, VA",2021,25642794.0
51013,"Arlington, VA",2022,27337435.0
51013,"Arlington, VA",2023,29658101.0
51013,"Arlington, VA",2024,31564317.0
51017,"Bath, VA",2019,267950.0
51017,"Bath, VA",2020,291735.0
51017,"Bath, VA",2021,301266.0
51017,"Bath, VA",2022,300594.0
51017,"Bath, VA",2023,321675.0
51017,"Bath, VA",2024,344904.0
51019,"Bedford, VA*",2019,3778986.0
51019,"Bedford, VA*",2020,4010403.0
51019,"Bedford, VA*",2021,4320478.0
51019,"Bedford, VA*",2022,4426407.0
51019,"Bedford, VA*",2023,4712165.0
51019,"Bedford, VA*",2024,4936811.0
51021,"Bland, VA",2019,233507.0
51021,"Bland, VA",2020,246503.0
51021,"Bland, VA",2021,262782.0
51021,"Bland, VA",2022,270327.0
51021,"Bland, VA",2023,296400.0
51021,"Bland, VA",2024,307562.0
51023,"Botetourt, VA",2019,1714148.0
51023,"Botetourt, VA",2020,1852335.0
51023,"Botetourt, VA",2021,1983882.0
51023,"Botetourt, VA",2022,2040800.0
51023,"Botetourt, VA",2023,2165460.0
51023,"Botetourt, VA",2024,2279772.0
51025,"Brunswick, VA",2019,532630.0
51025,"Brunswick, VA",2020,581104.0
51025,"Brunswick, VA",2021,644255.0
51025,"Brunswick, VA",2022,669822.0
51025,"Brunswick, VA",2023,717308.0
51025,"Brunswick, VA",2024,747699.0
51027,"Buchanan, VA",2019,764724.0
51027,"Buchanan, VA",2020,803243.0
51027,"Buchanan, VA",2021,863455.0
51027,"Buchanan, VA",2022,888387.0
51027,"Buchanan, VA",2023,962543.0
51027,"Buchanan, VA",2024,977531.0
51029,"Buckingham, VA",2019,524236.0
51029,"Buckingham, VA",2020,568635.0
51029,"Buckingham, VA",2021,639533.0
51029,"Buckingham, VA",2022,675747.0
51029,"Buckingham, VA",2023,674845.0
51029,"Buckingham, VA",2024,706321.0
51033,"Caroline, VA",2019,1331824.0
51033,"Caroline, VA",2020,1441502.0
51033,"Caroline, VA",2021,1596901.0
51033,"Caroline, VA",2022,1646898.0
51033,"Caroline, VA",2023,1782866.0
51033,"Caroline, VA",2024,1903008.0
51036,"Charles City, VA",2019,340495.0
51036,"Charles City, VA",2020,365921.0
51036,"Charles City, VA",2021,395609.0
51036,"Charles City, VA",2022,387956.0
51036,"Charles City, VA",2023,422614.0
51036,"Charles City, VA",2024,449955.0
51037,"Charlotte, VA",2019,420251.0
51037,"Charlotte, VA",2020,455043.0
51037,"Charlotte, VA",2021,514615.0
51037,"Charlotte, VA",2022,533586.0
51037,"Charlotte, VA",2023,543376.0
51037,"Charlotte, VA",2024,554868.0
51041,"Chesterfield, VA",2019,19545707.0
51041,"Chesterfield, VA",2020,21267921.0
51041,"Chesterfield, VA",2021,23150174.0
51041,"Chesterfield, VA",2022,23817961.0
51041,"Chesterfield, VA",2023,25543029.0
51041,"Chesterfield, VA",2024,27043021.0
51043,"Clarke, VA",2019,990718.0
51043,"Clarke, VA",2020,1017976.0
51043,"Clarke, VA",2021,1131480.0
51043,"Clarke, VA",2022,1179618.0
51043,"Clarke, VA",2023,1266403.0
51043,"Clarke, VA",2024,1344557.0
51045,"Craig, VA",2019,198839.0
51045,"Craig, VA",2020,208272.0
51045,"Craig, VA",2021,229479.0
51045,"Craig, VA",2022,231746.0
51045,"Craig, VA",2023,243007.0
51045,"Craig, VA",2024,254548.0
51047,"Culpeper, VA",2019,2537179.0
51047,"Culpeper, VA",2020,2724337.0
51047,"Culpeper, VA",2021,2935802.0
51047,"Culpeper, VA",2022,3085829.0
51047,"Culpeper, VA",2023,3306270.0
51047,"Culpeper, VA",2024,3523843.0
51049,"Cumberland, VA",2019,372237.0
51049,"Cumberland, VA",2020,394724.0
51049,"Cumberland, VA",2021,441351.0
51049,"Cumberland, VA",2022,459975.0
51049,"Cumberland, VA",2023,475492.0
51049,"Cumberland, VA",2024,510285.0
51051,"Dickenson, VA",2019,479305.0
51051,"Dickenson, VA",2020,523165.0
51051,"Dickenson, VA",2021,563489.0
51051,"Dickenson, VA",2022,580075.0
51051,"Dickenson, VA",2023,618393.0
51051,"Dickenson, VA",2024,624777.0
51057,"Essex, VA",2019,464363.0
51057,"Essex, VA",2020,507291.0
51057,"Essex, VA",2021,547543.0
51057,"Essex, VA",2022,564562.0
51057,"Essex, VA",2023,600845.0
51057,"Essex, VA",2024,628818.0
51061,"Fauquier, VA",2019,5146600.0
51061,"Fauquier, VA",2020,5332631.0
51061,"Fauquier, VA",2021,5906626.0
51061,"Fauquier, VA",2022,6112775.0
51061,"Fauquier, VA",2023,6505072.0
51061,"Fauquier, VA",2024,6873136.0
51063,"Floyd, VA",2019,616497.0
51063,"Floyd, VA",2020,665980.0
51063,"Floyd, VA",2021,748572.0
51063,"Floyd, VA",2022,768326.0
51063,"Floyd, VA",2023,821793.0
51063,"Floyd, VA",2024,856647.0
51065,"Fluvanna, VA",2022,1507390.0
51065,"Fluvanna, VA",2023,1637890.0
51065,"Fluvanna, VA",2024,1743442.0
51065,"Fluvanna, VA",2019,1253502.0
51065,"Fluvanna, VA",2020,1320197.0
51065,"Fluvanna, VA",2021,1462950.0
51067,"Franklin, VA",2019,2371533.0
51067,"Franklin, VA",2020,2530022.0
51067,"Franklin, VA",2021,2805239.0
51067,"Franklin, VA",2022,2896699.0
51067,"Franklin, VA",2023,3076877.0
51067,"Franklin, VA",2024,3240971.0
51071,"Giles, VA",2019,673875.0
51071,"Giles, VA",2020,729550.0
51071,"Giles, VA",2021,799923.0
51071,"Giles, VA",2022,816534.0
51071,"Giles, VA",2023,874444.0
51071,"Giles, VA",2024,911821.0
51073,"Gloucester, VA",2019,1887332.0
51073,"Gloucester, VA",2020,2027687.0
51073,"Gloucester, VA",2021,2216938.0
51073,"Gloucester, VA",2022,2268262.0
51073,"Gloucester, VA",2023,2457946.0
51073,"Gloucester, VA",2024,2597290.0
51075,"Goochland, VA",2019,2440366.0
51075,"Goochland, VA",2020,2473994.0
51075,"Goochland, VA",2021,2846939.0
51075,"Goochland, VA",2022,3106414.0
51075,"Goochland, VA",2023,3432890.0
51075,"Goochland, VA",2024,3685112.0
51077,"Grayson, VA",2019,490549.0
51077,"Grayson, VA",2020,535109.0
51077,"Grayson, VA",2021,587786.0
51077,"Grayson, VA",2022,602985.0
51077,"Grayson, VA",2023,629952.0
51077,"Grayson, VA",2024,659761.0
51079,"Greene, VA",2019,902801.0
51079,"Greene, VA",2020,961536.0
51079,"Greene, VA",2021,1060015.0
51079,"Greene, VA",2022,1102930.0
51079,"Greene, VA",2023,1195894.0
51079,"Greene, VA",2024,1279011.0
51083,"Halifax, VA",2019,1248801.0
51083,"Halifax, VA",2020,1343910.0
51083,"Halifax, VA",2021,1473130.0
51083,"Halifax, VA",2022,1521828.0
51083,"Halifax, VA",2023,1598678.0
51083,"Halifax, VA",2024,1648976.0
51085,"Hanover, VA",2019,6659284.0
51085,"Hanover, VA",2020,7160064.0
51085,"Hanover, VA",2021,7785929.0
51085,"Hanover, VA",2022,8218099.0
51085,"Hanover, VA",2023,8901629.0
51085,"Hanover, VA",2024,9401480.0
51087,"Henrico, VA",2019,22490533.0
51087,"Henrico, VA",2020,23249639.0
51087,"Henrico, VA",2021,25030107.0
51087,"Henrico, VA",2022,24731250.0
51087,"Henrico, VA",2023,26145309.0
51087,"Henrico, VA",2024,27452506.0
51091,"Highland, VA",2019,95067.0
51091,"Highland, VA",2020,99598.0
51091,"Highland, VA",2021,114868.0
51091,"Highland, VA",2022,120755.0
51091,"Highland, VA",2023,121534.0
51091,"Highland, VA",2024,129665.0
51093,"Isle of Wight, VA",2019,2114589.0
51093,"Isle of Wight, VA",2020,2254563.0
51093,"Isle of Wight, VA",2021,2469365.0
51093,"Isle of Wight, VA",2022,2576316.0
51093,"Isle of Wight, VA",2023,2753509.0
51093,"Isle of Wight, VA",2024,2895166.0
51097,"King and Queen, VA",2019,312922.0
51097,"King and Queen, VA",2020,336886.0
51097,"King and Queen, VA",2021,366877.0
51097,"King and Queen, VA",2022,376784.0
51097,"King and Queen, VA",2023,405251.0
51097,"King and Queen, VA",2024,437750.0
51099,"King George, VA",2019,1468960.0
51099,"King George, VA",2020,1581682.0
51099,"King George, VA",2021,1739543.0
51099,"King George, VA",2022,1749580.0
51099,"King George, VA",2023,1897430.0
51099,"King George, VA",2024,2006219.0
51101,"King William, VA",2019,823623.0
51101,"King William, VA",2020,896154.0
51101,"King William, VA",2021,982687.0
51101,"King William, VA",2022,1016546.0
51101,"King William, VA",2023,1113634.0
51101,"King William, VA",2024,1187656.0
51103,"Lancaster, VA",2019,682389.0
51103,"Lancaster, VA",2020,715853.0
51103,"Lancaster, VA",2021,779401.0
51103,"Lancaster, VA",2022,834239.0
51103,"Lancaster, VA",2023,904815.0
51103,"Lancaster, VA",2024,945654.0
51105,"Lee, VA",2019,703816.0
51105,"Lee, VA",2020,771715.0
51105,"Lee, VA",2021,838134.0
51105,"Lee, VA",2022,866072.0
51105,"Lee, VA",2023,914465.0
51105,"Lee, VA",2024,940742.0
51107,"Loudoun, VA",2019,34009530.0
51107,"Loudoun, VA",2020,36012822.0
51107,"Loudoun, VA",2021,39567122.0
51107,"Loudoun, VA",2022,41575115.0
51107,"Loudoun, VA",2023,44426105.0
51107,"Loudoun, VA",2024,47224510.0
51109,"Louisa, VA",2019,1641671.0
51109,"Louisa, VA",2020,1763927.0
51109,"Louisa, VA",2021,1981681.0
51109,"Louisa, VA",2022,2055739.0
51109,"Louisa, VA",2023,2189032.0
51109,"Louisa, VA",2024,2294186.0
51111,"Lunenburg, VA",2019,395451.0
51111,"Lunenburg, VA",2020,435488.0
51111,"Lunenburg, VA",2021,475442.0
51111,"Lunenburg, VA",2022,472719.0
51111,"Lunenburg, VA",2023,499121.0
51111,"Lunenburg, VA",2024,517792.0
51113,"Madison, VA",2019,653437.0
51113,"Madison, VA",2020,707828.0
51113,"Madison, VA",2021,780034.0
51113,"Madison, VA",2022,800395.0
51113,"Madison, VA",2023,854245.0
51113,"Madison, VA",2024,909098.0
51115,"Mathews, VA",2019,503238.0
51115,"Mathews, VA",2020,526019.0
51115,"Mathews, VA",2021,564251.0
51115,"Mathews, VA",2022,578219.0
51115,"Mathews, VA",2023,628782.0
51115,"Mathews, VA",2024,658643.0
51117,"Mecklenburg, VA",2019,1146305.0
51117,"Mecklenburg, VA",2020,1256574.0
51117,"Mecklenburg, VA",2021,1409888.0
51117,"Mecklenburg, VA",2022,1424097.0
51117,"Mecklenburg, VA",2023,1509789.0
51117,"Mecklenburg, VA",2024,1599162.0
51119,"Middlesex, VA",2019,579539.0
51119,"Middlesex, VA",2020,607807.0
51119,"Middlesex, VA",2021,656723.0
51119,"Middlesex, VA",2022,681767.0
51119,"Middlesex, VA",2023,738254.0
51119,"Middlesex, VA",2024,774881.0
51125,"Nelson, VA",2019,789675.0
51125,"Nelson, VA",2020,850309.0
51125,"Nelson, VA",2021,936724.0
51125,"Nelson, VA",2022,937953.0
51125,"Nelson, VA",2023,1005467.0
51125,"Nelson, VA",2024,1059847.0
51127,"New Kent, VA",2019,1836406.0
51127,"New Kent, VA",2020,1983081.0
51127,"New Kent, VA",2021,2321216.0
51127,"New Kent, VA",2022,2880815.0
51127,"New Kent, VA",2023,3204861.0
51127,"New Kent, VA",2024,3498699.0
51131,"Northampton, VA",2019,663295.0
51131,"Northampton, VA",2020,722542.0
51131,"Northampton, VA",2021,822662.0
51131,"Northampton, VA",2022,791949.0
51131,"Northampton, VA",2023,812976.0
51131,"Northampton, VA",2024,846035.0
51133,"Northumberland, VA",2019,635876.0
51133,"Northumberland, VA",2020,675089.0
51133,"Northumberland, VA",2021,730654.0
51133,"Northumberland, VA",2022,754093.0
51133,"Northumberland, VA",2023,821875.0
51133,"Northumberland, VA",2024,865529.0
51135,"Nottoway, VA",2019,537325.0
51135,"Nottoway, VA",2020,579345.0
51135,"Nottoway, VA",2021,668767.0
51135,"Nottoway, VA",2022,702491.0
51135,"Nottoway, VA",2023,727153.0
51135,"Nottoway, VA",2024,747975.0
51137,"Orange, VA",2019,1875241.0
51137,"Orange, VA",2020,2024564.0
51137,"Orange, VA",2021,2205476.0
51137,"Orange, VA",2022,2276936.0
51137,"Orange, VA",2023,2461738.0
51137,"Orange, VA",2024,2582805.0
51139,"Page, VA",2019,932588.0
51139,"Page, VA",2020,994212.0
51139,"Page, VA",2021,1112601.0
51139,"Page, VA",2022,1164869.0
51139,"Page, VA",2023,1188576.0
51139,"Page, VA",2024,1249398.0
51141,"Patrick, VA",2019,590296.0
51141,"Patrick, VA",2020,639348.0
51141,"Patrick, VA",2021,693275.0
51141,"Patrick, VA",2022,715930.0
51141,"Patrick, VA",2023,755162.0
51141,"Patrick, VA",2024,787089.0
51145,"Powhatan, VA",2019,1809249.0
51145,"Powhatan, VA",2020,1892350.0
51145,"Powhatan, VA",2021,2031808.0
51145,"Powhatan, VA",2022,2155349.0
51145,"Powhatan, VA",2023,2314820.0
51145,"Powhatan, VA",2024,2444319.0
51147,"Prince Edward, VA",2019,724127.0
51147,"Prince Edward, VA",2020,784285.0
51147,"Prince Edward, VA",2021,863625.0
51147,"Prince Edward, VA",2022,877590.0
51147,"Prince Edward, VA",2023,930775.0
51147,"Prince Edward, VA",2024,964203.0
51155,"Pulaski, VA",2019,1335728.0
51155,"Pulaski, VA",2020,1457923.0
51155,"Pulaski, VA",2021,1574985.0
51155,"Pulaski, VA",2022,1631252.0
51155,"Pulaski, VA",2023,1739171.0
51155,"Pulaski, VA",2024,1808956.0
51157,"Rappahannock, VA",2019,501303.0
51157,"Rappahannock, VA",2020,512221.0
51157,"Rappahannock, VA",2021,573845.0
51157,"Rappahannock, VA",2022,625300.0
51157,"Rappahannock, VA",2023,674495.0
51157,"Rappahannock, VA",2024,711542.0
51159,"Richmond, VA",2019,333775.0
51159,"Richmond, VA",2020,370471.0
51159,"Richmond, VA",2021,395942.0
51159,"Richmond, VA",2022,392134.0
51159,"Richmond, VA",2023,415325.0
51159,"Richmond, VA",2024,436642.0
51167,"Russell, VA",2019,889218.0
51167,"Russell, VA",2020,955463.0
51167,"Russell, VA",2021,1020841.0
51167,"Russell, VA",2022,1060289.0
51167,"Russell, VA",2023,1127079.0
51167,"Russell, VA",2024,1150666.0
51169,"Scott, VA",2019,722703.0
51169,"Scott, VA",2020,776553.0
51169,"Scott, VA",2021,847577.0
51169,"Scott, VA",2022,894344.0
51169,"Scott, VA",2023,940030.0
51169,"Scott, VA",2024,963853.0
51171,"Shenandoah, VA",2019,2022463.0
51171,"Shenandoah, VA",2020,2183050.0
51171,"Shenandoah, VA",2021,2459338.0
51171,"Shenandoah, VA",2022,2493472.0
51171,"Shenandoah, VA",2023,2602856.0
51171,"Shenandoah, VA",2024,2719311.0
51173,"Smyth, VA",2019,1112521.0
51173,"Smyth, VA",2020,1198033.0
51173,"Smyth, VA",2021,1312222.0
51173,"Smyth, VA",2022,1331062.0
51173,"Smyth, VA",2023,1415193.0
51173,"Smyth, VA",2024,1474817.0
51179,"Stafford, VA",2019,8628058.0
51179,"Stafford, VA",2020,9292537.0
51179,"Stafford, VA",2021,10157230.0
51179,"Stafford, VA",2022,10417255.0
51179,"Stafford, VA",2023,11115519.0
51179,"Stafford, VA",2024,11877286.0
51181,"Surry, VA",2019,280512.0
51181,"Surry, VA",2020,303626.0
51181,"Surry, VA",2021,344449.0
51181,"Surry, VA",2022,347215.0
51181,"Surry, VA",2023,365524.0
51181,"Surry, VA",2024,382975.0
51183,"Sussex, VA",2019,350148.0
51183,"Sussex, VA",2020,373455.0
51183,"Sussex, VA",2021,410792.0
51183,"Sussex, VA",2022,406430.0
51183,"Sussex, VA",2023,427861.0
51183,"Sussex, VA",2024,441215.0
51185,"Tazewell, VA",2019,1527274.0
51185,"Tazewell, VA",2020,1629367.0
51185,"Tazewell, VA",2021,1728535.0
51185,"Tazewell, VA",2022,1809771.0
51185,"Tazewell, VA",2023,1921020.0
51185,"Tazewell, VA",2024,2005649.0
51187,"Warren, VA",2019,1913970.0
51187,"Warren, VA",2020,2056508.0
51187,"Warren, VA",2021,2260910.0
51187,"Warren, VA",2022,2318630.0
51187,"Warren, VA",2023,2486918.0
51187,"Warren, VA",2024,2636820.0
51193,"Westmoreland, VA",2019,815334.0
51193,"Westmoreland, VA",2020,881487.0
51193,"Westmoreland, VA",2021,945053.0
51193,"Westmoreland, VA",2022,948800.0
51193,"Westmoreland, VA",2023,1031153.0
51193,"Westmoreland, VA",2024,1082403.0
51197,"Wythe, VA",2019,1023567.0
51197,"Wythe, VA",2020,1120150.0
51197,"Wythe, VA",2021,1226393.0
51197,"Wythe, VA",2022,1264144.0
51197,"Wythe, VA",2023,1334057.0
51197,"Wythe, VA",2024,1382362.0
51510,"Alexandria (Independent City), VA",2019,14010535.0
51510,"Alexandria (Independent City), VA",2020,14564944.0
51510,"Alexandria (Independent City), VA",2021,16176678.0
51510,"Alexandria (Independent City), VA",2022,16851721.0
51510,"Alexandria (Independent City), VA",2023,18069128.0
51510,"Alexandria (Independent City), VA",2024,19187988.0
51550,"Chesapeake (Independent City), VA",2019,12257988.0
51550,"Chesapeake (Independent City), VA",2020,13295069.0
51550,"Chesapeake (Independent City), VA",2021,14470562.0
51550,"Chesapeake (Independent City), VA",2022,14823961.0
51550,"Chesapeake (Independent City), VA",2023,15906631.0
51550,"Chesapeake (Independent City), VA",2024,16771375.0
51650,"Hampton (Independent City), VA",2019,5682170.0
51650,"Hampton (Independent City), VA",2020,6245415.0
51650,"Hampton (Independent City), VA",2021,6723113.0
51650,"Hampton (Independent City), VA",2022,6755323.0
51650,"Hampton (Independent City), VA",2023,7190376.0
51650,"Hampton (Independent City), VA",2024,7546820.0
51700,"Newport News (Independent City), VA",2019,7420949.0
51700,"Newport News (Independent City), VA",2020,8125042.0
51700,"Newport News (Independent City), VA",2021,8717449.0
51700,"Newport News (Independent City), VA",2022,8798111.0
51700,"Newport News (Independent City), VA",2023,9320380.0
51700,"Newport News (Independent City), VA",2024,9760622.0
51710,"Norfolk (Independent City), VA",2019,9487418.0
51710,"Norfolk (Independent City), VA",2020,10028540.0
51710,"Norfolk (Independent City), VA",2021,11091152.0
51710,"Norfolk (Independent City), VA",2022,11170014.0
51710,"Norfolk (Independent City), VA",2023,11342788.0
51710,"Norfolk (Independent City), VA",2024,11901371.0
51740,"Portsmouth (Independent City), VA",2019,3873431.0
51740,"Portsmouth (Independent City), VA",2020,4257360.0
51740,"Portsmouth (Independent City), VA",2021,4496121.0
51740,"Portsmouth (Independent City), VA",2022,4484623.0
51740,"Portsmouth (Independent City), VA",2023,4694780.0
51740,"Portsmouth (Independent City), VA",2024,4881301.0
51760,"Richmond (Independent City), VA",2019,12811377.0
51760,"Richmond (Independent City), VA",2020,14215461.0
51760,"Richmond (Independent City), VA",2021,15761483.0
51760,"Richmond (Independent City), VA",2022,16580932.0
51760,"Richmond (Independent City), VA",2023,17670931.0
51760,"Richmond (Independent City), VA",2024,18694109.0
51770,"Roanoke (Independent City), VA",2019,4178049.0
51770,"Roanoke (Independent City), VA",2020,4580541.0
51770,"Roanoke (Independent City), VA",2021,4962021.0
51770,"Roanoke (Independent City), VA",2022,5146300.0
51770,"Roanoke (Independent City), VA",2023,5478075.0
51770,"Roanoke (Independent City), VA",2024,5781953.0
51800,"Suffolk (Independent City), VA",2019,4795594.0
51800,"Suffolk (Independent City), VA",2020,5194648.0
51800,"Suffolk (Independent City), VA",2021,5759929.0
51800,"Suffolk (Independent City), VA",2022,6053898.0
51800,"Suffolk (Independent City), VA",2023,6527795.0
51800,"Suffolk (Independent City), VA",2024,6933844.0
51810,"Virginia Beach (Independent City), VA",2019,25808743.0
51810,"Virginia Beach (Independent City), VA",2020,27340024.0
51810,"Virginia Beach (Independent City), VA",2021,29741607.0
51810,"Virginia Beach (Independent City), VA",2022,30805135.0
51810,"Virginia Beach (Independent City), VA",2023,33004768.0
51810,"Virginia Beach (Independent City), VA",2024,34723065.0
51901,"Albemarle + Charlottesville, VA*",2019,11980938.0
51901,"Albemarle + Charlottesville, VA*",2020,12075576.0
51901,"Albemarle + Charlottesville, VA*",2021,14207144.0
51901,"Albemarle + Charlottesville, VA*",2022,15308257.0
51901,"Albemarle + Charlottesville, VA*",2023,16878483.0
51901,"Albemarle + Charlottesville, VA*",2024,17850944.0
51903,"Alleghany + Covington, VA*",2019,818239.0
51903,"Alleghany + Covington, VA*",2020,876955.0
51903,"Alleghany + Covington, VA*",2021,936148.0
51903,"Alleghany + Covington, VA*",2022,946727.0
51903,"Alleghany + Covington, VA*",2023,987774.0
51903,"Alleghany + Covington, VA*",2024,1015923.0
51907,"Augusta, Staunton + Waynesboro, VA*",2019,5568969.0
51907,"Augusta, Staunton + Waynesboro, VA*",2020,6046505.0
51907,"Augusta, Staunton + Waynesboro, VA*",2021,6521822.0
51907,"Augusta, Staunton + Waynesboro, VA*",2022,6800090.0
51907,"Augusta, Staunton + Waynesboro, VA*",2023,7156897.0
51907,"Augusta, Staunton + Waynesboro, VA*",2024,7511270.0
51911,"Campbell + Lynchburg, VA*",2019,5135640.0
51911,"Campbell + Lynchburg, VA*",2020,5602418.0
51911,"Campbell + Lynchburg, VA*",2021,6066546.0
51911,"Campbell + Lynchburg, VA*",2022,6197325.0
51911,"Campbell + Lynchburg, VA*",2023,6617819.0
51911,"Campbell + Lynchburg, VA*",2024,6881080.0
51913,"Carroll + Galax, VA*",2019,1306879.0
51913,"Carroll + Galax, VA*",2020,1446915.0
51913,"Carroll + Galax, VA*",2021,1556361.0
51913,"Carroll + Galax, VA*",2022,1625907.0
51913,"Carroll + Galax, VA*",2023,1731078.0
51913,"Carroll + Galax, VA*",2024,1822175.0
51918,"Dinwiddie, Colonial Heights + Petersburg, VA*",2019,3099700.0
51918,"Dinwiddie, Colonial Heights + Petersburg, VA*",2020,3443594.0
51918,"Dinwiddie, Colonial Heights + Petersburg, VA*",2021,3682478.0
51918,"Dinwiddie, Colonial Heights + Petersburg, VA*",2022,3758770.0
51918,"Dinwiddie, Colonial Heights + Petersburg, VA*",2023,3999353.0
51918,"Dinwiddie, Colonial Heights + Petersburg, VA*",2024,4186421.0
51919,"Fairfax, Fairfax City + Falls Church, VA*",2019,101707190.0
51919,"Fairfax, Fairfax City + Falls Church, VA*",2020,104435417.0
51919,"Fairfax, Fairfax City + Falls Church, VA*",2021,115406271.0
51919,"Fairfax, Fairfax City + Falls Church, VA*",2022,120873365.0
51919,"Fairfax, Fairfax City + Falls Church, VA*",2023,129931785.0
51919,"Fairfax, Fairfax City + Falls Church, VA*",2024,137459424.0
51921,"Frederick + Winchester, VA*",2019,6150219.0
51921,"Frederick + Winchester, VA*",2020,6587022.0
51921,"Frederick + Winchester, VA*",2021,7379791.0
51921,"Frederick + Winchester, VA*",2022,7515346.0
51921,"Frederick + Winchester, VA*",2023,7960584.0
51921,"Frederick + Winchester, VA*",2024,8480465.0
51923,"Greensville + Emporia, VA*",2019,540851.0
51923,"Greensville + Emporia, VA*",2020,599386.0
51923,"Greensville + Emporia, VA*",2021,667482.0
51923,"Greensville + Emporia, VA*",2022,670769.0
51923,"Greensville + Emporia, VA*",2023,703691.0
51923,"Greensville + Emporia, VA*",2024,726574.0
51929,"Henry + Martinsville, VA*",2019,2480180.0
51929,"Henry + Martinsville, VA*",2020,2694215.0
51929,"Henry + Martinsville, VA*",2021,2922987.0
51929,"Henry + Martinsville, VA*",2022,2983536.0
51929,"Henry + Martinsville, VA*",2023,3148264.0
51929,"Henry + Martinsville, VA*",2024,3250366.0
51931,"James City + Williamsburg, VA*",2019,5928428.0
51931,"James City + Williamsburg, VA*",2020,6345041.0
51931,"James City + Williamsburg, VA*",2021,7058455.0
51931,"James City + Williamsburg, VA*",2022,7344955.0
51931,"James City + Williamsburg, VA*",2023,7904834.0
51931,"James City + Williamsburg, VA*",2024,8346274.0
51933,"Montgomery + Radford, VA*",2019,4394613.0
51933,"Montgomery + Radford, VA*",2020,4629769.0
51933,"Montgomery + Radford, VA*",2021,5058792.0
51933,"Montgomery + Radford, VA*",2022,5320329.0
51933,"Montgomery + Radford, VA*",2023,5772378.0
51933,"Montgomery + Radford, VA*",2024,6039450.0
51939,"Pittsylvania + Danville, VA*",2019,3848445.0
51939,"Pittsylvania + Danville, VA*",2020,4183322.0
51939,"Pittsylvania + Danville, VA*",2021,4526834.0
51939,"Pittsylvania + Danville, VA*",2022,4650461.0
51939,"Pittsylvania + Danville, VA*",2023,4927172.0
51939,"Pittsylvania + Danville, VA*",2024,5119333.0
51941,"Prince George + Hopewell, VA*",2019,2310287.0
51941,"Prince George + Hopewell, VA*",2020,2512071.0
51941,"Prince George + Hopewell, VA*",2021,2624155.0
51941,"Prince George + Hopewell, VA*",2022,2666757.0
51941,"Prince George + Hopewell, VA*",2023,2816562.0
51941,"Prince George + Hopewell, VA*",2024,2958230.0
51942,"Prince William, Manassas + Manassas Park, VA*",2019,29771401.0
51942,"Prince William, Manassas + Manassas Park, VA*",2020,31730013.0
51942,"Prince William, Manassas + Manassas Park, VA*",2021,33934344.0
51942,"Prince William, Manassas + Manassas Park, VA*",2022,35200786.0
51942,"Prince William, Manassas + Manassas Park, VA*",2023,37274885.0
51942,"Prince William, Manassas + Manassas Park, VA*",2024,39538913.0
51944,"Roanoke + Salem, VA*",2019,6160759.0
51944,"Roanoke + Salem, VA*",2020,6533110.0
51944,"Roanoke + Salem, VA*",2021,7006713.0
51944,"Roanoke + Salem, VA*",2022,7293956.0
51944,"Roanoke + Salem, VA*",2023,7786857.0
51944,"Roanoke + Salem, VA*",2024,8206715.0
51945,"Rockbridge, Buena Vista + Lexington, VA*",2019,1492495.0
51945,"Rockbridge, Buena Vista + Lexington, VA*",2020,1597733.0
51945,"Rockbridge, Buena Vista + Lexington, VA*",2021,1765235.0
51945,"Rockbridge, Buena Vista + Lexington, VA*",2022,1755195.0
51945,"Rockbridge, Buena Vista + Lexington, VA*",2023,1908077.0
51945,"Rockbridge, Buena Vista + Lexington, VA*",2024,2016947.0
51947,"Rockingham + Harrisonburg, VA*",2019,5489223.0
51947,"Rockingham + Harrisonburg, VA*",2020,5803079.0
51947,"Rockingham + Harrisonburg, VA*",2021,6590406.0
51947,"Rockingham + Harrisonburg, VA*",2022,6967514.0
51947,"Rockingham + Harrisonburg, VA*",2023,7106949.0
51947,"Rockingham + Harrisonburg, VA*",2024,7451480.0
51949,"Southampton + Franklin, VA*",2019,1102776.0
51949,"Southampton + Franklin, VA*",2020,1189717.0
51949,"Southampton + Franklin, VA*",2021,1300298.0
51949,"Southampton + Franklin, VA*",2022,1321823.0
51949,"Southampton + Franklin, VA*",2023,1385235.0
51949,"Southampton + Franklin, VA*",2024,1411824.0
51951,"Spotsylvania + Fredericksburg, VA*",2019,8649771.0
51951,"Spotsylvania + Fredericksburg, VA*",2020,9393417.0
51951,"Spotsylvania + Fredericksburg, VA*",2021,10492790.0
51951,"Spotsylvania + Fredericksburg, VA*",2022,10768991.0
51951,"Spotsylvania + Fredericksburg, VA*",2023,11574687.0
51951,"Spotsylvania + Fredericksburg, VA*",2024,12365129.0
51953,"Washington + Bristol, VA*",2019,2853089.0
51953,"Washington + Bristol, VA*",2020,3067246.0
51953,"Washington + Bristol, VA*",2021,3336221.0
51953,"Washington + Bristol, VA*",2022,3432185.0
51953,"Washington + Bristol, VA*",2023,3657993.0
51953,"Washington + Bristol, VA*",2024,3823284.0
51955,"Wise + Norton, VA*",2019,1353553.0
51955,"Wise + Norton, VA*",2020,1476283.0
51955,"Wise + Norton, VA*",2021,1607421.0
51955,"Wise + Norton, VA*",2022,1644044.0
51955,"Wise + Norton, VA*",2023,1731637.0
51955,"Wise + Norton, VA*",2024,1767831.0
51958,"York + Poquoson, VA*",2019,4836138.0
51958,"York + Poquoson, VA*",2020,5064158.0
51958,"York + Poquoson, VA*",2021,5557444.0
51958,"York + Poquoson, VA*",2022,5715995.0
51958,"York + Poquoson, VA*",2023,6066645.0
51958,"York + Poquoson, VA*",2024,6417152.0
53001,"Adams, WA",2019,810246.0
53001,"Adams, WA",2020,886725.0
53001,"Adams, WA",2021,1011311.0
53001,"Adams, WA",2022,1079110.0
53001,"Adams, WA",2023,1134544.0
53001,"Adams, WA",2024,1183686.0
53003,"Asotin, WA",2019,1047925.0
53003,"Asotin, WA",2020,1117435.0
53003,"Asotin, WA",2021,1205422.0
53003,"Asotin, WA",2022,1213772.0
53003,"Asotin, WA",2023,1288863.0
53003,"Asotin, WA",2024,1366587.0
53005,"Benton, WA",2019,9837388.0
53005,"Benton, WA",2020,10588726.0
53005,"Benton, WA",2021,11532460.0
53005,"Benton, WA",2022,11601137.0
53005,"Benton, WA",2023,12396171.0
53005,"Benton, WA",2024,13080579.0
53007,"Chelan, WA",2019,4207723.0
53007,"Chelan, WA",2020,4625423.0
53007,"Chelan, WA",2021,4979859.0
53007,"Chelan, WA",2022,5141759.0
53007,"Chelan, WA",2023,5622607.0
53007,"Chelan, WA",2024,5909252.0
53009,"Clallam, WA",2019,3636494.0
53009,"Clallam, WA",2020,3925339.0
53009,"Clallam, WA",2021,4276990.0
53009,"Clallam, WA",2022,4332783.0
53009,"Clallam, WA",2023,4644221.0
53009,"Clallam, WA",2024,4949951.0
53011,"Clark, WA",2019,27277918.0
53011,"Clark, WA",2020,28979436.0
53011,"Clark, WA",2021,32713061.0
53011,"Clark, WA",2022,33967647.0
53011,"Clark, WA",2023,35948929.0
53011,"Clark, WA",2024,37976001.0
53013,"Columbia, WA",2019,207571.0
53013,"Columbia, WA",2020,226848.0
53013,"Columbia, WA",2021,247980.0
53013,"Columbia, WA",2022,241830.0
53013,"Columbia, WA",2023,251370.0
53013,"Columbia, WA",2024,256298.0
53015,"Cowlitz, WA",2019,5042284.0
53015,"Cowlitz, WA",2020,5520480.0
53015,"Cowlitz, WA",2021,6054645.0
53015,"Cowlitz, WA",2022,6188528.0
53015,"Cowlitz, WA",2023,6485492.0
53015,"Cowlitz, WA",2024,6801225.0
53017,"Douglas, WA",2019,1777938.0
53017,"Douglas, WA",2020,1966585.0
53017,"Douglas, WA",2021,2177638.0
53017,"Douglas, WA",2022,2197309.0
53017,"Douglas, WA",2023,2354404.0
53017,"Douglas, WA",2024,2472639.0
53019,"Ferry, WA",2019,274228.0
53019,"Ferry, WA",2020,312177.0
53019,"Ferry, WA",2021,339957.0
53019,"Ferry, WA",2022,334391.0
53019,"Ferry, WA",2023,353350.0
53019,"Ferry, WA",2024,380587.0
53021,"Franklin, WA",2019,3737762.0
53021,"Franklin, WA",2020,4132290.0
53021,"Franklin, WA",2021,4618900.0
53021,"Franklin, WA",2022,4607399.0
53021,"Franklin, WA",2023,4860390.0
53021,"Franklin, WA",2024,5116080.0
53023,"Garfield, WA",2019,110712.0
53023,"Garfield, WA",2020,130298.0
53023,"Garfield, WA",2021,133840.0
53023,"Garfield, WA",2022,139627.0
53023,"Garfield, WA",2023,133803.0
53023,"Garfield, WA",2024,135341.0
53025,"Grant, WA",2019,3982892.0
53025,"Grant, WA",2020,4589143.0
53025,"Grant, WA",2021,4940642.0
53025,"Grant, WA",2022,5008104.0
53025,"Grant, WA",2023,5184499.0
53025,"Grant, WA",2024,5467291.0
53027,"Grays Harbor, WA",2019,3031652.0
53027,"Grays Harbor, WA",2020,3308613.0
53027,"Grays Harbor, WA",2021,3617933.0
53027,"Grays Harbor, WA",2022,3621009.0
53027,"Grays Harbor, WA",2023,3890547.0
53027,"Grays Harbor, WA",2024,4130561.0
53029,"Island, WA",2019,4813633.0
53029,"Island, WA",2020,5168356.0
53029,"Island, WA",2021,5570204.0
53029,"Island, WA",2022,5683449.0
53029,"Island, WA",2023,6062697.0
53029,"Island, WA",2024,6406215.0
53031,"Jefferson, WA",2019,1752249.0
53031,"Jefferson, WA",2020,1867236.0
53031,"Jefferson, WA",2021,2046289.0
53031,"Jefferson, WA",2022,2147455.0
53031,"Jefferson, WA",2023,2314778.0
53031,"Jefferson, WA",2024,2474419.0
53033,"King, WA",2019,210577444.0
53033,"King, WA",2020,224794771.0
53033,"King, WA",2021,249007081.0
53033,"King, WA",2022,259576553.0
53033,"King, WA",2023,281743118.0
53033,"King, WA",2024,301147697.0
53035,"Kitsap, WA",2019,15859880.0
53035,"Kitsap, WA",2020,17200634.0
53035,"Kitsap, WA",2021,18434693.0
53035,"Kitsap, WA",2022,19090719.0
53035,"Kitsap, WA",2023,20423941.0
53035,"Kitsap, WA",2024,21828140.0
53037,"Kittitas, WA",2019,2034078.0
53037,"Kittitas, WA",2020,2270862.0
53037,"Kittitas, WA",2021,2461613.0
53037,"Kittitas, WA",2022,2536335.0
53037,"Kittitas, WA",2023,2727469.0
53037,"Kittitas, WA",2024,2869940.0
53039,"Klickitat, WA",2019,1113874.0
53039,"Klickitat, WA",2020,1178843.0
53039,"Klickitat, WA",2021,1255427.0
53039,"Klickitat, WA",2022,1281990.0
53039,"Klickitat, WA",2023,1372654.0
53039,"Klickitat, WA",2024,1453289.0
53041,"Lewis, WA",2019,3609597.0
53041,"Lewis, WA",2020,4040786.0
53041,"Lewis, WA",2021,4375983.0
53041,"Lewis, WA",2022,4813401.0
53041,"Lewis, WA",2023,4825298.0
53041,"Lewis, WA",2024,5110317.0
53043,"Lincoln, WA",2019,490009.0
53043,"Lincoln, WA",2020,563205.0
53043,"Lincoln, WA",2021,601069.0
53043,"Lincoln, WA",2022,590103.0
53043,"Lincoln, WA",2023,613247.0
53043,"Lincoln, WA",2024,652813.0
53045,"Mason, WA",2019,2904634.0
53045,"Mason, WA",2020,3154331.0
53045,"Mason, WA",2021,3454168.0
53045,"Mason, WA",2022,3467210.0
53045,"Mason, WA",2023,3722074.0
53045,"Mason, WA",2024,3981803.0
53047,"Okanogan, WA",2019,1769673.0
53047,"Okanogan, WA",2020,1979426.0
53047,"Okanogan, WA",2021,2166793.0
53047,"Okanogan, WA",2022,2169596.0
53047,"Okanogan, WA",2023,2304961.0
53047,"Okanogan, WA",2024,2461702.0
53049,"Pacific, WA",2019,938632.0
53049,"Pacific, WA",2020,1027767.0
53049,"Pacific, WA",2021,1127071.0
53049,"Pacific, WA",2022,1134868.0
53049,"Pacific, WA",2023,1205264.0
53049,"Pacific, WA",2024,1273031.0
53051,"Pend Oreille, WA",2019,578144.0
53051,"Pend Oreille, WA",2020,629524.0
53051,"Pend Oreille, WA",2021,690465.0
53051,"Pend Oreille, WA",2022,701915.0
53051,"Pend Oreille, WA",2023,748720.0
53051,"Pend Oreille, WA",2024,790492.0
53053,"Pierce, WA",2019,47476182.0
53053,"Pierce, WA",2020,52018170.0
53053,"Pierce, WA",2021,55139207.0
53053,"Pierce, WA",2022,56659431.0
53053,"Pierce, WA",2023,60623378.0
53053,"Pierce, WA",2024,64388921.0
53055,"San Juan, WA",2019,1379016.0
53055,"San Juan, WA",2020,1449021.0
53055,"San Juan, WA",2021,1587154.0
53055,"San Juan, WA",2022,1617166.0
53055,"San Juan, WA",2023,1772910.0
53055,"San Juan, WA",2024,1866474.0
53057,"Skagit, WA",2019,6938481.0
53057,"Skagit, WA",2020,7595902.0
53057,"Skagit, WA",2021,8143147.0
53057,"Skagit, WA",2022,8313178.0
53057,"Skagit, WA",2023,8896538.0
53057,"Skagit, WA",2024,9477208.0
53059,"Skamania, WA",2019,600784.0
53059,"Skamania, WA",2020,656072.0
53059,"Skamania, WA",2021,756586.0
53059,"Skamania, WA",2022,787164.0
53059,"Skamania, WA",2023,832821.0
53059,"Skamania, WA",2024,878555.0
53061,"Snohomish, WA",2019,47923780.0
53061,"Snohomish, WA",2020,52293148.0
53061,"Snohomish, WA",2021,56576161.0
53061,"Snohomish, WA",2022,59007619.0
53061,"Snohomish, WA",2023,63482643.0
53061,"Snohomish, WA",2024,67787428.0
53063,"Spokane, WA",2019,24357961.0
53063,"Spokane, WA",2020,26626413.0
53063,"Spokane, WA",2021,29678229.0
53063,"Spokane, WA",2022,30514468.0
53063,"Spokane, WA",2023,32568244.0
53063,"Spokane, WA",2024,34363205.0
53065,"Stevens, WA",2019,1832758.0
53065,"Stevens, WA",2020,1993444.0
53065,"Stevens, WA",2021,2244735.0
53065,"Stevens, WA",2022,2258685.0
53065,"Stevens, WA",2023,2404985.0
53065,"Stevens, WA",2024,2552986.0
53067,"Thurston, WA",2019,15095024.0
53067,"Thurston, WA",2020,16414791.0
53067,"Thurston, WA",2021,17535530.0
53067,"Thurston, WA",2022,18368732.0
53067,"Thurston, WA",2023,19644133.0
53067,"Thurston, WA",2024,20984785.0
53069,"Wahkiakum, WA",2019,198764.0
53069,"Wahkiakum, WA",2020,212601.0
53069,"Wahkiakum, WA",2021,233330.0
53069,"Wahkiakum, WA",2022,237694.0
53069,"Wahkiakum, WA",2023,250616.0
53069,"Wahkiakum, WA",2024,260235.0
53071,"Walla Walla, WA",2019,2863484.0
53071,"Walla Walla, WA",2020,3128404.0
53071,"Walla Walla, WA",2021,3415603.0
53071,"Walla Walla, WA",2022,3408115.0
53071,"Walla Walla, WA",2023,3501331.0
53071,"Walla Walla, WA",2024,3661054.0
53073,"Whatcom, WA",2019,11533092.0
53073,"Whatcom, WA",2020,12272535.0
53073,"Whatcom, WA",2021,13226788.0
53073,"Whatcom, WA",2022,13654561.0
53073,"Whatcom, WA",2023,14638962.0
53073,"Whatcom, WA",2024,15418210.0
53075,"Whitman, WA",2019,1966721.0
53075,"Whitman, WA",2020,2097624.0
53075,"Whitman, WA",2021,2227395.0
53075,"Whitman, WA",2022,2250997.0
53075,"Whitman, WA",2023,2348922.0
53075,"Whitman, WA",2024,2474941.0
53077,"Yakima, WA",2019,10950268.0
53077,"Yakima, WA",2020,11918776.0
53077,"Yakima, WA",2021,12839586.0
53077,"Yakima, WA",2022,12787147.0
53077,"Yakima, WA",2023,13550462.0
53077,"Yakima, WA",2024,14144624.0
54001,"Barbour, WV",2019,553781.0
54001,"Barbour, WV",2020,590229.0
54001,"Barbour, WV",2021,635479.0
54001,"Barbour, WV",2022,638525.0
54001,"Barbour, WV",2023,661728.0
54001,"Barbour, WV",2024,687244.0
54003,"Berkeley, WV",2019,5281057.0
54003,"Berkeley, WV",2020,5765725.0
54003,"Berkeley, WV",2021,6462282.0
54003,"Berkeley, WV",2022,6665383.0
54003,"Berkeley, WV",2023,7187995.0
54003,"Berkeley, WV",2024,7795971.0
54005,"Boone, WV",2019,775430.0
54005,"Boone, WV",2020,835050.0
54005,"Boone, WV",2021,886065.0
54005,"Boone, WV",2022,874596.0
54005,"Boone, WV",2023,924132.0
54005,"Boone, WV",2024,954098.0
54007,"Braxton, WV",2019,455274.0
54007,"Braxton, WV",2020,486199.0
54007,"Braxton, WV",2021,501192.0
54007,"Braxton, WV",2022,492856.0
54007,"Braxton, WV",2023,520558.0
54007,"Braxton, WV",2024,539217.0
54009,"Brooke, WV",2019,946906.0
54009,"Brooke, WV",2020,1006063.0
54009,"Brooke, WV",2021,1094167.0
54009,"Brooke, WV",2022,1105245.0
54009,"Brooke, WV",2023,1125472.0
54009,"Brooke, WV",2024,1180011.0
54011,"Cabell, WV",2019,4074949.0
54011,"Cabell, WV",2020,4320229.0
54011,"Cabell, WV",2021,4624778.0
54011,"Cabell, WV",2022,4717348.0
54011,"Cabell, WV",2023,4999066.0
54011,"Cabell, WV",2024,5200499.0
54013,"Calhoun, WV",2019,221124.0
54013,"Calhoun, WV",2020,241185.0
54013,"Calhoun, WV",2021,258471.0
54013,"Calhoun, WV",2022,251483.0
54013,"Calhoun, WV",2023,266791.0
54013,"Calhoun, WV",2024,270259.0
54015,"Clay, WV",2019,278957.0
54015,"Clay, WV",2020,295068.0
54015,"Clay, WV",2021,310021.0
54015,"Clay, WV",2022,306502.0
54015,"Clay, WV",2023,322207.0
54015,"Clay, WV",2024,340523.0
54017,"Doddridge, WV",2019,262607.0
54017,"Doddridge, WV",2020,264969.0
54017,"Doddridge, WV",2021,289390.0
54017,"Doddridge, WV",2022,303336.0
54017,"Doddridge, WV",2023,312531.0
54017,"Doddridge, WV",2024,319693.0
54019,"Fayette, WV",2019,1565559.0
54019,"Fayette, WV",2020,1632269.0
54019,"Fayette, WV",2021,1774281.0
54019,"Fayette, WV",2022,1781420.0
54019,"Fayette, WV",2023,1885675.0
54019,"Fayette, WV",2024,1958764.0
54021,"Gilmer, WV",2019,236861.0
54021,"Gilmer, WV",2020,244309.0
54021,"Gilmer, WV",2021,268790.0
54021,"Gilmer, WV",2022,267986.0
54021,"Gilmer, WV",2023,277243.0
54021,"Gilmer, WV",2024,295087.0
54023,"Grant, WV",2019,428685.0
54023,"Grant, WV",2020,462817.0
54023,"Grant, WV",2021,508516.0
54023,"Grant, WV",2022,524683.0
54023,"Grant, WV",2023,530469.0
54023,"Grant, WV",2024,546536.0
54025,"Greenbrier, WV",2019,1381083.0
54025,"Greenbrier, WV",2020,1441586.0
54025,"Greenbrier, WV",2021,1527654.0
54025,"Greenbrier, WV",2022,1530876.0
54025,"Greenbrier, WV",2023,1621181.0
54025,"Greenbrier, WV",2024,1654336.0
54027,"Hampshire, WV",2019,882741.0
54027,"Hampshire, WV",2020,951109.0
54027,"Hampshire, WV",2021,1056806.0
54027,"Hampshire, WV",2022,1056122.0
54027,"Hampshire, WV",2023,1100783.0
54027,"Hampshire, WV",2024,1161440.0
54029,"Hancock, WV",2019,1260109.0
54029,"Hancock, WV",2020,1333572.0
54029,"Hancock, WV",2021,1435503.0
54029,"Hancock, WV",2022,1448894.0
54029,"Hancock, WV",2023,1515678.0
54029,"Hancock, WV",2024,1578391.0
54031,"Hardy, WV",2019,488975.0
54031,"Hardy, WV",2020,507602.0
54031,"Hardy, WV",2021,572622.0
54031,"Hardy, WV",2022,644970.0
54031,"Hardy, WV",2023,621675.0
54031,"Hardy, WV",2024,677103.0
54033,"Harrison, WV",2019,3394012.0
54033,"Harrison, WV",2020,3469336.0
54033,"Harrison, WV",2021,3747684.0
54033,"Harrison, WV",2022,3877590.0
54033,"Harrison, WV",2023,4097242.0
54033,"Harrison, WV",2024,4248468.0
54035,"Jackson, WV",2019,1114302.0
54035,"Jackson, WV",2020,1180532.0
54035,"Jackson, WV",2021,1249340.0
54035,"Jackson, WV",2022,1277676.0
54035,"Jackson, WV",2023,1353392.0
54035,"Jackson, WV",2024,1411014.0
54037,"Jefferson, WV",2019,3044441.0
54037,"Jefferson, WV",2020,3237132.0
54037,"Jefferson, WV",2021,3581414.0
54037,"Jefferson, WV",2022,3704145.0
54037,"Jefferson, WV",2023,3982679.0
54037,"Jefferson, WV",2024,4321656.0
54039,"Kanawha, WV",2019,8853648.0
54039,"Kanawha, WV",2020,9241303.0
54039,"Kanawha, WV",2021,9879413.0
54039,"Kanawha, WV",2022,10172992.0
54039,"Kanawha, WV",2023,10647086.0
54039,"Kanawha, WV",2024,11069789.0
54041,"Lewis, WV",2019,680720.0
54041,"Lewis, WV",2020,692795.0
54041,"Lewis, WV",2021,734621.0
54041,"Lewis, WV",2022,737730.0
54041,"Lewis, WV",2023,766042.0
54041,"Lewis, WV",2024,803347.0
54043,"Lincoln, WV",2019,659730.0
54043,"Lincoln, WV",2020,699273.0
54043,"Lincoln, WV",2021,745517.0
54043,"Lincoln, WV",2022,732146.0
54043,"Lincoln, WV",2023,777465.0
54043,"Lincoln, WV",2024,794367.0
54045,"Logan, WV",2019,1219205.0
54045,"Logan, WV",2020,1300411.0
54045,"Logan, WV",2021,1351741.0
54045,"Logan, WV",2022,1398213.0
54045,"Logan, WV",2023,1468912.0
54045,"Logan, WV",2024,1497832.0
54047,"McDowell, WV",2019,567833.0
54047,"McDowell, WV",2020,585934.0
54047,"McDowell, WV",2021,627223.0
54047,"McDowell, WV",2022,616813.0
54047,"McDowell, WV",2023,642634.0
54047,"McDowell, WV",2024,661238.0
54049,"Marion, WV",2019,2416457.0
54049,"Marion, WV",2020,2559762.0
54049,"Marion, WV",2021,2731093.0
54049,"Marion, WV",2022,2787348.0
54049,"Marion, WV",2023,2893681.0
54049,"Marion, WV",2024,2996989.0
54051,"Marshall, WV",2019,1295538.0
54051,"Marshall, WV",2020,1295291.0
54051,"Marshall, WV",2021,1418163.0
54051,"Marshall, WV",2022,1489909.0
54051,"Marshall, WV",2023,1517641.0
54051,"Marshall, WV",2024,1564548.0
54053,"Mason, WV",2019,925894.0
54053,"Mason, WV",2020,985375.0
54053,"Mason, WV",2021,1064880.0
54053,"Mason, WV",2022,1040576.0
54053,"Mason, WV",2023,1102292.0
54053,"Mason, WV",2024,1185062.0
54055,"Mercer, WV",2019,2287919.0
54055,"Mercer, WV",2020,2456686.0
54055,"Mercer, WV",2021,2656467.0
54055,"Mercer, WV",2022,2661776.0
54055,"Mercer, WV",2023,2810601.0
54055,"Mercer, WV",2024,2888052.0
54057,"Mineral, WV",2019,1158067.0
54057,"Mineral, WV",2020,1247111.0
54057,"Mineral, WV",2021,1355645.0
54057,"Mineral, WV",2022,1282533.0
54057,"Mineral, WV",2023,1334796.0
54057,"Mineral, WV",2024,1424785.0
54059,"Mingo, WV",2019,787730.0
54059,"Mingo, WV",2020,795847.0
54059,"Mingo, WV",2021,848324.0
54059,"Mingo, WV",2022,860961.0
54059,"Mingo, WV",2023,905903.0
54059,"Mingo, WV",2024,943287.0
54061,"Monongalia, WV",2019,4993474.0
54061,"Monongalia, WV",2020,5220226.0
54061,"Monongalia, WV",2021,5687748.0
54061,"Monongalia, WV",2022,5938728.0
54061,"Monongalia, WV",2023,6335609.0
54061,"Monongalia, WV",2024,6587011.0
54063,"Monroe, WV",2019,437366.0
54063,"Monroe, WV",2020,468871.0
54063,"Monroe, WV",2021,504712.0
54063,"Monroe, WV",2022,497780.0
54063,"Monroe, WV",2023,529937.0
54063,"Monroe, WV",2024,555549.0
54065,"Morgan, WV",2019,663064.0
54065,"Morgan, WV",2020,709928.0
54065,"Morgan, WV",2021,784367.0
54065,"Morgan, WV",2022,763121.0
54065,"Morgan, WV",2023,822287.0
54065,"Morgan, WV",2024,876255.0
54067,"Nicholas, WV",2019,872835.0
54067,"Nicholas, WV",2020,930978.0
54067,"Nicholas, WV",2021,992649.0
54067,"Nicholas, WV",2022,993971.0
54067,"Nicholas, WV",2023,1074105.0
54067,"Nicholas, WV",2024,1099078.0
54069,"Ohio, WV",2019,2523830.0
54069,"Ohio, WV",2020,2368356.0
54069,"Ohio, WV",2021,2649601.0
54069,"Ohio, WV",2022,2661003.0
54069,"Ohio, WV",2023,2785334.0
54069,"Ohio, WV",2024,2889707.0
54071,"Pendleton, WV",2019,260502.0
54071,"Pendleton, WV",2020,275186.0
54071,"Pendleton, WV",2021,307065.0
54071,"Pendleton, WV",2022,332983.0
54071,"Pendleton, WV",2023,319085.0
54071,"Pendleton, WV",2024,339671.0
54073,"Pleasants, WV",2019,331372.0
54073,"Pleasants, WV",2020,349764.0
54073,"Pleasants, WV",2021,370774.0
54073,"Pleasants, WV",2022,382988.0
54073,"Pleasants, WV",2023,402021.0
54073,"Pleasants, WV",2024,406138.0
54075,"Pocahontas, WV",2019,339791.0
54075,"Pocahontas, WV",2020,377752.0
54075,"Pocahontas, WV",2021,402324.0
54075,"Pocahontas, WV",2022,400035.0
54075,"Pocahontas, WV",2023,420368.0
54075,"Pocahontas, WV",2024,427558.0
54077,"Preston, WV",2019,1264072.0
54077,"Preston, WV",2020,1350002.0
54077,"Preston, WV",2021,1451997.0
54077,"Preston, WV",2022,1446887.0
54077,"Preston, WV",2023,1506656.0
54077,"Preston, WV",2024,1575383.0
54079,"Putnam, WV",2019,2752147.0
54079,"Putnam, WV",2020,2873383.0
54079,"Putnam, WV",2021,3096474.0
54079,"Putnam, WV",2022,3108001.0
54079,"Putnam, WV",2023,3305595.0
54079,"Putnam, WV",2024,3504009.0
54081,"Raleigh, WV",2019,3167432.0
54081,"Raleigh, WV",2020,3245927.0
54081,"Raleigh, WV",2021,3493571.0
54081,"Raleigh, WV",2022,3603635.0
54081,"Raleigh, WV",2023,3858696.0
54081,"Raleigh, WV",2024,4050437.0
54083,"Randolph, WV",2019,1103369.0
54083,"Randolph, WV",2020,1179621.0
54083,"Randolph, WV",2021,1271362.0
54083,"Randolph, WV",2022,1264953.0
54083,"Randolph, WV",2023,1332161.0
54083,"Randolph, WV",2024,1367669.0
54085,"Ritchie, WV",2019,383343.0
54085,"Ritchie, WV",2020,399817.0
54085,"Ritchie, WV",2021,439806.0
54085,"Ritchie, WV",2022,453529.0
54085,"Ritchie, WV",2023,460129.0
54085,"Ritchie, WV",2024,472869.0
54087,"Roane, WV",2019,485452.0
54087,"Roane, WV",2020,526020.0
54087,"Roane, WV",2021,548313.0
54087,"Roane, WV",2022,544904.0
54087,"Roane, WV",2023,569688.0
54087,"Roane, WV",2024,590881.0
54089,"Summers, WV",2019,443217.0
54089,"Summers, WV",2020,468051.0
54089,"Summers, WV",2021,505054.0
54089,"Summers, WV",2022,511210.0
54089,"Summers, WV",2023,536992.0
54089,"Summers, WV",2024,535653.0
54091,"Taylor, WV",2019,710990.0
54091,"Taylor, WV",2020,736186.0
54091,"Taylor, WV",2021,803008.0
54091,"Taylor, WV",2022,813363.0
54091,"Taylor, WV",2023,862886.0
54091,"Taylor, WV",2024,893157.0
54093,"Tucker, WV",2019,300878.0
54093,"Tucker, WV",2020,322296.0
54093,"Tucker, WV",2021,354094.0
54093,"Tucker, WV",2022,366489.0
54093,"Tucker, WV",2023,392114.0
54093,"Tucker, WV",2024,411199.0
54095,"Tyler, WV",2019,351744.0
54095,"Tyler, WV",2020,356466.0
54095,"Tyler, WV",2021,424440.0
54095,"Tyler, WV",2022,494151.0
54095,"Tyler, WV",2023,480369.0
54095,"Tyler, WV",2024,495629.0
54097,"Upshur, WV",2019,863321.0
54097,"Upshur, WV",2020,910768.0
54097,"Upshur, WV",2021,978244.0
54097,"Upshur, WV",2022,999806.0
54097,"Upshur, WV",2023,1084841.0
54097,"Upshur, WV",2024,1145539.0
54099,"Wayne, WV",2019,1405808.0
54099,"Wayne, WV",2020,1472924.0
54099,"Wayne, WV",2021,1582628.0
54099,"Wayne, WV",2022,1603567.0
54099,"Wayne, WV",2023,1688291.0
54099,"Wayne, WV",2024,1767206.0
54101,"Webster, WV",2019,246899.0
54101,"Webster, WV",2020,276093.0
54101,"Webster, WV",2021,287955.0
54101,"Webster, WV",2022,267611.0
54101,"Webster, WV",2023,279604.0
54101,"Webster, WV",2024,278451.0
54103,"Wetzel, WV",2019,556491.0
54103,"Wetzel, WV",2020,571624.0
54103,"Wetzel, WV",2021,622817.0
54103,"Wetzel, WV",2022,651428.0
54103,"Wetzel, WV",2023,662346.0
54103,"Wetzel, WV",2024,684836.0
54105,"Wirt, WV",2019,186506.0
54105,"Wirt, WV",2020,195951.0
54105,"Wirt, WV",2021,212517.0
54105,"Wirt, WV",2022,210043.0
54105,"Wirt, WV",2023,224013.0
54105,"Wirt, WV",2024,229796.0
54107,"Wood, WV",2019,3944637.0
54107,"Wood, WV",2020,4050513.0
54107,"Wood, WV",2021,4627132.0
54107,"Wood, WV",2022,4680189.0
54107,"Wood, WV",2023,4882387.0
54107,"Wood, WV",2024,5012553.0
54109,"Wyoming, WV",2019,636883.0
54109,"Wyoming, WV",2020,678802.0
54109,"Wyoming, WV",2021,726352.0
54109,"Wyoming, WV",2022,749056.0
54109,"Wyoming, WV",2023,781925.0
54109,"Wyoming, WV",2024,804836.0
55001,"Adams, WI",2019,839339.0
55001,"Adams, WI",2020,911928.0
55001,"Adams, WI",2021,957604.0
55001,"Adams, WI",2022,945551.0
55001,"Adams, WI",2023,994548.0
55001,"Adams, WI",2024,1054255.0
55003,"Ashland, WI",2019,651095.0
55003,"Ashland, WI",2020,696253.0
55003,"Ashland, WI",2021,750205.0
55003,"Ashland, WI",2022,764690.0
55003,"Ashland, WI",2023,802185.0
55003,"Ashland, WI",2024,832399.0
55005,"Barron, WI",2019,2311490.0
55005,"Barron, WI",2020,2555930.0
55005,"Barron, WI",2021,2824137.0
55005,"Barron, WI",2022,2749260.0
55005,"Barron, WI",2023,2883653.0
55005,"Barron, WI",2024,2989791.0
55007,"Bayfield, WI",2019,763714.0
55007,"Bayfield, WI",2020,817139.0
55007,"Bayfield, WI",2021,890770.0
55007,"Bayfield, WI",2022,876201.0
55007,"Bayfield, WI",2023,940677.0
55007,"Bayfield, WI",2024,990176.0
55009,"Brown, WI",2019,14138451.0
55009,"Brown, WI",2020,15324182.0
55009,"Brown, WI",2021,16407791.0
55009,"Brown, WI",2022,16767743.0
55009,"Brown, WI",2023,17605604.0
55009,"Brown, WI",2024,18706977.0
55011,"Buffalo, WI",2019,603661.0
55011,"Buffalo, WI",2020,665622.0
55011,"Buffalo, WI",2021,735305.0
55011,"Buffalo, WI",2022,752585.0
55011,"Buffalo, WI",2023,767089.0
55011,"Buffalo, WI",2024,799127.0
55013,"Burnett, WI",2019,699791.0
55013,"Burnett, WI",2020,751573.0
55013,"Burnett, WI",2021,812213.0
55013,"Burnett, WI",2022,834210.0
55013,"Burnett, WI",2023,891998.0
55013,"Burnett, WI",2024,937715.0
55015,"Calumet, WI",2019,2653141.0
55015,"Calumet, WI",2020,2837514.0
55015,"Calumet, WI",2021,3069463.0
55015,"Calumet, WI",2022,3128525.0
55015,"Calumet, WI",2023,3282233.0
55015,"Calumet, WI",2024,3450407.0
55017,"Chippewa, WI",2019,3081480.0
55017,"Chippewa, WI",2020,3323462.0
55017,"Chippewa, WI",2021,3591637.0
55017,"Chippewa, WI",2022,3668118.0
55017,"Chippewa, WI",2023,3846695.0
55017,"Chippewa, WI",2024,4023058.0
55019,"Clark, WI",2019,1512785.0
55019,"Clark, WI",2020,1656790.0
55019,"Clark, WI",2021,1751716.0
55019,"Clark, WI",2022,1744025.0
55019,"Clark, WI",2023,1785697.0
55019,"Clark, WI",2024,1902720.0
55021,"Columbia, WI",2019,3061870.0
55021,"Columbia, WI",2020,3278843.0
55021,"Columbia, WI",2021,3592668.0
55021,"Columbia, WI",2022,3736330.0
55021,"Columbia, WI",2023,4231232.0
55021,"Columbia, WI",2024,4416210.0
55023,"Crawford, WI",2019,693808.0
55023,"Crawford, WI",2020,754028.0
55023,"Crawford, WI",2021,809216.0
55023,"Crawford, WI",2022,786703.0
55023,"Crawford, WI",2023,813784.0
55023,"Crawford, WI",2024,839830.0
55025,"Dane, WI",2019,34964433.0
55025,"Dane, WI",2020,36921665.0
55025,"Dane, WI",2021,40874964.0
55025,"Dane, WI",2022,42237518.0
55025,"Dane, WI",2023,45127558.0
55025,"Dane, WI",2024,47775793.0
55027,"Dodge, WI",2019,4014677.0
55027,"Dodge, WI",2020,4227338.0
55027,"Dodge, WI",2021,4587408.0
55027,"Dodge, WI",2022,4688908.0
55027,"Dodge, WI",2023,4912957.0
55027,"Dodge, WI",2024,5123155.0
55029,"Door, WI",2019,1797163.0
55029,"Door, WI",2020,1986592.0
55029,"Door, WI",2021,2143092.0
55029,"Door, WI",2022,2229866.0
55029,"Door, WI",2023,2387166.0
55029,"Door, WI",2024,2507221.0
55031,"Douglas, WI",2019,1937060.0
55031,"Douglas, WI",2020,2025396.0
55031,"Douglas, WI",2021,2176422.0
55031,"Douglas, WI",2022,2228926.0
55031,"Douglas, WI",2023,2354260.0
55031,"Douglas, WI",2024,2449398.0
55033,"Dunn, WI",2019,1872336.0
55033,"Dunn, WI",2020,2027379.0
55033,"Dunn, WI",2021,2225649.0
55033,"Dunn, WI",2022,2245551.0
55033,"Dunn, WI",2023,2357211.0
55033,"Dunn, WI",2024,2469802.0
55035,"Eau Claire, WI",2019,5151824.0
55035,"Eau Claire, WI",2020,5486955.0
55035,"Eau Claire, WI",2021,6021784.0
55035,"Eau Claire, WI",2022,6193727.0
55035,"Eau Claire, WI",2023,6511734.0
55035,"Eau Claire, WI",2024,6837753.0
55037,"Florence, WI",2019,251409.0
55037,"Florence, WI",2020,257214.0
55037,"Florence, WI",2021,287515.0
55037,"Florence, WI",2022,289074.0
55037,"Florence, WI",2023,312779.0
55037,"Florence, WI",2024,321402.0
55039,"Fond du Lac, WI",2019,5157313.0
55039,"Fond du Lac, WI",2020,5470337.0
55039,"Fond du Lac, WI",2021,5931975.0
55039,"Fond du Lac, WI",2022,6049699.0
55039,"Fond du Lac, WI",2023,6271783.0
55039,"Fond du Lac, WI",2024,6497915.0
55041,"Forest, WI",2019,378735.0
55041,"Forest, WI",2020,408067.0
55041,"Forest, WI",2021,430529.0
55041,"Forest, WI",2022,432257.0
55041,"Forest, WI",2023,464767.0
55041,"Forest, WI",2024,490712.0
55043,"Grant, WI",2019,2320032.0
55043,"Grant, WI",2020,2486654.0
55043,"Grant, WI",2021,2657059.0
55043,"Grant, WI",2022,2652329.0
55043,"Grant, WI",2023,2746734.0
55043,"Grant, WI",2024,2843860.0
55045,"Green, WI",2019,1940310.0
55045,"Green, WI",2020,2087883.0
55045,"Green, WI",2021,2369730.0
55045,"Green, WI",2022,2326948.0
55045,"Green, WI",2023,2471389.0
55045,"Green, WI",2024,2533127.0
55047,"Green Lake, WI",2019,840397.0
55047,"Green Lake, WI",2020,896119.0
55047,"Green Lake, WI",2021,994358.0
55047,"Green Lake, WI",2022,987694.0
55047,"Green Lake, WI",2023,1046367.0
55047,"Green Lake, WI",2024,1097282.0
55049,"Iowa, WI",2019,1184686.0
55049,"Iowa, WI",2020,1260464.0
55049,"Iowa, WI",2021,1389486.0
55049,"Iowa, WI",2022,1414688.0
55049,"Iowa, WI",2023,1494999.0
55049,"Iowa, WI",2024,1563443.0
55051,"Iron, WI",2019,288919.0
55051,"Iron, WI",2020,307296.0
55051,"Iron, WI",2021,340746.0
55051,"Iron, WI",2022,332810.0
55051,"Iron, WI",2023,357789.0
55051,"Iron, WI",2024,369427.0
55053,"Jackson, WI",2019,946769.0
55053,"Jackson, WI",2020,1026542.0
55053,"Jackson, WI",2021,1089314.0
55053,"Jackson, WI",2022,1057094.0
55053,"Jackson, WI",2023,1085802.0
55053,"Jackson, WI",2024,1116975.0
55055,"Jefferson, WI",2019,4007367.0
55055,"Jefferson, WI",2020,4245304.0
55055,"Jefferson, WI",2021,4639523.0
55055,"Jefferson, WI",2022,4763828.0
55055,"Jefferson, WI",2023,5010042.0
55055,"Jefferson, WI",2024,5255557.0
55057,"Juneau, WI",2019,1060827.0
55057,"Juneau, WI",2020,1149534.0
55057,"Juneau, WI",2021,1259373.0
55057,"Juneau, WI",2022,1250724.0
55057,"Juneau, WI",2023,1308046.0
55057,"Juneau, WI",2024,1360653.0
55059,"Kenosha, WI",2019,8280292.0
55059,"Kenosha, WI",2020,8770133.0
55059,"Kenosha, WI",2021,9536281.0
55059,"Kenosha, WI",2022,9672400.0
55059,"Kenosha, WI",2023,10095186.0
55059,"Kenosha, WI",2024,10507833.0
55061,"Kewaunee, WI",2019,990899.0
55061,"Kewaunee, WI",2020,1074946.0
55061,"Kewaunee, WI",2021,1172089.0
55061,"Kewaunee, WI",2022,1198754.0
55061,"Kewaunee, WI",2023,1205543.0
55061,"Kewaunee, WI",2024,1294901.0
55063,"La Crosse, WI",2019,6096826.0
55063,"La Crosse, WI",2020,6518308.0
55063,"La Crosse, WI",2021,7152789.0
55063,"La Crosse, WI",2022,7142186.0
55063,"La Crosse, WI",2023,7552295.0
55063,"La Crosse, WI",2024,7918121.0
55065,"Lafayette, WI",2019,727718.0
55065,"Lafayette, WI",2020,801394.0
55065,"Lafayette, WI",2021,864526.0
55065,"Lafayette, WI",2022,888235.0
55065,"Lafayette, WI",2023,945080.0
55065,"Lafayette, WI",2024,983986.0
55067,"Langlade, WI",2019,854895.0
55067,"Langlade, WI",2020,937789.0
55067,"Langlade, WI",2021,997067.0
55067,"Langlade, WI",2022,1001598.0
55067,"Langlade, WI",2023,1063798.0
55067,"Langlade, WI",2024,1100917.0
55069,"Lincoln, WI",2019,1296564.0
55069,"Lincoln, WI",2020,1414282.0
55069,"Lincoln, WI",2021,1500143.0
55069,"Lincoln, WI",2022,1536568.0
55069,"Lincoln, WI",2023,1623819.0
55069,"Lincoln, WI",2024,1694038.0
55071,"Manitowoc, WI",2019,3790158.0
55071,"Manitowoc, WI",2020,4023749.0
55071,"Manitowoc, WI",2021,4390893.0
55071,"Manitowoc, WI",2022,4450828.0
55071,"Manitowoc, WI",2023,4647616.0
55071,"Manitowoc, WI",2024,4896955.0
55073,"Marathon, WI",2019,7127521.0
55073,"Marathon, WI",2020,7525659.0
55073,"Marathon, WI",2021,8180953.0
55073,"Marathon, WI",2022,8318579.0
55073,"Marathon, WI",2023,8729439.0
55073,"Marathon, WI",2024,9122880.0
55075,"Marinette, WI",2019,1866880.0
55075,"Marinette, WI",2020,1984322.0
55075,"Marinette, WI",2021,2170394.0
55075,"Marinette, WI",2022,2177221.0
55075,"Marinette, WI",2023,2280454.0
55075,"Marinette, WI",2024,2357247.0
55077,"Marquette, WI",2019,663983.0
55077,"Marquette, WI",2020,720588.0
55077,"Marquette, WI",2021,782385.0
55077,"Marquette, WI",2022,776721.0
55077,"Marquette, WI",2023,827411.0
55077,"Marquette, WI",2024,864493.0
55078,"Menominee, WI*",2019,147527.0
55078,"Menominee, WI*",2020,159366.0
55078,"Menominee, WI*",2021,184758.0
55078,"Menominee, WI*",2022,174486.0
55078,"Menominee, WI*",2023,179248.0
55078,"Menominee, WI*",2024,187281.0
55079,"Milwaukee, WI",2019,45084109.0
55079,"Milwaukee, WI",2020,47838984.0
55079,"Milwaukee, WI",2021,51969043.0
55079,"Milwaukee, WI",2022,52820299.0
55079,"Milwaukee, WI",2023,54887725.0
55079,"Milwaukee, WI",2024,57487503.0
55081,"Monroe, WI",2019,1948353.0
55081,"Monroe, WI",2020,2145666.0
55081,"Monroe, WI",2021,2316277.0
55081,"Monroe, WI",2022,2332046.0
55081,"Monroe, WI",2023,2442426.0
55081,"Monroe, WI",2024,2565353.0
55083,"Oconto, WI",2019,1820267.0
55083,"Oconto, WI",2020,1952494.0
55083,"Oconto, WI",2021,2106206.0
55083,"Oconto, WI",2022,2125481.0
55083,"Oconto, WI",2023,2194790.0
55083,"Oconto, WI",2024,2295768.0
55085,"Oneida, WI",2019,1850371.0
55085,"Oneida, WI",2020,1999922.0
55085,"Oneida, WI",2021,2112810.0
55085,"Oneida, WI",2022,2208667.0
55085,"Oneida, WI",2023,2362959.0
55085,"Oneida, WI",2024,2474449.0
55087,"Outagamie, WI",2019,9916328.0
55087,"Outagamie, WI",2020,10486036.0
55087,"Outagamie, WI",2021,11409814.0
55087,"Outagamie, WI",2022,11849311.0
55087,"Outagamie, WI",2023,12444896.0
55087,"Outagamie, WI",2024,13141601.0
55089,"Ozaukee, WI",2019,7616476.0
55089,"Ozaukee, WI",2020,8000725.0
55089,"Ozaukee, WI",2021,8834229.0
55089,"Ozaukee, WI",2022,9153565.0
55089,"Ozaukee, WI",2023,9775011.0
55089,"Ozaukee, WI",2024,10330223.0
55091,"Pepin, WI",2019,361520.0
55091,"Pepin, WI",2020,404989.0
55091,"Pepin, WI",2021,446804.0
55091,"Pepin, WI",2022,455901.0
55091,"Pepin, WI",2023,477092.0
55091,"Pepin, WI",2024,496515.0
55093,"Pierce, WI",2019,2050942.0
55093,"Pierce, WI",2020,2142367.0
55093,"Pierce, WI",2021,2397366.0
55093,"Pierce, WI",2022,2481935.0
55093,"Pierce, WI",2023,2604881.0
55093,"Pierce, WI",2024,2727259.0
55095,"Polk, WI",2019,2082808.0
55095,"Polk, WI",2020,2251265.0
55095,"Polk, WI",2021,2471927.0
55095,"Polk, WI",2022,2503877.0
55095,"Polk, WI",2023,2646407.0
55095,"Polk, WI",2024,2751461.0
55097,"Portage, WI",2019,3356786.0
55097,"Portage, WI",2020,3554024.0
55097,"Portage, WI",2021,3809295.0
55097,"Portage, WI",2022,3888585.0
55097,"Portage, WI",2023,4099219.0
55097,"Portage, WI",2024,4290631.0
55099,"Price, WI",2019,632086.0
55099,"Price, WI",2020,671876.0
55099,"Price, WI",2021,721694.0
55099,"Price, WI",2022,739350.0
55099,"Price, WI",2023,780191.0
55099,"Price, WI",2024,789212.0
55101,"Racine, WI",2019,9866239.0
55101,"Racine, WI",2020,10435659.0
55101,"Racine, WI",2021,11167292.0
55101,"Racine, WI",2022,11691299.0
55101,"Racine, WI",2023,12462231.0
55101,"Racine, WI",2024,13099436.0
55103,"Richland, WI",2019,764681.0
55103,"Richland, WI",2020,823716.0
55103,"Richland, WI",2021,890443.0
55103,"Richland, WI",2022,887566.0
55103,"Richland, WI",2023,934435.0
55103,"Richland, WI",2024,974442.0
55105,"Rock, WI",2019,7448786.0
55105,"Rock, WI",2020,7876877.0
55105,"Rock, WI",2021,8566721.0
55105,"Rock, WI",2022,8870394.0
55105,"Rock, WI",2023,9287107.0
55105,"Rock, WI",2024,9736376.0
55107,"Rusk, WI",2019,634053.0
55107,"Rusk, WI",2020,680906.0
55107,"Rusk, WI",2021,741292.0
55107,"Rusk, WI",2022,760162.0
55107,"Rusk, WI",2023,790391.0
55107,"Rusk, WI",2024,814711.0
55109,"St. Croix, WI",2019,5295294.0
55109,"St. Croix, WI",2020,5572204.0
55109,"St. Croix, WI",2021,6203299.0
55109,"St. Croix, WI",2022,6443804.0
55109,"St. Croix, WI",2023,6847552.0
55109,"St. Croix, WI",2024,7172362.0
55111,"Sauk, WI",2019,3429434.0
55111,"Sauk, WI",2020,3694090.0
55111,"Sauk, WI",2021,4155791.0
55111,"Sauk, WI",2022,4150958.0
55111,"Sauk, WI",2023,4443345.0
55111,"Sauk, WI",2024,4652264.0
55113,"Sawyer, WI",2019,796111.0
55113,"Sawyer, WI",2020,851588.0
55113,"Sawyer, WI",2021,938330.0
55113,"Sawyer, WI",2022,961599.0
55113,"Sawyer, WI",2023,1021398.0
55113,"Sawyer, WI",2024,1069063.0
55115,"Shawano, WI*",2019,1793005.0
55115,"Shawano, WI*",2020,1922064.0
55115,"Shawano, WI*",2021,2061117.0
55115,"Shawano, WI*",2022,2090168.0
55115,"Shawano, WI*",2023,2145598.0
55115,"Shawano, WI*",2024,2242697.0
55117,"Sheboygan, WI",2019,6117328.0
55117,"Sheboygan, WI",2020,6505769.0
55117,"Sheboygan, WI",2021,6951537.0
55117,"Sheboygan, WI",2022,7086721.0
55117,"Sheboygan, WI",2023,7541690.0
55117,"Sheboygan, WI",2024,7957367.0
55119,"Taylor, WI",2019,854252.0
55119,"Taylor, WI",2020,942968.0
55119,"Taylor, WI",2021,1021095.0
55119,"Taylor, WI",2022,993178.0
55119,"Taylor, WI",2023,1019997.0
55119,"Taylor, WI",2024,1059631.0
55121,"Trempealeau, WI",2019,1336822.0
55121,"Trempealeau, WI",2020,1450735.0
55121,"Trempealeau, WI",2021,1585921.0
55121,"Trempealeau, WI",2022,1591321.0
55121,"Trempealeau, WI",2023,1620513.0
55121,"Trempealeau, WI",2024,1710033.0
55123,"Vernon, WI",2019,1294952.0
55123,"Vernon, WI",2020,1409564.0
55123,"Vernon, WI",2021,1551286.0
55123,"Vernon, WI",2022,1552885.0
55123,"Vernon, WI",2023,1622080.0
55123,"Vernon, WI",2024,1699576.0
55125,"Vilas, WI",2019,1205584.0
55125,"Vilas, WI",2020,1250638.0
55125,"Vilas, WI",2021,1405830.0
55125,"Vilas, WI",2022,1467164.0
55125,"Vilas, WI",2023,1629603.0
55125,"Vilas, WI",2024,1712425.0
55127,"Walworth, WI",2019,5423057.0
55127,"Walworth, WI",2020,5774552.0
55127,"Walworth, WI",2021,6467405.0
55127,"Walworth, WI",2022,6767479.0
55127,"Walworth, WI",2023,7188610.0
55127,"Walworth, WI",2024,7508343.0
55129,"Washburn, WI",2019,784131.0
55129,"Washburn, WI",2020,844854.0
55129,"Washburn, WI",2021,930764.0
55129,"Washburn, WI",2022,938629.0
55129,"Washburn, WI",2023,990571.0
55129,"Washburn, WI",2024,1029757.0
55131,"Washington, WI",2019,8104361.0
55131,"Washington, WI",2020,8423217.0
55131,"Washington, WI",2021,9177517.0
55131,"Washington, WI",2022,9535754.0
55131,"Washington, WI",2023,10058137.0
55131,"Washington, WI",2024,10588864.0
55133,"Waukesha, WI",2019,29843587.0
55133,"Waukesha, WI",2020,31294336.0
55133,"Waukesha, WI",2021,34509866.0
55133,"Waukesha, WI",2022,35449318.0
55133,"Waukesha, WI",2023,37559391.0
55133,"Waukesha, WI",2024,39547163.0
55135,"Waupaca, WI",2019,2397592.0
55135,"Waupaca, WI",2020,2555879.0
55135,"Waupaca, WI",2021,2844885.0
55135,"Waupaca, WI",2022,2785673.0
55135,"Waupaca, WI",2023,2920348.0
55135,"Waupaca, WI",2024,3061360.0
55137,"Waushara, WI",2019,1009359.0
55137,"Waushara, WI",2020,1078566.0
55137,"Waushara, WI",2021,1167846.0
55137,"Waushara, WI",2022,1180569.0
55137,"Waushara, WI",2023,1236153.0
55137,"Waushara, WI",2024,1293259.0
55139,"Winnebago, WI",2019,8362735.0
55139,"Winnebago, WI",2020,8991319.0
55139,"Winnebago, WI",2021,9614467.0
55139,"Winnebago, WI",2022,9799076.0
55139,"Winnebago, WI",2023,10292449.0
55139,"Winnebago, WI",2024,10795046.0
55141,"Wood, WI",2019,3497949.0
55141,"Wood, WI",2020,3695966.0
55141,"Wood, WI",2021,3913296.0
55141,"Wood, WI",2022,4014180.0
55141,"Wood, WI",2023,4175894.0
55141,"Wood, WI",2024,4329311.0
55901,"Shawano (includes Menominee), WI*",2019,0.0
55901,"Shawano (includes Menominee), WI*",2020,0.0
55901,"Shawano (includes Menominee), WI*",2021,0.0
55901,"Shawano (includes Menominee), WI*",2022,0.0
55901,"Shawano (includes Menominee), WI*",2023,0.0
55901,"Shawano (includes Menominee), WI*",2024,0.0
56001,"Albany, WY",2019,1575060.0
56001,"Albany, WY",2020,1707798.0
56001,"Albany, WY",2021,1880212.0
56001,"Albany, WY",2022,1943118.0
56001,"Albany, WY",2023,2083397.0
56001,"Albany, WY",2024,2250921.0
56003,"Big Horn, WY",2019,475737.0
56003,"Big Horn, WY",2020,500797.0
56003,"Big Horn, WY",2021,539800.0
56003,"Big Horn, WY",2022,575213.0
56003,"Big Horn, WY",2023,629899.0
56003,"Big Horn, WY",2024,656944.0
56005,"Campbell, WY",2019,2494688.0
56005,"Campbell, WY",2020,2545660.0
56005,"Campbell, WY",2021,2617487.0
56005,"Campbell, WY",2022,2809904.0
56005,"Campbell, WY",2023,2999604.0
56005,"Campbell, WY",2024,3086245.0
56007,"Carbon, WY",2019,850934.0
56007,"Carbon, WY",2020,889852.0
56007,"Carbon, WY",2021,958097.0
56007,"Carbon, WY",2022,1005912.0
56007,"Carbon, WY",2023,997922.0
56007,"Carbon, WY",2024,1021876.0
56009,"Converse, WY",2019,946394.0
56009,"Converse, WY",2020,891800.0
56009,"Converse, WY",2021,944749.0
56009,"Converse, WY",2022,940036.0
56009,"Converse, WY",2023,967744.0
56009,"Converse, WY",2024,1037121.0
56011,"Crook, WY",2019,350585.0
56011,"Crook, WY",2020,365196.0
56011,"Crook, WY",2021,403720.0
56011,"Crook, WY",2022,456868.0
56011,"Crook, WY",2023,495132.0
56011,"Crook, WY",2024,512014.0
56013,"Fremont, WY",2019,1807118.0
56013,"Fremont, WY",2020,1913000.0
56013,"Fremont, WY",2021,2010296.0
56013,"Fremont, WY",2022,2130346.0
56013,"Fremont, WY",2023,2269845.0
56013,"Fremont, WY",2024,2352573.0
56015,"Goshen, WY",2019,554576.0
56015,"Goshen, WY",2020,599754.0
56015,"Goshen, WY",2021,645074.0
56015,"Goshen, WY",2022,646307.0
56015,"Goshen, WY",2023,702201.0
56015,"Goshen, WY",2024,705658.0
56017,"Hot Springs, WY",2019,229492.0
56017,"Hot Springs, WY",2020,331358.0
56017,"Hot Springs, WY",2021,331092.0
56017,"Hot Springs, WY",2022,364727.0
56017,"Hot Springs, WY",2023,315084.0
56017,"Hot Springs, WY",2024,323012.0
56019,"Johnson, WY",2019,459146.0
56019,"Johnson, WY",2020,489531.0
56019,"Johnson, WY",2021,527402.0
56019,"Johnson, WY",2022,580503.0
56019,"Johnson, WY",2023,620610.0
56019,"Johnson, WY",2024,644786.0
56021,"Laramie, WY",2019,5250764.0
56021,"Laramie, WY",2020,5585706.0
56021,"Laramie, WY",2021,6071039.0
56021,"Laramie, WY",2022,6167216.0
56021,"Laramie, WY",2023,6412910.0
56021,"Laramie, WY",2024,6718862.0
56023,"Lincoln, WY",2019,928810.0
56023,"Lincoln, WY",2020,1061441.0
56023,"Lincoln, WY",2021,1237117.0
56023,"Lincoln, WY",2022,1421088.0
56023,"Lincoln, WY",2023,1529285.0
56023,"Lincoln, WY",2024,1627230.0
56025,"Natrona, WY",2019,5109138.0
56025,"Natrona, WY",2020,5065030.0
56025,"Natrona, WY",2021,5360839.0
56025,"Natrona, WY",2022,6007118.0
56025,"Natrona, WY",2023,6167013.0
56025,"Natrona, WY",2024,6424996.0
56027,"Niobrara, WY",2019,111589.0
56027,"Niobrara, WY",2020,126811.0
56027,"Niobrara, WY",2021,138174.0
56027,"Niobrara, WY",2022,133350.0
56027,"Niobrara, WY",2023,142013.0
56027,"Niobrara, WY",2024,145181.0
56029,"Park, WY",2019,1757244.0
56029,"Park, WY",2020,1813388.0
56029,"Park, WY",2021,2072116.0
56029,"Park, WY",2022,2232385.0
56029,"Park, WY",2023,2416275.0
56029,"Park, WY",2024,2514984.0
56031,"Platte, WY",2019,434731.0
56031,"Platte, WY",2020,452417.0
56031,"Platte, WY",2021,473721.0
56031,"Platte, WY",2022,485457.0
56031,"Platte, WY",2023,512038.0
56031,"Platte, WY",2024,512144.0
56033,"Sheridan, WY",2019,1788789.0
56033,"Sheridan, WY",2020,1824213.0
56033,"Sheridan, WY",2021,2073650.0
56033,"Sheridan, WY",2022,2263883.0
56033,"Sheridan, WY",2023,2603121.0
56033,"Sheridan, WY",2024,2729674.0
56035,"Sublette, WY",2019,527640.0
56035,"Sublette, WY",2020,547243.0
56035,"Sublette, WY",2021,564025.0
56035,"Sublette, WY",2022,593430.0
56035,"Sublette, WY",2023,637035.0
56035,"Sublette, WY",2024,652912.0
56037,"Sweetwater, WY",2019,2369444.0
56037,"Sweetwater, WY",2020,2301050.0
56037,"Sweetwater, WY",2021,2340002.0
56037,"Sweetwater, WY",2022,2487038.0
56037,"Sweetwater, WY",2023,2558327.0
56037,"Sweetwater, WY",2024,2611916.0
56039,"Teton, WY",2019,6045280.0
56039,"Teton, WY",2020,6983035.0
56039,"Teton, WY",2021,8508884.0
56039,"Teton, WY",2022,10270477.0
56039,"Teton, WY",2023,11696983.0
56039,"Teton, WY",2024,12401707.0
56041,"Uinta, WY",2019,831366.0
56041,"Uinta, WY",2020,861869.0
56041,"Uinta, WY",2021,926377.0
56041,"Uinta, WY",2022,963574.0
56041,"Uinta, WY",2023,1011480.0
56041,"Uinta, WY",2024,1038685.0
56043,"Washakie, WY",2019,371108.0
56043,"Washakie, WY",2020,419525.0
56043,"Washakie, WY",2021,455414.0
56043,"Washakie, WY",2022,426776.0
56043,"Washakie, WY",2023,441081.0
56043,"Washakie, WY",2024,458334.0
56045,"Weston, WY",2019,315938.0
56045,"Weston, WY",2020,326416.0
56045,"Weston, WY",2021,341175.0
56045,"Weston, WY",2022,354545.0
56045,"Weston, WY",2023,374002.0
56045,"Weston, WY",2024,387634.0
