geofips,geoname,year,population
01001,"Autauga, AL",2019,58251.0
01001,"Autauga, AL",2020,58909.0
01001,"Autauga, AL",2021,59191.0
01001,"Autauga, AL",2022,59736.0
01001,"Autauga, AL",2023,60436.0
01001,"Autauga, AL",2024,61464.0
01003,"Baldwin, AL",2019,227057.0
01003,"Baldwin, AL",2020,233244.0
01003,"Baldwin, AL",2021,239411.0
01003,"Baldwin, AL",2022,246577.0
01003,"Baldwin, AL",2023,254107.0
01003,"Baldwin, AL",2024,261608.0
01005,"Barbour, AL",2019,25187.0
01005,"Barbour, AL",2020,24975.0
01005,"Barbour, AL",2021,24517.0
01005,"Barbour, AL",2022,24722.0
01005,"Barbour, AL",2023,24644.0
01005,"Barbour, AL",2024,24358.0
01007,"Bibb, AL",2019,22408.0
01007,"Bibb, AL",2020,22176.0
01007,"Bibb, AL",2021,22344.0
01007,"Bibb, AL",2022,21983.0
01007,"Bibb, AL",2023,21890.0
01007,"Bibb, AL",2024,22258.0
01009,"Blount, AL",2019,58949.0
01009,"Blount, AL",2020,59110.0
01009,"Blount, AL",2021,59050.0
01009,"Blount, AL",2022,59491.0
01009,"Blount, AL",2023,59777.0
01009,"Blount, AL",2024,60163.0
01011,"Bullock, AL",2019,10428.0
01011,"Bullock, AL",2020,10230.0
01011,"Bullock, AL",2021,10126.0
01011,"Bullock, AL",2022,10126.0
01011,"Bullock, AL",2023,9908.0
01011,"Bullock, AL",2024,9901.0
01013,"Butler, AL",2019,19061.0
01013,"Butler, AL",2020,19027.0
01013,"Butler, AL",2021,18856.0
01013,"Butler, AL",2022,18652.0
01013,"Butler, AL",2023,18357.0
01013,"Butler, AL",2024,18256.0
01015,"Calhoun, AL",2019,116601.0
01015,"Calhoun, AL",2020,116242.0
01015,"Calhoun, AL",2021,115633.0
01015,"Calhoun, AL",2022,115744.0
01015,"Calhoun, AL",2023,116403.0
01015,"Calhoun, AL",2024,116427.0
01017,"Chambers, AL",2019,34900.0
01017,"Chambers, AL",2020,34572.0
01017,"Chambers, AL",2021,34396.0
01017,"Chambers, AL",2022,34093.0
01017,"Chambers, AL",2023,34087.0
01017,"Chambers, AL",2024,33813.0
01019,"Cherokee, AL",2019,25005.0
01019,"Cherokee, AL",2020,24981.0
01019,"Cherokee, AL",2021,25060.0
01019,"Cherokee, AL",2022,25334.0
01019,"Cherokee, AL",2023,25700.0
01019,"Cherokee, AL",2024,26138.0
01021,"Chilton, AL",2019,44861.0
01021,"Chilton, AL",2020,45060.0
01021,"Chilton, AL",2021,45255.0
01021,"Chilton, AL",2022,45856.0
01021,"Chilton, AL",2023,46525.0
01021,"Chilton, AL",2024,47262.0
01023,"Choctaw, AL",2019,12758.0
01023,"Choctaw, AL",2020,12622.0
01023,"Choctaw, AL",2021,12544.0
01023,"Choctaw, AL",2022,12420.0
01023,"Choctaw, AL",2023,12263.0
01023,"Choctaw, AL",2024,12052.0
01025,"Clarke, AL",2019,23362.0
01025,"Clarke, AL",2020,22989.0
01025,"Clarke, AL",2021,22735.0
01025,"Clarke, AL",2022,22545.0
01025,"Clarke, AL",2023,22305.0
01025,"Clarke, AL",2024,22142.0
01027,"Clay, AL",2019,14269.0
01027,"Clay, AL",2020,14210.0
01027,"Clay, AL",2021,14156.0
01027,"Clay, AL",2022,14198.0
01027,"Clay, AL",2023,14157.0
01027,"Clay, AL",2024,14239.0
01029,"Cleburne, AL",2019,15029.0
01029,"Cleburne, AL",2020,15063.0
01029,"Cleburne, AL",2021,15151.0
01029,"Cleburne, AL",2022,15353.0
01029,"Cleburne, AL",2023,15658.0
01029,"Cleburne, AL",2024,15905.0
01031,"Coffee, AL",2019,52917.0
01031,"Coffee, AL",2020,53565.0
01031,"Coffee, AL",2021,54201.0
01031,"Coffee, AL",2022,54769.0
01031,"Coffee, AL",2023,55707.0
01031,"Coffee, AL",2024,56358.0
01033,"Colbert, AL",2019,56937.0
01033,"Colbert, AL",2020,57305.0
01033,"Colbert, AL",2021,57615.0
01033,"Colbert, AL",2022,58023.0
01033,"Colbert, AL",2023,58382.0
01033,"Colbert, AL",2024,58785.0
01035,"Conecuh, AL",2019,11751.0
01035,"Conecuh, AL",2020,11551.0
01035,"Conecuh, AL",2021,11317.0
01035,"Conecuh, AL",2022,11220.0
01035,"Conecuh, AL",2023,11177.0
01035,"Conecuh, AL",2024,11109.0
01037,"Coosa, AL",2019,10409.0
01037,"Coosa, AL",2020,10340.0
01037,"Coosa, AL",2021,10321.0
01037,"Coosa, AL",2022,10283.0
01037,"Coosa, AL",2023,10267.0
01037,"Coosa, AL",2024,10291.0
01039,"Covington, AL",2019,37610.0
01039,"Covington, AL",2020,37513.0
01039,"Covington, AL",2021,37512.0
01039,"Covington, AL",2022,37508.0
01039,"Covington, AL",2023,37861.0
01039,"Covington, AL",2024,37748.0
01041,"Crenshaw, AL",2019,13333.0
01041,"Crenshaw, AL",2020,13171.0
01041,"Crenshaw, AL",2021,13062.0
01041,"Crenshaw, AL",2022,13096.0
01041,"Crenshaw, AL",2023,13168.0
01041,"Crenshaw, AL",2024,13114.0
01043,"Cullman, AL",2019,86898.0
01043,"Cullman, AL",2020,88142.0
01043,"Cullman, AL",2021,89578.0
01043,"Cullman, AL",2022,90597.0
01043,"Cullman, AL",2023,91909.0
01043,"Cullman, AL",2024,92604.0
01045,"Dale, AL",2019,49521.0
01045,"Dale, AL",2020,49260.0
01045,"Dale, AL",2021,49344.0
01045,"Dale, AL",2022,49472.0
01045,"Dale, AL",2023,49852.0
01045,"Dale, AL",2024,50067.0
01047,"Dallas, AL",2019,39065.0
01047,"Dallas, AL",2020,38185.0
01047,"Dallas, AL",2021,37496.0
01047,"Dallas, AL",2022,36772.0
01047,"Dallas, AL",2023,36294.0
01047,"Dallas, AL",2024,35545.0
01049,"DeKalb, AL",2019,71453.0
01049,"DeKalb, AL",2020,71673.0
01049,"DeKalb, AL",2021,71880.0
01049,"DeKalb, AL",2022,72046.0
01049,"DeKalb, AL",2023,72626.0
01049,"DeKalb, AL",2024,73122.0
01051,"Elmore, AL",2019,87061.0
01051,"Elmore, AL",2020,87871.0
01051,"Elmore, AL",2021,88734.0
01051,"Elmore, AL",2022,89566.0
01051,"Elmore, AL",2023,90416.0
01051,"Elmore, AL",2024,91042.0
01053,"Escambia, AL",2019,36940.0
01053,"Escambia, AL",2020,36687.0
01053,"Escambia, AL",2021,36628.0
01053,"Escambia, AL",2022,36620.0
01053,"Escambia, AL",2023,36582.0
01053,"Escambia, AL",2024,36630.0
01055,"Etowah, AL",2019,103342.0
01055,"Etowah, AL",2020,103437.0
01055,"Etowah, AL",2021,102887.0
01055,"Etowah, AL",2022,102821.0
01055,"Etowah, AL",2023,103174.0
01055,"Etowah, AL",2024,103207.0
01057,"Fayette, AL",2019,16354.0
01057,"Fayette, AL",2020,16329.0
01057,"Fayette, AL",2021,16119.0
01057,"Fayette, AL",2022,16041.0
01057,"Fayette, AL",2023,15913.0
01057,"Fayette, AL",2024,15863.0
01059,"Franklin, AL",2019,32115.0
01059,"Franklin, AL",2020,32076.0
01059,"Franklin, AL",2021,31991.0
01059,"Franklin, AL",2022,31947.0
01059,"Franklin, AL",2023,31941.0
01059,"Franklin, AL",2024,31874.0
01061,"Geneva, AL",2019,26548.0
01061,"Geneva, AL",2020,26703.0
01061,"Geneva, AL",2021,26632.0
01061,"Geneva, AL",2022,26787.0
01061,"Geneva, AL",2023,27052.0
01061,"Geneva, AL",2024,27259.0
01063,"Greene, AL",2019,7823.0
01063,"Greene, AL",2020,7701.0
01063,"Greene, AL",2021,7583.0
01063,"Greene, AL",2022,7412.0
01063,"Greene, AL",2023,7299.0
01063,"Greene, AL",2024,7127.0
01065,"Hale, AL",2019,14779.0
01065,"Hale, AL",2020,14771.0
01065,"Hale, AL",2021,14715.0
01065,"Hale, AL",2022,14613.0
01065,"Hale, AL",2023,14931.0
01065,"Hale, AL",2024,15116.0
01067,"Henry, AL",2019,17071.0
01067,"Henry, AL",2020,17171.0
01067,"Henry, AL",2021,17412.0
01067,"Henry, AL",2022,17638.0
01067,"Henry, AL",2023,17872.0
01067,"Henry, AL",2024,18141.0
01069,"Houston, AL",2019,106860.0
01069,"Houston, AL",2020,107300.0
01069,"Houston, AL",2021,107412.0
01069,"Houston, AL",2022,108063.0
01069,"Houston, AL",2023,108556.0
01069,"Houston, AL",2024,109366.0
01071,"Jackson, AL",2019,52541.0
01071,"Jackson, AL",2020,52532.0
01071,"Jackson, AL",2021,52688.0
01071,"Jackson, AL",2022,52842.0
01071,"Jackson, AL",2023,53423.0
01071,"Jackson, AL",2024,53780.0
01073,"Jefferson, AL",2019,675357.0
01073,"Jefferson, AL",2020,674727.0
01073,"Jefferson, AL",2021,669677.0
01073,"Jefferson, AL",2022,665543.0
01073,"Jefferson, AL",2023,664084.0
01073,"Jefferson, AL",2024,664744.0
01075,"Lamar, AL",2019,13990.0
01075,"Lamar, AL",2020,13954.0
01075,"Lamar, AL",2021,13725.0
01075,"Lamar, AL",2022,13628.0
01075,"Lamar, AL",2023,13616.0
01075,"Lamar, AL",2024,13543.0
01077,"Lauderdale, AL",2019,93245.0
01077,"Lauderdale, AL",2020,94031.0
01077,"Lauderdale, AL",2021,94846.0
01077,"Lauderdale, AL",2022,95903.0
01077,"Lauderdale, AL",2023,96867.0
01077,"Lauderdale, AL",2024,97502.0
01079,"Lawrence, AL",2019,33043.0
01079,"Lawrence, AL",2020,33075.0
01079,"Lawrence, AL",2021,33052.0
01079,"Lawrence, AL",2022,33182.0
01079,"Lawrence, AL",2023,33505.0
01079,"Lawrence, AL",2024,33567.0
01081,"Lee, AL",2019,172212.0
01081,"Lee, AL",2020,174856.0
01081,"Lee, AL",2021,177652.0
01081,"Lee, AL",2022,181044.0
01081,"Lee, AL",2023,184271.0
01081,"Lee, AL",2024,187847.0
01083,"Limestone, AL",2019,101057.0
01083,"Limestone, AL",2020,104209.0
01083,"Limestone, AL",2021,107285.0
01083,"Limestone, AL",2022,110926.0
01083,"Limestone, AL",2023,114803.0
01083,"Limestone, AL",2024,118942.0
01085,"Lowndes, AL",2019,10333.0
01085,"Lowndes, AL",2020,10284.0
01085,"Lowndes, AL",2021,9936.0
01085,"Lowndes, AL",2022,9778.0
01085,"Lowndes, AL",2023,9682.0
01085,"Lowndes, AL",2024,9485.0
01087,"Macon, AL",2019,19537.0
01087,"Macon, AL",2020,19472.0
01087,"Macon, AL",2021,18917.0
01087,"Macon, AL",2022,18561.0
01087,"Macon, AL",2023,18347.0
01087,"Macon, AL",2024,18159.0
01089,"Madison, AL",2019,382041.0
01089,"Madison, AL",2020,390527.0
01089,"Madison, AL",2021,396663.0
01089,"Madison, AL",2022,404155.0
01089,"Madison, AL",2023,413891.0
01089,"Madison, AL",2024,423355.0
01091,"Marengo, AL",2019,19407.0
01091,"Marengo, AL",2020,19271.0
01091,"Marengo, AL",2021,18978.0
01091,"Marengo, AL",2022,18790.0
01091,"Marengo, AL",2023,18705.0
01091,"Marengo, AL",2024,18512.0
01093,"Marion, AL",2019,29451.0
01093,"Marion, AL",2020,29175.0
01093,"Marion, AL",2021,28972.0
01093,"Marion, AL",2022,29171.0
01093,"Marion, AL",2023,29279.0
01093,"Marion, AL",2024,29323.0
01095,"Marshall, AL",2019,97358.0
01095,"Marshall, AL",2020,97706.0
01095,"Marshall, AL",2021,98268.0
01095,"Marshall, AL",2022,99570.0
01095,"Marshall, AL",2023,101041.0
01095,"Marshall, AL",2024,102156.0
01097,"Mobile, AL",2019,415076.0
01097,"Mobile, AL",2020,414409.0
01097,"Mobile, AL",2021,413164.0
01097,"Mobile, AL",2022,411291.0
01097,"Mobile, AL",2023,411745.0
01097,"Mobile, AL",2024,412339.0
01099,"Monroe, AL",2019,19996.0
01099,"Monroe, AL",2020,19704.0
01099,"Monroe, AL",2021,19530.0
01099,"Monroe, AL",2022,19403.0
01099,"Monroe, AL",2023,19244.0
01099,"Monroe, AL",2024,19057.0
01101,"Montgomery, AL",2019,229604.0
01101,"Montgomery, AL",2020,228363.0
01101,"Montgomery, AL",2021,226811.0
01101,"Montgomery, AL",2022,226554.0
01101,"Montgomery, AL",2023,225966.0
01101,"Montgomery, AL",2024,225894.0
01103,"Morgan, AL",2019,122923.0
01103,"Morgan, AL",2020,123329.0
01103,"Morgan, AL",2021,123270.0
01103,"Morgan, AL",2022,124218.0
01103,"Morgan, AL",2023,125455.0
01103,"Morgan, AL",2024,126084.0
01105,"Perry, AL",2019,8718.0
01105,"Perry, AL",2020,8456.0
01105,"Perry, AL",2021,8314.0
01105,"Perry, AL",2022,7893.0
01105,"Perry, AL",2023,7772.0
01105,"Perry, AL",2024,7719.0
01107,"Pickens, AL",2019,19296.0
01107,"Pickens, AL",2020,18962.0
01107,"Pickens, AL",2021,18615.0
01107,"Pickens, AL",2022,18780.0
01107,"Pickens, AL",2023,18741.0
01107,"Pickens, AL",2024,18508.0
01109,"Pike, AL",2019,33060.0
01109,"Pike, AL",2020,32904.0
01109,"Pike, AL",2021,32748.0
01109,"Pike, AL",2022,32998.0
01109,"Pike, AL",2023,33163.0
01109,"Pike, AL",2024,33124.0
01111,"Randolph, AL",2019,21931.0
01111,"Randolph, AL",2020,22093.0
01111,"Randolph, AL",2021,22157.0
01111,"Randolph, AL",2022,22442.0
01111,"Randolph, AL",2023,22789.0
01111,"Randolph, AL",2024,23067.0
01113,"Russell, AL",2019,59009.0
01113,"Russell, AL",2020,59252.0
01113,"Russell, AL",2021,58651.0
01113,"Russell, AL",2022,58522.0
01113,"Russell, AL",2023,58792.0
01113,"Russell, AL",2024,58837.0
01115,"St. Clair, AL",2019,90307.0
01115,"St. Clair, AL",2020,91687.0
01115,"St. Clair, AL",2021,92850.0
01115,"St. Clair, AL",2022,93879.0
01115,"St. Clair, AL",2023,95487.0
01115,"St. Clair, AL",2024,96927.0
01117,"Shelby, AL",2019,220363.0
01117,"Shelby, AL",2020,223915.0
01117,"Shelby, AL",2021,227436.0
01117,"Shelby, AL",2022,230140.0
01117,"Shelby, AL",2023,233593.0
01117,"Shelby, AL",2024,235969.0
01119,"Sumter, AL",2019,12430.0
01119,"Sumter, AL",2020,12192.0
01119,"Sumter, AL",2021,11960.0
01119,"Sumter, AL",2022,11894.0
01119,"Sumter, AL",2023,11737.0
01119,"Sumter, AL",2024,11607.0
01121,"Talladega, AL",2019,82144.0
01121,"Talladega, AL",2020,81416.0
01121,"Talladega, AL",2021,80556.0
01121,"Talladega, AL",2022,80674.0
01121,"Talladega, AL",2023,81083.0
01121,"Talladega, AL",2024,81375.0
01123,"Tallapoosa, AL",2019,41375.0
01123,"Tallapoosa, AL",2020,41288.0
01123,"Tallapoosa, AL",2021,41084.0
01123,"Tallapoosa, AL",2022,40910.0
01123,"Tallapoosa, AL",2023,40709.0
01123,"Tallapoosa, AL",2024,40699.0
01125,"Tuscaloosa, AL",2019,225397.0
01125,"Tuscaloosa, AL",2020,232651.0
01125,"Tuscaloosa, AL",2021,236699.0
01125,"Tuscaloosa, AL",2022,237995.0
01125,"Tuscaloosa, AL",2023,239204.0
01125,"Tuscaloosa, AL",2024,241212.0
01127,"Walker, AL",2019,65591.0
01127,"Walker, AL",2020,65141.0
01127,"Walker, AL",2021,64552.0
01127,"Walker, AL",2022,64408.0
01127,"Walker, AL",2023,64845.0
01127,"Walker, AL",2024,65260.0
01129,"Washington, AL",2019,15667.0
01129,"Washington, AL",2020,15331.0
01129,"Washington, AL",2021,15226.0
01129,"Washington, AL",2022,15098.0
01129,"Washington, AL",2023,15040.0
01129,"Washington, AL",2024,15018.0
01131,"Wilcox, AL",2019,10716.0
01131,"Wilcox, AL",2020,10533.0
01131,"Wilcox, AL",2021,10411.0
01131,"Wilcox, AL",2022,10124.0
01131,"Wilcox, AL",2023,9925.0
01131,"Wilcox, AL",2024,9865.0
01133,"Winston, AL",2019,23690.0
01133,"Winston, AL",2020,23488.0
01133,"Winston, AL",2021,23639.0
01133,"Winston, AL",2022,23741.0
01133,"Winston, AL",2023,23673.0
01133,"Winston, AL",2024,23869.0
02010,"Aleutian Islands Census Area, AK*",2019,0.0
02010,"Aleutian Islands Census Area, AK*",2020,0.0
02010,"Aleutian Islands Census Area, AK*",2021,0.0
02010,"Aleutian Islands Census Area, AK*",2022,0.0
02010,"Aleutian Islands Census Area, AK*",2023,0.0
02010,"Aleutian Islands Census Area, AK*",2024,0.0
02013,"Aleutians East Borough, AK*",2019,3354.0
02013,"Aleutians East Borough, AK*",2020,3426.0
02013,"Aleutians East Borough, AK*",2021,3416.0
02013,"Aleutians East Borough, AK*",2022,3453.0
02013,"Aleutians East Borough, AK*",2023,3529.0
02013,"Aleutians East Borough, AK*",2024,3632.0
02016,"Aleutians West Census Area, AK*",2019,5253.0
02016,"Aleutians West Census Area, AK*",2020,5223.0
02016,"Aleutians West Census Area, AK*",2021,5156.0
02016,"Aleutians West Census Area, AK*",2022,5115.0
02016,"Aleutians West Census Area, AK*",2023,5257.0
02016,"Aleutians West Census Area, AK*",2024,5424.0
02020,"Anchorage Municipality, AK",2019,292061.0
02020,"Anchorage Municipality, AK",2020,290905.0
02020,"Anchorage Municipality, AK",2021,288921.0
02020,"Anchorage Municipality, AK",2022,287520.0
02020,"Anchorage Municipality, AK",2023,287932.0
02020,"Anchorage Municipality, AK",2024,289600.0
02050,"Bethel Census Area, AK*",2019,18659.0
02050,"Bethel Census Area, AK*",2020,18670.0
02050,"Bethel Census Area, AK*",2021,18589.0
02050,"Bethel Census Area, AK*",2022,18272.0
02050,"Bethel Census Area, AK*",2023,18199.0
02050,"Bethel Census Area, AK*",2024,18237.0
02060,"Bristol Bay Borough, AK",2019,857.0
02060,"Bristol Bay Borough, AK",2020,830.0
02060,"Bristol Bay Borough, AK",2021,842.0
02060,"Bristol Bay Borough, AK",2022,877.0
02060,"Bristol Bay Borough, AK",2023,859.0
02060,"Bristol Bay Borough, AK",2024,884.0
02063,"Chugach Census Area, AK*",2019,0.0
02063,"Chugach Census Area, AK*",2020,7082.0
02063,"Chugach Census Area, AK*",2021,6967.0
02063,"Chugach Census Area, AK*",2022,6910.0
02063,"Chugach Census Area, AK*",2023,6749.0
02063,"Chugach Census Area, AK*",2024,6604.0
02066,"Copper River Census Area, AK*",2019,0.0
02066,"Copper River Census Area, AK*",2020,2614.0
02066,"Copper River Census Area, AK*",2021,2620.0
02066,"Copper River Census Area, AK*",2022,2607.0
02066,"Copper River Census Area, AK*",2023,2656.0
02066,"Copper River Census Area, AK*",2024,2631.0
02068,"Denali Borough, AK*",2019,1678.0
02068,"Denali Borough, AK*",2020,1614.0
02068,"Denali Borough, AK*",2021,1595.0
02068,"Denali Borough, AK*",2022,1583.0
02068,"Denali Borough, AK*",2023,1595.0
02068,"Denali Borough, AK*",2024,1621.0
02070,"Dillingham Census Area, AK*",2019,4920.0
02070,"Dillingham Census Area, AK*",2020,4840.0
02070,"Dillingham Census Area, AK*",2021,4794.0
02070,"Dillingham Census Area, AK*",2022,4716.0
02070,"Dillingham Census Area, AK*",2023,4626.0
02070,"Dillingham Census Area, AK*",2024,4642.0
02090,"Fairbanks North Star Borough, AK",2019,96728.0
02090,"Fairbanks North Star Borough, AK",2020,95349.0
02090,"Fairbanks North Star Borough, AK",2021,95553.0
02090,"Fairbanks North Star Borough, AK",2022,95749.0
02090,"Fairbanks North Star Borough, AK",2023,95700.0
02090,"Fairbanks North Star Borough, AK",2024,94951.0
02100,"Haines Borough, AK*",2019,2090.0
02100,"Haines Borough, AK*",2020,2085.0
02100,"Haines Borough, AK*",2021,2075.0
02100,"Haines Borough, AK*",2022,2079.0
02100,"Haines Borough, AK*",2023,2088.0
02100,"Haines Borough, AK*",2024,2104.0
02105,"Hoonah-Angoon Census Area, AK*",2019,2335.0
02105,"Hoonah-Angoon Census Area, AK*",2020,2354.0
02105,"Hoonah-Angoon Census Area, AK*",2021,2328.0
02105,"Hoonah-Angoon Census Area, AK*",2022,2282.0
02105,"Hoonah-Angoon Census Area, AK*",2023,2278.0
02105,"Hoonah-Angoon Census Area, AK*",2024,2312.0
02110,"Juneau City and Borough, AK",2019,32344.0
02110,"Juneau City and Borough, AK",2020,32203.0
02110,"Juneau City and Borough, AK",2021,31972.0
02110,"Juneau City and Borough, AK",2022,31742.0
02110,"Juneau City and Borough, AK",2023,31483.0
02110,"Juneau City and Borough, AK",2024,31572.0
02122,"Kenai Peninsula Borough, AK*",2019,58452.0
02122,"Kenai Peninsula Borough, AK*",2020,58941.0
02122,"Kenai Peninsula Borough, AK*",2021,59947.0
02122,"Kenai Peninsula Borough, AK*",2022,60631.0
02122,"Kenai Peninsula Borough, AK*",2023,61285.0
02122,"Kenai Peninsula Borough, AK*",2024,61259.0
02130,"Ketchikan Gateway Borough, AK*",2019,14049.0
02130,"Ketchikan Gateway Borough, AK*",2020,13912.0
02130,"Ketchikan Gateway Borough, AK*",2021,13823.0
02130,"Ketchikan Gateway Borough, AK*",2022,13719.0
02130,"Ketchikan Gateway Borough, AK*",2023,13708.0
02130,"Ketchikan Gateway Borough, AK*",2024,13677.0
02150,"Kodiak Island Borough, AK",2019,13251.0
02150,"Kodiak Island Borough, AK",2020,13044.0
02150,"Kodiak Island Borough, AK",2021,12844.0
02150,"Kodiak Island Borough, AK",2022,12655.0
02150,"Kodiak Island Borough, AK",2023,12659.0
02150,"Kodiak Island Borough, AK",2024,12654.0
02158,"Kusilvak Census Area, AK*",2019,8399.0
02158,"Kusilvak Census Area, AK*",2020,8369.0
02158,"Kusilvak Census Area, AK*",2021,8376.0
02158,"Kusilvak Census Area, AK*",2022,8196.0
02158,"Kusilvak Census Area, AK*",2023,7991.0
02158,"Kusilvak Census Area, AK*",2024,7946.0
02164,"Lake and Peninsula Borough, AK*",2019,1556.0
02164,"Lake and Peninsula Borough, AK*",2020,1452.0
02164,"Lake and Peninsula Borough, AK*",2021,1421.0
02164,"Lake and Peninsula Borough, AK*",2022,1375.0
02164,"Lake and Peninsula Borough, AK*",2023,1337.0
02164,"Lake and Peninsula Borough, AK*",2024,1315.0
02170,"Matanuska-Susitna Borough, AK",2019,106069.0
02170,"Matanuska-Susitna Borough, AK",2020,107522.0
02170,"Matanuska-Susitna Borough, AK",2021,111003.0
02170,"Matanuska-Susitna Borough, AK",2022,113505.0
02170,"Matanuska-Susitna Borough, AK",2023,115296.0
02170,"Matanuska-Susitna Borough, AK",2024,117613.0
02180,"Nome Census Area, AK",2019,10128.0
02180,"Nome Census Area, AK",2020,10019.0
02180,"Nome Census Area, AK",2021,9882.0
02180,"Nome Census Area, AK",2022,9804.0
02180,"Nome Census Area, AK",2023,9790.0
02180,"Nome Census Area, AK",2024,9836.0
02185,"North Slope Borough, AK*",2019,11027.0
02185,"North Slope Borough, AK*",2020,11006.0
02185,"North Slope Borough, AK*",2021,10969.0
02185,"North Slope Borough, AK*",2022,10789.0
02185,"North Slope Borough, AK*",2023,10621.0
02185,"North Slope Borough, AK*",2024,10663.0
02188,"Northwest Arctic Borough, AK",2019,7814.0
02188,"Northwest Arctic Borough, AK",2020,7795.0
02188,"Northwest Arctic Borough, AK",2021,7588.0
02188,"Northwest Arctic Borough, AK",2022,7401.0
02188,"Northwest Arctic Borough, AK",2023,7286.0
02188,"Northwest Arctic Borough, AK",2024,7134.0
02195,"Petersburg Borough, AK*",2019,3399.0
02195,"Petersburg Borough, AK*",2020,3407.0
02195,"Petersburg Borough, AK*",2021,3385.0
02195,"Petersburg Borough, AK*",2022,3381.0
02195,"Petersburg Borough, AK*",2023,3431.0
02195,"Petersburg Borough, AK*",2024,3436.0
02198,"Prince of Wales-Hyder Census Area, AK*",2019,5846.0
02198,"Prince of Wales-Hyder Census Area, AK*",2020,5745.0
02198,"Prince of Wales-Hyder Census Area, AK*",2021,5723.0
02198,"Prince of Wales-Hyder Census Area, AK*",2022,5655.0
02198,"Prince of Wales-Hyder Census Area, AK*",2023,5708.0
02198,"Prince of Wales-Hyder Census Area, AK*",2024,5746.0
02201,"Prince of Wales-Outer Ketchikan Census Area, AK*",2019,0.0
02201,"Prince of Wales-Outer Ketchikan Census Area, AK*",2020,0.0
02201,"Prince of Wales-Outer Ketchikan Census Area, AK*",2021,0.0
02201,"Prince of Wales-Outer Ketchikan Census Area, AK*",2022,0.0
02201,"Prince of Wales-Outer Ketchikan Census Area, AK*",2023,0.0
02201,"Prince of Wales-Outer Ketchikan Census Area, AK*",2024,0.0
02220,"Sitka City and Borough, AK*",2019,8536.0
02220,"Sitka City and Borough, AK*",2020,8430.0
02220,"Sitka City and Borough, AK*",2021,8382.0
02220,"Sitka City and Borough, AK*",2022,8370.0
02220,"Sitka City and Borough, AK*",2023,8304.0
02220,"Sitka City and Borough, AK*",2024,8355.0
02230,"Skagway Municipality, AK*",2019,1257.0
02230,"Skagway Municipality, AK*",2020,1240.0
02230,"Skagway Municipality, AK*",2021,1149.0
02230,"Skagway Municipality, AK*",2022,1096.0
02230,"Skagway Municipality, AK*",2023,1101.0
02230,"Skagway Municipality, AK*",2024,1119.0
02231,"Skagway-Yakutat-Angoon Census Area, AK*",2019,0.0
02231,"Skagway-Yakutat-Angoon Census Area, AK*",2020,0.0
02231,"Skagway-Yakutat-Angoon Census Area, AK*",2021,0.0
02231,"Skagway-Yakutat-Angoon Census Area, AK*",2022,0.0
02231,"Skagway-Yakutat-Angoon Census Area, AK*",2023,0.0
02231,"Skagway-Yakutat-Angoon Census Area, AK*",2024,0.0
02232,"Skagway-Hoonah-Angoon Census Area, AK*",2019,0.0
02232,"Skagway-Hoonah-Angoon Census Area, AK*",2020,0.0
02232,"Skagway-Hoonah-Angoon Census Area, AK*",2021,0.0
02232,"Skagway-Hoonah-Angoon Census Area, AK*",2022,0.0
02232,"Skagway-Hoonah-Angoon Census Area, AK*",2023,0.0
02232,"Skagway-Hoonah-Angoon Census Area, AK*",2024,0.0
02240,"Southeast Fairbanks Census Area, AK*",2019,6793.0
02240,"Southeast Fairbanks Census Area, AK*",2020,6826.0
02240,"Southeast Fairbanks Census Area, AK*",2021,7015.0
02240,"Southeast Fairbanks Census Area, AK*",2022,7039.0
02240,"Southeast Fairbanks Census Area, AK*",2023,7148.0
02240,"Southeast Fairbanks Census Area, AK*",2024,7313.0
02261,"Valdez-Cordova Census Area, AK*",2019,9707.0
02261,"Valdez-Cordova Census Area, AK*",2020,0.0
02261,"Valdez-Cordova Census Area, AK*",2021,0.0
02261,"Valdez-Cordova Census Area, AK*",2022,0.0
02261,"Valdez-Cordova Census Area, AK*",2023,0.0
02261,"Valdez-Cordova Census Area, AK*",2024,0.0
02275,"Wrangell City and Borough, AK*",2019,2168.0
02275,"Wrangell City and Borough, AK*",2020,2129.0
02275,"Wrangell City and Borough, AK*",2021,2103.0
02275,"Wrangell City and Borough, AK*",2022,2071.0
02275,"Wrangell City and Borough, AK*",2023,2072.0
02275,"Wrangell City and Borough, AK*",2024,2064.0
02280,"Wrangell-Petersburg Census Area, AK*",2019,0.0
02280,"Wrangell-Petersburg Census Area, AK*",2020,0.0
02280,"Wrangell-Petersburg Census Area, AK*",2021,0.0
02280,"Wrangell-Petersburg Census Area, AK*",2022,0.0
02280,"Wrangell-Petersburg Census Area, AK*",2023,0.0
02280,"Wrangell-Petersburg Census Area, AK*",2024,0.0
02282,"Yakutat City and Borough, AK*",2019,626.0
02282,"Yakutat City and Borough, AK*",2020,682.0
02282,"Yakutat City and Borough, AK*",2021,710.0
02282,"Yakutat City and Borough, AK*",2022,685.0
02282,"Yakutat City and Borough, AK*",2023,686.0
02282,"Yakutat City and Borough, AK*",2024,690.0
02290,"Yukon-Koyukuk Census Area, AK*",2019,5464.0
02290,"Yukon-Koyukuk Census Area, AK*",2020,5303.0
02290,"Yukon-Koyukuk Census Area, AK*",2021,5272.0
02290,"Yukon-Koyukuk Census Area, AK*",2022,5165.0
02290,"Yukon-Koyukuk Census Area, AK*",2023,5136.0
02290,"Yukon-Koyukuk Census Area, AK*",2024,5099.0
02901,"Aleutian Islands Division, AK*",2019,0.0
02901,"Aleutian Islands Division, AK*",2020,0.0
02901,"Aleutian Islands Division, AK*",2021,0.0
02901,"Aleutian Islands Division, AK*",2022,0.0
02901,"Aleutian Islands Division, AK*",2023,0.0
02901,"Aleutian Islands Division, AK*",2024,0.0
02903,"Angoon Division, AK*",2019,0.0
02903,"Angoon Division, AK*",2020,0.0
02903,"Angoon Division, AK*",2021,0.0
02903,"Angoon Division, AK*",2022,0.0
02903,"Angoon Division, AK*",2023,0.0
02903,"Angoon Division, AK*",2024,0.0
02904,"Barrow-North Slope Division, AK*",2019,0.0
02904,"Barrow-North Slope Division, AK*",2020,0.0
02904,"Barrow-North Slope Division, AK*",2021,0.0
02904,"Barrow-North Slope Division, AK*",2022,0.0
02904,"Barrow-North Slope Division, AK*",2023,0.0
02904,"Barrow-North Slope Division, AK*",2024,0.0
02905,"Bethel Division, AK*",2019,0.0
02905,"Bethel Division, AK*",2020,0.0
02905,"Bethel Division, AK*",2021,0.0
02905,"Bethel Division, AK*",2022,0.0
02905,"Bethel Division, AK*",2023,0.0
02905,"Bethel Division, AK*",2024,0.0
02907,"Bristol Bay Division, AK*",2019,0.0
02907,"Bristol Bay Division, AK*",2020,0.0
02907,"Bristol Bay Division, AK*",2021,0.0
02907,"Bristol Bay Division, AK*",2022,0.0
02907,"Bristol Bay Division, AK*",2023,0.0
02907,"Bristol Bay Division, AK*",2024,0.0
02908,"Cordova-McCarthy Division, AK*",2019,0.0
02908,"Cordova-McCarthy Division, AK*",2020,0.0
02908,"Cordova-McCarthy Division, AK*",2021,0.0
02908,"Cordova-McCarthy Division, AK*",2022,0.0
02908,"Cordova-McCarthy Division, AK*",2023,0.0
02908,"Cordova-McCarthy Division, AK*",2024,0.0
02910,"Haines Division, AK*",2019,0.0
02910,"Haines Division, AK*",2020,0.0
02910,"Haines Division, AK*",2021,0.0
02910,"Haines Division, AK*",2022,0.0
02910,"Haines Division, AK*",2023,0.0
02910,"Haines Division, AK*",2024,0.0
02912,"Kenai-Cook Inlet Division, AK*",2019,0.0
02912,"Kenai-Cook Inlet Division, AK*",2020,0.0
02912,"Kenai-Cook Inlet Division, AK*",2021,0.0
02912,"Kenai-Cook Inlet Division, AK*",2022,0.0
02912,"Kenai-Cook Inlet Division, AK*",2023,0.0
02912,"Kenai-Cook Inlet Division, AK*",2024,0.0
02916,"Kuskokwim Division, AK*",2019,0.0
02916,"Kuskokwim Division, AK*",2020,0.0
02916,"Kuskokwim Division, AK*",2021,0.0
02916,"Kuskokwim Division, AK*",2022,0.0
02916,"Kuskokwim Division, AK*",2023,0.0
02916,"Kuskokwim Division, AK*",2024,0.0
02919,"Outer Ketchikan Division, AK*",2019,0.0
02919,"Outer Ketchikan Division, AK*",2020,0.0
02919,"Outer Ketchikan Division, AK*",2021,0.0
02919,"Outer Ketchikan Division, AK*",2022,0.0
02919,"Outer Ketchikan Division, AK*",2023,0.0
02919,"Outer Ketchikan Division, AK*",2024,0.0
02920,"Prince of Wales Division, AK*",2019,0.0
02920,"Prince of Wales Division, AK*",2020,0.0
02920,"Prince of Wales Division, AK*",2021,0.0
02920,"Prince of Wales Division, AK*",2022,0.0
02920,"Prince of Wales Division, AK*",2023,0.0
02920,"Prince of Wales Division, AK*",2024,0.0
02921,"Seward Division, AK*",2019,0.0
02921,"Seward Division, AK*",2020,0.0
02921,"Seward Division, AK*",2021,0.0
02921,"Seward Division, AK*",2022,0.0
02921,"Seward Division, AK*",2023,0.0
02921,"Seward Division, AK*",2024,0.0
02922,"Sitka Division, AK*",2019,0.0
02922,"Sitka Division, AK*",2020,0.0
02922,"Sitka Division, AK*",2021,0.0
02922,"Sitka Division, AK*",2022,0.0
02922,"Sitka Division, AK*",2023,0.0
02922,"Sitka Division, AK*",2024,0.0
02923,"Skagway-Yakutat Division, AK*",2019,0.0
02923,"Skagway-Yakutat Division, AK*",2020,0.0
02923,"Skagway-Yakutat Division, AK*",2021,0.0
02923,"Skagway-Yakutat Division, AK*",2022,0.0
02923,"Skagway-Yakutat Division, AK*",2023,0.0
02923,"Skagway-Yakutat Division, AK*",2024,0.0
02924,"Southeast Fairbanks Division, AK*",2019,0.0
02924,"Southeast Fairbanks Division, AK*",2020,0.0
02924,"Southeast Fairbanks Division, AK*",2021,0.0
02924,"Southeast Fairbanks Division, AK*",2022,0.0
02924,"Southeast Fairbanks Division, AK*",2023,0.0
02924,"Southeast Fairbanks Division, AK*",2024,0.0
02925,"Upper Yukon Division, AK*",2019,0.0
02925,"Upper Yukon Division, AK*",2020,0.0
02925,"Upper Yukon Division, AK*",2021,0.0
02925,"Upper Yukon Division, AK*",2022,0.0
02925,"Upper Yukon Division, AK*",2023,0.0
02925,"Upper Yukon Division, AK*",2024,0.0
02926,"Valdez-Chitina-Whittier Division, AK*",2019,0.0
02926,"Valdez-Chitina-Whittier Division, AK*",2020,0.0
02926,"Valdez-Chitina-Whittier Division, AK*",2021,0.0
02926,"Valdez-Chitina-Whittier Division, AK*",2022,0.0
02926,"Valdez-Chitina-Whittier Division, AK*",2023,0.0
02926,"Valdez-Chitina-Whittier Division, AK*",2024,0.0
02928,"Wrangell-Petersburg Division, AK*",2019,0.0
02928,"Wrangell-Petersburg Division, AK*",2020,0.0
02928,"Wrangell-Petersburg Division, AK*",2021,0.0
02928,"Wrangell-Petersburg Division, AK*",2022,0.0
02928,"Wrangell-Petersburg Division, AK*",2023,0.0
02928,"Wrangell-Petersburg Division, AK*",2024,0.0
02929,"Yukon-Koyukuk Division, AK*",2019,0.0
02929,"Yukon-Koyukuk Division, AK*",2020,0.0
02929,"Yukon-Koyukuk Division, AK*",2021,0.0
02929,"Yukon-Koyukuk Division, AK*",2022,0.0
02929,"Yukon-Koyukuk Division, AK*",2023,0.0
02929,"Yukon-Koyukuk Division, AK*",2024,0.0
04001,"Apache, AZ",2019,66460.0
04001,"Apache, AZ",2020,65917.0
04001,"Apache, AZ",2021,65396.0
04001,"Apache, AZ",2022,65470.0
04001,"Apache, AZ",2023,65121.0
04001,"Apache, AZ",2024,64800.0
04003,"Cochise, AZ",2019,125334.0
04003,"Cochise, AZ",2020,125533.0
04003,"Cochise, AZ",2021,126147.0
04003,"Cochise, AZ",2022,125497.0
04003,"Cochise, AZ",2023,124881.0
04003,"Cochise, AZ",2024,125773.0
04005,"Coconino, AZ",2019,145975.0
04005,"Coconino, AZ",2020,145190.0
04005,"Coconino, AZ",2021,142927.0
04005,"Coconino, AZ",2022,144326.0
04005,"Coconino, AZ",2023,144934.0
04005,"Coconino, AZ",2024,145161.0
04007,"Gila, AZ",2019,53130.0
04007,"Gila, AZ",2020,53355.0
04007,"Gila, AZ",2021,53559.0
04007,"Gila, AZ",2022,53927.0
04007,"Gila, AZ",2023,54060.0
04007,"Gila, AZ",2024,54073.0
04009,"Graham, AZ",2019,38330.0
04009,"Graham, AZ",2020,38630.0
04009,"Graham, AZ",2021,38923.0
04009,"Graham, AZ",2022,38802.0
04009,"Graham, AZ",2023,39561.0
04009,"Graham, AZ",2024,40242.0
04011,"Greenlee, AZ",2019,9651.0
04011,"Greenlee, AZ",2020,9531.0
04011,"Greenlee, AZ",2021,9401.0
04011,"Greenlee, AZ",2022,9321.0
04011,"Greenlee, AZ",2023,9383.0
04011,"Greenlee, AZ",2024,9410.0
04012,"La Paz, AZ*",2019,16737.0
04012,"La Paz, AZ*",2020,16573.0
04012,"La Paz, AZ*",2021,16390.0
04012,"La Paz, AZ*",2022,16555.0
04012,"La Paz, AZ*",2023,16812.0
04012,"La Paz, AZ*",2024,16992.0
04013,"Maricopa, AZ",2019,4363090.0
04013,"Maricopa, AZ",2020,4445415.0
04013,"Maricopa, AZ",2021,4500147.0
04013,"Maricopa, AZ",2022,4564457.0
04013,"Maricopa, AZ",2023,4615625.0
04013,"Maricopa, AZ",2024,4673096.0
04015,"Mohave, AZ",2019,210821.0
04015,"Mohave, AZ",2020,214173.0
04015,"Mohave, AZ",2021,217186.0
04015,"Mohave, AZ",2022,220947.0
04015,"Mohave, AZ",2023,223801.0
04015,"Mohave, AZ",2024,226479.0
04017,"Navajo, AZ",2019,106255.0
04017,"Navajo, AZ",2020,106773.0
04017,"Navajo, AZ",2021,107736.0
04017,"Navajo, AZ",2022,108771.0
04017,"Navajo, AZ",2023,109281.0
04017,"Navajo, AZ",2024,109516.0
04019,"Pima, AZ",2019,1034864.0
04019,"Pima, AZ",2020,1045227.0
04019,"Pima, AZ",2021,1049083.0
04019,"Pima, AZ",2022,1059412.0
04019,"Pima, AZ",2023,1068579.0
04019,"Pima, AZ",2024,1080149.0
04021,"Pinal, AZ",2019,414398.0
04021,"Pinal, AZ",2020,430213.0
04021,"Pinal, AZ",2021,449086.0
04021,"Pinal, AZ",2022,465476.0
04021,"Pinal, AZ",2023,486395.0
04021,"Pinal, AZ",2024,513862.0
04023,"Santa Cruz, AZ",2019,47507.0
04023,"Santa Cruz, AZ",2020,47712.0
04023,"Santa Cruz, AZ",2021,47962.0
04023,"Santa Cruz, AZ",2022,48801.0
04023,"Santa Cruz, AZ",2023,49647.0
04023,"Santa Cruz, AZ",2024,50508.0
04025,"Yavapai, AZ",2019,233165.0
04025,"Yavapai, AZ",2020,237228.0
04025,"Yavapai, AZ",2021,242392.0
04025,"Yavapai, AZ",2022,246266.0
04025,"Yavapai, AZ",2023,249499.0
04025,"Yavapai, AZ",2024,252013.0
04027,"Yuma, AZ*",2019,201978.0
04027,"Yuma, AZ*",2020,205665.0
04027,"Yuma, AZ*",2021,207743.0
04027,"Yuma, AZ*",2022,209538.0
04027,"Yuma, AZ*",2023,215448.0
04027,"Yuma, AZ*",2024,220310.0
05001,"Arkansas, AR",2019,17247.0
05001,"Arkansas, AR",2020,17104.0
05001,"Arkansas, AR",2021,16668.0
05001,"Arkansas, AR",2022,16458.0
05001,"Arkansas, AR",2023,16295.0
05001,"Arkansas, AR",2024,16050.0
05003,"Ashley, AR",2019,19358.0
05003,"Ashley, AR",2020,18963.0
05003,"Ashley, AR",2021,18647.0
05003,"Ashley, AR",2022,18318.0
05003,"Ashley, AR",2023,18232.0
05003,"Ashley, AR",2024,17984.0
05005,"Baxter, AR",2019,41414.0
05005,"Baxter, AR",2020,41696.0
05005,"Baxter, AR",2021,42174.0
05005,"Baxter, AR",2022,42378.0
05005,"Baxter, AR",2023,42781.0
05005,"Baxter, AR",2024,43007.0
05007,"Benton, AR",2019,277645.0
05007,"Benton, AR",2020,286621.0
05007,"Benton, AR",2021,294168.0
05007,"Benton, AR",2022,303558.0
05007,"Benton, AR",2023,312248.0
05007,"Benton, AR",2024,321566.0
05009,"Boone, AR",2019,37335.0
05009,"Boone, AR",2020,37393.0
05009,"Boone, AR",2021,37890.0
05009,"Boone, AR",2022,38254.0
05009,"Boone, AR",2023,38516.0
05009,"Boone, AR",2024,38636.0
05011,"Bradley, AR",2019,10655.0
05011,"Bradley, AR",2020,10492.0
05011,"Bradley, AR",2021,10337.0
05011,"Bradley, AR",2022,10167.0
05011,"Bradley, AR",2023,10109.0
05011,"Bradley, AR",2024,9935.0
05013,"Calhoun, AR",2019,4782.0
05013,"Calhoun, AR",2020,4736.0
05013,"Calhoun, AR",2021,4729.0
05013,"Calhoun, AR",2022,4703.0
05013,"Calhoun, AR",2023,4664.0
05013,"Calhoun, AR",2024,4690.0
05015,"Carroll, AR",2019,28269.0
05015,"Carroll, AR",2020,28241.0
05015,"Carroll, AR",2021,28514.0
05015,"Carroll, AR",2022,28667.0
05015,"Carroll, AR",2023,28738.0
05015,"Carroll, AR",2024,28968.0
05017,"Chicot, AR",2019,10375.0
05017,"Chicot, AR",2020,10159.0
05017,"Chicot, AR",2021,10051.0
05017,"Chicot, AR",2022,9836.0
05017,"Chicot, AR",2023,9507.0
05017,"Chicot, AR",2024,9272.0
05019,"Clark, AR",2019,21669.0
05019,"Clark, AR",2020,21403.0
05019,"Clark, AR",2021,21248.0
05019,"Clark, AR",2022,21136.0
05019,"Clark, AR",2023,20918.0
05019,"Clark, AR",2024,20920.0
05021,"Clay, AR",2019,14620.0
05021,"Clay, AR",2020,14534.0
05021,"Clay, AR",2021,14334.0
05021,"Clay, AR",2022,14229.0
05021,"Clay, AR",2023,14191.0
05021,"Clay, AR",2024,14112.0
05023,"Cleburne, AR",2019,24759.0
05023,"Cleburne, AR",2020,24716.0
05023,"Cleburne, AR",2021,25020.0
05023,"Cleburne, AR",2022,25272.0
05023,"Cleburne, AR",2023,25476.0
05023,"Cleburne, AR",2024,25646.0
05025,"Cleveland, AR",2019,7555.0
05025,"Cleveland, AR",2020,7554.0
05025,"Cleveland, AR",2021,7489.0
05025,"Cleveland, AR",2022,7471.0
05025,"Cleveland, AR",2023,7386.0
05025,"Cleveland, AR",2024,7367.0
05027,"Columbia, AR",2019,22947.0
05027,"Columbia, AR",2020,22743.0
05027,"Columbia, AR",2021,22470.0
05027,"Columbia, AR",2022,22316.0
05027,"Columbia, AR",2023,22193.0
05027,"Columbia, AR",2024,22024.0
05029,"Conway, AR",2019,20610.0
05029,"Conway, AR",2020,20734.0
05029,"Conway, AR",2021,20905.0
05029,"Conway, AR",2022,21091.0
05029,"Conway, AR",2023,21118.0
05029,"Conway, AR",2024,21422.0
05031,"Craighead, AR",2019,110130.0
05031,"Craighead, AR",2020,111623.0
05031,"Craighead, AR",2021,111695.0
05031,"Craighead, AR",2022,112828.0
05031,"Craighead, AR",2023,114245.0
05031,"Craighead, AR",2024,115852.0
05033,"Crawford, AR",2019,60325.0
05033,"Crawford, AR",2020,60160.0
05033,"Crawford, AR",2021,60382.0
05033,"Crawford, AR",2022,61084.0
05033,"Crawford, AR",2023,61810.0
05033,"Crawford, AR",2024,62258.0
05035,"Crittenden, AR",2019,48324.0
05035,"Crittenden, AR",2020,48090.0
05035,"Crittenden, AR",2021,47405.0
05035,"Crittenden, AR",2022,47031.0
05035,"Crittenden, AR",2023,47171.0
05035,"Crittenden, AR",2024,46633.0
05037,"Cross, AR",2019,16913.0
05037,"Cross, AR",2020,16801.0
05037,"Cross, AR",2021,16671.0
05037,"Cross, AR",2022,16594.0
05037,"Cross, AR",2023,16453.0
05037,"Cross, AR",2024,16194.0
05039,"Dallas, AR",2019,6616.0
05039,"Dallas, AR",2020,6441.0
05039,"Dallas, AR",2021,6307.0
05039,"Dallas, AR",2022,6197.0
05039,"Dallas, AR",2023,6187.0
05039,"Dallas, AR",2024,6076.0
05041,"Desha, AR",2019,11585.0
05041,"Desha, AR",2020,11321.0
05041,"Desha, AR",2021,11048.0
05041,"Desha, AR",2022,10760.0
05041,"Desha, AR",2023,10478.0
05041,"Desha, AR",2024,10321.0
05043,"Drew, AR",2019,17463.0
05043,"Drew, AR",2020,17315.0
05043,"Drew, AR",2021,17063.0
05043,"Drew, AR",2022,16930.0
05043,"Drew, AR",2023,16986.0
05043,"Drew, AR",2024,16935.0
05045,"Faulkner, AR",2019,122866.0
05045,"Faulkner, AR",2020,123820.0
05045,"Faulkner, AR",2021,125590.0
05045,"Faulkner, AR",2022,127656.0
05045,"Faulkner, AR",2023,129909.0
05045,"Faulkner, AR",2024,131611.0
05047,"Franklin, AR",2019,17026.0
05047,"Franklin, AR",2020,17141.0
05047,"Franklin, AR",2021,17159.0
05047,"Franklin, AR",2022,17274.0
05047,"Franklin, AR",2023,17471.0
05047,"Franklin, AR",2024,17586.0
05049,"Fulton, AR",2019,12184.0
05049,"Fulton, AR",2020,12051.0
05049,"Fulton, AR",2021,12137.0
05049,"Fulton, AR",2022,12354.0
05049,"Fulton, AR",2023,12422.0
05049,"Fulton, AR",2024,12546.0
05051,"Garland, AR",2019,99828.0
05051,"Garland, AR",2020,100266.0
05051,"Garland, AR",2021,100306.0
05051,"Garland, AR",2022,99942.0
05051,"Garland, AR",2023,99759.0
05051,"Garland, AR",2024,99902.0
05053,"Grant, AR",2019,17860.0
05053,"Grant, AR",2020,18019.0
05053,"Grant, AR",2021,18124.0
05053,"Grant, AR",2022,18127.0
05053,"Grant, AR",2023,18392.0
05053,"Grant, AR",2024,18546.0
05055,"Greene, AR",2019,45482.0
05055,"Greene, AR",2020,45861.0
05055,"Greene, AR",2021,46314.0
05055,"Greene, AR",2022,46359.0
05055,"Greene, AR",2023,46700.0
05055,"Greene, AR",2024,46928.0
05057,"Hempstead, AR",2019,20379.0
05057,"Hempstead, AR",2020,19986.0
05057,"Hempstead, AR",2021,19660.0
05057,"Hempstead, AR",2022,19469.0
05057,"Hempstead, AR",2023,19321.0
05057,"Hempstead, AR",2024,19105.0
05059,"Hot Spring, AR",2019,33068.0
05059,"Hot Spring, AR",2020,33076.0
05059,"Hot Spring, AR",2021,33078.0
05059,"Hot Spring, AR",2022,33170.0
05059,"Hot Spring, AR",2023,33259.0
05059,"Hot Spring, AR",2024,33313.0
05061,"Howard, AR",2019,12886.0
05061,"Howard, AR",2020,12758.0
05061,"Howard, AR",2021,12689.0
05061,"Howard, AR",2022,12583.0
05061,"Howard, AR",2023,12500.0
05061,"Howard, AR",2024,12387.0
05063,"Independence, AR",2019,37937.0
05063,"Independence, AR",2020,37945.0
05063,"Independence, AR",2021,38034.0
05063,"Independence, AR",2022,38223.0
05063,"Independence, AR",2023,38329.0
05063,"Independence, AR",2024,38345.0
05065,"Izard, AR",2019,13583.0
05065,"Izard, AR",2020,13604.0
05065,"Izard, AR",2021,13916.0
05065,"Izard, AR",2022,14033.0
05065,"Izard, AR",2023,14202.0
05065,"Izard, AR",2024,14291.0
05067,"Jackson, AR",2019,16847.0
05067,"Jackson, AR",2020,16759.0
05067,"Jackson, AR",2021,16771.0
05067,"Jackson, AR",2022,16607.0
05067,"Jackson, AR",2023,16749.0
05067,"Jackson, AR",2024,16673.0
05069,"Jefferson, AR",2019,68413.0
05069,"Jefferson, AR",2020,66835.0
05069,"Jefferson, AR",2021,65624.0
05069,"Jefferson, AR",2022,64341.0
05069,"Jefferson, AR",2023,63539.0
05069,"Jefferson, AR",2024,63672.0
05071,"Johnson, AR",2019,25858.0
05071,"Johnson, AR",2020,25727.0
05071,"Johnson, AR",2021,25959.0
05071,"Johnson, AR",2022,25997.0
05071,"Johnson, AR",2023,26161.0
05071,"Johnson, AR",2024,26172.0
05073,"Lafayette, AR",2019,6377.0
05073,"Lafayette, AR",2020,6295.0
05073,"Lafayette, AR",2021,6154.0
05073,"Lafayette, AR",2022,6136.0
05073,"Lafayette, AR",2023,6082.0
05073,"Lafayette, AR",2024,6015.0
05075,"Lawrence, AR",2019,16246.0
05075,"Lawrence, AR",2020,16216.0
05075,"Lawrence, AR",2021,16296.0
05075,"Lawrence, AR",2022,16146.0
05075,"Lawrence, AR",2023,16225.0
05075,"Lawrence, AR",2024,16305.0
05077,"Lee, AR",2019,8878.0
05077,"Lee, AR",2020,8530.0
05077,"Lee, AR",2021,8565.0
05077,"Lee, AR",2022,8373.0
05077,"Lee, AR",2023,8221.0
05077,"Lee, AR",2024,8104.0
05079,"Lincoln, AR",2019,12977.0
05079,"Lincoln, AR",2020,12890.0
05079,"Lincoln, AR",2021,13177.0
05079,"Lincoln, AR",2022,12914.0
05079,"Lincoln, AR",2023,12900.0
05079,"Lincoln, AR",2024,12868.0
05081,"Little River, AR",2019,12181.0
05081,"Little River, AR",2020,11971.0
05081,"Little River, AR",2021,11929.0
05081,"Little River, AR",2022,11811.0
05081,"Little River, AR",2023,11766.0
05081,"Little River, AR",2024,11626.0
05083,"Logan, AR",2019,21224.0
05083,"Logan, AR",2020,21109.0
05083,"Logan, AR",2021,21217.0
05083,"Logan, AR",2022,21242.0
05083,"Logan, AR",2023,21360.0
05083,"Logan, AR",2024,21457.0
05085,"Lonoke, AR",2019,73754.0
05085,"Lonoke, AR",2020,74072.0
05085,"Lonoke, AR",2021,74755.0
05085,"Lonoke, AR",2022,75219.0
05085,"Lonoke, AR",2023,75924.0
05085,"Lonoke, AR",2024,76389.0
05087,"Madison, AR",2019,16427.0
05087,"Madison, AR",2020,16560.0
05087,"Madison, AR",2021,16961.0
05087,"Madison, AR",2022,17493.0
05087,"Madison, AR",2023,17767.0
05087,"Madison, AR",2024,17865.0
05089,"Marion, AR",2019,16710.0
05089,"Marion, AR",2020,16867.0
05089,"Marion, AR",2021,16957.0
05089,"Marion, AR",2022,17236.0
05089,"Marion, AR",2023,17485.0
05089,"Marion, AR",2024,17593.0
05091,"Miller, AR",2019,42785.0
05091,"Miller, AR",2020,42586.0
05091,"Miller, AR",2021,42468.0
05091,"Miller, AR",2022,42484.0
05091,"Miller, AR",2023,42302.0
05091,"Miller, AR",2024,41958.0
05093,"Mississippi, AR",2019,41130.0
05093,"Mississippi, AR",2020,40545.0
05093,"Mississippi, AR",2021,39525.0
05093,"Mississippi, AR",2022,38829.0
05093,"Mississippi, AR",2023,38635.0
05093,"Mississippi, AR",2024,38095.0
05095,"Monroe, AR",2019,6885.0
05095,"Monroe, AR",2020,6771.0
05095,"Monroe, AR",2021,6644.0
05095,"Monroe, AR",2022,6574.0
05095,"Monroe, AR",2023,6540.0
05095,"Monroe, AR",2024,6415.0
05097,"Montgomery, AR",2019,8565.0
05097,"Montgomery, AR",2020,8484.0
05097,"Montgomery, AR",2021,8636.0
05097,"Montgomery, AR",2022,8531.0
05097,"Montgomery, AR",2023,8605.0
05097,"Montgomery, AR",2024,8510.0
05099,"Nevada, AR",2019,8375.0
05099,"Nevada, AR",2020,8287.0
05099,"Nevada, AR",2021,8187.0
05099,"Nevada, AR",2022,8191.0
05099,"Nevada, AR",2023,8126.0
05099,"Nevada, AR",2024,8004.0
05101,"Newton, AR",2019,7329.0
05101,"Newton, AR",2020,7196.0
05101,"Newton, AR",2021,7167.0
05101,"Newton, AR",2022,7093.0
05101,"Newton, AR",2023,7079.0
05101,"Newton, AR",2024,7026.0
05103,"Ouachita, AR",2019,22835.0
05103,"Ouachita, AR",2020,22617.0
05103,"Ouachita, AR",2021,22319.0
05103,"Ouachita, AR",2022,22010.0
05103,"Ouachita, AR",2023,21793.0
05103,"Ouachita, AR",2024,21684.0
05105,"Perry, AR",2019,10106.0
05105,"Perry, AR",2020,10003.0
05105,"Perry, AR",2021,9991.0
05105,"Perry, AR",2022,10073.0
05105,"Perry, AR",2023,10188.0
05105,"Perry, AR",2024,10251.0
05107,"Phillips, AR",2019,16974.0
05107,"Phillips, AR",2020,16441.0
05107,"Phillips, AR",2021,15813.0
05107,"Phillips, AR",2022,15344.0
05107,"Phillips, AR",2023,14991.0
05107,"Phillips, AR",2024,14661.0
05109,"Pike, AR",2019,10240.0
05109,"Pike, AR",2020,10156.0
05109,"Pike, AR",2021,10103.0
05109,"Pike, AR",2022,10123.0
05109,"Pike, AR",2023,10164.0
05109,"Pike, AR",2024,10027.0
05111,"Poinsett, AR",2019,23159.0
05111,"Poinsett, AR",2020,22955.0
05111,"Poinsett, AR",2021,22651.0
05111,"Poinsett, AR",2022,22434.0
05111,"Poinsett, AR",2023,22373.0
05111,"Poinsett, AR",2024,22300.0
05113,"Polk, AR",2019,19441.0
05113,"Polk, AR",2020,19186.0
05113,"Polk, AR",2021,19326.0
05113,"Polk, AR",2022,19368.0
05113,"Polk, AR",2023,19490.0
05113,"Polk, AR",2024,19434.0
05115,"Pope, AR",2019,63300.0
05115,"Pope, AR",2020,63407.0
05115,"Pope, AR",2021,63733.0
05115,"Pope, AR",2022,64023.0
05115,"Pope, AR",2023,64663.0
05115,"Pope, AR",2024,64829.0
05117,"Prairie, AR",2019,8354.0
05117,"Prairie, AR",2020,8247.0
05117,"Prairie, AR",2021,8086.0
05117,"Prairie, AR",2022,8038.0
05117,"Prairie, AR",2023,8012.0
05117,"Prairie, AR",2024,7935.0
05119,"Pulaski, AR",2019,397964.0
05119,"Pulaski, AR",2020,399286.0
05119,"Pulaski, AR",2021,398005.0
05119,"Pulaski, AR",2022,399886.0
05119,"Pulaski, AR",2023,400704.0
05119,"Pulaski, AR",2024,401209.0
05121,"Randolph, AR",2019,18477.0
05121,"Randolph, AR",2020,18595.0
05121,"Randolph, AR",2021,18798.0
05121,"Randolph, AR",2022,18842.0
05121,"Randolph, AR",2023,18913.0
05121,"Randolph, AR",2024,19040.0
05123,"St. Francis, AR",2019,23440.0
05123,"St. Francis, AR",2020,23019.0
05123,"St. Francis, AR",2021,22707.0
05123,"St. Francis, AR",2022,22387.0
05123,"St. Francis, AR",2023,22066.0
05123,"St. Francis, AR",2024,21822.0
05125,"Saline, AR",2019,122350.0
05125,"Saline, AR",2020,123820.0
05125,"Saline, AR",2021,125338.0
05125,"Saline, AR",2022,127419.0
05125,"Saline, AR",2023,129566.0
05125,"Saline, AR",2024,131252.0
05127,"Scott, AR",2019,9927.0
05127,"Scott, AR",2020,9829.0
05127,"Scott, AR",2021,9789.0
05127,"Scott, AR",2022,9787.0
05127,"Scott, AR",2023,9836.0
05127,"Scott, AR",2024,9837.0
05129,"Searcy, AR",2019,7857.0
05129,"Searcy, AR",2020,7844.0
05129,"Searcy, AR",2021,7894.0
05129,"Searcy, AR",2022,7905.0
05129,"Searcy, AR",2023,7818.0
05129,"Searcy, AR",2024,7836.0
05131,"Sebastian, AR",2019,127823.0
05131,"Sebastian, AR",2020,127813.0
05131,"Sebastian, AR",2021,128223.0
05131,"Sebastian, AR",2022,129226.0
05131,"Sebastian, AR",2023,129203.0
05131,"Sebastian, AR",2024,130035.0
05133,"Sevier, AR",2019,16118.0
05133,"Sevier, AR",2020,15782.0
05133,"Sevier, AR",2021,15709.0
05133,"Sevier, AR",2022,15681.0
05133,"Sevier, AR",2023,15654.0
05133,"Sevier, AR",2024,15735.0
05135,"Sharp, AR",2019,17183.0
05135,"Sharp, AR",2020,17315.0
05135,"Sharp, AR",2021,17678.0
05135,"Sharp, AR",2022,17790.0
05135,"Sharp, AR",2023,17954.0
05135,"Sharp, AR",2024,18130.0
05137,"Stone, AR",2019,12340.0
05137,"Stone, AR",2020,12347.0
05137,"Stone, AR",2021,12442.0
05137,"Stone, AR",2022,12591.0
05137,"Stone, AR",2023,12677.0
05137,"Stone, AR",2024,12785.0
05139,"Union, AR",2019,39356.0
05139,"Union, AR",2020,38940.0
05139,"Union, AR",2021,38285.0
05139,"Union, AR",2022,37858.0
05139,"Union, AR",2023,37409.0
05139,"Union, AR",2024,37008.0
05141,"Van Buren, AR",2019,15846.0
05141,"Van Buren, AR",2020,15797.0
05141,"Van Buren, AR",2021,15774.0
05141,"Van Buren, AR",2022,16114.0
05141,"Van Buren, AR",2023,16152.0
05141,"Van Buren, AR",2024,16152.0
05143,"Washington, AR",2019,242676.0
05143,"Washington, AR",2020,246779.0
05143,"Washington, AR",2021,251664.0
05143,"Washington, AR",2022,257316.0
05143,"Washington, AR",2023,261880.0
05143,"Washington, AR",2024,266184.0
05145,"White, AR",2019,76887.0
05145,"White, AR",2020,76863.0
05145,"White, AR",2021,77069.0
05145,"White, AR",2022,77645.0
05145,"White, AR",2023,78523.0
05145,"White, AR",2024,79091.0
05147,"Woodruff, AR",2019,6400.0
05147,"Woodruff, AR",2020,6221.0
05147,"Woodruff, AR",2021,6124.0
05147,"Woodruff, AR",2022,6038.0
05147,"Woodruff, AR",2023,5939.0
05147,"Woodruff, AR",2024,5808.0
05149,"Yell, AR",2019,20497.0
05149,"Yell, AR",2020,20217.0
05149,"Yell, AR",2021,20135.0
05149,"Yell, AR",2022,20121.0
05149,"Yell, AR",2023,20063.0
05149,"Yell, AR",2024,20134.0
06001,"Alameda, CA",2019,1683879.0
06001,"Alameda, CA",2020,1680614.0
06001,"Alameda, CA",2021,1643856.0
06001,"Alameda, CA",2022,1635693.0
06001,"Alameda, CA",2023,1638142.0
06001,"Alameda, CA",2024,1649060.0
06003,"Alpine, CA",2019,1198.0
06003,"Alpine, CA",2020,1179.0
06003,"Alpine, CA",2021,1203.0
06003,"Alpine, CA",2022,1169.0
06003,"Alpine, CA",2023,1126.0
06003,"Alpine, CA",2024,1099.0
06005,"Amador, CA",2019,40089.0
06005,"Amador, CA",2020,40584.0
06005,"Amador, CA",2021,41245.0
06005,"Amador, CA",2022,41486.0
06005,"Amador, CA",2023,41798.0
06005,"Amador, CA",2024,42026.0
06007,"Butte, CA",2019,216181.0
06007,"Butte, CA",2020,210222.0
06007,"Butte, CA",2021,206351.0
06007,"Butte, CA",2022,207384.0
06007,"Butte, CA",2023,207354.0
06007,"Butte, CA",2024,208334.0
06009,"Calaveras, CA",2019,45181.0
06009,"Calaveras, CA",2020,45350.0
06009,"Calaveras, CA",2021,46262.0
06009,"Calaveras, CA",2022,46544.0
06009,"Calaveras, CA",2023,46580.0
06009,"Calaveras, CA",2024,46505.0
06011,"Colusa, CA",2019,21735.0
06011,"Colusa, CA",2020,21868.0
06011,"Colusa, CA",2021,21931.0
06011,"Colusa, CA",2022,21952.0
06011,"Colusa, CA",2023,22093.0
06011,"Colusa, CA",2024,22074.0
06013,"Contra Costa, CA",2019,1164443.0
06013,"Contra Costa, CA",2020,1166165.0
06013,"Contra Costa, CA",2021,1163813.0
06013,"Contra Costa, CA",2022,1160296.0
06013,"Contra Costa, CA",2023,1162179.0
06013,"Contra Costa, CA",2024,1172607.0
06015,"Del Norte, CA",2019,27691.0
06015,"Del Norte, CA",2020,27616.0
06015,"Del Norte, CA",2021,27581.0
06015,"Del Norte, CA",2022,26758.0
06015,"Del Norte, CA",2023,26571.0
06015,"Del Norte, CA",2024,27009.0
06017,"El Dorado, CA",2019,191309.0
06017,"El Dorado, CA",2020,191250.0
06017,"El Dorado, CA",2021,193724.0
06017,"El Dorado, CA",2022,193071.0
06017,"El Dorado, CA",2023,192440.0
06017,"El Dorado, CA",2024,192823.0
06019,"Fresno, CA",2019,1004925.0
06019,"Fresno, CA",2020,1009613.0
06019,"Fresno, CA",2021,1012879.0
06019,"Fresno, CA",2022,1017107.0
06019,"Fresno, CA",2023,1019899.0
06019,"Fresno, CA",2024,1024125.0
06021,"Glenn, CA",2019,28977.0
06021,"Glenn, CA",2020,28889.0
06021,"Glenn, CA",2021,28714.0
06021,"Glenn, CA",2022,28371.0
06021,"Glenn, CA",2023,28190.0
06021,"Glenn, CA",2024,28304.0
06023,"Humboldt, CA",2019,136936.0
06023,"Humboldt, CA",2020,136324.0
06023,"Humboldt, CA",2021,134978.0
06023,"Humboldt, CA",2022,135013.0
06023,"Humboldt, CA",2023,134009.0
06023,"Humboldt, CA",2024,132380.0
06025,"Imperial, CA",2019,179727.0
06025,"Imperial, CA",2020,179730.0
06025,"Imperial, CA",2021,179206.0
06025,"Imperial, CA",2022,179767.0
06025,"Imperial, CA",2023,180585.0
06025,"Imperial, CA",2024,181724.0
06027,"Inyo, CA",2019,18881.0
06027,"Inyo, CA",2020,18999.0
06027,"Inyo, CA",2021,18920.0
06027,"Inyo, CA",2022,18745.0
06027,"Inyo, CA",2023,18548.0
06027,"Inyo, CA",2024,18485.0
06029,"Kern, CA",2019,906160.0
06029,"Kern, CA",2020,906124.0
06029,"Kern, CA",2021,912782.0
06029,"Kern, CA",2022,917293.0
06029,"Kern, CA",2023,916646.0
06029,"Kern, CA",2024,922529.0
06031,"Kings, CA",2019,152437.0
06031,"Kings, CA",2020,152797.0
06031,"Kings, CA",2021,152724.0
06031,"Kings, CA",2022,152776.0
06031,"Kings, CA",2023,153281.0
06031,"Kings, CA",2024,154913.0
06033,"Lake, CA",2019,67829.0
06033,"Lake, CA",2020,68200.0
06033,"Lake, CA",2021,68623.0
06033,"Lake, CA",2022,68239.0
06033,"Lake, CA",2023,67934.0
06033,"Lake, CA",2024,67764.0
06035,"Lassen, CA",2019,33043.0
06035,"Lassen, CA",2020,32319.0
06035,"Lassen, CA",2021,31884.0
06035,"Lassen, CA",2022,30401.0
06035,"Lassen, CA",2023,28838.0
06035,"Lassen, CA",2024,28340.0
06037,"Los Angeles, CA",2019,10053252.0
06037,"Los Angeles, CA",2020,9996634.0
06037,"Los Angeles, CA",2021,9809239.0
06037,"Los Angeles, CA",2022,9748447.0
06037,"Los Angeles, CA",2023,9731837.0
06037,"Los Angeles, CA",2024,9757179.0
06039,"Madera, CA",2019,155469.0
06039,"Madera, CA",2020,156434.0
06039,"Madera, CA",2021,159019.0
06039,"Madera, CA",2022,160414.0
06039,"Madera, CA",2023,163402.0
06039,"Madera, CA",2024,165432.0
06041,"Marin, CA",2019,263129.0
06041,"Marin, CA",2020,261341.0
06041,"Marin, CA",2021,259254.0
06041,"Marin, CA",2022,257143.0
06041,"Marin, CA",2023,255706.0
06041,"Marin, CA",2024,256400.0
06043,"Mariposa, CA",2019,17073.0
06043,"Mariposa, CA",2020,17133.0
06043,"Mariposa, CA",2021,17136.0
06043,"Mariposa, CA",2022,17095.0
06043,"Mariposa, CA",2023,16996.0
06043,"Mariposa, CA",2024,17048.0
06045,"Mendocino, CA",2019,91775.0
06045,"Mendocino, CA",2020,91362.0
06045,"Mendocino, CA",2021,91303.0
06045,"Mendocino, CA",2022,90027.0
06045,"Mendocino, CA",2023,89354.0
06045,"Mendocino, CA",2024,89175.0
06047,"Merced, CA",2019,279209.0
06047,"Merced, CA",2020,282963.0
06047,"Merced, CA",2021,284834.0
06047,"Merced, CA",2022,292034.0
06047,"Merced, CA",2023,294402.0
06047,"Merced, CA",2024,296774.0
06049,"Modoc, CA",2019,8778.0
06049,"Modoc, CA",2020,8677.0
06049,"Modoc, CA",2021,8640.0
06049,"Modoc, CA",2022,8625.0
06049,"Modoc, CA",2023,8566.0
06049,"Modoc, CA",2024,8491.0
06051,"Mono, CA",2019,13237.0
06051,"Mono, CA",2020,13225.0
06051,"Mono, CA",2021,13263.0
06051,"Mono, CA",2022,13055.0
06051,"Mono, CA",2023,13207.0
06051,"Mono, CA",2024,12991.0
06053,"Monterey, CA",2019,440023.0
06053,"Monterey, CA",2020,440506.0
06053,"Monterey, CA",2021,439245.0
06053,"Monterey, CA",2022,436427.0
06053,"Monterey, CA",2023,435637.0
06053,"Monterey, CA",2024,436251.0
06055,"Napa, CA",2019,139087.0
06055,"Napa, CA",2020,137465.0
06055,"Napa, CA",2021,136219.0
06055,"Napa, CA",2022,134492.0
06055,"Napa, CA",2023,133444.0
06055,"Napa, CA",2024,132727.0
06057,"Nevada, CA",2019,102016.0
06057,"Nevada, CA",2020,102267.0
06057,"Nevada, CA",2021,103499.0
06057,"Nevada, CA",2022,102356.0
06057,"Nevada, CA",2023,102086.0
06057,"Nevada, CA",2024,102195.0
06059,"Orange, CA",2019,3185850.0
06059,"Orange, CA",2020,3186261.0
06059,"Orange, CA",2021,3159351.0
06059,"Orange, CA",2022,3158489.0
06059,"Orange, CA",2023,3154563.0
06059,"Orange, CA",2024,3170435.0
06061,"Placer, CA",2019,401241.0
06061,"Placer, CA",2020,405951.0
06061,"Placer, CA",2021,412968.0
06061,"Placer, CA",2022,418439.0
06061,"Placer, CA",2023,424599.0
06061,"Placer, CA",2024,433822.0
06063,"Plumas, CA",2019,19793.0
06063,"Plumas, CA",2020,19761.0
06063,"Plumas, CA",2021,19965.0
06063,"Plumas, CA",2022,19433.0
06063,"Plumas, CA",2023,19120.0
06063,"Plumas, CA",2024,18834.0
06065,"Riverside, CA",2019,2403591.0
06065,"Riverside, CA",2020,2424663.0
06065,"Riverside, CA",2021,2455225.0
06065,"Riverside, CA",2022,2479628.0
06065,"Riverside, CA",2023,2503549.0
06065,"Riverside, CA",2024,2529933.0
06067,"Sacramento, CA",2019,1576171.0
06067,"Sacramento, CA",2020,1586727.0
06067,"Sacramento, CA",2021,1588824.0
06067,"Sacramento, CA",2022,1588743.0
06067,"Sacramento, CA",2023,1594506.0
06067,"Sacramento, CA",2024,1611231.0
06069,"San Benito, CA",2019,63173.0
06069,"San Benito, CA",2020,64533.0
06069,"San Benito, CA",2021,66703.0
06069,"San Benito, CA",2022,67715.0
06069,"San Benito, CA",2023,68341.0
06069,"San Benito, CA",2024,69159.0
06071,"San Bernardino, CA",2019,2171521.0
06071,"San Bernardino, CA",2020,2183526.0
06071,"San Bernardino, CA",2021,2190877.0
06071,"San Bernardino, CA",2022,2196029.0
06071,"San Bernardino, CA",2023,2200805.0
06071,"San Bernardino, CA",2024,2214281.0
06073,"San Diego, CA",2019,3297378.0
06073,"San Diego, CA",2020,3301182.0
06073,"San Diego, CA",2021,3274244.0
06073,"San Diego, CA",2022,3283755.0
06073,"San Diego, CA",2023,3285890.0
06073,"San Diego, CA",2024,3298799.0
06075,"San Francisco, CA",2019,881976.0
06075,"San Francisco, CA",2020,874826.0
06075,"San Francisco, CA",2021,815498.0
06075,"San Francisco, CA",2022,814176.0
06075,"San Francisco, CA",2023,819151.0
06075,"San Francisco, CA",2024,827526.0
06077,"San Joaquin, CA",2019,772845.0
06077,"San Joaquin, CA",2020,780676.0
06077,"San Joaquin, CA",2021,788096.0
06077,"San Joaquin, CA",2022,795880.0
06077,"San Joaquin, CA",2023,805909.0
06077,"San Joaquin, CA",2024,816108.0
06079,"San Luis Obispo, CA",2019,282594.0
06079,"San Luis Obispo, CA",2020,281924.0
06079,"San Luis Obispo, CA",2021,279468.0
06079,"San Luis Obispo, CA",2022,282535.0
06079,"San Luis Obispo, CA",2023,282007.0
06079,"San Luis Obispo, CA",2024,281843.0
06081,"San Mateo, CA",2019,768257.0
06081,"San Mateo, CA",2020,762727.0
06081,"San Mateo, CA",2021,739330.0
06081,"San Mateo, CA",2022,732485.0
06081,"San Mateo, CA",2023,734267.0
06081,"San Mateo, CA",2024,742893.0
06083,"Santa Barbara, CA",2019,448189.0
06083,"Santa Barbara, CA",2020,448083.0
06083,"Santa Barbara, CA",2021,437117.0
06083,"Santa Barbara, CA",2022,445286.0
06083,"Santa Barbara, CA",2023,443521.0
06083,"Santa Barbara, CA",2024,444500.0
06085,"Santa Clara, CA",2019,1943736.0
06085,"Santa Clara, CA",2020,1924802.0
06085,"Santa Clara, CA",2021,1878320.0
06085,"Santa Clara, CA",2022,1883653.0
06085,"Santa Clara, CA",2023,1897137.0
06085,"Santa Clara, CA",2024,1926325.0
06087,"Santa Cruz, CA",2019,272910.0
06087,"Santa Cruz, CA",2020,271768.0
06087,"Santa Cruz, CA",2021,260904.0
06087,"Santa Cruz, CA",2022,265851.0
06087,"Santa Cruz, CA",2023,263699.0
06087,"Santa Cruz, CA",2024,262406.0
06089,"Shasta, CA",2019,182308.0
06089,"Shasta, CA",2020,182190.0
06089,"Shasta, CA",2021,182243.0
06089,"Shasta, CA",2022,180972.0
06089,"Shasta, CA",2023,180656.0
06089,"Shasta, CA",2024,181121.0
06091,"Sierra, CA",2019,3237.0
06091,"Sierra, CA",2020,3229.0
06091,"Sierra, CA",2021,3298.0
06091,"Sierra, CA",2022,3215.0
06091,"Sierra, CA",2023,3180.0
06091,"Sierra, CA",2024,3113.0
06093,"Siskiyou, CA",2019,44307.0
06093,"Siskiyou, CA",2020,43999.0
06093,"Siskiyou, CA",2021,44144.0
06093,"Siskiyou, CA",2022,43746.0
06093,"Siskiyou, CA",2023,42941.0
06093,"Siskiyou, CA",2024,42498.0
06095,"Solano, CA",2019,453060.0
06095,"Solano, CA",2020,452887.0
06095,"Solano, CA",2021,450819.0
06095,"Solano, CA",2022,449724.0
06095,"Solano, CA",2023,451060.0
06095,"Solano, CA",2024,455101.0
06097,"Sonoma, CA",2019,490579.0
06097,"Sonoma, CA",2020,488501.0
06097,"Sonoma, CA",2021,484561.0
06097,"Sonoma, CA",2022,483398.0
06097,"Sonoma, CA",2023,483366.0
06097,"Sonoma, CA",2024,485375.0
06099,"Stanislaus, CA",2019,552059.0
06099,"Stanislaus, CA",2020,553710.0
06099,"Stanislaus, CA",2021,552939.0
06099,"Stanislaus, CA",2022,552410.0
06099,"Stanislaus, CA",2023,553921.0
06099,"Stanislaus, CA",2024,556972.0
06101,"Sutter, CA",2019,99714.0
06101,"Sutter, CA",2020,99479.0
06101,"Sutter, CA",2021,99121.0
06101,"Sutter, CA",2022,98682.0
06101,"Sutter, CA",2023,98457.0
06101,"Sutter, CA",2024,98545.0
06103,"Tehama, CA",2019,66230.0
06103,"Tehama, CA",2020,65690.0
06103,"Tehama, CA",2021,65467.0
06103,"Tehama, CA",2022,65269.0
06103,"Tehama, CA",2023,64959.0
06103,"Tehama, CA",2024,64451.0
06105,"Trinity, CA",2019,15908.0
06105,"Trinity, CA",2020,16095.0
06105,"Trinity, CA",2021,16102.0
06105,"Trinity, CA",2022,15777.0
06105,"Trinity, CA",2023,15684.0
06105,"Trinity, CA",2024,15642.0
06107,"Tulare, CA",2019,470229.0
06107,"Tulare, CA",2020,473944.0
06107,"Tulare, CA",2021,476939.0
06107,"Tulare, CA",2022,478288.0
06107,"Tulare, CA",2023,480747.0
06107,"Tulare, CA",2024,483546.0
06109,"Tuolumne, CA",2019,55327.0
06109,"Tuolumne, CA",2020,55397.0
06109,"Tuolumne, CA",2021,55126.0
06109,"Tuolumne, CA",2022,53951.0
06109,"Tuolumne, CA",2023,54123.0
06109,"Tuolumne, CA",2024,53893.0
06111,"Ventura, CA",2019,845277.0
06111,"Ventura, CA",2020,843808.0
06111,"Ventura, CA",2021,840009.0
06111,"Ventura, CA",2022,835032.0
06111,"Ventura, CA",2023,833071.0
06111,"Ventura, CA",2024,835427.0
06113,"Yolo, CA",2019,216678.0
06113,"Yolo, CA",2020,217768.0
06113,"Yolo, CA",2021,213545.0
06113,"Yolo, CA",2022,223338.0
06113,"Yolo, CA",2023,222919.0
06113,"Yolo, CA",2024,225251.0
06115,"Yuba, CA",2019,80188.0
06115,"Yuba, CA",2020,82001.0
06115,"Yuba, CA",2021,83035.0
06115,"Yuba, CA",2022,84335.0
06115,"Yuba, CA",2023,85695.0
06115,"Yuba, CA",2024,87469.0
08001,"Adams, CO*",2019,516748.0
08001,"Adams, CO*",2020,520517.0
08001,"Adams, CO*",2021,523603.0
08001,"Adams, CO*",2022,528356.0
08001,"Adams, CO*",2023,535677.0
08001,"Adams, CO*",2024,542973.0
08003,"Alamosa, CO",2019,16342.0
08003,"Alamosa, CO",2020,16375.0
08003,"Alamosa, CO",2021,16578.0
08003,"Alamosa, CO",2022,16593.0
08003,"Alamosa, CO",2023,16668.0
08003,"Alamosa, CO",2024,16689.0
08005,"Arapahoe, CO",2019,653830.0
08005,"Arapahoe, CO",2020,655312.0
08005,"Arapahoe, CO",2021,656952.0
08005,"Arapahoe, CO",2022,658176.0
08005,"Arapahoe, CO",2023,661864.0
08005,"Arapahoe, CO",2024,666918.0
08007,"Archuleta, CO",2019,13159.0
08007,"Archuleta, CO",2020,13425.0
08007,"Archuleta, CO",2021,13809.0
08007,"Archuleta, CO",2022,13987.0
08007,"Archuleta, CO",2023,14167.0
08007,"Archuleta, CO",2024,14112.0
08009,"Baca, CO",2019,3554.0
08009,"Baca, CO",2020,3482.0
08009,"Baca, CO",2021,3491.0
08009,"Baca, CO",2022,3435.0
08009,"Baca, CO",2023,3363.0
08009,"Baca, CO",2024,3367.0
08011,"Bent, CO",2019,5793.0
08011,"Bent, CO",2020,5480.0
08011,"Bent, CO",2021,5346.0
08011,"Bent, CO",2022,5430.0
08011,"Bent, CO",2023,5712.0
08011,"Bent, CO",2024,5779.0
08013,"Boulder, CO*",2019,329438.0
08013,"Boulder, CO*",2020,330953.0
08013,"Boulder, CO*",2021,327133.0
08013,"Boulder, CO*",2022,328039.0
08013,"Boulder, CO*",2023,328419.0
08013,"Boulder, CO*",2024,330262.0
08014,"Broomfield, CO*",2019,72681.0
08014,"Broomfield, CO*",2020,74494.0
08014,"Broomfield, CO*",2021,75430.0
08014,"Broomfield, CO*",2022,76245.0
08014,"Broomfield, CO*",2023,77029.0
08014,"Broomfield, CO*",2024,78323.0
08015,"Chaffee, CO",2019,19256.0
08015,"Chaffee, CO",2020,19488.0
08015,"Chaffee, CO",2021,19743.0
08015,"Chaffee, CO",2022,20266.0
08015,"Chaffee, CO",2023,20608.0
08015,"Chaffee, CO",2024,20780.0
08017,"Cheyenne, CO",2019,1774.0
08017,"Cheyenne, CO",2020,1746.0
08017,"Cheyenne, CO",2021,1719.0
08017,"Cheyenne, CO",2022,1734.0
08017,"Cheyenne, CO",2023,1738.0
08017,"Cheyenne, CO",2024,1712.0
08019,"Clear Creek, CO",2019,9412.0
08019,"Clear Creek, CO",2020,9360.0
08019,"Clear Creek, CO",2021,9425.0
08019,"Clear Creek, CO",2022,9324.0
08019,"Clear Creek, CO",2023,9123.0
08019,"Clear Creek, CO",2024,9076.0
08021,"Conejos, CO",2019,7516.0
08021,"Conejos, CO",2020,7451.0
08021,"Conejos, CO",2021,7579.0
08021,"Conejos, CO",2022,7560.0
08021,"Conejos, CO",2023,7511.0
08021,"Conejos, CO",2024,7549.0
08023,"Costilla, CO",2019,3463.0
08023,"Costilla, CO",2020,3501.0
08023,"Costilla, CO",2021,3614.0
08023,"Costilla, CO",2022,3609.0
08023,"Costilla, CO",2023,3624.0
08023,"Costilla, CO",2024,3686.0
08025,"Crowley, CO",2019,6124.0
08025,"Crowley, CO",2020,5685.0
08025,"Crowley, CO",2021,5733.0
08025,"Crowley, CO",2022,5601.0
08025,"Crowley, CO",2023,5616.0
08025,"Crowley, CO",2024,5600.0
08027,"Custer, CO",2019,4681.0
08027,"Custer, CO",2020,4725.0
08027,"Custer, CO",2021,5065.0
08027,"Custer, CO",2022,5343.0
08027,"Custer, CO",2023,5551.0
08027,"Custer, CO",2024,5553.0
08029,"Delta, CO",2019,31111.0
08029,"Delta, CO",2020,31056.0
08029,"Delta, CO",2021,31387.0
08029,"Delta, CO",2022,31573.0
08029,"Delta, CO",2023,31760.0
08029,"Delta, CO",2024,32215.0
08031,"Denver, CO",2019,708950.0
08031,"Denver, CO",2020,717620.0
08031,"Denver, CO",2021,711530.0
08031,"Denver, CO",2022,714851.0
08031,"Denver, CO",2023,721367.0
08031,"Denver, CO",2024,729019.0
08033,"Dolores, CO",2019,2265.0
08033,"Dolores, CO",2020,2331.0
08033,"Dolores, CO",2021,2376.0
08033,"Dolores, CO",2022,2460.0
08033,"Dolores, CO",2023,2525.0
08033,"Dolores, CO",2024,2467.0
08035,"Douglas, CO",2019,351186.0
08035,"Douglas, CO",2020,360327.0
08035,"Douglas, CO",2021,369826.0
08035,"Douglas, CO",2022,376462.0
08035,"Douglas, CO",2023,385141.0
08035,"Douglas, CO",2024,393995.0
08037,"Eagle, CO",2019,55824.0
08037,"Eagle, CO",2020,55663.0
08037,"Eagle, CO",2021,55787.0
08037,"Eagle, CO",2022,55303.0
08037,"Eagle, CO",2023,54592.0
08037,"Eagle, CO",2024,54330.0
08039,"Elbert, CO",2019,25670.0
08039,"Elbert, CO",2020,26207.0
08039,"Elbert, CO",2021,27152.0
08039,"Elbert, CO",2022,27817.0
08039,"Elbert, CO",2023,28812.0
08039,"Elbert, CO",2024,29382.0
08041,"El Paso, CO",2019,725014.0
08041,"El Paso, CO",2020,733804.0
08041,"El Paso, CO",2021,738811.0
08041,"El Paso, CO",2022,742676.0
08041,"El Paso, CO",2023,746934.0
08041,"El Paso, CO",2024,752772.0
08043,"Fremont, CO",2019,48950.0
08043,"Fremont, CO",2020,48889.0
08043,"Fremont, CO",2021,49251.0
08043,"Fremont, CO",2022,49585.0
08043,"Fremont, CO",2023,50352.0
08043,"Fremont, CO",2024,50093.0
08045,"Garfield, CO",2019,61283.0
08045,"Garfield, CO",2020,61803.0
08045,"Garfield, CO",2021,62116.0
08045,"Garfield, CO",2022,62388.0
08045,"Garfield, CO",2023,62921.0
08045,"Garfield, CO",2024,63167.0
08047,"Gilpin, CO",2019,5827.0
08047,"Gilpin, CO",2020,5817.0
08047,"Gilpin, CO",2021,5891.0
08047,"Gilpin, CO",2022,5910.0
08047,"Gilpin, CO",2023,5923.0
08047,"Gilpin, CO",2024,5963.0
08049,"Grand, CO",2019,15663.0
08049,"Grand, CO",2020,15747.0
08049,"Grand, CO",2021,15854.0
08049,"Grand, CO",2022,15748.0
08049,"Grand, CO",2023,15971.0
08049,"Grand, CO",2024,16154.0
08051,"Gunnison, CO",2019,16882.0
08051,"Gunnison, CO",2020,16946.0
08051,"Gunnison, CO",2021,17296.0
08051,"Gunnison, CO",2022,17319.0
08051,"Gunnison, CO",2023,17334.0
08051,"Gunnison, CO",2024,17310.0
08053,"Hinsdale, CO",2019,773.0
08053,"Hinsdale, CO",2020,787.0
08053,"Hinsdale, CO",2021,772.0
08053,"Hinsdale, CO",2022,773.0
08053,"Hinsdale, CO",2023,761.0
08053,"Hinsdale, CO",2024,747.0
08055,"Huerfano, CO",2019,6790.0
08055,"Huerfano, CO",2020,6824.0
08055,"Huerfano, CO",2021,6931.0
08055,"Huerfano, CO",2022,7077.0
08055,"Huerfano, CO",2023,7041.0
08055,"Huerfano, CO",2024,6988.0
08057,"Jackson, CO",2019,1388.0
08057,"Jackson, CO",2020,1378.0
08057,"Jackson, CO",2021,1358.0
08057,"Jackson, CO",2022,1314.0
08057,"Jackson, CO",2023,1316.0
08057,"Jackson, CO",2024,1273.0
08059,"Jefferson, CO*",2019,582340.0
08059,"Jefferson, CO*",2020,583169.0
08059,"Jefferson, CO*",2021,580854.0
08059,"Jefferson, CO*",2022,576635.0
08059,"Jefferson, CO*",2023,577693.0
08059,"Jefferson, CO*",2024,578533.0
08061,"Kiowa, CO",2019,1426.0
08061,"Kiowa, CO",2020,1452.0
08061,"Kiowa, CO",2021,1451.0
08061,"Kiowa, CO",2022,1430.0
08061,"Kiowa, CO",2023,1376.0
08061,"Kiowa, CO",2024,1392.0
08063,"Kit Carson, CO",2019,7116.0
08063,"Kit Carson, CO",2020,7063.0
08063,"Kit Carson, CO",2021,6928.0
08063,"Kit Carson, CO",2022,7010.0
08063,"Kit Carson, CO",2023,7032.0
08063,"Kit Carson, CO",2024,7080.0
08065,"Lake, CO",2019,7542.0
08065,"Lake, CO",2020,7413.0
08065,"Lake, CO",2021,7400.0
08065,"Lake, CO",2022,7356.0
08065,"Lake, CO",2023,7367.0
08065,"Lake, CO",2024,7369.0
08067,"La Plata, CO",2019,55596.0
08067,"La Plata, CO",2020,55676.0
08067,"La Plata, CO",2021,56177.0
08067,"La Plata, CO",2022,56577.0
08067,"La Plata, CO",2023,56401.0
08067,"La Plata, CO",2024,56823.0
08069,"Larimer, CO",2019,356569.0
08069,"Larimer, CO",2020,359932.0
08069,"Larimer, CO",2021,362785.0
08069,"Larimer, CO",2022,368017.0
08069,"Larimer, CO",2023,371530.0
08069,"Larimer, CO",2024,374574.0
08071,"Las Animas, CO",2019,14542.0
08071,"Las Animas, CO",2020,14500.0
08071,"Las Animas, CO",2021,14341.0
08071,"Las Animas, CO",2022,14312.0
08071,"Las Animas, CO",2023,14394.0
08071,"Las Animas, CO",2024,14518.0
08073,"Lincoln, CO",2019,5674.0
08073,"Lincoln, CO",2020,5661.0
08073,"Lincoln, CO",2021,5473.0
08073,"Lincoln, CO",2022,5520.0
08073,"Lincoln, CO",2023,5498.0
08073,"Lincoln, CO",2024,5598.0
08075,"Logan, CO",2019,21885.0
08075,"Logan, CO",2020,21209.0
08075,"Logan, CO",2021,21008.0
08075,"Logan, CO",2022,20829.0
08075,"Logan, CO",2023,20660.0
08075,"Logan, CO",2024,20755.0
08077,"Mesa, CO",2019,154836.0
08077,"Mesa, CO",2020,156011.0
08077,"Mesa, CO",2021,157458.0
08077,"Mesa, CO",2022,158585.0
08077,"Mesa, CO",2023,159690.0
08077,"Mesa, CO",2024,161260.0
08079,"Mineral, CO",2019,838.0
08079,"Mineral, CO",2020,871.0
08079,"Mineral, CO",2021,925.0
08079,"Mineral, CO",2022,923.0
08079,"Mineral, CO",2023,932.0
08079,"Mineral, CO",2024,933.0
08081,"Moffat, CO",2019,13343.0
08081,"Moffat, CO",2020,13269.0
08081,"Moffat, CO",2021,13166.0
08081,"Moffat, CO",2022,13172.0
08081,"Moffat, CO",2023,13287.0
08081,"Moffat, CO",2024,13142.0
08083,"Montezuma, CO",2019,25855.0
08083,"Montezuma, CO",2020,25889.0
08083,"Montezuma, CO",2021,26238.0
08083,"Montezuma, CO",2022,26491.0
08083,"Montezuma, CO",2023,26600.0
08083,"Montezuma, CO",2024,26841.0
08085,"Montrose, CO",2019,42314.0
08085,"Montrose, CO",2020,42820.0
08085,"Montrose, CO",2021,43243.0
08085,"Montrose, CO",2022,43845.0
08085,"Montrose, CO",2023,44319.0
08085,"Montrose, CO",2024,44806.0
08087,"Morgan, CO",2019,29089.0
08087,"Morgan, CO",2020,29082.0
08087,"Morgan, CO",2021,29018.0
08087,"Morgan, CO",2022,29392.0
08087,"Morgan, CO",2023,29806.0
08087,"Morgan, CO",2024,30300.0
08089,"Otero, CO",2019,18683.0
08089,"Otero, CO",2020,18664.0
08089,"Otero, CO",2021,18530.0
08089,"Otero, CO",2022,18272.0
08089,"Otero, CO",2023,18148.0
08089,"Otero, CO",2024,17991.0
08091,"Ouray, CO",2019,4899.0
08091,"Ouray, CO",2020,4882.0
08091,"Ouray, CO",2021,5064.0
08091,"Ouray, CO",2022,5108.0
08091,"Ouray, CO",2023,5185.0
08091,"Ouray, CO",2024,5197.0
08093,"Park, CO",2019,17478.0
08093,"Park, CO",2020,17420.0
08093,"Park, CO",2021,17747.0
08093,"Park, CO",2022,17929.0
08093,"Park, CO",2023,18121.0
08093,"Park, CO",2024,18316.0
08095,"Phillips, CO",2019,4513.0
08095,"Phillips, CO",2020,4531.0
08095,"Phillips, CO",2021,4508.0
08095,"Phillips, CO",2022,4464.0
08095,"Phillips, CO",2023,4490.0
08095,"Phillips, CO",2024,4488.0
08097,"Pitkin, CO",2019,17408.0
08097,"Pitkin, CO",2020,17365.0
08097,"Pitkin, CO",2021,17349.0
08097,"Pitkin, CO",2022,16877.0
08097,"Pitkin, CO",2023,16690.0
08097,"Pitkin, CO",2024,16643.0
08099,"Prowers, CO",2019,12023.0
08099,"Prowers, CO",2020,12020.0
08099,"Prowers, CO",2021,11948.0
08099,"Prowers, CO",2022,11834.0
08099,"Prowers, CO",2023,11789.0
08099,"Prowers, CO",2024,11957.0
08101,"Pueblo, CO",2019,167126.0
08101,"Pueblo, CO",2020,168352.0
08101,"Pueblo, CO",2021,169354.0
08101,"Pueblo, CO",2022,169485.0
08101,"Pueblo, CO",2023,169723.0
08101,"Pueblo, CO",2024,169866.0
08103,"Rio Blanco, CO",2019,6522.0
08103,"Rio Blanco, CO",2020,6521.0
08103,"Rio Blanco, CO",2021,6447.0
08103,"Rio Blanco, CO",2022,6561.0
08103,"Rio Blanco, CO",2023,6586.0
08103,"Rio Blanco, CO",2024,6607.0
08105,"Rio Grande, CO",2019,11516.0
08105,"Rio Grande, CO",2020,11543.0
08105,"Rio Grande, CO",2021,11409.0
08105,"Rio Grande, CO",2022,11329.0
08105,"Rio Grande, CO",2023,11194.0
08105,"Rio Grande, CO",2024,11132.0
08107,"Routt, CO",2019,24914.0
08107,"Routt, CO",2020,24840.0
08107,"Routt, CO",2021,25069.0
08107,"Routt, CO",2022,25112.0
08107,"Routt, CO",2023,25154.0
08107,"Routt, CO",2024,25243.0
08109,"Saguache, CO",2019,6339.0
08109,"Saguache, CO",2020,6395.0
08109,"Saguache, CO",2021,6517.0
08109,"Saguache, CO",2022,6632.0
08109,"Saguache, CO",2023,6687.0
08109,"Saguache, CO",2024,6670.0
08111,"San Juan, CO",2019,684.0
08111,"San Juan, CO",2020,708.0
08111,"San Juan, CO",2021,738.0
08111,"San Juan, CO",2022,796.0
08111,"San Juan, CO",2023,797.0
08111,"San Juan, CO",2024,821.0
08113,"San Miguel, CO",2019,8135.0
08113,"San Miguel, CO",2020,8054.0
08113,"San Miguel, CO",2021,8082.0
08113,"San Miguel, CO",2022,8011.0
08113,"San Miguel, CO",2023,7874.0
08113,"San Miguel, CO",2024,7819.0
08115,"Sedgwick, CO",2019,2413.0
08115,"Sedgwick, CO",2020,2389.0
08115,"Sedgwick, CO",2021,2328.0
08115,"Sedgwick, CO",2022,2294.0
08115,"Sedgwick, CO",2023,2305.0
08115,"Sedgwick, CO",2024,2257.0
08117,"Summit, CO",2019,31207.0
08117,"Summit, CO",2020,31239.0
08117,"Summit, CO",2021,31235.0
08117,"Summit, CO",2022,30905.0
08117,"Summit, CO",2023,30824.0
08117,"Summit, CO",2024,30882.0
08119,"Teller, CO",2019,24716.0
08119,"Teller, CO",2020,24745.0
08119,"Teller, CO",2021,24951.0
08119,"Teller, CO",2022,24858.0
08119,"Teller, CO",2023,24711.0
08119,"Teller, CO",2024,24862.0
08121,"Washington, CO",2019,4822.0
08121,"Washington, CO",2020,4814.0
08121,"Washington, CO",2021,4869.0
08121,"Washington, CO",2022,4840.0
08121,"Washington, CO",2023,4859.0
08121,"Washington, CO",2024,4771.0
08123,"Weld, CO*",2019,322116.0
08123,"Weld, CO*",2020,331467.0
08123,"Weld, CO*",2021,339942.0
08123,"Weld, CO*",2022,350610.0
08123,"Weld, CO*",2023,360216.0
08123,"Weld, CO*",2024,369745.0
08125,"Yuma, CO",2019,9971.0
08125,"Yuma, CO",2020,9970.0
08125,"Yuma, CO",2021,9926.0
08125,"Yuma, CO",2022,9970.0
08125,"Yuma, CO",2023,9981.0
08125,"Yuma, CO",2024,10048.0
09001,"Fairfield, CT*",2019,957231.0
09001,"Fairfield, CT*",2020,954288.0
09001,"Fairfield, CT*",2021,962476.0
09001,"Fairfield, CT*",2022,965478.0
09001,"Fairfield, CT*",2023,973638.0
09001,"Fairfield, CT*",2024,0.0
09003,"Hartford, CT*",2019,899773.0
09003,"Hartford, CT*",2020,894088.0
09003,"Hartford, CT*",2021,896128.0
09003,"Hartford, CT*",2022,898643.0
09003,"Hartford, CT*",2023,904951.0
09003,"Hartford, CT*",2024,0.0
09005,"Litchfield, CT*",2019,185242.0
09005,"Litchfield, CT*",2020,184726.0
09005,"Litchfield, CT*",2021,185768.0
09005,"Litchfield, CT*",2022,186294.0
09005,"Litchfield, CT*",2023,187059.0
09005,"Litchfield, CT*",2024,0.0
09007,"Middlesex, CT*",2019,164660.0
09007,"Middlesex, CT*",2020,163328.0
09007,"Middlesex, CT*",2021,165417.0
09007,"Middlesex, CT*",2022,166069.0
09007,"Middlesex, CT*",2023,166548.0
09007,"Middlesex, CT*",2024,0.0
09009,"New Haven, CT*",2019,864819.0
09009,"New Haven, CT*",2020,857798.0
09009,"New Haven, CT*",2021,863824.0
09009,"New Haven, CT*",2022,865811.0
09009,"New Haven, CT*",2023,871392.0
09009,"New Haven, CT*",2024,0.0
09011,"New London, CT*",2019,268761.0
09011,"New London, CT*",2020,267041.0
09011,"New London, CT*",2021,267555.0
09011,"New London, CT*",2022,268218.0
09011,"New London, CT*",2023,269293.0
09011,"New London, CT*",2024,0.0
09013,"Tolland, CT*",2019,149993.0
09013,"Tolland, CT*",2020,142909.0
09013,"Tolland, CT*",2021,149264.0
09013,"Tolland, CT*",2022,150767.0
09013,"Tolland, CT*",2023,152651.0
09013,"Tolland, CT*",2024,0.0
09015,"Windham, CT*",2019,116654.0
09015,"Windham, CT*",2020,115740.0
09015,"Windham, CT*",2021,116175.0
09015,"Windham, CT*",2022,116645.0
09015,"Windham, CT*",2023,117491.0
09015,"Windham, CT*",2024,0.0
09110,"Capitol, CT*",2019,0.0
09110,"Capitol, CT*",2020,0.0
09110,"Capitol, CT*",2021,0.0
09110,"Capitol, CT*",2022,0.0
09110,"Capitol, CT*",2023,0.0
09110,"Capitol, CT*",2024,991508.0
09120,"Greater Bridgeport, CT*",2019,0.0
09120,"Greater Bridgeport, CT*",2020,0.0
09120,"Greater Bridgeport, CT*",2021,0.0
09120,"Greater Bridgeport, CT*",2022,0.0
09120,"Greater Bridgeport, CT*",2023,0.0
09120,"Greater Bridgeport, CT*",2024,335666.0
09130,"Lower Connecticut River Valley, CT*",2019,0.0
09130,"Lower Connecticut River Valley, CT*",2020,0.0
09130,"Lower Connecticut River Valley, CT*",2021,0.0
09130,"Lower Connecticut River Valley, CT*",2022,0.0
09130,"Lower Connecticut River Valley, CT*",2023,0.0
09130,"Lower Connecticut River Valley, CT*",2024,177540.0
09140,"Naugatuck Valley, CT*",2019,0.0
09140,"Naugatuck Valley, CT*",2020,0.0
09140,"Naugatuck Valley, CT*",2021,0.0
09140,"Naugatuck Valley, CT*",2022,0.0
09140,"Naugatuck Valley, CT*",2023,0.0
09140,"Naugatuck Valley, CT*",2024,462220.0
09150,"Northeastern Connecticut, CT*",2019,0.0
09150,"Northeastern Connecticut, CT*",2020,0.0
09150,"Northeastern Connecticut, CT*",2021,0.0
09150,"Northeastern Connecticut, CT*",2022,0.0
09150,"Northeastern Connecticut, CT*",2023,0.0
09150,"Northeastern Connecticut, CT*",2024,97701.0
09160,"Northwest Hills, CT*",2019,0.0
09160,"Northwest Hills, CT*",2020,0.0
09160,"Northwest Hills, CT*",2021,0.0
09160,"Northwest Hills, CT*",2022,0.0
09160,"Northwest Hills, CT*",2023,0.0
09160,"Northwest Hills, CT*",2024,114101.0
09170,"South Central Connecticut, CT*",2019,0.0
09170,"South Central Connecticut, CT*",2020,0.0
09170,"South Central Connecticut, CT*",2021,0.0
09170,"South Central Connecticut, CT*",2022,0.0
09170,"South Central Connecticut, CT*",2023,0.0
09170,"South Central Connecticut, CT*",2024,576718.0
09180,"Southeastern Connecticut, CT*",2019,0.0
09180,"Southeastern Connecticut, CT*",2020,0.0
09180,"Southeastern Connecticut, CT*",2021,0.0
09180,"Southeastern Connecticut, CT*",2022,0.0
09180,"Southeastern Connecticut, CT*",2023,0.0
09180,"Southeastern Connecticut, CT*",2024,282602.0
09190,"Western Connecticut, CT*",2019,0.0
09190,"Western Connecticut, CT*",2020,0.0
09190,"Western Connecticut, CT*",2021,0.0
09190,"Western Connecticut, CT*",2022,0.0
09190,"Western Connecticut, CT*",2023,0.0
09190,"Western Connecticut, CT*",2024,637013.0
10001,"Kent, DE",2019,180204.0
10001,"Kent, DE",2020,182317.0
10001,"Kent, DE",2021,185069.0
10001,"Kent, DE",2022,187819.0
10001,"Kent, DE",2023,190123.0
10001,"Kent, DE",2024,192690.0
10003,"New Castle, DE",2019,568466.0
10003,"New Castle, DE",2020,570957.0
10003,"New Castle, DE",2021,572116.0
10003,"New Castle, DE",2022,576316.0
10003,"New Castle, DE",2023,582325.0
10003,"New Castle, DE",2024,588093.0
10005,"Sussex, DE",2019,232670.0
10005,"Sussex, DE",2020,238654.0
10005,"Sussex, DE",2021,247877.0
10005,"Sussex, DE",2022,256490.0
10005,"Sussex, DE",2023,263975.0
10005,"Sussex, DE",2024,271134.0
11001,"District of Columbia, DC",2019,687320.0
11001,"District of Columbia, DC",2020,670917.0
11001,"District of Columbia, DC",2021,669256.0
11001,"District of Columbia, DC",2022,676725.0
11001,"District of Columbia, DC",2023,687324.0
11001,"District of Columbia, DC",2024,702250.0
12001,"Alachua, FL",2019,276404.0
12001,"Alachua, FL",2020,279765.0
12001,"Alachua, FL",2021,281710.0
12001,"Alachua, FL",2022,285241.0
12001,"Alachua, FL",2023,288962.0
12001,"Alachua, FL",2024,291782.0
12003,"Baker, FL",2019,28110.0
12003,"Baker, FL",2020,28122.0
12003,"Baker, FL",2021,28378.0
12003,"Baker, FL",2022,27781.0
12003,"Baker, FL",2023,28542.0
12003,"Baker, FL",2024,29325.0
12005,"Bay, FL",2019,176790.0
12005,"Bay, FL",2020,174543.0
12005,"Bay, FL",2021,179548.0
12005,"Bay, FL",2022,185732.0
12005,"Bay, FL",2023,192422.0
12005,"Bay, FL",2024,199718.0
12007,"Bradford, FL",2019,28115.0
12007,"Bradford, FL",2020,28229.0
12007,"Bradford, FL",2021,28057.0
12007,"Bradford, FL",2022,27275.0
12007,"Bradford, FL",2023,27788.0
12007,"Bradford, FL",2024,28075.0
12009,"Brevard, FL",2019,600657.0
12009,"Brevard, FL",2020,608792.0
12009,"Brevard, FL",2021,618000.0
12009,"Brevard, FL",2022,631956.0
12009,"Brevard, FL",2023,646705.0
12009,"Brevard, FL",2024,658447.0
12011,"Broward, FL",2019,1942057.0
12011,"Broward, FL",2020,1943497.0
12011,"Broward, FL",2021,1935655.0
12011,"Broward, FL",2022,1966237.0
12011,"Broward, FL",2023,2002786.0
12011,"Broward, FL",2024,2037472.0
12013,"Calhoun, FL",2019,13711.0
12013,"Calhoun, FL",2020,13704.0
12013,"Calhoun, FL",2021,13520.0
12013,"Calhoun, FL",2022,13462.0
12013,"Calhoun, FL",2023,13497.0
12013,"Calhoun, FL",2024,13278.0
12015,"Charlotte, FL",2019,183378.0
12015,"Charlotte, FL",2020,188017.0
12015,"Charlotte, FL",2021,194982.0
12015,"Charlotte, FL",2022,203113.0
12015,"Charlotte, FL",2023,207085.0
12015,"Charlotte, FL",2024,212122.0
12017,"Citrus, FL",2019,151450.0
12017,"Citrus, FL",2020,154569.0
12017,"Citrus, FL",2021,158193.0
12017,"Citrus, FL",2022,162586.0
12017,"Citrus, FL",2023,166836.0
12017,"Citrus, FL",2024,170174.0
12019,"Clay, FL",2019,216277.0
12019,"Clay, FL",2020,218956.0
12019,"Clay, FL",2021,222671.0
12019,"Clay, FL",2022,226797.0
12019,"Clay, FL",2023,232734.0
12019,"Clay, FL",2024,236760.0
12021,"Collier, FL",2019,371271.0
12021,"Collier, FL",2020,377331.0
12021,"Collier, FL",2021,387316.0
12021,"Collier, FL",2022,400510.0
12021,"Collier, FL",2023,410065.0
12021,"Collier, FL",2024,416233.0
12023,"Columbia, FL",2019,69186.0
12023,"Columbia, FL",2020,69760.0
12023,"Columbia, FL",2021,69945.0
12023,"Columbia, FL",2022,71941.0
12023,"Columbia, FL",2023,73324.0
12023,"Columbia, FL",2024,73977.0
12027,"DeSoto, FL",2019,33738.0
12027,"DeSoto, FL",2020,34089.0
12027,"DeSoto, FL",2021,34341.0
12027,"DeSoto, FL",2022,35483.0
12027,"DeSoto, FL",2023,36274.0
12027,"DeSoto, FL",2024,36744.0
12029,"Dixie, FL",2019,16622.0
12029,"Dixie, FL",2020,16685.0
12029,"Dixie, FL",2021,16929.0
12029,"Dixie, FL",2022,16839.0
12029,"Dixie, FL",2023,17221.0
12029,"Dixie, FL",2024,17614.0
12031,"Duval, FL",2019,987572.0
12031,"Duval, FL",2020,997826.0
12031,"Duval, FL",2021,1002908.0
12031,"Duval, FL",2022,1021040.0
12031,"Duval, FL",2023,1038833.0
12031,"Duval, FL",2024,1055159.0
12033,"Escambia, FL",2019,319463.0
12033,"Escambia, FL",2020,322612.0
12033,"Escambia, FL",2021,323468.0
12033,"Escambia, FL",2022,324227.0
12033,"Escambia, FL",2023,328034.0
12033,"Escambia, FL",2024,331275.0
12035,"Flagler, FL",2019,113221.0
12035,"Flagler, FL",2020,116032.0
12035,"Flagler, FL",2021,120996.0
12035,"Flagler, FL",2022,126974.0
12035,"Flagler, FL",2023,131892.0
12035,"Flagler, FL",2024,136744.0
12037,"Franklin, FL",2019,12342.0
12037,"Franklin, FL",2020,12474.0
12037,"Franklin, FL",2021,12194.0
12037,"Franklin, FL",2022,12491.0
12037,"Franklin, FL",2023,12628.0
12037,"Franklin, FL",2024,12979.0
12039,"Gadsden, FL",2019,44186.0
12039,"Gadsden, FL",2020,43408.0
12039,"Gadsden, FL",2021,43502.0
12039,"Gadsden, FL",2022,43389.0
12039,"Gadsden, FL",2023,44100.0
12039,"Gadsden, FL",2024,44151.0
12041,"Gilchrist, FL",2019,17679.0
12041,"Gilchrist, FL",2020,17885.0
12041,"Gilchrist, FL",2021,18319.0
12041,"Gilchrist, FL",2022,19027.0
12041,"Gilchrist, FL",2023,19735.0
12041,"Gilchrist, FL",2024,20233.0
12043,"Glades, FL",2019,12035.0
12043,"Glades, FL",2020,12079.0
12043,"Glades, FL",2021,12269.0
12043,"Glades, FL",2022,12496.0
12043,"Glades, FL",2023,12839.0
12043,"Glades, FL",2024,13132.0
12045,"Gulf, FL",2019,14107.0
12045,"Gulf, FL",2020,14259.0
12045,"Gulf, FL",2021,14462.0
12045,"Gulf, FL",2022,15302.0
12045,"Gulf, FL",2023,15757.0
12045,"Gulf, FL",2024,15876.0
12047,"Hamilton, FL",2019,13987.0
12047,"Hamilton, FL",2020,13736.0
12047,"Hamilton, FL",2021,13073.0
12047,"Hamilton, FL",2022,13216.0
12047,"Hamilton, FL",2023,13721.0
12047,"Hamilton, FL",2024,14334.0
12049,"Hardee, FL",2019,25403.0
12049,"Hardee, FL",2020,25341.0
12049,"Hardee, FL",2021,25328.0
12049,"Hardee, FL",2022,25692.0
12049,"Hardee, FL",2023,25944.0
12049,"Hardee, FL",2024,26068.0
12051,"Hendry, FL",2019,39256.0
12051,"Hendry, FL",2020,39723.0
12051,"Hendry, FL",2021,40221.0
12051,"Hendry, FL",2022,41725.0
12051,"Hendry, FL",2023,44111.0
12051,"Hendry, FL",2024,46130.0
12053,"Hernando, FL",2019,191258.0
12053,"Hernando, FL",2020,195629.0
12053,"Hernando, FL",2021,200727.0
12053,"Hernando, FL",2022,207169.0
12053,"Hernando, FL",2023,213415.0
12053,"Hernando, FL",2024,218150.0
12055,"Highlands, FL",2019,100958.0
12055,"Highlands, FL",2020,101340.0
12055,"Highlands, FL",2021,103286.0
12055,"Highlands, FL",2022,105954.0
12055,"Highlands, FL",2023,108151.0
12055,"Highlands, FL",2024,109778.0
12057,"Hillsborough, FL",2019,1445252.0
12057,"Hillsborough, FL",2020,1466320.0
12057,"Hillsborough, FL",2021,1484844.0
12057,"Hillsborough, FL",2022,1523839.0
12057,"Hillsborough, FL",2023,1557313.0
12057,"Hillsborough, FL",2024,1581426.0
12059,"Holmes, FL",2019,19692.0
12059,"Holmes, FL",2020,19569.0
12059,"Holmes, FL",2021,19136.0
12059,"Holmes, FL",2022,19324.0
12059,"Holmes, FL",2023,19662.0
12059,"Holmes, FL",2024,19876.0
12061,"Indian River, FL",2019,157696.0
12061,"Indian River, FL",2020,160452.0
12061,"Indian River, FL",2021,163903.0
12061,"Indian River, FL",2022,167698.0
12061,"Indian River, FL",2023,170487.0
12061,"Indian River, FL",2024,172139.0
12063,"Jackson, FL",2019,47333.0
12063,"Jackson, FL",2020,47106.0
12063,"Jackson, FL",2021,47138.0
12063,"Jackson, FL",2022,48294.0
12063,"Jackson, FL",2023,48731.0
12063,"Jackson, FL",2024,49980.0
12065,"Jefferson, FL",2019,14295.0
12065,"Jefferson, FL",2020,14402.0
12065,"Jefferson, FL",2021,14497.0
12065,"Jefferson, FL",2022,15090.0
12065,"Jefferson, FL",2023,15547.0
12065,"Jefferson, FL",2024,15921.0
12067,"Lafayette, FL",2019,8173.0
12067,"Lafayette, FL",2020,8230.0
12067,"Lafayette, FL",2021,7957.0
12067,"Lafayette, FL",2022,7786.0
12067,"Lafayette, FL",2023,8192.0
12067,"Lafayette, FL",2024,8640.0
12069,"Lake, FL",2019,376484.0
12069,"Lake, FL",2020,386238.0
12069,"Lake, FL",2021,396414.0
12069,"Lake, FL",2022,410981.0
12069,"Lake, FL",2023,426782.0
12069,"Lake, FL",2024,444204.0
12071,"Lee, FL",2019,748275.0
12071,"Lee, FL",2020,765566.0
12071,"Lee, FL",2021,791013.0
12071,"Lee, FL",2022,826567.0
12071,"Lee, FL",2023,844226.0
12071,"Lee, FL",2024,860959.0
12073,"Leon, FL",2019,291060.0
12073,"Leon, FL",2020,293961.0
12073,"Leon, FL",2021,296057.0
12073,"Leon, FL",2022,298181.0
12073,"Leon, FL",2023,299024.0
12073,"Leon, FL",2024,300488.0
12075,"Levy, FL",2019,42386.0
12075,"Levy, FL",2020,43065.0
12075,"Levy, FL",2021,44169.0
12075,"Levy, FL",2022,45291.0
12075,"Levy, FL",2023,46665.0
12075,"Levy, FL",2024,47765.0
12077,"Liberty, FL",2019,7982.0
12077,"Liberty, FL",2020,7806.0
12077,"Liberty, FL",2021,7294.0
12077,"Liberty, FL",2022,7609.0
12077,"Liberty, FL",2023,7771.0
12077,"Liberty, FL",2024,7955.0
12079,"Madison, FL",2019,17929.0
12079,"Madison, FL",2020,17838.0
12079,"Madison, FL",2021,17943.0
12079,"Madison, FL",2022,17978.0
12079,"Madison, FL",2023,18322.0
12079,"Madison, FL",2024,18364.0
12081,"Manatee, FL",2019,393934.0
12081,"Manatee, FL",2020,401644.0
12081,"Manatee, FL",2021,413805.0
12081,"Manatee, FL",2022,430700.0
12081,"Manatee, FL",2023,444457.0
12081,"Manatee, FL",2024,458352.0
12083,"Marion, FL",2019,369683.0
12083,"Marion, FL",2020,377464.0
12083,"Marion, FL",2021,385024.0
12083,"Marion, FL",2022,396661.0
12083,"Marion, FL",2023,412338.0
12083,"Marion, FL",2024,428905.0
12085,"Martin, FL",2019,157919.0
12085,"Martin, FL",2020,158669.0
12085,"Martin, FL",2021,159925.0
12085,"Martin, FL",2022,162379.0
12085,"Martin, FL",2023,164241.0
12085,"Martin, FL",2024,165666.0
12086,"Miami-Dade, FL",2019,2703506.0
12086,"Miami-Dade, FL",2020,2695729.0
12086,"Miami-Dade, FL",2021,2669925.0
12086,"Miami-Dade, FL",2022,2713415.0
12086,"Miami-Dade, FL",2023,2774250.0
12086,"Miami-Dade, FL",2024,2838461.0
12087,"Monroe, FL",2019,82155.0
12087,"Monroe, FL",2020,82851.0
12087,"Monroe, FL",2021,82234.0
12087,"Monroe, FL",2022,82002.0
12087,"Monroe, FL",2023,81306.0
12087,"Monroe, FL",2024,80908.0
12089,"Nassau, FL",2019,88445.0
12089,"Nassau, FL",2020,91036.0
12089,"Nassau, FL",2021,94413.0
12089,"Nassau, FL",2022,97891.0
12089,"Nassau, FL",2023,101579.0
12089,"Nassau, FL",2024,104376.0
12091,"Okaloosa, FL",2019,210607.0
12091,"Okaloosa, FL",2020,212097.0
12091,"Okaloosa, FL",2021,213678.0
12091,"Okaloosa, FL",2022,217115.0
12091,"Okaloosa, FL",2023,219624.0
12091,"Okaloosa, FL",2024,220483.0
12093,"Okeechobee, FL",2019,39706.0
12093,"Okeechobee, FL",2020,39656.0
12093,"Okeechobee, FL",2021,40034.0
12093,"Okeechobee, FL",2022,40416.0
12093,"Okeechobee, FL",2023,41603.0
12093,"Okeechobee, FL",2024,42369.0
12095,"Orange, FL",2019,1420258.0
12095,"Orange, FL",2020,1431720.0
12095,"Orange, FL",2021,1427909.0
12095,"Orange, FL",2022,1465146.0
12095,"Orange, FL",2023,1501265.0
12095,"Orange, FL",2024,1533646.0
12097,"Osceola, FL",2019,379581.0
12097,"Osceola, FL",2020,391163.0
12097,"Osceola, FL",2021,404055.0
12097,"Osceola, FL",2022,426556.0
12097,"Osceola, FL",2023,447243.0
12097,"Osceola, FL",2024,468058.0
12099,"Palm Beach, FL",2019,1484696.0
12099,"Palm Beach, FL",2020,1494276.0
12099,"Palm Beach, FL",2021,1503677.0
12099,"Palm Beach, FL",2022,1531542.0
12099,"Palm Beach, FL",2023,1557481.0
12099,"Palm Beach, FL",2024,1582055.0
12101,"Pasco, FL",2019,549629.0
12101,"Pasco, FL",2020,566182.0
12101,"Pasco, FL",2021,585290.0
12101,"Pasco, FL",2022,610584.0
12101,"Pasco, FL",2023,636049.0
12101,"Pasco, FL",2024,659114.0
12103,"Pinellas, FL",2019,958718.0
12103,"Pinellas, FL",2020,959839.0
12103,"Pinellas, FL",2021,959703.0
12103,"Pinellas, FL",2022,964693.0
12103,"Pinellas, FL",2023,967301.0
12103,"Pinellas, FL",2024,965870.0
12105,"Polk, FL",2019,711023.0
12105,"Polk, FL",2020,730179.0
12105,"Polk, FL",2021,755712.0
12105,"Polk, FL",2022,790530.0
12105,"Polk, FL",2023,824172.0
12105,"Polk, FL",2024,852878.0
12107,"Putnam, FL",2019,73025.0
12107,"Putnam, FL",2020,73386.0
12107,"Putnam, FL",2021,74116.0
12107,"Putnam, FL",2022,74805.0
12107,"Putnam, FL",2023,76211.0
12107,"Putnam, FL",2024,77301.0
12109,"St. Johns, FL",2019,263205.0
12109,"St. Johns, FL",2020,277105.0
12109,"St. Johns, FL",2021,293292.0
12109,"St. Johns, FL",2022,307837.0
12109,"St. Johns, FL",2023,321510.0
12109,"St. Johns, FL",2024,334928.0
12111,"St. Lucie, FL",2019,322615.0
12111,"St. Lucie, FL",2020,331461.0
12111,"St. Lucie, FL",2021,344300.0
12111,"St. Lucie, FL",2022,359882.0
12111,"St. Lucie, FL",2023,376186.0
12111,"St. Lucie, FL",2024,390670.0
12113,"Santa Rosa, FL",2019,184546.0
12113,"Santa Rosa, FL",2020,189022.0
12113,"Santa Rosa, FL",2021,193751.0
12113,"Santa Rosa, FL",2022,198363.0
12113,"Santa Rosa, FL",2023,203569.0
12113,"Santa Rosa, FL",2024,207653.0
12115,"Sarasota, FL",2019,427872.0
12115,"Sarasota, FL",2020,436256.0
12115,"Sarasota, FL",2021,448730.0
12115,"Sarasota, FL",2022,464067.0
12115,"Sarasota, FL",2023,472079.0
12115,"Sarasota, FL",2024,476604.0
12117,"Seminole, FL",2019,469036.0
12117,"Seminole, FL",2020,471472.0
12117,"Seminole, FL",2021,470935.0
12117,"Seminole, FL",2022,481084.0
12117,"Seminole, FL",2023,489254.0
12117,"Seminole, FL",2024,494605.0
12119,"Sumter, FL",2019,126290.0
12119,"Sumter, FL",2020,130303.0
12119,"Sumter, FL",2021,134908.0
12119,"Sumter, FL",2022,144978.0
12119,"Sumter, FL",2023,152157.0
12119,"Sumter, FL",2024,154693.0
12121,"Suwannee, FL",2019,43237.0
12121,"Suwannee, FL",2020,43530.0
12121,"Suwannee, FL",2021,44139.0
12121,"Suwannee, FL",2022,45370.0
12121,"Suwannee, FL",2023,46134.0
12121,"Suwannee, FL",2024,47536.0
12123,"Taylor, FL",2019,21728.0
12123,"Taylor, FL",2020,21746.0
12123,"Taylor, FL",2021,20811.0
12123,"Taylor, FL",2022,21347.0
12123,"Taylor, FL",2023,21766.0
12123,"Taylor, FL",2024,21843.0
12125,"Union, FL",2019,16092.0
12125,"Union, FL",2020,15433.0
12125,"Union, FL",2021,15852.0
12125,"Union, FL",2022,15490.0
12125,"Union, FL",2023,15993.0
12125,"Union, FL",2024,15738.0
12127,"Volusia, FL",2019,548129.0
12127,"Volusia, FL",2020,555752.0
12127,"Volusia, FL",2021,566481.0
12127,"Volusia, FL",2022,580481.0
12127,"Volusia, FL",2023,592622.0
12127,"Volusia, FL",2024,602772.0
12129,"Wakulla, FL",2019,33284.0
12129,"Wakulla, FL",2020,33903.0
12129,"Wakulla, FL",2021,34287.0
12129,"Wakulla, FL",2022,35159.0
12129,"Wakulla, FL",2023,36472.0
12129,"Wakulla, FL",2024,37115.0
12131,"Walton, FL",2019,73458.0
12131,"Walton, FL",2020,75891.0
12131,"Walton, FL",2021,79744.0
12131,"Walton, FL",2022,83100.0
12131,"Walton, FL",2023,86338.0
12131,"Walton, FL",2024,89666.0
12133,"Washington, FL",2019,25153.0
12133,"Washington, FL",2020,25314.0
12133,"Washington, FL",2021,24856.0
12133,"Washington, FL",2022,25426.0
12133,"Washington, FL",2023,25545.0
12133,"Washington, FL",2024,26503.0
13001,"Appling, GA",2019,18439.0
13001,"Appling, GA",2020,18378.0
13001,"Appling, GA",2021,18421.0
13001,"Appling, GA",2022,18479.0
13001,"Appling, GA",2023,18517.0
13001,"Appling, GA",2024,18669.0
13003,"Atkinson, GA",2019,8167.0
13003,"Atkinson, GA",2020,8312.0
13003,"Atkinson, GA",2021,8353.0
13003,"Atkinson, GA",2022,8236.0
13003,"Atkinson, GA",2023,8351.0
13003,"Atkinson, GA",2024,8435.0
13005,"Bacon, GA",2019,11168.0
13005,"Bacon, GA",2020,11113.0
13005,"Bacon, GA",2021,11074.0
13005,"Bacon, GA",2022,11174.0
13005,"Bacon, GA",2023,11140.0
13005,"Bacon, GA",2024,11045.0
13007,"Baker, GA",2019,2931.0
13007,"Baker, GA",2020,2850.0
13007,"Baker, GA",2021,2824.0
13007,"Baker, GA",2022,2796.0
13007,"Baker, GA",2023,2750.0
13007,"Baker, GA",2024,2732.0
13009,"Baldwin, GA",2019,43769.0
13009,"Baldwin, GA",2020,43793.0
13009,"Baldwin, GA",2021,43703.0
13009,"Baldwin, GA",2022,43649.0
13009,"Baldwin, GA",2023,43423.0
13009,"Baldwin, GA",2024,43644.0
13011,"Banks, GA",2019,17964.0
13011,"Banks, GA",2020,18139.0
13011,"Banks, GA",2021,18597.0
13011,"Banks, GA",2022,19404.0
13011,"Banks, GA",2023,19863.0
13011,"Banks, GA",2024,20318.0
13013,"Barrow, GA",2019,82054.0
13013,"Barrow, GA",2020,84006.0
13013,"Barrow, GA",2021,86759.0
13013,"Barrow, GA",2022,89359.0
13013,"Barrow, GA",2023,93011.0
13013,"Barrow, GA",2024,96294.0
13015,"Bartow, GA",2019,107580.0
13015,"Bartow, GA",2020,109321.0
13015,"Bartow, GA",2021,110953.0
13015,"Bartow, GA",2022,112805.0
13015,"Bartow, GA",2023,114977.0
13015,"Bartow, GA",2024,117508.0
13017,"Ben Hill, GA",2019,17190.0
13017,"Ben Hill, GA",2020,17166.0
13017,"Ben Hill, GA",2021,17128.0
13017,"Ben Hill, GA",2022,17055.0
13017,"Ben Hill, GA",2023,17150.0
13017,"Ben Hill, GA",2024,16945.0
13019,"Berrien, GA",2019,18217.0
13019,"Berrien, GA",2020,18148.0
13019,"Berrien, GA",2021,18120.0
13019,"Berrien, GA",2022,18238.0
13019,"Berrien, GA",2023,18587.0
13019,"Berrien, GA",2024,18666.0
13021,"Bibb, GA",2019,157227.0
13021,"Bibb, GA",2020,157038.0
13021,"Bibb, GA",2021,156005.0
13021,"Bibb, GA",2022,156115.0
13021,"Bibb, GA",2023,156676.0
13021,"Bibb, GA",2024,157056.0
13023,"Bleckley, GA",2019,12568.0
13023,"Bleckley, GA",2020,12525.0
13023,"Bleckley, GA",2021,12274.0
13023,"Bleckley, GA",2022,12270.0
13023,"Bleckley, GA",2023,12455.0
13023,"Bleckley, GA",2024,12626.0
13025,"Brantley, GA",2019,18010.0
13025,"Brantley, GA",2020,18046.0
13025,"Brantley, GA",2021,18123.0
13025,"Brantley, GA",2022,18196.0
13025,"Brantley, GA",2023,18417.0
13025,"Brantley, GA",2024,18795.0
13027,"Brooks, GA",2019,16328.0
13027,"Brooks, GA",2020,16271.0
13027,"Brooks, GA",2021,16276.0
13027,"Brooks, GA",2022,16300.0
13027,"Brooks, GA",2023,16275.0
13027,"Brooks, GA",2024,16344.0
13029,"Bryan, GA",2019,43603.0
13029,"Bryan, GA",2020,45044.0
13029,"Bryan, GA",2021,46976.0
13029,"Bryan, GA",2022,48316.0
13029,"Bryan, GA",2023,49876.0
13029,"Bryan, GA",2024,51105.0
13031,"Bulloch, GA",2019,80153.0
13031,"Bulloch, GA",2020,79918.0
13031,"Bulloch, GA",2021,80682.0
13031,"Bulloch, GA",2022,83027.0
13031,"Bulloch, GA",2023,84332.0
13031,"Bulloch, GA",2024,85454.0
13033,"Burke, GA",2019,24293.0
13033,"Burke, GA",2020,24640.0
13033,"Burke, GA",2021,24372.0
13033,"Burke, GA",2022,24433.0
13033,"Burke, GA",2023,24431.0
13033,"Burke, GA",2024,24472.0
13035,"Butts, GA",2019,25016.0
13035,"Butts, GA",2020,25554.0
13035,"Butts, GA",2021,26177.0
13035,"Butts, GA",2022,26745.0
13035,"Butts, GA",2023,26875.0
13035,"Butts, GA",2024,27127.0
13037,"Calhoun, GA",2019,5591.0
13037,"Calhoun, GA",2020,5574.0
13037,"Calhoun, GA",2021,5543.0
13037,"Calhoun, GA",2022,5471.0
13037,"Calhoun, GA",2023,5462.0
13037,"Calhoun, GA",2024,5441.0
13039,"Camden, GA",2019,54297.0
13039,"Camden, GA",2020,54929.0
13039,"Camden, GA",2021,55796.0
13039,"Camden, GA",2022,57036.0
13039,"Camden, GA",2023,57991.0
13039,"Camden, GA",2024,59099.0
13043,"Candler, GA",2019,10857.0
13043,"Candler, GA",2020,11026.0
13043,"Candler, GA",2021,10953.0
13043,"Candler, GA",2022,11000.0
13043,"Candler, GA",2023,11106.0
13043,"Candler, GA",2024,11130.0
13045,"Carroll, GA",2019,118095.0
13045,"Carroll, GA",2020,119487.0
13045,"Carroll, GA",2021,121592.0
13045,"Carroll, GA",2022,124564.0
13045,"Carroll, GA",2023,127293.0
13045,"Carroll, GA",2024,129911.0
13047,"Catoosa, GA",2019,67508.0
13047,"Catoosa, GA",2020,68007.0
13047,"Catoosa, GA",2021,68446.0
13047,"Catoosa, GA",2022,68840.0
13047,"Catoosa, GA",2023,68935.0
13047,"Catoosa, GA",2024,68940.0
13049,"Charlton, GA",2019,12450.0
13049,"Charlton, GA",2020,12533.0
13049,"Charlton, GA",2021,12827.0
13049,"Charlton, GA",2022,12781.0
13049,"Charlton, GA",2023,12928.0
13049,"Charlton, GA",2024,13021.0
13051,"Chatham, GA",2019,295220.0
13051,"Chatham, GA",2020,295076.0
13051,"Chatham, GA",2021,295714.0
13051,"Chatham, GA",2022,301512.0
13051,"Chatham, GA",2023,304757.0
13051,"Chatham, GA",2024,307336.0
13053,"Chattahoochee, GA",2019,9946.0
13053,"Chattahoochee, GA",2020,9481.0
13053,"Chattahoochee, GA",2021,9047.0
13053,"Chattahoochee, GA",2022,8773.0
13053,"Chattahoochee, GA",2023,8588.0
13053,"Chattahoochee, GA",2024,8548.0
13055,"Chattooga, GA",2019,24938.0
13055,"Chattooga, GA",2020,24929.0
13055,"Chattooga, GA",2021,24850.0
13055,"Chattooga, GA",2022,24921.0
13055,"Chattooga, GA",2023,25176.0
13055,"Chattooga, GA",2024,25306.0
13057,"Cherokee, GA",2019,261960.0
13057,"Cherokee, GA",2020,268169.0
13057,"Cherokee, GA",2021,274778.0
13057,"Cherokee, GA",2022,281455.0
13057,"Cherokee, GA",2023,287243.0
13057,"Cherokee, GA",2024,293513.0
13059,"Clarke, GA",2019,128862.0
13059,"Clarke, GA",2020,128547.0
13059,"Clarke, GA",2021,129211.0
13059,"Clarke, GA",2022,129954.0
13059,"Clarke, GA",2023,130338.0
13059,"Clarke, GA",2024,129995.0
13061,"Clay, GA",2019,2868.0
13061,"Clay, GA",2020,2829.0
13061,"Clay, GA",2021,2868.0
13061,"Clay, GA",2022,2862.0
13061,"Clay, GA",2023,2869.0
13061,"Clay, GA",2024,2815.0
13063,"Clayton, GA",2019,296840.0
13063,"Clayton, GA",2020,299440.0
13063,"Clayton, GA",2021,299234.0
13063,"Clayton, GA",2022,298862.0
13063,"Clayton, GA",2023,299380.0
13063,"Clayton, GA",2024,297703.0
13065,"Clinch, GA",2019,6779.0
13065,"Clinch, GA",2020,6725.0
13065,"Clinch, GA",2021,6708.0
13065,"Clinch, GA",2022,6684.0
13065,"Clinch, GA",2023,6808.0
13065,"Clinch, GA",2024,6871.0
13067,"Cobb, GA",2019,764050.0
13067,"Cobb, GA",2020,766383.0
13067,"Cobb, GA",2021,766747.0
13067,"Cobb, GA",2022,774162.0
13067,"Cobb, GA",2023,781208.0
13067,"Cobb, GA",2024,787538.0
13069,"Coffee, GA",2019,43108.0
13069,"Coffee, GA",2020,43058.0
13069,"Coffee, GA",2021,43053.0
13069,"Coffee, GA",2022,43311.0
13069,"Coffee, GA",2023,43464.0
13069,"Coffee, GA",2024,43851.0
13071,"Colquitt, GA",2019,45855.0
13071,"Colquitt, GA",2020,45901.0
13071,"Colquitt, GA",2021,45774.0
13071,"Colquitt, GA",2022,45952.0
13071,"Colquitt, GA",2023,46515.0
13071,"Colquitt, GA",2024,46977.0
13073,"Columbia, GA",2019,153743.0
13073,"Columbia, GA",2020,156869.0
13073,"Columbia, GA",2021,159680.0
13073,"Columbia, GA",2022,162681.0
13073,"Columbia, GA",2023,165470.0
13073,"Columbia, GA",2024,167472.0
13075,"Cook, GA",2019,17176.0
13075,"Cook, GA",2020,17236.0
13075,"Cook, GA",2021,17264.0
13075,"Cook, GA",2022,17414.0
13075,"Cook, GA",2023,17760.0
13075,"Cook, GA",2024,17984.0
13077,"Coweta, GA",2019,144645.0
13077,"Coweta, GA",2020,146759.0
13077,"Coweta, GA",2021,149999.0
13077,"Coweta, GA",2022,153002.0
13077,"Coweta, GA",2023,156269.0
13077,"Coweta, GA",2024,158233.0
13079,"Crawford, GA",2019,12193.0
13079,"Crawford, GA",2020,12102.0
13079,"Crawford, GA",2021,12140.0
13079,"Crawford, GA",2022,12197.0
13079,"Crawford, GA",2023,12335.0
13079,"Crawford, GA",2024,12349.0
13081,"Crisp, GA",2019,20537.0
13081,"Crisp, GA",2020,20056.0
13081,"Crisp, GA",2021,20005.0
13081,"Crisp, GA",2022,19755.0
13081,"Crisp, GA",2023,19668.0
13081,"Crisp, GA",2024,19468.0
13083,"Dade, GA",2019,16248.0
13083,"Dade, GA",2020,16235.0
13083,"Dade, GA",2021,16220.0
13083,"Dade, GA",2022,16114.0
13083,"Dade, GA",2023,16188.0
13083,"Dade, GA",2024,16068.0
13085,"Dawson, GA",2019,26010.0
13085,"Dawson, GA",2020,27061.0
13085,"Dawson, GA",2021,28505.0
13085,"Dawson, GA",2022,30175.0
13085,"Dawson, GA",2023,31720.0
13085,"Dawson, GA",2024,33748.0
13087,"Decatur, GA",2019,29166.0
13087,"Decatur, GA",2020,29326.0
13087,"Decatur, GA",2021,29097.0
13087,"Decatur, GA",2022,29038.0
13087,"Decatur, GA",2023,29124.0
13087,"Decatur, GA",2024,29391.0
13089,"DeKalb, GA",2019,762092.0
13089,"DeKalb, GA",2020,764630.0
13089,"DeKalb, GA",2021,759333.0
13089,"DeKalb, GA",2022,764440.0
13089,"DeKalb, GA",2023,768047.0
13089,"DeKalb, GA",2024,770307.0
13091,"Dodge, GA",2019,20119.0
13091,"Dodge, GA",2020,19952.0
13091,"Dodge, GA",2021,19739.0
13091,"Dodge, GA",2022,19903.0
13091,"Dodge, GA",2023,19799.0
13091,"Dodge, GA",2024,19630.0
13093,"Dooly, GA",2019,11523.0
13093,"Dooly, GA",2020,11159.0
13093,"Dooly, GA",2021,10879.0
13093,"Dooly, GA",2022,10639.0
13093,"Dooly, GA",2023,11056.0
13093,"Dooly, GA",2024,11186.0
13095,"Dougherty, GA",2019,86831.0
13095,"Dougherty, GA",2020,85161.0
13095,"Dougherty, GA",2021,82271.0
13095,"Dougherty, GA",2022,82972.0
13095,"Dougherty, GA",2023,82635.0
13095,"Dougherty, GA",2024,82418.0
13097,"Douglas, GA",2019,143430.0
13097,"Douglas, GA",2020,144678.0
13097,"Douglas, GA",2021,145786.0
13097,"Douglas, GA",2022,147690.0
13097,"Douglas, GA",2023,149401.0
13097,"Douglas, GA",2024,151887.0
13099,"Early, GA",2019,10889.0
13099,"Early, GA",2020,10796.0
13099,"Early, GA",2021,10638.0
13099,"Early, GA",2022,10567.0
13099,"Early, GA",2023,10570.0
13099,"Early, GA",2024,10444.0
13101,"Echols, GA",2019,3701.0
13101,"Echols, GA",2020,3721.0
13101,"Echols, GA",2021,3697.0
13101,"Echols, GA",2022,3694.0
13101,"Echols, GA",2023,3739.0
13101,"Echols, GA",2024,3698.0
13103,"Effingham, GA",2019,63730.0
13103,"Effingham, GA",2020,65192.0
13103,"Effingham, GA",2021,66795.0
13103,"Effingham, GA",2022,69030.0
13103,"Effingham, GA",2023,71549.0
13103,"Effingham, GA",2024,73148.0
13105,"Elbert, GA",2019,19489.0
13105,"Elbert, GA",2020,19665.0
13105,"Elbert, GA",2021,19572.0
13105,"Elbert, GA",2022,19853.0
13105,"Elbert, GA",2023,20003.0
13105,"Elbert, GA",2024,20152.0
13107,"Emanuel, GA",2019,22811.0
13107,"Emanuel, GA",2020,22902.0
13107,"Emanuel, GA",2021,22907.0
13107,"Emanuel, GA",2022,22953.0
13107,"Emanuel, GA",2023,23146.0
13107,"Emanuel, GA",2024,23224.0
13109,"Evans, GA",2019,10768.0
13109,"Evans, GA",2020,10795.0
13109,"Evans, GA",2021,10704.0
13109,"Evans, GA",2022,10662.0
13109,"Evans, GA",2023,10753.0
13109,"Evans, GA",2024,10869.0
13111,"Fannin, GA",2019,25047.0
13111,"Fannin, GA",2020,25437.0
13111,"Fannin, GA",2021,25800.0
13111,"Fannin, GA",2022,25702.0
13111,"Fannin, GA",2023,25916.0
13111,"Fannin, GA",2024,25854.0
13113,"Fayette, GA",2019,117958.0
13113,"Fayette, GA",2020,119512.0
13113,"Fayette, GA",2021,120751.0
13113,"Fayette, GA",2022,122150.0
13113,"Fayette, GA",2023,123698.0
13113,"Fayette, GA",2024,125107.0
13115,"Floyd, GA",2019,98306.0
13115,"Floyd, GA",2020,98583.0
13115,"Floyd, GA",2021,98498.0
13115,"Floyd, GA",2022,99586.0
13115,"Floyd, GA",2023,100407.0
13115,"Floyd, GA",2024,101390.0
13117,"Forsyth, GA",2019,246333.0
13117,"Forsyth, GA",2020,252911.0
13117,"Forsyth, GA",2021,260816.0
13117,"Forsyth, GA",2022,268075.0
13117,"Forsyth, GA",2023,274535.0
13117,"Forsyth, GA",2024,280096.0
13119,"Franklin, GA",2019,23264.0
13119,"Franklin, GA",2020,23477.0
13119,"Franklin, GA",2021,23518.0
13119,"Franklin, GA",2022,24151.0
13119,"Franklin, GA",2023,24815.0
13119,"Franklin, GA",2024,25208.0
13121,"Fulton, GA",2019,1057353.0
13121,"Fulton, GA",2020,1069333.0
13121,"Fulton, GA",2021,1062576.0
13121,"Fulton, GA",2022,1076569.0
13121,"Fulton, GA",2023,1083971.0
13121,"Fulton, GA",2024,1090354.0
13123,"Gilmer, GA",2019,31063.0
13123,"Gilmer, GA",2020,31422.0
13123,"Gilmer, GA",2021,32102.0
13123,"Gilmer, GA",2022,32413.0
13123,"Gilmer, GA",2023,32868.0
13123,"Gilmer, GA",2024,33327.0
13125,"Glascock, GA",2019,2872.0
13125,"Glascock, GA",2020,2893.0
13125,"Glascock, GA",2021,2897.0
13125,"Glascock, GA",2022,2919.0
13125,"Glascock, GA",2023,2943.0
13125,"Glascock, GA",2024,3008.0
13127,"Glynn, GA",2019,84325.0
13127,"Glynn, GA",2020,84490.0
13127,"Glynn, GA",2021,84773.0
13127,"Glynn, GA",2022,85202.0
13127,"Glynn, GA",2023,86229.0
13127,"Glynn, GA",2024,86540.0
13129,"Gordon, GA",2019,57043.0
13129,"Gordon, GA",2020,57729.0
13129,"Gordon, GA",2021,58252.0
13129,"Gordon, GA",2022,58909.0
13129,"Gordon, GA",2023,59844.0
13129,"Gordon, GA",2024,60765.0
13131,"Grady, GA",2019,26158.0
13131,"Grady, GA",2020,26227.0
13131,"Grady, GA",2021,25858.0
13131,"Grady, GA",2022,26056.0
13131,"Grady, GA",2023,26130.0
13131,"Grady, GA",2024,26271.0
13133,"Greene, GA",2019,18510.0
13133,"Greene, GA",2020,19032.0
13133,"Greene, GA",2021,19553.0
13133,"Greene, GA",2022,20136.0
13133,"Greene, GA",2023,20733.0
13133,"Greene, GA",2024,21091.0
13135,"Gwinnett, GA",2019,951368.0
13135,"Gwinnett, GA",2020,958378.0
13135,"Gwinnett, GA",2021,965458.0
13135,"Gwinnett, GA",2022,980015.0
13135,"Gwinnett, GA",2023,991602.0
13135,"Gwinnett, GA",2024,1003869.0
13137,"Habersham, GA",2019,45613.0
13137,"Habersham, GA",2020,46140.0
13137,"Habersham, GA",2021,46753.0
13137,"Habersham, GA",2022,47558.0
13137,"Habersham, GA",2023,48851.0
13137,"Habersham, GA",2024,49665.0
13139,"Hall, GA",2019,201540.0
13139,"Hall, GA",2020,203409.0
13139,"Hall, GA",2021,206998.0
13139,"Hall, GA",2022,213126.0
13139,"Hall, GA",2023,218248.0
13139,"Hall, GA",2024,221745.0
13141,"Hancock, GA",2019,8690.0
13141,"Hancock, GA",2020,8709.0
13141,"Hancock, GA",2021,8676.0
13141,"Hancock, GA",2022,8453.0
13141,"Hancock, GA",2023,8730.0
13141,"Hancock, GA",2024,8683.0
13143,"Haralson, GA",2019,29570.0
13143,"Haralson, GA",2020,30040.0
13143,"Haralson, GA",2021,30601.0
13143,"Haralson, GA",2022,31340.0
13143,"Haralson, GA",2023,32040.0
13143,"Haralson, GA",2024,32404.0
13145,"Harris, GA",2019,34065.0
13145,"Harris, GA",2020,34900.0
13145,"Harris, GA",2021,35594.0
13145,"Harris, GA",2022,36308.0
13145,"Harris, GA",2023,36700.0
13145,"Harris, GA",2024,36929.0
13147,"Hart, GA",2019,25743.0
13147,"Hart, GA",2020,25883.0
13147,"Hart, GA",2021,26326.0
13147,"Hart, GA",2022,26877.0
13147,"Hart, GA",2023,27557.0
13147,"Hart, GA",2024,28052.0
13149,"Heard, GA",2019,11338.0
13149,"Heard, GA",2020,11445.0
13149,"Heard, GA",2021,11531.0
13149,"Heard, GA",2022,11720.0
13149,"Heard, GA",2023,12052.0
13149,"Heard, GA",2024,12119.0
13151,"Henry, GA",2019,237037.0
13151,"Henry, GA",2020,241867.0
13151,"Henry, GA",2021,245127.0
13151,"Henry, GA",2022,248559.0
13151,"Henry, GA",2023,254934.0
13151,"Henry, GA",2024,259315.0
13153,"Houston, GA",2019,161246.0
13153,"Houston, GA",2020,164358.0
13153,"Houston, GA",2021,167245.0
13153,"Houston, GA",2022,169791.0
13153,"Houston, GA",2023,171955.0
13153,"Houston, GA",2024,174897.0
13155,"Irwin, GA",2019,9692.0
13155,"Irwin, GA",2020,9650.0
13155,"Irwin, GA",2021,9376.0
13155,"Irwin, GA",2022,9121.0
13155,"Irwin, GA",2023,9123.0
13155,"Irwin, GA",2024,9155.0
13157,"Jackson, GA",2019,73449.0
13157,"Jackson, GA",2020,76740.0
13157,"Jackson, GA",2021,80394.0
13157,"Jackson, GA",2022,84102.0
13157,"Jackson, GA",2023,88723.0
13157,"Jackson, GA",2024,93825.0
13159,"Jasper, GA",2019,14365.0
13159,"Jasper, GA",2020,14670.0
13159,"Jasper, GA",2021,15275.0
13159,"Jasper, GA",2022,15985.0
13159,"Jasper, GA",2023,16496.0
13159,"Jasper, GA",2024,17219.0
13161,"Jeff Davis, GA",2019,14719.0
13161,"Jeff Davis, GA",2020,14802.0
13161,"Jeff Davis, GA",2021,14865.0
13161,"Jeff Davis, GA",2022,14909.0
13161,"Jeff Davis, GA",2023,14927.0
13161,"Jeff Davis, GA",2024,15119.0
13163,"Jefferson, GA",2019,15725.0
13163,"Jefferson, GA",2020,15676.0
13163,"Jefferson, GA",2021,15480.0
13163,"Jefferson, GA",2022,15318.0
13163,"Jefferson, GA",2023,15211.0
13163,"Jefferson, GA",2024,15019.0
13165,"Jenkins, GA",2019,8669.0
13165,"Jenkins, GA",2020,8663.0
13165,"Jenkins, GA",2021,8769.0
13165,"Jenkins, GA",2022,8661.0
13165,"Jenkins, GA",2023,8628.0
13165,"Jenkins, GA",2024,8836.0
13167,"Johnson, GA",2019,9264.0
13167,"Johnson, GA",2020,9183.0
13167,"Johnson, GA",2021,9004.0
13167,"Johnson, GA",2022,9255.0
13167,"Johnson, GA",2023,9328.0
13167,"Johnson, GA",2024,9178.0
13169,"Jones, GA",2019,28307.0
13169,"Jones, GA",2020,28399.0
13169,"Jones, GA",2021,28406.0
13169,"Jones, GA",2022,28514.0
13169,"Jones, GA",2023,29000.0
13169,"Jones, GA",2024,29047.0
13171,"Lamar, GA",2019,18350.0
13171,"Lamar, GA",2020,18554.0
13171,"Lamar, GA",2021,18702.0
13171,"Lamar, GA",2022,19489.0
13171,"Lamar, GA",2023,20420.0
13171,"Lamar, GA",2024,20690.0
13173,"Lanier, GA",2019,9847.0
13173,"Lanier, GA",2020,9929.0
13173,"Lanier, GA",2021,10052.0
13173,"Lanier, GA",2022,10207.0
13173,"Lanier, GA",2023,10452.0
13173,"Lanier, GA",2024,10464.0
13175,"Laurens, GA",2019,49443.0
13175,"Laurens, GA",2020,49542.0
13175,"Laurens, GA",2021,49526.0
13175,"Laurens, GA",2022,49705.0
13175,"Laurens, GA",2023,49932.0
13175,"Laurens, GA",2024,50287.0
13177,"Lee, GA",2019,32779.0
13177,"Lee, GA",2020,33218.0
13177,"Lee, GA",2021,33210.0
13177,"Lee, GA",2022,33699.0
13177,"Lee, GA",2023,33928.0
13177,"Lee, GA",2024,34073.0
13179,"Liberty, GA",2019,64929.0
13179,"Liberty, GA",2020,65339.0
13179,"Liberty, GA",2021,66771.0
13179,"Liberty, GA",2022,68031.0
13179,"Liberty, GA",2023,68235.0
13179,"Liberty, GA",2024,68607.0
13181,"Lincoln, GA",2019,7672.0
13181,"Lincoln, GA",2020,7702.0
13181,"Lincoln, GA",2021,7750.0
13181,"Lincoln, GA",2022,7872.0
13181,"Lincoln, GA",2023,7898.0
13181,"Lincoln, GA",2024,8049.0
13183,"Long, GA",2019,16063.0
13183,"Long, GA",2020,16264.0
13183,"Long, GA",2021,17105.0
13183,"Long, GA",2022,18409.0
13183,"Long, GA",2023,19651.0
13183,"Long, GA",2024,20439.0
13185,"Lowndes, GA",2019,117686.0
13185,"Lowndes, GA",2020,118432.0
13185,"Lowndes, GA",2021,118966.0
13185,"Lowndes, GA",2022,119547.0
13185,"Lowndes, GA",2023,120800.0
13185,"Lowndes, GA",2024,122082.0
13187,"Lumpkin, GA",2019,33154.0
13187,"Lumpkin, GA",2020,33636.0
13187,"Lumpkin, GA",2021,32844.0
13187,"Lumpkin, GA",2022,34763.0
13187,"Lumpkin, GA",2023,35268.0
13187,"Lumpkin, GA",2024,36016.0
13189,"McDuffie, GA",2019,21720.0
13189,"McDuffie, GA",2020,21613.0
13189,"McDuffie, GA",2021,21628.0
13189,"McDuffie, GA",2022,21727.0
13189,"McDuffie, GA",2023,21860.0
13189,"McDuffie, GA",2024,21764.0
13191,"McIntosh, GA",2019,11147.0
13191,"McIntosh, GA",2020,10984.0
13191,"McIntosh, GA",2021,11056.0
13191,"McIntosh, GA",2022,11190.0
13191,"McIntosh, GA",2023,11532.0
13191,"McIntosh, GA",2024,11800.0
13193,"Macon, GA",2019,12305.0
13193,"Macon, GA",2020,12020.0
13193,"Macon, GA",2021,11854.0
13193,"Macon, GA",2022,11778.0
13193,"Macon, GA",2023,11838.0
13193,"Macon, GA",2024,11831.0
13195,"Madison, GA",2019,29743.0
13195,"Madison, GA",2020,30276.0
13195,"Madison, GA",2021,30891.0
13195,"Madison, GA",2022,31447.0
13195,"Madison, GA",2023,32255.0
13195,"Madison, GA",2024,32771.0
13197,"Marion, GA",2019,7507.0
13197,"Marion, GA",2020,7528.0
13197,"Marion, GA",2021,7431.0
13197,"Marion, GA",2022,7464.0
13197,"Marion, GA",2023,7485.0
13197,"Marion, GA",2024,7635.0
13199,"Meriwether, GA",2019,20605.0
13199,"Meriwether, GA",2020,20619.0
13199,"Meriwether, GA",2021,20733.0
13199,"Meriwether, GA",2022,20892.0
13199,"Meriwether, GA",2023,20964.0
13199,"Meriwether, GA",2024,21439.0
13201,"Miller, GA",2019,5998.0
13201,"Miller, GA",2020,5992.0
13201,"Miller, GA",2021,5852.0
13201,"Miller, GA",2022,5790.0
13201,"Miller, GA",2023,5790.0
13201,"Miller, GA",2024,5824.0
13205,"Mitchell, GA",2019,21928.0
13205,"Mitchell, GA",2020,21676.0
13205,"Mitchell, GA",2021,21326.0
13205,"Mitchell, GA",2022,21182.0
13205,"Mitchell, GA",2023,20778.0
13205,"Mitchell, GA",2024,20329.0
13207,"Monroe, GA",2019,27692.0
13207,"Monroe, GA",2020,28059.0
13207,"Monroe, GA",2021,28752.0
13207,"Monroe, GA",2022,29455.0
13207,"Monroe, GA",2023,30616.0
13207,"Monroe, GA",2024,31437.0
13209,"Montgomery, GA",2019,8738.0
13209,"Montgomery, GA",2020,8569.0
13209,"Montgomery, GA",2021,8640.0
13209,"Montgomery, GA",2022,8656.0
13209,"Montgomery, GA",2023,8767.0
13209,"Montgomery, GA",2024,8566.0
13211,"Morgan, GA",2019,19754.0
13211,"Morgan, GA",2020,20206.0
13211,"Morgan, GA",2021,20660.0
13211,"Morgan, GA",2022,21048.0
13211,"Morgan, GA",2023,21537.0
13211,"Morgan, GA",2024,21940.0
13213,"Murray, GA",2019,39957.0
13213,"Murray, GA",2020,40012.0
13213,"Murray, GA",2021,39976.0
13213,"Murray, GA",2022,40432.0
13213,"Murray, GA",2023,41072.0
13213,"Murray, GA",2024,41316.0
13215,"Muscogee, GA",2019,205759.0
13215,"Muscogee, GA",2020,207015.0
13215,"Muscogee, GA",2021,205094.0
13215,"Muscogee, GA",2022,202658.0
13215,"Muscogee, GA",2023,201959.0
13215,"Muscogee, GA",2024,201830.0
13217,"Newton, GA",2019,111415.0
13217,"Newton, GA",2020,112897.0
13217,"Newton, GA",2021,115356.0
13217,"Newton, GA",2022,117970.0
13217,"Newton, GA",2023,120529.0
13217,"Newton, GA",2024,124010.0
13219,"Oconee, GA",2019,41109.0
13219,"Oconee, GA",2020,42025.0
13219,"Oconee, GA",2021,43049.0
13219,"Oconee, GA",2022,43676.0
13219,"Oconee, GA",2023,44256.0
13219,"Oconee, GA",2024,44751.0
13221,"Oglethorpe, GA",2019,14743.0
13221,"Oglethorpe, GA",2020,14867.0
13221,"Oglethorpe, GA",2021,15187.0
13221,"Oglethorpe, GA",2022,15532.0
13221,"Oglethorpe, GA",2023,15788.0
13221,"Oglethorpe, GA",2024,16172.0
13223,"Paulding, GA",2019,165843.0
13223,"Paulding, GA",2020,169576.0
13223,"Paulding, GA",2021,173998.0
13223,"Paulding, GA",2022,178885.0
13223,"Paulding, GA",2023,183535.0
13223,"Paulding, GA",2024,188549.0
13225,"Peach, GA",2019,27792.0
13225,"Peach, GA",2020,28042.0
13225,"Peach, GA",2021,28254.0
13225,"Peach, GA",2022,28484.0
13225,"Peach, GA",2023,28807.0
13225,"Peach, GA",2024,29213.0
13227,"Pickens, GA",2019,32849.0
13227,"Pickens, GA",2020,33347.0
13227,"Pickens, GA",2021,34035.0
13227,"Pickens, GA",2022,34817.0
13227,"Pickens, GA",2023,35975.0
13227,"Pickens, GA",2024,36580.0
13229,"Pierce, GA",2019,19645.0
13229,"Pierce, GA",2020,19746.0
13229,"Pierce, GA",2021,19978.0
13229,"Pierce, GA",2022,20176.0
13229,"Pierce, GA",2023,20443.0
13229,"Pierce, GA",2024,20669.0
13231,"Pike, GA",2019,18762.0
13231,"Pike, GA",2020,18943.0
13231,"Pike, GA",2021,19545.0
13231,"Pike, GA",2022,19936.0
13231,"Pike, GA",2023,20422.0
13231,"Pike, GA",2024,20669.0
13233,"Polk, GA",2019,42687.0
13233,"Polk, GA",2020,42922.0
13233,"Polk, GA",2021,43322.0
13233,"Polk, GA",2022,43706.0
13233,"Polk, GA",2023,44363.0
13233,"Polk, GA",2024,44610.0
13235,"Pulaski, GA",2019,9943.0
13235,"Pulaski, GA",2020,9874.0
13235,"Pulaski, GA",2021,9572.0
13235,"Pulaski, GA",2022,9953.0
13235,"Pulaski, GA",2023,10114.0
13235,"Pulaski, GA",2024,10180.0
13237,"Putnam, GA",2019,21732.0
13237,"Putnam, GA",2020,22166.0
13237,"Putnam, GA",2021,22614.0
13237,"Putnam, GA",2022,22928.0
13237,"Putnam, GA",2023,23183.0
13237,"Putnam, GA",2024,23383.0
13239,"Quitman, GA",2019,2261.0
13239,"Quitman, GA",2020,2224.0
13239,"Quitman, GA",2021,2239.0
13239,"Quitman, GA",2022,2254.0
13239,"Quitman, GA",2023,2278.0
13239,"Quitman, GA",2024,2323.0
13241,"Rabun, GA",2019,16792.0
13241,"Rabun, GA",2020,16913.0
13241,"Rabun, GA",2021,17119.0
13241,"Rabun, GA",2022,17292.0
13241,"Rabun, GA",2023,17525.0
13241,"Rabun, GA",2024,17711.0
13243,"Randolph, GA",2019,6533.0
13243,"Randolph, GA",2020,6364.0
13243,"Randolph, GA",2021,6262.0
13243,"Randolph, GA",2022,6155.0
13243,"Randolph, GA",2023,6113.0
13243,"Randolph, GA",2024,6085.0
13245,"Richmond, GA",2019,206606.0
13245,"Richmond, GA",2020,206557.0
13245,"Richmond, GA",2021,205331.0
13245,"Richmond, GA",2022,206510.0
13245,"Richmond, GA",2023,205646.0
13245,"Richmond, GA",2024,206303.0
13247,"Rockdale, GA",2019,93115.0
13247,"Rockdale, GA",2020,93617.0
13247,"Rockdale, GA",2021,93899.0
13247,"Rockdale, GA",2022,95016.0
13247,"Rockdale, GA",2023,96263.0
13247,"Rockdale, GA",2024,97610.0
13249,"Schley, GA",2019,4637.0
13249,"Schley, GA",2020,4538.0
13249,"Schley, GA",2021,4488.0
13249,"Schley, GA",2022,4503.0
13249,"Schley, GA",2023,4534.0
13249,"Schley, GA",2024,4503.0
13251,"Screven, GA",2019,14017.0
13251,"Screven, GA",2020,14079.0
13251,"Screven, GA",2021,14067.0
13251,"Screven, GA",2022,13977.0
13251,"Screven, GA",2023,14204.0
13251,"Screven, GA",2024,14325.0
13253,"Seminole, GA",2019,9093.0
13253,"Seminole, GA",2020,9133.0
13253,"Seminole, GA",2021,9166.0
13253,"Seminole, GA",2022,9129.0
13253,"Seminole, GA",2023,9080.0
13253,"Seminole, GA",2024,9274.0
13255,"Spalding, GA",2019,66842.0
13255,"Spalding, GA",2020,67465.0
13255,"Spalding, GA",2021,67698.0
13255,"Spalding, GA",2022,69015.0
13255,"Spalding, GA",2023,69992.0
13255,"Spalding, GA",2024,70292.0
13257,"Stephens, GA",2019,26665.0
13257,"Stephens, GA",2020,26816.0
13257,"Stephens, GA",2021,26769.0
13257,"Stephens, GA",2022,26724.0
13257,"Stephens, GA",2023,27255.0
13257,"Stephens, GA",2024,27498.0
13259,"Stewart, GA",2019,5388.0
13259,"Stewart, GA",2020,5294.0
13259,"Stewart, GA",2021,4913.0
13259,"Stewart, GA",2022,4634.0
13259,"Stewart, GA",2023,4697.0
13259,"Stewart, GA",2024,4809.0
13261,"Sumter, GA",2019,29683.0
13261,"Sumter, GA",2020,29522.0
13261,"Sumter, GA",2021,28989.0
13261,"Sumter, GA",2022,28880.0
13261,"Sumter, GA",2023,28942.0
13261,"Sumter, GA",2024,28972.0
13263,"Talbot, GA",2019,5801.0
13263,"Talbot, GA",2020,5725.0
13263,"Talbot, GA",2021,5757.0
13263,"Talbot, GA",2022,5759.0
13263,"Talbot, GA",2023,5715.0
13263,"Talbot, GA",2024,5755.0
13265,"Taliaferro, GA",2019,1552.0
13265,"Taliaferro, GA",2020,1558.0
13265,"Taliaferro, GA",2021,1567.0
13265,"Taliaferro, GA",2022,1600.0
13265,"Taliaferro, GA",2023,1601.0
13265,"Taliaferro, GA",2024,1620.0
13267,"Tattnall, GA",2019,22994.0
13267,"Tattnall, GA",2020,24325.0
13267,"Tattnall, GA",2021,24100.0
13267,"Tattnall, GA",2022,24012.0
13267,"Tattnall, GA",2023,24328.0
13267,"Tattnall, GA",2024,24275.0
13269,"Taylor, GA",2019,7816.0
13269,"Taylor, GA",2020,7819.0
13269,"Taylor, GA",2021,7770.0
13269,"Taylor, GA",2022,7767.0
13269,"Taylor, GA",2023,7793.0
13269,"Taylor, GA",2024,7783.0
13271,"Telfair, GA",2019,12757.0
13271,"Telfair, GA",2020,12453.0
13271,"Telfair, GA",2021,12319.0
13271,"Telfair, GA",2022,12416.0
13271,"Telfair, GA",2023,10969.0
13271,"Telfair, GA",2024,11000.0
13273,"Terrell, GA",2019,9166.0
13273,"Terrell, GA",2020,9140.0
13273,"Terrell, GA",2021,8927.0
13273,"Terrell, GA",2022,8782.0
13273,"Terrell, GA",2023,8704.0
13273,"Terrell, GA",2024,8698.0
13275,"Thomas, GA",2019,45742.0
13275,"Thomas, GA",2020,45786.0
13275,"Thomas, GA",2021,45835.0
13275,"Thomas, GA",2022,45542.0
13275,"Thomas, GA",2023,45666.0
13275,"Thomas, GA",2024,46054.0
13277,"Tift, GA",2019,41266.0
13277,"Tift, GA",2020,41391.0
13277,"Tift, GA",2021,41095.0
13277,"Tift, GA",2022,41378.0
13277,"Tift, GA",2023,41620.0
13277,"Tift, GA",2024,41708.0
13279,"Toombs, GA",2019,26944.0
13279,"Toombs, GA",2020,27085.0
13279,"Toombs, GA",2021,26854.0
13279,"Toombs, GA",2022,26881.0
13279,"Toombs, GA",2023,27198.0
13279,"Toombs, GA",2024,27488.0
13281,"Towns, GA",2019,12283.0
13281,"Towns, GA",2020,12551.0
13281,"Towns, GA",2021,12880.0
13281,"Towns, GA",2022,12944.0
13281,"Towns, GA",2023,13007.0
13281,"Towns, GA",2024,13184.0
13283,"Treutlen, GA",2019,6459.0
13283,"Treutlen, GA",2020,6393.0
13283,"Treutlen, GA",2021,6364.0
13283,"Treutlen, GA",2022,6353.0
13283,"Treutlen, GA",2023,6351.0
13283,"Treutlen, GA",2024,6420.0
13285,"Troup, GA",2019,69341.0
13285,"Troup, GA",2020,69348.0
13285,"Troup, GA",2021,69535.0
13285,"Troup, GA",2022,70297.0
13285,"Troup, GA",2023,70957.0
13285,"Troup, GA",2024,71513.0
13287,"Turner, GA",2019,8959.0
13287,"Turner, GA",2020,8985.0
13287,"Turner, GA",2021,8920.0
13287,"Turner, GA",2022,8842.0
13287,"Turner, GA",2023,8926.0
13287,"Turner, GA",2024,9023.0
13289,"Twiggs, GA",2019,8085.0
13289,"Twiggs, GA",2020,8011.0
13289,"Twiggs, GA",2021,7880.0
13289,"Twiggs, GA",2022,7688.0
13289,"Twiggs, GA",2023,7706.0
13289,"Twiggs, GA",2024,7728.0
13291,"Union, GA",2019,24109.0
13291,"Union, GA",2020,24801.0
13291,"Union, GA",2021,25605.0
13291,"Union, GA",2022,26400.0
13291,"Union, GA",2023,27115.0
13291,"Union, GA",2024,27601.0
13293,"Upson, GA",2019,27519.0
13293,"Upson, GA",2020,27740.0
13293,"Upson, GA",2021,27685.0
13293,"Upson, GA",2022,28098.0
13293,"Upson, GA",2023,28265.0
13293,"Upson, GA",2024,28358.0
13295,"Walker, GA",2019,67570.0
13295,"Walker, GA",2020,67747.0
13295,"Walker, GA",2021,68425.0
13295,"Walker, GA",2022,68887.0
13295,"Walker, GA",2023,69410.0
13295,"Walker, GA",2024,69340.0
13297,"Walton, GA",2019,95085.0
13297,"Walton, GA",2020,97136.0
13297,"Walton, GA",2021,99804.0
13297,"Walton, GA",2022,103056.0
13297,"Walton, GA",2023,106778.0
13297,"Walton, GA",2024,109792.0
13299,"Ware, GA",2019,36219.0
13299,"Ware, GA",2020,36231.0
13299,"Ware, GA",2021,35554.0
13299,"Ware, GA",2022,35608.0
13299,"Ware, GA",2023,36263.0
13299,"Ware, GA",2024,36222.0
13301,"Warren, GA",2019,5211.0
13301,"Warren, GA",2020,5212.0
13301,"Warren, GA",2021,5215.0
13301,"Warren, GA",2022,5168.0
13301,"Warren, GA",2023,5108.0
13301,"Warren, GA",2024,5148.0
13303,"Washington, GA",2019,20156.0
13303,"Washington, GA",2020,19957.0
13303,"Washington, GA",2021,19772.0
13303,"Washington, GA",2022,19791.0
13303,"Washington, GA",2023,19891.0
13303,"Washington, GA",2024,19834.0
13305,"Wayne, GA",2019,30145.0
13305,"Wayne, GA",2020,30146.0
13305,"Wayne, GA",2021,30231.0
13305,"Wayne, GA",2022,30786.0
13305,"Wayne, GA",2023,31449.0
13305,"Wayne, GA",2024,32132.0
13307,"Webster, GA",2019,2354.0
13307,"Webster, GA",2020,2352.0
13307,"Webster, GA",2021,2364.0
13307,"Webster, GA",2022,2351.0
13307,"Webster, GA",2023,2367.0
13307,"Webster, GA",2024,2315.0
13309,"Wheeler, GA",2019,7596.0
13309,"Wheeler, GA",2020,7451.0
13309,"Wheeler, GA",2021,7742.0
13309,"Wheeler, GA",2022,7307.0
13309,"Wheeler, GA",2023,7097.0
13309,"Wheeler, GA",2024,7076.0
13311,"White, GA",2019,27853.0
13311,"White, GA",2020,28114.0
13311,"White, GA",2021,28404.0
13311,"White, GA",2022,28810.0
13311,"White, GA",2023,29056.0
13311,"White, GA",2024,29668.0
13313,"Whitfield, GA",2019,103246.0
13313,"Whitfield, GA",2020,102794.0
13313,"Whitfield, GA",2021,102729.0
13313,"Whitfield, GA",2022,103252.0
13313,"Whitfield, GA",2023,104147.0
13313,"Whitfield, GA",2024,105070.0
13315,"Wilcox, GA",2019,8826.0
13315,"Wilcox, GA",2020,8792.0
13315,"Wilcox, GA",2021,8745.0
13315,"Wilcox, GA",2022,8747.0
13315,"Wilcox, GA",2023,8801.0
13315,"Wilcox, GA",2024,8904.0
13317,"Wilkes, GA",2019,9640.0
13317,"Wilkes, GA",2020,9551.0
13317,"Wilkes, GA",2021,9490.0
13317,"Wilkes, GA",2022,9585.0
13317,"Wilkes, GA",2023,9552.0
13317,"Wilkes, GA",2024,9567.0
13319,"Wilkinson, GA",2019,8956.0
13319,"Wilkinson, GA",2020,8839.0
13319,"Wilkinson, GA",2021,8794.0
13319,"Wilkinson, GA",2022,8689.0
13319,"Wilkinson, GA",2023,8747.0
13319,"Wilkinson, GA",2024,8667.0
13321,"Worth, GA",2019,20891.0
13321,"Worth, GA",2020,20734.0
13321,"Worth, GA",2021,20568.0
13321,"Worth, GA",2022,20420.0
13321,"Worth, GA",2023,20271.0
13321,"Worth, GA",2024,20262.0
15001,"Hawaii, HI",2019,199750.0
15001,"Hawaii, HI",2020,200754.0
15001,"Hawaii, HI",2021,203933.0
15001,"Hawaii, HI",2022,206324.0
15001,"Hawaii, HI",2023,208043.0
15001,"Hawaii, HI",2024,209790.0
15003,"Honolulu, HI",2019,1019013.0
15003,"Honolulu, HI",2020,1012407.0
15003,"Honolulu, HI",2021,1004349.0
15003,"Honolulu, HI",2022,995652.0
15003,"Honolulu, HI",2023,994576.0
15003,"Honolulu, HI",2024,998747.0
15007,"Kauai, HI",2019,73395.0
15007,"Kauai, HI",2020,73209.0
15007,"Kauai, HI",2021,73851.0
15007,"Kauai, HI",2022,73823.0
15007,"Kauai, HI",2023,73933.0
15007,"Kauai, HI",2024,73840.0
15901,"Maui + Kalawao, HI*",2019,164785.0
15901,"Maui + Kalawao, HI*",2020,164882.0
15901,"Maui + Kalawao, HI*",2021,164896.0
15901,"Maui + Kalawao, HI*",2022,164560.0
15901,"Maui + Kalawao, HI*",2023,164835.0
15901,"Maui + Kalawao, HI*",2024,163769.0
16001,"Ada, ID",2019,485095.0
16001,"Ada, ID",2020,498301.0
16001,"Ada, ID",2021,513098.0
16001,"Ada, ID",2022,520788.0
16001,"Ada, ID",2023,526690.0
16001,"Ada, ID",2024,535799.0
16003,"Adams, ID",2019,4233.0
16003,"Adams, ID",2020,4425.0
16003,"Adams, ID",2021,4621.0
16003,"Adams, ID",2022,4780.0
16003,"Adams, ID",2023,4898.0
16003,"Adams, ID",2024,4998.0
16005,"Bannock, ID",2019,86326.0
16005,"Bannock, ID",2020,87281.0
16005,"Bannock, ID",2021,88523.0
16005,"Bannock, ID",2022,89871.0
16005,"Bannock, ID",2023,90585.0
16005,"Bannock, ID",2024,91010.0
16007,"Bear Lake, ID",2019,6330.0
16007,"Bear Lake, ID",2020,6367.0
16007,"Bear Lake, ID",2021,6569.0
16007,"Bear Lake, ID",2022,6751.0
16007,"Bear Lake, ID",2023,6783.0
16007,"Bear Lake, ID",2024,6779.0
16009,"Benewah, ID",2019,9401.0
16009,"Benewah, ID",2020,9579.0
16009,"Benewah, ID",2021,9900.0
16009,"Benewah, ID",2022,10301.0
16009,"Benewah, ID",2023,10400.0
16009,"Benewah, ID",2024,10529.0
16011,"Bingham, ID",2019,47547.0
16011,"Bingham, ID",2020,48099.0
16011,"Bingham, ID",2021,48938.0
16011,"Bingham, ID",2022,49997.0
16011,"Bingham, ID",2023,50398.0
16011,"Bingham, ID",2024,50889.0
16013,"Blaine, ID",2019,23866.0
16013,"Blaine, ID",2020,24345.0
16013,"Blaine, ID",2021,24784.0
16013,"Blaine, ID",2022,25186.0
16013,"Blaine, ID",2023,25180.0
16013,"Blaine, ID",2024,25261.0
16015,"Boise, ID",2019,7498.0
16015,"Boise, ID",2020,7663.0
16015,"Boise, ID",2021,8133.0
16015,"Boise, ID",2022,8426.0
16015,"Boise, ID",2023,8560.0
16015,"Boise, ID",2024,8581.0
16017,"Bonner, ID",2019,46238.0
16017,"Bonner, ID",2020,47411.0
16017,"Bonner, ID",2021,49649.0
16017,"Bonner, ID",2022,51521.0
16017,"Bonner, ID",2023,52709.0
16017,"Bonner, ID",2024,53955.0
16019,"Bonneville, ID",2019,121577.0
16019,"Bonneville, ID",2020,124736.0
16019,"Bonneville, ID",2021,128072.0
16019,"Bonneville, ID",2022,129690.0
16019,"Bonneville, ID",2023,131475.0
16019,"Bonneville, ID",2024,133644.0
16021,"Boundary, ID",2019,11832.0
16021,"Boundary, ID",2020,12141.0
16021,"Boundary, ID",2021,12627.0
16021,"Boundary, ID",2022,13377.0
16021,"Boundary, ID",2023,13677.0
16021,"Boundary, ID",2024,14040.0
16023,"Butte, ID",2019,2568.0
16023,"Butte, ID",2020,2583.0
16023,"Butte, ID",2021,2665.0
16023,"Butte, ID",2022,2692.0
16023,"Butte, ID",2023,2747.0
16023,"Butte, ID",2024,2735.0
16025,"Camas, ID",2019,1046.0
16025,"Camas, ID",2020,1084.0
16025,"Camas, ID",2021,1137.0
16025,"Camas, ID",2022,1168.0
16025,"Camas, ID",2023,1232.0
16025,"Camas, ID",2024,1247.0
16027,"Canyon, ID",2019,226235.0
16027,"Canyon, ID",2020,233031.0
16027,"Canyon, ID",2021,243752.0
16027,"Canyon, ID",2022,251532.0
16027,"Canyon, ID",2023,258742.0
16027,"Canyon, ID",2024,266892.0
16029,"Caribou, ID",2019,7046.0
16029,"Caribou, ID",2020,7016.0
16029,"Caribou, ID",2021,7115.0
16029,"Caribou, ID",2022,7208.0
16029,"Caribou, ID",2023,7233.0
16029,"Caribou, ID",2024,7239.0
16031,"Cassia, ID",2019,24423.0
16031,"Cassia, ID",2020,24755.0
16031,"Cassia, ID",2021,25242.0
16031,"Cassia, ID",2022,25625.0
16031,"Cassia, ID",2023,25817.0
16031,"Cassia, ID",2024,25976.0
16033,"Clark, ID",2019,793.0
16033,"Clark, ID",2020,793.0
16033,"Clark, ID",2021,794.0
16033,"Clark, ID",2022,812.0
16033,"Clark, ID",2023,801.0
16033,"Clark, ID",2024,794.0
16035,"Clearwater, ID",2019,8659.0
16035,"Clearwater, ID",2020,8752.0
16035,"Clearwater, ID",2021,8927.0
16035,"Clearwater, ID",2022,9034.0
16035,"Clearwater, ID",2023,9192.0
16035,"Clearwater, ID",2024,9151.0
16037,"Custer, ID",2019,4283.0
16037,"Custer, ID",2020,4269.0
16037,"Custer, ID",2021,4444.0
16037,"Custer, ID",2022,4503.0
16037,"Custer, ID",2023,4531.0
16037,"Custer, ID",2024,4597.0
16039,"Elmore, ID",2019,28490.0
16039,"Elmore, ID",2020,28680.0
16039,"Elmore, ID",2021,28994.0
16039,"Elmore, ID",2022,29494.0
16039,"Elmore, ID",2023,29706.0
16039,"Elmore, ID",2024,29729.0
16041,"Franklin, ID",2019,13951.0
16041,"Franklin, ID",2020,14283.0
16041,"Franklin, ID",2021,14673.0
16041,"Franklin, ID",2022,15172.0
16041,"Franklin, ID",2023,15516.0
16041,"Franklin, ID",2024,15638.0
16043,"Fremont (includes Yellowstone Park), ID",2019,13276.0
16043,"Fremont (includes Yellowstone Park), ID",2020,13419.0
16043,"Fremont (includes Yellowstone Park), ID",2021,13593.0
16043,"Fremont (includes Yellowstone Park), ID",2022,14048.0
16043,"Fremont (includes Yellowstone Park), ID",2023,14258.0
16043,"Fremont (includes Yellowstone Park), ID",2024,14399.0
16045,"Gem, ID",2019,18678.0
16045,"Gem, ID",2020,19278.0
16045,"Gem, ID",2021,19813.0
16045,"Gem, ID",2022,20739.0
16045,"Gem, ID",2023,21384.0
16045,"Gem, ID",2024,21857.0
16047,"Gooding, ID",2019,15340.0
16047,"Gooding, ID",2020,15657.0
16047,"Gooding, ID",2021,15806.0
16047,"Gooding, ID",2022,15890.0
16047,"Gooding, ID",2023,16113.0
16047,"Gooding, ID",2024,16189.0
16049,"Idaho, ID",2019,16407.0
16049,"Idaho, ID",2020,16590.0
16049,"Idaho, ID",2021,17059.0
16049,"Idaho, ID",2022,17670.0
16049,"Idaho, ID",2023,17928.0
16049,"Idaho, ID",2024,17912.0
16051,"Jefferson, ID",2019,30358.0
16051,"Jefferson, ID",2020,31082.0
16051,"Jefferson, ID",2021,32208.0
16051,"Jefferson, ID",2022,33365.0
16051,"Jefferson, ID",2023,34259.0
16051,"Jefferson, ID",2024,34854.0
16053,"Jerome, ID",2019,24176.0
16053,"Jerome, ID",2020,24268.0
16053,"Jerome, ID",2021,24740.0
16053,"Jerome, ID",2022,25228.0
16053,"Jerome, ID",2023,25574.0
16053,"Jerome, ID",2024,26056.0
16055,"Kootenai, ID",2019,167432.0
16055,"Kootenai, ID",2020,172791.0
16055,"Kootenai, ID",2021,180089.0
16055,"Kootenai, ID",2022,183540.0
16055,"Kootenai, ID",2023,185237.0
16055,"Kootenai, ID",2024,188323.0
16057,"Latah, ID",2019,39250.0
16057,"Latah, ID",2020,39638.0
16057,"Latah, ID",2021,40406.0
16057,"Latah, ID",2022,41330.0
16057,"Latah, ID",2023,41691.0
16057,"Latah, ID",2024,42180.0
16059,"Lemhi, ID",2019,7983.0
16059,"Lemhi, ID",2020,7958.0
16059,"Lemhi, ID",2021,8158.0
16059,"Lemhi, ID",2022,8286.0
16059,"Lemhi, ID",2023,8447.0
16059,"Lemhi, ID",2024,8397.0
16061,"Lewis, ID",2019,3561.0
16061,"Lewis, ID",2020,3524.0
16061,"Lewis, ID",2021,3689.0
16061,"Lewis, ID",2022,3727.0
16061,"Lewis, ID",2023,3740.0
16061,"Lewis, ID",2024,3728.0
16063,"Lincoln, ID",2019,5126.0
16063,"Lincoln, ID",2020,5136.0
16063,"Lincoln, ID",2021,5289.0
16063,"Lincoln, ID",2022,5365.0
16063,"Lincoln, ID",2023,5444.0
16063,"Lincoln, ID",2024,5556.0
16065,"Madison, ID",2019,51896.0
16065,"Madison, ID",2020,52912.0
16065,"Madison, ID",2021,54079.0
16065,"Madison, ID",2022,55427.0
16065,"Madison, ID",2023,55123.0
16065,"Madison, ID",2024,55549.0
16067,"Minidoka, ID",2019,21355.0
16067,"Minidoka, ID",2020,21671.0
16067,"Minidoka, ID",2021,21951.0
16067,"Minidoka, ID",2022,22202.0
16067,"Minidoka, ID",2023,22526.0
16067,"Minidoka, ID",2024,22691.0
16069,"Nez Perce, ID",2019,41877.0
16069,"Nez Perce, ID",2020,42148.0
16069,"Nez Perce, ID",2021,42511.0
16069,"Nez Perce, ID",2022,43003.0
16069,"Nez Perce, ID",2023,42978.0
16069,"Nez Perce, ID",2024,42847.0
16071,"Oneida, ID",2019,4551.0
16071,"Oneida, ID",2020,4564.0
16071,"Oneida, ID",2021,4604.0
16071,"Oneida, ID",2022,4740.0
16071,"Oneida, ID",2023,4955.0
16071,"Oneida, ID",2024,4976.0
16073,"Owyhee, ID",2019,11699.0
16073,"Owyhee, ID",2020,11999.0
16073,"Owyhee, ID",2021,12362.0
16073,"Owyhee, ID",2022,12644.0
16073,"Owyhee, ID",2023,12762.0
16073,"Owyhee, ID",2024,12748.0
16075,"Payette, ID",2019,24819.0
16075,"Payette, ID",2020,25588.0
16075,"Payette, ID",2021,26385.0
16075,"Payette, ID",2022,26934.0
16075,"Payette, ID",2023,27284.0
16075,"Payette, ID",2024,27662.0
16077,"Power, ID",2019,7852.0
16077,"Power, ID",2020,7883.0
16077,"Power, ID",2021,7980.0
16077,"Power, ID",2022,8122.0
16077,"Power, ID",2023,8301.0
16077,"Power, ID",2024,8381.0
16079,"Shoshone, ID",2019,13150.0
16079,"Shoshone, ID",2020,13205.0
16079,"Shoshone, ID",2021,13623.0
16079,"Shoshone, ID",2022,13951.0
16079,"Shoshone, ID",2023,14072.0
16079,"Shoshone, ID",2024,14074.0
16081,"Teton, ID",2019,11398.0
16081,"Teton, ID",2020,11734.0
16081,"Teton, ID",2021,12273.0
16081,"Teton, ID",2022,12553.0
16081,"Teton, ID",2023,12632.0
16081,"Teton, ID",2024,12932.0
16083,"Twin Falls, ID",2019,88944.0
16083,"Twin Falls, ID",2020,90374.0
16083,"Twin Falls, ID",2021,92410.0
16083,"Twin Falls, ID",2022,93973.0
16083,"Twin Falls, ID",2023,95404.0
16083,"Twin Falls, ID",2024,96509.0
16085,"Valley, ID",2019,11489.0
16085,"Valley, ID",2020,11842.0
16085,"Valley, ID",2021,12258.0
16085,"Valley, ID",2022,12436.0
16085,"Valley, ID",2023,12630.0
16085,"Valley, ID",2024,12777.0
16087,"Washington, ID",2019,10324.0
16087,"Washington, ID",2020,10560.0
16087,"Washington, ID",2021,10905.0
16087,"Washington, ID",2022,11198.0
16087,"Washington, ID",2023,11508.0
16087,"Washington, ID",2024,11539.0
17001,"Adams, IL",2019,66078.0
17001,"Adams, IL",2020,65622.0
17001,"Adams, IL",2021,65077.0
17001,"Adams, IL",2022,64526.0
17001,"Adams, IL",2023,64435.0
17001,"Adams, IL",2024,64109.0
17003,"Alexander, IL",2019,5474.0
17003,"Alexander, IL",2020,5172.0
17003,"Alexander, IL",2021,5028.0
17003,"Alexander, IL",2022,4859.0
17003,"Alexander, IL",2023,4723.0
17003,"Alexander, IL",2024,4594.0
17005,"Bond, IL",2019,16813.0
17005,"Bond, IL",2020,16856.0
17005,"Bond, IL",2021,16797.0
17005,"Bond, IL",2022,16716.0
17005,"Bond, IL",2023,16637.0
17005,"Bond, IL",2024,16576.0
17007,"Boone, IL",2019,53740.0
17007,"Boone, IL",2020,53339.0
17007,"Boone, IL",2021,53173.0
17007,"Boone, IL",2022,53084.0
17007,"Boone, IL",2023,53239.0
17007,"Boone, IL",2024,53313.0
17009,"Brown, IL",2019,6331.0
17009,"Brown, IL",2020,6237.0
17009,"Brown, IL",2021,6444.0
17009,"Brown, IL",2022,6321.0
17009,"Brown, IL",2023,6301.0
17009,"Brown, IL",2024,6307.0
17011,"Bureau, IL",2019,33389.0
17011,"Bureau, IL",2020,33225.0
17011,"Bureau, IL",2021,32999.0
17011,"Bureau, IL",2022,32862.0
17011,"Bureau, IL",2023,32758.0
17011,"Bureau, IL",2024,32486.0
17013,"Calhoun, IL",2019,4540.0
17013,"Calhoun, IL",2020,4403.0
17013,"Calhoun, IL",2021,4392.0
17013,"Calhoun, IL",2022,4335.0
17013,"Calhoun, IL",2023,4293.0
17013,"Calhoun, IL",2024,4224.0
17015,"Carroll, IL",2019,15650.0
17015,"Carroll, IL",2020,15678.0
17015,"Carroll, IL",2021,15712.0
17015,"Carroll, IL",2022,15553.0
17015,"Carroll, IL",2023,15492.0
17015,"Carroll, IL",2024,15444.0
17017,"Cass, IL",2019,13099.0
17017,"Cass, IL",2020,12976.0
17017,"Cass, IL",2021,12778.0
17017,"Cass, IL",2022,12672.0
17017,"Cass, IL",2023,12779.0
17017,"Cass, IL",2024,12713.0
17019,"Champaign, IL",2019,206272.0
17019,"Champaign, IL",2020,206252.0
17019,"Champaign, IL",2021,207232.0
17019,"Champaign, IL",2022,208033.0
17019,"Champaign, IL",2023,209813.0
17019,"Champaign, IL",2024,212374.0
17021,"Christian, IL",2019,34124.0
17021,"Christian, IL",2020,33982.0
17021,"Christian, IL",2021,33731.0
17021,"Christian, IL",2022,33410.0
17021,"Christian, IL",2023,33319.0
17021,"Christian, IL",2024,33247.0
17023,"Clark, IL",2019,15575.0
17023,"Clark, IL",2020,15448.0
17023,"Clark, IL",2021,15375.0
17023,"Clark, IL",2022,15211.0
17023,"Clark, IL",2023,15218.0
17023,"Clark, IL",2024,15076.0
17025,"Clay, IL",2019,13334.0
17025,"Clay, IL",2020,13273.0
17025,"Clay, IL",2021,13166.0
17025,"Clay, IL",2022,13053.0
17025,"Clay, IL",2023,12945.0
17025,"Clay, IL",2024,12821.0
17027,"Clinton, IL",2019,36931.0
17027,"Clinton, IL",2020,36913.0
17027,"Clinton, IL",2021,36898.0
17027,"Clinton, IL",2022,36987.0
17027,"Clinton, IL",2023,36886.0
17027,"Clinton, IL",2024,37087.0
17029,"Coles, IL",2019,47389.0
17029,"Coles, IL",2020,47084.0
17029,"Coles, IL",2021,47136.0
17029,"Coles, IL",2022,46708.0
17029,"Coles, IL",2023,46532.0
17029,"Coles, IL",2024,46423.0
17031,"Cook, IL",2019,5287983.0
17031,"Cook, IL",2020,5267072.0
17031,"Cook, IL",2021,5185134.0
17031,"Cook, IL",2022,5133106.0
17031,"Cook, IL",2023,5142522.0
17031,"Cook, IL",2024,5182617.0
17033,"Crawford, IL",2019,18776.0
17033,"Crawford, IL",2020,18637.0
17033,"Crawford, IL",2021,18673.0
17033,"Crawford, IL",2022,18516.0
17033,"Crawford, IL",2023,18342.0
17033,"Crawford, IL",2024,18388.0
17035,"Cumberland, IL",2019,10521.0
17035,"Cumberland, IL",2020,10437.0
17035,"Cumberland, IL",2021,10358.0
17035,"Cumberland, IL",2022,10296.0
17035,"Cumberland, IL",2023,10272.0
17035,"Cumberland, IL",2024,10305.0
17037,"DeKalb, IL",2019,101131.0
17037,"DeKalb, IL",2020,100368.0
17037,"DeKalb, IL",2021,100584.0
17037,"DeKalb, IL",2022,100569.0
17037,"DeKalb, IL",2023,100661.0
17037,"DeKalb, IL",2024,101335.0
17039,"De Witt, IL",2019,15678.0
17039,"De Witt, IL",2020,15464.0
17039,"De Witt, IL",2021,15410.0
17039,"De Witt, IL",2022,15341.0
17039,"De Witt, IL",2023,15331.0
17039,"De Witt, IL",2024,15319.0
17041,"Douglas, IL",2019,19664.0
17041,"Douglas, IL",2020,19780.0
17041,"Douglas, IL",2021,19714.0
17041,"Douglas, IL",2022,19702.0
17041,"Douglas, IL",2023,19733.0
17041,"Douglas, IL",2024,19824.0
17043,"DuPage, IL",2019,935237.0
17043,"DuPage, IL",2020,931508.0
17043,"DuPage, IL",2021,927145.0
17043,"DuPage, IL",2022,925143.0
17043,"DuPage, IL",2023,929180.0
17043,"DuPage, IL",2024,937142.0
17045,"Edgar, IL",2019,17090.0
17045,"Edgar, IL",2020,16808.0
17045,"Edgar, IL",2021,16601.0
17045,"Edgar, IL",2022,16426.0
17045,"Edgar, IL",2023,16442.0
17045,"Edgar, IL",2024,16398.0
17047,"Edwards, IL",2019,6281.0
17047,"Edwards, IL",2020,6209.0
17047,"Edwards, IL",2021,6087.0
17047,"Edwards, IL",2022,6073.0
17047,"Edwards, IL",2023,6021.0
17047,"Edwards, IL",2024,5984.0
17049,"Effingham, IL",2019,34645.0
17049,"Effingham, IL",2020,34707.0
17049,"Effingham, IL",2021,34514.0
17049,"Effingham, IL",2022,34336.0
17049,"Effingham, IL",2023,34453.0
17049,"Effingham, IL",2024,34602.0
17051,"Fayette, IL",2019,21520.0
17051,"Fayette, IL",2020,21485.0
17051,"Fayette, IL",2021,21438.0
17051,"Fayette, IL",2022,21284.0
17051,"Fayette, IL",2023,21209.0
17051,"Fayette, IL",2024,21157.0
17053,"Ford, IL",2019,13493.0
17053,"Ford, IL",2020,13511.0
17053,"Ford, IL",2021,13480.0
17053,"Ford, IL",2022,13270.0
17053,"Ford, IL",2023,13316.0
17053,"Ford, IL",2024,13451.0
17055,"Franklin, IL",2019,38158.0
17055,"Franklin, IL",2020,37717.0
17055,"Franklin, IL",2021,37484.0
17055,"Franklin, IL",2022,37226.0
17055,"Franklin, IL",2023,37156.0
17055,"Franklin, IL",2024,37033.0
17057,"Fulton, IL",2019,34013.0
17057,"Fulton, IL",2020,33554.0
17057,"Fulton, IL",2021,33344.0
17057,"Fulton, IL",2022,33022.0
17057,"Fulton, IL",2023,32664.0
17057,"Fulton, IL",2024,32510.0
17059,"Gallatin, IL",2019,4966.0
17059,"Gallatin, IL",2020,4945.0
17059,"Gallatin, IL",2021,4908.0
17059,"Gallatin, IL",2022,4842.0
17059,"Gallatin, IL",2023,4708.0
17059,"Gallatin, IL",2024,4690.0
17061,"Greene, IL",2019,12203.0
17061,"Greene, IL",2020,11935.0
17061,"Greene, IL",2021,11848.0
17061,"Greene, IL",2022,11643.0
17061,"Greene, IL",2023,11572.0
17061,"Greene, IL",2024,11417.0
17063,"Grundy, IL",2019,52433.0
17063,"Grundy, IL",2020,52535.0
17063,"Grundy, IL",2021,52984.0
17063,"Grundy, IL",2022,53153.0
17063,"Grundy, IL",2023,53587.0
17063,"Grundy, IL",2024,53835.0
17065,"Hamilton, IL",2019,8038.0
17065,"Hamilton, IL",2020,7993.0
17065,"Hamilton, IL",2021,7908.0
17065,"Hamilton, IL",2022,7976.0
17065,"Hamilton, IL",2023,7886.0
17065,"Hamilton, IL",2024,7818.0
17067,"Hancock, IL",2019,17802.0
17067,"Hancock, IL",2020,17558.0
17067,"Hancock, IL",2021,17395.0
17067,"Hancock, IL",2022,17250.0
17067,"Hancock, IL",2023,17195.0
17067,"Hancock, IL",2024,17008.0
17069,"Hardin, IL",2019,3693.0
17069,"Hardin, IL",2020,3646.0
17069,"Hardin, IL",2021,3640.0
17069,"Hardin, IL",2022,3588.0
17069,"Hardin, IL",2023,3599.0
17069,"Hardin, IL",2024,3550.0
17071,"Henderson, IL",2019,6535.0
17071,"Henderson, IL",2020,6335.0
17071,"Henderson, IL",2021,6309.0
17071,"Henderson, IL",2022,6168.0
17071,"Henderson, IL",2023,6105.0
17071,"Henderson, IL",2024,6048.0
17073,"Henry, IL",2019,49582.0
17073,"Henry, IL",2020,49178.0
17073,"Henry, IL",2021,48929.0
17073,"Henry, IL",2022,48567.0
17073,"Henry, IL",2023,48362.0
17073,"Henry, IL",2024,48177.0
17075,"Iroquois, IL",2019,27333.0
17075,"Iroquois, IL",2020,26966.0
17075,"Iroquois, IL",2021,26761.0
17075,"Iroquois, IL",2022,26417.0
17075,"Iroquois, IL",2023,26033.0
17075,"Iroquois, IL",2024,26067.0
17077,"Jackson, IL",2019,53343.0
17077,"Jackson, IL",2020,53264.0
17077,"Jackson, IL",2021,52986.0
17077,"Jackson, IL",2022,53004.0
17077,"Jackson, IL",2023,52867.0
17077,"Jackson, IL",2024,53199.0
17079,"Jasper, IL",2019,9415.0
17079,"Jasper, IL",2020,9255.0
17079,"Jasper, IL",2021,9210.0
17079,"Jasper, IL",2022,9185.0
17079,"Jasper, IL",2023,9156.0
17079,"Jasper, IL",2024,9092.0
17081,"Jefferson, IL",2019,37404.0
17081,"Jefferson, IL",2020,37000.0
17081,"Jefferson, IL",2021,36899.0
17081,"Jefferson, IL",2022,36415.0
17081,"Jefferson, IL",2023,36331.0
17081,"Jefferson, IL",2024,36107.0
17083,"Jersey, IL",2019,21553.0
17083,"Jersey, IL",2020,21492.0
17083,"Jersey, IL",2021,21350.0
17083,"Jersey, IL",2022,21222.0
17083,"Jersey, IL",2023,21158.0
17083,"Jersey, IL",2024,21150.0
17085,"Jo Daviess, IL",2019,21956.0
17085,"Jo Daviess, IL",2020,22098.0
17085,"Jo Daviess, IL",2021,22016.0
17085,"Jo Daviess, IL",2022,21863.0
17085,"Jo Daviess, IL",2023,21749.0
17085,"Jo Daviess, IL",2024,21528.0
17087,"Johnson, IL",2019,13251.0
17087,"Johnson, IL",2020,13322.0
17087,"Johnson, IL",2021,13481.0
17087,"Johnson, IL",2022,13401.0
17087,"Johnson, IL",2023,13355.0
17087,"Johnson, IL",2024,13320.0
17089,"Kane, IL",2019,518301.0
17089,"Kane, IL",2020,516403.0
17089,"Kane, IL",2021,516564.0
17089,"Kane, IL",2022,515070.0
17089,"Kane, IL",2023,517241.0
17089,"Kane, IL",2024,520997.0
17091,"Kankakee, IL",2019,108270.0
17091,"Kankakee, IL",2020,107403.0
17091,"Kankakee, IL",2021,106757.0
17091,"Kankakee, IL",2022,106221.0
17091,"Kankakee, IL",2023,106386.0
17091,"Kankakee, IL",2024,106410.0
17093,"Kendall, IL",2019,130366.0
17093,"Kendall, IL",2020,132351.0
17093,"Kendall, IL",2021,135023.0
17093,"Kendall, IL",2022,137602.0
17093,"Kendall, IL",2023,140229.0
17093,"Kendall, IL",2024,143171.0
17095,"Knox, IL",2019,50341.0
17095,"Knox, IL",2020,49806.0
17095,"Knox, IL",2021,49333.0
17095,"Knox, IL",2022,48713.0
17095,"Knox, IL",2023,48663.0
17095,"Knox, IL",2024,48716.0
17097,"Lake, IL",2019,715105.0
17097,"Lake, IL",2020,713426.0
17097,"Lake, IL",2021,712733.0
17097,"Lake, IL",2022,712143.0
17097,"Lake, IL",2023,714207.0
17097,"Lake, IL",2024,718604.0
17099,"LaSalle, IL",2019,110159.0
17099,"LaSalle, IL",2020,109409.0
17099,"LaSalle, IL",2021,109166.0
17099,"LaSalle, IL",2022,108210.0
17099,"LaSalle, IL",2023,108397.0
17099,"LaSalle, IL",2024,108390.0
17101,"Lawrence, IL",2019,15445.0
17101,"Lawrence, IL",2020,15283.0
17101,"Lawrence, IL",2021,15246.0
17101,"Lawrence, IL",2022,14937.0
17101,"Lawrence, IL",2023,14886.0
17101,"Lawrence, IL",2024,14801.0
17103,"Lee, IL",2019,34390.0
17103,"Lee, IL",2020,34063.0
17103,"Lee, IL",2021,34202.0
17103,"Lee, IL",2022,33928.0
17103,"Lee, IL",2023,33606.0
17103,"Lee, IL",2024,33544.0
17105,"Livingston, IL",2019,35874.0
17105,"Livingston, IL",2020,35816.0
17105,"Livingston, IL",2021,35799.0
17105,"Livingston, IL",2022,35513.0
17105,"Livingston, IL",2023,35321.0
17105,"Livingston, IL",2024,35375.0
17107,"Logan, IL",2019,28191.0
17107,"Logan, IL",2020,27905.0
17107,"Logan, IL",2021,27978.0
17107,"Logan, IL",2022,27654.0
17107,"Logan, IL",2023,27508.0
17107,"Logan, IL",2024,27518.0
17109,"McDonough, IL",2019,27774.0
17109,"McDonough, IL",2020,27116.0
17109,"McDonough, IL",2021,26906.0
17109,"McDonough, IL",2022,26965.0
17109,"McDonough, IL",2023,26952.0
17109,"McDonough, IL",2024,26662.0
17111,"McHenry, IL",2019,310979.0
17111,"McHenry, IL",2020,309973.0
17111,"McHenry, IL",2021,311669.0
17111,"McHenry, IL",2022,311921.0
17111,"McHenry, IL",2023,313435.0
17111,"McHenry, IL",2024,315959.0
17113,"McLean, IL",2019,170907.0
17113,"McLean, IL",2020,171236.0
17113,"McLean, IL",2021,171411.0
17113,"McLean, IL",2022,171571.0
17113,"McLean, IL",2023,171493.0
17113,"McLean, IL",2024,172069.0
17115,"Macon, IL",2019,104643.0
17115,"Macon, IL",2020,103764.0
17115,"Macon, IL",2021,102619.0
17115,"Macon, IL",2022,101369.0
17115,"Macon, IL",2023,100754.0
17115,"Macon, IL",2024,100737.0
17117,"Macoupin, IL",2019,45303.0
17117,"Macoupin, IL",2020,44924.0
17117,"Macoupin, IL",2021,44563.0
17117,"Macoupin, IL",2022,44239.0
17117,"Macoupin, IL",2023,44127.0
17117,"Macoupin, IL",2024,43895.0
17119,"Madison, IL",2019,266250.0
17119,"Madison, IL",2020,265749.0
17119,"Madison, IL",2021,265001.0
17119,"Madison, IL",2022,263981.0
17119,"Madison, IL",2023,263442.0
17119,"Madison, IL",2024,263017.0
17121,"Marion, IL",2019,37870.0
17121,"Marion, IL",2020,37657.0
17121,"Marion, IL",2021,37390.0
17121,"Marion, IL",2022,36878.0
17121,"Marion, IL",2023,36640.0
17121,"Marion, IL",2024,36437.0
17123,"Marshall, IL",2019,11822.0
17123,"Marshall, IL",2020,11710.0
17123,"Marshall, IL",2021,11665.0
17123,"Marshall, IL",2022,11657.0
17123,"Marshall, IL",2023,11650.0
17123,"Marshall, IL",2024,11552.0
17125,"Mason, IL",2019,13235.0
17125,"Mason, IL",2020,13053.0
17125,"Mason, IL",2021,12826.0
17125,"Mason, IL",2022,12717.0
17125,"Mason, IL",2023,12588.0
17125,"Mason, IL",2024,12543.0
17127,"Massac, IL",2019,14218.0
17127,"Massac, IL",2020,14137.0
17127,"Massac, IL",2021,13953.0
17127,"Massac, IL",2022,13858.0
17127,"Massac, IL",2023,13751.0
17127,"Massac, IL",2024,13627.0
17129,"Menard, IL",2019,12378.0
17129,"Menard, IL",2020,12272.0
17129,"Menard, IL",2021,12170.0
17129,"Menard, IL",2022,12076.0
17129,"Menard, IL",2023,11996.0
17129,"Menard, IL",2024,11963.0
17131,"Mercer, IL",2019,15855.0
17131,"Mercer, IL",2020,15632.0
17131,"Mercer, IL",2021,15583.0
17131,"Mercer, IL",2022,15512.0
17131,"Mercer, IL",2023,15456.0
17131,"Mercer, IL",2024,15292.0
17133,"Monroe, IL",2019,34935.0
17133,"Monroe, IL",2020,34953.0
17133,"Monroe, IL",2021,35007.0
17133,"Monroe, IL",2022,35107.0
17133,"Monroe, IL",2023,35144.0
17133,"Monroe, IL",2024,34969.0
17135,"Montgomery, IL",2019,28547.0
17135,"Montgomery, IL",2020,28242.0
17135,"Montgomery, IL",2021,28128.0
17135,"Montgomery, IL",2022,27971.0
17135,"Montgomery, IL",2023,27756.0
17135,"Montgomery, IL",2024,27615.0
17137,"Morgan, IL",2019,33168.0
17137,"Morgan, IL",2020,33494.0
17137,"Morgan, IL",2021,33289.0
17137,"Morgan, IL",2022,32931.0
17137,"Morgan, IL",2023,32773.0
17137,"Morgan, IL",2024,32618.0
17139,"Moultrie, IL",2019,14608.0
17139,"Moultrie, IL",2020,14492.0
17139,"Moultrie, IL",2021,14573.0
17139,"Moultrie, IL",2022,14361.0
17139,"Moultrie, IL",2023,14327.0
17139,"Moultrie, IL",2024,14365.0
17141,"Ogle, IL",2019,51945.0
17141,"Ogle, IL",2020,51762.0
17141,"Ogle, IL",2021,51540.0
17141,"Ogle, IL",2022,51437.0
17141,"Ogle, IL",2023,51391.0
17141,"Ogle, IL",2024,51345.0
17143,"Peoria, IL",2019,182729.0
17143,"Peoria, IL",2020,181512.0
17143,"Peoria, IL",2021,179847.0
17143,"Peoria, IL",2022,178503.0
17143,"Peoria, IL",2023,178735.0
17143,"Peoria, IL",2024,179630.0
17145,"Perry, IL",2019,21125.0
17145,"Perry, IL",2020,20892.0
17145,"Perry, IL",2021,21027.0
17145,"Perry, IL",2022,20503.0
17145,"Perry, IL",2023,20499.0
17145,"Perry, IL",2024,20272.0
17147,"Piatt, IL",2019,16678.0
17147,"Piatt, IL",2020,16683.0
17147,"Piatt, IL",2021,16764.0
17147,"Piatt, IL",2022,16678.0
17147,"Piatt, IL",2023,16720.0
17147,"Piatt, IL",2024,16628.0
17149,"Pike, IL",2019,15025.0
17149,"Pike, IL",2020,14637.0
17149,"Pike, IL",2021,14621.0
17149,"Pike, IL",2022,14492.0
17149,"Pike, IL",2023,14339.0
17149,"Pike, IL",2024,14258.0
17151,"Pope, IL",2019,3825.0
17151,"Pope, IL",2020,3758.0
17151,"Pope, IL",2021,3763.0
17151,"Pope, IL",2022,3757.0
17151,"Pope, IL",2023,3715.0
17151,"Pope, IL",2024,3703.0
17153,"Pulaski, IL",2019,5283.0
17153,"Pulaski, IL",2020,5179.0
17153,"Pulaski, IL",2021,5093.0
17153,"Pulaski, IL",2022,4966.0
17153,"Pulaski, IL",2023,4957.0
17153,"Pulaski, IL",2024,4879.0
17155,"Putnam, IL",2019,5664.0
17155,"Putnam, IL",2020,5631.0
17155,"Putnam, IL",2021,5589.0
17155,"Putnam, IL",2022,5562.0
17155,"Putnam, IL",2023,5588.0
17155,"Putnam, IL",2024,5633.0
17157,"Randolph, IL",2019,30525.0
17157,"Randolph, IL",2020,30084.0
17157,"Randolph, IL",2021,30207.0
17157,"Randolph, IL",2022,30101.0
17157,"Randolph, IL",2023,29993.0
17157,"Randolph, IL",2024,29903.0
17159,"Richland, IL",2019,15802.0
17159,"Richland, IL",2020,15805.0
17159,"Richland, IL",2021,15784.0
17159,"Richland, IL",2022,15536.0
17159,"Richland, IL",2023,15502.0
17159,"Richland, IL",2024,15362.0
17161,"Rock Island, IL",2019,145001.0
17161,"Rock Island, IL",2020,144360.0
17161,"Rock Island, IL",2021,142943.0
17161,"Rock Island, IL",2022,141812.0
17161,"Rock Island, IL",2023,141939.0
17161,"Rock Island, IL",2024,142731.0
17163,"St. Clair, IL",2019,258737.0
17163,"St. Clair, IL",2020,257070.0
17163,"St. Clair, IL",2021,255210.0
17163,"St. Clair, IL",2022,252947.0
17163,"St. Clair, IL",2023,252094.0
17163,"St. Clair, IL",2024,251149.0
17165,"Saline, IL",2019,24007.0
17165,"Saline, IL",2020,23741.0
17165,"Saline, IL",2021,23368.0
17165,"Saline, IL",2022,23141.0
17165,"Saline, IL",2023,22988.0
17165,"Saline, IL",2024,22826.0
17167,"Sangamon, IL",2019,196881.0
17167,"Sangamon, IL",2020,196223.0
17167,"Sangamon, IL",2021,195468.0
17167,"Sangamon, IL",2022,194483.0
17167,"Sangamon, IL",2023,194216.0
17167,"Sangamon, IL",2024,194345.0
17169,"Schuyler, IL",2019,6954.0
17169,"Schuyler, IL",2020,6870.0
17169,"Schuyler, IL",2021,6835.0
17169,"Schuyler, IL",2022,6755.0
17169,"Schuyler, IL",2023,6725.0
17169,"Schuyler, IL",2024,6750.0
17171,"Scott, IL",2019,4972.0
17171,"Scott, IL",2020,5074.0
17171,"Scott, IL",2021,4984.0
17171,"Scott, IL",2022,4898.0
17171,"Scott, IL",2023,4850.0
17171,"Scott, IL",2024,4880.0
17173,"Shelby, IL",2019,21278.0
17173,"Shelby, IL",2020,20907.0
17173,"Shelby, IL",2021,20853.0
17173,"Shelby, IL",2022,20706.0
17173,"Shelby, IL",2023,20593.0
17173,"Shelby, IL",2024,20542.0
17175,"Stark, IL",2019,5426.0
17175,"Stark, IL",2020,5388.0
17175,"Stark, IL",2021,5291.0
17175,"Stark, IL",2022,5324.0
17175,"Stark, IL",2023,5267.0
17175,"Stark, IL",2024,5272.0
17177,"Stephenson, IL",2019,44981.0
17177,"Stephenson, IL",2020,44573.0
17177,"Stephenson, IL",2021,44130.0
17177,"Stephenson, IL",2022,43702.0
17177,"Stephenson, IL",2023,43347.0
17177,"Stephenson, IL",2024,43088.0
17179,"Tazewell, IL",2019,132107.0
17179,"Tazewell, IL",2020,131296.0
17179,"Tazewell, IL",2021,130640.0
17179,"Tazewell, IL",2022,129859.0
17179,"Tazewell, IL",2023,129835.0
17179,"Tazewell, IL",2024,129821.0
17181,"Union, IL",2019,17338.0
17181,"Union, IL",2020,17298.0
17181,"Union, IL",2021,17035.0
17181,"Union, IL",2022,16901.0
17181,"Union, IL",2023,16866.0
17181,"Union, IL",2024,16886.0
17183,"Vermilion, IL",2019,74892.0
17183,"Vermilion, IL",2020,74010.0
17183,"Vermilion, IL",2021,73175.0
17183,"Vermilion, IL",2022,72089.0
17183,"Vermilion, IL",2023,71551.0
17183,"Vermilion, IL",2024,71106.0
17185,"Wabash, IL",2019,11492.0
17185,"Wabash, IL",2020,11315.0
17185,"Wabash, IL",2021,11209.0
17185,"Wabash, IL",2022,11061.0
17185,"Wabash, IL",2023,11032.0
17185,"Wabash, IL",2024,10979.0
17187,"Warren, IL",2019,16914.0
17187,"Warren, IL",2020,16832.0
17187,"Warren, IL",2021,16595.0
17187,"Warren, IL",2022,16368.0
17187,"Warren, IL",2023,16224.0
17187,"Warren, IL",2024,16217.0
17189,"Washington, IL",2019,13876.0
17189,"Washington, IL",2020,13731.0
17189,"Washington, IL",2021,13651.0
17189,"Washington, IL",2022,13650.0
17189,"Washington, IL",2023,13570.0
17189,"Washington, IL",2024,13535.0
17191,"Wayne, IL",2019,16302.0
17191,"Wayne, IL",2020,16161.0
17191,"Wayne, IL",2021,15995.0
17191,"Wayne, IL",2022,15903.0
17191,"Wayne, IL",2023,15875.0
17191,"Wayne, IL",2024,15928.0
17193,"White, IL",2019,13998.0
17193,"White, IL",2020,13814.0
17193,"White, IL",2021,13767.0
17193,"White, IL",2022,13636.0
17193,"White, IL",2023,13482.0
17193,"White, IL",2024,13395.0
17195,"Whiteside, IL",2019,56010.0
17195,"Whiteside, IL",2020,55574.0
17195,"Whiteside, IL",2021,55320.0
17195,"Whiteside, IL",2022,54602.0
17195,"Whiteside, IL",2023,54582.0
17195,"Whiteside, IL",2024,54657.0
17197,"Will, IL",2019,696609.0
17197,"Will, IL",2020,696909.0
17197,"Will, IL",2021,699327.0
17197,"Will, IL",2022,699110.0
17197,"Will, IL",2023,703383.0
17197,"Will, IL",2024,708583.0
17199,"Williamson, IL",2019,67251.0
17199,"Williamson, IL",2020,67121.0
17199,"Williamson, IL",2021,66895.0
17199,"Williamson, IL",2022,66565.0
17199,"Williamson, IL",2023,66737.0
17199,"Williamson, IL",2024,67064.0
17201,"Winnebago, IL",2019,285791.0
17201,"Winnebago, IL",2020,284963.0
17201,"Winnebago, IL",2021,283413.0
17201,"Winnebago, IL",2022,282081.0
17201,"Winnebago, IL",2023,282214.0
17201,"Winnebago, IL",2024,283790.0
17203,"Woodford, IL",2019,38652.0
17203,"Woodford, IL",2020,38407.0
17203,"Woodford, IL",2021,38220.0
17203,"Woodford, IL",2022,38254.0
17203,"Woodford, IL",2023,38387.0
17203,"Woodford, IL",2024,38290.0
18001,"Adams, IN",2019,35641.0
18001,"Adams, IN",2020,35865.0
18001,"Adams, IN",2021,36012.0
18001,"Adams, IN",2022,36204.0
18001,"Adams, IN",2023,36469.0
18001,"Adams, IN",2024,36584.0
18003,"Allen, IN",2019,382527.0
18003,"Allen, IN",2020,386123.0
18003,"Allen, IN",2021,389220.0
18003,"Allen, IN",2022,392119.0
18003,"Allen, IN",2023,395131.0
18003,"Allen, IN",2024,399295.0
18005,"Bartholomew, IN",2019,81999.0
18005,"Bartholomew, IN",2020,82215.0
18005,"Bartholomew, IN",2021,82732.0
18005,"Bartholomew, IN",2022,83746.0
18005,"Bartholomew, IN",2023,84248.0
18005,"Bartholomew, IN",2024,84741.0
18007,"Benton, IN",2019,8736.0
18007,"Benton, IN",2020,8707.0
18007,"Benton, IN",2021,8678.0
18007,"Benton, IN",2022,8676.0
18007,"Benton, IN",2023,8761.0
18007,"Benton, IN",2024,8853.0
18009,"Blackford, IN",2019,12071.0
18009,"Blackford, IN",2020,12109.0
18009,"Blackford, IN",2021,12047.0
18009,"Blackford, IN",2022,11905.0
18009,"Blackford, IN",2023,11875.0
18009,"Blackford, IN",2024,11816.0
18011,"Boone, IN",2019,69546.0
18011,"Boone, IN",2020,71133.0
18011,"Boone, IN",2021,73087.0
18011,"Boone, IN",2022,74403.0
18011,"Boone, IN",2023,76195.0
18011,"Boone, IN",2024,78773.0
18013,"Brown, IN",2019,15396.0
18013,"Brown, IN",2020,15480.0
18013,"Brown, IN",2021,15590.0
18013,"Brown, IN",2022,15617.0
18013,"Brown, IN",2023,15691.0
18013,"Brown, IN",2024,15650.0
18015,"Carroll, IN",2019,20254.0
18015,"Carroll, IN",2020,20331.0
18015,"Carroll, IN",2021,20519.0
18015,"Carroll, IN",2022,20507.0
18015,"Carroll, IN",2023,20570.0
18015,"Carroll, IN",2024,20747.0
18017,"Cass, IN",2019,37933.0
18017,"Cass, IN",2020,37794.0
18017,"Cass, IN",2021,37573.0
18017,"Cass, IN",2022,37670.0
18017,"Cass, IN",2023,37802.0
18017,"Cass, IN",2024,37559.0
18019,"Clark, IN",2019,120051.0
18019,"Clark, IN",2020,121377.0
18019,"Clark, IN",2021,122922.0
18019,"Clark, IN",2022,124306.0
18019,"Clark, IN",2023,125686.0
18019,"Clark, IN",2024,127479.0
18021,"Clay, IN",2019,26468.0
18021,"Clay, IN",2020,26427.0
18021,"Clay, IN",2021,26399.0
18021,"Clay, IN",2022,26378.0
18021,"Clay, IN",2023,26419.0
18021,"Clay, IN",2024,26424.0
18023,"Clinton, IN",2019,33140.0
18023,"Clinton, IN",2020,33172.0
18023,"Clinton, IN",2021,32982.0
18023,"Clinton, IN",2022,32794.0
18023,"Clinton, IN",2023,32879.0
18023,"Clinton, IN",2024,32895.0
18025,"Crawford, IN",2019,10498.0
18025,"Crawford, IN",2020,10522.0
18025,"Crawford, IN",2021,10490.0
18025,"Crawford, IN",2022,10520.0
18025,"Crawford, IN",2023,10442.0
18025,"Crawford, IN",2024,10523.0
18027,"Daviess, IN",2019,33291.0
18027,"Daviess, IN",2020,33368.0
18027,"Daviess, IN",2021,33410.0
18027,"Daviess, IN",2022,33613.0
18027,"Daviess, IN",2023,33801.0
18027,"Daviess, IN",2024,34097.0
18029,"Dearborn, IN",2019,50398.0
18029,"Dearborn, IN",2020,50756.0
18029,"Dearborn, IN",2021,50888.0
18029,"Dearborn, IN",2022,50976.0
18029,"Dearborn, IN",2023,51414.0
18029,"Dearborn, IN",2024,51435.0
18031,"Decatur, IN",2019,26371.0
18031,"Decatur, IN",2020,26476.0
18031,"Decatur, IN",2021,26360.0
18031,"Decatur, IN",2022,26458.0
18031,"Decatur, IN",2023,26395.0
18031,"Decatur, IN",2024,26421.0
18033,"DeKalb, IN",2019,43185.0
18033,"DeKalb, IN",2020,43306.0
18033,"DeKalb, IN",2021,43417.0
18033,"DeKalb, IN",2022,43804.0
18033,"DeKalb, IN",2023,44177.0
18033,"DeKalb, IN",2024,44330.0
18035,"Delaware, IN",2019,112200.0
18035,"Delaware, IN",2020,111757.0
18035,"Delaware, IN",2021,112059.0
18035,"Delaware, IN",2022,112183.0
18035,"Delaware, IN",2023,112448.0
18035,"Delaware, IN",2024,112951.0
18037,"Dubois, IN",2019,43541.0
18037,"Dubois, IN",2020,43644.0
18037,"Dubois, IN",2021,43569.0
18037,"Dubois, IN",2022,43550.0
18037,"Dubois, IN",2023,43678.0
18037,"Dubois, IN",2024,43629.0
18039,"Elkhart, IN",2019,206974.0
18039,"Elkhart, IN",2020,207009.0
18039,"Elkhart, IN",2021,207093.0
18039,"Elkhart, IN",2022,207161.0
18039,"Elkhart, IN",2023,206963.0
18039,"Elkhart, IN",2024,207436.0
18041,"Fayette, IN",2019,23449.0
18041,"Fayette, IN",2020,23356.0
18041,"Fayette, IN",2021,23381.0
18041,"Fayette, IN",2022,23342.0
18041,"Fayette, IN",2023,23256.0
18041,"Fayette, IN",2024,23335.0
18043,"Floyd, IN",2019,80078.0
18043,"Floyd, IN",2020,80515.0
18043,"Floyd, IN",2021,80598.0
18043,"Floyd, IN",2022,80662.0
18043,"Floyd, IN",2023,80882.0
18043,"Floyd, IN",2024,81931.0
18045,"Fountain, IN",2019,16398.0
18045,"Fountain, IN",2020,16493.0
18045,"Fountain, IN",2021,16485.0
18045,"Fountain, IN",2022,16601.0
18045,"Fountain, IN",2023,16674.0
18045,"Fountain, IN",2024,16833.0
18047,"Franklin, IN",2019,22764.0
18047,"Franklin, IN",2020,22789.0
18047,"Franklin, IN",2021,22892.0
18047,"Franklin, IN",2022,23107.0
18047,"Franklin, IN",2023,23174.0
18047,"Franklin, IN",2024,23136.0
18049,"Fulton, IN",2019,20431.0
18049,"Fulton, IN",2020,20468.0
18049,"Fulton, IN",2021,20415.0
18049,"Fulton, IN",2022,20353.0
18049,"Fulton, IN",2023,20319.0
18049,"Fulton, IN",2024,20004.0
18051,"Gibson, IN",2019,32948.0
18051,"Gibson, IN",2020,33058.0
18051,"Gibson, IN",2021,32981.0
18051,"Gibson, IN",2022,33004.0
18051,"Gibson, IN",2023,32919.0
18051,"Gibson, IN",2024,33038.0
18053,"Grant, IN",2019,66999.0
18053,"Grant, IN",2020,66507.0
18053,"Grant, IN",2021,66189.0
18053,"Grant, IN",2022,66020.0
18053,"Grant, IN",2023,66303.0
18053,"Grant, IN",2024,66458.0
18055,"Greene, IN",2019,30838.0
18055,"Greene, IN",2020,30805.0
18055,"Greene, IN",2021,30874.0
18055,"Greene, IN",2022,31076.0
18055,"Greene, IN",2023,31132.0
18055,"Greene, IN",2024,31219.0
18057,"Hamilton, IN",2019,342245.0
18057,"Hamilton, IN",2020,349031.0
18057,"Hamilton, IN",2021,357691.0
18057,"Hamilton, IN",2022,366264.0
18057,"Hamilton, IN",2023,372588.0
18057,"Hamilton, IN",2024,379704.0
18059,"Hancock, IN",2019,78711.0
18059,"Hancock, IN",2020,80180.0
18059,"Hancock, IN",2021,81899.0
18059,"Hancock, IN",2022,83119.0
18059,"Hancock, IN",2023,86176.0
18059,"Hancock, IN",2024,88810.0
18061,"Harrison, IN",2019,39585.0
18061,"Harrison, IN",2020,39673.0
18061,"Harrison, IN",2021,39808.0
18061,"Harrison, IN",2022,39823.0
18061,"Harrison, IN",2023,40011.0
18061,"Harrison, IN",2024,39978.0
18063,"Hendricks, IN",2019,172030.0
18063,"Hendricks, IN",2020,175615.0
18063,"Hendricks, IN",2021,179830.0
18063,"Hendricks, IN",2022,183507.0
18063,"Hendricks, IN",2023,187141.0
18063,"Hendricks, IN",2024,190629.0
18065,"Henry, IN",2019,48829.0
18065,"Henry, IN",2020,48910.0
18065,"Henry, IN",2021,49038.0
18065,"Henry, IN",2022,48829.0
18065,"Henry, IN",2023,48993.0
18065,"Henry, IN",2024,49081.0
18067,"Howard, IN",2019,83474.0
18067,"Howard, IN",2020,83587.0
18067,"Howard, IN",2021,83653.0
18067,"Howard, IN",2022,83574.0
18067,"Howard, IN",2023,83857.0
18067,"Howard, IN",2024,84082.0
18069,"Huntington, IN",2019,36726.0
18069,"Huntington, IN",2020,36642.0
18069,"Huntington, IN",2021,36788.0
18069,"Huntington, IN",2022,36799.0
18069,"Huntington, IN",2023,36818.0
18069,"Huntington, IN",2024,36944.0
18071,"Jackson, IN",2019,46207.0
18071,"Jackson, IN",2020,46479.0
18071,"Jackson, IN",2021,46231.0
18071,"Jackson, IN",2022,46385.0
18071,"Jackson, IN",2023,46787.0
18071,"Jackson, IN",2024,47420.0
18073,"Jasper, IN",2019,32997.0
18073,"Jasper, IN",2020,32893.0
18073,"Jasper, IN",2021,33155.0
18073,"Jasper, IN",2022,33280.0
18073,"Jasper, IN",2023,33456.0
18073,"Jasper, IN",2024,33387.0
18075,"Jay, IN",2019,20487.0
18075,"Jay, IN",2020,20481.0
18075,"Jay, IN",2021,20293.0
18075,"Jay, IN",2022,20137.0
18075,"Jay, IN",2023,20069.0
18075,"Jay, IN",2024,20164.0
18077,"Jefferson, IN",2019,33172.0
18077,"Jefferson, IN",2020,33103.0
18077,"Jefferson, IN",2021,33124.0
18077,"Jefferson, IN",2022,32902.0
18077,"Jefferson, IN",2023,32938.0
18077,"Jefferson, IN",2024,32921.0
18079,"Jennings, IN",2019,27694.0
18079,"Jennings, IN",2020,27579.0
18079,"Jennings, IN",2021,27513.0
18079,"Jennings, IN",2022,27468.0
18079,"Jennings, IN",2023,27614.0
18079,"Jennings, IN",2024,27634.0
18081,"Johnson, IN",2019,159872.0
18081,"Johnson, IN",2020,162263.0
18081,"Johnson, IN",2021,164440.0
18081,"Johnson, IN",2022,165951.0
18081,"Johnson, IN",2023,168305.0
18081,"Johnson, IN",2024,170614.0
18083,"Knox, IN",2019,36327.0
18083,"Knox, IN",2020,36257.0
18083,"Knox, IN",2021,35982.0
18083,"Knox, IN",2022,35895.0
18083,"Knox, IN",2023,36027.0
18083,"Knox, IN",2024,35872.0
18085,"Kosciusko, IN",2019,80459.0
18085,"Kosciusko, IN",2020,80161.0
18085,"Kosciusko, IN",2021,80265.0
18085,"Kosciusko, IN",2022,80676.0
18085,"Kosciusko, IN",2023,80441.0
18085,"Kosciusko, IN",2024,80669.0
18087,"Lagrange, IN",2019,40132.0
18087,"Lagrange, IN",2020,40533.0
18087,"Lagrange, IN",2021,40527.0
18087,"Lagrange, IN",2022,40865.0
18087,"Lagrange, IN",2023,40979.0
18087,"Lagrange, IN",2024,41122.0
18089,"Lake, IN",2019,496586.0
18089,"Lake, IN",2020,498963.0
18089,"Lake, IN",2021,499319.0
18089,"Lake, IN",2022,500065.0
18089,"Lake, IN",2023,500591.0
18089,"Lake, IN",2024,502955.0
18091,"LaPorte, IN",2019,112467.0
18091,"LaPorte, IN",2020,112287.0
18091,"LaPorte, IN",2021,112552.0
18091,"LaPorte, IN",2022,111810.0
18091,"LaPorte, IN",2023,111586.0
18091,"LaPorte, IN",2024,111348.0
18093,"Lawrence, IN",2019,44980.0
18093,"Lawrence, IN",2020,45009.0
18093,"Lawrence, IN",2021,45063.0
18093,"Lawrence, IN",2022,45213.0
18093,"Lawrence, IN",2023,45034.0
18093,"Lawrence, IN",2024,45192.0
18095,"Madison, IN",2019,129822.0
18095,"Madison, IN",2020,130160.0
18095,"Madison, IN",2021,130846.0
18095,"Madison, IN",2022,131524.0
18095,"Madison, IN",2023,132746.0
18095,"Madison, IN",2024,134222.0
18097,"Marion, IN",2019,974082.0
18097,"Marion, IN",2020,976706.0
18097,"Marion, IN",2021,971682.0
18097,"Marion, IN",2022,973375.0
18097,"Marion, IN",2023,975654.0
18097,"Marion, IN",2024,981628.0
18099,"Marshall, IN",2019,46155.0
18099,"Marshall, IN",2020,46073.0
18099,"Marshall, IN",2021,46168.0
18099,"Marshall, IN",2022,46394.0
18099,"Marshall, IN",2023,46323.0
18099,"Marshall, IN",2024,46464.0
18101,"Martin, IN",2019,9903.0
18101,"Martin, IN",2020,9810.0
18101,"Martin, IN",2021,9807.0
18101,"Martin, IN",2022,9808.0
18101,"Martin, IN",2023,9862.0
18101,"Martin, IN",2024,9864.0
18103,"Miami, IN",2019,36032.0
18103,"Miami, IN",2020,35906.0
18103,"Miami, IN",2021,36003.0
18103,"Miami, IN",2022,35562.0
18103,"Miami, IN",2023,35477.0
18103,"Miami, IN",2024,35613.0
18105,"Monroe, IN",2019,140257.0
18105,"Monroe, IN",2020,140645.0
18105,"Monroe, IN",2021,141243.0
18105,"Monroe, IN",2022,141181.0
18105,"Monroe, IN",2023,141052.0
18105,"Monroe, IN",2024,140702.0
18107,"Montgomery, IN",2019,37892.0
18107,"Montgomery, IN",2020,37943.0
18107,"Montgomery, IN",2021,38069.0
18107,"Montgomery, IN",2022,38345.0
18107,"Montgomery, IN",2023,38571.0
18107,"Montgomery, IN",2024,38633.0
18109,"Morgan, IN",2019,71459.0
18109,"Morgan, IN",2020,71842.0
18109,"Morgan, IN",2021,72289.0
18109,"Morgan, IN",2022,72239.0
18109,"Morgan, IN",2023,73100.0
18109,"Morgan, IN",2024,73825.0
18111,"Newton, IN",2019,13881.0
18111,"Newton, IN",2020,13792.0
18111,"Newton, IN",2021,13815.0
18111,"Newton, IN",2022,13841.0
18111,"Newton, IN",2023,14033.0
18111,"Newton, IN",2024,14131.0
18113,"Noble, IN",2019,47540.0
18113,"Noble, IN",2020,47468.0
18113,"Noble, IN",2021,47408.0
18113,"Noble, IN",2022,47281.0
18113,"Noble, IN",2023,47508.0
18113,"Noble, IN",2024,47811.0
18115,"Ohio, IN",2019,5947.0
18115,"Ohio, IN",2020,5925.0
18115,"Ohio, IN",2021,5992.0
18115,"Ohio, IN",2022,6089.0
18115,"Ohio, IN",2023,5993.0
18115,"Ohio, IN",2024,5996.0
18117,"Orange, IN",2019,19871.0
18117,"Orange, IN",2020,19853.0
18117,"Orange, IN",2021,19816.0
18117,"Orange, IN",2022,19633.0
18117,"Orange, IN",2023,19711.0
18117,"Orange, IN",2024,19824.0
18119,"Owen, IN",2019,21321.0
18119,"Owen, IN",2020,21324.0
18119,"Owen, IN",2021,21519.0
18119,"Owen, IN",2022,21552.0
18119,"Owen, IN",2023,21775.0
18119,"Owen, IN",2024,21851.0
18121,"Parke, IN",2019,16231.0
18121,"Parke, IN",2020,16167.0
18121,"Parke, IN",2021,16506.0
18121,"Parke, IN",2022,16365.0
18121,"Parke, IN",2023,16483.0
18121,"Parke, IN",2024,16508.0
18123,"Perry, IN",2019,19193.0
18123,"Perry, IN",2020,19157.0
18123,"Perry, IN",2021,19341.0
18123,"Perry, IN",2022,19241.0
18123,"Perry, IN",2023,19291.0
18123,"Perry, IN",2024,19320.0
18125,"Pike, IN",2019,12268.0
18125,"Pike, IN",2020,12252.0
18125,"Pike, IN",2021,12176.0
18125,"Pike, IN",2022,12139.0
18125,"Pike, IN",2023,12089.0
18125,"Pike, IN",2024,12116.0
18127,"Porter, IN",2019,172702.0
18127,"Porter, IN",2020,173338.0
18127,"Porter, IN",2021,174591.0
18127,"Porter, IN",2022,175014.0
18127,"Porter, IN",2023,175289.0
18127,"Porter, IN",2024,175860.0
18129,"Posey, IN",2019,25326.0
18129,"Posey, IN",2020,25185.0
18129,"Posey, IN",2021,25170.0
18129,"Posey, IN",2022,25111.0
18129,"Posey, IN",2023,25047.0
18129,"Posey, IN",2024,25067.0
18131,"Pulaski, IN",2019,12512.0
18131,"Pulaski, IN",2020,12520.0
18131,"Pulaski, IN",2021,12368.0
18131,"Pulaski, IN",2022,12461.0
18131,"Pulaski, IN",2023,12434.0
18131,"Pulaski, IN",2024,12421.0
18133,"Putnam, IN",2019,36858.0
18133,"Putnam, IN",2020,36682.0
18133,"Putnam, IN",2021,37036.0
18133,"Putnam, IN",2022,37300.0
18133,"Putnam, IN",2023,37578.0
18133,"Putnam, IN",2024,37804.0
18135,"Randolph, IN",2019,24740.0
18135,"Randolph, IN",2020,24415.0
18135,"Randolph, IN",2021,24415.0
18135,"Randolph, IN",2022,24407.0
18135,"Randolph, IN",2023,24360.0
18135,"Randolph, IN",2024,24337.0
18137,"Ripley, IN",2019,28979.0
18137,"Ripley, IN",2020,28985.0
18137,"Ripley, IN",2021,29025.0
18137,"Ripley, IN",2022,29042.0
18137,"Ripley, IN",2023,29208.0
18137,"Ripley, IN",2024,29214.0
18139,"Rush, IN",2019,16725.0
18139,"Rush, IN",2020,16769.0
18139,"Rush, IN",2021,16689.0
18139,"Rush, IN",2022,16661.0
18139,"Rush, IN",2023,16815.0
18139,"Rush, IN",2024,16759.0
18141,"St. Joseph, IN",2019,272860.0
18141,"St. Joseph, IN",2020,272688.0
18141,"St. Joseph, IN",2021,272315.0
18141,"St. Joseph, IN",2022,272796.0
18141,"St. Joseph, IN",2023,273658.0
18141,"St. Joseph, IN",2024,273744.0
18143,"Scott, IN",2019,24388.0
18143,"Scott, IN",2020,24376.0
18143,"Scott, IN",2021,24423.0
18143,"Scott, IN",2022,24455.0
18143,"Scott, IN",2023,24625.0
18143,"Scott, IN",2024,24751.0
18145,"Shelby, IN",2019,44939.0
18145,"Shelby, IN",2020,45066.0
18145,"Shelby, IN",2021,45113.0
18145,"Shelby, IN",2022,45213.0
18145,"Shelby, IN",2023,45281.0
18145,"Shelby, IN",2024,45654.0
18147,"Spencer, IN",2019,19877.0
18147,"Spencer, IN",2020,19833.0
18147,"Spencer, IN",2021,19841.0
18147,"Spencer, IN",2022,19890.0
18147,"Spencer, IN",2023,20018.0
18147,"Spencer, IN",2024,20192.0
18149,"Starke, IN",2019,23323.0
18149,"Starke, IN",2020,23399.0
18149,"Starke, IN",2021,23380.0
18149,"Starke, IN",2022,23251.0
18149,"Starke, IN",2023,23334.0
18149,"Starke, IN",2024,23463.0
18151,"Steuben, IN",2019,34412.0
18151,"Steuben, IN",2020,34447.0
18151,"Steuben, IN",2021,34712.0
18151,"Steuben, IN",2022,34731.0
18151,"Steuben, IN",2023,34876.0
18151,"Steuben, IN",2024,34862.0
18153,"Sullivan, IN",2019,20825.0
18153,"Sullivan, IN",2020,20819.0
18153,"Sullivan, IN",2021,20787.0
18153,"Sullivan, IN",2022,20702.0
18153,"Sullivan, IN",2023,20822.0
18153,"Sullivan, IN",2024,20768.0
18155,"Switzerland, IN",2019,9882.0
18155,"Switzerland, IN",2020,9742.0
18155,"Switzerland, IN",2021,9863.0
18155,"Switzerland, IN",2022,9985.0
18155,"Switzerland, IN",2023,9965.0
18155,"Switzerland, IN",2024,9988.0
18157,"Tippecanoe, IN",2019,185953.0
18157,"Tippecanoe, IN",2020,186391.0
18157,"Tippecanoe, IN",2021,187428.0
18157,"Tippecanoe, IN",2022,189402.0
18157,"Tippecanoe, IN",2023,190482.0
18157,"Tippecanoe, IN",2024,191650.0
18159,"Tipton, IN",2019,15284.0
18159,"Tipton, IN",2020,15388.0
18159,"Tipton, IN",2021,15393.0
18159,"Tipton, IN",2022,15329.0
18159,"Tipton, IN",2023,15295.0
18159,"Tipton, IN",2024,15324.0
18161,"Union, IN",2019,7106.0
18161,"Union, IN",2020,7079.0
18161,"Union, IN",2021,7016.0
18161,"Union, IN",2022,6975.0
18161,"Union, IN",2023,6972.0
18161,"Union, IN",2024,6884.0
18163,"Vanderburgh, IN",2019,179589.0
18163,"Vanderburgh, IN",2020,180345.0
18163,"Vanderburgh, IN",2021,180188.0
18163,"Vanderburgh, IN",2022,179725.0
18163,"Vanderburgh, IN",2023,179942.0
18163,"Vanderburgh, IN",2024,180387.0
18165,"Vermillion, IN",2019,15563.0
18165,"Vermillion, IN",2020,15400.0
18165,"Vermillion, IN",2021,15429.0
18165,"Vermillion, IN",2022,15397.0
18165,"Vermillion, IN",2023,15363.0
18165,"Vermillion, IN",2024,15516.0
18167,"Vigo, IN",2019,106457.0
18167,"Vigo, IN",2020,106133.0
18167,"Vigo, IN",2021,106127.0
18167,"Vigo, IN",2022,106066.0
18167,"Vigo, IN",2023,106053.0
18167,"Vigo, IN",2024,106166.0
18169,"Wabash, IN",2019,31161.0
18169,"Wabash, IN",2020,30926.0
18169,"Wabash, IN",2021,30888.0
18169,"Wabash, IN",2022,30869.0
18169,"Wabash, IN",2023,30762.0
18169,"Wabash, IN",2024,30777.0
18171,"Warren, IN",2019,8483.0
18171,"Warren, IN",2020,8425.0
18171,"Warren, IN",2021,8453.0
18171,"Warren, IN",2022,8492.0
18171,"Warren, IN",2023,8498.0
18171,"Warren, IN",2024,8451.0
18173,"Warrick, IN",2019,63517.0
18173,"Warrick, IN",2020,63994.0
18173,"Warrick, IN",2021,64660.0
18173,"Warrick, IN",2022,65297.0
18173,"Warrick, IN",2023,66013.0
18173,"Warrick, IN",2024,66339.0
18175,"Washington, IN",2019,28081.0
18175,"Washington, IN",2020,28233.0
18175,"Washington, IN",2021,28137.0
18175,"Washington, IN",2022,28158.0
18175,"Washington, IN",2023,28189.0
18175,"Washington, IN",2024,28345.0
18177,"Wayne, IN",2019,66606.0
18177,"Wayne, IN",2020,66514.0
18177,"Wayne, IN",2021,66453.0
18177,"Wayne, IN",2022,66337.0
18177,"Wayne, IN",2023,66273.0
18177,"Wayne, IN",2024,66410.0
18179,"Wells, IN",2019,28199.0
18179,"Wells, IN",2020,28160.0
18179,"Wells, IN",2021,28165.0
18179,"Wells, IN",2022,28339.0
18179,"Wells, IN",2023,28636.0
18179,"Wells, IN",2024,28798.0
18181,"White, IN",2019,24683.0
18181,"White, IN",2020,24674.0
18181,"White, IN",2021,24648.0
18181,"White, IN",2022,24654.0
18181,"White, IN",2023,24775.0
18181,"White, IN",2024,24833.0
18183,"Whitley, IN",2019,33829.0
18183,"Whitley, IN",2020,34340.0
18183,"Whitley, IN",2021,34481.0
18183,"Whitley, IN",2022,34600.0
18183,"Whitley, IN",2023,34786.0
18183,"Whitley, IN",2024,34885.0
19001,"Adair, IA",2019,7483.0
19001,"Adair, IA",2020,7489.0
19001,"Adair, IA",2021,7522.0
19001,"Adair, IA",2022,7457.0
19001,"Adair, IA",2023,7399.0
19001,"Adair, IA",2024,7431.0
19003,"Adams, IA",2019,3703.0
19003,"Adams, IA",2020,3710.0
19003,"Adams, IA",2021,3641.0
19003,"Adams, IA",2022,3602.0
19003,"Adams, IA",2023,3553.0
19003,"Adams, IA",2024,3606.0
19005,"Allamakee, IA",2019,14023.0
19005,"Allamakee, IA",2020,14069.0
19005,"Allamakee, IA",2021,13965.0
19005,"Allamakee, IA",2022,14072.0
19005,"Allamakee, IA",2023,14168.0
19005,"Allamakee, IA",2024,14184.0
19007,"Appanoose, IA",2019,12372.0
19007,"Appanoose, IA",2020,12283.0
19007,"Appanoose, IA",2021,12269.0
19007,"Appanoose, IA",2022,12135.0
19007,"Appanoose, IA",2023,12129.0
19007,"Appanoose, IA",2024,12106.0
19009,"Audubon, IA",2019,5657.0
19009,"Audubon, IA",2020,5680.0
19009,"Audubon, IA",2021,5645.0
19009,"Audubon, IA",2022,5573.0
19009,"Audubon, IA",2023,5533.0
19009,"Audubon, IA",2024,5562.0
19011,"Benton, IA",2019,25629.0
19011,"Benton, IA",2020,25550.0
19011,"Benton, IA",2021,25745.0
19011,"Benton, IA",2022,25756.0
19011,"Benton, IA",2023,25769.0
19011,"Benton, IA",2024,25799.0
19013,"Black Hawk, IA",2019,131264.0
19013,"Black Hawk, IA",2020,131049.0
19013,"Black Hawk, IA",2021,130587.0
19013,"Black Hawk, IA",2022,130081.0
19013,"Black Hawk, IA",2023,131179.0
19013,"Black Hawk, IA",2024,132348.0
19015,"Boone, IA",2019,26707.0
19015,"Boone, IA",2020,26702.0
19015,"Boone, IA",2021,26770.0
19015,"Boone, IA",2022,26570.0
19015,"Boone, IA",2023,26567.0
19015,"Boone, IA",2024,26729.0
19017,"Bremer, IA",2019,24862.0
19017,"Bremer, IA",2020,25007.0
19017,"Bremer, IA",2021,25119.0
19017,"Bremer, IA",2022,25260.0
19017,"Bremer, IA",2023,25304.0
19017,"Bremer, IA",2024,25328.0
19019,"Buchanan, IA",2019,20483.0
19019,"Buchanan, IA",2020,20606.0
19019,"Buchanan, IA",2021,20707.0
19019,"Buchanan, IA",2022,20700.0
19019,"Buchanan, IA",2023,20725.0
19019,"Buchanan, IA",2024,20733.0
19021,"Buena Vista, IA",2019,20641.0
19021,"Buena Vista, IA",2020,20808.0
19021,"Buena Vista, IA",2021,20794.0
19021,"Buena Vista, IA",2022,20651.0
19021,"Buena Vista, IA",2023,20698.0
19021,"Buena Vista, IA",2024,20816.0
19023,"Butler, IA",2019,14358.0
19023,"Butler, IA",2020,14334.0
19023,"Butler, IA",2021,14351.0
19023,"Butler, IA",2022,14275.0
19023,"Butler, IA",2023,14225.0
19023,"Butler, IA",2024,14156.0
19025,"Calhoun, IA",2019,9979.0
19025,"Calhoun, IA",2020,9895.0
19025,"Calhoun, IA",2021,9894.0
19025,"Calhoun, IA",2022,9725.0
19025,"Calhoun, IA",2023,9790.0
19025,"Calhoun, IA",2024,9711.0
19027,"Carroll, IA",2019,20831.0
19027,"Carroll, IA",2020,20734.0
19027,"Carroll, IA",2021,20754.0
19027,"Carroll, IA",2022,20565.0
19027,"Carroll, IA",2023,20512.0
19027,"Carroll, IA",2024,20407.0
19029,"Cass, IA",2019,13085.0
19029,"Cass, IA",2020,13115.0
19029,"Cass, IA",2021,13085.0
19029,"Cass, IA",2022,13125.0
19029,"Cass, IA",2023,13131.0
19029,"Cass, IA",2024,13024.0
19031,"Cedar, IA",2019,18527.0
19031,"Cedar, IA",2020,18483.0
19031,"Cedar, IA",2021,18429.0
19031,"Cedar, IA",2022,18331.0
19031,"Cedar, IA",2023,18269.0
19031,"Cedar, IA",2024,18231.0
19033,"Cerro Gordo, IA",2019,43288.0
19033,"Cerro Gordo, IA",2020,43021.0
19033,"Cerro Gordo, IA",2021,42767.0
19033,"Cerro Gordo, IA",2022,42408.0
19033,"Cerro Gordo, IA",2023,42470.0
19033,"Cerro Gordo, IA",2024,42493.0
19035,"Cherokee, IA",2019,11637.0
19035,"Cherokee, IA",2020,11658.0
19035,"Cherokee, IA",2021,11539.0
19035,"Cherokee, IA",2022,11492.0
19035,"Cherokee, IA",2023,11652.0
19035,"Cherokee, IA",2024,11658.0
19037,"Chickasaw, IA",2019,12070.0
19037,"Chickasaw, IA",2020,11985.0
19037,"Chickasaw, IA",2021,11882.0
19037,"Chickasaw, IA",2022,11755.0
19037,"Chickasaw, IA",2023,11694.0
19037,"Chickasaw, IA",2024,11719.0
19039,"Clarke, IA",2019,9714.0
19039,"Clarke, IA",2020,9730.0
19039,"Clarke, IA",2021,9751.0
19039,"Clarke, IA",2022,9676.0
19039,"Clarke, IA",2023,9631.0
19039,"Clarke, IA",2024,9524.0
19041,"Clay, IA",2019,16425.0
19041,"Clay, IA",2020,16337.0
19041,"Clay, IA",2021,16459.0
19041,"Clay, IA",2022,16506.0
19041,"Clay, IA",2023,16530.0
19041,"Clay, IA",2024,16474.0
19043,"Clayton, IA",2019,17191.0
19043,"Clayton, IA",2020,17034.0
19043,"Clayton, IA",2021,17058.0
19043,"Clayton, IA",2022,17058.0
19043,"Clayton, IA",2023,16985.0
19043,"Clayton, IA",2024,16931.0
19045,"Clinton, IA",2019,46535.0
19045,"Clinton, IA",2020,46432.0
19045,"Clinton, IA",2021,46491.0
19045,"Clinton, IA",2022,46268.0
19045,"Clinton, IA",2023,46134.0
19045,"Clinton, IA",2024,46015.0
19047,"Crawford, IA",2019,16562.0
19047,"Crawford, IA",2020,16492.0
19047,"Crawford, IA",2021,16242.0
19047,"Crawford, IA",2022,16135.0
19047,"Crawford, IA",2023,16138.0
19047,"Crawford, IA",2024,16378.0
19049,"Dallas, IA",2019,96866.0
19049,"Dallas, IA",2020,100544.0
19049,"Dallas, IA",2021,104194.0
19049,"Dallas, IA",2022,108164.0
19049,"Dallas, IA",2023,111593.0
19049,"Dallas, IA",2024,115343.0
19051,"Davis, IA",2019,9062.0
19051,"Davis, IA",2020,9115.0
19051,"Davis, IA",2021,9155.0
19051,"Davis, IA",2022,9158.0
19051,"Davis, IA",2023,9165.0
19051,"Davis, IA",2024,9193.0
19053,"Decatur, IA",2019,7701.0
19053,"Decatur, IA",2020,7733.0
19053,"Decatur, IA",2021,7797.0
19053,"Decatur, IA",2022,7822.0
19053,"Decatur, IA",2023,7781.0
19053,"Decatur, IA",2024,7656.0
19055,"Delaware, IA",2019,17530.0
19055,"Delaware, IA",2020,17454.0
19055,"Delaware, IA",2021,17552.0
19055,"Delaware, IA",2022,17590.0
19055,"Delaware, IA",2023,17583.0
19055,"Delaware, IA",2024,17609.0
19057,"Des Moines, IA",2019,39103.0
19057,"Des Moines, IA",2020,38856.0
19057,"Des Moines, IA",2021,38545.0
19057,"Des Moines, IA",2022,38258.0
19057,"Des Moines, IA",2023,38360.0
19057,"Des Moines, IA",2024,38411.0
19059,"Dickinson, IA",2019,17466.0
19059,"Dickinson, IA",2020,17773.0
19059,"Dickinson, IA",2021,17876.0
19059,"Dickinson, IA",2022,18052.0
19059,"Dickinson, IA",2023,18087.0
19059,"Dickinson, IA",2024,18158.0
19061,"Dubuque, IA",2019,98974.0
19061,"Dubuque, IA",2020,99310.0
19061,"Dubuque, IA",2021,98863.0
19061,"Dubuque, IA",2022,98748.0
19061,"Dubuque, IA",2023,98988.0
19061,"Dubuque, IA",2024,99242.0
19063,"Emmet, IA",2019,9452.0
19063,"Emmet, IA",2020,9342.0
19063,"Emmet, IA",2021,9333.0
19063,"Emmet, IA",2022,9197.0
19063,"Emmet, IA",2023,9277.0
19063,"Emmet, IA",2024,9162.0
19065,"Fayette, IA",2019,19717.0
19065,"Fayette, IA",2020,19448.0
19065,"Fayette, IA",2021,19303.0
19065,"Fayette, IA",2022,19292.0
19065,"Fayette, IA",2023,19239.0
19065,"Fayette, IA",2024,19152.0
19067,"Floyd, IA",2019,15736.0
19067,"Floyd, IA",2020,15593.0
19067,"Floyd, IA",2021,15458.0
19067,"Floyd, IA",2022,15316.0
19067,"Floyd, IA",2023,15266.0
19067,"Floyd, IA",2024,15008.0
19069,"Franklin, IA",2019,10080.0
19069,"Franklin, IA",2020,9995.0
19069,"Franklin, IA",2021,9949.0
19069,"Franklin, IA",2022,9918.0
19069,"Franklin, IA",2023,9895.0
19069,"Franklin, IA",2024,10024.0
19071,"Fremont, IA",2019,6752.0
19071,"Fremont, IA",2020,6567.0
19071,"Fremont, IA",2021,6584.0
19071,"Fremont, IA",2022,6465.0
19071,"Fremont, IA",2023,6458.0
19071,"Fremont, IA",2024,6494.0
19073,"Greene, IA",2019,8823.0
19073,"Greene, IA",2020,8750.0
19073,"Greene, IA",2021,8726.0
19073,"Greene, IA",2022,8707.0
19073,"Greene, IA",2023,8597.0
19073,"Greene, IA",2024,8662.0
19075,"Grundy, IA",2019,12320.0
19075,"Grundy, IA",2020,12347.0
19075,"Grundy, IA",2021,12376.0
19075,"Grundy, IA",2022,12379.0
19075,"Grundy, IA",2023,12412.0
19075,"Grundy, IA",2024,12405.0
19077,"Guthrie, IA",2019,10628.0
19077,"Guthrie, IA",2020,10619.0
19077,"Guthrie, IA",2021,10598.0
19077,"Guthrie, IA",2022,10687.0
19077,"Guthrie, IA",2023,10763.0
19077,"Guthrie, IA",2024,10774.0
19079,"Hamilton, IA",2019,15064.0
19079,"Hamilton, IA",2020,15011.0
19079,"Hamilton, IA",2021,14866.0
19079,"Hamilton, IA",2022,14848.0
19079,"Hamilton, IA",2023,14848.0
19079,"Hamilton, IA",2024,14856.0
19081,"Hancock, IA",2019,10889.0
19081,"Hancock, IA",2020,10758.0
19081,"Hancock, IA",2021,10687.0
19081,"Hancock, IA",2022,10664.0
19081,"Hancock, IA",2023,10631.0
19081,"Hancock, IA",2024,10616.0
19083,"Hardin, IA",2019,17020.0
19083,"Hardin, IA",2020,16826.0
19083,"Hardin, IA",2021,16705.0
19083,"Hardin, IA",2022,16677.0
19083,"Hardin, IA",2023,16523.0
19083,"Hardin, IA",2024,16464.0
19085,"Harrison, IA",2019,14612.0
19085,"Harrison, IA",2020,14567.0
19085,"Harrison, IA",2021,14692.0
19085,"Harrison, IA",2022,14635.0
19085,"Harrison, IA",2023,14638.0
19085,"Harrison, IA",2024,14626.0
19087,"Henry, IA",2019,20513.0
19087,"Henry, IA",2020,20447.0
19087,"Henry, IA",2021,20387.0
19087,"Henry, IA",2022,20253.0
19087,"Henry, IA",2023,19573.0
19087,"Henry, IA",2024,19361.0
19089,"Howard, IA",2019,9416.0
19089,"Howard, IA",2020,9497.0
19089,"Howard, IA",2021,9509.0
19089,"Howard, IA",2022,9502.0
19089,"Howard, IA",2023,9357.0
19089,"Howard, IA",2024,9360.0
19091,"Humboldt, IA",2019,9591.0
19091,"Humboldt, IA",2020,9597.0
19091,"Humboldt, IA",2021,9630.0
19091,"Humboldt, IA",2022,9545.0
19091,"Humboldt, IA",2023,9564.0
19091,"Humboldt, IA",2024,9617.0
19093,"Ida, IA",2019,6976.0
19093,"Ida, IA",2020,7029.0
19093,"Ida, IA",2021,6980.0
19093,"Ida, IA",2022,6900.0
19093,"Ida, IA",2023,6835.0
19093,"Ida, IA",2024,6810.0
19095,"Iowa, IA",2019,16627.0
19095,"Iowa, IA",2020,16653.0
19095,"Iowa, IA",2021,16583.0
19095,"Iowa, IA",2022,16491.0
19095,"Iowa, IA",2023,16386.0
19095,"Iowa, IA",2024,16423.0
19097,"Jackson, IA",2019,19578.0
19097,"Jackson, IA",2020,19453.0
19097,"Jackson, IA",2021,19402.0
19097,"Jackson, IA",2022,19350.0
19097,"Jackson, IA",2023,19353.0
19097,"Jackson, IA",2024,19390.0
19099,"Jasper, IA",2019,37768.0
19099,"Jasper, IA",2020,37818.0
19099,"Jasper, IA",2021,37887.0
19099,"Jasper, IA",2022,37966.0
19099,"Jasper, IA",2023,37991.0
19099,"Jasper, IA",2024,38107.0
19101,"Jefferson, IA",2019,15709.0
19101,"Jefferson, IA",2020,15699.0
19101,"Jefferson, IA",2021,15786.0
19101,"Jefferson, IA",2022,15632.0
19101,"Jefferson, IA",2023,15626.0
19101,"Jefferson, IA",2024,15781.0
19103,"Johnson, IA",2019,151872.0
19103,"Johnson, IA",2020,153052.0
19103,"Johnson, IA",2021,155047.0
19103,"Johnson, IA",2022,156815.0
19103,"Johnson, IA",2023,158202.0
19103,"Johnson, IA",2024,160080.0
19105,"Jones, IA",2019,20642.0
19105,"Jones, IA",2020,20654.0
19105,"Jones, IA",2021,20832.0
19105,"Jones, IA",2022,20960.0
19105,"Jones, IA",2023,20917.0
19105,"Jones, IA",2024,21116.0
19107,"Keokuk, IA",2019,10115.0
19107,"Keokuk, IA",2020,10012.0
19107,"Keokuk, IA",2021,9912.0
19107,"Keokuk, IA",2022,9895.0
19107,"Keokuk, IA",2023,9947.0
19107,"Keokuk, IA",2024,9855.0
19109,"Kossuth, IA",2019,14881.0
19109,"Kossuth, IA",2020,14791.0
19109,"Kossuth, IA",2021,14511.0
19109,"Kossuth, IA",2022,14462.0
19109,"Kossuth, IA",2023,14410.0
19109,"Kossuth, IA",2024,14408.0
19111,"Lee, IA",2019,33660.0
19111,"Lee, IA",2020,33529.0
19111,"Lee, IA",2021,33260.0
19111,"Lee, IA",2022,32793.0
19111,"Lee, IA",2023,32509.0
19111,"Lee, IA",2024,32376.0
19113,"Linn, IA",2019,229557.0
19113,"Linn, IA",2020,230433.0
19113,"Linn, IA",2021,229474.0
19113,"Linn, IA",2022,228947.0
19113,"Linn, IA",2023,229402.0
19113,"Linn, IA",2024,231762.0
19115,"Louisa, IA",2019,10880.0
19115,"Louisa, IA",2020,10825.0
19115,"Louisa, IA",2021,10736.0
19115,"Louisa, IA",2022,10657.0
19115,"Louisa, IA",2023,10540.0
19115,"Louisa, IA",2024,10630.0
19117,"Lucas, IA",2019,8650.0
19117,"Lucas, IA",2020,8620.0
19117,"Lucas, IA",2021,8708.0
19117,"Lucas, IA",2022,8720.0
19117,"Lucas, IA",2023,8775.0
19117,"Lucas, IA",2024,8758.0
19119,"Lyon, IA",2019,11962.0
19119,"Lyon, IA",2020,11923.0
19119,"Lyon, IA",2021,12035.0
19119,"Lyon, IA",2022,12185.0
19119,"Lyon, IA",2023,12288.0
19119,"Lyon, IA",2024,12378.0
19121,"Madison, IA",2019,16346.0
19121,"Madison, IA",2020,16628.0
19121,"Madison, IA",2021,16792.0
19121,"Madison, IA",2022,17050.0
19121,"Madison, IA",2023,16999.0
19121,"Madison, IA",2024,17161.0
19123,"Mahaska, IA",2019,22241.0
19123,"Mahaska, IA",2020,22162.0
19123,"Mahaska, IA",2021,21982.0
19123,"Mahaska, IA",2022,21959.0
19123,"Mahaska, IA",2023,21967.0
19123,"Mahaska, IA",2024,22034.0
19125,"Marion, IA",2019,33487.0
19125,"Marion, IA",2020,33414.0
19125,"Marion, IA",2021,33450.0
19125,"Marion, IA",2022,33582.0
19125,"Marion, IA",2023,33718.0
19125,"Marion, IA",2024,34048.0
19127,"Marshall, IA",2019,40045.0
19127,"Marshall, IA",2020,40091.0
19127,"Marshall, IA",2021,39915.0
19127,"Marshall, IA",2022,39940.0
19127,"Marshall, IA",2023,40230.0
19127,"Marshall, IA",2024,40392.0
19129,"Mills, IA",2019,14794.0
19129,"Mills, IA",2020,14418.0
19129,"Mills, IA",2021,14491.0
19129,"Mills, IA",2022,14572.0
19129,"Mills, IA",2023,14642.0
19129,"Mills, IA",2024,14717.0
19131,"Mitchell, IA",2019,10513.0
19131,"Mitchell, IA",2020,10586.0
19131,"Mitchell, IA",2021,10555.0
19131,"Mitchell, IA",2022,10557.0
19131,"Mitchell, IA",2023,10544.0
19131,"Mitchell, IA",2024,10632.0
19133,"Monona, IA",2019,8774.0
19133,"Monona, IA",2020,8742.0
19133,"Monona, IA",2021,8595.0
19133,"Monona, IA",2022,8515.0
19133,"Monona, IA",2023,8503.0
19133,"Monona, IA",2024,8429.0
19135,"Monroe, IA",2019,7517.0
19135,"Monroe, IA",2020,7596.0
19135,"Monroe, IA",2021,7586.0
19135,"Monroe, IA",2022,7524.0
19135,"Monroe, IA",2023,7486.0
19135,"Monroe, IA",2024,7373.0
19137,"Montgomery, IA",2019,10282.0
19137,"Montgomery, IA",2020,10330.0
19137,"Montgomery, IA",2021,10317.0
19137,"Montgomery, IA",2022,10210.0
19137,"Montgomery, IA",2023,10148.0
19137,"Montgomery, IA",2024,10063.0
19139,"Muscatine, IA",2019,43284.0
19139,"Muscatine, IA",2020,43155.0
19139,"Muscatine, IA",2021,42693.0
19139,"Muscatine, IA",2022,42501.0
19139,"Muscatine, IA",2023,42316.0
19139,"Muscatine, IA",2024,42132.0
19141,"O'Brien, IA",2019,14221.0
19141,"O'Brien, IA",2020,14149.0
19141,"O'Brien, IA",2021,14048.0
19141,"O'Brien, IA",2022,14107.0
19141,"O'Brien, IA",2023,14067.0
19141,"O'Brien, IA",2024,14260.0
19143,"Osceola, IA",2019,6157.0
19143,"Osceola, IA",2020,6200.0
19143,"Osceola, IA",2021,6174.0
19143,"Osceola, IA",2022,6073.0
19143,"Osceola, IA",2023,6016.0
19143,"Osceola, IA",2024,6036.0
19145,"Page, IA",2019,15250.0
19145,"Page, IA",2020,15200.0
19145,"Page, IA",2021,15232.0
19145,"Page, IA",2022,15169.0
19145,"Page, IA",2023,15012.0
19145,"Page, IA",2024,15038.0
19147,"Palo Alto, IA",2019,9018.0
19147,"Palo Alto, IA",2020,8993.0
19147,"Palo Alto, IA",2021,8932.0
19147,"Palo Alto, IA",2022,8772.0
19147,"Palo Alto, IA",2023,8807.0
19147,"Palo Alto, IA",2024,8809.0
19149,"Plymouth, IA",2019,25652.0
19149,"Plymouth, IA",2020,25694.0
19149,"Plymouth, IA",2021,25738.0
19149,"Plymouth, IA",2022,25714.0
19149,"Plymouth, IA",2023,25765.0
19149,"Plymouth, IA",2024,25825.0
19151,"Pocahontas, IA",2019,7065.0
19151,"Pocahontas, IA",2020,7068.0
19151,"Pocahontas, IA",2021,7043.0
19151,"Pocahontas, IA",2022,7090.0
19151,"Pocahontas, IA",2023,7024.0
19151,"Pocahontas, IA",2024,7006.0
19153,"Polk, IA",2019,489825.0
19153,"Polk, IA",2020,493039.0
19153,"Polk, IA",2021,497903.0
19153,"Polk, IA",2022,501261.0
19153,"Polk, IA",2023,507487.0
19153,"Polk, IA",2024,516185.0
19155,"Pottawattamie, IA",2019,93691.0
19155,"Pottawattamie, IA",2020,93655.0
19155,"Pottawattamie, IA",2021,93403.0
19155,"Pottawattamie, IA",2022,93180.0
19155,"Pottawattamie, IA",2023,93353.0
19155,"Pottawattamie, IA",2024,93529.0
19157,"Poweshiek, IA",2019,18714.0
19157,"Poweshiek, IA",2020,18628.0
19157,"Poweshiek, IA",2021,18623.0
19157,"Poweshiek, IA",2022,18521.0
19157,"Poweshiek, IA",2023,18497.0
19157,"Poweshiek, IA",2024,18454.0
19159,"Ringgold, IA",2019,4726.0
19159,"Ringgold, IA",2020,4643.0
19159,"Ringgold, IA",2021,4636.0
19159,"Ringgold, IA",2022,4692.0
19159,"Ringgold, IA",2023,4646.0
19159,"Ringgold, IA",2024,4608.0
19161,"Sac, IA",2019,9870.0
19161,"Sac, IA",2020,9800.0
19161,"Sac, IA",2021,9771.0
19161,"Sac, IA",2022,9680.0
19161,"Sac, IA",2023,9663.0
19161,"Sac, IA",2024,9533.0
19163,"Scott, IA",2019,174666.0
19163,"Scott, IA",2020,174617.0
19163,"Scott, IA",2021,174250.0
19163,"Scott, IA",2022,173985.0
19163,"Scott, IA",2023,174589.0
19163,"Scott, IA",2024,175601.0
19165,"Shelby, IA",2019,11762.0
19165,"Shelby, IA",2020,11727.0
19165,"Shelby, IA",2021,11776.0
19165,"Shelby, IA",2022,11745.0
19165,"Shelby, IA",2023,11823.0
19165,"Shelby, IA",2024,11821.0
19167,"Sioux, IA",2019,35738.0
19167,"Sioux, IA",2020,35897.0
19167,"Sioux, IA",2021,35979.0
19167,"Sioux, IA",2022,36231.0
19167,"Sioux, IA",2023,36399.0
19167,"Sioux, IA",2024,36554.0
19169,"Story, IA",2019,97858.0
19169,"Story, IA",2020,98651.0
19169,"Story, IA",2021,99683.0
19169,"Story, IA",2022,99995.0
19169,"Story, IA",2023,101501.0
19169,"Story, IA",2024,102498.0
19171,"Tama, IA",2019,17209.0
19171,"Tama, IA",2020,17044.0
19171,"Tama, IA",2021,16862.0
19171,"Tama, IA",2022,16910.0
19171,"Tama, IA",2023,16787.0
19171,"Tama, IA",2024,16738.0
19173,"Taylor, IA",2019,5977.0
19173,"Taylor, IA",2020,5861.0
19173,"Taylor, IA",2021,5868.0
19173,"Taylor, IA",2022,5870.0
19173,"Taylor, IA",2023,5917.0
19173,"Taylor, IA",2024,5825.0
19175,"Union, IA",2019,12225.0
19175,"Union, IA",2020,12128.0
19175,"Union, IA",2021,12048.0
19175,"Union, IA",2022,11922.0
19175,"Union, IA",2023,11913.0
19175,"Union, IA",2024,11955.0
19177,"Van Buren, IA",2019,7180.0
19177,"Van Buren, IA",2020,7218.0
19177,"Van Buren, IA",2021,7256.0
19177,"Van Buren, IA",2022,7250.0
19177,"Van Buren, IA",2023,7266.0
19177,"Van Buren, IA",2024,7217.0
19179,"Wapello, IA",2019,35546.0
19179,"Wapello, IA",2020,35327.0
19179,"Wapello, IA",2021,35304.0
19179,"Wapello, IA",2022,35080.0
19179,"Wapello, IA",2023,35417.0
19179,"Wapello, IA",2024,35681.0
19181,"Warren, IA",2019,51849.0
19181,"Warren, IA",2020,52591.0
19181,"Warren, IA",2021,53487.0
19181,"Warren, IA",2022,54325.0
19181,"Warren, IA",2023,55298.0
19181,"Warren, IA",2024,56343.0
19183,"Washington, IA",2019,22556.0
19183,"Washington, IA",2020,22541.0
19183,"Washington, IA",2021,22526.0
19183,"Washington, IA",2022,22541.0
19183,"Washington, IA",2023,22554.0
19183,"Washington, IA",2024,22631.0
19185,"Wayne, IA",2019,6481.0
19185,"Wayne, IA",2020,6502.0
19185,"Wayne, IA",2021,6522.0
19185,"Wayne, IA",2022,6472.0
19185,"Wayne, IA",2023,6542.0
19185,"Wayne, IA",2024,6622.0
19187,"Webster, IA",2019,36991.0
19187,"Webster, IA",2020,36991.0
19187,"Webster, IA",2021,37172.0
19187,"Webster, IA",2022,36703.0
19187,"Webster, IA",2023,36653.0
19187,"Webster, IA",2024,36909.0
19189,"Winnebago, IA",2019,10729.0
19189,"Winnebago, IA",2020,10656.0
19189,"Winnebago, IA",2021,10657.0
19189,"Winnebago, IA",2022,10651.0
19189,"Winnebago, IA",2023,10563.0
19189,"Winnebago, IA",2024,10383.0
19191,"Winneshiek, IA",2019,20153.0
19191,"Winneshiek, IA",2020,20051.0
19191,"Winneshiek, IA",2021,19944.0
19191,"Winneshiek, IA",2022,19915.0
19191,"Winneshiek, IA",2023,19728.0
19191,"Winneshiek, IA",2024,19723.0
19193,"Woodbury, IA",2019,105741.0
19193,"Woodbury, IA",2020,105952.0
19193,"Woodbury, IA",2021,105801.0
19193,"Woodbury, IA",2022,105674.0
19193,"Woodbury, IA",2023,106544.0
19193,"Woodbury, IA",2024,107257.0
19195,"Worth, IA",2019,7484.0
19195,"Worth, IA",2020,7430.0
19195,"Worth, IA",2021,7374.0
19195,"Worth, IA",2022,7316.0
19195,"Worth, IA",2023,7322.0
19195,"Worth, IA",2024,7307.0
19197,"Wright, IA",2019,13023.0
19197,"Wright, IA",2020,12923.0
19197,"Wright, IA",2021,12821.0
19197,"Wright, IA",2022,12740.0
19197,"Wright, IA",2023,12744.0
19197,"Wright, IA",2024,12729.0
20001,"Allen, KS",2019,12497.0
20001,"Allen, KS",2020,12537.0
20001,"Allen, KS",2021,12506.0
20001,"Allen, KS",2022,12479.0
20001,"Allen, KS",2023,12466.0
20001,"Allen, KS",2024,12425.0
20003,"Anderson, KS",2019,7781.0
20003,"Anderson, KS",2020,7841.0
20003,"Anderson, KS",2021,7811.0
20003,"Anderson, KS",2022,7787.0
20003,"Anderson, KS",2023,7813.0
20003,"Anderson, KS",2024,7908.0
20005,"Atchison, KS",2019,16389.0
20005,"Atchison, KS",2020,16325.0
20005,"Atchison, KS",2021,16235.0
20005,"Atchison, KS",2022,16091.0
20005,"Atchison, KS",2023,16142.0
20005,"Atchison, KS",2024,16249.0
20007,"Barber, KS",2019,4317.0
20007,"Barber, KS",2020,4203.0
20007,"Barber, KS",2021,4105.0
20007,"Barber, KS",2022,4125.0
20007,"Barber, KS",2023,4078.0
20007,"Barber, KS",2024,4070.0
20009,"Barton, KS",2019,25685.0
20009,"Barton, KS",2020,25426.0
20009,"Barton, KS",2021,25267.0
20009,"Barton, KS",2022,25055.0
20009,"Barton, KS",2023,24901.0
20009,"Barton, KS",2024,24835.0
20011,"Bourbon, KS",2019,14369.0
20011,"Bourbon, KS",2020,14333.0
20011,"Bourbon, KS",2021,14327.0
20011,"Bourbon, KS",2022,14454.0
20011,"Bourbon, KS",2023,14432.0
20011,"Bourbon, KS",2024,14424.0
20013,"Brown, KS",2019,9532.0
20013,"Brown, KS",2020,9479.0
20013,"Brown, KS",2021,9456.0
20013,"Brown, KS",2022,9371.0
20013,"Brown, KS",2023,9267.0
20013,"Brown, KS",2024,9142.0
20015,"Butler, KS",2019,67270.0
20015,"Butler, KS",2020,67389.0
20015,"Butler, KS",2021,67984.0
20015,"Butler, KS",2022,68264.0
20015,"Butler, KS",2023,68638.0
20015,"Butler, KS",2024,69158.0
20017,"Chase, KS",2019,2572.0
20017,"Chase, KS",2020,2575.0
20017,"Chase, KS",2021,2608.0
20017,"Chase, KS",2022,2559.0
20017,"Chase, KS",2023,2555.0
20017,"Chase, KS",2024,2507.0
20019,"Chautauqua, KS",2019,3318.0
20019,"Chautauqua, KS",2020,3380.0
20019,"Chautauqua, KS",2021,3384.0
20019,"Chautauqua, KS",2022,3387.0
20019,"Chautauqua, KS",2023,3360.0
20019,"Chautauqua, KS",2024,3339.0
20021,"Cherokee, KS",2019,19567.0
20021,"Cherokee, KS",2020,19301.0
20021,"Cherokee, KS",2021,19182.0
20021,"Cherokee, KS",2022,19043.0
20021,"Cherokee, KS",2023,19095.0
20021,"Cherokee, KS",2024,19133.0
20023,"Cheyenne, KS",2019,2622.0
20023,"Cheyenne, KS",2020,2612.0
20023,"Cheyenne, KS",2021,2635.0
20023,"Cheyenne, KS",2022,2613.0
20023,"Cheyenne, KS",2023,2634.0
20023,"Cheyenne, KS",2024,2646.0
20025,"Clark, KS",2019,2018.0
20025,"Clark, KS",2020,1977.0
20025,"Clark, KS",2021,1957.0
20025,"Clark, KS",2022,1947.0
20025,"Clark, KS",2023,1861.0
20025,"Clark, KS",2024,1873.0
20027,"Clay, KS",2019,8068.0
20027,"Clay, KS",2020,8127.0
20027,"Clay, KS",2021,8099.0
20027,"Clay, KS",2022,8048.0
20027,"Clay, KS",2023,7996.0
20027,"Clay, KS",2024,7969.0
20029,"Cloud, KS",2019,9081.0
20029,"Cloud, KS",2020,9018.0
20029,"Cloud, KS",2021,8965.0
20029,"Cloud, KS",2022,8937.0
20029,"Cloud, KS",2023,8849.0
20029,"Cloud, KS",2024,8723.0
20031,"Coffey, KS",2019,8303.0
20031,"Coffey, KS",2020,8362.0
20031,"Coffey, KS",2021,8343.0
20031,"Coffey, KS",2022,8261.0
20031,"Coffey, KS",2023,8272.0
20031,"Coffey, KS",2024,8301.0
20033,"Comanche, KS",2019,1689.0
20033,"Comanche, KS",2020,1682.0
20033,"Comanche, KS",2021,1667.0
20033,"Comanche, KS",2022,1695.0
20033,"Comanche, KS",2023,1674.0
20033,"Comanche, KS",2024,1694.0
20035,"Cowley, KS",2019,34601.0
20035,"Cowley, KS",2020,34535.0
20035,"Cowley, KS",2021,34631.0
20035,"Cowley, KS",2022,34457.0
20035,"Cowley, KS",2023,34245.0
20035,"Cowley, KS",2024,34186.0
20037,"Crawford, KS",2019,38920.0
20037,"Crawford, KS",2020,38951.0
20037,"Crawford, KS",2021,39034.0
20037,"Crawford, KS",2022,39180.0
20037,"Crawford, KS",2023,38969.0
20037,"Crawford, KS",2024,38904.0
20039,"Decatur, KS",2019,2798.0
20039,"Decatur, KS",2020,2747.0
20039,"Decatur, KS",2021,2756.0
20039,"Decatur, KS",2022,2681.0
20039,"Decatur, KS",2023,2732.0
20039,"Decatur, KS",2024,2716.0
20041,"Dickinson, KS",2019,18446.0
20041,"Dickinson, KS",2020,18367.0
20041,"Dickinson, KS",2021,18463.0
20041,"Dickinson, KS",2022,18344.0
20041,"Dickinson, KS",2023,18432.0
20041,"Dickinson, KS",2024,18621.0
20043,"Doniphan, KS",2019,7565.0
20043,"Doniphan, KS",2020,7468.0
20043,"Doniphan, KS",2021,7455.0
20043,"Doniphan, KS",2022,7488.0
20043,"Doniphan, KS",2023,7530.0
20043,"Doniphan, KS",2024,7575.0
20045,"Douglas, KS",2019,118792.0
20045,"Douglas, KS",2020,118787.0
20045,"Douglas, KS",2021,119503.0
20045,"Douglas, KS",2022,120053.0
20045,"Douglas, KS",2023,121179.0
20045,"Douglas, KS",2024,121989.0
20047,"Edwards, KS",2019,2923.0
20047,"Edwards, KS",2020,2884.0
20047,"Edwards, KS",2021,2802.0
20047,"Edwards, KS",2022,2747.0
20047,"Edwards, KS",2023,2731.0
20047,"Edwards, KS",2024,2731.0
20049,"Elk, KS",2019,2484.0
20049,"Elk, KS",2020,2472.0
20049,"Elk, KS",2021,2431.0
20049,"Elk, KS",2022,2448.0
20049,"Elk, KS",2023,2478.0
20049,"Elk, KS",2024,2436.0
20051,"Ellis, KS",2019,28866.0
20051,"Ellis, KS",2020,28951.0
20051,"Ellis, KS",2021,28856.0
20051,"Ellis, KS",2022,28868.0
20051,"Ellis, KS",2023,28920.0
20051,"Ellis, KS",2024,29007.0
20053,"Ellsworth, KS",2019,6390.0
20053,"Ellsworth, KS",2020,6371.0
20053,"Ellsworth, KS",2021,6328.0
20053,"Ellsworth, KS",2022,6398.0
20053,"Ellsworth, KS",2023,6387.0
20053,"Ellsworth, KS",2024,6316.0
20055,"Finney, KS",2019,38552.0
20055,"Finney, KS",2020,38310.0
20055,"Finney, KS",2021,38091.0
20055,"Finney, KS",2022,37665.0
20055,"Finney, KS",2023,37999.0
20055,"Finney, KS",2024,38354.0
20057,"Ford, KS",2019,34355.0
20057,"Ford, KS",2020,34218.0
20057,"Ford, KS",2021,34190.0
20057,"Ford, KS",2022,33842.0
20057,"Ford, KS",2023,34047.0
20057,"Ford, KS",2024,34072.0
20059,"Franklin, KS",2019,25892.0
20059,"Franklin, KS",2020,26015.0
20059,"Franklin, KS",2021,26024.0
20059,"Franklin, KS",2022,25994.0
20059,"Franklin, KS",2023,26223.0
20059,"Franklin, KS",2024,26273.0
20061,"Geary, KS",2019,36202.0
20061,"Geary, KS",2020,36766.0
20061,"Geary, KS",2021,36131.0
20061,"Geary, KS",2022,35525.0
20061,"Geary, KS",2023,35192.0
20061,"Geary, KS",2024,35459.0
20063,"Gove, KS",2019,2741.0
20063,"Gove, KS",2020,2716.0
20063,"Gove, KS",2021,2750.0
20063,"Gove, KS",2022,2741.0
20063,"Gove, KS",2023,2733.0
20063,"Gove, KS",2024,2658.0
20065,"Graham, KS",2019,2453.0
20065,"Graham, KS",2020,2406.0
20065,"Graham, KS",2021,2403.0
20065,"Graham, KS",2022,2395.0
20065,"Graham, KS",2023,2371.0
20065,"Graham, KS",2024,2370.0
20067,"Grant, KS",2019,7366.0
20067,"Grant, KS",2020,7326.0
20067,"Grant, KS",2021,7335.0
20067,"Grant, KS",2022,7230.0
20067,"Grant, KS",2023,7158.0
20067,"Grant, KS",2024,7097.0
20069,"Gray, KS",2019,5688.0
20069,"Gray, KS",2020,5640.0
20069,"Gray, KS",2021,5661.0
20069,"Gray, KS",2022,5707.0
20069,"Gray, KS",2023,5765.0
20069,"Gray, KS",2024,5730.0
20071,"Greeley, KS",2019,1283.0
20071,"Greeley, KS",2020,1275.0
20071,"Greeley, KS",2021,1283.0
20071,"Greeley, KS",2022,1230.0
20071,"Greeley, KS",2023,1174.0
20071,"Greeley, KS",2024,1152.0
20073,"Greenwood, KS",2019,6101.0
20073,"Greenwood, KS",2020,5975.0
20073,"Greenwood, KS",2021,5921.0
20073,"Greenwood, KS",2022,5917.0
20073,"Greenwood, KS",2023,5909.0
20073,"Greenwood, KS",2024,5871.0
20075,"Hamilton, KS",2019,2569.0
20075,"Hamilton, KS",2020,2487.0
20075,"Hamilton, KS",2021,2478.0
20075,"Hamilton, KS",2022,2445.0
20075,"Hamilton, KS",2023,2459.0
20075,"Hamilton, KS",2024,2488.0
20077,"Harper, KS",2019,5556.0
20077,"Harper, KS",2020,5467.0
20077,"Harper, KS",2021,5352.0
20077,"Harper, KS",2022,5374.0
20077,"Harper, KS",2023,5392.0
20077,"Harper, KS",2024,5413.0
20079,"Harvey, KS",2019,34141.0
20079,"Harvey, KS",2020,33996.0
20079,"Harvey, KS",2021,33799.0
20079,"Harvey, KS",2022,33710.0
20079,"Harvey, KS",2023,33635.0
20079,"Harvey, KS",2024,33642.0
20081,"Haskell, KS",2019,3830.0
20081,"Haskell, KS",2020,3760.0
20081,"Haskell, KS",2021,3653.0
20081,"Haskell, KS",2022,3573.0
20081,"Haskell, KS",2023,3630.0
20081,"Haskell, KS",2024,3591.0
20083,"Hodgeman, KS",2019,1709.0
20083,"Hodgeman, KS",2020,1738.0
20083,"Hodgeman, KS",2021,1724.0
20083,"Hodgeman, KS",2022,1707.0
20083,"Hodgeman, KS",2023,1681.0
20083,"Hodgeman, KS",2024,1673.0
20085,"Jackson, KS",2019,13231.0
20085,"Jackson, KS",2020,13238.0
20085,"Jackson, KS",2021,13264.0
20085,"Jackson, KS",2022,13285.0
20085,"Jackson, KS",2023,13392.0
20085,"Jackson, KS",2024,13525.0
20087,"Jefferson, KS",2019,18525.0
20087,"Jefferson, KS",2020,18325.0
20087,"Jefferson, KS",2021,18435.0
20087,"Jefferson, KS",2022,18344.0
20087,"Jefferson, KS",2023,18307.0
20087,"Jefferson, KS",2024,18332.0
20089,"Jewell, KS",2019,2934.0
20089,"Jewell, KS",2020,2929.0
20089,"Jewell, KS",2021,2947.0
20089,"Jewell, KS",2022,2906.0
20089,"Jewell, KS",2023,2901.0
20089,"Jewell, KS",2024,2899.0
20091,"Johnson, KS",2019,606114.0
20091,"Johnson, KS",2020,611161.0
20091,"Johnson, KS",2021,614962.0
20091,"Johnson, KS",2022,619311.0
20091,"Johnson, KS",2023,625444.0
20091,"Johnson, KS",2024,632276.0
20093,"Kearny, KS",2019,4001.0
20093,"Kearny, KS",2020,3960.0
20093,"Kearny, KS",2021,3895.0
20093,"Kearny, KS",2022,3854.0
20093,"Kearny, KS",2023,3803.0
20093,"Kearny, KS",2024,3808.0
20095,"Kingman, KS",2019,7484.0
20095,"Kingman, KS",2020,7420.0
20095,"Kingman, KS",2021,7288.0
20095,"Kingman, KS",2022,7184.0
20095,"Kingman, KS",2023,7091.0
20095,"Kingman, KS",2024,6946.0
20097,"Kiowa, KS",2019,2469.0
20097,"Kiowa, KS",2020,2453.0
20097,"Kiowa, KS",2021,2407.0
20097,"Kiowa, KS",2022,2410.0
20097,"Kiowa, KS",2023,2404.0
20097,"Kiowa, KS",2024,2436.0
20099,"Labette, KS",2019,20220.0
20099,"Labette, KS",2020,20160.0
20099,"Labette, KS",2021,19908.0
20099,"Labette, KS",2022,19750.0
20099,"Labette, KS",2023,19833.0
20099,"Labette, KS",2024,19692.0
20101,"Lane, KS",2019,1580.0
20101,"Lane, KS",2020,1570.0
20101,"Lane, KS",2021,1564.0
20101,"Lane, KS",2022,1552.0
20101,"Lane, KS",2023,1533.0
20101,"Lane, KS",2024,1482.0
20103,"Leavenworth, KS",2019,81613.0
20103,"Leavenworth, KS",2020,81961.0
20103,"Leavenworth, KS",2021,82395.0
20103,"Leavenworth, KS",2022,82852.0
20103,"Leavenworth, KS",2023,83735.0
20103,"Leavenworth, KS",2024,84670.0
20105,"Lincoln, KS",2019,2921.0
20105,"Lincoln, KS",2020,2946.0
20105,"Lincoln, KS",2021,2907.0
20105,"Lincoln, KS",2022,2909.0
20105,"Lincoln, KS",2023,2924.0
20105,"Lincoln, KS",2024,2928.0
20107,"Linn, KS",2019,9636.0
20107,"Linn, KS",2020,9591.0
20107,"Linn, KS",2021,9745.0
20107,"Linn, KS",2022,9771.0
20107,"Linn, KS",2023,9885.0
20107,"Linn, KS",2024,9841.0
20109,"Logan, KS",2019,2795.0
20109,"Logan, KS",2020,2743.0
20109,"Logan, KS",2021,2713.0
20109,"Logan, KS",2022,2706.0
20109,"Logan, KS",2023,2678.0
20109,"Logan, KS",2024,2694.0
20111,"Lyon, KS",2019,32352.0
20111,"Lyon, KS",2020,32113.0
20111,"Lyon, KS",2021,32034.0
20111,"Lyon, KS",2022,31994.0
20111,"Lyon, KS",2023,32267.0
20111,"Lyon, KS",2024,32520.0
20113,"McPherson, KS",2019,30181.0
20113,"McPherson, KS",2020,30184.0
20113,"McPherson, KS",2021,30167.0
20113,"McPherson, KS",2022,30106.0
20113,"McPherson, KS",2023,30236.0
20113,"McPherson, KS",2024,30334.0
20115,"Marion, KS",2019,11960.0
20115,"Marion, KS",2020,11787.0
20115,"Marion, KS",2021,11744.0
20115,"Marion, KS",2022,11800.0
20115,"Marion, KS",2023,11768.0
20115,"Marion, KS",2024,11670.0
20117,"Marshall, KS",2019,10044.0
20117,"Marshall, KS",2020,10022.0
20117,"Marshall, KS",2021,10023.0
20117,"Marshall, KS",2022,10007.0
20117,"Marshall, KS",2023,9963.0
20117,"Marshall, KS",2024,9950.0
20119,"Meade, KS",2019,4042.0
20119,"Meade, KS",2020,4062.0
20119,"Meade, KS",2021,3998.0
20119,"Meade, KS",2022,3905.0
20119,"Meade, KS",2023,3911.0
20119,"Meade, KS",2024,3892.0
20121,"Miami, KS",2019,34134.0
20121,"Miami, KS",2020,34219.0
20121,"Miami, KS",2021,34641.0
20121,"Miami, KS",2022,34759.0
20121,"Miami, KS",2023,35333.0
20121,"Miami, KS",2024,35737.0
20123,"Mitchell, KS",2019,5869.0
20123,"Mitchell, KS",2020,5778.0
20123,"Mitchell, KS",2021,5750.0
20123,"Mitchell, KS",2022,5774.0
20123,"Mitchell, KS",2023,5789.0
20123,"Mitchell, KS",2024,5803.0
20125,"Montgomery, KS",2019,31711.0
20125,"Montgomery, KS",2020,31400.0
20125,"Montgomery, KS",2021,31180.0
20125,"Montgomery, KS",2022,30905.0
20125,"Montgomery, KS",2023,30756.0
20125,"Montgomery, KS",2024,30459.0
20127,"Morris, KS",2019,5456.0
20127,"Morris, KS",2020,5370.0
20127,"Morris, KS",2021,5388.0
20127,"Morris, KS",2022,5376.0
20127,"Morris, KS",2023,5289.0
20127,"Morris, KS",2024,5279.0
20129,"Morton, KS",2019,2679.0
20129,"Morton, KS",2020,2703.0
20129,"Morton, KS",2021,2674.0
20129,"Morton, KS",2022,2600.0
20129,"Morton, KS",2023,2592.0
20129,"Morton, KS",2024,2485.0
20131,"Nemaha, KS",2019,10307.0
20131,"Nemaha, KS",2020,10263.0
20131,"Nemaha, KS",2021,10228.0
20131,"Nemaha, KS",2022,10151.0
20131,"Nemaha, KS",2023,10094.0
20131,"Nemaha, KS",2024,10062.0
20133,"Neosho, KS",2019,15873.0
20133,"Neosho, KS",2020,15905.0
20133,"Neosho, KS",2021,15791.0
20133,"Neosho, KS",2022,15583.0
20133,"Neosho, KS",2023,15451.0
20133,"Neosho, KS",2024,15552.0
20135,"Ness, KS",2019,2704.0
20135,"Ness, KS",2020,2679.0
20135,"Ness, KS",2021,2658.0
20135,"Ness, KS",2022,2671.0
20135,"Ness, KS",2023,2639.0
20135,"Ness, KS",2024,2617.0
20137,"Norton, KS",2019,5471.0
20137,"Norton, KS",2020,5452.0
20137,"Norton, KS",2021,5370.0
20137,"Norton, KS",2022,5322.0
20137,"Norton, KS",2023,5314.0
20137,"Norton, KS",2024,5335.0
20139,"Osage, KS",2019,15876.0
20139,"Osage, KS",2020,15740.0
20139,"Osage, KS",2021,15754.0
20139,"Osage, KS",2022,15690.0
20139,"Osage, KS",2023,15798.0
20139,"Osage, KS",2024,15737.0
20141,"Osborne, KS",2019,3501.0
20141,"Osborne, KS",2020,3491.0
20141,"Osborne, KS",2021,3487.0
20141,"Osborne, KS",2022,3488.0
20141,"Osborne, KS",2023,3440.0
20141,"Osborne, KS",2024,3353.0
20143,"Ottawa, KS",2019,5733.0
20143,"Ottawa, KS",2020,5731.0
20143,"Ottawa, KS",2021,5835.0
20143,"Ottawa, KS",2022,5833.0
20143,"Ottawa, KS",2023,5842.0
20143,"Ottawa, KS",2024,5853.0
20145,"Pawnee, KS",2019,6277.0
20145,"Pawnee, KS",2020,6248.0
20145,"Pawnee, KS",2021,6240.0
20145,"Pawnee, KS",2022,6153.0
20145,"Pawnee, KS",2023,6068.0
20145,"Pawnee, KS",2024,6012.0
20147,"Phillips, KS",2019,5050.0
20147,"Phillips, KS",2020,4959.0
20147,"Phillips, KS",2021,4818.0
20147,"Phillips, KS",2022,4792.0
20147,"Phillips, KS",2023,4762.0
20147,"Phillips, KS",2024,4733.0
20149,"Pottawatomie, KS",2019,25098.0
20149,"Pottawatomie, KS",2020,25421.0
20149,"Pottawatomie, KS",2021,25884.0
20149,"Pottawatomie, KS",2022,26331.0
20149,"Pottawatomie, KS",2023,26506.0
20149,"Pottawatomie, KS",2024,26876.0
20151,"Pratt, KS",2019,9157.0
20151,"Pratt, KS",2020,9139.0
20151,"Pratt, KS",2021,9168.0
20151,"Pratt, KS",2022,9080.0
20151,"Pratt, KS",2023,9107.0
20151,"Pratt, KS",2024,9137.0
20153,"Rawlins, KS",2019,2536.0
20153,"Rawlins, KS",2020,2574.0
20153,"Rawlins, KS",2021,2561.0
20153,"Rawlins, KS",2022,2531.0
20153,"Rawlins, KS",2023,2480.0
20153,"Rawlins, KS",2024,2432.0
20155,"Reno, KS",2019,62007.0
20155,"Reno, KS",2020,61894.0
20155,"Reno, KS",2021,61523.0
20155,"Reno, KS",2022,61514.0
20155,"Reno, KS",2023,61419.0
20155,"Reno, KS",2024,61417.0
20157,"Republic, KS",2019,4680.0
20157,"Republic, KS",2020,4672.0
20157,"Republic, KS",2021,4699.0
20157,"Republic, KS",2022,4638.0
20157,"Republic, KS",2023,4608.0
20157,"Republic, KS",2024,4613.0
20159,"Rice, KS",2019,9528.0
20159,"Rice, KS",2020,9385.0
20159,"Rice, KS",2021,9388.0
20159,"Rice, KS",2022,9387.0
20159,"Rice, KS",2023,9305.0
20159,"Rice, KS",2024,9284.0
20161,"Riley, KS",2019,71711.0
20161,"Riley, KS",2020,72011.0
20161,"Riley, KS",2021,71870.0
20161,"Riley, KS",2022,71618.0
20161,"Riley, KS",2023,71673.0
20161,"Riley, KS",2024,72557.0
20163,"Rooks, KS",2019,4995.0
20163,"Rooks, KS",2020,4886.0
20163,"Rooks, KS",2021,4859.0
20163,"Rooks, KS",2022,4798.0
20163,"Rooks, KS",2023,4776.0
20163,"Rooks, KS",2024,4748.0
20165,"Rush, KS",2019,2996.0
20165,"Rush, KS",2020,2944.0
20165,"Rush, KS",2021,2935.0
20165,"Rush, KS",2022,2949.0
20165,"Rush, KS",2023,2833.0
20165,"Rush, KS",2024,2810.0
20167,"Russell, KS",2019,6752.0
20167,"Russell, KS",2020,6673.0
20167,"Russell, KS",2021,6694.0
20167,"Russell, KS",2022,6726.0
20167,"Russell, KS",2023,6683.0
20167,"Russell, KS",2024,6620.0
20169,"Saline, KS",2019,54448.0
20169,"Saline, KS",2020,54248.0
20169,"Saline, KS",2021,53829.0
20169,"Saline, KS",2022,53461.0
20169,"Saline, KS",2023,53342.0
20169,"Saline, KS",2024,53459.0
20171,"Scott, KS",2019,5175.0
20171,"Scott, KS",2020,5133.0
20171,"Scott, KS",2021,5115.0
20171,"Scott, KS",2022,5010.0
20171,"Scott, KS",2023,4962.0
20171,"Scott, KS",2024,4914.0
20173,"Sedgwick, KS",2019,520747.0
20173,"Sedgwick, KS",2020,524837.0
20173,"Sedgwick, KS",2021,524470.0
20173,"Sedgwick, KS",2022,525488.0
20173,"Sedgwick, KS",2023,530254.0
20173,"Sedgwick, KS",2024,536081.0
20175,"Seward, KS",2019,22234.0
20175,"Seward, KS",2020,21857.0
20175,"Seward, KS",2021,21764.0
20175,"Seward, KS",2022,21326.0
20175,"Seward, KS",2023,21209.0
20175,"Seward, KS",2024,21276.0
20177,"Shawnee, KS",2019,179196.0
20177,"Shawnee, KS",2020,178711.0
20177,"Shawnee, KS",2021,178424.0
20177,"Shawnee, KS",2022,177454.0
20177,"Shawnee, KS",2023,177596.0
20177,"Shawnee, KS",2024,177942.0
20179,"Sheridan, KS",2019,2452.0
20179,"Sheridan, KS",2020,2443.0
20179,"Sheridan, KS",2021,2451.0
20179,"Sheridan, KS",2022,2428.0
20179,"Sheridan, KS",2023,2409.0
20179,"Sheridan, KS",2024,2397.0
20181,"Sherman, KS",2019,6052.0
20181,"Sherman, KS",2020,5902.0
20181,"Sherman, KS",2021,5939.0
20181,"Sherman, KS",2022,5857.0
20181,"Sherman, KS",2023,5791.0
20181,"Sherman, KS",2024,5796.0
20183,"Smith, KS",2019,3609.0
20183,"Smith, KS",2020,3559.0
20183,"Smith, KS",2021,3566.0
20183,"Smith, KS",2022,3553.0
20183,"Smith, KS",2023,3541.0
20183,"Smith, KS",2024,3541.0
20185,"Stafford, KS",2019,4102.0
20185,"Stafford, KS",2020,4052.0
20185,"Stafford, KS",2021,4012.0
20185,"Stafford, KS",2022,3979.0
20185,"Stafford, KS",2023,3948.0
20185,"Stafford, KS",2024,3901.0
20187,"Stanton, KS",2019,2096.0
20187,"Stanton, KS",2020,2085.0
20187,"Stanton, KS",2021,2046.0
20187,"Stanton, KS",2022,1977.0
20187,"Stanton, KS",2023,2012.0
20187,"Stanton, KS",2024,2071.0
20189,"Stevens, KS",2019,5281.0
20189,"Stevens, KS",2020,5246.0
20189,"Stevens, KS",2021,5305.0
20189,"Stevens, KS",2022,5151.0
20189,"Stevens, KS",2023,5074.0
20189,"Stevens, KS",2024,5035.0
20191,"Sumner, KS",2019,22589.0
20191,"Sumner, KS",2020,22323.0
20191,"Sumner, KS",2021,22327.0
20191,"Sumner, KS",2022,22384.0
20191,"Sumner, KS",2023,22393.0
20191,"Sumner, KS",2024,22336.0
20193,"Thomas, KS",2019,7917.0
20193,"Thomas, KS",2020,7933.0
20193,"Thomas, KS",2021,7950.0
20193,"Thomas, KS",2022,7882.0
20193,"Thomas, KS",2023,7858.0
20193,"Thomas, KS",2024,7802.0
20195,"Trego, KS",2019,2813.0
20195,"Trego, KS",2020,2804.0
20195,"Trego, KS",2021,2791.0
20195,"Trego, KS",2022,2757.0
20195,"Trego, KS",2023,2758.0
20195,"Trego, KS",2024,2774.0
20197,"Wabaunsee, KS",2019,6880.0
20197,"Wabaunsee, KS",2020,6890.0
20197,"Wabaunsee, KS",2021,6970.0
20197,"Wabaunsee, KS",2022,7002.0
20197,"Wabaunsee, KS",2023,7073.0
20197,"Wabaunsee, KS",2024,7112.0
20199,"Wallace, KS",2019,1508.0
20199,"Wallace, KS",2020,1512.0
20199,"Wallace, KS",2021,1513.0
20199,"Wallace, KS",2022,1491.0
20199,"Wallace, KS",2023,1501.0
20199,"Wallace, KS",2024,1472.0
20201,"Washington, KS",2019,5548.0
20201,"Washington, KS",2020,5526.0
20201,"Washington, KS",2021,5521.0
20201,"Washington, KS",2022,5495.0
20201,"Washington, KS",2023,5553.0
20201,"Washington, KS",2024,5572.0
20203,"Wichita, KS",2019,2179.0
20203,"Wichita, KS",2020,2149.0
20203,"Wichita, KS",2021,2079.0
20203,"Wichita, KS",2022,2061.0
20203,"Wichita, KS",2023,2093.0
20203,"Wichita, KS",2024,2072.0
20205,"Wilson, KS",2019,8781.0
20205,"Wilson, KS",2020,8586.0
20205,"Wilson, KS",2021,8525.0
20205,"Wilson, KS",2022,8577.0
20205,"Wilson, KS",2023,8438.0
20205,"Wilson, KS",2024,8398.0
20207,"Woodson, KS",2019,3179.0
20207,"Woodson, KS",2020,3099.0
20207,"Woodson, KS",2021,3086.0
20207,"Woodson, KS",2022,3122.0
20207,"Woodson, KS",2023,3127.0
20207,"Woodson, KS",2024,3111.0
20209,"Wyandotte, KS",2019,169466.0
20209,"Wyandotte, KS",2020,168920.0
20209,"Wyandotte, KS",2021,167279.0
20209,"Wyandotte, KS",2022,165719.0
20209,"Wyandotte, KS",2023,166932.0
20209,"Wyandotte, KS",2024,169418.0
21001,"Adair, KY",2019,18864.0
21001,"Adair, KY",2020,18881.0
21001,"Adair, KY",2021,18928.0
21001,"Adair, KY",2022,19089.0
21001,"Adair, KY",2023,19306.0
21001,"Adair, KY",2024,19239.0
21003,"Allen, KY",2019,20614.0
21003,"Allen, KY",2020,20572.0
21003,"Allen, KY",2021,20833.0
21003,"Allen, KY",2022,21246.0
21003,"Allen, KY",2023,21779.0
21003,"Allen, KY",2024,22037.0
21005,"Anderson, KY",2019,23638.0
21005,"Anderson, KY",2020,23892.0
21005,"Anderson, KY",2021,24093.0
21005,"Anderson, KY",2022,24279.0
21005,"Anderson, KY",2023,24618.0
21005,"Anderson, KY",2024,24883.0
21007,"Ballard, KY",2019,7754.0
21007,"Ballard, KY",2020,7714.0
21007,"Ballard, KY",2021,7689.0
21007,"Ballard, KY",2022,7633.0
21007,"Ballard, KY",2023,7608.0
21007,"Ballard, KY",2024,7626.0
21009,"Barren, KY",2019,44330.0
21009,"Barren, KY",2020,44511.0
21009,"Barren, KY",2021,44588.0
21009,"Barren, KY",2022,44851.0
21009,"Barren, KY",2023,45132.0
21009,"Barren, KY",2024,45609.0
21011,"Bath, KY",2019,12753.0
21011,"Bath, KY",2020,12717.0
21011,"Bath, KY",2021,12797.0
21011,"Bath, KY",2022,12818.0
21011,"Bath, KY",2023,12972.0
21011,"Bath, KY",2024,12951.0
21013,"Bell, KY",2019,24593.0
21013,"Bell, KY",2020,23982.0
21013,"Bell, KY",2021,23788.0
21013,"Bell, KY",2022,23514.0
21013,"Bell, KY",2023,23208.0
21013,"Bell, KY",2024,23051.0
21015,"Boone, KY",2019,134524.0
21015,"Boone, KY",2020,136476.0
21015,"Boone, KY",2021,137707.0
21015,"Boone, KY",2022,139377.0
21015,"Boone, KY",2023,141511.0
21015,"Boone, KY",2024,144135.0
21017,"Bourbon, KY",2019,20090.0
21017,"Bourbon, KY",2020,20284.0
21017,"Bourbon, KY",2021,20220.0
21017,"Bourbon, KY",2022,20144.0
21017,"Bourbon, KY",2023,20220.0
21017,"Bourbon, KY",2024,20333.0
21019,"Boyd, KY",2019,48340.0
21019,"Boyd, KY",2020,48206.0
21019,"Boyd, KY",2021,47754.0
21019,"Boyd, KY",2022,48048.0
21019,"Boyd, KY",2023,47771.0
21019,"Boyd, KY",2024,47777.0
21021,"Boyle, KY",2019,30271.0
21021,"Boyle, KY",2020,30761.0
21021,"Boyle, KY",2021,30600.0
21021,"Boyle, KY",2022,30854.0
21021,"Boyle, KY",2023,31096.0
21021,"Boyle, KY",2024,31394.0
21023,"Bracken, KY",2019,8409.0
21023,"Bracken, KY",2020,8405.0
21023,"Bracken, KY",2021,8445.0
21023,"Bracken, KY",2022,8436.0
21023,"Bracken, KY",2023,8435.0
21023,"Bracken, KY",2024,8497.0
21025,"Breathitt, KY",2019,13661.0
21025,"Breathitt, KY",2020,13701.0
21025,"Breathitt, KY",2021,13558.0
21025,"Breathitt, KY",2022,13353.0
21025,"Breathitt, KY",2023,12962.0
21025,"Breathitt, KY",2024,12804.0
21027,"Breckinridge, KY",2019,20357.0
21027,"Breckinridge, KY",2020,20445.0
21027,"Breckinridge, KY",2021,20679.0
21027,"Breckinridge, KY",2022,20942.0
21027,"Breckinridge, KY",2023,21117.0
21027,"Breckinridge, KY",2024,21221.0
21029,"Bullitt, KY",2019,81882.0
21029,"Bullitt, KY",2020,82364.0
21029,"Bullitt, KY",2021,83068.0
21029,"Bullitt, KY",2022,83901.0
21029,"Bullitt, KY",2023,85000.0
21029,"Bullitt, KY",2024,85802.0
21031,"Butler, KY",2019,12511.0
21031,"Butler, KY",2020,12317.0
21031,"Butler, KY",2021,12297.0
21031,"Butler, KY",2022,12371.0
21031,"Butler, KY",2023,12430.0
21031,"Butler, KY",2024,12551.0
21033,"Caldwell, KY",2019,12667.0
21033,"Caldwell, KY",2020,12636.0
21033,"Caldwell, KY",2021,12682.0
21033,"Caldwell, KY",2022,12601.0
21033,"Caldwell, KY",2023,12561.0
21033,"Caldwell, KY",2024,12611.0
21035,"Calloway, KY",2019,37057.0
21035,"Calloway, KY",2020,37601.0
21035,"Calloway, KY",2021,37904.0
21035,"Calloway, KY",2022,38119.0
21035,"Calloway, KY",2023,38520.0
21035,"Calloway, KY",2024,38975.0
21037,"Campbell, KY",2019,92946.0
21037,"Campbell, KY",2020,93134.0
21037,"Campbell, KY",2021,92824.0
21037,"Campbell, KY",2022,93305.0
21037,"Campbell, KY",2023,93859.0
21037,"Campbell, KY",2024,94008.0
21039,"Carlisle, KY",2019,4828.0
21039,"Carlisle, KY",2020,4805.0
21039,"Carlisle, KY",2021,4761.0
21039,"Carlisle, KY",2022,4723.0
21039,"Carlisle, KY",2023,4742.0
21039,"Carlisle, KY",2024,4777.0
21041,"Carroll, KY",2019,10729.0
21041,"Carroll, KY",2020,10835.0
21041,"Carroll, KY",2021,10899.0
21041,"Carroll, KY",2022,10935.0
21041,"Carroll, KY",2023,10986.0
21041,"Carroll, KY",2024,11111.0
21043,"Carter, KY",2019,26766.0
21043,"Carter, KY",2020,26614.0
21043,"Carter, KY",2021,26438.0
21043,"Carter, KY",2022,26300.0
21043,"Carter, KY",2023,26255.0
21043,"Carter, KY",2024,26098.0
21045,"Casey, KY",2019,16039.0
21045,"Casey, KY",2020,15921.0
21045,"Casey, KY",2021,15922.0
21045,"Casey, KY",2022,15893.0
21045,"Casey, KY",2023,15887.0
21045,"Casey, KY",2024,15948.0
21047,"Christian, KY",2019,72668.0
21047,"Christian, KY",2020,72748.0
21047,"Christian, KY",2021,73144.0
21047,"Christian, KY",2022,72213.0
21047,"Christian, KY",2023,71235.0
21047,"Christian, KY",2024,71006.0
21049,"Clark, KY",2019,36751.0
21049,"Clark, KY",2020,37047.0
21049,"Clark, KY",2021,36892.0
21049,"Clark, KY",2022,37012.0
21049,"Clark, KY",2023,37337.0
21049,"Clark, KY",2024,37673.0
21051,"Clay, KY",2019,20491.0
21051,"Clay, KY",2020,20309.0
21051,"Clay, KY",2021,20162.0
21051,"Clay, KY",2022,19884.0
21051,"Clay, KY",2023,19658.0
21051,"Clay, KY",2024,19592.0
21053,"Clinton, KY",2019,9382.0
21053,"Clinton, KY",2020,9228.0
21053,"Clinton, KY",2021,9281.0
21053,"Clinton, KY",2022,9140.0
21053,"Clinton, KY",2023,9178.0
21053,"Clinton, KY",2024,9183.0
21055,"Crittenden, KY",2019,8935.0
21055,"Crittenden, KY",2020,9003.0
21055,"Crittenden, KY",2021,8944.0
21055,"Crittenden, KY",2022,8971.0
21055,"Crittenden, KY",2023,8996.0
21055,"Crittenden, KY",2024,8982.0
21057,"Cumberland, KY",2019,6002.0
21057,"Cumberland, KY",2020,5859.0
21057,"Cumberland, KY",2021,5902.0
21057,"Cumberland, KY",2022,5950.0
21057,"Cumberland, KY",2023,5980.0
21057,"Cumberland, KY",2024,6047.0
21059,"Daviess, KY",2019,102830.0
21059,"Daviess, KY",2020,103398.0
21059,"Daviess, KY",2021,103087.0
21059,"Daviess, KY",2022,103373.0
21059,"Daviess, KY",2023,103927.0
21059,"Daviess, KY",2024,104457.0
21061,"Edmonson, KY",2019,12062.0
21061,"Edmonson, KY",2020,12147.0
21061,"Edmonson, KY",2021,12228.0
21061,"Edmonson, KY",2022,12300.0
21061,"Edmonson, KY",2023,12466.0
21061,"Edmonson, KY",2024,12635.0
21063,"Elliott, KY",2019,7435.0
21063,"Elliott, KY",2020,7335.0
21063,"Elliott, KY",2021,7364.0
21063,"Elliott, KY",2022,7301.0
21063,"Elliott, KY",2023,7271.0
21063,"Elliott, KY",2024,7263.0
21065,"Estill, KY",2019,14166.0
21065,"Estill, KY",2020,14160.0
21065,"Estill, KY",2021,14083.0
21065,"Estill, KY",2022,13994.0
21065,"Estill, KY",2023,13937.0
21065,"Estill, KY",2024,14002.0
21067,"Fayette, KY",2019,321944.0
21067,"Fayette, KY",2020,322628.0
21067,"Fayette, KY",2021,320431.0
21067,"Fayette, KY",2022,321505.0
21067,"Fayette, KY",2023,324624.0
21067,"Fayette, KY",2024,329437.0
21069,"Fleming, KY",2019,15022.0
21069,"Fleming, KY",2020,15098.0
21069,"Fleming, KY",2021,15262.0
21069,"Fleming, KY",2022,15257.0
21069,"Fleming, KY",2023,15405.0
21069,"Fleming, KY",2024,15591.0
21071,"Floyd, KY",2019,36267.0
21071,"Floyd, KY",2020,35802.0
21071,"Floyd, KY",2021,35298.0
21071,"Floyd, KY",2022,35519.0
21071,"Floyd, KY",2023,34971.0
21071,"Floyd, KY",2024,34532.0
21073,"Franklin, KY",2019,51289.0
21073,"Franklin, KY",2020,51603.0
21073,"Franklin, KY",2021,51721.0
21073,"Franklin, KY",2022,51617.0
21073,"Franklin, KY",2023,51826.0
21073,"Franklin, KY",2024,52442.0
21075,"Fulton, KY",2019,6499.0
21075,"Fulton, KY",2020,6511.0
21075,"Fulton, KY",2021,6486.0
21075,"Fulton, KY",2022,6389.0
21075,"Fulton, KY",2023,6378.0
21075,"Fulton, KY",2024,6282.0
21077,"Gallatin, KY",2019,8746.0
21077,"Gallatin, KY",2020,8675.0
21077,"Gallatin, KY",2021,8756.0
21077,"Gallatin, KY",2022,8786.0
21077,"Gallatin, KY",2023,8823.0
21077,"Gallatin, KY",2024,8805.0
21079,"Garrard, KY",2019,16954.0
21079,"Garrard, KY",2020,16964.0
21079,"Garrard, KY",2021,17368.0
21079,"Garrard, KY",2022,17580.0
21079,"Garrard, KY",2023,17888.0
21079,"Garrard, KY",2024,18040.0
21081,"Grant, KY",2019,24738.0
21081,"Grant, KY",2020,25014.0
21081,"Grant, KY",2021,25293.0
21081,"Grant, KY",2022,25466.0
21081,"Grant, KY",2023,25596.0
21081,"Grant, KY",2024,25722.0
21083,"Graves, KY",2019,36911.0
21083,"Graves, KY",2020,36530.0
21083,"Graves, KY",2021,36665.0
21083,"Graves, KY",2022,36532.0
21083,"Graves, KY",2023,36600.0
21083,"Graves, KY",2024,36821.0
21085,"Grayson, KY",2019,26382.0
21085,"Grayson, KY",2020,26456.0
21085,"Grayson, KY",2021,26582.0
21085,"Grayson, KY",2022,26623.0
21085,"Grayson, KY",2023,26806.0
21085,"Grayson, KY",2024,27070.0
21087,"Green, KY",2019,11053.0
21087,"Green, KY",2020,11131.0
21087,"Green, KY",2021,11328.0
21087,"Green, KY",2022,11379.0
21087,"Green, KY",2023,11454.0
21087,"Green, KY",2024,11552.0
21089,"Greenup, KY",2019,36071.0
21089,"Greenup, KY",2020,35890.0
21089,"Greenup, KY",2021,35660.0
21089,"Greenup, KY",2022,35384.0
21089,"Greenup, KY",2023,35299.0
21089,"Greenup, KY",2024,35273.0
21091,"Hancock, KY",2019,9045.0
21091,"Hancock, KY",2020,9104.0
21091,"Hancock, KY",2021,9076.0
21091,"Hancock, KY",2022,9043.0
21091,"Hancock, KY",2023,8936.0
21091,"Hancock, KY",2024,9013.0
21093,"Hardin, KY",2019,110445.0
21093,"Hardin, KY",2020,110840.0
21093,"Hardin, KY",2021,111870.0
21093,"Hardin, KY",2022,111776.0
21093,"Hardin, KY",2023,112396.0
21093,"Hardin, KY",2024,112826.0
21095,"Harlan, KY",2019,27036.0
21095,"Harlan, KY",2020,26758.0
21095,"Harlan, KY",2021,26139.0
21095,"Harlan, KY",2022,25610.0
21095,"Harlan, KY",2023,25302.0
21095,"Harlan, KY",2024,25052.0
21097,"Harrison, KY",2019,18635.0
21097,"Harrison, KY",2020,18721.0
21097,"Harrison, KY",2021,18961.0
21097,"Harrison, KY",2022,19085.0
21097,"Harrison, KY",2023,19409.0
21097,"Harrison, KY",2024,19525.0
21099,"Hart, KY",2019,19230.0
21099,"Hart, KY",2020,19296.0
21099,"Hart, KY",2021,19476.0
21099,"Hart, KY",2022,19592.0
21099,"Hart, KY",2023,19726.0
21099,"Hart, KY",2024,19923.0
21101,"Henderson, KY",2019,45185.0
21101,"Henderson, KY",2020,44673.0
21101,"Henderson, KY",2021,44409.0
21101,"Henderson, KY",2022,44017.0
21101,"Henderson, KY",2023,44127.0
21101,"Henderson, KY",2024,44175.0
21103,"Henry, KY",2019,15680.0
21103,"Henry, KY",2020,15693.0
21103,"Henry, KY",2021,15707.0
21103,"Henry, KY",2022,15730.0
21103,"Henry, KY",2023,15951.0
21103,"Henry, KY",2024,16198.0
21105,"Hickman, KY",2019,4506.0
21105,"Hickman, KY",2020,4530.0
21105,"Hickman, KY",2021,4427.0
21105,"Hickman, KY",2022,4422.0
21105,"Hickman, KY",2023,4423.0
21105,"Hickman, KY",2024,4393.0
21107,"Hopkins, KY",2019,45342.0
21107,"Hopkins, KY",2020,45365.0
21107,"Hopkins, KY",2021,45149.0
21107,"Hopkins, KY",2022,44879.0
21107,"Hopkins, KY",2023,44985.0
21107,"Hopkins, KY",2024,45218.0
21109,"Jackson, KY",2019,12964.0
21109,"Jackson, KY",2020,12968.0
21109,"Jackson, KY",2021,12975.0
21109,"Jackson, KY",2022,12989.0
21109,"Jackson, KY",2023,13138.0
21109,"Jackson, KY",2024,13358.0
21111,"Jefferson, KY",2019,781673.0
21111,"Jefferson, KY",2020,782896.0
21111,"Jefferson, KY",2021,777624.0
21111,"Jefferson, KY",2022,777329.0
21111,"Jefferson, KY",2023,783381.0
21111,"Jefferson, KY",2024,793881.0
21113,"Jessamine, KY",2019,53014.0
21113,"Jessamine, KY",2020,53019.0
21113,"Jessamine, KY",2021,53583.0
21113,"Jessamine, KY",2022,54333.0
21113,"Jessamine, KY",2023,55511.0
21113,"Jessamine, KY",2024,56495.0
21115,"Johnson, KY",2019,22766.0
21115,"Johnson, KY",2020,22648.0
21115,"Johnson, KY",2021,22550.0
21115,"Johnson, KY",2022,22234.0
21115,"Johnson, KY",2023,22139.0
21115,"Johnson, KY",2024,22098.0
21117,"Kenton, KY",2019,168444.0
21117,"Kenton, KY",2020,169276.0
21117,"Kenton, KY",2021,169641.0
21117,"Kenton, KY",2022,170413.0
21117,"Kenton, KY",2023,172248.0
21117,"Kenton, KY",2024,174862.0
21119,"Knott, KY",2019,14537.0
21119,"Knott, KY",2020,14163.0
21119,"Knott, KY",2021,14040.0
21119,"Knott, KY",2022,13848.0
21119,"Knott, KY",2023,13660.0
21119,"Knott, KY",2024,13438.0
21121,"Knox, KY",2019,30340.0
21121,"Knox, KY",2020,30185.0
21121,"Knox, KY",2021,30028.0
21121,"Knox, KY",2022,29734.0
21121,"Knox, KY",2023,29723.0
21121,"Knox, KY",2024,29657.0
21123,"Larue, KY",2019,14810.0
21123,"Larue, KY",2020,14877.0
21123,"Larue, KY",2021,15035.0
21123,"Larue, KY",2022,15165.0
21123,"Larue, KY",2023,15328.0
21123,"Larue, KY",2024,15128.0
21125,"Laurel, KY",2019,62190.0
21125,"Laurel, KY",2020,62735.0
21125,"Laurel, KY",2021,62582.0
21125,"Laurel, KY",2022,62891.0
21125,"Laurel, KY",2023,63352.0
21125,"Laurel, KY",2024,63353.0
21127,"Lawrence, KY",2019,16188.0
21127,"Lawrence, KY",2020,16302.0
21127,"Lawrence, KY",2021,16273.0
21127,"Lawrence, KY",2022,16037.0
21127,"Lawrence, KY",2023,15974.0
21127,"Lawrence, KY",2024,15798.0
21129,"Lee, KY",2019,7472.0
21129,"Lee, KY",2020,7364.0
21129,"Lee, KY",2021,7457.0
21129,"Lee, KY",2022,7259.0
21129,"Lee, KY",2023,7301.0
21129,"Lee, KY",2024,7313.0
21131,"Leslie, KY",2019,10634.0
21131,"Leslie, KY",2020,10471.0
21131,"Leslie, KY",2021,10284.0
21131,"Leslie, KY",2022,10044.0
21131,"Leslie, KY",2023,9865.0
21131,"Leslie, KY",2024,9729.0
21133,"Letcher, KY",2019,21789.0
21133,"Letcher, KY",2020,21468.0
21133,"Letcher, KY",2021,21229.0
21133,"Letcher, KY",2022,20792.0
21133,"Letcher, KY",2023,20414.0
21133,"Letcher, KY",2024,20139.0
21135,"Lewis, KY",2019,13130.0
21135,"Lewis, KY",2020,13088.0
21135,"Lewis, KY",2021,12982.0
21135,"Lewis, KY",2022,12924.0
21135,"Lewis, KY",2023,12956.0
21135,"Lewis, KY",2024,12875.0
21137,"Lincoln, KY",2019,24328.0
21137,"Lincoln, KY",2020,24248.0
21137,"Lincoln, KY",2021,24232.0
21137,"Lincoln, KY",2022,24392.0
21137,"Lincoln, KY",2023,24738.0
21137,"Lincoln, KY",2024,24910.0
21139,"Livingston, KY",2019,8990.0
21139,"Livingston, KY",2020,8872.0
21139,"Livingston, KY",2021,8981.0
21139,"Livingston, KY",2022,8960.0
21139,"Livingston, KY",2023,8889.0
21139,"Livingston, KY",2024,8815.0
21141,"Logan, KY",2019,27186.0
21141,"Logan, KY",2020,27515.0
21141,"Logan, KY",2021,27807.0
21141,"Logan, KY",2022,27855.0
21141,"Logan, KY",2023,28285.0
21141,"Logan, KY",2024,28467.0
21143,"Lyon, KY",2019,8743.0
21143,"Lyon, KY",2020,8678.0
21143,"Lyon, KY",2021,8434.0
21143,"Lyon, KY",2022,9119.0
21143,"Lyon, KY",2023,9190.0
21143,"Lyon, KY",2024,9078.0
21145,"McCracken, KY",2019,67677.0
21145,"McCracken, KY",2020,67926.0
21145,"McCracken, KY",2021,67554.0
21145,"McCracken, KY",2022,67333.0
21145,"McCracken, KY",2023,67456.0
21145,"McCracken, KY",2024,67550.0
21147,"McCreary, KY",2019,17041.0
21147,"McCreary, KY",2020,16852.0
21147,"McCreary, KY",2021,16800.0
21147,"McCreary, KY",2022,16788.0
21147,"McCreary, KY",2023,17069.0
21147,"McCreary, KY",2024,16824.0
21149,"McLean, KY",2019,9208.0
21149,"McLean, KY",2020,9133.0
21149,"McLean, KY",2021,9121.0
21149,"McLean, KY",2022,9112.0
21149,"McLean, KY",2023,9076.0
21149,"McLean, KY",2024,9126.0
21151,"Madison, KY",2019,91902.0
21151,"Madison, KY",2020,92990.0
21151,"Madison, KY",2021,93453.0
21151,"Madison, KY",2022,95219.0
21151,"Madison, KY",2023,97599.0
21151,"Madison, KY",2024,99582.0
21153,"Magoffin, KY",2019,11794.0
21153,"Magoffin, KY",2020,11605.0
21153,"Magoffin, KY",2021,11490.0
21153,"Magoffin, KY",2022,11325.0
21153,"Magoffin, KY",2023,11202.0
21153,"Magoffin, KY",2024,11118.0
21155,"Marion, KY",2019,19511.0
21155,"Marion, KY",2020,19594.0
21155,"Marion, KY",2021,19728.0
21155,"Marion, KY",2022,19731.0
21155,"Marion, KY",2023,19840.0
21155,"Marion, KY",2024,19851.0
21157,"Marshall, KY",2019,31592.0
21157,"Marshall, KY",2020,31688.0
21157,"Marshall, KY",2021,31810.0
21157,"Marshall, KY",2022,31766.0
21157,"Marshall, KY",2023,31717.0
21157,"Marshall, KY",2024,31734.0
21159,"Martin, KY",2019,11449.0
21159,"Martin, KY",2020,11250.0
21159,"Martin, KY",2021,11165.0
21159,"Martin, KY",2022,11095.0
21159,"Martin, KY",2023,10927.0
21159,"Martin, KY",2024,10696.0
21161,"Mason, KY",2019,17137.0
21161,"Mason, KY",2020,17137.0
21161,"Mason, KY",2021,16952.0
21161,"Mason, KY",2022,16880.0
21161,"Mason, KY",2023,16857.0
21161,"Mason, KY",2024,16956.0
21163,"Meade, KY",2019,29905.0
21163,"Meade, KY",2020,30028.0
21163,"Meade, KY",2021,30125.0
21163,"Meade, KY",2022,30028.0
21163,"Meade, KY",2023,30166.0
21163,"Meade, KY",2024,30442.0
21165,"Menifee, KY",2019,6125.0
21165,"Menifee, KY",2020,6142.0
21165,"Menifee, KY",2021,6175.0
21165,"Menifee, KY",2022,6215.0
21165,"Menifee, KY",2023,6279.0
21165,"Menifee, KY",2024,6341.0
21167,"Mercer, KY",2019,22626.0
21167,"Mercer, KY",2020,22652.0
21167,"Mercer, KY",2021,22859.0
21167,"Mercer, KY",2022,22927.0
21167,"Mercer, KY",2023,23189.0
21167,"Mercer, KY",2024,23515.0
21169,"Metcalfe, KY",2019,10303.0
21169,"Metcalfe, KY",2020,10285.0
21169,"Metcalfe, KY",2021,10387.0
21169,"Metcalfe, KY",2022,10401.0
21169,"Metcalfe, KY",2023,10495.0
21169,"Metcalfe, KY",2024,10558.0
21171,"Monroe, KY",2019,11359.0
21171,"Monroe, KY",2020,11320.0
21171,"Monroe, KY",2021,11263.0
21171,"Monroe, KY",2022,11328.0
21171,"Monroe, KY",2023,11271.0
21171,"Monroe, KY",2024,11163.0
21173,"Montgomery, KY",2019,28150.0
21173,"Montgomery, KY",2020,28105.0
21173,"Montgomery, KY",2021,28218.0
21173,"Montgomery, KY",2022,28348.0
21173,"Montgomery, KY",2023,28531.0
21173,"Montgomery, KY",2024,28771.0
21175,"Morgan, KY",2019,13797.0
21175,"Morgan, KY",2020,13732.0
21175,"Morgan, KY",2021,13691.0
21175,"Morgan, KY",2022,14156.0
21175,"Morgan, KY",2023,14385.0
21175,"Morgan, KY",2024,14300.0
21177,"Muhlenberg, KY",2019,31066.0
21177,"Muhlenberg, KY",2020,30897.0
21177,"Muhlenberg, KY",2021,30334.0
21177,"Muhlenberg, KY",2022,30684.0
21177,"Muhlenberg, KY",2023,30527.0
21177,"Muhlenberg, KY",2024,30512.0
21179,"Nelson, KY",2019,46532.0
21179,"Nelson, KY",2020,46779.0
21179,"Nelson, KY",2021,47135.0
21179,"Nelson, KY",2022,47429.0
21179,"Nelson, KY",2023,47981.0
21179,"Nelson, KY",2024,48706.0
21181,"Nicholas, KY",2019,7529.0
21181,"Nicholas, KY",2020,7540.0
21181,"Nicholas, KY",2021,7733.0
21181,"Nicholas, KY",2022,7776.0
21181,"Nicholas, KY",2023,7674.0
21181,"Nicholas, KY",2024,7816.0
21183,"Ohio, KY",2019,23891.0
21183,"Ohio, KY",2020,23744.0
21183,"Ohio, KY",2021,23729.0
21183,"Ohio, KY",2022,23549.0
21183,"Ohio, KY",2023,23719.0
21183,"Ohio, KY",2024,23933.0
21185,"Oldham, KY",2019,67413.0
21185,"Oldham, KY",2020,67696.0
21185,"Oldham, KY",2021,68251.0
21185,"Oldham, KY",2022,69506.0
21185,"Oldham, KY",2023,70308.0
21185,"Oldham, KY",2024,70525.0
21187,"Owen, KY",2019,11159.0
21187,"Owen, KY",2020,11302.0
21187,"Owen, KY",2021,11301.0
21187,"Owen, KY",2022,11292.0
21187,"Owen, KY",2023,11309.0
21187,"Owen, KY",2024,11435.0
21189,"Owsley, KY",2019,4142.0
21189,"Owsley, KY",2020,4032.0
21189,"Owsley, KY",2021,3971.0
21189,"Owsley, KY",2022,3941.0
21189,"Owsley, KY",2023,3984.0
21189,"Owsley, KY",2024,3928.0
21191,"Pendleton, KY",2019,14634.0
21191,"Pendleton, KY",2020,14647.0
21191,"Pendleton, KY",2021,14632.0
21191,"Pendleton, KY",2022,14688.0
21191,"Pendleton, KY",2023,14804.0
21191,"Pendleton, KY",2024,14844.0
21193,"Perry, KY",2019,28517.0
21193,"Perry, KY",2020,28369.0
21193,"Perry, KY",2021,27929.0
21193,"Perry, KY",2022,27378.0
21193,"Perry, KY",2023,27082.0
21193,"Perry, KY",2024,26739.0
21195,"Pike, KY",2019,59215.0
21195,"Pike, KY",2020,58447.0
21195,"Pike, KY",2021,57434.0
21195,"Pike, KY",2022,56328.0
21195,"Pike, KY",2023,55998.0
21195,"Pike, KY",2024,55430.0
21197,"Powell, KY",2019,13138.0
21197,"Powell, KY",2020,13099.0
21197,"Powell, KY",2021,13095.0
21197,"Powell, KY",2022,13067.0
21197,"Powell, KY",2023,13003.0
21197,"Powell, KY",2024,12928.0
21199,"Pulaski, KY",2019,64850.0
21199,"Pulaski, KY",2020,65112.0
21199,"Pulaski, KY",2021,65538.0
21199,"Pulaski, KY",2022,65776.0
21199,"Pulaski, KY",2023,66219.0
21199,"Pulaski, KY",2024,66842.0
21201,"Robertson, KY",2019,2194.0
21201,"Robertson, KY",2020,2184.0
21201,"Robertson, KY",2021,2259.0
21201,"Robertson, KY",2022,2254.0
21201,"Robertson, KY",2023,2334.0
21201,"Robertson, KY",2024,2382.0
21203,"Rockcastle, KY",2019,16086.0
21203,"Rockcastle, KY",2020,16063.0
21203,"Rockcastle, KY",2021,16141.0
21203,"Rockcastle, KY",2022,16213.0
21203,"Rockcastle, KY",2023,16171.0
21203,"Rockcastle, KY",2024,16226.0
21205,"Rowan, KY",2019,24534.0
21205,"Rowan, KY",2020,24721.0
21205,"Rowan, KY",2021,24565.0
21205,"Rowan, KY",2022,24428.0
21205,"Rowan, KY",2023,24503.0
21205,"Rowan, KY",2024,24675.0
21207,"Russell, KY",2019,17970.0
21207,"Russell, KY",2020,17997.0
21207,"Russell, KY",2021,18166.0
21207,"Russell, KY",2022,18177.0
21207,"Russell, KY",2023,18308.0
21207,"Russell, KY",2024,18458.0
21209,"Scott, KY",2019,56191.0
21209,"Scott, KY",2020,57535.0
21209,"Scott, KY",2021,58431.0
21209,"Scott, KY",2022,59413.0
21209,"Scott, KY",2023,60600.0
21209,"Scott, KY",2024,61700.0
21211,"Shelby, KY",2019,47736.0
21211,"Shelby, KY",2020,48255.0
21211,"Shelby, KY",2021,48600.0
21211,"Shelby, KY",2022,48884.0
21211,"Shelby, KY",2023,49617.0
21211,"Shelby, KY",2024,50124.0
21213,"Simpson, KY",2019,19445.0
21213,"Simpson, KY",2020,19629.0
21213,"Simpson, KY",2021,19734.0
21213,"Simpson, KY",2022,19926.0
21213,"Simpson, KY",2023,20223.0
21213,"Simpson, KY",2024,20350.0
21215,"Spencer, KY",2019,19296.0
21215,"Spencer, KY",2020,19503.0
21215,"Spencer, KY",2021,19879.0
21215,"Spencer, KY",2022,20204.0
21215,"Spencer, KY",2023,20557.0
21215,"Spencer, KY",2024,20823.0
21217,"Taylor, KY",2019,26041.0
21217,"Taylor, KY",2020,25994.0
21217,"Taylor, KY",2021,26179.0
21217,"Taylor, KY",2022,26421.0
21217,"Taylor, KY",2023,26582.0
21217,"Taylor, KY",2024,26809.0
21219,"Todd, KY",2019,12157.0
21219,"Todd, KY",2020,12283.0
21219,"Todd, KY",2021,12296.0
21219,"Todd, KY",2022,12431.0
21219,"Todd, KY",2023,12576.0
21219,"Todd, KY",2024,12757.0
21221,"Trigg, KY",2019,14037.0
21221,"Trigg, KY",2020,14081.0
21221,"Trigg, KY",2021,14225.0
21221,"Trigg, KY",2022,14338.0
21221,"Trigg, KY",2023,14370.0
21221,"Trigg, KY",2024,14559.0
21223,"Trimble, KY",2019,8524.0
21223,"Trimble, KY",2020,8463.0
21223,"Trimble, KY",2021,8553.0
21223,"Trimble, KY",2022,8525.0
21223,"Trimble, KY",2023,8616.0
21223,"Trimble, KY",2024,8591.0
21225,"Union, KY",2019,13789.0
21225,"Union, KY",2020,13650.0
21225,"Union, KY",2021,13251.0
21225,"Union, KY",2022,13107.0
21225,"Union, KY",2023,13116.0
21225,"Union, KY",2024,13178.0
21227,"Warren, KY",2019,133163.0
21227,"Warren, KY",2020,135033.0
21227,"Warren, KY",2021,137191.0
21227,"Warren, KY",2022,140503.0
21227,"Warren, KY",2023,143929.0
21227,"Warren, KY",2024,147936.0
21229,"Washington, KY",2019,12007.0
21229,"Washington, KY",2020,12038.0
21229,"Washington, KY",2021,12076.0
21229,"Washington, KY",2022,12062.0
21229,"Washington, KY",2023,12257.0
21229,"Washington, KY",2024,12269.0
21231,"Wayne, KY",2019,19684.0
21231,"Wayne, KY",2020,19543.0
21231,"Wayne, KY",2021,19543.0
21231,"Wayne, KY",2022,19663.0
21231,"Wayne, KY",2023,19630.0
21231,"Wayne, KY",2024,19629.0
21233,"Webster, KY",2019,13042.0
21233,"Webster, KY",2020,13022.0
21233,"Webster, KY",2021,12858.0
21233,"Webster, KY",2022,12724.0
21233,"Webster, KY",2023,12753.0
21233,"Webster, KY",2024,12854.0
21235,"Whitley, KY",2019,36647.0
21235,"Whitley, KY",2020,36694.0
21235,"Whitley, KY",2021,36805.0
21235,"Whitley, KY",2022,36950.0
21235,"Whitley, KY",2023,36917.0
21235,"Whitley, KY",2024,37233.0
21237,"Wolfe, KY",2019,6643.0
21237,"Wolfe, KY",2020,6557.0
21237,"Wolfe, KY",2021,6507.0
21237,"Wolfe, KY",2022,6415.0
21237,"Wolfe, KY",2023,6370.0
21237,"Wolfe, KY",2024,6364.0
21239,"Woodford, KY",2019,26792.0
21239,"Woodford, KY",2020,26907.0
21239,"Woodford, KY",2021,27089.0
21239,"Woodford, KY",2022,27150.0
21239,"Woodford, KY",2023,27522.0
21239,"Woodford, KY",2024,27728.0
22001,"Acadia, LA",2019,58081.0
22001,"Acadia, LA",2020,57481.0
22001,"Acadia, LA",2021,57228.0
22001,"Acadia, LA",2022,56812.0
22001,"Acadia, LA",2023,56649.0
22001,"Acadia, LA",2024,56604.0
22003,"Allen, LA",2019,23039.0
22003,"Allen, LA",2020,22688.0
22003,"Allen, LA",2021,22594.0
22003,"Allen, LA",2022,22297.0
22003,"Allen, LA",2023,22304.0
22003,"Allen, LA",2024,22501.0
22005,"Ascension, LA",2019,125141.0
22005,"Ascension, LA",2020,126983.0
22005,"Ascension, LA",2021,128592.0
22005,"Ascension, LA",2022,130505.0
22005,"Ascension, LA",2023,131954.0
22005,"Ascension, LA",2024,133534.0
22007,"Assumption, LA",2019,21280.0
22007,"Assumption, LA",2020,20963.0
22007,"Assumption, LA",2021,20701.0
22007,"Assumption, LA",2022,20482.0
22007,"Assumption, LA",2023,20223.0
22007,"Assumption, LA",2024,20050.0
22009,"Avoyelles, LA",2019,39801.0
22009,"Avoyelles, LA",2020,39640.0
22009,"Avoyelles, LA",2021,39261.0
22009,"Avoyelles, LA",2022,38733.0
22009,"Avoyelles, LA",2023,38520.0
22009,"Avoyelles, LA",2024,38373.0
22011,"Beauregard, LA",2019,36433.0
22011,"Beauregard, LA",2020,36608.0
22011,"Beauregard, LA",2021,36678.0
22011,"Beauregard, LA",2022,36587.0
22011,"Beauregard, LA",2023,36812.0
22011,"Beauregard, LA",2024,36695.0
22013,"Bienville, LA",2019,13177.0
22013,"Bienville, LA",2020,12918.0
22013,"Bienville, LA",2021,12787.0
22013,"Bienville, LA",2022,12627.0
22013,"Bienville, LA",2023,12440.0
22013,"Bienville, LA",2024,12412.0
22015,"Bossier, LA",2019,128618.0
22015,"Bossier, LA",2020,128759.0
22015,"Bossier, LA",2021,129381.0
22015,"Bossier, LA",2022,129324.0
22015,"Bossier, LA",2023,130380.0
22015,"Bossier, LA",2024,131102.0
22017,"Caddo, LA",2019,239920.0
22017,"Caddo, LA",2020,236912.0
22017,"Caddo, LA",2021,232645.0
22017,"Caddo, LA",2022,229109.0
22017,"Caddo, LA",2023,226460.0
22017,"Caddo, LA",2024,224893.0
22019,"Calcasieu, LA",2019,216213.0
22019,"Calcasieu, LA",2020,216493.0
22019,"Calcasieu, LA",2021,204947.0
22019,"Calcasieu, LA",2022,202664.0
22019,"Calcasieu, LA",2023,204474.0
22019,"Calcasieu, LA",2024,206861.0
22021,"Caldwell, LA",2019,9726.0
22021,"Caldwell, LA",2020,9616.0
22021,"Caldwell, LA",2021,9580.0
22021,"Caldwell, LA",2022,9508.0
22021,"Caldwell, LA",2023,9402.0
22021,"Caldwell, LA",2024,9393.0
22023,"Cameron, LA",2019,5696.0
22023,"Cameron, LA",2020,5624.0
22023,"Cameron, LA",2021,5095.0
22023,"Cameron, LA",2022,4907.0
22023,"Cameron, LA",2023,4773.0
22023,"Cameron, LA",2024,4678.0
22025,"Catahoula, LA",2019,9102.0
22025,"Catahoula, LA",2020,8847.0
22025,"Catahoula, LA",2021,8725.0
22025,"Catahoula, LA",2022,8625.0
22025,"Catahoula, LA",2023,8438.0
22025,"Catahoula, LA",2024,8280.0
22027,"Claiborne, LA",2019,14416.0
22027,"Claiborne, LA",2020,14108.0
22027,"Claiborne, LA",2021,14051.0
22027,"Claiborne, LA",2022,13825.0
22027,"Claiborne, LA",2023,13643.0
22027,"Claiborne, LA",2024,13537.0
22029,"Concordia, LA",2019,18991.0
22029,"Concordia, LA",2020,18570.0
22029,"Concordia, LA",2021,18354.0
22029,"Concordia, LA",2022,18138.0
22029,"Concordia, LA",2023,18009.0
22029,"Concordia, LA",2024,17797.0
22031,"De Soto, LA",2019,26670.0
22031,"De Soto, LA",2020,26851.0
22031,"De Soto, LA",2021,26960.0
22031,"De Soto, LA",2022,26883.0
22031,"De Soto, LA",2023,27161.0
22031,"De Soto, LA",2024,27274.0
22033,"East Baton Rouge, LA",2019,456581.0
22033,"East Baton Rouge, LA",2020,455916.0
22033,"East Baton Rouge, LA",2021,453685.0
22033,"East Baton Rouge, LA",2022,451122.0
22033,"East Baton Rouge, LA",2023,450943.0
22033,"East Baton Rouge, LA",2024,453022.0
22035,"East Carroll, LA",2019,7583.0
22035,"East Carroll, LA",2020,7394.0
22035,"East Carroll, LA",2021,7227.0
22035,"East Carroll, LA",2022,6966.0
22035,"East Carroll, LA",2023,6879.0
22035,"East Carroll, LA",2024,6892.0
22037,"East Feliciana, LA",2019,19634.0
22037,"East Feliciana, LA",2020,19442.0
22037,"East Feliciana, LA",2021,19361.0
22037,"East Feliciana, LA",2022,19180.0
22037,"East Feliciana, LA",2023,19258.0
22037,"East Feliciana, LA",2024,19112.0
22039,"Evangeline, LA",2019,32496.0
22039,"Evangeline, LA",2020,32301.0
22039,"Evangeline, LA",2021,32223.0
22039,"Evangeline, LA",2022,32084.0
22039,"Evangeline, LA",2023,31945.0
22039,"Evangeline, LA",2024,31745.0
22041,"Franklin, LA",2019,19956.0
22041,"Franklin, LA",2020,19714.0
22041,"Franklin, LA",2021,19613.0
22041,"Franklin, LA",2022,19341.0
22041,"Franklin, LA",2023,19265.0
22041,"Franklin, LA",2024,19107.0
22043,"Grant, LA",2019,22244.0
22043,"Grant, LA",2020,22153.0
22043,"Grant, LA",2021,22264.0
22043,"Grant, LA",2022,22022.0
22043,"Grant, LA",2023,21929.0
22043,"Grant, LA",2024,22109.0
22045,"Iberia, LA",2019,70305.0
22045,"Iberia, LA",2020,70064.0
22045,"Iberia, LA",2021,69342.0
22045,"Iberia, LA",2022,68344.0
22045,"Iberia, LA",2023,67702.0
22045,"Iberia, LA",2024,67540.0
22047,"Iberville, LA",2019,30731.0
22047,"Iberville, LA",2020,30071.0
22047,"Iberville, LA",2021,29749.0
22047,"Iberville, LA",2022,29696.0
22047,"Iberville, LA",2023,29794.0
22047,"Iberville, LA",2024,29766.0
22049,"Jackson, LA",2019,15206.0
22049,"Jackson, LA",2020,14996.0
22049,"Jackson, LA",2021,14901.0
22049,"Jackson, LA",2022,14859.0
22049,"Jackson, LA",2023,14867.0
22049,"Jackson, LA",2024,14797.0
22051,"Jefferson, LA",2019,441216.0
22051,"Jefferson, LA",2020,439747.0
22051,"Jefferson, LA",2021,434206.0
22051,"Jefferson, LA",2022,427739.0
22051,"Jefferson, LA",2023,425657.0
22051,"Jefferson, LA",2024,427253.0
22053,"Jefferson Davis, LA",2019,32324.0
22053,"Jefferson Davis, LA",2020,32212.0
22053,"Jefferson Davis, LA",2021,32381.0
22053,"Jefferson Davis, LA",2022,31971.0
22053,"Jefferson Davis, LA",2023,31620.0
22053,"Jefferson Davis, LA",2024,31436.0
22055,"Lafayette, LA",2019,240675.0
22055,"Lafayette, LA",2020,242178.0
22055,"Lafayette, LA",2021,244933.0
22055,"Lafayette, LA",2022,248145.0
22055,"Lafayette, LA",2023,250486.0
22055,"Lafayette, LA",2024,254241.0
22057,"Lafourche, LA",2019,97528.0
22057,"Lafourche, LA",2020,97446.0
22057,"Lafourche, LA",2021,97607.0
22057,"Lafourche, LA",2022,95717.0
22057,"Lafourche, LA",2023,95146.0
22057,"Lafourche, LA",2024,95342.0
22059,"LaSalle, LA",2019,14725.0
22059,"LaSalle, LA",2020,14829.0
22059,"LaSalle, LA",2021,14850.0
22059,"LaSalle, LA",2022,14799.0
22059,"LaSalle, LA",2023,14764.0
22059,"LaSalle, LA",2024,14702.0
22061,"Lincoln, LA",2019,48479.0
22061,"Lincoln, LA",2020,48306.0
22061,"Lincoln, LA",2021,48132.0
22061,"Lincoln, LA",2022,48056.0
22061,"Lincoln, LA",2023,48133.0
22061,"Lincoln, LA",2024,48243.0
22063,"Livingston, LA",2019,140674.0
22063,"Livingston, LA",2020,142846.0
22063,"Livingston, LA",2021,146143.0
22063,"Livingston, LA",2022,148131.0
22063,"Livingston, LA",2023,150570.0
22063,"Livingston, LA",2024,152886.0
22065,"Madison, LA",2019,10326.0
22065,"Madison, LA",2020,9918.0
22065,"Madison, LA",2021,9794.0
22065,"Madison, LA",2022,9492.0
22065,"Madison, LA",2023,9268.0
22065,"Madison, LA",2024,9093.0
22067,"Morehouse, LA",2019,25995.0
22067,"Morehouse, LA",2020,25460.0
22067,"Morehouse, LA",2021,25018.0
22067,"Morehouse, LA",2022,24435.0
22067,"Morehouse, LA",2023,24055.0
22067,"Morehouse, LA",2024,23787.0
22069,"Natchitoches, LA",2019,37918.0
22069,"Natchitoches, LA",2020,37391.0
22069,"Natchitoches, LA",2021,36989.0
22069,"Natchitoches, LA",2022,36711.0
22069,"Natchitoches, LA",2023,36391.0
22069,"Natchitoches, LA",2024,35982.0
22071,"Orleans, LA",2019,385478.0
22071,"Orleans, LA",2020,383374.0
22071,"Orleans, LA",2021,377547.0
22071,"Orleans, LA",2022,370473.0
22071,"Orleans, LA",2023,365167.0
22071,"Orleans, LA",2024,362701.0
22073,"Ouachita, LA",2019,160439.0
22073,"Ouachita, LA",2020,160114.0
22073,"Ouachita, LA",2021,158889.0
22073,"Ouachita, LA",2022,157812.0
22073,"Ouachita, LA",2023,157712.0
22073,"Ouachita, LA",2024,157874.0
22075,"Plaquemines, LA",2019,23598.0
22075,"Plaquemines, LA",2020,23457.0
22075,"Plaquemines, LA",2021,23312.0
22075,"Plaquemines, LA",2022,22603.0
22075,"Plaquemines, LA",2023,22356.0
22075,"Plaquemines, LA",2024,22289.0
22077,"Pointe Coupee, LA",2019,20963.0
22077,"Pointe Coupee, LA",2020,20674.0
22077,"Pointe Coupee, LA",2021,20352.0
22077,"Pointe Coupee, LA",2022,20221.0
22077,"Pointe Coupee, LA",2023,19995.0
22077,"Pointe Coupee, LA",2024,19845.0
22079,"Rapides, LA",2019,130795.0
22079,"Rapides, LA",2020,129658.0
22079,"Rapides, LA",2021,128646.0
22079,"Rapides, LA",2022,126977.0
22079,"Rapides, LA",2023,126453.0
22079,"Rapides, LA",2024,125899.0
22081,"Red River, LA",2019,7738.0
22081,"Red River, LA",2020,7585.0
22081,"Red River, LA",2021,7510.0
22081,"Red River, LA",2022,7487.0
22081,"Red River, LA",2023,7395.0
22081,"Red River, LA",2024,7238.0
22083,"Richland, LA",2019,20136.0
22083,"Richland, LA",2020,20030.0
22083,"Richland, LA",2021,19863.0
22083,"Richland, LA",2022,19828.0
22083,"Richland, LA",2023,19744.0
22083,"Richland, LA",2024,19643.0
22085,"Sabine, LA",2019,22347.0
22085,"Sabine, LA",2020,22108.0
22085,"Sabine, LA",2021,22109.0
22085,"Sabine, LA",2022,21984.0
22085,"Sabine, LA",2023,21936.0
22085,"Sabine, LA",2024,21746.0
22087,"St. Bernard, LA",2019,43690.0
22087,"St. Bernard, LA",2020,43859.0
22087,"St. Bernard, LA",2021,44333.0
22087,"St. Bernard, LA",2022,44474.0
22087,"St. Bernard, LA",2023,44645.0
22087,"St. Bernard, LA",2024,44783.0
22089,"St. Charles, LA",2019,52652.0
22089,"St. Charles, LA",2020,52516.0
22089,"St. Charles, LA",2021,52480.0
22089,"St. Charles, LA",2022,51038.0
22089,"St. Charles, LA",2023,50547.0
22089,"St. Charles, LA",2024,50400.0
22091,"St. Helena, LA",2019,10913.0
22091,"St. Helena, LA",2020,10900.0
22091,"St. Helena, LA",2021,10906.0
22091,"St. Helena, LA",2022,10814.0
22091,"St. Helena, LA",2023,10815.0
22091,"St. Helena, LA",2024,10857.0
22093,"St. James, LA",2019,20480.0
22093,"St. James, LA",2020,20119.0
22093,"St. James, LA",2021,19796.0
22093,"St. James, LA",2022,19397.0
22093,"St. James, LA",2023,19218.0
22093,"St. James, LA",2024,19110.0
22095,"St. John the Baptist, LA",2019,42718.0
22095,"St. John the Baptist, LA",2020,42359.0
22095,"St. John the Baptist, LA",2021,42107.0
22095,"St. John the Baptist, LA",2022,39938.0
22095,"St. John the Baptist, LA",2023,39615.0
22095,"St. John the Baptist, LA",2024,39694.0
22097,"St. Landry, LA",2019,83018.0
22097,"St. Landry, LA",2020,82310.0
22097,"St. Landry, LA",2021,82199.0
22097,"St. Landry, LA",2022,81642.0
22097,"St. Landry, LA",2023,81329.0
22097,"St. Landry, LA",2024,80869.0
22099,"St. Martin, LA",2019,52268.0
22099,"St. Martin, LA",2020,51614.0
22099,"St. Martin, LA",2021,51550.0
22099,"St. Martin, LA",2022,51260.0
22099,"St. Martin, LA",2023,51122.0
22099,"St. Martin, LA",2024,51218.0
22101,"St. Mary, LA",2019,50051.0
22101,"St. Mary, LA",2020,49155.0
22101,"St. Mary, LA",2021,48240.0
22101,"St. Mary, LA",2022,47816.0
22101,"St. Mary, LA",2023,47131.0
22101,"St. Mary, LA",2024,46799.0
22103,"St. Tammany, LA",2019,262757.0
22103,"St. Tammany, LA",2020,265007.0
22103,"St. Tammany, LA",2021,270188.0
22103,"St. Tammany, LA",2022,273494.0
22103,"St. Tammany, LA",2023,275801.0
22103,"St. Tammany, LA",2024,277615.0
22105,"Tangipahoa, LA",2019,131929.0
22105,"Tangipahoa, LA",2020,133642.0
22105,"Tangipahoa, LA",2021,135487.0
22105,"Tangipahoa, LA",2022,136734.0
22105,"Tangipahoa, LA",2023,137999.0
22105,"Tangipahoa, LA",2024,139823.0
22107,"Tensas, LA",2019,4269.0
22107,"Tensas, LA",2020,4108.0
22107,"Tensas, LA",2021,4026.0
22107,"Tensas, LA",2022,3848.0
22107,"Tensas, LA",2023,3848.0
22107,"Tensas, LA",2024,3844.0
22109,"Terrebonne, LA",2019,110152.0
22109,"Terrebonne, LA",2020,109413.0
22109,"Terrebonne, LA",2021,108973.0
22109,"Terrebonne, LA",2022,104642.0
22109,"Terrebonne, LA",2023,104036.0
22109,"Terrebonne, LA",2024,103864.0
22111,"Union, LA",2019,21104.0
22111,"Union, LA",2020,21100.0
22111,"Union, LA",2021,21013.0
22111,"Union, LA",2022,20691.0
22111,"Union, LA",2023,20686.0
22111,"Union, LA",2024,20617.0
22113,"Vermilion, LA",2019,57648.0
22113,"Vermilion, LA",2020,56954.0
22113,"Vermilion, LA",2021,56882.0
22113,"Vermilion, LA",2022,56958.0
22113,"Vermilion, LA",2023,57181.0
22113,"Vermilion, LA",2024,57641.0
22115,"Vernon, LA",2019,49092.0
22115,"Vernon, LA",2020,48624.0
22115,"Vernon, LA",2021,48032.0
22115,"Vernon, LA",2022,46861.0
22115,"Vernon, LA",2023,46247.0
22115,"Vernon, LA",2024,45819.0
22117,"Washington, LA",2019,45787.0
22117,"Washington, LA",2020,45354.0
22117,"Washington, LA",2021,45202.0
22117,"Washington, LA",2022,45002.0
22117,"Washington, LA",2023,44951.0
22117,"Washington, LA",2024,45090.0
22119,"Webster, LA",2019,37351.0
22119,"Webster, LA",2020,36887.0
22119,"Webster, LA",2021,35949.0
22119,"Webster, LA",2022,35635.0
22119,"Webster, LA",2023,35444.0
22119,"Webster, LA",2024,35184.0
22121,"West Baton Rouge, LA",2019,26979.0
22121,"West Baton Rouge, LA",2020,27262.0
22121,"West Baton Rouge, LA",2021,27802.0
22121,"West Baton Rouge, LA",2022,28045.0
22121,"West Baton Rouge, LA",2023,28338.0
22121,"West Baton Rouge, LA",2024,28425.0
22123,"West Carroll, LA",2019,10032.0
22123,"West Carroll, LA",2020,9693.0
22123,"West Carroll, LA",2021,9582.0
22123,"West Carroll, LA",2022,9482.0
22123,"West Carroll, LA",2023,9307.0
22123,"West Carroll, LA",2024,9254.0
22125,"West Feliciana, LA",2019,15399.0
22125,"West Feliciana, LA",2020,15262.0
22125,"West Feliciana, LA",2021,15503.0
22125,"West Feliciana, LA",2022,15390.0
22125,"West Feliciana, LA",2023,15327.0
22125,"West Feliciana, LA",2024,15155.0
22127,"Winn, LA",2019,13861.0
22127,"Winn, LA",2020,13718.0
22127,"Winn, LA",2021,13496.0
22127,"Winn, LA",2022,13305.0
22127,"Winn, LA",2023,13412.0
22127,"Winn, LA",2024,13405.0
23001,"Androscoggin, ME",2019,110702.0
23001,"Androscoggin, ME",2020,111178.0
23001,"Androscoggin, ME",2021,112733.0
23001,"Androscoggin, ME",2022,113454.0
23001,"Androscoggin, ME",2023,114477.0
23001,"Androscoggin, ME",2024,115272.0
23003,"Aroostook, ME",2019,67232.0
23003,"Aroostook, ME",2020,67053.0
23003,"Aroostook, ME",2021,67062.0
23003,"Aroostook, ME",2022,67250.0
23003,"Aroostook, ME",2023,67149.0
23003,"Aroostook, ME",2024,66776.0
23005,"Cumberland, ME",2019,300968.0
23005,"Cumberland, ME",2020,303606.0
23005,"Cumberland, ME",2021,306152.0
23005,"Cumberland, ME",2022,309309.0
23005,"Cumberland, ME",2023,311258.0
23005,"Cumberland, ME",2024,313809.0
23007,"Franklin, ME",2019,29522.0
23007,"Franklin, ME",2020,29468.0
23007,"Franklin, ME",2021,30265.0
23007,"Franklin, ME",2022,30604.0
23007,"Franklin, ME",2023,30826.0
23007,"Franklin, ME",2024,30902.0
23009,"Hancock, ME",2019,55404.0
23009,"Hancock, ME",2020,55512.0
23009,"Hancock, ME",2021,56362.0
23009,"Hancock, ME",2022,56677.0
23009,"Hancock, ME",2023,56801.0
23009,"Hancock, ME",2024,56946.0
23011,"Kennebec, ME",2019,122979.0
23011,"Kennebec, ME",2020,124723.0
23011,"Kennebec, ME",2021,125775.0
23011,"Kennebec, ME",2022,127143.0
23011,"Kennebec, ME",2023,127936.0
23011,"Kennebec, ME",2024,128461.0
23013,"Knox, ME",2019,40401.0
23013,"Knox, ME",2020,40663.0
23013,"Knox, ME",2021,41078.0
23013,"Knox, ME",2022,41251.0
23013,"Knox, ME",2023,41044.0
23013,"Knox, ME",2024,40981.0
23015,"Lincoln, ME",2019,35094.0
23015,"Lincoln, ME",2020,35256.0
23015,"Lincoln, ME",2021,36024.0
23015,"Lincoln, ME",2022,36263.0
23015,"Lincoln, ME",2023,36460.0
23015,"Lincoln, ME",2024,36491.0
23017,"Oxford, ME",2019,57613.0
23017,"Oxford, ME",2020,57892.0
23017,"Oxford, ME",2021,58690.0
23017,"Oxford, ME",2022,59539.0
23017,"Oxford, ME",2023,60115.0
23017,"Oxford, ME",2024,60039.0
23019,"Penobscot, ME",2019,152259.0
23019,"Penobscot, ME",2020,152179.0
23019,"Penobscot, ME",2021,153383.0
23019,"Penobscot, ME",2022,154817.0
23019,"Penobscot, ME",2023,156329.0
23019,"Penobscot, ME",2024,156840.0
23021,"Piscataquis, ME",2019,16720.0
23021,"Piscataquis, ME",2020,16801.0
23021,"Piscataquis, ME",2021,17211.0
23021,"Piscataquis, ME",2022,17383.0
23021,"Piscataquis, ME",2023,17486.0
23021,"Piscataquis, ME",2024,17432.0
23023,"Sagadahoc, ME",2019,36659.0
23023,"Sagadahoc, ME",2020,36730.0
23023,"Sagadahoc, ME",2021,37171.0
23023,"Sagadahoc, ME",2022,37402.0
23023,"Sagadahoc, ME",2023,37541.0
23023,"Sagadahoc, ME",2024,37582.0
23025,"Somerset, ME",2019,50569.0
23025,"Somerset, ME",2020,50473.0
23025,"Somerset, ME",2021,50788.0
23025,"Somerset, ME",2022,51027.0
23025,"Somerset, ME",2023,51171.0
23025,"Somerset, ME",2024,51338.0
23027,"Waldo, ME",2019,39506.0
23027,"Waldo, ME",2020,39666.0
23027,"Waldo, ME",2021,39974.0
23027,"Waldo, ME",2022,40212.0
23027,"Waldo, ME",2023,40490.0
23027,"Waldo, ME",2024,40617.0
23029,"Washington, ME",2019,30995.0
23029,"Washington, ME",2020,31108.0
23029,"Washington, ME",2021,31213.0
23029,"Washington, ME",2022,31507.0
23029,"Washington, ME",2023,31446.0
23029,"Washington, ME",2024,31383.0
23031,"York, ME",2019,210900.0
23031,"York, ME",2020,212263.0
23031,"York, ME",2021,215050.0
23031,"York, ME",2022,217084.0
23031,"York, ME",2023,219117.0
23031,"York, ME",2024,220143.0
24001,"Allegany, MD",2019,68575.0
24001,"Allegany, MD",2020,67950.0
24001,"Allegany, MD",2021,67671.0
24001,"Allegany, MD",2022,67241.0
24001,"Allegany, MD",2023,67296.0
24001,"Allegany, MD",2024,67097.0
24003,"Anne Arundel, MD",2019,585330.0
24003,"Anne Arundel, MD",2020,593412.0
24003,"Anne Arundel, MD",2021,596354.0
24003,"Anne Arundel, MD",2022,598751.0
24003,"Anne Arundel, MD",2023,599965.0
24003,"Anne Arundel, MD",2024,602350.0
24005,"Baltimore, MD",2019,853764.0
24005,"Baltimore, MD",2020,853338.0
24005,"Baltimore, MD",2021,850670.0
24005,"Baltimore, MD",2022,848873.0
24005,"Baltimore, MD",2023,848676.0
24005,"Baltimore, MD",2024,852425.0
24009,"Calvert, MD",2019,92431.0
24009,"Calvert, MD",2020,92921.0
24009,"Calvert, MD",2021,94249.0
24009,"Calvert, MD",2022,94652.0
24009,"Calvert, MD",2023,94828.0
24009,"Calvert, MD",2024,94913.0
24011,"Caroline, MD",2019,33306.0
24011,"Caroline, MD",2020,33277.0
24011,"Caroline, MD",2021,33443.0
24011,"Caroline, MD",2022,33539.0
24011,"Caroline, MD",2023,33838.0
24011,"Caroline, MD",2024,34248.0
24013,"Carroll, MD",2019,172278.0
24013,"Carroll, MD",2020,172910.0
24013,"Carroll, MD",2021,174282.0
24013,"Carroll, MD",2022,175569.0
24013,"Carroll, MD",2023,176735.0
24013,"Carroll, MD",2024,177108.0
24015,"Cecil, MD",2019,103381.0
24015,"Cecil, MD",2020,103805.0
24015,"Cecil, MD",2021,104073.0
24015,"Cecil, MD",2022,104939.0
24015,"Cecil, MD",2023,105676.0
24015,"Cecil, MD",2024,106305.0
24017,"Charles, MD",2019,165794.0
24017,"Charles, MD",2020,166692.0
24017,"Charles, MD",2021,168822.0
24017,"Charles, MD",2022,170376.0
24017,"Charles, MD",2023,172268.0
24017,"Charles, MD",2024,174478.0
24019,"Dorchester, MD",2019,32461.0
24019,"Dorchester, MD",2020,32523.0
24019,"Dorchester, MD",2021,32590.0
24019,"Dorchester, MD",2022,32599.0
24019,"Dorchester, MD",2023,32922.0
24019,"Dorchester, MD",2024,33138.0
24021,"Frederick, MD",2019,267598.0
24021,"Frederick, MD",2020,272787.0
24021,"Frederick, MD",2021,280666.0
24021,"Frederick, MD",2022,288316.0
24021,"Frederick, MD",2023,294154.0
24021,"Frederick, MD",2024,299317.0
24023,"Garrett, MD",2019,28947.0
24023,"Garrett, MD",2020,28797.0
24023,"Garrett, MD",2021,28766.0
24023,"Garrett, MD",2022,28619.0
24023,"Garrett, MD",2023,28502.0
24023,"Garrett, MD",2024,28393.0
24025,"Harford, MD",2019,259590.0
24025,"Harford, MD",2020,261245.0
24025,"Harford, MD",2021,263348.0
24025,"Harford, MD",2022,263908.0
24025,"Harford, MD",2023,264771.0
24025,"Harford, MD",2024,265514.0
24027,"Howard, MD",2019,330064.0
24027,"Howard, MD",2020,332821.0
24027,"Howard, MD",2021,335370.0
24027,"Howard, MD",2022,336439.0
24027,"Howard, MD",2023,337341.0
24027,"Howard, MD",2024,339668.0
24029,"Kent, MD",2019,19347.0
24029,"Kent, MD",2020,19124.0
24029,"Kent, MD",2021,19249.0
24029,"Kent, MD",2022,19360.0
24029,"Kent, MD",2023,19441.0
24029,"Kent, MD",2024,19557.0
24031,"Montgomery, MD",2019,1060001.0
24031,"Montgomery, MD",2020,1060856.0
24031,"Montgomery, MD",2021,1056087.0
24031,"Montgomery, MD",2022,1061132.0
24031,"Montgomery, MD",2023,1069397.0
24031,"Montgomery, MD",2024,1082273.0
24033,"Prince George's, MD",2019,963706.0
24033,"Prince George's, MD",2020,965398.0
24033,"Prince George's, MD",2021,956603.0
24033,"Prince George's, MD",2022,953609.0
24033,"Prince George's, MD",2023,956533.0
24033,"Prince George's, MD",2024,966629.0
24035,"Queen Anne's, MD",2019,49504.0
24035,"Queen Anne's, MD",2020,50033.0
24035,"Queen Anne's, MD",2021,50921.0
24035,"Queen Anne's, MD",2022,51803.0
24035,"Queen Anne's, MD",2023,52682.0
24035,"Queen Anne's, MD",2024,53688.0
24037,"St. Mary's, MD",2019,113109.0
24037,"St. Mary's, MD",2020,114006.0
24037,"St. Mary's, MD",2021,114674.0
24037,"St. Mary's, MD",2022,115001.0
24037,"St. Mary's, MD",2023,115479.0
24037,"St. Mary's, MD",2024,116469.0
24039,"Somerset, MD",2019,24811.0
24039,"Somerset, MD",2020,24567.0
24039,"Somerset, MD",2021,24563.0
24039,"Somerset, MD",2022,24696.0
24039,"Somerset, MD",2023,25044.0
24039,"Somerset, MD",2024,25241.0
24041,"Talbot, MD",2019,37610.0
24041,"Talbot, MD",2020,37522.0
24041,"Talbot, MD",2021,37792.0
24041,"Talbot, MD",2022,37959.0
24041,"Talbot, MD",2023,38067.0
24041,"Talbot, MD",2024,38244.0
24043,"Washington, MD",2019,154341.0
24043,"Washington, MD",2020,154677.0
24043,"Washington, MD",2021,155117.0
24043,"Washington, MD",2022,155407.0
24043,"Washington, MD",2023,156116.0
24043,"Washington, MD",2024,157228.0
24045,"Wicomico, MD",2019,103608.0
24045,"Wicomico, MD",2020,103563.0
24045,"Wicomico, MD",2021,104110.0
24045,"Wicomico, MD",2022,104985.0
24045,"Wicomico, MD",2023,105585.0
24045,"Wicomico, MD",2024,106329.0
24047,"Worcester, MD",2019,52337.0
24047,"Worcester, MD",2020,52522.0
24047,"Worcester, MD",2021,53408.0
24047,"Worcester, MD",2022,54004.0
24047,"Worcester, MD",2023,54229.0
24047,"Worcester, MD",2024,54337.0
24510,"Baltimore (Independent City), MD",2019,591876.0
24510,"Baltimore (Independent City), MD",2020,583189.0
24510,"Baltimore (Independent City), MD",2021,576575.0
24510,"Baltimore (Independent City), MD",2022,570663.0
24510,"Baltimore (Independent City), MD",2023,567517.0
24510,"Baltimore (Independent City), MD",2024,568271.0
25001,"Barnstable, MA",2019,227436.0
25001,"Barnstable, MA",2020,228060.0
25001,"Barnstable, MA",2021,232379.0
25001,"Barnstable, MA",2022,232571.0
25001,"Barnstable, MA",2023,232759.0
25001,"Barnstable, MA",2024,232570.0
25003,"Berkshire, MA",2019,129121.0
25003,"Berkshire, MA",2020,129812.0
25003,"Berkshire, MA",2021,130199.0
25003,"Berkshire, MA",2022,129551.0
25003,"Berkshire, MA",2023,128863.0
25003,"Berkshire, MA",2024,128726.0
25005,"Bristol, MA",2019,576722.0
25005,"Bristol, MA",2020,576776.0
25005,"Bristol, MA",2021,579729.0
25005,"Bristol, MA",2022,581201.0
25005,"Bristol, MA",2023,585053.0
25005,"Bristol, MA",2024,588593.0
25007,"Dukes, MA",2019,20347.0
25007,"Dukes, MA",2020,20580.0
25007,"Dukes, MA",2021,21112.0
25007,"Dukes, MA",2022,21033.0
25007,"Dukes, MA",2023,20879.0
25007,"Dukes, MA",2024,21061.0
25009,"Essex, MA",2019,806790.0
25009,"Essex, MA",2020,807781.0
25009,"Essex, MA",2021,807315.0
25009,"Essex, MA",2022,810039.0
25009,"Essex, MA",2023,816197.0
25009,"Essex, MA",2024,823938.0
25011,"Franklin, MA",2019,70941.0
25011,"Franklin, MA",2020,70934.0
25011,"Franklin, MA",2021,71007.0
25011,"Franklin, MA",2022,71050.0
25011,"Franklin, MA",2023,70860.0
25011,"Franklin, MA",2024,70871.0
25013,"Hampden, MA",2019,466774.0
25013,"Hampden, MA",2020,463714.0
25013,"Hampden, MA",2021,462640.0
25013,"Hampden, MA",2022,461440.0
25013,"Hampden, MA",2023,462128.0
25013,"Hampden, MA",2024,464151.0
25015,"Hampshire, MA",2019,162319.0
25015,"Hampshire, MA",2020,148589.0
25015,"Hampshire, MA",2021,165069.0
25015,"Hampshire, MA",2022,165397.0
25015,"Hampshire, MA",2023,165686.0
25015,"Hampshire, MA",2024,165399.0
25017,"Middlesex, MA",2019,1630745.0
25017,"Middlesex, MA",2020,1627578.0
25017,"Middlesex, MA",2021,1620553.0
25017,"Middlesex, MA",2022,1629805.0
25017,"Middlesex, MA",2023,1644932.0
25017,"Middlesex, MA",2024,1668956.0
25019,"Nantucket, MA",2019,14010.0
25019,"Nantucket, MA",2020,14239.0
25019,"Nantucket, MA",2021,14507.0
25019,"Nantucket, MA",2022,14464.0
25019,"Nantucket, MA",2023,14534.0
25019,"Nantucket, MA",2024,14670.0
25021,"Norfolk, MA",2019,722594.0
25021,"Norfolk, MA",2020,723750.0
25021,"Norfolk, MA",2021,724906.0
25021,"Norfolk, MA",2022,728619.0
25021,"Norfolk, MA",2023,732379.0
25021,"Norfolk, MA",2024,740754.0
25023,"Plymouth, MA",2019,528608.0
25023,"Plymouth, MA",2020,528454.0
25023,"Plymouth, MA",2021,532726.0
25023,"Plymouth, MA",2022,534297.0
25023,"Plymouth, MA",2023,537807.0
25023,"Plymouth, MA",2024,542090.0
25025,"Suffolk, MA",2019,801027.0
25025,"Suffolk, MA",2020,797239.0
25025,"Suffolk, MA",2021,776280.0
25025,"Suffolk, MA",2022,777266.0
25025,"Suffolk, MA",2023,781678.0
25025,"Suffolk, MA",2024,793144.0
25027,"Worcester, MA",2019,859347.0
25027,"Worcester, MA",2020,857092.0
25027,"Worcester, MA",2021,862052.0
25027,"Worcester, MA",2022,865735.0
25027,"Worcester, MA",2023,872813.0
25027,"Worcester, MA",2024,881248.0
26001,"Alcona, MI",2019,10134.0
26001,"Alcona, MI",2020,10185.0
26001,"Alcona, MI",2021,10285.0
26001,"Alcona, MI",2022,10375.0
26001,"Alcona, MI",2023,10513.0
26001,"Alcona, MI",2024,10624.0
26003,"Alger, MI",2019,8881.0
26003,"Alger, MI",2020,8839.0
26003,"Alger, MI",2021,8770.0
26003,"Alger, MI",2022,8767.0
26003,"Alger, MI",2023,8740.0
26003,"Alger, MI",2024,8695.0
26005,"Allegan, MI",2019,119642.0
26005,"Allegan, MI",2020,120661.0
26005,"Allegan, MI",2021,121055.0
26005,"Allegan, MI",2022,121262.0
26005,"Allegan, MI",2023,121874.0
26005,"Allegan, MI",2024,122429.0
26007,"Alpena, MI",2019,28954.0
26007,"Alpena, MI",2020,28879.0
26007,"Alpena, MI",2021,28933.0
26007,"Alpena, MI",2022,28813.0
26007,"Alpena, MI",2023,28870.0
26007,"Alpena, MI",2024,28903.0
26009,"Antrim, MI",2019,23334.0
26009,"Antrim, MI",2020,23460.0
26009,"Antrim, MI",2021,23877.0
26009,"Antrim, MI",2022,24296.0
26009,"Antrim, MI",2023,24466.0
26009,"Antrim, MI",2024,24536.0
26011,"Arenac, MI",2019,14964.0
26011,"Arenac, MI",2020,15009.0
26011,"Arenac, MI",2021,15023.0
26011,"Arenac, MI",2022,15115.0
26011,"Arenac, MI",2023,15152.0
26011,"Arenac, MI",2024,15087.0
26013,"Baraga, MI",2019,8196.0
26013,"Baraga, MI",2020,8141.0
26013,"Baraga, MI",2021,8231.0
26013,"Baraga, MI",2022,8194.0
26013,"Baraga, MI",2023,8222.0
26013,"Baraga, MI",2024,8169.0
26015,"Barry, MI",2019,61890.0
26015,"Barry, MI",2020,62607.0
26015,"Barry, MI",2021,63141.0
26015,"Barry, MI",2022,63389.0
26015,"Barry, MI",2023,63881.0
26015,"Barry, MI",2024,64025.0
26017,"Bay, MI",2019,104144.0
26017,"Bay, MI",2020,103747.0
26017,"Bay, MI",2021,103116.0
26017,"Bay, MI",2022,102754.0
26017,"Bay, MI",2023,102774.0
26017,"Bay, MI",2024,102651.0
26019,"Benzie, MI",2019,17876.0
26019,"Benzie, MI",2020,17993.0
26019,"Benzie, MI",2021,18240.0
26019,"Benzie, MI",2022,18336.0
26019,"Benzie, MI",2023,18460.0
26019,"Benzie, MI",2024,18520.0
26021,"Berrien, MI",2019,154355.0
26021,"Berrien, MI",2020,154426.0
26021,"Berrien, MI",2021,153598.0
26021,"Berrien, MI",2022,153064.0
26021,"Berrien, MI",2023,152651.0
26021,"Berrien, MI",2024,152703.0
26023,"Branch, MI",2019,44723.0
26023,"Branch, MI",2020,44878.0
26023,"Branch, MI",2021,45209.0
26023,"Branch, MI",2022,44612.0
26023,"Branch, MI",2023,45613.0
26023,"Branch, MI",2024,46187.0
26025,"Calhoun, MI",2019,134344.0
26025,"Calhoun, MI",2020,134219.0
26025,"Calhoun, MI",2021,133905.0
26025,"Calhoun, MI",2022,133475.0
26025,"Calhoun, MI",2023,133505.0
26025,"Calhoun, MI",2024,133785.0
26027,"Cass, MI",2019,51756.0
26027,"Cass, MI",2020,51553.0
26027,"Cass, MI",2021,51523.0
26027,"Cass, MI",2022,51409.0
26027,"Cass, MI",2023,51566.0
26027,"Cass, MI",2024,51550.0
26029,"Charlevoix, MI",2019,26109.0
26029,"Charlevoix, MI",2020,26035.0
26029,"Charlevoix, MI",2021,26192.0
26029,"Charlevoix, MI",2022,26117.0
26029,"Charlevoix, MI",2023,26089.0
26029,"Charlevoix, MI",2024,26105.0
26031,"Cheboygan, MI",2019,25516.0
26031,"Cheboygan, MI",2020,25585.0
26031,"Cheboygan, MI",2021,25746.0
26031,"Cheboygan, MI",2022,25946.0
26031,"Cheboygan, MI",2023,26078.0
26031,"Cheboygan, MI",2024,25964.0
26033,"Chippewa, MI",2019,37030.0
26033,"Chippewa, MI",2020,36787.0
26033,"Chippewa, MI",2021,35861.0
26033,"Chippewa, MI",2022,36236.0
26033,"Chippewa, MI",2023,36340.0
26033,"Chippewa, MI",2024,36253.0
26035,"Clare, MI",2019,30899.0
26035,"Clare, MI",2020,30843.0
26035,"Clare, MI",2021,31143.0
26035,"Clare, MI",2022,31321.0
26035,"Clare, MI",2023,31376.0
26035,"Clare, MI",2024,31405.0
26037,"Clinton, MI",2019,79013.0
26037,"Clinton, MI",2020,79171.0
26037,"Clinton, MI",2021,79432.0
26037,"Clinton, MI",2022,79652.0
26037,"Clinton, MI",2023,79823.0
26037,"Clinton, MI",2024,80050.0
26039,"Crawford, MI",2019,13079.0
26039,"Crawford, MI",2020,12987.0
26039,"Crawford, MI",2021,13271.0
26039,"Crawford, MI",2022,13431.0
26039,"Crawford, MI",2023,13557.0
26039,"Crawford, MI",2024,13599.0
26041,"Delta, MI",2019,36893.0
26041,"Delta, MI",2020,36874.0
26041,"Delta, MI",2021,36838.0
26041,"Delta, MI",2022,36818.0
26041,"Delta, MI",2023,36846.0
26041,"Delta, MI",2024,36687.0
26043,"Dickinson, MI",2019,26043.0
26043,"Dickinson, MI",2020,25907.0
26043,"Dickinson, MI",2021,25824.0
26043,"Dickinson, MI",2022,25977.0
26043,"Dickinson, MI",2023,26069.0
26043,"Dickinson, MI",2024,25995.0
26045,"Eaton, MI",2019,109181.0
26045,"Eaton, MI",2020,109199.0
26045,"Eaton, MI",2021,108921.0
26045,"Eaton, MI",2022,108962.0
26045,"Eaton, MI",2023,109072.0
26045,"Eaton, MI",2024,109494.0
26047,"Emmet, MI",2019,34023.0
26047,"Emmet, MI",2020,34113.0
26047,"Emmet, MI",2021,34303.0
26047,"Emmet, MI",2022,34204.0
26047,"Emmet, MI",2023,34039.0
26047,"Emmet, MI",2024,33949.0
26049,"Genesee, MI",2019,406597.0
26049,"Genesee, MI",2020,405793.0
26049,"Genesee, MI",2021,404713.0
26049,"Genesee, MI",2022,402031.0
26049,"Genesee, MI",2023,401711.0
26049,"Genesee, MI",2024,402279.0
26051,"Gladwin, MI",2019,25378.0
26051,"Gladwin, MI",2020,25370.0
26051,"Gladwin, MI",2021,25475.0
26051,"Gladwin, MI",2022,25667.0
26051,"Gladwin, MI",2023,25959.0
26051,"Gladwin, MI",2024,25995.0
26053,"Gogebic, MI",2019,14424.0
26053,"Gogebic, MI",2020,14346.0
26053,"Gogebic, MI",2021,14372.0
26053,"Gogebic, MI",2022,14399.0
26053,"Gogebic, MI",2023,14263.0
26053,"Gogebic, MI",2024,14217.0
26055,"Grand Traverse, MI",2019,94626.0
26055,"Grand Traverse, MI",2020,95427.0
26055,"Grand Traverse, MI",2021,95985.0
26055,"Grand Traverse, MI",2022,96337.0
26055,"Grand Traverse, MI",2023,96457.0
26055,"Grand Traverse, MI",2024,96625.0
26057,"Gratiot, MI",2019,41930.0
26057,"Gratiot, MI",2020,41687.0
26057,"Gratiot, MI",2021,41298.0
26057,"Gratiot, MI",2022,41134.0
26057,"Gratiot, MI",2023,41434.0
26057,"Gratiot, MI",2024,41372.0
26059,"Hillsdale, MI",2019,45633.0
26059,"Hillsdale, MI",2020,45730.0
26059,"Hillsdale, MI",2021,45622.0
26059,"Hillsdale, MI",2022,45714.0
26059,"Hillsdale, MI",2023,45616.0
26059,"Hillsdale, MI",2024,45590.0
26061,"Houghton, MI",2019,37625.0
26061,"Houghton, MI",2020,37256.0
26061,"Houghton, MI",2021,37528.0
26061,"Houghton, MI",2022,37792.0
26061,"Houghton, MI",2023,37847.0
26061,"Houghton, MI",2024,38041.0
26063,"Huron, MI",2019,31547.0
26063,"Huron, MI",2020,31372.0
26063,"Huron, MI",2021,31319.0
26063,"Huron, MI",2022,31150.0
26063,"Huron, MI",2023,30943.0
26063,"Huron, MI",2024,30780.0
26065,"Ingham, MI",2019,285787.0
26065,"Ingham, MI",2020,285007.0
26065,"Ingham, MI",2021,271662.0
26065,"Ingham, MI",2022,284761.0
26065,"Ingham, MI",2023,287710.0
26065,"Ingham, MI",2024,290427.0
26067,"Ionia, MI",2019,66690.0
26067,"Ionia, MI",2020,66891.0
26067,"Ionia, MI",2021,66853.0
26067,"Ionia, MI",2022,66774.0
26067,"Ionia, MI",2023,66104.0
26067,"Ionia, MI",2024,66250.0
26069,"Iosco, MI",2019,25285.0
26069,"Iosco, MI",2020,25189.0
26069,"Iosco, MI",2021,25362.0
26069,"Iosco, MI",2022,25460.0
26069,"Iosco, MI",2023,25361.0
26069,"Iosco, MI",2024,25361.0
26071,"Iron, MI",2019,11569.0
26071,"Iron, MI",2020,11619.0
26071,"Iron, MI",2021,11597.0
26071,"Iron, MI",2022,11686.0
26071,"Iron, MI",2023,11722.0
26071,"Iron, MI",2024,11709.0
26073,"Isabella, MI",2019,64844.0
26073,"Isabella, MI",2020,64521.0
26073,"Isabella, MI",2021,64264.0
26073,"Isabella, MI",2022,64483.0
26073,"Isabella, MI",2023,64485.0
26073,"Isabella, MI",2024,65072.0
26075,"Jackson, MI",2019,161144.0
26075,"Jackson, MI",2020,160223.0
26075,"Jackson, MI",2021,160181.0
26075,"Jackson, MI",2022,159828.0
26075,"Jackson, MI",2023,159835.0
26075,"Jackson, MI",2024,160233.0
26077,"Kalamazoo, MI",2019,261517.0
26077,"Kalamazoo, MI",2020,261814.0
26077,"Kalamazoo, MI",2021,260566.0
26077,"Kalamazoo, MI",2022,261417.0
26077,"Kalamazoo, MI",2023,263297.0
26077,"Kalamazoo, MI",2024,264780.0
26079,"Kalkaska, MI",2019,17918.0
26079,"Kalkaska, MI",2020,17929.0
26079,"Kalkaska, MI",2021,17994.0
26079,"Kalkaska, MI",2022,18230.0
26079,"Kalkaska, MI",2023,18422.0
26079,"Kalkaska, MI",2024,18618.0
26081,"Kent, MI",2019,656297.0
26081,"Kent, MI",2020,658524.0
26081,"Kent, MI",2021,658979.0
26081,"Kent, MI",2022,660134.0
26081,"Kent, MI",2023,665109.0
26081,"Kent, MI",2024,673002.0
26083,"Keweenaw, MI",2019,2025.0
26083,"Keweenaw, MI",2020,2059.0
26083,"Keweenaw, MI",2021,2108.0
26083,"Keweenaw, MI",2022,2151.0
26083,"Keweenaw, MI",2023,2181.0
26083,"Keweenaw, MI",2024,2161.0
26085,"Lake, MI",2019,12193.0
26085,"Lake, MI",2020,12098.0
26085,"Lake, MI",2021,12281.0
26085,"Lake, MI",2022,12665.0
26085,"Lake, MI",2023,12766.0
26085,"Lake, MI",2024,13005.0
26087,"Lapeer, MI",2019,88622.0
26087,"Lapeer, MI",2020,88587.0
26087,"Lapeer, MI",2021,88667.0
26087,"Lapeer, MI",2022,88701.0
26087,"Lapeer, MI",2023,89060.0
26087,"Lapeer, MI",2024,89168.0
26089,"Leelanau, MI",2019,22220.0
26089,"Leelanau, MI",2020,22308.0
26089,"Leelanau, MI",2021,22630.0
26089,"Leelanau, MI",2022,22891.0
26089,"Leelanau, MI",2023,22970.0
26089,"Leelanau, MI",2024,22871.0
26091,"Lenawee, MI",2019,99794.0
26091,"Lenawee, MI",2020,99318.0
26091,"Lenawee, MI",2021,99105.0
26091,"Lenawee, MI",2022,98284.0
26091,"Lenawee, MI",2023,97621.0
26091,"Lenawee, MI",2024,97746.0
26093,"Livingston, MI",2019,193466.0
26093,"Livingston, MI",2020,193989.0
26093,"Livingston, MI",2021,195344.0
26093,"Livingston, MI",2022,196083.0
26093,"Livingston, MI",2023,196772.0
26093,"Livingston, MI",2024,196976.0
26095,"Luce, MI",2021,5976.0
26095,"Luce, MI",2022,6254.0
26095,"Luce, MI",2023,6389.0
26095,"Luce, MI",2024,6328.0
26095,"Luce, MI",2019,5515.0
26095,"Luce, MI",2020,6410.0
26097,"Mackinac, MI",2019,10802.0
26097,"Mackinac, MI",2020,10811.0
26097,"Mackinac, MI",2021,10906.0
26097,"Mackinac, MI",2022,10983.0
26097,"Mackinac, MI",2023,10942.0
26097,"Mackinac, MI",2024,11144.0
26099,"Macomb, MI",2019,881262.0
26099,"Macomb, MI",2020,880294.0
26099,"Macomb, MI",2021,877789.0
26099,"Macomb, MI",2022,875735.0
26099,"Macomb, MI",2023,879271.0
26099,"Macomb, MI",2024,886175.0
26101,"Manistee, MI",2019,24923.0
26101,"Manistee, MI",2020,25070.0
26101,"Manistee, MI",2021,25340.0
26101,"Manistee, MI",2022,25334.0
26101,"Manistee, MI",2023,25485.0
26101,"Manistee, MI",2024,25519.0
26103,"Marquette, MI",2019,66635.0
26103,"Marquette, MI",2020,66544.0
26103,"Marquette, MI",2021,66278.0
26103,"Marquette, MI",2022,67103.0
26103,"Marquette, MI",2023,67654.0
26103,"Marquette, MI",2024,67979.0
26105,"Mason, MI",2019,29041.0
26105,"Mason, MI",2020,29037.0
26105,"Mason, MI",2021,29350.0
26105,"Mason, MI",2022,29357.0
26105,"Mason, MI",2023,29199.0
26105,"Mason, MI",2024,29093.0
26107,"Mecosta, MI",2019,39765.0
26107,"Mecosta, MI",2020,40426.0
26107,"Mecosta, MI",2021,40692.0
26107,"Mecosta, MI",2022,41424.0
26107,"Mecosta, MI",2023,41722.0
26107,"Mecosta, MI",2024,41947.0
26109,"Menominee, MI",2019,23560.0
26109,"Menominee, MI",2020,23450.0
26109,"Menominee, MI",2021,23325.0
26109,"Menominee, MI",2022,23289.0
26109,"Menominee, MI",2023,23123.0
26109,"Menominee, MI",2024,23050.0
26111,"Midland, MI",2019,83431.0
26111,"Midland, MI",2020,83493.0
26111,"Midland, MI",2021,83504.0
26111,"Midland, MI",2022,83761.0
26111,"Midland, MI",2023,84007.0
26111,"Midland, MI",2024,84022.0
26113,"Missaukee, MI",2019,14989.0
26113,"Missaukee, MI",2020,15067.0
26113,"Missaukee, MI",2021,15176.0
26113,"Missaukee, MI",2022,15228.0
26113,"Missaukee, MI",2023,15325.0
26113,"Missaukee, MI",2024,15239.0
26115,"Monroe, MI",2019,154326.0
26115,"Monroe, MI",2020,154909.0
26115,"Monroe, MI",2021,155569.0
26115,"Monroe, MI",2022,155412.0
26115,"Monroe, MI",2023,155590.0
26115,"Monroe, MI",2024,156045.0
26117,"Montcalm, MI",2019,66541.0
26117,"Montcalm, MI",2020,66659.0
26117,"Montcalm, MI",2021,67361.0
26117,"Montcalm, MI",2022,67317.0
26117,"Montcalm, MI",2023,68431.0
26117,"Montcalm, MI",2024,69314.0
26119,"Montmorency, MI",2019,9142.0
26119,"Montmorency, MI",2020,9170.0
26119,"Montmorency, MI",2021,9304.0
26119,"Montmorency, MI",2022,9563.0
26119,"Montmorency, MI",2023,9714.0
26119,"Montmorency, MI",2024,9828.0
26121,"Muskegon, MI",2019,175420.0
26121,"Muskegon, MI",2020,174794.0
26121,"Muskegon, MI",2021,175581.0
26121,"Muskegon, MI",2022,175526.0
26121,"Muskegon, MI",2023,176476.0
26121,"Muskegon, MI",2024,177428.0
26123,"Newaygo, MI",2019,49684.0
26123,"Newaygo, MI",2020,50095.0
26123,"Newaygo, MI",2021,50401.0
26123,"Newaygo, MI",2022,50771.0
26123,"Newaygo, MI",2023,51189.0
26123,"Newaygo, MI",2024,51504.0
26125,"Oakland, MI",2019,1275413.0
26125,"Oakland, MI",2020,1272526.0
26125,"Oakland, MI",2021,1272776.0
26125,"Oakland, MI",2022,1275098.0
26125,"Oakland, MI",2023,1281836.0
26125,"Oakland, MI",2024,1296888.0
26127,"Oceana, MI",2019,26462.0
26127,"Oceana, MI",2020,26716.0
26127,"Oceana, MI",2021,26873.0
26127,"Oceana, MI",2022,26964.0
26127,"Oceana, MI",2023,27010.0
26127,"Oceana, MI",2024,27014.0
26129,"Ogemaw, MI",2019,20796.0
26129,"Ogemaw, MI",2020,20785.0
26129,"Ogemaw, MI",2021,20781.0
26129,"Ogemaw, MI",2022,20890.0
26129,"Ogemaw, MI",2023,20983.0
26129,"Ogemaw, MI",2024,20985.0
26131,"Ontonagon, MI",2019,5837.0
26131,"Ontonagon, MI",2020,5803.0
26131,"Ontonagon, MI",2021,5872.0
26131,"Ontonagon, MI",2022,5895.0
26131,"Ontonagon, MI",2023,5857.0
26131,"Ontonagon, MI",2024,5824.0
26133,"Osceola, MI",2019,22894.0
26133,"Osceola, MI",2020,22902.0
26133,"Osceola, MI",2021,23190.0
26133,"Osceola, MI",2022,23257.0
26133,"Osceola, MI",2023,23289.0
26133,"Osceola, MI",2024,23484.0
26135,"Oscoda, MI",2019,8191.0
26135,"Oscoda, MI",2020,8235.0
26135,"Oscoda, MI",2021,8322.0
26135,"Oscoda, MI",2022,8400.0
26135,"Oscoda, MI",2023,8572.0
26135,"Oscoda, MI",2024,8596.0
26137,"Otsego, MI",2019,25011.0
26137,"Otsego, MI",2020,25135.0
26137,"Otsego, MI",2021,25335.0
26137,"Otsego, MI",2022,25583.0
26137,"Otsego, MI",2023,25785.0
26137,"Otsego, MI",2024,26083.0
26139,"Ottawa, MI",2019,293510.0
26139,"Ottawa, MI",2020,296899.0
26139,"Ottawa, MI",2021,298394.0
26139,"Ottawa, MI",2022,300910.0
26139,"Ottawa, MI",2023,303575.0
26139,"Ottawa, MI",2024,306235.0
26141,"Presque Isle, MI",2019,12898.0
26141,"Presque Isle, MI",2020,12999.0
26141,"Presque Isle, MI",2021,13174.0
26141,"Presque Isle, MI",2022,13357.0
26141,"Presque Isle, MI",2023,13278.0
26141,"Presque Isle, MI",2024,13230.0
26143,"Roscommon, MI",2019,23501.0
26143,"Roscommon, MI",2020,23465.0
26143,"Roscommon, MI",2021,23651.0
26143,"Roscommon, MI",2022,23711.0
26143,"Roscommon, MI",2023,23920.0
26143,"Roscommon, MI",2024,23932.0
26145,"Saginaw, MI",2019,190505.0
26145,"Saginaw, MI",2020,189883.0
26145,"Saginaw, MI",2021,189533.0
26145,"Saginaw, MI",2022,188425.0
26145,"Saginaw, MI",2023,187769.0
26145,"Saginaw, MI",2024,187714.0
26147,"St. Clair, MI",2019,160288.0
26147,"St. Clair, MI",2020,160394.0
26147,"St. Clair, MI",2021,160243.0
26147,"St. Clair, MI",2022,159882.0
26147,"St. Clair, MI",2023,160280.0
26147,"St. Clair, MI",2024,160308.0
26149,"St. Joseph, MI",2019,60894.0
26149,"St. Joseph, MI",2020,60942.0
26149,"St. Joseph, MI",2021,60857.0
26149,"St. Joseph, MI",2022,60814.0
26149,"St. Joseph, MI",2023,61062.0
26149,"St. Joseph, MI",2024,61171.0
26151,"Sanilac, MI",2019,40996.0
26151,"Sanilac, MI",2020,40504.0
26151,"Sanilac, MI",2021,40545.0
26151,"Sanilac, MI",2022,40536.0
26151,"Sanilac, MI",2023,40434.0
26151,"Sanilac, MI",2024,40293.0
26153,"Schoolcraft, MI",2019,8045.0
26153,"Schoolcraft, MI",2020,8057.0
26153,"Schoolcraft, MI",2021,8048.0
26153,"Schoolcraft, MI",2022,8189.0
26153,"Schoolcraft, MI",2023,8167.0
26153,"Schoolcraft, MI",2024,8178.0
26155,"Shiawassee, MI",2019,68333.0
26155,"Shiawassee, MI",2020,68004.0
26155,"Shiawassee, MI",2021,67992.0
26155,"Shiawassee, MI",2022,67970.0
26155,"Shiawassee, MI",2023,68005.0
26155,"Shiawassee, MI",2024,67982.0
26157,"Tuscola, MI",2019,53281.0
26157,"Tuscola, MI",2020,53311.0
26157,"Tuscola, MI",2021,53043.0
26157,"Tuscola, MI",2022,52932.0
26157,"Tuscola, MI",2023,52856.0
26157,"Tuscola, MI",2024,52757.0
26159,"Van Buren, MI",2019,75653.0
26159,"Van Buren, MI",2020,75566.0
26159,"Van Buren, MI",2021,75685.0
26159,"Van Buren, MI",2022,75690.0
26159,"Van Buren, MI",2023,75905.0
26159,"Van Buren, MI",2024,76129.0
26161,"Washtenaw, MI",2019,373006.0
26161,"Washtenaw, MI",2020,371849.0
26161,"Washtenaw, MI",2021,365041.0
26161,"Washtenaw, MI",2022,367947.0
26161,"Washtenaw, MI",2023,370398.0
26161,"Washtenaw, MI",2024,373875.0
26163,"Wayne, MI",2019,1795841.0
26163,"Wayne, MI",2020,1789655.0
26163,"Wayne, MI",2021,1775196.0
26163,"Wayne, MI",2022,1763011.0
26163,"Wayne, MI",2023,1762371.0
26163,"Wayne, MI",2024,1771063.0
26165,"Wexford, MI",2019,33625.0
26165,"Wexford, MI",2020,33689.0
26165,"Wexford, MI",2021,33906.0
26165,"Wexford, MI",2022,34062.0
26165,"Wexford, MI",2023,34266.0
26165,"Wexford, MI",2024,34460.0
27001,"Aitkin, MN",2019,15675.0
27001,"Aitkin, MN",2020,15714.0
27001,"Aitkin, MN",2021,15951.0
27001,"Aitkin, MN",2022,16142.0
27001,"Aitkin, MN",2023,16139.0
27001,"Aitkin, MN",2024,16335.0
27003,"Anoka, MN",2019,361593.0
27003,"Anoka, MN",2020,364502.0
27003,"Anoka, MN",2021,367835.0
27003,"Anoka, MN",2022,369479.0
27003,"Anoka, MN",2023,373090.0
27003,"Anoka, MN",2024,376840.0
27005,"Becker, MN",2019,35088.0
27005,"Becker, MN",2020,35205.0
27005,"Becker, MN",2021,35348.0
27005,"Becker, MN",2022,35387.0
27005,"Becker, MN",2023,35330.0
27005,"Becker, MN",2024,35444.0
27007,"Beltrami, MN",2019,46094.0
27007,"Beltrami, MN",2020,46246.0
27007,"Beltrami, MN",2021,46477.0
27007,"Beltrami, MN",2022,46440.0
27007,"Beltrami, MN",2023,46635.0
27007,"Beltrami, MN",2024,46762.0
27009,"Benton, MN",2019,41294.0
27009,"Benton, MN",2020,41358.0
27009,"Benton, MN",2021,41538.0
27009,"Benton, MN",2022,41570.0
27009,"Benton, MN",2023,41617.0
27009,"Benton, MN",2024,41881.0
27011,"Big Stone, MN",2019,5170.0
27011,"Big Stone, MN",2020,5160.0
27011,"Big Stone, MN",2021,5169.0
27011,"Big Stone, MN",2022,5145.0
27011,"Big Stone, MN",2023,5095.0
27011,"Big Stone, MN",2024,5067.0
27013,"Blue Earth, MN",2019,68702.0
27013,"Blue Earth, MN",2020,69196.0
27013,"Blue Earth, MN",2021,69382.0
27013,"Blue Earth, MN",2022,69681.0
27013,"Blue Earth, MN",2023,70396.0
27013,"Blue Earth, MN",2024,70700.0
27015,"Brown, MN",2019,25896.0
27015,"Brown, MN",2020,25911.0
27015,"Brown, MN",2021,25896.0
27015,"Brown, MN",2022,25786.0
27015,"Brown, MN",2023,25699.0
27015,"Brown, MN",2024,25710.0
27017,"Carlton, MN",2019,36265.0
27017,"Carlton, MN",2020,36187.0
27017,"Carlton, MN",2021,36442.0
27017,"Carlton, MN",2022,36501.0
27017,"Carlton, MN",2023,36717.0
27017,"Carlton, MN",2024,36745.0
27019,"Carver, MN",2019,105760.0
27019,"Carver, MN",2020,107307.0
27019,"Carver, MN",2021,108873.0
27019,"Carver, MN",2022,110215.0
27019,"Carver, MN",2023,111180.0
27019,"Carver, MN",2024,112628.0
27021,"Cass, MN",2019,29788.0
27021,"Cass, MN",2020,30162.0
27021,"Cass, MN",2021,30677.0
27021,"Cass, MN",2022,31287.0
27021,"Cass, MN",2023,31393.0
27021,"Cass, MN",2024,31442.0
27023,"Chippewa, MN",2019,12508.0
27023,"Chippewa, MN",2020,12610.0
27023,"Chippewa, MN",2021,12378.0
27023,"Chippewa, MN",2022,12335.0
27023,"Chippewa, MN",2023,12265.0
27023,"Chippewa, MN",2024,12299.0
27025,"Chisago, MN",2019,56408.0
27025,"Chisago, MN",2020,56718.0
27025,"Chisago, MN",2021,57556.0
27025,"Chisago, MN",2022,57918.0
27025,"Chisago, MN",2023,58657.0
27025,"Chisago, MN",2024,59105.0
27027,"Clay, MN",2019,65044.0
27027,"Clay, MN",2020,65359.0
27027,"Clay, MN",2021,65674.0
27027,"Clay, MN",2022,65989.0
27027,"Clay, MN",2023,66425.0
27027,"Clay, MN",2024,66848.0
27029,"Clearwater, MN",2019,8420.0
27029,"Clearwater, MN",2020,8566.0
27029,"Clearwater, MN",2021,8568.0
27029,"Clearwater, MN",2022,8636.0
27029,"Clearwater, MN",2023,8680.0
27029,"Clearwater, MN",2024,8630.0
27031,"Cook, MN",2019,5576.0
27031,"Cook, MN",2020,5599.0
27031,"Cook, MN",2021,5632.0
27031,"Cook, MN",2022,5732.0
27031,"Cook, MN",2023,5643.0
27031,"Cook, MN",2024,5571.0
27033,"Cottonwood, MN",2019,11449.0
27033,"Cottonwood, MN",2020,11521.0
27033,"Cottonwood, MN",2021,11600.0
27033,"Cottonwood, MN",2022,11416.0
27033,"Cottonwood, MN",2023,11417.0
27033,"Cottonwood, MN",2024,11338.0
27035,"Crow Wing, MN",2019,65696.0
27035,"Crow Wing, MN",2020,66285.0
27035,"Crow Wing, MN",2021,67355.0
27035,"Crow Wing, MN",2022,67862.0
27035,"Crow Wing, MN",2023,68286.0
27035,"Crow Wing, MN",2024,68642.0
27037,"Dakota, MN",2019,437268.0
27037,"Dakota, MN",2020,440436.0
27037,"Dakota, MN",2021,442784.0
27037,"Dakota, MN",2022,443982.0
27037,"Dakota, MN",2023,448495.0
27037,"Dakota, MN",2024,453156.0
27039,"Dodge, MN",2019,20842.0
27039,"Dodge, MN",2020,20888.0
27039,"Dodge, MN",2021,20954.0
27039,"Dodge, MN",2022,21027.0
27039,"Dodge, MN",2023,21113.0
27039,"Dodge, MN",2024,21242.0
27041,"Douglas, MN",2019,38715.0
27041,"Douglas, MN",2020,39093.0
27041,"Douglas, MN",2021,39312.0
27041,"Douglas, MN",2022,39665.0
27041,"Douglas, MN",2023,39874.0
27041,"Douglas, MN",2024,39933.0
27043,"Faribault, MN",2019,13922.0
27043,"Faribault, MN",2020,13896.0
27043,"Faribault, MN",2021,13905.0
27043,"Faribault, MN",2022,13957.0
27043,"Faribault, MN",2023,13926.0
27043,"Faribault, MN",2024,13886.0
27045,"Fillmore, MN",2019,21168.0
27045,"Fillmore, MN",2020,21245.0
27045,"Fillmore, MN",2021,21335.0
27045,"Fillmore, MN",2022,21475.0
27045,"Fillmore, MN",2023,21512.0
27045,"Fillmore, MN",2024,21502.0
27047,"Freeborn, MN",2019,30839.0
27047,"Freeborn, MN",2020,30891.0
27047,"Freeborn, MN",2021,30803.0
27047,"Freeborn, MN",2022,30674.0
27047,"Freeborn, MN",2023,30433.0
27047,"Freeborn, MN",2024,30314.0
27049,"Goodhue, MN",2019,47504.0
27049,"Goodhue, MN",2020,47579.0
27049,"Goodhue, MN",2021,48049.0
27049,"Goodhue, MN",2022,48055.0
27049,"Goodhue, MN",2023,48050.0
27049,"Goodhue, MN",2024,47982.0
27051,"Grant, MN",2019,6027.0
27051,"Grant, MN",2020,6090.0
27051,"Grant, MN",2021,6147.0
27051,"Grant, MN",2022,6134.0
27051,"Grant, MN",2023,6155.0
27051,"Grant, MN",2024,6109.0
27053,"Hennepin, MN",2019,1277450.0
27053,"Hennepin, MN",2020,1281722.0
27053,"Hennepin, MN",2021,1270232.0
27053,"Hennepin, MN",2022,1258981.0
27053,"Hennepin, MN",2023,1263210.0
27053,"Hennepin, MN",2024,1273334.0
27055,"Houston, MN",2019,18854.0
27055,"Houston, MN",2020,18823.0
27055,"Houston, MN",2021,18796.0
27055,"Houston, MN",2022,18715.0
27055,"Houston, MN",2023,18577.0
27055,"Houston, MN",2024,18352.0
27057,"Hubbard, MN",2019,21221.0
27057,"Hubbard, MN",2020,21389.0
27057,"Hubbard, MN",2021,21744.0
27057,"Hubbard, MN",2022,21925.0
27057,"Hubbard, MN",2023,22045.0
27057,"Hubbard, MN",2024,22050.0
27059,"Isanti, MN",2019,40367.0
27059,"Isanti, MN",2020,41390.0
27059,"Isanti, MN",2021,41964.0
27059,"Isanti, MN",2022,42725.0
27059,"Isanti, MN",2023,43212.0
27059,"Isanti, MN",2024,43687.0
27061,"Itasca, MN",2019,44983.0
27061,"Itasca, MN",2020,45043.0
27061,"Itasca, MN",2021,45113.0
27061,"Itasca, MN",2022,45258.0
27061,"Itasca, MN",2023,45518.0
27061,"Itasca, MN",2024,45442.0
27063,"Jackson, MN",2019,9984.0
27063,"Jackson, MN",2020,9990.0
27063,"Jackson, MN",2021,10003.0
27063,"Jackson, MN",2022,9905.0
27063,"Jackson, MN",2023,9904.0
27063,"Jackson, MN",2024,9861.0
27065,"Kanabec, MN",2019,16011.0
27065,"Kanabec, MN",2020,16058.0
27065,"Kanabec, MN",2021,16179.0
27065,"Kanabec, MN",2022,16465.0
27065,"Kanabec, MN",2023,16639.0
27065,"Kanabec, MN",2024,16608.0
27067,"Kandiyohi, MN",2019,43667.0
27067,"Kandiyohi, MN",2020,43723.0
27067,"Kandiyohi, MN",2021,43818.0
27067,"Kandiyohi, MN",2022,43904.0
27067,"Kandiyohi, MN",2023,44277.0
27067,"Kandiyohi, MN",2024,44674.0
27069,"Kittson, MN",2019,4262.0
27069,"Kittson, MN",2020,4190.0
27069,"Kittson, MN",2021,4162.0
27069,"Kittson, MN",2022,4058.0
27069,"Kittson, MN",2023,4020.0
27069,"Kittson, MN",2024,3992.0
27071,"Koochiching, MN",2019,12166.0
27071,"Koochiching, MN",2020,12032.0
27071,"Koochiching, MN",2021,11945.0
27071,"Koochiching, MN",2022,11846.0
27071,"Koochiching, MN",2023,11750.0
27071,"Koochiching, MN",2024,11594.0
27073,"Lac qui Parle, MN",2019,6773.0
27073,"Lac qui Parle, MN",2020,6700.0
27073,"Lac qui Parle, MN",2021,6703.0
27073,"Lac qui Parle, MN",2022,6688.0
27073,"Lac qui Parle, MN",2023,6684.0
27073,"Lac qui Parle, MN",2024,6636.0
27075,"Lake, MN",2019,10866.0
27075,"Lake, MN",2020,10911.0
27075,"Lake, MN",2021,11006.0
27075,"Lake, MN",2022,10919.0
27075,"Lake, MN",2023,10861.0
27075,"Lake, MN",2024,10698.0
27077,"Lake of the Woods, MN",2019,3749.0
27077,"Lake of the Woods, MN",2020,3770.0
27077,"Lake of the Woods, MN",2021,3831.0
27077,"Lake of the Woods, MN",2022,3902.0
27077,"Lake of the Woods, MN",2023,3804.0
27077,"Lake of the Woods, MN",2024,3797.0
27079,"Le Sueur, MN",2019,28741.0
27079,"Le Sueur, MN",2020,28648.0
27079,"Le Sueur, MN",2021,28918.0
27079,"Le Sueur, MN",2022,29205.0
27079,"Le Sueur, MN",2023,29334.0
27079,"Le Sueur, MN",2024,29458.0
27081,"Lincoln, MN",2019,5670.0
27081,"Lincoln, MN",2020,5639.0
27081,"Lincoln, MN",2021,5593.0
27081,"Lincoln, MN",2022,5626.0
27081,"Lincoln, MN",2023,5594.0
27081,"Lincoln, MN",2024,5564.0
27083,"Lyon, MN",2019,25482.0
27083,"Lyon, MN",2020,25426.0
27083,"Lyon, MN",2021,25495.0
27083,"Lyon, MN",2022,25513.0
27083,"Lyon, MN",2023,25503.0
27083,"Lyon, MN",2024,25577.0
27085,"McLeod, MN",2019,36765.0
27085,"McLeod, MN",2020,36751.0
27085,"McLeod, MN",2021,36819.0
27085,"McLeod, MN",2022,36791.0
27085,"McLeod, MN",2023,36850.0
27085,"McLeod, MN",2024,36780.0
27087,"Mahnomen, MN",2019,5484.0
27087,"Mahnomen, MN",2020,5391.0
27087,"Mahnomen, MN",2021,5415.0
27087,"Mahnomen, MN",2022,5354.0
27087,"Mahnomen, MN",2023,5332.0
27087,"Mahnomen, MN",2024,5296.0
27089,"Marshall, MN",2019,9080.0
27089,"Marshall, MN",2020,9043.0
27089,"Marshall, MN",2021,9013.0
27089,"Marshall, MN",2022,8890.0
27089,"Marshall, MN",2023,8822.0
27089,"Marshall, MN",2024,8771.0
27091,"Martin, MN",2019,20095.0
27091,"Martin, MN",2020,19993.0
27091,"Martin, MN",2021,19933.0
27091,"Martin, MN",2022,19687.0
27091,"Martin, MN",2023,19728.0
27091,"Martin, MN",2024,19561.0
27093,"Meeker, MN",2019,23261.0
27093,"Meeker, MN",2020,23433.0
27093,"Meeker, MN",2021,23403.0
27093,"Meeker, MN",2022,23526.0
27093,"Meeker, MN",2023,23485.0
27093,"Meeker, MN",2024,23491.0
27095,"Mille Lacs, MN",2019,26466.0
27095,"Mille Lacs, MN",2020,26456.0
27095,"Mille Lacs, MN",2021,26903.0
27095,"Mille Lacs, MN",2022,27270.0
27095,"Mille Lacs, MN",2023,27418.0
27095,"Mille Lacs, MN",2024,27577.0
27097,"Morrison, MN",2019,34053.0
27097,"Morrison, MN",2020,34003.0
27097,"Morrison, MN",2021,34072.0
27097,"Morrison, MN",2022,34284.0
27097,"Morrison, MN",2023,34366.0
27097,"Morrison, MN",2024,34520.0
27099,"Mower, MN",2019,39943.0
27099,"Mower, MN",2020,40062.0
27099,"Mower, MN",2021,40229.0
27099,"Mower, MN",2022,40174.0
27099,"Mower, MN",2023,40352.0
27099,"Mower, MN",2024,40900.0
27101,"Murray, MN",2019,8209.0
27101,"Murray, MN",2020,8166.0
27101,"Murray, MN",2021,8135.0
27101,"Murray, MN",2022,8051.0
27101,"Murray, MN",2023,8087.0
27101,"Murray, MN",2024,8044.0
27103,"Nicollet, MN",2019,34306.0
27103,"Nicollet, MN",2020,34498.0
27103,"Nicollet, MN",2021,34361.0
27103,"Nicollet, MN",2022,34381.0
27103,"Nicollet, MN",2023,34320.0
27103,"Nicollet, MN",2024,34493.0
27105,"Nobles, MN",2019,22384.0
27105,"Nobles, MN",2020,22207.0
27105,"Nobles, MN",2021,22076.0
27105,"Nobles, MN",2022,22030.0
27105,"Nobles, MN",2023,21921.0
27105,"Nobles, MN",2024,21969.0
27107,"Norman, MN",2019,6481.0
27107,"Norman, MN",2020,6436.0
27107,"Norman, MN",2021,6443.0
27107,"Norman, MN",2022,6354.0
27107,"Norman, MN",2023,6318.0
27107,"Norman, MN",2024,6284.0
27109,"Olmsted, MN",2019,161628.0
27109,"Olmsted, MN",2020,163041.0
27109,"Olmsted, MN",2021,163755.0
27109,"Olmsted, MN",2022,164151.0
27109,"Olmsted, MN",2023,165119.0
27109,"Olmsted, MN",2024,166424.0
27111,"Otter Tail, MN",2019,59912.0
27111,"Otter Tail, MN",2020,60068.0
27111,"Otter Tail, MN",2021,60206.0
27111,"Otter Tail, MN",2022,60530.0
27111,"Otter Tail, MN",2023,60687.0
27111,"Otter Tail, MN",2024,60884.0
27113,"Pennington, MN",2019,14136.0
27113,"Pennington, MN",2020,13950.0
27113,"Pennington, MN",2021,13790.0
27113,"Pennington, MN",2022,13832.0
27113,"Pennington, MN",2023,13732.0
27113,"Pennington, MN",2024,13652.0
27115,"Pine, MN",2019,28948.0
27115,"Pine, MN",2020,28891.0
27115,"Pine, MN",2021,29410.0
27115,"Pine, MN",2022,29458.0
27115,"Pine, MN",2023,30124.0
27115,"Pine, MN",2024,30319.0
27117,"Pipestone, MN",2019,9433.0
27117,"Pipestone, MN",2020,9414.0
27117,"Pipestone, MN",2021,9352.0
27117,"Pipestone, MN",2022,9320.0
27117,"Pipestone, MN",2023,9235.0
27117,"Pipestone, MN",2024,9100.0
27119,"Polk, MN",2019,31521.0
27119,"Polk, MN",2020,31081.0
27119,"Polk, MN",2021,30831.0
27119,"Polk, MN",2022,30760.0
27119,"Polk, MN",2023,30438.0
27119,"Polk, MN",2024,30413.0
27121,"Pope, MN",2019,11259.0
27121,"Pope, MN",2020,11330.0
27121,"Pope, MN",2021,11418.0
27121,"Pope, MN",2022,11429.0
27121,"Pope, MN",2023,11419.0
27121,"Pope, MN",2024,11495.0
27123,"Ramsey, MN",2019,552968.0
27123,"Ramsey, MN",2020,551739.0
27123,"Ramsey, MN",2021,544068.0
27123,"Ramsey, MN",2022,538430.0
27123,"Ramsey, MN",2023,538474.0
27123,"Ramsey, MN",2024,542015.0
27125,"Red Lake, MN",2019,3935.0
27125,"Red Lake, MN",2020,3942.0
27125,"Red Lake, MN",2021,3949.0
27125,"Red Lake, MN",2022,3888.0
27125,"Red Lake, MN",2023,3913.0
27125,"Red Lake, MN",2024,3882.0
27127,"Redwood, MN",2019,15453.0
27127,"Redwood, MN",2020,15422.0
27127,"Redwood, MN",2021,15394.0
27127,"Redwood, MN",2022,15362.0
27127,"Redwood, MN",2023,15320.0
27127,"Redwood, MN",2024,15254.0
27129,"Renville, MN",2019,14817.0
27129,"Renville, MN",2020,14686.0
27129,"Renville, MN",2021,14600.0
27129,"Renville, MN",2022,14540.0
27129,"Renville, MN",2023,14509.0
27129,"Renville, MN",2024,14453.0
27131,"Rice, MN",2019,67024.0
27131,"Rice, MN",2020,67100.0
27131,"Rice, MN",2021,67344.0
27131,"Rice, MN",2022,67696.0
27131,"Rice, MN",2023,68420.0
27131,"Rice, MN",2024,69025.0
27133,"Rock, MN",2019,9699.0
27133,"Rock, MN",2020,9687.0
27133,"Rock, MN",2021,9697.0
27133,"Rock, MN",2022,9596.0
27133,"Rock, MN",2023,9601.0
27133,"Rock, MN",2024,9525.0
27135,"Roseau, MN",2019,15386.0
27135,"Roseau, MN",2020,15310.0
27135,"Roseau, MN",2021,15284.0
27135,"Roseau, MN",2022,15359.0
27135,"Roseau, MN",2023,15293.0
27135,"Roseau, MN",2024,15265.0
27137,"St. Louis, MN",2019,200571.0
27137,"St. Louis, MN",2020,200083.0
27137,"St. Louis, MN",2021,199522.0
27137,"St. Louis, MN",2022,199598.0
27137,"St. Louis, MN",2023,200618.0
27137,"St. Louis, MN",2024,200794.0
27139,"Scott, MN",2019,149575.0
27139,"Scott, MN",2020,151356.0
27139,"Scott, MN",2021,153633.0
27139,"Scott, MN",2022,154606.0
27139,"Scott, MN",2023,155986.0
27139,"Scott, MN",2024,157206.0
27141,"Sherburne, MN",2019,96241.0
27141,"Sherburne, MN",2020,97589.0
27141,"Sherburne, MN",2021,99220.0
27141,"Sherburne, MN",2022,100617.0
27141,"Sherburne, MN",2023,102313.0
27141,"Sherburne, MN",2024,103059.0
27143,"Sibley, MN",2019,14937.0
27143,"Sibley, MN",2020,14801.0
27143,"Sibley, MN",2021,14935.0
27143,"Sibley, MN",2022,14964.0
27143,"Sibley, MN",2023,15131.0
27143,"Sibley, MN",2024,15194.0
27145,"Stearns, MN",2019,157782.0
27145,"Stearns, MN",2020,158488.0
27145,"Stearns, MN",2021,159222.0
27145,"Stearns, MN",2022,160556.0
27145,"Stearns, MN",2023,162060.0
27145,"Stearns, MN",2024,163997.0
27147,"Steele, MN",2019,37396.0
27147,"Steele, MN",2020,37381.0
27147,"Steele, MN",2021,37432.0
27147,"Steele, MN",2022,37470.0
27147,"Steele, MN",2023,37476.0
27147,"Steele, MN",2024,37434.0
27149,"Stevens, MN",2019,9752.0
27149,"Stevens, MN",2020,9664.0
27149,"Stevens, MN",2021,9687.0
27149,"Stevens, MN",2022,9692.0
27149,"Stevens, MN",2023,9834.0
27149,"Stevens, MN",2024,9819.0
27151,"Swift, MN",2019,9909.0
27151,"Swift, MN",2020,9816.0
27151,"Swift, MN",2021,9800.0
27151,"Swift, MN",2022,9774.0
27151,"Swift, MN",2023,9686.0
27151,"Swift, MN",2024,9666.0
27153,"Todd, MN",2019,25203.0
27153,"Todd, MN",2020,25290.0
27153,"Todd, MN",2021,25289.0
27153,"Todd, MN",2022,25568.0
27153,"Todd, MN",2023,25773.0
27153,"Todd, MN",2024,25955.0
27155,"Traverse, MN",2019,3398.0
27155,"Traverse, MN",2020,3360.0
27155,"Traverse, MN",2021,3280.0
27155,"Traverse, MN",2022,3261.0
27155,"Traverse, MN",2023,3175.0
27155,"Traverse, MN",2024,3134.0
27157,"Wabasha, MN",2019,21341.0
27157,"Wabasha, MN",2020,21399.0
27157,"Wabasha, MN",2021,21512.0
27157,"Wabasha, MN",2022,21654.0
27157,"Wabasha, MN",2023,21685.0
27157,"Wabasha, MN",2024,21574.0
27159,"Wadena, MN",2019,13951.0
27159,"Wadena, MN",2020,14120.0
27159,"Wadena, MN",2021,14146.0
27159,"Wadena, MN",2022,14284.0
27159,"Wadena, MN",2023,14293.0
27159,"Wadena, MN",2024,14437.0
27161,"Waseca, MN",2019,18938.0
27161,"Waseca, MN",2020,18955.0
27161,"Waseca, MN",2021,18997.0
27161,"Waseca, MN",2022,18884.0
27161,"Waseca, MN",2023,18905.0
27161,"Waseca, MN",2024,18684.0
27163,"Washington, MN",2019,265058.0
27163,"Washington, MN",2020,268400.0
27163,"Washington, MN",2021,272904.0
27163,"Washington, MN",2022,276530.0
27163,"Washington, MN",2023,279398.0
27163,"Washington, MN",2024,283960.0
27165,"Watonwan, MN",2019,11266.0
27165,"Watonwan, MN",2020,11238.0
27165,"Watonwan, MN",2021,11161.0
27165,"Watonwan, MN",2022,11245.0
27165,"Watonwan, MN",2023,11179.0
27165,"Watonwan, MN",2024,11204.0
27167,"Wilkin, MN",2019,6542.0
27167,"Wilkin, MN",2020,6480.0
27167,"Wilkin, MN",2021,6413.0
27167,"Wilkin, MN",2022,6363.0
27167,"Wilkin, MN",2023,6330.0
27167,"Wilkin, MN",2024,6268.0
27169,"Winona, MN",2019,49855.0
27169,"Winona, MN",2020,49672.0
27169,"Winona, MN",2021,49819.0
27169,"Winona, MN",2022,49585.0
27169,"Winona, MN",2023,49846.0
27169,"Winona, MN",2024,49973.0
27171,"Wright, MN",2019,139919.0
27171,"Wright, MN",2020,141875.0
27171,"Wright, MN",2021,145209.0
27171,"Wright, MN",2022,148218.0
27171,"Wright, MN",2023,151452.0
27171,"Wright, MN",2024,154593.0
27173,"Yellow Medicine, MN",2019,9673.0
27173,"Yellow Medicine, MN",2020,9490.0
27173,"Yellow Medicine, MN",2021,9437.0
27173,"Yellow Medicine, MN",2022,9484.0
27173,"Yellow Medicine, MN",2023,9471.0
27173,"Yellow Medicine, MN",2024,9373.0
28001,"Adams, MS",2019,29898.0
28001,"Adams, MS",2020,29427.0
28001,"Adams, MS",2021,28504.0
28001,"Adams, MS",2022,28558.0
28001,"Adams, MS",2023,28854.0
28001,"Adams, MS",2024,28674.0
28003,"Alcorn, MS",2019,34973.0
28003,"Alcorn, MS",2020,34732.0
28003,"Alcorn, MS",2021,34344.0
28003,"Alcorn, MS",2022,34094.0
28003,"Alcorn, MS",2023,34046.0
28003,"Alcorn, MS",2024,34228.0
28005,"Amite, MS",2019,12724.0
28005,"Amite, MS",2020,12702.0
28005,"Amite, MS",2021,12626.0
28005,"Amite, MS",2022,12572.0
28005,"Amite, MS",2023,12474.0
28005,"Amite, MS",2024,12451.0
28007,"Attala, MS",2019,17996.0
28007,"Attala, MS",2020,17817.0
28007,"Attala, MS",2021,17716.0
28007,"Attala, MS",2022,17529.0
28007,"Attala, MS",2023,17346.0
28007,"Attala, MS",2024,17222.0
28009,"Benton, MS",2019,7632.0
28009,"Benton, MS",2020,7669.0
28009,"Benton, MS",2021,7645.0
28009,"Benton, MS",2022,7574.0
28009,"Benton, MS",2023,7491.0
28009,"Benton, MS",2024,7566.0
28011,"Bolivar, MS",2019,31316.0
28011,"Bolivar, MS",2020,30843.0
28011,"Bolivar, MS",2021,30140.0
28011,"Bolivar, MS",2022,29443.0
28011,"Bolivar, MS",2023,28850.0
28011,"Bolivar, MS",2024,28395.0
28013,"Calhoun, MS",2019,13411.0
28013,"Calhoun, MS",2020,13216.0
28013,"Calhoun, MS",2021,12962.0
28013,"Calhoun, MS",2022,12913.0
28013,"Calhoun, MS",2023,12766.0
28013,"Calhoun, MS",2024,12754.0
28015,"Carroll, MS",2019,10121.0
28015,"Carroll, MS",2020,9940.0
28015,"Carroll, MS",2021,9831.0
28015,"Carroll, MS",2022,9747.0
28015,"Carroll, MS",2023,9532.0
28015,"Carroll, MS",2024,9378.0
28017,"Chickasaw, MS",2019,17132.0
28017,"Chickasaw, MS",2020,17083.0
28017,"Chickasaw, MS",2021,17011.0
28017,"Chickasaw, MS",2022,16870.0
28017,"Chickasaw, MS",2023,16838.0
28017,"Chickasaw, MS",2024,16774.0
28019,"Choctaw, MS",2019,8323.0
28019,"Choctaw, MS",2020,8207.0
28019,"Choctaw, MS",2021,8134.0
28019,"Choctaw, MS",2022,8086.0
28019,"Choctaw, MS",2023,8072.0
28019,"Choctaw, MS",2024,8091.0
28021,"Claiborne, MS",2019,9177.0
28021,"Claiborne, MS",2020,9096.0
28021,"Claiborne, MS",2021,8668.0
28021,"Claiborne, MS",2022,8599.0
28021,"Claiborne, MS",2023,8425.0
28021,"Claiborne, MS",2024,8122.0
28023,"Clarke, MS",2019,15730.0
28023,"Clarke, MS",2020,15547.0
28023,"Clarke, MS",2021,15417.0
28023,"Clarke, MS",2022,15212.0
28023,"Clarke, MS",2023,15240.0
28023,"Clarke, MS",2024,15155.0
28025,"Clay, MS",2019,18665.0
28025,"Clay, MS",2020,18621.0
28025,"Clay, MS",2021,18482.0
28025,"Clay, MS",2022,18334.0
28025,"Clay, MS",2023,18265.0
28025,"Clay, MS",2024,18213.0
28027,"Coahoma, MS",2019,21786.0
28027,"Coahoma, MS",2020,21228.0
28027,"Coahoma, MS",2021,20712.0
28027,"Coahoma, MS",2022,20404.0
28027,"Coahoma, MS",2023,20253.0
28027,"Coahoma, MS",2024,20105.0
28029,"Copiah, MS",2019,28417.0
28029,"Copiah, MS",2020,28271.0
28029,"Copiah, MS",2021,27918.0
28029,"Copiah, MS",2022,27811.0
28029,"Copiah, MS",2023,27737.0
28029,"Copiah, MS",2024,27536.0
28031,"Covington, MS",2019,18357.0
28031,"Covington, MS",2020,18301.0
28031,"Covington, MS",2021,18280.0
28031,"Covington, MS",2022,18126.0
28031,"Covington, MS",2023,18020.0
28031,"Covington, MS",2024,18015.0
28033,"DeSoto, MS",2019,183200.0
28033,"DeSoto, MS",2020,186129.0
28033,"DeSoto, MS",2021,188957.0
28033,"DeSoto, MS",2022,191585.0
28033,"DeSoto, MS",2023,193961.0
28033,"DeSoto, MS",2024,195871.0
28035,"Forrest, MS",2019,77879.0
28035,"Forrest, MS",2020,78212.0
28035,"Forrest, MS",2021,77996.0
28035,"Forrest, MS",2022,78284.0
28035,"Forrest, MS",2023,78432.0
28035,"Forrest, MS",2024,78435.0
28037,"Franklin, MS",2019,7701.0
28037,"Franklin, MS",2020,7661.0
28037,"Franklin, MS",2021,7686.0
28037,"Franklin, MS",2022,7619.0
28037,"Franklin, MS",2023,7626.0
28037,"Franklin, MS",2024,7516.0
28039,"George, MS",2019,24348.0
28039,"George, MS",2020,24367.0
28039,"George, MS",2021,24795.0
28039,"George, MS",2022,25219.0
28039,"George, MS",2023,25589.0
28039,"George, MS",2024,25880.0
28041,"Greene, MS",2019,13591.0
28041,"Greene, MS",2020,13529.0
28041,"Greene, MS",2021,13664.0
28041,"Greene, MS",2022,13583.0
28041,"Greene, MS",2023,13625.0
28041,"Greene, MS",2024,13675.0
28043,"Grenada, MS",2019,21618.0
28043,"Grenada, MS",2020,21577.0
28043,"Grenada, MS",2021,21324.0
28043,"Grenada, MS",2022,21152.0
28043,"Grenada, MS",2023,21103.0
28043,"Grenada, MS",2024,20931.0
28045,"Hancock, MS",2019,45900.0
28045,"Hancock, MS",2020,46130.0
28045,"Hancock, MS",2021,46004.0
28045,"Hancock, MS",2022,46047.0
28045,"Hancock, MS",2023,46161.0
28045,"Hancock, MS",2024,46492.0
28047,"Harrison, MS",2019,207795.0
28047,"Harrison, MS",2020,208835.0
28047,"Harrison, MS",2021,209526.0
28047,"Harrison, MS",2022,210972.0
28047,"Harrison, MS",2023,211394.0
28047,"Harrison, MS",2024,213730.0
28049,"Hinds, MS",2019,230634.0
28049,"Hinds, MS",2020,226772.0
28049,"Hinds, MS",2021,222017.0
28049,"Hinds, MS",2022,217383.0
28049,"Hinds, MS",2023,214517.0
28049,"Hinds, MS",2024,211975.0
28051,"Holmes, MS",2019,17214.0
28051,"Holmes, MS",2020,16876.0
28051,"Holmes, MS",2021,16535.0
28051,"Holmes, MS",2022,16147.0
28051,"Holmes, MS",2023,15836.0
28051,"Holmes, MS",2024,15560.0
28053,"Humphreys, MS",2019,7948.0
28053,"Humphreys, MS",2020,7735.0
28053,"Humphreys, MS",2021,7558.0
28053,"Humphreys, MS",2022,7342.0
28053,"Humphreys, MS",2023,7217.0
28053,"Humphreys, MS",2024,7121.0
28055,"Issaquena, MS",2019,1402.0
28055,"Issaquena, MS",2020,1325.0
28055,"Issaquena, MS",2021,1318.0
28055,"Issaquena, MS",2022,1284.0
28055,"Issaquena, MS",2023,1280.0
28055,"Issaquena, MS",2024,1295.0
28057,"Itawamba, MS",2019,23867.0
28057,"Itawamba, MS",2020,23865.0
28057,"Itawamba, MS",2021,23945.0
28057,"Itawamba, MS",2022,24034.0
28057,"Itawamba, MS",2023,24139.0
28057,"Itawamba, MS",2024,24198.0
28059,"Jackson, MS",2019,142904.0
28059,"Jackson, MS",2020,143378.0
28059,"Jackson, MS",2021,144482.0
28059,"Jackson, MS",2022,145218.0
28059,"Jackson, MS",2023,146165.0
28059,"Jackson, MS",2024,147002.0
28061,"Jasper, MS",2019,16377.0
28061,"Jasper, MS",2020,16352.0
28061,"Jasper, MS",2021,16155.0
28061,"Jasper, MS",2022,16020.0
28061,"Jasper, MS",2023,15970.0
28061,"Jasper, MS",2024,15799.0
28063,"Jefferson, MS",2019,7258.0
28063,"Jefferson, MS",2020,7245.0
28063,"Jefferson, MS",2021,7137.0
28063,"Jefferson, MS",2022,7086.0
28063,"Jefferson, MS",2023,6974.0
28063,"Jefferson, MS",2024,6900.0
28065,"Jefferson Davis, MS",2019,11430.0
28065,"Jefferson Davis, MS",2020,11274.0
28065,"Jefferson Davis, MS",2021,11170.0
28065,"Jefferson Davis, MS",2022,11086.0
28065,"Jefferson Davis, MS",2023,10997.0
28065,"Jefferson Davis, MS",2024,11059.0
28067,"Jones, MS",2019,67474.0
28067,"Jones, MS",2020,67173.0
28067,"Jones, MS",2021,66747.0
28067,"Jones, MS",2022,66464.0
28067,"Jones, MS",2023,66141.0
28067,"Jones, MS",2024,65837.0
28069,"Kemper, MS",2019,9225.0
28069,"Kemper, MS",2020,8962.0
28069,"Kemper, MS",2021,8809.0
28069,"Kemper, MS",2022,8692.0
28069,"Kemper, MS",2023,8620.0
28069,"Kemper, MS",2024,8562.0
28071,"Lafayette, MS",2019,55538.0
28071,"Lafayette, MS",2020,55916.0
28071,"Lafayette, MS",2021,57700.0
28071,"Lafayette, MS",2022,58776.0
28071,"Lafayette, MS",2023,59400.0
28071,"Lafayette, MS",2024,59843.0
28073,"Lamar, MS",2019,63623.0
28073,"Lamar, MS",2020,64393.0
28073,"Lamar, MS",2021,65420.0
28073,"Lamar, MS",2022,65811.0
28073,"Lamar, MS",2023,66207.0
28073,"Lamar, MS",2024,66734.0
28075,"Lauderdale, MS",2019,73640.0
28075,"Lauderdale, MS",2020,72676.0
28075,"Lauderdale, MS",2021,72032.0
28075,"Lauderdale, MS",2022,71323.0
28075,"Lauderdale, MS",2023,70901.0
28075,"Lauderdale, MS",2024,70588.0
28077,"Lawrence, MS",2019,12145.0
28077,"Lawrence, MS",2020,11984.0
28077,"Lawrence, MS",2021,11790.0
28077,"Lawrence, MS",2022,11766.0
28077,"Lawrence, MS",2023,11718.0
28077,"Lawrence, MS",2024,11672.0
28079,"Leake, MS",2019,21438.0
28079,"Leake, MS",2020,21250.0
28079,"Leake, MS",2021,21270.0
28079,"Leake, MS",2022,21279.0
28079,"Leake, MS",2023,21336.0
28079,"Leake, MS",2024,21462.0
28081,"Lee, MS",2019,83632.0
28081,"Lee, MS",2020,83319.0
28081,"Lee, MS",2021,83002.0
28081,"Lee, MS",2022,82946.0
28081,"Lee, MS",2023,82893.0
28081,"Lee, MS",2024,83012.0
28083,"Leflore, MS",2019,28555.0
28083,"Leflore, MS",2020,28341.0
28083,"Leflore, MS",2021,27676.0
28083,"Leflore, MS",2022,26938.0
28083,"Leflore, MS",2023,26595.0
28083,"Leflore, MS",2024,26157.0
28085,"Lincoln, MS",2019,34943.0
28085,"Lincoln, MS",2020,34844.0
28085,"Lincoln, MS",2021,34961.0
28085,"Lincoln, MS",2022,34807.0
28085,"Lincoln, MS",2023,34815.0
28085,"Lincoln, MS",2024,34956.0
28087,"Lowndes, MS",2019,59053.0
28087,"Lowndes, MS",2020,58783.0
28087,"Lowndes, MS",2021,58133.0
28087,"Lowndes, MS",2022,57694.0
28087,"Lowndes, MS",2023,57369.0
28087,"Lowndes, MS",2024,57210.0
28089,"Madison, MS",2019,108518.0
28089,"Madison, MS",2020,109252.0
28089,"Madison, MS",2021,109972.0
28089,"Madison, MS",2022,111694.0
28089,"Madison, MS",2023,113068.0
28089,"Madison, MS",2024,114247.0
28091,"Marion, MS",2019,24484.0
28091,"Marion, MS",2020,24376.0
28091,"Marion, MS",2021,24308.0
28091,"Marion, MS",2022,24142.0
28091,"Marion, MS",2023,24133.0
28091,"Marion, MS",2024,24008.0
28093,"Marshall, MS",2019,33844.0
28093,"Marshall, MS",2020,33783.0
28093,"Marshall, MS",2021,33660.0
28093,"Marshall, MS",2022,33897.0
28093,"Marshall, MS",2023,34180.0
28093,"Marshall, MS",2024,34374.0
28095,"Monroe, MS",2019,34367.0
28095,"Monroe, MS",2020,34135.0
28095,"Monroe, MS",2021,33918.0
28095,"Monroe, MS",2022,33561.0
28095,"Monroe, MS",2023,33636.0
28095,"Monroe, MS",2024,33483.0
28097,"Montgomery, MS",2019,9885.0
28097,"Montgomery, MS",2020,9793.0
28097,"Montgomery, MS",2021,9696.0
28097,"Montgomery, MS",2022,9547.0
28097,"Montgomery, MS",2023,9565.0
28097,"Montgomery, MS",2024,9411.0
28099,"Neshoba, MS",2019,29208.0
28099,"Neshoba, MS",2020,29003.0
28099,"Neshoba, MS",2021,28923.0
28099,"Neshoba, MS",2022,28854.0
28099,"Neshoba, MS",2023,28908.0
28099,"Neshoba, MS",2024,28973.0
28101,"Newton, MS",2019,21347.0
28101,"Newton, MS",2020,21254.0
28101,"Newton, MS",2021,21088.0
28101,"Newton, MS",2022,21017.0
28101,"Newton, MS",2023,21041.0
28101,"Newton, MS",2024,21063.0
28103,"Noxubee, MS",2019,10420.0
28103,"Noxubee, MS",2020,10226.0
28103,"Noxubee, MS",2021,10116.0
28103,"Noxubee, MS",2022,10019.0
28103,"Noxubee, MS",2023,9938.0
28103,"Noxubee, MS",2024,9825.0
28105,"Oktibbeha, MS",2019,51418.0
28105,"Oktibbeha, MS",2020,51705.0
28105,"Oktibbeha, MS",2021,51803.0
28105,"Oktibbeha, MS",2022,51661.0
28105,"Oktibbeha, MS",2023,51721.0
28105,"Oktibbeha, MS",2024,51965.0
28107,"Panola, MS",2019,33436.0
28107,"Panola, MS",2020,33170.0
28107,"Panola, MS",2021,32902.0
28107,"Panola, MS",2022,32553.0
28107,"Panola, MS",2023,32651.0
28107,"Panola, MS",2024,32764.0
28109,"Pearl River, MS",2019,56037.0
28109,"Pearl River, MS",2020,56207.0
28109,"Pearl River, MS",2021,56519.0
28109,"Pearl River, MS",2022,57338.0
28109,"Pearl River, MS",2023,58198.0
28109,"Pearl River, MS",2024,59030.0
28111,"Perry, MS",2019,11643.0
28111,"Perry, MS",2020,11459.0
28111,"Perry, MS",2021,11507.0
28111,"Perry, MS",2022,11440.0
28111,"Perry, MS",2023,11433.0
28111,"Perry, MS",2024,11406.0
28113,"Pike, MS",2019,40439.0
28113,"Pike, MS",2020,40193.0
28113,"Pike, MS",2021,39976.0
28113,"Pike, MS",2022,39592.0
28113,"Pike, MS",2023,39271.0
28113,"Pike, MS",2024,38980.0
28115,"Pontotoc, MS",2019,31135.0
28115,"Pontotoc, MS",2020,31195.0
28115,"Pontotoc, MS",2021,31332.0
28115,"Pontotoc, MS",2022,31449.0
28115,"Pontotoc, MS",2023,31761.0
28115,"Pontotoc, MS",2024,32014.0
28117,"Prentiss, MS",2019,25051.0
28117,"Prentiss, MS",2020,24974.0
28117,"Prentiss, MS",2021,25052.0
28117,"Prentiss, MS",2022,25094.0
28117,"Prentiss, MS",2023,25310.0
28117,"Prentiss, MS",2024,25489.0
28119,"Quitman, MS",2019,6253.0
28119,"Quitman, MS",2020,6153.0
28119,"Quitman, MS",2021,5897.0
28119,"Quitman, MS",2022,5683.0
28119,"Quitman, MS",2023,5592.0
28119,"Quitman, MS",2024,5542.0
28121,"Rankin, MS",2019,156435.0
28121,"Rankin, MS",2020,157175.0
28121,"Rankin, MS",2021,157600.0
28121,"Rankin, MS",2022,158733.0
28121,"Rankin, MS",2023,160184.0
28121,"Rankin, MS",2024,160573.0
28123,"Scott, MS",2019,28098.0
28123,"Scott, MS",2020,27977.0
28123,"Scott, MS",2021,27617.0
28123,"Scott, MS",2022,27710.0
28123,"Scott, MS",2023,27619.0
28123,"Scott, MS",2024,27666.0
28125,"Sharkey, MS",2019,3933.0
28125,"Sharkey, MS",2020,3774.0
28125,"Sharkey, MS",2021,3629.0
28125,"Sharkey, MS",2022,3483.0
28125,"Sharkey, MS",2023,3378.0
28125,"Sharkey, MS",2024,3234.0
28127,"Simpson, MS",2019,26135.0
28127,"Simpson, MS",2020,25890.0
28127,"Simpson, MS",2021,25699.0
28127,"Simpson, MS",2022,25615.0
28127,"Simpson, MS",2023,25653.0
28127,"Simpson, MS",2024,25597.0
28129,"Smith, MS",2019,14384.0
28129,"Smith, MS",2020,14205.0
28129,"Smith, MS",2021,14199.0
28129,"Smith, MS",2022,14095.0
28129,"Smith, MS",2023,14108.0
28129,"Smith, MS",2024,14051.0
28131,"Stone, MS",2019,18291.0
28131,"Stone, MS",2020,18329.0
28131,"Stone, MS",2021,18736.0
28131,"Stone, MS",2022,18834.0
28131,"Stone, MS",2023,19004.0
28131,"Stone, MS",2024,19569.0
28133,"Sunflower, MS",2019,26186.0
28133,"Sunflower, MS",2020,25702.0
28133,"Sunflower, MS",2021,24681.0
28133,"Sunflower, MS",2022,24314.0
28133,"Sunflower, MS",2023,23940.0
28133,"Sunflower, MS",2024,23029.0
28135,"Tallahatchie, MS",2019,12954.0
28135,"Tallahatchie, MS",2020,12647.0
28135,"Tallahatchie, MS",2021,11969.0
28135,"Tallahatchie, MS",2022,11762.0
28135,"Tallahatchie, MS",2023,11517.0
28135,"Tallahatchie, MS",2024,10921.0
28137,"Tate, MS",2019,27935.0
28137,"Tate, MS",2020,28119.0
28137,"Tate, MS",2021,28173.0
28137,"Tate, MS",2022,28372.0
28137,"Tate, MS",2023,28389.0
28137,"Tate, MS",2024,28551.0
28139,"Tippah, MS",2019,22026.0
28139,"Tippah, MS",2020,21737.0
28139,"Tippah, MS",2021,21599.0
28139,"Tippah, MS",2022,21480.0
28139,"Tippah, MS",2023,21377.0
28139,"Tippah, MS",2024,21423.0
28141,"Tishomingo, MS",2019,18964.0
28141,"Tishomingo, MS",2020,18854.0
28141,"Tishomingo, MS",2021,18745.0
28141,"Tishomingo, MS",2022,18626.0
28141,"Tishomingo, MS",2023,18524.0
28141,"Tishomingo, MS",2024,18553.0
28143,"Tunica, MS",2019,9934.0
28143,"Tunica, MS",2020,9734.0
28143,"Tunica, MS",2021,9644.0
28143,"Tunica, MS",2022,9461.0
28143,"Tunica, MS",2023,9380.0
28143,"Tunica, MS",2024,9157.0
28145,"Union, MS",2019,27738.0
28145,"Union, MS",2020,27814.0
28145,"Union, MS",2021,28029.0
28145,"Union, MS",2022,28130.0
28145,"Union, MS",2023,28275.0
28145,"Union, MS",2024,28363.0
28147,"Walthall, MS",2019,13936.0
28147,"Walthall, MS",2020,13873.0
28147,"Walthall, MS",2021,13835.0
28147,"Walthall, MS",2022,13815.0
28147,"Walthall, MS",2023,13835.0
28147,"Walthall, MS",2024,13839.0
28149,"Warren, MS",2019,45216.0
28149,"Warren, MS",2020,44550.0
28149,"Warren, MS",2021,43440.0
28149,"Warren, MS",2022,42684.0
28149,"Warren, MS",2023,42323.0
28149,"Warren, MS",2024,42105.0
28151,"Washington, MS",2019,45635.0
28151,"Washington, MS",2020,44648.0
28151,"Washington, MS",2021,43605.0
28151,"Washington, MS",2022,42490.0
28151,"Washington, MS",2023,41902.0
28151,"Washington, MS",2024,41181.0
28153,"Wayne, MS",2019,19732.0
28153,"Wayne, MS",2020,19807.0
28153,"Wayne, MS",2021,19672.0
28153,"Wayne, MS",2022,19617.0
28153,"Wayne, MS",2023,19743.0
28153,"Wayne, MS",2024,19749.0
28155,"Webster, MS",2019,9927.0
28155,"Webster, MS",2020,9904.0
28155,"Webster, MS",2021,9975.0
28155,"Webster, MS",2022,9953.0
28155,"Webster, MS",2023,9989.0
28155,"Webster, MS",2024,10039.0
28157,"Wilkinson, MS",2019,8779.0
28157,"Wilkinson, MS",2020,8524.0
28157,"Wilkinson, MS",2021,8303.0
28157,"Wilkinson, MS",2022,8175.0
28157,"Wilkinson, MS",2023,7988.0
28157,"Wilkinson, MS",2024,7820.0
28159,"Winston, MS",2019,17849.0
28159,"Winston, MS",2020,17686.0
28159,"Winston, MS",2021,17573.0
28159,"Winston, MS",2022,17527.0
28159,"Winston, MS",2023,17476.0
28159,"Winston, MS",2024,17418.0
28161,"Yalobusha, MS",2019,12557.0
28161,"Yalobusha, MS",2020,12436.0
28161,"Yalobusha, MS",2021,12438.0
28161,"Yalobusha, MS",2022,12395.0
28161,"Yalobusha, MS",2023,12369.0
28161,"Yalobusha, MS",2024,12458.0
28163,"Yazoo, MS",2019,28889.0
28163,"Yazoo, MS",2020,26670.0
28163,"Yazoo, MS",2021,25180.0
28163,"Yazoo, MS",2022,24698.0
28163,"Yazoo, MS",2023,24603.0
28163,"Yazoo, MS",2024,23024.0
29001,"Adair, MO",2019,25370.0
29001,"Adair, MO",2020,25272.0
29001,"Adair, MO",2021,25188.0
29001,"Adair, MO",2022,25155.0
29001,"Adair, MO",2023,25231.0
29001,"Adair, MO",2024,25660.0
29003,"Andrew, MO",2019,18160.0
29003,"Andrew, MO",2020,18102.0
29003,"Andrew, MO",2021,18015.0
29003,"Andrew, MO",2022,18008.0
29003,"Andrew, MO",2023,18109.0
29003,"Andrew, MO",2024,18091.0
29005,"Atchison, MO",2019,5291.0
29005,"Atchison, MO",2020,5305.0
29005,"Atchison, MO",2021,5210.0
29005,"Atchison, MO",2022,5163.0
29005,"Atchison, MO",2023,5116.0
29005,"Atchison, MO",2024,5139.0
29007,"Audrain, MO",2019,25014.0
29007,"Audrain, MO",2020,24781.0
29007,"Audrain, MO",2021,24858.0
29007,"Audrain, MO",2022,24455.0
29007,"Audrain, MO",2023,24342.0
29007,"Audrain, MO",2024,24304.0
29009,"Barry, MO",2019,34531.0
29009,"Barry, MO",2020,34542.0
29009,"Barry, MO",2021,34762.0
29009,"Barry, MO",2022,34931.0
29009,"Barry, MO",2023,35310.0
29009,"Barry, MO",2024,35618.0
29011,"Barton, MO",2019,11687.0
29011,"Barton, MO",2020,11623.0
29011,"Barton, MO",2021,11670.0
29011,"Barton, MO",2022,11695.0
29011,"Barton, MO",2023,11743.0
29011,"Barton, MO",2024,11717.0
29013,"Bates, MO",2019,16003.0
29013,"Bates, MO",2020,16053.0
29013,"Bates, MO",2021,16099.0
29013,"Bates, MO",2022,16156.0
29013,"Bates, MO",2023,16226.0
29013,"Bates, MO",2024,16394.0
29015,"Benton, MO",2019,19266.0
29015,"Benton, MO",2020,19425.0
29015,"Benton, MO",2021,19940.0
29015,"Benton, MO",2022,20216.0
29015,"Benton, MO",2023,20560.0
29015,"Benton, MO",2024,20614.0
29017,"Bollinger, MO",2019,10686.0
29017,"Bollinger, MO",2020,10555.0
29017,"Bollinger, MO",2021,10582.0
29017,"Bollinger, MO",2022,10510.0
29017,"Bollinger, MO",2023,10536.0
29017,"Bollinger, MO",2024,10610.0
29019,"Boone, MO",2019,181970.0
29019,"Boone, MO",2020,184050.0
29019,"Boone, MO",2021,186132.0
29019,"Boone, MO",2022,187743.0
29019,"Boone, MO",2023,190138.0
29019,"Boone, MO",2024,192154.0
29021,"Buchanan, MO",2019,85382.0
29021,"Buchanan, MO",2020,84472.0
29021,"Buchanan, MO",2021,83636.0
29021,"Buchanan, MO",2022,82956.0
29021,"Buchanan, MO",2023,83201.0
29021,"Buchanan, MO",2024,83574.0
29023,"Butler, MO",2019,42380.0
29023,"Butler, MO",2020,42063.0
29023,"Butler, MO",2021,42163.0
29023,"Butler, MO",2022,42150.0
29023,"Butler, MO",2023,41910.0
29023,"Butler, MO",2024,41814.0
29025,"Caldwell, MO",2019,8812.0
29025,"Caldwell, MO",2020,8821.0
29025,"Caldwell, MO",2021,8900.0
29025,"Caldwell, MO",2022,8939.0
29025,"Caldwell, MO",2023,8976.0
29025,"Caldwell, MO",2024,9000.0
29027,"Callaway, MO",2019,44217.0
29027,"Callaway, MO",2020,44346.0
29027,"Callaway, MO",2021,44655.0
29027,"Callaway, MO",2022,44760.0
29027,"Callaway, MO",2023,44818.0
29027,"Callaway, MO",2024,45126.0
29029,"Camden, MO",2019,42810.0
29029,"Camden, MO",2020,42807.0
29029,"Camden, MO",2021,43513.0
29029,"Camden, MO",2022,43779.0
29029,"Camden, MO",2023,44099.0
29029,"Camden, MO",2024,44135.0
29031,"Cape Girardeau, MO",2019,81072.0
29031,"Cape Girardeau, MO",2020,81824.0
29031,"Cape Girardeau, MO",2021,82144.0
29031,"Cape Girardeau, MO",2022,82940.0
29031,"Cape Girardeau, MO",2023,83110.0
29031,"Cape Girardeau, MO",2024,83658.0
29033,"Carroll, MO",2019,8591.0
29033,"Carroll, MO",2020,8464.0
29033,"Carroll, MO",2021,8398.0
29033,"Carroll, MO",2022,8410.0
29033,"Carroll, MO",2023,8367.0
29033,"Carroll, MO",2024,8414.0
29035,"Carter, MO",2019,5245.0
29035,"Carter, MO",2020,5205.0
29035,"Carter, MO",2021,5325.0
29035,"Carter, MO",2022,5267.0
29035,"Carter, MO",2023,5329.0
29035,"Carter, MO",2024,5359.0
29037,"Cass, MO",2019,106847.0
29037,"Cass, MO",2020,108162.0
29037,"Cass, MO",2021,109792.0
29037,"Cass, MO",2022,110345.0
29037,"Cass, MO",2023,111695.0
29037,"Cass, MO",2024,113873.0
29039,"Cedar, MO",2019,14158.0
29039,"Cedar, MO",2020,14214.0
29039,"Cedar, MO",2021,14519.0
29039,"Cedar, MO",2022,14612.0
29039,"Cedar, MO",2023,14706.0
29039,"Cedar, MO",2024,15023.0
29041,"Chariton, MO",2019,7474.0
29041,"Chariton, MO",2020,7390.0
29041,"Chariton, MO",2021,7367.0
29041,"Chariton, MO",2022,7395.0
29041,"Chariton, MO",2023,7403.0
29041,"Chariton, MO",2024,7397.0
29043,"Christian, MO",2019,87578.0
29043,"Christian, MO",2020,89294.0
29043,"Christian, MO",2021,91636.0
29043,"Christian, MO",2022,93130.0
29043,"Christian, MO",2023,94469.0
29043,"Christian, MO",2024,96045.0
29045,"Clark, MO",2019,6625.0
29045,"Clark, MO",2020,6658.0
29045,"Clark, MO",2021,6734.0
29045,"Clark, MO",2022,6714.0
29045,"Clark, MO",2023,6648.0
29045,"Clark, MO",2024,6623.0
29047,"Clay, MO",2019,250952.0
29047,"Clay, MO",2020,254145.0
29047,"Clay, MO",2021,255908.0
29047,"Clay, MO",2022,257037.0
29047,"Clay, MO",2023,260150.0
29047,"Clay, MO",2024,263370.0
29049,"Clinton, MO",2019,21032.0
29049,"Clinton, MO",2020,21218.0
29049,"Clinton, MO",2021,21222.0
29049,"Clinton, MO",2022,21339.0
29049,"Clinton, MO",2023,21569.0
29049,"Clinton, MO",2024,21721.0
29051,"Cole, MO",2019,77585.0
29051,"Cole, MO",2020,76624.0
29051,"Cole, MO",2021,76616.0
29051,"Cole, MO",2022,76977.0
29051,"Cole, MO",2023,77318.0
29051,"Cole, MO",2024,77625.0
29053,"Cooper, MO",2019,17426.0
29053,"Cooper, MO",2020,16647.0
29053,"Cooper, MO",2021,16682.0
29053,"Cooper, MO",2022,16741.0
29053,"Cooper, MO",2023,16926.0
29053,"Cooper, MO",2024,17122.0
29055,"Crawford, MO",2019,23187.0
29055,"Crawford, MO",2020,23036.0
29055,"Crawford, MO",2021,22826.0
29055,"Crawford, MO",2022,22622.0
29055,"Crawford, MO",2023,22691.0
29055,"Crawford, MO",2024,22808.0
29057,"Dade, MO",2019,7559.0
29057,"Dade, MO",2020,7586.0
29057,"Dade, MO",2021,7600.0
29057,"Dade, MO",2022,7679.0
29057,"Dade, MO",2023,7719.0
29057,"Dade, MO",2024,7622.0
29059,"Dallas, MO",2019,16885.0
29059,"Dallas, MO",2020,17132.0
29059,"Dallas, MO",2021,17344.0
29059,"Dallas, MO",2022,17610.0
29059,"Dallas, MO",2023,17793.0
29059,"Dallas, MO",2024,17877.0
29061,"Daviess, MO",2019,8395.0
29061,"Daviess, MO",2020,8433.0
29061,"Daviess, MO",2021,8404.0
29061,"Daviess, MO",2022,8455.0
29061,"Daviess, MO",2023,8554.0
29061,"Daviess, MO",2024,8541.0
29063,"DeKalb, MO",2019,10910.0
29063,"DeKalb, MO",2020,11596.0
29063,"DeKalb, MO",2021,11695.0
29063,"DeKalb, MO",2022,11307.0
29063,"DeKalb, MO",2023,9899.0
29063,"DeKalb, MO",2024,9884.0
29065,"Dent, MO",2019,14537.0
29065,"Dent, MO",2020,14389.0
29065,"Dent, MO",2021,14461.0
29065,"Dent, MO",2022,14471.0
29065,"Dent, MO",2023,14654.0
29065,"Dent, MO",2024,14721.0
29067,"Douglas, MO",2019,11615.0
29067,"Douglas, MO",2020,11600.0
29067,"Douglas, MO",2021,11746.0
29067,"Douglas, MO",2022,11967.0
29067,"Douglas, MO",2023,12224.0
29067,"Douglas, MO",2024,12290.0
29069,"Dunklin, MO",2019,28531.0
29069,"Dunklin, MO",2020,28216.0
29069,"Dunklin, MO",2021,27739.0
29069,"Dunklin, MO",2022,27444.0
29069,"Dunklin, MO",2023,27066.0
29069,"Dunklin, MO",2024,27002.0
29071,"Franklin, MO",2019,104149.0
29071,"Franklin, MO",2020,104867.0
29071,"Franklin, MO",2021,105317.0
29071,"Franklin, MO",2022,105865.0
29071,"Franklin, MO",2023,106444.0
29071,"Franklin, MO",2024,107256.0
29073,"Gasconade, MO",2019,14838.0
29073,"Gasconade, MO",2020,14763.0
29073,"Gasconade, MO",2021,14782.0
29073,"Gasconade, MO",2022,14800.0
29073,"Gasconade, MO",2023,14731.0
29073,"Gasconade, MO",2024,14655.0
29075,"Gentry, MO",2019,6246.0
29075,"Gentry, MO",2020,6136.0
29075,"Gentry, MO",2021,6189.0
29075,"Gentry, MO",2022,6291.0
29075,"Gentry, MO",2023,6311.0
29075,"Gentry, MO",2024,6298.0
29077,"Greene, MO",2019,297315.0
29077,"Greene, MO",2020,299332.0
29077,"Greene, MO",2021,301137.0
29077,"Greene, MO",2022,303336.0
29077,"Greene, MO",2023,305130.0
29077,"Greene, MO",2024,307942.0
29079,"Grundy, MO",2019,9927.0
29079,"Grundy, MO",2020,9757.0
29079,"Grundy, MO",2021,9762.0
29079,"Grundy, MO",2022,9828.0
29079,"Grundy, MO",2023,9807.0
29079,"Grundy, MO",2024,9766.0
29081,"Harrison, MO",2019,8182.0
29081,"Harrison, MO",2020,8157.0
29081,"Harrison, MO",2021,8179.0
29081,"Harrison, MO",2022,8213.0
29081,"Harrison, MO",2023,8216.0
29081,"Harrison, MO",2024,8186.0
29083,"Henry, MO",2019,21853.0
29083,"Henry, MO",2020,21982.0
29083,"Henry, MO",2021,22220.0
29083,"Henry, MO",2022,22404.0
29083,"Henry, MO",2023,22457.0
29083,"Henry, MO",2024,22575.0
29085,"Hickory, MO",2019,8304.0
29085,"Hickory, MO",2020,8298.0
29085,"Hickory, MO",2021,8572.0
29085,"Hickory, MO",2022,8576.0
29085,"Hickory, MO",2023,8715.0
29085,"Hickory, MO",2024,8766.0
29087,"Holt, MO",2019,4347.0
29087,"Holt, MO",2020,4191.0
29087,"Holt, MO",2021,4234.0
29087,"Holt, MO",2022,4265.0
29087,"Holt, MO",2023,4266.0
29087,"Holt, MO",2024,4241.0
29089,"Howard, MO",2019,10126.0
29089,"Howard, MO",2020,10157.0
29089,"Howard, MO",2021,10144.0
29089,"Howard, MO",2022,10169.0
29089,"Howard, MO",2023,10116.0
29089,"Howard, MO",2024,10150.0
29091,"Howell, MO",2019,39630.0
29091,"Howell, MO",2020,39806.0
29091,"Howell, MO",2021,40026.0
29091,"Howell, MO",2022,40612.0
29091,"Howell, MO",2023,40707.0
29091,"Howell, MO",2024,40762.0
29093,"Iron, MO",2019,9613.0
29093,"Iron, MO",2020,9513.0
29093,"Iron, MO",2021,9431.0
29093,"Iron, MO",2022,9411.0
29093,"Iron, MO",2023,9454.0
29093,"Iron, MO",2024,9420.0
29095,"Jackson, MO",2019,714801.0
29095,"Jackson, MO",2020,717662.0
29095,"Jackson, MO",2021,717993.0
29095,"Jackson, MO",2022,716580.0
29095,"Jackson, MO",2023,720283.0
29095,"Jackson, MO",2024,727362.0
29097,"Jasper, MO",2019,122309.0
29097,"Jasper, MO",2020,122896.0
29097,"Jasper, MO",2021,123324.0
29097,"Jasper, MO",2022,123969.0
29097,"Jasper, MO",2023,125117.0
29097,"Jasper, MO",2024,126479.0
29099,"Jefferson, MO",2019,225765.0
29099,"Jefferson, MO",2020,226947.0
29099,"Jefferson, MO",2021,228030.0
29099,"Jefferson, MO",2022,229268.0
29099,"Jefferson, MO",2023,231155.0
29099,"Jefferson, MO",2024,231888.0
29101,"Johnson, MO",2019,53982.0
29101,"Johnson, MO",2020,54039.0
29101,"Johnson, MO",2021,54209.0
29101,"Johnson, MO",2022,54423.0
29101,"Johnson, MO",2023,55107.0
29101,"Johnson, MO",2024,55880.0
29103,"Knox, MO",2019,3771.0
29103,"Knox, MO",2020,3739.0
29103,"Knox, MO",2021,3786.0
29103,"Knox, MO",2022,3777.0
29103,"Knox, MO",2023,3736.0
29103,"Knox, MO",2024,3740.0
29105,"Laclede, MO",2019,35996.0
29105,"Laclede, MO",2020,36046.0
29105,"Laclede, MO",2021,36163.0
29105,"Laclede, MO",2022,36330.0
29105,"Laclede, MO",2023,36674.0
29105,"Laclede, MO",2024,36738.0
29107,"Lafayette, MO",2019,32775.0
29107,"Lafayette, MO",2020,33050.0
29107,"Lafayette, MO",2021,32835.0
29107,"Lafayette, MO",2022,32937.0
29107,"Lafayette, MO",2023,33244.0
29107,"Lafayette, MO",2024,33511.0
29109,"Lawrence, MO",2019,38088.0
29109,"Lawrence, MO",2020,37998.0
29109,"Lawrence, MO",2021,38263.0
29109,"Lawrence, MO",2022,38672.0
29109,"Lawrence, MO",2023,38879.0
29109,"Lawrence, MO",2024,39151.0
29111,"Lewis, MO",2019,9998.0
29111,"Lewis, MO",2020,10039.0
29111,"Lewis, MO",2021,10000.0
29111,"Lewis, MO",2022,9888.0
29111,"Lewis, MO",2023,9840.0
29111,"Lewis, MO",2024,9852.0
29113,"Lincoln, MO",2019,58765.0
29113,"Lincoln, MO",2020,59857.0
29113,"Lincoln, MO",2021,61651.0
29113,"Lincoln, MO",2022,63184.0
29113,"Lincoln, MO",2023,64707.0
29113,"Lincoln, MO",2024,65888.0
29115,"Linn, MO",2019,11923.0
29115,"Linn, MO",2020,11857.0
29115,"Linn, MO",2021,11844.0
29115,"Linn, MO",2022,11842.0
29115,"Linn, MO",2023,11808.0
29115,"Linn, MO",2024,11910.0
29117,"Livingston, MO",2019,14998.0
29117,"Livingston, MO",2020,13990.0
29117,"Livingston, MO",2021,14206.0
29117,"Livingston, MO",2022,14365.0
29117,"Livingston, MO",2023,14595.0
29117,"Livingston, MO",2024,14658.0
29119,"McDonald, MO",2019,23280.0
29119,"McDonald, MO",2020,23278.0
29119,"McDonald, MO",2021,23432.0
29119,"McDonald, MO",2022,23623.0
29119,"McDonald, MO",2023,24117.0
29119,"McDonald, MO",2024,24054.0
29121,"Macon, MO",2019,15206.0
29121,"Macon, MO",2020,15199.0
29121,"Macon, MO",2021,15183.0
29121,"Macon, MO",2022,15084.0
29121,"Macon, MO",2023,15173.0
29121,"Macon, MO",2024,15177.0
29123,"Madison, MO",2019,12601.0
29123,"Madison, MO",2020,12625.0
29123,"Madison, MO",2021,12665.0
29123,"Madison, MO",2022,12763.0
29123,"Madison, MO",2023,12739.0
29123,"Madison, MO",2024,12852.0
29125,"Maries, MO",2019,8419.0
29125,"Maries, MO",2020,8451.0
29125,"Maries, MO",2021,8418.0
29125,"Maries, MO",2022,8434.0
29125,"Maries, MO",2023,8441.0
29125,"Maries, MO",2024,8506.0
29127,"Marion, MO",2019,28598.0
29127,"Marion, MO",2020,28493.0
29127,"Marion, MO",2021,28564.0
29127,"Marion, MO",2022,28489.0
29127,"Marion, MO",2023,28312.0
29127,"Marion, MO",2024,28425.0
29129,"Mercer, MO",2019,3591.0
29129,"Mercer, MO",2020,3512.0
29129,"Mercer, MO",2021,3480.0
29129,"Mercer, MO",2022,3469.0
29129,"Mercer, MO",2023,3499.0
29129,"Mercer, MO",2024,3452.0
29131,"Miller, MO",2019,24668.0
29131,"Miller, MO",2020,24778.0
29131,"Miller, MO",2021,24949.0
29131,"Miller, MO",2022,25384.0
29131,"Miller, MO",2023,25566.0
29131,"Miller, MO",2024,25668.0
29133,"Mississippi, MO",2019,12972.0
29133,"Mississippi, MO",2020,12121.0
29133,"Mississippi, MO",2021,12105.0
29133,"Mississippi, MO",2022,11683.0
29133,"Mississippi, MO",2023,11852.0
29133,"Mississippi, MO",2024,11750.0
29135,"Moniteau, MO",2019,15654.0
29135,"Moniteau, MO",2020,15216.0
29135,"Moniteau, MO",2021,15313.0
29135,"Moniteau, MO",2022,15241.0
29135,"Moniteau, MO",2023,15245.0
29135,"Moniteau, MO",2024,15294.0
29137,"Monroe, MO",2019,8632.0
29137,"Monroe, MO",2020,8693.0
29137,"Monroe, MO",2021,8708.0
29137,"Monroe, MO",2022,8650.0
29137,"Monroe, MO",2023,8731.0
29137,"Monroe, MO",2024,8890.0
29139,"Montgomery, MO",2019,11453.0
29139,"Montgomery, MO",2020,11286.0
29139,"Montgomery, MO",2021,11440.0
29139,"Montgomery, MO",2022,11463.0
29139,"Montgomery, MO",2023,11430.0
29139,"Montgomery, MO",2024,11511.0
29141,"Morgan, MO",2019,20965.0
29141,"Morgan, MO",2020,21001.0
29141,"Morgan, MO",2021,21441.0
29141,"Morgan, MO",2022,21781.0
29141,"Morgan, MO",2023,21963.0
29141,"Morgan, MO",2024,22399.0
29143,"New Madrid, MO",2019,16725.0
29143,"New Madrid, MO",2020,16329.0
29143,"New Madrid, MO",2021,16039.0
29143,"New Madrid, MO",2022,15686.0
29143,"New Madrid, MO",2023,15388.0
29143,"New Madrid, MO",2024,15212.0
29145,"Newton, MO",2019,58528.0
29145,"Newton, MO",2020,58699.0
29145,"Newton, MO",2021,59451.0
29145,"Newton, MO",2022,60107.0
29145,"Newton, MO",2023,60813.0
29145,"Newton, MO",2024,61519.0
29147,"Nodaway, MO",2019,21561.0
29147,"Nodaway, MO",2020,20999.0
29147,"Nodaway, MO",2021,20984.0
29147,"Nodaway, MO",2022,20690.0
29147,"Nodaway, MO",2023,20693.0
29147,"Nodaway, MO",2024,20503.0
29149,"Oregon, MO",2019,8847.0
29149,"Oregon, MO",2020,8611.0
29149,"Oregon, MO",2021,8628.0
29149,"Oregon, MO",2022,8709.0
29149,"Oregon, MO",2023,8719.0
29149,"Oregon, MO",2024,8699.0
29151,"Osage, MO",2019,13350.0
29151,"Osage, MO",2020,13255.0
29151,"Osage, MO",2021,13397.0
29151,"Osage, MO",2022,13399.0
29151,"Osage, MO",2023,13479.0
29151,"Osage, MO",2024,13478.0
29153,"Ozark, MO",2019,8657.0
29153,"Ozark, MO",2020,8519.0
29153,"Ozark, MO",2021,8790.0
29153,"Ozark, MO",2022,8970.0
29153,"Ozark, MO",2023,8996.0
29153,"Ozark, MO",2024,9090.0
29155,"Pemiscot, MO",2019,15859.0
29155,"Pemiscot, MO",2020,15589.0
29155,"Pemiscot, MO",2021,15246.0
29155,"Pemiscot, MO",2022,14880.0
29155,"Pemiscot, MO",2023,14669.0
29155,"Pemiscot, MO",2024,14407.0
29157,"Perry, MO",2019,18958.0
29157,"Perry, MO",2020,18971.0
29157,"Perry, MO",2021,18975.0
29157,"Perry, MO",2022,18882.0
29157,"Perry, MO",2023,18950.0
29157,"Perry, MO",2024,19100.0
29159,"Pettis, MO",2019,42882.0
29159,"Pettis, MO",2020,43004.0
29159,"Pettis, MO",2021,43220.0
29159,"Pettis, MO",2022,43381.0
29159,"Pettis, MO",2023,43591.0
29159,"Pettis, MO",2024,43791.0
29161,"Phelps, MO",2019,44739.0
29161,"Phelps, MO",2020,44568.0
29161,"Phelps, MO",2021,44912.0
29161,"Phelps, MO",2022,45301.0
29161,"Phelps, MO",2023,45517.0
29161,"Phelps, MO",2024,45672.0
29163,"Pike, MO",2019,17685.0
29163,"Pike, MO",2020,17413.0
29163,"Pike, MO",2021,17606.0
29163,"Pike, MO",2022,17650.0
29163,"Pike, MO",2023,17927.0
29163,"Pike, MO",2024,17961.0
29165,"Platte, MO",2019,105293.0
29165,"Platte, MO",2020,107190.0
29165,"Platte, MO",2021,108752.0
29165,"Platte, MO",2022,110593.0
29165,"Platte, MO",2023,112112.0
29165,"Platte, MO",2024,113207.0
29167,"Polk, MO",2019,31372.0
29167,"Polk, MO",2020,31616.0
29167,"Polk, MO",2021,32047.0
29167,"Polk, MO",2022,32669.0
29167,"Polk, MO",2023,32818.0
29167,"Polk, MO",2024,33070.0
29169,"Pulaski, MO",2019,53793.0
29169,"Pulaski, MO",2020,54039.0
29169,"Pulaski, MO",2021,53816.0
29169,"Pulaski, MO",2022,53824.0
29169,"Pulaski, MO",2023,53829.0
29169,"Pulaski, MO",2024,53964.0
29171,"Putnam, MO",2019,4674.0
29171,"Putnam, MO",2020,4685.0
29171,"Putnam, MO",2021,4692.0
29171,"Putnam, MO",2022,4653.0
29171,"Putnam, MO",2023,4639.0
29171,"Putnam, MO",2024,4539.0
29173,"Ralls, MO",2019,10354.0
29173,"Ralls, MO",2020,10354.0
29173,"Ralls, MO",2021,10365.0
29173,"Ralls, MO",2022,10419.0
29173,"Ralls, MO",2023,10501.0
29173,"Ralls, MO",2024,10499.0
29175,"Randolph, MO",2019,25029.0
29175,"Randolph, MO",2020,24457.0
29175,"Randolph, MO",2021,24569.0
29175,"Randolph, MO",2022,24619.0
29175,"Randolph, MO",2023,24105.0
29175,"Randolph, MO",2024,24077.0
29177,"Ray, MO",2019,23232.0
29177,"Ray, MO",2020,23135.0
29177,"Ray, MO",2021,23095.0
29177,"Ray, MO",2022,23119.0
29177,"Ray, MO",2023,23178.0
29177,"Ray, MO",2024,23199.0
29179,"Reynolds, MO",2019,6183.0
29179,"Reynolds, MO",2020,6079.0
29179,"Reynolds, MO",2021,6084.0
29179,"Reynolds, MO",2022,5994.0
29179,"Reynolds, MO",2023,5965.0
29179,"Reynolds, MO",2024,5927.0
29181,"Ripley, MO",2019,10916.0
29181,"Ripley, MO",2020,10670.0
29181,"Ripley, MO",2021,10648.0
29181,"Ripley, MO",2022,10699.0
29181,"Ripley, MO",2023,10809.0
29181,"Ripley, MO",2024,10715.0
29183,"St. Charles, MO",2019,401665.0
29183,"St. Charles, MO",2020,406423.0
29183,"St. Charles, MO",2021,410515.0
29183,"St. Charles, MO",2022,414055.0
29183,"St. Charles, MO",2023,417958.0
29183,"St. Charles, MO",2024,423726.0
29185,"St. Clair, MO",2019,9139.0
29185,"St. Clair, MO",2020,9346.0
29185,"St. Clair, MO",2021,9416.0
29185,"St. Clair, MO",2022,9581.0
29185,"St. Clair, MO",2023,9743.0
29185,"St. Clair, MO",2024,9848.0
29186,"Ste. Genevieve, MO",2019,18474.0
29186,"Ste. Genevieve, MO",2020,18478.0
29186,"Ste. Genevieve, MO",2021,18576.0
29186,"Ste. Genevieve, MO",2022,18614.0
29186,"Ste. Genevieve, MO",2023,18640.0
29186,"Ste. Genevieve, MO",2024,18546.0
29187,"St. Francois, MO",2019,67222.0
29187,"St. Francois, MO",2020,66446.0
29187,"St. Francois, MO",2021,67015.0
29187,"St. Francois, MO",2022,66938.0
29187,"St. Francois, MO",2023,67094.0
29187,"St. Francois, MO",2024,67503.0
29189,"St. Louis, MO",2019,1003948.0
29189,"St. Louis, MO",2020,1003376.0
29189,"St. Louis, MO",2021,998785.0
29189,"St. Louis, MO",2022,991881.0
29189,"St. Louis, MO",2023,990875.0
29189,"St. Louis, MO",2024,992929.0
29195,"Saline, MO",2019,23281.0
29195,"Saline, MO",2020,23339.0
29195,"Saline, MO",2021,23263.0
29195,"Saline, MO",2022,23016.0
29195,"Saline, MO",2023,23212.0
29195,"Saline, MO",2024,23325.0
29197,"Schuyler, MO",2019,4148.0
29197,"Schuyler, MO",2020,4010.0
29197,"Schuyler, MO",2021,4020.0
29197,"Schuyler, MO",2022,4016.0
29197,"Schuyler, MO",2023,4073.0
29197,"Schuyler, MO",2024,4069.0
29199,"Scotland, MO",2019,4777.0
29199,"Scotland, MO",2020,4705.0
29199,"Scotland, MO",2021,4674.0
29199,"Scotland, MO",2022,4653.0
29199,"Scotland, MO",2023,4698.0
29199,"Scotland, MO",2024,4698.0
29201,"Scott, MO",2019,38166.0
29201,"Scott, MO",2020,38022.0
29201,"Scott, MO",2021,37894.0
29201,"Scott, MO",2022,37869.0
29201,"Scott, MO",2023,37923.0
29201,"Scott, MO",2024,37957.0
29203,"Shannon, MO",2019,7097.0
29203,"Shannon, MO",2020,7035.0
29203,"Shannon, MO",2021,7100.0
29203,"Shannon, MO",2022,7223.0
29203,"Shannon, MO",2023,7254.0
29203,"Shannon, MO",2024,7275.0
29205,"Shelby, MO",2019,6101.0
29205,"Shelby, MO",2020,6095.0
29205,"Shelby, MO",2021,5974.0
29205,"Shelby, MO",2022,6004.0
29205,"Shelby, MO",2023,5930.0
29205,"Shelby, MO",2024,5926.0
29207,"Stoddard, MO",2019,28787.0
29207,"Stoddard, MO",2020,28650.0
29207,"Stoddard, MO",2021,28522.0
29207,"Stoddard, MO",2022,28366.0
29207,"Stoddard, MO",2023,28372.0
29207,"Stoddard, MO",2024,28438.0
29209,"Stone, MO",2019,30820.0
29209,"Stone, MO",2020,31205.0
29209,"Stone, MO",2021,31590.0
29209,"Stone, MO",2022,32137.0
29209,"Stone, MO",2023,32680.0
29209,"Stone, MO",2024,32630.0
29211,"Sullivan, MO",2019,6024.0
29211,"Sullivan, MO",2020,5976.0
29211,"Sullivan, MO",2021,5891.0
29211,"Sullivan, MO",2022,5828.0
29211,"Sullivan, MO",2023,5841.0
29211,"Sullivan, MO",2024,5750.0
29213,"Taney, MO",2019,56017.0
29213,"Taney, MO",2020,56064.0
29213,"Taney, MO",2021,56313.0
29213,"Taney, MO",2022,56736.0
29213,"Taney, MO",2023,56790.0
29213,"Taney, MO",2024,56744.0
29215,"Texas, MO",2019,24769.0
29215,"Texas, MO",2020,24323.0
29215,"Texas, MO",2021,24864.0
29215,"Texas, MO",2022,25298.0
29215,"Texas, MO",2023,25606.0
29215,"Texas, MO",2024,25715.0
29217,"Vernon, MO",2019,20000.0
29217,"Vernon, MO",2020,19675.0
29217,"Vernon, MO",2021,19598.0
29217,"Vernon, MO",2022,19608.0
29217,"Vernon, MO",2023,19768.0
29217,"Vernon, MO",2024,19787.0
29219,"Warren, MO",2019,34947.0
29219,"Warren, MO",2020,35740.0
29219,"Warren, MO",2021,36562.0
29219,"Warren, MO",2022,37292.0
29219,"Warren, MO",2023,37815.0
29219,"Warren, MO",2024,38478.0
29221,"Washington, MO",2019,23722.0
29221,"Washington, MO",2020,23432.0
29221,"Washington, MO",2021,23403.0
29221,"Washington, MO",2022,23389.0
29221,"Washington, MO",2023,23542.0
29221,"Washington, MO",2024,23583.0
29223,"Wayne, MO",2019,11225.0
29223,"Wayne, MO",2020,10935.0
29223,"Wayne, MO",2021,10925.0
29223,"Wayne, MO",2022,10807.0
29223,"Wayne, MO",2023,10825.0
29223,"Wayne, MO",2024,10820.0
29225,"Webster, MO",2019,39005.0
29225,"Webster, MO",2020,39008.0
29225,"Webster, MO",2021,39600.0
29225,"Webster, MO",2022,40369.0
29225,"Webster, MO",2023,41481.0
29225,"Webster, MO",2024,42041.0
29227,"Worth, MO",2019,1999.0
29227,"Worth, MO",2020,1968.0
29227,"Worth, MO",2021,1973.0
29227,"Worth, MO",2022,1943.0
29227,"Worth, MO",2023,1903.0
29227,"Worth, MO",2024,1872.0
29229,"Wright, MO",2019,18226.0
29229,"Wright, MO",2020,18214.0
29229,"Wright, MO",2021,18625.0
29229,"Wright, MO",2022,19108.0
29229,"Wright, MO",2023,19373.0
29229,"Wright, MO",2024,19505.0
29510,"St. Louis (Independent City), MO",2019,303655.0
29510,"St. Louis (Independent City), MO",2020,300315.0
29510,"St. Louis (Independent City), MO",2021,293484.0
29510,"St. Louis (Independent City), MO",2022,286292.0
29510,"St. Louis (Independent City), MO",2023,282772.0
29510,"St. Louis (Independent City), MO",2024,279695.0
30001,"Beaverhead, MT",2019,9342.0
30001,"Beaverhead, MT",2020,9377.0
30001,"Beaverhead, MT",2021,9551.0
30001,"Beaverhead, MT",2022,9742.0
30001,"Beaverhead, MT",2023,9889.0
30001,"Beaverhead, MT",2024,10006.0
30003,"Big Horn, MT",2019,13238.0
30003,"Big Horn, MT",2020,13083.0
30003,"Big Horn, MT",2021,12894.0
30003,"Big Horn, MT",2022,12858.0
30003,"Big Horn, MT",2023,12825.0
30003,"Big Horn, MT",2024,12796.0
30005,"Blaine, MT",2019,7092.0
30005,"Blaine, MT",2020,7003.0
30005,"Blaine, MT",2021,6999.0
30005,"Blaine, MT",2022,6956.0
30005,"Blaine, MT",2023,6884.0
30005,"Blaine, MT",2024,6903.0
30007,"Broadwater, MT",2019,6548.0
30007,"Broadwater, MT",2020,6863.0
30007,"Broadwater, MT",2021,7327.0
30007,"Broadwater, MT",2022,7787.0
30007,"Broadwater, MT",2023,8063.0
30007,"Broadwater, MT",2024,8302.0
30009,"Carbon, MT",2019,10314.0
30009,"Carbon, MT",2020,10514.0
30009,"Carbon, MT",2021,10900.0
30009,"Carbon, MT",2022,11241.0
30009,"Carbon, MT",2023,11426.0
30009,"Carbon, MT",2024,11498.0
30011,"Carter, MT",2019,1400.0
30011,"Carter, MT",2020,1407.0
30011,"Carter, MT",2021,1416.0
30011,"Carter, MT",2022,1402.0
30011,"Carter, MT",2023,1400.0
30011,"Carter, MT",2024,1399.0
30013,"Cascade, MT",2019,84170.0
30013,"Cascade, MT",2020,84411.0
30013,"Cascade, MT",2021,84565.0
30013,"Cascade, MT",2022,84908.0
30013,"Cascade, MT",2023,84625.0
30013,"Cascade, MT",2024,84523.0
30015,"Chouteau, MT",2019,5856.0
30015,"Chouteau, MT",2020,5917.0
30015,"Chouteau, MT",2021,5939.0
30015,"Chouteau, MT",2022,5917.0
30015,"Chouteau, MT",2023,5877.0
30015,"Chouteau, MT",2024,5880.0
30017,"Custer, MT",2019,11837.0
30017,"Custer, MT",2020,11863.0
30017,"Custer, MT",2021,11961.0
30017,"Custer, MT",2022,12005.0
30017,"Custer, MT",2023,12013.0
30017,"Custer, MT",2024,11964.0
30019,"Daniels, MT",2019,1655.0
30019,"Daniels, MT",2020,1653.0
30019,"Daniels, MT",2021,1671.0
30019,"Daniels, MT",2022,1644.0
30019,"Daniels, MT",2023,1626.0
30019,"Daniels, MT",2024,1625.0
30021,"Dawson, MT",2019,8964.0
30021,"Dawson, MT",2020,8922.0
30021,"Dawson, MT",2021,8859.0
30021,"Dawson, MT",2022,8801.0
30021,"Dawson, MT",2023,8820.0
30021,"Dawson, MT",2024,8731.0
30023,"Deer Lodge, MT",2019,9393.0
30023,"Deer Lodge, MT",2020,9423.0
30023,"Deer Lodge, MT",2021,9522.0
30023,"Deer Lodge, MT",2022,9541.0
30023,"Deer Lodge, MT",2023,9685.0
30023,"Deer Lodge, MT",2024,9811.0
30025,"Fallon, MT",2019,3063.0
30025,"Fallon, MT",2020,3029.0
30025,"Fallon, MT",2021,3011.0
30025,"Fallon, MT",2022,3047.0
30025,"Fallon, MT",2023,2999.0
30025,"Fallon, MT",2024,2946.0
30027,"Fergus, MT",2019,11349.0
30027,"Fergus, MT",2020,11470.0
30027,"Fergus, MT",2021,11619.0
30027,"Fergus, MT",2022,11669.0
30027,"Fergus, MT",2023,11816.0
30027,"Fergus, MT",2024,11862.0
30029,"Flathead, MT",2019,102894.0
30029,"Flathead, MT",2020,104881.0
30029,"Flathead, MT",2021,108790.0
30029,"Flathead, MT",2022,111783.0
30029,"Flathead, MT",2023,113495.0
30029,"Flathead, MT",2024,114527.0
30031,"Gallatin, MT",2019,116955.0
30031,"Gallatin, MT",2020,119607.0
30031,"Gallatin, MT",2021,123119.0
30031,"Gallatin, MT",2022,124733.0
30031,"Gallatin, MT",2023,125929.0
30031,"Gallatin, MT",2024,126984.0
30033,"Garfield, MT",2019,1181.0
30033,"Garfield, MT",2020,1171.0
30033,"Garfield, MT",2021,1206.0
30033,"Garfield, MT",2022,1221.0
30033,"Garfield, MT",2023,1216.0
30033,"Garfield, MT",2024,1181.0
30035,"Glacier, MT",2019,13820.0
30035,"Glacier, MT",2020,13744.0
30035,"Glacier, MT",2021,13723.0
30035,"Glacier, MT",2022,13637.0
30035,"Glacier, MT",2023,13577.0
30035,"Glacier, MT",2024,13503.0
30037,"Golden Valley, MT",2019,824.0
30037,"Golden Valley, MT",2020,821.0
30037,"Golden Valley, MT",2021,816.0
30037,"Golden Valley, MT",2022,838.0
30037,"Golden Valley, MT",2023,867.0
30037,"Golden Valley, MT",2024,863.0
30039,"Granite, MT",2019,3308.0
30039,"Granite, MT",2020,3306.0
30039,"Granite, MT",2021,3354.0
30039,"Granite, MT",2022,3482.0
30039,"Granite, MT",2023,3565.0
30039,"Granite, MT",2024,3602.0
30041,"Hill, MT",2019,16411.0
30041,"Hill, MT",2020,16253.0
30041,"Hill, MT",2021,16207.0
30041,"Hill, MT",2022,16069.0
30041,"Hill, MT",2023,16181.0
30041,"Hill, MT",2024,16065.0
30043,"Jefferson, MT",2019,11968.0
30043,"Jefferson, MT",2020,12142.0
30043,"Jefferson, MT",2021,12472.0
30043,"Jefferson, MT",2022,12864.0
30043,"Jefferson, MT",2023,13086.0
30043,"Jefferson, MT",2024,13304.0
30045,"Judith Basin, MT",2019,2027.0
30045,"Judith Basin, MT",2020,2023.0
30045,"Judith Basin, MT",2021,2041.0
30045,"Judith Basin, MT",2022,2082.0
30045,"Judith Basin, MT",2023,2099.0
30045,"Judith Basin, MT",2024,2111.0
30047,"Lake, MT",2019,30798.0
30047,"Lake, MT",2020,31247.0
30047,"Lake, MT",2021,32081.0
30047,"Lake, MT",2022,32821.0
30047,"Lake, MT",2023,33255.0
30047,"Lake, MT",2024,33403.0
30049,"Lewis and Clark, MT",2019,70377.0
30049,"Lewis and Clark, MT",2020,71179.0
30049,"Lewis and Clark, MT",2021,72517.0
30049,"Lewis and Clark, MT",2022,73681.0
30049,"Lewis and Clark, MT",2023,74812.0
30049,"Lewis and Clark, MT",2024,75129.0
30051,"Liberty, MT",2019,1998.0
30051,"Liberty, MT",2020,1958.0
30051,"Liberty, MT",2021,1937.0
30051,"Liberty, MT",2022,1972.0
30051,"Liberty, MT",2023,1959.0
30051,"Liberty, MT",2024,1934.0
30053,"Lincoln, MT",2019,19531.0
30053,"Lincoln, MT",2020,19744.0
30053,"Lincoln, MT",2021,20597.0
30053,"Lincoln, MT",2022,21485.0
30053,"Lincoln, MT",2023,21867.0
30053,"Lincoln, MT",2024,22184.0
30055,"McCone, MT",2019,1713.0
30055,"McCone, MT",2020,1729.0
30055,"McCone, MT",2021,1710.0
30055,"McCone, MT",2022,1712.0
30055,"McCone, MT",2023,1684.0
30055,"McCone, MT",2024,1717.0
30057,"Madison, MT",2019,8485.0
30057,"Madison, MT",2020,8661.0
30057,"Madison, MT",2021,8954.0
30057,"Madison, MT",2022,9237.0
30057,"Madison, MT",2023,9509.0
30057,"Madison, MT",2024,9753.0
30059,"Meagher, MT",2019,1926.0
30059,"Meagher, MT",2020,1924.0
30059,"Meagher, MT",2021,1963.0
30059,"Meagher, MT",2022,2025.0
30059,"Meagher, MT",2023,2057.0
30059,"Meagher, MT",2024,2065.0
30061,"Mineral, MT",2019,4438.0
30061,"Mineral, MT",2020,4568.0
30061,"Mineral, MT",2021,4859.0
30061,"Mineral, MT",2022,5037.0
30061,"Mineral, MT",2023,5135.0
30061,"Mineral, MT",2024,5195.0
30063,"Missoula, MT",2019,116963.0
30063,"Missoula, MT",2020,118353.0
30063,"Missoula, MT",2021,119857.0
30063,"Missoula, MT",2022,120931.0
30063,"Missoula, MT",2023,121672.0
30063,"Missoula, MT",2024,122546.0
30065,"Musselshell, MT",2019,4708.0
30065,"Musselshell, MT",2020,4749.0
30065,"Musselshell, MT",2021,4910.0
30065,"Musselshell, MT",2022,5188.0
30065,"Musselshell, MT",2023,5377.0
30065,"Musselshell, MT",2024,5452.0
30067,"Park, MT",2019,17029.0
30067,"Park, MT",2020,17229.0
30067,"Park, MT",2021,17525.0
30067,"Park, MT",2022,17783.0
30067,"Park, MT",2023,17938.0
30067,"Park, MT",2024,18074.0
30069,"Petroleum, MT",2019,498.0
30069,"Petroleum, MT",2020,502.0
30069,"Petroleum, MT",2021,520.0
30069,"Petroleum, MT",2022,520.0
30069,"Petroleum, MT",2023,543.0
30069,"Petroleum, MT",2024,525.0
30071,"Phillips, MT",2019,4232.0
30071,"Phillips, MT",2020,4211.0
30071,"Phillips, MT",2021,4209.0
30071,"Phillips, MT",2022,4223.0
30071,"Phillips, MT",2023,4248.0
30071,"Phillips, MT",2024,4214.0
30073,"Pondera, MT",2019,5949.0
30073,"Pondera, MT",2020,5877.0
30073,"Pondera, MT",2021,6017.0
30073,"Pondera, MT",2022,6093.0
30073,"Pondera, MT",2023,6108.0
30073,"Pondera, MT",2024,6078.0
30075,"Powder River, MT",2019,1710.0
30075,"Powder River, MT",2020,1693.0
30075,"Powder River, MT",2021,1707.0
30075,"Powder River, MT",2022,1725.0
30075,"Powder River, MT",2023,1731.0
30075,"Powder River, MT",2024,1734.0
30077,"Powell, MT",2019,6966.0
30077,"Powell, MT",2020,6938.0
30077,"Powell, MT",2021,7023.0
30077,"Powell, MT",2022,7063.0
30077,"Powell, MT",2023,7122.0
30077,"Powell, MT",2024,7120.0
30079,"Prairie, MT",2019,1082.0
30079,"Prairie, MT",2020,1090.0
30079,"Prairie, MT",2021,1096.0
30079,"Prairie, MT",2022,1114.0
30079,"Prairie, MT",2023,1115.0
30079,"Prairie, MT",2024,1112.0
30081,"Ravalli, MT",2019,43577.0
30081,"Ravalli, MT",2020,44417.0
30081,"Ravalli, MT",2021,46096.0
30081,"Ravalli, MT",2022,47177.0
30081,"Ravalli, MT",2023,47760.0
30081,"Ravalli, MT",2024,48187.0
30083,"Richland, MT",2019,11400.0
30083,"Richland, MT",2020,11534.0
30083,"Richland, MT",2021,11330.0
30083,"Richland, MT",2022,11191.0
30083,"Richland, MT",2023,11094.0
30083,"Richland, MT",2024,11028.0
30085,"Roosevelt, MT",2019,10877.0
30085,"Roosevelt, MT",2020,10802.0
30085,"Roosevelt, MT",2021,10788.0
30085,"Roosevelt, MT",2022,10514.0
30085,"Roosevelt, MT",2023,10327.0
30085,"Roosevelt, MT",2024,10197.0
30087,"Rosebud, MT",2019,8470.0
30087,"Rosebud, MT",2020,8306.0
30087,"Rosebud, MT",2021,8082.0
30087,"Rosebud, MT",2022,8122.0
30087,"Rosebud, MT",2023,8123.0
30087,"Rosebud, MT",2024,8194.0
30089,"Sanders, MT",2019,12236.0
30089,"Sanders, MT",2020,12461.0
30089,"Sanders, MT",2021,12949.0
30089,"Sanders, MT",2022,13396.0
30089,"Sanders, MT",2023,13726.0
30089,"Sanders, MT",2024,13895.0
30091,"Sheridan, MT",2019,3571.0
30091,"Sheridan, MT",2020,3536.0
30091,"Sheridan, MT",2021,3572.0
30091,"Sheridan, MT",2022,3550.0
30091,"Sheridan, MT",2023,3490.0
30091,"Sheridan, MT",2024,3448.0
30093,"Silver Bow, MT",2019,34937.0
30093,"Silver Bow, MT",2020,35210.0
30093,"Silver Bow, MT",2021,35510.0
30093,"Silver Bow, MT",2022,35876.0
30093,"Silver Bow, MT",2023,36193.0
30093,"Silver Bow, MT",2024,36134.0
30095,"Stillwater, MT",2019,8872.0
30095,"Stillwater, MT",2020,9002.0
30095,"Stillwater, MT",2021,9026.0
30095,"Stillwater, MT",2022,9194.0
30095,"Stillwater, MT",2023,9237.0
30095,"Stillwater, MT",2024,9450.0
30097,"Sweet Grass, MT",2019,3717.0
30097,"Sweet Grass, MT",2020,3670.0
30097,"Sweet Grass, MT",2021,3702.0
30097,"Sweet Grass, MT",2022,3724.0
30097,"Sweet Grass, MT",2023,3749.0
30097,"Sweet Grass, MT",2024,3757.0
30099,"Teton, MT",2019,6168.0
30099,"Teton, MT",2020,6253.0
30099,"Teton, MT",2021,6279.0
30099,"Teton, MT",2022,6349.0
30099,"Teton, MT",2023,6439.0
30099,"Teton, MT",2024,6444.0
30101,"Toole, MT",2019,4982.0
30101,"Toole, MT",2020,4967.0
30101,"Toole, MT",2021,4987.0
30101,"Toole, MT",2022,5072.0
30101,"Toole, MT",2023,5128.0
30101,"Toole, MT",2024,5153.0
30103,"Treasure, MT",2019,752.0
30103,"Treasure, MT",2020,758.0
30103,"Treasure, MT",2021,768.0
30103,"Treasure, MT",2022,749.0
30103,"Treasure, MT",2023,767.0
30103,"Treasure, MT",2024,739.0
30105,"Valley, MT",2019,7604.0
30105,"Valley, MT",2020,7561.0
30105,"Valley, MT",2021,7566.0
30105,"Valley, MT",2022,7560.0
30105,"Valley, MT",2023,7475.0
30105,"Valley, MT",2024,7434.0
30107,"Wheatland, MT",2019,2040.0
30107,"Wheatland, MT",2020,2072.0
30107,"Wheatland, MT",2021,2039.0
30107,"Wheatland, MT",2022,2043.0
30107,"Wheatland, MT",2023,2068.0
30107,"Wheatland, MT",2024,2058.0
30109,"Wibaux, MT",2019,954.0
30109,"Wibaux, MT",2020,936.0
30109,"Wibaux, MT",2021,936.0
30109,"Wibaux, MT",2022,924.0
30109,"Wibaux, MT",2023,904.0
30109,"Wibaux, MT",2024,911.0
30111,"Yellowstone, MT",2019,163326.0
30111,"Yellowstone, MT",2020,165210.0
30111,"Yellowstone, MT",2021,167448.0
30111,"Yellowstone, MT",2022,169817.0
30111,"Yellowstone, MT",2023,170727.0
30111,"Yellowstone, MT",2024,171583.0
31001,"Adams, NE",2019,31143.0
31001,"Adams, NE",2020,31176.0
31001,"Adams, NE",2021,30974.0
31001,"Adams, NE",2022,31023.0
31001,"Adams, NE",2023,30892.0
31001,"Adams, NE",2024,31196.0
31003,"Antelope, NE",2019,6332.0
31003,"Antelope, NE",2020,6279.0
31003,"Antelope, NE",2021,6296.0
31003,"Antelope, NE",2022,6299.0
31003,"Antelope, NE",2023,6291.0
31003,"Antelope, NE",2024,6358.0
31005,"Arthur, NE",2019,433.0
31005,"Arthur, NE",2020,432.0
31005,"Arthur, NE",2021,435.0
31005,"Arthur, NE",2022,427.0
31005,"Arthur, NE",2023,416.0
31005,"Arthur, NE",2024,423.0
31007,"Banner, NE",2019,652.0
31007,"Banner, NE",2020,678.0
31007,"Banner, NE",2021,689.0
31007,"Banner, NE",2022,656.0
31007,"Banner, NE",2023,671.0
31007,"Banner, NE",2024,665.0
31009,"Blaine, NE",2019,425.0
31009,"Blaine, NE",2020,428.0
31009,"Blaine, NE",2021,463.0
31009,"Blaine, NE",2022,448.0
31009,"Blaine, NE",2023,431.0
31009,"Blaine, NE",2024,454.0
31011,"Boone, NE",2019,5406.0
31011,"Boone, NE",2020,5357.0
31011,"Boone, NE",2021,5381.0
31011,"Boone, NE",2022,5366.0
31011,"Boone, NE",2023,5320.0
31011,"Boone, NE",2024,5354.0
31013,"Box Butte, NE",2019,10868.0
31013,"Box Butte, NE",2020,10819.0
31013,"Box Butte, NE",2021,10658.0
31013,"Box Butte, NE",2022,10685.0
31013,"Box Butte, NE",2023,10705.0
31013,"Box Butte, NE",2024,10703.0
31015,"Boyd, NE",2019,1838.0
31015,"Boyd, NE",2020,1803.0
31015,"Boyd, NE",2021,1782.0
31015,"Boyd, NE",2022,1737.0
31015,"Boyd, NE",2023,1739.0
31015,"Boyd, NE",2024,1700.0
31017,"Brown, NE",2019,2877.0
31017,"Brown, NE",2020,2903.0
31017,"Brown, NE",2021,2922.0
31017,"Brown, NE",2022,2894.0
31017,"Brown, NE",2023,2877.0
31017,"Brown, NE",2024,2877.0
31019,"Buffalo, NE",2019,49792.0
31019,"Buffalo, NE",2020,50204.0
31019,"Buffalo, NE",2021,50310.0
31019,"Buffalo, NE",2022,50528.0
31019,"Buffalo, NE",2023,50696.0
31019,"Buffalo, NE",2024,51156.0
31021,"Burt, NE",2019,6703.0
31021,"Burt, NE",2020,6724.0
31021,"Burt, NE",2021,6716.0
31021,"Burt, NE",2022,6790.0
31021,"Burt, NE",2023,6730.0
31021,"Burt, NE",2024,6727.0
31023,"Butler, NE",2019,8330.0
31023,"Butler, NE",2020,8356.0
31023,"Butler, NE",2021,8452.0
31023,"Butler, NE",2022,8432.0
31023,"Butler, NE",2023,8442.0
31023,"Butler, NE",2024,8439.0
31025,"Cass, NE",2019,26492.0
31025,"Cass, NE",2020,26608.0
31025,"Cass, NE",2021,27079.0
31025,"Cass, NE",2022,27169.0
31025,"Cass, NE",2023,27458.0
31025,"Cass, NE",2024,27492.0
31027,"Cedar, NE",2019,8382.0
31027,"Cedar, NE",2020,8373.0
31027,"Cedar, NE",2021,8331.0
31027,"Cedar, NE",2022,8366.0
31027,"Cedar, NE",2023,8244.0
31027,"Cedar, NE",2024,8262.0
31029,"Chase, NE",2019,3932.0
31029,"Chase, NE",2020,3889.0
31029,"Chase, NE",2021,3827.0
31029,"Chase, NE",2022,3768.0
31029,"Chase, NE",2023,3761.0
31029,"Chase, NE",2024,3764.0
31031,"Cherry, NE",2019,5443.0
31031,"Cherry, NE",2020,5457.0
31031,"Cherry, NE",2021,5453.0
31031,"Cherry, NE",2022,5495.0
31031,"Cherry, NE",2023,5527.0
31031,"Cherry, NE",2024,5558.0
31033,"Cheyenne, NE",2019,9342.0
31033,"Cheyenne, NE",2020,9486.0
31033,"Cheyenne, NE",2021,9504.0
31033,"Cheyenne, NE",2022,9524.0
31033,"Cheyenne, NE",2023,9549.0
31033,"Cheyenne, NE",2024,9602.0
31035,"Clay, NE",2019,6106.0
31035,"Clay, NE",2020,6110.0
31035,"Clay, NE",2021,6046.0
31035,"Clay, NE",2022,6070.0
31035,"Clay, NE",2023,6144.0
31035,"Clay, NE",2024,6103.0
31037,"Colfax, NE",2019,10614.0
31037,"Colfax, NE",2020,10556.0
31037,"Colfax, NE",2021,10480.0
31037,"Colfax, NE",2022,10645.0
31037,"Colfax, NE",2023,10696.0
31037,"Colfax, NE",2024,10826.0
31039,"Cuming, NE",2019,9004.0
31039,"Cuming, NE",2020,9011.0
31039,"Cuming, NE",2021,8993.0
31039,"Cuming, NE",2022,8970.0
31039,"Cuming, NE",2023,8951.0
31039,"Cuming, NE",2024,8952.0
31041,"Custer, NE",2019,10667.0
31041,"Custer, NE",2020,10492.0
31041,"Custer, NE",2021,10495.0
31041,"Custer, NE",2022,10503.0
31041,"Custer, NE",2023,10612.0
31041,"Custer, NE",2024,10487.0
31043,"Dakota, NE",2019,21465.0
31043,"Dakota, NE",2020,21556.0
31043,"Dakota, NE",2021,21287.0
31043,"Dakota, NE",2022,21253.0
31043,"Dakota, NE",2023,21340.0
31043,"Dakota, NE",2024,21335.0
31045,"Dawes, NE",2019,8361.0
31045,"Dawes, NE",2020,8155.0
31045,"Dawes, NE",2021,8147.0
31045,"Dawes, NE",2022,8250.0
31045,"Dawes, NE",2023,8145.0
31045,"Dawes, NE",2024,8003.0
31047,"Dawson, NE",2019,24090.0
31047,"Dawson, NE",2020,24082.0
31047,"Dawson, NE",2021,23935.0
31047,"Dawson, NE",2022,24048.0
31047,"Dawson, NE",2023,24393.0
31047,"Dawson, NE",2024,24554.0
31049,"Deuel, NE",2019,1846.0
31049,"Deuel, NE",2020,1833.0
31049,"Deuel, NE",2021,1849.0
31049,"Deuel, NE",2022,1900.0
31049,"Deuel, NE",2023,1879.0
31049,"Deuel, NE",2024,1892.0
31051,"Dixon, NE",2019,5623.0
31051,"Dixon, NE",2020,5585.0
31051,"Dixon, NE",2021,5561.0
31051,"Dixon, NE",2022,5522.0
31051,"Dixon, NE",2023,5530.0
31051,"Dixon, NE",2024,5526.0
31053,"Dodge, NE",2019,37225.0
31053,"Dodge, NE",2020,37121.0
31053,"Dodge, NE",2021,37141.0
31053,"Dodge, NE",2022,37130.0
31053,"Dodge, NE",2023,37477.0
31053,"Dodge, NE",2024,37884.0
31055,"Douglas, NE",2019,580818.0
31055,"Douglas, NE",2020,585451.0
31055,"Douglas, NE",2021,585534.0
31055,"Douglas, NE",2022,587894.0
31055,"Douglas, NE",2023,593645.0
31055,"Douglas, NE",2024,601158.0
31057,"Dundy, NE",2019,1670.0
31057,"Dundy, NE",2020,1651.0
31057,"Dundy, NE",2021,1629.0
31057,"Dundy, NE",2022,1601.0
31057,"Dundy, NE",2023,1565.0
31057,"Dundy, NE",2024,1581.0
31059,"Fillmore, NE",2019,5522.0
31059,"Fillmore, NE",2020,5569.0
31059,"Fillmore, NE",2021,5554.0
31059,"Fillmore, NE",2022,5529.0
31059,"Fillmore, NE",2023,5539.0
31059,"Fillmore, NE",2024,5512.0
31061,"Franklin, NE",2019,2891.0
31061,"Franklin, NE",2020,2890.0
31061,"Franklin, NE",2021,2879.0
31061,"Franklin, NE",2022,2834.0
31061,"Franklin, NE",2023,2812.0
31061,"Franklin, NE",2024,2817.0
31063,"Frontier, NE",2019,2559.0
31063,"Frontier, NE",2020,2503.0
31063,"Frontier, NE",2021,2547.0
31063,"Frontier, NE",2022,2624.0
31063,"Frontier, NE",2023,2598.0
31063,"Frontier, NE",2024,2536.0
31065,"Furnas, NE",2019,4664.0
31065,"Furnas, NE",2020,4632.0
31065,"Furnas, NE",2021,4613.0
31065,"Furnas, NE",2022,4573.0
31065,"Furnas, NE",2023,4555.0
31065,"Furnas, NE",2024,4468.0
31067,"Gage, NE",2019,21746.0
31067,"Gage, NE",2020,21652.0
31067,"Gage, NE",2021,21629.0
31067,"Gage, NE",2022,21542.0
31067,"Gage, NE",2023,21637.0
31067,"Gage, NE",2024,21687.0
31069,"Garden, NE",2019,1850.0
31069,"Garden, NE",2020,1889.0
31069,"Garden, NE",2021,1841.0
31069,"Garden, NE",2022,1837.0
31069,"Garden, NE",2023,1804.0
31069,"Garden, NE",2024,1804.0
31071,"Garfield, NE",2019,1839.0
31071,"Garfield, NE",2020,1805.0
31071,"Garfield, NE",2021,1830.0
31071,"Garfield, NE",2022,1783.0
31071,"Garfield, NE",2023,1758.0
31071,"Garfield, NE",2024,1707.0
31073,"Gosper, NE",2019,1897.0
31073,"Gosper, NE",2020,1895.0
31073,"Gosper, NE",2021,1828.0
31073,"Gosper, NE",2022,1831.0
31073,"Gosper, NE",2023,1837.0
31073,"Gosper, NE",2024,1808.0
31075,"Grant, NE",2019,613.0
31075,"Grant, NE",2020,616.0
31075,"Grant, NE",2021,580.0
31075,"Grant, NE",2022,587.0
31075,"Grant, NE",2023,567.0
31075,"Grant, NE",2024,573.0
31077,"Greeley, NE",2019,2230.0
31077,"Greeley, NE",2020,2179.0
31077,"Greeley, NE",2021,2180.0
31077,"Greeley, NE",2022,2237.0
31077,"Greeley, NE",2023,2218.0
31077,"Greeley, NE",2024,2197.0
31079,"Hall, NE",2019,63051.0
31079,"Hall, NE",2020,62776.0
31079,"Hall, NE",2021,62085.0
31079,"Hall, NE",2022,62292.0
31079,"Hall, NE",2023,62658.0
31079,"Hall, NE",2024,62869.0
31081,"Hamilton, NE",2019,9442.0
31081,"Hamilton, NE",2020,9402.0
31081,"Hamilton, NE",2021,9388.0
31081,"Hamilton, NE",2022,9439.0
31081,"Hamilton, NE",2023,9528.0
31081,"Hamilton, NE",2024,9564.0
31083,"Harlan, NE",2019,3140.0
31083,"Harlan, NE",2020,3054.0
31083,"Harlan, NE",2021,3095.0
31083,"Harlan, NE",2022,3023.0
31083,"Harlan, NE",2023,3046.0
31083,"Harlan, NE",2024,3018.0
31085,"Hayes, NE",2019,850.0
31085,"Hayes, NE",2020,849.0
31085,"Hayes, NE",2021,843.0
31085,"Hayes, NE",2022,864.0
31085,"Hayes, NE",2023,840.0
31085,"Hayes, NE",2024,846.0
31087,"Hitchcock, NE",2019,2605.0
31087,"Hitchcock, NE",2020,2621.0
31087,"Hitchcock, NE",2021,2602.0
31087,"Hitchcock, NE",2022,2611.0
31087,"Hitchcock, NE",2023,2550.0
31087,"Hitchcock, NE",2024,2460.0
31089,"Holt, NE",2019,10199.0
31089,"Holt, NE",2020,10105.0
31089,"Holt, NE",2021,10063.0
31089,"Holt, NE",2022,10069.0
31089,"Holt, NE",2023,10152.0
31089,"Holt, NE",2024,10120.0
31091,"Hooker, NE",2019,721.0
31091,"Hooker, NE",2020,707.0
31091,"Hooker, NE",2021,735.0
31091,"Hooker, NE",2022,680.0
31091,"Hooker, NE",2023,677.0
31091,"Hooker, NE",2024,698.0
31093,"Howard, NE",2019,6422.0
31093,"Howard, NE",2020,6486.0
31093,"Howard, NE",2021,6525.0
31093,"Howard, NE",2022,6521.0
31093,"Howard, NE",2023,6564.0
31093,"Howard, NE",2024,6572.0
31095,"Jefferson, NE",2019,7163.0
31095,"Jefferson, NE",2020,7260.0
31095,"Jefferson, NE",2021,7160.0
31095,"Jefferson, NE",2022,7151.0
31095,"Jefferson, NE",2023,7097.0
31095,"Jefferson, NE",2024,7136.0
31097,"Johnson, NE",2019,5267.0
31097,"Johnson, NE",2020,5295.0
31097,"Johnson, NE",2021,5314.0
31097,"Johnson, NE",2022,5264.0
31097,"Johnson, NE",2023,5215.0
31097,"Johnson, NE",2024,5219.0
31099,"Kearney, NE",2019,6652.0
31099,"Kearney, NE",2020,6692.0
31099,"Kearney, NE",2021,6689.0
31099,"Kearney, NE",2022,6708.0
31099,"Kearney, NE",2023,6727.0
31099,"Kearney, NE",2024,6749.0
31101,"Keith, NE",2019,8338.0
31101,"Keith, NE",2020,8326.0
31101,"Keith, NE",2021,8259.0
31101,"Keith, NE",2022,8205.0
31101,"Keith, NE",2023,8155.0
31101,"Keith, NE",2024,8148.0
31103,"Keya Paha, NE",2019,785.0
31103,"Keya Paha, NE",2020,760.0
31103,"Keya Paha, NE",2021,797.0
31103,"Keya Paha, NE",2022,801.0
31103,"Keya Paha, NE",2023,804.0
31103,"Keya Paha, NE",2024,819.0
31105,"Kimball, NE",2019,3518.0
31105,"Kimball, NE",2020,3408.0
31105,"Kimball, NE",2021,3408.0
31105,"Kimball, NE",2022,3344.0
31105,"Kimball, NE",2023,3316.0
31105,"Kimball, NE",2024,3305.0
31107,"Knox, NE",2019,8406.0
31107,"Knox, NE",2020,8392.0
31107,"Knox, NE",2021,8414.0
31107,"Knox, NE",2022,8356.0
31107,"Knox, NE",2023,8341.0
31107,"Knox, NE",2024,8306.0
31109,"Lancaster, NE",2019,320605.0
31109,"Lancaster, NE",2020,323171.0
31109,"Lancaster, NE",2021,323407.0
31109,"Lancaster, NE",2022,325252.0
31109,"Lancaster, NE",2023,328794.0
31109,"Lancaster, NE",2024,332857.0
31111,"Lincoln, NE",2019,35029.0
31111,"Lincoln, NE",2020,34535.0
31111,"Lincoln, NE",2021,34079.0
31111,"Lincoln, NE",2022,33619.0
31111,"Lincoln, NE",2023,33457.0
31111,"Lincoln, NE",2024,33319.0
31113,"Logan, NE",2019,726.0
31113,"Logan, NE",2020,718.0
31113,"Logan, NE",2021,688.0
31113,"Logan, NE",2022,691.0
31113,"Logan, NE",2023,661.0
31113,"Logan, NE",2024,694.0
31115,"Loup, NE",2019,626.0
31115,"Loup, NE",2020,605.0
31115,"Loup, NE",2021,600.0
31115,"Loup, NE",2022,597.0
31115,"Loup, NE",2023,587.0
31115,"Loup, NE",2024,582.0
31117,"McPherson, NE",2019,423.0
31117,"McPherson, NE",2020,396.0
31117,"McPherson, NE",2021,380.0
31117,"McPherson, NE",2022,374.0
31117,"McPherson, NE",2023,377.0
31117,"McPherson, NE",2024,376.0
31119,"Madison, NE",2019,35727.0
31119,"Madison, NE",2020,35530.0
31119,"Madison, NE",2021,35397.0
31119,"Madison, NE",2022,35427.0
31119,"Madison, NE",2023,35727.0
31119,"Madison, NE",2024,35579.0
31121,"Merrick, NE",2019,7675.0
31121,"Merrick, NE",2020,7660.0
31121,"Merrick, NE",2021,7666.0
31121,"Merrick, NE",2022,7709.0
31121,"Merrick, NE",2023,7746.0
31121,"Merrick, NE",2024,7837.0
31123,"Morrill, NE",2019,4560.0
31123,"Morrill, NE",2020,4558.0
31123,"Morrill, NE",2021,4570.0
31123,"Morrill, NE",2022,4528.0
31123,"Morrill, NE",2023,4531.0
31123,"Morrill, NE",2024,4485.0
31125,"Nance, NE",2019,3348.0
31125,"Nance, NE",2020,3394.0
31125,"Nance, NE",2021,3380.0
31125,"Nance, NE",2022,3323.0
31125,"Nance, NE",2023,3261.0
31125,"Nance, NE",2024,3262.0
31127,"Nemaha, NE",2019,7005.0
31127,"Nemaha, NE",2020,7085.0
31127,"Nemaha, NE",2021,7008.0
31127,"Nemaha, NE",2022,7028.0
31127,"Nemaha, NE",2023,7064.0
31127,"Nemaha, NE",2024,7046.0
31129,"Nuckolls, NE",2019,4125.0
31129,"Nuckolls, NE",2020,4091.0
31129,"Nuckolls, NE",2021,4071.0
31129,"Nuckolls, NE",2022,4076.0
31129,"Nuckolls, NE",2023,4103.0
31129,"Nuckolls, NE",2024,4094.0
31131,"Otoe, NE",2019,15946.0
31131,"Otoe, NE",2020,15903.0
31131,"Otoe, NE",2021,16022.0
31131,"Otoe, NE",2022,16243.0
31131,"Otoe, NE",2023,16448.0
31131,"Otoe, NE",2024,16591.0
31133,"Pawnee, NE",2019,2576.0
31133,"Pawnee, NE",2020,2541.0
31133,"Pawnee, NE",2021,2542.0
31133,"Pawnee, NE",2022,2536.0
31133,"Pawnee, NE",2023,2511.0
31133,"Pawnee, NE",2024,2521.0
31135,"Perkins, NE",2019,2868.0
31135,"Perkins, NE",2020,2861.0
31135,"Perkins, NE",2021,2821.0
31135,"Perkins, NE",2022,2844.0
31135,"Perkins, NE",2023,2802.0
31135,"Perkins, NE",2024,2779.0
31137,"Phelps, NE",2019,8953.0
31137,"Phelps, NE",2020,8977.0
31137,"Phelps, NE",2021,8922.0
31137,"Phelps, NE",2022,9007.0
31137,"Phelps, NE",2023,9099.0
31137,"Phelps, NE",2024,9042.0
31139,"Pierce, NE",2019,7277.0
31139,"Pierce, NE",2020,7344.0
31139,"Pierce, NE",2021,7316.0
31139,"Pierce, NE",2022,7326.0
31139,"Pierce, NE",2023,7304.0
31139,"Pierce, NE",2024,7334.0
31141,"Platte, NE",2019,34259.0
31141,"Platte, NE",2020,34291.0
31141,"Platte, NE",2021,34305.0
31141,"Platte, NE",2022,34452.0
31141,"Platte, NE",2023,35034.0
31141,"Platte, NE",2024,35499.0
31143,"Polk, NE",2019,5175.0
31143,"Polk, NE",2020,5218.0
31143,"Polk, NE",2021,5193.0
31143,"Polk, NE",2022,5234.0
31143,"Polk, NE",2023,5212.0
31143,"Polk, NE",2024,5269.0
31145,"Red Willow, NE",2019,10762.0
31145,"Red Willow, NE",2020,10684.0
31145,"Red Willow, NE",2021,10621.0
31145,"Red Willow, NE",2022,10557.0
31145,"Red Willow, NE",2023,10512.0
31145,"Red Willow, NE",2024,10409.0
31147,"Richardson, NE",2019,7907.0
31147,"Richardson, NE",2020,7860.0
31147,"Richardson, NE",2021,7785.0
31147,"Richardson, NE",2022,7736.0
31147,"Richardson, NE",2023,7708.0
31147,"Richardson, NE",2024,7666.0
31149,"Rock, NE",2019,1268.0
31149,"Rock, NE",2020,1265.0
31149,"Rock, NE",2021,1276.0
31149,"Rock, NE",2022,1234.0
31149,"Rock, NE",2023,1259.0
31149,"Rock, NE",2024,1241.0
31151,"Saline, NE",2019,14445.0
31151,"Saline, NE",2020,14715.0
31151,"Saline, NE",2021,14522.0
31151,"Saline, NE",2022,14621.0
31151,"Saline, NE",2023,14651.0
31151,"Saline, NE",2024,14740.0
31153,"Sarpy, NE",2019,188919.0
31153,"Sarpy, NE",2020,191181.0
31153,"Sarpy, NE",2021,193853.0
31153,"Sarpy, NE",2022,196606.0
31153,"Sarpy, NE",2023,200477.0
31153,"Sarpy, NE",2024,204828.0
31155,"Saunders, NE",2019,21961.0
31155,"Saunders, NE",2020,22370.0
31155,"Saunders, NE",2021,22832.0
31155,"Saunders, NE",2022,23159.0
31155,"Saunders, NE",2023,23471.0
31155,"Saunders, NE",2024,23406.0
31157,"Scotts Bluff, NE",2019,36269.0
31157,"Scotts Bluff, NE",2020,36051.0
31157,"Scotts Bluff, NE",2021,35909.0
31157,"Scotts Bluff, NE",2022,35798.0
31157,"Scotts Bluff, NE",2023,35721.0
31157,"Scotts Bluff, NE",2024,35734.0
31159,"Seward, NE",2019,17706.0
31159,"Seward, NE",2020,17610.0
31159,"Seward, NE",2021,17555.0
31159,"Seward, NE",2022,17623.0
31159,"Seward, NE",2023,17646.0
31159,"Seward, NE",2024,17769.0
31161,"Sheridan, NE",2019,5200.0
31161,"Sheridan, NE",2020,5104.0
31161,"Sheridan, NE",2021,5091.0
31161,"Sheridan, NE",2022,5015.0
31161,"Sheridan, NE",2023,4932.0
31161,"Sheridan, NE",2024,4927.0
31163,"Sherman, NE",2019,2962.0
31163,"Sherman, NE",2020,2953.0
31163,"Sherman, NE",2021,2964.0
31163,"Sherman, NE",2022,3000.0
31163,"Sherman, NE",2023,2970.0
31163,"Sherman, NE",2024,2949.0
31165,"Sioux, NE",2019,1114.0
31165,"Sioux, NE",2020,1141.0
31165,"Sioux, NE",2021,1147.0
31165,"Sioux, NE",2022,1129.0
31165,"Sioux, NE",2023,1151.0
31165,"Sioux, NE",2024,1099.0
31167,"Stanton, NE",2019,5896.0
31167,"Stanton, NE",2020,5822.0
31167,"Stanton, NE",2021,5830.0
31167,"Stanton, NE",2022,5748.0
31167,"Stanton, NE",2023,5825.0
31167,"Stanton, NE",2024,5756.0
31169,"Thayer, NE",2019,5099.0
31169,"Thayer, NE",2020,5024.0
31169,"Thayer, NE",2021,4892.0
31169,"Thayer, NE",2022,4866.0
31169,"Thayer, NE",2023,4855.0
31169,"Thayer, NE",2024,4870.0
31171,"Thomas, NE",2019,677.0
31171,"Thomas, NE",2020,674.0
31171,"Thomas, NE",2021,679.0
31171,"Thomas, NE",2022,667.0
31171,"Thomas, NE",2023,675.0
31171,"Thomas, NE",2024,634.0
31173,"Thurston, NE",2019,6832.0
31173,"Thurston, NE",2020,6759.0
31173,"Thurston, NE",2021,6627.0
31173,"Thurston, NE",2022,6549.0
31173,"Thurston, NE",2023,6562.0
31173,"Thurston, NE",2024,6637.0
31175,"Valley, NE",2019,4082.0
31175,"Valley, NE",2020,4058.0
31175,"Valley, NE",2021,4065.0
31175,"Valley, NE",2022,4064.0
31175,"Valley, NE",2023,4029.0
31175,"Valley, NE",2024,4032.0
31177,"Washington, NE",2019,20723.0
31177,"Washington, NE",2020,20926.0
31177,"Washington, NE",2021,20991.0
31177,"Washington, NE",2022,21175.0
31177,"Washington, NE",2023,21182.0
31177,"Washington, NE",2024,21254.0
31179,"Wayne, NE",2019,9620.0
31179,"Wayne, NE",2020,9702.0
31179,"Wayne, NE",2021,9870.0
31179,"Wayne, NE",2022,9898.0
31179,"Wayne, NE",2023,9882.0
31179,"Wayne, NE",2024,9870.0
31181,"Webster, NE",2019,3432.0
31181,"Webster, NE",2020,3392.0
31181,"Webster, NE",2021,3404.0
31181,"Webster, NE",2022,3334.0
31181,"Webster, NE",2023,3344.0
31181,"Webster, NE",2024,3326.0
31183,"Wheeler, NE",2019,767.0
31183,"Wheeler, NE",2020,775.0
31183,"Wheeler, NE",2021,785.0
31183,"Wheeler, NE",2022,784.0
31183,"Wheeler, NE",2023,787.0
31183,"Wheeler, NE",2024,808.0
31185,"York, NE",2019,14169.0
31185,"York, NE",2020,14105.0
31185,"York, NE",2021,14245.0
31185,"York, NE",2022,14319.0
31185,"York, NE",2023,14386.0
31185,"York, NE",2024,14375.0
32001,"Churchill, NV",2019,25217.0
32001,"Churchill, NV",2020,25577.0
32001,"Churchill, NV",2021,25674.0
32001,"Churchill, NV",2022,25828.0
32001,"Churchill, NV",2023,25915.0
32001,"Churchill, NV",2024,26033.0
32003,"Clark, NV",2019,2236975.0
32003,"Clark, NV",2020,2275970.0
32003,"Clark, NV",2021,2296651.0
32003,"Clark, NV",2022,2321961.0
32003,"Clark, NV",2023,2354285.0
32003,"Clark, NV",2024,2398871.0
32005,"Douglas, NV",2019,49320.0
32005,"Douglas, NV",2020,49529.0
32005,"Douglas, NV",2021,50008.0
32005,"Douglas, NV",2022,49592.0
32005,"Douglas, NV",2023,49422.0
32005,"Douglas, NV",2024,49564.0
32007,"Elko, NV",2019,53534.0
32007,"Elko, NV",2020,53676.0
32007,"Elko, NV",2021,53868.0
32007,"Elko, NV",2022,53943.0
32007,"Elko, NV",2023,54383.0
32007,"Elko, NV",2024,54363.0
32009,"Esmeralda, NV",2019,733.0
32009,"Esmeralda, NV",2020,736.0
32009,"Esmeralda, NV",2021,738.0
32009,"Esmeralda, NV",2022,744.0
32009,"Esmeralda, NV",2023,725.0
32009,"Esmeralda, NV",2024,720.0
32011,"Eureka, NV",2019,1861.0
32011,"Eureka, NV",2020,1853.0
32011,"Eureka, NV",2021,1909.0
32011,"Eureka, NV",2022,1862.0
32011,"Eureka, NV",2023,1898.0
32011,"Eureka, NV",2024,1877.0
32013,"Humboldt, NV",2019,17186.0
32013,"Humboldt, NV",2020,17272.0
32013,"Humboldt, NV",2021,17634.0
32013,"Humboldt, NV",2022,17262.0
32013,"Humboldt, NV",2023,17160.0
32013,"Humboldt, NV",2024,17116.0
32015,"Lander, NV",2019,5707.0
32015,"Lander, NV",2020,5727.0
32015,"Lander, NV",2021,5761.0
32015,"Lander, NV",2022,5769.0
32015,"Lander, NV",2023,5809.0
32015,"Lander, NV",2024,5785.0
32017,"Lincoln, NV",2019,4568.0
32017,"Lincoln, NV",2020,4438.0
32017,"Lincoln, NV",2021,4396.0
32017,"Lincoln, NV",2022,4421.0
32017,"Lincoln, NV",2023,4424.0
32017,"Lincoln, NV",2024,4345.0
32019,"Lyon, NV",2019,58511.0
32019,"Lyon, NV",2020,59466.0
32019,"Lyon, NV",2021,60971.0
32019,"Lyon, NV",2022,61589.0
32019,"Lyon, NV",2023,62656.0
32019,"Lyon, NV",2024,63718.0
32021,"Mineral, NV",2019,4549.0
32021,"Mineral, NV",2020,4555.0
32021,"Mineral, NV",2021,4619.0
32021,"Mineral, NV",2022,4538.0
32021,"Mineral, NV",2023,4524.0
32021,"Mineral, NV",2024,4475.0
32023,"Nye, NV",2019,50358.0
32023,"Nye, NV",2020,51971.0
32023,"Nye, NV",2021,53339.0
32023,"Nye, NV",2022,54710.0
32023,"Nye, NV",2023,55708.0
32023,"Nye, NV",2024,55990.0
32027,"Pershing, NV",2019,6695.0
32027,"Pershing, NV",2020,6620.0
32027,"Pershing, NV",2021,6430.0
32027,"Pershing, NV",2022,6446.0
32027,"Pershing, NV",2023,6403.0
32027,"Pershing, NV",2024,6536.0
32029,"Storey, NV",2019,4095.0
32029,"Storey, NV",2020,4107.0
32029,"Storey, NV",2021,4143.0
32029,"Storey, NV",2022,4165.0
32029,"Storey, NV",2023,4171.0
32029,"Storey, NV",2024,4112.0
32031,"Washoe, NV",2019,481911.0
32031,"Washoe, NV",2020,487725.0
32031,"Washoe, NV",2021,494380.0
32031,"Washoe, NV",2022,496458.0
32031,"Washoe, NV",2023,500159.0
32031,"Washoe, NV",2024,507280.0
32033,"White Pine, NV",2019,9119.0
32033,"White Pine, NV",2020,9063.0
32033,"White Pine, NV",2021,8850.0
32033,"White Pine, NV",2022,8734.0
32033,"White Pine, NV",2023,8495.0
32033,"White Pine, NV",2024,8534.0
32510,"Carson City (Independent City), NV",2019,58326.0
32510,"Carson City (Independent City), NV",2020,58682.0
32510,"Carson City (Independent City), NV",2021,58770.0
32510,"Carson City (Independent City), NV",2022,58094.0
32510,"Carson City (Independent City), NV",2023,58226.0
32510,"Carson City (Independent City), NV",2024,58148.0
33001,"Belknap, NH",2019,63371.0
33001,"Belknap, NH",2020,63774.0
33001,"Belknap, NH",2021,64598.0
33001,"Belknap, NH",2022,64647.0
33001,"Belknap, NH",2023,65019.0
33001,"Belknap, NH",2024,65257.0
33003,"Carroll, NH",2019,49666.0
33003,"Carroll, NH",2020,50240.0
33003,"Carroll, NH",2021,51735.0
33003,"Carroll, NH",2022,52094.0
33003,"Carroll, NH",2023,52373.0
33003,"Carroll, NH",2024,52580.0
33005,"Cheshire, NH",2019,76114.0
33005,"Cheshire, NH",2020,76542.0
33005,"Cheshire, NH",2021,76849.0
33005,"Cheshire, NH",2022,77386.0
33005,"Cheshire, NH",2023,77632.0
33005,"Cheshire, NH",2024,78078.0
33007,"Coos, NH",2019,31436.0
33007,"Coos, NH",2020,31228.0
33007,"Coos, NH",2021,31387.0
33007,"Coos, NH",2022,31430.0
33007,"Coos, NH",2023,31209.0
33007,"Coos, NH",2024,31094.0
33009,"Grafton, NH",2019,90790.0
33009,"Grafton, NH",2020,91197.0
33009,"Grafton, NH",2021,90508.0
33009,"Grafton, NH",2022,92943.0
33009,"Grafton, NH",2023,92909.0
33009,"Grafton, NH",2024,93045.0
33011,"Hillsborough, NH",2019,421622.0
33011,"Hillsborough, NH",2020,422929.0
33011,"Hillsborough, NH",2021,424475.0
33011,"Hillsborough, NH",2022,426307.0
33011,"Hillsborough, NH",2023,427719.0
33011,"Hillsborough, NH",2024,430462.0
33013,"Merrimack, NH",2019,152888.0
33013,"Merrimack, NH",2020,154039.0
33013,"Merrimack, NH",2021,154627.0
33013,"Merrimack, NH",2022,156241.0
33013,"Merrimack, NH",2023,157059.0
33013,"Merrimack, NH",2024,157869.0
33015,"Rockingham, NH",2019,312617.0
33015,"Rockingham, NH",2020,314664.0
33015,"Rockingham, NH",2021,318349.0
33015,"Rockingham, NH",2022,319298.0
33015,"Rockingham, NH",2023,320665.0
33015,"Rockingham, NH",2024,322433.0
33017,"Strafford, NH",2019,130278.0
33017,"Strafford, NH",2020,131074.0
33017,"Strafford, NH",2021,131540.0
33017,"Strafford, NH",2022,132451.0
33017,"Strafford, NH",2023,133608.0
33017,"Strafford, NH",2024,134202.0
33019,"Sullivan, NH",2019,43075.0
33019,"Sullivan, NH",2020,43069.0
33019,"Sullivan, NH",2021,43609.0
33019,"Sullivan, NH",2022,43881.0
33019,"Sullivan, NH",2023,44006.0
33019,"Sullivan, NH",2024,44012.0
34001,"Atlantic, NJ",2019,274011.0
34001,"Atlantic, NJ",2020,274196.0
34001,"Atlantic, NJ",2021,274991.0
34001,"Atlantic, NJ",2022,276111.0
34001,"Atlantic, NJ",2023,276937.0
34001,"Atlantic, NJ",2024,279114.0
34003,"Bergen, NJ",2019,954514.0
34003,"Bergen, NJ",2020,953711.0
34003,"Bergen, NJ",2021,955510.0
34003,"Bergen, NJ",2022,957235.0
34003,"Bergen, NJ",2023,966484.0
34003,"Bergen, NJ",2024,978641.0
34005,"Burlington, NJ",2019,460099.0
34005,"Burlington, NJ",2020,461694.0
34005,"Burlington, NJ",2021,464547.0
34005,"Burlington, NJ",2022,466710.0
34005,"Burlington, NJ",2023,470561.0
34005,"Burlington, NJ",2024,475515.0
34007,"Camden, NJ",2019,521690.0
34007,"Camden, NJ",2020,523151.0
34007,"Camden, NJ",2021,524176.0
34007,"Camden, NJ",2022,525395.0
34007,"Camden, NJ",2023,529576.0
34007,"Camden, NJ",2024,533988.0
34009,"Cape May, NJ",2019,95467.0
34009,"Cape May, NJ",2020,95051.0
34009,"Cape May, NJ",2021,95720.0
34009,"Cape May, NJ",2022,95415.0
34009,"Cape May, NJ",2023,94643.0
34009,"Cape May, NJ",2024,93875.0
34011,"Cumberland, NJ",2019,155065.0
34011,"Cumberland, NJ",2020,153724.0
34011,"Cumberland, NJ",2021,152100.0
34011,"Cumberland, NJ",2022,151686.0
34011,"Cumberland, NJ",2023,153338.0
34011,"Cumberland, NJ",2024,155678.0
34013,"Essex, NJ",2019,859732.0
34013,"Essex, NJ",2020,860020.0
34013,"Essex, NJ",2021,854416.0
34013,"Essex, NJ",2022,854738.0
34013,"Essex, NJ",2023,864310.0
34013,"Essex, NJ",2024,881527.0
34015,"Gloucester, NJ",2019,300373.0
34015,"Gloucester, NJ",2020,302575.0
34015,"Gloucester, NJ",2021,304636.0
34015,"Gloucester, NJ",2022,306936.0
34015,"Gloucester, NJ",2023,308840.0
34015,"Gloucester, NJ",2024,311783.0
34017,"Hudson, NJ",2019,722083.0
34017,"Hudson, NJ",2020,721909.0
34017,"Hudson, NJ",2021,703545.0
34017,"Hudson, NJ",2022,708657.0
34017,"Hudson, NJ",2023,721320.0
34017,"Hudson, NJ",2024,736185.0
34019,"Hunterdon, NJ",2019,128874.0
34019,"Hunterdon, NJ",2020,128793.0
34019,"Hunterdon, NJ",2021,129691.0
34019,"Hunterdon, NJ",2022,129977.0
34019,"Hunterdon, NJ",2023,130633.0
34019,"Hunterdon, NJ",2024,131708.0
34021,"Mercer, NJ",2019,386203.0
34021,"Mercer, NJ",2020,386492.0
34021,"Mercer, NJ",2021,382231.0
34021,"Mercer, NJ",2022,382165.0
34021,"Mercer, NJ",2023,386296.0
34021,"Mercer, NJ",2024,392138.0
34023,"Middlesex, NJ",2019,860690.0
34023,"Middlesex, NJ",2020,861460.0
34023,"Middlesex, NJ",2021,862513.0
34023,"Middlesex, NJ",2022,866241.0
34023,"Middlesex, NJ",2023,876119.0
34023,"Middlesex, NJ",2024,890119.0
34025,"Monmouth, NJ",2019,642427.0
34025,"Monmouth, NJ",2020,642778.0
34025,"Monmouth, NJ",2021,646531.0
34025,"Monmouth, NJ",2022,644994.0
34025,"Monmouth, NJ",2023,644941.0
34025,"Monmouth, NJ",2024,647520.0
34027,"Morris, NJ",2019,507995.0
34027,"Morris, NJ",2020,508472.0
34027,"Morris, NJ",2021,510691.0
34027,"Morris, NJ",2022,512685.0
34027,"Morris, NJ",2023,517738.0
34027,"Morris, NJ",2024,523053.0
34029,"Ocean, NJ",2019,629979.0
34029,"Ocean, NJ",2020,638554.0
34029,"Ocean, NJ",2021,649990.0
34029,"Ocean, NJ",2022,656386.0
34029,"Ocean, NJ",2023,660445.0
34029,"Ocean, NJ",2024,666434.0
34031,"Passaic, NJ",2019,523141.0
34031,"Passaic, NJ",2020,523464.0
34031,"Passaic, NJ",2021,518494.0
34031,"Passaic, NJ",2022,516287.0
34031,"Passaic, NJ",2023,520219.0
34031,"Passaic, NJ",2024,526597.0
34033,"Salem, NJ",2019,64542.0
34033,"Salem, NJ",2020,64843.0
34033,"Salem, NJ",2021,65062.0
34033,"Salem, NJ",2022,65167.0
34033,"Salem, NJ",2023,65429.0
34033,"Salem, NJ",2024,65874.0
34035,"Somerset, NJ",2019,344449.0
34035,"Somerset, NJ",2020,344788.0
34035,"Somerset, NJ",2021,346562.0
34035,"Somerset, NJ",2022,348319.0
34035,"Somerset, NJ",2023,352095.0
34035,"Somerset, NJ",2024,357467.0
34037,"Sussex, NJ",2019,144398.0
34037,"Sussex, NJ",2020,143919.0
34037,"Sussex, NJ",2021,145741.0
34037,"Sussex, NJ",2022,145638.0
34037,"Sussex, NJ",2023,146294.0
34037,"Sussex, NJ",2024,147444.0
34039,"Union, NJ",2019,574479.0
34039,"Union, NJ",2020,573680.0
34039,"Union, NJ",2021,572930.0
34039,"Union, NJ",2022,573600.0
34039,"Union, NJ",2023,582080.0
34039,"Union, NJ",2024,594160.0
34041,"Warren, NJ",2019,109165.0
34041,"Warren, NJ",2020,109520.0
34041,"Warren, NJ",2021,110464.0
34041,"Warren, NJ",2022,110885.0
34041,"Warren, NJ",2023,111344.0
34041,"Warren, NJ",2024,112031.0
35001,"Bernalillo, NM",2019,674659.0
35001,"Bernalillo, NM",2020,676882.0
35001,"Bernalillo, NM",2021,675410.0
35001,"Bernalillo, NM",2022,673039.0
35001,"Bernalillo, NM",2023,672572.0
35001,"Bernalillo, NM",2024,671747.0
35003,"Catron, NM",2019,3477.0
35003,"Catron, NM",2020,3609.0
35003,"Catron, NM",2021,3716.0
35003,"Catron, NM",2022,3793.0
35003,"Catron, NM",2023,3803.0
35003,"Catron, NM",2024,3795.0
35005,"Chaves, NM",2019,64945.0
35005,"Chaves, NM",2020,65153.0
35005,"Chaves, NM",2021,64660.0
35005,"Chaves, NM",2022,63907.0
35005,"Chaves, NM",2023,63668.0
35005,"Chaves, NM",2024,63697.0
35006,"Cibola, NM*",2019,27331.0
35006,"Cibola, NM*",2020,26969.0
35006,"Cibola, NM*",2021,27060.0
35006,"Cibola, NM*",2022,26771.0
35006,"Cibola, NM*",2023,26741.0
35006,"Cibola, NM*",2024,26686.0
35007,"Colfax, NM",2019,12435.0
35007,"Colfax, NM",2020,12353.0
35007,"Colfax, NM",2021,12348.0
35007,"Colfax, NM",2022,12289.0
35007,"Colfax, NM",2023,12312.0
35007,"Colfax, NM",2024,12307.0
35009,"Curry, NM",2019,48630.0
35009,"Curry, NM",2020,48374.0
35009,"Curry, NM",2021,47950.0
35009,"Curry, NM",2022,47391.0
35009,"Curry, NM",2023,47321.0
35009,"Curry, NM",2024,47156.0
35011,"De Baca, NM",2019,1746.0
35011,"De Baca, NM",2020,1683.0
35011,"De Baca, NM",2021,1682.0
35011,"De Baca, NM",2022,1697.0
35011,"De Baca, NM",2023,1672.0
35011,"De Baca, NM",2024,1657.0
35013,"Doña Ana, NM",2019,217678.0
35013,"Doña Ana, NM",2020,220069.0
35013,"Doña Ana, NM",2021,221756.0
35013,"Doña Ana, NM",2022,223604.0
35013,"Doña Ana, NM",2023,226534.0
35013,"Doña Ana, NM",2024,229366.0
35015,"Eddy, NM",2019,61950.0
35015,"Eddy, NM",2020,62342.0
35015,"Eddy, NM",2021,60870.0
35015,"Eddy, NM",2022,60221.0
35015,"Eddy, NM",2023,60654.0
35015,"Eddy, NM",2024,61436.0
35017,"Grant, NM",2019,28002.0
35017,"Grant, NM",2020,28214.0
35017,"Grant, NM",2021,27907.0
35017,"Grant, NM",2022,27699.0
35017,"Grant, NM",2023,27512.0
35017,"Grant, NM",2024,27541.0
35019,"Guadalupe, NM",2019,4427.0
35019,"Guadalupe, NM",2020,4442.0
35019,"Guadalupe, NM",2021,4424.0
35019,"Guadalupe, NM",2022,4324.0
35019,"Guadalupe, NM",2023,4334.0
35019,"Guadalupe, NM",2024,4385.0
35021,"Harding, NM",2019,651.0
35021,"Harding, NM",2020,654.0
35021,"Harding, NM",2021,633.0
35021,"Harding, NM",2022,627.0
35021,"Harding, NM",2023,643.0
35021,"Harding, NM",2024,635.0
35023,"Hidalgo, NM",2019,4241.0
35023,"Hidalgo, NM",2020,4163.0
35023,"Hidalgo, NM",2021,4085.0
35023,"Hidalgo, NM",2022,4012.0
35023,"Hidalgo, NM",2023,3979.0
35023,"Hidalgo, NM",2024,3966.0
35025,"Lea, NM",2019,73664.0
35025,"Lea, NM",2020,74643.0
35025,"Lea, NM",2021,73070.0
35025,"Lea, NM",2022,72300.0
35025,"Lea, NM",2023,73503.0
35025,"Lea, NM",2024,75151.0
35027,"Lincoln, NM",2019,20064.0
35027,"Lincoln, NM",2020,20304.0
35027,"Lincoln, NM",2021,20403.0
35027,"Lincoln, NM",2022,20339.0
35027,"Lincoln, NM",2023,20047.0
35027,"Lincoln, NM",2024,20025.0
35028,"Los Alamos, NM",2019,19328.0
35028,"Los Alamos, NM",2020,19422.0
35028,"Los Alamos, NM",2021,19397.0
35028,"Los Alamos, NM",2022,19259.0
35028,"Los Alamos, NM",2023,19420.0
35028,"Los Alamos, NM",2024,19675.0
35029,"Luna, NM",2019,25191.0
35029,"Luna, NM",2020,25457.0
35029,"Luna, NM",2021,25471.0
35029,"Luna, NM",2022,25677.0
35029,"Luna, NM",2023,25573.0
35029,"Luna, NM",2024,25878.0
35031,"McKinley, NM",2019,73223.0
35031,"McKinley, NM",2020,72586.0
35031,"McKinley, NM",2021,71468.0
35031,"McKinley, NM",2022,70084.0
35031,"McKinley, NM",2023,69073.0
35031,"McKinley, NM",2024,68945.0
35033,"Mora, NM",2019,4212.0
35033,"Mora, NM",2020,4192.0
35033,"Mora, NM",2021,4190.0
35033,"Mora, NM",2022,4142.0
35033,"Mora, NM",2023,4125.0
35033,"Mora, NM",2024,4096.0
35035,"Otero, NM",2019,67522.0
35035,"Otero, NM",2020,67866.0
35035,"Otero, NM",2021,68499.0
35035,"Otero, NM",2022,68650.0
35035,"Otero, NM",2023,69354.0
35035,"Otero, NM",2024,69711.0
35037,"Quay, NM",2019,8715.0
35037,"Quay, NM",2020,8710.0
35037,"Quay, NM",2021,8620.0
35037,"Quay, NM",2022,8536.0
35037,"Quay, NM",2023,8553.0
35037,"Quay, NM",2024,8403.0
35039,"Rio Arriba, NM",2019,40481.0
35039,"Rio Arriba, NM",2020,40268.0
35039,"Rio Arriba, NM",2021,40219.0
35039,"Rio Arriba, NM",2022,39986.0
35039,"Rio Arriba, NM",2023,39921.0
35039,"Rio Arriba, NM",2024,39955.0
35041,"Roosevelt, NM",2019,19252.0
35041,"Roosevelt, NM",2020,19153.0
35041,"Roosevelt, NM",2021,18998.0
35041,"Roosevelt, NM",2022,18896.0
35041,"Roosevelt, NM",2023,18879.0
35041,"Roosevelt, NM",2024,18713.0
35043,"Sandoval, NM",2019,147321.0
35043,"Sandoval, NM",2020,149301.0
35043,"Sandoval, NM",2021,151509.0
35043,"Sandoval, NM",2022,153509.0
35043,"Sandoval, NM",2023,155943.0
35043,"Sandoval, NM",2024,157757.0
35045,"San Juan, NM",2019,122292.0
35045,"San Juan, NM",2020,121387.0
35045,"San Juan, NM",2021,121019.0
35045,"San Juan, NM",2022,120580.0
35045,"San Juan, NM",2023,120907.0
35045,"San Juan, NM",2024,120817.0
35047,"San Miguel, NM",2019,27349.0
35047,"San Miguel, NM",2020,27128.0
35047,"San Miguel, NM",2021,27162.0
35047,"San Miguel, NM",2022,26899.0
35047,"San Miguel, NM",2023,26633.0
35047,"San Miguel, NM",2024,26428.0
35049,"Santa Fe, NM",2019,153762.0
35049,"Santa Fe, NM",2020,155056.0
35049,"Santa Fe, NM",2021,155429.0
35049,"Santa Fe, NM",2022,155768.0
35049,"Santa Fe, NM",2023,156507.0
35049,"Santa Fe, NM",2024,157765.0
35051,"Sierra, NM",2019,11544.0
35051,"Sierra, NM",2020,11565.0
35051,"Sierra, NM",2021,11524.0
35051,"Sierra, NM",2022,11485.0
35051,"Sierra, NM",2023,11535.0
35051,"Sierra, NM",2024,11389.0
35053,"Socorro, NM",2019,16666.0
35053,"Socorro, NM",2020,16559.0
35053,"Socorro, NM",2021,16304.0
35053,"Socorro, NM",2022,16142.0
35053,"Socorro, NM",2023,16028.0
35053,"Socorro, NM",2024,15967.0
35055,"Taos, NM",2019,34462.0
35055,"Taos, NM",2020,34465.0
35055,"Taos, NM",2021,34688.0
35055,"Taos, NM",2022,34594.0
35055,"Taos, NM",2023,34484.0
35055,"Taos, NM",2024,34482.0
35057,"Torrance, NM",2019,15068.0
35057,"Torrance, NM",2020,15057.0
35057,"Torrance, NM",2021,15311.0
35057,"Torrance, NM",2022,15398.0
35057,"Torrance, NM",2023,15699.0
35057,"Torrance, NM",2024,15986.0
35059,"Union, NM",2019,4088.0
35059,"Union, NM",2020,4073.0
35059,"Union, NM",2021,4099.0
35059,"Union, NM",2022,3996.0
35059,"Union, NM",2023,3972.0
35059,"Union, NM",2024,3926.0
35061,"Valencia, NM*",2019,75804.0
35061,"Valencia, NM*",2020,76507.0
35061,"Valencia, NM*",2021,77452.0
35061,"Valencia, NM*",2022,78254.0
35061,"Valencia, NM*",2023,79263.0
35061,"Valencia, NM*",2024,80813.0
36001,"Albany, NY",2019,314630.0
36001,"Albany, NY",2020,314024.0
36001,"Albany, NY",2021,316817.0
36001,"Albany, NY",2022,316287.0
36001,"Albany, NY",2023,318000.0
36001,"Albany, NY",2024,319964.0
36003,"Allegany, NY",2019,46613.0
36003,"Allegany, NY",2020,47358.0
36003,"Allegany, NY",2021,46962.0
36003,"Allegany, NY",2022,46850.0
36003,"Allegany, NY",2023,47327.0
36003,"Allegany, NY",2024,47299.0
36005,"Bronx, NY",2019,1479222.0
36005,"Bronx, NY",2020,1459323.0
36005,"Bronx, NY",2021,1420392.0
36005,"Bronx, NY",2022,1384189.0
36005,"Bronx, NY",2023,1375266.0
36005,"Bronx, NY",2024,1384724.0
36007,"Broome, NY",2019,198864.0
36007,"Broome, NY",2020,198172.0
36007,"Broome, NY",2021,198596.0
36007,"Broome, NY",2022,197340.0
36007,"Broome, NY",2023,196383.0
36007,"Broome, NY",2024,196397.0
36009,"Cattaraugus, NY",2019,77184.0
36009,"Cattaraugus, NY",2020,76983.0
36009,"Cattaraugus, NY",2021,76551.0
36009,"Cattaraugus, NY",2022,76036.0
36009,"Cattaraugus, NY",2023,75680.0
36009,"Cattaraugus, NY",2024,75475.0
36011,"Cayuga, NY",2019,76497.0
36011,"Cayuga, NY",2020,76151.0
36011,"Cayuga, NY",2021,75457.0
36011,"Cayuga, NY",2022,74758.0
36011,"Cayuga, NY",2023,74575.0
36011,"Cayuga, NY",2024,74567.0
36013,"Chautauqua, NY",2019,127913.0
36013,"Chautauqua, NY",2020,127370.0
36013,"Chautauqua, NY",2021,126192.0
36013,"Chautauqua, NY",2022,125310.0
36013,"Chautauqua, NY",2023,124742.0
36013,"Chautauqua, NY",2024,124105.0
36015,"Chemung, NY",2019,84580.0
36015,"Chemung, NY",2020,83677.0
36015,"Chemung, NY",2021,83064.0
36015,"Chemung, NY",2022,81598.0
36015,"Chemung, NY",2023,81279.0
36015,"Chemung, NY",2024,81115.0
36017,"Chenango, NY",2019,47549.0
36017,"Chenango, NY",2020,47079.0
36017,"Chenango, NY",2021,46572.0
36017,"Chenango, NY",2022,46301.0
36017,"Chenango, NY",2023,45875.0
36017,"Chenango, NY",2024,45776.0
36019,"Clinton, NY",2019,79968.0
36019,"Clinton, NY",2020,79715.0
36019,"Clinton, NY",2021,79018.0
36019,"Clinton, NY",2022,77978.0
36019,"Clinton, NY",2023,77883.0
36019,"Clinton, NY",2024,77871.0
36021,"Columbia, NY",2019,61410.0
36021,"Columbia, NY",2020,61419.0
36021,"Columbia, NY",2021,61977.0
36021,"Columbia, NY",2022,61187.0
36021,"Columbia, NY",2023,60616.0
36021,"Columbia, NY",2024,60299.0
36023,"Cortland, NY",2019,46972.0
36023,"Cortland, NY",2020,46751.0
36023,"Cortland, NY",2021,46443.0
36023,"Cortland, NY",2022,46133.0
36023,"Cortland, NY",2023,45957.0
36023,"Cortland, NY",2024,45945.0
36025,"Delaware, NY",2019,44576.0
36025,"Delaware, NY",2020,44230.0
36025,"Delaware, NY",2021,44730.0
36025,"Delaware, NY",2022,44769.0
36025,"Delaware, NY",2023,44514.0
36025,"Delaware, NY",2024,44191.0
36027,"Dutchess, NY",2019,296034.0
36027,"Dutchess, NY",2020,295913.0
36027,"Dutchess, NY",2021,298816.0
36027,"Dutchess, NY",2022,298186.0
36027,"Dutchess, NY",2023,298224.0
36027,"Dutchess, NY",2024,299963.0
36029,"Erie, NY",2019,952161.0
36029,"Erie, NY",2020,952353.0
36029,"Erie, NY",2021,953023.0
36029,"Erie, NY",2022,948745.0
36029,"Erie, NY",2023,948386.0
36029,"Erie, NY",2024,950602.0
36031,"Essex, NY",2019,37376.0
36031,"Essex, NY",2020,37288.0
36031,"Essex, NY",2021,37246.0
36031,"Essex, NY",2022,36788.0
36031,"Essex, NY",2023,36796.0
36031,"Essex, NY",2024,36744.0
36033,"Franklin, NY",2019,47830.0
36033,"Franklin, NY",2020,47248.0
36033,"Franklin, NY",2021,46797.0
36033,"Franklin, NY",2022,46072.0
36033,"Franklin, NY",2023,46276.0
36033,"Franklin, NY",2024,47086.0
36035,"Fulton, NY",2019,53634.0
36035,"Fulton, NY",2020,53111.0
36035,"Fulton, NY",2021,52751.0
36035,"Fulton, NY",2022,52245.0
36035,"Fulton, NY",2023,52253.0
36035,"Fulton, NY",2024,52073.0
36037,"Genesee, NY",2019,58576.0
36037,"Genesee, NY",2020,58315.0
36037,"Genesee, NY",2021,57902.0
36037,"Genesee, NY",2022,57482.0
36037,"Genesee, NY",2023,57634.0
36037,"Genesee, NY",2024,57604.0
36039,"Greene, NY",2019,47872.0
36039,"Greene, NY",2020,47761.0
36039,"Greene, NY",2021,47898.0
36039,"Greene, NY",2022,47388.0
36039,"Greene, NY",2023,47096.0
36039,"Greene, NY",2024,46903.0
36041,"Hamilton, NY",2019,5122.0
36041,"Hamilton, NY",2020,5070.0
36041,"Hamilton, NY",2021,5114.0
36041,"Hamilton, NY",2022,5108.0
36041,"Hamilton, NY",2023,5070.0
36041,"Hamilton, NY",2024,5082.0
36043,"Herkimer, NY",2019,60509.0
36043,"Herkimer, NY",2020,60031.0
36043,"Herkimer, NY",2021,60020.0
36043,"Herkimer, NY",2022,59576.0
36043,"Herkimer, NY",2023,59571.0
36043,"Herkimer, NY",2024,59585.0
36045,"Jefferson, NY",2019,117602.0
36045,"Jefferson, NY",2020,116071.0
36045,"Jefferson, NY",2021,116925.0
36045,"Jefferson, NY",2022,115487.0
36045,"Jefferson, NY",2023,113575.0
36045,"Jefferson, NY",2024,113140.0
36047,"Kings, NY",2019,2737209.0
36047,"Kings, NY",2020,2716455.0
36047,"Kings, NY",2021,2634268.0
36047,"Kings, NY",2022,2596607.0
36047,"Kings, NY",2023,2592937.0
36047,"Kings, NY",2024,2617631.0
36049,"Lewis, NY",2019,26651.0
36049,"Lewis, NY",2020,26557.0
36049,"Lewis, NY",2021,26721.0
36049,"Lewis, NY",2022,26602.0
36049,"Lewis, NY",2023,26584.0
36049,"Lewis, NY",2024,26570.0
36051,"Livingston, NY",2019,62219.0
36051,"Livingston, NY",2020,61596.0
36051,"Livingston, NY",2021,61698.0
36051,"Livingston, NY",2022,61385.0
36051,"Livingston, NY",2023,61248.0
36051,"Livingston, NY",2024,61561.0
36053,"Madison, NY",2019,68498.0
36053,"Madison, NY",2020,67951.0
36053,"Madison, NY",2021,67402.0
36053,"Madison, NY",2022,67062.0
36053,"Madison, NY",2023,67152.0
36053,"Madison, NY",2024,67072.0
36055,"Monroe, NY",2019,758941.0
36055,"Monroe, NY",2020,757747.0
36055,"Monroe, NY",2021,756089.0
36055,"Monroe, NY",2022,751827.0
36055,"Monroe, NY",2023,750901.0
36055,"Monroe, NY",2024,752202.0
36057,"Montgomery, NY",2019,49638.0
36057,"Montgomery, NY",2020,49487.0
36057,"Montgomery, NY",2021,49490.0
36057,"Montgomery, NY",2022,49434.0
36057,"Montgomery, NY",2023,49580.0
36057,"Montgomery, NY",2024,49648.0
36059,"Nassau, NY",2019,1395123.0
36059,"Nassau, NY",2020,1390584.0
36059,"Nassau, NY",2021,1392058.0
36059,"Nassau, NY",2022,1386825.0
36059,"Nassau, NY",2023,1386052.0
36059,"Nassau, NY",2024,1392438.0
36061,"New York, NY",2019,1702471.0
36061,"New York, NY",2020,1679602.0
36061,"New York, NY",2021,1576787.0
36061,"New York, NY",2022,1597103.0
36061,"New York, NY",2023,1633229.0
36061,"New York, NY",2024,1660664.0
36063,"Niagara, NY",2019,213145.0
36063,"Niagara, NY",2020,212133.0
36063,"Niagara, NY",2021,211754.0
36063,"Niagara, NY",2022,210466.0
36063,"Niagara, NY",2023,209684.0
36063,"Niagara, NY",2024,209570.0
36065,"Oneida, NY",2019,232323.0
36065,"Oneida, NY",2020,231103.0
36065,"Oneida, NY",2021,229660.0
36065,"Oneida, NY",2022,228502.0
36065,"Oneida, NY",2023,228010.0
36065,"Oneida, NY",2024,228347.0
36067,"Onondaga, NY",2019,476259.0
36067,"Onondaga, NY",2020,474218.0
36067,"Onondaga, NY",2021,471959.0
36067,"Onondaga, NY",2022,470432.0
36067,"Onondaga, NY",2023,469226.0
36067,"Onondaga, NY",2024,469812.0
36069,"Ontario, NY",2019,112153.0
36069,"Ontario, NY",2020,112350.0
36069,"Ontario, NY",2021,112648.0
36069,"Ontario, NY",2022,112509.0
36069,"Ontario, NY",2023,112605.0
36069,"Ontario, NY",2024,113012.0
36071,"Orange, NY",2019,399706.0
36071,"Orange, NY",2020,400997.0
36071,"Orange, NY",2021,405214.0
36071,"Orange, NY",2022,406677.0
36071,"Orange, NY",2023,408427.0
36071,"Orange, NY",2024,411767.0
36073,"Orleans, NY",2019,40577.0
36073,"Orleans, NY",2020,40069.0
36073,"Orleans, NY",2021,39566.0
36073,"Orleans, NY",2022,39329.0
36073,"Orleans, NY",2023,39390.0
36073,"Orleans, NY",2024,39686.0
36075,"Oswego, NY",2019,117837.0
36075,"Oswego, NY",2020,117450.0
36075,"Oswego, NY",2021,118010.0
36075,"Oswego, NY",2022,118110.0
36075,"Oswego, NY",2023,117889.0
36075,"Oswego, NY",2024,118305.0
36077,"Otsego, NY",2019,59010.0
36077,"Otsego, NY",2020,58366.0
36077,"Otsego, NY",2021,60722.0
36077,"Otsego, NY",2022,60408.0
36077,"Otsego, NY",2023,60519.0
36077,"Otsego, NY",2024,60524.0
36079,"Putnam, NY",2019,97669.0
36079,"Putnam, NY",2020,97628.0
36079,"Putnam, NY",2021,98235.0
36079,"Putnam, NY",2022,98274.0
36079,"Putnam, NY",2023,97988.0
36079,"Putnam, NY",2024,98409.0
36081,"Queens, NY",2019,2411304.0
36081,"Queens, NY",2020,2389813.0
36081,"Queens, NY",2021,2328286.0
36081,"Queens, NY",2022,2285640.0
36081,"Queens, NY",2023,2294682.0
36081,"Queens, NY",2024,2316841.0
36083,"Rensselaer, NY",2019,161516.0
36083,"Rensselaer, NY",2020,160888.0
36083,"Rensselaer, NY",2021,160645.0
36083,"Rensselaer, NY",2022,159530.0
36083,"Rensselaer, NY",2023,159846.0
36083,"Rensselaer, NY",2024,160749.0
36085,"Richmond, NY",2019,494545.0
36085,"Richmond, NY",2020,495113.0
36085,"Richmond, NY",2021,494039.0
36085,"Richmond, NY",2022,492640.0
36085,"Richmond, NY",2023,494774.0
36085,"Richmond, NY",2024,498212.0
36087,"Rockland, NY",2019,337332.0
36087,"Rockland, NY",2020,337378.0
36087,"Rockland, NY",2021,339828.0
36087,"Rockland, NY",2022,340756.0
36087,"Rockland, NY",2023,343310.0
36087,"Rockland, NY",2024,348144.0
36089,"St. Lawrence, NY",2019,108824.0
36089,"St. Lawrence, NY",2020,108327.0
36089,"St. Lawrence, NY",2021,107835.0
36089,"St. Lawrence, NY",2022,107043.0
36089,"St. Lawrence, NY",2023,106727.0
36089,"St. Lawrence, NY",2024,106198.0
36091,"Saratoga, NY",2019,234518.0
36091,"Saratoga, NY",2020,235811.0
36091,"Saratoga, NY",2021,237885.0
36091,"Saratoga, NY",2022,238491.0
36091,"Saratoga, NY",2023,238873.0
36091,"Saratoga, NY",2024,240360.0
36093,"Schenectady, NY",2019,157939.0
36093,"Schenectady, NY",2020,159294.0
36093,"Schenectady, NY",2021,160066.0
36093,"Schenectady, NY",2022,159846.0
36093,"Schenectady, NY",2023,160378.0
36093,"Schenectady, NY",2024,162261.0
36095,"Schoharie, NY",2019,29758.0
36095,"Schoharie, NY",2020,29761.0
36095,"Schoharie, NY",2021,30144.0
36095,"Schoharie, NY",2022,30062.0
36095,"Schoharie, NY",2023,30126.0
36095,"Schoharie, NY",2024,30151.0
36097,"Schuyler, NY",2019,17993.0
36097,"Schuyler, NY",2020,17861.0
36097,"Schuyler, NY",2021,17789.0
36097,"Schuyler, NY",2022,17591.0
36097,"Schuyler, NY",2023,17446.0
36097,"Schuyler, NY",2024,17121.0
36099,"Seneca, NY",2019,33966.0
36099,"Seneca, NY",2020,33512.0
36099,"Seneca, NY",2021,33411.0
36099,"Seneca, NY",2022,32610.0
36099,"Seneca, NY",2023,32416.0
36099,"Seneca, NY",2024,32650.0
36101,"Steuben, NY",2019,94165.0
36101,"Steuben, NY",2020,93321.0
36101,"Steuben, NY",2021,93099.0
36101,"Steuben, NY",2022,92420.0
36101,"Steuben, NY",2023,92087.0
36101,"Steuben, NY",2024,92015.0
36103,"Suffolk, NY",2019,1524358.0
36103,"Suffolk, NY",2020,1522175.0
36103,"Suffolk, NY",2021,1534053.0
36103,"Suffolk, NY",2022,1529565.0
36103,"Suffolk, NY",2023,1529029.0
36103,"Suffolk, NY",2024,1535909.0
36105,"Sullivan, NY",2019,78177.0
36105,"Sullivan, NY",2020,78465.0
36105,"Sullivan, NY",2021,79731.0
36105,"Sullivan, NY",2022,79768.0
36105,"Sullivan, NY",2023,80190.0
36105,"Sullivan, NY",2024,80450.0
36107,"Tioga, NY",2019,48641.0
36107,"Tioga, NY",2020,48354.0
36107,"Tioga, NY",2021,48090.0
36107,"Tioga, NY",2022,47708.0
36107,"Tioga, NY",2023,47593.0
36107,"Tioga, NY",2024,47574.0
36109,"Tompkins, NY",2019,106038.0
36109,"Tompkins, NY",2020,99778.0
36109,"Tompkins, NY",2021,105974.0
36109,"Tompkins, NY",2022,105827.0
36109,"Tompkins, NY",2023,105505.0
36109,"Tompkins, NY",2024,105602.0
36111,"Ulster, NY",2019,181643.0
36111,"Ulster, NY",2020,181277.0
36111,"Ulster, NY",2021,183487.0
36111,"Ulster, NY",2022,182357.0
36111,"Ulster, NY",2023,182906.0
36111,"Ulster, NY",2024,182977.0
36113,"Warren, NY",2019,65755.0
36113,"Warren, NY",2020,65608.0
36113,"Warren, NY",2021,65734.0
36113,"Warren, NY",2022,65448.0
36113,"Warren, NY",2023,65508.0
36113,"Warren, NY",2024,65288.0
36115,"Washington, NY",2019,61665.0
36115,"Washington, NY",2020,61106.0
36115,"Washington, NY",2021,60871.0
36115,"Washington, NY",2022,60764.0
36115,"Washington, NY",2023,60032.0
36115,"Washington, NY",2024,59839.0
36117,"Wayne, NY",2019,91483.0
36117,"Wayne, NY",2020,91213.0
36117,"Wayne, NY",2021,91173.0
36117,"Wayne, NY",2022,90831.0
36117,"Wayne, NY",2023,90671.0
36117,"Wayne, NY",2024,90757.0
36119,"Westchester, NY",2019,1002976.0
36119,"Westchester, NY",2020,1001489.0
36119,"Westchester, NY",2021,1000036.0
36119,"Westchester, NY",2022,993488.0
36119,"Westchester, NY",2023,996926.0
36119,"Westchester, NY",2024,1006447.0
36121,"Wyoming, NY",2019,40737.0
36121,"Wyoming, NY",2020,40201.0
36121,"Wyoming, NY",2021,39916.0
36121,"Wyoming, NY",2022,39528.0
36121,"Wyoming, NY",2023,39530.0
36121,"Wyoming, NY",2024,39588.0
36123,"Yates, NY",2019,24865.0
36123,"Yates, NY",2020,24720.0
36123,"Yates, NY",2021,24640.0
36123,"Yates, NY",2022,24469.0
36123,"Yates, NY",2023,24413.0
36123,"Yates, NY",2024,24387.0
37001,"Alamance, NC",2019,169609.0
37001,"Alamance, NC",2020,171620.0
37001,"Alamance, NC",2021,173642.0
37001,"Alamance, NC",2022,176544.0
37001,"Alamance, NC",2023,179617.0
37001,"Alamance, NC",2024,183040.0
37003,"Alexander, NC",2019,36449.0
37003,"Alexander, NC",2020,36410.0
37003,"Alexander, NC",2021,36292.0
37003,"Alexander, NC",2022,36237.0
37003,"Alexander, NC",2023,36427.0
37003,"Alexander, NC",2024,36693.0
37005,"Alleghany, NC",2019,10844.0
37005,"Alleghany, NC",2020,10889.0
37005,"Alleghany, NC",2021,11074.0
37005,"Alleghany, NC",2022,11187.0
37005,"Alleghany, NC",2023,11340.0
37005,"Alleghany, NC",2024,11379.0
37007,"Anson, NC",2019,21743.0
37007,"Anson, NC",2020,22034.0
37007,"Anson, NC",2021,22250.0
37007,"Anson, NC",2022,22346.0
37007,"Anson, NC",2023,22381.0
37007,"Anson, NC",2024,22432.0
37009,"Ashe, NC",2019,26635.0
37009,"Ashe, NC",2020,26590.0
37009,"Ashe, NC",2021,26766.0
37009,"Ashe, NC",2022,27062.0
37009,"Ashe, NC",2023,27068.0
37009,"Ashe, NC",2024,27266.0
37011,"Avery, NC",2019,17704.0
37011,"Avery, NC",2020,17815.0
37011,"Avery, NC",2021,17511.0
37011,"Avery, NC",2022,17550.0
37011,"Avery, NC",2023,17711.0
37011,"Avery, NC",2024,17811.0
37013,"Beaufort, NC",2019,44784.0
37013,"Beaufort, NC",2020,44690.0
37013,"Beaufort, NC",2021,44462.0
37013,"Beaufort, NC",2022,44356.0
37013,"Beaufort, NC",2023,44410.0
37013,"Beaufort, NC",2024,44576.0
37015,"Bertie, NC",2019,18168.0
37015,"Bertie, NC",2020,17717.0
37015,"Bertie, NC",2021,17234.0
37015,"Bertie, NC",2022,16947.0
37015,"Bertie, NC",2023,17013.0
37015,"Bertie, NC",2024,16939.0
37017,"Bladen, NC",2019,29786.0
37017,"Bladen, NC",2020,29630.0
37017,"Bladen, NC",2021,29552.0
37017,"Bladen, NC",2022,29365.0
37017,"Bladen, NC",2023,29505.0
37017,"Bladen, NC",2024,29777.0
37019,"Brunswick, NC",2019,132837.0
37019,"Brunswick, NC",2020,138167.0
37019,"Brunswick, NC",2021,144869.0
37019,"Brunswick, NC",2022,152836.0
37019,"Brunswick, NC",2023,159855.0
37019,"Brunswick, NC",2024,167112.0
37021,"Buncombe, NC",2019,267774.0
37021,"Buncombe, NC",2020,269704.0
37021,"Buncombe, NC",2021,271984.0
37021,"Buncombe, NC",2022,274112.0
37021,"Buncombe, NC",2023,276789.0
37021,"Buncombe, NC",2024,279210.0
37023,"Burke, NC",2019,87707.0
37023,"Burke, NC",2020,87248.0
37023,"Burke, NC",2021,87303.0
37023,"Burke, NC",2022,87732.0
37023,"Burke, NC",2023,88147.0
37023,"Burke, NC",2024,88545.0
37025,"Cabarrus, NC",2019,221383.0
37025,"Cabarrus, NC",2020,227235.0
37025,"Cabarrus, NC",2021,231821.0
37025,"Cabarrus, NC",2022,236078.0
37025,"Cabarrus, NC",2023,240608.0
37025,"Cabarrus, NC",2024,244925.0
37027,"Caldwell, NC",2019,80812.0
37027,"Caldwell, NC",2020,80584.0
37027,"Caldwell, NC",2021,80518.0
37027,"Caldwell, NC",2022,80259.0
37027,"Caldwell, NC",2023,80579.0
37027,"Caldwell, NC",2024,80739.0
37029,"Camden, NC",2019,10224.0
37029,"Camden, NC",2020,10407.0
37029,"Camden, NC",2021,10821.0
37029,"Camden, NC",2022,11089.0
37029,"Camden, NC",2023,11132.0
37029,"Camden, NC",2024,11184.0
37031,"Carteret, NC",2019,67733.0
37031,"Carteret, NC",2020,67695.0
37031,"Carteret, NC",2021,68707.0
37031,"Carteret, NC",2022,69369.0
37031,"Carteret, NC",2023,69712.0
37031,"Carteret, NC",2024,70259.0
37033,"Caswell, NC",2019,22804.0
37033,"Caswell, NC",2020,22473.0
37033,"Caswell, NC",2021,22487.0
37033,"Caswell, NC",2022,22219.0
37033,"Caswell, NC",2023,22479.0
37033,"Caswell, NC",2024,22363.0
37035,"Catawba, NC",2019,159732.0
37035,"Catawba, NC",2020,160889.0
37035,"Catawba, NC",2021,161682.0
37035,"Catawba, NC",2022,163286.0
37035,"Catawba, NC",2023,164955.0
37035,"Catawba, NC",2024,167054.0
37037,"Chatham, NC",2019,75163.0
37037,"Chatham, NC",2020,76662.0
37037,"Chatham, NC",2021,78147.0
37037,"Chatham, NC",2022,80080.0
37037,"Chatham, NC",2023,81992.0
37037,"Chatham, NC",2024,83874.0
37039,"Cherokee, NC",2019,28486.0
37039,"Cherokee, NC",2020,28864.0
37039,"Cherokee, NC",2021,29188.0
37039,"Cherokee, NC",2022,29431.0
37039,"Cherokee, NC",2023,29952.0
37039,"Cherokee, NC",2024,30373.0
37041,"Chowan, NC",2019,13772.0
37041,"Chowan, NC",2020,13707.0
37041,"Chowan, NC",2021,13769.0
37041,"Chowan, NC",2022,13921.0
37041,"Chowan, NC",2023,13894.0
37041,"Chowan, NC",2024,13891.0
37043,"Clay, NC",2019,10929.0
37043,"Clay, NC",2020,11145.0
37043,"Clay, NC",2021,11380.0
37043,"Clay, NC",2022,11610.0
37043,"Clay, NC",2023,11873.0
37043,"Clay, NC",2024,12042.0
37045,"Cleveland, NC",2019,98578.0
37045,"Cleveland, NC",2020,99945.0
37045,"Cleveland, NC",2021,100485.0
37045,"Cleveland, NC",2022,100771.0
37045,"Cleveland, NC",2023,101561.0
37045,"Cleveland, NC",2024,102194.0
37047,"Columbus, NC",2019,51425.0
37047,"Columbus, NC",2020,50475.0
37047,"Columbus, NC",2021,50004.0
37047,"Columbus, NC",2022,50027.0
37047,"Columbus, NC",2023,50140.0
37047,"Columbus, NC",2024,50054.0
37049,"Craven, NC",2019,101304.0
37049,"Craven, NC",2020,101505.0
37049,"Craven, NC",2021,101667.0
37049,"Craven, NC",2022,102392.0
37049,"Craven, NC",2023,103329.0
37049,"Craven, NC",2024,104167.0
37051,"Cumberland, NC",2019,334800.0
37051,"Cumberland, NC",2020,337195.0
37051,"Cumberland, NC",2021,339623.0
37051,"Cumberland, NC",2022,339068.0
37051,"Cumberland, NC",2023,338411.0
37051,"Cumberland, NC",2024,338430.0
37053,"Currituck, NC",2019,27265.0
37053,"Currituck, NC",2020,28404.0
37053,"Currituck, NC",2021,29703.0
37053,"Currituck, NC",2022,31011.0
37053,"Currituck, NC",2023,31609.0
37053,"Currituck, NC",2024,32278.0
37055,"Dare, NC",2019,36547.0
37055,"Dare, NC",2020,37038.0
37055,"Dare, NC",2021,37924.0
37055,"Dare, NC",2022,38047.0
37055,"Dare, NC",2023,38181.0
37055,"Dare, NC",2024,38183.0
37057,"Davidson, NC",2019,168105.0
37057,"Davidson, NC",2020,169050.0
37057,"Davidson, NC",2021,170580.0
37057,"Davidson, NC",2022,172443.0
37057,"Davidson, NC",2023,174887.0
37057,"Davidson, NC",2024,177809.0
37059,"Davie, NC",2019,42272.0
37059,"Davie, NC",2020,42894.0
37059,"Davie, NC",2021,43651.0
37059,"Davie, NC",2022,44087.0
37059,"Davie, NC",2023,44594.0
37059,"Davie, NC",2024,45383.0
37061,"Duplin, NC",2019,49438.0
37061,"Duplin, NC",2020,48668.0
37061,"Duplin, NC",2021,48575.0
37061,"Duplin, NC",2022,49072.0
37061,"Duplin, NC",2023,49819.0
37061,"Duplin, NC",2024,50539.0
37063,"Durham, NC",2019,321502.0
37063,"Durham, NC",2020,322505.0
37063,"Durham, NC",2021,326826.0
37063,"Durham, NC",2022,331568.0
37063,"Durham, NC",2023,337238.0
37063,"Durham, NC",2024,343628.0
37065,"Edgecombe, NC",2019,49469.0
37065,"Edgecombe, NC",2020,48780.0
37065,"Edgecombe, NC",2021,48351.0
37065,"Edgecombe, NC",2022,48481.0
37065,"Edgecombe, NC",2023,48946.0
37065,"Edgecombe, NC",2024,49124.0
37067,"Forsyth, NC",2019,381131.0
37067,"Forsyth, NC",2020,382634.0
37067,"Forsyth, NC",2021,385753.0
37067,"Forsyth, NC",2022,389519.0
37067,"Forsyth, NC",2023,393835.0
37067,"Forsyth, NC",2024,398143.0
37069,"Franklin, NC",2019,67191.0
37069,"Franklin, NC",2020,69028.0
37069,"Franklin, NC",2021,71712.0
37069,"Franklin, NC",2022,74326.0
37069,"Franklin, NC",2023,77092.0
37069,"Franklin, NC",2024,79771.0
37071,"Gaston, NC",2019,226257.0
37071,"Gaston, NC",2020,228625.0
37071,"Gaston, NC",2021,231409.0
37071,"Gaston, NC",2022,234208.0
37071,"Gaston, NC",2023,238153.0
37071,"Gaston, NC",2024,242010.0
37073,"Gates, NC",2019,10590.0
37073,"Gates, NC",2020,10450.0
37073,"Gates, NC",2021,10404.0
37073,"Gates, NC",2022,10373.0
37073,"Gates, NC",2023,10354.0
37073,"Gates, NC",2024,10299.0
37075,"Graham, NC",2019,8056.0
37075,"Graham, NC",2020,8039.0
37075,"Graham, NC",2021,8009.0
37075,"Graham, NC",2022,8052.0
37075,"Graham, NC",2023,8079.0
37075,"Graham, NC",2024,8179.0
37077,"Granville, NC",2019,60816.0
37077,"Granville, NC",2020,60151.0
37077,"Granville, NC",2021,60460.0
37077,"Granville, NC",2022,60867.0
37077,"Granville, NC",2023,61362.0
37077,"Granville, NC",2024,61544.0
37079,"Greene, NC",2019,20459.0
37079,"Greene, NC",2020,20438.0
37079,"Greene, NC",2021,20263.0
37079,"Greene, NC",2022,20415.0
37079,"Greene, NC",2023,20644.0
37079,"Greene, NC",2024,20671.0
37081,"Guilford, NC",2019,538901.0
37081,"Guilford, NC",2020,538761.0
37081,"Guilford, NC",2021,542050.0
37081,"Guilford, NC",2022,547195.0
37081,"Guilford, NC",2023,552880.0
37081,"Guilford, NC",2024,558816.0
37083,"Halifax, NC",2019,49111.0
37083,"Halifax, NC",2020,48416.0
37083,"Halifax, NC",2021,48275.0
37083,"Halifax, NC",2022,47623.0
37083,"Halifax, NC",2023,47068.0
37083,"Halifax, NC",2024,46992.0
37085,"Harnett, NC",2019,133085.0
37085,"Harnett, NC",2020,133716.0
37085,"Harnett, NC",2021,135563.0
37085,"Harnett, NC",2022,138583.0
37085,"Harnett, NC",2023,141792.0
37085,"Harnett, NC",2024,146096.0
37087,"Haywood, NC",2019,61772.0
37087,"Haywood, NC",2020,62218.0
37087,"Haywood, NC",2021,62527.0
37087,"Haywood, NC",2022,62595.0
37087,"Haywood, NC",2023,62922.0
37087,"Haywood, NC",2024,63048.0
37089,"Henderson, NC",2019,115522.0
37089,"Henderson, NC",2020,116571.0
37089,"Henderson, NC",2021,117166.0
37089,"Henderson, NC",2022,118336.0
37089,"Henderson, NC",2023,119576.0
37089,"Henderson, NC",2024,120771.0
37091,"Hertford, NC",2019,22056.0
37091,"Hertford, NC",2020,21787.0
37091,"Hertford, NC",2021,19826.0
37091,"Hertford, NC",2022,19525.0
37091,"Hertford, NC",2023,19234.0
37091,"Hertford, NC",2024,19169.0
37093,"Hoke, NC",2019,51808.0
37093,"Hoke, NC",2020,52249.0
37093,"Hoke, NC",2021,53197.0
37093,"Hoke, NC",2022,53759.0
37093,"Hoke, NC",2023,54587.0
37093,"Hoke, NC",2024,55382.0
37095,"Hyde, NC",2019,4676.0
37095,"Hyde, NC",2020,4514.0
37095,"Hyde, NC",2021,4607.0
37095,"Hyde, NC",2022,4616.0
37095,"Hyde, NC",2023,4638.0
37095,"Hyde, NC",2024,4583.0
37097,"Iredell, NC",2019,183542.0
37097,"Iredell, NC",2020,187696.0
37097,"Iredell, NC",2021,192222.0
37097,"Iredell, NC",2022,196129.0
37097,"Iredell, NC",2023,200311.0
37097,"Iredell, NC",2024,206361.0
37099,"Jackson, NC",2019,42936.0
37099,"Jackson, NC",2020,42146.0
37099,"Jackson, NC",2021,42498.0
37099,"Jackson, NC",2022,43880.0
37099,"Jackson, NC",2023,45050.0
37099,"Jackson, NC",2024,45281.0
37101,"Johnston, NC",2019,210957.0
37101,"Johnston, NC",2020,217426.0
37101,"Johnston, NC",2021,226976.0
37101,"Johnston, NC",2022,234762.0
37101,"Johnston, NC",2023,242358.0
37101,"Johnston, NC",2024,249794.0
37103,"Jones, NC",2019,9230.0
37103,"Jones, NC",2020,9145.0
37103,"Jones, NC",2021,9211.0
37103,"Jones, NC",2022,9243.0
37103,"Jones, NC",2023,9448.0
37103,"Jones, NC",2024,9462.0
37105,"Lee, NC",2019,62729.0
37105,"Lee, NC",2020,63402.0
37105,"Lee, NC",2021,64031.0
37105,"Lee, NC",2022,65687.0
37105,"Lee, NC",2023,67421.0
37105,"Lee, NC",2024,68537.0
37107,"Lenoir, NC",2019,55414.0
37107,"Lenoir, NC",2020,55058.0
37107,"Lenoir, NC",2021,54710.0
37107,"Lenoir, NC",2022,54529.0
37107,"Lenoir, NC",2023,54967.0
37107,"Lenoir, NC",2024,55332.0
37109,"Lincoln, NC",2019,85746.0
37109,"Lincoln, NC",2020,87169.0
37109,"Lincoln, NC",2021,89913.0
37109,"Lincoln, NC",2022,93103.0
37109,"Lincoln, NC",2023,95786.0
37109,"Lincoln, NC",2024,97611.0
37111,"McDowell, NC",2019,44652.0
37111,"McDowell, NC",2020,44554.0
37111,"McDowell, NC",2021,44536.0
37111,"McDowell, NC",2022,44759.0
37111,"McDowell, NC",2023,44968.0
37111,"McDowell, NC",2024,45269.0
37113,"Macon, NC",2019,36724.0
37113,"Macon, NC",2020,37095.0
37113,"Macon, NC",2021,37465.0
37113,"Macon, NC",2022,37996.0
37113,"Macon, NC",2023,38430.0
37113,"Macon, NC",2024,38717.0
37115,"Madison, NC",2019,21143.0
37115,"Madison, NC",2020,21295.0
37115,"Madison, NC",2021,21737.0
37115,"Madison, NC",2022,21912.0
37115,"Madison, NC",2023,22039.0
37115,"Madison, NC",2024,22352.0
37117,"Martin, NC",2019,22246.0
37117,"Martin, NC",2020,21959.0
37117,"Martin, NC",2021,21752.0
37117,"Martin, NC",2022,21502.0
37117,"Martin, NC",2023,21484.0
37117,"Martin, NC",2024,21523.0
37119,"Mecklenburg, NC",2019,1103865.0
37119,"Mecklenburg, NC",2020,1116263.0
37119,"Mecklenburg, NC",2021,1125279.0
37119,"Mecklenburg, NC",2022,1149349.0
37119,"Mecklenburg, NC",2023,1176228.0
37119,"Mecklenburg, NC",2024,1206285.0
37121,"Mitchell, NC",2019,14925.0
37121,"Mitchell, NC",2020,14898.0
37121,"Mitchell, NC",2021,14977.0
37121,"Mitchell, NC",2022,15051.0
37121,"Mitchell, NC",2023,15003.0
37121,"Mitchell, NC",2024,15030.0
37123,"Montgomery, NC",2019,25818.0
37123,"Montgomery, NC",2020,25720.0
37123,"Montgomery, NC",2021,25826.0
37123,"Montgomery, NC",2022,25884.0
37123,"Montgomery, NC",2023,26241.0
37123,"Montgomery, NC",2024,26364.0
37125,"Moore, NC",2019,98255.0
37125,"Moore, NC",2020,100293.0
37125,"Moore, NC",2021,103049.0
37125,"Moore, NC",2022,105548.0
37125,"Moore, NC",2023,107072.0
37125,"Moore, NC",2024,108417.0
37127,"Nash, NC",2019,94469.0
37127,"Nash, NC",2020,95159.0
37127,"Nash, NC",2021,95215.0
37127,"Nash, NC",2022,95922.0
37127,"Nash, NC",2023,96796.0
37127,"Nash, NC",2024,97990.0
37129,"New Hanover, NC",2019,224640.0
37129,"New Hanover, NC",2020,226442.0
37129,"New Hanover, NC",2021,230167.0
37129,"New Hanover, NC",2022,236147.0
37129,"New Hanover, NC",2023,240054.0
37129,"New Hanover, NC",2024,243333.0
37131,"Northampton, NC",2019,17902.0
37131,"Northampton, NC",2020,17439.0
37131,"Northampton, NC",2021,17125.0
37131,"Northampton, NC",2022,16806.0
37131,"Northampton, NC",2023,16705.0
37131,"Northampton, NC",2024,16580.0
37133,"Onslow, NC",2019,203598.0
37133,"Onslow, NC",2020,205111.0
37133,"Onslow, NC",2021,203563.0
37133,"Onslow, NC",2022,206718.0
37133,"Onslow, NC",2023,211184.0
37133,"Onslow, NC",2024,212954.0
37135,"Orange, NC",2019,147992.0
37135,"Orange, NC",2020,143732.0
37135,"Orange, NC",2021,148798.0
37135,"Orange, NC",2022,150744.0
37135,"Orange, NC",2023,152239.0
37135,"Orange, NC",2024,152877.0
37137,"Pamlico, NC",2019,12253.0
37137,"Pamlico, NC",2020,12312.0
37137,"Pamlico, NC",2021,12367.0
37137,"Pamlico, NC",2022,12269.0
37137,"Pamlico, NC",2023,12450.0
37137,"Pamlico, NC",2024,12550.0
37139,"Pasquotank, NC",2019,40228.0
37139,"Pasquotank, NC",2020,40270.0
37139,"Pasquotank, NC",2021,40484.0
37139,"Pasquotank, NC",2022,40818.0
37139,"Pasquotank, NC",2023,41180.0
37139,"Pasquotank, NC",2024,41418.0
37141,"Pender, NC",2019,59274.0
37141,"Pender, NC",2020,60625.0
37141,"Pender, NC",2021,62994.0
37141,"Pender, NC",2022,65697.0
37141,"Pender, NC",2023,68356.0
37141,"Pender, NC",2024,70077.0
37143,"Perquimans, NC",2019,13001.0
37143,"Perquimans, NC",2020,13022.0
37143,"Perquimans, NC",2021,13126.0
37143,"Perquimans, NC",2022,13243.0
37143,"Perquimans, NC",2023,13367.0
37143,"Perquimans, NC",2024,13460.0
37145,"Person, NC",2019,38908.0
37145,"Person, NC",2020,39187.0
37145,"Person, NC",2021,39150.0
37145,"Person, NC",2022,39396.0
37145,"Person, NC",2023,39832.0
37145,"Person, NC",2024,40143.0
37147,"Pitt, NC",2019,169857.0
37147,"Pitt, NC",2020,173643.0
37147,"Pitt, NC",2021,175491.0
37147,"Pitt, NC",2022,177090.0
37147,"Pitt, NC",2023,178956.0
37147,"Pitt, NC",2024,180783.0
37149,"Polk, NC",2019,19207.0
37149,"Polk, NC",2020,19380.0
37149,"Polk, NC",2021,19709.0
37149,"Polk, NC",2022,20006.0
37149,"Polk, NC",2023,20030.0
37149,"Polk, NC",2024,20320.0
37151,"Randolph, NC",2019,143317.0
37151,"Randolph, NC",2020,144407.0
37151,"Randolph, NC",2021,145129.0
37151,"Randolph, NC",2022,146174.0
37151,"Randolph, NC",2023,147641.0
37151,"Randolph, NC",2024,148389.0
37153,"Richmond, NC",2019,43385.0
37153,"Richmond, NC",2020,42725.0
37153,"Richmond, NC",2021,42641.0
37153,"Richmond, NC",2022,42360.0
37153,"Richmond, NC",2023,42003.0
37153,"Richmond, NC",2024,41990.0
37155,"Robeson, NC",2019,117847.0
37155,"Robeson, NC",2020,115967.0
37155,"Robeson, NC",2021,115901.0
37155,"Robeson, NC",2022,116313.0
37155,"Robeson, NC",2023,117705.0
37155,"Robeson, NC",2024,118624.0
37157,"Rockingham, NC",2019,90930.0
37157,"Rockingham, NC",2020,91214.0
37157,"Rockingham, NC",2021,91241.0
37157,"Rockingham, NC",2022,92044.0
37157,"Rockingham, NC",2023,92638.0
37157,"Rockingham, NC",2024,93517.0
37159,"Rowan, NC",2019,145983.0
37159,"Rowan, NC",2020,146909.0
37159,"Rowan, NC",2021,147687.0
37159,"Rowan, NC",2022,149514.0
37159,"Rowan, NC",2023,151883.0
37159,"Rowan, NC",2024,153384.0
37161,"Rutherford, NC",2019,64603.0
37161,"Rutherford, NC",2020,64357.0
37161,"Rutherford, NC",2021,64508.0
37161,"Rutherford, NC",2022,64829.0
37161,"Rutherford, NC",2023,65369.0
37161,"Rutherford, NC",2024,65587.0
37163,"Sampson, NC",2019,59339.0
37163,"Sampson, NC",2020,59070.0
37163,"Sampson, NC",2021,59038.0
37163,"Sampson, NC",2022,59096.0
37163,"Sampson, NC",2023,59742.0
37163,"Sampson, NC",2024,60404.0
37165,"Scotland, NC",2019,34324.0
37165,"Scotland, NC",2020,33420.0
37165,"Scotland, NC",2021,33423.0
37165,"Scotland, NC",2022,33548.0
37165,"Scotland, NC",2023,33660.0
37165,"Scotland, NC",2024,33898.0
37167,"Stanly, NC",2019,62090.0
37167,"Stanly, NC",2020,62679.0
37167,"Stanly, NC",2021,63147.0
37167,"Stanly, NC",2022,64285.0
37167,"Stanly, NC",2023,65818.0
37167,"Stanly, NC",2024,67326.0
37169,"Stokes, NC",2019,44520.0
37169,"Stokes, NC",2020,44579.0
37169,"Stokes, NC",2021,44636.0
37169,"Stokes, NC",2022,45137.0
37169,"Stokes, NC",2023,45486.0
37169,"Stokes, NC",2024,45857.0
37171,"Surry, NC",2019,71416.0
37171,"Surry, NC",2020,71371.0
37171,"Surry, NC",2021,71262.0
37171,"Surry, NC",2022,71489.0
37171,"Surry, NC",2023,71457.0
37171,"Surry, NC",2024,71547.0
37173,"Swain, NC",2019,14224.0
37173,"Swain, NC",2020,14103.0
37173,"Swain, NC",2021,14126.0
37173,"Swain, NC",2022,13968.0
37173,"Swain, NC",2023,13923.0
37173,"Swain, NC",2024,13945.0
37175,"Transylvania, NC",2019,32920.0
37175,"Transylvania, NC",2020,33258.0
37175,"Transylvania, NC",2021,33494.0
37175,"Transylvania, NC",2022,33668.0
37175,"Transylvania, NC",2023,33934.0
37175,"Transylvania, NC",2024,34103.0
37177,"Tyrrell, NC",2019,3319.0
37177,"Tyrrell, NC",2020,3234.0
37177,"Tyrrell, NC",2021,3373.0
37177,"Tyrrell, NC",2022,3469.0
37177,"Tyrrell, NC",2023,3520.0
37177,"Tyrrell, NC",2024,3517.0
37179,"Union, NC",2019,235184.0
37179,"Union, NC",2020,239688.0
37179,"Union, NC",2021,244491.0
37179,"Union, NC",2022,249714.0
37179,"Union, NC",2023,257510.0
37179,"Union, NC",2024,263386.0
37181,"Vance, NC",2019,42711.0
37181,"Vance, NC",2020,42559.0
37181,"Vance, NC",2021,42126.0
37181,"Vance, NC",2022,42258.0
37181,"Vance, NC",2023,42329.0
37181,"Vance, NC",2024,42337.0
37183,"Wake, NC",2019,1114114.0
37183,"Wake, NC",2020,1130694.0
37183,"Wake, NC",2021,1152626.0
37183,"Wake, NC",2022,1174107.0
37183,"Wake, NC",2023,1203394.0
37183,"Wake, NC",2024,1232444.0
37185,"Warren, NC",2019,18865.0
37185,"Warren, NC",2020,18601.0
37185,"Warren, NC",2021,18831.0
37185,"Warren, NC",2022,18700.0
37185,"Warren, NC",2023,18762.0
37185,"Warren, NC",2024,19081.0
37187,"Washington, NC",2019,11143.0
37187,"Washington, NC",2020,10981.0
37187,"Washington, NC",2021,10888.0
37187,"Washington, NC",2022,10798.0
37187,"Washington, NC",2023,10739.0
37187,"Washington, NC",2024,10654.0
37189,"Watauga, NC",2019,54151.0
37189,"Watauga, NC",2020,54470.0
37189,"Watauga, NC",2021,55326.0
37189,"Watauga, NC",2022,55404.0
37189,"Watauga, NC",2023,55420.0
37189,"Watauga, NC",2024,54997.0
37191,"Wayne, NC",2019,117749.0
37191,"Wayne, NC",2020,117772.0
37191,"Wayne, NC",2021,117395.0
37191,"Wayne, NC",2022,118185.0
37191,"Wayne, NC",2023,119570.0
37191,"Wayne, NC",2024,120338.0
37193,"Wilkes, NC",2019,66310.0
37193,"Wilkes, NC",2020,65872.0
37193,"Wilkes, NC",2021,65798.0
37193,"Wilkes, NC",2022,65801.0
37193,"Wilkes, NC",2023,66017.0
37193,"Wilkes, NC",2024,66186.0
37195,"Wilson, NC",2019,78834.0
37195,"Wilson, NC",2020,79301.0
37195,"Wilson, NC",2021,78746.0
37195,"Wilson, NC",2022,78838.0
37195,"Wilson, NC",2023,79606.0
37195,"Wilson, NC",2024,79958.0
37197,"Yadkin, NC",2019,37229.0
37197,"Yadkin, NC",2020,37253.0
37197,"Yadkin, NC",2021,37280.0
37197,"Yadkin, NC",2022,37539.0
37197,"Yadkin, NC",2023,37798.0
37197,"Yadkin, NC",2024,37995.0
37199,"Yancey, NC",2019,18425.0
37199,"Yancey, NC",2020,18496.0
37199,"Yancey, NC",2021,18767.0
37199,"Yancey, NC",2022,18790.0
37199,"Yancey, NC",2023,18940.0
37199,"Yancey, NC",2024,18993.0
38001,"Adams, ND",2019,2209.0
38001,"Adams, ND",2020,2181.0
38001,"Adams, ND",2021,2156.0
38001,"Adams, ND",2022,2106.0
38001,"Adams, ND",2023,2143.0
38001,"Adams, ND",2024,2141.0
38003,"Barnes, ND",2019,10802.0
38003,"Barnes, ND",2020,10842.0
38003,"Barnes, ND",2021,10714.0
38003,"Barnes, ND",2022,10743.0
38003,"Barnes, ND",2023,10767.0
38003,"Barnes, ND",2024,10798.0
38005,"Benson, ND",2019,6063.0
38005,"Benson, ND",2020,5940.0
38005,"Benson, ND",2021,5773.0
38005,"Benson, ND",2022,5794.0
38005,"Benson, ND",2023,5778.0
38005,"Benson, ND",2024,5756.0
38007,"Billings, ND",2019,984.0
38007,"Billings, ND",2020,934.0
38007,"Billings, ND",2021,964.0
38007,"Billings, ND",2022,1022.0
38007,"Billings, ND",2023,1036.0
38007,"Billings, ND",2024,1063.0
38009,"Bottineau, ND",2019,6356.0
38009,"Bottineau, ND",2020,6375.0
38009,"Bottineau, ND",2021,6417.0
38009,"Bottineau, ND",2022,6372.0
38009,"Bottineau, ND",2023,6335.0
38009,"Bottineau, ND",2024,6391.0
38011,"Bowman, ND",2019,3011.0
38011,"Bowman, ND",2020,2981.0
38011,"Bowman, ND",2021,2901.0
38011,"Bowman, ND",2022,2892.0
38011,"Bowman, ND",2023,2870.0
38011,"Bowman, ND",2024,2886.0
38013,"Burke, ND",2019,2201.0
38013,"Burke, ND",2020,2192.0
38013,"Burke, ND",2021,2152.0
38013,"Burke, ND",2022,2133.0
38013,"Burke, ND",2023,2147.0
38013,"Burke, ND",2024,2154.0
38015,"Burleigh, ND",2019,97909.0
38015,"Burleigh, ND",2020,98589.0
38015,"Burleigh, ND",2021,99386.0
38015,"Burleigh, ND",2022,100436.0
38015,"Burleigh, ND",2023,101484.0
38015,"Burleigh, ND",2024,103107.0
38017,"Cass, ND",2019,183103.0
38017,"Cass, ND",2020,184897.0
38017,"Cass, ND",2021,189330.0
38017,"Cass, ND",2022,193670.0
38017,"Cass, ND",2023,198157.0
38017,"Cass, ND",2024,200945.0
38019,"Cavalier, ND",2019,3715.0
38019,"Cavalier, ND",2020,3700.0
38019,"Cavalier, ND",2021,3677.0
38019,"Cavalier, ND",2022,3616.0
38019,"Cavalier, ND",2023,3605.0
38019,"Cavalier, ND",2024,3567.0
38021,"Dickey, ND",2019,5076.0
38021,"Dickey, ND",2020,4960.0
38021,"Dickey, ND",2021,4903.0
38021,"Dickey, ND",2022,4941.0
38021,"Dickey, ND",2023,4940.0
38021,"Dickey, ND",2024,4930.0
38023,"Divide, ND",2019,2167.0
38023,"Divide, ND",2020,2205.0
38023,"Divide, ND",2021,2182.0
38023,"Divide, ND",2022,2174.0
38023,"Divide, ND",2023,2148.0
38023,"Divide, ND",2024,2124.0
38025,"Dunn, ND",2019,4063.0
38025,"Dunn, ND",2020,4098.0
38025,"Dunn, ND",2021,4014.0
38025,"Dunn, ND",2022,4005.0
38025,"Dunn, ND",2023,4051.0
38025,"Dunn, ND",2024,4031.0
38027,"Eddy, ND",2019,2381.0
38027,"Eddy, ND",2020,2321.0
38027,"Eddy, ND",2021,2318.0
38027,"Eddy, ND",2022,2311.0
38027,"Eddy, ND",2023,2278.0
38027,"Eddy, ND",2024,2309.0
38029,"Emmons, ND",2019,3315.0
38029,"Emmons, ND",2020,3291.0
38029,"Emmons, ND",2021,3262.0
38029,"Emmons, ND",2022,3267.0
38029,"Emmons, ND",2023,3241.0
38029,"Emmons, ND",2024,3209.0
38031,"Foster, ND",2019,3411.0
38031,"Foster, ND",2020,3388.0
38031,"Foster, ND",2021,3366.0
38031,"Foster, ND",2022,3377.0
38031,"Foster, ND",2023,3334.0
38031,"Foster, ND",2024,3323.0
38033,"Golden Valley, ND",2019,1749.0
38033,"Golden Valley, ND",2020,1719.0
38033,"Golden Valley, ND",2021,1754.0
38033,"Golden Valley, ND",2022,1746.0
38033,"Golden Valley, ND",2023,1760.0
38033,"Golden Valley, ND",2024,1795.0
38035,"Grand Forks, ND",2019,73019.0
38035,"Grand Forks, ND",2020,73132.0
38035,"Grand Forks, ND",2021,72409.0
38035,"Grand Forks, ND",2022,72103.0
38035,"Grand Forks, ND",2023,73198.0
38035,"Grand Forks, ND",2024,73771.0
38037,"Grant, ND",2019,2335.0
38037,"Grant, ND",2020,2291.0
38037,"Grant, ND",2021,2308.0
38037,"Grant, ND",2022,2248.0
38037,"Grant, ND",2023,2249.0
38037,"Grant, ND",2024,2247.0
38039,"Griggs, ND",2019,2300.0
38039,"Griggs, ND",2020,2301.0
38039,"Griggs, ND",2021,2290.0
38039,"Griggs, ND",2022,2268.0
38039,"Griggs, ND",2023,2250.0
38039,"Griggs, ND",2024,2227.0
38041,"Hettinger, ND",2019,2556.0
38041,"Hettinger, ND",2020,2468.0
38041,"Hettinger, ND",2021,2428.0
38041,"Hettinger, ND",2022,2425.0
38041,"Hettinger, ND",2023,2418.0
38041,"Hettinger, ND",2024,2419.0
38043,"Kidder, ND",2019,2418.0
38043,"Kidder, ND",2020,2392.0
38043,"Kidder, ND",2021,2364.0
38043,"Kidder, ND",2022,2396.0
38043,"Kidder, ND",2023,2360.0
38043,"Kidder, ND",2024,2371.0
38045,"LaMoure, ND",2019,4096.0
38045,"LaMoure, ND",2020,4096.0
38045,"LaMoure, ND",2021,4054.0
38045,"LaMoure, ND",2022,4061.0
38045,"LaMoure, ND",2023,4068.0
38045,"LaMoure, ND",2024,4051.0
38047,"Logan, ND",2019,1844.0
38047,"Logan, ND",2020,1880.0
38047,"Logan, ND",2021,1860.0
38047,"Logan, ND",2022,1849.0
38047,"Logan, ND",2023,1886.0
38047,"Logan, ND",2024,1880.0
38049,"McHenry, ND",2019,5404.0
38049,"McHenry, ND",2020,5316.0
38049,"McHenry, ND",2021,5224.0
38049,"McHenry, ND",2022,5208.0
38049,"McHenry, ND",2023,5152.0
38049,"McHenry, ND",2024,5135.0
38051,"McIntosh, ND",2019,2545.0
38051,"McIntosh, ND",2020,2516.0
38051,"McIntosh, ND",2021,2519.0
38051,"McIntosh, ND",2022,2503.0
38051,"McIntosh, ND",2023,2488.0
38051,"McIntosh, ND",2024,2461.0
38053,"McKenzie, ND",2019,14563.0
38053,"McKenzie, ND",2020,14776.0
38053,"McKenzie, ND",2021,13855.0
38053,"McKenzie, ND",2022,13905.0
38053,"McKenzie, ND",2023,14282.0
38053,"McKenzie, ND",2024,14782.0
38055,"McLean, ND",2019,9763.0
38055,"McLean, ND",2020,9763.0
38055,"McLean, ND",2021,9819.0
38055,"McLean, ND",2022,9851.0
38055,"McLean, ND",2023,9836.0
38055,"McLean, ND",2024,9845.0
38057,"Mercer, ND",2019,8367.0
38057,"Mercer, ND",2020,8348.0
38057,"Mercer, ND",2021,8336.0
38057,"Mercer, ND",2022,8333.0
38057,"Mercer, ND",2023,8322.0
38057,"Mercer, ND",2024,8348.0
38059,"Morton, ND",2019,32987.0
38059,"Morton, ND",2020,33322.0
38059,"Morton, ND",2021,33581.0
38059,"Morton, ND",2022,33741.0
38059,"Morton, ND",2023,34047.0
38059,"Morton, ND",2024,34194.0
38061,"Mountrail, ND",2019,9879.0
38061,"Mountrail, ND",2020,9803.0
38061,"Mountrail, ND",2021,9578.0
38061,"Mountrail, ND",2022,9255.0
38061,"Mountrail, ND",2023,9427.0
38061,"Mountrail, ND",2024,9474.0
38063,"Nelson, ND",2019,3055.0
38063,"Nelson, ND",2020,2999.0
38063,"Nelson, ND",2021,3055.0
38063,"Nelson, ND",2022,3011.0
38063,"Nelson, ND",2023,3010.0
38063,"Nelson, ND",2024,3007.0
38065,"Oliver, ND",2019,1903.0
38065,"Oliver, ND",2020,1868.0
38065,"Oliver, ND",2021,1876.0
38065,"Oliver, ND",2022,1858.0
38065,"Oliver, ND",2023,1873.0
38065,"Oliver, ND",2024,1882.0
38067,"Pembina, ND",2019,6892.0
38067,"Pembina, ND",2020,6826.0
38067,"Pembina, ND",2021,6767.0
38067,"Pembina, ND",2022,6764.0
38067,"Pembina, ND",2023,6690.0
38067,"Pembina, ND",2024,6588.0
38069,"Pierce, ND",2019,4035.0
38069,"Pierce, ND",2020,3975.0
38069,"Pierce, ND",2021,3951.0
38069,"Pierce, ND",2022,3944.0
38069,"Pierce, ND",2023,3910.0
38069,"Pierce, ND",2024,3853.0
38071,"Ramsey, ND",2019,11679.0
38071,"Ramsey, ND",2020,11584.0
38071,"Ramsey, ND",2021,11619.0
38071,"Ramsey, ND",2022,11552.0
38071,"Ramsey, ND",2023,11517.0
38071,"Ramsey, ND",2024,11510.0
38073,"Ransom, ND",2019,5700.0
38073,"Ransom, ND",2020,5693.0
38073,"Ransom, ND",2021,5677.0
38073,"Ransom, ND",2022,5648.0
38073,"Ransom, ND",2023,5606.0
38073,"Ransom, ND",2024,5590.0
38075,"Renville, ND",2019,2307.0
38075,"Renville, ND",2020,2282.0
38075,"Renville, ND",2021,2272.0
38075,"Renville, ND",2022,2267.0
38075,"Renville, ND",2023,2325.0
38075,"Renville, ND",2024,2376.0
38077,"Richland, ND",2019,16514.0
38077,"Richland, ND",2020,16532.0
38077,"Richland, ND",2021,16547.0
38077,"Richland, ND",2022,16577.0
38077,"Richland, ND",2023,16604.0
38077,"Richland, ND",2024,16658.0
38079,"Rolette, ND",2019,12421.0
38079,"Rolette, ND",2020,12200.0
38079,"Rolette, ND",2021,12074.0
38079,"Rolette, ND",2022,11889.0
38079,"Rolette, ND",2023,11766.0
38079,"Rolette, ND",2024,11692.0
38081,"Sargent, ND",2019,3896.0
38081,"Sargent, ND",2020,3843.0
38081,"Sargent, ND",2021,3849.0
38081,"Sargent, ND",2022,3823.0
38081,"Sargent, ND",2023,3794.0
38081,"Sargent, ND",2024,3710.0
38083,"Sheridan, ND",2019,1283.0
38083,"Sheridan, ND",2020,1262.0
38083,"Sheridan, ND",2021,1265.0
38083,"Sheridan, ND",2022,1285.0
38083,"Sheridan, ND",2023,1277.0
38083,"Sheridan, ND",2024,1268.0
38085,"Sioux, ND",2019,4004.0
38085,"Sioux, ND",2020,3881.0
38085,"Sioux, ND",2021,3750.0
38085,"Sioux, ND",2022,3697.0
38085,"Sioux, ND",2023,3659.0
38085,"Sioux, ND",2024,3713.0
38087,"Slope, ND",2019,722.0
38087,"Slope, ND",2020,702.0
38087,"Slope, ND",2021,695.0
38087,"Slope, ND",2022,684.0
38087,"Slope, ND",2023,679.0
38087,"Slope, ND",2024,660.0
38089,"Stark, ND",2019,33060.0
38089,"Stark, ND",2020,33835.0
38089,"Stark, ND",2021,33031.0
38089,"Stark, ND",2022,32762.0
38089,"Stark, ND",2023,33117.0
38089,"Stark, ND",2024,33767.0
38091,"Steele, ND",2019,1806.0
38091,"Steele, ND",2020,1790.0
38091,"Steele, ND",2021,1803.0
38091,"Steele, ND",2022,1782.0
38091,"Steele, ND",2023,1766.0
38091,"Steele, ND",2024,1767.0
38093,"Stutsman, ND",2019,21695.0
38093,"Stutsman, ND",2020,21554.0
38093,"Stutsman, ND",2021,21607.0
38093,"Stutsman, ND",2022,21518.0
38093,"Stutsman, ND",2023,21522.0
38093,"Stutsman, ND",2024,21546.0
38095,"Towner, ND",2019,2217.0
38095,"Towner, ND",2020,2139.0
38095,"Towner, ND",2021,2116.0
38095,"Towner, ND",2022,2060.0
38095,"Towner, ND",2023,2036.0
38095,"Towner, ND",2024,2051.0
38097,"Traill, ND",2019,8061.0
38097,"Traill, ND",2020,7979.0
38097,"Traill, ND",2021,7968.0
38097,"Traill, ND",2022,7958.0
38097,"Traill, ND",2023,7957.0
38097,"Traill, ND",2024,7989.0
38099,"Walsh, ND",2019,10675.0
38099,"Walsh, ND",2020,10524.0
38099,"Walsh, ND",2021,10483.0
38099,"Walsh, ND",2022,10468.0
38099,"Walsh, ND",2023,10293.0
38099,"Walsh, ND",2024,10214.0
38101,"Ward, ND",2019,69813.0
38101,"Ward, ND",2020,69922.0
38101,"Ward, ND",2021,69265.0
38101,"Ward, ND",2022,68831.0
38101,"Ward, ND",2023,68419.0
38101,"Ward, ND",2024,68427.0
38103,"Wells, ND",2019,4024.0
38103,"Wells, ND",2020,3967.0
38103,"Wells, ND",2021,3896.0
38103,"Wells, ND",2022,3916.0
38103,"Wells, ND",2023,3866.0
38103,"Wells, ND",2024,3803.0
38105,"Williams, ND",2019,40195.0
38105,"Williams, ND",2020,41189.0
38105,"Williams, ND",2021,38506.0
38105,"Williams, ND",2022,38012.0
38105,"Williams, ND",2023,39304.0
38105,"Williams, ND",2024,40763.0
39001,"Adams, OH",2019,27546.0
39001,"Adams, OH",2020,27451.0
39001,"Adams, OH",2021,27589.0
39001,"Adams, OH",2022,27449.0
39001,"Adams, OH",2023,27542.0
39001,"Adams, OH",2024,27671.0
39003,"Allen, OH",2019,102477.0
39003,"Allen, OH",2020,102137.0
39003,"Allen, OH",2021,101800.0
39003,"Allen, OH",2022,101086.0
39003,"Allen, OH",2023,100851.0
39003,"Allen, OH",2024,100866.0
39005,"Ashland, OH",2019,52511.0
39005,"Ashland, OH",2020,52476.0
39005,"Ashland, OH",2021,52193.0
39005,"Ashland, OH",2022,52010.0
39005,"Ashland, OH",2023,52183.0
39005,"Ashland, OH",2024,52420.0
39007,"Ashtabula, OH",2019,97853.0
39007,"Ashtabula, OH",2020,97512.0
39007,"Ashtabula, OH",2021,97470.0
39007,"Ashtabula, OH",2022,96987.0
39007,"Ashtabula, OH",2023,96962.0
39007,"Ashtabula, OH",2024,96906.0
39009,"Athens, OH",2019,62687.0
39009,"Athens, OH",2020,62380.0
39009,"Athens, OH",2021,59090.0
39009,"Athens, OH",2022,61029.0
39009,"Athens, OH",2023,62969.0
39009,"Athens, OH",2024,63218.0
39011,"Auglaize, OH",2019,46273.0
39011,"Auglaize, OH",2020,46473.0
39011,"Auglaize, OH",2021,46261.0
39011,"Auglaize, OH",2022,45949.0
39011,"Auglaize, OH",2023,46018.0
39011,"Auglaize, OH",2024,45922.0
39013,"Belmont, OH",2019,67225.0
39013,"Belmont, OH",2020,66291.0
39013,"Belmont, OH",2021,65909.0
39013,"Belmont, OH",2022,65495.0
39013,"Belmont, OH",2023,64980.0
39013,"Belmont, OH",2024,64692.0
39015,"Brown, OH",2019,43647.0
39015,"Brown, OH",2020,43684.0
39015,"Brown, OH",2021,43708.0
39015,"Brown, OH",2022,43707.0
39015,"Brown, OH",2023,43834.0
39015,"Brown, OH",2024,44292.0
39017,"Butler, OH",2019,388235.0
39017,"Butler, OH",2020,390887.0
39017,"Butler, OH",2021,387671.0
39017,"Butler, OH",2022,390689.0
39017,"Butler, OH",2023,395593.0
39017,"Butler, OH",2024,399542.0
39019,"Carroll, OH",2019,26796.0
39019,"Carroll, OH",2020,26702.0
39019,"Carroll, OH",2021,26702.0
39019,"Carroll, OH",2022,26677.0
39019,"Carroll, OH",2023,26754.0
39019,"Carroll, OH",2024,26460.0
39021,"Champaign, OH",2019,38681.0
39021,"Champaign, OH",2020,38743.0
39021,"Champaign, OH",2021,38800.0
39021,"Champaign, OH",2022,38712.0
39021,"Champaign, OH",2023,38857.0
39021,"Champaign, OH",2024,38907.0
39023,"Clark, OH",2019,136265.0
39023,"Clark, OH",2020,135894.0
39023,"Clark, OH",2021,135490.0
39023,"Clark, OH",2022,134686.0
39023,"Clark, OH",2023,134735.0
39023,"Clark, OH",2024,134985.0
39025,"Clermont, OH",2019,207977.0
39025,"Clermont, OH",2020,208755.0
39025,"Clermont, OH",2021,209919.0
39025,"Clermont, OH",2022,210906.0
39025,"Clermont, OH",2023,212202.0
39025,"Clermont, OH",2024,214123.0
39027,"Clinton, OH",2019,42041.0
39027,"Clinton, OH",2020,42035.0
39027,"Clinton, OH",2021,42130.0
39027,"Clinton, OH",2022,41902.0
39027,"Clinton, OH",2023,41972.0
39027,"Clinton, OH",2024,42019.0
39029,"Columbiana, OH",2019,102290.0
39029,"Columbiana, OH",2020,101650.0
39029,"Columbiana, OH",2021,101372.0
39029,"Columbiana, OH",2022,100537.0
39029,"Columbiana, OH",2023,100137.0
39029,"Columbiana, OH",2024,99823.0
39031,"Coshocton, OH",2019,36655.0
39031,"Coshocton, OH",2020,36595.0
39031,"Coshocton, OH",2021,36674.0
39031,"Coshocton, OH",2022,36583.0
39031,"Coshocton, OH",2023,36866.0
39031,"Coshocton, OH",2024,37003.0
39033,"Crawford, OH",2019,41986.0
39033,"Crawford, OH",2020,42015.0
39033,"Crawford, OH",2021,41793.0
39033,"Crawford, OH",2022,41532.0
39033,"Crawford, OH",2023,41591.0
39033,"Crawford, OH",2024,41626.0
39035,"Cuyahoga, OH",2019,1267228.0
39035,"Cuyahoga, OH",2020,1262635.0
39035,"Cuyahoga, OH",2021,1247735.0
39035,"Cuyahoga, OH",2022,1239720.0
39035,"Cuyahoga, OH",2023,1238679.0
39035,"Cuyahoga, OH",2024,1240594.0
39037,"Darke, OH",2019,51786.0
39037,"Darke, OH",2020,51897.0
39037,"Darke, OH",2021,51655.0
39037,"Darke, OH",2022,51526.0
39037,"Darke, OH",2023,51432.0
39037,"Darke, OH",2024,51462.0
39039,"Defiance, OH",2019,38369.0
39039,"Defiance, OH",2020,38267.0
39039,"Defiance, OH",2021,38182.0
39039,"Defiance, OH",2022,38183.0
39039,"Defiance, OH",2023,38437.0
39039,"Defiance, OH",2024,38644.0
39041,"Delaware, OH",2019,211062.0
39041,"Delaware, OH",2020,215162.0
39041,"Delaware, OH",2021,221304.0
39041,"Delaware, OH",2022,227008.0
39041,"Delaware, OH",2023,232732.0
39041,"Delaware, OH",2024,237966.0
39043,"Erie, OH",2019,75780.0
39043,"Erie, OH",2020,75482.0
39043,"Erie, OH",2021,74894.0
39043,"Erie, OH",2022,74563.0
39043,"Erie, OH",2023,74125.0
39043,"Erie, OH",2024,73841.0
39045,"Fairfield, OH",2019,157349.0
39045,"Fairfield, OH",2020,159464.0
39045,"Fairfield, OH",2021,161245.0
39045,"Fairfield, OH",2022,163166.0
39045,"Fairfield, OH",2023,165630.0
39045,"Fairfield, OH",2024,167762.0
39047,"Fayette, OH",2019,28828.0
39047,"Fayette, OH",2020,28978.0
39047,"Fayette, OH",2021,28935.0
39047,"Fayette, OH",2022,28856.0
39047,"Fayette, OH",2023,28831.0
39047,"Fayette, OH",2024,28782.0
39049,"Franklin, OH",2019,1318727.0
39049,"Franklin, OH",2020,1324505.0
39049,"Franklin, OH",2021,1317840.0
39049,"Franklin, OH",2022,1327687.0
39049,"Franklin, OH",2023,1338903.0
39049,"Franklin, OH",2024,1356303.0
39051,"Fulton, OH",2019,42846.0
39051,"Fulton, OH",2020,42640.0
39051,"Fulton, OH",2021,42500.0
39051,"Fulton, OH",2022,42083.0
39051,"Fulton, OH",2023,41951.0
39051,"Fulton, OH",2024,42028.0
39053,"Gallia, OH",2019,29289.0
39053,"Gallia, OH",2020,29240.0
39053,"Gallia, OH",2021,29235.0
39053,"Gallia, OH",2022,29014.0
39053,"Gallia, OH",2023,28964.0
39053,"Gallia, OH",2024,28886.0
39055,"Geauga, OH",2019,95361.0
39055,"Geauga, OH",2020,95385.0
39055,"Geauga, OH",2021,95716.0
39055,"Geauga, OH",2022,95552.0
39055,"Geauga, OH",2023,95389.0
39055,"Geauga, OH",2024,95362.0
39057,"Greene, OH",2019,167462.0
39057,"Greene, OH",2020,168130.0
39057,"Greene, OH",2021,168250.0
39057,"Greene, OH",2022,169380.0
39057,"Greene, OH",2023,170335.0
39057,"Greene, OH",2024,172347.0
39059,"Guernsey, OH",2019,38525.0
39059,"Guernsey, OH",2020,38419.0
39059,"Guernsey, OH",2021,38283.0
39059,"Guernsey, OH",2022,38069.0
39059,"Guernsey, OH",2023,38126.0
39059,"Guernsey, OH",2024,38219.0
39061,"Hamilton, OH",2019,829754.0
39061,"Hamilton, OH",2020,830418.0
39061,"Hamilton, OH",2021,827564.0
39061,"Hamilton, OH",2022,826970.0
39061,"Hamilton, OH",2023,831559.0
39061,"Hamilton, OH",2024,837359.0
39063,"Hancock, OH",2019,75143.0
39063,"Hancock, OH",2020,74919.0
39063,"Hancock, OH",2021,74755.0
39063,"Hancock, OH",2022,74793.0
39063,"Hancock, OH",2023,74847.0
39063,"Hancock, OH",2024,75016.0
39065,"Hardin, OH",2019,30665.0
39065,"Hardin, OH",2020,30722.0
39065,"Hardin, OH",2021,30444.0
39065,"Hardin, OH",2022,30400.0
39065,"Hardin, OH",2023,30406.0
39065,"Hardin, OH",2024,30402.0
39067,"Harrison, OH",2019,14548.0
39067,"Harrison, OH",2020,14492.0
39067,"Harrison, OH",2021,14463.0
39067,"Harrison, OH",2022,14351.0
39067,"Harrison, OH",2023,14183.0
39067,"Harrison, OH",2024,14042.0
39069,"Henry, OH",2019,27626.0
39069,"Henry, OH",2020,27672.0
39069,"Henry, OH",2021,27565.0
39069,"Henry, OH",2022,27517.0
39069,"Henry, OH",2023,27545.0
39069,"Henry, OH",2024,27536.0
39071,"Highland, OH",2019,43152.0
39071,"Highland, OH",2020,43364.0
39071,"Highland, OH",2021,43453.0
39071,"Highland, OH",2022,43396.0
39071,"Highland, OH",2023,43588.0
39071,"Highland, OH",2024,43785.0
39073,"Hocking, OH",2019,28150.0
39073,"Hocking, OH",2020,28046.0
39073,"Hocking, OH",2021,28109.0
39073,"Hocking, OH",2022,27843.0
39073,"Hocking, OH",2023,27567.0
39073,"Hocking, OH",2024,27429.0
39075,"Holmes, OH",2019,44221.0
39075,"Holmes, OH",2020,44236.0
39075,"Holmes, OH",2021,44367.0
39075,"Holmes, OH",2022,44380.0
39075,"Holmes, OH",2023,44439.0
39075,"Holmes, OH",2024,44668.0
39077,"Huron, OH",2019,58724.0
39077,"Huron, OH",2020,58495.0
39077,"Huron, OH",2021,58416.0
39077,"Huron, OH",2022,58256.0
39077,"Huron, OH",2023,58258.0
39077,"Huron, OH",2024,58168.0
39079,"Jackson, OH",2019,32534.0
39079,"Jackson, OH",2020,32671.0
39079,"Jackson, OH",2021,32551.0
39079,"Jackson, OH",2022,32634.0
39079,"Jackson, OH",2023,32669.0
39079,"Jackson, OH",2024,32723.0
39081,"Jefferson, OH",2019,65612.0
39081,"Jefferson, OH",2020,65186.0
39081,"Jefferson, OH",2021,65101.0
39081,"Jefferson, OH",2022,64286.0
39081,"Jefferson, OH",2023,64116.0
39081,"Jefferson, OH",2024,63900.0
39083,"Knox, OH",2019,62541.0
39083,"Knox, OH",2020,62792.0
39083,"Knox, OH",2021,62539.0
39083,"Knox, OH",2022,63186.0
39083,"Knox, OH",2023,63344.0
39083,"Knox, OH",2024,63848.0
39085,"Lake, OH",2019,232377.0
39085,"Lake, OH",2020,232527.0
39085,"Lake, OH",2021,232261.0
39085,"Lake, OH",2022,231968.0
39085,"Lake, OH",2023,231964.0
39085,"Lake, OH",2024,232360.0
39087,"Lawrence, OH",2019,58653.0
39087,"Lawrence, OH",2020,58141.0
39087,"Lawrence, OH",2021,57415.0
39087,"Lawrence, OH",2022,56571.0
39087,"Lawrence, OH",2023,56138.0
39087,"Lawrence, OH",2024,55829.0
39089,"Licking, OH",2019,177701.0
39089,"Licking, OH",2020,178796.0
39089,"Licking, OH",2021,180051.0
39089,"Licking, OH",2022,181899.0
39089,"Licking, OH",2023,183540.0
39089,"Licking, OH",2024,184898.0
39091,"Logan, OH",2019,46265.0
39091,"Logan, OH",2020,46114.0
39091,"Logan, OH",2021,46160.0
39091,"Logan, OH",2022,46040.0
39091,"Logan, OH",2023,46045.0
39091,"Logan, OH",2024,46085.0
39093,"Lorain, OH",2019,311184.0
39093,"Lorain, OH",2020,313534.0
39093,"Lorain, OH",2021,314301.0
39093,"Lorain, OH",2022,316616.0
39093,"Lorain, OH",2023,319163.0
39093,"Lorain, OH",2024,322030.0
39095,"Lucas, OH",2019,431302.0
39095,"Lucas, OH",2020,430870.0
39095,"Lucas, OH",2021,429535.0
39095,"Lucas, OH",2022,427154.0
39095,"Lucas, OH",2023,426240.0
39095,"Lucas, OH",2024,426291.0
39097,"Madison, OH",2019,44064.0
39097,"Madison, OH",2020,43858.0
39097,"Madison, OH",2021,44447.0
39097,"Madison, OH",2022,43613.0
39097,"Madison, OH",2023,44668.0
39097,"Madison, OH",2024,45531.0
39099,"Mahoning, OH",2019,229428.0
39099,"Mahoning, OH",2020,228017.0
39099,"Mahoning, OH",2021,226559.0
39099,"Mahoning, OH",2022,226104.0
39099,"Mahoning, OH",2023,225988.0
39099,"Mahoning, OH",2024,225786.0
39101,"Marion, OH",2019,65465.0
39101,"Marion, OH",2020,65390.0
39101,"Marion, OH",2021,65330.0
39101,"Marion, OH",2022,64576.0
39101,"Marion, OH",2023,64828.0
39101,"Marion, OH",2024,64976.0
39103,"Medina, OH",2019,181679.0
39103,"Medina, OH",2020,182639.0
39103,"Medina, OH",2021,183403.0
39103,"Medina, OH",2022,183520.0
39103,"Medina, OH",2023,184115.0
39103,"Medina, OH",2024,184625.0
39105,"Meigs, OH",2019,22385.0
39105,"Meigs, OH",2020,22160.0
39105,"Meigs, OH",2021,22084.0
39105,"Meigs, OH",2022,21971.0
39105,"Meigs, OH",2023,21772.0
39105,"Meigs, OH",2024,21491.0
39107,"Mercer, OH",2019,42426.0
39107,"Mercer, OH",2020,42532.0
39107,"Mercer, OH",2021,42387.0
39107,"Mercer, OH",2022,42403.0
39107,"Mercer, OH",2023,42448.0
39107,"Mercer, OH",2024,42648.0
39109,"Miami, OH",2019,108238.0
39109,"Miami, OH",2020,108962.0
39109,"Miami, OH",2021,109426.0
39109,"Miami, OH",2022,110245.0
39109,"Miami, OH",2023,110898.0
39109,"Miami, OH",2024,111950.0
39111,"Monroe, OH",2019,13478.0
39111,"Monroe, OH",2020,13356.0
39111,"Monroe, OH",2021,13339.0
39111,"Monroe, OH",2022,13225.0
39111,"Monroe, OH",2023,13165.0
39111,"Monroe, OH",2024,13051.0
39113,"Montgomery, OH",2019,537026.0
39113,"Montgomery, OH",2020,537139.0
39113,"Montgomery, OH",2021,536229.0
39113,"Montgomery, OH",2022,534355.0
39113,"Montgomery, OH",2023,535313.0
39113,"Montgomery, OH",2024,537443.0
39115,"Morgan, OH",2019,13997.0
39115,"Morgan, OH",2020,13752.0
39115,"Morgan, OH",2021,13697.0
39115,"Morgan, OH",2022,13648.0
39115,"Morgan, OH",2023,13626.0
39115,"Morgan, OH",2024,13532.0
39117,"Morrow, OH",2019,34933.0
39117,"Morrow, OH",2020,34983.0
39117,"Morrow, OH",2021,35211.0
39117,"Morrow, OH",2022,35317.0
39117,"Morrow, OH",2023,35583.0
39117,"Morrow, OH",2024,35927.0
39119,"Muskingum, OH",2019,86375.0
39119,"Muskingum, OH",2020,86464.0
39119,"Muskingum, OH",2021,86585.0
39119,"Muskingum, OH",2022,86114.0
39119,"Muskingum, OH",2023,86312.0
39119,"Muskingum, OH",2024,86582.0
39121,"Noble, OH",2019,14203.0
39121,"Noble, OH",2020,14107.0
39121,"Noble, OH",2021,14326.0
39121,"Noble, OH",2022,14364.0
39121,"Noble, OH",2023,14345.0
39121,"Noble, OH",2024,14269.0
39123,"Ottawa, OH",2019,40550.0
39123,"Ottawa, OH",2020,40298.0
39123,"Ottawa, OH",2021,40175.0
39123,"Ottawa, OH",2022,39984.0
39123,"Ottawa, OH",2023,39819.0
39123,"Ottawa, OH",2024,39692.0
39125,"Paulding, OH",2019,18805.0
39125,"Paulding, OH",2020,18807.0
39125,"Paulding, OH",2021,18900.0
39125,"Paulding, OH",2022,18763.0
39125,"Paulding, OH",2023,18728.0
39125,"Paulding, OH",2024,18755.0
39127,"Perry, OH",2019,35407.0
39127,"Perry, OH",2020,35455.0
39127,"Perry, OH",2021,35478.0
39127,"Perry, OH",2022,35483.0
39127,"Perry, OH",2023,35577.0
39127,"Perry, OH",2024,35682.0
39129,"Pickaway, OH",2019,58435.0
39129,"Pickaway, OH",2020,58664.0
39129,"Pickaway, OH",2021,58781.0
39129,"Pickaway, OH",2022,59987.0
39129,"Pickaway, OH",2023,61064.0
39129,"Pickaway, OH",2024,62158.0
39131,"Pike, OH",2019,27193.0
39131,"Pike, OH",2020,27076.0
39131,"Pike, OH",2021,27103.0
39131,"Pike, OH",2022,26991.0
39131,"Pike, OH",2023,26983.0
39131,"Pike, OH",2024,27065.0
39133,"Portage, OH",2019,161690.0
39133,"Portage, OH",2020,161854.0
39133,"Portage, OH",2021,159086.0
39133,"Portage, OH",2022,161924.0
39133,"Portage, OH",2023,163075.0
39133,"Portage, OH",2024,163839.0
39135,"Preble, OH",2019,40988.0
39135,"Preble, OH",2020,41016.0
39135,"Preble, OH",2021,40886.0
39135,"Preble, OH",2022,40557.0
39135,"Preble, OH",2023,40563.0
39135,"Preble, OH",2024,40801.0
39137,"Putnam, OH",2019,34528.0
39137,"Putnam, OH",2020,34407.0
39137,"Putnam, OH",2021,34371.0
39137,"Putnam, OH",2022,34331.0
39137,"Putnam, OH",2023,34254.0
39137,"Putnam, OH",2024,34206.0
39139,"Richland, OH",2019,124962.0
39139,"Richland, OH",2020,124988.0
39139,"Richland, OH",2021,125382.0
39139,"Richland, OH",2022,125268.0
39139,"Richland, OH",2023,125003.0
39139,"Richland, OH",2024,124853.0
39141,"Ross, OH",2019,77173.0
39141,"Ross, OH",2020,77068.0
39141,"Ross, OH",2021,76526.0
39141,"Ross, OH",2022,76479.0
39141,"Ross, OH",2023,76340.0
39141,"Ross, OH",2024,76046.0
39143,"Sandusky, OH",2019,58972.0
39143,"Sandusky, OH",2020,58878.0
39143,"Sandusky, OH",2021,58769.0
39143,"Sandusky, OH",2022,58591.0
39143,"Sandusky, OH",2023,58785.0
39143,"Sandusky, OH",2024,58866.0
39145,"Scioto, OH",2019,74554.0
39145,"Scioto, OH",2020,73852.0
39145,"Scioto, OH",2021,72998.0
39145,"Scioto, OH",2022,72312.0
39145,"Scioto, OH",2023,72176.0
39145,"Scioto, OH",2024,71798.0
39147,"Seneca, OH",2019,55272.0
39147,"Seneca, OH",2020,55055.0
39147,"Seneca, OH",2021,54876.0
39147,"Seneca, OH",2022,54563.0
39147,"Seneca, OH",2023,54628.0
39147,"Seneca, OH",2024,54730.0
39149,"Shelby, OH",2019,48420.0
39149,"Shelby, OH",2020,48154.0
39149,"Shelby, OH",2021,48032.0
39149,"Shelby, OH",2022,47723.0
39149,"Shelby, OH",2023,47785.0
39149,"Shelby, OH",2024,47952.0
39151,"Stark, OH",2019,375045.0
39151,"Stark, OH",2020,374552.0
39151,"Stark, OH",2021,373861.0
39151,"Stark, OH",2022,373008.0
39151,"Stark, OH",2023,373052.0
39151,"Stark, OH",2024,374091.0
39153,"Summit, OH",2019,541545.0
39153,"Summit, OH",2020,539835.0
39153,"Summit, OH",2021,537516.0
39153,"Summit, OH",2022,536582.0
39153,"Summit, OH",2023,537019.0
39153,"Summit, OH",2024,538370.0
39155,"Trumbull, OH",2019,202481.0
39155,"Trumbull, OH",2020,201682.0
39155,"Trumbull, OH",2021,201594.0
39155,"Trumbull, OH",2022,200716.0
39155,"Trumbull, OH",2023,200354.0
39155,"Trumbull, OH",2024,200300.0
39157,"Tuscarawas, OH",2019,93301.0
39157,"Tuscarawas, OH",2020,93199.0
39157,"Tuscarawas, OH",2021,92631.0
39157,"Tuscarawas, OH",2022,92030.0
39157,"Tuscarawas, OH",2023,92017.0
39157,"Tuscarawas, OH",2024,92048.0
39159,"Union, OH",2019,61867.0
39159,"Union, OH",2020,63090.0
39159,"Union, OH",2021,65119.0
39159,"Union, OH",2022,66927.0
39159,"Union, OH",2023,69765.0
39159,"Union, OH",2024,71721.0
39161,"Van Wert, OH",2019,28925.0
39161,"Van Wert, OH",2020,28919.0
39161,"Van Wert, OH",2021,28793.0
39161,"Van Wert, OH",2022,28806.0
39161,"Van Wert, OH",2023,28725.0
39161,"Van Wert, OH",2024,28887.0
39163,"Vinton, OH",2019,12859.0
39163,"Vinton, OH",2020,12808.0
39163,"Vinton, OH",2021,12714.0
39163,"Vinton, OH",2022,12585.0
39163,"Vinton, OH",2023,12498.0
39163,"Vinton, OH",2024,12545.0
39165,"Warren, OH",2019,239826.0
39165,"Warren, OH",2020,243236.0
39165,"Warren, OH",2021,246868.0
39165,"Warren, OH",2022,250298.0
39165,"Warren, OH",2023,253579.0
39165,"Warren, OH",2024,256059.0
39167,"Washington, OH",2019,60050.0
39167,"Washington, OH",2020,59656.0
39167,"Washington, OH",2021,59504.0
39167,"Washington, OH",2022,58883.0
39167,"Washington, OH",2023,58513.0
39167,"Washington, OH",2024,58332.0
39169,"Wayne, OH",2019,116886.0
39169,"Wayne, OH",2020,116903.0
39169,"Wayne, OH",2021,116160.0
39169,"Wayne, OH",2022,116609.0
39169,"Wayne, OH",2023,116635.0
39169,"Wayne, OH",2024,116632.0
39171,"Williams, OH",2019,37219.0
39171,"Williams, OH",2020,37084.0
39171,"Williams, OH",2021,36770.0
39171,"Williams, OH",2022,36621.0
39171,"Williams, OH",2023,36566.0
39171,"Williams, OH",2024,36554.0
39173,"Wood, OH",2019,132143.0
39173,"Wood, OH",2020,132267.0
39173,"Wood, OH",2021,130340.0
39173,"Wood, OH",2022,131821.0
39173,"Wood, OH",2023,132813.0
39173,"Wood, OH",2024,133077.0
39175,"Wyandot, OH",2019,21977.0
39175,"Wyandot, OH",2020,21864.0
39175,"Wyandot, OH",2021,21693.0
39175,"Wyandot, OH",2022,21574.0
39175,"Wyandot, OH",2023,21466.0
39175,"Wyandot, OH",2024,21394.0
40001,"Adair, OK",2019,19868.0
40001,"Adair, OK",2020,19458.0
40001,"Adair, OK",2021,19444.0
40001,"Adair, OK",2022,19513.0
40001,"Adair, OK",2023,19641.0
40001,"Adair, OK",2024,19821.0
40003,"Alfalfa, OK",2019,5652.0
40003,"Alfalfa, OK",2020,5712.0
40003,"Alfalfa, OK",2021,5698.0
40003,"Alfalfa, OK",2022,5697.0
40003,"Alfalfa, OK",2023,5661.0
40003,"Alfalfa, OK",2024,5712.0
40005,"Atoka, OK",2019,13968.0
40005,"Atoka, OK",2020,14165.0
40005,"Atoka, OK",2021,14296.0
40005,"Atoka, OK",2022,14311.0
40005,"Atoka, OK",2023,14524.0
40005,"Atoka, OK",2024,14600.0
40007,"Beaver, OK",2019,5126.0
40007,"Beaver, OK",2020,5028.0
40007,"Beaver, OK",2021,4991.0
40007,"Beaver, OK",2022,5044.0
40007,"Beaver, OK",2023,5052.0
40007,"Beaver, OK",2024,5025.0
40009,"Beckham, OK",2019,22578.0
40009,"Beckham, OK",2020,22331.0
40009,"Beckham, OK",2021,22037.0
40009,"Beckham, OK",2022,21990.0
40009,"Beckham, OK",2023,22132.0
40009,"Beckham, OK",2024,22248.0
40011,"Blaine, OK",2019,8772.0
40011,"Blaine, OK",2020,8702.0
40011,"Blaine, OK",2021,8551.0
40011,"Blaine, OK",2022,8477.0
40011,"Blaine, OK",2023,8547.0
40011,"Blaine, OK",2024,8573.0
40013,"Bryan, OK",2019,45556.0
40013,"Bryan, OK",2020,46328.0
40013,"Bryan, OK",2021,47130.0
40013,"Bryan, OK",2022,48229.0
40013,"Bryan, OK",2023,49271.0
40013,"Bryan, OK",2024,50305.0
40015,"Caddo, OK",2019,27232.0
40015,"Caddo, OK",2020,26905.0
40015,"Caddo, OK",2021,26457.0
40015,"Caddo, OK",2022,26282.0
40015,"Caddo, OK",2023,26253.0
40015,"Caddo, OK",2024,26337.0
40017,"Canadian, OK",2019,150723.0
40017,"Canadian, OK",2020,155445.0
40017,"Canadian, OK",2021,162029.0
40017,"Canadian, OK",2022,169507.0
40017,"Canadian, OK",2023,176184.0
40017,"Canadian, OK",2024,181760.0
40019,"Carter, OK",2019,47955.0
40019,"Carter, OK",2020,48041.0
40019,"Carter, OK",2021,48257.0
40019,"Carter, OK",2022,48488.0
40019,"Carter, OK",2023,48854.0
40019,"Carter, OK",2024,49135.0
40021,"Cherokee, OK",2019,47015.0
40021,"Cherokee, OK",2020,47092.0
40021,"Cherokee, OK",2021,47660.0
40021,"Cherokee, OK",2022,48058.0
40021,"Cherokee, OK",2023,48173.0
40021,"Cherokee, OK",2024,48729.0
40023,"Choctaw, OK",2019,14212.0
40023,"Choctaw, OK",2020,14207.0
40023,"Choctaw, OK",2021,14366.0
40023,"Choctaw, OK",2022,14416.0
40023,"Choctaw, OK",2023,14324.0
40023,"Choctaw, OK",2024,14174.0
40025,"Cimarron, OK",2019,2268.0
40025,"Cimarron, OK",2020,2290.0
40025,"Cimarron, OK",2021,2248.0
40025,"Cimarron, OK",2022,2229.0
40025,"Cimarron, OK",2023,2188.0
40025,"Cimarron, OK",2024,2133.0
40027,"Cleveland, OK",2019,292797.0
40027,"Cleveland, OK",2020,296256.0
40027,"Cleveland, OK",2021,298165.0
40027,"Cleveland, OK",2022,299950.0
40027,"Cleveland, OK",2023,301913.0
40027,"Cleveland, OK",2024,303952.0
40029,"Coal, OK",2019,5221.0
40029,"Coal, OK",2020,5283.0
40029,"Coal, OK",2021,5308.0
40029,"Coal, OK",2022,5309.0
40029,"Coal, OK",2023,5284.0
40029,"Coal, OK",2024,5414.0
40031,"Comanche, OK",2019,121170.0
40031,"Comanche, OK",2020,121144.0
40031,"Comanche, OK",2021,122325.0
40031,"Comanche, OK",2022,122390.0
40031,"Comanche, OK",2023,121868.0
40031,"Comanche, OK",2024,121396.0
40033,"Cotton, OK",2019,5503.0
40033,"Cotton, OK",2020,5537.0
40033,"Cotton, OK",2021,5444.0
40033,"Cotton, OK",2022,5473.0
40033,"Cotton, OK",2023,5470.0
40033,"Cotton, OK",2024,5503.0
40035,"Craig, OK",2019,14038.0
40035,"Craig, OK",2020,14143.0
40035,"Craig, OK",2021,14203.0
40035,"Craig, OK",2022,14180.0
40035,"Craig, OK",2023,14476.0
40035,"Craig, OK",2024,14506.0
40037,"Creek, OK",2019,71573.0
40037,"Creek, OK",2020,71857.0
40037,"Creek, OK",2021,72250.0
40037,"Creek, OK",2022,72698.0
40037,"Creek, OK",2023,73372.0
40037,"Creek, OK",2024,73971.0
40039,"Custer, OK",2019,28689.0
40039,"Custer, OK",2020,28444.0
40039,"Custer, OK",2021,28177.0
40039,"Custer, OK",2022,28075.0
40039,"Custer, OK",2023,28332.0
40039,"Custer, OK",2024,28266.0
40041,"Delaware, OK",2019,40478.0
40041,"Delaware, OK",2020,40390.0
40041,"Delaware, OK",2021,40969.0
40041,"Delaware, OK",2022,41491.0
40041,"Delaware, OK",2023,41775.0
40041,"Delaware, OK",2024,41771.0
40043,"Dewey, OK",2019,4561.0
40043,"Dewey, OK",2020,4473.0
40043,"Dewey, OK",2021,4418.0
40043,"Dewey, OK",2022,4387.0
40043,"Dewey, OK",2023,4253.0
40043,"Dewey, OK",2024,4268.0
40045,"Ellis, OK",2019,3780.0
40045,"Ellis, OK",2020,3746.0
40045,"Ellis, OK",2021,3740.0
40045,"Ellis, OK",2022,3693.0
40045,"Ellis, OK",2023,3637.0
40045,"Ellis, OK",2024,3601.0
40047,"Garfield, OK",2019,63000.0
40047,"Garfield, OK",2020,62701.0
40047,"Garfield, OK",2021,61977.0
40047,"Garfield, OK",2022,61990.0
40047,"Garfield, OK",2023,62055.0
40047,"Garfield, OK",2024,62007.0
40049,"Garvin, OK",2019,25798.0
40049,"Garvin, OK",2020,25655.0
40049,"Garvin, OK",2021,25783.0
40049,"Garvin, OK",2022,25793.0
40049,"Garvin, OK",2023,25918.0
40049,"Garvin, OK",2024,26149.0
40051,"Grady, OK",2019,54730.0
40051,"Grady, OK",2020,54884.0
40051,"Grady, OK",2021,55601.0
40051,"Grady, OK",2022,56700.0
40051,"Grady, OK",2023,57493.0
40051,"Grady, OK",2024,58353.0
40053,"Grant, OK",2019,4146.0
40053,"Grant, OK",2020,4177.0
40053,"Grant, OK",2021,4142.0
40053,"Grant, OK",2022,4124.0
40053,"Grant, OK",2023,4088.0
40053,"Grant, OK",2024,4123.0
40055,"Greer, OK",2019,5487.0
40055,"Greer, OK",2020,5493.0
40055,"Greer, OK",2021,5482.0
40055,"Greer, OK",2022,5548.0
40055,"Greer, OK",2023,5491.0
40055,"Greer, OK",2024,5433.0
40057,"Harmon, OK",2019,2563.0
40057,"Harmon, OK",2020,2475.0
40057,"Harmon, OK",2021,2403.0
40057,"Harmon, OK",2022,2428.0
40057,"Harmon, OK",2023,2409.0
40057,"Harmon, OK",2024,2315.0
40059,"Harper, OK",2019,3362.0
40059,"Harper, OK",2020,3248.0
40059,"Harper, OK",2021,3175.0
40059,"Harper, OK",2022,3176.0
40059,"Harper, OK",2023,3207.0
40059,"Harper, OK",2024,3209.0
40061,"Haskell, OK",2019,11648.0
40061,"Haskell, OK",2020,11552.0
40061,"Haskell, OK",2021,11619.0
40061,"Haskell, OK",2022,11644.0
40061,"Haskell, OK",2023,11790.0
40061,"Haskell, OK",2024,11811.0
40063,"Hughes, OK",2019,13433.0
40063,"Hughes, OK",2020,13346.0
40063,"Hughes, OK",2021,13403.0
40063,"Hughes, OK",2022,13421.0
40063,"Hughes, OK",2023,13406.0
40063,"Hughes, OK",2024,13371.0
40065,"Jackson, OK",2019,24831.0
40065,"Jackson, OK",2020,24747.0
40065,"Jackson, OK",2021,24746.0
40065,"Jackson, OK",2022,24671.0
40065,"Jackson, OK",2023,24685.0
40065,"Jackson, OK",2024,24541.0
40067,"Jefferson, OK",2019,5406.0
40067,"Jefferson, OK",2020,5331.0
40067,"Jefferson, OK",2021,5401.0
40067,"Jefferson, OK",2022,5428.0
40067,"Jefferson, OK",2023,5367.0
40067,"Jefferson, OK",2024,5374.0
40069,"Johnston, OK",2019,10483.0
40069,"Johnston, OK",2020,10244.0
40069,"Johnston, OK",2021,10328.0
40069,"Johnston, OK",2022,10328.0
40069,"Johnston, OK",2023,10199.0
40069,"Johnston, OK",2024,10293.0
40071,"Kay, OK",2019,43931.0
40071,"Kay, OK",2020,43611.0
40071,"Kay, OK",2021,43732.0
40071,"Kay, OK",2022,43726.0
40071,"Kay, OK",2023,43621.0
40071,"Kay, OK",2024,43437.0
40073,"Kingfisher, OK",2019,15304.0
40073,"Kingfisher, OK",2020,15177.0
40073,"Kingfisher, OK",2021,15227.0
40073,"Kingfisher, OK",2022,15313.0
40073,"Kingfisher, OK",2023,15615.0
40073,"Kingfisher, OK",2024,15820.0
40075,"Kiowa, OK",2019,8493.0
40075,"Kiowa, OK",2020,8496.0
40075,"Kiowa, OK",2021,8403.0
40075,"Kiowa, OK",2022,8437.0
40075,"Kiowa, OK",2023,8322.0
40075,"Kiowa, OK",2024,8257.0
40077,"Latimer, OK",2019,9424.0
40077,"Latimer, OK",2020,9484.0
40077,"Latimer, OK",2021,9458.0
40077,"Latimer, OK",2022,9580.0
40077,"Latimer, OK",2023,9561.0
40077,"Latimer, OK",2024,9509.0
40079,"Le Flore, OK",2019,48143.0
40079,"Le Flore, OK",2020,48201.0
40079,"Le Flore, OK",2021,48614.0
40079,"Le Flore, OK",2022,49004.0
40079,"Le Flore, OK",2023,49590.0
40079,"Le Flore, OK",2024,49854.0
40081,"Lincoln, OK",2019,33494.0
40081,"Lincoln, OK",2020,33502.0
40081,"Lincoln, OK",2021,33855.0
40081,"Lincoln, OK",2022,34153.0
40081,"Lincoln, OK",2023,34613.0
40081,"Lincoln, OK",2024,34972.0
40083,"Logan, OK",2019,48928.0
40083,"Logan, OK",2020,49752.0
40083,"Logan, OK",2021,50929.0
40083,"Logan, OK",2022,52029.0
40083,"Logan, OK",2023,53121.0
40083,"Logan, OK",2024,53860.0
40085,"Love, OK",2019,10127.0
40085,"Love, OK",2020,10157.0
40085,"Love, OK",2021,10238.0
40085,"Love, OK",2022,10184.0
40085,"Love, OK",2023,10305.0
40085,"Love, OK",2024,10423.0
40087,"McClain, OK",2019,40934.0
40087,"McClain, OK",2020,41910.0
40087,"McClain, OK",2021,43538.0
40087,"McClain, OK",2022,45422.0
40087,"McClain, OK",2023,47060.0
40087,"McClain, OK",2024,48434.0
40089,"McCurtain, OK",2019,30937.0
40089,"McCurtain, OK",2020,30844.0
40089,"McCurtain, OK",2021,30819.0
40089,"McCurtain, OK",2022,30892.0
40089,"McCurtain, OK",2023,30957.0
40089,"McCurtain, OK",2024,30805.0
40091,"McIntosh, OK",2019,18971.0
40091,"McIntosh, OK",2020,18950.0
40091,"McIntosh, OK",2021,19251.0
40091,"McIntosh, OK",2022,19419.0
40091,"McIntosh, OK",2023,19670.0
40091,"McIntosh, OK",2024,19710.0
40093,"Major, OK",2019,7815.0
40093,"Major, OK",2020,7749.0
40093,"Major, OK",2021,7640.0
40093,"Major, OK",2022,7558.0
40093,"Major, OK",2023,7623.0
40093,"Major, OK",2024,7569.0
40095,"Marshall, OK",2019,15318.0
40095,"Marshall, OK",2020,15339.0
40095,"Marshall, OK",2021,15553.0
40095,"Marshall, OK",2022,15947.0
40095,"Marshall, OK",2023,15974.0
40095,"Marshall, OK",2024,16147.0
40097,"Mayes, OK",2019,39176.0
40097,"Mayes, OK",2020,39053.0
40097,"Mayes, OK",2021,39255.0
40097,"Mayes, OK",2022,39593.0
40097,"Mayes, OK",2023,39971.0
40097,"Mayes, OK",2024,40144.0
40099,"Murray, OK",2019,14010.0
40099,"Murray, OK",2020,13878.0
40099,"Murray, OK",2021,13720.0
40099,"Murray, OK",2022,13677.0
40099,"Murray, OK",2023,13735.0
40099,"Murray, OK",2024,13754.0
40101,"Muskogee, OK",2019,66784.0
40101,"Muskogee, OK",2020,66245.0
40101,"Muskogee, OK",2021,66274.0
40101,"Muskogee, OK",2022,66293.0
40101,"Muskogee, OK",2023,66656.0
40101,"Muskogee, OK",2024,66752.0
40103,"Noble, OK",2019,11001.0
40103,"Noble, OK",2020,10922.0
40103,"Noble, OK",2021,10939.0
40103,"Noble, OK",2022,10861.0
40103,"Noble, OK",2023,10865.0
40103,"Noble, OK",2024,10896.0
40105,"Nowata, OK",2019,9438.0
40105,"Nowata, OK",2020,9325.0
40105,"Nowata, OK",2021,9359.0
40105,"Nowata, OK",2022,9447.0
40105,"Nowata, OK",2023,9481.0
40105,"Nowata, OK",2024,9561.0
40107,"Okfuskee, OK",2019,11496.0
40107,"Okfuskee, OK",2020,11272.0
40107,"Okfuskee, OK",2021,11228.0
40107,"Okfuskee, OK",2022,11230.0
40107,"Okfuskee, OK",2023,11297.0
40107,"Okfuskee, OK",2024,11364.0
40109,"Oklahoma, OK",2019,791511.0
40109,"Oklahoma, OK",2020,798283.0
40109,"Oklahoma, OK",2021,799961.0
40109,"Oklahoma, OK",2022,805165.0
40109,"Oklahoma, OK",2023,811096.0
40109,"Oklahoma, OK",2024,816490.0
40111,"Okmulgee, OK",2019,36950.0
40111,"Okmulgee, OK",2020,36688.0
40111,"Okmulgee, OK",2021,36845.0
40111,"Okmulgee, OK",2022,36937.0
40111,"Okmulgee, OK",2023,36940.0
40111,"Okmulgee, OK",2024,37084.0
40113,"Osage, OK",2019,46111.0
40113,"Osage, OK",2020,45792.0
40113,"Osage, OK",2021,45890.0
40113,"Osage, OK",2022,45799.0
40113,"Osage, OK",2023,46008.0
40113,"Osage, OK",2024,46495.0
40115,"Ottawa, OK",2019,30568.0
40115,"Ottawa, OK",2020,30229.0
40115,"Ottawa, OK",2021,30389.0
40115,"Ottawa, OK",2022,30366.0
40115,"Ottawa, OK",2023,30316.0
40115,"Ottawa, OK",2024,30404.0
40117,"Pawnee, OK",2019,15622.0
40117,"Pawnee, OK",2020,15560.0
40117,"Pawnee, OK",2021,15715.0
40117,"Pawnee, OK",2022,15695.0
40117,"Pawnee, OK",2023,15892.0
40117,"Pawnee, OK",2024,16111.0
40119,"Payne, OK",2019,81568.0
40119,"Payne, OK",2020,81649.0
40119,"Payne, OK",2021,82166.0
40119,"Payne, OK",2022,83029.0
40119,"Payne, OK",2023,83819.0
40119,"Payne, OK",2024,84199.0
40121,"Pittsburg, OK",2019,43757.0
40121,"Pittsburg, OK",2020,43787.0
40121,"Pittsburg, OK",2021,43632.0
40121,"Pittsburg, OK",2022,43517.0
40121,"Pittsburg, OK",2023,43472.0
40121,"Pittsburg, OK",2024,43395.0
40123,"Pontotoc, OK",2019,38061.0
40123,"Pontotoc, OK",2020,38094.0
40123,"Pontotoc, OK",2021,38190.0
40123,"Pontotoc, OK",2022,38074.0
40123,"Pontotoc, OK",2023,38506.0
40123,"Pontotoc, OK",2024,38310.0
40125,"Pottawatomie, OK",2019,72237.0
40125,"Pottawatomie, OK",2020,72553.0
40125,"Pottawatomie, OK",2021,73047.0
40125,"Pottawatomie, OK",2022,73403.0
40125,"Pottawatomie, OK",2023,73864.0
40125,"Pottawatomie, OK",2024,74446.0
40127,"Pushmataha, OK",2019,10900.0
40127,"Pushmataha, OK",2020,10793.0
40127,"Pushmataha, OK",2021,10772.0
40127,"Pushmataha, OK",2022,10728.0
40127,"Pushmataha, OK",2023,10856.0
40127,"Pushmataha, OK",2024,10800.0
40129,"Roger Mills, OK",2019,3486.0
40129,"Roger Mills, OK",2020,3428.0
40129,"Roger Mills, OK",2021,3365.0
40129,"Roger Mills, OK",2022,3366.0
40129,"Roger Mills, OK",2023,3331.0
40129,"Roger Mills, OK",2024,3304.0
40131,"Rogers, OK",2019,94639.0
40131,"Rogers, OK",2020,95405.0
40131,"Rogers, OK",2021,96903.0
40131,"Rogers, OK",2022,99103.0
40131,"Rogers, OK",2023,100268.0
40131,"Rogers, OK",2024,101371.0
40133,"Seminole, OK",2019,23670.0
40133,"Seminole, OK",2020,23512.0
40133,"Seminole, OK",2021,23539.0
40133,"Seminole, OK",2022,23484.0
40133,"Seminole, OK",2023,23585.0
40133,"Seminole, OK",2024,23351.0
40135,"Sequoyah, OK",2019,39486.0
40135,"Sequoyah, OK",2020,39249.0
40135,"Sequoyah, OK",2021,39492.0
40135,"Sequoyah, OK",2022,39756.0
40135,"Sequoyah, OK",2023,40248.0
40135,"Sequoyah, OK",2024,40555.0
40137,"Stephens, OK",2019,42986.0
40137,"Stephens, OK",2020,42823.0
40137,"Stephens, OK",2021,43119.0
40137,"Stephens, OK",2022,43674.0
40137,"Stephens, OK",2023,44066.0
40137,"Stephens, OK",2024,44075.0
40139,"Texas, OK",2019,21467.0
40139,"Texas, OK",2020,21291.0
40139,"Texas, OK",2021,20855.0
40139,"Texas, OK",2022,20635.0
40139,"Texas, OK",2023,20512.0
40139,"Texas, OK",2024,20577.0
40141,"Tillman, OK",2019,7006.0
40141,"Tillman, OK",2020,6943.0
40141,"Tillman, OK",2021,7036.0
40141,"Tillman, OK",2022,6968.0
40141,"Tillman, OK",2023,6867.0
40141,"Tillman, OK",2024,6736.0
40143,"Tulsa, OK",2019,663934.0
40143,"Tulsa, OK",2020,670708.0
40143,"Tulsa, OK",2021,674123.0
40143,"Tulsa, OK",2022,679212.0
40143,"Tulsa, OK",2023,686411.0
40143,"Tulsa, OK",2024,693514.0
40145,"Wagoner, OK",2019,80001.0
40145,"Wagoner, OK",2020,81401.0
40145,"Wagoner, OK",2021,84257.0
40145,"Wagoner, OK",2022,86755.0
40145,"Wagoner, OK",2023,89375.0
40145,"Wagoner, OK",2024,91257.0
40147,"Washington, OK",2019,51996.0
40147,"Washington, OK",2020,52606.0
40147,"Washington, OK",2021,52902.0
40147,"Washington, OK",2022,53289.0
40147,"Washington, OK",2023,53772.0
40147,"Washington, OK",2024,54060.0
40149,"Washita, OK",2019,11012.0
40149,"Washita, OK",2020,10903.0
40149,"Washita, OK",2021,10901.0
40149,"Washita, OK",2022,10715.0
40149,"Washita, OK",2023,10716.0
40149,"Washita, OK",2024,10839.0
40151,"Woods, OK",2019,8718.0
40151,"Woods, OK",2020,8603.0
40151,"Woods, OK",2021,8632.0
40151,"Woods, OK",2022,8602.0
40151,"Woods, OK",2023,8560.0
40151,"Woods, OK",2024,8582.0
40153,"Woodward, OK",2019,20695.0
40153,"Woodward, OK",2020,20418.0
40153,"Woodward, OK",2021,20252.0
40153,"Woodward, OK",2022,20054.0
40153,"Woodward, OK",2023,20073.0
40153,"Woodward, OK",2024,19991.0
41001,"Baker, OR",2019,16501.0
41001,"Baker, OR",2020,16731.0
41001,"Baker, OR",2021,16884.0
41001,"Baker, OR",2022,16933.0
41001,"Baker, OR",2023,16904.0
41001,"Baker, OR",2024,16750.0
41003,"Benton, OR",2019,94866.0
41003,"Benton, OR",2020,93615.0
41003,"Benton, OR",2021,93031.0
41003,"Benton, OR",2022,97406.0
41003,"Benton, OR",2023,98566.0
41003,"Benton, OR",2024,98899.0
41005,"Clackamas, OR",2019,418588.0
41005,"Clackamas, OR",2020,422512.0
41005,"Clackamas, OR",2021,423892.0
41005,"Clackamas, OR",2022,423217.0
41005,"Clackamas, OR",2023,424396.0
41005,"Clackamas, OR",2024,425857.0
41007,"Clatsop, OR",2019,40812.0
41007,"Clatsop, OR",2020,41157.0
41007,"Clatsop, OR",2021,41930.0
41007,"Clatsop, OR",2022,41595.0
41007,"Clatsop, OR",2023,41089.0
41007,"Clatsop, OR",2024,41043.0
41009,"Columbia, OR",2019,52368.0
41009,"Columbia, OR",2020,52716.0
41009,"Columbia, OR",2021,53177.0
41009,"Columbia, OR",2022,53589.0
41009,"Columbia, OR",2023,53918.0
41009,"Columbia, OR",2024,54063.0
41011,"Coos, OR",2019,64825.0
41011,"Coos, OR",2020,64976.0
41011,"Coos, OR",2021,65143.0
41011,"Coos, OR",2022,65135.0
41011,"Coos, OR",2023,64557.0
41011,"Coos, OR",2024,64326.0
41013,"Crook, OR",2019,24197.0
41013,"Crook, OR",2020,24930.0
41013,"Crook, OR",2021,25767.0
41013,"Crook, OR",2022,26393.0
41013,"Crook, OR",2023,26960.0
41013,"Crook, OR",2024,27336.0
41015,"Curry, OR",2019,23163.0
41015,"Curry, OR",2020,23518.0
41015,"Curry, OR",2021,23724.0
41015,"Curry, OR",2022,23614.0
41015,"Curry, OR",2023,23273.0
41015,"Curry, OR",2024,22774.0
41017,"Deschutes, OR",2019,195065.0
41017,"Deschutes, OR",2020,199470.0
41017,"Deschutes, OR",2021,205318.0
41017,"Deschutes, OR",2022,206491.0
41017,"Deschutes, OR",2023,208857.0
41017,"Deschutes, OR",2024,211535.0
41019,"Douglas, OR",2019,110813.0
41019,"Douglas, OR",2020,111292.0
41019,"Douglas, OR",2021,112153.0
41019,"Douglas, OR",2022,112226.0
41019,"Douglas, OR",2023,112435.0
41019,"Douglas, OR",2024,112255.0
41021,"Gilliam, OR",2019,1947.0
41021,"Gilliam, OR",2020,2015.0
41021,"Gilliam, OR",2021,2011.0
41021,"Gilliam, OR",2022,2012.0
41021,"Gilliam, OR",2023,2035.0
41021,"Gilliam, OR",2024,1971.0
41023,"Grant, OR",2019,7215.0
41023,"Grant, OR",2020,7233.0
41023,"Grant, OR",2021,7284.0
41023,"Grant, OR",2022,7221.0
41023,"Grant, OR",2023,7216.0
41023,"Grant, OR",2024,7093.0
41025,"Harney, OR",2019,7479.0
41025,"Harney, OR",2020,7504.0
41025,"Harney, OR",2021,7601.0
41025,"Harney, OR",2022,7537.0
41025,"Harney, OR",2023,7451.0
41025,"Harney, OR",2024,7402.0
41027,"Hood River, OR",2019,23954.0
41027,"Hood River, OR",2020,23897.0
41027,"Hood River, OR",2021,24025.0
41027,"Hood River, OR",2022,24028.0
41027,"Hood River, OR",2023,23811.0
41027,"Hood River, OR",2024,23764.0
41029,"Jackson, OR",2019,222246.0
41029,"Jackson, OR",2020,223755.0
41029,"Jackson, OR",2021,224649.0
41029,"Jackson, OR",2022,222153.0
41029,"Jackson, OR",2023,221338.0
41029,"Jackson, OR",2024,221331.0
41031,"Jefferson, OR",2019,24333.0
41031,"Jefferson, OR",2020,24578.0
41031,"Jefferson, OR",2021,25100.0
41031,"Jefferson, OR",2022,25319.0
41031,"Jefferson, OR",2023,25480.0
41031,"Jefferson, OR",2024,25536.0
41033,"Josephine, OR",2019,87741.0
41033,"Josephine, OR",2020,88228.0
41033,"Josephine, OR",2021,88599.0
41033,"Josephine, OR",2022,87786.0
41033,"Josephine, OR",2023,88001.0
41033,"Josephine, OR",2024,88276.0
41035,"Klamath, OR",2019,69013.0
41035,"Klamath, OR",2020,69631.0
41035,"Klamath, OR",2021,70415.0
41035,"Klamath, OR",2022,70404.0
41035,"Klamath, OR",2023,70347.0
41035,"Klamath, OR",2024,70438.0
41037,"Lake, OR",2019,8130.0
41037,"Lake, OR",2020,8174.0
41037,"Lake, OR",2021,8294.0
41037,"Lake, OR",2022,8365.0
41037,"Lake, OR",2023,8307.0
41037,"Lake, OR",2024,8194.0
41039,"Lane, OR",2019,382074.0
41039,"Lane, OR",2020,384221.0
41039,"Lane, OR",2021,386082.0
41039,"Lane, OR",2022,386187.0
41039,"Lane, OR",2023,382151.0
41039,"Lane, OR",2024,382396.0
41041,"Lincoln, OR",2019,50018.0
41041,"Lincoln, OR",2020,50517.0
41041,"Lincoln, OR",2021,51028.0
41041,"Lincoln, OR",2022,50756.0
41041,"Lincoln, OR",2023,51307.0
41041,"Lincoln, OR",2024,51212.0
41043,"Linn, OR",2019,127641.0
41043,"Linn, OR",2020,128967.0
41043,"Linn, OR",2021,130062.0
41043,"Linn, OR",2022,130516.0
41043,"Linn, OR",2023,131509.0
41043,"Linn, OR",2024,132474.0
41045,"Malheur, OR",2019,31295.0
41045,"Malheur, OR",2020,31643.0
41045,"Malheur, OR",2021,31682.0
41045,"Malheur, OR",2022,31868.0
41045,"Malheur, OR",2023,32262.0
41045,"Malheur, OR",2024,32315.0
41047,"Marion, OR",2019,344713.0
41047,"Marion, OR",2020,346305.0
41047,"Marion, OR",2021,347784.0
41047,"Marion, OR",2022,349388.0
41047,"Marion, OR",2023,349874.0
41047,"Marion, OR",2024,352867.0
41049,"Morrow, OR",2019,12089.0
41049,"Morrow, OR",2020,12220.0
41049,"Morrow, OR",2021,12359.0
41049,"Morrow, OR",2022,12257.0
41049,"Morrow, OR",2023,12303.0
41049,"Morrow, OR",2024,12360.0
41051,"Multnomah, OR",2019,812660.0
41051,"Multnomah, OR",2020,816321.0
41051,"Multnomah, OR",2021,804934.0
41051,"Multnomah, OR",2022,795960.0
41051,"Multnomah, OR",2023,794271.0
41051,"Multnomah, OR",2024,795897.0
41053,"Polk, OR",2019,85988.0
41053,"Polk, OR",2020,88003.0
41053,"Polk, OR",2021,89480.0
41053,"Polk, OR",2022,89986.0
41053,"Polk, OR",2023,90290.0
41053,"Polk, OR",2024,90549.0
41055,"Sherman, OR",2019,1849.0
41055,"Sherman, OR",2020,1873.0
41055,"Sherman, OR",2021,1909.0
41055,"Sherman, OR",2022,1953.0
41055,"Sherman, OR",2023,1954.0
41055,"Sherman, OR",2024,2002.0
41057,"Tillamook, OR",2019,27169.0
41057,"Tillamook, OR",2020,27462.0
41057,"Tillamook, OR",2021,27814.0
41057,"Tillamook, OR",2022,27516.0
41057,"Tillamook, OR",2023,27423.0
41057,"Tillamook, OR",2024,27264.0
41059,"Umatilla, OR",2019,79867.0
41059,"Umatilla, OR",2020,79893.0
41059,"Umatilla, OR",2021,79713.0
41059,"Umatilla, OR",2022,79732.0
41059,"Umatilla, OR",2023,79872.0
41059,"Umatilla, OR",2024,80491.0
41061,"Union, OR",2019,26378.0
41061,"Union, OR",2020,26168.0
41061,"Union, OR",2021,26287.0
41061,"Union, OR",2022,26167.0
41061,"Union, OR",2023,26038.0
41061,"Union, OR",2024,26058.0
41063,"Wallowa, OR",2019,7363.0
41063,"Wallowa, OR",2020,7400.0
41063,"Wallowa, OR",2021,7553.0
41063,"Wallowa, OR",2022,7647.0
41063,"Wallowa, OR",2023,7643.0
41063,"Wallowa, OR",2024,7522.0
41065,"Wasco, OR",2019,26736.0
41065,"Wasco, OR",2020,26610.0
41065,"Wasco, OR",2021,26707.0
41065,"Wasco, OR",2022,26535.0
41065,"Wasco, OR",2023,26402.0
41065,"Wasco, OR",2024,26507.0
41067,"Washington, OR",2019,598316.0
41067,"Washington, OR",2020,601045.0
41067,"Washington, OR",2021,602356.0
41067,"Washington, OR",2022,600229.0
41067,"Washington, OR",2023,604831.0
41067,"Washington, OR",2024,611272.0
41069,"Wheeler, OR",2019,1408.0
41069,"Wheeler, OR",2020,1459.0
41069,"Wheeler, OR",2021,1452.0
41069,"Wheeler, OR",2022,1434.0
41069,"Wheeler, OR",2023,1436.0
41069,"Wheeler, OR",2024,1456.0
41071,"Yamhill, OR",2019,107139.0
41071,"Yamhill, OR",2020,107740.0
41071,"Yamhill, OR",2021,108081.0
41071,"Yamhill, OR",2022,107817.0
41071,"Yamhill, OR",2023,109146.0
41071,"Yamhill, OR",2024,110886.0
42001,"Adams, PA",2019,103712.0
42001,"Adams, PA",2020,103802.0
42001,"Adams, PA",2021,105696.0
42001,"Adams, PA",2022,106017.0
42001,"Adams, PA",2023,107147.0
42001,"Adams, PA",2024,107914.0
42003,"Allegheny, PA",2019,1250316.0
42003,"Allegheny, PA",2020,1249671.0
42003,"Allegheny, PA",2021,1245440.0
42003,"Allegheny, PA",2022,1233821.0
42003,"Allegheny, PA",2023,1230138.0
42003,"Allegheny, PA",2024,1231814.0
42005,"Armstrong, PA",2019,65817.0
42005,"Armstrong, PA",2020,65460.0
42005,"Armstrong, PA",2021,65211.0
42005,"Armstrong, PA",2022,64664.0
42005,"Armstrong, PA",2023,64094.0
42005,"Armstrong, PA",2024,63679.0
42007,"Beaver, PA",2019,168746.0
42007,"Beaver, PA",2020,167864.0
42007,"Beaver, PA",2021,166979.0
42007,"Beaver, PA",2022,165682.0
42007,"Beaver, PA",2023,165556.0
42007,"Beaver, PA",2024,165540.0
42009,"Bedford, PA",2019,47627.0
42009,"Bedford, PA",2020,47580.0
42009,"Bedford, PA",2021,47505.0
42009,"Bedford, PA",2022,47395.0
42009,"Bedford, PA",2023,47442.0
42009,"Bedford, PA",2024,47643.0
42011,"Berks, PA",2019,427505.0
42011,"Berks, PA",2020,428693.0
42011,"Berks, PA",2021,429698.0
42011,"Berks, PA",2022,432281.0
42011,"Berks, PA",2023,435284.0
42011,"Berks, PA",2024,439117.0
42013,"Blair, PA",2019,123339.0
42013,"Blair, PA",2020,122664.0
42013,"Blair, PA",2021,122160.0
42013,"Blair, PA",2022,120796.0
42013,"Blair, PA",2023,120494.0
42013,"Blair, PA",2024,120269.0
42015,"Bradford, PA",2019,60095.0
42015,"Bradford, PA",2020,59958.0
42015,"Bradford, PA",2021,60131.0
42015,"Bradford, PA",2022,59800.0
42015,"Bradford, PA",2023,59700.0
42015,"Bradford, PA",2024,59699.0
42017,"Bucks, PA",2019,645193.0
42017,"Bucks, PA",2020,646190.0
42017,"Bucks, PA",2021,647489.0
42017,"Bucks, PA",2022,645871.0
42017,"Bucks, PA",2023,647625.0
42017,"Bucks, PA",2024,650131.0
42019,"Butler, PA",2019,192703.0
42019,"Butler, PA",2020,194069.0
42019,"Butler, PA",2021,196773.0
42019,"Butler, PA",2022,197422.0
42019,"Butler, PA",2023,198665.0
42019,"Butler, PA",2024,199341.0
42021,"Cambria, PA",2019,134153.0
42021,"Cambria, PA",2020,133198.0
42021,"Cambria, PA",2021,132240.0
42021,"Cambria, PA",2022,131432.0
42021,"Cambria, PA",2023,130713.0
42021,"Cambria, PA",2024,130108.0
42023,"Cameron, PA",2019,4595.0
42023,"Cameron, PA",2020,4532.0
42023,"Cameron, PA",2021,4465.0
42023,"Cameron, PA",2022,4406.0
42023,"Cameron, PA",2023,4382.0
42023,"Cameron, PA",2024,4348.0
42025,"Carbon, PA",2019,64695.0
42025,"Carbon, PA",2020,64752.0
42025,"Carbon, PA",2021,65523.0
42025,"Carbon, PA",2022,65466.0
42025,"Carbon, PA",2023,65427.0
42025,"Carbon, PA",2024,65743.0
42027,"Centre, PA",2019,158783.0
42027,"Centre, PA",2020,157987.0
42027,"Centre, PA",2021,158008.0
42027,"Centre, PA",2022,157992.0
42027,"Centre, PA",2023,159087.0
42027,"Centre, PA",2024,159805.0
42029,"Chester, PA",2019,532243.0
42029,"Chester, PA",2020,534860.0
42029,"Chester, PA",2021,541036.0
42029,"Chester, PA",2022,547248.0
42029,"Chester, PA",2023,555310.0
42029,"Chester, PA",2024,560745.0
42031,"Clarion, PA",2019,37441.0
42031,"Clarion, PA",2020,37198.0
42031,"Clarion, PA",2021,37596.0
42031,"Clarion, PA",2022,37280.0
42031,"Clarion, PA",2023,36964.0
42031,"Clarion, PA",2024,36855.0
42033,"Clearfield, PA",2019,80816.0
42033,"Clearfield, PA",2020,80431.0
42033,"Clearfield, PA",2021,78348.0
42033,"Clearfield, PA",2022,77881.0
42033,"Clearfield, PA",2023,78381.0
42033,"Clearfield, PA",2024,78132.0
42035,"Clinton, PA",2019,37736.0
42035,"Clinton, PA",2020,37377.0
42035,"Clinton, PA",2021,38024.0
42035,"Clinton, PA",2022,37873.0
42035,"Clinton, PA",2023,37852.0
42035,"Clinton, PA",2024,37865.0
42037,"Columbia, PA",2019,64825.0
42037,"Columbia, PA",2020,64686.0
42037,"Columbia, PA",2021,64982.0
42037,"Columbia, PA",2022,65347.0
42037,"Columbia, PA",2023,65782.0
42037,"Columbia, PA",2024,66012.0
42039,"Crawford, PA",2019,84424.0
42039,"Crawford, PA",2020,83825.0
42039,"Crawford, PA",2021,83232.0
42039,"Crawford, PA",2022,82380.0
42039,"Crawford, PA",2023,82052.0
42039,"Crawford, PA",2024,82089.0
42041,"Cumberland, PA",2019,257001.0
42041,"Cumberland, PA",2020,260254.0
42041,"Cumberland, PA",2021,265550.0
42041,"Cumberland, PA",2022,268740.0
42041,"Cumberland, PA",2023,271553.0
42041,"Cumberland, PA",2024,275516.0
42043,"Dauphin, PA",2019,284602.0
42043,"Dauphin, PA",2020,286717.0
42043,"Dauphin, PA",2021,288286.0
42043,"Dauphin, PA",2022,289049.0
42043,"Dauphin, PA",2023,290886.0
42043,"Dauphin, PA",2024,293029.0
42045,"Delaware, PA",2019,575569.0
42045,"Delaware, PA",2020,576523.0
42045,"Delaware, PA",2021,577126.0
42045,"Delaware, PA",2022,577040.0
42045,"Delaware, PA",2023,580538.0
42045,"Delaware, PA",2024,584882.0
42047,"Elk, PA",2019,31085.0
42047,"Elk, PA",2020,30939.0
42047,"Elk, PA",2021,30795.0
42047,"Elk, PA",2022,30453.0
42047,"Elk, PA",2023,30221.0
42047,"Elk, PA",2024,30124.0
42049,"Erie, PA",2019,271417.0
42049,"Erie, PA",2020,270739.0
42049,"Erie, PA",2021,269455.0
42049,"Erie, PA",2022,269112.0
42049,"Erie, PA",2023,268203.0
42049,"Erie, PA",2024,267750.0
42051,"Fayette, PA",2019,129700.0
42051,"Fayette, PA",2020,128585.0
42051,"Fayette, PA",2021,127136.0
42051,"Fayette, PA",2022,125622.0
42051,"Fayette, PA",2023,124699.0
42051,"Fayette, PA",2024,123941.0
42053,"Forest, PA",2019,7020.0
42053,"Forest, PA",2020,6964.0
42053,"Forest, PA",2021,6902.0
42053,"Forest, PA",2022,6621.0
42053,"Forest, PA",2023,6486.0
42053,"Forest, PA",2024,6601.0
42055,"Franklin, PA",2019,155765.0
42055,"Franklin, PA",2020,155951.0
42055,"Franklin, PA",2021,156589.0
42055,"Franklin, PA",2022,157017.0
42055,"Franklin, PA",2023,158054.0
42055,"Franklin, PA",2024,159285.0
42057,"Fulton, PA",2019,14545.0
42057,"Fulton, PA",2020,14582.0
42057,"Fulton, PA",2021,14555.0
42057,"Fulton, PA",2022,14557.0
42057,"Fulton, PA",2023,14510.0
42057,"Fulton, PA",2024,14452.0
42059,"Greene, PA",2019,36254.0
42059,"Greene, PA",2020,35867.0
42059,"Greene, PA",2021,35282.0
42059,"Greene, PA",2022,34566.0
42059,"Greene, PA",2023,34493.0
42059,"Greene, PA",2024,33960.0
42061,"Huntingdon, PA",2019,44323.0
42061,"Huntingdon, PA",2020,44071.0
42061,"Huntingdon, PA",2021,43989.0
42061,"Huntingdon, PA",2022,43303.0
42061,"Huntingdon, PA",2023,43545.0
42061,"Huntingdon, PA",2024,43359.0
42063,"Indiana, PA",2019,83508.0
42063,"Indiana, PA",2020,83153.0
42063,"Indiana, PA",2021,83095.0
42063,"Indiana, PA",2022,82901.0
42063,"Indiana, PA",2023,83110.0
42063,"Indiana, PA",2024,82953.0
42065,"Jefferson, PA",2019,44529.0
42065,"Jefferson, PA",2020,44480.0
42065,"Jefferson, PA",2021,44121.0
42065,"Jefferson, PA",2022,43725.0
42065,"Jefferson, PA",2023,43625.0
42065,"Jefferson, PA",2024,43367.0
42067,"Juniata, PA",2019,23685.0
42067,"Juniata, PA",2020,23483.0
42067,"Juniata, PA",2021,23359.0
42067,"Juniata, PA",2022,23290.0
42067,"Juniata, PA",2023,23368.0
42067,"Juniata, PA",2024,23395.0
42069,"Lackawanna, PA",2019,215904.0
42069,"Lackawanna, PA",2020,215538.0
42069,"Lackawanna, PA",2021,216063.0
42069,"Lackawanna, PA",2022,215797.0
42069,"Lackawanna, PA",2023,216472.0
42069,"Lackawanna, PA",2024,216859.0
42071,"Lancaster, PA",2019,551627.0
42071,"Lancaster, PA",2020,552834.0
42071,"Lancaster, PA",2021,556364.0
42071,"Lancaster, PA",2022,556991.0
42071,"Lancaster, PA",2023,560174.0
42071,"Lancaster, PA",2024,563293.0
42073,"Lawrence, PA",2019,86261.0
42073,"Lawrence, PA",2020,85970.0
42073,"Lawrence, PA",2021,85565.0
42073,"Lawrence, PA",2022,84800.0
42073,"Lawrence, PA",2023,84553.0
42073,"Lawrence, PA",2024,84233.0
42075,"Lebanon, PA",2019,142804.0
42075,"Lebanon, PA",2020,143292.0
42075,"Lebanon, PA",2021,143772.0
42075,"Lebanon, PA",2022,144003.0
42075,"Lebanon, PA",2023,144546.0
42075,"Lebanon, PA",2024,145319.0
42077,"Lehigh, PA",2019,372932.0
42077,"Lehigh, PA",2020,374493.0
42077,"Lehigh, PA",2021,375922.0
42077,"Lehigh, PA",2022,377019.0
42077,"Lehigh, PA",2023,380872.0
42077,"Lehigh, PA",2024,385655.0
42079,"Luzerne, PA",2019,325169.0
42079,"Luzerne, PA",2020,325222.0
42079,"Luzerne, PA",2021,325975.0
42079,"Luzerne, PA",2022,326892.0
42079,"Luzerne, PA",2023,328909.0
42079,"Luzerne, PA",2024,331379.0
42081,"Lycoming, PA",2019,114356.0
42081,"Lycoming, PA",2020,114130.0
42081,"Lycoming, PA",2021,113576.0
42081,"Lycoming, PA",2022,113223.0
42081,"Lycoming, PA",2023,113282.0
42081,"Lycoming, PA",2024,113236.0
42083,"McKean, PA",2019,40649.0
42083,"McKean, PA",2020,40405.0
42083,"McKean, PA",2021,40325.0
42083,"McKean, PA",2022,39791.0
42083,"McKean, PA",2023,39522.0
42083,"McKean, PA",2024,39478.0
42085,"Mercer, PA",2019,111042.0
42085,"Mercer, PA",2020,110548.0
42085,"Mercer, PA",2021,109964.0
42085,"Mercer, PA",2022,109115.0
42085,"Mercer, PA",2023,108519.0
42085,"Mercer, PA",2024,108140.0
42087,"Mifflin, PA",2019,46143.0
42087,"Mifflin, PA",2020,46145.0
42087,"Mifflin, PA",2021,46182.0
42087,"Mifflin, PA",2022,45993.0
42087,"Mifflin, PA",2023,45950.0
42087,"Mifflin, PA",2024,45935.0
42089,"Monroe, PA",2019,168332.0
42089,"Monroe, PA",2020,168326.0
42089,"Monroe, PA",2021,168708.0
42089,"Monroe, PA",2022,167437.0
42089,"Monroe, PA",2023,166581.0
42089,"Monroe, PA",2024,166523.0
42091,"Montgomery, PA",2019,851716.0
42091,"Montgomery, PA",2020,856900.0
42091,"Montgomery, PA",2021,864252.0
42091,"Montgomery, PA",2022,865848.0
42091,"Montgomery, PA",2023,871673.0
42091,"Montgomery, PA",2024,879190.0
42093,"Montour, PA",2019,18212.0
42093,"Montour, PA",2020,18132.0
42093,"Montour, PA",2021,18094.0
42093,"Montour, PA",2022,18122.0
42093,"Montour, PA",2023,18053.0
42093,"Montour, PA",2024,18115.0
42095,"Northampton, PA",2019,311975.0
42095,"Northampton, PA",2020,312810.0
42095,"Northampton, PA",2021,318215.0
42095,"Northampton, PA",2022,318044.0
42095,"Northampton, PA",2023,320844.0
42095,"Northampton, PA",2024,322989.0
42097,"Northumberland, PA",2019,91838.0
42097,"Northumberland, PA",2020,91550.0
42097,"Northumberland, PA",2021,91001.0
42097,"Northumberland, PA",2022,90093.0
42097,"Northumberland, PA",2023,90131.0
42097,"Northumberland, PA",2024,90027.0
42099,"Perry, PA",2019,45944.0
42099,"Perry, PA",2020,45838.0
42099,"Perry, PA",2021,45961.0
42099,"Perry, PA",2022,46214.0
42099,"Perry, PA",2023,46367.0
42099,"Perry, PA",2024,46816.0
42101,"Philadelphia, PA",2019,1605405.0
42101,"Philadelphia, PA",2020,1600788.0
42101,"Philadelphia, PA",2021,1589918.0
42101,"Philadelphia, PA",2022,1570554.0
42101,"Philadelphia, PA",2023,1563349.0
42101,"Philadelphia, PA",2024,1573916.0
42103,"Pike, PA",2019,58141.0
42103,"Pike, PA",2020,58576.0
42103,"Pike, PA",2021,60009.0
42103,"Pike, PA",2022,60647.0
42103,"Pike, PA",2023,61496.0
42103,"Pike, PA",2024,62376.0
42105,"Potter, PA",2019,16460.0
42105,"Potter, PA",2020,16387.0
42105,"Potter, PA",2021,16318.0
42105,"Potter, PA",2022,16203.0
42105,"Potter, PA",2023,16040.0
42105,"Potter, PA",2024,15993.0
42107,"Schuylkill, PA",2019,143195.0
42107,"Schuylkill, PA",2020,142959.0
42107,"Schuylkill, PA",2021,143169.0
42107,"Schuylkill, PA",2022,143205.0
42107,"Schuylkill, PA",2023,143932.0
42107,"Schuylkill, PA",2024,144523.0
42109,"Snyder, PA",2019,39843.0
42109,"Snyder, PA",2020,39742.0
42109,"Snyder, PA",2021,39748.0
42109,"Snyder, PA",2022,39525.0
42109,"Snyder, PA",2023,39699.0
42109,"Snyder, PA",2024,39627.0
42111,"Somerset, PA",2019,74418.0
42111,"Somerset, PA",2020,74014.0
42111,"Somerset, PA",2021,72994.0
42111,"Somerset, PA",2022,72613.0
42111,"Somerset, PA",2023,72233.0
42111,"Somerset, PA",2024,72134.0
42113,"Sullivan, PA",2019,5878.0
42113,"Sullivan, PA",2020,5831.0
42113,"Sullivan, PA",2021,5864.0
42113,"Sullivan, PA",2022,5892.0
42113,"Sullivan, PA",2023,5925.0
42113,"Sullivan, PA",2024,5927.0
42115,"Susquehanna, PA",2019,38732.0
42115,"Susquehanna, PA",2020,38349.0
42115,"Susquehanna, PA",2021,38424.0
42115,"Susquehanna, PA",2022,38115.0
42115,"Susquehanna, PA",2023,38108.0
42115,"Susquehanna, PA",2024,38100.0
42117,"Tioga, PA",2019,41205.0
42117,"Tioga, PA",2020,41017.0
42117,"Tioga, PA",2021,41309.0
42117,"Tioga, PA",2022,40954.0
42117,"Tioga, PA",2023,40747.0
42117,"Tioga, PA",2024,40698.0
42119,"Union, PA",2019,42940.0
42119,"Union, PA",2020,42655.0
42119,"Union, PA",2021,42484.0
42119,"Union, PA",2022,42745.0
42119,"Union, PA",2023,42237.0
42119,"Union, PA",2024,42159.0
42121,"Venango, PA",2019,50859.0
42121,"Venango, PA",2020,50357.0
42121,"Venango, PA",2021,50041.0
42121,"Venango, PA",2022,49695.0
42121,"Venango, PA",2023,49436.0
42121,"Venango, PA",2024,49476.0
42123,"Warren, PA",2019,38801.0
42123,"Warren, PA",2020,38526.0
42123,"Warren, PA",2021,38184.0
42123,"Warren, PA",2022,37843.0
42123,"Warren, PA",2023,37672.0
42123,"Warren, PA",2024,37373.0
42125,"Washington, PA",2019,209141.0
42125,"Washington, PA",2020,209414.0
42125,"Washington, PA",2021,210057.0
42125,"Washington, PA",2022,209962.0
42125,"Washington, PA",2023,210344.0
42125,"Washington, PA",2024,210434.0
42127,"Wayne, PA",2019,51229.0
42127,"Wayne, PA",2020,51155.0
42127,"Wayne, PA",2021,51201.0
42127,"Wayne, PA",2022,51132.0
42127,"Wayne, PA",2023,51404.0
42127,"Wayne, PA",2024,51419.0
42129,"Westmoreland, PA",2019,355381.0
42129,"Westmoreland, PA",2020,354339.0
42129,"Westmoreland, PA",2021,353753.0
42129,"Westmoreland, PA",2022,352054.0
42129,"Westmoreland, PA",2023,351420.0
42129,"Westmoreland, PA",2024,350935.0
42131,"Wyoming, PA",2019,26282.0
42131,"Wyoming, PA",2020,26042.0
42131,"Wyoming, PA",2021,26119.0
42131,"Wyoming, PA",2022,26034.0
42131,"Wyoming, PA",2023,25868.0
42131,"Wyoming, PA",2024,25771.0
42133,"York, PA",2019,454958.0
42133,"York, PA",2020,456754.0
42133,"York, PA",2021,459264.0
42133,"York, PA",2022,461385.0
42133,"York, PA",2023,465977.0
42133,"York, PA",2024,471240.0
44001,"Bristol, RI",2019,50707.0
44001,"Bristol, RI",2020,50783.0
44001,"Bristol, RI",2021,50778.0
44001,"Bristol, RI",2022,50388.0
44001,"Bristol, RI",2023,50358.0
44001,"Bristol, RI",2024,50145.0
44003,"Kent, RI",2019,169512.0
44003,"Kent, RI",2020,170423.0
44003,"Kent, RI",2021,171115.0
44003,"Kent, RI",2022,171523.0
44003,"Kent, RI",2023,171770.0
44003,"Kent, RI",2024,172450.0
44005,"Newport, RI",2019,85798.0
44005,"Newport, RI",2020,85511.0
44005,"Newport, RI",2021,85613.0
44005,"Newport, RI",2022,84851.0
44005,"Newport, RI",2023,83843.0
44005,"Newport, RI",2024,83468.0
44007,"Providence, RI",2019,658969.0
44007,"Providence, RI",2020,660044.0
44007,"Providence, RI",2021,658887.0
44007,"Providence, RI",2022,662209.0
44007,"Providence, RI",2023,667219.0
44007,"Providence, RI",2024,675912.0
44009,"Washington, RI",2019,129594.0
44009,"Washington, RI",2020,129769.0
44009,"Washington, RI",2021,130853.0
44009,"Washington, RI",2022,130527.0
44009,"Washington, RI",2023,130239.0
44009,"Washington, RI",2024,130333.0
45001,"Abbeville, SC",2019,24416.0
45001,"Abbeville, SC",2020,24262.0
45001,"Abbeville, SC",2021,24263.0
45001,"Abbeville, SC",2022,24407.0
45001,"Abbeville, SC",2023,24563.0
45001,"Abbeville, SC",2024,24607.0
45003,"Aiken, SC",2019,167746.0
45003,"Aiken, SC",2020,169174.0
45003,"Aiken, SC",2021,171272.0
45003,"Aiken, SC",2022,174075.0
45003,"Aiken, SC",2023,177034.0
45003,"Aiken, SC",2024,179245.0
45005,"Allendale, SC",2019,8275.0
45005,"Allendale, SC",2020,7934.0
45005,"Allendale, SC",2021,7714.0
45005,"Allendale, SC",2022,7508.0
45005,"Allendale, SC",2023,7596.0
45005,"Allendale, SC",2024,7551.0
45007,"Anderson, SC",2019,202162.0
45007,"Anderson, SC",2020,204192.0
45007,"Anderson, SC",2021,206949.0
45007,"Anderson, SC",2022,210069.0
45007,"Anderson, SC",2023,213998.0
45007,"Anderson, SC",2024,217183.0
45009,"Bamberg, SC",2019,13498.0
45009,"Bamberg, SC",2020,13261.0
45009,"Bamberg, SC",2021,13121.0
45009,"Bamberg, SC",2022,12966.0
45009,"Bamberg, SC",2023,12991.0
45009,"Bamberg, SC",2024,12870.0
45011,"Barnwell, SC",2019,20679.0
45011,"Barnwell, SC",2020,20590.0
45011,"Barnwell, SC",2021,20604.0
45011,"Barnwell, SC",2022,20469.0
45011,"Barnwell, SC",2023,20448.0
45011,"Barnwell, SC",2024,20495.0
45013,"Beaufort, SC",2019,185285.0
45013,"Beaufort, SC",2020,187829.0
45013,"Beaufort, SC",2021,191946.0
45013,"Beaufort, SC",2022,195932.0
45013,"Beaufort, SC",2023,198961.0
45013,"Beaufort, SC",2024,201775.0
45015,"Berkeley, SC",2019,224765.0
45015,"Berkeley, SC",2020,231508.0
45015,"Berkeley, SC",2021,236852.0
45015,"Berkeley, SC",2022,245249.0
45015,"Berkeley, SC",2023,256123.0
45015,"Berkeley, SC",2024,264276.0
45017,"Calhoun, SC",2019,14102.0
45017,"Calhoun, SC",2020,14113.0
45017,"Calhoun, SC",2021,14141.0
45017,"Calhoun, SC",2022,14200.0
45017,"Calhoun, SC",2023,14208.0
45017,"Calhoun, SC",2024,14249.0
45019,"Charleston, SC",2019,404596.0
45019,"Charleston, SC",2020,409958.0
45019,"Charleston, SC",2021,414605.0
45019,"Charleston, SC",2022,419952.0
45019,"Charleston, SC",2023,425805.0
45019,"Charleston, SC",2024,431001.0
45021,"Cherokee, SC",2019,56272.0
45021,"Cherokee, SC",2020,56226.0
45021,"Cherokee, SC",2021,56110.0
45021,"Cherokee, SC",2022,56186.0
45021,"Cherokee, SC",2023,56943.0
45021,"Cherokee, SC",2024,57770.0
45023,"Chester, SC",2019,32204.0
45023,"Chester, SC",2020,32291.0
45023,"Chester, SC",2021,32160.0
45023,"Chester, SC",2022,31972.0
45023,"Chester, SC",2023,32163.0
45023,"Chester, SC",2024,32323.0
45025,"Chesterfield, SC",2019,43395.0
45025,"Chesterfield, SC",2020,43254.0
45025,"Chesterfield, SC",2021,43334.0
45025,"Chesterfield, SC",2022,43722.0
45025,"Chesterfield, SC",2023,44120.0
45025,"Chesterfield, SC",2024,44488.0
45027,"Clarendon, SC",2019,31566.0
45027,"Clarendon, SC",2020,30841.0
45027,"Clarendon, SC",2021,30965.0
45027,"Clarendon, SC",2022,30976.0
45027,"Clarendon, SC",2023,31119.0
45027,"Clarendon, SC",2024,31030.0
45029,"Colleton, SC",2019,38675.0
45029,"Colleton, SC",2020,38538.0
45029,"Colleton, SC",2021,38461.0
45029,"Colleton, SC",2022,38618.0
45029,"Colleton, SC",2023,39040.0
45029,"Colleton, SC",2024,39259.0
45031,"Darlington, SC",2019,63242.0
45031,"Darlington, SC",2020,62842.0
45031,"Darlington, SC",2021,62723.0
45031,"Darlington, SC",2022,62434.0
45031,"Darlington, SC",2023,62368.0
45031,"Darlington, SC",2024,62425.0
45033,"Dillon, SC",2019,28408.0
45033,"Dillon, SC",2020,28280.0
45033,"Dillon, SC",2021,27977.0
45033,"Dillon, SC",2022,27766.0
45033,"Dillon, SC",2023,27712.0
45033,"Dillon, SC",2024,27577.0
45035,"Dorchester, SC",2019,160067.0
45035,"Dorchester, SC",2020,162059.0
45035,"Dorchester, SC",2021,163484.0
45035,"Dorchester, SC",2022,166029.0
45035,"Dorchester, SC",2023,169770.0
45035,"Dorchester, SC",2024,174663.0
45037,"Edgefield, SC",2019,25926.0
45037,"Edgefield, SC",2020,25673.0
45037,"Edgefield, SC",2021,26274.0
45037,"Edgefield, SC",2022,27347.0
45037,"Edgefield, SC",2023,28629.0
45037,"Edgefield, SC",2024,29455.0
45039,"Fairfield, SC",2019,21225.0
45039,"Fairfield, SC",2020,20872.0
45039,"Fairfield, SC",2021,20686.0
45039,"Fairfield, SC",2022,20430.0
45039,"Fairfield, SC",2023,20392.0
45039,"Fairfield, SC",2024,20369.0
45041,"Florence, SC",2019,137428.0
45041,"Florence, SC",2020,136814.0
45041,"Florence, SC",2021,136409.0
45041,"Florence, SC",2022,136860.0
45041,"Florence, SC",2023,137454.0
45041,"Florence, SC",2024,138049.0
45043,"Georgetown, SC",2019,63101.0
45043,"Georgetown, SC",2020,63517.0
45043,"Georgetown, SC",2021,63939.0
45043,"Georgetown, SC",2022,64753.0
45043,"Georgetown, SC",2023,65812.0
45043,"Georgetown, SC",2024,66035.0
45045,"Greenville, SC",2019,519882.0
45045,"Greenville, SC",2020,527266.0
45045,"Greenville, SC",2021,534675.0
45045,"Greenville, SC",2022,548447.0
45045,"Greenville, SC",2023,559696.0
45045,"Greenville, SC",2024,570745.0
45047,"Greenwood, SC",2019,69359.0
45047,"Greenwood, SC",2020,69395.0
45047,"Greenwood, SC",2021,69139.0
45047,"Greenwood, SC",2022,69290.0
45047,"Greenwood, SC",2023,69582.0
45047,"Greenwood, SC",2024,70041.0
45049,"Hampton, SC",2019,19493.0
45049,"Hampton, SC",2020,18525.0
45049,"Hampton, SC",2021,18259.0
45049,"Hampton, SC",2022,18147.0
45049,"Hampton, SC",2023,18167.0
45049,"Hampton, SC",2024,18172.0
45051,"Horry, SC",2019,343444.0
45051,"Horry, SC",2020,353779.0
45051,"Horry, SC",2021,366164.0
45051,"Horry, SC",2022,383372.0
45051,"Horry, SC",2023,398374.0
45051,"Horry, SC",2024,413391.0
45053,"Jasper, SC",2019,27997.0
45053,"Jasper, SC",2020,29148.0
45053,"Jasper, SC",2021,30434.0
45053,"Jasper, SC",2022,31988.0
45053,"Jasper, SC",2023,33642.0
45053,"Jasper, SC",2024,35618.0
45055,"Kershaw, SC",2019,64968.0
45055,"Kershaw, SC",2020,65596.0
45055,"Kershaw, SC",2021,66215.0
45055,"Kershaw, SC",2022,67917.0
45055,"Kershaw, SC",2023,70145.0
45055,"Kershaw, SC",2024,71698.0
45057,"Lancaster, SC",2019,94314.0
45057,"Lancaster, SC",2020,96592.0
45057,"Lancaster, SC",2021,100540.0
45057,"Lancaster, SC",2022,104795.0
45057,"Lancaster, SC",2023,108796.0
45057,"Lancaster, SC",2024,111652.0
45059,"Laurens, SC",2019,67194.0
45059,"Laurens, SC",2020,67628.0
45059,"Laurens, SC",2021,67837.0
45059,"Laurens, SC",2022,68109.0
45059,"Laurens, SC",2023,69210.0
45059,"Laurens, SC",2024,70545.0
45061,"Lee, SC",2019,16649.0
45061,"Lee, SC",2020,16546.0
45061,"Lee, SC",2021,16278.0
45061,"Lee, SC",2022,16119.0
45061,"Lee, SC",2023,15927.0
45061,"Lee, SC",2024,15958.0
45063,"Lexington, SC",2019,291129.0
45063,"Lexington, SC",2020,294993.0
45063,"Lexington, SC",2021,300644.0
45063,"Lexington, SC",2022,305147.0
45063,"Lexington, SC",2023,309877.0
45063,"Lexington, SC",2024,313774.0
45065,"McCormick, SC",2019,9545.0
45065,"McCormick, SC",2020,9522.0
45065,"McCormick, SC",2021,9768.0
45065,"McCormick, SC",2022,9741.0
45065,"McCormick, SC",2023,9786.0
45065,"McCormick, SC",2024,9983.0
45067,"Marion, SC",2019,29557.0
45067,"Marion, SC",2020,29082.0
45067,"Marion, SC",2021,28853.0
45067,"Marion, SC",2022,28494.0
45067,"Marion, SC",2023,28522.0
45067,"Marion, SC",2024,28368.0
45069,"Marlboro, SC",2019,27026.0
45069,"Marlboro, SC",2020,26496.0
45069,"Marlboro, SC",2021,26106.0
45069,"Marlboro, SC",2022,26003.0
45069,"Marlboro, SC",2023,25772.0
45069,"Marlboro, SC",2024,25498.0
45071,"Newberry, SC",2019,37743.0
45071,"Newberry, SC",2020,37738.0
45071,"Newberry, SC",2021,37976.0
45071,"Newberry, SC",2022,38343.0
45071,"Newberry, SC",2023,38916.0
45071,"Newberry, SC",2024,39203.0
45073,"Oconee, SC",2019,78254.0
45073,"Oconee, SC",2020,78787.0
45073,"Oconee, SC",2021,79331.0
45073,"Oconee, SC",2022,80223.0
45073,"Oconee, SC",2023,81527.0
45073,"Oconee, SC",2024,82475.0
45075,"Orangeburg, SC",2019,84951.0
45075,"Orangeburg, SC",2020,83971.0
45075,"Orangeburg, SC",2021,82851.0
45075,"Orangeburg, SC",2022,83165.0
45075,"Orangeburg, SC",2023,83148.0
45075,"Orangeburg, SC",2024,83129.0
45077,"Pickens, SC",2019,130347.0
45077,"Pickens, SC",2020,131689.0
45077,"Pickens, SC",2021,132139.0
45077,"Pickens, SC",2022,134405.0
45077,"Pickens, SC",2023,136704.0
45077,"Pickens, SC",2024,138207.0
45079,"Richland, SC",2019,414610.0
45079,"Richland, SC",2020,415697.0
45079,"Richland, SC",2021,417306.0
45079,"Richland, SC",2022,421693.0
45079,"Richland, SC",2023,425236.0
45079,"Richland, SC",2024,430651.0
45081,"Saluda, SC",2019,19029.0
45081,"Saluda, SC",2020,18908.0
45081,"Saluda, SC",2021,18908.0
45081,"Saluda, SC",2022,19086.0
45081,"Saluda, SC",2023,19300.0
45081,"Saluda, SC",2024,19452.0
45083,"Spartanburg, SC",2019,323180.0
45083,"Spartanburg, SC",2020,329405.0
45083,"Spartanburg, SC",2021,335452.0
45083,"Spartanburg, SC",2022,346455.0
45083,"Spartanburg, SC",2023,358690.0
45083,"Spartanburg, SC",2024,369256.0
45085,"Sumter, SC",2019,105788.0
45085,"Sumter, SC",2020,105493.0
45085,"Sumter, SC",2021,104879.0
45085,"Sumter, SC",2022,104068.0
45085,"Sumter, SC",2023,104410.0
45085,"Sumter, SC",2024,104776.0
45087,"Union, SC",2019,27407.0
45087,"Union, SC",2020,27182.0
45087,"Union, SC",2021,27028.0
45087,"Union, SC",2022,26787.0
45087,"Union, SC",2023,26751.0
45087,"Union, SC",2024,26678.0
45089,"Williamsburg, SC",2019,31262.0
45089,"Williamsburg, SC",2020,30921.0
45089,"Williamsburg, SC",2021,30432.0
45089,"Williamsburg, SC",2022,30164.0
45089,"Williamsburg, SC",2023,30028.0
45089,"Williamsburg, SC",2024,29865.0
45091,"York, SC",2019,276713.0
45091,"York, SC",2020,283862.0
45091,"York, SC",2021,289071.0
45091,"York, SC",2022,294057.0
45091,"York, SC",2023,298375.0
45091,"York, SC",2024,303001.0
46003,"Aurora, SD",2019,2757.0
46003,"Aurora, SD",2020,2740.0
46003,"Aurora, SD",2021,2741.0
46003,"Aurora, SD",2022,2772.0
46003,"Aurora, SD",2023,2796.0
46003,"Aurora, SD",2024,2752.0
46005,"Beadle, SD",2019,18935.0
46005,"Beadle, SD",2020,19166.0
46005,"Beadle, SD",2021,19185.0
46005,"Beadle, SD",2022,19356.0
46005,"Beadle, SD",2023,19380.0
46005,"Beadle, SD",2024,19459.0
46007,"Bennett, SD",2019,3330.0
46007,"Bennett, SD",2020,3392.0
46007,"Bennett, SD",2021,3393.0
46007,"Bennett, SD",2022,3339.0
46007,"Bennett, SD",2023,3312.0
46007,"Bennett, SD",2024,3289.0
46009,"Bon Homme, SD",2019,7024.0
46009,"Bon Homme, SD",2020,6972.0
46009,"Bon Homme, SD",2021,7002.0
46009,"Bon Homme, SD",2022,7088.0
46009,"Bon Homme, SD",2023,7088.0
46009,"Bon Homme, SD",2024,7071.0
46011,"Brookings, SD",2019,34315.0
46011,"Brookings, SD",2020,34349.0
46011,"Brookings, SD",2021,34705.0
46011,"Brookings, SD",2022,35442.0
46011,"Brookings, SD",2023,35912.0
46011,"Brookings, SD",2024,36359.0
46013,"Brown, SD",2019,38403.0
46013,"Brown, SD",2020,38219.0
46013,"Brown, SD",2021,38108.0
46013,"Brown, SD",2022,37915.0
46013,"Brown, SD",2023,37650.0
46013,"Brown, SD",2024,37495.0
46015,"Brule, SD",2019,5206.0
46015,"Brule, SD",2020,5250.0
46015,"Brule, SD",2021,5252.0
46015,"Brule, SD",2022,5324.0
46015,"Brule, SD",2023,5326.0
46015,"Brule, SD",2024,5261.0
46017,"Buffalo, SD",2019,1961.0
46017,"Buffalo, SD",2020,1938.0
46017,"Buffalo, SD",2021,1894.0
46017,"Buffalo, SD",2022,1848.0
46017,"Buffalo, SD",2023,1884.0
46017,"Buffalo, SD",2024,1825.0
46019,"Butte, SD",2019,10147.0
46019,"Butte, SD",2020,10291.0
46019,"Butte, SD",2021,10544.0
46019,"Butte, SD",2022,10788.0
46019,"Butte, SD",2023,10868.0
46019,"Butte, SD",2024,10891.0
46021,"Campbell, SD",2019,1371.0
46021,"Campbell, SD",2020,1380.0
46021,"Campbell, SD",2021,1378.0
46021,"Campbell, SD",2022,1367.0
46021,"Campbell, SD",2023,1357.0
46021,"Campbell, SD",2024,1342.0
46023,"Charles Mix, SD",2019,9369.0
46023,"Charles Mix, SD",2020,9369.0
46023,"Charles Mix, SD",2021,9187.0
46023,"Charles Mix, SD",2022,9237.0
46023,"Charles Mix, SD",2023,9271.0
46023,"Charles Mix, SD",2024,9343.0
46025,"Clark, SD",2019,3783.0
46025,"Clark, SD",2020,3851.0
46025,"Clark, SD",2021,3871.0
46025,"Clark, SD",2022,3945.0
46025,"Clark, SD",2023,3945.0
46025,"Clark, SD",2024,3974.0
46027,"Clay, SD",2019,14770.0
46027,"Clay, SD",2020,15003.0
46027,"Clay, SD",2021,15170.0
46027,"Clay, SD",2022,15277.0
46027,"Clay, SD",2023,15398.0
46027,"Clay, SD",2024,15245.0
46029,"Codington, SD",2019,28205.0
46029,"Codington, SD",2020,28355.0
46029,"Codington, SD",2021,28492.0
46029,"Codington, SD",2022,28756.0
46029,"Codington, SD",2023,28952.0
46029,"Codington, SD",2024,29278.0
46031,"Corson, SD",2019,3932.0
46031,"Corson, SD",2020,3888.0
46031,"Corson, SD",2021,3842.0
46031,"Corson, SD",2022,3797.0
46031,"Corson, SD",2023,3756.0
46031,"Corson, SD",2024,3747.0
46033,"Custer, SD",2019,8281.0
46033,"Custer, SD",2020,8342.0
46033,"Custer, SD",2021,8648.0
46033,"Custer, SD",2022,9024.0
46033,"Custer, SD",2023,9117.0
46033,"Custer, SD",2024,9330.0
46035,"Davison, SD",2019,19953.0
46035,"Davison, SD",2020,19954.0
46035,"Davison, SD",2021,19901.0
46035,"Davison, SD",2022,20025.0
46035,"Davison, SD",2023,19973.0
46035,"Davison, SD",2024,19907.0
46037,"Day, SD",2019,5467.0
46037,"Day, SD",2020,5436.0
46037,"Day, SD",2021,5418.0
46037,"Day, SD",2022,5478.0
46037,"Day, SD",2023,5445.0
46037,"Day, SD",2024,5408.0
46039,"Deuel, SD",2019,4282.0
46039,"Deuel, SD",2020,4302.0
46039,"Deuel, SD",2021,4299.0
46039,"Deuel, SD",2022,4357.0
46039,"Deuel, SD",2023,4345.0
46039,"Deuel, SD",2024,4335.0
46041,"Dewey, SD",2019,5331.0
46041,"Dewey, SD",2020,5225.0
46041,"Dewey, SD",2021,5221.0
46041,"Dewey, SD",2022,5078.0
46041,"Dewey, SD",2023,5179.0
46041,"Dewey, SD",2024,5322.0
46043,"Douglas, SD",2019,2846.0
46043,"Douglas, SD",2020,2834.0
46043,"Douglas, SD",2021,2813.0
46043,"Douglas, SD",2022,2797.0
46043,"Douglas, SD",2023,2844.0
46043,"Douglas, SD",2024,2849.0
46045,"Edmunds, SD",2019,3996.0
46045,"Edmunds, SD",2020,3997.0
46045,"Edmunds, SD",2021,4044.0
46045,"Edmunds, SD",2022,4103.0
46045,"Edmunds, SD",2023,4067.0
46045,"Edmunds, SD",2024,4027.0
46047,"Fall River, SD",2019,6926.0
46047,"Fall River, SD",2020,6973.0
46047,"Fall River, SD",2021,7217.0
46047,"Fall River, SD",2022,7373.0
46047,"Fall River, SD",2023,7369.0
46047,"Fall River, SD",2024,7359.0
46049,"Faulk, SD",2019,2136.0
46049,"Faulk, SD",2020,2126.0
46049,"Faulk, SD",2021,2118.0
46049,"Faulk, SD",2022,2117.0
46049,"Faulk, SD",2023,2135.0
46049,"Faulk, SD",2024,2136.0
46051,"Grant, SD",2019,7598.0
46051,"Grant, SD",2020,7539.0
46051,"Grant, SD",2021,7554.0
46051,"Grant, SD",2022,7535.0
46051,"Grant, SD",2023,7571.0
46051,"Grant, SD",2024,7618.0
46053,"Gregory, SD",2019,3986.0
46053,"Gregory, SD",2020,4000.0
46053,"Gregory, SD",2021,3954.0
46053,"Gregory, SD",2022,3993.0
46053,"Gregory, SD",2023,4023.0
46053,"Gregory, SD",2024,4110.0
46055,"Haakon, SD",2019,1868.0
46055,"Haakon, SD",2020,1868.0
46055,"Haakon, SD",2021,1837.0
46055,"Haakon, SD",2022,1830.0
46055,"Haakon, SD",2023,1855.0
46055,"Haakon, SD",2024,1834.0
46057,"Hamlin, SD",2019,6163.0
46057,"Hamlin, SD",2020,6161.0
46057,"Hamlin, SD",2021,6261.0
46057,"Hamlin, SD",2022,6395.0
46057,"Hamlin, SD",2023,6450.0
46057,"Hamlin, SD",2024,6596.0
46059,"Hand, SD",2019,3188.0
46059,"Hand, SD",2020,3147.0
46059,"Hand, SD",2021,3087.0
46059,"Hand, SD",2022,3123.0
46059,"Hand, SD",2023,3114.0
46059,"Hand, SD",2024,3097.0
46061,"Hanson, SD",2019,3440.0
46061,"Hanson, SD",2020,3460.0
46061,"Hanson, SD",2021,3507.0
46061,"Hanson, SD",2022,3461.0
46061,"Hanson, SD",2023,3457.0
46061,"Hanson, SD",2024,3477.0
46063,"Harding, SD",2019,1300.0
46063,"Harding, SD",2020,1308.0
46063,"Harding, SD",2021,1325.0
46063,"Harding, SD",2022,1329.0
46063,"Harding, SD",2023,1314.0
46063,"Harding, SD",2024,1325.0
46065,"Hughes, SD",2019,17842.0
46065,"Hughes, SD",2020,17741.0
46065,"Hughes, SD",2021,17762.0
46065,"Hughes, SD",2022,17674.0
46065,"Hughes, SD",2023,17617.0
46065,"Hughes, SD",2024,17526.0
46067,"Hutchinson, SD",2019,7410.0
46067,"Hutchinson, SD",2020,7425.0
46067,"Hutchinson, SD",2021,7379.0
46067,"Hutchinson, SD",2022,7375.0
46067,"Hutchinson, SD",2023,7423.0
46067,"Hutchinson, SD",2024,7416.0
46069,"Hyde, SD",2019,1271.0
46069,"Hyde, SD",2020,1252.0
46069,"Hyde, SD",2021,1232.0
46069,"Hyde, SD",2022,1196.0
46069,"Hyde, SD",2023,1190.0
46069,"Hyde, SD",2024,1215.0
46071,"Jackson, SD",2019,2850.0
46071,"Jackson, SD",2020,2803.0
46071,"Jackson, SD",2021,2867.0
46071,"Jackson, SD",2022,2833.0
46071,"Jackson, SD",2023,2772.0
46071,"Jackson, SD",2024,2737.0
46073,"Jerauld, SD",2019,1714.0
46073,"Jerauld, SD",2020,1643.0
46073,"Jerauld, SD",2021,1641.0
46073,"Jerauld, SD",2022,1645.0
46073,"Jerauld, SD",2023,1650.0
46073,"Jerauld, SD",2024,1689.0
46075,"Jones, SD",2019,896.0
46075,"Jones, SD",2020,923.0
46075,"Jones, SD",2021,876.0
46075,"Jones, SD",2022,870.0
46075,"Jones, SD",2023,862.0
46075,"Jones, SD",2024,874.0
46077,"Kingsbury, SD",2019,5095.0
46077,"Kingsbury, SD",2020,5207.0
46077,"Kingsbury, SD",2021,5210.0
46077,"Kingsbury, SD",2022,5282.0
46077,"Kingsbury, SD",2023,5262.0
46077,"Kingsbury, SD",2024,5261.0
46079,"Lake, SD",2019,11390.0
46079,"Lake, SD",2020,11016.0
46079,"Lake, SD",2021,10862.0
46079,"Lake, SD",2022,10945.0
46079,"Lake, SD",2023,11033.0
46079,"Lake, SD",2024,11006.0
46081,"Lawrence, SD",2019,25549.0
46081,"Lawrence, SD",2020,25849.0
46081,"Lawrence, SD",2021,26169.0
46081,"Lawrence, SD",2022,27234.0
46081,"Lawrence, SD",2023,28106.0
46081,"Lawrence, SD",2024,28809.0
46083,"Lincoln, SD",2019,63611.0
46083,"Lincoln, SD",2020,65648.0
46083,"Lincoln, SD",2021,68002.0
46083,"Lincoln, SD",2022,71156.0
46083,"Lincoln, SD",2023,73142.0
46083,"Lincoln, SD",2024,75244.0
46085,"Lyman, SD",2019,3715.0
46085,"Lyman, SD",2020,3701.0
46085,"Lyman, SD",2021,3760.0
46085,"Lyman, SD",2022,3717.0
46085,"Lyman, SD",2023,3720.0
46085,"Lyman, SD",2024,3721.0
46087,"McCook, SD",2019,5690.0
46087,"McCook, SD",2020,5674.0
46087,"McCook, SD",2021,5725.0
46087,"McCook, SD",2022,5775.0
46087,"McCook, SD",2023,5809.0
46087,"McCook, SD",2024,5771.0
46089,"McPherson, SD",2019,2431.0
46089,"McPherson, SD",2020,2403.0
46089,"McPherson, SD",2021,2419.0
46089,"McPherson, SD",2022,2401.0
46089,"McPherson, SD",2023,2335.0
46089,"McPherson, SD",2024,2307.0
46091,"Marshall, SD",2019,4385.0
46091,"Marshall, SD",2020,4298.0
46091,"Marshall, SD",2021,4314.0
46091,"Marshall, SD",2022,4354.0
46091,"Marshall, SD",2023,4358.0
46091,"Marshall, SD",2024,4395.0
46093,"Meade, SD",2019,29680.0
46093,"Meade, SD",2020,29903.0
46093,"Meade, SD",2021,30298.0
46093,"Meade, SD",2022,30679.0
46093,"Meade, SD",2023,30931.0
46093,"Meade, SD",2024,30918.0
46095,"Mellette, SD",2019,1915.0
46095,"Mellette, SD",2020,1922.0
46095,"Mellette, SD",2021,1900.0
46095,"Mellette, SD",2022,1867.0
46095,"Mellette, SD",2023,1843.0
46095,"Mellette, SD",2024,1834.0
46097,"Miner, SD",2019,2311.0
46097,"Miner, SD",2020,2304.0
46097,"Miner, SD",2021,2311.0
46097,"Miner, SD",2022,2289.0
46097,"Miner, SD",2023,2293.0
46097,"Miner, SD",2024,2303.0
46099,"Minnehaha, SD",2019,195212.0
46099,"Minnehaha, SD",2020,197718.0
46099,"Minnehaha, SD",2021,199947.0
46099,"Minnehaha, SD",2022,203675.0
46099,"Minnehaha, SD",2023,206464.0
46099,"Minnehaha, SD",2024,208639.0
46101,"Moody, SD",2019,6375.0
46101,"Moody, SD",2020,6339.0
46101,"Moody, SD",2021,6307.0
46101,"Moody, SD",2022,6366.0
46101,"Moody, SD",2023,6444.0
46101,"Moody, SD",2024,6529.0
46102,"Oglala Lakota, SD*",2019,13804.0
46102,"Oglala Lakota, SD*",2020,13648.0
46102,"Oglala Lakota, SD*",2021,13559.0
46102,"Oglala Lakota, SD*",2022,13482.0
46102,"Oglala Lakota, SD*",2023,13407.0
46102,"Oglala Lakota, SD*",2024,13360.0
46103,"Pennington, SD",2019,108550.0
46103,"Pennington, SD",2020,109573.0
46103,"Pennington, SD",2021,111903.0
46103,"Pennington, SD",2022,114269.0
46103,"Pennington, SD",2023,115834.0
46103,"Pennington, SD",2024,115979.0
46105,"Perkins, SD",2019,2835.0
46105,"Perkins, SD",2020,2849.0
46105,"Perkins, SD",2021,2833.0
46105,"Perkins, SD",2022,2807.0
46105,"Perkins, SD",2023,2823.0
46105,"Perkins, SD",2024,2832.0
46107,"Potter, SD",2019,2440.0
46107,"Potter, SD",2020,2474.0
46107,"Potter, SD",2021,2473.0
46107,"Potter, SD",2022,2450.0
46107,"Potter, SD",2023,2416.0
46107,"Potter, SD",2024,2402.0
46109,"Roberts, SD",2019,10347.0
46109,"Roberts, SD",2020,10262.0
46109,"Roberts, SD",2021,10180.0
46109,"Roberts, SD",2022,10157.0
46109,"Roberts, SD",2023,10222.0
46109,"Roberts, SD",2024,10283.0
46111,"Sanborn, SD",2019,2359.0
46111,"Sanborn, SD",2020,2330.0
46111,"Sanborn, SD",2021,2379.0
46111,"Sanborn, SD",2022,2413.0
46111,"Sanborn, SD",2023,2407.0
46111,"Sanborn, SD",2024,2392.0
46115,"Spink, SD",2019,6426.0
46115,"Spink, SD",2020,6342.0
46115,"Spink, SD",2021,6265.0
46115,"Spink, SD",2022,6232.0
46115,"Spink, SD",2023,6149.0
46115,"Spink, SD",2024,6108.0
46117,"Stanley, SD",2019,3013.0
46117,"Stanley, SD",2020,2970.0
46117,"Stanley, SD",2021,3034.0
46117,"Stanley, SD",2022,3014.0
46117,"Stanley, SD",2023,3040.0
46117,"Stanley, SD",2024,3015.0
46119,"Sully, SD",2019,1428.0
46119,"Sully, SD",2020,1452.0
46119,"Sully, SD",2021,1472.0
46119,"Sully, SD",2022,1478.0
46119,"Sully, SD",2023,1485.0
46119,"Sully, SD",2024,1468.0
46121,"Todd, SD",2019,9410.0
46121,"Todd, SD",2020,9321.0
46121,"Todd, SD",2021,9298.0
46121,"Todd, SD",2022,9256.0
46121,"Todd, SD",2023,9175.0
46121,"Todd, SD",2024,9172.0
46123,"Tripp, SD",2019,5670.0
46123,"Tripp, SD",2020,5607.0
46123,"Tripp, SD",2021,5577.0
46123,"Tripp, SD",2022,5548.0
46123,"Tripp, SD",2023,5607.0
46123,"Tripp, SD",2024,5717.0
46125,"Turner, SD",2019,8613.0
46125,"Turner, SD",2020,8686.0
46125,"Turner, SD",2021,8693.0
46125,"Turner, SD",2022,8890.0
46125,"Turner, SD",2023,9052.0
46125,"Turner, SD",2024,9087.0
46127,"Union, SD",2019,16651.0
46127,"Union, SD",2020,16857.0
46127,"Union, SD",2021,16875.0
46127,"Union, SD",2022,17083.0
46127,"Union, SD",2023,17186.0
46127,"Union, SD",2024,17402.0
46129,"Walworth, SD",2019,5419.0
46129,"Walworth, SD",2020,5294.0
46129,"Walworth, SD",2021,5261.0
46129,"Walworth, SD",2022,5266.0
46129,"Walworth, SD",2023,5264.0
46129,"Walworth, SD",2024,5270.0
46135,"Yankton, SD",2019,23362.0
46135,"Yankton, SD",2020,23286.0
46135,"Yankton, SD",2021,23358.0
46135,"Yankton, SD",2022,23407.0
46135,"Yankton, SD",2023,23509.0
46135,"Yankton, SD",2024,23509.0
46137,"Ziebach, SD",2019,2548.0
46137,"Ziebach, SD",2020,2393.0
46137,"Ziebach, SD",2021,2383.0
46137,"Ziebach, SD",2022,2369.0
46137,"Ziebach, SD",2023,2322.0
46137,"Ziebach, SD",2024,2418.0
47001,"Anderson, TN",2019,76652.0
47001,"Anderson, TN",2020,77327.0
47001,"Anderson, TN",2021,77632.0
47001,"Anderson, TN",2022,79016.0
47001,"Anderson, TN",2023,80343.0
47001,"Anderson, TN",2024,81449.0
47003,"Bedford, TN",2019,49774.0
47003,"Bedford, TN",2020,50396.0
47003,"Bedford, TN",2021,51201.0
47003,"Bedford, TN",2022,52088.0
47003,"Bedford, TN",2023,53274.0
47003,"Bedford, TN",2024,54228.0
47005,"Benton, TN",2019,15912.0
47005,"Benton, TN",2020,15853.0
47005,"Benton, TN",2021,15836.0
47005,"Benton, TN",2022,16001.0
47005,"Benton, TN",2023,16167.0
47005,"Benton, TN",2024,16173.0
47007,"Bledsoe, TN",2019,14828.0
47007,"Bledsoe, TN",2020,14955.0
47007,"Bledsoe, TN",2021,14839.0
47007,"Bledsoe, TN",2022,14769.0
47007,"Bledsoe, TN",2023,15008.0
47007,"Bledsoe, TN",2024,15591.0
47009,"Blount, TN",2019,134115.0
47009,"Blount, TN",2020,135656.0
47009,"Blount, TN",2021,137624.0
47009,"Blount, TN",2022,139789.0
47009,"Blount, TN",2023,141384.0
47009,"Blount, TN",2024,142211.0
47011,"Bradley, TN",2019,107940.0
47011,"Bradley, TN",2020,108831.0
47011,"Bradley, TN",2021,109766.0
47011,"Bradley, TN",2022,110814.0
47011,"Bradley, TN",2023,112132.0
47011,"Bradley, TN",2024,113782.0
47013,"Campbell, TN",2019,39242.0
47013,"Campbell, TN",2020,39306.0
47013,"Campbell, TN",2021,39457.0
47013,"Campbell, TN",2022,39578.0
47013,"Campbell, TN",2023,40225.0
47013,"Campbell, TN",2024,40238.0
47015,"Cannon, TN",2019,14311.0
47015,"Cannon, TN",2020,14561.0
47015,"Cannon, TN",2021,14537.0
47015,"Cannon, TN",2022,14797.0
47015,"Cannon, TN",2023,15051.0
47015,"Cannon, TN",2024,15142.0
47017,"Carroll, TN",2019,28295.0
47017,"Carroll, TN",2020,28428.0
47017,"Carroll, TN",2021,28291.0
47017,"Carroll, TN",2022,28431.0
47017,"Carroll, TN",2023,28950.0
47017,"Carroll, TN",2024,29107.0
47019,"Carter, TN",2019,56289.0
47019,"Carter, TN",2020,56386.0
47019,"Carter, TN",2021,56095.0
47019,"Carter, TN",2022,56531.0
47019,"Carter, TN",2023,57112.0
47019,"Carter, TN",2024,57434.0
47021,"Cheatham, TN",2019,40823.0
47021,"Cheatham, TN",2020,41090.0
47021,"Cheatham, TN",2021,41460.0
47021,"Cheatham, TN",2022,41742.0
47021,"Cheatham, TN",2023,42247.0
47021,"Cheatham, TN",2024,42604.0
47023,"Chester, TN",2019,17241.0
47023,"Chester, TN",2020,17385.0
47023,"Chester, TN",2021,17475.0
47023,"Chester, TN",2022,17599.0
47023,"Chester, TN",2023,17722.0
47023,"Chester, TN",2024,17876.0
47025,"Claiborne, TN",2019,31946.0
47025,"Claiborne, TN",2020,32066.0
47025,"Claiborne, TN",2021,32055.0
47025,"Claiborne, TN",2022,32400.0
47025,"Claiborne, TN",2023,32738.0
47025,"Claiborne, TN",2024,33070.0
47027,"Clay, TN",2019,7561.0
47027,"Clay, TN",2020,7594.0
47027,"Clay, TN",2021,7591.0
47027,"Clay, TN",2022,7635.0
47027,"Clay, TN",2023,7672.0
47027,"Clay, TN",2024,7857.0
47029,"Cocke, TN",2019,35818.0
47029,"Cocke, TN",2020,36043.0
47029,"Cocke, TN",2021,36367.0
47029,"Cocke, TN",2022,36786.0
47029,"Cocke, TN",2023,37272.0
47029,"Cocke, TN",2024,37596.0
47031,"Coffee, TN",2019,57118.0
47031,"Coffee, TN",2020,58145.0
47031,"Coffee, TN",2021,58986.0
47031,"Coffee, TN",2022,59663.0
47031,"Coffee, TN",2023,60472.0
47031,"Coffee, TN",2024,61285.0
47033,"Crockett, TN",2019,13924.0
47033,"Crockett, TN",2020,13905.0
47033,"Crockett, TN",2021,13988.0
47033,"Crockett, TN",2022,13862.0
47033,"Crockett, TN",2023,13991.0
47033,"Crockett, TN",2024,13973.0
47035,"Cumberland, TN",2019,60535.0
47035,"Cumberland, TN",2020,61372.0
47035,"Cumberland, TN",2021,62391.0
47035,"Cumberland, TN",2022,63537.0
47035,"Cumberland, TN",2023,64848.0
47035,"Cumberland, TN",2024,65618.0
47037,"Davidson, TN",2019,713004.0
47037,"Davidson, TN",2020,716095.0
47037,"Davidson, TN",2021,700966.0
47037,"Davidson, TN",2022,711280.0
47037,"Davidson, TN",2023,719092.0
47037,"Davidson, TN",2024,729505.0
47039,"Decatur, TN",2019,11453.0
47039,"Decatur, TN",2020,11433.0
47039,"Decatur, TN",2021,11408.0
47039,"Decatur, TN",2022,11546.0
47039,"Decatur, TN",2023,11709.0
47039,"Decatur, TN",2024,11800.0
47041,"DeKalb, TN",2019,19784.0
47041,"DeKalb, TN",2020,20191.0
47041,"DeKalb, TN",2021,20506.0
47041,"DeKalb, TN",2022,21013.0
47041,"DeKalb, TN",2023,21337.0
47041,"DeKalb, TN",2024,21747.0
47043,"Dickson, TN",2019,53873.0
47043,"Dickson, TN",2020,54453.0
47043,"Dickson, TN",2021,55194.0
47043,"Dickson, TN",2022,55793.0
47043,"Dickson, TN",2023,56835.0
47043,"Dickson, TN",2024,57641.0
47045,"Dyer, TN",2019,37077.0
47045,"Dyer, TN",2020,36709.0
47045,"Dyer, TN",2021,36605.0
47045,"Dyer, TN",2022,36392.0
47045,"Dyer, TN",2023,36432.0
47045,"Dyer, TN",2024,36403.0
47047,"Fayette, TN",2019,41476.0
47047,"Fayette, TN",2020,41865.0
47047,"Fayette, TN",2021,42615.0
47047,"Fayette, TN",2022,43296.0
47047,"Fayette, TN",2023,44082.0
47047,"Fayette, TN",2024,44476.0
47049,"Fentress, TN",2019,18326.0
47049,"Fentress, TN",2020,18534.0
47049,"Fentress, TN",2021,18839.0
47049,"Fentress, TN",2022,19336.0
47049,"Fentress, TN",2023,19708.0
47049,"Fentress, TN",2024,20129.0
47051,"Franklin, TN",2019,42541.0
47051,"Franklin, TN",2020,42812.0
47051,"Franklin, TN",2021,43161.0
47051,"Franklin, TN",2022,44156.0
47051,"Franklin, TN",2023,44682.0
47051,"Franklin, TN",2024,45137.0
47053,"Gibson, TN",2019,50280.0
47053,"Gibson, TN",2020,50447.0
47053,"Gibson, TN",2021,50471.0
47053,"Gibson, TN",2022,50855.0
47053,"Gibson, TN",2023,51152.0
47053,"Gibson, TN",2024,51422.0
47055,"Giles, TN",2019,30222.0
47055,"Giles, TN",2020,30344.0
47055,"Giles, TN",2021,30411.0
47055,"Giles, TN",2022,30560.0
47055,"Giles, TN",2023,30815.0
47055,"Giles, TN",2024,30971.0
47057,"Grainger, TN",2019,23389.0
47057,"Grainger, TN",2020,23569.0
47057,"Grainger, TN",2021,23801.0
47057,"Grainger, TN",2022,24191.0
47057,"Grainger, TN",2023,24697.0
47057,"Grainger, TN",2024,25073.0
47059,"Greene, TN",2019,69735.0
47059,"Greene, TN",2020,70348.0
47059,"Greene, TN",2021,70570.0
47059,"Greene, TN",2022,71279.0
47059,"Greene, TN",2023,72546.0
47059,"Greene, TN",2024,73398.0
47061,"Grundy, TN",2019,13442.0
47061,"Grundy, TN",2020,13548.0
47061,"Grundy, TN",2021,13595.0
47061,"Grundy, TN",2022,13813.0
47061,"Grundy, TN",2023,13992.0
47061,"Grundy, TN",2024,14148.0
47063,"Hamblen, TN",2019,64298.0
47063,"Hamblen, TN",2020,64542.0
47063,"Hamblen, TN",2021,64361.0
47063,"Hamblen, TN",2022,65263.0
47063,"Hamblen, TN",2023,66466.0
47063,"Hamblen, TN",2024,67715.0
47065,"Hamilton, TN",2019,363417.0
47065,"Hamilton, TN",2020,367891.0
47065,"Hamilton, TN",2021,369678.0
47065,"Hamilton, TN",2022,375861.0
47065,"Hamilton, TN",2023,381272.0
47065,"Hamilton, TN",2024,386256.0
47067,"Hancock, TN",2019,6731.0
47067,"Hancock, TN",2020,6626.0
47067,"Hancock, TN",2021,6794.0
47067,"Hancock, TN",2022,6838.0
47067,"Hancock, TN",2023,6963.0
47067,"Hancock, TN",2024,7038.0
47069,"Hardeman, TN",2019,25549.0
47069,"Hardeman, TN",2020,25438.0
47069,"Hardeman, TN",2021,25266.0
47069,"Hardeman, TN",2022,25493.0
47069,"Hardeman, TN",2023,25523.0
47069,"Hardeman, TN",2024,25434.0
47071,"Hardin, TN",2019,26756.0
47071,"Hardin, TN",2020,26958.0
47071,"Hardin, TN",2021,26980.0
47071,"Hardin, TN",2022,27240.0
47071,"Hardin, TN",2023,27449.0
47071,"Hardin, TN",2024,27617.0
47073,"Hawkins, TN",2019,56780.0
47073,"Hawkins, TN",2020,56721.0
47073,"Hawkins, TN",2021,57206.0
47073,"Hawkins, TN",2022,57915.0
47073,"Hawkins, TN",2023,58608.0
47073,"Hawkins, TN",2024,59371.0
47075,"Haywood, TN",2019,17985.0
47075,"Haywood, TN",2020,17825.0
47075,"Haywood, TN",2021,17673.0
47075,"Haywood, TN",2022,17470.0
47075,"Haywood, TN",2023,17312.0
47075,"Haywood, TN",2024,17097.0
47077,"Henderson, TN",2019,27826.0
47077,"Henderson, TN",2020,27831.0
47077,"Henderson, TN",2021,27916.0
47077,"Henderson, TN",2022,27907.0
47077,"Henderson, TN",2023,28065.0
47077,"Henderson, TN",2024,28183.0
47079,"Henry, TN",2019,32360.0
47079,"Henry, TN",2020,32146.0
47079,"Henry, TN",2021,32248.0
47079,"Henry, TN",2022,32328.0
47079,"Henry, TN",2023,32454.0
47079,"Henry, TN",2024,32883.0
47081,"Hickman, TN",2019,24756.0
47081,"Hickman, TN",2020,24970.0
47081,"Hickman, TN",2021,25082.0
47081,"Hickman, TN",2022,25479.0
47081,"Hickman, TN",2023,25788.0
47081,"Hickman, TN",2024,25859.0
47083,"Houston, TN",2019,8214.0
47083,"Houston, TN",2020,8305.0
47083,"Houston, TN",2021,8292.0
47083,"Houston, TN",2022,8230.0
47083,"Houston, TN",2023,8398.0
47083,"Houston, TN",2024,8538.0
47085,"Humphreys, TN",2019,18957.0
47085,"Humphreys, TN",2020,18996.0
47085,"Humphreys, TN",2021,19179.0
47085,"Humphreys, TN",2022,19046.0
47085,"Humphreys, TN",2023,19293.0
47085,"Humphreys, TN",2024,19554.0
47087,"Jackson, TN",2019,11611.0
47087,"Jackson, TN",2020,11631.0
47087,"Jackson, TN",2021,11771.0
47087,"Jackson, TN",2022,12022.0
47087,"Jackson, TN",2023,12344.0
47087,"Jackson, TN",2024,12376.0
47089,"Jefferson, TN",2019,54144.0
47089,"Jefferson, TN",2020,54917.0
47089,"Jefferson, TN",2021,55550.0
47089,"Jefferson, TN",2022,56739.0
47089,"Jefferson, TN",2023,57897.0
47089,"Jefferson, TN",2024,59217.0
47091,"Johnson, TN",2019,17883.0
47091,"Johnson, TN",2020,17994.0
47091,"Johnson, TN",2021,18061.0
47091,"Johnson, TN",2022,18044.0
47091,"Johnson, TN",2023,18376.0
47091,"Johnson, TN",2024,18506.0
47093,"Knox, TN",2019,474327.0
47093,"Knox, TN",2020,480530.0
47093,"Knox, TN",2021,486005.0
47093,"Knox, TN",2022,495882.0
47093,"Knox, TN",2023,501576.0
47093,"Knox, TN",2024,506748.0
47095,"Lake, TN",2019,7031.0
47095,"Lake, TN",2020,6985.0
47095,"Lake, TN",2021,6588.0
47095,"Lake, TN",2022,6493.0
47095,"Lake, TN",2023,6407.0
47095,"Lake, TN",2024,6422.0
47097,"Lauderdale, TN",2019,25268.0
47097,"Lauderdale, TN",2020,25125.0
47097,"Lauderdale, TN",2021,24888.0
47097,"Lauderdale, TN",2022,24725.0
47097,"Lauderdale, TN",2023,24554.0
47097,"Lauderdale, TN",2024,24630.0
47099,"Lawrence, TN",2019,43948.0
47099,"Lawrence, TN",2020,44179.0
47099,"Lawrence, TN",2021,44768.0
47099,"Lawrence, TN",2022,45476.0
47099,"Lawrence, TN",2023,46033.0
47099,"Lawrence, TN",2024,46467.0
47101,"Lewis, TN",2019,12476.0
47101,"Lewis, TN",2020,12607.0
47101,"Lewis, TN",2021,12856.0
47101,"Lewis, TN",2022,12934.0
47101,"Lewis, TN",2023,13146.0
47101,"Lewis, TN",2024,13418.0
47103,"Lincoln, TN",2019,35164.0
47103,"Lincoln, TN",2020,35338.0
47103,"Lincoln, TN",2021,35444.0
47103,"Lincoln, TN",2022,36006.0
47103,"Lincoln, TN",2023,36193.0
47103,"Lincoln, TN",2024,36751.0
47105,"Loudon, TN",2019,54194.0
47105,"Loudon, TN",2020,55136.0
47105,"Loudon, TN",2021,56800.0
47105,"Loudon, TN",2022,58255.0
47105,"Loudon, TN",2023,60581.0
47105,"Loudon, TN",2024,62129.0
47107,"McMinn, TN",2019,53011.0
47107,"McMinn, TN",2020,53344.0
47107,"McMinn, TN",2021,53922.0
47107,"McMinn, TN",2022,54680.0
47107,"McMinn, TN",2023,55720.0
47107,"McMinn, TN",2024,56754.0
47109,"McNairy, TN",2019,25816.0
47109,"McNairy, TN",2020,25858.0
47109,"McNairy, TN",2021,25853.0
47109,"McNairy, TN",2022,25971.0
47109,"McNairy, TN",2023,26065.0
47109,"McNairy, TN",2024,26103.0
47111,"Macon, TN",2019,25007.0
47111,"Macon, TN",2020,25269.0
47111,"Macon, TN",2021,25678.0
47111,"Macon, TN",2022,26225.0
47111,"Macon, TN",2023,26837.0
47111,"Macon, TN",2024,27189.0
47113,"Madison, TN",2019,98502.0
47113,"Madison, TN",2020,98834.0
47113,"Madison, TN",2021,98580.0
47113,"Madison, TN",2022,99264.0
47113,"Madison, TN",2023,99390.0
47113,"Madison, TN",2024,100409.0
47115,"Marion, TN",2019,28803.0
47115,"Marion, TN",2020,28905.0
47115,"Marion, TN",2021,28960.0
47115,"Marion, TN",2022,29101.0
47115,"Marion, TN",2023,29458.0
47115,"Marion, TN",2024,29826.0
47117,"Marshall, TN",2019,33975.0
47117,"Marshall, TN",2020,34472.0
47117,"Marshall, TN",2021,35057.0
47117,"Marshall, TN",2022,35862.0
47117,"Marshall, TN",2023,37008.0
47117,"Marshall, TN",2024,37847.0
47119,"Maury, TN",2019,98694.0
47119,"Maury, TN",2020,101836.0
47119,"Maury, TN",2021,104965.0
47119,"Maury, TN",2022,108007.0
47119,"Maury, TN",2023,110734.0
47119,"Maury, TN",2024,113411.0
47121,"Meigs, TN",2019,12603.0
47121,"Meigs, TN",2020,12809.0
47121,"Meigs, TN",2021,13022.0
47121,"Meigs, TN",2022,13265.0
47121,"Meigs, TN",2023,13682.0
47121,"Meigs, TN",2024,13937.0
47123,"Monroe, TN",2019,45927.0
47123,"Monroe, TN",2020,46399.0
47123,"Monroe, TN",2021,46651.0
47123,"Monroe, TN",2022,47694.0
47123,"Monroe, TN",2023,48578.0
47123,"Monroe, TN",2024,49154.0
47125,"Montgomery, TN",2019,216148.0
47125,"Montgomery, TN",2020,221309.0
47125,"Montgomery, TN",2021,227780.0
47125,"Montgomery, TN",2022,235252.0
47125,"Montgomery, TN",2023,240398.0
47125,"Montgomery, TN",2024,246025.0
47127,"Moore, TN",2019,6462.0
47127,"Moore, TN",2020,6466.0
47127,"Moore, TN",2021,6644.0
47127,"Moore, TN",2022,6715.0
47127,"Moore, TN",2023,6774.0
47127,"Moore, TN",2024,6773.0
47129,"Morgan, TN",2019,21031.0
47129,"Morgan, TN",2020,21050.0
47129,"Morgan, TN",2021,21120.0
47129,"Morgan, TN",2022,21176.0
47129,"Morgan, TN",2023,21503.0
47129,"Morgan, TN",2024,21954.0
47131,"Obion, TN",2019,30815.0
47131,"Obion, TN",2020,30775.0
47131,"Obion, TN",2021,30461.0
47131,"Obion, TN",2022,30365.0
47131,"Obion, TN",2023,30403.0
47131,"Obion, TN",2024,30261.0
47133,"Overton, TN",2019,22298.0
47133,"Overton, TN",2020,22587.0
47133,"Overton, TN",2021,22836.0
47133,"Overton, TN",2022,22992.0
47133,"Overton, TN",2023,23358.0
47133,"Overton, TN",2024,23551.0
47135,"Perry, TN",2019,8318.0
47135,"Perry, TN",2020,8386.0
47135,"Perry, TN",2021,8499.0
47135,"Perry, TN",2022,8702.0
47135,"Perry, TN",2023,8911.0
47135,"Perry, TN",2024,8987.0
47137,"Pickett, TN",2019,5005.0
47137,"Pickett, TN",2020,4999.0
47137,"Pickett, TN",2021,5071.0
47137,"Pickett, TN",2022,5102.0
47137,"Pickett, TN",2023,5114.0
47137,"Pickett, TN",2024,5108.0
47139,"Polk, TN",2019,17441.0
47139,"Polk, TN",2020,17567.0
47139,"Polk, TN",2021,17722.0
47139,"Polk, TN",2022,17799.0
47139,"Polk, TN",2023,18066.0
47139,"Polk, TN",2024,18338.0
47141,"Putnam, TN",2019,79177.0
47141,"Putnam, TN",2020,80078.0
47141,"Putnam, TN",2021,81262.0
47141,"Putnam, TN",2022,82603.0
47141,"Putnam, TN",2023,83952.0
47141,"Putnam, TN",2024,84894.0
47143,"Rhea, TN",2019,32735.0
47143,"Rhea, TN",2020,33287.0
47143,"Rhea, TN",2021,33539.0
47143,"Rhea, TN",2022,34056.0
47143,"Rhea, TN",2023,34319.0
47143,"Rhea, TN",2024,34759.0
47145,"Roane, TN",2019,53148.0
47145,"Roane, TN",2020,53664.0
47145,"Roane, TN",2021,54156.0
47145,"Roane, TN",2022,55256.0
47145,"Roane, TN",2023,56223.0
47145,"Roane, TN",2024,56742.0
47147,"Robertson, TN",2019,72319.0
47147,"Robertson, TN",2020,72962.0
47147,"Robertson, TN",2021,74054.0
47147,"Robertson, TN",2022,75402.0
47147,"Robertson, TN",2023,76820.0
47147,"Robertson, TN",2024,78459.0
47149,"Rutherford, TN",2019,335732.0
47149,"Rutherford, TN",2020,343302.0
47149,"Rutherford, TN",2021,351241.0
47149,"Rutherford, TN",2022,362044.0
47149,"Rutherford, TN",2023,369649.0
47149,"Rutherford, TN",2024,376996.0
47151,"Scott, TN",2019,21880.0
47151,"Scott, TN",2020,21876.0
47151,"Scott, TN",2021,21895.0
47151,"Scott, TN",2022,22033.0
47151,"Scott, TN",2023,22245.0
47151,"Scott, TN",2024,22517.0
47153,"Sequatchie, TN",2022,16943.0
47153,"Sequatchie, TN",2023,17189.0
47153,"Sequatchie, TN",2024,17620.0
47153,"Sequatchie, TN",2019,15702.0
47153,"Sequatchie, TN",2020,15847.0
47153,"Sequatchie, TN",2021,16448.0
47155,"Sevier, TN",2019,97755.0
47155,"Sevier, TN",2020,98865.0
47155,"Sevier, TN",2021,99667.0
47155,"Sevier, TN",2022,99318.0
47155,"Sevier, TN",2023,100224.0
47155,"Sevier, TN",2024,100184.0
47157,"Shelby, TN",2019,930511.0
47157,"Shelby, TN",2020,929788.0
47157,"Shelby, TN",2021,923255.0
47157,"Shelby, TN",2022,918382.0
47157,"Shelby, TN",2023,913909.0
47157,"Shelby, TN",2024,910530.0
47159,"Smith, TN",2019,19798.0
47159,"Smith, TN",2020,19966.0
47159,"Smith, TN",2021,20166.0
47159,"Smith, TN",2022,20485.0
47159,"Smith, TN",2023,20545.0
47159,"Smith, TN",2024,20783.0
47161,"Stewart, TN",2019,13557.0
47161,"Stewart, TN",2020,13709.0
47161,"Stewart, TN",2021,13813.0
47161,"Stewart, TN",2022,14001.0
47161,"Stewart, TN",2023,14246.0
47161,"Stewart, TN",2024,14365.0
47163,"Sullivan, TN",2019,157957.0
47163,"Sullivan, TN",2020,158244.0
47163,"Sullivan, TN",2021,159228.0
47163,"Sullivan, TN",2022,160891.0
47163,"Sullivan, TN",2023,162054.0
47163,"Sullivan, TN",2024,162703.0
47165,"Sumner, TN",2019,193078.0
47165,"Sumner, TN",2020,197420.0
47165,"Sumner, TN",2021,200536.0
47165,"Sumner, TN",2022,204018.0
47165,"Sumner, TN",2023,208423.0
47165,"Sumner, TN",2024,211721.0
47167,"Tipton, TN",2019,60903.0
47167,"Tipton, TN",2020,61047.0
47167,"Tipton, TN",2021,61071.0
47167,"Tipton, TN",2022,61577.0
47167,"Tipton, TN",2023,61885.0
47167,"Tipton, TN",2024,62187.0
47169,"Trousdale, TN",2019,11474.0
47169,"Trousdale, TN",2020,11634.0
47169,"Trousdale, TN",2021,11607.0
47169,"Trousdale, TN",2022,12085.0
47169,"Trousdale, TN",2023,12301.0
47169,"Trousdale, TN",2024,12159.0
47171,"Unicoi, TN",2019,18035.0
47171,"Unicoi, TN",2020,17873.0
47171,"Unicoi, TN",2021,17617.0
47171,"Unicoi, TN",2022,17606.0
47171,"Unicoi, TN",2023,17812.0
47171,"Unicoi, TN",2024,17872.0
47173,"Union, TN",2019,19654.0
47173,"Union, TN",2020,19845.0
47173,"Union, TN",2021,20018.0
47173,"Union, TN",2022,20483.0
47173,"Union, TN",2023,20747.0
47173,"Union, TN",2024,21064.0
47175,"Van Buren, TN",2019,6104.0
47175,"Van Buren, TN",2020,6175.0
47175,"Van Buren, TN",2021,6295.0
47175,"Van Buren, TN",2022,6455.0
47175,"Van Buren, TN",2023,6576.0
47175,"Van Buren, TN",2024,6686.0
47177,"Warren, TN",2019,40755.0
47177,"Warren, TN",2020,41059.0
47177,"Warren, TN",2021,41482.0
47177,"Warren, TN",2022,42014.0
47177,"Warren, TN",2023,42655.0
47177,"Warren, TN",2024,43619.0
47179,"Washington, TN",2019,132246.0
47179,"Washington, TN",2020,133225.0
47179,"Washington, TN",2021,133473.0
47179,"Washington, TN",2022,136339.0
47179,"Washington, TN",2023,138628.0
47179,"Washington, TN",2024,139642.0
47181,"Wayne, TN",2019,16361.0
47181,"Wayne, TN",2020,16225.0
47181,"Wayne, TN",2021,16334.0
47181,"Wayne, TN",2022,16259.0
47181,"Wayne, TN",2023,16047.0
47181,"Wayne, TN",2024,15974.0
47183,"Weakley, TN",2019,32896.0
47183,"Weakley, TN",2020,32897.0
47183,"Weakley, TN",2021,32880.0
47183,"Weakley, TN",2022,33032.0
47183,"Weakley, TN",2023,33110.0
47183,"Weakley, TN",2024,33162.0
47185,"White, TN",2019,27141.0
47185,"White, TN",2020,27446.0
47185,"White, TN",2021,27544.0
47185,"White, TN",2022,28004.0
47185,"White, TN",2023,28697.0
47185,"White, TN",2024,29108.0
47187,"Williamson, TN",2019,242269.0
47187,"Williamson, TN",2020,249616.0
47187,"Williamson, TN",2021,256155.0
47187,"Williamson, TN",2022,261536.0
47187,"Williamson, TN",2023,265312.0
47187,"Williamson, TN",2024,269136.0
47189,"Wilson, TN",2019,144971.0
47189,"Wilson, TN",2020,148651.0
47189,"Wilson, TN",2021,152044.0
47189,"Wilson, TN",2022,159029.0
47189,"Wilson, TN",2023,164352.0
47189,"Wilson, TN",2024,169948.0
48001,"Anderson, TX",2019,57871.0
48001,"Anderson, TX",2020,57937.0
48001,"Anderson, TX",2021,58317.0
48001,"Anderson, TX",2022,57296.0
48001,"Anderson, TX",2023,59134.0
48001,"Anderson, TX",2024,59512.0
48003,"Andrews, TX",2019,18551.0
48003,"Andrews, TX",2020,18616.0
48003,"Andrews, TX",2021,18417.0
48003,"Andrews, TX",2022,18372.0
48003,"Andrews, TX",2023,18722.0
48003,"Andrews, TX",2024,18923.0
48005,"Angelina, TX",2019,86319.0
48005,"Angelina, TX",2020,86502.0
48005,"Angelina, TX",2021,86852.0
48005,"Angelina, TX",2022,87229.0
48005,"Angelina, TX",2023,87698.0
48005,"Angelina, TX",2024,88094.0
48007,"Aransas, TX",2019,23433.0
48007,"Aransas, TX",2020,23939.0
48007,"Aransas, TX",2021,24522.0
48007,"Aransas, TX",2022,24973.0
48007,"Aransas, TX",2023,25351.0
48007,"Aransas, TX",2024,25595.0
48009,"Archer, TX",2019,8533.0
48009,"Archer, TX",2020,8555.0
48009,"Archer, TX",2021,8703.0
48009,"Archer, TX",2022,8858.0
48009,"Archer, TX",2023,9066.0
48009,"Archer, TX",2024,9155.0
48011,"Armstrong, TX",2019,1831.0
48011,"Armstrong, TX",2020,1851.0
48011,"Armstrong, TX",2021,1839.0
48011,"Armstrong, TX",2022,1857.0
48011,"Armstrong, TX",2023,1830.0
48011,"Armstrong, TX",2024,1809.0
48013,"Atascosa, TX",2019,48676.0
48013,"Atascosa, TX",2020,49290.0
48013,"Atascosa, TX",2021,49991.0
48013,"Atascosa, TX",2022,50935.0
48013,"Atascosa, TX",2023,52039.0
48013,"Atascosa, TX",2024,52783.0
48015,"Austin, TX",2019,30204.0
48015,"Austin, TX",2020,30135.0
48015,"Austin, TX",2021,30441.0
48015,"Austin, TX",2022,31067.0
48015,"Austin, TX",2023,31661.0
48015,"Austin, TX",2024,32546.0
48017,"Bailey, TX",2019,6997.0
48017,"Bailey, TX",2020,6867.0
48017,"Bailey, TX",2021,6805.0
48017,"Bailey, TX",2022,6853.0
48017,"Bailey, TX",2023,6853.0
48017,"Bailey, TX",2024,7031.0
48019,"Bandera, TX",2019,20514.0
48019,"Bandera, TX",2020,20994.0
48019,"Bandera, TX",2021,21525.0
48019,"Bandera, TX",2022,22127.0
48019,"Bandera, TX",2023,22629.0
48019,"Bandera, TX",2024,22830.0
48021,"Bastrop, TX",2019,94499.0
48021,"Bastrop, TX",2020,98072.0
48021,"Bastrop, TX",2021,102294.0
48021,"Bastrop, TX",2022,106484.0
48021,"Bastrop, TX",2023,111131.0
48021,"Bastrop, TX",2024,114931.0
48023,"Baylor, TX",2019,3463.0
48023,"Baylor, TX",2020,3462.0
48023,"Baylor, TX",2021,3456.0
48023,"Baylor, TX",2022,3476.0
48023,"Baylor, TX",2023,3499.0
48023,"Baylor, TX",2024,3533.0
48025,"Bee, TX",2019,31204.0
48025,"Bee, TX",2020,31042.0
48025,"Bee, TX",2021,30842.0
48025,"Bee, TX",2022,30995.0
48025,"Bee, TX",2023,31308.0
48025,"Bee, TX",2024,31226.0
48027,"Bell, TX",2019,365606.0
48027,"Bell, TX",2020,372404.0
48027,"Bell, TX",2021,380611.0
48027,"Bell, TX",2022,387828.0
48027,"Bell, TX",2023,394065.0
48027,"Bell, TX",2024,399578.0
48029,"Bexar, TX",2019,1990567.0
48029,"Bexar, TX",2020,2015620.0
48029,"Bexar, TX",2021,2031319.0
48029,"Bexar, TX",2022,2063840.0
48029,"Bexar, TX",2023,2098189.0
48029,"Bexar, TX",2024,2127737.0
48031,"Blanco, TX",2019,11191.0
48031,"Blanco, TX",2020,11452.0
48031,"Blanco, TX",2021,11887.0
48031,"Blanco, TX",2022,12439.0
48031,"Blanco, TX",2023,13093.0
48031,"Blanco, TX",2024,13358.0
48033,"Borden, TX",2019,590.0
48033,"Borden, TX",2020,642.0
48033,"Borden, TX",2021,618.0
48033,"Borden, TX",2022,581.0
48033,"Borden, TX",2023,570.0
48033,"Borden, TX",2024,557.0
48035,"Bosque, TX",2019,18219.0
48035,"Bosque, TX",2020,18249.0
48035,"Bosque, TX",2021,18492.0
48035,"Bosque, TX",2022,18701.0
48035,"Bosque, TX",2023,18982.0
48035,"Bosque, TX",2024,19013.0
48037,"Bowie, TX",2019,92877.0
48037,"Bowie, TX",2020,92913.0
48037,"Bowie, TX",2021,92290.0
48037,"Bowie, TX",2022,91689.0
48037,"Bowie, TX",2023,91692.0
48037,"Bowie, TX",2024,91992.0
48039,"Brazoria, TX",2019,367958.0
48039,"Brazoria, TX",2020,373509.0
48039,"Brazoria, TX",2021,379174.0
48039,"Brazoria, TX",2022,388946.0
48039,"Brazoria, TX",2023,401422.0
48039,"Brazoria, TX",2024,413224.0
48041,"Brazos, TX",2019,231184.0
48041,"Brazos, TX",2020,234515.0
48041,"Brazos, TX",2021,237637.0
48041,"Brazos, TX",2022,242515.0
48041,"Brazos, TX",2023,247263.0
48041,"Brazos, TX",2024,249624.0
48043,"Brewster, TX",2019,9417.0
48043,"Brewster, TX",2020,9564.0
48043,"Brewster, TX",2021,9481.0
48043,"Brewster, TX",2022,9381.0
48043,"Brewster, TX",2023,9579.0
48043,"Brewster, TX",2024,9508.0
48045,"Briscoe, TX",2019,1475.0
48045,"Briscoe, TX",2020,1422.0
48045,"Briscoe, TX",2021,1403.0
48045,"Briscoe, TX",2022,1441.0
48045,"Briscoe, TX",2023,1451.0
48045,"Briscoe, TX",2024,1494.0
48047,"Brooks, TX",2019,7150.0
48047,"Brooks, TX",2020,7096.0
48047,"Brooks, TX",2021,7023.0
48047,"Brooks, TX",2022,6960.0
48047,"Brooks, TX",2023,6895.0
48047,"Brooks, TX",2024,6740.0
48049,"Brown, TX",2019,38132.0
48049,"Brown, TX",2020,38059.0
48049,"Brown, TX",2021,38155.0
48049,"Brown, TX",2022,38411.0
48049,"Brown, TX",2023,38477.0
48049,"Brown, TX",2024,38631.0
48051,"Burleson, TX",2019,17614.0
48051,"Burleson, TX",2020,17682.0
48051,"Burleson, TX",2021,18109.0
48051,"Burleson, TX",2022,18739.0
48051,"Burleson, TX",2023,19575.0
48051,"Burleson, TX",2024,20179.0
48053,"Burnet, TX",2019,48055.0
48053,"Burnet, TX",2020,49479.0
48053,"Burnet, TX",2021,51145.0
48053,"Burnet, TX",2022,52578.0
48053,"Burnet, TX",2023,54336.0
48053,"Burnet, TX",2024,55722.0
48055,"Caldwell, TX",2019,45385.0
48055,"Caldwell, TX",2020,45948.0
48055,"Caldwell, TX",2021,46939.0
48055,"Caldwell, TX",2022,47920.0
48055,"Caldwell, TX",2023,50107.0
48055,"Caldwell, TX",2024,52430.0
48057,"Calhoun, TX",2019,20317.0
48057,"Calhoun, TX",2020,20064.0
48057,"Calhoun, TX",2021,19801.0
48057,"Calhoun, TX",2022,19735.0
48057,"Calhoun, TX",2023,19798.0
48057,"Calhoun, TX",2024,19942.0
48059,"Callahan, TX",2019,13587.0
48059,"Callahan, TX",2020,13753.0
48059,"Callahan, TX",2021,14106.0
48059,"Callahan, TX",2022,14275.0
48059,"Callahan, TX",2023,14455.0
48059,"Callahan, TX",2024,14615.0
48061,"Cameron, TX",2019,419726.0
48061,"Cameron, TX",2020,421592.0
48061,"Cameron, TX",2021,422805.0
48061,"Cameron, TX",2022,425819.0
48061,"Cameron, TX",2023,428508.0
48061,"Cameron, TX",2024,431874.0
48063,"Camp, TX",2019,12509.0
48063,"Camp, TX",2020,12430.0
48063,"Camp, TX",2021,12607.0
48063,"Camp, TX",2022,12750.0
48063,"Camp, TX",2023,13041.0
48063,"Camp, TX",2024,13164.0
48065,"Carson, TX",2019,5806.0
48065,"Carson, TX",2020,5794.0
48065,"Carson, TX",2021,5716.0
48065,"Carson, TX",2022,5809.0
48065,"Carson, TX",2023,5865.0
48065,"Carson, TX",2024,5822.0
48067,"Cass, TX",2019,28607.0
48067,"Cass, TX",2020,28443.0
48067,"Cass, TX",2021,28579.0
48067,"Cass, TX",2022,28530.0
48067,"Cass, TX",2023,28668.0
48067,"Cass, TX",2024,28622.0
48069,"Castro, TX",2019,7425.0
48069,"Castro, TX",2020,7333.0
48069,"Castro, TX",2021,7369.0
48069,"Castro, TX",2022,7307.0
48069,"Castro, TX",2023,7330.0
48069,"Castro, TX",2024,7380.0
48071,"Chambers, TX",2019,45021.0
48071,"Chambers, TX",2020,47003.0
48071,"Chambers, TX",2021,48714.0
48071,"Chambers, TX",2022,51403.0
48071,"Chambers, TX",2023,54193.0
48071,"Chambers, TX",2024,56179.0
48073,"Cherokee, TX",2019,50311.0
48073,"Cherokee, TX",2020,50612.0
48073,"Cherokee, TX",2021,51278.0
48073,"Cherokee, TX",2022,51666.0
48073,"Cherokee, TX",2023,52651.0
48073,"Cherokee, TX",2024,53223.0
48075,"Childress, TX",2019,6751.0
48075,"Childress, TX",2020,6658.0
48075,"Childress, TX",2021,6786.0
48075,"Childress, TX",2022,6834.0
48075,"Childress, TX",2023,6757.0
48075,"Childress, TX",2024,6679.0
48077,"Clay, TX",2019,10160.0
48077,"Clay, TX",2020,10255.0
48077,"Clay, TX",2021,10310.0
48077,"Clay, TX",2022,10484.0
48077,"Clay, TX",2023,10694.0
48077,"Clay, TX",2024,10730.0
48079,"Cochran, TX",2019,2516.0
48079,"Cochran, TX",2020,2564.0
48079,"Cochran, TX",2021,2483.0
48079,"Cochran, TX",2022,2551.0
48079,"Cochran, TX",2023,2571.0
48079,"Cochran, TX",2024,2583.0
48081,"Coke, TX",2019,3265.0
48081,"Coke, TX",2020,3320.0
48081,"Coke, TX",2021,3324.0
48081,"Coke, TX",2022,3347.0
48081,"Coke, TX",2023,3378.0
48081,"Coke, TX",2024,3396.0
48083,"Coleman, TX",2019,7726.0
48083,"Coleman, TX",2020,7683.0
48083,"Coleman, TX",2021,7718.0
48083,"Coleman, TX",2022,7863.0
48083,"Coleman, TX",2023,7909.0
48083,"Coleman, TX",2024,7990.0
48085,"Collin, TX",2019,1035942.0
48085,"Collin, TX",2020,1075651.0
48085,"Collin, TX",2021,1114687.0
48085,"Collin, TX",2022,1163724.0
48085,"Collin, TX",2023,1207964.0
48085,"Collin, TX",2024,1254658.0
48087,"Collingsworth, TX",2019,2697.0
48087,"Collingsworth, TX",2020,2643.0
48087,"Collingsworth, TX",2021,2609.0
48087,"Collingsworth, TX",2022,2584.0
48087,"Collingsworth, TX",2023,2561.0
48087,"Collingsworth, TX",2024,2611.0
48089,"Colorado, TX",2019,20496.0
48089,"Colorado, TX",2020,20646.0
48089,"Colorado, TX",2021,20732.0
48089,"Colorado, TX",2022,20926.0
48089,"Colorado, TX",2023,21250.0
48089,"Colorado, TX",2024,21475.0
48091,"Comal, TX",2019,155219.0
48091,"Comal, TX",2020,163637.0
48091,"Comal, TX",2021,174971.0
48091,"Comal, TX",2022,184799.0
48091,"Comal, TX",2023,194097.0
48091,"Comal, TX",2024,201628.0
48093,"Comanche, TX",2019,13487.0
48093,"Comanche, TX",2020,13629.0
48093,"Comanche, TX",2021,13800.0
48093,"Comanche, TX",2022,13903.0
48093,"Comanche, TX",2023,14058.0
48093,"Comanche, TX",2024,14359.0
48095,"Concho, TX",2019,3199.0
48095,"Concho, TX",2020,3316.0
48095,"Concho, TX",2021,3349.0
48095,"Concho, TX",2022,3371.0
48095,"Concho, TX",2023,3280.0
48095,"Concho, TX",2024,3326.0
48097,"Cooke, TX",2019,41396.0
48097,"Cooke, TX",2020,41749.0
48097,"Cooke, TX",2021,42399.0
48097,"Cooke, TX",2022,43047.0
48097,"Cooke, TX",2023,43779.0
48097,"Cooke, TX",2024,44258.0
48099,"Coryell, TX",2019,82428.0
48099,"Coryell, TX",2020,83126.0
48099,"Coryell, TX",2021,84400.0
48099,"Coryell, TX",2022,84224.0
48099,"Coryell, TX",2023,85620.0
48099,"Coryell, TX",2024,86370.0
48101,"Cottle, TX",2019,1391.0
48101,"Cottle, TX",2020,1364.0
48101,"Cottle, TX",2021,1353.0
48101,"Cottle, TX",2022,1317.0
48101,"Cottle, TX",2023,1292.0
48101,"Cottle, TX",2024,1263.0
48103,"Crane, TX",2019,4657.0
48103,"Crane, TX",2020,4675.0
48103,"Crane, TX",2021,4636.0
48103,"Crane, TX",2022,4557.0
48103,"Crane, TX",2023,4587.0
48103,"Crane, TX",2024,4594.0
48105,"Crockett, TX",2019,3086.0
48105,"Crockett, TX",2020,3094.0
48105,"Crockett, TX",2021,3015.0
48105,"Crockett, TX",2022,2952.0
48105,"Crockett, TX",2023,2842.0
48105,"Crockett, TX",2024,2799.0
48107,"Crosby, TX",2019,5254.0
48107,"Crosby, TX",2020,5095.0
48107,"Crosby, TX",2021,5082.0
48107,"Crosby, TX",2022,5010.0
48107,"Crosby, TX",2023,4990.0
48107,"Crosby, TX",2024,5030.0
48109,"Culberson, TX",2019,2180.0
48109,"Culberson, TX",2020,2186.0
48109,"Culberson, TX",2021,2183.0
48109,"Culberson, TX",2022,2159.0
48109,"Culberson, TX",2023,2195.0
48109,"Culberson, TX",2024,2254.0
48111,"Dallam, TX",2019,7103.0
48111,"Dallam, TX",2020,7138.0
48111,"Dallam, TX",2021,7185.0
48111,"Dallam, TX",2022,7271.0
48111,"Dallam, TX",2023,7372.0
48111,"Dallam, TX",2024,7526.0
48113,"Dallas, TX",2019,2613243.0
48113,"Dallas, TX",2020,2610741.0
48113,"Dallas, TX",2021,2589162.0
48113,"Dallas, TX",2022,2613712.0
48113,"Dallas, TX",2023,2636254.0
48113,"Dallas, TX",2024,2656028.0
48115,"Dawson, TX",2019,12489.0
48115,"Dawson, TX",2020,12472.0
48115,"Dawson, TX",2021,12367.0
48115,"Dawson, TX",2022,12171.0
48115,"Dawson, TX",2023,11903.0
48115,"Dawson, TX",2024,11758.0
48117,"Deaf Smith, TX",2019,18756.0
48117,"Deaf Smith, TX",2020,18527.0
48117,"Deaf Smith, TX",2021,18383.0
48117,"Deaf Smith, TX",2022,18433.0
48117,"Deaf Smith, TX",2023,18460.0
48117,"Deaf Smith, TX",2024,18495.0
48119,"Delta, TX",2019,5211.0
48119,"Delta, TX",2020,5223.0
48119,"Delta, TX",2021,5339.0
48119,"Delta, TX",2022,5417.0
48119,"Delta, TX",2023,5563.0
48119,"Delta, TX",2024,5647.0
48121,"Denton, TX",2019,883456.0
48121,"Denton, TX",2020,914510.0
48121,"Denton, TX",2021,944086.0
48121,"Denton, TX",2022,980355.0
48121,"Denton, TX",2023,1013736.0
48121,"Denton, TX",2024,1045120.0
48123,"DeWitt, TX",2019,19786.0
48123,"DeWitt, TX",2020,19844.0
48123,"DeWitt, TX",2021,19965.0
48123,"DeWitt, TX",2022,19783.0
48123,"DeWitt, TX",2023,20238.0
48123,"DeWitt, TX",2024,20252.0
48125,"Dickens, TX",2019,1828.0
48125,"Dickens, TX",2020,1760.0
48125,"Dickens, TX",2021,1736.0
48125,"Dickens, TX",2022,1734.0
48125,"Dickens, TX",2023,1711.0
48125,"Dickens, TX",2024,1725.0
48127,"Dimmit, TX",2019,8838.0
48127,"Dimmit, TX",2020,8582.0
48127,"Dimmit, TX",2021,8481.0
48127,"Dimmit, TX",2022,8377.0
48127,"Dimmit, TX",2023,8279.0
48127,"Dimmit, TX",2024,8181.0
48129,"Donley, TX",2019,3224.0
48129,"Donley, TX",2020,3280.0
48129,"Donley, TX",2021,3360.0
48129,"Donley, TX",2022,3275.0
48129,"Donley, TX",2023,3177.0
48129,"Donley, TX",2024,3193.0
48131,"Duval, TX",2019,9967.0
48131,"Duval, TX",2020,9810.0
48131,"Duval, TX",2021,9999.0
48131,"Duval, TX",2022,9688.0
48131,"Duval, TX",2023,9626.0
48131,"Duval, TX",2024,9585.0
48133,"Eastland, TX",2019,17669.0
48133,"Eastland, TX",2020,17795.0
48133,"Eastland, TX",2021,17860.0
48133,"Eastland, TX",2022,17909.0
48133,"Eastland, TX",2023,18199.0
48133,"Eastland, TX",2024,18290.0
48135,"Ector, TX",2019,164112.0
48135,"Ector, TX",2020,165511.0
48135,"Ector, TX",2021,160809.0
48135,"Ector, TX",2022,161480.0
48135,"Ector, TX",2023,165450.0
48135,"Ector, TX",2024,170022.0
48137,"Edwards, TX",2019,1451.0
48137,"Edwards, TX",2020,1420.0
48137,"Edwards, TX",2021,1430.0
48137,"Edwards, TX",2022,1423.0
48137,"Edwards, TX",2023,1391.0
48137,"Edwards, TX",2024,1383.0
48139,"Ellis, TX",2019,186929.0
48139,"Ellis, TX",2020,194328.0
48139,"Ellis, TX",2021,203214.0
48139,"Ellis, TX",2022,212548.0
48139,"Ellis, TX",2023,223324.0
48139,"Ellis, TX",2024,232387.0
48141,"El Paso, TX",2019,860290.0
48141,"El Paso, TX",2020,866684.0
48141,"El Paso, TX",2021,867700.0
48141,"El Paso, TX",2022,868890.0
48141,"El Paso, TX",2023,874836.0
48141,"El Paso, TX",2024,875784.0
48143,"Erath, TX",2019,42034.0
48143,"Erath, TX",2020,42719.0
48143,"Erath, TX",2021,43387.0
48143,"Erath, TX",2022,43929.0
48143,"Erath, TX",2023,44439.0
48143,"Erath, TX",2024,44496.0
48145,"Falls, TX",2019,16980.0
48145,"Falls, TX",2020,16962.0
48145,"Falls, TX",2021,17113.0
48145,"Falls, TX",2022,16958.0
48145,"Falls, TX",2023,17670.0
48145,"Falls, TX",2024,17752.0
48147,"Fannin, TX",2019,35371.0
48147,"Fannin, TX",2020,35977.0
48147,"Fannin, TX",2021,36902.0
48147,"Fannin, TX",2022,37237.0
48147,"Fannin, TX",2023,37865.0
48147,"Fannin, TX",2024,38650.0
48149,"Fayette, TX",2019,24310.0
48149,"Fayette, TX",2020,24512.0
48149,"Fayette, TX",2021,24736.0
48149,"Fayette, TX",2022,24987.0
48149,"Fayette, TX",2023,25485.0
48149,"Fayette, TX",2024,25488.0
48151,"Fisher, TX",2019,3691.0
48151,"Fisher, TX",2020,3677.0
48151,"Fisher, TX",2021,3675.0
48151,"Fisher, TX",2022,3639.0
48151,"Fisher, TX",2023,3618.0
48151,"Fisher, TX",2024,3665.0
48153,"Floyd, TX",2019,5478.0
48153,"Floyd, TX",2020,5374.0
48153,"Floyd, TX",2021,5296.0
48153,"Floyd, TX",2022,5250.0
48153,"Floyd, TX",2023,5116.0
48153,"Floyd, TX",2024,5042.0
48155,"Foard, TX",2019,1121.0
48155,"Foard, TX",2020,1090.0
48155,"Foard, TX",2021,1058.0
48155,"Foard, TX",2022,1062.0
48155,"Foard, TX",2023,1084.0
48155,"Foard, TX",2024,1053.0
48157,"Fort Bend, TX",2019,802674.0
48157,"Fort Bend, TX",2020,829335.0
48157,"Fort Bend, TX",2021,860626.0
48157,"Fort Bend, TX",2022,893319.0
48157,"Fort Bend, TX",2023,927120.0
48157,"Fort Bend, TX",2024,958434.0
48159,"Franklin, TX",2019,10338.0
48159,"Franklin, TX",2020,10370.0
48159,"Franklin, TX",2021,10500.0
48159,"Franklin, TX",2022,10641.0
48159,"Franklin, TX",2023,10737.0
48159,"Franklin, TX",2024,10912.0
48161,"Freestone, TX",2019,19352.0
48161,"Freestone, TX",2020,19441.0
48161,"Freestone, TX",2021,19795.0
48161,"Freestone, TX",2022,20006.0
48161,"Freestone, TX",2023,20358.0
48161,"Freestone, TX",2024,20645.0
48163,"Frio, TX",2019,18361.0
48163,"Frio, TX",2020,18414.0
48163,"Frio, TX",2021,17944.0
48163,"Frio, TX",2022,18220.0
48163,"Frio, TX",2023,18811.0
48163,"Frio, TX",2024,19520.0
48165,"Gaines, TX",2019,21253.0
48165,"Gaines, TX",2020,21704.0
48165,"Gaines, TX",2021,21885.0
48165,"Gaines, TX",2022,22157.0
48165,"Gaines, TX",2023,22524.0
48165,"Gaines, TX",2024,22892.0
48167,"Galveston, TX",2019,347347.0
48167,"Galveston, TX",2020,351606.0
48167,"Galveston, TX",2021,355616.0
48167,"Galveston, TX",2022,357735.0
48167,"Galveston, TX",2023,362586.0
48167,"Galveston, TX",2024,367407.0
48169,"Garza, TX",2019,5851.0
48169,"Garza, TX",2020,5812.0
48169,"Garza, TX",2021,6265.0
48169,"Garza, TX",2022,4527.0
48169,"Garza, TX",2023,4590.0
48169,"Garza, TX",2024,4645.0
48171,"Gillespie, TX",2019,26682.0
48171,"Gillespie, TX",2020,26766.0
48171,"Gillespie, TX",2021,27313.0
48171,"Gillespie, TX",2022,27572.0
48171,"Gillespie, TX",2023,27809.0
48171,"Gillespie, TX",2024,28159.0
48173,"Glasscock, TX",2019,1136.0
48173,"Glasscock, TX",2020,1117.0
48173,"Glasscock, TX",2021,1138.0
48173,"Glasscock, TX",2022,1145.0
48173,"Glasscock, TX",2023,1151.0
48173,"Glasscock, TX",2024,1153.0
48175,"Goliad, TX",2019,7039.0
48175,"Goliad, TX",2020,7023.0
48175,"Goliad, TX",2021,7134.0
48175,"Goliad, TX",2022,7144.0
48175,"Goliad, TX",2023,7183.0
48175,"Goliad, TX",2024,7221.0
48177,"Gonzales, TX",2019,19680.0
48177,"Gonzales, TX",2020,19681.0
48177,"Gonzales, TX",2021,19641.0
48177,"Gonzales, TX",2022,19865.0
48177,"Gonzales, TX",2023,20030.0
48177,"Gonzales, TX",2024,20040.0
48179,"Gray, TX",2019,21391.0
48179,"Gray, TX",2020,21195.0
48179,"Gray, TX",2021,21128.0
48179,"Gray, TX",2022,20986.0
48179,"Gray, TX",2023,21030.0
48179,"Gray, TX",2024,20888.0
48181,"Grayson, TX",2019,134008.0
48181,"Grayson, TX",2020,136152.0
48181,"Grayson, TX",2021,139652.0
48181,"Grayson, TX",2022,143292.0
48181,"Grayson, TX",2023,147056.0
48181,"Grayson, TX",2024,150532.0
48183,"Gregg, TX",2019,124050.0
48183,"Gregg, TX",2020,124317.0
48183,"Gregg, TX",2021,124205.0
48183,"Gregg, TX",2022,125668.0
48183,"Gregg, TX",2023,126531.0
48183,"Gregg, TX",2024,126679.0
48185,"Grimes, TX",2019,28761.0
48185,"Grimes, TX",2020,29438.0
48185,"Grimes, TX",2021,30148.0
48185,"Grimes, TX",2022,31141.0
48185,"Grimes, TX",2023,32527.0
48185,"Grimes, TX",2024,33448.0
48187,"Guadalupe, TX",2019,169643.0
48187,"Guadalupe, TX",2020,173708.0
48187,"Guadalupe, TX",2021,177328.0
48187,"Guadalupe, TX",2022,182953.0
48187,"Guadalupe, TX",2023,189056.0
48187,"Guadalupe, TX",2024,195166.0
48189,"Hale, TX",2019,32778.0
48189,"Hale, TX",2020,32467.0
48189,"Hale, TX",2021,32212.0
48189,"Hale, TX",2022,32007.0
48189,"Hale, TX",2023,32014.0
48189,"Hale, TX",2024,31953.0
48191,"Hall, TX",2019,2872.0
48191,"Hall, TX",2020,2799.0
48191,"Hall, TX",2021,2845.0
48191,"Hall, TX",2022,2820.0
48191,"Hall, TX",2023,2810.0
48191,"Hall, TX",2024,2828.0
48193,"Hamilton, TX",2019,8161.0
48193,"Hamilton, TX",2020,8247.0
48193,"Hamilton, TX",2021,8234.0
48193,"Hamilton, TX",2022,8314.0
48193,"Hamilton, TX",2023,8593.0
48193,"Hamilton, TX",2024,8644.0
48195,"Hansford, TX",2019,5366.0
48195,"Hansford, TX",2020,5252.0
48195,"Hansford, TX",2021,5121.0
48195,"Hansford, TX",2022,5117.0
48195,"Hansford, TX",2023,5097.0
48195,"Hansford, TX",2024,5006.0
48197,"Hardeman, TX",2019,3514.0
48197,"Hardeman, TX",2020,3561.0
48197,"Hardeman, TX",2021,3549.0
48197,"Hardeman, TX",2022,3509.0
48197,"Hardeman, TX",2023,3470.0
48197,"Hardeman, TX",2024,3417.0
48199,"Hardin, TX",2019,55953.0
48199,"Hardin, TX",2020,56355.0
48199,"Hardin, TX",2021,57141.0
48199,"Hardin, TX",2022,57819.0
48199,"Hardin, TX",2023,58227.0
48199,"Hardin, TX",2024,58670.0
48201,"Harris, TX",2019,4706231.0
48201,"Harris, TX",2020,4735383.0
48201,"Harris, TX",2021,4736633.0
48201,"Harris, TX",2022,4806747.0
48201,"Harris, TX",2023,4903450.0
48201,"Harris, TX",2024,5009302.0
48203,"Harrison, TX",2019,68694.0
48203,"Harrison, TX",2020,68806.0
48203,"Harrison, TX",2021,69550.0
48203,"Harrison, TX",2022,70047.0
48203,"Harrison, TX",2023,71004.0
48203,"Harrison, TX",2024,71370.0
48205,"Hartley, TX",2019,5431.0
48205,"Hartley, TX",2020,5340.0
48205,"Hartley, TX",2021,5383.0
48205,"Hartley, TX",2022,5220.0
48205,"Hartley, TX",2023,5137.0
48205,"Hartley, TX",2024,4996.0
48207,"Haskell, TX",2019,5385.0
48207,"Haskell, TX",2020,5436.0
48207,"Haskell, TX",2021,5379.0
48207,"Haskell, TX",2022,5412.0
48207,"Haskell, TX",2023,5442.0
48207,"Haskell, TX",2024,5435.0
48209,"Hays, TX",2019,232520.0
48209,"Hays, TX",2020,243988.0
48209,"Hays, TX",2021,256002.0
48209,"Hays, TX",2022,269476.0
48209,"Hays, TX",2023,281697.0
48209,"Hays, TX",2024,292029.0
48211,"Hemphill, TX",2019,3458.0
48211,"Hemphill, TX",2020,3366.0
48211,"Hemphill, TX",2021,3325.0
48211,"Hemphill, TX",2022,3204.0
48211,"Hemphill, TX",2023,3143.0
48211,"Hemphill, TX",2024,3134.0
48213,"Henderson, TX",2019,81457.0
48213,"Henderson, TX",2020,82402.0
48213,"Henderson, TX",2021,83655.0
48213,"Henderson, TX",2022,84508.0
48213,"Henderson, TX",2023,86277.0
48213,"Henderson, TX",2024,87467.0
48215,"Hidalgo, TX",2019,864302.0
48215,"Hidalgo, TX",2020,872892.0
48215,"Hidalgo, TX",2021,879929.0
48215,"Hidalgo, TX",2022,889799.0
48215,"Hidalgo, TX",2023,902443.0
48215,"Hidalgo, TX",2024,914820.0
48217,"Hill, TX",2019,35574.0
48217,"Hill, TX",2020,35964.0
48217,"Hill, TX",2021,36379.0
48217,"Hill, TX",2022,37320.0
48217,"Hill, TX",2023,38206.0
48217,"Hill, TX",2024,38771.0
48219,"Hockley, TX",2019,21731.0
48219,"Hockley, TX",2020,21497.0
48219,"Hockley, TX",2021,21261.0
48219,"Hockley, TX",2022,21227.0
48219,"Hockley, TX",2023,21325.0
48219,"Hockley, TX",2024,21505.0
48221,"Hood, TX",2019,60335.0
48221,"Hood, TX",2020,62056.0
48221,"Hood, TX",2021,64292.0
48221,"Hood, TX",2022,66315.0
48221,"Hood, TX",2023,67681.0
48221,"Hood, TX",2024,69126.0
48223,"Hopkins, TX",2019,36699.0
48223,"Hopkins, TX",2020,36827.0
48223,"Hopkins, TX",2021,37214.0
48223,"Hopkins, TX",2022,37834.0
48223,"Hopkins, TX",2023,38261.0
48223,"Hopkins, TX",2024,38784.0
48225,"Houston, TX",2019,22127.0
48225,"Houston, TX",2020,22070.0
48225,"Houston, TX",2021,21971.0
48225,"Houston, TX",2022,21936.0
48225,"Houston, TX",2023,22082.0
48225,"Houston, TX",2024,22197.0
48227,"Howard, TX",2019,35114.0
48227,"Howard, TX",2020,34807.0
48227,"Howard, TX",2021,34360.0
48227,"Howard, TX",2022,30745.0
48227,"Howard, TX",2023,30704.0
48227,"Howard, TX",2024,30833.0
48229,"Hudspeth, TX",2019,3291.0
48229,"Hudspeth, TX",2020,3193.0
48229,"Hudspeth, TX",2021,3278.0
48229,"Hudspeth, TX",2022,3454.0
48229,"Hudspeth, TX",2023,3483.0
48229,"Hudspeth, TX",2024,3608.0
48231,"Hunt, TX",2019,98926.0
48231,"Hunt, TX",2020,100250.0
48231,"Hunt, TX",2021,103596.0
48231,"Hunt, TX",2022,108532.0
48231,"Hunt, TX",2023,113754.0
48231,"Hunt, TX",2024,118729.0
48233,"Hutchinson, TX",2019,20800.0
48233,"Hutchinson, TX",2020,20577.0
48233,"Hutchinson, TX",2021,20448.0
48233,"Hutchinson, TX",2022,20176.0
48233,"Hutchinson, TX",2023,19997.0
48233,"Hutchinson, TX",2024,19721.0
48235,"Irion, TX",2019,1511.0
48235,"Irion, TX",2020,1512.0
48235,"Irion, TX",2021,1536.0
48235,"Irion, TX",2022,1544.0
48235,"Irion, TX",2023,1563.0
48235,"Irion, TX",2024,1526.0
48237,"Jack, TX",2019,8433.0
48237,"Jack, TX",2020,8487.0
48237,"Jack, TX",2021,8549.0
48237,"Jack, TX",2022,8755.0
48237,"Jack, TX",2023,9220.0
48237,"Jack, TX",2024,9398.0
48239,"Jackson, TX",2019,14895.0
48239,"Jackson, TX",2020,14997.0
48239,"Jackson, TX",2021,15121.0
48239,"Jackson, TX",2022,15162.0
48239,"Jackson, TX",2023,15195.0
48239,"Jackson, TX",2024,15284.0
48241,"Jasper, TX",2019,33319.0
48241,"Jasper, TX",2020,32923.0
48241,"Jasper, TX",2021,32560.0
48241,"Jasper, TX",2022,32518.0
48241,"Jasper, TX",2023,32725.0
48241,"Jasper, TX",2024,32907.0
48243,"Jeff Davis, TX",2019,2060.0
48243,"Jeff Davis, TX",2020,1984.0
48243,"Jeff Davis, TX",2021,1961.0
48243,"Jeff Davis, TX",2022,1908.0
48243,"Jeff Davis, TX",2023,1850.0
48243,"Jeff Davis, TX",2024,1778.0
48245,"Jefferson, TX",2019,256808.0
48245,"Jefferson, TX",2020,256172.0
48245,"Jefferson, TX",2021,253784.0
48245,"Jefferson, TX",2022,252095.0
48245,"Jefferson, TX",2023,253392.0
48245,"Jefferson, TX",2024,253948.0
48247,"Jim Hogg, TX",2019,4844.0
48247,"Jim Hogg, TX",2020,4846.0
48247,"Jim Hogg, TX",2021,4786.0
48247,"Jim Hogg, TX",2022,4764.0
48247,"Jim Hogg, TX",2023,4657.0
48247,"Jim Hogg, TX",2024,4583.0
48249,"Jim Wells, TX",2019,39083.0
48249,"Jim Wells, TX",2020,38888.0
48249,"Jim Wells, TX",2021,38909.0
48249,"Jim Wells, TX",2022,38755.0
48249,"Jim Wells, TX",2023,38811.0
48249,"Jim Wells, TX",2024,38886.0
48251,"Johnson, TX",2019,177062.0
48251,"Johnson, TX",2020,180950.0
48251,"Johnson, TX",2021,187517.0
48251,"Johnson, TX",2022,195774.0
48251,"Johnson, TX",2023,203196.0
48251,"Johnson, TX",2024,210547.0
48253,"Jones, TX",2019,19664.0
48253,"Jones, TX",2020,19680.0
48253,"Jones, TX",2021,19903.0
48253,"Jones, TX",2022,20316.0
48253,"Jones, TX",2023,20765.0
48253,"Jones, TX",2024,20850.0
48255,"Karnes, TX",2019,14597.0
48255,"Karnes, TX",2020,14811.0
48255,"Karnes, TX",2021,14800.0
48255,"Karnes, TX",2022,15039.0
48255,"Karnes, TX",2023,15054.0
48255,"Karnes, TX",2024,15137.0
48257,"Kaufman, TX",2019,139903.0
48257,"Kaufman, TX",2020,147169.0
48257,"Kaufman, TX",2021,158355.0
48257,"Kaufman, TX",2022,172951.0
48257,"Kaufman, TX",2023,186715.0
48257,"Kaufman, TX",2024,197829.0
48259,"Kendall, TX",2019,43728.0
48259,"Kendall, TX",2020,44572.0
48259,"Kendall, TX",2021,46893.0
48259,"Kendall, TX",2022,49046.0
48259,"Kendall, TX",2023,50494.0
48259,"Kendall, TX",2024,51828.0
48261,"Kenedy, TX",2019,354.0
48261,"Kenedy, TX",2020,350.0
48261,"Kenedy, TX",2021,341.0
48261,"Kenedy, TX",2022,358.0
48261,"Kenedy, TX",2023,351.0
48261,"Kenedy, TX",2024,330.0
48263,"Kent, TX",2019,733.0
48263,"Kent, TX",2020,759.0
48263,"Kent, TX",2021,744.0
48263,"Kent, TX",2022,739.0
48263,"Kent, TX",2023,728.0
48263,"Kent, TX",2024,703.0
48265,"Kerr, TX",2019,52237.0
48265,"Kerr, TX",2020,52696.0
48265,"Kerr, TX",2021,53185.0
48265,"Kerr, TX",2022,53785.0
48265,"Kerr, TX",2023,53878.0
48265,"Kerr, TX",2024,53900.0
48267,"Kimble, TX",2019,4267.0
48267,"Kimble, TX",2020,4293.0
48267,"Kimble, TX",2021,4348.0
48267,"Kimble, TX",2022,4438.0
48267,"Kimble, TX",2023,4465.0
48267,"Kimble, TX",2024,4401.0
48269,"King, TX",2019,251.0
48269,"King, TX",2020,267.0
48269,"King, TX",2021,256.0
48269,"King, TX",2022,233.0
48269,"King, TX",2023,215.0
48269,"King, TX",2024,215.0
48271,"Kinney, TX",2019,3170.0
48271,"Kinney, TX",2020,3125.0
48271,"Kinney, TX",2021,3120.0
48271,"Kinney, TX",2022,3143.0
48271,"Kinney, TX",2023,3204.0
48271,"Kinney, TX",2024,3191.0
48273,"Kleberg, TX",2019,31086.0
48273,"Kleberg, TX",2020,30986.0
48273,"Kleberg, TX",2021,30632.0
48273,"Kleberg, TX",2022,30454.0
48273,"Kleberg, TX",2023,30381.0
48273,"Kleberg, TX",2024,30442.0
48275,"Knox, TX",2019,3365.0
48275,"Knox, TX",2020,3351.0
48275,"Knox, TX",2021,3325.0
48275,"Knox, TX",2022,3288.0
48275,"Knox, TX",2023,3318.0
48275,"Knox, TX",2024,3255.0
48277,"Lamar, TX",2019,49943.0
48277,"Lamar, TX",2020,50135.0
48277,"Lamar, TX",2021,50357.0
48277,"Lamar, TX",2022,50513.0
48277,"Lamar, TX",2023,51093.0
48277,"Lamar, TX",2024,51249.0
48279,"Lamb, TX",2019,13167.0
48279,"Lamb, TX",2020,13006.0
48279,"Lamb, TX",2021,12905.0
48279,"Lamb, TX",2022,12774.0
48279,"Lamb, TX",2023,12768.0
48279,"Lamb, TX",2024,12687.0
48281,"Lampasas, TX",2019,21374.0
48281,"Lampasas, TX",2020,21703.0
48281,"Lampasas, TX",2021,22227.0
48281,"Lampasas, TX",2022,22789.0
48281,"Lampasas, TX",2023,23319.0
48281,"Lampasas, TX",2024,23539.0
48283,"La Salle, TX",2019,6756.0
48283,"La Salle, TX",2020,6652.0
48283,"La Salle, TX",2021,6698.0
48283,"La Salle, TX",2022,6561.0
48283,"La Salle, TX",2023,6599.0
48283,"La Salle, TX",2024,6679.0
48285,"Lavaca, TX",2019,20278.0
48285,"Lavaca, TX",2020,20352.0
48285,"Lavaca, TX",2021,20538.0
48285,"Lavaca, TX",2022,20661.0
48285,"Lavaca, TX",2023,20604.0
48285,"Lavaca, TX",2024,20605.0
48287,"Lee, TX",2019,17374.0
48287,"Lee, TX",2020,17506.0
48287,"Lee, TX",2021,17680.0
48287,"Lee, TX",2022,17966.0
48287,"Lee, TX",2023,18250.0
48287,"Lee, TX",2024,18451.0
48289,"Leon, TX",2019,15787.0
48289,"Leon, TX",2020,15777.0
48289,"Leon, TX",2021,16056.0
48289,"Leon, TX",2022,16228.0
48289,"Leon, TX",2023,16556.0
48289,"Leon, TX",2024,16698.0
48291,"Liberty, TX",2019,89195.0
48291,"Liberty, TX",2020,92510.0
48291,"Liberty, TX",2021,97515.0
48291,"Liberty, TX",2022,102661.0
48291,"Liberty, TX",2023,109172.0
48291,"Liberty, TX",2024,115042.0
48293,"Limestone, TX",2019,22250.0
48293,"Limestone, TX",2020,22150.0
48293,"Limestone, TX",2021,22069.0
48293,"Limestone, TX",2022,22224.0
48293,"Limestone, TX",2023,22405.0
48293,"Limestone, TX",2024,22569.0
48295,"Lipscomb, TX",2019,3136.0
48295,"Lipscomb, TX",2020,3038.0
48295,"Lipscomb, TX",2021,2901.0
48295,"Lipscomb, TX",2022,2855.0
48295,"Lipscomb, TX",2023,2915.0
48295,"Lipscomb, TX",2024,2880.0
48297,"Live Oak, TX",2019,11336.0
48297,"Live Oak, TX",2020,11348.0
48297,"Live Oak, TX",2021,11385.0
48297,"Live Oak, TX",2022,11571.0
48297,"Live Oak, TX",2023,11828.0
48297,"Live Oak, TX",2024,11967.0
48299,"Llano, TX",2019,21159.0
48299,"Llano, TX",2020,21318.0
48299,"Llano, TX",2021,22091.0
48299,"Llano, TX",2022,22664.0
48299,"Llano, TX",2023,22883.0
48299,"Llano, TX",2024,23163.0
48301,"Loving, TX",2019,65.0
48301,"Loving, TX",2020,67.0
48301,"Loving, TX",2021,56.0
48301,"Loving, TX",2022,47.0
48301,"Loving, TX",2023,46.0
48301,"Loving, TX",2024,48.0
48303,"Lubbock, TX",2019,307953.0
48303,"Lubbock, TX",2020,311590.0
48303,"Lubbock, TX",2021,314677.0
48303,"Lubbock, TX",2022,318324.0
48303,"Lubbock, TX",2023,322434.0
48303,"Lubbock, TX",2024,327394.0
48305,"Lynn, TX",2019,5563.0
48305,"Lynn, TX",2020,5606.0
48305,"Lynn, TX",2021,5642.0
48305,"Lynn, TX",2022,5751.0
48305,"Lynn, TX",2023,5811.0
48305,"Lynn, TX",2024,5952.0
48307,"McCulloch, TX",2019,7782.0
48307,"McCulloch, TX",2020,7587.0
48307,"McCulloch, TX",2021,7524.0
48307,"McCulloch, TX",2022,7494.0
48307,"McCulloch, TX",2023,7516.0
48307,"McCulloch, TX",2024,7448.0
48309,"McLennan, TX",2019,258351.0
48309,"McLennan, TX",2020,261192.0
48309,"McLennan, TX",2021,263751.0
48309,"McLennan, TX",2022,266254.0
48309,"McLennan, TX",2023,268778.0
48309,"McLennan, TX",2024,270358.0
48311,"McMullen, TX",2019,614.0
48311,"McMullen, TX",2020,597.0
48311,"McMullen, TX",2021,593.0
48311,"McMullen, TX",2022,571.0
48311,"McMullen, TX",2023,579.0
48311,"McMullen, TX",2024,565.0
48313,"Madison, TX",2019,13501.0
48313,"Madison, TX",2020,13458.0
48313,"Madison, TX",2021,13514.0
48313,"Madison, TX",2022,13642.0
48313,"Madison, TX",2023,13750.0
48313,"Madison, TX",2024,13877.0
48315,"Marion, TX",2019,9666.0
48315,"Marion, TX",2020,9869.0
48315,"Marion, TX",2021,9740.0
48315,"Marion, TX",2022,9677.0
48315,"Marion, TX",2023,9693.0
48315,"Marion, TX",2024,9704.0
48317,"Martin, TX",2019,5229.0
48317,"Martin, TX",2020,5261.0
48317,"Martin, TX",2021,5224.0
48317,"Martin, TX",2022,5226.0
48317,"Martin, TX",2023,5200.0
48317,"Martin, TX",2024,5179.0
48319,"Mason, TX",2019,3940.0
48319,"Mason, TX",2020,3968.0
48319,"Mason, TX",2021,3931.0
48319,"Mason, TX",2022,3975.0
48319,"Mason, TX",2023,3912.0
48319,"Mason, TX",2024,3987.0
48321,"Matagorda, TX",2019,36211.0
48321,"Matagorda, TX",2020,36295.0
48321,"Matagorda, TX",2021,36353.0
48321,"Matagorda, TX",2022,36182.0
48321,"Matagorda, TX",2023,36422.0
48321,"Matagorda, TX",2024,36391.0
48323,"Maverick, TX",2019,57867.0
48323,"Maverick, TX",2020,57873.0
48323,"Maverick, TX",2021,57690.0
48323,"Maverick, TX",2022,57813.0
48323,"Maverick, TX",2023,58203.0
48323,"Maverick, TX",2024,58829.0
48325,"Medina, TX",2019,50274.0
48325,"Medina, TX",2020,51063.0
48325,"Medina, TX",2021,52445.0
48325,"Medina, TX",2022,53756.0
48325,"Medina, TX",2023,54851.0
48325,"Medina, TX",2024,55619.0
48327,"Menard, TX",2019,1957.0
48327,"Menard, TX",2020,1961.0
48327,"Menard, TX",2021,1968.0
48327,"Menard, TX",2022,1979.0
48327,"Menard, TX",2023,1958.0
48327,"Menard, TX",2024,1911.0
48329,"Midland, TX",2019,169405.0
48329,"Midland, TX",2020,170725.0
48329,"Midland, TX",2021,168629.0
48329,"Midland, TX",2022,172705.0
48329,"Midland, TX",2023,178357.0
48329,"Midland, TX",2024,183587.0
48331,"Milam, TX",2019,24746.0
48331,"Milam, TX",2020,24778.0
48331,"Milam, TX",2021,25215.0
48331,"Milam, TX",2022,25649.0
48331,"Milam, TX",2023,26033.0
48331,"Milam, TX",2024,26159.0
48333,"Mills, TX",2019,4513.0
48333,"Mills, TX",2020,4450.0
48333,"Mills, TX",2021,4490.0
48333,"Mills, TX",2022,4504.0
48333,"Mills, TX",2023,4550.0
48333,"Mills, TX",2024,4563.0
48335,"Mitchell, TX",2019,8903.0
48335,"Mitchell, TX",2020,9011.0
48335,"Mitchell, TX",2021,9047.0
48335,"Mitchell, TX",2022,8959.0
48335,"Mitchell, TX",2023,9104.0
48335,"Mitchell, TX",2024,8968.0
48337,"Montague, TX",2019,19881.0
48337,"Montague, TX",2020,20043.0
48337,"Montague, TX",2021,20483.0
48337,"Montague, TX",2022,21134.0
48337,"Montague, TX",2023,21680.0
48337,"Montague, TX",2024,21890.0
48339,"Montgomery, TX",2019,606189.0
48339,"Montgomery, TX",2020,625420.0
48339,"Montgomery, TX",2021,650960.0
48339,"Montgomery, TX",2022,680824.0
48339,"Montgomery, TX",2023,715345.0
48339,"Montgomery, TX",2024,749613.0
48341,"Moore, TX",2019,21535.0
48341,"Moore, TX",2020,21269.0
48341,"Moore, TX",2021,21143.0
48341,"Moore, TX",2022,21156.0
48341,"Moore, TX",2023,21423.0
48341,"Moore, TX",2024,21872.0
48343,"Morris, TX",2019,11963.0
48343,"Morris, TX",2020,11973.0
48343,"Morris, TX",2021,12007.0
48343,"Morris, TX",2022,12082.0
48343,"Morris, TX",2023,12133.0
48343,"Morris, TX",2024,12184.0
48345,"Motley, TX",2019,1083.0
48345,"Motley, TX",2020,1064.0
48345,"Motley, TX",2021,1074.0
48345,"Motley, TX",2022,1033.0
48345,"Motley, TX",2023,1023.0
48345,"Motley, TX",2024,1015.0
48347,"Nacogdoches, TX",2019,64700.0
48347,"Nacogdoches, TX",2020,64643.0
48347,"Nacogdoches, TX",2021,64809.0
48347,"Nacogdoches, TX",2022,64995.0
48347,"Nacogdoches, TX",2023,65636.0
48347,"Nacogdoches, TX",2024,65728.0
48349,"Navarro, TX",2019,51899.0
48349,"Navarro, TX",2020,52861.0
48349,"Navarro, TX",2021,53667.0
48349,"Navarro, TX",2022,54775.0
48349,"Navarro, TX",2023,55719.0
48349,"Navarro, TX",2024,56533.0
48351,"Newton, TX",2019,12497.0
48351,"Newton, TX",2020,12159.0
48351,"Newton, TX",2021,12222.0
48351,"Newton, TX",2022,12076.0
48351,"Newton, TX",2023,12101.0
48351,"Newton, TX",2024,11908.0
48353,"Nolan, TX",2019,14758.0
48353,"Nolan, TX",2020,14729.0
48353,"Nolan, TX",2021,14618.0
48353,"Nolan, TX",2022,14460.0
48353,"Nolan, TX",2023,14281.0
48353,"Nolan, TX",2024,14182.0
48355,"Nueces, TX",2019,353076.0
48355,"Nueces, TX",2020,353600.0
48355,"Nueces, TX",2021,353552.0
48355,"Nueces, TX",2022,351852.0
48355,"Nueces, TX",2023,352645.0
48355,"Nueces, TX",2024,353125.0
48357,"Ochiltree, TX",2019,10154.0
48357,"Ochiltree, TX",2020,9953.0
48357,"Ochiltree, TX",2021,9767.0
48357,"Ochiltree, TX",2022,9718.0
48357,"Ochiltree, TX",2023,9774.0
48357,"Ochiltree, TX",2024,9717.0
48359,"Oldham, TX",2019,1775.0
48359,"Oldham, TX",2020,1763.0
48359,"Oldham, TX",2021,1736.0
48359,"Oldham, TX",2022,1764.0
48359,"Oldham, TX",2023,1787.0
48359,"Oldham, TX",2024,1823.0
48361,"Orange, TX",2019,84804.0
48361,"Orange, TX",2020,84760.0
48361,"Orange, TX",2021,84677.0
48361,"Orange, TX",2022,85125.0
48361,"Orange, TX",2023,85857.0
48361,"Orange, TX",2024,86115.0
48363,"Palo Pinto, TX",2019,28310.0
48363,"Palo Pinto, TX",2020,28450.0
48363,"Palo Pinto, TX",2021,28739.0
48363,"Palo Pinto, TX",2022,29292.0
48363,"Palo Pinto, TX",2023,29762.0
48363,"Palo Pinto, TX",2024,30231.0
48365,"Panola, TX",2019,22473.0
48365,"Panola, TX",2020,22500.0
48365,"Panola, TX",2021,22560.0
48365,"Panola, TX",2022,22730.0
48365,"Panola, TX",2023,22816.0
48365,"Panola, TX",2024,23022.0
48367,"Parker, TX",2019,144295.0
48367,"Parker, TX",2020,149560.0
48367,"Parker, TX",2021,157107.0
48367,"Parker, TX",2022,165899.0
48367,"Parker, TX",2023,173565.0
48367,"Parker, TX",2024,179707.0
48369,"Parmer, TX",2019,9880.0
48369,"Parmer, TX",2020,9854.0
48369,"Parmer, TX",2021,9785.0
48369,"Parmer, TX",2022,9657.0
48369,"Parmer, TX",2023,9691.0
48369,"Parmer, TX",2024,9669.0
48371,"Pecos, TX",2019,15267.0
48371,"Pecos, TX",2020,15184.0
48371,"Pecos, TX",2021,15121.0
48371,"Pecos, TX",2022,14742.0
48371,"Pecos, TX",2023,14720.0
48371,"Pecos, TX",2024,14712.0
48373,"Polk, TX",2019,49000.0
48373,"Polk, TX",2020,50497.0
48373,"Polk, TX",2021,51878.0
48373,"Polk, TX",2022,53223.0
48373,"Polk, TX",2023,54146.0
48373,"Polk, TX",2024,54258.0
48375,"Potter, TX",2019,118901.0
48375,"Potter, TX",2020,118309.0
48375,"Potter, TX",2021,116509.0
48375,"Potter, TX",2022,115100.0
48375,"Potter, TX",2023,115309.0
48375,"Potter, TX",2024,114649.0
48377,"Presidio, TX",2019,6246.0
48377,"Presidio, TX",2020,6107.0
48377,"Presidio, TX",2021,6113.0
48377,"Presidio, TX",2022,5970.0
48377,"Presidio, TX",2023,5776.0
48377,"Presidio, TX",2024,5686.0
48379,"Rains, TX",2019,12072.0
48379,"Rains, TX",2020,12179.0
48379,"Rains, TX",2021,12471.0
48379,"Rains, TX",2022,12858.0
48379,"Rains, TX",2023,13059.0
48379,"Rains, TX",2024,13306.0
48381,"Randall, TX",2019,139000.0
48381,"Randall, TX",2020,141334.0
48381,"Randall, TX",2021,144058.0
48381,"Randall, TX",2022,146221.0
48381,"Randall, TX",2023,148190.0
48381,"Randall, TX",2024,150547.0
48383,"Reagan, TX",2019,3429.0
48383,"Reagan, TX",2020,3423.0
48383,"Reagan, TX",2021,3261.0
48383,"Reagan, TX",2022,3161.0
48383,"Reagan, TX",2023,3178.0
48383,"Reagan, TX",2024,3139.0
48385,"Real, TX",2019,2839.0
48385,"Real, TX",2020,2750.0
48385,"Real, TX",2021,2817.0
48385,"Real, TX",2022,2819.0
48385,"Real, TX",2023,2854.0
48385,"Real, TX",2024,2772.0
48387,"Red River, TX",2019,11694.0
48387,"Red River, TX",2020,11556.0
48387,"Red River, TX",2021,11560.0
48387,"Red River, TX",2022,11594.0
48387,"Red River, TX",2023,11651.0
48387,"Red River, TX",2024,11696.0
48389,"Reeves, TX",2019,14849.0
48389,"Reeves, TX",2020,14768.0
48389,"Reeves, TX",2021,12991.0
48389,"Reeves, TX",2022,11750.0
48389,"Reeves, TX",2023,11856.0
48389,"Reeves, TX",2024,11956.0
48391,"Refugio, TX",2019,6716.0
48391,"Refugio, TX",2020,6740.0
48391,"Refugio, TX",2021,6698.0
48391,"Refugio, TX",2022,6649.0
48391,"Refugio, TX",2023,6711.0
48391,"Refugio, TX",2024,6739.0
48393,"Roberts, TX",2019,847.0
48393,"Roberts, TX",2020,823.0
48393,"Roberts, TX",2021,802.0
48393,"Roberts, TX",2022,804.0
48393,"Roberts, TX",2023,819.0
48393,"Roberts, TX",2024,837.0
48395,"Robertson, TX",2019,16740.0
48395,"Robertson, TX",2020,16768.0
48395,"Robertson, TX",2021,16951.0
48395,"Robertson, TX",2022,17135.0
48395,"Robertson, TX",2023,17322.0
48395,"Robertson, TX",2024,17659.0
48397,"Rockwall, TX",2019,104064.0
48397,"Rockwall, TX",2020,109202.0
48397,"Rockwall, TX",2021,116666.0
48397,"Rockwall, TX",2022,123538.0
48397,"Rockwall, TX",2023,131636.0
48397,"Rockwall, TX",2024,137044.0
48399,"Runnels, TX",2019,9829.0
48399,"Runnels, TX",2020,9921.0
48399,"Runnels, TX",2021,9893.0
48399,"Runnels, TX",2022,9896.0
48399,"Runnels, TX",2023,9909.0
48399,"Runnels, TX",2024,9751.0
48401,"Rusk, TX",2019,52393.0
48401,"Rusk, TX",2020,52254.0
48401,"Rusk, TX",2021,52697.0
48401,"Rusk, TX",2022,52597.0
48401,"Rusk, TX",2023,53271.0
48401,"Rusk, TX",2024,53391.0
48403,"Sabine, TX",2019,9926.0
48403,"Sabine, TX",2020,9891.0
48403,"Sabine, TX",2021,10013.0
48403,"Sabine, TX",2022,10035.0
48403,"Sabine, TX",2023,10118.0
48403,"Sabine, TX",2024,10058.0
48405,"San Augustine, TX",2019,7925.0
48405,"San Augustine, TX",2020,7925.0
48405,"San Augustine, TX",2021,7911.0
48405,"San Augustine, TX",2022,7886.0
48405,"San Augustine, TX",2023,7882.0
48405,"San Augustine, TX",2024,7767.0
48407,"San Jacinto, TX",2019,27202.0
48407,"San Jacinto, TX",2020,27538.0
48407,"San Jacinto, TX",2021,27818.0
48407,"San Jacinto, TX",2022,28399.0
48407,"San Jacinto, TX",2023,29126.0
48407,"San Jacinto, TX",2024,29326.0
48409,"San Patricio, TX",2019,68311.0
48409,"San Patricio, TX",2020,68848.0
48409,"San Patricio, TX",2021,69776.0
48409,"San Patricio, TX",2022,70044.0
48409,"San Patricio, TX",2023,70770.0
48409,"San Patricio, TX",2024,71467.0
48411,"San Saba, TX",2019,5727.0
48411,"San Saba, TX",2020,5728.0
48411,"San Saba, TX",2021,5830.0
48411,"San Saba, TX",2022,5873.0
48411,"San Saba, TX",2023,5543.0
48411,"San Saba, TX",2024,5508.0
48413,"Schleicher, TX",2019,2512.0
48413,"Schleicher, TX",2020,2443.0
48413,"Schleicher, TX",2021,2442.0
48413,"Schleicher, TX",2022,2351.0
48413,"Schleicher, TX",2023,2369.0
48413,"Schleicher, TX",2024,2302.0
48415,"Scurry, TX",2019,16913.0
48415,"Scurry, TX",2020,16922.0
48415,"Scurry, TX",2021,16817.0
48415,"Scurry, TX",2022,16258.0
48415,"Scurry, TX",2023,16230.0
48415,"Scurry, TX",2024,16211.0
48417,"Shackelford, TX",2019,3091.0
48417,"Shackelford, TX",2020,3109.0
48417,"Shackelford, TX",2021,3191.0
48417,"Shackelford, TX",2022,3201.0
48417,"Shackelford, TX",2023,3204.0
48417,"Shackelford, TX",2024,3169.0
48419,"Shelby, TX",2019,24359.0
48419,"Shelby, TX",2020,24048.0
48419,"Shelby, TX",2021,24112.0
48419,"Shelby, TX",2022,24163.0
48419,"Shelby, TX",2023,24258.0
48419,"Shelby, TX",2024,24192.0
48421,"Sherman, TX",2019,2791.0
48421,"Sherman, TX",2020,2791.0
48421,"Sherman, TX",2021,2792.0
48421,"Sherman, TX",2022,2781.0
48421,"Sherman, TX",2023,2710.0
48421,"Sherman, TX",2024,2771.0
48423,"Smith, TX",2019,231313.0
48423,"Smith, TX",2020,234200.0
48423,"Smith, TX",2021,237206.0
48423,"Smith, TX",2022,242249.0
48423,"Smith, TX",2023,245955.0
48423,"Smith, TX",2024,249091.0
48425,"Somervell, TX",2019,9199.0
48425,"Somervell, TX",2020,9206.0
48425,"Somervell, TX",2021,9477.0
48425,"Somervell, TX",2022,9791.0
48425,"Somervell, TX",2023,9881.0
48425,"Somervell, TX",2024,10098.0
48427,"Starr, TX",2019,65781.0
48427,"Starr, TX",2020,65871.0
48427,"Starr, TX",2021,65869.0
48427,"Starr, TX",2022,65793.0
48427,"Starr, TX",2023,66215.0
48427,"Starr, TX",2024,66587.0
48429,"Stephens, TX",2019,9150.0
48429,"Stephens, TX",2020,9094.0
48429,"Stephens, TX",2021,9434.0
48429,"Stephens, TX",2022,9374.0
48429,"Stephens, TX",2023,9380.0
48429,"Stephens, TX",2024,9475.0
48431,"Sterling, TX",2019,1357.0
48431,"Sterling, TX",2020,1384.0
48431,"Sterling, TX",2021,1384.0
48431,"Sterling, TX",2022,1417.0
48431,"Sterling, TX",2023,1377.0
48431,"Sterling, TX",2024,1387.0
48433,"Stonewall, TX",2019,1237.0
48433,"Stonewall, TX",2020,1245.0
48433,"Stonewall, TX",2021,1213.0
48433,"Stonewall, TX",2022,1218.0
48433,"Stonewall, TX",2023,1220.0
48433,"Stonewall, TX",2024,1235.0
48435,"Sutton, TX",2019,3424.0
48435,"Sutton, TX",2020,3357.0
48435,"Sutton, TX",2021,3293.0
48435,"Sutton, TX",2022,3239.0
48435,"Sutton, TX",2023,3227.0
48435,"Sutton, TX",2024,3269.0
48437,"Swisher, TX",2019,7065.0
48437,"Swisher, TX",2020,6948.0
48437,"Swisher, TX",2021,7009.0
48437,"Swisher, TX",2022,6952.0
48437,"Swisher, TX",2023,6899.0
48437,"Swisher, TX",2024,6877.0
48439,"Tarrant, TX",2019,2093435.0
48439,"Tarrant, TX",2020,2116297.0
48439,"Tarrant, TX",2021,2130359.0
48439,"Tarrant, TX",2022,2161670.0
48439,"Tarrant, TX",2023,2197915.0
48439,"Tarrant, TX",2024,2230708.0
48441,"Taylor, TX",2019,142037.0
48441,"Taylor, TX",2020,143493.0
48441,"Taylor, TX",2021,143909.0
48441,"Taylor, TX",2022,145481.0
48441,"Taylor, TX",2023,147618.0
48441,"Taylor, TX",2024,148813.0
48443,"Terrell, TX",2019,791.0
48443,"Terrell, TX",2020,750.0
48443,"Terrell, TX",2021,721.0
48443,"Terrell, TX",2022,693.0
48443,"Terrell, TX",2023,702.0
48443,"Terrell, TX",2024,718.0
48445,"Terry, TX",2019,11989.0
48445,"Terry, TX",2020,11790.0
48445,"Terry, TX",2021,11709.0
48445,"Terry, TX",2022,11462.0
48445,"Terry, TX",2023,11583.0
48445,"Terry, TX",2024,11602.0
48447,"Throckmorton, TX",2019,1440.0
48447,"Throckmorton, TX",2020,1451.0
48447,"Throckmorton, TX",2021,1505.0
48447,"Throckmorton, TX",2022,1543.0
48447,"Throckmorton, TX",2023,1531.0
48447,"Throckmorton, TX",2024,1532.0
48449,"Titus, TX",2019,31227.0
48449,"Titus, TX",2020,31294.0
48449,"Titus, TX",2021,31280.0
48449,"Titus, TX",2022,31273.0
48449,"Titus, TX",2023,31423.0
48449,"Titus, TX",2024,31547.0
48451,"Tom Green, TX",2019,119509.0
48451,"Tom Green, TX",2020,120201.0
48451,"Tom Green, TX",2021,119242.0
48451,"Tom Green, TX",2022,119006.0
48451,"Tom Green, TX",2023,119334.0
48451,"Tom Green, TX",2024,120103.0
48453,"Travis, TX",2019,1269593.0
48453,"Travis, TX",2020,1296610.0
48453,"Travis, TX",2021,1309113.0
48453,"Travis, TX",2022,1332544.0
48453,"Travis, TX",2023,1348043.0
48453,"Travis, TX",2024,1363767.0
48455,"Trinity, TX",2019,13540.0
48455,"Trinity, TX",2020,13638.0
48455,"Trinity, TX",2021,13837.0
48455,"Trinity, TX",2022,13996.0
48455,"Trinity, TX",2023,14269.0
48455,"Trinity, TX",2024,14489.0
48457,"Tyler, TX",2019,19890.0
48457,"Tyler, TX",2020,19829.0
48457,"Tyler, TX",2021,19921.0
48457,"Tyler, TX",2022,20447.0
48457,"Tyler, TX",2023,20435.0
48457,"Tyler, TX",2024,20560.0
48459,"Upshur, TX",2019,40638.0
48459,"Upshur, TX",2020,41040.0
48459,"Upshur, TX",2021,41828.0
48459,"Upshur, TX",2022,42492.0
48459,"Upshur, TX",2023,43425.0
48459,"Upshur, TX",2024,44050.0
48461,"Upton, TX",2019,3354.0
48461,"Upton, TX",2020,3303.0
48461,"Upton, TX",2021,3238.0
48461,"Upton, TX",2022,3157.0
48461,"Upton, TX",2023,3131.0
48461,"Upton, TX",2024,3128.0
48463,"Uvalde, TX",2019,24769.0
48463,"Uvalde, TX",2020,24564.0
48463,"Uvalde, TX",2021,24797.0
48463,"Uvalde, TX",2022,24895.0
48463,"Uvalde, TX",2023,25012.0
48463,"Uvalde, TX",2024,25138.0
48465,"Val Verde, TX",2019,47705.0
48465,"Val Verde, TX",2020,47605.0
48465,"Val Verde, TX",2021,47560.0
48465,"Val Verde, TX",2022,47678.0
48465,"Val Verde, TX",2023,47863.0
48465,"Val Verde, TX",2024,47999.0
48467,"Van Zandt, TX",2019,58793.0
48467,"Van Zandt, TX",2020,59748.0
48467,"Van Zandt, TX",2021,61246.0
48467,"Van Zandt, TX",2022,62872.0
48467,"Van Zandt, TX",2023,64077.0
48467,"Van Zandt, TX",2024,65304.0
48469,"Victoria, TX",2019,91415.0
48469,"Victoria, TX",2020,91315.0
48469,"Victoria, TX",2021,90917.0
48469,"Victoria, TX",2022,91128.0
48469,"Victoria, TX",2023,91756.0
48469,"Victoria, TX",2024,91949.0
48471,"Walker, TX",2019,75709.0
48471,"Walker, TX",2020,76563.0
48471,"Walker, TX",2021,78374.0
48471,"Walker, TX",2022,79821.0
48471,"Walker, TX",2023,82566.0
48471,"Walker, TX",2024,83722.0
48473,"Waller, TX",2019,55188.0
48473,"Waller, TX",2020,57289.0
48473,"Waller, TX",2021,59459.0
48473,"Waller, TX",2022,61967.0
48473,"Waller, TX",2023,63936.0
48473,"Waller, TX",2024,65109.0
48475,"Ward, TX",2019,11617.0
48475,"Ward, TX",2020,11677.0
48475,"Ward, TX",2021,11084.0
48475,"Ward, TX",2022,10946.0
48475,"Ward, TX",2023,10974.0
48475,"Ward, TX",2024,11038.0
48477,"Washington, TX",2019,35682.0
48477,"Washington, TX",2020,35802.0
48477,"Washington, TX",2021,35955.0
48477,"Washington, TX",2022,36382.0
48477,"Washington, TX",2023,37286.0
48477,"Washington, TX",2024,37810.0
48479,"Webb, TX",2019,266718.0
48479,"Webb, TX",2020,267368.0
48479,"Webb, TX",2021,267465.0
48479,"Webb, TX",2022,268276.0
48479,"Webb, TX",2023,270538.0
48479,"Webb, TX",2024,272823.0
48481,"Wharton, TX",2019,41573.0
48481,"Wharton, TX",2020,41586.0
48481,"Wharton, TX",2021,41681.0
48481,"Wharton, TX",2022,41811.0
48481,"Wharton, TX",2023,41855.0
48481,"Wharton, TX",2024,42035.0
48483,"Wheeler, TX",2019,5059.0
48483,"Wheeler, TX",2020,4976.0
48483,"Wheeler, TX",2021,4885.0
48483,"Wheeler, TX",2022,4801.0
48483,"Wheeler, TX",2023,4825.0
48483,"Wheeler, TX",2024,4824.0
48485,"Wichita, TX",2019,128920.0
48485,"Wichita, TX",2020,129624.0
48485,"Wichita, TX",2021,130105.0
48485,"Wichita, TX",2022,130166.0
48485,"Wichita, TX",2023,130102.0
48485,"Wichita, TX",2024,129984.0
48487,"Wilbarger, TX",2019,12981.0
48487,"Wilbarger, TX",2020,12845.0
48487,"Wilbarger, TX",2021,12707.0
48487,"Wilbarger, TX",2022,12544.0
48487,"Wilbarger, TX",2023,12529.0
48487,"Wilbarger, TX",2024,12455.0
48489,"Willacy, TX",2019,20334.0
48489,"Willacy, TX",2020,20141.0
48489,"Willacy, TX",2021,20292.0
48489,"Willacy, TX",2022,20231.0
48489,"Willacy, TX",2023,20003.0
48489,"Willacy, TX",2024,20027.0
48491,"Williamson, TX",2019,589365.0
48491,"Williamson, TX",2020,615631.0
48491,"Williamson, TX",2021,644740.0
48491,"Williamson, TX",2022,673951.0
48491,"Williamson, TX",2023,701640.0
48491,"Williamson, TX",2024,727480.0
48493,"Wilson, TX",2019,49101.0
48493,"Wilson, TX",2020,50051.0
48493,"Wilson, TX",2021,51311.0
48493,"Wilson, TX",2022,52772.0
48493,"Wilson, TX",2023,54354.0
48493,"Wilson, TX",2024,55415.0
48495,"Winkler, TX",2019,7884.0
48495,"Winkler, TX",2020,7754.0
48495,"Winkler, TX",2021,7383.0
48495,"Winkler, TX",2022,7305.0
48495,"Winkler, TX",2023,7447.0
48495,"Winkler, TX",2024,7381.0
48497,"Wise, TX",2019,67886.0
48497,"Wise, TX",2020,68936.0
48497,"Wise, TX",2021,71862.0
48497,"Wise, TX",2022,74900.0
48497,"Wise, TX",2023,78051.0
48497,"Wise, TX",2024,81275.0
48499,"Wood, TX",2019,44468.0
48499,"Wood, TX",2020,45038.0
48499,"Wood, TX",2021,46075.0
48499,"Wood, TX",2022,46967.0
48499,"Wood, TX",2023,47981.0
48499,"Wood, TX",2024,48742.0
48501,"Yoakum, TX",2019,7778.0
48501,"Yoakum, TX",2020,7673.0
48501,"Yoakum, TX",2021,7562.0
48501,"Yoakum, TX",2022,7523.0
48501,"Yoakum, TX",2023,7517.0
48501,"Yoakum, TX",2024,7581.0
48503,"Young, TX",2019,17896.0
48503,"Young, TX",2020,17844.0
48503,"Young, TX",2021,17938.0
48503,"Young, TX",2022,17998.0
48503,"Young, TX",2023,18131.0
48503,"Young, TX",2024,18236.0
48505,"Zapata, TX",2019,13946.0
48505,"Zapata, TX",2020,13875.0
48505,"Zapata, TX",2021,13887.0
48505,"Zapata, TX",2022,13841.0
48505,"Zapata, TX",2023,13782.0
48505,"Zapata, TX",2024,13819.0
48507,"Zavala, TX",2019,9823.0
48507,"Zavala, TX",2020,9660.0
48507,"Zavala, TX",2021,9472.0
48507,"Zavala, TX",2022,9382.0
48507,"Zavala, TX",2023,9339.0
48507,"Zavala, TX",2024,9209.0
49001,"Beaver, UT",2019,7008.0
49001,"Beaver, UT",2020,7088.0
49001,"Beaver, UT",2021,7216.0
49001,"Beaver, UT",2022,7348.0
49001,"Beaver, UT",2023,7291.0
49001,"Beaver, UT",2024,7424.0
49003,"Box Elder, UT",2019,56745.0
49003,"Box Elder, UT",2020,57948.0
49003,"Box Elder, UT",2021,59694.0
49003,"Box Elder, UT",2022,61590.0
49003,"Box Elder, UT",2023,62878.0
49003,"Box Elder, UT",2024,64120.0
49005,"Cache, UT",2019,131536.0
49005,"Cache, UT",2020,133629.0
49005,"Cache, UT",2021,137470.0
49005,"Cache, UT",2022,140450.0
49005,"Cache, UT",2023,143193.0
49005,"Cache, UT",2024,145487.0
49007,"Carbon, UT",2019,20188.0
49007,"Carbon, UT",2020,20480.0
49007,"Carbon, UT",2021,20355.0
49007,"Carbon, UT",2022,20530.0
49007,"Carbon, UT",2023,20607.0
49007,"Carbon, UT",2024,20613.0
49009,"Daggett, UT",2019,894.0
49009,"Daggett, UT",2020,952.0
49009,"Daggett, UT",2021,982.0
49009,"Daggett, UT",2022,1011.0
49009,"Daggett, UT",2023,983.0
49009,"Daggett, UT",2024,956.0
49011,"Davis, UT",2019,359269.0
49011,"Davis, UT",2020,363768.0
49011,"Davis, UT",2021,367529.0
49011,"Davis, UT",2022,370424.0
49011,"Davis, UT",2023,374430.0
49011,"Davis, UT",2024,378470.0
49013,"Duchesne, UT",2019,19590.0
49013,"Duchesne, UT",2020,19625.0
49013,"Duchesne, UT",2021,19800.0
49013,"Duchesne, UT",2022,20158.0
49013,"Duchesne, UT",2023,20541.0
49013,"Duchesne, UT",2024,20803.0
49015,"Emery, UT",2019,9782.0
49015,"Emery, UT",2020,9848.0
49015,"Emery, UT",2021,9967.0
49015,"Emery, UT",2022,10104.0
49015,"Emery, UT",2023,10149.0
49015,"Emery, UT",2024,10161.0
49017,"Garfield, UT",2019,5041.0
49017,"Garfield, UT",2020,5098.0
49017,"Garfield, UT",2021,5122.0
49017,"Garfield, UT",2022,5264.0
49017,"Garfield, UT",2023,5320.0
49017,"Garfield, UT",2024,5290.0
49019,"Grand, UT",2019,9655.0
49019,"Grand, UT",2020,9683.0
49019,"Grand, UT",2021,9680.0
49019,"Grand, UT",2022,9809.0
49019,"Grand, UT",2023,9810.0
49019,"Grand, UT",2024,9788.0
49021,"Iron, UT",2019,56017.0
49021,"Iron, UT",2020,57711.0
49021,"Iron, UT",2021,60520.0
49021,"Iron, UT",2022,62607.0
49021,"Iron, UT",2023,64485.0
49021,"Iron, UT",2024,65936.0
49023,"Juab, UT",2019,11696.0
49023,"Juab, UT",2020,11826.0
49023,"Juab, UT",2021,12214.0
49023,"Juab, UT",2022,12575.0
49023,"Juab, UT",2023,13016.0
49023,"Juab, UT",2024,13297.0
49025,"Kane, UT",2019,7660.0
49025,"Kane, UT",2020,7688.0
49025,"Kane, UT",2021,7981.0
49025,"Kane, UT",2022,8208.0
49025,"Kane, UT",2023,8446.0
49025,"Kane, UT",2024,8525.0
49027,"Millard, UT",2019,12824.0
49027,"Millard, UT",2020,13055.0
49027,"Millard, UT",2021,13189.0
49027,"Millard, UT",2022,13328.0
49027,"Millard, UT",2023,13432.0
49027,"Millard, UT",2024,13572.0
49029,"Morgan, UT",2019,12041.0
49029,"Morgan, UT",2020,12386.0
49029,"Morgan, UT",2021,12668.0
49029,"Morgan, UT",2022,12860.0
49029,"Morgan, UT",2023,13004.0
49029,"Morgan, UT",2024,13093.0
49031,"Piute, UT",2019,1442.0
49031,"Piute, UT",2020,1438.0
49031,"Piute, UT",2021,1491.0
49031,"Piute, UT",2022,1493.0
49031,"Piute, UT",2023,1546.0
49031,"Piute, UT",2024,1534.0
49033,"Rich, UT",2019,2515.0
49033,"Rich, UT",2020,2504.0
49033,"Rich, UT",2021,2599.0
49033,"Rich, UT",2022,2634.0
49033,"Rich, UT",2023,2665.0
49033,"Rich, UT",2024,2752.0
49035,"Salt Lake, UT",2019,1177942.0
49035,"Salt Lake, UT",2020,1187028.0
49035,"Salt Lake, UT",2021,1186513.0
49035,"Salt Lake, UT",2022,1192255.0
49035,"Salt Lake, UT",2023,1200544.0
49035,"Salt Lake, UT",2024,1216274.0
49037,"San Juan, UT",2019,14528.0
49037,"San Juan, UT",2020,14518.0
49037,"San Juan, UT",2021,14494.0
49037,"San Juan, UT",2022,14411.0
49037,"San Juan, UT",2023,14390.0
49037,"San Juan, UT",2024,14601.0
49039,"Sanpete, UT",2019,28339.0
49039,"Sanpete, UT",2020,28524.0
49039,"Sanpete, UT",2021,29128.0
49039,"Sanpete, UT",2022,29762.0
49039,"Sanpete, UT",2023,30450.0
49039,"Sanpete, UT",2024,30732.0
49041,"Sevier, UT",2019,21412.0
49041,"Sevier, UT",2020,21564.0
49041,"Sevier, UT",2021,21909.0
49041,"Sevier, UT",2022,22065.0
49041,"Sevier, UT",2023,22367.0
49041,"Sevier, UT",2024,22520.0
49043,"Summit, UT",2019,42056.0
49043,"Summit, UT",2020,42485.0
49043,"Summit, UT",2021,43182.0
49043,"Summit, UT",2022,43134.0
49043,"Summit, UT",2023,42939.0
49043,"Summit, UT",2024,43109.0
49045,"Tooele, UT",2019,70985.0
49045,"Tooele, UT",2020,73351.0
49045,"Tooele, UT",2021,76777.0
49045,"Tooele, UT",2022,79981.0
49045,"Tooele, UT",2023,82137.0
49045,"Tooele, UT",2024,84488.0
49047,"Uintah, UT",2019,35528.0
49047,"Uintah, UT",2020,35675.0
49047,"Uintah, UT",2021,36235.0
49047,"Uintah, UT",2022,37162.0
49047,"Uintah, UT",2023,37903.0
49047,"Uintah, UT",2024,38307.0
49049,"Utah, UT",2019,646750.0
49049,"Utah, UT",2020,663606.0
49049,"Utah, UT",2021,686038.0
49049,"Utah, UT",2022,704764.0
49049,"Utah, UT",2023,725359.0
49049,"Utah, UT",2024,747234.0
49051,"Wasatch, UT",2019,34000.0
49051,"Wasatch, UT",2020,35063.0
49051,"Wasatch, UT",2021,36257.0
49051,"Wasatch, UT",2022,36731.0
49051,"Wasatch, UT",2023,37303.0
49051,"Wasatch, UT",2024,37858.0
49053,"Washington, UT",2019,175195.0
49053,"Washington, UT",2020,182029.0
49053,"Washington, UT",2021,191552.0
49053,"Washington, UT",2022,197898.0
49053,"Washington, UT",2023,202735.0
49053,"Washington, UT",2024,207943.0
49055,"Wayne, UT",2019,2474.0
49055,"Wayne, UT",2020,2506.0
49055,"Wayne, UT",2021,2563.0
49055,"Wayne, UT",2022,2632.0
49055,"Wayne, UT",2023,2613.0
49055,"Wayne, UT",2024,2608.0
49057,"Weber, UT",2019,259916.0
49057,"Weber, UT",2020,263001.0
49057,"Weber, UT",2021,266613.0
49057,"Weber, UT",2022,269823.0
49057,"Weber, UT",2023,272686.0
49057,"Weber, UT",2024,276118.0
50001,"Addison, VT",2019,37387.0
50001,"Addison, VT",2020,37354.0
50001,"Addison, VT",2021,37414.0
50001,"Addison, VT",2022,37619.0
50001,"Addison, VT",2023,37886.0
50001,"Addison, VT",2024,38047.0
50003,"Bennington, VT",2019,37290.0
50003,"Bennington, VT",2020,37312.0
50003,"Bennington, VT",2021,37443.0
50003,"Bennington, VT",2022,37367.0
50003,"Bennington, VT",2023,37185.0
50003,"Bennington, VT",2024,37039.0
50005,"Caledonia, VT",2019,30289.0
50005,"Caledonia, VT",2020,30179.0
50005,"Caledonia, VT",2021,30462.0
50005,"Caledonia, VT",2022,30578.0
50005,"Caledonia, VT",2023,30623.0
50005,"Caledonia, VT",2024,30535.0
50007,"Chittenden, VT",2019,167622.0
50007,"Chittenden, VT",2020,168419.0
50007,"Chittenden, VT",2021,169377.0
50007,"Chittenden, VT",2022,170050.0
50007,"Chittenden, VT",2023,170092.0
50007,"Chittenden, VT",2024,170851.0
50009,"Essex, VT",2019,5945.0
50009,"Essex, VT",2020,5920.0
50009,"Essex, VT",2021,5970.0
50009,"Essex, VT",2022,5988.0
50009,"Essex, VT",2023,5993.0
50009,"Essex, VT",2024,6037.0
50011,"Franklin, VT",2019,49662.0
50011,"Franklin, VT",2020,50049.0
50011,"Franklin, VT",2021,50441.0
50011,"Franklin, VT",2022,50732.0
50011,"Franklin, VT",2023,50902.0
50011,"Franklin, VT",2024,51066.0
50013,"Grand Isle, VT",2019,7310.0
50013,"Grand Isle, VT",2020,7275.0
50013,"Grand Isle, VT",2021,7428.0
50013,"Grand Isle, VT",2022,7508.0
50013,"Grand Isle, VT",2023,7509.0
50013,"Grand Isle, VT",2024,7528.0
50015,"Lamoille, VT",2019,25956.0
50015,"Lamoille, VT",2020,25925.0
50015,"Lamoille, VT",2021,26156.0
50015,"Lamoille, VT",2022,26177.0
50015,"Lamoille, VT",2023,26233.0
50015,"Lamoille, VT",2024,26248.0
50017,"Orange, VT",2019,29215.0
50017,"Orange, VT",2020,29295.0
50017,"Orange, VT",2021,29636.0
50017,"Orange, VT",2022,29892.0
50017,"Orange, VT",2023,29930.0
50017,"Orange, VT",2024,30050.0
50019,"Orleans, VT",2019,27389.0
50019,"Orleans, VT",2020,27401.0
50019,"Orleans, VT",2021,27590.0
50019,"Orleans, VT",2022,27618.0
50019,"Orleans, VT",2023,27697.0
50019,"Orleans, VT",2024,27726.0
50021,"Rutland, VT",2019,60617.0
50021,"Rutland, VT",2020,60464.0
50021,"Rutland, VT",2021,60713.0
50021,"Rutland, VT",2022,60381.0
50021,"Rutland, VT",2023,60369.0
50021,"Rutland, VT",2024,60198.0
50023,"Washington, VT",2019,59789.0
50023,"Washington, VT",2020,59770.0
50023,"Washington, VT",2021,60050.0
50023,"Washington, VT",2022,60165.0
50023,"Washington, VT",2023,60258.0
50023,"Washington, VT",2024,59844.0
50025,"Windham, VT",2019,45774.0
50025,"Windham, VT",2020,45878.0
50025,"Windham, VT",2021,46174.0
50025,"Windham, VT",2022,45951.0
50025,"Windham, VT",2023,45985.0
50025,"Windham, VT",2024,45627.0
50027,"Windsor, VT",2019,57602.0
50027,"Windsor, VT",2020,57736.0
50027,"Windsor, VT",2021,58356.0
50027,"Windsor, VT",2022,58116.0
50027,"Windsor, VT",2023,58046.0
50027,"Windsor, VT",2024,57697.0
51001,"Accomack, VA",2019,33348.0
51001,"Accomack, VA",2020,33397.0
51001,"Accomack, VA",2021,33422.0
51001,"Accomack, VA",2022,33157.0
51001,"Accomack, VA",2023,33288.0
51001,"Accomack, VA",2024,33411.0
51007,"Amelia, VA",2019,13252.0
51007,"Amelia, VA",2020,13267.0
51007,"Amelia, VA",2021,13311.0
51007,"Amelia, VA",2022,13419.0
51007,"Amelia, VA",2023,13596.0
51007,"Amelia, VA",2024,13716.0
51009,"Amherst, VA",2019,31304.0
51009,"Amherst, VA",2020,31313.0
51009,"Amherst, VA",2021,31391.0
51009,"Amherst, VA",2022,31512.0
51009,"Amherst, VA",2023,31559.0
51009,"Amherst, VA",2024,31650.0
51011,"Appomattox, VA",2019,15976.0
51011,"Appomattox, VA",2020,16158.0
51011,"Appomattox, VA",2021,16405.0
51011,"Appomattox, VA",2022,16696.0
51011,"Appomattox, VA",2023,16835.0
51011,"Appomattox, VA",2024,16957.0
51013,"Arlington, VA",2019,237278.0
51013,"Arlington, VA",2020,238829.0
51013,"Arlington, VA",2021,233478.0
51013,"Arlington, VA",2022,233976.0
51013,"Arlington, VA",2023,235181.0
51013,"Arlington, VA",2024,239807.0
51017,"Bath, VA",2019,4234.0
51017,"Bath, VA",2020,4188.0
51017,"Bath, VA",2021,4094.0
51017,"Bath, VA",2022,4077.0
51017,"Bath, VA",2023,4070.0
51017,"Bath, VA",2024,4071.0
51019,"Bedford, VA*",2019,79121.0
51019,"Bedford, VA*",2020,79581.0
51019,"Bedford, VA*",2021,80281.0
51019,"Bedford, VA*",2022,80798.0
51019,"Bedford, VA*",2023,81628.0
51019,"Bedford, VA*",2024,82182.0
51021,"Bland, VA",2019,6300.0
51021,"Bland, VA",2020,6256.0
51021,"Bland, VA",2021,6179.0
51021,"Bland, VA",2022,6151.0
51021,"Bland, VA",2023,6221.0
51021,"Bland, VA",2024,6186.0
51023,"Botetourt, VA",2019,33453.0
51023,"Botetourt, VA",2020,33641.0
51023,"Botetourt, VA",2021,34002.0
51023,"Botetourt, VA",2022,34092.0
51023,"Botetourt, VA",2023,34154.0
51023,"Botetourt, VA",2024,34129.0
51025,"Brunswick, VA",2019,15957.0
51025,"Brunswick, VA",2020,15827.0
51025,"Brunswick, VA",2021,15969.0
51025,"Brunswick, VA",2022,15856.0
51025,"Brunswick, VA",2023,15801.0
51025,"Brunswick, VA",2024,15750.0
51027,"Buchanan, VA",2019,20685.0
51027,"Buchanan, VA",2020,20250.0
51027,"Buchanan, VA",2021,19886.0
51027,"Buchanan, VA",2022,19329.0
51027,"Buchanan, VA",2023,18978.0
51027,"Buchanan, VA",2024,18632.0
51029,"Buckingham, VA",2019,16813.0
51029,"Buckingham, VA",2020,16830.0
51029,"Buckingham, VA",2021,16957.0
51029,"Buckingham, VA",2022,16983.0
51029,"Buckingham, VA",2023,16988.0
51029,"Buckingham, VA",2024,17115.0
51033,"Caroline, VA",2019,30764.0
51033,"Caroline, VA",2020,30929.0
51033,"Caroline, VA",2021,31418.0
51033,"Caroline, VA",2022,31959.0
51033,"Caroline, VA",2023,32705.0
51033,"Caroline, VA",2024,33477.0
51036,"Charles City, VA",2019,6873.0
51036,"Charles City, VA",2020,6746.0
51036,"Charles City, VA",2021,6611.0
51036,"Charles City, VA",2022,6580.0
51036,"Charles City, VA",2023,6635.0
51036,"Charles City, VA",2024,6564.0
51037,"Charlotte, VA",2019,11547.0
51037,"Charlotte, VA",2020,11539.0
51037,"Charlotte, VA",2021,11500.0
51037,"Charlotte, VA",2022,11427.0
51037,"Charlotte, VA",2023,11387.0
51037,"Charlotte, VA",2024,11258.0
51041,"Chesterfield, VA",2019,360131.0
51041,"Chesterfield, VA",2020,365350.0
51041,"Chesterfield, VA",2021,371022.0
51041,"Chesterfield, VA",2022,378488.0
51041,"Chesterfield, VA",2023,384693.0
51041,"Chesterfield, VA",2024,389793.0
51043,"Clarke, VA",2019,14731.0
51043,"Clarke, VA",2020,14817.0
51043,"Clarke, VA",2021,14947.0
51043,"Clarke, VA",2022,15312.0
51043,"Clarke, VA",2023,15405.0
51043,"Clarke, VA",2024,15598.0
51045,"Craig, VA",2019,4941.0
51045,"Craig, VA",2020,4880.0
51045,"Craig, VA",2021,4891.0
51045,"Craig, VA",2022,4859.0
51045,"Craig, VA",2023,4827.0
51045,"Craig, VA",2024,4829.0
51047,"Culpeper, VA",2019,51945.0
51047,"Culpeper, VA",2020,52766.0
51047,"Culpeper, VA",2021,53779.0
51047,"Culpeper, VA",2022,54250.0
51047,"Culpeper, VA",2023,55065.0
51047,"Culpeper, VA",2024,56125.0
51049,"Cumberland, VA",2019,9716.0
51049,"Cumberland, VA",2020,9679.0
51049,"Cumberland, VA",2021,9719.0
51049,"Cumberland, VA",2022,9755.0
51049,"Cumberland, VA",2023,9875.0
51049,"Cumberland, VA",2024,10062.0
51051,"Dickenson, VA",2019,14279.0
51051,"Dickenson, VA",2020,14077.0
51051,"Dickenson, VA",2021,13867.0
51051,"Dickenson, VA",2022,13714.0
51051,"Dickenson, VA",2023,13594.0
51051,"Dickenson, VA",2024,13411.0
51057,"Essex, VA",2019,10604.0
51057,"Essex, VA",2020,10597.0
51057,"Essex, VA",2021,10572.0
51057,"Essex, VA",2022,10644.0
51057,"Essex, VA",2023,10618.0
51057,"Essex, VA",2024,10683.0
51061,"Fauquier, VA",2019,72746.0
51061,"Fauquier, VA",2020,73010.0
51061,"Fauquier, VA",2021,74068.0
51061,"Fauquier, VA",2022,74686.0
51061,"Fauquier, VA",2023,75256.0
51061,"Fauquier, VA",2024,75865.0
51063,"Floyd, VA",2019,15495.0
51063,"Floyd, VA",2020,15473.0
51063,"Floyd, VA",2021,15514.0
51063,"Floyd, VA",2022,15625.0
51063,"Floyd, VA",2023,15693.0
51063,"Floyd, VA",2024,15658.0
51065,"Fluvanna, VA",2019,27112.0
51065,"Fluvanna, VA",2020,27294.0
51065,"Fluvanna, VA",2021,27804.0
51065,"Fluvanna, VA",2022,28134.0
51065,"Fluvanna, VA",2023,28480.0
51065,"Fluvanna, VA",2024,28746.0
51067,"Franklin, VA",2019,54550.0
51067,"Franklin, VA",2020,54475.0
51067,"Franklin, VA",2021,55020.0
51067,"Franklin, VA",2022,55047.0
51067,"Franklin, VA",2023,55471.0
51067,"Franklin, VA",2024,55637.0
51071,"Giles, VA",2019,16796.0
51071,"Giles, VA",2020,16786.0
51071,"Giles, VA",2021,16574.0
51071,"Giles, VA",2022,16430.0
51071,"Giles, VA",2023,16461.0
51071,"Giles, VA",2024,16533.0
51073,"Gloucester, VA",2019,38621.0
51073,"Gloucester, VA",2020,38724.0
51073,"Gloucester, VA",2021,39184.0
51073,"Gloucester, VA",2022,39546.0
51073,"Gloucester, VA",2023,40024.0
51073,"Gloucester, VA",2024,40154.0
51075,"Goochland, VA",2019,24297.0
51075,"Goochland, VA",2020,24873.0
51075,"Goochland, VA",2021,25556.0
51075,"Goochland, VA",2022,26184.0
51075,"Goochland, VA",2023,27216.0
51075,"Goochland, VA",2024,28223.0
51077,"Grayson, VA",2019,15398.0
51077,"Grayson, VA",2020,15279.0
51077,"Grayson, VA",2021,15347.0
51077,"Grayson, VA",2022,15310.0
51077,"Grayson, VA",2023,15235.0
51077,"Grayson, VA",2024,15265.0
51079,"Greene, VA",2019,20310.0
51079,"Greene, VA",2020,20608.0
51079,"Greene, VA",2021,21007.0
51079,"Greene, VA",2022,21026.0
51079,"Greene, VA",2023,21391.0
51079,"Greene, VA",2024,21744.0
51083,"Halifax, VA",2019,34279.0
51083,"Halifax, VA",2020,33928.0
51083,"Halifax, VA",2021,33784.0
51083,"Halifax, VA",2022,33599.0
51083,"Halifax, VA",2023,33434.0
51083,"Halifax, VA",2024,33448.0
51085,"Hanover, VA",2019,109218.0
51085,"Hanover, VA",2020,110207.0
51085,"Hanover, VA",2021,111799.0
51085,"Hanover, VA",2022,112889.0
51085,"Hanover, VA",2023,114193.0
51085,"Hanover, VA",2024,115309.0
51087,"Henrico, VA",2019,333139.0
51087,"Henrico, VA",2020,334939.0
51087,"Henrico, VA",2021,334501.0
51087,"Henrico, VA",2022,334855.0
51087,"Henrico, VA",2023,335729.0
51087,"Henrico, VA",2024,338696.0
51091,"Highland, VA",2019,2206.0
51091,"Highland, VA",2020,2240.0
51091,"Highland, VA",2021,2240.0
51091,"Highland, VA",2022,2303.0
51091,"Highland, VA",2023,2351.0
51091,"Highland, VA",2024,2348.0
51093,"Isle of Wight, VA",2019,38263.0
51093,"Isle of Wight, VA",2020,38710.0
51093,"Isle of Wight, VA",2021,39401.0
51093,"Isle of Wight, VA",2022,40149.0
51093,"Isle of Wight, VA",2023,40667.0
51093,"Isle of Wight, VA",2024,40942.0
51097,"King and Queen, VA",2019,6683.0
51097,"King and Queen, VA",2020,6589.0
51097,"King and Queen, VA",2021,6672.0
51097,"King and Queen, VA",2022,6721.0
51097,"King and Queen, VA",2023,6746.0
51097,"King and Queen, VA",2024,6747.0
51099,"King George, VA",2019,26456.0
51099,"King George, VA",2020,26827.0
51099,"King George, VA",2021,27548.0
51099,"King George, VA",2022,27867.0
51099,"King George, VA",2023,28422.0
51099,"King George, VA",2024,28816.0
51101,"King William, VA",2019,17445.0
51101,"King William, VA",2020,17922.0
51101,"King William, VA",2021,18249.0
51101,"King William, VA",2022,18528.0
51101,"King William, VA",2023,19035.0
51101,"King William, VA",2024,19232.0
51103,"Lancaster, VA",2019,10880.0
51103,"Lancaster, VA",2020,10905.0
51103,"Lancaster, VA",2021,10943.0
51103,"Lancaster, VA",2022,10838.0
51103,"Lancaster, VA",2023,10927.0
51103,"Lancaster, VA",2024,11062.0
51105,"Lee, VA",2019,22471.0
51105,"Lee, VA",2020,22107.0
51105,"Lee, VA",2021,22009.0
51105,"Lee, VA",2022,21842.0
51105,"Lee, VA",2023,21761.0
51105,"Lee, VA",2024,21780.0
51107,"Loudoun, VA",2019,414764.0
51107,"Loudoun, VA",2020,422723.0
51107,"Loudoun, VA",2021,428827.0
51107,"Loudoun, VA",2022,432897.0
51107,"Loudoun, VA",2023,437164.0
51107,"Loudoun, VA",2024,443380.0
51109,"Louisa, VA",2019,37126.0
51109,"Louisa, VA",2020,37784.0
51109,"Louisa, VA",2021,39011.0
51109,"Louisa, VA",2022,39986.0
51109,"Louisa, VA",2023,41008.0
51109,"Louisa, VA",2024,42109.0
51111,"Lunenburg, VA",2019,11939.0
51111,"Lunenburg, VA",2020,11950.0
51111,"Lunenburg, VA",2021,12007.0
51111,"Lunenburg, VA",2022,12020.0
51111,"Lunenburg, VA",2023,12042.0
51111,"Lunenburg, VA",2024,12060.0
51113,"Madison, VA",2019,13701.0
51113,"Madison, VA",2020,13861.0
51113,"Madison, VA",2021,13959.0
51113,"Madison, VA",2022,14013.0
51113,"Madison, VA",2023,14135.0
51113,"Madison, VA",2024,14252.0
51115,"Mathews, VA",2019,8549.0
51115,"Mathews, VA",2020,8519.0
51115,"Mathews, VA",2021,8545.0
51115,"Mathews, VA",2022,8467.0
51115,"Mathews, VA",2023,8568.0
51115,"Mathews, VA",2024,8602.0
51117,"Mecklenburg, VA",2019,30359.0
51117,"Mecklenburg, VA",2020,30283.0
51117,"Mecklenburg, VA",2021,30338.0
51117,"Mecklenburg, VA",2022,30511.0
51117,"Mecklenburg, VA",2023,30622.0
51117,"Mecklenburg, VA",2024,30824.0
51119,"Middlesex, VA",2019,10608.0
51119,"Middlesex, VA",2020,10611.0
51119,"Middlesex, VA",2021,10778.0
51119,"Middlesex, VA",2022,10958.0
51119,"Middlesex, VA",2023,10938.0
51119,"Middlesex, VA",2024,10949.0
51125,"Nelson, VA",2019,14846.0
51125,"Nelson, VA",2020,14739.0
51125,"Nelson, VA",2021,14839.0
51125,"Nelson, VA",2022,14692.0
51125,"Nelson, VA",2023,14625.0
51125,"Nelson, VA",2024,14766.0
51127,"New Kent, VA",2019,22472.0
51127,"New Kent, VA",2020,23126.0
51127,"New Kent, VA",2021,23970.0
51127,"New Kent, VA",2022,25000.0
51127,"New Kent, VA",2023,26211.0
51127,"New Kent, VA",2024,27218.0
51131,"Northampton, VA",2019,12311.0
51131,"Northampton, VA",2020,12215.0
51131,"Northampton, VA",2021,12070.0
51131,"Northampton, VA",2022,11974.0
51131,"Northampton, VA",2023,12026.0
51131,"Northampton, VA",2024,12004.0
51133,"Northumberland, VA",2019,11847.0
51133,"Northumberland, VA",2020,11837.0
51133,"Northumberland, VA",2021,12053.0
51133,"Northumberland, VA",2022,12263.0
51133,"Northumberland, VA",2023,12388.0
51133,"Northumberland, VA",2024,12397.0
51135,"Nottoway, VA",2019,15636.0
51135,"Nottoway, VA",2020,15645.0
51135,"Nottoway, VA",2021,15576.0
51135,"Nottoway, VA",2022,15561.0
51135,"Nottoway, VA",2023,15570.0
51135,"Nottoway, VA",2024,15632.0
51137,"Orange, VA",2019,35754.0
51137,"Orange, VA",2020,36396.0
51137,"Orange, VA",2021,37224.0
51137,"Orange, VA",2022,38019.0
51137,"Orange, VA",2023,38487.0
51137,"Orange, VA",2024,38986.0
51139,"Page, VA",2019,23717.0
51139,"Page, VA",2020,23689.0
51139,"Page, VA",2021,23829.0
51139,"Page, VA",2022,23747.0
51139,"Page, VA",2023,23682.0
51139,"Page, VA",2024,23686.0
51141,"Patrick, VA",2019,17665.0
51141,"Patrick, VA",2020,17591.0
51141,"Patrick, VA",2021,17654.0
51141,"Patrick, VA",2022,17569.0
51141,"Patrick, VA",2023,17440.0
51141,"Patrick, VA",2024,17308.0
51145,"Powhatan, VA",2019,30017.0
51145,"Powhatan, VA",2020,30451.0
51145,"Powhatan, VA",2021,31238.0
51145,"Powhatan, VA",2022,31582.0
51145,"Powhatan, VA",2023,32113.0
51145,"Powhatan, VA",2024,32392.0
51147,"Prince Edward, VA",2019,21790.0
51147,"Prince Edward, VA",2020,21893.0
51147,"Prince Edward, VA",2021,21955.0
51147,"Prince Edward, VA",2022,21856.0
51147,"Prince Edward, VA",2023,21998.0
51147,"Prince Edward, VA",2024,22276.0
51155,"Pulaski, VA",2019,33839.0
51155,"Pulaski, VA",2020,33800.0
51155,"Pulaski, VA",2021,33809.0
51155,"Pulaski, VA",2022,33639.0
51155,"Pulaski, VA",2023,33607.0
51155,"Pulaski, VA",2024,33579.0
51157,"Rappahannock, VA",2019,7412.0
51157,"Rappahannock, VA",2020,7323.0
51157,"Rappahannock, VA",2021,7435.0
51157,"Rappahannock, VA",2022,7445.0
51157,"Rappahannock, VA",2023,7455.0
51157,"Rappahannock, VA",2024,7479.0
51159,"Richmond, VA",2019,8923.0
51159,"Richmond, VA",2020,8918.0
51159,"Richmond, VA",2021,9079.0
51159,"Richmond, VA",2022,9099.0
51159,"Richmond, VA",2023,9162.0
51159,"Richmond, VA",2024,9215.0
51167,"Russell, VA",2019,25915.0
51167,"Russell, VA",2020,25756.0
51167,"Russell, VA",2021,25574.0
51167,"Russell, VA",2022,25440.0
51167,"Russell, VA",2023,25502.0
51167,"Russell, VA",2024,25420.0
51169,"Scott, VA",2019,21543.0
51169,"Scott, VA",2020,21586.0
51169,"Scott, VA",2021,21479.0
51169,"Scott, VA",2022,21497.0
51169,"Scott, VA",2023,21444.0
51169,"Scott, VA",2024,21388.0
51171,"Shenandoah, VA",2019,43866.0
51171,"Shenandoah, VA",2020,44256.0
51171,"Shenandoah, VA",2021,44837.0
51171,"Shenandoah, VA",2022,44905.0
51171,"Shenandoah, VA",2023,45185.0
51171,"Shenandoah, VA",2024,45441.0
51173,"Smyth, VA",2019,29887.0
51173,"Smyth, VA",2020,29780.0
51173,"Smyth, VA",2021,29605.0
51173,"Smyth, VA",2022,29393.0
51173,"Smyth, VA",2023,29187.0
51173,"Smyth, VA",2024,29137.0
51179,"Stafford, VA",2019,154579.0
51179,"Stafford, VA",2020,157767.0
51179,"Stafford, VA",2021,161588.0
51179,"Stafford, VA",2022,163233.0
51179,"Stafford, VA",2023,165821.0
51179,"Stafford, VA",2024,168919.0
51181,"Surry, VA",2019,6572.0
51181,"Surry, VA",2020,6551.0
51181,"Surry, VA",2021,6535.0
51181,"Surry, VA",2022,6506.0
51181,"Surry, VA",2023,6575.0
51181,"Surry, VA",2024,6579.0
51183,"Sussex, VA",2019,10966.0
51183,"Sussex, VA",2020,10798.0
51183,"Sussex, VA",2021,10828.0
51183,"Sussex, VA",2022,10652.0
51183,"Sussex, VA",2023,10794.0
51183,"Sussex, VA",2024,10753.0
51185,"Tazewell, VA",2019,40596.0
51185,"Tazewell, VA",2020,40411.0
51185,"Tazewell, VA",2021,39960.0
51185,"Tazewell, VA",2022,39650.0
51185,"Tazewell, VA",2023,39222.0
51185,"Tazewell, VA",2024,38875.0
51187,"Warren, VA",2019,40516.0
51187,"Warren, VA",2020,40797.0
51187,"Warren, VA",2021,40977.0
51187,"Warren, VA",2022,41436.0
51187,"Warren, VA",2023,41982.0
51187,"Warren, VA",2024,42461.0
51193,"Westmoreland, VA",2019,18358.0
51193,"Westmoreland, VA",2020,18505.0
51193,"Westmoreland, VA",2021,18768.0
51193,"Westmoreland, VA",2022,18704.0
51193,"Westmoreland, VA",2023,18918.0
51193,"Westmoreland, VA",2024,19235.0
51197,"Wythe, VA",2019,28321.0
51197,"Wythe, VA",2020,28322.0
51197,"Wythe, VA",2021,28205.0
51197,"Wythe, VA",2022,28143.0
51197,"Wythe, VA",2023,28171.0
51197,"Wythe, VA",2024,28100.0
51510,"Alexandria (Independent City), VA",2019,159599.0
51510,"Alexandria (Independent City), VA",2020,159144.0
51510,"Alexandria (Independent City), VA",2021,155129.0
51510,"Alexandria (Independent City), VA",2022,155235.0
51510,"Alexandria (Independent City), VA",2023,156271.0
51510,"Alexandria (Independent City), VA",2024,159102.0
51550,"Chesapeake (Independent City), VA",2019,247900.0
51550,"Chesapeake (Independent City), VA",2020,249726.0
51550,"Chesapeake (Independent City), VA",2021,251732.0
51550,"Chesapeake (Independent City), VA",2022,252493.0
51550,"Chesapeake (Independent City), VA",2023,253967.0
51550,"Chesapeake (Independent City), VA",2024,254997.0
51650,"Hampton (Independent City), VA",2019,136638.0
51650,"Hampton (Independent City), VA",2020,137282.0
51650,"Hampton (Independent City), VA",2021,137780.0
51650,"Hampton (Independent City), VA",2022,137970.0
51650,"Hampton (Independent City), VA",2023,137157.0
51650,"Hampton (Independent City), VA",2024,137596.0
51700,"Newport News (Independent City), VA",2019,186155.0
51700,"Newport News (Independent City), VA",2020,186052.0
51700,"Newport News (Independent City), VA",2021,184717.0
51700,"Newport News (Independent City), VA",2022,184004.0
51700,"Newport News (Independent City), VA",2023,183249.0
51700,"Newport News (Independent City), VA",2024,183056.0
51710,"Norfolk (Independent City), VA",2019,238879.0
51710,"Norfolk (Independent City), VA",2020,237813.0
51710,"Norfolk (Independent City), VA",2021,234920.0
51710,"Norfolk (Independent City), VA",2022,232766.0
51710,"Norfolk (Independent City), VA",2023,231378.0
51710,"Norfolk (Independent City), VA",2024,231105.0
51740,"Portsmouth (Independent City), VA",2019,97287.0
51740,"Portsmouth (Independent City), VA",2020,97997.0
51740,"Portsmouth (Independent City), VA",2021,97700.0
51740,"Portsmouth (Independent City), VA",2022,96989.0
51740,"Portsmouth (Independent City), VA",2023,96782.0
51740,"Portsmouth (Independent City), VA",2024,96482.0
51760,"Richmond (Independent City), VA",2019,225993.0
51760,"Richmond (Independent City), VA",2020,226923.0
51760,"Richmond (Independent City), VA",2021,227164.0
51760,"Richmond (Independent City), VA",2022,228670.0
51760,"Richmond (Independent City), VA",2023,230383.0
51760,"Richmond (Independent City), VA",2024,233655.0
51770,"Roanoke (Independent City), VA",2019,100031.0
51770,"Roanoke (Independent City), VA",2020,99898.0
51770,"Roanoke (Independent City), VA",2021,98717.0
51770,"Roanoke (Independent City), VA",2022,97743.0
51770,"Roanoke (Independent City), VA",2023,97503.0
51770,"Roanoke (Independent City), VA",2024,97912.0
51800,"Suffolk (Independent City), VA",2019,93006.0
51800,"Suffolk (Independent City), VA",2020,94794.0
51800,"Suffolk (Independent City), VA",2021,96400.0
51800,"Suffolk (Independent City), VA",2022,98630.0
51800,"Suffolk (Independent City), VA",2023,101050.0
51800,"Suffolk (Independent City), VA",2024,103105.0
51810,"Virginia Beach (Independent City), VA",2019,458285.0
51810,"Virginia Beach (Independent City), VA",2020,459673.0
51810,"Virginia Beach (Independent City), VA",2021,458599.0
51810,"Virginia Beach (Independent City), VA",2022,454886.0
51810,"Virginia Beach (Independent City), VA",2023,453779.0
51810,"Virginia Beach (Independent City), VA",2024,454808.0
51901,"Albemarle + Charlottesville, VA*",2019,158372.0
51901,"Albemarle + Charlottesville, VA*",2020,158994.0
51901,"Albemarle + Charlottesville, VA*",2021,159652.0
51901,"Albemarle + Charlottesville, VA*",2022,160148.0
51901,"Albemarle + Charlottesville, VA*",2023,160904.0
51901,"Albemarle + Charlottesville, VA*",2024,162080.0
51903,"Alleghany + Covington, VA*",2019,21042.0
51903,"Alleghany + Covington, VA*",2020,20939.0
51903,"Alleghany + Covington, VA*",2021,20722.0
51903,"Alleghany + Covington, VA*",2022,20432.0
51903,"Alleghany + Covington, VA*",2023,20309.0
51903,"Alleghany + Covington, VA*",2024,20295.0
51907,"Augusta, Staunton + Waynesboro, VA*",2019,124525.0
51907,"Augusta, Staunton + Waynesboro, VA*",2020,125675.0
51907,"Augusta, Staunton + Waynesboro, VA*",2021,126083.0
51907,"Augusta, Staunton + Waynesboro, VA*",2022,126603.0
51907,"Augusta, Staunton + Waynesboro, VA*",2023,127269.0
51907,"Augusta, Staunton + Waynesboro, VA*",2024,128481.0
51911,"Campbell + Lynchburg, VA*",2019,134980.0
51911,"Campbell + Lynchburg, VA*",2020,134603.0
51911,"Campbell + Lynchburg, VA*",2021,134460.0
51911,"Campbell + Lynchburg, VA*",2022,134314.0
51911,"Campbell + Lynchburg, VA*",2023,135023.0
51911,"Campbell + Lynchburg, VA*",2024,135643.0
51913,"Carroll + Galax, VA*",2019,35878.0
51913,"Carroll + Galax, VA*",2020,35862.0
51913,"Carroll + Galax, VA*",2021,35757.0
51913,"Carroll + Galax, VA*",2022,35820.0
51913,"Carroll + Galax, VA*",2023,36001.0
51913,"Carroll + Galax, VA*",2024,35981.0
51918,"Dinwiddie, Colonial Heights + Petersburg, VA*",2019,79426.0
51918,"Dinwiddie, Colonial Heights + Petersburg, VA*",2020,79453.0
51918,"Dinwiddie, Colonial Heights + Petersburg, VA*",2021,79629.0
51918,"Dinwiddie, Colonial Heights + Petersburg, VA*",2022,79858.0
51918,"Dinwiddie, Colonial Heights + Petersburg, VA*",2023,80151.0
51918,"Dinwiddie, Colonial Heights + Petersburg, VA*",2024,81308.0
51919,"Fairfax, Fairfax City + Falls Church, VA*",2019,1189262.0
51919,"Fairfax, Fairfax City + Falls Church, VA*",2020,1187536.0
51919,"Fairfax, Fairfax City + Falls Church, VA*",2021,1181257.0
51919,"Fairfax, Fairfax City + Falls Church, VA*",2022,1179864.0
51919,"Fairfax, Fairfax City + Falls Church, VA*",2023,1186908.0
51919,"Fairfax, Fairfax City + Falls Church, VA*",2024,1202299.0
51921,"Frederick + Winchester, VA*",2019,118418.0
51921,"Frederick + Winchester, VA*",2020,119910.0
51921,"Frederick + Winchester, VA*",2021,122097.0
51921,"Frederick + Winchester, VA*",2022,122758.0
51921,"Frederick + Winchester, VA*",2023,123932.0
51921,"Frederick + Winchester, VA*",2024,125909.0
51923,"Greensville + Emporia, VA*",2019,17226.0
51923,"Greensville + Emporia, VA*",2020,17090.0
51923,"Greensville + Emporia, VA*",2021,17052.0
51923,"Greensville + Emporia, VA*",2022,16756.0
51923,"Greensville + Emporia, VA*",2023,16653.0
51923,"Greensville + Emporia, VA*",2024,16552.0
51929,"Henry + Martinsville, VA*",2019,64639.0
51929,"Henry + Martinsville, VA*",2020,64324.0
51929,"Henry + Martinsville, VA*",2021,63807.0
51929,"Henry + Martinsville, VA*",2022,63451.0
51929,"Henry + Martinsville, VA*",2023,63389.0
51929,"Henry + Martinsville, VA*",2024,63219.0
51931,"James City + Williamsburg, VA*",2019,92783.0
51931,"James City + Williamsburg, VA*",2020,93960.0
51931,"James City + Williamsburg, VA*",2021,95624.0
51931,"James City + Williamsburg, VA*",2022,97183.0
51931,"James City + Williamsburg, VA*",2023,98462.0
51931,"James City + Williamsburg, VA*",2024,98827.0
51933,"Montgomery + Radford, VA*",2019,116068.0
51933,"Montgomery + Radford, VA*",2020,115699.0
51933,"Montgomery + Radford, VA*",2021,115333.0
51933,"Montgomery + Radford, VA*",2022,115703.0
51933,"Montgomery + Radford, VA*",2023,116128.0
51933,"Montgomery + Radford, VA*",2024,116271.0
51939,"Pittsylvania + Danville, VA*",2019,103402.0
51939,"Pittsylvania + Danville, VA*",2020,102958.0
51939,"Pittsylvania + Danville, VA*",2021,102354.0
51939,"Pittsylvania + Danville, VA*",2022,101944.0
51939,"Pittsylvania + Danville, VA*",2023,101689.0
51939,"Pittsylvania + Danville, VA*",2024,101403.0
51941,"Prince George + Hopewell, VA*",2019,65672.0
51941,"Prince George + Hopewell, VA*",2020,66098.0
51941,"Prince George + Hopewell, VA*",2021,66023.0
51941,"Prince George + Hopewell, VA*",2022,65915.0
51941,"Prince George + Hopewell, VA*",2023,65931.0
51941,"Prince George + Hopewell, VA*",2024,66559.0
51942,"Prince William, Manassas + Manassas Park, VA*",2019,538517.0
51942,"Prince William, Manassas + Manassas Park, VA*",2020,542722.0
51942,"Prince William, Manassas + Manassas Park, VA*",2021,545297.0
51942,"Prince William, Manassas + Manassas Park, VA*",2022,546908.0
51942,"Prince William, Manassas + Manassas Park, VA*",2023,551113.0
51942,"Prince William, Manassas + Manassas Park, VA*",2024,557230.0
51944,"Roanoke + Salem, VA*",2019,121898.0
51944,"Roanoke + Salem, VA*",2020,122348.0
51944,"Roanoke + Salem, VA*",2021,122128.0
51944,"Roanoke + Salem, VA*",2022,122554.0
51944,"Roanoke + Salem, VA*",2023,122932.0
51944,"Roanoke + Salem, VA*",2024,123242.0
51945,"Rockbridge, Buena Vista + Lexington, VA*",2019,36636.0
51945,"Rockbridge, Buena Vista + Lexington, VA*",2020,36593.0
51945,"Rockbridge, Buena Vista + Lexington, VA*",2021,36718.0
51945,"Rockbridge, Buena Vista + Lexington, VA*",2022,36660.0
51945,"Rockbridge, Buena Vista + Lexington, VA*",2023,36524.0
51945,"Rockbridge, Buena Vista + Lexington, VA*",2024,36751.0
51947,"Rockingham + Harrisonburg, VA*",2019,135480.0
51947,"Rockingham + Harrisonburg, VA*",2020,135484.0
51947,"Rockingham + Harrisonburg, VA*",2021,136032.0
51947,"Rockingham + Harrisonburg, VA*",2022,136597.0
51947,"Rockingham + Harrisonburg, VA*",2023,138008.0
51947,"Rockingham + Harrisonburg, VA*",2024,138838.0
51949,"Southampton + Franklin, VA*",2019,26271.0
51949,"Southampton + Franklin, VA*",2020,26099.0
51949,"Southampton + Franklin, VA*",2021,26184.0
51949,"Southampton + Franklin, VA*",2022,26156.0
51949,"Southampton + Franklin, VA*",2023,26316.0
51949,"Southampton + Franklin, VA*",2024,26314.0
51951,"Spotsylvania + Fredericksburg, VA*",2019,166206.0
51951,"Spotsylvania + Fredericksburg, VA*",2020,168606.0
51951,"Spotsylvania + Fredericksburg, VA*",2021,172472.0
51951,"Spotsylvania + Fredericksburg, VA*",2022,175453.0
51951,"Spotsylvania + Fredericksburg, VA*",2023,178840.0
51951,"Spotsylvania + Fredericksburg, VA*",2024,182013.0
51953,"Washington + Bristol, VA*",2019,71028.0
51953,"Washington + Bristol, VA*",2020,71206.0
51953,"Washington + Bristol, VA*",2021,70827.0
51953,"Washington + Bristol, VA*",2022,70730.0
51953,"Washington + Bristol, VA*",2023,70696.0
51953,"Washington + Bristol, VA*",2024,70414.0
51955,"Wise + Norton, VA*",2019,40099.0
51955,"Wise + Norton, VA*",2020,39747.0
51955,"Wise + Norton, VA*",2021,39319.0
51955,"Wise + Norton, VA*",2022,38918.0
51955,"Wise + Norton, VA*",2023,38692.0
51955,"Wise + Norton, VA*",2024,38451.0
51958,"York + Poquoson, VA*",2019,81896.0
51958,"York + Poquoson, VA*",2020,82711.0
51958,"York + Poquoson, VA*",2021,83752.0
51958,"York + Poquoson, VA*",2022,83833.0
51958,"York + Poquoson, VA*",2023,83659.0
51958,"York + Poquoson, VA*",2024,84264.0
53001,"Adams, WA",2019,20473.0
53001,"Adams, WA",2020,20609.0
53001,"Adams, WA",2021,20653.0
53001,"Adams, WA",2022,20843.0
53001,"Adams, WA",2023,20857.0
53001,"Adams, WA",2024,21039.0
53003,"Asotin, WA",2019,22203.0
53003,"Asotin, WA",2020,22328.0
53003,"Asotin, WA",2021,22476.0
53003,"Asotin, WA",2022,22497.0
53003,"Asotin, WA",2023,22510.0
53003,"Asotin, WA",2024,22523.0
53005,"Benton, WA",2019,204976.0
53005,"Benton, WA",2020,207426.0
53005,"Benton, WA",2021,210627.0
53005,"Benton, WA",2022,212838.0
53005,"Benton, WA",2023,215445.0
53005,"Benton, WA",2024,218190.0
53007,"Chelan, WA",2019,78511.0
53007,"Chelan, WA",2020,79307.0
53007,"Chelan, WA",2021,79854.0
53007,"Chelan, WA",2022,80032.0
53007,"Chelan, WA",2023,80439.0
53007,"Chelan, WA",2024,81228.0
53009,"Clallam, WA",2019,76704.0
53009,"Clallam, WA",2020,77365.0
53009,"Clallam, WA",2021,78476.0
53009,"Clallam, WA",2022,77675.0
53009,"Clallam, WA",2023,77589.0
53009,"Clallam, WA",2024,77958.0
53011,"Clark, WA",2019,496746.0
53011,"Clark, WA",2020,505363.0
53011,"Clark, WA",2021,512662.0
53011,"Clark, WA",2022,517036.0
53011,"Clark, WA",2023,522467.0
53011,"Clark, WA",2024,527269.0
53013,"Columbia, WA",2019,3934.0
53013,"Columbia, WA",2020,3953.0
53013,"Columbia, WA",2021,4019.0
53013,"Columbia, WA",2022,4018.0
53013,"Columbia, WA",2023,4055.0
53013,"Columbia, WA",2024,4025.0
53015,"Cowlitz, WA",2019,109969.0
53015,"Cowlitz, WA",2020,111021.0
53015,"Cowlitz, WA",2021,111701.0
53015,"Cowlitz, WA",2022,112058.0
53015,"Cowlitz, WA",2023,113040.0
53015,"Cowlitz, WA",2024,113982.0
53017,"Douglas, WA",2019,42695.0
53017,"Douglas, WA",2020,43032.0
53017,"Douglas, WA",2021,43847.0
53017,"Douglas, WA",2022,44147.0
53017,"Douglas, WA",2023,45010.0
53017,"Douglas, WA",2024,45795.0
53019,"Ferry, WA",2019,7138.0
53019,"Ferry, WA",2020,7197.0
53019,"Ferry, WA",2021,7290.0
53019,"Ferry, WA",2022,7435.0
53019,"Ferry, WA",2023,7472.0
53019,"Ferry, WA",2024,7543.0
53021,"Franklin, WA",2019,95456.0
53021,"Franklin, WA",2020,97152.0
53021,"Franklin, WA",2021,98107.0
53021,"Franklin, WA",2022,98461.0
53021,"Franklin, WA",2023,99554.0
53021,"Franklin, WA",2024,101238.0
53023,"Garfield, WA",2019,2255.0
53023,"Garfield, WA",2020,2297.0
53023,"Garfield, WA",2021,2348.0
53023,"Garfield, WA",2022,2355.0
53023,"Garfield, WA",2023,2360.0
53023,"Garfield, WA",2024,2404.0
53025,"Grant, WA",2019,97971.0
53025,"Grant, WA",2020,99445.0
53025,"Grant, WA",2021,100437.0
53025,"Grant, WA",2022,101308.0
53025,"Grant, WA",2023,103088.0
53025,"Grant, WA",2024,104717.0
53027,"Grays Harbor, WA",2019,74911.0
53027,"Grays Harbor, WA",2020,75863.0
53027,"Grays Harbor, WA",2021,76859.0
53027,"Grays Harbor, WA",2022,77080.0
53027,"Grays Harbor, WA",2023,77570.0
53027,"Grays Harbor, WA",2024,77893.0
53029,"Island, WA",2019,86206.0
53029,"Island, WA",2020,87007.0
53029,"Island, WA",2021,87581.0
53029,"Island, WA",2022,86744.0
53029,"Island, WA",2023,86369.0
53029,"Island, WA",2024,86478.0
53031,"Jefferson, WA",2019,32638.0
53031,"Jefferson, WA",2020,33061.0
53031,"Jefferson, WA",2021,33558.0
53031,"Jefferson, WA",2022,33597.0
53031,"Jefferson, WA",2023,33725.0
53031,"Jefferson, WA",2024,33944.0
53033,"King, WA",2019,2249466.0
53033,"King, WA",2020,2274349.0
53033,"King, WA",2021,2253242.0
53033,"King, WA",2022,2271238.0
53033,"King, WA",2023,2296813.0
53033,"King, WA",2024,2340211.0
53035,"Kitsap, WA",2019,274904.0
53035,"Kitsap, WA",2020,275832.0
53035,"Kitsap, WA",2021,276629.0
53035,"Kitsap, WA",2022,277876.0
53035,"Kitsap, WA",2023,277650.0
53035,"Kitsap, WA",2024,281420.0
53037,"Kittitas, WA",2019,43640.0
53037,"Kittitas, WA",2020,46823.0
53037,"Kittitas, WA",2021,45653.0
53037,"Kittitas, WA",2022,47368.0
53037,"Kittitas, WA",2023,47845.0
53037,"Kittitas, WA",2024,48172.0
53039,"Klickitat, WA",2019,22514.0
53039,"Klickitat, WA",2020,22820.0
53039,"Klickitat, WA",2021,23177.0
53039,"Klickitat, WA",2022,23248.0
53039,"Klickitat, WA",2023,23688.0
53039,"Klickitat, WA",2024,24124.0
53041,"Lewis, WA",2019,80948.0
53041,"Lewis, WA",2020,82562.0
53041,"Lewis, WA",2021,84590.0
53041,"Lewis, WA",2022,85307.0
53041,"Lewis, WA",2023,86264.0
53041,"Lewis, WA",2024,87049.0
53043,"Lincoln, WA",2019,10765.0
53043,"Lincoln, WA",2020,10927.0
53043,"Lincoln, WA",2021,11285.0
53043,"Lincoln, WA",2022,11609.0
53043,"Lincoln, WA",2023,11760.0
53043,"Lincoln, WA",2024,11862.0
53045,"Mason, WA",2019,64901.0
53045,"Mason, WA",2020,66033.0
53045,"Mason, WA",2021,67255.0
53045,"Mason, WA",2022,68238.0
53045,"Mason, WA",2023,68754.0
53045,"Mason, WA",2024,69632.0
53047,"Okanogan, WA",2019,41953.0
53047,"Okanogan, WA",2020,42147.0
53047,"Okanogan, WA",2021,42785.0
53047,"Okanogan, WA",2022,43255.0
53047,"Okanogan, WA",2023,43998.0
53047,"Okanogan, WA",2024,44942.0
53049,"Pacific, WA",2019,22975.0
53049,"Pacific, WA",2020,23492.0
53049,"Pacific, WA",2021,23995.0
53049,"Pacific, WA",2022,24067.0
53049,"Pacific, WA",2023,24173.0
53049,"Pacific, WA",2024,24245.0
53051,"Pend Oreille, WA",2019,13137.0
53051,"Pend Oreille, WA",2020,13506.0
53051,"Pend Oreille, WA",2021,13897.0
53051,"Pend Oreille, WA",2022,14153.0
53051,"Pend Oreille, WA",2023,14362.0
53051,"Pend Oreille, WA",2024,14332.0
53053,"Pierce, WA",2019,913860.0
53053,"Pierce, WA",2020,923655.0
53053,"Pierce, WA",2021,927738.0
53053,"Pierce, WA",2022,927313.0
53053,"Pierce, WA",2023,931718.0
53053,"Pierce, WA",2024,941170.0
53055,"San Juan, WA",2019,17654.0
53055,"San Juan, WA",2020,17826.0
53055,"San Juan, WA",2021,18623.0
53055,"San Juan, WA",2022,18666.0
53055,"San Juan, WA",2023,18605.0
53055,"San Juan, WA",2024,18668.0
53057,"Skagit, WA",2019,128330.0
53057,"Skagit, WA",2020,129901.0
53057,"Skagit, WA",2021,131018.0
53057,"Skagit, WA",2022,131229.0
53057,"Skagit, WA",2023,131754.0
53057,"Skagit, WA",2024,132736.0
53059,"Skamania, WA",2019,12039.0
53059,"Skamania, WA",2020,12045.0
53059,"Skamania, WA",2021,12214.0
53059,"Skamania, WA",2022,12454.0
53059,"Skamania, WA",2023,12639.0
53059,"Skamania, WA",2024,12660.0
53061,"Snohomish, WA",2019,821582.0
53061,"Snohomish, WA",2020,829975.0
53061,"Snohomish, WA",2021,836235.0
53061,"Snohomish, WA",2022,841529.0
53061,"Snohomish, WA",2023,850297.0
53061,"Snohomish, WA",2024,864113.0
53063,"Spokane, WA",2019,533712.0
53063,"Spokane, WA",2020,541198.0
53063,"Spokane, WA",2021,545540.0
53063,"Spokane, WA",2022,549835.0
53063,"Spokane, WA",2023,552758.0
53063,"Spokane, WA",2024,555947.0
53065,"Stevens, WA",2019,46000.0
53065,"Stevens, WA",2020,46589.0
53065,"Stevens, WA",2021,47620.0
53065,"Stevens, WA",2022,48273.0
53065,"Stevens, WA",2023,48838.0
53065,"Stevens, WA",2024,49015.0
53067,"Thurston, WA",2019,291225.0
53067,"Thurston, WA",2020,296018.0
53067,"Thurston, WA",2021,298241.0
53067,"Thurston, WA",2022,298645.0
53067,"Thurston, WA",2023,299519.0
53067,"Thurston, WA",2024,302912.0
53069,"Wahkiakum, WA",2019,4364.0
53069,"Wahkiakum, WA",2020,4448.0
53069,"Wahkiakum, WA",2021,4586.0
53069,"Wahkiakum, WA",2022,4691.0
53069,"Wahkiakum, WA",2023,4767.0
53069,"Wahkiakum, WA",2024,4800.0
53071,"Walla Walla, WA",2019,62289.0
53071,"Walla Walla, WA",2020,62629.0
53071,"Walla Walla, WA",2021,62232.0
53071,"Walla Walla, WA",2022,62085.0
53071,"Walla Walla, WA",2023,61789.0
53071,"Walla Walla, WA",2024,62068.0
53073,"Whatcom, WA",2019,225296.0
53073,"Whatcom, WA",2020,227451.0
53073,"Whatcom, WA",2021,226725.0
53073,"Whatcom, WA",2022,230701.0
53073,"Whatcom, WA",2023,232686.0
53073,"Whatcom, WA",2024,234954.0
53075,"Whitman, WA",2019,48584.0
53075,"Whitman, WA",2020,47821.0
53075,"Whitman, WA",2021,43242.0
53075,"Whitman, WA",2022,47653.0
53075,"Whitman, WA",2023,47900.0
53075,"Whitman, WA",2024,48399.0
53077,"Yakima, WA",2019,255999.0
53077,"Yakima, WA",2020,256736.0
53077,"Yakima, WA",2021,256743.0
53077,"Yakima, WA",2022,256566.0
53077,"Yakima, WA",2023,257193.0
53077,"Yakima, WA",2024,258523.0
54001,"Barbour, WV",2019,15532.0
54001,"Barbour, WV",2020,15462.0
54001,"Barbour, WV",2021,15447.0
54001,"Barbour, WV",2022,15397.0
54001,"Barbour, WV",2023,15443.0
54001,"Barbour, WV",2024,15369.0
54003,"Berkeley, WV",2019,120086.0
54003,"Berkeley, WV",2020,122699.0
54003,"Berkeley, WV",2021,126194.0
54003,"Berkeley, WV",2022,129538.0
54003,"Berkeley, WV",2023,132851.0
54003,"Berkeley, WV",2024,136287.0
54005,"Boone, WV",2019,21949.0
54005,"Boone, WV",2020,21746.0
54005,"Boone, WV",2021,21361.0
54005,"Boone, WV",2022,20925.0
54005,"Boone, WV",2023,20600.0
54005,"Boone, WV",2024,20496.0
54007,"Braxton, WV",2019,12666.0
54007,"Braxton, WV",2020,12396.0
54007,"Braxton, WV",2021,12297.0
54007,"Braxton, WV",2022,12158.0
54007,"Braxton, WV",2023,12139.0
54007,"Braxton, WV",2024,12051.0
54009,"Brooke, WV",2019,22656.0
54009,"Brooke, WV",2020,22484.0
54009,"Brooke, WV",2021,22080.0
54009,"Brooke, WV",2022,21739.0
54009,"Brooke, WV",2023,21438.0
54009,"Brooke, WV",2024,21285.0
54011,"Cabell, WV",2019,94307.0
54011,"Cabell, WV",2020,94245.0
54011,"Cabell, WV",2021,93422.0
54011,"Cabell, WV",2022,92501.0
54011,"Cabell, WV",2023,92036.0
54011,"Cabell, WV",2024,91489.0
54013,"Calhoun, WV",2019,6373.0
54013,"Calhoun, WV",2020,6196.0
54013,"Calhoun, WV",2021,6172.0
54013,"Calhoun, WV",2022,6056.0
54013,"Calhoun, WV",2023,5945.0
54013,"Calhoun, WV",2024,5873.0
54015,"Clay, WV",2019,8179.0
54015,"Clay, WV",2020,8013.0
54015,"Clay, WV",2021,7914.0
54015,"Clay, WV",2022,7819.0
54015,"Clay, WV",2023,7740.0
54015,"Clay, WV",2024,7689.0
54017,"Doddridge, WV",2019,7906.0
54017,"Doddridge, WV",2020,7790.0
54017,"Doddridge, WV",2021,7745.0
54017,"Doddridge, WV",2022,7719.0
54017,"Doddridge, WV",2023,7685.0
54017,"Doddridge, WV",2024,7615.0
54019,"Fayette, WV",2019,40907.0
54019,"Fayette, WV",2020,40445.0
54019,"Fayette, WV",2021,40059.0
54019,"Fayette, WV",2022,39411.0
54019,"Fayette, WV",2023,39079.0
54019,"Fayette, WV",2024,38600.0
54021,"Gilmer, WV",2019,7489.0
54021,"Gilmer, WV",2020,7399.0
54021,"Gilmer, WV",2021,7396.0
54021,"Gilmer, WV",2022,7309.0
54021,"Gilmer, WV",2023,7221.0
54021,"Gilmer, WV",2024,7116.0
54023,"Grant, WV",2019,10987.0
54023,"Grant, WV",2020,10995.0
54023,"Grant, WV",2021,10998.0
54023,"Grant, WV",2022,10965.0
54023,"Grant, WV",2023,10985.0
54023,"Grant, WV",2024,10971.0
54025,"Greenbrier, WV",2019,33282.0
54025,"Greenbrier, WV",2020,32903.0
54025,"Greenbrier, WV",2021,32705.0
54025,"Greenbrier, WV",2022,32348.0
54025,"Greenbrier, WV",2023,32123.0
54025,"Greenbrier, WV",2024,31851.0
54027,"Hampshire, WV",2019,23110.0
54027,"Hampshire, WV",2020,23085.0
54027,"Hampshire, WV",2021,23351.0
54027,"Hampshire, WV",2022,23464.0
54027,"Hampshire, WV",2023,23632.0
54027,"Hampshire, WV",2024,23793.0
54029,"Hancock, WV",2019,29220.0
54029,"Hancock, WV",2020,29043.0
54029,"Hancock, WV",2021,28604.0
54029,"Hancock, WV",2022,28265.0
54029,"Hancock, WV",2023,28191.0
54029,"Hancock, WV",2024,28054.0
54031,"Hardy, WV",2019,14370.0
54031,"Hardy, WV",2020,14241.0
54031,"Hardy, WV",2021,14150.0
54031,"Hardy, WV",2022,14196.0
54031,"Hardy, WV",2023,14293.0
54031,"Hardy, WV",2024,14335.0
54033,"Harrison, WV",2019,66334.0
54033,"Harrison, WV",2020,65842.0
54033,"Harrison, WV",2021,65412.0
54033,"Harrison, WV",2022,64683.0
54033,"Harrison, WV",2023,64513.0
54033,"Harrison, WV",2024,64472.0
54035,"Jackson, WV",2019,27977.0
54035,"Jackson, WV",2020,27726.0
54035,"Jackson, WV",2021,27789.0
54035,"Jackson, WV",2022,27624.0
54035,"Jackson, WV",2023,27668.0
54035,"Jackson, WV",2024,27718.0
54037,"Jefferson, WV",2019,57546.0
54037,"Jefferson, WV",2020,57785.0
54037,"Jefferson, WV",2021,58550.0
54037,"Jefferson, WV",2022,58957.0
54037,"Jefferson, WV",2023,59744.0
54037,"Jefferson, WV",2024,61264.0
54039,"Kanawha, WV",2019,181959.0
54039,"Kanawha, WV",2020,180208.0
54039,"Kanawha, WV",2021,178071.0
54039,"Kanawha, WV",2022,175899.0
54039,"Kanawha, WV",2023,174602.0
54039,"Kanawha, WV",2024,173906.0
54041,"Lewis, WV",2019,16971.0
54041,"Lewis, WV",2020,17020.0
54041,"Lewis, WV",2021,16877.0
54041,"Lewis, WV",2022,16719.0
54041,"Lewis, WV",2023,16605.0
54041,"Lewis, WV",2024,16477.0
54043,"Lincoln, WV",2019,20731.0
54043,"Lincoln, WV",2020,20368.0
54043,"Lincoln, WV",2021,20197.0
54043,"Lincoln, WV",2022,19862.0
54043,"Lincoln, WV",2023,19699.0
54043,"Lincoln, WV",2024,19377.0
54045,"Logan, WV",2019,32729.0
54045,"Logan, WV",2020,32516.0
54045,"Logan, WV",2021,31852.0
54045,"Logan, WV",2022,31251.0
54045,"Logan, WV",2023,30910.0
54045,"Logan, WV",2024,30560.0
54047,"McDowell, WV",2019,19457.0
54047,"McDowell, WV",2020,18939.0
54047,"McDowell, WV",2021,18415.0
54047,"McDowell, WV",2022,17790.0
54047,"McDowell, WV",2023,17425.0
54047,"McDowell, WV",2024,17147.0
54049,"Marion, WV",2019,56256.0
54049,"Marion, WV",2020,56234.0
54049,"Marion, WV",2021,56056.0
54049,"Marion, WV",2022,55799.0
54049,"Marion, WV",2023,55805.0
54049,"Marion, WV",2024,55649.0
54051,"Marshall, WV",2019,30894.0
54051,"Marshall, WV",2020,30529.0
54051,"Marshall, WV",2021,30204.0
54051,"Marshall, WV",2022,29722.0
54051,"Marshall, WV",2023,29517.0
54051,"Marshall, WV",2024,29354.0
54053,"Mason, WV",2019,25685.0
54053,"Mason, WV",2020,25413.0
54053,"Mason, WV",2021,25281.0
54053,"Mason, WV",2022,24938.0
54053,"Mason, WV",2023,24815.0
54053,"Mason, WV",2024,24770.0
54055,"Mercer, WV",2019,59991.0
54055,"Mercer, WV",2020,59519.0
54055,"Mercer, WV",2021,59163.0
54055,"Mercer, WV",2022,58599.0
54055,"Mercer, WV",2023,58008.0
54055,"Mercer, WV",2024,57524.0
54057,"Mineral, WV",2019,27063.0
54057,"Mineral, WV",2020,26901.0
54057,"Mineral, WV",2021,26913.0
54057,"Mineral, WV",2022,26872.0
54057,"Mineral, WV",2023,26806.0
54057,"Mineral, WV",2024,26778.0
54059,"Mingo, WV",2019,23875.0
54059,"Mingo, WV",2020,23487.0
54059,"Mingo, WV",2021,23055.0
54059,"Mingo, WV",2022,22427.0
54059,"Mingo, WV",2023,22025.0
54059,"Mingo, WV",2024,21712.0
54061,"Monongalia, WV",2019,105454.0
54061,"Monongalia, WV",2020,105912.0
54061,"Monongalia, WV",2021,106537.0
54061,"Monongalia, WV",2022,106921.0
54061,"Monongalia, WV",2023,107749.0
54061,"Monongalia, WV",2024,108697.0
54063,"Monroe, WV",2019,12479.0
54063,"Monroe, WV",2020,12386.0
54063,"Monroe, WV",2021,12394.0
54063,"Monroe, WV",2022,12314.0
54063,"Monroe, WV",2023,12376.0
54063,"Monroe, WV",2024,12462.0
54065,"Morgan, WV",2019,17125.0
54065,"Morgan, WV",2020,17087.0
54065,"Morgan, WV",2021,17304.0
54065,"Morgan, WV",2022,17380.0
54065,"Morgan, WV",2023,17580.0
54065,"Morgan, WV",2024,17780.0
54067,"Nicholas, WV",2019,24766.0
54067,"Nicholas, WV",2020,24562.0
54067,"Nicholas, WV",2021,24438.0
54067,"Nicholas, WV",2022,24266.0
54067,"Nicholas, WV",2023,24104.0
54067,"Nicholas, WV",2024,24017.0
54069,"Ohio, WV",2019,42666.0
54069,"Ohio, WV",2020,42307.0
54069,"Ohio, WV",2021,41817.0
54069,"Ohio, WV",2022,41473.0
54069,"Ohio, WV",2023,41221.0
54069,"Ohio, WV",2024,41090.0
54071,"Pendleton, WV",2019,6233.0
54071,"Pendleton, WV",2020,6129.0
54071,"Pendleton, WV",2021,6093.0
54071,"Pendleton, WV",2022,6051.0
54071,"Pendleton, WV",2023,5998.0
54071,"Pendleton, WV",2024,5944.0
54073,"Pleasants, WV",2019,7622.0
54073,"Pleasants, WV",2020,7653.0
54073,"Pleasants, WV",2021,7610.0
54073,"Pleasants, WV",2022,7564.0
54073,"Pleasants, WV",2023,7420.0
54073,"Pleasants, WV",2024,7358.0
54075,"Pocahontas, WV",2019,7964.0
54075,"Pocahontas, WV",2020,7864.0
54075,"Pocahontas, WV",2021,7888.0
54075,"Pocahontas, WV",2022,7776.0
54075,"Pocahontas, WV",2023,7739.0
54075,"Pocahontas, WV",2024,7653.0
54077,"Preston, WV",2019,34213.0
54077,"Preston, WV",2020,34191.0
54077,"Preston, WV",2021,34309.0
54077,"Preston, WV",2022,34196.0
54077,"Preston, WV",2023,34050.0
54077,"Preston, WV",2024,34055.0
54079,"Putnam, WV",2019,57431.0
54079,"Putnam, WV",2020,57443.0
54079,"Putnam, WV",2021,57365.0
54079,"Putnam, WV",2022,57070.0
54079,"Putnam, WV",2023,56942.0
54079,"Putnam, WV",2024,57067.0
54081,"Raleigh, WV",2019,75014.0
54081,"Raleigh, WV",2020,74407.0
54081,"Raleigh, WV",2021,73800.0
54081,"Raleigh, WV",2022,72863.0
54081,"Raleigh, WV",2023,72526.0
54081,"Raleigh, WV",2024,72379.0
54083,"Randolph, WV",2019,28188.0
54083,"Randolph, WV",2020,27892.0
54083,"Randolph, WV",2021,27902.0
54083,"Randolph, WV",2022,27539.0
54083,"Randolph, WV",2023,27359.0
54083,"Randolph, WV",2024,27190.0
54085,"Ritchie, WV",2019,8607.0
54085,"Ritchie, WV",2020,8422.0
54085,"Ritchie, WV",2021,8413.0
54085,"Ritchie, WV",2022,8239.0
54085,"Ritchie, WV",2023,8187.0
54085,"Ritchie, WV",2024,8170.0
54087,"Roane, WV",2019,14127.0
54087,"Roane, WV",2020,13984.0
54087,"Roane, WV",2021,13933.0
54087,"Roane, WV",2022,13794.0
54087,"Roane, WV",2023,13678.0
54087,"Roane, WV",2024,13540.0
54089,"Summers, WV",2019,12075.0
54089,"Summers, WV",2020,11940.0
54089,"Summers, WV",2021,11869.0
54089,"Summers, WV",2022,11711.0
54089,"Summers, WV",2023,11581.0
54089,"Summers, WV",2024,11544.0
54091,"Taylor, WV",2019,16725.0
54091,"Taylor, WV",2020,16693.0
54091,"Taylor, WV",2021,16534.0
54091,"Taylor, WV",2022,16386.0
54091,"Taylor, WV",2023,16385.0
54091,"Taylor, WV",2024,16438.0
54093,"Tucker, WV",2019,6827.0
54093,"Tucker, WV",2020,6754.0
54093,"Tucker, WV",2021,6700.0
54093,"Tucker, WV",2022,6625.0
54093,"Tucker, WV",2023,6618.0
54093,"Tucker, WV",2024,6573.0
54095,"Tyler, WV",2019,8400.0
54095,"Tyler, WV",2020,8292.0
54095,"Tyler, WV",2021,8208.0
54095,"Tyler, WV",2022,8081.0
54095,"Tyler, WV",2023,7894.0
54095,"Tyler, WV",2024,7843.0
54097,"Upshur, WV",2019,23935.0
54097,"Upshur, WV",2020,23818.0
54097,"Upshur, WV",2021,23812.0
54097,"Upshur, WV",2022,23715.0
54097,"Upshur, WV",2023,23566.0
54097,"Upshur, WV",2024,23650.0
54099,"Wayne, WV",2019,39380.0
54099,"Wayne, WV",2020,38865.0
54099,"Wayne, WV",2021,38563.0
54099,"Wayne, WV",2022,38025.0
54099,"Wayne, WV",2023,37779.0
54099,"Wayne, WV",2024,37589.0
54101,"Webster, WV",2019,8443.0
54101,"Webster, WV",2020,8352.0
54101,"Webster, WV",2021,8270.0
54101,"Webster, WV",2022,8125.0
54101,"Webster, WV",2023,8025.0
54101,"Webster, WV",2024,7947.0
54103,"Wetzel, WV",2019,14664.0
54103,"Wetzel, WV",2020,14412.0
54103,"Wetzel, WV",2021,14211.0
54103,"Wetzel, WV",2022,14027.0
54103,"Wetzel, WV",2023,13972.0
54103,"Wetzel, WV",2024,13766.0
54105,"Wirt, WV",2019,5299.0
54105,"Wirt, WV",2020,5187.0
54105,"Wirt, WV",2021,5067.0
54105,"Wirt, WV",2022,5095.0
54105,"Wirt, WV",2023,4994.0
54105,"Wirt, WV",2024,4924.0
54107,"Wood, WV",2019,84765.0
54107,"Wood, WV",2020,84146.0
54107,"Wood, WV",2021,83820.0
54107,"Wood, WV",2022,83364.0
54107,"Wood, WV",2023,82947.0
54107,"Wood, WV",2024,82757.0
54109,"Wyoming, WV",2019,21552.0
54109,"Wyoming, WV",2020,21319.0
54109,"Wyoming, WV",2021,21031.0
54109,"Wyoming, WV",2022,20570.0
54109,"Wyoming, WV",2023,20262.0
54109,"Wyoming, WV",2024,19964.0
55001,"Adams, WI",2019,20412.0
55001,"Adams, WI",2020,20682.0
55001,"Adams, WI",2021,20844.0
55001,"Adams, WI",2022,21211.0
55001,"Adams, WI",2023,21528.0
55001,"Adams, WI",2024,21352.0
55003,"Ashland, WI",2019,16045.0
55003,"Ashland, WI",2020,16015.0
55003,"Ashland, WI",2021,16044.0
55003,"Ashland, WI",2022,16037.0
55003,"Ashland, WI",2023,16103.0
55003,"Ashland, WI",2024,16196.0
55005,"Barron, WI",2019,46651.0
55005,"Barron, WI",2020,46723.0
55005,"Barron, WI",2021,46701.0
55005,"Barron, WI",2022,46828.0
55005,"Barron, WI",2023,46922.0
55005,"Barron, WI",2024,46810.0
55007,"Bayfield, WI",2019,16048.0
55007,"Bayfield, WI",2020,16238.0
55007,"Bayfield, WI",2021,16327.0
55007,"Bayfield, WI",2022,16664.0
55007,"Bayfield, WI",2023,16809.0
55007,"Bayfield, WI",2024,16838.0
55009,"Brown, WI",2019,267719.0
55009,"Brown, WI",2020,268966.0
55009,"Brown, WI",2021,268948.0
55009,"Brown, WI",2022,270561.0
55009,"Brown, WI",2023,272074.0
55009,"Brown, WI",2024,273909.0
55011,"Buffalo, WI",2019,13262.0
55011,"Buffalo, WI",2020,13323.0
55011,"Buffalo, WI",2021,13340.0
55011,"Buffalo, WI",2022,13400.0
55011,"Buffalo, WI",2023,13440.0
55011,"Buffalo, WI",2024,13464.0
55013,"Burnett, WI",2019,16281.0
55013,"Burnett, WI",2020,16578.0
55013,"Burnett, WI",2021,16755.0
55013,"Burnett, WI",2022,16973.0
55013,"Burnett, WI",2023,17089.0
55013,"Burnett, WI",2024,17187.0
55015,"Calumet, WI",2019,52126.0
55015,"Calumet, WI",2020,52478.0
55015,"Calumet, WI",2021,52581.0
55015,"Calumet, WI",2022,52745.0
55015,"Calumet, WI",2023,53303.0
55015,"Calumet, WI",2024,53602.0
55017,"Chippewa, WI",2019,66082.0
55017,"Chippewa, WI",2020,66346.0
55017,"Chippewa, WI",2021,66601.0
55017,"Chippewa, WI",2022,66775.0
55017,"Chippewa, WI",2023,66949.0
55017,"Chippewa, WI",2024,67323.0
55019,"Clark, WI",2019,34675.0
55019,"Clark, WI",2020,34629.0
55019,"Clark, WI",2021,34732.0
55019,"Clark, WI",2022,34742.0
55019,"Clark, WI",2023,34792.0
55019,"Clark, WI",2024,34801.0
55021,"Columbia, WI",2019,58274.0
55021,"Columbia, WI",2020,58520.0
55021,"Columbia, WI",2021,58440.0
55021,"Columbia, WI",2022,58337.0
55021,"Columbia, WI",2023,57949.0
55021,"Columbia, WI",2024,58113.0
55023,"Crawford, WI",2019,16175.0
55023,"Crawford, WI",2020,16084.0
55023,"Crawford, WI",2021,16097.0
55023,"Crawford, WI",2022,16032.0
55023,"Crawford, WI",2023,15991.0
55023,"Crawford, WI",2024,16008.0
55025,"Dane, WI",2019,556790.0
55025,"Dane, WI",2020,562620.0
55025,"Dane, WI",2021,561788.0
55025,"Dane, WI",2022,570869.0
55025,"Dane, WI",2023,579739.0
55025,"Dane, WI",2024,588347.0
55027,"Dodge, WI",2019,89412.0
55027,"Dodge, WI",2020,89344.0
55027,"Dodge, WI",2021,88693.0
55027,"Dodge, WI",2022,88539.0
55027,"Dodge, WI",2023,88501.0
55027,"Dodge, WI",2024,88635.0
55029,"Door, WI",2019,29770.0
55029,"Door, WI",2020,30119.0
55029,"Door, WI",2021,30430.0
55029,"Door, WI",2022,30597.0
55029,"Door, WI",2023,30566.0
55029,"Door, WI",2024,30512.0
55031,"Douglas, WI",2020,44348.0
55031,"Douglas, WI",2021,44026.0
55031,"Douglas, WI",2022,44238.0
55031,"Douglas, WI",2023,44252.0
55031,"Douglas, WI",2024,44276.0
55031,"Douglas, WI",2019,44069.0
55033,"Dunn, WI",2019,45338.0
55033,"Dunn, WI",2020,45453.0
55033,"Dunn, WI",2021,44543.0
55033,"Dunn, WI",2022,45676.0
55033,"Dunn, WI",2023,45827.0
55033,"Dunn, WI",2024,46135.0
55035,"Eau Claire, WI",2019,104999.0
55035,"Eau Claire, WI",2020,105877.0
55035,"Eau Claire, WI",2021,105979.0
55035,"Eau Claire, WI",2022,106835.0
55035,"Eau Claire, WI",2023,108058.0
55035,"Eau Claire, WI",2024,108830.0
55037,"Florence, WI",2019,4534.0
55037,"Florence, WI",2020,4563.0
55037,"Florence, WI",2021,4590.0
55037,"Florence, WI",2022,4708.0
55037,"Florence, WI",2023,4695.0
55037,"Florence, WI",2024,4673.0
55039,"Fond du Lac, WI",2019,104138.0
55039,"Fond du Lac, WI",2020,104156.0
55039,"Fond du Lac, WI",2021,104117.0
55039,"Fond du Lac, WI",2022,104010.0
55039,"Fond du Lac, WI",2023,104135.0
55039,"Fond du Lac, WI",2024,104269.0
55041,"Forest, WI",2019,9214.0
55041,"Forest, WI",2020,9168.0
55041,"Forest, WI",2021,9448.0
55041,"Forest, WI",2022,9344.0
55041,"Forest, WI",2023,9381.0
55041,"Forest, WI",2024,9506.0
55043,"Grant, WI",2019,52223.0
55043,"Grant, WI",2020,51979.0
55043,"Grant, WI",2021,51309.0
55043,"Grant, WI",2022,51337.0
55043,"Grant, WI",2023,51894.0
55043,"Grant, WI",2024,52330.0
55045,"Green, WI",2019,37230.0
55045,"Green, WI",2020,37033.0
55045,"Green, WI",2021,37069.0
55045,"Green, WI",2022,36864.0
55045,"Green, WI",2023,36934.0
55045,"Green, WI",2024,37183.0
55047,"Green Lake, WI",2019,18991.0
55047,"Green Lake, WI",2020,19027.0
55047,"Green Lake, WI",2021,19262.0
55047,"Green Lake, WI",2022,19241.0
55047,"Green Lake, WI",2023,19417.0
55047,"Green Lake, WI",2024,19370.0
55049,"Iowa, WI",2019,23689.0
55049,"Iowa, WI",2020,23718.0
55049,"Iowa, WI",2021,23815.0
55049,"Iowa, WI",2022,23959.0
55049,"Iowa, WI",2023,23881.0
55049,"Iowa, WI",2024,23963.0
55051,"Iron, WI",2019,6083.0
55051,"Iron, WI",2020,6140.0
55051,"Iron, WI",2021,6176.0
55051,"Iron, WI",2022,6221.0
55051,"Iron, WI",2023,6277.0
55051,"Iron, WI",2024,6235.0
55053,"Jackson, WI",2019,21132.0
55053,"Jackson, WI",2020,21095.0
55053,"Jackson, WI",2021,20913.0
55053,"Jackson, WI",2022,20930.0
55053,"Jackson, WI",2023,20938.0
55053,"Jackson, WI",2024,21027.0
55055,"Jefferson, WI",2019,84728.0
55055,"Jefferson, WI",2020,86208.0
55055,"Jefferson, WI",2021,85781.0
55055,"Jefferson, WI",2022,85809.0
55055,"Jefferson, WI",2023,85971.0
55055,"Jefferson, WI",2024,86245.0
55057,"Juneau, WI",2019,26545.0
55057,"Juneau, WI",2020,26780.0
55057,"Juneau, WI",2021,26773.0
55057,"Juneau, WI",2022,26743.0
55057,"Juneau, WI",2023,26557.0
55057,"Juneau, WI",2024,26590.0
55059,"Kenosha, WI",2019,169166.0
55059,"Kenosha, WI",2020,169202.0
55059,"Kenosha, WI",2021,168446.0
55059,"Kenosha, WI",2022,167920.0
55059,"Kenosha, WI",2023,167867.0
55059,"Kenosha, WI",2024,168754.0
55061,"Kewaunee, WI",2019,20596.0
55061,"Kewaunee, WI",2020,20563.0
55061,"Kewaunee, WI",2021,20593.0
55061,"Kewaunee, WI",2022,20681.0
55061,"Kewaunee, WI",2023,20733.0
55061,"Kewaunee, WI",2024,20751.0
55063,"La Crosse, WI",2019,120283.0
55063,"La Crosse, WI",2020,120943.0
55063,"La Crosse, WI",2021,119362.0
55063,"La Crosse, WI",2022,120359.0
55063,"La Crosse, WI",2023,120717.0
55063,"La Crosse, WI",2024,121060.0
55065,"Lafayette, WI",2019,16626.0
55065,"Lafayette, WI",2020,16604.0
55065,"Lafayette, WI",2021,16817.0
55065,"Lafayette, WI",2022,16926.0
55065,"Lafayette, WI",2023,17059.0
55065,"Lafayette, WI",2024,17306.0
55067,"Langlade, WI",2019,19514.0
55067,"Langlade, WI",2020,19466.0
55067,"Langlade, WI",2021,19486.0
55067,"Langlade, WI",2022,19528.0
55067,"Langlade, WI",2023,19435.0
55067,"Langlade, WI",2024,19535.0
55069,"Lincoln, WI",2019,28371.0
55069,"Lincoln, WI",2020,28429.0
55069,"Lincoln, WI",2021,28463.0
55069,"Lincoln, WI",2022,28345.0
55069,"Lincoln, WI",2023,28430.0
55069,"Lincoln, WI",2024,28461.0
55071,"Manitowoc, WI",2019,81149.0
55071,"Manitowoc, WI",2020,81412.0
55071,"Manitowoc, WI",2021,81526.0
55071,"Manitowoc, WI",2022,81256.0
55071,"Manitowoc, WI",2023,81325.0
55071,"Manitowoc, WI",2024,81513.0
55073,"Marathon, WI",2019,137839.0
55073,"Marathon, WI",2020,138114.0
55073,"Marathon, WI",2021,137798.0
55073,"Marathon, WI",2022,138175.0
55073,"Marathon, WI",2023,138838.0
55073,"Marathon, WI",2024,139091.0
55075,"Marinette, WI",2019,41733.0
55075,"Marinette, WI",2020,41900.0
55075,"Marinette, WI",2021,41875.0
55075,"Marinette, WI",2022,42000.0
55075,"Marinette, WI",2023,42113.0
55075,"Marinette, WI",2024,42343.0
55077,"Marquette, WI",2019,15552.0
55077,"Marquette, WI",2020,15580.0
55077,"Marquette, WI",2021,15778.0
55077,"Marquette, WI",2022,15776.0
55077,"Marquette, WI",2023,15851.0
55077,"Marquette, WI",2024,15743.0
55078,"Menominee, WI*",2019,4273.0
55078,"Menominee, WI*",2020,4258.0
55078,"Menominee, WI*",2021,4295.0
55078,"Menominee, WI*",2022,4199.0
55078,"Menominee, WI*",2023,4221.0
55078,"Menominee, WI*",2024,4286.0
55079,"Milwaukee, WI",2019,940901.0
55079,"Milwaukee, WI",2020,938609.0
55079,"Milwaukee, WI",2021,924469.0
55079,"Milwaukee, WI",2022,921977.0
55079,"Milwaukee, WI",2023,921860.0
55079,"Milwaukee, WI",2024,924740.0
55081,"Monroe, WI",2019,46344.0
55081,"Monroe, WI",2020,46299.0
55081,"Monroe, WI",2021,46157.0
55081,"Monroe, WI",2022,46021.0
55081,"Monroe, WI",2023,46193.0
55081,"Monroe, WI",2024,46370.0
55083,"Oconto, WI",2019,38671.0
55083,"Oconto, WI",2020,39077.0
55083,"Oconto, WI",2021,39429.0
55083,"Oconto, WI",2022,39660.0
55083,"Oconto, WI",2023,39741.0
55083,"Oconto, WI",2024,40037.0
55085,"Oneida, WI",2019,37569.0
55085,"Oneida, WI",2020,37877.0
55085,"Oneida, WI",2021,38329.0
55085,"Oneida, WI",2022,38267.0
55085,"Oneida, WI",2023,38189.0
55085,"Oneida, WI",2024,38175.0
55087,"Outagamie, WI",2019,189856.0
55087,"Outagamie, WI",2020,190973.0
55087,"Outagamie, WI",2021,191380.0
55087,"Outagamie, WI",2022,192561.0
55087,"Outagamie, WI",2023,193828.0
55087,"Outagamie, WI",2024,195390.0
55089,"Ozaukee, WI",2019,91018.0
55089,"Ozaukee, WI",2020,91627.0
55089,"Ozaukee, WI",2021,92610.0
55089,"Ozaukee, WI",2022,93115.0
55089,"Ozaukee, WI",2023,93520.0
55089,"Ozaukee, WI",2024,93956.0
55091,"Pepin, WI",2019,7328.0
55091,"Pepin, WI",2020,7343.0
55091,"Pepin, WI",2021,7376.0
55091,"Pepin, WI",2022,7400.0
55091,"Pepin, WI",2023,7482.0
55091,"Pepin, WI",2024,7555.0
55093,"Pierce, WI",2019,42307.0
55093,"Pierce, WI",2020,42229.0
55093,"Pierce, WI",2021,41609.0
55093,"Pierce, WI",2022,42597.0
55093,"Pierce, WI",2023,43101.0
55093,"Pierce, WI",2024,43380.0
55095,"Polk, WI",2019,44825.0
55095,"Polk, WI",2020,45029.0
55095,"Polk, WI",2021,45462.0
55095,"Polk, WI",2022,45608.0
55095,"Polk, WI",2023,45845.0
55095,"Polk, WI",2024,45831.0
55097,"Portage, WI",2019,70333.0
55097,"Portage, WI",2020,70412.0
55097,"Portage, WI",2021,69447.0
55097,"Portage, WI",2022,70799.0
55097,"Portage, WI",2023,71461.0
55097,"Portage, WI",2024,72040.0
55099,"Price, WI",2019,14077.0
55099,"Price, WI",2020,14036.0
55099,"Price, WI",2021,14061.0
55099,"Price, WI",2022,14178.0
55099,"Price, WI",2023,14098.0
55099,"Price, WI",2024,14087.0
55101,"Racine, WI",2019,197811.0
55101,"Racine, WI",2020,198065.0
55101,"Racine, WI",2021,196829.0
55101,"Racine, WI",2022,196710.0
55101,"Racine, WI",2023,197407.0
55101,"Racine, WI",2024,198651.0
55103,"Richland, WI",2019,17351.0
55103,"Richland, WI",2020,17283.0
55103,"Richland, WI",2021,17205.0
55103,"Richland, WI",2022,17161.0
55103,"Richland, WI",2023,17251.0
55103,"Richland, WI",2024,17123.0
55105,"Rock, WI",2019,163626.0
55105,"Rock, WI",2020,163761.0
55105,"Rock, WI",2021,164128.0
55105,"Rock, WI",2022,163959.0
55105,"Rock, WI",2023,164443.0
55105,"Rock, WI",2024,165461.0
55107,"Rusk, WI",2019,14233.0
55107,"Rusk, WI",2020,14181.0
55107,"Rusk, WI",2021,14115.0
55107,"Rusk, WI",2022,14180.0
55107,"Rusk, WI",2023,14252.0
55107,"Rusk, WI",2024,14168.0
55109,"St. Croix, WI",2019,92524.0
55109,"St. Croix, WI",2020,93893.0
55109,"St. Croix, WI",2021,95025.0
55109,"St. Croix, WI",2022,96138.0
55109,"St. Croix, WI",2023,97156.0
55109,"St. Croix, WI",2024,97954.0
55111,"Sauk, WI",2019,65632.0
55111,"Sauk, WI",2020,65793.0
55111,"Sauk, WI",2021,65705.0
55111,"Sauk, WI",2022,65916.0
55111,"Sauk, WI",2023,66143.0
55111,"Sauk, WI",2024,66486.0
55113,"Sawyer, WI",2019,17854.0
55113,"Sawyer, WI",2020,18119.0
55113,"Sawyer, WI",2021,18230.0
55113,"Sawyer, WI",2022,18575.0
55113,"Sawyer, WI",2023,18619.0
55113,"Sawyer, WI",2024,18835.0
55115,"Shawano, WI*",2019,40878.0
55115,"Shawano, WI*",2020,40869.0
55115,"Shawano, WI*",2021,40861.0
55115,"Shawano, WI*",2022,41017.0
55115,"Shawano, WI*",2023,41148.0
55115,"Shawano, WI*",2024,41299.0
55117,"Sheboygan, WI",2019,117777.0
55117,"Sheboygan, WI",2020,118058.0
55117,"Sheboygan, WI",2021,117710.0
55117,"Sheboygan, WI",2022,117860.0
55117,"Sheboygan, WI",2023,117995.0
55117,"Sheboygan, WI",2024,118331.0
55119,"Taylor, WI",2019,19972.0
55119,"Taylor, WI",2020,19938.0
55119,"Taylor, WI",2021,19946.0
55119,"Taylor, WI",2022,19946.0
55119,"Taylor, WI",2023,20123.0
55119,"Taylor, WI",2024,20167.0
55121,"Trempealeau, WI",2019,30607.0
55121,"Trempealeau, WI",2020,30813.0
55121,"Trempealeau, WI",2021,30722.0
55121,"Trempealeau, WI",2022,30920.0
55121,"Trempealeau, WI",2023,30939.0
55121,"Trempealeau, WI",2024,30801.0
55123,"Vernon, WI",2019,30724.0
55123,"Vernon, WI",2020,30710.0
55123,"Vernon, WI",2021,30932.0
55123,"Vernon, WI",2022,31110.0
55123,"Vernon, WI",2023,31143.0
55123,"Vernon, WI",2024,31351.0
55125,"Vilas, WI",2019,22845.0
55125,"Vilas, WI",2020,23097.0
55125,"Vilas, WI",2021,23516.0
55125,"Vilas, WI",2022,23755.0
55125,"Vilas, WI",2023,23914.0
55125,"Vilas, WI",2024,23948.0
55127,"Walworth, WI",2019,106233.0
55127,"Walworth, WI",2020,105310.0
55127,"Walworth, WI",2021,105231.0
55127,"Walworth, WI",2022,105705.0
55127,"Walworth, WI",2023,106008.0
55127,"Walworth, WI",2024,106029.0
55129,"Washburn, WI",2019,16607.0
55129,"Washburn, WI",2020,16623.0
55129,"Washburn, WI",2021,16755.0
55129,"Washburn, WI",2022,16915.0
55129,"Washburn, WI",2023,16996.0
55129,"Washburn, WI",2024,16982.0
55131,"Washington, WI",2019,136603.0
55131,"Washington, WI",2020,136811.0
55131,"Washington, WI",2021,137361.0
55131,"Washington, WI",2022,137999.0
55131,"Washington, WI",2023,138496.0
55131,"Washington, WI",2024,138727.0
55133,"Waukesha, WI",2019,405498.0
55133,"Waukesha, WI",2020,407518.0
55133,"Waukesha, WI",2021,409191.0
55133,"Waukesha, WI",2022,411061.0
55133,"Waukesha, WI",2023,414013.0
55133,"Waukesha, WI",2024,417029.0
55135,"Waupaca, WI",2019,51885.0
55135,"Waupaca, WI",2020,51806.0
55135,"Waupaca, WI",2021,51897.0
55135,"Waupaca, WI",2022,51645.0
55135,"Waupaca, WI",2023,51324.0
55135,"Waupaca, WI",2024,51171.0
55137,"Waushara, WI",2019,24566.0
55137,"Waushara, WI",2020,24550.0
55137,"Waushara, WI",2021,24767.0
55137,"Waushara, WI",2022,24932.0
55137,"Waushara, WI",2023,25014.0
55137,"Waushara, WI",2024,25079.0
55139,"Winnebago, WI",2019,171827.0
55139,"Winnebago, WI",2020,171796.0
55139,"Winnebago, WI",2021,170590.0
55139,"Winnebago, WI",2022,171049.0
55139,"Winnebago, WI",2023,172105.0
55139,"Winnebago, WI",2024,173307.0
55141,"Wood, WI",2019,74261.0
55141,"Wood, WI",2020,74189.0
55141,"Wood, WI",2021,74002.0
55141,"Wood, WI",2022,73849.0
55141,"Wood, WI",2023,74037.0
55141,"Wood, WI",2024,73943.0
55901,"Shawano (includes Menominee), WI*",2019,0.0
55901,"Shawano (includes Menominee), WI*",2020,0.0
55901,"Shawano (includes Menominee), WI*",2021,0.0
55901,"Shawano (includes Menominee), WI*",2022,0.0
55901,"Shawano (includes Menominee), WI*",2023,0.0
55901,"Shawano (includes Menominee), WI*",2024,0.0
56001,"Albany, WY",2019,37030.0
56001,"Albany, WY",2020,37115.0
56001,"Albany, WY",2021,37859.0
56001,"Albany, WY",2022,38361.0
56001,"Albany, WY",2023,38624.0
56001,"Albany, WY",2024,39288.0
56003,"Big Horn, WY",2019,11630.0
56003,"Big Horn, WY",2020,11479.0
56003,"Big Horn, WY",2021,11641.0
56003,"Big Horn, WY",2022,11876.0
56003,"Big Horn, WY",2023,12061.0
56003,"Big Horn, WY",2024,12084.0
56005,"Campbell, WY",2019,46764.0
56005,"Campbell, WY",2020,47146.0
56005,"Campbell, WY",2021,46547.0
56005,"Campbell, WY",2022,47049.0
56005,"Campbell, WY",2023,47511.0
56005,"Campbell, WY",2024,47946.0
56007,"Carbon, WY",2019,14622.0
56007,"Carbon, WY",2020,14508.0
56007,"Carbon, WY",2021,14711.0
56007,"Carbon, WY",2022,14527.0
56007,"Carbon, WY",2023,14317.0
56007,"Carbon, WY",2024,14250.0
56009,"Converse, WY",2019,13776.0
56009,"Converse, WY",2020,13750.0
56009,"Converse, WY",2021,13670.0
56009,"Converse, WY",2022,13774.0
56009,"Converse, WY",2023,13850.0
56009,"Converse, WY",2024,13766.0
56011,"Crook, WY",2019,7181.0
56011,"Crook, WY",2020,7179.0
56011,"Crook, WY",2021,7309.0
56011,"Crook, WY",2022,7417.0
56011,"Crook, WY",2023,7596.0
56011,"Crook, WY",2024,7775.0
56013,"Fremont, WY",2019,39315.0
56013,"Fremont, WY",2020,39190.0
56013,"Fremont, WY",2021,39408.0
56013,"Fremont, WY",2022,39545.0
56013,"Fremont, WY",2023,39800.0
56013,"Fremont, WY",2024,39721.0
56015,"Goshen, WY",2019,12535.0
56015,"Goshen, WY",2020,12517.0
56015,"Goshen, WY",2021,12571.0
56015,"Goshen, WY",2022,12638.0
56015,"Goshen, WY",2023,12662.0
56015,"Goshen, WY",2024,12635.0
56017,"Hot Springs, WY",2019,4595.0
56017,"Hot Springs, WY",2020,4620.0
56017,"Hot Springs, WY",2021,4595.0
56017,"Hot Springs, WY",2022,4609.0
56017,"Hot Springs, WY",2023,4652.0
56017,"Hot Springs, WY",2024,4625.0
56019,"Johnson, WY",2019,8417.0
56019,"Johnson, WY",2020,8469.0
56019,"Johnson, WY",2021,8629.0
56019,"Johnson, WY",2022,8735.0
56019,"Johnson, WY",2023,8792.0
56019,"Johnson, WY",2024,8803.0
56021,"Laramie, WY",2019,99909.0
56021,"Laramie, WY",2020,100733.0
56021,"Laramie, WY",2021,100843.0
56021,"Laramie, WY",2022,100860.0
56021,"Laramie, WY",2023,101079.0
56021,"Laramie, WY",2024,101783.0
56023,"Lincoln, WY",2019,19379.0
56023,"Lincoln, WY",2020,19658.0
56023,"Lincoln, WY",2021,20174.0
56023,"Lincoln, WY",2022,20690.0
56023,"Lincoln, WY",2023,20909.0
56023,"Lincoln, WY",2024,21000.0
56025,"Natrona, WY",2019,79169.0
56025,"Natrona, WY",2020,80300.0
56025,"Natrona, WY",2021,79642.0
56025,"Natrona, WY",2022,79565.0
56025,"Natrona, WY",2023,79968.0
56025,"Natrona, WY",2024,80410.0
56027,"Niobrara, WY",2019,2504.0
56027,"Niobrara, WY",2020,2453.0
56027,"Niobrara, WY",2021,2413.0
56027,"Niobrara, WY",2022,2346.0
56027,"Niobrara, WY",2023,2327.0
56027,"Niobrara, WY",2024,2301.0
56029,"Park, WY",2019,29495.0
56029,"Park, WY",2020,29666.0
56029,"Park, WY",2021,30146.0
56029,"Park, WY",2022,30530.0
56029,"Park, WY",2023,30822.0
56029,"Park, WY",2024,31082.0
56031,"Platte, WY",2019,8528.0
56031,"Platte, WY",2020,8632.0
56031,"Platte, WY",2021,8679.0
56031,"Platte, WY",2022,8655.0
56031,"Platte, WY",2023,8581.0
56031,"Platte, WY",2024,8512.0
56033,"Sheridan, WY",2019,30712.0
56033,"Sheridan, WY",2020,31005.0
56033,"Sheridan, WY",2021,31663.0
56033,"Sheridan, WY",2022,32049.0
56033,"Sheridan, WY",2023,32581.0
56033,"Sheridan, WY",2024,32978.0
56035,"Sublette, WY",2019,8827.0
56035,"Sublette, WY",2020,8740.0
56035,"Sublette, WY",2021,8729.0
56035,"Sublette, WY",2022,8767.0
56035,"Sublette, WY",2023,8991.0
56035,"Sublette, WY",2024,8965.0
56037,"Sweetwater, WY",2019,42504.0
56037,"Sweetwater, WY",2020,42196.0
56037,"Sweetwater, WY",2021,41630.0
56037,"Sweetwater, WY",2022,41322.0
56037,"Sweetwater, WY",2023,41288.0
56037,"Sweetwater, WY",2024,41273.0
56039,"Teton, WY",2019,23266.0
56039,"Teton, WY",2020,23384.0
56039,"Teton, WY",2021,23613.0
56039,"Teton, WY",2022,23341.0
56039,"Teton, WY",2023,23368.0
56039,"Teton, WY",2024,23272.0
56041,"Uinta, WY",2019,20453.0
56041,"Uinta, WY",2020,20461.0
56041,"Uinta, WY",2021,20690.0
56041,"Uinta, WY",2022,20722.0
56041,"Uinta, WY",2023,20724.0
56041,"Uinta, WY",2024,20621.0
56043,"Washakie, WY",2019,7757.0
56043,"Washakie, WY",2020,7663.0
56043,"Washakie, WY",2021,7727.0
56043,"Washakie, WY",2022,7728.0
56043,"Washakie, WY",2023,7736.0
56043,"Washakie, WY",2024,7662.0
56045,"Weston, WY",2019,6959.0
56045,"Weston, WY",2020,6817.0
56045,"Weston, WY",2021,6747.0
56045,"Weston, WY",2022,6872.0
56045,"Weston, WY",2023,6828.0
56045,"Weston, WY",2024,6866.0
