geofips,geoname,metro_micro,year,real_gdp_k2017usd,n_units,note
10100,"Aberdeen, SD",Micropolitan,2019,2324579.0,2,
10100,"Aberdeen, SD",Micropolitan,2020,2541677.0,2,
10100,"Aberdeen, SD",Micropolitan,2021,2707785.0,2,
10100,"Aberdeen, SD",Micropolitan,2022,2694892.0,2,
10100,"Aberdeen, SD",Micropolitan,2023,2711071.0,2,
10100,"Aberdeen, SD",Micropolitan,2024,2593542.0,2,
10140,"Aberdeen, WA",Micropolitan,2019,2569819.0,1,
10140,"Aberdeen, WA",Micropolitan,2020,2434808.0,1,
10140,"Aberdeen, WA",Micropolitan,2021,2594027.0,1,
10140,"Aberdeen, WA",Micropolitan,2022,2660765.0,1,
10140,"Aberdeen, WA",Micropolitan,2023,2831924.0,1,
10140,"Aberdeen, WA",Micropolitan,2024,2904808.0,1,
10180,"Abilene, TX",Metropolitan,2019,7455431.0,3,
10180,"Abilene, TX",Metropolitan,2020,7408575.0,3,
10180,"Abilene, TX",Metropolitan,2021,7628435.0,3,
10180,"Abilene, TX",Metropolitan,2022,8018251.0,3,
10180,"Abilene, TX",Metropolitan,2023,8287035.0,3,
10180,"Abilene, TX",Metropolitan,2024,8589230.0,3,
10220,"Ada, OK",Micropolitan,2019,2021368.0,1,
10220,"Ada, OK",Micropolitan,2020,1995143.0,1,
10220,"Ada, OK",Micropolitan,2021,2057202.0,1,
10220,"Ada, OK",Micropolitan,2022,2129603.0,1,
10220,"Ada, OK",Micropolitan,2023,2194674.0,1,
10220,"Ada, OK",Micropolitan,2024,2235722.0,1,
10300,"Adrian, MI",Micropolitan,2019,2950443.0,1,
10300,"Adrian, MI",Micropolitan,2020,3025092.0,1,
10300,"Adrian, MI",Micropolitan,2021,3220608.0,1,
10300,"Adrian, MI",Micropolitan,2022,3252755.0,1,
10300,"Adrian, MI",Micropolitan,2023,3296980.0,1,
10300,"Adrian, MI",Micropolitan,2024,3371902.0,1,
10420,"Akron, OH",Metropolitan,2019,37474596.0,2,
10420,"Akron, OH",Metropolitan,2020,36151503.0,2,
10420,"Akron, OH",Metropolitan,2021,37779166.0,2,
10420,"Akron, OH",Metropolitan,2022,37465517.0,2,
10420,"Akron, OH",Metropolitan,2023,37904651.0,2,
10420,"Akron, OH",Metropolitan,2024,38396035.0,2,
10460,"Alamogordo, NM",Micropolitan,2019,2725385.0,1,
10460,"Alamogordo, NM",Micropolitan,2020,2797147.0,1,
10460,"Alamogordo, NM",Micropolitan,2021,2870723.0,1,
10460,"Alamogordo, NM",Micropolitan,2022,2924740.0,1,
10460,"Alamogordo, NM",Micropolitan,2023,2977909.0,1,
10460,"Alamogordo, NM",Micropolitan,2024,2963903.0,1,
10480,"Alamosa, CO",Micropolitan,2019,1009628.0,3,
10480,"Alamosa, CO",Micropolitan,2020,957324.0,3,
10480,"Alamosa, CO",Micropolitan,2021,983330.0,3,
10480,"Alamosa, CO",Micropolitan,2022,950824.0,3,
10480,"Alamosa, CO",Micropolitan,2023,1000022.0,3,
10480,"Alamosa, CO",Micropolitan,2024,983410.0,3,
10500,"Albany, GA",Metropolitan,2019,5836801.0,4,
10500,"Albany, GA",Metropolitan,2020,5749449.0,4,
10500,"Albany, GA",Metropolitan,2021,6054230.0,4,
10500,"Albany, GA",Metropolitan,2022,6155508.0,4,
10500,"Albany, GA",Metropolitan,2023,6163895.0,4,
10500,"Albany, GA",Metropolitan,2024,6299980.0,4,
10540,"Albany, OR",Metropolitan,2019,4930998.0,1,
10540,"Albany, OR",Metropolitan,2020,4852033.0,1,
10540,"Albany, OR",Metropolitan,2021,4934752.0,1,
10540,"Albany, OR",Metropolitan,2022,4985971.0,1,
10540,"Albany, OR",Metropolitan,2023,5275940.0,1,
10540,"Albany, OR",Metropolitan,2024,5398113.0,1,
10580,"Albany-Schenectady-Troy, NY",Metropolitan,2019,63779643.0,5,
10580,"Albany-Schenectady-Troy, NY",Metropolitan,2020,63089457.0,5,
10580,"Albany-Schenectady-Troy, NY",Metropolitan,2021,68751117.0,5,
10580,"Albany-Schenectady-Troy, NY",Metropolitan,2022,69252104.0,5,
10580,"Albany-Schenectady-Troy, NY",Metropolitan,2023,71327994.0,5,
10580,"Albany-Schenectady-Troy, NY",Metropolitan,2024,73022894.0,5,
10620,"Albemarle, NC",Micropolitan,2019,1810875.0,1,
10620,"Albemarle, NC",Micropolitan,2020,1736344.0,1,
10620,"Albemarle, NC",Micropolitan,2021,1825475.0,1,
10620,"Albemarle, NC",Micropolitan,2022,1876837.0,1,
10620,"Albemarle, NC",Micropolitan,2023,2015508.0,1,
10620,"Albemarle, NC",Micropolitan,2024,2083474.0,1,
10660,"Albert Lea, MN",Micropolitan,2019,1221002.0,1,
10660,"Albert Lea, MN",Micropolitan,2020,1207300.0,1,
10660,"Albert Lea, MN",Micropolitan,2021,1298836.0,1,
10660,"Albert Lea, MN",Micropolitan,2022,1320187.0,1,
10660,"Albert Lea, MN",Micropolitan,2023,1310807.0,1,
10660,"Albert Lea, MN",Micropolitan,2024,1315275.0,1,
10700,"Albertville, AL",Micropolitan,2019,3599588.0,1,
10700,"Albertville, AL",Micropolitan,2020,3527647.0,1,
10700,"Albertville, AL",Micropolitan,2021,3765490.0,1,
10700,"Albertville, AL",Micropolitan,2022,3932961.0,1,
10700,"Albertville, AL",Micropolitan,2023,3952249.0,1,
10700,"Albertville, AL",Micropolitan,2024,4082729.0,1,
10740,"Albuquerque, NM",Metropolitan,2019,43921229.0,4,
10740,"Albuquerque, NM",Metropolitan,2020,43452358.0,4,
10740,"Albuquerque, NM",Metropolitan,2021,45836240.0,4,
10740,"Albuquerque, NM",Metropolitan,2022,47723608.0,4,
10740,"Albuquerque, NM",Metropolitan,2023,49360024.0,4,
10740,"Albuquerque, NM",Metropolitan,2024,50898204.0,4,
10760,"Alexander City, AL",Micropolitan,2019,1423423.0,1,
10760,"Alexander City, AL",Micropolitan,2020,1335678.0,1,
10760,"Alexander City, AL",Micropolitan,2021,1415147.0,1,
10760,"Alexander City, AL",Micropolitan,2022,1438724.0,1,
10760,"Alexander City, AL",Micropolitan,2023,1460817.0,1,
10760,"Alexander City, AL",Micropolitan,2024,1514769.0,1,
10780,"Alexandria, LA",Metropolitan,2019,6158889.0,2,
10780,"Alexandria, LA",Metropolitan,2020,5958582.0,2,
10780,"Alexandria, LA",Metropolitan,2021,6144526.0,2,
10780,"Alexandria, LA",Metropolitan,2022,5985386.0,2,
10780,"Alexandria, LA",Metropolitan,2023,6085973.0,2,
10780,"Alexandria, LA",Metropolitan,2024,6144798.0,2,
10820,"Alexandria, MN",Micropolitan,2019,1972695.0,1,
10820,"Alexandria, MN",Micropolitan,2020,1960123.0,1,
10820,"Alexandria, MN",Micropolitan,2021,2093918.0,1,
10820,"Alexandria, MN",Micropolitan,2022,2092075.0,1,
10820,"Alexandria, MN",Micropolitan,2023,2160645.0,1,
10820,"Alexandria, MN",Micropolitan,2024,2179454.0,1,
10860,"Alice, TX",Micropolitan,2019,2139989.0,2,
10860,"Alice, TX",Micropolitan,2020,1654408.0,2,
10860,"Alice, TX",Micropolitan,2021,1790319.0,2,
10860,"Alice, TX",Micropolitan,2022,1863554.0,2,
10860,"Alice, TX",Micropolitan,2023,1943930.0,2,
10860,"Alice, TX",Micropolitan,2024,1882857.0,2,
10900,"Allentown-Bethlehem-Easton, PA-NJ",Metropolitan,2019,46552286.0,4,
10900,"Allentown-Bethlehem-Easton, PA-NJ",Metropolitan,2020,44800249.0,4,
10900,"Allentown-Bethlehem-Easton, PA-NJ",Metropolitan,2021,46257564.0,4,
10900,"Allentown-Bethlehem-Easton, PA-NJ",Metropolitan,2022,46919270.0,4,
10900,"Allentown-Bethlehem-Easton, PA-NJ",Metropolitan,2023,48218324.0,4,
10900,"Allentown-Bethlehem-Easton, PA-NJ",Metropolitan,2024,49121068.0,4,
10940,"Alma, MI",Micropolitan,2019,1333597.0,1,
10940,"Alma, MI",Micropolitan,2020,1430589.0,1,
10940,"Alma, MI",Micropolitan,2021,1474235.0,1,
10940,"Alma, MI",Micropolitan,2022,1509504.0,1,
10940,"Alma, MI",Micropolitan,2023,1519368.0,1,
10940,"Alma, MI",Micropolitan,2024,1538437.0,1,
10980,"Alpena, MI",Micropolitan,2019,1068176.0,1,
10980,"Alpena, MI",Micropolitan,2020,1043088.0,1,
10980,"Alpena, MI",Micropolitan,2021,1097950.0,1,
10980,"Alpena, MI",Micropolitan,2022,1085799.0,1,
10980,"Alpena, MI",Micropolitan,2023,1105067.0,1,
10980,"Alpena, MI",Micropolitan,2024,1126633.0,1,
11020,"Altoona, PA",Metropolitan,2019,6081711.0,1,
11020,"Altoona, PA",Metropolitan,2020,5920480.0,1,
11020,"Altoona, PA",Metropolitan,2021,6145123.0,1,
11020,"Altoona, PA",Metropolitan,2022,6095086.0,1,
11020,"Altoona, PA",Metropolitan,2023,6190467.0,1,
11020,"Altoona, PA",Metropolitan,2024,6307591.0,1,
11060,"Altus, OK",Micropolitan,2019,1068003.0,1,
11060,"Altus, OK",Micropolitan,2020,1056677.0,1,
11060,"Altus, OK",Micropolitan,2021,1101035.0,1,
11060,"Altus, OK",Micropolitan,2022,1174747.0,1,
11060,"Altus, OK",Micropolitan,2023,1159081.0,1,
11060,"Altus, OK",Micropolitan,2024,1158626.0,1,
11100,"Amarillo, TX",Metropolitan,2019,13785216.0,5,
11100,"Amarillo, TX",Metropolitan,2020,13905708.0,5,
11100,"Amarillo, TX",Metropolitan,2021,14493367.0,5,
11100,"Amarillo, TX",Metropolitan,2022,14343935.0,5,
11100,"Amarillo, TX",Metropolitan,2023,14657893.0,5,
11100,"Amarillo, TX",Metropolitan,2024,15001101.0,5,
11140,"Americus, GA",Micropolitan,2019,1152282.0,2,
11140,"Americus, GA",Micropolitan,2020,1137665.0,2,
11140,"Americus, GA",Micropolitan,2021,1105903.0,2,
11140,"Americus, GA",Micropolitan,2022,1160267.0,2,
11140,"Americus, GA",Micropolitan,2023,1079136.0,2,
11140,"Americus, GA",Micropolitan,2024,1045249.0,2,
11180,"Ames, IA",Metropolitan,2019,6650120.0,2,
11180,"Ames, IA",Metropolitan,2020,6522654.0,2,
11180,"Ames, IA",Metropolitan,2021,6960294.0,2,
11180,"Ames, IA",Metropolitan,2022,6922258.0,2,
11180,"Ames, IA",Metropolitan,2023,6972270.0,2,
11180,"Ames, IA",Metropolitan,2024,7129684.0,2,
11200,"Amherst Town-Northampton, MA",Metropolitan,2019,7830270.0,1,
11200,"Amherst Town-Northampton, MA",Metropolitan,2020,7533703.0,1,
11200,"Amherst Town-Northampton, MA",Metropolitan,2021,7614464.0,1,
11200,"Amherst Town-Northampton, MA",Metropolitan,2022,7737126.0,1,
11200,"Amherst Town-Northampton, MA",Metropolitan,2023,7890721.0,1,
11200,"Amherst Town-Northampton, MA",Metropolitan,2024,8036784.0,1,
11220,"Amsterdam, NY",Micropolitan,2019,1940984.0,1,
11220,"Amsterdam, NY",Micropolitan,2020,1868484.0,1,
11220,"Amsterdam, NY",Micropolitan,2021,1905546.0,1,
11220,"Amsterdam, NY",Micropolitan,2022,1971714.0,1,
11220,"Amsterdam, NY",Micropolitan,2023,1939947.0,1,
11220,"Amsterdam, NY",Micropolitan,2024,2014941.0,1,
11260,"Anchorage, AK",Metropolitan,2019,25958958.0,2,
11260,"Anchorage, AK",Metropolitan,2020,25650783.0,2,
11260,"Anchorage, AK",Metropolitan,2021,26135680.0,2,
11260,"Anchorage, AK",Metropolitan,2022,26618616.0,2,
11260,"Anchorage, AK",Metropolitan,2023,27757425.0,2,
11260,"Anchorage, AK",Metropolitan,2024,28519676.0,2,
11360,"Anderson Creek, NC",Micropolitan,2019,2620901.0,1,
11360,"Anderson Creek, NC",Micropolitan,2020,2588663.0,1,
11360,"Anderson Creek, NC",Micropolitan,2021,2743586.0,1,
11360,"Anderson Creek, NC",Micropolitan,2022,2796962.0,1,
11360,"Anderson Creek, NC",Micropolitan,2023,2908721.0,1,
11360,"Anderson Creek, NC",Micropolitan,2024,3024858.0,1,
11380,"Andrews, TX",Micropolitan,2019,2921685.0,1,
11380,"Andrews, TX",Micropolitan,2020,2682766.0,1,
11380,"Andrews, TX",Micropolitan,2021,2960028.0,1,
11380,"Andrews, TX",Micropolitan,2022,2780286.0,1,
11380,"Andrews, TX",Micropolitan,2023,4453975.0,1,
11380,"Andrews, TX",Micropolitan,2024,4737748.0,1,
11420,"Angola, IN",Micropolitan,2019,1472036.0,1,
11420,"Angola, IN",Micropolitan,2020,1398199.0,1,
11420,"Angola, IN",Micropolitan,2021,1524333.0,1,
11420,"Angola, IN",Micropolitan,2022,1535218.0,1,
11420,"Angola, IN",Micropolitan,2023,1514885.0,1,
11420,"Angola, IN",Micropolitan,2024,1506883.0,1,
11460,"Ann Arbor, MI",Metropolitan,2019,25636942.0,1,
11460,"Ann Arbor, MI",Metropolitan,2020,25010835.0,1,
11460,"Ann Arbor, MI",Metropolitan,2021,26308827.0,1,
11460,"Ann Arbor, MI",Metropolitan,2022,26763594.0,1,
11460,"Ann Arbor, MI",Metropolitan,2023,27474944.0,1,
11460,"Ann Arbor, MI",Metropolitan,2024,28092107.0,1,
11500,"Anniston-Oxford, AL",Metropolitan,2019,4566934.0,1,
11500,"Anniston-Oxford, AL",Metropolitan,2020,4479184.0,1,
11500,"Anniston-Oxford, AL",Metropolitan,2021,4715207.0,1,
11500,"Anniston-Oxford, AL",Metropolitan,2022,4663474.0,1,
11500,"Anniston-Oxford, AL",Metropolitan,2023,4845292.0,1,
11500,"Anniston-Oxford, AL",Metropolitan,2024,4965547.0,1,
11540,"Appleton, WI",Metropolitan,2019,14559393.0,2,
11540,"Appleton, WI",Metropolitan,2020,13944959.0,2,
11540,"Appleton, WI",Metropolitan,2021,14298662.0,2,
11540,"Appleton, WI",Metropolitan,2022,14488790.0,2,
11540,"Appleton, WI",Metropolitan,2023,14687732.0,2,
11540,"Appleton, WI",Metropolitan,2024,14964081.0,2,
11580,"Arcadia, FL",Micropolitan,2019,986563.0,1,
11580,"Arcadia, FL",Micropolitan,2020,935584.0,1,
11580,"Arcadia, FL",Micropolitan,2021,968025.0,1,
11580,"Arcadia, FL",Micropolitan,2022,1010093.0,1,
11580,"Arcadia, FL",Micropolitan,2023,1105843.0,1,
11580,"Arcadia, FL",Micropolitan,2024,1100173.0,1,
11620,"Ardmore, OK",Micropolitan,2019,2938766.0,1,
11620,"Ardmore, OK",Micropolitan,2020,2683135.0,1,
11620,"Ardmore, OK",Micropolitan,2021,2724507.0,1,
11620,"Ardmore, OK",Micropolitan,2022,2616404.0,1,
11620,"Ardmore, OK",Micropolitan,2023,3078152.0,1,
11620,"Ardmore, OK",Micropolitan,2024,3110991.0,1,
11660,"Arkadelphia, AR",Micropolitan,2019,789238.0,1,
11660,"Arkadelphia, AR",Micropolitan,2020,782057.0,1,
11660,"Arkadelphia, AR",Micropolitan,2021,795064.0,1,
11660,"Arkadelphia, AR",Micropolitan,2022,741259.0,1,
11660,"Arkadelphia, AR",Micropolitan,2023,775676.0,1,
11660,"Arkadelphia, AR",Micropolitan,2024,810962.0,1,
11680,"Arkansas City-Winfield, KS",Micropolitan,2019,1279888.0,1,
11680,"Arkansas City-Winfield, KS",Micropolitan,2020,1219244.0,1,
11680,"Arkansas City-Winfield, KS",Micropolitan,2021,1314720.0,1,
11680,"Arkansas City-Winfield, KS",Micropolitan,2022,1307949.0,1,
11680,"Arkansas City-Winfield, KS",Micropolitan,2023,1319561.0,1,
11680,"Arkansas City-Winfield, KS",Micropolitan,2024,1284209.0,1,
11700,"Asheville, NC",Metropolitan,2019,19397815.0,3,
11700,"Asheville, NC",Metropolitan,2020,18283625.0,3,
11700,"Asheville, NC",Metropolitan,2021,19628786.0,3,
11700,"Asheville, NC",Metropolitan,2022,20247068.0,3,
11700,"Asheville, NC",Metropolitan,2023,21186602.0,3,
11700,"Asheville, NC",Metropolitan,2024,21827444.0,3,
11740,"Ashland, OH",Micropolitan,2019,1761577.0,1,
11740,"Ashland, OH",Micropolitan,2020,1791602.0,1,
11740,"Ashland, OH",Micropolitan,2021,1852584.0,1,
11740,"Ashland, OH",Micropolitan,2022,1823248.0,1,
11740,"Ashland, OH",Micropolitan,2023,1822112.0,1,
11740,"Ashland, OH",Micropolitan,2024,1853136.0,1,
11820,"Astoria, OR",Micropolitan,2019,1893576.0,1,
11820,"Astoria, OR",Micropolitan,2020,1914833.0,1,
11820,"Astoria, OR",Micropolitan,2021,1997577.0,1,
11820,"Astoria, OR",Micropolitan,2022,1939009.0,1,
11820,"Astoria, OR",Micropolitan,2023,1975155.0,1,
11820,"Astoria, OR",Micropolitan,2024,2006105.0,1,
11860,"Atchison, KS",Micropolitan,2019,707318.0,1,
11860,"Atchison, KS",Micropolitan,2020,677647.0,1,
11860,"Atchison, KS",Micropolitan,2021,685717.0,1,
11860,"Atchison, KS",Micropolitan,2022,609009.0,1,
11860,"Atchison, KS",Micropolitan,2023,625065.0,1,
11860,"Atchison, KS",Micropolitan,2024,648222.0,1,
11900,"Athens, OH",Micropolitan,2019,2126740.0,1,
11900,"Athens, OH",Micropolitan,2020,2035440.0,1,
11900,"Athens, OH",Micropolitan,2021,2032549.0,1,
11900,"Athens, OH",Micropolitan,2022,2064655.0,1,
11900,"Athens, OH",Micropolitan,2023,2087322.0,1,
11900,"Athens, OH",Micropolitan,2024,2138534.0,1,
11940,"Athens, TN",Micropolitan,2019,2368734.0,2,
11940,"Athens, TN",Micropolitan,2020,2413001.0,2,
11940,"Athens, TN",Micropolitan,2021,2539157.0,2,
11940,"Athens, TN",Micropolitan,2022,2449785.0,2,
11940,"Athens, TN",Micropolitan,2023,2389843.0,2,
11940,"Athens, TN",Micropolitan,2024,2445895.0,2,
11980,"Athens, TX",Micropolitan,2019,1825800.0,1,
11980,"Athens, TX",Micropolitan,2020,1857995.0,1,
11980,"Athens, TX",Micropolitan,2021,1836910.0,1,
11980,"Athens, TX",Micropolitan,2022,1902025.0,1,
11980,"Athens, TX",Micropolitan,2023,2049260.0,1,
11980,"Athens, TX",Micropolitan,2024,2139968.0,1,
12020,"Athens-Clarke County, GA",Metropolitan,2019,10261718.0,4,
12020,"Athens-Clarke County, GA",Metropolitan,2020,9796458.0,4,
12020,"Athens-Clarke County, GA",Metropolitan,2021,10388679.0,4,
12020,"Athens-Clarke County, GA",Metropolitan,2022,10943943.0,4,
12020,"Athens-Clarke County, GA",Metropolitan,2023,11045781.0,4,
12020,"Athens-Clarke County, GA",Metropolitan,2024,11429971.0,4,
12060,"Atlanta-Sandy Springs-Roswell, GA",Metropolitan,2019,430131022.0,29,
12060,"Atlanta-Sandy Springs-Roswell, GA",Metropolitan,2020,416023586.0,29,
12060,"Atlanta-Sandy Springs-Roswell, GA",Metropolitan,2021,445869923.0,29,
12060,"Atlanta-Sandy Springs-Roswell, GA",Metropolitan,2022,465763008.0,29,
12060,"Atlanta-Sandy Springs-Roswell, GA",Metropolitan,2023,472033283.0,29,
12060,"Atlanta-Sandy Springs-Roswell, GA",Metropolitan,2024,483641916.0,29,
12100,"Atlantic City-Hammonton, NJ",Metropolitan,2019,19188380.0,2,
12100,"Atlantic City-Hammonton, NJ",Metropolitan,2020,18303826.0,2,
12100,"Atlantic City-Hammonton, NJ",Metropolitan,2021,19773752.0,2,
12100,"Atlantic City-Hammonton, NJ",Metropolitan,2022,20458866.0,2,
12100,"Atlantic City-Hammonton, NJ",Metropolitan,2023,20717065.0,2,
12100,"Atlantic City-Hammonton, NJ",Metropolitan,2024,21086728.0,2,
12140,"Auburn, IN",Micropolitan,2019,2561891.0,1,
12140,"Auburn, IN",Micropolitan,2020,2444195.0,1,
12140,"Auburn, IN",Micropolitan,2021,2708969.0,1,
12140,"Auburn, IN",Micropolitan,2022,2735708.0,1,
12140,"Auburn, IN",Micropolitan,2023,2740123.0,1,
12140,"Auburn, IN",Micropolitan,2024,2722939.0,1,
12180,"Auburn, NY",Micropolitan,2019,2883105.0,1,
12180,"Auburn, NY",Micropolitan,2020,2883655.0,1,
12180,"Auburn, NY",Micropolitan,2021,2961969.0,1,
12180,"Auburn, NY",Micropolitan,2022,3034390.0,1,
12180,"Auburn, NY",Micropolitan,2023,3024288.0,1,
12180,"Auburn, NY",Micropolitan,2024,3129766.0,1,
12220,"Auburn-Opelika, AL",Metropolitan,2019,6893290.0,2,
12220,"Auburn-Opelika, AL",Metropolitan,2020,6726895.0,2,
12220,"Auburn-Opelika, AL",Metropolitan,2021,7126045.0,2,
12220,"Auburn-Opelika, AL",Metropolitan,2022,7177845.0,2,
12220,"Auburn-Opelika, AL",Metropolitan,2023,7584149.0,2,
12220,"Auburn-Opelika, AL",Metropolitan,2024,7777578.0,2,
12260,"Augusta-Richmond County, GA-SC",Metropolitan,2019,28032970.0,7,
12260,"Augusta-Richmond County, GA-SC",Metropolitan,2020,27840629.0,7,
12260,"Augusta-Richmond County, GA-SC",Metropolitan,2021,28687386.0,7,
12260,"Augusta-Richmond County, GA-SC",Metropolitan,2022,29086389.0,7,
12260,"Augusta-Richmond County, GA-SC",Metropolitan,2023,29197876.0,7,
12260,"Augusta-Richmond County, GA-SC",Metropolitan,2024,30136654.0,7,
12300,"Augusta-Waterville, ME",Micropolitan,2019,5835310.0,1,
12300,"Augusta-Waterville, ME",Micropolitan,2020,5853906.0,1,
12300,"Augusta-Waterville, ME",Micropolitan,2021,6218429.0,1,
12300,"Augusta-Waterville, ME",Micropolitan,2022,6295328.0,1,
12300,"Augusta-Waterville, ME",Micropolitan,2023,6389248.0,1,
12300,"Augusta-Waterville, ME",Micropolitan,2024,6698949.0,1,
12380,"Austin, MN",Micropolitan,2019,2047931.0,1,
12380,"Austin, MN",Micropolitan,2020,2054218.0,1,
12380,"Austin, MN",Micropolitan,2021,2166680.0,1,
12380,"Austin, MN",Micropolitan,2022,2236583.0,1,
12380,"Austin, MN",Micropolitan,2023,2399286.0,1,
12380,"Austin, MN",Micropolitan,2024,2376798.0,1,
12420,"Austin-Round Rock-San Marcos, TX",Metropolitan,2019,159055669.0,5,
12420,"Austin-Round Rock-San Marcos, TX",Metropolitan,2020,164257746.0,5,
12420,"Austin-Round Rock-San Marcos, TX",Metropolitan,2021,182249019.0,5,
12420,"Austin-Round Rock-San Marcos, TX",Metropolitan,2022,198966526.0,5,
12420,"Austin-Round Rock-San Marcos, TX",Metropolitan,2023,209210247.0,5,
12420,"Austin-Round Rock-San Marcos, TX",Metropolitan,2024,216943020.0,5,
12460,"Bainbridge, GA",Micropolitan,2019,816315.0,1,
12460,"Bainbridge, GA",Micropolitan,2020,840255.0,1,
12460,"Bainbridge, GA",Micropolitan,2021,908210.0,1,
12460,"Bainbridge, GA",Micropolitan,2022,1033325.0,1,
12460,"Bainbridge, GA",Micropolitan,2023,977269.0,1,
12460,"Bainbridge, GA",Micropolitan,2024,1058528.0,1,
12520,"Baker City, OR",Micropolitan,2019,556012.0,1,
12520,"Baker City, OR",Micropolitan,2020,558310.0,1,
12520,"Baker City, OR",Micropolitan,2021,556115.0,1,
12520,"Baker City, OR",Micropolitan,2022,585731.0,1,
12520,"Baker City, OR",Micropolitan,2023,618153.0,1,
12520,"Baker City, OR",Micropolitan,2024,659181.0,1,
12540,"Bakersfield-Delano, CA",Metropolitan,2019,45410206.0,1,
12540,"Bakersfield-Delano, CA",Metropolitan,2020,45598485.0,1,
12540,"Bakersfield-Delano, CA",Metropolitan,2021,46365142.0,1,
12540,"Bakersfield-Delano, CA",Metropolitan,2022,44445346.0,1,
12540,"Bakersfield-Delano, CA",Metropolitan,2023,47569571.0,1,
12540,"Bakersfield-Delano, CA",Metropolitan,2024,49752853.0,1,
12580,"Baltimore-Columbia-Towson, MD",Metropolitan,2019,201627155.0,7,
12580,"Baltimore-Columbia-Towson, MD",Metropolitan,2020,195046629.0,7,
12580,"Baltimore-Columbia-Towson, MD",Metropolitan,2021,205151376.0,7,
12580,"Baltimore-Columbia-Towson, MD",Metropolitan,2022,208594150.0,7,
12580,"Baltimore-Columbia-Towson, MD",Metropolitan,2023,211850379.0,7,
12580,"Baltimore-Columbia-Towson, MD",Metropolitan,2024,218776612.0,7,
12620,"Bangor, ME",Metropolitan,2019,6788914.0,1,
12620,"Bangor, ME",Metropolitan,2020,6774750.0,1,
12620,"Bangor, ME",Metropolitan,2021,7013117.0,1,
12620,"Bangor, ME",Metropolitan,2022,7108257.0,1,
12620,"Bangor, ME",Metropolitan,2023,7303301.0,1,
12620,"Bangor, ME",Metropolitan,2024,7530721.0,1,
12660,"Baraboo, WI",Micropolitan,2019,3988644.0,1,
12660,"Baraboo, WI",Micropolitan,2020,3755959.0,1,
12660,"Baraboo, WI",Micropolitan,2021,4080096.0,1,
12660,"Baraboo, WI",Micropolitan,2022,4034405.0,1,
12660,"Baraboo, WI",Micropolitan,2023,4156082.0,1,
12660,"Baraboo, WI",Micropolitan,2024,4215562.0,1,
12700,"Barnstable Town, MA",Metropolitan,2019,13473915.0,1,
12700,"Barnstable Town, MA",Metropolitan,2020,12723978.0,1,
12700,"Barnstable Town, MA",Metropolitan,2021,13755816.0,1,
12700,"Barnstable Town, MA",Metropolitan,2022,14155069.0,1,
12700,"Barnstable Town, MA",Metropolitan,2023,14184251.0,1,
12700,"Barnstable Town, MA",Metropolitan,2024,14830770.0,1,
12740,"Barre, VT",Micropolitan,2019,3759307.0,1,
12740,"Barre, VT",Micropolitan,2020,3678629.0,1,
12740,"Barre, VT",Micropolitan,2021,3766456.0,1,
12740,"Barre, VT",Micropolitan,2022,3965979.0,1,
12740,"Barre, VT",Micropolitan,2023,4021379.0,1,
12740,"Barre, VT",Micropolitan,2024,4108451.0,1,
12780,"Bartlesville, OK",Micropolitan,2019,3053892.0,1,
12780,"Bartlesville, OK",Micropolitan,2020,2804771.0,1,
12780,"Bartlesville, OK",Micropolitan,2021,2599216.0,1,
12780,"Bartlesville, OK",Micropolitan,2022,2585611.0,1,
12780,"Bartlesville, OK",Micropolitan,2023,3161157.0,1,
12780,"Bartlesville, OK",Micropolitan,2024,3743470.0,1,
12860,"Batavia, NY",Micropolitan,2019,2456671.0,1,
12860,"Batavia, NY",Micropolitan,2020,2356544.0,1,
12860,"Batavia, NY",Micropolitan,2021,2403311.0,1,
12860,"Batavia, NY",Micropolitan,2022,2493591.0,1,
12860,"Batavia, NY",Micropolitan,2023,2573855.0,1,
12860,"Batavia, NY",Micropolitan,2024,2654510.0,1,
12900,"Batesville, AR",Micropolitan,2019,1773118.0,1,
12900,"Batesville, AR",Micropolitan,2020,1653945.0,1,
12900,"Batesville, AR",Micropolitan,2021,1812389.0,1,
12900,"Batesville, AR",Micropolitan,2022,1902752.0,1,
12900,"Batesville, AR",Micropolitan,2023,1957891.0,1,
12900,"Batesville, AR",Micropolitan,2024,2059585.0,1,
12940,"Baton Rouge, LA",Metropolitan,2019,54342037.0,10,
12940,"Baton Rouge, LA",Metropolitan,2020,49983049.0,10,
12940,"Baton Rouge, LA",Metropolitan,2021,52625736.0,10,
12940,"Baton Rouge, LA",Metropolitan,2022,53875471.0,10,
12940,"Baton Rouge, LA",Metropolitan,2023,55081594.0,10,
12940,"Baton Rouge, LA",Metropolitan,2024,57843841.0,10,
12980,"Battle Creek, MI",Metropolitan,2019,6451007.0,1,
12980,"Battle Creek, MI",Metropolitan,2020,6364793.0,1,
12980,"Battle Creek, MI",Metropolitan,2021,6808306.0,1,
12980,"Battle Creek, MI",Metropolitan,2022,7116115.0,1,
12980,"Battle Creek, MI",Metropolitan,2023,7238983.0,1,
12980,"Battle Creek, MI",Metropolitan,2024,7464101.0,1,
13020,"Bay City, MI",Metropolitan,2019,3570704.0,1,
13020,"Bay City, MI",Metropolitan,2020,3551594.0,1,
13020,"Bay City, MI",Metropolitan,2021,3855404.0,1,
13020,"Bay City, MI",Metropolitan,2022,3782136.0,1,
13020,"Bay City, MI",Metropolitan,2023,3688792.0,1,
13020,"Bay City, MI",Metropolitan,2024,3716382.0,1,
13060,"Bay City, TX",Micropolitan,2019,2285383.0,1,
13060,"Bay City, TX",Micropolitan,2020,2232520.0,1,
13060,"Bay City, TX",Micropolitan,2021,2265358.0,1,
13060,"Bay City, TX",Micropolitan,2022,2253655.0,1,
13060,"Bay City, TX",Micropolitan,2023,2315742.0,1,
13060,"Bay City, TX",Micropolitan,2024,2232448.0,1,
13100,"Beatrice, NE",Micropolitan,2019,932707.0,1,
13100,"Beatrice, NE",Micropolitan,2020,955571.0,1,
13100,"Beatrice, NE",Micropolitan,2021,1095844.0,1,
13100,"Beatrice, NE",Micropolitan,2022,1090494.0,1,
13100,"Beatrice, NE",Micropolitan,2023,1187607.0,1,
13100,"Beatrice, NE",Micropolitan,2024,1217626.0,1,
13140,"Beaumont-Port Arthur, TX",Metropolitan,2019,25447588.0,3,
13140,"Beaumont-Port Arthur, TX",Metropolitan,2020,22093682.0,3,
13140,"Beaumont-Port Arthur, TX",Metropolitan,2021,23593604.0,3,
13140,"Beaumont-Port Arthur, TX",Metropolitan,2022,23956868.0,3,
13140,"Beaumont-Port Arthur, TX",Metropolitan,2023,24427251.0,3,
13140,"Beaumont-Port Arthur, TX",Metropolitan,2024,27417165.0,3,
13180,"Beaver Dam, WI",Micropolitan,2019,3682446.0,1,
13180,"Beaver Dam, WI",Micropolitan,2020,3588045.0,1,
13180,"Beaver Dam, WI",Micropolitan,2021,3768908.0,1,
13180,"Beaver Dam, WI",Micropolitan,2022,3825068.0,1,
13180,"Beaver Dam, WI",Micropolitan,2023,3762679.0,1,
13180,"Beaver Dam, WI",Micropolitan,2024,3797710.0,1,
13220,"Beckley, WV",Metropolitan,2019,4194096.0,2,
13220,"Beckley, WV",Metropolitan,2020,3932366.0,2,
13220,"Beckley, WV",Metropolitan,2021,4083405.0,2,
13220,"Beckley, WV",Metropolitan,2022,4284763.0,2,
13220,"Beckley, WV",Metropolitan,2023,4457283.0,2,
13220,"Beckley, WV",Metropolitan,2024,4634009.0,2,
13260,"Bedford, IN",Micropolitan,2019,1355048.0,1,
13260,"Bedford, IN",Micropolitan,2020,1329451.0,1,
13260,"Bedford, IN",Micropolitan,2021,1466150.0,1,
13260,"Bedford, IN",Micropolitan,2022,1412787.0,1,
13260,"Bedford, IN",Micropolitan,2023,1443252.0,1,
13260,"Bedford, IN",Micropolitan,2024,1475759.0,1,
13300,"Beeville, TX",Micropolitan,2019,750976.0,1,
13300,"Beeville, TX",Micropolitan,2020,720439.0,1,
13300,"Beeville, TX",Micropolitan,2021,682165.0,1,
13300,"Beeville, TX",Micropolitan,2022,744954.0,1,
13300,"Beeville, TX",Micropolitan,2023,814829.0,1,
13300,"Beeville, TX",Micropolitan,2024,879620.0,1,
13340,"Bellefontaine, OH",Micropolitan,2019,2036559.0,1,
13340,"Bellefontaine, OH",Micropolitan,2020,1882998.0,1,
13340,"Bellefontaine, OH",Micropolitan,2021,2053336.0,1,
13340,"Bellefontaine, OH",Micropolitan,2022,2135698.0,1,
13340,"Bellefontaine, OH",Micropolitan,2023,2153490.0,1,
13340,"Bellefontaine, OH",Micropolitan,2024,2215672.0,1,
13380,"Bellingham, WA",Metropolitan,2019,13672902.0,1,
13380,"Bellingham, WA",Metropolitan,2020,14319504.0,1,
13380,"Bellingham, WA",Metropolitan,2021,14727519.0,1,
13380,"Bellingham, WA",Metropolitan,2022,14032240.0,1,
13380,"Bellingham, WA",Metropolitan,2023,14630838.0,1,
13380,"Bellingham, WA",Metropolitan,2024,15565102.0,1,
13420,"Bemidji, MN",Micropolitan,2019,1795594.0,1,
13420,"Bemidji, MN",Micropolitan,2020,1802268.0,1,
13420,"Bemidji, MN",Micropolitan,2021,1872618.0,1,
13420,"Bemidji, MN",Micropolitan,2022,1880788.0,1,
13420,"Bemidji, MN",Micropolitan,2023,1907231.0,1,
13420,"Bemidji, MN",Micropolitan,2024,1954736.0,1,
13460,"Bend, OR",Metropolitan,2019,12055039.0,3,
13460,"Bend, OR",Metropolitan,2020,12076831.0,3,
13460,"Bend, OR",Metropolitan,2021,13310757.0,3,
13460,"Bend, OR",Metropolitan,2022,13872367.0,3,
13460,"Bend, OR",Metropolitan,2023,14491442.0,3,
13460,"Bend, OR",Metropolitan,2024,15379446.0,3,
13540,"Bennington, VT",Micropolitan,2019,1722225.0,1,
13540,"Bennington, VT",Micropolitan,2020,1634053.0,1,
13540,"Bennington, VT",Micropolitan,2021,1725255.0,1,
13540,"Bennington, VT",Micropolitan,2022,1775062.0,1,
13540,"Bennington, VT",Micropolitan,2023,1823362.0,1,
13540,"Bennington, VT",Micropolitan,2024,1872849.0,1,
13660,"Big Rapids, MI",Micropolitan,2019,1309356.0,1,
13660,"Big Rapids, MI",Micropolitan,2020,1193559.0,1,
13660,"Big Rapids, MI",Micropolitan,2021,1318804.0,1,
13660,"Big Rapids, MI",Micropolitan,2022,1265900.0,1,
13660,"Big Rapids, MI",Micropolitan,2023,1332681.0,1,
13660,"Big Rapids, MI",Micropolitan,2024,1290828.0,1,
13700,"Big Spring, TX",Micropolitan,2019,5695839.0,1,
13700,"Big Spring, TX",Micropolitan,2020,5796485.0,1,
13700,"Big Spring, TX",Micropolitan,2021,6311897.0,1,
13700,"Big Spring, TX",Micropolitan,2022,6187601.0,1,
13700,"Big Spring, TX",Micropolitan,2023,9771304.0,1,
13700,"Big Spring, TX",Micropolitan,2024,9008488.0,1,
13740,"Billings, MT",Metropolitan,2019,10046346.0,3,
13740,"Billings, MT",Metropolitan,2020,9859753.0,3,
13740,"Billings, MT",Metropolitan,2021,10559129.0,3,
13740,"Billings, MT",Metropolitan,2022,10845298.0,3,
13740,"Billings, MT",Metropolitan,2023,11133386.0,3,
13740,"Billings, MT",Metropolitan,2024,11697715.0,3,
13780,"Binghamton, NY",Metropolitan,2019,10858895.0,2,
13780,"Binghamton, NY",Metropolitan,2020,10418288.0,2,
13780,"Binghamton, NY",Metropolitan,2021,10685450.0,2,
13780,"Binghamton, NY",Metropolitan,2022,10695164.0,2,
13780,"Binghamton, NY",Metropolitan,2023,10852699.0,2,
13780,"Binghamton, NY",Metropolitan,2024,11139933.0,2,
13820,"Birmingham, AL",Metropolitan,2019,64711413.0,7,
13820,"Birmingham, AL",Metropolitan,2020,64025872.0,7,
13820,"Birmingham, AL",Metropolitan,2021,67316815.0,7,
13820,"Birmingham, AL",Metropolitan,2022,69064463.0,7,
13820,"Birmingham, AL",Metropolitan,2023,70599194.0,7,
13820,"Birmingham, AL",Metropolitan,2024,71738757.0,7,
13860,"Bishop, CA",Micropolitan,2019,1223022.0,1,
13860,"Bishop, CA",Micropolitan,2020,1136784.0,1,
13860,"Bishop, CA",Micropolitan,2021,1133727.0,1,
13860,"Bishop, CA",Micropolitan,2022,1085919.0,1,
13860,"Bishop, CA",Micropolitan,2023,1200151.0,1,
13860,"Bishop, CA",Micropolitan,2024,1214756.0,1,
13900,"Bismarck, ND",Metropolitan,2019,7478565.0,3,
13900,"Bismarck, ND",Metropolitan,2020,7264389.0,3,
13900,"Bismarck, ND",Metropolitan,2021,7541876.0,3,
13900,"Bismarck, ND",Metropolitan,2022,7377172.0,3,
13900,"Bismarck, ND",Metropolitan,2023,7525056.0,3,
13900,"Bismarck, ND",Metropolitan,2024,7822505.0,3,
13940,"Blackfoot, ID",Micropolitan,2019,1387496.0,1,
13940,"Blackfoot, ID",Micropolitan,2020,1456946.0,1,
13940,"Blackfoot, ID",Micropolitan,2021,1506305.0,1,
13940,"Blackfoot, ID",Micropolitan,2022,1702069.0,1,
13940,"Blackfoot, ID",Micropolitan,2023,1822147.0,1,
13940,"Blackfoot, ID",Micropolitan,2024,1712442.0,1,
13980,"Blacksburg-Christiansburg-Radford, VA",Metropolitan,2019,7661430.0,4,
13980,"Blacksburg-Christiansburg-Radford, VA",Metropolitan,2020,7443479.0,4,
13980,"Blacksburg-Christiansburg-Radford, VA",Metropolitan,2021,7959551.0,4,
13980,"Blacksburg-Christiansburg-Radford, VA",Metropolitan,2022,8240008.0,4,
13980,"Blacksburg-Christiansburg-Radford, VA",Metropolitan,2023,8632639.0,4,
13980,"Blacksburg-Christiansburg-Radford, VA",Metropolitan,2024,8848032.0,4,
14010,"Bloomington, IL",Metropolitan,2019,14977037.0,1,
14010,"Bloomington, IL",Metropolitan,2020,12321836.0,1,
14010,"Bloomington, IL",Metropolitan,2021,12296353.0,1,
14010,"Bloomington, IL",Metropolitan,2022,13026839.0,1,
14010,"Bloomington, IL",Metropolitan,2023,13191310.0,1,
14010,"Bloomington, IL",Metropolitan,2024,13442187.0,1,
14020,"Bloomington, IN",Metropolitan,2019,7575060.0,2,
14020,"Bloomington, IN",Metropolitan,2020,7281316.0,2,
14020,"Bloomington, IN",Metropolitan,2021,7507399.0,2,
14020,"Bloomington, IN",Metropolitan,2022,7737345.0,2,
14020,"Bloomington, IN",Metropolitan,2023,7876232.0,2,
14020,"Bloomington, IN",Metropolitan,2024,8023456.0,2,
14100,"Bloomsburg-Berwick, PA",Micropolitan,2019,2507555.0,1,
14100,"Bloomsburg-Berwick, PA",Micropolitan,2020,2380227.0,1,
14100,"Bloomsburg-Berwick, PA",Micropolitan,2021,2448305.0,1,
14100,"Bloomsburg-Berwick, PA",Micropolitan,2022,2470200.0,1,
14100,"Bloomsburg-Berwick, PA",Micropolitan,2023,2552754.0,1,
14100,"Bloomsburg-Berwick, PA",Micropolitan,2024,2594231.0,1,
14140,"Bluefield, WV-VA",Micropolitan,2019,2927023.0,2,
14140,"Bluefield, WV-VA",Micropolitan,2020,2788155.0,2,
14140,"Bluefield, WV-VA",Micropolitan,2021,2814405.0,2,
14140,"Bluefield, WV-VA",Micropolitan,2022,2958878.0,2,
14140,"Bluefield, WV-VA",Micropolitan,2023,3101511.0,2,
14140,"Bluefield, WV-VA",Micropolitan,2024,3108225.0,2,
14180,"Blytheville, AR",Micropolitan,2019,2661668.0,1,
14180,"Blytheville, AR",Micropolitan,2020,2770419.0,1,
14180,"Blytheville, AR",Micropolitan,2021,3436967.0,1,
14180,"Blytheville, AR",Micropolitan,2022,3355787.0,1,
14180,"Blytheville, AR",Micropolitan,2023,3540584.0,1,
14180,"Blytheville, AR",Micropolitan,2024,3736124.0,1,
14220,"Bogalusa, LA",Micropolitan,2019,1099448.0,1,
14220,"Bogalusa, LA",Micropolitan,2020,1008437.0,1,
14220,"Bogalusa, LA",Micropolitan,2021,1060471.0,1,
14220,"Bogalusa, LA",Micropolitan,2022,1065847.0,1,
14220,"Bogalusa, LA",Micropolitan,2023,1098649.0,1,
14220,"Bogalusa, LA",Micropolitan,2024,1343795.0,1,
14260,"Boise City, ID",Metropolitan,2019,36444995.0,5,
14260,"Boise City, ID",Metropolitan,2020,36725027.0,5,
14260,"Boise City, ID",Metropolitan,2021,40099605.0,5,
14260,"Boise City, ID",Metropolitan,2022,42742591.0,5,
14260,"Boise City, ID",Metropolitan,2023,43670542.0,5,
14260,"Boise City, ID",Metropolitan,2024,45898904.0,5,
14300,"Bonham, TX",Micropolitan,2019,959600.0,1,
14300,"Bonham, TX",Micropolitan,2020,938240.0,1,
14300,"Bonham, TX",Micropolitan,2021,977276.0,1,
14300,"Bonham, TX",Micropolitan,2022,1029963.0,1,
14300,"Bonham, TX",Micropolitan,2023,1085691.0,1,
14300,"Bonham, TX",Micropolitan,2024,1148993.0,1,
14380,"Boone, NC",Micropolitan,2019,2250658.0,1,
14380,"Boone, NC",Micropolitan,2020,2167806.0,1,
14380,"Boone, NC",Micropolitan,2021,2302480.0,1,
14380,"Boone, NC",Micropolitan,2022,2378241.0,1,
14380,"Boone, NC",Micropolitan,2023,2442809.0,1,
14380,"Boone, NC",Micropolitan,2024,2470872.0,1,
14420,"Borger, TX",Micropolitan,2019,3669191.0,1,
14420,"Borger, TX",Micropolitan,2020,3111313.0,1,
14420,"Borger, TX",Micropolitan,2021,4423890.0,1,
14420,"Borger, TX",Micropolitan,2022,4256802.0,1,
14420,"Borger, TX",Micropolitan,2023,4788923.0,1,
14420,"Borger, TX",Micropolitan,2024,7471998.0,1,
14460,"Boston-Cambridge-Newton, MA-NH",Metropolitan,2019,467439900.0,7,
14460,"Boston-Cambridge-Newton, MA-NH",Metropolitan,2020,464136441.0,7,
14460,"Boston-Cambridge-Newton, MA-NH",Metropolitan,2021,497542942.0,7,
14460,"Boston-Cambridge-Newton, MA-NH",Metropolitan,2022,507663030.0,7,
14460,"Boston-Cambridge-Newton, MA-NH",Metropolitan,2023,514060599.0,7,
14460,"Boston-Cambridge-Newton, MA-NH",Metropolitan,2024,525874804.0,7,
14500,"Boulder, CO",Metropolitan,2019,29657209.0,1,
14500,"Boulder, CO",Metropolitan,2020,29117792.0,1,
14500,"Boulder, CO",Metropolitan,2021,31245938.0,1,
14500,"Boulder, CO",Metropolitan,2022,32341073.0,1,
14500,"Boulder, CO",Metropolitan,2023,32934983.0,1,
14500,"Boulder, CO",Metropolitan,2024,33422982.0,1,
14540,"Bowling Green, KY",Metropolitan,2019,7728507.0,4,
14540,"Bowling Green, KY",Metropolitan,2020,7928948.0,4,
14540,"Bowling Green, KY",Metropolitan,2021,8675960.0,4,
14540,"Bowling Green, KY",Metropolitan,2022,8815105.0,4,
14540,"Bowling Green, KY",Metropolitan,2023,9331428.0,4,
14540,"Bowling Green, KY",Metropolitan,2024,9893893.0,4,
14580,"Bozeman, MT",Metropolitan,2019,6519018.0,1,
14580,"Bozeman, MT",Metropolitan,2020,6678510.0,1,
14580,"Bozeman, MT",Metropolitan,2021,7651032.0,1,
14580,"Bozeman, MT",Metropolitan,2022,8145745.0,1,
14580,"Bozeman, MT",Metropolitan,2023,8824121.0,1,
14580,"Bozeman, MT",Metropolitan,2024,9280217.0,1,
14620,"Bradford, PA",Micropolitan,2019,1677067.0,1,
14620,"Bradford, PA",Micropolitan,2020,1416206.0,1,
14620,"Bradford, PA",Micropolitan,2021,1731044.0,1,
14620,"Bradford, PA",Micropolitan,2022,1488825.0,1,
14620,"Bradford, PA",Micropolitan,2023,1667307.0,1,
14620,"Bradford, PA",Micropolitan,2024,1658860.0,1,
14660,"Brainerd, MN",Micropolitan,2019,3919684.0,2,
14660,"Brainerd, MN",Micropolitan,2020,3754169.0,2,
14660,"Brainerd, MN",Micropolitan,2021,4181775.0,2,
14660,"Brainerd, MN",Micropolitan,2022,4023679.0,2,
14660,"Brainerd, MN",Micropolitan,2023,4029736.0,2,
14660,"Brainerd, MN",Micropolitan,2024,4141216.0,2,
14700,"Branson, MO",Micropolitan,2019,2593129.0,1,
14700,"Branson, MO",Micropolitan,2020,2271376.0,1,
14700,"Branson, MO",Micropolitan,2021,2580554.0,1,
14700,"Branson, MO",Micropolitan,2022,2727782.0,1,
14700,"Branson, MO",Micropolitan,2023,2848111.0,1,
14700,"Branson, MO",Micropolitan,2024,2869141.0,1,
14710,"Brattleboro, VT",Micropolitan,2019,2328671.0,1,
14710,"Brattleboro, VT",Micropolitan,2020,2304888.0,1,
14710,"Brattleboro, VT",Micropolitan,2021,2307043.0,1,
14710,"Brattleboro, VT",Micropolitan,2022,2316408.0,1,
14710,"Brattleboro, VT",Micropolitan,2023,2397892.0,1,
14710,"Brattleboro, VT",Micropolitan,2024,2378574.0,1,
14720,"Breckenridge, CO",Micropolitan,2019,3065630.0,2,
14720,"Breckenridge, CO",Micropolitan,2020,2817985.0,2,
14720,"Breckenridge, CO",Micropolitan,2021,3154812.0,2,
14720,"Breckenridge, CO",Micropolitan,2022,3406703.0,2,
14720,"Breckenridge, CO",Micropolitan,2023,3492393.0,2,
14720,"Breckenridge, CO",Micropolitan,2024,3706475.0,2,
14740,"Bremerton-Silverdale-Port Orchard, WA",Metropolitan,2019,12386984.0,1,
14740,"Bremerton-Silverdale-Port Orchard, WA",Metropolitan,2020,12760536.0,1,
14740,"Bremerton-Silverdale-Port Orchard, WA",Metropolitan,2021,13124175.0,1,
14740,"Bremerton-Silverdale-Port Orchard, WA",Metropolitan,2022,13673490.0,1,
14740,"Bremerton-Silverdale-Port Orchard, WA",Metropolitan,2023,13911878.0,1,
14740,"Bremerton-Silverdale-Port Orchard, WA",Metropolitan,2024,14380899.0,1,
14780,"Brenham, TX",Micropolitan,2019,1873865.0,1,
14780,"Brenham, TX",Micropolitan,2020,1942818.0,1,
14780,"Brenham, TX",Micropolitan,2021,2192883.0,1,
14780,"Brenham, TX",Micropolitan,2022,2282294.0,1,
14780,"Brenham, TX",Micropolitan,2023,2586505.0,1,
14780,"Brenham, TX",Micropolitan,2024,2525414.0,1,
14820,"Brevard, NC",Micropolitan,2019,1765854.0,1,
14820,"Brevard, NC",Micropolitan,2020,1739195.0,1,
14820,"Brevard, NC",Micropolitan,2021,1724496.0,1,
14820,"Brevard, NC",Micropolitan,2022,1810651.0,1,
14820,"Brevard, NC",Micropolitan,2023,1889385.0,1,
14820,"Brevard, NC",Micropolitan,2024,1888571.0,1,
14860,"Bridgeport-Stamford-Danbury, CT",Metropolitan,2019,,2,incomplete_county_coverage
14860,"Bridgeport-Stamford-Danbury, CT",Metropolitan,2020,,2,incomplete_county_coverage
14860,"Bridgeport-Stamford-Danbury, CT",Metropolitan,2021,,2,incomplete_county_coverage
14860,"Bridgeport-Stamford-Danbury, CT",Metropolitan,2022,,2,incomplete_county_coverage
14860,"Bridgeport-Stamford-Danbury, CT",Metropolitan,2023,,2,incomplete_county_coverage
14860,"Bridgeport-Stamford-Danbury, CT",Metropolitan,2024,88432636.0,2,
14940,"Brigham City, UT-ID",Micropolitan,2019,2441655.0,2,
14940,"Brigham City, UT-ID",Micropolitan,2020,2490406.0,2,
14940,"Brigham City, UT-ID",Micropolitan,2021,2622128.0,2,
14940,"Brigham City, UT-ID",Micropolitan,2022,2830527.0,2,
14940,"Brigham City, UT-ID",Micropolitan,2023,3036059.0,2,
14940,"Brigham City, UT-ID",Micropolitan,2024,3043607.0,2,
15020,"Brookhaven, MS",Micropolitan,2019,1128373.0,1,
15020,"Brookhaven, MS",Micropolitan,2020,1109283.0,1,
15020,"Brookhaven, MS",Micropolitan,2021,1181818.0,1,
15020,"Brookhaven, MS",Micropolitan,2022,1160483.0,1,
15020,"Brookhaven, MS",Micropolitan,2023,1188017.0,1,
15020,"Brookhaven, MS",Micropolitan,2024,1237457.0,1,
15060,"Brookings, OR",Micropolitan,2019,686660.0,1,
15060,"Brookings, OR",Micropolitan,2020,667386.0,1,
15060,"Brookings, OR",Micropolitan,2021,704683.0,1,
15060,"Brookings, OR",Micropolitan,2022,686578.0,1,
15060,"Brookings, OR",Micropolitan,2023,709349.0,1,
15060,"Brookings, OR",Micropolitan,2024,718528.0,1,
15100,"Brookings, SD",Micropolitan,2019,2036421.0,1,
15100,"Brookings, SD",Micropolitan,2020,2109147.0,1,
15100,"Brookings, SD",Micropolitan,2021,2173828.0,1,
15100,"Brookings, SD",Micropolitan,2022,2157700.0,1,
15100,"Brookings, SD",Micropolitan,2023,2277033.0,1,
15100,"Brookings, SD",Micropolitan,2024,2358071.0,1,
15180,"Brownsville-Harlingen, TX",Metropolitan,2019,11292095.0,1,
15180,"Brownsville-Harlingen, TX",Metropolitan,2020,10980593.0,1,
15180,"Brownsville-Harlingen, TX",Metropolitan,2021,11758806.0,1,
15180,"Brownsville-Harlingen, TX",Metropolitan,2022,12358584.0,1,
15180,"Brownsville-Harlingen, TX",Metropolitan,2023,12842544.0,1,
15180,"Brownsville-Harlingen, TX",Metropolitan,2024,13570589.0,1,
15220,"Brownwood, TX",Micropolitan,2019,1449766.0,1,
15220,"Brownwood, TX",Micropolitan,2020,1401057.0,1,
15220,"Brownwood, TX",Micropolitan,2021,1421796.0,1,
15220,"Brownwood, TX",Micropolitan,2022,1431252.0,1,
15220,"Brownwood, TX",Micropolitan,2023,1490130.0,1,
15220,"Brownwood, TX",Micropolitan,2024,1506419.0,1,
15260,"Brunswick-St. Simons, GA",Metropolitan,2019,4598898.0,3,
15260,"Brunswick-St. Simons, GA",Metropolitan,2020,4499583.0,3,
15260,"Brunswick-St. Simons, GA",Metropolitan,2021,4840873.0,3,
15260,"Brunswick-St. Simons, GA",Metropolitan,2022,5033502.0,3,
15260,"Brunswick-St. Simons, GA",Metropolitan,2023,5097791.0,3,
15260,"Brunswick-St. Simons, GA",Metropolitan,2024,5273761.0,3,
15340,"Bucyrus, OH",Micropolitan,2019,1344710.0,1,
15340,"Bucyrus, OH",Micropolitan,2020,1290242.0,1,
15340,"Bucyrus, OH",Micropolitan,2021,1398655.0,1,
15340,"Bucyrus, OH",Micropolitan,2022,1326821.0,1,
15340,"Bucyrus, OH",Micropolitan,2023,1354423.0,1,
15340,"Bucyrus, OH",Micropolitan,2024,1318330.0,1,
15380,"Buffalo-Cheektowaga, NY",Metropolitan,2019,68498747.0,2,
15380,"Buffalo-Cheektowaga, NY",Metropolitan,2020,67647696.0,2,
15380,"Buffalo-Cheektowaga, NY",Metropolitan,2021,70380172.0,2,
15380,"Buffalo-Cheektowaga, NY",Metropolitan,2022,71406608.0,2,
15380,"Buffalo-Cheektowaga, NY",Metropolitan,2023,72808282.0,2,
15380,"Buffalo-Cheektowaga, NY",Metropolitan,2024,73756629.0,2,
15420,"Burley, ID",Micropolitan,2019,2324678.0,2,
15420,"Burley, ID",Micropolitan,2020,2371345.0,2,
15420,"Burley, ID",Micropolitan,2021,2346284.0,2,
15420,"Burley, ID",Micropolitan,2022,2536999.0,2,
15420,"Burley, ID",Micropolitan,2023,2644838.0,2,
15420,"Burley, ID",Micropolitan,2024,2961271.0,2,
15460,"Burlington, IA-IL",Micropolitan,2019,2333469.0,2,
15460,"Burlington, IA-IL",Micropolitan,2020,2322457.0,2,
15460,"Burlington, IA-IL",Micropolitan,2021,2447238.0,2,
15460,"Burlington, IA-IL",Micropolitan,2022,2330859.0,2,
15460,"Burlington, IA-IL",Micropolitan,2023,2318180.0,2,
15460,"Burlington, IA-IL",Micropolitan,2024,2386383.0,2,
15500,"Burlington, NC",Metropolitan,2019,6281006.0,1,
15500,"Burlington, NC",Metropolitan,2020,6306419.0,1,
15500,"Burlington, NC",Metropolitan,2021,6712009.0,1,
15500,"Burlington, NC",Metropolitan,2022,6715031.0,1,
15500,"Burlington, NC",Metropolitan,2023,6885523.0,1,
15500,"Burlington, NC",Metropolitan,2024,7006266.0,1,
15540,"Burlington-South Burlington, VT",Metropolitan,2019,14221419.0,3,
15540,"Burlington-South Burlington, VT",Metropolitan,2020,13742690.0,3,
15540,"Burlington-South Burlington, VT",Metropolitan,2021,14350698.0,3,
15540,"Burlington-South Burlington, VT",Metropolitan,2022,15012457.0,3,
15540,"Burlington-South Burlington, VT",Metropolitan,2023,15176249.0,3,
15540,"Burlington-South Burlington, VT",Metropolitan,2024,15575996.0,3,
15580,"Butte-Silver Bow, MT",Micropolitan,2019,1513402.0,1,
15580,"Butte-Silver Bow, MT",Micropolitan,2020,1507704.0,1,
15580,"Butte-Silver Bow, MT",Micropolitan,2021,1607744.0,1,
15580,"Butte-Silver Bow, MT",Micropolitan,2022,1618483.0,1,
15580,"Butte-Silver Bow, MT",Micropolitan,2023,1689585.0,1,
15580,"Butte-Silver Bow, MT",Micropolitan,2024,1699243.0,1,
15620,"Cadillac, MI",Micropolitan,2019,1765414.0,2,
15620,"Cadillac, MI",Micropolitan,2020,1627895.0,2,
15620,"Cadillac, MI",Micropolitan,2021,1767642.0,2,
15620,"Cadillac, MI",Micropolitan,2022,1753676.0,2,
15620,"Cadillac, MI",Micropolitan,2023,1797429.0,2,
15620,"Cadillac, MI",Micropolitan,2024,1883527.0,2,
15660,"Calhoun, GA",Micropolitan,2019,2285052.0,1,
15660,"Calhoun, GA",Micropolitan,2020,2151206.0,1,
15660,"Calhoun, GA",Micropolitan,2021,2393067.0,1,
15660,"Calhoun, GA",Micropolitan,2022,2530863.0,1,
15660,"Calhoun, GA",Micropolitan,2023,2492255.0,1,
15660,"Calhoun, GA",Micropolitan,2024,2606146.0,1,
15700,"Cambridge, MD",Micropolitan,2019,1291172.0,1,
15700,"Cambridge, MD",Micropolitan,2020,1278684.0,1,
15700,"Cambridge, MD",Micropolitan,2021,1382920.0,1,
15700,"Cambridge, MD",Micropolitan,2022,1434843.0,1,
15700,"Cambridge, MD",Micropolitan,2023,1325490.0,1,
15700,"Cambridge, MD",Micropolitan,2024,1395003.0,1,
15740,"Cambridge, OH",Micropolitan,2019,2173962.0,1,
15740,"Cambridge, OH",Micropolitan,2020,2150372.0,1,
15740,"Cambridge, OH",Micropolitan,2021,2060216.0,1,
15740,"Cambridge, OH",Micropolitan,2022,1888989.0,1,
15740,"Cambridge, OH",Micropolitan,2023,2722873.0,1,
15740,"Cambridge, OH",Micropolitan,2024,3077774.0,1,
15780,"Camden, AR",Micropolitan,2019,941461.0,2,
15780,"Camden, AR",Micropolitan,2020,962658.0,2,
15780,"Camden, AR",Micropolitan,2021,1015924.0,2,
15780,"Camden, AR",Micropolitan,2022,979619.0,2,
15780,"Camden, AR",Micropolitan,2023,993919.0,2,
15780,"Camden, AR",Micropolitan,2024,1016270.0,2,
15820,"Campbellsville, KY",Micropolitan,2019,1045530.0,2,
15820,"Campbellsville, KY",Micropolitan,2020,1049771.0,2,
15820,"Campbellsville, KY",Micropolitan,2021,1019693.0,2,
15820,"Campbellsville, KY",Micropolitan,2022,1015774.0,2,
15820,"Campbellsville, KY",Micropolitan,2023,1051579.0,2,
15820,"Campbellsville, KY",Micropolitan,2024,1071531.0,2,
15860,"Cañon City, CO",Micropolitan,2019,1421330.0,1,
15860,"Cañon City, CO",Micropolitan,2020,1416581.0,1,
15860,"Cañon City, CO",Micropolitan,2021,1481111.0,1,
15860,"Cañon City, CO",Micropolitan,2022,1508434.0,1,
15860,"Cañon City, CO",Micropolitan,2023,1549532.0,1,
15860,"Cañon City, CO",Micropolitan,2024,1588785.0,1,
15900,"Canton, IL",Micropolitan,2019,927766.0,1,
15900,"Canton, IL",Micropolitan,2020,803931.0,1,
15900,"Canton, IL",Micropolitan,2021,829949.0,1,
15900,"Canton, IL",Micropolitan,2022,854525.0,1,
15900,"Canton, IL",Micropolitan,2023,848955.0,1,
15900,"Canton, IL",Micropolitan,2024,857770.0,1,
15940,"Canton-Massillon, OH",Metropolitan,2019,18164057.0,2,
15940,"Canton-Massillon, OH",Metropolitan,2020,17189355.0,2,
15940,"Canton-Massillon, OH",Metropolitan,2021,18363661.0,2,
15940,"Canton-Massillon, OH",Metropolitan,2022,18163427.0,2,
15940,"Canton-Massillon, OH",Metropolitan,2023,18947785.0,2,
15940,"Canton-Massillon, OH",Metropolitan,2024,19318192.0,2,
15980,"Cape Coral-Fort Myers, FL",Metropolitan,2019,33346800.0,1,
15980,"Cape Coral-Fort Myers, FL",Metropolitan,2020,33233737.0,1,
15980,"Cape Coral-Fort Myers, FL",Metropolitan,2021,36038466.0,1,
15980,"Cape Coral-Fort Myers, FL",Metropolitan,2022,38894720.0,1,
15980,"Cape Coral-Fort Myers, FL",Metropolitan,2023,40549679.0,1,
15980,"Cape Coral-Fort Myers, FL",Metropolitan,2024,41934562.0,1,
16020,"Cape Girardeau, MO-IL",Metropolitan,2019,4429181.0,3,
16020,"Cape Girardeau, MO-IL",Metropolitan,2020,4281969.0,3,
16020,"Cape Girardeau, MO-IL",Metropolitan,2021,4426509.0,3,
16020,"Cape Girardeau, MO-IL",Metropolitan,2022,4416846.0,3,
16020,"Cape Girardeau, MO-IL",Metropolitan,2023,4475768.0,3,
16020,"Cape Girardeau, MO-IL",Metropolitan,2024,4533658.0,3,
16060,"Carbondale, IL",Micropolitan,2019,2534692.0,1,
16060,"Carbondale, IL",Micropolitan,2020,2474840.0,1,
16060,"Carbondale, IL",Micropolitan,2021,2484368.0,1,
16060,"Carbondale, IL",Micropolitan,2022,2595387.0,1,
16060,"Carbondale, IL",Micropolitan,2023,2620845.0,1,
16060,"Carbondale, IL",Micropolitan,2024,2600977.0,1,
16100,"Carlsbad-Artesia, NM",Micropolitan,2019,7331074.0,1,
16100,"Carlsbad-Artesia, NM",Micropolitan,2020,6951518.0,1,
16100,"Carlsbad-Artesia, NM",Micropolitan,2021,6608414.0,1,
16100,"Carlsbad-Artesia, NM",Micropolitan,2022,6495257.0,1,
16100,"Carlsbad-Artesia, NM",Micropolitan,2023,8710992.0,1,
16100,"Carlsbad-Artesia, NM",Micropolitan,2024,9816999.0,1,
16140,"Carroll, IA",Micropolitan,2019,1307243.0,1,
16140,"Carroll, IA",Micropolitan,2020,1300799.0,1,
16140,"Carroll, IA",Micropolitan,2021,1357263.0,1,
16140,"Carroll, IA",Micropolitan,2022,1382448.0,1,
16140,"Carroll, IA",Micropolitan,2023,1351948.0,1,
16140,"Carroll, IA",Micropolitan,2024,1396164.0,1,
16180,"Carson City, NV",Metropolitan,2019,3698674.0,1,
16180,"Carson City, NV",Metropolitan,2020,3518554.0,1,
16180,"Carson City, NV",Metropolitan,2021,3628299.0,1,
16180,"Carson City, NV",Metropolitan,2022,3779886.0,1,
16180,"Carson City, NV",Metropolitan,2023,3936044.0,1,
16180,"Carson City, NV",Metropolitan,2024,4161999.0,1,
16220,"Casper, WY",Metropolitan,2019,5705706.0,1,
16220,"Casper, WY",Metropolitan,2020,4959651.0,1,
16220,"Casper, WY",Metropolitan,2021,4853152.0,1,
16220,"Casper, WY",Metropolitan,2022,5076888.0,1,
16220,"Casper, WY",Metropolitan,2023,5222789.0,1,
16220,"Casper, WY",Metropolitan,2024,5299993.0,1,
16260,"Cedar City, UT",Micropolitan,2019,1901612.0,1,
16260,"Cedar City, UT",Micropolitan,2020,1946503.0,1,
16260,"Cedar City, UT",Micropolitan,2021,2091324.0,1,
16260,"Cedar City, UT",Micropolitan,2022,2242469.0,1,
16260,"Cedar City, UT",Micropolitan,2023,2388703.0,1,
16260,"Cedar City, UT",Micropolitan,2024,2421909.0,1,
16300,"Cedar Rapids, IA",Metropolitan,2019,18295434.0,3,
16300,"Cedar Rapids, IA",Metropolitan,2020,18057372.0,3,
16300,"Cedar Rapids, IA",Metropolitan,2021,19314491.0,3,
16300,"Cedar Rapids, IA",Metropolitan,2022,19104347.0,3,
16300,"Cedar Rapids, IA",Metropolitan,2023,18855130.0,3,
16300,"Cedar Rapids, IA",Metropolitan,2024,19057047.0,3,
16340,"Cedartown, GA",Micropolitan,2019,1258307.0,1,
16340,"Cedartown, GA",Micropolitan,2020,1211279.0,1,
16340,"Cedartown, GA",Micropolitan,2021,1275782.0,1,
16340,"Cedartown, GA",Micropolitan,2022,1334618.0,1,
16340,"Cedartown, GA",Micropolitan,2023,1330791.0,1,
16340,"Cedartown, GA",Micropolitan,2024,1360809.0,1,
16380,"Celina, OH",Micropolitan,2019,2291357.0,1,
16380,"Celina, OH",Micropolitan,2020,2205004.0,1,
16380,"Celina, OH",Micropolitan,2021,2307128.0,1,
16380,"Celina, OH",Micropolitan,2022,2378646.0,1,
16380,"Celina, OH",Micropolitan,2023,2600312.0,1,
16380,"Celina, OH",Micropolitan,2024,3102542.0,1,
16460,"Centralia, IL",Micropolitan,2019,1325080.0,1,
16460,"Centralia, IL",Micropolitan,2020,1248519.0,1,
16460,"Centralia, IL",Micropolitan,2021,1285853.0,1,
16460,"Centralia, IL",Micropolitan,2022,1326202.0,1,
16460,"Centralia, IL",Micropolitan,2023,1367555.0,1,
16460,"Centralia, IL",Micropolitan,2024,1369011.0,1,
16500,"Centralia, WA",Micropolitan,2019,3515867.0,1,
16500,"Centralia, WA",Micropolitan,2020,3421004.0,1,
16500,"Centralia, WA",Micropolitan,2021,3368937.0,1,
16500,"Centralia, WA",Micropolitan,2022,3705384.0,1,
16500,"Centralia, WA",Micropolitan,2023,3617900.0,1,
16500,"Centralia, WA",Micropolitan,2024,3869765.0,1,
16540,"Chambersburg, PA",Metropolitan,2019,6233679.0,1,
16540,"Chambersburg, PA",Metropolitan,2020,5965142.0,1,
16540,"Chambersburg, PA",Metropolitan,2021,6218694.0,1,
16540,"Chambersburg, PA",Metropolitan,2022,6315961.0,1,
16540,"Chambersburg, PA",Metropolitan,2023,6213691.0,1,
16540,"Chambersburg, PA",Metropolitan,2024,6383165.0,1,
16580,"Champaign-Urbana, IL",Metropolitan,2019,12282122.0,3,
16580,"Champaign-Urbana, IL",Metropolitan,2020,12108338.0,3,
16580,"Champaign-Urbana, IL",Metropolitan,2021,12577620.0,3,
16580,"Champaign-Urbana, IL",Metropolitan,2022,12961655.0,3,
16580,"Champaign-Urbana, IL",Metropolitan,2023,13307640.0,3,
16580,"Champaign-Urbana, IL",Metropolitan,2024,13536966.0,3,
16620,"Charleston, WV",Metropolitan,2019,11652353.0,3,
16620,"Charleston, WV",Metropolitan,2020,10952530.0,3,
16620,"Charleston, WV",Metropolitan,2021,11425655.0,3,
16620,"Charleston, WV",Metropolitan,2022,11668883.0,3,
16620,"Charleston, WV",Metropolitan,2023,11980243.0,3,
16620,"Charleston, WV",Metropolitan,2024,12409924.0,3,
16660,"Charleston-Mattoon, IL",Micropolitan,2019,2409920.0,1,
16660,"Charleston-Mattoon, IL",Micropolitan,2020,2373444.0,1,
16660,"Charleston-Mattoon, IL",Micropolitan,2021,2662670.0,1,
16660,"Charleston-Mattoon, IL",Micropolitan,2022,2594126.0,1,
16660,"Charleston-Mattoon, IL",Micropolitan,2023,2670733.0,1,
16660,"Charleston-Mattoon, IL",Micropolitan,2024,2751881.0,1,
16700,"Charleston-North Charleston, SC",Metropolitan,2019,45465039.0,3,
16700,"Charleston-North Charleston, SC",Metropolitan,2020,44165052.0,3,
16700,"Charleston-North Charleston, SC",Metropolitan,2021,46542759.0,3,
16700,"Charleston-North Charleston, SC",Metropolitan,2022,49954090.0,3,
16700,"Charleston-North Charleston, SC",Metropolitan,2023,53609181.0,3,
16700,"Charleston-North Charleston, SC",Metropolitan,2024,56608519.0,3,
16740,"Charlotte-Concord-Gastonia, NC-SC",Metropolitan,2019,177466660.0,11,
16740,"Charlotte-Concord-Gastonia, NC-SC",Metropolitan,2020,179117100.0,11,
16740,"Charlotte-Concord-Gastonia, NC-SC",Metropolitan,2021,191078296.0,11,
16740,"Charlotte-Concord-Gastonia, NC-SC",Metropolitan,2022,199145344.0,11,
16740,"Charlotte-Concord-Gastonia, NC-SC",Metropolitan,2023,209323617.0,11,
16740,"Charlotte-Concord-Gastonia, NC-SC",Metropolitan,2024,216937068.0,11,
16820,"Charlottesville, VA",Metropolitan,2019,13717617.0,4,
16820,"Charlottesville, VA",Metropolitan,2020,13211726.0,4,
16820,"Charlottesville, VA",Metropolitan,2021,14380428.0,4,
16820,"Charlottesville, VA",Metropolitan,2022,14942516.0,4,
16820,"Charlottesville, VA",Metropolitan,2023,15599863.0,4,
16820,"Charlottesville, VA",Metropolitan,2024,16071004.0,4,
16860,"Chattanooga, TN-GA",Metropolitan,2019,30393027.0,6,
16860,"Chattanooga, TN-GA",Metropolitan,2020,30513475.0,6,
16860,"Chattanooga, TN-GA",Metropolitan,2021,32868600.0,6,
16860,"Chattanooga, TN-GA",Metropolitan,2022,34696762.0,6,
16860,"Chattanooga, TN-GA",Metropolitan,2023,34261100.0,6,
16860,"Chattanooga, TN-GA",Metropolitan,2024,34588349.0,6,
16940,"Cheyenne, WY",Metropolitan,2019,5990637.0,1,
16940,"Cheyenne, WY",Metropolitan,2020,5685494.0,1,
16940,"Cheyenne, WY",Metropolitan,2021,6011479.0,1,
16940,"Cheyenne, WY",Metropolitan,2022,6047556.0,1,
16940,"Cheyenne, WY",Metropolitan,2023,6272579.0,1,
16940,"Cheyenne, WY",Metropolitan,2024,6649763.0,1,
16980,"Chicago-Naperville-Elgin, IL-IN",Metropolitan,2019,690363281.0,13,
16980,"Chicago-Naperville-Elgin, IL-IN",Metropolitan,2020,652735783.0,13,
16980,"Chicago-Naperville-Elgin, IL-IN",Metropolitan,2021,691450504.0,13,
16980,"Chicago-Naperville-Elgin, IL-IN",Metropolitan,2022,703302545.0,13,
16980,"Chicago-Naperville-Elgin, IL-IN",Metropolitan,2023,715910581.0,13,
16980,"Chicago-Naperville-Elgin, IL-IN",Metropolitan,2024,726275610.0,13,
17020,"Chico, CA",Metropolitan,2019,9457300.0,1,
17020,"Chico, CA",Metropolitan,2020,8898694.0,1,
17020,"Chico, CA",Metropolitan,2021,9113794.0,1,
17020,"Chico, CA",Metropolitan,2022,8934657.0,1,
17020,"Chico, CA",Metropolitan,2023,9375259.0,1,
17020,"Chico, CA",Metropolitan,2024,9976475.0,1,
17060,"Chillicothe, OH",Micropolitan,2019,2906326.0,1,
17060,"Chillicothe, OH",Micropolitan,2020,2823102.0,1,
17060,"Chillicothe, OH",Micropolitan,2021,2982923.0,1,
17060,"Chillicothe, OH",Micropolitan,2022,3041819.0,1,
17060,"Chillicothe, OH",Micropolitan,2023,2945332.0,1,
17060,"Chillicothe, OH",Micropolitan,2024,3069851.0,1,
17140,"Cincinnati, OH-KY-IN",Metropolitan,2019,152194652.0,15,
17140,"Cincinnati, OH-KY-IN",Metropolitan,2020,149420789.0,15,
17140,"Cincinnati, OH-KY-IN",Metropolitan,2021,156033473.0,15,
17140,"Cincinnati, OH-KY-IN",Metropolitan,2022,157105085.0,15,
17140,"Cincinnati, OH-KY-IN",Metropolitan,2023,159551303.0,15,
17140,"Cincinnati, OH-KY-IN",Metropolitan,2024,161799219.0,15,
17220,"Clarksburg, WV",Micropolitan,2019,5663690.0,3,
17220,"Clarksburg, WV",Micropolitan,2020,5709361.0,3,
17220,"Clarksburg, WV",Micropolitan,2021,5530682.0,3,
17220,"Clarksburg, WV",Micropolitan,2022,5532691.0,3,
17220,"Clarksburg, WV",Micropolitan,2023,6006337.0,3,
17220,"Clarksburg, WV",Micropolitan,2024,5983874.0,3,
17260,"Clarksdale, MS",Micropolitan,2019,718815.0,1,
17260,"Clarksdale, MS",Micropolitan,2020,662999.0,1,
17260,"Clarksdale, MS",Micropolitan,2021,689702.0,1,
17260,"Clarksdale, MS",Micropolitan,2022,684336.0,1,
17260,"Clarksdale, MS",Micropolitan,2023,677321.0,1,
17260,"Clarksdale, MS",Micropolitan,2024,657446.0,1,
17300,"Clarksville, TN-KY",Metropolitan,2019,12683211.0,4,
17300,"Clarksville, TN-KY",Metropolitan,2020,12869930.0,4,
17300,"Clarksville, TN-KY",Metropolitan,2021,13866355.0,4,
17300,"Clarksville, TN-KY",Metropolitan,2022,14128664.0,4,
17300,"Clarksville, TN-KY",Metropolitan,2023,14344905.0,4,
17300,"Clarksville, TN-KY",Metropolitan,2024,14682333.0,4,
17340,"Clearlake, CA",Micropolitan,2019,1933039.0,1,
17340,"Clearlake, CA",Micropolitan,2020,1877308.0,1,
17340,"Clearlake, CA",Micropolitan,2021,1934972.0,1,
17340,"Clearlake, CA",Micropolitan,2022,1893379.0,1,
17340,"Clearlake, CA",Micropolitan,2023,1956961.0,1,
17340,"Clearlake, CA",Micropolitan,2024,2074974.0,1,
17380,"Cleveland, MS",Micropolitan,2019,990592.0,1,
17380,"Cleveland, MS",Micropolitan,2020,1018172.0,1,
17380,"Cleveland, MS",Micropolitan,2021,1046878.0,1,
17380,"Cleveland, MS",Micropolitan,2022,1020257.0,1,
17380,"Cleveland, MS",Micropolitan,2023,1095776.0,1,
17380,"Cleveland, MS",Micropolitan,2024,1062695.0,1,
17410,"Cleveland, OH",Metropolitan,2019,137159327.0,6,
17410,"Cleveland, OH",Metropolitan,2020,132322571.0,6,
17410,"Cleveland, OH",Metropolitan,2021,139805588.0,6,
17410,"Cleveland, OH",Metropolitan,2022,142547832.0,6,
17410,"Cleveland, OH",Metropolitan,2023,143786801.0,6,
17410,"Cleveland, OH",Metropolitan,2024,146606260.0,6,
17420,"Cleveland, TN",Metropolitan,2019,4729039.0,2,
17420,"Cleveland, TN",Metropolitan,2020,4896293.0,2,
17420,"Cleveland, TN",Metropolitan,2021,5197456.0,2,
17420,"Cleveland, TN",Metropolitan,2022,5291450.0,2,
17420,"Cleveland, TN",Metropolitan,2023,5247111.0,2,
17420,"Cleveland, TN",Metropolitan,2024,5462684.0,2,
17500,"Clewiston, FL",Micropolitan,2019,1632878.0,2,
17500,"Clewiston, FL",Micropolitan,2020,1656203.0,2,
17500,"Clewiston, FL",Micropolitan,2021,1641113.0,2,
17500,"Clewiston, FL",Micropolitan,2022,1709699.0,2,
17500,"Clewiston, FL",Micropolitan,2023,1728056.0,2,
17500,"Clewiston, FL",Micropolitan,2024,1808139.0,2,
17540,"Clinton, IA",Micropolitan,2019,2203019.0,1,
17540,"Clinton, IA",Micropolitan,2020,2184145.0,1,
17540,"Clinton, IA",Micropolitan,2021,2389718.0,1,
17540,"Clinton, IA",Micropolitan,2022,2324697.0,1,
17540,"Clinton, IA",Micropolitan,2023,2268439.0,1,
17540,"Clinton, IA",Micropolitan,2024,2284327.0,1,
17580,"Clovis, NM",Micropolitan,2019,3770794.0,2,
17580,"Clovis, NM",Micropolitan,2020,3787050.0,2,
17580,"Clovis, NM",Micropolitan,2021,3787267.0,2,
17580,"Clovis, NM",Micropolitan,2022,3994261.0,2,
17580,"Clovis, NM",Micropolitan,2023,4014013.0,2,
17580,"Clovis, NM",Micropolitan,2024,4093642.0,2,
17650,"Cody, WY",Micropolitan,2019,1526472.0,1,
17650,"Cody, WY",Micropolitan,2020,1375306.0,1,
17650,"Cody, WY",Micropolitan,2021,1417315.0,1,
17650,"Cody, WY",Micropolitan,2022,1511397.0,1,
17650,"Cody, WY",Micropolitan,2023,1627756.0,1,
17650,"Cody, WY",Micropolitan,2024,1703610.0,1,
17660,"Coeur d'Alene, ID",Metropolitan,2019,6559142.0,1,
17660,"Coeur d'Alene, ID",Metropolitan,2020,6908572.0,1,
17660,"Coeur d'Alene, ID",Metropolitan,2021,7823155.0,1,
17660,"Coeur d'Alene, ID",Metropolitan,2022,7986847.0,1,
17660,"Coeur d'Alene, ID",Metropolitan,2023,8403039.0,1,
17660,"Coeur d'Alene, ID",Metropolitan,2024,8769037.0,1,
17740,"Coldwater, MI",Micropolitan,2019,1429850.0,1,
17740,"Coldwater, MI",Micropolitan,2020,1359669.0,1,
17740,"Coldwater, MI",Micropolitan,2021,1427197.0,1,
17740,"Coldwater, MI",Micropolitan,2022,1417244.0,1,
17740,"Coldwater, MI",Micropolitan,2023,1457461.0,1,
17740,"Coldwater, MI",Micropolitan,2024,1490136.0,1,
17780,"College Station-Bryan, TX",Metropolitan,2019,13567918.0,3,
17780,"College Station-Bryan, TX",Metropolitan,2020,13590285.0,3,
17780,"College Station-Bryan, TX",Metropolitan,2021,14208091.0,3,
17780,"College Station-Bryan, TX",Metropolitan,2022,14757724.0,3,
17780,"College Station-Bryan, TX",Metropolitan,2023,15689435.0,3,
17780,"College Station-Bryan, TX",Metropolitan,2024,16024010.0,3,
17820,"Colorado Springs, CO",Metropolitan,2019,37747443.0,2,
17820,"Colorado Springs, CO",Metropolitan,2020,38811695.0,2,
17820,"Colorado Springs, CO",Metropolitan,2021,41053610.0,2,
17820,"Colorado Springs, CO",Metropolitan,2022,42002587.0,2,
17820,"Colorado Springs, CO",Metropolitan,2023,43799953.0,2,
17820,"Colorado Springs, CO",Metropolitan,2024,44959718.0,2,
17860,"Columbia, MO",Metropolitan,2019,10422841.0,3,
17860,"Columbia, MO",Metropolitan,2020,10134594.0,3,
17860,"Columbia, MO",Metropolitan,2021,10636694.0,3,
17860,"Columbia, MO",Metropolitan,2022,10633358.0,3,
17860,"Columbia, MO",Metropolitan,2023,10906043.0,3,
17860,"Columbia, MO",Metropolitan,2024,11631268.0,3,
17900,"Columbia, SC",Metropolitan,2019,42660306.0,6,
17900,"Columbia, SC",Metropolitan,2020,42187644.0,6,
17900,"Columbia, SC",Metropolitan,2021,44642764.0,6,
17900,"Columbia, SC",Metropolitan,2022,45862008.0,6,
17900,"Columbia, SC",Metropolitan,2023,47210012.0,6,
17900,"Columbia, SC",Metropolitan,2024,49559065.0,6,
17980,"Columbus, GA-AL",Metropolitan,2019,14914939.0,7,
17980,"Columbus, GA-AL",Metropolitan,2020,14712157.0,7,
17980,"Columbus, GA-AL",Metropolitan,2021,15014826.0,7,
17980,"Columbus, GA-AL",Metropolitan,2022,14732832.0,7,
17980,"Columbus, GA-AL",Metropolitan,2023,15028247.0,7,
17980,"Columbus, GA-AL",Metropolitan,2024,15437768.0,7,
18020,"Columbus, IN",Metropolitan,2019,6781714.0,1,
18020,"Columbus, IN",Metropolitan,2020,6314630.0,1,
18020,"Columbus, IN",Metropolitan,2021,6703753.0,1,
18020,"Columbus, IN",Metropolitan,2022,6692863.0,1,
18020,"Columbus, IN",Metropolitan,2023,6864541.0,1,
18020,"Columbus, IN",Metropolitan,2024,7129869.0,1,
18060,"Columbus, MS",Micropolitan,2019,3174461.0,2,
18060,"Columbus, MS",Micropolitan,2020,3202955.0,2,
18060,"Columbus, MS",Micropolitan,2021,3227155.0,2,
18060,"Columbus, MS",Micropolitan,2022,3286436.0,2,
18060,"Columbus, MS",Micropolitan,2023,3370387.0,2,
18060,"Columbus, MS",Micropolitan,2024,3460743.0,2,
18100,"Columbus, NE",Micropolitan,2019,3313029.0,2,
18100,"Columbus, NE",Micropolitan,2020,3332528.0,2,
18100,"Columbus, NE",Micropolitan,2021,3770869.0,2,
18100,"Columbus, NE",Micropolitan,2022,3580597.0,2,
18100,"Columbus, NE",Micropolitan,2023,3785579.0,2,
18100,"Columbus, NE",Micropolitan,2024,3714681.0,2,
18140,"Columbus, OH",Metropolitan,2019,135688521.0,10,
18140,"Columbus, OH",Metropolitan,2020,134263788.0,10,
18140,"Columbus, OH",Metropolitan,2021,143977279.0,10,
18140,"Columbus, OH",Metropolitan,2022,145918737.0,10,
18140,"Columbus, OH",Metropolitan,2023,148444289.0,10,
18140,"Columbus, OH",Metropolitan,2024,152342289.0,10,
18180,"Concord, NH",Micropolitan,2019,9999525.0,1,
18180,"Concord, NH",Micropolitan,2020,9610420.0,1,
18180,"Concord, NH",Micropolitan,2021,9897389.0,1,
18180,"Concord, NH",Micropolitan,2022,10249922.0,1,
18180,"Concord, NH",Micropolitan,2023,10404906.0,1,
18180,"Concord, NH",Micropolitan,2024,10732797.0,1,
18220,"Connersville, IN",Micropolitan,2019,563662.0,1,
18220,"Connersville, IN",Micropolitan,2020,544295.0,1,
18220,"Connersville, IN",Micropolitan,2021,563848.0,1,
18220,"Connersville, IN",Micropolitan,2022,548049.0,1,
18220,"Connersville, IN",Micropolitan,2023,546715.0,1,
18220,"Connersville, IN",Micropolitan,2024,551866.0,1,
18260,"Cookeville, TN",Micropolitan,2019,5069044.0,4,
18260,"Cookeville, TN",Micropolitan,2020,5088714.0,4,
18260,"Cookeville, TN",Micropolitan,2021,5433087.0,4,
18260,"Cookeville, TN",Micropolitan,2022,5493038.0,4,
18260,"Cookeville, TN",Micropolitan,2023,5684068.0,4,
18260,"Cookeville, TN",Micropolitan,2024,5818705.0,4,
18300,"Coos Bay-North Bend, OR",Micropolitan,2019,2376834.0,1,
18300,"Coos Bay-North Bend, OR",Micropolitan,2020,2297036.0,1,
18300,"Coos Bay-North Bend, OR",Micropolitan,2021,2415614.0,1,
18300,"Coos Bay-North Bend, OR",Micropolitan,2022,2406764.0,1,
18300,"Coos Bay-North Bend, OR",Micropolitan,2023,2442504.0,1,
18300,"Coos Bay-North Bend, OR",Micropolitan,2024,2513157.0,1,
18340,"Corbin, KY",Micropolitan,2019,4186674.0,4,
18340,"Corbin, KY",Micropolitan,2020,4153253.0,4,
18340,"Corbin, KY",Micropolitan,2021,4274425.0,4,
18340,"Corbin, KY",Micropolitan,2022,4316079.0,4,
18340,"Corbin, KY",Micropolitan,2023,4463832.0,4,
18340,"Corbin, KY",Micropolitan,2024,4557461.0,4,
18380,"Cordele, GA",Micropolitan,2019,871283.0,1,
18380,"Cordele, GA",Micropolitan,2020,886292.0,1,
18380,"Cordele, GA",Micropolitan,2021,950935.0,1,
18380,"Cordele, GA",Micropolitan,2022,999075.0,1,
18380,"Cordele, GA",Micropolitan,2023,1035208.0,1,
18380,"Cordele, GA",Micropolitan,2024,1027191.0,1,
18420,"Corinth, MS",Micropolitan,2019,1233148.0,1,
18420,"Corinth, MS",Micropolitan,2020,1249216.0,1,
18420,"Corinth, MS",Micropolitan,2021,1282187.0,1,
18420,"Corinth, MS",Micropolitan,2022,1239959.0,1,
18420,"Corinth, MS",Micropolitan,2023,1275858.0,1,
18420,"Corinth, MS",Micropolitan,2024,1258193.0,1,
18460,"Cornelia, GA",Micropolitan,2019,1488353.0,1,
18460,"Cornelia, GA",Micropolitan,2020,1420095.0,1,
18460,"Cornelia, GA",Micropolitan,2021,1415654.0,1,
18460,"Cornelia, GA",Micropolitan,2022,1502646.0,1,
18460,"Cornelia, GA",Micropolitan,2023,1513371.0,1,
18460,"Cornelia, GA",Micropolitan,2024,1640256.0,1,
18500,"Corning, NY",Micropolitan,2019,4573291.0,1,
18500,"Corning, NY",Micropolitan,2020,4422134.0,1,
18500,"Corning, NY",Micropolitan,2021,4491467.0,1,
18500,"Corning, NY",Micropolitan,2022,4770115.0,1,
18500,"Corning, NY",Micropolitan,2023,4695588.0,1,
18500,"Corning, NY",Micropolitan,2024,4719141.0,1,
18580,"Corpus Christi, TX",Metropolitan,2019,23269288.0,3,
18580,"Corpus Christi, TX",Metropolitan,2020,22332117.0,3,
18580,"Corpus Christi, TX",Metropolitan,2021,23329795.0,3,
18580,"Corpus Christi, TX",Metropolitan,2022,23688374.0,3,
18580,"Corpus Christi, TX",Metropolitan,2023,23881569.0,3,
18580,"Corpus Christi, TX",Metropolitan,2024,25290959.0,3,
18620,"Corsicana, TX",Micropolitan,2019,1633470.0,1,
18620,"Corsicana, TX",Micropolitan,2020,1549013.0,1,
18620,"Corsicana, TX",Micropolitan,2021,1614800.0,1,
18620,"Corsicana, TX",Micropolitan,2022,1687056.0,1,
18620,"Corsicana, TX",Micropolitan,2023,1830392.0,1,
18620,"Corsicana, TX",Micropolitan,2024,1865767.0,1,
18660,"Cortland, NY",Micropolitan,2019,1772504.0,1,
18660,"Cortland, NY",Micropolitan,2020,1753037.0,1,
18660,"Cortland, NY",Micropolitan,2021,1772552.0,1,
18660,"Cortland, NY",Micropolitan,2022,1782287.0,1,
18660,"Cortland, NY",Micropolitan,2023,1771137.0,1,
18660,"Cortland, NY",Micropolitan,2024,1789191.0,1,
18700,"Corvallis, OR",Metropolitan,2019,4589245.0,1,
18700,"Corvallis, OR",Metropolitan,2020,4485137.0,1,
18700,"Corvallis, OR",Metropolitan,2021,4726102.0,1,
18700,"Corvallis, OR",Metropolitan,2022,4892566.0,1,
18700,"Corvallis, OR",Metropolitan,2023,4951685.0,1,
18700,"Corvallis, OR",Metropolitan,2024,5064774.0,1,
18740,"Coshocton, OH",Micropolitan,2019,1274432.0,1,
18740,"Coshocton, OH",Micropolitan,2020,1217986.0,1,
18740,"Coshocton, OH",Micropolitan,2021,1195528.0,1,
18740,"Coshocton, OH",Micropolitan,2022,1192963.0,1,
18740,"Coshocton, OH",Micropolitan,2023,1269806.0,1,
18740,"Coshocton, OH",Micropolitan,2024,1333448.0,1,
18820,"Crawfordsville, IN",Micropolitan,2019,1636315.0,1,
18820,"Crawfordsville, IN",Micropolitan,2020,1627346.0,1,
18820,"Crawfordsville, IN",Micropolitan,2021,1749400.0,1,
18820,"Crawfordsville, IN",Micropolitan,2022,1767342.0,1,
18820,"Crawfordsville, IN",Micropolitan,2023,1803028.0,1,
18820,"Crawfordsville, IN",Micropolitan,2024,1784440.0,1,
18860,"Crescent City, CA",Micropolitan,2019,777797.0,1,
18860,"Crescent City, CA",Micropolitan,2020,783124.0,1,
18860,"Crescent City, CA",Micropolitan,2021,811355.0,1,
18860,"Crescent City, CA",Micropolitan,2022,815386.0,1,
18860,"Crescent City, CA",Micropolitan,2023,825824.0,1,
18860,"Crescent City, CA",Micropolitan,2024,847242.0,1,
18880,"Crestview-Fort Walton Beach-Destin, FL",Metropolitan,2019,15954521.0,2,
18880,"Crestview-Fort Walton Beach-Destin, FL",Metropolitan,2020,16392968.0,2,
18880,"Crestview-Fort Walton Beach-Destin, FL",Metropolitan,2021,18014417.0,2,
18880,"Crestview-Fort Walton Beach-Destin, FL",Metropolitan,2022,18853968.0,2,
18880,"Crestview-Fort Walton Beach-Destin, FL",Metropolitan,2023,19409277.0,2,
18880,"Crestview-Fort Walton Beach-Destin, FL",Metropolitan,2024,19888734.0,2,
18900,"Crossville, TN",Micropolitan,2019,1744949.0,1,
18900,"Crossville, TN",Micropolitan,2020,1717727.0,1,
18900,"Crossville, TN",Micropolitan,2021,1817154.0,1,
18900,"Crossville, TN",Micropolitan,2022,1837028.0,1,
18900,"Crossville, TN",Micropolitan,2023,1993975.0,1,
18900,"Crossville, TN",Micropolitan,2024,2073458.0,1,
18980,"Cullman, AL",Micropolitan,2019,2917120.0,1,
18980,"Cullman, AL",Micropolitan,2020,2807681.0,1,
18980,"Cullman, AL",Micropolitan,2021,3045437.0,1,
18980,"Cullman, AL",Micropolitan,2022,3158691.0,1,
18980,"Cullman, AL",Micropolitan,2023,3145736.0,1,
18980,"Cullman, AL",Micropolitan,2024,3288755.0,1,
19060,"Cumberland, MD-WV",Micropolitan,2019,3870693.0,2,
19060,"Cumberland, MD-WV",Micropolitan,2020,3703382.0,2,
19060,"Cumberland, MD-WV",Micropolitan,2021,3729422.0,2,
19060,"Cumberland, MD-WV",Micropolitan,2022,3612443.0,2,
19060,"Cumberland, MD-WV",Micropolitan,2023,3547001.0,2,
19060,"Cumberland, MD-WV",Micropolitan,2024,3634449.0,2,
19100,"Dallas-Fort Worth-Arlington, TX",Metropolitan,2019,526159591.0,11,
19100,"Dallas-Fort Worth-Arlington, TX",Metropolitan,2020,522323990.0,11,
19100,"Dallas-Fort Worth-Arlington, TX",Metropolitan,2021,565955446.0,11,
19100,"Dallas-Fort Worth-Arlington, TX",Metropolitan,2022,594977843.0,11,
19100,"Dallas-Fort Worth-Arlington, TX",Metropolitan,2023,621457473.0,11,
19100,"Dallas-Fort Worth-Arlington, TX",Metropolitan,2024,638106364.0,11,
19140,"Dalton, GA",Metropolitan,2019,6874087.0,2,
19140,"Dalton, GA",Metropolitan,2020,6652121.0,2,
19140,"Dalton, GA",Metropolitan,2021,7174046.0,2,
19140,"Dalton, GA",Metropolitan,2022,7424316.0,2,
19140,"Dalton, GA",Metropolitan,2023,7323697.0,2,
19140,"Dalton, GA",Metropolitan,2024,7651352.0,2,
19180,"Danville, IL",Micropolitan,2019,3199651.0,1,
19180,"Danville, IL",Micropolitan,2020,3066078.0,1,
19180,"Danville, IL",Micropolitan,2021,3198029.0,1,
19180,"Danville, IL",Micropolitan,2022,3259279.0,1,
19180,"Danville, IL",Micropolitan,2023,3238845.0,1,
19180,"Danville, IL",Micropolitan,2024,3227952.0,1,
19220,"Danville, KY",Micropolitan,2019,1669521.0,2,
19220,"Danville, KY",Micropolitan,2020,1605612.0,2,
19220,"Danville, KY",Micropolitan,2021,1648208.0,2,
19220,"Danville, KY",Micropolitan,2022,1736346.0,2,
19220,"Danville, KY",Micropolitan,2023,1781731.0,2,
19220,"Danville, KY",Micropolitan,2024,1826770.0,2,
19260,"Danville, VA",Micropolitan,2019,3458755.0,1,
19260,"Danville, VA",Micropolitan,2020,3324565.0,1,
19260,"Danville, VA",Micropolitan,2021,3415756.0,1,
19260,"Danville, VA",Micropolitan,2022,3537843.0,1,
19260,"Danville, VA",Micropolitan,2023,3684012.0,1,
19260,"Danville, VA",Micropolitan,2024,3651879.0,1,
19300,"Daphne-Fairhope-Foley, AL",Metropolitan,2019,8145105.0,1,
19300,"Daphne-Fairhope-Foley, AL",Metropolitan,2020,8110635.0,1,
19300,"Daphne-Fairhope-Foley, AL",Metropolitan,2021,8697749.0,1,
19300,"Daphne-Fairhope-Foley, AL",Metropolitan,2022,9224845.0,1,
19300,"Daphne-Fairhope-Foley, AL",Metropolitan,2023,9928360.0,1,
19300,"Daphne-Fairhope-Foley, AL",Metropolitan,2024,10208956.0,1,
19340,"Davenport-Moline-Rock Island, IA-IL",Metropolitan,2019,21573310.0,4,
19340,"Davenport-Moline-Rock Island, IA-IL",Metropolitan,2020,21121718.0,4,
19340,"Davenport-Moline-Rock Island, IA-IL",Metropolitan,2021,21734045.0,4,
19340,"Davenport-Moline-Rock Island, IA-IL",Metropolitan,2022,21947687.0,4,
19340,"Davenport-Moline-Rock Island, IA-IL",Metropolitan,2023,22064966.0,4,
19340,"Davenport-Moline-Rock Island, IA-IL",Metropolitan,2024,22422800.0,4,
19430,"Dayton-Kettering-Beavercreek, OH",Metropolitan,2019,44518541.0,3,
19430,"Dayton-Kettering-Beavercreek, OH",Metropolitan,2020,43944309.0,3,
19430,"Dayton-Kettering-Beavercreek, OH",Metropolitan,2021,45786906.0,3,
19430,"Dayton-Kettering-Beavercreek, OH",Metropolitan,2022,46240613.0,3,
19430,"Dayton-Kettering-Beavercreek, OH",Metropolitan,2023,47227645.0,3,
19430,"Dayton-Kettering-Beavercreek, OH",Metropolitan,2024,48433125.0,3,
19460,"Decatur, AL",Metropolitan,2019,6199053.0,2,
19460,"Decatur, AL",Metropolitan,2020,6357493.0,2,
19460,"Decatur, AL",Metropolitan,2021,6559783.0,2,
19460,"Decatur, AL",Metropolitan,2022,6847336.0,2,
19460,"Decatur, AL",Metropolitan,2023,7042573.0,2,
19460,"Decatur, AL",Metropolitan,2024,7264268.0,2,
19500,"Decatur, IL",Metropolitan,2019,6470128.0,1,
19500,"Decatur, IL",Metropolitan,2020,6343027.0,1,
19500,"Decatur, IL",Metropolitan,2021,6873878.0,1,
19500,"Decatur, IL",Metropolitan,2022,6856620.0,1,
19500,"Decatur, IL",Metropolitan,2023,6992962.0,1,
19500,"Decatur, IL",Metropolitan,2024,7025649.0,1,
19540,"Decatur, IN",Micropolitan,2019,1820062.0,1,
19540,"Decatur, IN",Micropolitan,2020,1682010.0,1,
19540,"Decatur, IN",Micropolitan,2021,1791465.0,1,
19540,"Decatur, IN",Micropolitan,2022,1827702.0,1,
19540,"Decatur, IN",Micropolitan,2023,1799878.0,1,
19540,"Decatur, IN",Micropolitan,2024,1845806.0,1,
19580,"Defiance, OH",Micropolitan,2019,1667729.0,1,
19580,"Defiance, OH",Micropolitan,2020,1583913.0,1,
19580,"Defiance, OH",Micropolitan,2021,1680466.0,1,
19580,"Defiance, OH",Micropolitan,2022,1690775.0,1,
19580,"Defiance, OH",Micropolitan,2023,1690965.0,1,
19580,"Defiance, OH",Micropolitan,2024,1685567.0,1,
19620,"Del Rio, TX",Micropolitan,2019,1752224.0,1,
19620,"Del Rio, TX",Micropolitan,2020,1735574.0,1,
19620,"Del Rio, TX",Micropolitan,2021,1841840.0,1,
19620,"Del Rio, TX",Micropolitan,2022,1855776.0,1,
19620,"Del Rio, TX",Micropolitan,2023,1891875.0,1,
19620,"Del Rio, TX",Micropolitan,2024,1934776.0,1,
19660,"Deltona-Daytona Beach-Ormond Beach, FL",Metropolitan,2019,21792596.0,2,
19660,"Deltona-Daytona Beach-Ormond Beach, FL",Metropolitan,2020,21996972.0,2,
19660,"Deltona-Daytona Beach-Ormond Beach, FL",Metropolitan,2021,23303007.0,2,
19660,"Deltona-Daytona Beach-Ormond Beach, FL",Metropolitan,2022,24888186.0,2,
19660,"Deltona-Daytona Beach-Ormond Beach, FL",Metropolitan,2023,26069628.0,2,
19660,"Deltona-Daytona Beach-Ormond Beach, FL",Metropolitan,2024,26890407.0,2,
19700,"Deming, NM",Micropolitan,2019,845478.0,1,
19700,"Deming, NM",Micropolitan,2020,860097.0,1,
19700,"Deming, NM",Micropolitan,2021,864069.0,1,
19700,"Deming, NM",Micropolitan,2022,871130.0,1,
19700,"Deming, NM",Micropolitan,2023,937998.0,1,
19700,"Deming, NM",Micropolitan,2024,957125.0,1,
19740,"Denver-Aurora-Centennial, CO",Metropolitan,2019,222491623.0,10,
19740,"Denver-Aurora-Centennial, CO",Metropolitan,2020,223018683.0,10,
19740,"Denver-Aurora-Centennial, CO",Metropolitan,2021,239008338.0,10,
19740,"Denver-Aurora-Centennial, CO",Metropolitan,2022,252123681.0,10,
19740,"Denver-Aurora-Centennial, CO",Metropolitan,2023,261705357.0,10,
19740,"Denver-Aurora-Centennial, CO",Metropolitan,2024,266424125.0,10,
19760,"DeRidder, LA",Micropolitan,2019,1353136.0,1,
19760,"DeRidder, LA",Micropolitan,2020,1452791.0,1,
19760,"DeRidder, LA",Micropolitan,2021,1365967.0,1,
19760,"DeRidder, LA",Micropolitan,2022,1384085.0,1,
19760,"DeRidder, LA",Micropolitan,2023,1516062.0,1,
19760,"DeRidder, LA",Micropolitan,2024,1539178.0,1,
19780,"Des Moines-West Des Moines, IA",Metropolitan,2019,54160147.0,6,
19780,"Des Moines-West Des Moines, IA",Metropolitan,2020,55649151.0,6,
19780,"Des Moines-West Des Moines, IA",Metropolitan,2021,61130001.0,6,
19780,"Des Moines-West Des Moines, IA",Metropolitan,2022,60616081.0,6,
19780,"Des Moines-West Des Moines, IA",Metropolitan,2023,60778444.0,6,
19780,"Des Moines-West Des Moines, IA",Metropolitan,2024,62714183.0,6,
19810,"Detroit Lakes, MN",Micropolitan,2019,1390867.0,1,
19810,"Detroit Lakes, MN",Micropolitan,2020,1368586.0,1,
19810,"Detroit Lakes, MN",Micropolitan,2021,1454043.0,1,
19810,"Detroit Lakes, MN",Micropolitan,2022,1440265.0,1,
19810,"Detroit Lakes, MN",Micropolitan,2023,1474589.0,1,
19810,"Detroit Lakes, MN",Micropolitan,2024,1535830.0,1,
19820,"Detroit-Warren-Dearborn, MI",Metropolitan,2019,262684037.0,6,
19820,"Detroit-Warren-Dearborn, MI",Metropolitan,2020,250025022.0,6,
19820,"Detroit-Warren-Dearborn, MI",Metropolitan,2021,263068821.0,6,
19820,"Detroit-Warren-Dearborn, MI",Metropolitan,2022,270553702.0,6,
19820,"Detroit-Warren-Dearborn, MI",Metropolitan,2023,279459172.0,6,
19820,"Detroit-Warren-Dearborn, MI",Metropolitan,2024,282265922.0,6,
19860,"Dickinson, ND",Micropolitan,2019,4538075.0,3,
19860,"Dickinson, ND",Micropolitan,2020,4203108.0,3,
19860,"Dickinson, ND",Micropolitan,2021,4038502.0,3,
19860,"Dickinson, ND",Micropolitan,2022,3948684.0,3,
19860,"Dickinson, ND",Micropolitan,2023,4806174.0,3,
19860,"Dickinson, ND",Micropolitan,2024,4964924.0,3,
19940,"Dixon, IL",Micropolitan,2019,1512193.0,1,
19940,"Dixon, IL",Micropolitan,2020,1514177.0,1,
19940,"Dixon, IL",Micropolitan,2021,1542599.0,1,
19940,"Dixon, IL",Micropolitan,2022,1573500.0,1,
19940,"Dixon, IL",Micropolitan,2023,1614638.0,1,
19940,"Dixon, IL",Micropolitan,2024,1663230.0,1,
19980,"Dodge City, KS",Micropolitan,2019,2189045.0,1,
19980,"Dodge City, KS",Micropolitan,2020,2233974.0,1,
19980,"Dodge City, KS",Micropolitan,2021,2394868.0,1,
19980,"Dodge City, KS",Micropolitan,2022,2621731.0,1,
19980,"Dodge City, KS",Micropolitan,2023,2618538.0,1,
19980,"Dodge City, KS",Micropolitan,2024,2550024.0,1,
20020,"Dothan, AL",Metropolitan,2019,6556235.0,3,
20020,"Dothan, AL",Metropolitan,2020,6679168.0,3,
20020,"Dothan, AL",Metropolitan,2021,6906299.0,3,
20020,"Dothan, AL",Metropolitan,2022,6913046.0,3,
20020,"Dothan, AL",Metropolitan,2023,7089956.0,3,
20020,"Dothan, AL",Metropolitan,2024,7216943.0,3,
20060,"Douglas, GA",Micropolitan,2019,1802326.0,2,
20060,"Douglas, GA",Micropolitan,2020,1772235.0,2,
20060,"Douglas, GA",Micropolitan,2021,1854667.0,2,
20060,"Douglas, GA",Micropolitan,2022,1940900.0,2,
20060,"Douglas, GA",Micropolitan,2023,1965426.0,2,
20060,"Douglas, GA",Micropolitan,2024,2069671.0,2,
20100,"Dover, DE",Metropolitan,2019,8393407.0,1,
20100,"Dover, DE",Metropolitan,2020,7950254.0,1,
20100,"Dover, DE",Metropolitan,2021,8287674.0,1,
20100,"Dover, DE",Metropolitan,2022,8652805.0,1,
20100,"Dover, DE",Metropolitan,2023,8588182.0,1,
20100,"Dover, DE",Metropolitan,2024,9069233.0,1,
20140,"Dublin, GA",Micropolitan,2019,1927628.0,2,
20140,"Dublin, GA",Micropolitan,2020,1912932.0,2,
20140,"Dublin, GA",Micropolitan,2021,2030667.0,2,
20140,"Dublin, GA",Micropolitan,2022,2011020.0,2,
20140,"Dublin, GA",Micropolitan,2023,2116483.0,2,
20140,"Dublin, GA",Micropolitan,2024,2198189.0,2,
20180,"DuBois, PA",Micropolitan,2019,2869313.0,1,
20180,"DuBois, PA",Micropolitan,2020,2723142.0,1,
20180,"DuBois, PA",Micropolitan,2021,2795301.0,1,
20180,"DuBois, PA",Micropolitan,2022,2936902.0,1,
20180,"DuBois, PA",Micropolitan,2023,3043923.0,1,
20180,"DuBois, PA",Micropolitan,2024,3110201.0,1,
20220,"Dubuque, IA",Metropolitan,2019,6631496.0,1,
20220,"Dubuque, IA",Metropolitan,2020,6617948.0,1,
20220,"Dubuque, IA",Metropolitan,2021,6808043.0,1,
20220,"Dubuque, IA",Metropolitan,2022,6896541.0,1,
20220,"Dubuque, IA",Metropolitan,2023,6885958.0,1,
20220,"Dubuque, IA",Metropolitan,2024,6926276.0,1,
20260,"Duluth, MN-WI",Metropolitan,2019,13616270.0,3,
20260,"Duluth, MN-WI",Metropolitan,2020,12870517.0,3,
20260,"Duluth, MN-WI",Metropolitan,2021,13402714.0,3,
20260,"Duluth, MN-WI",Metropolitan,2022,13552864.0,3,
20260,"Duluth, MN-WI",Metropolitan,2023,13935630.0,3,
20260,"Duluth, MN-WI",Metropolitan,2024,13838216.0,3,
20300,"Dumas, TX",Micropolitan,2019,2487404.0,1,
20300,"Dumas, TX",Micropolitan,2020,2071602.0,1,
20300,"Dumas, TX",Micropolitan,2021,2956892.0,1,
20300,"Dumas, TX",Micropolitan,2022,3476445.0,1,
20300,"Dumas, TX",Micropolitan,2023,3331837.0,1,
20300,"Dumas, TX",Micropolitan,2024,3843391.0,1,
20340,"Duncan, OK",Micropolitan,2019,2156149.0,1,
20340,"Duncan, OK",Micropolitan,2020,2019824.0,1,
20340,"Duncan, OK",Micropolitan,2021,2045139.0,1,
20340,"Duncan, OK",Micropolitan,2022,1963783.0,1,
20340,"Duncan, OK",Micropolitan,2023,2375772.0,1,
20340,"Duncan, OK",Micropolitan,2024,2432037.0,1,
20420,"Durango, CO",Micropolitan,2019,3126567.0,1,
20420,"Durango, CO",Micropolitan,2020,2990839.0,1,
20420,"Durango, CO",Micropolitan,2021,3143970.0,1,
20420,"Durango, CO",Micropolitan,2022,3142491.0,1,
20420,"Durango, CO",Micropolitan,2023,3229075.0,1,
20420,"Durango, CO",Micropolitan,2024,3280060.0,1,
20460,"Durant, OK",Micropolitan,2019,1692862.0,1,
20460,"Durant, OK",Micropolitan,2020,1778062.0,1,
20460,"Durant, OK",Micropolitan,2021,1831066.0,1,
20460,"Durant, OK",Micropolitan,2022,1964975.0,1,
20460,"Durant, OK",Micropolitan,2023,2045055.0,1,
20460,"Durant, OK",Micropolitan,2024,2035380.0,1,
20500,"Durham-Chapel Hill, NC",Metropolitan,2019,46853334.0,4,
20500,"Durham-Chapel Hill, NC",Metropolitan,2020,48194419.0,4,
20500,"Durham-Chapel Hill, NC",Metropolitan,2021,51270669.0,4,
20500,"Durham-Chapel Hill, NC",Metropolitan,2022,53617982.0,4,
20500,"Durham-Chapel Hill, NC",Metropolitan,2023,55656038.0,4,
20500,"Durham-Chapel Hill, NC",Metropolitan,2024,58523390.0,4,
20540,"Dyersburg, TN",Micropolitan,2019,1678048.0,1,
20540,"Dyersburg, TN",Micropolitan,2020,1685814.0,1,
20540,"Dyersburg, TN",Micropolitan,2021,1893475.0,1,
20540,"Dyersburg, TN",Micropolitan,2022,1772448.0,1,
20540,"Dyersburg, TN",Micropolitan,2023,1810944.0,1,
20540,"Dyersburg, TN",Micropolitan,2024,1795862.0,1,
20580,"Eagle Pass, TX",Metropolitan,2019,1696289.0,1,
20580,"Eagle Pass, TX",Metropolitan,2020,1601464.0,1,
20580,"Eagle Pass, TX",Metropolitan,2021,1738659.0,1,
20580,"Eagle Pass, TX",Metropolitan,2022,1851878.0,1,
20580,"Eagle Pass, TX",Metropolitan,2023,2015239.0,1,
20580,"Eagle Pass, TX",Metropolitan,2024,2067877.0,1,
20660,"Easton, MD",Micropolitan,2019,2060983.0,1,
20660,"Easton, MD",Micropolitan,2020,1897038.0,1,
20660,"Easton, MD",Micropolitan,2021,1984232.0,1,
20660,"Easton, MD",Micropolitan,2022,2014542.0,1,
20660,"Easton, MD",Micropolitan,2023,2100770.0,1,
20660,"Easton, MD",Micropolitan,2024,2138647.0,1,
20700,"East Stroudsburg, PA",Micropolitan,2019,7632076.0,1,
20700,"East Stroudsburg, PA",Micropolitan,2020,6940432.0,1,
20700,"East Stroudsburg, PA",Micropolitan,2021,7162050.0,1,
20700,"East Stroudsburg, PA",Micropolitan,2022,6952359.0,1,
20700,"East Stroudsburg, PA",Micropolitan,2023,7344406.0,1,
20700,"East Stroudsburg, PA",Micropolitan,2024,7547807.0,1,
20740,"Eau Claire, WI",Metropolitan,2019,9326931.0,2,
20740,"Eau Claire, WI",Metropolitan,2020,8843987.0,2,
20740,"Eau Claire, WI",Metropolitan,2021,9139968.0,2,
20740,"Eau Claire, WI",Metropolitan,2022,9332068.0,2,
20740,"Eau Claire, WI",Metropolitan,2023,9496367.0,2,
20740,"Eau Claire, WI",Metropolitan,2024,9671979.0,2,
20780,"Edwards, CO",Micropolitan,2019,4267158.0,1,
20780,"Edwards, CO",Micropolitan,2020,4016211.0,1,
20780,"Edwards, CO",Micropolitan,2021,4558954.0,1,
20780,"Edwards, CO",Micropolitan,2022,4927871.0,1,
20780,"Edwards, CO",Micropolitan,2023,5096577.0,1,
20780,"Edwards, CO",Micropolitan,2024,5267447.0,1,
20820,"Effingham, IL",Micropolitan,2019,3218678.0,2,
20820,"Effingham, IL",Micropolitan,2020,2992871.0,2,
20820,"Effingham, IL",Micropolitan,2021,3014392.0,2,
20820,"Effingham, IL",Micropolitan,2022,3017818.0,2,
20820,"Effingham, IL",Micropolitan,2023,3227934.0,2,
20820,"Effingham, IL",Micropolitan,2024,3707487.0,2,
20900,"El Campo, TX",Micropolitan,2019,1890037.0,1,
20900,"El Campo, TX",Micropolitan,2020,1805605.0,1,
20900,"El Campo, TX",Micropolitan,2021,1878322.0,1,
20900,"El Campo, TX",Micropolitan,2022,1849554.0,1,
20900,"El Campo, TX",Micropolitan,2023,2108305.0,1,
20900,"El Campo, TX",Micropolitan,2024,2118801.0,1,
20940,"El Centro, CA",Metropolitan,2019,8360083.0,1,
20940,"El Centro, CA",Metropolitan,2020,8804863.0,1,
20940,"El Centro, CA",Metropolitan,2021,8474003.0,1,
20940,"El Centro, CA",Metropolitan,2022,9068820.0,1,
20940,"El Centro, CA",Metropolitan,2023,10007423.0,1,
20940,"El Centro, CA",Metropolitan,2024,10014382.0,1,
20980,"El Dorado, AR",Micropolitan,2019,2413093.0,1,
20980,"El Dorado, AR",Micropolitan,2020,2458024.0,1,
20980,"El Dorado, AR",Micropolitan,2021,2568377.0,1,
20980,"El Dorado, AR",Micropolitan,2022,2532849.0,1,
20980,"El Dorado, AR",Micropolitan,2023,2656699.0,1,
20980,"El Dorado, AR",Micropolitan,2024,2595449.0,1,
21020,"Elizabeth City, NC",Micropolitan,2019,1526279.0,1,
21020,"Elizabeth City, NC",Micropolitan,2020,1530764.0,1,
21020,"Elizabeth City, NC",Micropolitan,2021,1595755.0,1,
21020,"Elizabeth City, NC",Micropolitan,2022,1644318.0,1,
21020,"Elizabeth City, NC",Micropolitan,2023,1670051.0,1,
21020,"Elizabeth City, NC",Micropolitan,2024,1704926.0,1,
21060,"Elizabethtown, KY",Metropolitan,2019,5508408.0,2,
21060,"Elizabethtown, KY",Metropolitan,2020,5408757.0,2,
21060,"Elizabethtown, KY",Metropolitan,2021,5706563.0,2,
21060,"Elizabethtown, KY",Metropolitan,2022,5897052.0,2,
21060,"Elizabethtown, KY",Metropolitan,2023,6034251.0,2,
21060,"Elizabethtown, KY",Metropolitan,2024,6026190.0,2,
21120,"Elk City, OK",Micropolitan,2019,1146760.0,1,
21120,"Elk City, OK",Micropolitan,2020,947620.0,1,
21120,"Elk City, OK",Micropolitan,2021,943295.0,1,
21120,"Elk City, OK",Micropolitan,2022,932726.0,1,
21120,"Elk City, OK",Micropolitan,2023,1080346.0,1,
21120,"Elk City, OK",Micropolitan,2024,1121039.0,1,
21140,"Elkhart-Goshen, IN",Metropolitan,2019,16078429.0,1,
21140,"Elkhart-Goshen, IN",Metropolitan,2020,15754863.0,1,
21140,"Elkhart-Goshen, IN",Metropolitan,2021,19410136.0,1,
21140,"Elkhart-Goshen, IN",Metropolitan,2022,19835710.0,1,
21140,"Elkhart-Goshen, IN",Metropolitan,2023,17753329.0,1,
21140,"Elkhart-Goshen, IN",Metropolitan,2024,17756181.0,1,
21180,"Elkins, WV",Micropolitan,2019,936860.0,1,
21180,"Elkins, WV",Micropolitan,2020,891010.0,1,
21180,"Elkins, WV",Micropolitan,2021,863976.0,1,
21180,"Elkins, WV",Micropolitan,2022,857687.0,1,
21180,"Elkins, WV",Micropolitan,2023,855640.0,1,
21180,"Elkins, WV",Micropolitan,2024,867254.0,1,
21220,"Elko, NV",Micropolitan,2019,3958796.0,2,
21220,"Elko, NV",Micropolitan,2020,4270603.0,2,
21220,"Elko, NV",Micropolitan,2021,4193524.0,2,
21220,"Elko, NV",Micropolitan,2022,3856124.0,2,
21220,"Elko, NV",Micropolitan,2023,3808458.0,2,
21220,"Elko, NV",Micropolitan,2024,3870770.0,2,
21260,"Ellensburg, WA",Micropolitan,2019,1787679.0,1,
21260,"Ellensburg, WA",Micropolitan,2020,1818266.0,1,
21260,"Ellensburg, WA",Micropolitan,2021,1909322.0,1,
21260,"Ellensburg, WA",Micropolitan,2022,1939896.0,1,
21260,"Ellensburg, WA",Micropolitan,2023,1982655.0,1,
21260,"Ellensburg, WA",Micropolitan,2024,2005844.0,1,
21300,"Elmira, NY",Metropolitan,2019,3715758.0,1,
21300,"Elmira, NY",Metropolitan,2020,3547412.0,1,
21300,"Elmira, NY",Metropolitan,2021,3665392.0,1,
21300,"Elmira, NY",Metropolitan,2022,3652283.0,1,
21300,"Elmira, NY",Metropolitan,2023,3605454.0,1,
21300,"Elmira, NY",Metropolitan,2024,3687874.0,1,
21340,"El Paso, TX",Metropolitan,2019,33052826.0,2,
21340,"El Paso, TX",Metropolitan,2020,33249709.0,2,
21340,"El Paso, TX",Metropolitan,2021,35338660.0,2,
21340,"El Paso, TX",Metropolitan,2022,37309831.0,2,
21340,"El Paso, TX",Metropolitan,2023,39200055.0,2,
21340,"El Paso, TX",Metropolitan,2024,42461659.0,2,
21380,"Emporia, KS",Micropolitan,2019,1551955.0,2,
21380,"Emporia, KS",Micropolitan,2020,1526570.0,2,
21380,"Emporia, KS",Micropolitan,2021,1586785.0,2,
21380,"Emporia, KS",Micropolitan,2022,1636334.0,2,
21380,"Emporia, KS",Micropolitan,2023,1728603.0,2,
21380,"Emporia, KS",Micropolitan,2024,1662950.0,2,
21420,"Enid, OK",Metropolitan,2019,2843513.0,1,
21420,"Enid, OK",Metropolitan,2020,2688142.0,1,
21420,"Enid, OK",Metropolitan,2021,2984761.0,1,
21420,"Enid, OK",Metropolitan,2022,2930598.0,1,
21420,"Enid, OK",Metropolitan,2023,3093136.0,1,
21420,"Enid, OK",Metropolitan,2024,3095702.0,1,
21460,"Enterprise, AL",Micropolitan,2019,1441736.0,1,
21460,"Enterprise, AL",Micropolitan,2020,1404389.0,1,
21460,"Enterprise, AL",Micropolitan,2021,1614494.0,1,
21460,"Enterprise, AL",Micropolitan,2022,1713754.0,1,
21460,"Enterprise, AL",Micropolitan,2023,1712285.0,1,
21460,"Enterprise, AL",Micropolitan,2024,1819734.0,1,
21500,"Erie, PA",Metropolitan,2019,11660440.0,1,
21500,"Erie, PA",Metropolitan,2020,10989702.0,1,
21500,"Erie, PA",Metropolitan,2021,11224315.0,1,
21500,"Erie, PA",Metropolitan,2022,11275985.0,1,
21500,"Erie, PA",Metropolitan,2023,11522842.0,1,
21500,"Erie, PA",Metropolitan,2024,11733054.0,1,
21540,"Escanaba, MI",Micropolitan,2019,1251692.0,1,
21540,"Escanaba, MI",Micropolitan,2020,1187046.0,1,
21540,"Escanaba, MI",Micropolitan,2021,1221585.0,1,
21540,"Escanaba, MI",Micropolitan,2022,1211594.0,1,
21540,"Escanaba, MI",Micropolitan,2023,1196036.0,1,
21540,"Escanaba, MI",Micropolitan,2024,1242884.0,1,
21580,"Española, NM",Micropolitan,2019,1066382.0,1,
21580,"Española, NM",Micropolitan,2020,1012419.0,1,
21580,"Española, NM",Micropolitan,2021,1033150.0,1,
21580,"Española, NM",Micropolitan,2022,1015039.0,1,
21580,"Española, NM",Micropolitan,2023,1092988.0,1,
21580,"Española, NM",Micropolitan,2024,1079901.0,1,
21640,"Eufaula, AL-GA",Micropolitan,2019,798505.0,2,
21640,"Eufaula, AL-GA",Micropolitan,2020,772988.0,2,
21640,"Eufaula, AL-GA",Micropolitan,2021,794392.0,2,
21640,"Eufaula, AL-GA",Micropolitan,2022,780223.0,2,
21640,"Eufaula, AL-GA",Micropolitan,2023,764640.0,2,
21640,"Eufaula, AL-GA",Micropolitan,2024,783340.0,2,
21660,"Eugene-Springfield, OR",Metropolitan,2019,16370571.0,1,
21660,"Eugene-Springfield, OR",Metropolitan,2020,16270873.0,1,
21660,"Eugene-Springfield, OR",Metropolitan,2021,17439025.0,1,
21660,"Eugene-Springfield, OR",Metropolitan,2022,17498035.0,1,
21660,"Eugene-Springfield, OR",Metropolitan,2023,17990374.0,1,
21660,"Eugene-Springfield, OR",Metropolitan,2024,18362925.0,1,
21700,"Eureka-Arcata, CA",Micropolitan,2019,5653169.0,1,
21700,"Eureka-Arcata, CA",Micropolitan,2020,5377411.0,1,
21700,"Eureka-Arcata, CA",Micropolitan,2021,5576548.0,1,
21700,"Eureka-Arcata, CA",Micropolitan,2022,5642946.0,1,
21700,"Eureka-Arcata, CA",Micropolitan,2023,5615599.0,1,
21700,"Eureka-Arcata, CA",Micropolitan,2024,5855113.0,1,
21740,"Evanston, WY-UT",Micropolitan,2019,1020115.0,2,
21740,"Evanston, WY-UT",Micropolitan,2020,929880.0,2,
21740,"Evanston, WY-UT",Micropolitan,2021,957967.0,2,
21740,"Evanston, WY-UT",Micropolitan,2022,991399.0,2,
21740,"Evanston, WY-UT",Micropolitan,2023,1027984.0,2,
21740,"Evanston, WY-UT",Micropolitan,2024,1054091.0,2,
21780,"Evansville, IN",Metropolitan,2019,17186598.0,3,
21780,"Evansville, IN",Metropolitan,2020,16343052.0,3,
21780,"Evansville, IN",Metropolitan,2021,18388253.0,3,
21780,"Evansville, IN",Metropolitan,2022,17859099.0,3,
21780,"Evansville, IN",Metropolitan,2023,18535264.0,3,
21780,"Evansville, IN",Metropolitan,2024,19428277.0,3,
21820,"Fairbanks-College, AK",Metropolitan,2019,5655579.0,1,
21820,"Fairbanks-College, AK",Metropolitan,2020,5478830.0,1,
21820,"Fairbanks-College, AK",Metropolitan,2021,5743078.0,1,
21820,"Fairbanks-College, AK",Metropolitan,2022,5556842.0,1,
21820,"Fairbanks-College, AK",Metropolitan,2023,5603131.0,1,
21820,"Fairbanks-College, AK",Metropolitan,2024,5975015.0,1,
21860,"Fairmont, MN",Micropolitan,2019,1098397.0,1,
21860,"Fairmont, MN",Micropolitan,2020,966275.0,1,
21860,"Fairmont, MN",Micropolitan,2021,1070839.0,1,
21860,"Fairmont, MN",Micropolitan,2022,1082875.0,1,
21860,"Fairmont, MN",Micropolitan,2023,951213.0,1,
21860,"Fairmont, MN",Micropolitan,2024,1069579.0,1,
21900,"Fairmont, WV",Micropolitan,2019,2307481.0,1,
21900,"Fairmont, WV",Micropolitan,2020,1964731.0,1,
21900,"Fairmont, WV",Micropolitan,2021,2090848.0,1,
21900,"Fairmont, WV",Micropolitan,2022,2262147.0,1,
21900,"Fairmont, WV",Micropolitan,2023,2218640.0,1,
21900,"Fairmont, WV",Micropolitan,2024,2319464.0,1,
21980,"Fallon, NV",Micropolitan,2019,1132127.0,1,
21980,"Fallon, NV",Micropolitan,2020,1156635.0,1,
21980,"Fallon, NV",Micropolitan,2021,1210829.0,1,
21980,"Fallon, NV",Micropolitan,2022,1192441.0,1,
21980,"Fallon, NV",Micropolitan,2023,1271816.0,1,
21980,"Fallon, NV",Micropolitan,2024,1242460.0,1,
22020,"Fargo, ND-MN",Metropolitan,2019,15447708.0,2,
22020,"Fargo, ND-MN",Metropolitan,2020,15048872.0,2,
22020,"Fargo, ND-MN",Metropolitan,2021,15887446.0,2,
22020,"Fargo, ND-MN",Metropolitan,2022,15896982.0,2,
22020,"Fargo, ND-MN",Metropolitan,2023,16674869.0,2,
22020,"Fargo, ND-MN",Metropolitan,2024,17088765.0,2,
22060,"Faribault-Northfield, MN",Micropolitan,2019,2771472.0,1,
22060,"Faribault-Northfield, MN",Micropolitan,2020,2761663.0,1,
22060,"Faribault-Northfield, MN",Micropolitan,2021,2850563.0,1,
22060,"Faribault-Northfield, MN",Micropolitan,2022,2933946.0,1,
22060,"Faribault-Northfield, MN",Micropolitan,2023,2963953.0,1,
22060,"Faribault-Northfield, MN",Micropolitan,2024,3134576.0,1,
22100,"Farmington, MO",Micropolitan,2019,1757844.0,1,
22100,"Farmington, MO",Micropolitan,2020,1704959.0,1,
22100,"Farmington, MO",Micropolitan,2021,1756899.0,1,
22100,"Farmington, MO",Micropolitan,2022,1724391.0,1,
22100,"Farmington, MO",Micropolitan,2023,1782579.0,1,
22100,"Farmington, MO",Micropolitan,2024,1865794.0,1,
22140,"Farmington, NM",Metropolitan,2019,5616181.0,1,
22140,"Farmington, NM",Metropolitan,2020,5255546.0,1,
22140,"Farmington, NM",Metropolitan,2021,5274995.0,1,
22140,"Farmington, NM",Metropolitan,2022,5287672.0,1,
22140,"Farmington, NM",Metropolitan,2023,5528384.0,1,
22140,"Farmington, NM",Metropolitan,2024,5511398.0,1,
22180,"Fayetteville, NC",Metropolitan,2019,18514166.0,2,
22180,"Fayetteville, NC",Metropolitan,2020,18618817.0,2,
22180,"Fayetteville, NC",Metropolitan,2021,19413004.0,2,
22180,"Fayetteville, NC",Metropolitan,2022,19566551.0,2,
22180,"Fayetteville, NC",Metropolitan,2023,19785576.0,2,
22180,"Fayetteville, NC",Metropolitan,2024,20308165.0,2,
22190,"Fayetteville, TN",Micropolitan,2019,1100063.0,1,
22190,"Fayetteville, TN",Micropolitan,2020,1045110.0,1,
22190,"Fayetteville, TN",Micropolitan,2021,1117801.0,1,
22190,"Fayetteville, TN",Micropolitan,2022,1196060.0,1,
22190,"Fayetteville, TN",Micropolitan,2023,1201389.0,1,
22190,"Fayetteville, TN",Micropolitan,2024,1325734.0,1,
22220,"Fayetteville-Springdale-Rogers, AR",Metropolitan,2019,27638256.0,3,
22220,"Fayetteville-Springdale-Rogers, AR",Metropolitan,2020,28830177.0,3,
22220,"Fayetteville-Springdale-Rogers, AR",Metropolitan,2021,31653246.0,3,
22220,"Fayetteville-Springdale-Rogers, AR",Metropolitan,2022,32818932.0,3,
22220,"Fayetteville-Springdale-Rogers, AR",Metropolitan,2023,33464032.0,3,
22220,"Fayetteville-Springdale-Rogers, AR",Metropolitan,2024,35851792.0,3,
22260,"Fergus Falls, MN",Micropolitan,2019,2264375.0,1,
22260,"Fergus Falls, MN",Micropolitan,2020,2325297.0,1,
22260,"Fergus Falls, MN",Micropolitan,2021,2430494.0,1,
22260,"Fergus Falls, MN",Micropolitan,2022,2469355.0,1,
22260,"Fergus Falls, MN",Micropolitan,2023,2456250.0,1,
22260,"Fergus Falls, MN",Micropolitan,2024,2510958.0,1,
22300,"Findlay, OH",Micropolitan,2019,5347892.0,1,
22300,"Findlay, OH",Micropolitan,2020,5189309.0,1,
22300,"Findlay, OH",Micropolitan,2021,5415542.0,1,
22300,"Findlay, OH",Micropolitan,2022,5530360.0,1,
22300,"Findlay, OH",Micropolitan,2023,5610959.0,1,
22300,"Findlay, OH",Micropolitan,2024,5625837.0,1,
22340,"Fitzgerald, GA",Micropolitan,2019,526688.0,1,
22340,"Fitzgerald, GA",Micropolitan,2020,535549.0,1,
22340,"Fitzgerald, GA",Micropolitan,2021,551963.0,1,
22340,"Fitzgerald, GA",Micropolitan,2022,575508.0,1,
22340,"Fitzgerald, GA",Micropolitan,2023,611603.0,1,
22340,"Fitzgerald, GA",Micropolitan,2024,622165.0,1,
22380,"Flagstaff, AZ",Metropolitan,2019,7642638.0,1,
22380,"Flagstaff, AZ",Metropolitan,2020,7029842.0,1,
22380,"Flagstaff, AZ",Metropolitan,2021,7574254.0,1,
22380,"Flagstaff, AZ",Metropolitan,2022,7767613.0,1,
22380,"Flagstaff, AZ",Metropolitan,2023,7954200.0,1,
22380,"Flagstaff, AZ",Metropolitan,2024,8294983.0,1,
22420,"Flint, MI",Metropolitan,2019,16724794.0,1,
22420,"Flint, MI",Metropolitan,2020,15283454.0,1,
22420,"Flint, MI",Metropolitan,2021,15600157.0,1,
22420,"Flint, MI",Metropolitan,2022,15713856.0,1,
22420,"Flint, MI",Metropolitan,2023,16205256.0,1,
22420,"Flint, MI",Metropolitan,2024,16529058.0,1,
22500,"Florence, SC",Metropolitan,2019,9906674.0,2,
22500,"Florence, SC",Metropolitan,2020,9571901.0,2,
22500,"Florence, SC",Metropolitan,2021,9968110.0,2,
22500,"Florence, SC",Metropolitan,2022,10005143.0,2,
22500,"Florence, SC",Metropolitan,2023,10239497.0,2,
22500,"Florence, SC",Metropolitan,2024,10507744.0,2,
22520,"Florence-Muscle Shoals, AL",Metropolitan,2019,5219782.0,2,
22520,"Florence-Muscle Shoals, AL",Metropolitan,2020,5178448.0,2,
22520,"Florence-Muscle Shoals, AL",Metropolitan,2021,5349732.0,2,
22520,"Florence-Muscle Shoals, AL",Metropolitan,2022,5528857.0,2,
22520,"Florence-Muscle Shoals, AL",Metropolitan,2023,5674823.0,2,
22520,"Florence-Muscle Shoals, AL",Metropolitan,2024,5836257.0,2,
22540,"Fond du Lac, WI",Metropolitan,2019,5269900.0,1,
22540,"Fond du Lac, WI",Metropolitan,2020,5025314.0,1,
22540,"Fond du Lac, WI",Metropolitan,2021,5175873.0,1,
22540,"Fond du Lac, WI",Metropolitan,2022,5237078.0,1,
22540,"Fond du Lac, WI",Metropolitan,2023,5127744.0,1,
22540,"Fond du Lac, WI",Metropolitan,2024,5112557.0,1,
22580,"Forest City, NC",Micropolitan,2019,1834778.0,1,
22580,"Forest City, NC",Micropolitan,2020,1758523.0,1,
22580,"Forest City, NC",Micropolitan,2021,1822568.0,1,
22580,"Forest City, NC",Micropolitan,2022,1858483.0,1,
22580,"Forest City, NC",Micropolitan,2023,1893555.0,1,
22580,"Forest City, NC",Micropolitan,2024,1921245.0,1,
22620,"Forrest City, AR",Micropolitan,2019,718139.0,1,
22620,"Forrest City, AR",Micropolitan,2020,720242.0,1,
22620,"Forrest City, AR",Micropolitan,2021,733986.0,1,
22620,"Forrest City, AR",Micropolitan,2022,703512.0,1,
22620,"Forrest City, AR",Micropolitan,2023,713433.0,1,
22620,"Forrest City, AR",Micropolitan,2024,714348.0,1,
22660,"Fort Collins-Loveland, CO",Metropolitan,2019,20344985.0,1,
22660,"Fort Collins-Loveland, CO",Metropolitan,2020,20219160.0,1,
22660,"Fort Collins-Loveland, CO",Metropolitan,2021,21400435.0,1,
22660,"Fort Collins-Loveland, CO",Metropolitan,2022,22430362.0,1,
22660,"Fort Collins-Loveland, CO",Metropolitan,2023,22368758.0,1,
22660,"Fort Collins-Loveland, CO",Metropolitan,2024,22617976.0,1,
22700,"Fort Dodge, IA",Micropolitan,2019,2039320.0,1,
22700,"Fort Dodge, IA",Micropolitan,2020,1953915.0,1,
22700,"Fort Dodge, IA",Micropolitan,2021,2165409.0,1,
22700,"Fort Dodge, IA",Micropolitan,2022,2121297.0,1,
22700,"Fort Dodge, IA",Micropolitan,2023,2093993.0,1,
22700,"Fort Dodge, IA",Micropolitan,2024,2119925.0,1,
22780,"Fort Leonard Wood, MO",Micropolitan,2019,2316004.0,1,
22780,"Fort Leonard Wood, MO",Micropolitan,2020,2402626.0,1,
22780,"Fort Leonard Wood, MO",Micropolitan,2021,2310129.0,1,
22780,"Fort Leonard Wood, MO",Micropolitan,2022,2219478.0,1,
22780,"Fort Leonard Wood, MO",Micropolitan,2023,2283129.0,1,
22780,"Fort Leonard Wood, MO",Micropolitan,2024,2328960.0,1,
22800,"Fort Madison, IA",Micropolitan,2019,1770599.0,1,
22800,"Fort Madison, IA",Micropolitan,2020,1854877.0,1,
22800,"Fort Madison, IA",Micropolitan,2021,1905410.0,1,
22800,"Fort Madison, IA",Micropolitan,2022,1752087.0,1,
22800,"Fort Madison, IA",Micropolitan,2023,1739653.0,1,
22800,"Fort Madison, IA",Micropolitan,2024,1749234.0,1,
22820,"Fort Morgan, CO",Micropolitan,2019,1540999.0,1,
22820,"Fort Morgan, CO",Micropolitan,2020,1476594.0,1,
22820,"Fort Morgan, CO",Micropolitan,2021,1510774.0,1,
22820,"Fort Morgan, CO",Micropolitan,2022,1496526.0,1,
22820,"Fort Morgan, CO",Micropolitan,2023,1570479.0,1,
22820,"Fort Morgan, CO",Micropolitan,2024,1598419.0,1,
22840,"Fort Payne, AL",Micropolitan,2019,2008106.0,1,
22840,"Fort Payne, AL",Micropolitan,2020,1889162.0,1,
22840,"Fort Payne, AL",Micropolitan,2021,2140849.0,1,
22840,"Fort Payne, AL",Micropolitan,2022,2302198.0,1,
22840,"Fort Payne, AL",Micropolitan,2023,2245520.0,1,
22840,"Fort Payne, AL",Micropolitan,2024,2384155.0,1,
22900,"Fort Smith, AR-OK",Metropolitan,2019,9197017.0,3,
22900,"Fort Smith, AR-OK",Metropolitan,2020,9098450.0,3,
22900,"Fort Smith, AR-OK",Metropolitan,2021,9550503.0,3,
22900,"Fort Smith, AR-OK",Metropolitan,2022,9436560.0,3,
22900,"Fort Smith, AR-OK",Metropolitan,2023,9660286.0,3,
22900,"Fort Smith, AR-OK",Metropolitan,2024,9838243.0,3,
23060,"Fort Wayne, IN",Metropolitan,2019,24559960.0,3,
23060,"Fort Wayne, IN",Metropolitan,2020,22957320.0,3,
23060,"Fort Wayne, IN",Metropolitan,2021,24634862.0,3,
23060,"Fort Wayne, IN",Metropolitan,2022,25294004.0,3,
23060,"Fort Wayne, IN",Metropolitan,2023,25504961.0,3,
23060,"Fort Wayne, IN",Metropolitan,2024,26131720.0,3,
23140,"Frankfort, IN",Micropolitan,2019,1451476.0,1,
23140,"Frankfort, IN",Micropolitan,2020,1447485.0,1,
23140,"Frankfort, IN",Micropolitan,2021,1476645.0,1,
23140,"Frankfort, IN",Micropolitan,2022,1539568.0,1,
23140,"Frankfort, IN",Micropolitan,2023,1562538.0,1,
23140,"Frankfort, IN",Micropolitan,2024,1574924.0,1,
23180,"Frankfort, KY",Micropolitan,2019,3659653.0,2,
23180,"Frankfort, KY",Micropolitan,2020,3641919.0,2,
23180,"Frankfort, KY",Micropolitan,2021,3739526.0,2,
23180,"Frankfort, KY",Micropolitan,2022,3907076.0,2,
23180,"Frankfort, KY",Micropolitan,2023,4115882.0,2,
23180,"Frankfort, KY",Micropolitan,2024,4270541.0,2,
23190,"Franklin, KY",Micropolitan,2019,995792.0,1,
23190,"Franklin, KY",Micropolitan,2020,947531.0,1,
23190,"Franklin, KY",Micropolitan,2021,972744.0,1,
23190,"Franklin, KY",Micropolitan,2022,978520.0,1,
23190,"Franklin, KY",Micropolitan,2023,1044653.0,1,
23190,"Franklin, KY",Micropolitan,2024,988081.0,1,
23240,"Fredericksburg, TX",Micropolitan,2019,1123128.0,1,
23240,"Fredericksburg, TX",Micropolitan,2020,1136251.0,1,
23240,"Fredericksburg, TX",Micropolitan,2021,1268949.0,1,
23240,"Fredericksburg, TX",Micropolitan,2022,1360498.0,1,
23240,"Fredericksburg, TX",Micropolitan,2023,1323378.0,1,
23240,"Fredericksburg, TX",Micropolitan,2024,1362241.0,1,
23300,"Freeport, IL",Micropolitan,2019,1763090.0,1,
23300,"Freeport, IL",Micropolitan,2020,1747177.0,1,
23300,"Freeport, IL",Micropolitan,2021,1834172.0,1,
23300,"Freeport, IL",Micropolitan,2022,1850189.0,1,
23300,"Freeport, IL",Micropolitan,2023,1831779.0,1,
23300,"Freeport, IL",Micropolitan,2024,1899601.0,1,
23340,"Fremont, NE",Micropolitan,2019,2015181.0,1,
23340,"Fremont, NE",Micropolitan,2020,2109527.0,1,
23340,"Fremont, NE",Micropolitan,2021,2320087.0,1,
23340,"Fremont, NE",Micropolitan,2022,2321044.0,1,
23340,"Fremont, NE",Micropolitan,2023,2328030.0,1,
23340,"Fremont, NE",Micropolitan,2024,2366379.0,1,
23380,"Fremont, OH",Micropolitan,2019,2842936.0,1,
23380,"Fremont, OH",Micropolitan,2020,2738020.0,1,
23380,"Fremont, OH",Micropolitan,2021,3032205.0,1,
23380,"Fremont, OH",Micropolitan,2022,2947385.0,1,
23380,"Fremont, OH",Micropolitan,2023,2928460.0,1,
23380,"Fremont, OH",Micropolitan,2024,2989576.0,1,
23420,"Fresno, CA",Metropolitan,2019,51240865.0,2,
23420,"Fresno, CA",Metropolitan,2020,50629314.0,2,
23420,"Fresno, CA",Metropolitan,2021,52468441.0,2,
23420,"Fresno, CA",Metropolitan,2022,52091276.0,2,
23420,"Fresno, CA",Metropolitan,2023,54150727.0,2,
23420,"Fresno, CA",Metropolitan,2024,56687314.0,2,
23460,"Gadsden, AL",Metropolitan,2019,3065345.0,1,
23460,"Gadsden, AL",Metropolitan,2020,2829779.0,1,
23460,"Gadsden, AL",Metropolitan,2021,2923006.0,1,
23460,"Gadsden, AL",Metropolitan,2022,2977378.0,1,
23460,"Gadsden, AL",Metropolitan,2023,3019090.0,1,
23460,"Gadsden, AL",Metropolitan,2024,3120496.0,1,
23500,"Gaffney, SC",Micropolitan,2019,1808610.0,1,
23500,"Gaffney, SC",Micropolitan,2020,1681176.0,1,
23500,"Gaffney, SC",Micropolitan,2021,1730497.0,1,
23500,"Gaffney, SC",Micropolitan,2022,1876762.0,1,
23500,"Gaffney, SC",Micropolitan,2023,1729082.0,1,
23500,"Gaffney, SC",Micropolitan,2024,1824380.0,1,
23540,"Gainesville, FL",Metropolitan,2019,15396615.0,3,
23540,"Gainesville, FL",Metropolitan,2020,15435477.0,3,
23540,"Gainesville, FL",Metropolitan,2021,16436531.0,3,
23540,"Gainesville, FL",Metropolitan,2022,17050921.0,3,
23540,"Gainesville, FL",Metropolitan,2023,17678382.0,3,
23540,"Gainesville, FL",Metropolitan,2024,18172393.0,3,
23580,"Gainesville, GA",Metropolitan,2019,11289071.0,1,
23580,"Gainesville, GA",Metropolitan,2020,11463664.0,1,
23580,"Gainesville, GA",Metropolitan,2021,12141399.0,1,
23580,"Gainesville, GA",Metropolitan,2022,13189961.0,1,
23580,"Gainesville, GA",Metropolitan,2023,13465848.0,1,
23580,"Gainesville, GA",Metropolitan,2024,13805042.0,1,
23620,"Gainesville, TX",Micropolitan,2019,2409435.0,1,
23620,"Gainesville, TX",Micropolitan,2020,2058765.0,1,
23620,"Gainesville, TX",Micropolitan,2021,2192222.0,1,
23620,"Gainesville, TX",Micropolitan,2022,2461366.0,1,
23620,"Gainesville, TX",Micropolitan,2023,2668373.0,1,
23620,"Gainesville, TX",Micropolitan,2024,2896103.0,1,
23660,"Galesburg, IL",Micropolitan,2019,1717852.0,1,
23660,"Galesburg, IL",Micropolitan,2020,1670600.0,1,
23660,"Galesburg, IL",Micropolitan,2021,1743329.0,1,
23660,"Galesburg, IL",Micropolitan,2022,1749049.0,1,
23660,"Galesburg, IL",Micropolitan,2023,1784937.0,1,
23660,"Galesburg, IL",Micropolitan,2024,1851369.0,1,
23680,"Gallipolis, OH",Micropolitan,2019,2153747.0,1,
23680,"Gallipolis, OH",Micropolitan,2020,2017303.0,1,
23680,"Gallipolis, OH",Micropolitan,2021,2026614.0,1,
23680,"Gallipolis, OH",Micropolitan,2022,1865130.0,1,
23680,"Gallipolis, OH",Micropolitan,2023,2022673.0,1,
23680,"Gallipolis, OH",Micropolitan,2024,1812722.0,1,
23700,"Gallup, NM",Micropolitan,2019,2571211.0,1,
23700,"Gallup, NM",Micropolitan,2020,2477107.0,1,
23700,"Gallup, NM",Micropolitan,2021,2288382.0,1,
23700,"Gallup, NM",Micropolitan,2022,2208933.0,1,
23700,"Gallup, NM",Micropolitan,2023,2315316.0,1,
23700,"Gallup, NM",Micropolitan,2024,2229863.0,1,
23780,"Garden City, KS",Micropolitan,2019,2132769.0,1,
23780,"Garden City, KS",Micropolitan,2020,2141755.0,1,
23780,"Garden City, KS",Micropolitan,2021,2274624.0,1,
23780,"Garden City, KS",Micropolitan,2022,2295120.0,1,
23780,"Garden City, KS",Micropolitan,2023,2357072.0,1,
23780,"Garden City, KS",Micropolitan,2024,2403822.0,1,
23820,"Gardnerville Ranchos, NV-CA",Micropolitan,2019,2689910.0,2,
23820,"Gardnerville Ranchos, NV-CA",Micropolitan,2020,2606781.0,2,
23820,"Gardnerville Ranchos, NV-CA",Micropolitan,2021,2980914.0,2,
23820,"Gardnerville Ranchos, NV-CA",Micropolitan,2022,2926777.0,2,
23820,"Gardnerville Ranchos, NV-CA",Micropolitan,2023,3047026.0,2,
23820,"Gardnerville Ranchos, NV-CA",Micropolitan,2024,3227588.0,2,
23900,"Gettysburg, PA",Metropolitan,2019,3846736.0,1,
23900,"Gettysburg, PA",Metropolitan,2020,3663444.0,1,
23900,"Gettysburg, PA",Metropolitan,2021,3761986.0,1,
23900,"Gettysburg, PA",Metropolitan,2022,3736589.0,1,
23900,"Gettysburg, PA",Metropolitan,2023,3597077.0,1,
23900,"Gettysburg, PA",Metropolitan,2024,3626431.0,1,
23940,"Gillette, WY",Micropolitan,2019,5241253.0,1,
23940,"Gillette, WY",Micropolitan,2020,5249403.0,1,
23940,"Gillette, WY",Micropolitan,2021,4966229.0,1,
23940,"Gillette, WY",Micropolitan,2022,5290202.0,1,
23940,"Gillette, WY",Micropolitan,2023,5658531.0,1,
23940,"Gillette, WY",Micropolitan,2024,4918971.0,1,
23980,"Glasgow, KY",Micropolitan,2019,1628037.0,2,
23980,"Glasgow, KY",Micropolitan,2020,1552771.0,2,
23980,"Glasgow, KY",Micropolitan,2021,1597591.0,2,
23980,"Glasgow, KY",Micropolitan,2022,1598402.0,2,
23980,"Glasgow, KY",Micropolitan,2023,1603448.0,2,
23980,"Glasgow, KY",Micropolitan,2024,1657756.0,2,
24020,"Glens Falls, NY",Metropolitan,2019,7347108.0,2,
24020,"Glens Falls, NY",Metropolitan,2020,7255777.0,2,
24020,"Glens Falls, NY",Metropolitan,2021,7602470.0,2,
24020,"Glens Falls, NY",Metropolitan,2022,6966326.0,2,
24020,"Glens Falls, NY",Metropolitan,2023,7161538.0,2,
24020,"Glens Falls, NY",Metropolitan,2024,7395667.0,2,
24100,"Gloversville, NY",Micropolitan,2019,1888385.0,1,
24100,"Gloversville, NY",Micropolitan,2020,1843272.0,1,
24100,"Gloversville, NY",Micropolitan,2021,1834074.0,1,
24100,"Gloversville, NY",Micropolitan,2022,1856225.0,1,
24100,"Gloversville, NY",Micropolitan,2023,1852483.0,1,
24100,"Gloversville, NY",Micropolitan,2024,1879185.0,1,
24140,"Goldsboro, NC",Metropolitan,2019,4865324.0,1,
24140,"Goldsboro, NC",Metropolitan,2020,4763252.0,1,
24140,"Goldsboro, NC",Metropolitan,2021,5019168.0,1,
24140,"Goldsboro, NC",Metropolitan,2022,5050873.0,1,
24140,"Goldsboro, NC",Metropolitan,2023,5074254.0,1,
24140,"Goldsboro, NC",Metropolitan,2024,5216387.0,1,
24180,"Granbury, TX",Micropolitan,2019,2466581.0,1,
24180,"Granbury, TX",Micropolitan,2020,2222694.0,1,
24180,"Granbury, TX",Micropolitan,2021,2367617.0,1,
24180,"Granbury, TX",Micropolitan,2022,2571372.0,1,
24180,"Granbury, TX",Micropolitan,2023,2703376.0,1,
24180,"Granbury, TX",Micropolitan,2024,2770835.0,1,
24220,"Grand Forks, ND-MN",Metropolitan,2019,5469800.0,2,
24220,"Grand Forks, ND-MN",Metropolitan,2020,5372783.0,2,
24220,"Grand Forks, ND-MN",Metropolitan,2021,5532505.0,2,
24220,"Grand Forks, ND-MN",Metropolitan,2022,5516680.0,2,
24220,"Grand Forks, ND-MN",Metropolitan,2023,5699498.0,2,
24220,"Grand Forks, ND-MN",Metropolitan,2024,5836207.0,2,
24260,"Grand Island, NE",Metropolitan,2019,4116573.0,3,
24260,"Grand Island, NE",Metropolitan,2020,4068419.0,3,
24260,"Grand Island, NE",Metropolitan,2021,4488680.0,3,
24260,"Grand Island, NE",Metropolitan,2022,4434038.0,3,
24260,"Grand Island, NE",Metropolitan,2023,4614736.0,3,
24260,"Grand Island, NE",Metropolitan,2024,4655128.0,3,
24300,"Grand Junction, CO",Metropolitan,2019,6815198.0,1,
24300,"Grand Junction, CO",Metropolitan,2020,6596972.0,1,
24300,"Grand Junction, CO",Metropolitan,2021,6910739.0,1,
24300,"Grand Junction, CO",Metropolitan,2022,7236011.0,1,
24300,"Grand Junction, CO",Metropolitan,2023,7263912.0,1,
24300,"Grand Junction, CO",Metropolitan,2024,7454851.0,1,
24330,"Grand Rapids, MN",Micropolitan,2019,2100327.0,1,
24330,"Grand Rapids, MN",Micropolitan,2020,1938425.0,1,
24330,"Grand Rapids, MN",Micropolitan,2021,2111244.0,1,
24330,"Grand Rapids, MN",Micropolitan,2022,2082826.0,1,
24330,"Grand Rapids, MN",Micropolitan,2023,2154997.0,1,
24330,"Grand Rapids, MN",Micropolitan,2024,1959956.0,1,
24340,"Grand Rapids-Wyoming-Kentwood, MI",Metropolitan,2019,62840135.0,5,
24340,"Grand Rapids-Wyoming-Kentwood, MI",Metropolitan,2020,61627696.0,5,
24340,"Grand Rapids-Wyoming-Kentwood, MI",Metropolitan,2021,65475753.0,5,
24340,"Grand Rapids-Wyoming-Kentwood, MI",Metropolitan,2022,66399761.0,5,
24340,"Grand Rapids-Wyoming-Kentwood, MI",Metropolitan,2023,67630633.0,5,
24340,"Grand Rapids-Wyoming-Kentwood, MI",Metropolitan,2024,68923146.0,5,
24420,"Grants Pass, OR",Metropolitan,2019,2949509.0,1,
24420,"Grants Pass, OR",Metropolitan,2020,2907168.0,1,
24420,"Grants Pass, OR",Metropolitan,2021,3068229.0,1,
24420,"Grants Pass, OR",Metropolitan,2022,2920767.0,1,
24420,"Grants Pass, OR",Metropolitan,2023,2948432.0,1,
24420,"Grants Pass, OR",Metropolitan,2024,3043019.0,1,
24460,"Great Bend, KS",Micropolitan,2019,1224274.0,1,
24460,"Great Bend, KS",Micropolitan,2020,1231756.0,1,
24460,"Great Bend, KS",Micropolitan,2021,1196438.0,1,
24460,"Great Bend, KS",Micropolitan,2022,1194836.0,1,
24460,"Great Bend, KS",Micropolitan,2023,1274681.0,1,
24460,"Great Bend, KS",Micropolitan,2024,1282207.0,1,
24500,"Great Falls, MT",Metropolitan,2019,3717543.0,1,
24500,"Great Falls, MT",Metropolitan,2020,3671448.0,1,
24500,"Great Falls, MT",Metropolitan,2021,3799231.0,1,
24500,"Great Falls, MT",Metropolitan,2022,4123071.0,1,
24500,"Great Falls, MT",Metropolitan,2023,4258347.0,1,
24500,"Great Falls, MT",Metropolitan,2024,4405442.0,1,
24540,"Greeley, CO",Metropolitan,2019,21737461.0,1,
24540,"Greeley, CO",Metropolitan,2020,20028527.0,1,
24540,"Greeley, CO",Metropolitan,2021,20489280.0,1,
24540,"Greeley, CO",Metropolitan,2022,19472810.0,1,
24540,"Greeley, CO",Metropolitan,2023,22991875.0,1,
24540,"Greeley, CO",Metropolitan,2024,24480489.0,1,
24580,"Green Bay, WI",Metropolitan,2019,20722452.0,3,
24580,"Green Bay, WI",Metropolitan,2020,20210069.0,3,
24580,"Green Bay, WI",Metropolitan,2021,20545452.0,3,
24580,"Green Bay, WI",Metropolitan,2022,20896656.0,3,
24580,"Green Bay, WI",Metropolitan,2023,21181159.0,3,
24580,"Green Bay, WI",Metropolitan,2024,21953039.0,3,
24600,"Greencastle, IN",Micropolitan,2019,1129286.0,1,
24600,"Greencastle, IN",Micropolitan,2020,1082752.0,1,
24600,"Greencastle, IN",Micropolitan,2021,1120373.0,1,
24600,"Greencastle, IN",Micropolitan,2022,1084638.0,1,
24600,"Greencastle, IN",Micropolitan,2023,1111747.0,1,
24600,"Greencastle, IN",Micropolitan,2024,1109620.0,1,
24620,"Greeneville, TN",Micropolitan,2019,2432716.0,1,
24620,"Greeneville, TN",Micropolitan,2020,2357557.0,1,
24620,"Greeneville, TN",Micropolitan,2021,2461591.0,1,
24620,"Greeneville, TN",Micropolitan,2022,2500149.0,1,
24620,"Greeneville, TN",Micropolitan,2023,2524342.0,1,
24620,"Greeneville, TN",Micropolitan,2024,2594683.0,1,
24640,"Greenfield, MA",Micropolitan,2019,2918671.0,1,
24640,"Greenfield, MA",Micropolitan,2020,2955495.0,1,
24640,"Greenfield, MA",Micropolitan,2021,2922586.0,1,
24640,"Greenfield, MA",Micropolitan,2022,2836831.0,1,
24640,"Greenfield, MA",Micropolitan,2023,3092634.0,1,
24640,"Greenfield, MA",Micropolitan,2024,2896237.0,1,
24660,"Greensboro-High Point, NC",Metropolitan,2019,40961901.0,3,
24660,"Greensboro-High Point, NC",Metropolitan,2020,39480217.0,3,
24660,"Greensboro-High Point, NC",Metropolitan,2021,40989084.0,3,
24660,"Greensboro-High Point, NC",Metropolitan,2022,42228549.0,3,
24660,"Greensboro-High Point, NC",Metropolitan,2023,42982671.0,3,
24660,"Greensboro-High Point, NC",Metropolitan,2024,44335556.0,3,
24700,"Greensburg, IN",Micropolitan,2019,1741482.0,1,
24700,"Greensburg, IN",Micropolitan,2020,1609836.0,1,
24700,"Greensburg, IN",Micropolitan,2021,1689259.0,1,
24700,"Greensburg, IN",Micropolitan,2022,1645266.0,1,
24700,"Greensburg, IN",Micropolitan,2023,1638101.0,1,
24700,"Greensburg, IN",Micropolitan,2024,1634756.0,1,
24740,"Greenville, MS",Micropolitan,2019,1420955.0,1,
24740,"Greenville, MS",Micropolitan,2020,1434977.0,1,
24740,"Greenville, MS",Micropolitan,2021,1471455.0,1,
24740,"Greenville, MS",Micropolitan,2022,1397305.0,1,
24740,"Greenville, MS",Micropolitan,2023,1385569.0,1,
24740,"Greenville, MS",Micropolitan,2024,1347613.0,1,
24780,"Greenville, NC",Metropolitan,2019,9256380.0,1,
24780,"Greenville, NC",Metropolitan,2020,8967526.0,1,
24780,"Greenville, NC",Metropolitan,2021,9205551.0,1,
24780,"Greenville, NC",Metropolitan,2022,9494455.0,1,
24780,"Greenville, NC",Metropolitan,2023,9618413.0,1,
24780,"Greenville, NC",Metropolitan,2024,9927193.0,1,
24820,"Greenville, OH",Micropolitan,2019,2020430.0,1,
24820,"Greenville, OH",Micropolitan,2020,2003064.0,1,
24820,"Greenville, OH",Micropolitan,2021,2146470.0,1,
24820,"Greenville, OH",Micropolitan,2022,2131127.0,1,
24820,"Greenville, OH",Micropolitan,2023,2255412.0,1,
24820,"Greenville, OH",Micropolitan,2024,2540817.0,1,
24860,"Greenville-Anderson-Greer, SC",Metropolitan,2019,46484901.0,4,
24860,"Greenville-Anderson-Greer, SC",Metropolitan,2020,45043484.0,4,
24860,"Greenville-Anderson-Greer, SC",Metropolitan,2021,47390688.0,4,
24860,"Greenville-Anderson-Greer, SC",Metropolitan,2022,49713724.0,4,
24860,"Greenville-Anderson-Greer, SC",Metropolitan,2023,51157747.0,4,
24860,"Greenville-Anderson-Greer, SC",Metropolitan,2024,53192638.0,4,
24900,"Greenwood, MS",Micropolitan,2019,1280930.0,2,
24900,"Greenwood, MS",Micropolitan,2020,1300442.0,2,
24900,"Greenwood, MS",Micropolitan,2021,1410248.0,2,
24900,"Greenwood, MS",Micropolitan,2022,1282057.0,2,
24900,"Greenwood, MS",Micropolitan,2023,1251897.0,2,
24900,"Greenwood, MS",Micropolitan,2024,1191086.0,2,
24940,"Greenwood, SC",Micropolitan,2019,3553284.0,2,
24940,"Greenwood, SC",Micropolitan,2020,3479447.0,2,
24940,"Greenwood, SC",Micropolitan,2021,3895309.0,2,
24940,"Greenwood, SC",Micropolitan,2022,4114342.0,2,
24940,"Greenwood, SC",Micropolitan,2023,4136116.0,2,
24940,"Greenwood, SC",Micropolitan,2024,4306721.0,2,
24980,"Grenada, MS",Micropolitan,2019,1116568.0,2,
24980,"Grenada, MS",Micropolitan,2020,1095619.0,2,
24980,"Grenada, MS",Micropolitan,2021,1152245.0,2,
24980,"Grenada, MS",Micropolitan,2022,1085448.0,2,
24980,"Grenada, MS",Micropolitan,2023,1088454.0,2,
24980,"Grenada, MS",Micropolitan,2024,1092111.0,2,
25060,"Gulfport-Biloxi, MS",Metropolitan,2019,17583998.0,4,
25060,"Gulfport-Biloxi, MS",Metropolitan,2020,18460759.0,4,
25060,"Gulfport-Biloxi, MS",Metropolitan,2021,18904614.0,4,
25060,"Gulfport-Biloxi, MS",Metropolitan,2022,18400018.0,4,
25060,"Gulfport-Biloxi, MS",Metropolitan,2023,19919679.0,4,
25060,"Gulfport-Biloxi, MS",Metropolitan,2024,20997797.0,4,
25100,"Guymon, OK",Micropolitan,2019,1884228.0,1,
25100,"Guymon, OK",Micropolitan,2020,1784133.0,1,
25100,"Guymon, OK",Micropolitan,2021,2009793.0,1,
25100,"Guymon, OK",Micropolitan,2022,1735104.0,1,
25100,"Guymon, OK",Micropolitan,2023,1921356.0,1,
25100,"Guymon, OK",Micropolitan,2024,2123187.0,1,
25180,"Hagerstown-Martinsburg, MD-WV",Metropolitan,2019,11478738.0,3,
25180,"Hagerstown-Martinsburg, MD-WV",Metropolitan,2020,10950793.0,3,
25180,"Hagerstown-Martinsburg, MD-WV",Metropolitan,2021,11650301.0,3,
25180,"Hagerstown-Martinsburg, MD-WV",Metropolitan,2022,11607294.0,3,
25180,"Hagerstown-Martinsburg, MD-WV",Metropolitan,2023,12173067.0,3,
25180,"Hagerstown-Martinsburg, MD-WV",Metropolitan,2024,12597959.0,3,
25200,"Hailey, ID",Micropolitan,2019,1887528.0,3,
25200,"Hailey, ID",Micropolitan,2020,1878487.0,3,
25200,"Hailey, ID",Micropolitan,2021,2150850.0,3,
25200,"Hailey, ID",Micropolitan,2022,2194070.0,3,
25200,"Hailey, ID",Micropolitan,2023,2227365.0,3,
25200,"Hailey, ID",Micropolitan,2024,2321261.0,3,
25220,"Hammond, LA",Metropolitan,2019,4352843.0,1,
25220,"Hammond, LA",Metropolitan,2020,4177174.0,1,
25220,"Hammond, LA",Metropolitan,2021,4492666.0,1,
25220,"Hammond, LA",Metropolitan,2022,4531279.0,1,
25220,"Hammond, LA",Metropolitan,2023,4649162.0,1,
25220,"Hammond, LA",Metropolitan,2024,4845782.0,1,
25260,"Hanford-Corcoran, CA",Metropolitan,2019,6457601.0,1,
25260,"Hanford-Corcoran, CA",Metropolitan,2020,6540783.0,1,
25260,"Hanford-Corcoran, CA",Metropolitan,2021,6613455.0,1,
25260,"Hanford-Corcoran, CA",Metropolitan,2022,6820750.0,1,
25260,"Hanford-Corcoran, CA",Metropolitan,2023,6931575.0,1,
25260,"Hanford-Corcoran, CA",Metropolitan,2024,7210907.0,1,
25300,"Hannibal, MO",Micropolitan,2019,1735796.0,2,
25300,"Hannibal, MO",Micropolitan,2020,1804067.0,2,
25300,"Hannibal, MO",Micropolitan,2021,1897258.0,2,
25300,"Hannibal, MO",Micropolitan,2022,1825084.0,2,
25300,"Hannibal, MO",Micropolitan,2023,1914137.0,2,
25300,"Hannibal, MO",Micropolitan,2024,1883417.0,2,
25420,"Harrisburg-Carlisle, PA",Metropolitan,2019,40602123.0,3,
25420,"Harrisburg-Carlisle, PA",Metropolitan,2020,38694681.0,3,
25420,"Harrisburg-Carlisle, PA",Metropolitan,2021,40697320.0,3,
25420,"Harrisburg-Carlisle, PA",Metropolitan,2022,41067207.0,3,
25420,"Harrisburg-Carlisle, PA",Metropolitan,2023,41385103.0,3,
25420,"Harrisburg-Carlisle, PA",Metropolitan,2024,42225692.0,3,
25460,"Harrison, AR",Micropolitan,2019,1402804.0,2,
25460,"Harrison, AR",Micropolitan,2020,1400624.0,2,
25460,"Harrison, AR",Micropolitan,2021,1548901.0,2,
25460,"Harrison, AR",Micropolitan,2022,1521899.0,2,
25460,"Harrison, AR",Micropolitan,2023,1566227.0,2,
25460,"Harrison, AR",Micropolitan,2024,1642556.0,2,
25500,"Harrisonburg, VA",Metropolitan,2019,7986941.0,1,
25500,"Harrisonburg, VA",Metropolitan,2020,7649535.0,1,
25500,"Harrisonburg, VA",Metropolitan,2021,8324834.0,1,
25500,"Harrisonburg, VA",Metropolitan,2022,8571712.0,1,
25500,"Harrisonburg, VA",Metropolitan,2023,8225102.0,1,
25500,"Harrisonburg, VA",Metropolitan,2024,8344240.0,1,
25540,"Hartford-West Hartford-East Hartford, CT",Metropolitan,2019,,2,incomplete_county_coverage
25540,"Hartford-West Hartford-East Hartford, CT",Metropolitan,2020,,2,incomplete_county_coverage
25540,"Hartford-West Hartford-East Hartford, CT",Metropolitan,2021,,2,incomplete_county_coverage
25540,"Hartford-West Hartford-East Hartford, CT",Metropolitan,2022,,2,incomplete_county_coverage
25540,"Hartford-West Hartford-East Hartford, CT",Metropolitan,2023,,2,incomplete_county_coverage
25540,"Hartford-West Hartford-East Hartford, CT",Metropolitan,2024,101854589.0,2,
25580,"Hastings, NE",Micropolitan,2019,2398453.0,3,
25580,"Hastings, NE",Micropolitan,2020,2349329.0,3,
25580,"Hastings, NE",Micropolitan,2021,2620519.0,3,
25580,"Hastings, NE",Micropolitan,2022,2597333.0,3,
25580,"Hastings, NE",Micropolitan,2023,2699581.0,3,
25580,"Hastings, NE",Micropolitan,2024,2650069.0,3,
25620,"Hattiesburg, MS",Metropolitan,2019,5613624.0,3,
25620,"Hattiesburg, MS",Metropolitan,2020,5515346.0,3,
25620,"Hattiesburg, MS",Metropolitan,2021,5882320.0,3,
25620,"Hattiesburg, MS",Metropolitan,2022,5934407.0,3,
25620,"Hattiesburg, MS",Metropolitan,2023,6152220.0,3,
25620,"Hattiesburg, MS",Metropolitan,2024,6274939.0,3,
25700,"Hays, KS",Micropolitan,2019,1555218.0,1,
25700,"Hays, KS",Micropolitan,2020,1564614.0,1,
25700,"Hays, KS",Micropolitan,2021,1658479.0,1,
25700,"Hays, KS",Micropolitan,2022,1641196.0,1,
25700,"Hays, KS",Micropolitan,2023,1744405.0,1,
25700,"Hays, KS",Micropolitan,2024,1650991.0,1,
25720,"Heber, UT",Micropolitan,2019,4745161.0,2,
25720,"Heber, UT",Micropolitan,2020,4637249.0,2,
25720,"Heber, UT",Micropolitan,2021,5421511.0,2,
25720,"Heber, UT",Micropolitan,2022,5828130.0,2,
25720,"Heber, UT",Micropolitan,2023,5955660.0,2,
25720,"Heber, UT",Micropolitan,2024,6084374.0,2,
25740,"Helena, MT",Metropolitan,2019,4061395.0,3,
25740,"Helena, MT",Metropolitan,2020,4045596.0,3,
25740,"Helena, MT",Metropolitan,2021,4272532.0,3,
25740,"Helena, MT",Metropolitan,2022,4479082.0,3,
25740,"Helena, MT",Metropolitan,2023,4815114.0,3,
25740,"Helena, MT",Metropolitan,2024,5011437.0,3,
25770,"Hemlock Farms, PA",Micropolitan,2019,1397318.0,1,
25770,"Hemlock Farms, PA",Micropolitan,2020,1413255.0,1,
25770,"Hemlock Farms, PA",Micropolitan,2021,1389596.0,1,
25770,"Hemlock Farms, PA",Micropolitan,2022,1477947.0,1,
25770,"Hemlock Farms, PA",Micropolitan,2023,1535613.0,1,
25770,"Hemlock Farms, PA",Micropolitan,2024,1543258.0,1,
25775,"Henderson, KY",Micropolitan,2019,2515585.0,2,
25775,"Henderson, KY",Micropolitan,2020,2344589.0,2,
25775,"Henderson, KY",Micropolitan,2021,2432768.0,2,
25775,"Henderson, KY",Micropolitan,2022,2437118.0,2,
25775,"Henderson, KY",Micropolitan,2023,2583001.0,2,
25775,"Henderson, KY",Micropolitan,2024,2681571.0,2,
25780,"Henderson, NC",Micropolitan,2019,1227184.0,1,
25780,"Henderson, NC",Micropolitan,2020,1178390.0,1,
25780,"Henderson, NC",Micropolitan,2021,1263515.0,1,
25780,"Henderson, NC",Micropolitan,2022,1249977.0,1,
25780,"Henderson, NC",Micropolitan,2023,1263850.0,1,
25780,"Henderson, NC",Micropolitan,2024,1285767.0,1,
25820,"Hereford, TX",Micropolitan,2019,1437031.0,1,
25820,"Hereford, TX",Micropolitan,2020,1417075.0,1,
25820,"Hereford, TX",Micropolitan,2021,1412979.0,1,
25820,"Hereford, TX",Micropolitan,2022,1369113.0,1,
25820,"Hereford, TX",Micropolitan,2023,1654312.0,1,
25820,"Hereford, TX",Micropolitan,2024,1640858.0,1,
25840,"Hermiston-Pendleton, OR",Micropolitan,2019,4853732.0,2,
25840,"Hermiston-Pendleton, OR",Micropolitan,2020,4766644.0,2,
25840,"Hermiston-Pendleton, OR",Micropolitan,2021,4781334.0,2,
25840,"Hermiston-Pendleton, OR",Micropolitan,2022,4949431.0,2,
25840,"Hermiston-Pendleton, OR",Micropolitan,2023,5270445.0,2,
25840,"Hermiston-Pendleton, OR",Micropolitan,2024,5246963.0,2,
25850,"Hermitage, PA",Micropolitan,2019,4426194.0,1,
25850,"Hermitage, PA",Micropolitan,2020,4088032.0,1,
25850,"Hermitage, PA",Micropolitan,2021,4142692.0,1,
25850,"Hermitage, PA",Micropolitan,2022,4178487.0,1,
25850,"Hermitage, PA",Micropolitan,2023,4257740.0,1,
25850,"Hermitage, PA",Micropolitan,2024,4366035.0,1,
25860,"Hickory-Lenoir-Morganton, NC",Metropolitan,2019,14741064.0,4,
25860,"Hickory-Lenoir-Morganton, NC",Metropolitan,2020,14445453.0,4,
25860,"Hickory-Lenoir-Morganton, NC",Metropolitan,2021,15083718.0,4,
25860,"Hickory-Lenoir-Morganton, NC",Metropolitan,2022,15468467.0,4,
25860,"Hickory-Lenoir-Morganton, NC",Metropolitan,2023,15381233.0,4,
25860,"Hickory-Lenoir-Morganton, NC",Metropolitan,2024,15760740.0,4,
25880,"Hillsdale, MI",Micropolitan,2019,1556663.0,1,
25880,"Hillsdale, MI",Micropolitan,2020,1528118.0,1,
25880,"Hillsdale, MI",Micropolitan,2021,1775249.0,1,
25880,"Hillsdale, MI",Micropolitan,2022,1800752.0,1,
25880,"Hillsdale, MI",Micropolitan,2023,1833272.0,1,
25880,"Hillsdale, MI",Micropolitan,2024,1830169.0,1,
25900,"Hilo-Kailua, HI",Micropolitan,2019,8696291.0,1,
25900,"Hilo-Kailua, HI",Micropolitan,2020,7538775.0,1,
25900,"Hilo-Kailua, HI",Micropolitan,2021,8392194.0,1,
25900,"Hilo-Kailua, HI",Micropolitan,2022,8668568.0,1,
25900,"Hilo-Kailua, HI",Micropolitan,2023,9042689.0,1,
25900,"Hilo-Kailua, HI",Micropolitan,2024,9431618.0,1,
25940,"Hilton Head Island-Bluffton-Port Royal, SC",Metropolitan,2019,9762150.0,2,
25940,"Hilton Head Island-Bluffton-Port Royal, SC",Metropolitan,2020,9974783.0,2,
25940,"Hilton Head Island-Bluffton-Port Royal, SC",Metropolitan,2021,10327384.0,2,
25940,"Hilton Head Island-Bluffton-Port Royal, SC",Metropolitan,2022,11030720.0,2,
25940,"Hilton Head Island-Bluffton-Port Royal, SC",Metropolitan,2023,11241006.0,2,
25940,"Hilton Head Island-Bluffton-Port Royal, SC",Metropolitan,2024,11578843.0,2,
25980,"Hinesville, GA",Metropolitan,2019,3868266.0,2,
25980,"Hinesville, GA",Metropolitan,2020,3783449.0,2,
25980,"Hinesville, GA",Metropolitan,2021,4117149.0,2,
25980,"Hinesville, GA",Metropolitan,2022,4114757.0,2,
25980,"Hinesville, GA",Metropolitan,2023,4162926.0,2,
25980,"Hinesville, GA",Metropolitan,2024,4334507.0,2,
26020,"Hobbs, NM",Micropolitan,2019,6747017.0,1,
26020,"Hobbs, NM",Micropolitan,2020,6363203.0,1,
26020,"Hobbs, NM",Micropolitan,2021,6316748.0,1,
26020,"Hobbs, NM",Micropolitan,2022,6543071.0,1,
26020,"Hobbs, NM",Micropolitan,2023,9594408.0,1,
26020,"Hobbs, NM",Micropolitan,2024,11439564.0,1,
26090,"Holland, MI",Micropolitan,2019,4569627.0,1,
26090,"Holland, MI",Micropolitan,2020,4669256.0,1,
26090,"Holland, MI",Micropolitan,2021,4871904.0,1,
26090,"Holland, MI",Micropolitan,2022,4724378.0,1,
26090,"Holland, MI",Micropolitan,2023,4945532.0,1,
26090,"Holland, MI",Micropolitan,2024,5137459.0,1,
26140,"Homosassa Springs, FL",Metropolitan,2019,4177469.0,1,
26140,"Homosassa Springs, FL",Metropolitan,2020,4228162.0,1,
26140,"Homosassa Springs, FL",Metropolitan,2021,4617393.0,1,
26140,"Homosassa Springs, FL",Metropolitan,2022,4902954.0,1,
26140,"Homosassa Springs, FL",Metropolitan,2023,5327664.0,1,
26140,"Homosassa Springs, FL",Metropolitan,2024,5395130.0,1,
26220,"Hood River, OR",Micropolitan,2019,1245283.0,1,
26220,"Hood River, OR",Micropolitan,2020,1175723.0,1,
26220,"Hood River, OR",Micropolitan,2021,1299238.0,1,
26220,"Hood River, OR",Micropolitan,2022,1255219.0,1,
26220,"Hood River, OR",Micropolitan,2023,1311421.0,1,
26220,"Hood River, OR",Micropolitan,2024,1405739.0,1,
26300,"Hot Springs, AR",Metropolitan,2019,3433130.0,1,
26300,"Hot Springs, AR",Metropolitan,2020,3406917.0,1,
26300,"Hot Springs, AR",Metropolitan,2021,3533918.0,1,
26300,"Hot Springs, AR",Metropolitan,2022,3559755.0,1,
26300,"Hot Springs, AR",Metropolitan,2023,3620209.0,1,
26300,"Hot Springs, AR",Metropolitan,2024,3663311.0,1,
26340,"Houghton, MI",Micropolitan,2019,1175204.0,2,
26340,"Houghton, MI",Micropolitan,2020,1106703.0,2,
26340,"Houghton, MI",Micropolitan,2021,1199299.0,2,
26340,"Houghton, MI",Micropolitan,2022,1230401.0,2,
26340,"Houghton, MI",Micropolitan,2023,1247451.0,2,
26340,"Houghton, MI",Micropolitan,2024,1292689.0,2,
26380,"Houma-Bayou Cane-Thibodaux, LA",Metropolitan,2019,9533270.0,2,
26380,"Houma-Bayou Cane-Thibodaux, LA",Metropolitan,2020,8930698.0,2,
26380,"Houma-Bayou Cane-Thibodaux, LA",Metropolitan,2021,9119939.0,2,
26380,"Houma-Bayou Cane-Thibodaux, LA",Metropolitan,2022,9218899.0,2,
26380,"Houma-Bayou Cane-Thibodaux, LA",Metropolitan,2023,10368556.0,2,
26380,"Houma-Bayou Cane-Thibodaux, LA",Metropolitan,2024,10679005.0,2,
26420,"Houston-Pasadena-The Woodlands, TX",Metropolitan,2019,487279262.0,10,
26420,"Houston-Pasadena-The Woodlands, TX",Metropolitan,2020,481291026.0,10,
26420,"Houston-Pasadena-The Woodlands, TX",Metropolitan,2021,516658199.0,10,
26420,"Houston-Pasadena-The Woodlands, TX",Metropolitan,2022,531329619.0,10,
26420,"Houston-Pasadena-The Woodlands, TX",Metropolitan,2023,564514406.0,10,
26420,"Houston-Pasadena-The Woodlands, TX",Metropolitan,2024,587629819.0,10,
26460,"Hudson, NY",Micropolitan,2019,2482005.0,1,
26460,"Hudson, NY",Micropolitan,2020,2527388.0,1,
26460,"Hudson, NY",Micropolitan,2021,2679308.0,1,
26460,"Hudson, NY",Micropolitan,2022,2649217.0,1,
26460,"Hudson, NY",Micropolitan,2023,2642234.0,1,
26460,"Hudson, NY",Micropolitan,2024,2640476.0,1,
26500,"Huntingdon, PA",Micropolitan,2019,1303483.0,1,
26500,"Huntingdon, PA",Micropolitan,2020,1227184.0,1,
26500,"Huntingdon, PA",Micropolitan,2021,1222464.0,1,
26500,"Huntingdon, PA",Micropolitan,2022,1258764.0,1,
26500,"Huntingdon, PA",Micropolitan,2023,1272324.0,1,
26500,"Huntingdon, PA",Micropolitan,2024,1280935.0,1,
26540,"Huntington, IN",Micropolitan,2019,1432116.0,1,
26540,"Huntington, IN",Micropolitan,2020,1404679.0,1,
26540,"Huntington, IN",Micropolitan,2021,1538556.0,1,
26540,"Huntington, IN",Micropolitan,2022,1579719.0,1,
26540,"Huntington, IN",Micropolitan,2023,1588951.0,1,
26540,"Huntington, IN",Micropolitan,2024,1603300.0,1,
26580,"Huntington-Ashland, WV-KY-OH",Metropolitan,2019,15988156.0,8,
26580,"Huntington-Ashland, WV-KY-OH",Metropolitan,2020,14735001.0,8,
26580,"Huntington-Ashland, WV-KY-OH",Metropolitan,2021,15059579.0,8,
26580,"Huntington-Ashland, WV-KY-OH",Metropolitan,2022,14729607.0,8,
26580,"Huntington-Ashland, WV-KY-OH",Metropolitan,2023,15415019.0,8,
26580,"Huntington-Ashland, WV-KY-OH",Metropolitan,2024,15848597.0,8,
26620,"Huntsville, AL",Metropolitan,2019,30238302.0,2,
26620,"Huntsville, AL",Metropolitan,2020,30785316.0,2,
26620,"Huntsville, AL",Metropolitan,2021,32596234.0,2,
26620,"Huntsville, AL",Metropolitan,2022,34352277.0,2,
26620,"Huntsville, AL",Metropolitan,2023,36442141.0,2,
26620,"Huntsville, AL",Metropolitan,2024,37734473.0,2,
26660,"Huntsville, TX",Micropolitan,2019,2240575.0,1,
26660,"Huntsville, TX",Micropolitan,2020,2175525.0,1,
26660,"Huntsville, TX",Micropolitan,2021,2161134.0,1,
26660,"Huntsville, TX",Micropolitan,2022,2297435.0,1,
26660,"Huntsville, TX",Micropolitan,2023,2345307.0,1,
26660,"Huntsville, TX",Micropolitan,2024,2436259.0,1,
26700,"Huron, SD",Micropolitan,2019,901698.0,1,
26700,"Huron, SD",Micropolitan,2020,880867.0,1,
26700,"Huron, SD",Micropolitan,2021,891192.0,1,
26700,"Huron, SD",Micropolitan,2022,891288.0,1,
26700,"Huron, SD",Micropolitan,2023,975205.0,1,
26700,"Huron, SD",Micropolitan,2024,937951.0,1,
26740,"Hutchinson, KS",Micropolitan,2019,2569843.0,1,
26740,"Hutchinson, KS",Micropolitan,2020,2544478.0,1,
26740,"Hutchinson, KS",Micropolitan,2021,2593136.0,1,
26740,"Hutchinson, KS",Micropolitan,2022,2543232.0,1,
26740,"Hutchinson, KS",Micropolitan,2023,2627019.0,1,
26740,"Hutchinson, KS",Micropolitan,2024,2638151.0,1,
26780,"Hutchinson, MN",Micropolitan,2019,1824803.0,1,
26780,"Hutchinson, MN",Micropolitan,2020,1719854.0,1,
26780,"Hutchinson, MN",Micropolitan,2021,1799878.0,1,
26780,"Hutchinson, MN",Micropolitan,2022,1806568.0,1,
26780,"Hutchinson, MN",Micropolitan,2023,1794884.0,1,
26780,"Hutchinson, MN",Micropolitan,2024,1833712.0,1,
26820,"Idaho Falls, ID",Metropolitan,2019,8943514.0,3,
26820,"Idaho Falls, ID",Metropolitan,2020,9065459.0,3,
26820,"Idaho Falls, ID",Metropolitan,2021,9292384.0,3,
26820,"Idaho Falls, ID",Metropolitan,2022,9185463.0,3,
26820,"Idaho Falls, ID",Metropolitan,2023,9212887.0,3,
26820,"Idaho Falls, ID",Metropolitan,2024,9527559.0,3,
26860,"Indiana, PA",Micropolitan,2019,4147326.0,1,
26860,"Indiana, PA",Micropolitan,2020,3659314.0,1,
26860,"Indiana, PA",Micropolitan,2021,3603988.0,1,
26860,"Indiana, PA",Micropolitan,2022,3465477.0,1,
26860,"Indiana, PA",Micropolitan,2023,3296108.0,1,
26860,"Indiana, PA",Micropolitan,2024,3261115.0,1,
26900,"Indianapolis-Carmel-Greenwood, IN",Metropolitan,2019,143308454.0,11,
26900,"Indianapolis-Carmel-Greenwood, IN",Metropolitan,2020,141696535.0,11,
26900,"Indianapolis-Carmel-Greenwood, IN",Metropolitan,2021,151423112.0,11,
26900,"Indianapolis-Carmel-Greenwood, IN",Metropolitan,2022,155899279.0,11,
26900,"Indianapolis-Carmel-Greenwood, IN",Metropolitan,2023,160074390.0,11,
26900,"Indianapolis-Carmel-Greenwood, IN",Metropolitan,2024,165738606.0,11,
26980,"Iowa City, IA",Metropolitan,2019,10820048.0,2,
26980,"Iowa City, IA",Metropolitan,2020,10396903.0,2,
26980,"Iowa City, IA",Metropolitan,2021,10940303.0,2,
26980,"Iowa City, IA",Metropolitan,2022,10964578.0,2,
26980,"Iowa City, IA",Metropolitan,2023,10980554.0,2,
26980,"Iowa City, IA",Metropolitan,2024,11300146.0,2,
27020,"Iron Mountain, MI-WI",Micropolitan,2019,1477707.0,2,
27020,"Iron Mountain, MI-WI",Micropolitan,2020,1401547.0,2,
27020,"Iron Mountain, MI-WI",Micropolitan,2021,1533554.0,2,
27020,"Iron Mountain, MI-WI",Micropolitan,2022,1445597.0,2,
27020,"Iron Mountain, MI-WI",Micropolitan,2023,1452939.0,2,
27020,"Iron Mountain, MI-WI",Micropolitan,2024,1451792.0,2,
27060,"Ithaca, NY",Metropolitan,2019,6263722.0,1,
27060,"Ithaca, NY",Metropolitan,2020,5812300.0,1,
27060,"Ithaca, NY",Metropolitan,2021,6050970.0,1,
27060,"Ithaca, NY",Metropolitan,2022,6163642.0,1,
27060,"Ithaca, NY",Metropolitan,2023,6240262.0,1,
27060,"Ithaca, NY",Metropolitan,2024,6427486.0,1,
27100,"Jackson, MI",Metropolitan,2019,6597819.0,1,
27100,"Jackson, MI",Metropolitan,2020,6395900.0,1,
27100,"Jackson, MI",Metropolitan,2021,6732387.0,1,
27100,"Jackson, MI",Metropolitan,2022,6769352.0,1,
27100,"Jackson, MI",Metropolitan,2023,6965034.0,1,
27100,"Jackson, MI",Metropolitan,2024,7100376.0,1,
27140,"Jackson, MS",Metropolitan,2019,28749972.0,8,
27140,"Jackson, MS",Metropolitan,2020,28438131.0,8,
27140,"Jackson, MS",Metropolitan,2021,29970939.0,8,
27140,"Jackson, MS",Metropolitan,2022,30315890.0,8,
27140,"Jackson, MS",Metropolitan,2023,30966437.0,8,
27140,"Jackson, MS",Metropolitan,2024,31837250.0,8,
27180,"Jackson, TN",Metropolitan,2019,8393850.0,4,
27180,"Jackson, TN",Metropolitan,2020,8327666.0,4,
27180,"Jackson, TN",Metropolitan,2021,8924651.0,4,
27180,"Jackson, TN",Metropolitan,2022,8767355.0,4,
27180,"Jackson, TN",Metropolitan,2023,9021961.0,4,
27180,"Jackson, TN",Metropolitan,2024,9174558.0,4,
27220,"Jackson, WY-ID",Micropolitan,2019,2986237.0,2,
27220,"Jackson, WY-ID",Micropolitan,2020,3088644.0,2,
27220,"Jackson, WY-ID",Micropolitan,2021,3990467.0,2,
27220,"Jackson, WY-ID",Micropolitan,2022,3967871.0,2,
27220,"Jackson, WY-ID",Micropolitan,2023,4138688.0,2,
27220,"Jackson, WY-ID",Micropolitan,2024,4242534.0,2,
27260,"Jacksonville, FL",Metropolitan,2019,86527442.0,5,
27260,"Jacksonville, FL",Metropolitan,2020,88029342.0,5,
27260,"Jacksonville, FL",Metropolitan,2021,94752901.0,5,
27260,"Jacksonville, FL",Metropolitan,2022,100863564.0,5,
27260,"Jacksonville, FL",Metropolitan,2023,105893116.0,5,
27260,"Jacksonville, FL",Metropolitan,2024,109629390.0,5,
27300,"Jacksonville, IL",Micropolitan,2019,1695024.0,2,
27300,"Jacksonville, IL",Micropolitan,2020,1637884.0,2,
27300,"Jacksonville, IL",Micropolitan,2021,1678393.0,2,
27300,"Jacksonville, IL",Micropolitan,2022,1660639.0,2,
27300,"Jacksonville, IL",Micropolitan,2023,1659363.0,2,
27300,"Jacksonville, IL",Micropolitan,2024,1665430.0,2,
27340,"Jacksonville, NC",Metropolitan,2019,8545858.0,1,
27340,"Jacksonville, NC",Metropolitan,2020,8684626.0,1,
27340,"Jacksonville, NC",Metropolitan,2021,9150023.0,1,
27340,"Jacksonville, NC",Metropolitan,2022,9282577.0,1,
27340,"Jacksonville, NC",Metropolitan,2023,9404356.0,1,
27340,"Jacksonville, NC",Metropolitan,2024,9687003.0,1,
27380,"Jacksonville, TX",Micropolitan,2019,1327127.0,1,
27380,"Jacksonville, TX",Micropolitan,2020,1371276.0,1,
27380,"Jacksonville, TX",Micropolitan,2021,1367429.0,1,
27380,"Jacksonville, TX",Micropolitan,2022,1375843.0,1,
27380,"Jacksonville, TX",Micropolitan,2023,1533447.0,1,
27380,"Jacksonville, TX",Micropolitan,2024,1606405.0,1,
27420,"Jamestown, ND",Micropolitan,2019,1256404.0,1,
27420,"Jamestown, ND",Micropolitan,2020,1218758.0,1,
27420,"Jamestown, ND",Micropolitan,2021,1261303.0,1,
27420,"Jamestown, ND",Micropolitan,2022,1359394.0,1,
27420,"Jamestown, ND",Micropolitan,2023,1500872.0,1,
27420,"Jamestown, ND",Micropolitan,2024,1469482.0,1,
27460,"Jamestown-Dunkirk, NY",Micropolitan,2019,4802381.0,1,
27460,"Jamestown-Dunkirk, NY",Micropolitan,2020,4443060.0,1,
27460,"Jamestown-Dunkirk, NY",Micropolitan,2021,4593507.0,1,
27460,"Jamestown-Dunkirk, NY",Micropolitan,2022,4707912.0,1,
27460,"Jamestown-Dunkirk, NY",Micropolitan,2023,4635834.0,1,
27460,"Jamestown-Dunkirk, NY",Micropolitan,2024,4849681.0,1,
27500,"Janesville-Beloit, WI",Metropolitan,2019,7495534.0,1,
27500,"Janesville-Beloit, WI",Metropolitan,2020,7469521.0,1,
27500,"Janesville-Beloit, WI",Metropolitan,2021,7693457.0,1,
27500,"Janesville-Beloit, WI",Metropolitan,2022,7996474.0,1,
27500,"Janesville-Beloit, WI",Metropolitan,2023,8303542.0,1,
27500,"Janesville-Beloit, WI",Metropolitan,2024,8437452.0,1,
27540,"Jasper, IN",Micropolitan,2019,2741829.0,1,
27540,"Jasper, IN",Micropolitan,2020,2639770.0,1,
27540,"Jasper, IN",Micropolitan,2021,2737687.0,1,
27540,"Jasper, IN",Micropolitan,2022,2849947.0,1,
27540,"Jasper, IN",Micropolitan,2023,2780959.0,1,
27540,"Jasper, IN",Micropolitan,2024,2933125.0,1,
27600,"Jefferson, GA",Micropolitan,2019,3323357.0,1,
27600,"Jefferson, GA",Micropolitan,2020,3613599.0,1,
27600,"Jefferson, GA",Micropolitan,2021,4025031.0,1,
27600,"Jefferson, GA",Micropolitan,2022,4729732.0,1,
27600,"Jefferson, GA",Micropolitan,2023,4702921.0,1,
27600,"Jefferson, GA",Micropolitan,2024,4775506.0,1,
27620,"Jefferson City, MO",Metropolitan,2019,8090294.0,4,
27620,"Jefferson City, MO",Metropolitan,2020,7900077.0,4,
27620,"Jefferson City, MO",Metropolitan,2021,7765292.0,4,
27620,"Jefferson City, MO",Metropolitan,2022,8095828.0,4,
27620,"Jefferson City, MO",Metropolitan,2023,8398487.0,4,
27620,"Jefferson City, MO",Metropolitan,2024,8882169.0,4,
27700,"Jesup, GA",Micropolitan,2019,1228898.0,1,
27700,"Jesup, GA",Micropolitan,2020,1093284.0,1,
27700,"Jesup, GA",Micropolitan,2021,1111752.0,1,
27700,"Jesup, GA",Micropolitan,2022,1080498.0,1,
27700,"Jesup, GA",Micropolitan,2023,1135376.0,1,
27700,"Jesup, GA",Micropolitan,2024,1255904.0,1,
27740,"Johnson City, TN",Metropolitan,2019,7641039.0,3,
27740,"Johnson City, TN",Metropolitan,2020,7665957.0,3,
27740,"Johnson City, TN",Metropolitan,2021,8303589.0,3,
27740,"Johnson City, TN",Metropolitan,2022,8295519.0,3,
27740,"Johnson City, TN",Metropolitan,2023,8779239.0,3,
27740,"Johnson City, TN",Metropolitan,2024,9009802.0,3,
27780,"Johnstown, PA",Metropolitan,2019,4672897.0,1,
27780,"Johnstown, PA",Metropolitan,2020,4639605.0,1,
27780,"Johnstown, PA",Metropolitan,2021,4614652.0,1,
27780,"Johnstown, PA",Metropolitan,2022,4697846.0,1,
27780,"Johnstown, PA",Metropolitan,2023,4814671.0,1,
27780,"Johnstown, PA",Metropolitan,2024,4885225.0,1,
27860,"Jonesboro, AR",Metropolitan,2019,5400723.0,2,
27860,"Jonesboro, AR",Metropolitan,2020,5460063.0,2,
27860,"Jonesboro, AR",Metropolitan,2021,5959342.0,2,
27860,"Jonesboro, AR",Metropolitan,2022,6024323.0,2,
27860,"Jonesboro, AR",Metropolitan,2023,6061373.0,2,
27860,"Jonesboro, AR",Metropolitan,2024,6230511.0,2,
27900,"Joplin, MO-KS",Metropolitan,2019,8338498.0,3,
27900,"Joplin, MO-KS",Metropolitan,2020,8134506.0,3,
27900,"Joplin, MO-KS",Metropolitan,2021,8474970.0,3,
27900,"Joplin, MO-KS",Metropolitan,2022,8544661.0,3,
27900,"Joplin, MO-KS",Metropolitan,2023,8616930.0,3,
27900,"Joplin, MO-KS",Metropolitan,2024,8922859.0,3,
27940,"Juneau, AK",Micropolitan,2019,2414435.0,1,
27940,"Juneau, AK",Micropolitan,2020,2289316.0,1,
27940,"Juneau, AK",Micropolitan,2021,2414392.0,1,
27940,"Juneau, AK",Micropolitan,2022,2406835.0,1,
27940,"Juneau, AK",Micropolitan,2023,2419640.0,1,
27940,"Juneau, AK",Micropolitan,2024,2406431.0,1,
27980,"Kahului-Wailuku, HI",Metropolitan,2019,10365301.0,1,
27980,"Kahului-Wailuku, HI",Metropolitan,2020,8513903.0,1,
27980,"Kahului-Wailuku, HI",Metropolitan,2021,9457568.0,1,
27980,"Kahului-Wailuku, HI",Metropolitan,2022,9867206.0,1,
27980,"Kahului-Wailuku, HI",Metropolitan,2023,9805235.0,1,
27980,"Kahului-Wailuku, HI",Metropolitan,2024,9855200.0,1,
28020,"Kalamazoo-Portage, MI",Metropolitan,2019,14978275.0,1,
28020,"Kalamazoo-Portage, MI",Metropolitan,2020,15051469.0,1,
28020,"Kalamazoo-Portage, MI",Metropolitan,2021,15837093.0,1,
28020,"Kalamazoo-Portage, MI",Metropolitan,2022,16190375.0,1,
28020,"Kalamazoo-Portage, MI",Metropolitan,2023,16151739.0,1,
28020,"Kalamazoo-Portage, MI",Metropolitan,2024,16537412.0,1,
28060,"Kalispell, MT",Micropolitan,2019,4311208.0,1,
28060,"Kalispell, MT",Micropolitan,2020,4383789.0,1,
28060,"Kalispell, MT",Micropolitan,2021,4899920.0,1,
28060,"Kalispell, MT",Micropolitan,2022,5107399.0,1,
28060,"Kalispell, MT",Micropolitan,2023,5265477.0,1,
28060,"Kalispell, MT",Micropolitan,2024,5512091.0,1,
28100,"Kankakee, IL",Metropolitan,2019,6272833.0,1,
28100,"Kankakee, IL",Metropolitan,2020,6194283.0,1,
28100,"Kankakee, IL",Metropolitan,2021,6655305.0,1,
28100,"Kankakee, IL",Metropolitan,2022,6529467.0,1,
28100,"Kankakee, IL",Metropolitan,2023,6537056.0,1,
28100,"Kankakee, IL",Metropolitan,2024,6807457.0,1,
28140,"Kansas City, MO-KS",Metropolitan,2019,139467040.0,14,
28140,"Kansas City, MO-KS",Metropolitan,2020,136433318.0,14,
28140,"Kansas City, MO-KS",Metropolitan,2021,140983248.0,14,
28140,"Kansas City, MO-KS",Metropolitan,2022,148481195.0,14,
28140,"Kansas City, MO-KS",Metropolitan,2023,148409378.0,14,
28140,"Kansas City, MO-KS",Metropolitan,2024,150149672.0,14,
28180,"Kapaa, HI",Micropolitan,2019,4155855.0,1,
28180,"Kapaa, HI",Micropolitan,2020,3639347.0,1,
28180,"Kapaa, HI",Micropolitan,2021,3781872.0,1,
28180,"Kapaa, HI",Micropolitan,2022,4078528.0,1,
28180,"Kapaa, HI",Micropolitan,2023,4189437.0,1,
28180,"Kapaa, HI",Micropolitan,2024,4271283.0,1,
28260,"Kearney, NE",Micropolitan,2019,3478550.0,2,
28260,"Kearney, NE",Micropolitan,2020,3411087.0,2,
28260,"Kearney, NE",Micropolitan,2021,3908595.0,2,
28260,"Kearney, NE",Micropolitan,2022,3937471.0,2,
28260,"Kearney, NE",Micropolitan,2023,4035730.0,2,
28260,"Kearney, NE",Micropolitan,2024,4049554.0,2,
28300,"Keene, NH",Micropolitan,2019,3919873.0,1,
28300,"Keene, NH",Micropolitan,2020,3865880.0,1,
28300,"Keene, NH",Micropolitan,2021,4118019.0,1,
28300,"Keene, NH",Micropolitan,2022,4034218.0,1,
28300,"Keene, NH",Micropolitan,2023,3988168.0,1,
28300,"Keene, NH",Micropolitan,2024,4056687.0,1,
28340,"Kendallville, IN",Micropolitan,2019,1961189.0,1,
28340,"Kendallville, IN",Micropolitan,2020,1863853.0,1,
28340,"Kendallville, IN",Micropolitan,2021,2046107.0,1,
28340,"Kendallville, IN",Micropolitan,2022,2051383.0,1,
28340,"Kendallville, IN",Micropolitan,2023,2032676.0,1,
28340,"Kendallville, IN",Micropolitan,2024,2033247.0,1,
28380,"Kennett, MO",Micropolitan,2019,718564.0,1,
28380,"Kennett, MO",Micropolitan,2020,664245.0,1,
28380,"Kennett, MO",Micropolitan,2021,749626.0,1,
28380,"Kennett, MO",Micropolitan,2022,745023.0,1,
28380,"Kennett, MO",Micropolitan,2023,784462.0,1,
28380,"Kennett, MO",Micropolitan,2024,877732.0,1,
28420,"Kennewick-Richland, WA",Metropolitan,2019,15807428.0,2,
28420,"Kennewick-Richland, WA",Metropolitan,2020,15472236.0,2,
28420,"Kennewick-Richland, WA",Metropolitan,2021,16368546.0,2,
28420,"Kennewick-Richland, WA",Metropolitan,2022,16454431.0,2,
28420,"Kennewick-Richland, WA",Metropolitan,2023,16697722.0,2,
28420,"Kennewick-Richland, WA",Metropolitan,2024,17483552.0,2,
28450,"Kenosha, WI",Metropolitan,2019,7191606.0,1,
28450,"Kenosha, WI",Metropolitan,2020,7268029.0,1,
28450,"Kenosha, WI",Metropolitan,2021,7639418.0,1,
28450,"Kenosha, WI",Metropolitan,2022,7697824.0,1,
28450,"Kenosha, WI",Metropolitan,2023,7790396.0,1,
28450,"Kenosha, WI",Metropolitan,2024,7957347.0,1,
28500,"Kerrville, TX",Micropolitan,2019,2156656.0,1,
28500,"Kerrville, TX",Micropolitan,2020,2115761.0,1,
28500,"Kerrville, TX",Micropolitan,2021,2248868.0,1,
28500,"Kerrville, TX",Micropolitan,2022,2371562.0,1,
28500,"Kerrville, TX",Micropolitan,2023,2408512.0,1,
28500,"Kerrville, TX",Micropolitan,2024,2493483.0,1,
28540,"Ketchikan, AK",Micropolitan,2019,953077.0,1,
28540,"Ketchikan, AK",Micropolitan,2020,815410.0,1,
28540,"Ketchikan, AK",Micropolitan,2021,851798.0,1,
28540,"Ketchikan, AK",Micropolitan,2022,872480.0,1,
28540,"Ketchikan, AK",Micropolitan,2023,936598.0,1,
28540,"Ketchikan, AK",Micropolitan,2024,961119.0,1,
28580,"Key West-Key Largo, FL",Micropolitan,2019,5246407.0,1,
28580,"Key West-Key Largo, FL",Micropolitan,2020,4986532.0,1,
28580,"Key West-Key Largo, FL",Micropolitan,2021,5594894.0,1,
28580,"Key West-Key Largo, FL",Micropolitan,2022,5879934.0,1,
28580,"Key West-Key Largo, FL",Micropolitan,2023,6193265.0,1,
28580,"Key West-Key Largo, FL",Micropolitan,2024,6402345.0,1,
28620,"Kill Devil Hills, NC",Micropolitan,2019,2362951.0,1,
28620,"Kill Devil Hills, NC",Micropolitan,2020,2138606.0,1,
28620,"Kill Devil Hills, NC",Micropolitan,2021,2435038.0,1,
28620,"Kill Devil Hills, NC",Micropolitan,2022,2406077.0,1,
28620,"Kill Devil Hills, NC",Micropolitan,2023,2372106.0,1,
28620,"Kill Devil Hills, NC",Micropolitan,2024,2364034.0,1,
28660,"Killeen-Temple, TX",Metropolitan,2019,18944863.0,3,
28660,"Killeen-Temple, TX",Metropolitan,2020,19279770.0,3,
28660,"Killeen-Temple, TX",Metropolitan,2021,20171476.0,3,
28660,"Killeen-Temple, TX",Metropolitan,2022,20691119.0,3,
28660,"Killeen-Temple, TX",Metropolitan,2023,21761922.0,3,
28660,"Killeen-Temple, TX",Metropolitan,2024,22694512.0,3,
28680,"Kingsland, GA",Micropolitan,2019,1871163.0,1,
28680,"Kingsland, GA",Micropolitan,2020,1866144.0,1,
28680,"Kingsland, GA",Micropolitan,2021,1919337.0,1,
28680,"Kingsland, GA",Micropolitan,2022,1955499.0,1,
28680,"Kingsland, GA",Micropolitan,2023,2043753.0,1,
28680,"Kingsland, GA",Micropolitan,2024,2144752.0,1,
28700,"Kingsport-Bristol, TN-VA",Metropolitan,2019,13294104.0,4,
28700,"Kingsport-Bristol, TN-VA",Metropolitan,2020,13399004.0,4,
28700,"Kingsport-Bristol, TN-VA",Metropolitan,2021,14287796.0,4,
28700,"Kingsport-Bristol, TN-VA",Metropolitan,2022,14641033.0,4,
28700,"Kingsport-Bristol, TN-VA",Metropolitan,2023,14699052.0,4,
28700,"Kingsport-Bristol, TN-VA",Metropolitan,2024,15412272.0,4,
28740,"Kingston, NY",Metropolitan,2019,7590366.0,1,
28740,"Kingston, NY",Metropolitan,2020,7304982.0,1,
28740,"Kingston, NY",Metropolitan,2021,7575067.0,1,
28740,"Kingston, NY",Metropolitan,2022,7814064.0,1,
28740,"Kingston, NY",Metropolitan,2023,7782075.0,1,
28740,"Kingston, NY",Metropolitan,2024,8098702.0,1,
28780,"Kingsville, TX",Micropolitan,2019,1108383.0,1,
28780,"Kingsville, TX",Micropolitan,2020,1055559.0,1,
28780,"Kingsville, TX",Micropolitan,2021,1110181.0,1,
28780,"Kingsville, TX",Micropolitan,2022,1110868.0,1,
28780,"Kingsville, TX",Micropolitan,2023,1206086.0,1,
28780,"Kingsville, TX",Micropolitan,2024,1247255.0,1,
28820,"Kinston, NC",Micropolitan,2019,2779918.0,1,
28820,"Kinston, NC",Micropolitan,2020,2600208.0,1,
28820,"Kinston, NC",Micropolitan,2021,2745250.0,1,
28820,"Kinston, NC",Micropolitan,2022,2840514.0,1,
28820,"Kinston, NC",Micropolitan,2023,2774846.0,1,
28820,"Kinston, NC",Micropolitan,2024,2831565.0,1,
28860,"Kirksville, MO",Micropolitan,2019,890661.0,2,
28860,"Kirksville, MO",Micropolitan,2020,874281.0,2,
28860,"Kirksville, MO",Micropolitan,2021,918956.0,2,
28860,"Kirksville, MO",Micropolitan,2022,935953.0,2,
28860,"Kirksville, MO",Micropolitan,2023,1007922.0,2,
28860,"Kirksville, MO",Micropolitan,2024,1007144.0,2,
28880,"Kiryas Joel-Poughkeepsie-Newburgh, NY",Metropolitan,2019,34004300.0,2,
28880,"Kiryas Joel-Poughkeepsie-Newburgh, NY",Metropolitan,2020,33500616.0,2,
28880,"Kiryas Joel-Poughkeepsie-Newburgh, NY",Metropolitan,2021,35070773.0,2,
28880,"Kiryas Joel-Poughkeepsie-Newburgh, NY",Metropolitan,2022,35646440.0,2,
28880,"Kiryas Joel-Poughkeepsie-Newburgh, NY",Metropolitan,2023,36189023.0,2,
28880,"Kiryas Joel-Poughkeepsie-Newburgh, NY",Metropolitan,2024,37451293.0,2,
28900,"Klamath Falls, OR",Micropolitan,2019,2394334.0,1,
28900,"Klamath Falls, OR",Micropolitan,2020,2371639.0,1,
28900,"Klamath Falls, OR",Micropolitan,2021,2493499.0,1,
28900,"Klamath Falls, OR",Micropolitan,2022,2441816.0,1,
28900,"Klamath Falls, OR",Micropolitan,2023,2591256.0,1,
28900,"Klamath Falls, OR",Micropolitan,2024,2753034.0,1,
28940,"Knoxville, TN",Metropolitan,2019,45405914.0,9,
28940,"Knoxville, TN",Metropolitan,2020,45705565.0,9,
28940,"Knoxville, TN",Metropolitan,2021,49872251.0,9,
28940,"Knoxville, TN",Metropolitan,2022,51981625.0,9,
28940,"Knoxville, TN",Metropolitan,2023,53900024.0,9,
28940,"Knoxville, TN",Metropolitan,2024,55571228.0,9,
29020,"Kokomo, IN",Metropolitan,2019,4391125.0,1,
29020,"Kokomo, IN",Metropolitan,2020,4153154.0,1,
29020,"Kokomo, IN",Metropolitan,2021,4658586.0,1,
29020,"Kokomo, IN",Metropolitan,2022,4794133.0,1,
29020,"Kokomo, IN",Metropolitan,2023,4985279.0,1,
29020,"Kokomo, IN",Metropolitan,2024,4917232.0,1,
29060,"Laconia, NH",Micropolitan,2019,2891363.0,1,
29060,"Laconia, NH",Micropolitan,2020,2897524.0,1,
29060,"Laconia, NH",Micropolitan,2021,3031428.0,1,
29060,"Laconia, NH",Micropolitan,2022,2997754.0,1,
29060,"Laconia, NH",Micropolitan,2023,3171197.0,1,
29060,"Laconia, NH",Micropolitan,2024,3313957.0,1,
29100,"La Crosse-Onalaska, WI-MN",Metropolitan,2019,9305168.0,3,
29100,"La Crosse-Onalaska, WI-MN",Metropolitan,2020,9029405.0,3,
29100,"La Crosse-Onalaska, WI-MN",Metropolitan,2021,9297807.0,3,
29100,"La Crosse-Onalaska, WI-MN",Metropolitan,2022,9195981.0,3,
29100,"La Crosse-Onalaska, WI-MN",Metropolitan,2023,9342616.0,3,
29100,"La Crosse-Onalaska, WI-MN",Metropolitan,2024,9486471.0,3,
29180,"Lafayette, LA",Metropolitan,2019,18724267.0,4,
29180,"Lafayette, LA",Metropolitan,2020,17915638.0,4,
29180,"Lafayette, LA",Metropolitan,2021,19016064.0,4,
29180,"Lafayette, LA",Metropolitan,2022,19123084.0,4,
29180,"Lafayette, LA",Metropolitan,2023,20009956.0,4,
29180,"Lafayette, LA",Metropolitan,2024,20625955.0,4,
29200,"Lafayette-West Lafayette, IN",Metropolitan,2019,11794916.0,4,
29200,"Lafayette-West Lafayette, IN",Metropolitan,2020,11127936.0,4,
29200,"Lafayette-West Lafayette, IN",Metropolitan,2021,11501542.0,4,
29200,"Lafayette-West Lafayette, IN",Metropolitan,2022,11968214.0,4,
29200,"Lafayette-West Lafayette, IN",Metropolitan,2023,12375235.0,4,
29200,"Lafayette-West Lafayette, IN",Metropolitan,2024,12628938.0,4,
29260,"La Grande, OR",Micropolitan,2019,978973.0,1,
29260,"La Grande, OR",Micropolitan,2020,968742.0,1,
29260,"La Grande, OR",Micropolitan,2021,1014317.0,1,
29260,"La Grande, OR",Micropolitan,2022,1021799.0,1,
29260,"La Grande, OR",Micropolitan,2023,1061864.0,1,
29260,"La Grande, OR",Micropolitan,2024,1057169.0,1,
29300,"LaGrange, GA-AL",Micropolitan,2019,4554965.0,2,
29300,"LaGrange, GA-AL",Micropolitan,2020,4358791.0,2,
29300,"LaGrange, GA-AL",Micropolitan,2021,4598233.0,2,
29300,"LaGrange, GA-AL",Micropolitan,2022,4786481.0,2,
29300,"LaGrange, GA-AL",Micropolitan,2023,4970186.0,2,
29300,"LaGrange, GA-AL",Micropolitan,2024,5193172.0,2,
29340,"Lake Charles, LA",Metropolitan,2019,17788445.0,3,
29340,"Lake Charles, LA",Metropolitan,2020,13804074.0,3,
29340,"Lake Charles, LA",Metropolitan,2021,16236038.0,3,
29340,"Lake Charles, LA",Metropolitan,2022,15029831.0,3,
29340,"Lake Charles, LA",Metropolitan,2023,15220643.0,3,
29340,"Lake Charles, LA",Metropolitan,2024,15619804.0,3,
29380,"Lake City, FL",Micropolitan,2019,2305577.0,1,
29380,"Lake City, FL",Micropolitan,2020,2369096.0,1,
29380,"Lake City, FL",Micropolitan,2021,2370520.0,1,
29380,"Lake City, FL",Micropolitan,2022,2454901.0,1,
29380,"Lake City, FL",Micropolitan,2023,2614106.0,1,
29380,"Lake City, FL",Micropolitan,2024,2699486.0,1,
29420,"Lake Havasu City-Kingman, AZ",Metropolitan,2019,5596478.0,1,
29420,"Lake Havasu City-Kingman, AZ",Metropolitan,2020,5881927.0,1,
29420,"Lake Havasu City-Kingman, AZ",Metropolitan,2021,6451864.0,1,
29420,"Lake Havasu City-Kingman, AZ",Metropolitan,2022,6676731.0,1,
29420,"Lake Havasu City-Kingman, AZ",Metropolitan,2023,6701537.0,1,
29420,"Lake Havasu City-Kingman, AZ",Metropolitan,2024,7229383.0,1,
29460,"Lakeland-Winter Haven, FL",Metropolitan,2019,27501601.0,1,
29460,"Lakeland-Winter Haven, FL",Metropolitan,2020,28244502.0,1,
29460,"Lakeland-Winter Haven, FL",Metropolitan,2021,30200903.0,1,
29460,"Lakeland-Winter Haven, FL",Metropolitan,2022,31529236.0,1,
29460,"Lakeland-Winter Haven, FL",Metropolitan,2023,32621232.0,1,
29460,"Lakeland-Winter Haven, FL",Metropolitan,2024,33850469.0,1,
29470,"Lake of the Woods, VA",Micropolitan,2019,1171177.0,1,
29470,"Lake of the Woods, VA",Micropolitan,2020,1128721.0,1,
29470,"Lake of the Woods, VA",Micropolitan,2021,1131679.0,1,
29470,"Lake of the Woods, VA",Micropolitan,2022,1096041.0,1,
29470,"Lake of the Woods, VA",Micropolitan,2023,1183691.0,1,
29470,"Lake of the Woods, VA",Micropolitan,2024,1218502.0,1,
29540,"Lancaster, PA",Metropolitan,2019,29560641.0,1,
29540,"Lancaster, PA",Metropolitan,2020,28382626.0,1,
29540,"Lancaster, PA",Metropolitan,2021,29680240.0,1,
29540,"Lancaster, PA",Metropolitan,2022,30299949.0,1,
29540,"Lancaster, PA",Metropolitan,2023,29888271.0,1,
29540,"Lancaster, PA",Metropolitan,2024,30749241.0,1,
29620,"Lansing-East Lansing, MI",Metropolitan,2019,24805112.0,3,
29620,"Lansing-East Lansing, MI",Metropolitan,2020,24532205.0,3,
29620,"Lansing-East Lansing, MI",Metropolitan,2021,25583760.0,3,
29620,"Lansing-East Lansing, MI",Metropolitan,2022,26808523.0,3,
29620,"Lansing-East Lansing, MI",Metropolitan,2023,27097431.0,3,
29620,"Lansing-East Lansing, MI",Metropolitan,2024,27386176.0,3,
29660,"Laramie, WY",Micropolitan,2019,1508096.0,1,
29660,"Laramie, WY",Micropolitan,2020,1536703.0,1,
29660,"Laramie, WY",Micropolitan,2021,1560405.0,1,
29660,"Laramie, WY",Micropolitan,2022,1607145.0,1,
29660,"Laramie, WY",Micropolitan,2023,1810891.0,1,
29660,"Laramie, WY",Micropolitan,2024,1848358.0,1,
29700,"Laredo, TX",Metropolitan,2019,11332349.0,1,
29700,"Laredo, TX",Metropolitan,2020,11023761.0,1,
29700,"Laredo, TX",Metropolitan,2021,11501486.0,1,
29700,"Laredo, TX",Metropolitan,2022,11979050.0,1,
29700,"Laredo, TX",Metropolitan,2023,13156393.0,1,
29700,"Laredo, TX",Metropolitan,2024,13161195.0,1,
29740,"Las Cruces, NM",Metropolitan,2019,7736864.0,1,
29740,"Las Cruces, NM",Metropolitan,2020,7489115.0,1,
29740,"Las Cruces, NM",Metropolitan,2021,8023171.0,1,
29740,"Las Cruces, NM",Metropolitan,2022,8190741.0,1,
29740,"Las Cruces, NM",Metropolitan,2023,8681273.0,1,
29740,"Las Cruces, NM",Metropolitan,2024,8900673.0,1,
29780,"Las Vegas, NM",Micropolitan,2019,786451.0,2,
29780,"Las Vegas, NM",Micropolitan,2020,730015.0,2,
29780,"Las Vegas, NM",Micropolitan,2021,767422.0,2,
29780,"Las Vegas, NM",Micropolitan,2022,760869.0,2,
29780,"Las Vegas, NM",Micropolitan,2023,860614.0,2,
29780,"Las Vegas, NM",Micropolitan,2024,909952.0,2,
29820,"Las Vegas-Henderson-North Las Vegas, NV",Metropolitan,2019,128195333.0,1,
29820,"Las Vegas-Henderson-North Las Vegas, NV",Metropolitan,2020,117227827.0,1,
29820,"Las Vegas-Henderson-North Las Vegas, NV",Metropolitan,2021,130270354.0,1,
29820,"Las Vegas-Henderson-North Las Vegas, NV",Metropolitan,2022,141930944.0,1,
29820,"Las Vegas-Henderson-North Las Vegas, NV",Metropolitan,2023,147606306.0,1,
29820,"Las Vegas-Henderson-North Las Vegas, NV",Metropolitan,2024,152128224.0,1,
29860,"Laurel, MS",Micropolitan,2019,3079468.0,2,
29860,"Laurel, MS",Micropolitan,2020,2921541.0,2,
29860,"Laurel, MS",Micropolitan,2021,3013634.0,2,
29860,"Laurel, MS",Micropolitan,2022,3214782.0,2,
29860,"Laurel, MS",Micropolitan,2023,3196296.0,2,
29860,"Laurel, MS",Micropolitan,2024,3344770.0,2,
29900,"Laurinburg, NC",Micropolitan,2019,1169780.0,1,
29900,"Laurinburg, NC",Micropolitan,2020,1107953.0,1,
29900,"Laurinburg, NC",Micropolitan,2021,1155097.0,1,
29900,"Laurinburg, NC",Micropolitan,2022,1198837.0,1,
29900,"Laurinburg, NC",Micropolitan,2023,1179933.0,1,
29900,"Laurinburg, NC",Micropolitan,2024,1233631.0,1,
29940,"Lawrence, KS",Metropolitan,2019,5141968.0,1,
29940,"Lawrence, KS",Metropolitan,2020,4979762.0,1,
29940,"Lawrence, KS",Metropolitan,2021,5119319.0,1,
29940,"Lawrence, KS",Metropolitan,2022,5225472.0,1,
29940,"Lawrence, KS",Metropolitan,2023,5324517.0,1,
29940,"Lawrence, KS",Metropolitan,2024,5496976.0,1,
29980,"Lawrenceburg, TN",Micropolitan,2019,1059030.0,1,
29980,"Lawrenceburg, TN",Micropolitan,2020,1044413.0,1,
29980,"Lawrenceburg, TN",Micropolitan,2021,1159491.0,1,
29980,"Lawrenceburg, TN",Micropolitan,2022,1131908.0,1,
29980,"Lawrenceburg, TN",Micropolitan,2023,1192054.0,1,
29980,"Lawrenceburg, TN",Micropolitan,2024,1225849.0,1,
30020,"Lawton, OK",Metropolitan,2019,5269945.0,2,
30020,"Lawton, OK",Metropolitan,2020,5130272.0,2,
30020,"Lawton, OK",Metropolitan,2021,5366135.0,2,
30020,"Lawton, OK",Metropolitan,2022,5305196.0,2,
30020,"Lawton, OK",Metropolitan,2023,5354380.0,2,
30020,"Lawton, OK",Metropolitan,2024,5515305.0,2,
30060,"Lebanon, MO",Micropolitan,2019,1246252.0,1,
30060,"Lebanon, MO",Micropolitan,2020,1285436.0,1,
30060,"Lebanon, MO",Micropolitan,2021,1455882.0,1,
30060,"Lebanon, MO",Micropolitan,2022,1425193.0,1,
30060,"Lebanon, MO",Micropolitan,2023,1584146.0,1,
30060,"Lebanon, MO",Micropolitan,2024,1577603.0,1,
30140,"Lebanon, PA",Metropolitan,2019,5824798.0,1,
30140,"Lebanon, PA",Metropolitan,2020,5663764.0,1,
30140,"Lebanon, PA",Metropolitan,2021,6041294.0,1,
30140,"Lebanon, PA",Metropolitan,2022,6062233.0,1,
30140,"Lebanon, PA",Metropolitan,2023,6104673.0,1,
30140,"Lebanon, PA",Metropolitan,2024,6256678.0,1,
30150,"Lebanon-Claremont, NH-VT",Micropolitan,2019,11856539.0,4,
30150,"Lebanon-Claremont, NH-VT",Micropolitan,2020,11890550.0,4,
30150,"Lebanon-Claremont, NH-VT",Micropolitan,2021,12499850.0,4,
30150,"Lebanon-Claremont, NH-VT",Micropolitan,2022,12666264.0,4,
30150,"Lebanon-Claremont, NH-VT",Micropolitan,2023,13228724.0,4,
30150,"Lebanon-Claremont, NH-VT",Micropolitan,2024,13385940.0,4,
30180,"Le Mars, IA",Micropolitan,2019,1403361.0,1,
30180,"Le Mars, IA",Micropolitan,2020,1331017.0,1,
30180,"Le Mars, IA",Micropolitan,2021,1484195.0,1,
30180,"Le Mars, IA",Micropolitan,2022,1613345.0,1,
30180,"Le Mars, IA",Micropolitan,2023,1557347.0,1,
30180,"Le Mars, IA",Micropolitan,2024,1561144.0,1,
30260,"Lewisburg, PA",Micropolitan,2019,1873552.0,1,
30260,"Lewisburg, PA",Micropolitan,2020,1789080.0,1,
30260,"Lewisburg, PA",Micropolitan,2021,1872473.0,1,
30260,"Lewisburg, PA",Micropolitan,2022,1872871.0,1,
30260,"Lewisburg, PA",Micropolitan,2023,1885812.0,1,
30260,"Lewisburg, PA",Micropolitan,2024,1948824.0,1,
30280,"Lewisburg, TN",Micropolitan,2019,1241461.0,1,
30280,"Lewisburg, TN",Micropolitan,2020,1238760.0,1,
30280,"Lewisburg, TN",Micropolitan,2021,1303402.0,1,
30280,"Lewisburg, TN",Micropolitan,2022,1287625.0,1,
30280,"Lewisburg, TN",Micropolitan,2023,1339365.0,1,
30280,"Lewisburg, TN",Micropolitan,2024,1343498.0,1,
30300,"Lewiston, ID-WA",Metropolitan,2019,2755336.0,2,
30300,"Lewiston, ID-WA",Metropolitan,2020,2802392.0,2,
30300,"Lewiston, ID-WA",Metropolitan,2021,2973843.0,2,
30300,"Lewiston, ID-WA",Metropolitan,2022,2921231.0,2,
30300,"Lewiston, ID-WA",Metropolitan,2023,3009498.0,2,
30300,"Lewiston, ID-WA",Metropolitan,2024,3035286.0,2,
30340,"Lewiston-Auburn, ME",Metropolitan,2019,4833867.0,1,
30340,"Lewiston-Auburn, ME",Metropolitan,2020,5016665.0,1,
30340,"Lewiston-Auburn, ME",Metropolitan,2021,5049495.0,1,
30340,"Lewiston-Auburn, ME",Metropolitan,2022,5139460.0,1,
30340,"Lewiston-Auburn, ME",Metropolitan,2023,5362336.0,1,
30340,"Lewiston-Auburn, ME",Metropolitan,2024,5507053.0,1,
30380,"Lewistown, PA",Micropolitan,2019,1747502.0,1,
30380,"Lewistown, PA",Micropolitan,2020,1682543.0,1,
30380,"Lewistown, PA",Micropolitan,2021,1686399.0,1,
30380,"Lewistown, PA",Micropolitan,2022,1732194.0,1,
30380,"Lewistown, PA",Micropolitan,2023,1714705.0,1,
30380,"Lewistown, PA",Micropolitan,2024,1838228.0,1,
30420,"Lexington, NE",Micropolitan,2019,1585770.0,2,
30420,"Lexington, NE",Micropolitan,2020,1632161.0,2,
30420,"Lexington, NE",Micropolitan,2021,1789233.0,2,
30420,"Lexington, NE",Micropolitan,2022,1684004.0,2,
30420,"Lexington, NE",Micropolitan,2023,1796894.0,2,
30420,"Lexington, NE",Micropolitan,2024,1822547.0,2,
30460,"Lexington-Fayette, KY",Metropolitan,2019,30035838.0,6,
30460,"Lexington-Fayette, KY",Metropolitan,2020,28744553.0,6,
30460,"Lexington-Fayette, KY",Metropolitan,2021,29669810.0,6,
30460,"Lexington-Fayette, KY",Metropolitan,2022,30921322.0,6,
30460,"Lexington-Fayette, KY",Metropolitan,2023,31821494.0,6,
30460,"Lexington-Fayette, KY",Metropolitan,2024,32802344.0,6,
30500,"Lexington Park, MD",Metropolitan,2019,11977176.0,2,
30500,"Lexington Park, MD",Metropolitan,2020,12415361.0,2,
30500,"Lexington Park, MD",Metropolitan,2021,12120612.0,2,
30500,"Lexington Park, MD",Metropolitan,2022,12324709.0,2,
30500,"Lexington Park, MD",Metropolitan,2023,12879703.0,2,
30500,"Lexington Park, MD",Metropolitan,2024,13216442.0,2,
30580,"Liberal, KS",Micropolitan,2019,1162506.0,1,
30580,"Liberal, KS",Micropolitan,2020,1204009.0,1,
30580,"Liberal, KS",Micropolitan,2021,1312275.0,1,
30580,"Liberal, KS",Micropolitan,2022,1311622.0,1,
30580,"Liberal, KS",Micropolitan,2023,1326803.0,1,
30580,"Liberal, KS",Micropolitan,2024,1352889.0,1,
30620,"Lima, OH",Metropolitan,2019,7820932.0,1,
30620,"Lima, OH",Metropolitan,2020,7725452.0,1,
30620,"Lima, OH",Metropolitan,2021,8552838.0,1,
30620,"Lima, OH",Metropolitan,2022,8448293.0,1,
30620,"Lima, OH",Metropolitan,2023,8271032.0,1,
30620,"Lima, OH",Metropolitan,2024,8894463.0,1,
30660,"Lincoln, IL",Micropolitan,2019,987824.0,1,
30660,"Lincoln, IL",Micropolitan,2020,997978.0,1,
30660,"Lincoln, IL",Micropolitan,2021,1053808.0,1,
30660,"Lincoln, IL",Micropolitan,2022,1067947.0,1,
30660,"Lincoln, IL",Micropolitan,2023,1054424.0,1,
30660,"Lincoln, IL",Micropolitan,2024,1033878.0,1,
30700,"Lincoln, NE",Metropolitan,2019,20324173.0,2,
30700,"Lincoln, NE",Metropolitan,2020,20159473.0,2,
30700,"Lincoln, NE",Metropolitan,2021,21131511.0,2,
30700,"Lincoln, NE",Metropolitan,2022,22385565.0,2,
30700,"Lincoln, NE",Metropolitan,2023,22899998.0,2,
30700,"Lincoln, NE",Metropolitan,2024,23602038.0,2,
30780,"Little Rock-North Little Rock-Conway, AR",Metropolitan,2019,37377447.0,6,
30780,"Little Rock-North Little Rock-Conway, AR",Metropolitan,2020,37652003.0,6,
30780,"Little Rock-North Little Rock-Conway, AR",Metropolitan,2021,39464637.0,6,
30780,"Little Rock-North Little Rock-Conway, AR",Metropolitan,2022,39908490.0,6,
30780,"Little Rock-North Little Rock-Conway, AR",Metropolitan,2023,41485742.0,6,
30780,"Little Rock-North Little Rock-Conway, AR",Metropolitan,2024,42484364.0,6,
30820,"Lock Haven, PA",Micropolitan,2019,1658892.0,1,
30820,"Lock Haven, PA",Micropolitan,2020,1516154.0,1,
30820,"Lock Haven, PA",Micropolitan,2021,1422560.0,1,
30820,"Lock Haven, PA",Micropolitan,2022,1390495.0,1,
30820,"Lock Haven, PA",Micropolitan,2023,1571444.0,1,
30820,"Lock Haven, PA",Micropolitan,2024,1562949.0,1,
30860,"Logan, UT-ID",Metropolitan,2019,6282264.0,2,
30860,"Logan, UT-ID",Metropolitan,2020,6370010.0,2,
30860,"Logan, UT-ID",Metropolitan,2021,6791853.0,2,
30860,"Logan, UT-ID",Metropolitan,2022,7024439.0,2,
30860,"Logan, UT-ID",Metropolitan,2023,7376954.0,2,
30860,"Logan, UT-ID",Metropolitan,2024,7644084.0,2,
30900,"Logansport, IN",Micropolitan,2019,1378108.0,1,
30900,"Logansport, IN",Micropolitan,2020,1392522.0,1,
30900,"Logansport, IN",Micropolitan,2021,1493339.0,1,
30900,"Logansport, IN",Micropolitan,2022,1498783.0,1,
30900,"Logansport, IN",Micropolitan,2023,1499382.0,1,
30900,"Logansport, IN",Micropolitan,2024,1509419.0,1,
30980,"Longview, TX",Metropolitan,2019,15233505.0,4,
30980,"Longview, TX",Metropolitan,2020,14531269.0,4,
30980,"Longview, TX",Metropolitan,2021,15347843.0,4,
30980,"Longview, TX",Metropolitan,2022,15778109.0,4,
30980,"Longview, TX",Metropolitan,2023,16283691.0,4,
30980,"Longview, TX",Metropolitan,2024,16134718.0,4,
31020,"Longview-Kelso, WA",Metropolitan,2019,5182692.0,1,
31020,"Longview-Kelso, WA",Metropolitan,2020,5257272.0,1,
31020,"Longview-Kelso, WA",Metropolitan,2021,5412950.0,1,
31020,"Longview-Kelso, WA",Metropolitan,2022,5531954.0,1,
31020,"Longview-Kelso, WA",Metropolitan,2023,5460553.0,1,
31020,"Longview-Kelso, WA",Metropolitan,2024,5530726.0,1,
31060,"Los Alamos, NM",Micropolitan,2019,2295378.0,1,
31060,"Los Alamos, NM",Micropolitan,2020,2384457.0,1,
31060,"Los Alamos, NM",Micropolitan,2021,2534601.0,1,
31060,"Los Alamos, NM",Micropolitan,2022,2764630.0,1,
31060,"Los Alamos, NM",Micropolitan,2023,3117381.0,1,
31060,"Los Alamos, NM",Micropolitan,2024,3273176.0,1,
31080,"Los Angeles-Long Beach-Anaheim, CA",Metropolitan,2019,1026498588.0,2,
31080,"Los Angeles-Long Beach-Anaheim, CA",Metropolitan,2020,981283931.0,2,
31080,"Los Angeles-Long Beach-Anaheim, CA",Metropolitan,2021,1041339997.0,2,
31080,"Los Angeles-Long Beach-Anaheim, CA",Metropolitan,2022,1055231047.0,2,
31080,"Los Angeles-Long Beach-Anaheim, CA",Metropolitan,2023,1065769188.0,2,
31080,"Los Angeles-Long Beach-Anaheim, CA",Metropolitan,2024,1088359812.0,2,
31140,"Louisville/Jefferson County, KY-IN",Metropolitan,2019,76477769.0,12,
31140,"Louisville/Jefferson County, KY-IN",Metropolitan,2020,75074800.0,12,
31140,"Louisville/Jefferson County, KY-IN",Metropolitan,2021,79082870.0,12,
31140,"Louisville/Jefferson County, KY-IN",Metropolitan,2022,81328763.0,12,
31140,"Louisville/Jefferson County, KY-IN",Metropolitan,2023,83306746.0,12,
31140,"Louisville/Jefferson County, KY-IN",Metropolitan,2024,84682310.0,12,
31180,"Lubbock, TX",Metropolitan,2019,16644172.0,6,
31180,"Lubbock, TX",Metropolitan,2020,16464877.0,6,
31180,"Lubbock, TX",Metropolitan,2021,16977930.0,6,
31180,"Lubbock, TX",Metropolitan,2022,17148544.0,6,
31180,"Lubbock, TX",Metropolitan,2023,17966070.0,6,
31180,"Lubbock, TX",Metropolitan,2024,18118753.0,6,
31220,"Ludington, MI",Micropolitan,2019,1009341.0,1,
31220,"Ludington, MI",Micropolitan,2020,990136.0,1,
31220,"Ludington, MI",Micropolitan,2021,1010728.0,1,
31220,"Ludington, MI",Micropolitan,2022,1017727.0,1,
31220,"Ludington, MI",Micropolitan,2023,1027086.0,1,
31220,"Ludington, MI",Micropolitan,2024,1040664.0,1,
31260,"Lufkin, TX",Micropolitan,2019,3316547.0,1,
31260,"Lufkin, TX",Micropolitan,2020,3248551.0,1,
31260,"Lufkin, TX",Micropolitan,2021,3241045.0,1,
31260,"Lufkin, TX",Micropolitan,2022,3368400.0,1,
31260,"Lufkin, TX",Micropolitan,2023,3513734.0,1,
31260,"Lufkin, TX",Micropolitan,2024,3586981.0,1,
31300,"Lumberton, NC",Micropolitan,2019,3932019.0,1,
31300,"Lumberton, NC",Micropolitan,2020,3773660.0,1,
31300,"Lumberton, NC",Micropolitan,2021,3850186.0,1,
31300,"Lumberton, NC",Micropolitan,2022,3993042.0,1,
31300,"Lumberton, NC",Micropolitan,2023,3921849.0,1,
31300,"Lumberton, NC",Micropolitan,2024,3929644.0,1,
31340,"Lynchburg, VA",Metropolitan,2019,10456555.0,4,
31340,"Lynchburg, VA",Metropolitan,2020,10060922.0,4,
31340,"Lynchburg, VA",Metropolitan,2021,10521876.0,4,
31340,"Lynchburg, VA",Metropolitan,2022,10423144.0,4,
31340,"Lynchburg, VA",Metropolitan,2023,10738270.0,4,
31340,"Lynchburg, VA",Metropolitan,2024,10955274.0,4,
31380,"Macomb, IL",Micropolitan,2019,1098369.0,1,
31380,"Macomb, IL",Micropolitan,2020,1047766.0,1,
31380,"Macomb, IL",Micropolitan,2021,1065554.0,1,
31380,"Macomb, IL",Micropolitan,2022,1098490.0,1,
31380,"Macomb, IL",Micropolitan,2023,1075641.0,1,
31380,"Macomb, IL",Micropolitan,2024,1084829.0,1,
31420,"Macon-Bibb County, GA",Metropolitan,2019,10855807.0,5,
31420,"Macon-Bibb County, GA",Metropolitan,2020,10101407.0,5,
31420,"Macon-Bibb County, GA",Metropolitan,2021,10777732.0,5,
31420,"Macon-Bibb County, GA",Metropolitan,2022,10928222.0,5,
31420,"Macon-Bibb County, GA",Metropolitan,2023,10861284.0,5,
31420,"Macon-Bibb County, GA",Metropolitan,2024,11025914.0,5,
31500,"Madison, IN",Micropolitan,2019,1563632.0,1,
31500,"Madison, IN",Micropolitan,2020,1511827.0,1,
31500,"Madison, IN",Micropolitan,2021,1646000.0,1,
31500,"Madison, IN",Micropolitan,2022,1694827.0,1,
31500,"Madison, IN",Micropolitan,2023,1690315.0,1,
31500,"Madison, IN",Micropolitan,2024,1705311.0,1,
31540,"Madison, WI",Metropolitan,2019,50606438.0,4,
31540,"Madison, WI",Metropolitan,2020,49584697.0,4,
31540,"Madison, WI",Metropolitan,2021,52365323.0,4,
31540,"Madison, WI",Metropolitan,2022,54420845.0,4,
31540,"Madison, WI",Metropolitan,2023,56166024.0,4,
31540,"Madison, WI",Metropolitan,2024,57686710.0,4,
31580,"Madisonville, KY",Micropolitan,2019,1808377.0,1,
31580,"Madisonville, KY",Micropolitan,2020,1735042.0,1,
31580,"Madisonville, KY",Micropolitan,2021,1807556.0,1,
31580,"Madisonville, KY",Micropolitan,2022,1857427.0,1,
31580,"Madisonville, KY",Micropolitan,2023,1987423.0,1,
31580,"Madisonville, KY",Micropolitan,2024,2018299.0,1,
31620,"Magnolia, AR",Micropolitan,2019,875231.0,1,
31620,"Magnolia, AR",Micropolitan,2020,866013.0,1,
31620,"Magnolia, AR",Micropolitan,2021,974762.0,1,
31620,"Magnolia, AR",Micropolitan,2022,974357.0,1,
31620,"Magnolia, AR",Micropolitan,2023,1022472.0,1,
31620,"Magnolia, AR",Micropolitan,2024,1049224.0,1,
31680,"Malvern, AR",Micropolitan,2019,971305.0,1,
31680,"Malvern, AR",Micropolitan,2020,985259.0,1,
31680,"Malvern, AR",Micropolitan,2021,1063343.0,1,
31680,"Malvern, AR",Micropolitan,2022,1151952.0,1,
31680,"Malvern, AR",Micropolitan,2023,1152930.0,1,
31680,"Malvern, AR",Micropolitan,2024,1225768.0,1,
31700,"Manchester-Nashua, NH",Metropolitan,2019,27240319.0,1,
31700,"Manchester-Nashua, NH",Metropolitan,2020,27265205.0,1,
31700,"Manchester-Nashua, NH",Metropolitan,2021,29717098.0,1,
31700,"Manchester-Nashua, NH",Metropolitan,2022,30066116.0,1,
31700,"Manchester-Nashua, NH",Metropolitan,2023,30679709.0,1,
31700,"Manchester-Nashua, NH",Metropolitan,2024,30826638.0,1,
31740,"Manhattan, KS",Metropolitan,2019,6873151.0,3,
31740,"Manhattan, KS",Metropolitan,2020,6819774.0,3,
31740,"Manhattan, KS",Metropolitan,2021,7087806.0,3,
31740,"Manhattan, KS",Metropolitan,2022,7105245.0,3,
31740,"Manhattan, KS",Metropolitan,2023,7004400.0,3,
31740,"Manhattan, KS",Metropolitan,2024,7049096.0,3,
31820,"Manitowoc, WI",Micropolitan,2019,3980173.0,1,
31820,"Manitowoc, WI",Micropolitan,2020,3883634.0,1,
31820,"Manitowoc, WI",Micropolitan,2021,3932242.0,1,
31820,"Manitowoc, WI",Micropolitan,2022,4058769.0,1,
31820,"Manitowoc, WI",Micropolitan,2023,3997499.0,1,
31820,"Manitowoc, WI",Micropolitan,2024,4117466.0,1,
31860,"Mankato, MN",Metropolitan,2019,5618778.0,2,
31860,"Mankato, MN",Metropolitan,2020,5386213.0,2,
31860,"Mankato, MN",Metropolitan,2021,5600052.0,2,
31860,"Mankato, MN",Metropolitan,2022,5712472.0,2,
31860,"Mankato, MN",Metropolitan,2023,5625784.0,2,
31860,"Mankato, MN",Metropolitan,2024,5878619.0,2,
31900,"Mansfield, OH",Metropolitan,2019,4586234.0,1,
31900,"Mansfield, OH",Metropolitan,2020,4404983.0,1,
31900,"Mansfield, OH",Metropolitan,2021,4604671.0,1,
31900,"Mansfield, OH",Metropolitan,2022,4588186.0,1,
31900,"Mansfield, OH",Metropolitan,2023,4626002.0,1,
31900,"Mansfield, OH",Metropolitan,2024,4665061.0,1,
31930,"Marietta, OH",Micropolitan,2019,3560045.0,1,
31930,"Marietta, OH",Micropolitan,2020,3446214.0,1,
31930,"Marietta, OH",Micropolitan,2021,3544061.0,1,
31930,"Marietta, OH",Micropolitan,2022,3483865.0,1,
31930,"Marietta, OH",Micropolitan,2023,3603060.0,1,
31930,"Marietta, OH",Micropolitan,2024,3725925.0,1,
31940,"Marinette, WI-MI",Micropolitan,2019,2709200.0,2,
31940,"Marinette, WI-MI",Micropolitan,2020,2562163.0,2,
31940,"Marinette, WI-MI",Micropolitan,2021,2628288.0,2,
31940,"Marinette, WI-MI",Micropolitan,2022,2646729.0,2,
31940,"Marinette, WI-MI",Micropolitan,2023,2634943.0,2,
31940,"Marinette, WI-MI",Micropolitan,2024,2676766.0,2,
31980,"Marion, IN",Micropolitan,2019,2425868.0,1,
31980,"Marion, IN",Micropolitan,2020,2328337.0,1,
31980,"Marion, IN",Micropolitan,2021,2489827.0,1,
31980,"Marion, IN",Micropolitan,2022,2518904.0,1,
31980,"Marion, IN",Micropolitan,2023,2516977.0,1,
31980,"Marion, IN",Micropolitan,2024,2529334.0,1,
32000,"Marion, NC",Micropolitan,2019,1885996.0,1,
32000,"Marion, NC",Micropolitan,2020,1958561.0,1,
32000,"Marion, NC",Micropolitan,2021,1832346.0,1,
32000,"Marion, NC",Micropolitan,2022,1968653.0,1,
32000,"Marion, NC",Micropolitan,2023,2037845.0,1,
32000,"Marion, NC",Micropolitan,2024,2183153.0,1,
32020,"Marion, OH",Micropolitan,2019,2685096.0,1,
32020,"Marion, OH",Micropolitan,2020,2601542.0,1,
32020,"Marion, OH",Micropolitan,2021,2701725.0,1,
32020,"Marion, OH",Micropolitan,2022,2623231.0,1,
32020,"Marion, OH",Micropolitan,2023,2663536.0,1,
32020,"Marion, OH",Micropolitan,2024,2706215.0,1,
32060,"Marion-Herrin, IL",Micropolitan,2019,2966714.0,1,
32060,"Marion-Herrin, IL",Micropolitan,2020,2798194.0,1,
32060,"Marion-Herrin, IL",Micropolitan,2021,2893655.0,1,
32060,"Marion-Herrin, IL",Micropolitan,2022,2990557.0,1,
32060,"Marion-Herrin, IL",Micropolitan,2023,3087917.0,1,
32060,"Marion-Herrin, IL",Micropolitan,2024,3159218.0,1,
32100,"Marquette, MI",Micropolitan,2019,2713803.0,1,
32100,"Marquette, MI",Micropolitan,2020,2602348.0,1,
32100,"Marquette, MI",Micropolitan,2021,2864267.0,1,
32100,"Marquette, MI",Micropolitan,2022,2734382.0,1,
32100,"Marquette, MI",Micropolitan,2023,2828566.0,1,
32100,"Marquette, MI",Micropolitan,2024,2733481.0,1,
32140,"Marshall, MN",Micropolitan,2019,1582098.0,1,
32140,"Marshall, MN",Micropolitan,2020,1486139.0,1,
32140,"Marshall, MN",Micropolitan,2021,1548091.0,1,
32140,"Marshall, MN",Micropolitan,2022,1582484.0,1,
32140,"Marshall, MN",Micropolitan,2023,1577303.0,1,
32140,"Marshall, MN",Micropolitan,2024,1638337.0,1,
32180,"Marshall, MO",Micropolitan,2019,894101.0,1,
32180,"Marshall, MO",Micropolitan,2020,902962.0,1,
32180,"Marshall, MO",Micropolitan,2021,946397.0,1,
32180,"Marshall, MO",Micropolitan,2022,948641.0,1,
32180,"Marshall, MO",Micropolitan,2023,983255.0,1,
32180,"Marshall, MO",Micropolitan,2024,984077.0,1,
32260,"Marshalltown, IA",Micropolitan,2019,1853257.0,1,
32260,"Marshalltown, IA",Micropolitan,2020,1829028.0,1,
32260,"Marshalltown, IA",Micropolitan,2021,1816698.0,1,
32260,"Marshalltown, IA",Micropolitan,2022,1789575.0,1,
32260,"Marshalltown, IA",Micropolitan,2023,1750980.0,1,
32260,"Marshalltown, IA",Micropolitan,2024,1739482.0,1,
32280,"Martin, TN",Micropolitan,2019,1103437.0,1,
32280,"Martin, TN",Micropolitan,2020,1084017.0,1,
32280,"Martin, TN",Micropolitan,2021,1179351.0,1,
32280,"Martin, TN",Micropolitan,2022,1127240.0,1,
32280,"Martin, TN",Micropolitan,2023,1123141.0,1,
32280,"Martin, TN",Micropolitan,2024,1047445.0,1,
32300,"Martinsville, VA",Micropolitan,2019,2199480.0,1,
32300,"Martinsville, VA",Micropolitan,2020,2153625.0,1,
32300,"Martinsville, VA",Micropolitan,2021,2236487.0,1,
32300,"Martinsville, VA",Micropolitan,2022,2243859.0,1,
32300,"Martinsville, VA",Micropolitan,2023,2261227.0,1,
32300,"Martinsville, VA",Micropolitan,2024,2299788.0,1,
32340,"Maryville, MO",Micropolitan,2019,705818.0,1,
32340,"Maryville, MO",Micropolitan,2020,736220.0,1,
32340,"Maryville, MO",Micropolitan,2021,739074.0,1,
32340,"Maryville, MO",Micropolitan,2022,737114.0,1,
32340,"Maryville, MO",Micropolitan,2023,750283.0,1,
32340,"Maryville, MO",Micropolitan,2024,767710.0,1,
32380,"Mason City, IA",Micropolitan,2019,2724531.0,2,
32380,"Mason City, IA",Micropolitan,2020,2722941.0,2,
32380,"Mason City, IA",Micropolitan,2021,2990254.0,2,
32380,"Mason City, IA",Micropolitan,2022,3031799.0,2,
32380,"Mason City, IA",Micropolitan,2023,3200426.0,2,
32380,"Mason City, IA",Micropolitan,2024,3247793.0,2,
32390,"Massena-Ogdensburg, NY",Micropolitan,2019,4694668.0,1,
32390,"Massena-Ogdensburg, NY",Micropolitan,2020,4703376.0,1,
32390,"Massena-Ogdensburg, NY",Micropolitan,2021,4705108.0,1,
32390,"Massena-Ogdensburg, NY",Micropolitan,2022,4792493.0,1,
32390,"Massena-Ogdensburg, NY",Micropolitan,2023,4953192.0,1,
32390,"Massena-Ogdensburg, NY",Micropolitan,2024,5150706.0,1,
32460,"Mayfield, KY",Micropolitan,2019,1214926.0,1,
32460,"Mayfield, KY",Micropolitan,2020,1192007.0,1,
32460,"Mayfield, KY",Micropolitan,2021,1251839.0,1,
32460,"Mayfield, KY",Micropolitan,2022,1319429.0,1,
32460,"Mayfield, KY",Micropolitan,2023,1309485.0,1,
32460,"Mayfield, KY",Micropolitan,2024,1358319.0,1,
32540,"McAlester, OK",Micropolitan,2019,2195804.0,1,
32540,"McAlester, OK",Micropolitan,2020,1975175.0,1,
32540,"McAlester, OK",Micropolitan,2021,1903100.0,1,
32540,"McAlester, OK",Micropolitan,2022,2029539.0,1,
32540,"McAlester, OK",Micropolitan,2023,2071367.0,1,
32540,"McAlester, OK",Micropolitan,2024,1917474.0,1,
32580,"McAllen-Edinburg-Mission, TX",Metropolitan,2019,21991095.0,1,
32580,"McAllen-Edinburg-Mission, TX",Metropolitan,2020,21619757.0,1,
32580,"McAllen-Edinburg-Mission, TX",Metropolitan,2021,22780663.0,1,
32580,"McAllen-Edinburg-Mission, TX",Metropolitan,2022,23120685.0,1,
32580,"McAllen-Edinburg-Mission, TX",Metropolitan,2023,23626970.0,1,
32580,"McAllen-Edinburg-Mission, TX",Metropolitan,2024,24238655.0,1,
32620,"McComb, MS",Micropolitan,2019,1394680.0,2,
32620,"McComb, MS",Micropolitan,2020,1353154.0,2,
32620,"McComb, MS",Micropolitan,2021,1399461.0,2,
32620,"McComb, MS",Micropolitan,2022,1412756.0,2,
32620,"McComb, MS",Micropolitan,2023,1433536.0,2,
32620,"McComb, MS",Micropolitan,2024,1484614.0,2,
32660,"McMinnville, TN",Micropolitan,2019,1466667.0,1,
32660,"McMinnville, TN",Micropolitan,2020,1434996.0,1,
32660,"McMinnville, TN",Micropolitan,2021,1517276.0,1,
32660,"McMinnville, TN",Micropolitan,2022,1446301.0,1,
32660,"McMinnville, TN",Micropolitan,2023,1489909.0,1,
32660,"McMinnville, TN",Micropolitan,2024,1559877.0,1,
32700,"McPherson, KS",Micropolitan,2019,2161455.0,1,
32700,"McPherson, KS",Micropolitan,2020,2021566.0,1,
32700,"McPherson, KS",Micropolitan,2021,1860268.0,1,
32700,"McPherson, KS",Micropolitan,2022,1938876.0,1,
32700,"McPherson, KS",Micropolitan,2023,2015532.0,1,
32700,"McPherson, KS",Micropolitan,2024,2078239.0,1,
32740,"Meadville, PA",Micropolitan,2019,2987838.0,1,
32740,"Meadville, PA",Micropolitan,2020,2764124.0,1,
32740,"Meadville, PA",Micropolitan,2021,2819666.0,1,
32740,"Meadville, PA",Micropolitan,2022,2871256.0,1,
32740,"Meadville, PA",Micropolitan,2023,2792836.0,1,
32740,"Meadville, PA",Micropolitan,2024,2823464.0,1,
32780,"Medford, OR",Metropolitan,2019,9377950.0,1,
32780,"Medford, OR",Metropolitan,2020,9371219.0,1,
32780,"Medford, OR",Metropolitan,2021,10024328.0,1,
32780,"Medford, OR",Metropolitan,2022,9855556.0,1,
32780,"Medford, OR",Metropolitan,2023,10130801.0,1,
32780,"Medford, OR",Metropolitan,2024,10536558.0,1,
32820,"Memphis, TN-MS-AR",Metropolitan,2019,76886437.0,9,
32820,"Memphis, TN-MS-AR",Metropolitan,2020,76022354.0,9,
32820,"Memphis, TN-MS-AR",Metropolitan,2021,80197604.0,9,
32820,"Memphis, TN-MS-AR",Metropolitan,2022,79644433.0,9,
32820,"Memphis, TN-MS-AR",Metropolitan,2023,81790858.0,9,
32820,"Memphis, TN-MS-AR",Metropolitan,2024,82359960.0,9,
32860,"Menomonie, WI",Micropolitan,2019,1832526.0,1,
32860,"Menomonie, WI",Micropolitan,2020,1840085.0,1,
32860,"Menomonie, WI",Micropolitan,2021,1896692.0,1,
32860,"Menomonie, WI",Micropolitan,2022,1839911.0,1,
32860,"Menomonie, WI",Micropolitan,2023,1887465.0,1,
32860,"Menomonie, WI",Micropolitan,2024,1926218.0,1,
32900,"Merced, CA",Metropolitan,2019,9251024.0,1,
32900,"Merced, CA",Metropolitan,2020,9142677.0,1,
32900,"Merced, CA",Metropolitan,2021,9323157.0,1,
32900,"Merced, CA",Metropolitan,2022,9486778.0,1,
32900,"Merced, CA",Metropolitan,2023,9517717.0,1,
32900,"Merced, CA",Metropolitan,2024,10266145.0,1,
32940,"Meridian, MS",Micropolitan,2019,3582142.0,2,
32940,"Meridian, MS",Micropolitan,2020,3771079.0,2,
32940,"Meridian, MS",Micropolitan,2021,3779445.0,2,
32940,"Meridian, MS",Micropolitan,2022,3668940.0,2,
32940,"Meridian, MS",Micropolitan,2023,3937144.0,2,
32940,"Meridian, MS",Micropolitan,2024,4122329.0,2,
33020,"Mexico, MO",Micropolitan,2019,903636.0,1,
33020,"Mexico, MO",Micropolitan,2020,862279.0,1,
33020,"Mexico, MO",Micropolitan,2021,883188.0,1,
33020,"Mexico, MO",Micropolitan,2022,855015.0,1,
33020,"Mexico, MO",Micropolitan,2023,915178.0,1,
33020,"Mexico, MO",Micropolitan,2024,903844.0,1,
33060,"Miami, OK",Micropolitan,2019,1047404.0,1,
33060,"Miami, OK",Micropolitan,2020,1014906.0,1,
33060,"Miami, OK",Micropolitan,2021,1079053.0,1,
33060,"Miami, OK",Micropolitan,2022,1099487.0,1,
33060,"Miami, OK",Micropolitan,2023,1100083.0,1,
33060,"Miami, OK",Micropolitan,2024,1118209.0,1,
33100,"Miami-Fort Lauderdale-West Palm Beach, FL",Metropolitan,2019,367593143.0,3,
33100,"Miami-Fort Lauderdale-West Palm Beach, FL",Metropolitan,2020,354799636.0,3,
33100,"Miami-Fort Lauderdale-West Palm Beach, FL",Metropolitan,2021,392208691.0,3,
33100,"Miami-Fort Lauderdale-West Palm Beach, FL",Metropolitan,2022,417785790.0,3,
33100,"Miami-Fort Lauderdale-West Palm Beach, FL",Metropolitan,2023,438207751.0,3,
33100,"Miami-Fort Lauderdale-West Palm Beach, FL",Metropolitan,2024,450254738.0,3,
33140,"Michigan City-La Porte, IN",Metropolitan,2019,4111245.0,1,
33140,"Michigan City-La Porte, IN",Metropolitan,2020,3999459.0,1,
33140,"Michigan City-La Porte, IN",Metropolitan,2021,4223725.0,1,
33140,"Michigan City-La Porte, IN",Metropolitan,2022,4132703.0,1,
33140,"Michigan City-La Porte, IN",Metropolitan,2023,4402002.0,1,
33140,"Michigan City-La Porte, IN",Metropolitan,2024,4460626.0,1,
33180,"Middlesborough, KY",Micropolitan,2019,751184.0,1,
33180,"Middlesborough, KY",Micropolitan,2020,712249.0,1,
33180,"Middlesborough, KY",Micropolitan,2021,733431.0,1,
33180,"Middlesborough, KY",Micropolitan,2022,731408.0,1,
33180,"Middlesborough, KY",Micropolitan,2023,774742.0,1,
33180,"Middlesborough, KY",Micropolitan,2024,774733.0,1,
33220,"Midland, MI",Metropolitan,2019,5367447.0,1,
33220,"Midland, MI",Metropolitan,2020,5731285.0,1,
33220,"Midland, MI",Metropolitan,2021,5816841.0,1,
33220,"Midland, MI",Metropolitan,2022,5803215.0,1,
33220,"Midland, MI",Metropolitan,2023,6220110.0,1,
33220,"Midland, MI",Metropolitan,2024,6376374.0,1,
33260,"Midland, TX",Metropolitan,2019,33086109.0,2,
33260,"Midland, TX",Metropolitan,2020,31455357.0,2,
33260,"Midland, TX",Metropolitan,2021,32077652.0,2,
33260,"Midland, TX",Metropolitan,2022,31766411.0,2,
33260,"Midland, TX",Metropolitan,2023,46973761.0,2,
33260,"Midland, TX",Metropolitan,2024,51509737.0,2,
33300,"Milledgeville, GA",Micropolitan,2019,1402638.0,1,
33300,"Milledgeville, GA",Micropolitan,2020,1312167.0,1,
33300,"Milledgeville, GA",Micropolitan,2021,1410110.0,1,
33300,"Milledgeville, GA",Micropolitan,2022,1432028.0,1,
33300,"Milledgeville, GA",Micropolitan,2023,1492324.0,1,
33300,"Milledgeville, GA",Micropolitan,2024,1539495.0,1,
33340,"Milwaukee-Waukesha, WI",Metropolitan,2019,102320782.0,4,
33340,"Milwaukee-Waukesha, WI",Metropolitan,2020,98747103.0,4,
33340,"Milwaukee-Waukesha, WI",Metropolitan,2021,102533819.0,4,
33340,"Milwaukee-Waukesha, WI",Metropolitan,2022,105549127.0,4,
33340,"Milwaukee-Waukesha, WI",Metropolitan,2023,106483765.0,4,
33340,"Milwaukee-Waukesha, WI",Metropolitan,2024,108082531.0,4,
33380,"Minden, LA",Micropolitan,2019,1175376.0,1,
33380,"Minden, LA",Micropolitan,2020,1123301.0,1,
33380,"Minden, LA",Micropolitan,2021,1170042.0,1,
33380,"Minden, LA",Micropolitan,2022,1115943.0,1,
33380,"Minden, LA",Micropolitan,2023,1185734.0,1,
33380,"Minden, LA",Micropolitan,2024,1203749.0,1,
33420,"Mineral Wells, TX",Micropolitan,2019,1086452.0,1,
33420,"Mineral Wells, TX",Micropolitan,2020,999801.0,1,
33420,"Mineral Wells, TX",Micropolitan,2021,984306.0,1,
33420,"Mineral Wells, TX",Micropolitan,2022,995584.0,1,
33420,"Mineral Wells, TX",Micropolitan,2023,1018723.0,1,
33420,"Mineral Wells, TX",Micropolitan,2024,1013703.0,1,
33460,"Minneapolis-St. Paul-Bloomington, MN-WI",Metropolitan,2019,270049219.0,15,
33460,"Minneapolis-St. Paul-Bloomington, MN-WI",Metropolitan,2020,260724367.0,15,
33460,"Minneapolis-St. Paul-Bloomington, MN-WI",Metropolitan,2021,275703334.0,15,
33460,"Minneapolis-St. Paul-Bloomington, MN-WI",Metropolitan,2022,281954590.0,15,
33460,"Minneapolis-St. Paul-Bloomington, MN-WI",Metropolitan,2023,285415574.0,15,
33460,"Minneapolis-St. Paul-Bloomington, MN-WI",Metropolitan,2024,292482989.0,15,
33500,"Minot, ND",Metropolitan,2019,4575889.0,3,
33500,"Minot, ND",Metropolitan,2020,4337545.0,3,
33500,"Minot, ND",Metropolitan,2021,4218050.0,3,
33500,"Minot, ND",Metropolitan,2022,4286926.0,3,
33500,"Minot, ND",Metropolitan,2023,4380521.0,3,
33500,"Minot, ND",Metropolitan,2024,4364771.0,3,
33540,"Missoula, MT",Metropolitan,2019,5850540.0,2,
33540,"Missoula, MT",Metropolitan,2020,5833873.0,2,
33540,"Missoula, MT",Metropolitan,2021,6527180.0,2,
33540,"Missoula, MT",Metropolitan,2022,6525888.0,2,
33540,"Missoula, MT",Metropolitan,2023,6978017.0,2,
33540,"Missoula, MT",Metropolitan,2024,7254060.0,2,
33580,"Mitchell, SD",Micropolitan,2019,1465493.0,3,
33580,"Mitchell, SD",Micropolitan,2020,1451203.0,3,
33580,"Mitchell, SD",Micropolitan,2021,1495503.0,3,
33580,"Mitchell, SD",Micropolitan,2022,1534171.0,3,
33580,"Mitchell, SD",Micropolitan,2023,1617235.0,3,
33580,"Mitchell, SD",Micropolitan,2024,1619295.0,3,
33620,"Moberly, MO",Micropolitan,2019,1216262.0,1,
33620,"Moberly, MO",Micropolitan,2020,1199736.0,1,
33620,"Moberly, MO",Micropolitan,2021,1330135.0,1,
33620,"Moberly, MO",Micropolitan,2022,1268073.0,1,
33620,"Moberly, MO",Micropolitan,2023,1257828.0,1,
33620,"Moberly, MO",Micropolitan,2024,1231746.0,1,
33660,"Mobile, AL",Metropolitan,2019,20526354.0,1,
33660,"Mobile, AL",Metropolitan,2020,20805653.0,1,
33660,"Mobile, AL",Metropolitan,2021,21999897.0,1,
33660,"Mobile, AL",Metropolitan,2022,22260072.0,1,
33660,"Mobile, AL",Metropolitan,2023,23356983.0,1,
33660,"Mobile, AL",Metropolitan,2024,24306390.0,1,
33700,"Modesto, CA",Metropolitan,2019,23329680.0,1,
33700,"Modesto, CA",Metropolitan,2020,22672293.0,1,
33700,"Modesto, CA",Metropolitan,2021,23698928.0,1,
33700,"Modesto, CA",Metropolitan,2022,23622830.0,1,
33700,"Modesto, CA",Metropolitan,2023,23557445.0,1,
33700,"Modesto, CA",Metropolitan,2024,24813761.0,1,
33740,"Monroe, LA",Metropolitan,2019,8853980.0,4,
33740,"Monroe, LA",Metropolitan,2020,8554965.0,4,
33740,"Monroe, LA",Metropolitan,2021,8669295.0,4,
33740,"Monroe, LA",Metropolitan,2022,8759337.0,4,
33740,"Monroe, LA",Metropolitan,2023,8977071.0,4,
33740,"Monroe, LA",Metropolitan,2024,9232548.0,4,
33780,"Monroe, MI",Metropolitan,2019,5983585.0,1,
33780,"Monroe, MI",Metropolitan,2020,5597177.0,1,
33780,"Monroe, MI",Metropolitan,2021,5859942.0,1,
33780,"Monroe, MI",Metropolitan,2022,5916835.0,1,
33780,"Monroe, MI",Metropolitan,2023,6134800.0,1,
33780,"Monroe, MI",Metropolitan,2024,6345564.0,1,
33860,"Montgomery, AL",Metropolitan,2019,18298320.0,4,
33860,"Montgomery, AL",Metropolitan,2020,17911659.0,4,
33860,"Montgomery, AL",Metropolitan,2021,18483093.0,4,
33860,"Montgomery, AL",Metropolitan,2022,19087929.0,4,
33860,"Montgomery, AL",Metropolitan,2023,19856453.0,4,
33860,"Montgomery, AL",Metropolitan,2024,20314592.0,4,
33900,"Monticello, IN",Micropolitan,2019,960045.0,1,
33900,"Monticello, IN",Micropolitan,2020,1022386.0,1,
33900,"Monticello, IN",Micropolitan,2021,1122540.0,1,
33900,"Monticello, IN",Micropolitan,2022,1154238.0,1,
33900,"Monticello, IN",Micropolitan,2023,1160584.0,1,
33900,"Monticello, IN",Micropolitan,2024,1146256.0,1,
33910,"Monticello, NY",Micropolitan,2019,3097957.0,1,
33910,"Monticello, NY",Micropolitan,2020,3016228.0,1,
33910,"Monticello, NY",Micropolitan,2021,3165937.0,1,
33910,"Monticello, NY",Micropolitan,2022,3267873.0,1,
33910,"Monticello, NY",Micropolitan,2023,3419286.0,1,
33910,"Monticello, NY",Micropolitan,2024,3482973.0,1,
33940,"Montrose, CO",Micropolitan,2019,1606025.0,1,
33940,"Montrose, CO",Micropolitan,2020,1566877.0,1,
33940,"Montrose, CO",Micropolitan,2021,1628413.0,1,
33940,"Montrose, CO",Micropolitan,2022,1759783.0,1,
33940,"Montrose, CO",Micropolitan,2023,1758011.0,1,
33940,"Montrose, CO",Micropolitan,2024,1849394.0,1,
33980,"Morehead City, NC",Micropolitan,2019,2524268.0,1,
33980,"Morehead City, NC",Micropolitan,2020,2343837.0,1,
33980,"Morehead City, NC",Micropolitan,2021,2505902.0,1,
33980,"Morehead City, NC",Micropolitan,2022,2607991.0,1,
33980,"Morehead City, NC",Micropolitan,2023,2756907.0,1,
33980,"Morehead City, NC",Micropolitan,2024,2867261.0,1,
34020,"Morgan City, LA",Micropolitan,2019,2515352.0,1,
34020,"Morgan City, LA",Micropolitan,2020,2469678.0,1,
34020,"Morgan City, LA",Micropolitan,2021,2702980.0,1,
34020,"Morgan City, LA",Micropolitan,2022,2762136.0,1,
34020,"Morgan City, LA",Micropolitan,2023,2950176.0,1,
34020,"Morgan City, LA",Micropolitan,2024,2875505.0,1,
34060,"Morgantown, WV",Metropolitan,2019,7659935.0,2,
34060,"Morgantown, WV",Metropolitan,2020,7604189.0,2,
34060,"Morgantown, WV",Metropolitan,2021,7878463.0,2,
34060,"Morgantown, WV",Metropolitan,2022,7955980.0,2,
34060,"Morgantown, WV",Metropolitan,2023,8050874.0,2,
34060,"Morgantown, WV",Metropolitan,2024,8221759.0,2,
34100,"Morristown, TN",Metropolitan,2019,4771692.0,2,
34100,"Morristown, TN",Metropolitan,2020,4798710.0,2,
34100,"Morristown, TN",Metropolitan,2021,5160326.0,2,
34100,"Morristown, TN",Metropolitan,2022,5272251.0,2,
34100,"Morristown, TN",Metropolitan,2023,5386920.0,2,
34100,"Morristown, TN",Metropolitan,2024,5582205.0,2,
34140,"Moscow, ID",Micropolitan,2019,1400199.0,1,
34140,"Moscow, ID",Micropolitan,2020,1385391.0,1,
34140,"Moscow, ID",Micropolitan,2021,1528899.0,1,
34140,"Moscow, ID",Micropolitan,2022,1607491.0,1,
34140,"Moscow, ID",Micropolitan,2023,1647193.0,1,
34140,"Moscow, ID",Micropolitan,2024,1644179.0,1,
34180,"Moses Lake, WA",Micropolitan,2019,5723173.0,1,
34180,"Moses Lake, WA",Micropolitan,2020,5772702.0,1,
34180,"Moses Lake, WA",Micropolitan,2021,5808720.0,1,
34180,"Moses Lake, WA",Micropolitan,2022,5647646.0,1,
34180,"Moses Lake, WA",Micropolitan,2023,6760819.0,1,
34180,"Moses Lake, WA",Micropolitan,2024,6812669.0,1,
34220,"Moultrie, GA",Micropolitan,2019,1459933.0,1,
34220,"Moultrie, GA",Micropolitan,2020,1483087.0,1,
34220,"Moultrie, GA",Micropolitan,2021,1521493.0,1,
34220,"Moultrie, GA",Micropolitan,2022,1517543.0,1,
34220,"Moultrie, GA",Micropolitan,2023,1557753.0,1,
34220,"Moultrie, GA",Micropolitan,2024,1609148.0,1,
34260,"Mountain Home, AR",Micropolitan,2019,1587027.0,1,
34260,"Mountain Home, AR",Micropolitan,2020,1562929.0,1,
34260,"Mountain Home, AR",Micropolitan,2021,1620697.0,1,
34260,"Mountain Home, AR",Micropolitan,2022,1704065.0,1,
34260,"Mountain Home, AR",Micropolitan,2023,1719224.0,1,
34260,"Mountain Home, AR",Micropolitan,2024,1748671.0,1,
34300,"Mountain Home, ID",Micropolitan,2019,1263326.0,1,
34300,"Mountain Home, ID",Micropolitan,2020,1258230.0,1,
34300,"Mountain Home, ID",Micropolitan,2021,1292828.0,1,
34300,"Mountain Home, ID",Micropolitan,2022,1299747.0,1,
34300,"Mountain Home, ID",Micropolitan,2023,1377145.0,1,
34300,"Mountain Home, ID",Micropolitan,2024,1484687.0,1,
34340,"Mount Airy, NC",Micropolitan,2019,2504327.0,1,
34340,"Mount Airy, NC",Micropolitan,2020,2398229.0,1,
34340,"Mount Airy, NC",Micropolitan,2021,2558172.0,1,
34340,"Mount Airy, NC",Micropolitan,2022,2599256.0,1,
34340,"Mount Airy, NC",Micropolitan,2023,2626897.0,1,
34340,"Mount Airy, NC",Micropolitan,2024,2685819.0,1,
34380,"Mount Pleasant, MI",Micropolitan,2019,2409283.0,1,
34380,"Mount Pleasant, MI",Micropolitan,2020,2351377.0,1,
34380,"Mount Pleasant, MI",Micropolitan,2021,2465386.0,1,
34380,"Mount Pleasant, MI",Micropolitan,2022,2460547.0,1,
34380,"Mount Pleasant, MI",Micropolitan,2023,2516491.0,1,
34380,"Mount Pleasant, MI",Micropolitan,2024,2498065.0,1,
34420,"Mount Pleasant, TX",Micropolitan,2019,2774716.0,3,
34420,"Mount Pleasant, TX",Micropolitan,2020,2599025.0,3,
34420,"Mount Pleasant, TX",Micropolitan,2021,2836210.0,3,
34420,"Mount Pleasant, TX",Micropolitan,2022,3199448.0,3,
34420,"Mount Pleasant, TX",Micropolitan,2023,3172071.0,3,
34420,"Mount Pleasant, TX",Micropolitan,2024,3411656.0,3,
34460,"Mount Sterling, KY",Micropolitan,2019,1312857.0,3,
34460,"Mount Sterling, KY",Micropolitan,2020,1256144.0,3,
34460,"Mount Sterling, KY",Micropolitan,2021,1308765.0,3,
34460,"Mount Sterling, KY",Micropolitan,2022,1399383.0,3,
34460,"Mount Sterling, KY",Micropolitan,2023,1364881.0,3,
34460,"Mount Sterling, KY",Micropolitan,2024,1375994.0,3,
34500,"Mount Vernon, IL",Micropolitan,2019,1891398.0,1,
34500,"Mount Vernon, IL",Micropolitan,2020,1751263.0,1,
34500,"Mount Vernon, IL",Micropolitan,2021,1810615.0,1,
34500,"Mount Vernon, IL",Micropolitan,2022,1794716.0,1,
34500,"Mount Vernon, IL",Micropolitan,2023,1774719.0,1,
34500,"Mount Vernon, IL",Micropolitan,2024,1796801.0,1,
34540,"Mount Vernon, OH",Micropolitan,2019,2142188.0,1,
34540,"Mount Vernon, OH",Micropolitan,2020,2013534.0,1,
34540,"Mount Vernon, OH",Micropolitan,2021,2114650.0,1,
34540,"Mount Vernon, OH",Micropolitan,2022,2143860.0,1,
34540,"Mount Vernon, OH",Micropolitan,2023,2286451.0,1,
34540,"Mount Vernon, OH",Micropolitan,2024,2320555.0,1,
34580,"Mount Vernon-Anacortes, WA",Metropolitan,2019,6686473.0,1,
34580,"Mount Vernon-Anacortes, WA",Metropolitan,2020,6677173.0,1,
34580,"Mount Vernon-Anacortes, WA",Metropolitan,2021,6517934.0,1,
34580,"Mount Vernon-Anacortes, WA",Metropolitan,2022,6503870.0,1,
34580,"Mount Vernon-Anacortes, WA",Metropolitan,2023,6577017.0,1,
34580,"Mount Vernon-Anacortes, WA",Metropolitan,2024,7177856.0,1,
34620,"Muncie, IN",Metropolitan,2019,4130329.0,1,
34620,"Muncie, IN",Metropolitan,2020,4042093.0,1,
34620,"Muncie, IN",Metropolitan,2021,4165420.0,1,
34620,"Muncie, IN",Metropolitan,2022,4267409.0,1,
34620,"Muncie, IN",Metropolitan,2023,4255288.0,1,
34620,"Muncie, IN",Metropolitan,2024,4278280.0,1,
34660,"Murray, KY",Micropolitan,2019,1452569.0,1,
34660,"Murray, KY",Micropolitan,2020,1411779.0,1,
34660,"Murray, KY",Micropolitan,2021,1416582.0,1,
34660,"Murray, KY",Micropolitan,2022,1406427.0,1,
34660,"Murray, KY",Micropolitan,2023,1439138.0,1,
34660,"Murray, KY",Micropolitan,2024,1463124.0,1,
34680,"Murrells Inlet, SC",Micropolitan,2019,2553695.0,1,
34680,"Murrells Inlet, SC",Micropolitan,2020,2573988.0,1,
34680,"Murrells Inlet, SC",Micropolitan,2021,2762903.0,1,
34680,"Murrells Inlet, SC",Micropolitan,2022,2814795.0,1,
34680,"Murrells Inlet, SC",Micropolitan,2023,2928468.0,1,
34680,"Murrells Inlet, SC",Micropolitan,2024,3080854.0,1,
34700,"Muscatine, IA",Micropolitan,2019,2578408.0,1,
34700,"Muscatine, IA",Micropolitan,2020,2545990.0,1,
34700,"Muscatine, IA",Micropolitan,2021,2588316.0,1,
34700,"Muscatine, IA",Micropolitan,2022,2593837.0,1,
34700,"Muscatine, IA",Micropolitan,2023,2518379.0,1,
34700,"Muscatine, IA",Micropolitan,2024,2577854.0,1,
34740,"Muskegon-Norton Shores, MI",Metropolitan,2019,6169878.0,1,
34740,"Muskegon-Norton Shores, MI",Metropolitan,2020,5952702.0,1,
34740,"Muskegon-Norton Shores, MI",Metropolitan,2021,6056965.0,1,
34740,"Muskegon-Norton Shores, MI",Metropolitan,2022,6231610.0,1,
34740,"Muskegon-Norton Shores, MI",Metropolitan,2023,6448375.0,1,
34740,"Muskegon-Norton Shores, MI",Metropolitan,2024,6688142.0,1,
34780,"Muskogee, OK",Micropolitan,2019,2783947.0,1,
34780,"Muskogee, OK",Micropolitan,2020,2747448.0,1,
34780,"Muskogee, OK",Micropolitan,2021,2793873.0,1,
34780,"Muskogee, OK",Micropolitan,2022,2835760.0,1,
34780,"Muskogee, OK",Micropolitan,2023,2801953.0,1,
34780,"Muskogee, OK",Micropolitan,2024,2857882.0,1,
34820,"Myrtle Beach-Conway-North Myrtle Beach, SC",Metropolitan,2019,13908355.0,1,
34820,"Myrtle Beach-Conway-North Myrtle Beach, SC",Metropolitan,2020,13637814.0,1,
34820,"Myrtle Beach-Conway-North Myrtle Beach, SC",Metropolitan,2021,14779402.0,1,
34820,"Myrtle Beach-Conway-North Myrtle Beach, SC",Metropolitan,2022,15654603.0,1,
34820,"Myrtle Beach-Conway-North Myrtle Beach, SC",Metropolitan,2023,16843032.0,1,
34820,"Myrtle Beach-Conway-North Myrtle Beach, SC",Metropolitan,2024,17567956.0,1,
34860,"Nacogdoches, TX",Micropolitan,2019,2423688.0,1,
34860,"Nacogdoches, TX",Micropolitan,2020,2469484.0,1,
34860,"Nacogdoches, TX",Micropolitan,2021,2607856.0,1,
34860,"Nacogdoches, TX",Micropolitan,2022,2691796.0,1,
34860,"Nacogdoches, TX",Micropolitan,2023,2814430.0,1,
34860,"Nacogdoches, TX",Micropolitan,2024,2903057.0,1,
34880,"Nantucket, MA",Micropolitan,2019,1348638.0,1,
34880,"Nantucket, MA",Micropolitan,2020,1256337.0,1,
34880,"Nantucket, MA",Micropolitan,2021,1383706.0,1,
34880,"Nantucket, MA",Micropolitan,2022,1475688.0,1,
34880,"Nantucket, MA",Micropolitan,2023,1532716.0,1,
34880,"Nantucket, MA",Micropolitan,2024,1592151.0,1,
34900,"Napa, CA",Metropolitan,2019,11004396.0,1,
34900,"Napa, CA",Metropolitan,2020,10453531.0,1,
34900,"Napa, CA",Metropolitan,2021,11455005.0,1,
34900,"Napa, CA",Metropolitan,2022,10970744.0,1,
34900,"Napa, CA",Metropolitan,2023,11223179.0,1,
34900,"Napa, CA",Metropolitan,2024,11313745.0,1,
34940,"Naples-Marco Island, FL",Metropolitan,2019,20507135.0,1,
34940,"Naples-Marco Island, FL",Metropolitan,2020,20374334.0,1,
34940,"Naples-Marco Island, FL",Metropolitan,2021,23000217.0,1,
34940,"Naples-Marco Island, FL",Metropolitan,2022,24257787.0,1,
34940,"Naples-Marco Island, FL",Metropolitan,2023,26291544.0,1,
34940,"Naples-Marco Island, FL",Metropolitan,2024,27820258.0,1,
34980,"Nashville-Davidson--Murfreesboro--Franklin, TN",Metropolitan,2019,139822929.0,14,
34980,"Nashville-Davidson--Murfreesboro--Franklin, TN",Metropolitan,2020,138846617.0,14,
34980,"Nashville-Davidson--Murfreesboro--Franklin, TN",Metropolitan,2021,154690139.0,14,
34980,"Nashville-Davidson--Murfreesboro--Franklin, TN",Metropolitan,2022,164122429.0,14,
34980,"Nashville-Davidson--Murfreesboro--Franklin, TN",Metropolitan,2023,171874871.0,14,
34980,"Nashville-Davidson--Murfreesboro--Franklin, TN",Metropolitan,2024,178201103.0,14,
35020,"Natchez, MS-LA",Micropolitan,2019,1649299.0,3,
35020,"Natchez, MS-LA",Micropolitan,2020,1541484.0,3,
35020,"Natchez, MS-LA",Micropolitan,2021,1615613.0,3,
35020,"Natchez, MS-LA",Micropolitan,2022,1605046.0,3,
35020,"Natchez, MS-LA",Micropolitan,2023,1603664.0,3,
35020,"Natchez, MS-LA",Micropolitan,2024,1645685.0,3,
35060,"Natchitoches, LA",Micropolitan,2019,1427065.0,1,
35060,"Natchitoches, LA",Micropolitan,2020,1452762.0,1,
35060,"Natchitoches, LA",Micropolitan,2021,1595653.0,1,
35060,"Natchitoches, LA",Micropolitan,2022,1562756.0,1,
35060,"Natchitoches, LA",Micropolitan,2023,1511906.0,1,
35060,"Natchitoches, LA",Micropolitan,2024,1506279.0,1,
35100,"New Bern, NC",Micropolitan,2019,5463257.0,3,
35100,"New Bern, NC",Micropolitan,2020,5319171.0,3,
35100,"New Bern, NC",Micropolitan,2021,5621569.0,3,
35100,"New Bern, NC",Micropolitan,2022,5531143.0,3,
35100,"New Bern, NC",Micropolitan,2023,5645312.0,3,
35100,"New Bern, NC",Micropolitan,2024,5823532.0,3,
35140,"Newberry, SC",Micropolitan,2019,1413821.0,1,
35140,"Newberry, SC",Micropolitan,2020,1343884.0,1,
35140,"Newberry, SC",Micropolitan,2021,1407662.0,1,
35140,"Newberry, SC",Micropolitan,2022,1501360.0,1,
35140,"Newberry, SC",Micropolitan,2023,1489244.0,1,
35140,"Newberry, SC",Micropolitan,2024,1525680.0,1,
35220,"New Castle, IN",Micropolitan,2019,1363001.0,1,
35220,"New Castle, IN",Micropolitan,2020,1369859.0,1,
35220,"New Castle, IN",Micropolitan,2021,1504510.0,1,
35220,"New Castle, IN",Micropolitan,2022,1519414.0,1,
35220,"New Castle, IN",Micropolitan,2023,1525277.0,1,
35220,"New Castle, IN",Micropolitan,2024,1534673.0,1,
35300,"New Haven, CT",Metropolitan,2019,,1,incomplete_county_coverage
35300,"New Haven, CT",Metropolitan,2020,,1,incomplete_county_coverage
35300,"New Haven, CT",Metropolitan,2021,,1,incomplete_county_coverage
35300,"New Haven, CT",Metropolitan,2022,,1,incomplete_county_coverage
35300,"New Haven, CT",Metropolitan,2023,,1,incomplete_county_coverage
35300,"New Haven, CT",Metropolitan,2024,40204020.0,1,
35340,"New Iberia, LA",Micropolitan,2019,3091802.0,1,
35340,"New Iberia, LA",Micropolitan,2020,2896300.0,1,
35340,"New Iberia, LA",Micropolitan,2021,2892602.0,1,
35340,"New Iberia, LA",Micropolitan,2022,2744354.0,1,
35340,"New Iberia, LA",Micropolitan,2023,2938696.0,1,
35340,"New Iberia, LA",Micropolitan,2024,3077847.0,1,
35380,"New Orleans-Metairie, LA",Metropolitan,2019,67174425.0,7,
35380,"New Orleans-Metairie, LA",Metropolitan,2020,59130134.0,7,
35380,"New Orleans-Metairie, LA",Metropolitan,2021,65874952.0,7,
35380,"New Orleans-Metairie, LA",Metropolitan,2022,64844047.0,7,
35380,"New Orleans-Metairie, LA",Metropolitan,2023,65731557.0,7,
35380,"New Orleans-Metairie, LA",Metropolitan,2024,68150615.0,7,
35420,"New Philadelphia-Dover, OH",Micropolitan,2019,3811036.0,1,
35420,"New Philadelphia-Dover, OH",Micropolitan,2020,3699568.0,1,
35420,"New Philadelphia-Dover, OH",Micropolitan,2021,3854291.0,1,
35420,"New Philadelphia-Dover, OH",Micropolitan,2022,3709304.0,1,
35420,"New Philadelphia-Dover, OH",Micropolitan,2023,3878864.0,1,
35420,"New Philadelphia-Dover, OH",Micropolitan,2024,4033795.0,1,
35440,"Newport, OR",Micropolitan,2019,1937833.0,1,
35440,"Newport, OR",Micropolitan,2020,1921331.0,1,
35440,"Newport, OR",Micropolitan,2021,1998582.0,1,
35440,"Newport, OR",Micropolitan,2022,2016512.0,1,
35440,"Newport, OR",Micropolitan,2023,2083006.0,1,
35440,"Newport, OR",Micropolitan,2024,2128651.0,1,
35460,"Newport, TN",Micropolitan,2019,772512.0,1,
35460,"Newport, TN",Micropolitan,2020,742542.0,1,
35460,"Newport, TN",Micropolitan,2021,822701.0,1,
35460,"Newport, TN",Micropolitan,2022,844233.0,1,
35460,"Newport, TN",Micropolitan,2023,843092.0,1,
35460,"Newport, TN",Micropolitan,2024,922002.0,1,
35580,"New Ulm, MN",Micropolitan,2019,1446993.0,1,
35580,"New Ulm, MN",Micropolitan,2020,1351373.0,1,
35580,"New Ulm, MN",Micropolitan,2021,1421601.0,1,
35580,"New Ulm, MN",Micropolitan,2022,1442851.0,1,
35580,"New Ulm, MN",Micropolitan,2023,1457954.0,1,
35580,"New Ulm, MN",Micropolitan,2024,1539839.0,1,
35620,"New York-Newark-Jersey City, NY-NJ",Metropolitan,2019,1799709881.0,22,
35620,"New York-Newark-Jersey City, NY-NJ",Metropolitan,2020,1752587647.0,22,
35620,"New York-Newark-Jersey City, NY-NJ",Metropolitan,2021,1843179026.0,22,
35620,"New York-Newark-Jersey City, NY-NJ",Metropolitan,2022,1883663851.0,22,
35620,"New York-Newark-Jersey City, NY-NJ",Metropolitan,2023,1899681538.0,22,
35620,"New York-Newark-Jersey City, NY-NJ",Metropolitan,2024,1945573585.0,22,
35660,"Niles, MI",Metropolitan,2019,7356463.0,1,
35660,"Niles, MI",Metropolitan,2020,7507501.0,1,
35660,"Niles, MI",Metropolitan,2021,7486728.0,1,
35660,"Niles, MI",Metropolitan,2022,7310996.0,1,
35660,"Niles, MI",Metropolitan,2023,7316520.0,1,
35660,"Niles, MI",Metropolitan,2024,7356445.0,1,
35700,"Nogales, AZ",Micropolitan,2019,1915298.0,1,
35700,"Nogales, AZ",Micropolitan,2020,1952446.0,1,
35700,"Nogales, AZ",Micropolitan,2021,2047296.0,1,
35700,"Nogales, AZ",Micropolitan,2022,2039172.0,1,
35700,"Nogales, AZ",Micropolitan,2023,2098884.0,1,
35700,"Nogales, AZ",Micropolitan,2024,2130410.0,1,
35740,"Norfolk, NE",Micropolitan,2019,3069752.0,3,
35740,"Norfolk, NE",Micropolitan,2020,2990847.0,3,
35740,"Norfolk, NE",Micropolitan,2021,3187720.0,3,
35740,"Norfolk, NE",Micropolitan,2022,3179484.0,3,
35740,"Norfolk, NE",Micropolitan,2023,3400178.0,3,
35740,"Norfolk, NE",Micropolitan,2024,3444682.0,3,
35820,"North Platte, NE",Micropolitan,2019,2254435.0,2,
35820,"North Platte, NE",Micropolitan,2020,2163638.0,2,
35820,"North Platte, NE",Micropolitan,2021,2289545.0,2,
35820,"North Platte, NE",Micropolitan,2022,2260573.0,2,
35820,"North Platte, NE",Micropolitan,2023,2637170.0,2,
35820,"North Platte, NE",Micropolitan,2024,2569517.0,2,
35840,"North Port-Bradenton-Sarasota, FL",Metropolitan,2019,37984360.0,2,
35840,"North Port-Bradenton-Sarasota, FL",Metropolitan,2020,38045044.0,2,
35840,"North Port-Bradenton-Sarasota, FL",Metropolitan,2021,40683545.0,2,
35840,"North Port-Bradenton-Sarasota, FL",Metropolitan,2022,43719712.0,2,
35840,"North Port-Bradenton-Sarasota, FL",Metropolitan,2023,46548127.0,2,
35840,"North Port-Bradenton-Sarasota, FL",Metropolitan,2024,48398236.0,2,
35900,"North Wilkesboro, NC",Micropolitan,2019,2391350.0,1,
35900,"North Wilkesboro, NC",Micropolitan,2020,2343223.0,1,
35900,"North Wilkesboro, NC",Micropolitan,2021,2444051.0,1,
35900,"North Wilkesboro, NC",Micropolitan,2022,2517153.0,1,
35900,"North Wilkesboro, NC",Micropolitan,2023,2420034.0,1,
35900,"North Wilkesboro, NC",Micropolitan,2024,2535014.0,1,
35940,"Norwalk, OH",Micropolitan,2019,2251954.0,1,
35940,"Norwalk, OH",Micropolitan,2020,2250882.0,1,
35940,"Norwalk, OH",Micropolitan,2021,2335669.0,1,
35940,"Norwalk, OH",Micropolitan,2022,2260395.0,1,
35940,"Norwalk, OH",Micropolitan,2023,2268716.0,1,
35940,"Norwalk, OH",Micropolitan,2024,2227477.0,1,
35980,"Norwich-New London-Willimantic, CT",Metropolitan,2019,,1,incomplete_county_coverage
35980,"Norwich-New London-Willimantic, CT",Metropolitan,2020,,1,incomplete_county_coverage
35980,"Norwich-New London-Willimantic, CT",Metropolitan,2021,,1,incomplete_county_coverage
35980,"Norwich-New London-Willimantic, CT",Metropolitan,2022,,1,incomplete_county_coverage
35980,"Norwich-New London-Willimantic, CT",Metropolitan,2023,,1,incomplete_county_coverage
35980,"Norwich-New London-Willimantic, CT",Metropolitan,2024,19316257.0,1,
36020,"Oak Harbor, WA",Micropolitan,2019,3271496.0,1,
36020,"Oak Harbor, WA",Micropolitan,2020,3325467.0,1,
36020,"Oak Harbor, WA",Micropolitan,2021,3554259.0,1,
36020,"Oak Harbor, WA",Micropolitan,2022,3507513.0,1,
36020,"Oak Harbor, WA",Micropolitan,2023,3541426.0,1,
36020,"Oak Harbor, WA",Micropolitan,2024,3623667.0,1,
36100,"Ocala, FL",Metropolitan,2019,10349644.0,1,
36100,"Ocala, FL",Metropolitan,2020,10735911.0,1,
36100,"Ocala, FL",Metropolitan,2021,11596052.0,1,
36100,"Ocala, FL",Metropolitan,2022,12089342.0,1,
36100,"Ocala, FL",Metropolitan,2023,12999067.0,1,
36100,"Ocala, FL",Metropolitan,2024,13570815.0,1,
36180,"Ocean Pines, MD",Micropolitan,2019,2835228.0,1,
36180,"Ocean Pines, MD",Micropolitan,2020,2555320.0,1,
36180,"Ocean Pines, MD",Micropolitan,2021,2910814.0,1,
36180,"Ocean Pines, MD",Micropolitan,2022,2991111.0,1,
36180,"Ocean Pines, MD",Micropolitan,2023,2976581.0,1,
36180,"Ocean Pines, MD",Micropolitan,2024,3142528.0,1,
36220,"Odessa, TX",Metropolitan,2019,12974711.0,1,
36220,"Odessa, TX",Metropolitan,2020,10974379.0,1,
36220,"Odessa, TX",Metropolitan,2021,10883278.0,1,
36220,"Odessa, TX",Metropolitan,2022,11723302.0,1,
36220,"Odessa, TX",Metropolitan,2023,13356754.0,1,
36220,"Odessa, TX",Metropolitan,2024,13751509.0,1,
36260,"Ogden, UT",Metropolitan,2019,27719810.0,3,
36260,"Ogden, UT",Metropolitan,2020,28338399.0,3,
36260,"Ogden, UT",Metropolitan,2021,30113008.0,3,
36260,"Ogden, UT",Metropolitan,2022,30431036.0,3,
36260,"Ogden, UT",Metropolitan,2023,31547114.0,3,
36260,"Ogden, UT",Metropolitan,2024,32895898.0,3,
36340,"Oil City, PA",Micropolitan,2019,1789039.0,1,
36340,"Oil City, PA",Micropolitan,2020,1631226.0,1,
36340,"Oil City, PA",Micropolitan,2021,1691982.0,1,
36340,"Oil City, PA",Micropolitan,2022,1666168.0,1,
36340,"Oil City, PA",Micropolitan,2023,1709234.0,1,
36340,"Oil City, PA",Micropolitan,2024,1687982.0,1,
36380,"Okeechobee, FL",Micropolitan,2019,1547145.0,1,
36380,"Okeechobee, FL",Micropolitan,2020,1662574.0,1,
36380,"Okeechobee, FL",Micropolitan,2021,1693516.0,1,
36380,"Okeechobee, FL",Micropolitan,2022,1873785.0,1,
36380,"Okeechobee, FL",Micropolitan,2023,2181486.0,1,
36380,"Okeechobee, FL",Micropolitan,2024,2175079.0,1,
36420,"Oklahoma City, OK",Metropolitan,2019,78331135.0,7,
36420,"Oklahoma City, OK",Metropolitan,2020,76103714.0,7,
36420,"Oklahoma City, OK",Metropolitan,2021,76866973.0,7,
36420,"Oklahoma City, OK",Metropolitan,2022,76331788.0,7,
36420,"Oklahoma City, OK",Metropolitan,2023,80947612.0,7,
36420,"Oklahoma City, OK",Metropolitan,2024,81694631.0,7,
36460,"Olean, NY",Micropolitan,2019,2893957.0,1,
36460,"Olean, NY",Micropolitan,2020,2688890.0,1,
36460,"Olean, NY",Micropolitan,2021,2791441.0,1,
36460,"Olean, NY",Micropolitan,2022,2821143.0,1,
36460,"Olean, NY",Micropolitan,2023,2921321.0,1,
36460,"Olean, NY",Micropolitan,2024,2990123.0,1,
36500,"Olympia-Lacey-Tumwater, WA",Metropolitan,2019,14069568.0,1,
36500,"Olympia-Lacey-Tumwater, WA",Metropolitan,2020,13769883.0,1,
36500,"Olympia-Lacey-Tumwater, WA",Metropolitan,2021,14783671.0,1,
36500,"Olympia-Lacey-Tumwater, WA",Metropolitan,2022,15824866.0,1,
36500,"Olympia-Lacey-Tumwater, WA",Metropolitan,2023,16063896.0,1,
36500,"Olympia-Lacey-Tumwater, WA",Metropolitan,2024,16900081.0,1,
36540,"Omaha, NE-IA",Metropolitan,2019,66420653.0,8,
36540,"Omaha, NE-IA",Metropolitan,2020,65147623.0,8,
36540,"Omaha, NE-IA",Metropolitan,2021,68911768.0,8,
36540,"Omaha, NE-IA",Metropolitan,2022,74389185.0,8,
36540,"Omaha, NE-IA",Metropolitan,2023,77634052.0,8,
36540,"Omaha, NE-IA",Metropolitan,2024,78643320.0,8,
36580,"Oneonta, NY",Micropolitan,2019,2675228.0,1,
36580,"Oneonta, NY",Micropolitan,2020,2617924.0,1,
36580,"Oneonta, NY",Micropolitan,2021,2650311.0,1,
36580,"Oneonta, NY",Micropolitan,2022,2640189.0,1,
36580,"Oneonta, NY",Micropolitan,2023,2655421.0,1,
36580,"Oneonta, NY",Micropolitan,2024,2745800.0,1,
36620,"Ontario, OR-ID",Micropolitan,2019,2087791.0,2,
36620,"Ontario, OR-ID",Micropolitan,2020,2081994.0,2,
36620,"Ontario, OR-ID",Micropolitan,2021,2075503.0,2,
36620,"Ontario, OR-ID",Micropolitan,2022,2102482.0,2,
36620,"Ontario, OR-ID",Micropolitan,2023,2117474.0,2,
36620,"Ontario, OR-ID",Micropolitan,2024,2179881.0,2,
36660,"Opelousas, LA",Micropolitan,2019,2467271.0,1,
36660,"Opelousas, LA",Micropolitan,2020,2326919.0,1,
36660,"Opelousas, LA",Micropolitan,2021,2436620.0,1,
36660,"Opelousas, LA",Micropolitan,2022,2297752.0,1,
36660,"Opelousas, LA",Micropolitan,2023,2375071.0,1,
36660,"Opelousas, LA",Micropolitan,2024,2427958.0,1,
36700,"Orangeburg, SC",Micropolitan,2019,2843820.0,1,
36700,"Orangeburg, SC",Micropolitan,2020,2704860.0,1,
36700,"Orangeburg, SC",Micropolitan,2021,2807286.0,1,
36700,"Orangeburg, SC",Micropolitan,2022,2895498.0,1,
36700,"Orangeburg, SC",Micropolitan,2023,2835130.0,1,
36700,"Orangeburg, SC",Micropolitan,2024,3075936.0,1,
36740,"Orlando-Kissimmee-Sanford, FL",Metropolitan,2019,146782593.0,4,
36740,"Orlando-Kissimmee-Sanford, FL",Metropolitan,2020,140497265.0,4,
36740,"Orlando-Kissimmee-Sanford, FL",Metropolitan,2021,157117451.0,4,
36740,"Orlando-Kissimmee-Sanford, FL",Metropolitan,2022,167998465.0,4,
36740,"Orlando-Kissimmee-Sanford, FL",Metropolitan,2023,176318486.0,4,
36740,"Orlando-Kissimmee-Sanford, FL",Metropolitan,2024,182500631.0,4,
36780,"Oshkosh-Neenah, WI",Metropolitan,2019,10844062.0,1,
36780,"Oshkosh-Neenah, WI",Metropolitan,2020,10708853.0,1,
36780,"Oshkosh-Neenah, WI",Metropolitan,2021,10967095.0,1,
36780,"Oshkosh-Neenah, WI",Metropolitan,2022,10917842.0,1,
36780,"Oshkosh-Neenah, WI",Metropolitan,2023,10850782.0,1,
36780,"Oshkosh-Neenah, WI",Metropolitan,2024,11107020.0,1,
36820,"Oskaloosa, IA",Micropolitan,2019,870577.0,1,
36820,"Oskaloosa, IA",Micropolitan,2020,820083.0,1,
36820,"Oskaloosa, IA",Micropolitan,2021,894066.0,1,
36820,"Oskaloosa, IA",Micropolitan,2022,899793.0,1,
36820,"Oskaloosa, IA",Micropolitan,2023,854821.0,1,
36820,"Oskaloosa, IA",Micropolitan,2024,873915.0,1,
36830,"Othello, WA",Micropolitan,2019,886408.0,1,
36830,"Othello, WA",Micropolitan,2020,904059.0,1,
36830,"Othello, WA",Micropolitan,2021,854276.0,1,
36830,"Othello, WA",Micropolitan,2022,1074347.0,1,
36830,"Othello, WA",Micropolitan,2023,887006.0,1,
36830,"Othello, WA",Micropolitan,2024,1097173.0,1,
36837,"Ottawa, IL",Micropolitan,2019,7356168.0,3,
36837,"Ottawa, IL",Micropolitan,2020,7097555.0,3,
36837,"Ottawa, IL",Micropolitan,2021,7362793.0,3,
36837,"Ottawa, IL",Micropolitan,2022,7366898.0,3,
36837,"Ottawa, IL",Micropolitan,2023,7368458.0,3,
36837,"Ottawa, IL",Micropolitan,2024,7316887.0,3,
36840,"Ottawa, KS",Micropolitan,2019,900359.0,1,
36840,"Ottawa, KS",Micropolitan,2020,873622.0,1,
36840,"Ottawa, KS",Micropolitan,2021,899313.0,1,
36840,"Ottawa, KS",Micropolitan,2022,860676.0,1,
36840,"Ottawa, KS",Micropolitan,2023,866831.0,1,
36840,"Ottawa, KS",Micropolitan,2024,855043.0,1,
36900,"Ottumwa, IA",Micropolitan,2019,1643259.0,1,
36900,"Ottumwa, IA",Micropolitan,2020,1618427.0,1,
36900,"Ottumwa, IA",Micropolitan,2021,1758331.0,1,
36900,"Ottumwa, IA",Micropolitan,2022,1748943.0,1,
36900,"Ottumwa, IA",Micropolitan,2023,1691547.0,1,
36900,"Ottumwa, IA",Micropolitan,2024,1648497.0,1,
36940,"Owatonna, MN",Micropolitan,2019,2282133.0,1,
36940,"Owatonna, MN",Micropolitan,2020,2143115.0,1,
36940,"Owatonna, MN",Micropolitan,2021,2239876.0,1,
36940,"Owatonna, MN",Micropolitan,2022,2186845.0,1,
36940,"Owatonna, MN",Micropolitan,2023,2142544.0,1,
36940,"Owatonna, MN",Micropolitan,2024,2191557.0,1,
36980,"Owensboro, KY",Metropolitan,2019,4936851.0,2,
36980,"Owensboro, KY",Metropolitan,2020,4819722.0,2,
36980,"Owensboro, KY",Metropolitan,2021,4816776.0,2,
36980,"Owensboro, KY",Metropolitan,2022,4839031.0,2,
36980,"Owensboro, KY",Metropolitan,2023,4941958.0,2,
36980,"Owensboro, KY",Metropolitan,2024,5019501.0,2,
37020,"Owosso, MI",Micropolitan,2019,1727898.0,1,
37020,"Owosso, MI",Micropolitan,2020,1611941.0,1,
37020,"Owosso, MI",Micropolitan,2021,1688899.0,1,
37020,"Owosso, MI",Micropolitan,2022,1827699.0,1,
37020,"Owosso, MI",Micropolitan,2023,1846414.0,1,
37020,"Owosso, MI",Micropolitan,2024,1852187.0,1,
37060,"Oxford, MS",Micropolitan,2019,2480344.0,2,
37060,"Oxford, MS",Micropolitan,2020,2429184.0,2,
37060,"Oxford, MS",Micropolitan,2021,2562378.0,2,
37060,"Oxford, MS",Micropolitan,2022,2597052.0,2,
37060,"Oxford, MS",Micropolitan,2023,2670440.0,2,
37060,"Oxford, MS",Micropolitan,2024,2761471.0,2,
37100,"Oxnard-Thousand Oaks-Ventura, CA",Metropolitan,2019,51708632.0,1,
37100,"Oxnard-Thousand Oaks-Ventura, CA",Metropolitan,2020,51210549.0,1,
37100,"Oxnard-Thousand Oaks-Ventura, CA",Metropolitan,2021,53042459.0,1,
37100,"Oxnard-Thousand Oaks-Ventura, CA",Metropolitan,2022,52823407.0,1,
37100,"Oxnard-Thousand Oaks-Ventura, CA",Metropolitan,2023,53192535.0,1,
37100,"Oxnard-Thousand Oaks-Ventura, CA",Metropolitan,2024,55123601.0,1,
37120,"Ozark, AL",Micropolitan,2019,2824574.0,1,
37120,"Ozark, AL",Micropolitan,2020,2781362.0,1,
37120,"Ozark, AL",Micropolitan,2021,2915655.0,1,
37120,"Ozark, AL",Micropolitan,2022,2918859.0,1,
37120,"Ozark, AL",Micropolitan,2023,3044364.0,1,
37120,"Ozark, AL",Micropolitan,2024,3114449.0,1,
37140,"Paducah, KY-IL",Metropolitan,2019,5644659.0,5,
37140,"Paducah, KY-IL",Metropolitan,2020,5571757.0,5,
37140,"Paducah, KY-IL",Metropolitan,2021,6068672.0,5,
37140,"Paducah, KY-IL",Metropolitan,2022,6272797.0,5,
37140,"Paducah, KY-IL",Metropolitan,2023,6367763.0,5,
37140,"Paducah, KY-IL",Metropolitan,2024,6546431.0,5,
37220,"Pahrump, NV",Micropolitan,2019,1672114.0,1,
37220,"Pahrump, NV",Micropolitan,2020,1772019.0,1,
37220,"Pahrump, NV",Micropolitan,2021,1823880.0,1,
37220,"Pahrump, NV",Micropolitan,2022,1807204.0,1,
37220,"Pahrump, NV",Micropolitan,2023,1928191.0,1,
37220,"Pahrump, NV",Micropolitan,2024,2029210.0,1,
37260,"Palatka, FL",Micropolitan,2019,2185449.0,1,
37260,"Palatka, FL",Micropolitan,2020,2269791.0,1,
37260,"Palatka, FL",Micropolitan,2021,2215702.0,1,
37260,"Palatka, FL",Micropolitan,2022,2280284.0,1,
37260,"Palatka, FL",Micropolitan,2023,2690436.0,1,
37260,"Palatka, FL",Micropolitan,2024,2705030.0,1,
37300,"Palestine, TX",Micropolitan,2019,1990730.0,1,
37300,"Palestine, TX",Micropolitan,2020,1967434.0,1,
37300,"Palestine, TX",Micropolitan,2021,2071620.0,1,
37300,"Palestine, TX",Micropolitan,2022,2106124.0,1,
37300,"Palestine, TX",Micropolitan,2023,2175518.0,1,
37300,"Palestine, TX",Micropolitan,2024,2150054.0,1,
37340,"Palm Bay-Melbourne-Titusville, FL",Metropolitan,2019,26538360.0,1,
37340,"Palm Bay-Melbourne-Titusville, FL",Metropolitan,2020,26833411.0,1,
37340,"Palm Bay-Melbourne-Titusville, FL",Metropolitan,2021,29793769.0,1,
37340,"Palm Bay-Melbourne-Titusville, FL",Metropolitan,2022,31676923.0,1,
37340,"Palm Bay-Melbourne-Titusville, FL",Metropolitan,2023,33657805.0,1,
37340,"Palm Bay-Melbourne-Titusville, FL",Metropolitan,2024,35095914.0,1,
37420,"Pampa, TX",Micropolitan,2019,1238752.0,2,
37420,"Pampa, TX",Micropolitan,2020,1175078.0,2,
37420,"Pampa, TX",Micropolitan,2021,1178029.0,2,
37420,"Pampa, TX",Micropolitan,2022,1165853.0,2,
37420,"Pampa, TX",Micropolitan,2023,1311777.0,2,
37420,"Pampa, TX",Micropolitan,2024,1310669.0,2,
37460,"Panama City-Panama City Beach, FL",Metropolitan,2019,9226188.0,2,
37460,"Panama City-Panama City Beach, FL",Metropolitan,2020,9331531.0,2,
37460,"Panama City-Panama City Beach, FL",Metropolitan,2021,10121649.0,2,
37460,"Panama City-Panama City Beach, FL",Metropolitan,2022,10459360.0,2,
37460,"Panama City-Panama City Beach, FL",Metropolitan,2023,10911961.0,2,
37460,"Panama City-Panama City Beach, FL",Metropolitan,2024,11164132.0,2,
37500,"Paragould, AR",Micropolitan,2019,1495220.0,1,
37500,"Paragould, AR",Micropolitan,2020,1472589.0,1,
37500,"Paragould, AR",Micropolitan,2021,1633644.0,1,
37500,"Paragould, AR",Micropolitan,2022,1457884.0,1,
37500,"Paragould, AR",Micropolitan,2023,1591205.0,1,
37500,"Paragould, AR",Micropolitan,2024,1603557.0,1,
37540,"Paris, TN",Micropolitan,2019,1223654.0,1,
37540,"Paris, TN",Micropolitan,2020,1189012.0,1,
37540,"Paris, TN",Micropolitan,2021,1311852.0,1,
37540,"Paris, TN",Micropolitan,2022,1315326.0,1,
37540,"Paris, TN",Micropolitan,2023,1365455.0,1,
37540,"Paris, TN",Micropolitan,2024,1287446.0,1,
37580,"Paris, TX",Micropolitan,2019,2980215.0,2,
37580,"Paris, TX",Micropolitan,2020,2784835.0,2,
37580,"Paris, TX",Micropolitan,2021,2968505.0,2,
37580,"Paris, TX",Micropolitan,2022,3073607.0,2,
37580,"Paris, TX",Micropolitan,2023,3144416.0,2,
37580,"Paris, TX",Micropolitan,2024,3180205.0,2,
37620,"Parkersburg-Vienna, WV",Metropolitan,2019,3548673.0,2,
37620,"Parkersburg-Vienna, WV",Metropolitan,2020,3536140.0,2,
37620,"Parkersburg-Vienna, WV",Metropolitan,2021,3687963.0,2,
37620,"Parkersburg-Vienna, WV",Metropolitan,2022,3659835.0,2,
37620,"Parkersburg-Vienna, WV",Metropolitan,2023,3741258.0,2,
37620,"Parkersburg-Vienna, WV",Metropolitan,2024,3817265.0,2,
37740,"Payson, AZ",Micropolitan,2019,1637089.0,1,
37740,"Payson, AZ",Micropolitan,2020,1732748.0,1,
37740,"Payson, AZ",Micropolitan,2021,1862550.0,1,
37740,"Payson, AZ",Micropolitan,2022,1759262.0,1,
37740,"Payson, AZ",Micropolitan,2023,1803720.0,1,
37740,"Payson, AZ",Micropolitan,2024,1821016.0,1,
37800,"Pella, IA",Micropolitan,2019,2180354.0,1,
37800,"Pella, IA",Micropolitan,2020,2105257.0,1,
37800,"Pella, IA",Micropolitan,2021,2088609.0,1,
37800,"Pella, IA",Micropolitan,2022,2048705.0,1,
37800,"Pella, IA",Micropolitan,2023,2136959.0,1,
37800,"Pella, IA",Micropolitan,2024,2078419.0,1,
37860,"Pensacola-Ferry Pass-Brent, FL",Metropolitan,2019,20943659.0,2,
37860,"Pensacola-Ferry Pass-Brent, FL",Metropolitan,2020,20943878.0,2,
37860,"Pensacola-Ferry Pass-Brent, FL",Metropolitan,2021,22520248.0,2,
37860,"Pensacola-Ferry Pass-Brent, FL",Metropolitan,2022,23309926.0,2,
37860,"Pensacola-Ferry Pass-Brent, FL",Metropolitan,2023,24021945.0,2,
37860,"Pensacola-Ferry Pass-Brent, FL",Metropolitan,2024,25017832.0,2,
37900,"Peoria, IL",Metropolitan,2019,20544485.0,5,
37900,"Peoria, IL",Metropolitan,2020,19274145.0,5,
37900,"Peoria, IL",Metropolitan,2021,20272391.0,5,
37900,"Peoria, IL",Metropolitan,2022,21077011.0,5,
37900,"Peoria, IL",Metropolitan,2023,20684910.0,5,
37900,"Peoria, IL",Metropolitan,2024,21191519.0,5,
37940,"Peru, IN",Micropolitan,2019,958755.0,1,
37940,"Peru, IN",Micropolitan,2020,911183.0,1,
37940,"Peru, IN",Micropolitan,2021,953443.0,1,
37940,"Peru, IN",Micropolitan,2022,908881.0,1,
37940,"Peru, IN",Micropolitan,2023,933930.0,1,
37940,"Peru, IN",Micropolitan,2024,969117.0,1,
37950,"Petoskey, MI",Micropolitan,2019,1772400.0,1,
37950,"Petoskey, MI",Micropolitan,2020,1668110.0,1,
37950,"Petoskey, MI",Micropolitan,2021,1865153.0,1,
37950,"Petoskey, MI",Micropolitan,2022,1898096.0,1,
37950,"Petoskey, MI",Micropolitan,2023,1943386.0,1,
37950,"Petoskey, MI",Micropolitan,2024,2002314.0,1,
37980,"Philadelphia-Camden-Wilmington, PA-NJ-DE-MD",Metropolitan,2019,436917311.0,11,
37980,"Philadelphia-Camden-Wilmington, PA-NJ-DE-MD",Metropolitan,2020,421780201.0,11,
37980,"Philadelphia-Camden-Wilmington, PA-NJ-DE-MD",Metropolitan,2021,439136932.0,11,
37980,"Philadelphia-Camden-Wilmington, PA-NJ-DE-MD",Metropolitan,2022,452577848.0,11,
37980,"Philadelphia-Camden-Wilmington, PA-NJ-DE-MD",Metropolitan,2023,456227795.0,11,
37980,"Philadelphia-Camden-Wilmington, PA-NJ-DE-MD",Metropolitan,2024,465122759.0,11,
38060,"Phoenix-Mesa-Chandler, AZ",Metropolitan,2019,269398775.0,2,
38060,"Phoenix-Mesa-Chandler, AZ",Metropolitan,2020,275564506.0,2,
38060,"Phoenix-Mesa-Chandler, AZ",Metropolitan,2021,299871423.0,2,
38060,"Phoenix-Mesa-Chandler, AZ",Metropolitan,2022,315996321.0,2,
38060,"Phoenix-Mesa-Chandler, AZ",Metropolitan,2023,326711390.0,2,
38060,"Phoenix-Mesa-Chandler, AZ",Metropolitan,2024,342520842.0,2,
38100,"Picayune, MS",Micropolitan,2019,1140525.0,1,
38100,"Picayune, MS",Micropolitan,2020,1070766.0,1,
38100,"Picayune, MS",Micropolitan,2021,1043075.0,1,
38100,"Picayune, MS",Micropolitan,2022,1088218.0,1,
38100,"Picayune, MS",Micropolitan,2023,1135024.0,1,
38100,"Picayune, MS",Micropolitan,2024,1171361.0,1,
38180,"Pierre, SD",Micropolitan,2019,1398800.0,2,
38180,"Pierre, SD",Micropolitan,2020,1295562.0,2,
38180,"Pierre, SD",Micropolitan,2021,1369070.0,2,
38180,"Pierre, SD",Micropolitan,2022,1326170.0,2,
38180,"Pierre, SD",Micropolitan,2023,1401259.0,2,
38180,"Pierre, SD",Micropolitan,2024,1432245.0,2,
38210,"Pikeville, KY",Micropolitan,2019,3153661.0,2,
38210,"Pikeville, KY",Micropolitan,2020,2884848.0,2,
38210,"Pikeville, KY",Micropolitan,2021,2977037.0,2,
38210,"Pikeville, KY",Micropolitan,2022,3030780.0,2,
38210,"Pikeville, KY",Micropolitan,2023,3163992.0,2,
38210,"Pikeville, KY",Micropolitan,2024,3177354.0,2,
38220,"Pine Bluff, AR",Micropolitan,2019,3163517.0,2,
38220,"Pine Bluff, AR",Micropolitan,2020,2964471.0,2,
38220,"Pine Bluff, AR",Micropolitan,2021,3166367.0,2,
38220,"Pine Bluff, AR",Micropolitan,2022,3038900.0,2,
38220,"Pine Bluff, AR",Micropolitan,2023,2931525.0,2,
38220,"Pine Bluff, AR",Micropolitan,2024,2847470.0,2,
38240,"Pinehurst-Southern Pines, NC",Metropolitan,2019,3738607.0,1,
38240,"Pinehurst-Southern Pines, NC",Metropolitan,2020,3754298.0,1,
38240,"Pinehurst-Southern Pines, NC",Metropolitan,2021,3885049.0,1,
38240,"Pinehurst-Southern Pines, NC",Metropolitan,2022,4222912.0,1,
38240,"Pinehurst-Southern Pines, NC",Metropolitan,2023,4310296.0,1,
38240,"Pinehurst-Southern Pines, NC",Metropolitan,2024,4459182.0,1,
38260,"Pittsburg, KS",Micropolitan,2019,1714946.0,1,
38260,"Pittsburg, KS",Micropolitan,2020,1644089.0,1,
38260,"Pittsburg, KS",Micropolitan,2021,1683410.0,1,
38260,"Pittsburg, KS",Micropolitan,2022,1664498.0,1,
38260,"Pittsburg, KS",Micropolitan,2023,1679055.0,1,
38260,"Pittsburg, KS",Micropolitan,2024,1634395.0,1,
38300,"Pittsburgh, PA",Metropolitan,2019,159021101.0,8,
38300,"Pittsburgh, PA",Metropolitan,2020,151282740.0,8,
38300,"Pittsburgh, PA",Metropolitan,2021,156749151.0,8,
38300,"Pittsburgh, PA",Metropolitan,2022,157719272.0,8,
38300,"Pittsburgh, PA",Metropolitan,2023,162397490.0,8,
38300,"Pittsburgh, PA",Metropolitan,2024,164811021.0,8,
38340,"Pittsfield, MA",Metropolitan,2019,6979170.0,1,
38340,"Pittsfield, MA",Metropolitan,2020,6813838.0,1,
38340,"Pittsfield, MA",Metropolitan,2021,6948067.0,1,
38340,"Pittsfield, MA",Metropolitan,2022,7117963.0,1,
38340,"Pittsfield, MA",Metropolitan,2023,7093069.0,1,
38340,"Pittsfield, MA",Metropolitan,2024,7205142.0,1,
38380,"Plainview, TX",Micropolitan,2019,1620108.0,2,
38380,"Plainview, TX",Micropolitan,2020,1566514.0,2,
38380,"Plainview, TX",Micropolitan,2021,1626300.0,2,
38380,"Plainview, TX",Micropolitan,2022,1662475.0,2,
38380,"Plainview, TX",Micropolitan,2023,1648062.0,2,
38380,"Plainview, TX",Micropolitan,2024,1648557.0,2,
38420,"Platteville, WI",Micropolitan,2019,2271963.0,1,
38420,"Platteville, WI",Micropolitan,2020,2162877.0,1,
38420,"Platteville, WI",Micropolitan,2021,2216616.0,1,
38420,"Platteville, WI",Micropolitan,2022,2175738.0,1,
38420,"Platteville, WI",Micropolitan,2023,2301612.0,1,
38420,"Platteville, WI",Micropolitan,2024,2341197.0,1,
38460,"Plattsburgh, NY",Micropolitan,2019,3672522.0,1,
38460,"Plattsburgh, NY",Micropolitan,2020,3538404.0,1,
38460,"Plattsburgh, NY",Micropolitan,2021,3590733.0,1,
38460,"Plattsburgh, NY",Micropolitan,2022,3644343.0,1,
38460,"Plattsburgh, NY",Micropolitan,2023,3704945.0,1,
38460,"Plattsburgh, NY",Micropolitan,2024,3779778.0,1,
38500,"Plymouth, IN",Micropolitan,2019,1662820.0,1,
38500,"Plymouth, IN",Micropolitan,2020,1630622.0,1,
38500,"Plymouth, IN",Micropolitan,2021,1681394.0,1,
38500,"Plymouth, IN",Micropolitan,2022,1679757.0,1,
38500,"Plymouth, IN",Micropolitan,2023,1743227.0,1,
38500,"Plymouth, IN",Micropolitan,2024,1786933.0,1,
38540,"Pocatello, ID",Metropolitan,2019,2864376.0,1,
38540,"Pocatello, ID",Metropolitan,2020,2899919.0,1,
38540,"Pocatello, ID",Metropolitan,2021,3038811.0,1,
38540,"Pocatello, ID",Metropolitan,2022,3182497.0,1,
38540,"Pocatello, ID",Metropolitan,2023,3309969.0,1,
38540,"Pocatello, ID",Metropolitan,2024,3410715.0,1,
38620,"Ponca City, OK",Micropolitan,2019,1815808.0,1,
38620,"Ponca City, OK",Micropolitan,2020,1790559.0,1,
38620,"Ponca City, OK",Micropolitan,2021,1855968.0,1,
38620,"Ponca City, OK",Micropolitan,2022,1865335.0,1,
38620,"Ponca City, OK",Micropolitan,2023,1869771.0,1,
38620,"Ponca City, OK",Micropolitan,2024,1856105.0,1,
38700,"Pontiac, IL",Micropolitan,2019,1935256.0,1,
38700,"Pontiac, IL",Micropolitan,2020,1891518.0,1,
38700,"Pontiac, IL",Micropolitan,2021,2040724.0,1,
38700,"Pontiac, IL",Micropolitan,2022,2153655.0,1,
38700,"Pontiac, IL",Micropolitan,2023,2140782.0,1,
38700,"Pontiac, IL",Micropolitan,2024,2264241.0,1,
38740,"Poplar Bluff, MO",Micropolitan,2019,1422373.0,1,
38740,"Poplar Bluff, MO",Micropolitan,2020,1447762.0,1,
38740,"Poplar Bluff, MO",Micropolitan,2021,1490743.0,1,
38740,"Poplar Bluff, MO",Micropolitan,2022,1494885.0,1,
38740,"Poplar Bluff, MO",Micropolitan,2023,1522508.0,1,
38740,"Poplar Bluff, MO",Micropolitan,2024,1518971.0,1,
38820,"Port Angeles, WA",Micropolitan,2019,2561804.0,1,
38820,"Port Angeles, WA",Micropolitan,2020,2510570.0,1,
38820,"Port Angeles, WA",Micropolitan,2021,2688636.0,1,
38820,"Port Angeles, WA",Micropolitan,2022,2777591.0,1,
38820,"Port Angeles, WA",Micropolitan,2023,2806288.0,1,
38820,"Port Angeles, WA",Micropolitan,2024,2940757.0,1,
38860,"Portland-South Portland, ME",Metropolitan,2019,33266450.0,3,
38860,"Portland-South Portland, ME",Metropolitan,2020,34100493.0,3,
38860,"Portland-South Portland, ME",Metropolitan,2021,36691385.0,3,
38860,"Portland-South Portland, ME",Metropolitan,2022,37680281.0,3,
38860,"Portland-South Portland, ME",Metropolitan,2023,39379285.0,3,
38860,"Portland-South Portland, ME",Metropolitan,2024,40677065.0,3,
38900,"Portland-Vancouver-Hillsboro, OR-WA",Metropolitan,2019,166741795.0,7,
38900,"Portland-Vancouver-Hillsboro, OR-WA",Metropolitan,2020,164017295.0,7,
38900,"Portland-Vancouver-Hillsboro, OR-WA",Metropolitan,2021,175123665.0,7,
38900,"Portland-Vancouver-Hillsboro, OR-WA",Metropolitan,2022,178095853.0,7,
38900,"Portland-Vancouver-Hillsboro, OR-WA",Metropolitan,2023,178990717.0,7,
38900,"Portland-Vancouver-Hillsboro, OR-WA",Metropolitan,2024,181471073.0,7,
38920,"Port Lavaca, TX",Micropolitan,2019,3327376.0,1,
38920,"Port Lavaca, TX",Micropolitan,2020,3205143.0,1,
38920,"Port Lavaca, TX",Micropolitan,2021,3872180.0,1,
38920,"Port Lavaca, TX",Micropolitan,2022,3752014.0,1,
38920,"Port Lavaca, TX",Micropolitan,2023,3786417.0,1,
38920,"Port Lavaca, TX",Micropolitan,2024,4206466.0,1,
38940,"Port St. Lucie, FL",Metropolitan,2019,17624287.0,2,
38940,"Port St. Lucie, FL",Metropolitan,2020,18594589.0,2,
38940,"Port St. Lucie, FL",Metropolitan,2021,19571187.0,2,
38940,"Port St. Lucie, FL",Metropolitan,2022,20890403.0,2,
38940,"Port St. Lucie, FL",Metropolitan,2023,22168900.0,2,
38940,"Port St. Lucie, FL",Metropolitan,2024,22398167.0,2,
39020,"Portsmouth, OH",Micropolitan,2019,2675077.0,1,
39020,"Portsmouth, OH",Micropolitan,2020,2461428.0,1,
39020,"Portsmouth, OH",Micropolitan,2021,2684768.0,1,
39020,"Portsmouth, OH",Micropolitan,2022,2650541.0,1,
39020,"Portsmouth, OH",Micropolitan,2023,2665419.0,1,
39020,"Portsmouth, OH",Micropolitan,2024,2715135.0,1,
39040,"Port Townsend, WA",Micropolitan,2019,1245521.0,1,
39040,"Port Townsend, WA",Micropolitan,2020,1214868.0,1,
39040,"Port Townsend, WA",Micropolitan,2021,1265030.0,1,
39040,"Port Townsend, WA",Micropolitan,2022,1340423.0,1,
39040,"Port Townsend, WA",Micropolitan,2023,1391156.0,1,
39040,"Port Townsend, WA",Micropolitan,2024,1435541.0,1,
39060,"Pottsville, PA",Micropolitan,2019,4934075.0,1,
39060,"Pottsville, PA",Micropolitan,2020,4762850.0,1,
39060,"Pottsville, PA",Micropolitan,2021,4753813.0,1,
39060,"Pottsville, PA",Micropolitan,2022,4912102.0,1,
39060,"Pottsville, PA",Micropolitan,2023,4858364.0,1,
39060,"Pottsville, PA",Micropolitan,2024,5001884.0,1,
39150,"Prescott Valley-Prescott, AZ",Metropolitan,2019,7339475.0,1,
39150,"Prescott Valley-Prescott, AZ",Metropolitan,2020,7493448.0,1,
39150,"Prescott Valley-Prescott, AZ",Metropolitan,2021,8204109.0,1,
39150,"Prescott Valley-Prescott, AZ",Metropolitan,2022,8146124.0,1,
39150,"Prescott Valley-Prescott, AZ",Metropolitan,2023,8712151.0,1,
39150,"Prescott Valley-Prescott, AZ",Metropolitan,2024,9153804.0,1,
39220,"Price, UT",Micropolitan,2019,1073715.0,1,
39220,"Price, UT",Micropolitan,2020,1157842.0,1,
39220,"Price, UT",Micropolitan,2021,1073949.0,1,
39220,"Price, UT",Micropolitan,2022,861838.0,1,
39220,"Price, UT",Micropolitan,2023,1063916.0,1,
39220,"Price, UT",Micropolitan,2024,918791.0,1,
39300,"Providence-Warwick, RI-MA",Metropolitan,2019,86788025.0,6,
39300,"Providence-Warwick, RI-MA",Metropolitan,2020,84109808.0,6,
39300,"Providence-Warwick, RI-MA",Metropolitan,2021,88323917.0,6,
39300,"Providence-Warwick, RI-MA",Metropolitan,2022,88463702.0,6,
39300,"Providence-Warwick, RI-MA",Metropolitan,2023,89224871.0,6,
39300,"Providence-Warwick, RI-MA",Metropolitan,2024,91212460.0,6,
39340,"Provo-Orem-Lehi, UT",Metropolitan,2019,30107318.0,2,
39340,"Provo-Orem-Lehi, UT",Metropolitan,2020,31550174.0,2,
39340,"Provo-Orem-Lehi, UT",Metropolitan,2021,34196955.0,2,
39340,"Provo-Orem-Lehi, UT",Metropolitan,2022,35614763.0,2,
39340,"Provo-Orem-Lehi, UT",Metropolitan,2023,37112380.0,2,
39340,"Provo-Orem-Lehi, UT",Metropolitan,2024,39617202.0,2,
39380,"Pueblo, CO",Metropolitan,2019,6426426.0,1,
39380,"Pueblo, CO",Metropolitan,2020,6201675.0,1,
39380,"Pueblo, CO",Metropolitan,2021,6569939.0,1,
39380,"Pueblo, CO",Metropolitan,2022,6491018.0,1,
39380,"Pueblo, CO",Metropolitan,2023,6831120.0,1,
39380,"Pueblo, CO",Metropolitan,2024,6868520.0,1,
39420,"Pullman, WA",Micropolitan,2019,2599344.0,1,
39420,"Pullman, WA",Micropolitan,2020,2563159.0,1,
39420,"Pullman, WA",Micropolitan,2021,2624937.0,1,
39420,"Pullman, WA",Micropolitan,2022,2751338.0,1,
39420,"Pullman, WA",Micropolitan,2023,2430568.0,1,
39420,"Pullman, WA",Micropolitan,2024,2483770.0,1,
39460,"Punta Gorda, FL",Metropolitan,2019,5722516.0,1,
39460,"Punta Gorda, FL",Metropolitan,2020,6042664.0,1,
39460,"Punta Gorda, FL",Metropolitan,2021,6298622.0,1,
39460,"Punta Gorda, FL",Metropolitan,2022,6512049.0,1,
39460,"Punta Gorda, FL",Metropolitan,2023,7192058.0,1,
39460,"Punta Gorda, FL",Metropolitan,2024,7566912.0,1,
39480,"Putnam, CT",Micropolitan,2019,,1,incomplete_county_coverage
39480,"Putnam, CT",Micropolitan,2020,,1,incomplete_county_coverage
39480,"Putnam, CT",Micropolitan,2021,,1,incomplete_county_coverage
39480,"Putnam, CT",Micropolitan,2022,,1,incomplete_county_coverage
39480,"Putnam, CT",Micropolitan,2023,,1,incomplete_county_coverage
39480,"Putnam, CT",Micropolitan,2024,4355057.0,1,
39500,"Quincy, IL-MO",Micropolitan,2019,3732295.0,2,
39500,"Quincy, IL-MO",Micropolitan,2020,3492644.0,2,
39500,"Quincy, IL-MO",Micropolitan,2021,3831448.0,2,
39500,"Quincy, IL-MO",Micropolitan,2022,3808839.0,2,
39500,"Quincy, IL-MO",Micropolitan,2023,3818139.0,2,
39500,"Quincy, IL-MO",Micropolitan,2024,3833172.0,2,
39540,"Racine-Mount Pleasant, WI",Metropolitan,2019,8267222.0,1,
39540,"Racine-Mount Pleasant, WI",Metropolitan,2020,8361270.0,1,
39540,"Racine-Mount Pleasant, WI",Metropolitan,2021,8483713.0,1,
39540,"Racine-Mount Pleasant, WI",Metropolitan,2022,8522961.0,1,
39540,"Racine-Mount Pleasant, WI",Metropolitan,2023,8916054.0,1,
39540,"Racine-Mount Pleasant, WI",Metropolitan,2024,9100357.0,1,
39580,"Raleigh-Cary, NC",Metropolitan,2019,92278431.0,3,
39580,"Raleigh-Cary, NC",Metropolitan,2020,92301726.0,3,
39580,"Raleigh-Cary, NC",Metropolitan,2021,100289963.0,3,
39580,"Raleigh-Cary, NC",Metropolitan,2022,105458254.0,3,
39580,"Raleigh-Cary, NC",Metropolitan,2023,111082206.0,3,
39580,"Raleigh-Cary, NC",Metropolitan,2024,115287015.0,3,
39660,"Rapid City, SD",Metropolitan,2019,6752744.0,3,
39660,"Rapid City, SD",Metropolitan,2020,6901978.0,3,
39660,"Rapid City, SD",Metropolitan,2021,7337416.0,3,
39660,"Rapid City, SD",Metropolitan,2022,7176815.0,3,
39660,"Rapid City, SD",Metropolitan,2023,7512083.0,3,
39660,"Rapid City, SD",Metropolitan,2024,7684460.0,3,
39700,"Raymondville, TX",Micropolitan,2019,474323.0,1,
39700,"Raymondville, TX",Micropolitan,2020,451774.0,1,
39700,"Raymondville, TX",Micropolitan,2021,558124.0,1,
39700,"Raymondville, TX",Micropolitan,2022,553356.0,1,
39700,"Raymondville, TX",Micropolitan,2023,562489.0,1,
39700,"Raymondville, TX",Micropolitan,2024,542594.0,1,
39740,"Reading, PA",Metropolitan,2019,20294331.0,1,
39740,"Reading, PA",Metropolitan,2020,19608602.0,1,
39740,"Reading, PA",Metropolitan,2021,20149677.0,1,
39740,"Reading, PA",Metropolitan,2022,20295864.0,1,
39740,"Reading, PA",Metropolitan,2023,20411003.0,1,
39740,"Reading, PA",Metropolitan,2024,20884340.0,1,
39780,"Red Bluff, CA",Micropolitan,2019,2017478.0,1,
39780,"Red Bluff, CA",Micropolitan,2020,2024413.0,1,
39780,"Red Bluff, CA",Micropolitan,2021,2074999.0,1,
39780,"Red Bluff, CA",Micropolitan,2022,1975809.0,1,
39780,"Red Bluff, CA",Micropolitan,2023,2172321.0,1,
39780,"Red Bluff, CA",Micropolitan,2024,2175398.0,1,
39820,"Redding, CA",Metropolitan,2019,8365845.0,1,
39820,"Redding, CA",Metropolitan,2020,8156536.0,1,
39820,"Redding, CA",Metropolitan,2021,8279019.0,1,
39820,"Redding, CA",Metropolitan,2022,8224773.0,1,
39820,"Redding, CA",Metropolitan,2023,8708047.0,1,
39820,"Redding, CA",Metropolitan,2024,9184523.0,1,
39860,"Red Wing, MN",Micropolitan,2019,2810658.0,1,
39860,"Red Wing, MN",Micropolitan,2020,2829752.0,1,
39860,"Red Wing, MN",Micropolitan,2021,2925738.0,1,
39860,"Red Wing, MN",Micropolitan,2022,2961812.0,1,
39860,"Red Wing, MN",Micropolitan,2023,3002462.0,1,
39860,"Red Wing, MN",Micropolitan,2024,2997116.0,1,
39900,"Reno, NV",Metropolitan,2019,31486794.0,3,
39900,"Reno, NV",Metropolitan,2020,31689445.0,3,
39900,"Reno, NV",Metropolitan,2021,34875303.0,3,
39900,"Reno, NV",Metropolitan,2022,35925762.0,3,
39900,"Reno, NV",Metropolitan,2023,36545331.0,3,
39900,"Reno, NV",Metropolitan,2024,37443401.0,3,
39940,"Rexburg, ID",Micropolitan,2019,1694788.0,2,
39940,"Rexburg, ID",Micropolitan,2020,1726905.0,2,
39940,"Rexburg, ID",Micropolitan,2021,1814383.0,2,
39940,"Rexburg, ID",Micropolitan,2022,1971721.0,2,
39940,"Rexburg, ID",Micropolitan,2023,2016576.0,2,
39940,"Rexburg, ID",Micropolitan,2024,1989546.0,2,
39960,"Rice Lake, WI",Micropolitan,2019,2083487.0,1,
39960,"Rice Lake, WI",Micropolitan,2020,2065055.0,1,
39960,"Rice Lake, WI",Micropolitan,2021,2113452.0,1,
39960,"Rice Lake, WI",Micropolitan,2022,2237961.0,1,
39960,"Rice Lake, WI",Micropolitan,2023,2249935.0,1,
39960,"Rice Lake, WI",Micropolitan,2024,2308208.0,1,
39980,"Richmond, IN",Micropolitan,2019,2826692.0,1,
39980,"Richmond, IN",Micropolitan,2020,2736171.0,1,
39980,"Richmond, IN",Micropolitan,2021,2835591.0,1,
39980,"Richmond, IN",Micropolitan,2022,2886279.0,1,
39980,"Richmond, IN",Micropolitan,2023,2950077.0,1,
39980,"Richmond, IN",Micropolitan,2024,2982990.0,1,
40060,"Richmond, VA",Metropolitan,2019,88618336.0,14,
40060,"Richmond, VA",Metropolitan,2020,87393825.0,14,
40060,"Richmond, VA",Metropolitan,2021,91974306.0,14,
40060,"Richmond, VA",Metropolitan,2022,94171097.0,14,
40060,"Richmond, VA",Metropolitan,2023,95182116.0,14,
40060,"Richmond, VA",Metropolitan,2024,97127201.0,14,
40080,"Richmond-Berea, KY",Micropolitan,2019,3587894.0,3,
40080,"Richmond-Berea, KY",Micropolitan,2020,3451295.0,3,
40080,"Richmond-Berea, KY",Micropolitan,2021,3577237.0,3,
40080,"Richmond-Berea, KY",Micropolitan,2022,3791362.0,3,
40080,"Richmond-Berea, KY",Micropolitan,2023,3937129.0,3,
40080,"Richmond-Berea, KY",Micropolitan,2024,4109527.0,3,
40090,"Rifle, CO",Micropolitan,2019,6127137.0,2,
40090,"Rifle, CO",Micropolitan,2020,5755183.0,2,
40090,"Rifle, CO",Micropolitan,2021,6185112.0,2,
40090,"Rifle, CO",Micropolitan,2022,6455613.0,2,
40090,"Rifle, CO",Micropolitan,2023,6645860.0,2,
40090,"Rifle, CO",Micropolitan,2024,6766350.0,2,
40100,"Rio Grande City-Roma, TX",Micropolitan,2019,1268636.0,1,
40100,"Rio Grande City-Roma, TX",Micropolitan,2020,1303532.0,1,
40100,"Rio Grande City-Roma, TX",Micropolitan,2021,1291958.0,1,
40100,"Rio Grande City-Roma, TX",Micropolitan,2022,1280408.0,1,
40100,"Rio Grande City-Roma, TX",Micropolitan,2023,1259798.0,1,
40100,"Rio Grande City-Roma, TX",Micropolitan,2024,1223145.0,1,
40140,"Riverside-San Bernardino-Ontario, CA",Metropolitan,2019,185085992.0,2,
40140,"Riverside-San Bernardino-Ontario, CA",Metropolitan,2020,183353457.0,2,
40140,"Riverside-San Bernardino-Ontario, CA",Metropolitan,2021,194995967.0,2,
40140,"Riverside-San Bernardino-Ontario, CA",Metropolitan,2022,198216855.0,2,
40140,"Riverside-San Bernardino-Ontario, CA",Metropolitan,2023,200771740.0,2,
40140,"Riverside-San Bernardino-Ontario, CA",Metropolitan,2024,207620899.0,2,
40180,"Riverton, WY",Micropolitan,2019,1605088.0,1,
40180,"Riverton, WY",Micropolitan,2020,1560083.0,1,
40180,"Riverton, WY",Micropolitan,2021,1523613.0,1,
40180,"Riverton, WY",Micropolitan,2022,1558987.0,1,
40180,"Riverton, WY",Micropolitan,2023,1619691.0,1,
40180,"Riverton, WY",Micropolitan,2024,1655777.0,1,
40220,"Roanoke, VA",Metropolitan,2019,16067943.0,5,
40220,"Roanoke, VA",Metropolitan,2020,15791580.0,5,
40220,"Roanoke, VA",Metropolitan,2021,16759668.0,5,
40220,"Roanoke, VA",Metropolitan,2022,16869527.0,5,
40220,"Roanoke, VA",Metropolitan,2023,17147235.0,5,
40220,"Roanoke, VA",Metropolitan,2024,17584524.0,5,
40260,"Roanoke Rapids, NC",Micropolitan,2019,1999798.0,2,
40260,"Roanoke Rapids, NC",Micropolitan,2020,1906476.0,2,
40260,"Roanoke Rapids, NC",Micropolitan,2021,1971390.0,2,
40260,"Roanoke Rapids, NC",Micropolitan,2022,1943714.0,2,
40260,"Roanoke Rapids, NC",Micropolitan,2023,1943324.0,2,
40260,"Roanoke Rapids, NC",Micropolitan,2024,2040706.0,2,
40300,"Rochelle, IL",Micropolitan,2019,2663391.0,1,
40300,"Rochelle, IL",Micropolitan,2020,2750824.0,1,
40300,"Rochelle, IL",Micropolitan,2021,2753783.0,1,
40300,"Rochelle, IL",Micropolitan,2022,2906194.0,1,
40300,"Rochelle, IL",Micropolitan,2023,2956350.0,1,
40300,"Rochelle, IL",Micropolitan,2024,2941741.0,1,
40340,"Rochester, MN",Metropolitan,2019,13829979.0,4,
40340,"Rochester, MN",Metropolitan,2020,13606717.0,4,
40340,"Rochester, MN",Metropolitan,2021,14123182.0,4,
40340,"Rochester, MN",Metropolitan,2022,14437485.0,4,
40340,"Rochester, MN",Metropolitan,2023,14721080.0,4,
40340,"Rochester, MN",Metropolitan,2024,15153890.0,4,
40380,"Rochester, NY",Metropolitan,2019,62048141.0,5,
40380,"Rochester, NY",Metropolitan,2020,60470268.0,5,
40380,"Rochester, NY",Metropolitan,2021,63486459.0,5,
40380,"Rochester, NY",Metropolitan,2022,63830330.0,5,
40380,"Rochester, NY",Metropolitan,2023,64441804.0,5,
40380,"Rochester, NY",Metropolitan,2024,66253239.0,5,
40420,"Rockford, IL",Metropolitan,2019,16151806.0,2,
40420,"Rockford, IL",Metropolitan,2020,14624323.0,2,
40420,"Rockford, IL",Metropolitan,2021,15241645.0,2,
40420,"Rockford, IL",Metropolitan,2022,15853099.0,2,
40420,"Rockford, IL",Metropolitan,2023,15867663.0,2,
40420,"Rockford, IL",Metropolitan,2024,16057872.0,2,
40460,"Rockingham, NC",Micropolitan,2019,1866950.0,1,
40460,"Rockingham, NC",Micropolitan,2020,1859299.0,1,
40460,"Rockingham, NC",Micropolitan,2021,1868316.0,1,
40460,"Rockingham, NC",Micropolitan,2022,2022909.0,1,
40460,"Rockingham, NC",Micropolitan,2023,1991681.0,1,
40460,"Rockingham, NC",Micropolitan,2024,2045604.0,1,
40540,"Rock Springs, WY",Micropolitan,2019,3690032.0,1,
40540,"Rock Springs, WY",Micropolitan,2020,3418924.0,1,
40540,"Rock Springs, WY",Micropolitan,2021,3308998.0,1,
40540,"Rock Springs, WY",Micropolitan,2022,3174378.0,1,
40540,"Rock Springs, WY",Micropolitan,2023,3301845.0,1,
40540,"Rock Springs, WY",Micropolitan,2024,3043979.0,1,
40580,"Rocky Mount, NC",Metropolitan,2019,6342111.0,2,
40580,"Rocky Mount, NC",Metropolitan,2020,6461744.0,2,
40580,"Rocky Mount, NC",Metropolitan,2021,6713531.0,2,
40580,"Rocky Mount, NC",Metropolitan,2022,6708924.0,2,
40580,"Rocky Mount, NC",Metropolitan,2023,6859656.0,2,
40580,"Rocky Mount, NC",Metropolitan,2024,7098139.0,2,
40620,"Rolla, MO",Micropolitan,2019,1563608.0,1,
40620,"Rolla, MO",Micropolitan,2020,1532276.0,1,
40620,"Rolla, MO",Micropolitan,2021,1548847.0,1,
40620,"Rolla, MO",Micropolitan,2022,1604954.0,1,
40620,"Rolla, MO",Micropolitan,2023,1609387.0,1,
40620,"Rolla, MO",Micropolitan,2024,1647469.0,1,
40660,"Rome, GA",Metropolitan,2019,4079777.0,1,
40660,"Rome, GA",Metropolitan,2020,3922764.0,1,
40660,"Rome, GA",Metropolitan,2021,4170405.0,1,
40660,"Rome, GA",Metropolitan,2022,4271253.0,1,
40660,"Rome, GA",Metropolitan,2023,4377026.0,1,
40660,"Rome, GA",Metropolitan,2024,4445591.0,1,
40700,"Roseburg, OR",Micropolitan,2019,3738952.0,1,
40700,"Roseburg, OR",Micropolitan,2020,3740901.0,1,
40700,"Roseburg, OR",Micropolitan,2021,3942338.0,1,
40700,"Roseburg, OR",Micropolitan,2022,3794980.0,1,
40700,"Roseburg, OR",Micropolitan,2023,3897669.0,1,
40700,"Roseburg, OR",Micropolitan,2024,4022460.0,1,
40740,"Roswell, NM",Micropolitan,2019,2108328.0,1,
40740,"Roswell, NM",Micropolitan,2020,2076719.0,1,
40740,"Roswell, NM",Micropolitan,2021,2049481.0,1,
40740,"Roswell, NM",Micropolitan,2022,2113128.0,1,
40740,"Roswell, NM",Micropolitan,2023,2128353.0,1,
40740,"Roswell, NM",Micropolitan,2024,2241622.0,1,
40760,"Ruidoso, NM",Micropolitan,2019,661413.0,1,
40760,"Ruidoso, NM",Micropolitan,2020,685344.0,1,
40760,"Ruidoso, NM",Micropolitan,2021,643560.0,1,
40760,"Ruidoso, NM",Micropolitan,2022,653815.0,1,
40760,"Ruidoso, NM",Micropolitan,2023,727006.0,1,
40760,"Ruidoso, NM",Micropolitan,2024,685847.0,1,
40770,"Russellville, AL",Micropolitan,2019,985714.0,1,
40770,"Russellville, AL",Micropolitan,2020,911517.0,1,
40770,"Russellville, AL",Micropolitan,2021,985851.0,1,
40770,"Russellville, AL",Micropolitan,2022,1053467.0,1,
40770,"Russellville, AL",Micropolitan,2023,990508.0,1,
40770,"Russellville, AL",Micropolitan,2024,1043953.0,1,
40780,"Russellville, AR",Micropolitan,2019,3407092.0,2,
40780,"Russellville, AR",Micropolitan,2020,3441296.0,2,
40780,"Russellville, AR",Micropolitan,2021,3568993.0,2,
40780,"Russellville, AR",Micropolitan,2022,3596699.0,2,
40780,"Russellville, AR",Micropolitan,2023,3686955.0,2,
40780,"Russellville, AR",Micropolitan,2024,3884644.0,2,
40820,"Ruston, LA",Micropolitan,2019,2121748.0,1,
40820,"Ruston, LA",Micropolitan,2020,1981280.0,1,
40820,"Ruston, LA",Micropolitan,2021,2050825.0,1,
40820,"Ruston, LA",Micropolitan,2022,1989532.0,1,
40820,"Ruston, LA",Micropolitan,2023,2075479.0,1,
40820,"Ruston, LA",Micropolitan,2024,2145688.0,1,
40860,"Rutland, VT",Micropolitan,2019,2619762.0,1,
40860,"Rutland, VT",Micropolitan,2020,2526521.0,1,
40860,"Rutland, VT",Micropolitan,2021,2629644.0,1,
40860,"Rutland, VT",Micropolitan,2022,2773887.0,1,
40860,"Rutland, VT",Micropolitan,2023,2816148.0,1,
40860,"Rutland, VT",Micropolitan,2024,2915195.0,1,
40900,"Sacramento-Roseville-Folsom, CA",Metropolitan,2019,141902029.0,4,
40900,"Sacramento-Roseville-Folsom, CA",Metropolitan,2020,138744561.0,4,
40900,"Sacramento-Roseville-Folsom, CA",Metropolitan,2021,147287319.0,4,
40900,"Sacramento-Roseville-Folsom, CA",Metropolitan,2022,150019612.0,4,
40900,"Sacramento-Roseville-Folsom, CA",Metropolitan,2023,152785478.0,4,
40900,"Sacramento-Roseville-Folsom, CA",Metropolitan,2024,158361050.0,4,
40940,"Safford, AZ",Micropolitan,2019,1041466.0,1,
40940,"Safford, AZ",Micropolitan,2020,1184153.0,1,
40940,"Safford, AZ",Micropolitan,2021,1353995.0,1,
40940,"Safford, AZ",Micropolitan,2022,1247525.0,1,
40940,"Safford, AZ",Micropolitan,2023,1261848.0,1,
40940,"Safford, AZ",Micropolitan,2024,1410668.0,1,
40980,"Saginaw, MI",Metropolitan,2019,8480860.0,1,
40980,"Saginaw, MI",Metropolitan,2020,8248233.0,1,
40980,"Saginaw, MI",Metropolitan,2021,8704949.0,1,
40980,"Saginaw, MI",Metropolitan,2022,8737631.0,1,
40980,"Saginaw, MI",Metropolitan,2023,8943089.0,1,
40980,"Saginaw, MI",Metropolitan,2024,8852219.0,1,
41060,"St. Cloud, MN",Metropolitan,2019,10570846.0,2,
41060,"St. Cloud, MN",Metropolitan,2020,10365012.0,2,
41060,"St. Cloud, MN",Metropolitan,2021,10628958.0,2,
41060,"St. Cloud, MN",Metropolitan,2022,11110794.0,2,
41060,"St. Cloud, MN",Metropolitan,2023,11034922.0,2,
41060,"St. Cloud, MN",Metropolitan,2024,11471669.0,2,
41100,"St. George, UT",Metropolitan,2019,6870819.0,1,
41100,"St. George, UT",Metropolitan,2020,7231297.0,1,
41100,"St. George, UT",Metropolitan,2021,7865011.0,1,
41100,"St. George, UT",Metropolitan,2022,8176823.0,1,
41100,"St. George, UT",Metropolitan,2023,8437169.0,1,
41100,"St. George, UT",Metropolitan,2024,8822616.0,1,
41140,"St. Joseph, MO-KS",Metropolitan,2019,5981884.0,4,
41140,"St. Joseph, MO-KS",Metropolitan,2020,5880204.0,4,
41140,"St. Joseph, MO-KS",Metropolitan,2021,5908022.0,4,
41140,"St. Joseph, MO-KS",Metropolitan,2022,5771197.0,4,
41140,"St. Joseph, MO-KS",Metropolitan,2023,5920809.0,4,
41140,"St. Joseph, MO-KS",Metropolitan,2024,6037852.0,4,
41180,"St. Louis, MO-IL",Metropolitan,2019,169446446.0,15,
41180,"St. Louis, MO-IL",Metropolitan,2020,166114761.0,15,
41180,"St. Louis, MO-IL",Metropolitan,2021,175674027.0,15,
41180,"St. Louis, MO-IL",Metropolitan,2022,179792050.0,15,
41180,"St. Louis, MO-IL",Metropolitan,2023,184792410.0,15,
41180,"St. Louis, MO-IL",Metropolitan,2024,188073393.0,15,
41260,"St. Marys, PA",Micropolitan,2019,1507358.0,1,
41260,"St. Marys, PA",Micropolitan,2020,1367839.0,1,
41260,"St. Marys, PA",Micropolitan,2021,1344263.0,1,
41260,"St. Marys, PA",Micropolitan,2022,1293240.0,1,
41260,"St. Marys, PA",Micropolitan,2023,1342674.0,1,
41260,"St. Marys, PA",Micropolitan,2024,1342677.0,1,
41400,"Salem, OH",Micropolitan,2019,3007499.0,1,
41400,"Salem, OH",Micropolitan,2020,2997826.0,1,
41400,"Salem, OH",Micropolitan,2021,3198269.0,1,
41400,"Salem, OH",Micropolitan,2022,3456732.0,1,
41400,"Salem, OH",Micropolitan,2023,3663756.0,1,
41400,"Salem, OH",Micropolitan,2024,3766695.0,1,
41420,"Salem, OR",Metropolitan,2019,18621878.0,2,
41420,"Salem, OR",Metropolitan,2020,18600038.0,2,
41420,"Salem, OR",Metropolitan,2021,19829658.0,2,
41420,"Salem, OR",Metropolitan,2022,20022326.0,2,
41420,"Salem, OR",Metropolitan,2023,20223332.0,2,
41420,"Salem, OR",Metropolitan,2024,21012348.0,2,
41460,"Salina, KS",Micropolitan,2019,2998800.0,2,
41460,"Salina, KS",Micropolitan,2020,2795989.0,2,
41460,"Salina, KS",Micropolitan,2021,3014295.0,2,
41460,"Salina, KS",Micropolitan,2022,3050558.0,2,
41460,"Salina, KS",Micropolitan,2023,3063204.0,2,
41460,"Salina, KS",Micropolitan,2024,3069856.0,2,
41500,"Salinas, CA",Metropolitan,2019,27639613.0,1,
41500,"Salinas, CA",Metropolitan,2020,27465700.0,1,
41500,"Salinas, CA",Metropolitan,2021,27757909.0,1,
41500,"Salinas, CA",Metropolitan,2022,28005898.0,1,
41500,"Salinas, CA",Metropolitan,2023,29117205.0,1,
41500,"Salinas, CA",Metropolitan,2024,29711750.0,1,
41540,"Salisbury, MD",Metropolitan,2019,5851796.0,2,
41540,"Salisbury, MD",Metropolitan,2020,5716209.0,2,
41540,"Salisbury, MD",Metropolitan,2021,6128278.0,2,
41540,"Salisbury, MD",Metropolitan,2022,6363002.0,2,
41540,"Salisbury, MD",Metropolitan,2023,6252385.0,2,
41540,"Salisbury, MD",Metropolitan,2024,6562667.0,2,
41620,"Salt Lake City-Murray, UT",Metropolitan,2019,102992955.0,2,
41620,"Salt Lake City-Murray, UT",Metropolitan,2020,103002608.0,2,
41620,"Salt Lake City-Murray, UT",Metropolitan,2021,111919107.0,2,
41620,"Salt Lake City-Murray, UT",Metropolitan,2022,115089449.0,2,
41620,"Salt Lake City-Murray, UT",Metropolitan,2023,118915657.0,2,
41620,"Salt Lake City-Murray, UT",Metropolitan,2024,121968244.0,2,
41660,"San Angelo, TX",Metropolitan,2019,7099367.0,2,
41660,"San Angelo, TX",Metropolitan,2020,7144852.0,2,
41660,"San Angelo, TX",Metropolitan,2021,7213806.0,2,
41660,"San Angelo, TX",Metropolitan,2022,7322130.0,2,
41660,"San Angelo, TX",Metropolitan,2023,7710611.0,2,
41660,"San Angelo, TX",Metropolitan,2024,7848873.0,2,
41700,"San Antonio-New Braunfels, TX",Metropolitan,2019,129033794.0,8,
41700,"San Antonio-New Braunfels, TX",Metropolitan,2020,127695290.0,8,
41700,"San Antonio-New Braunfels, TX",Metropolitan,2021,134740303.0,8,
41700,"San Antonio-New Braunfels, TX",Metropolitan,2022,145773277.0,8,
41700,"San Antonio-New Braunfels, TX",Metropolitan,2023,153080612.0,8,
41700,"San Antonio-New Braunfels, TX",Metropolitan,2024,159385811.0,8,
41740,"San Diego-Chula Vista-Carlsbad, CA",Metropolitan,2019,236633899.0,1,
41740,"San Diego-Chula Vista-Carlsbad, CA",Metropolitan,2020,233193269.0,1,
41740,"San Diego-Chula Vista-Carlsbad, CA",Metropolitan,2021,250351652.0,1,
41740,"San Diego-Chula Vista-Carlsbad, CA",Metropolitan,2022,256907236.0,1,
41740,"San Diego-Chula Vista-Carlsbad, CA",Metropolitan,2023,261515685.0,1,
41740,"San Diego-Chula Vista-Carlsbad, CA",Metropolitan,2024,266924506.0,1,
41760,"Sandpoint, ID",Micropolitan,2019,1550543.0,1,
41760,"Sandpoint, ID",Micropolitan,2020,1648177.0,1,
41760,"Sandpoint, ID",Micropolitan,2021,1794467.0,1,
41760,"Sandpoint, ID",Micropolitan,2022,1872339.0,1,
41760,"Sandpoint, ID",Micropolitan,2023,1931439.0,1,
41760,"Sandpoint, ID",Micropolitan,2024,1956126.0,1,
41780,"Sandusky, OH",Metropolitan,2019,6382775.0,2,
41780,"Sandusky, OH",Metropolitan,2020,5641866.0,2,
41780,"Sandusky, OH",Metropolitan,2021,6174925.0,2,
41780,"Sandusky, OH",Metropolitan,2022,5976774.0,2,
41780,"Sandusky, OH",Metropolitan,2023,6074057.0,2,
41780,"Sandusky, OH",Metropolitan,2024,6100575.0,2,
41820,"Sanford, NC",Micropolitan,2019,2693973.0,1,
41820,"Sanford, NC",Micropolitan,2020,2715070.0,1,
41820,"Sanford, NC",Micropolitan,2021,2807797.0,1,
41820,"Sanford, NC",Micropolitan,2022,2846976.0,1,
41820,"Sanford, NC",Micropolitan,2023,2961324.0,1,
41820,"Sanford, NC",Micropolitan,2024,3268826.0,1,
41860,"San Francisco-Oakland-Fremont, CA",Metropolitan,2019,594440494.0,5,
41860,"San Francisco-Oakland-Fremont, CA",Metropolitan,2020,595471502.0,5,
41860,"San Francisco-Oakland-Fremont, CA",Metropolitan,2021,661282698.0,5,
41860,"San Francisco-Oakland-Fremont, CA",Metropolitan,2022,646330296.0,5,
41860,"San Francisco-Oakland-Fremont, CA",Metropolitan,2023,664263005.0,5,
41860,"San Francisco-Oakland-Fremont, CA",Metropolitan,2024,686537593.0,5,
41940,"San Jose-Sunnyvale-Santa Clara, CA",Metropolitan,2019,319363475.0,2,
41940,"San Jose-Sunnyvale-Santa Clara, CA",Metropolitan,2020,339316195.0,2,
41940,"San Jose-Sunnyvale-Santa Clara, CA",Metropolitan,2021,382133105.0,2,
41940,"San Jose-Sunnyvale-Santa Clara, CA",Metropolitan,2022,370314594.0,2,
41940,"San Jose-Sunnyvale-Santa Clara, CA",Metropolitan,2023,378558520.0,2,
41940,"San Jose-Sunnyvale-Santa Clara, CA",Metropolitan,2024,401675326.0,2,
42020,"San Luis Obispo-Paso Robles, CA",Metropolitan,2019,17277110.0,1,
42020,"San Luis Obispo-Paso Robles, CA",Metropolitan,2020,17063856.0,1,
42020,"San Luis Obispo-Paso Robles, CA",Metropolitan,2021,17914053.0,1,
42020,"San Luis Obispo-Paso Robles, CA",Metropolitan,2022,18050829.0,1,
42020,"San Luis Obispo-Paso Robles, CA",Metropolitan,2023,18192271.0,1,
42020,"San Luis Obispo-Paso Robles, CA",Metropolitan,2024,19031961.0,1,
42100,"Santa Cruz-Watsonville, CA",Metropolitan,2019,15380812.0,1,
42100,"Santa Cruz-Watsonville, CA",Metropolitan,2020,15288182.0,1,
42100,"Santa Cruz-Watsonville, CA",Metropolitan,2021,16457101.0,1,
42100,"Santa Cruz-Watsonville, CA",Metropolitan,2022,16336594.0,1,
42100,"Santa Cruz-Watsonville, CA",Metropolitan,2023,16162087.0,1,
42100,"Santa Cruz-Watsonville, CA",Metropolitan,2024,16712516.0,1,
42140,"Santa Fe, NM",Metropolitan,2019,7125371.0,1,
42140,"Santa Fe, NM",Metropolitan,2020,6734657.0,1,
42140,"Santa Fe, NM",Metropolitan,2021,7382506.0,1,
42140,"Santa Fe, NM",Metropolitan,2022,7470557.0,1,
42140,"Santa Fe, NM",Metropolitan,2023,7621810.0,1,
42140,"Santa Fe, NM",Metropolitan,2024,7873444.0,1,
42200,"Santa Maria-Santa Barbara, CA",Metropolitan,2019,28989266.0,1,
42200,"Santa Maria-Santa Barbara, CA",Metropolitan,2020,29566848.0,1,
42200,"Santa Maria-Santa Barbara, CA",Metropolitan,2021,31635394.0,1,
42200,"Santa Maria-Santa Barbara, CA",Metropolitan,2022,31796810.0,1,
42200,"Santa Maria-Santa Barbara, CA",Metropolitan,2023,32099603.0,1,
42200,"Santa Maria-Santa Barbara, CA",Metropolitan,2024,33505043.0,1,
42220,"Santa Rosa-Petaluma, CA",Metropolitan,2019,30482863.0,1,
42220,"Santa Rosa-Petaluma, CA",Metropolitan,2020,29559824.0,1,
42220,"Santa Rosa-Petaluma, CA",Metropolitan,2021,31602685.0,1,
42220,"Santa Rosa-Petaluma, CA",Metropolitan,2022,30693593.0,1,
42220,"Santa Rosa-Petaluma, CA",Metropolitan,2023,30633099.0,1,
42220,"Santa Rosa-Petaluma, CA",Metropolitan,2024,30869179.0,1,
42300,"Sault Ste. Marie, MI",Micropolitan,2019,1140846.0,1,
42300,"Sault Ste. Marie, MI",Micropolitan,2020,1066582.0,1,
42300,"Sault Ste. Marie, MI",Micropolitan,2021,1140621.0,1,
42300,"Sault Ste. Marie, MI",Micropolitan,2022,1193531.0,1,
42300,"Sault Ste. Marie, MI",Micropolitan,2023,1221345.0,1,
42300,"Sault Ste. Marie, MI",Micropolitan,2024,1238741.0,1,
42340,"Savannah, GA",Metropolitan,2019,22332497.0,3,
42340,"Savannah, GA",Metropolitan,2020,22124231.0,3,
42340,"Savannah, GA",Metropolitan,2021,24115482.0,3,
42340,"Savannah, GA",Metropolitan,2022,24751943.0,3,
42340,"Savannah, GA",Metropolitan,2023,26355833.0,3,
42340,"Savannah, GA",Metropolitan,2024,26871403.0,3,
42380,"Sayre, PA",Micropolitan,2019,3766321.0,1,
42380,"Sayre, PA",Micropolitan,2020,3486018.0,1,
42380,"Sayre, PA",Micropolitan,2021,3996601.0,1,
42380,"Sayre, PA",Micropolitan,2022,3803007.0,1,
42380,"Sayre, PA",Micropolitan,2023,4983037.0,1,
42380,"Sayre, PA",Micropolitan,2024,5483875.0,1,
42420,"Scottsbluff, NE",Micropolitan,2019,1764708.0,2,
42420,"Scottsbluff, NE",Micropolitan,2020,1759201.0,2,
42420,"Scottsbluff, NE",Micropolitan,2021,1759009.0,2,
42420,"Scottsbluff, NE",Micropolitan,2022,1729855.0,2,
42420,"Scottsbluff, NE",Micropolitan,2023,1811680.0,2,
42420,"Scottsbluff, NE",Micropolitan,2024,1853789.0,2,
42460,"Scottsboro, AL",Micropolitan,2019,1549783.0,1,
42460,"Scottsboro, AL",Micropolitan,2020,1459956.0,1,
42460,"Scottsboro, AL",Micropolitan,2021,1535345.0,1,
42460,"Scottsboro, AL",Micropolitan,2022,1563105.0,1,
42460,"Scottsboro, AL",Micropolitan,2023,1603527.0,1,
42460,"Scottsboro, AL",Micropolitan,2024,1637868.0,1,
42540,"Scranton--Wilkes-Barre, PA",Metropolitan,2019,27135468.0,3,
42540,"Scranton--Wilkes-Barre, PA",Metropolitan,2020,25967805.0,3,
42540,"Scranton--Wilkes-Barre, PA",Metropolitan,2021,26773107.0,3,
42540,"Scranton--Wilkes-Barre, PA",Metropolitan,2022,26589677.0,3,
42540,"Scranton--Wilkes-Barre, PA",Metropolitan,2023,27269093.0,3,
42540,"Scranton--Wilkes-Barre, PA",Metropolitan,2024,27710390.0,3,
42580,"Seaford, DE",Micropolitan,2019,13790801.0,1,
42580,"Seaford, DE",Micropolitan,2020,13430837.0,1,
42580,"Seaford, DE",Micropolitan,2021,14545784.0,1,
42580,"Seaford, DE",Micropolitan,2022,15826363.0,1,
42580,"Seaford, DE",Micropolitan,2023,16790232.0,1,
42580,"Seaford, DE",Micropolitan,2024,17867776.0,1,
42620,"Searcy, AR",Micropolitan,2019,2195696.0,1,
42620,"Searcy, AR",Micropolitan,2020,2160127.0,1,
42620,"Searcy, AR",Micropolitan,2021,2383390.0,1,
42620,"Searcy, AR",Micropolitan,2022,2378183.0,1,
42620,"Searcy, AR",Micropolitan,2023,2416613.0,1,
42620,"Searcy, AR",Micropolitan,2024,2537670.0,1,
42660,"Seattle-Tacoma-Bellevue, WA",Metropolitan,2019,417485883.0,3,
42660,"Seattle-Tacoma-Bellevue, WA",Metropolitan,2020,416311244.0,3,
42660,"Seattle-Tacoma-Bellevue, WA",Metropolitan,2021,446313066.0,3,
42660,"Seattle-Tacoma-Bellevue, WA",Metropolitan,2022,459925624.0,3,
42660,"Seattle-Tacoma-Bellevue, WA",Metropolitan,2023,484571740.0,3,
42660,"Seattle-Tacoma-Bellevue, WA",Metropolitan,2024,509136833.0,3,
42680,"Sebastian-Vero Beach-West Vero Corridor, FL",Metropolitan,2019,6896895.0,1,
42680,"Sebastian-Vero Beach-West Vero Corridor, FL",Metropolitan,2020,6988202.0,1,
42680,"Sebastian-Vero Beach-West Vero Corridor, FL",Metropolitan,2021,7893582.0,1,
42680,"Sebastian-Vero Beach-West Vero Corridor, FL",Metropolitan,2022,7452882.0,1,
42680,"Sebastian-Vero Beach-West Vero Corridor, FL",Metropolitan,2023,7802566.0,1,
42680,"Sebastian-Vero Beach-West Vero Corridor, FL",Metropolitan,2024,8020666.0,1,
42700,"Sebring, FL",Metropolitan,2019,2594451.0,1,
42700,"Sebring, FL",Metropolitan,2020,2451506.0,1,
42700,"Sebring, FL",Metropolitan,2021,2559605.0,1,
42700,"Sebring, FL",Metropolitan,2022,2704876.0,1,
42700,"Sebring, FL",Metropolitan,2023,2865459.0,1,
42700,"Sebring, FL",Metropolitan,2024,2980473.0,1,
42740,"Sedalia, MO",Micropolitan,2019,2129772.0,1,
42740,"Sedalia, MO",Micropolitan,2020,2004791.0,1,
42740,"Sedalia, MO",Micropolitan,2021,2122165.0,1,
42740,"Sedalia, MO",Micropolitan,2022,2289074.0,1,
42740,"Sedalia, MO",Micropolitan,2023,2642131.0,1,
42740,"Sedalia, MO",Micropolitan,2024,2731179.0,1,
42780,"Selinsgrove, PA",Micropolitan,2019,1545669.0,1,
42780,"Selinsgrove, PA",Micropolitan,2020,1444581.0,1,
42780,"Selinsgrove, PA",Micropolitan,2021,1538954.0,1,
42780,"Selinsgrove, PA",Micropolitan,2022,1647196.0,1,
42780,"Selinsgrove, PA",Micropolitan,2023,1646076.0,1,
42780,"Selinsgrove, PA",Micropolitan,2024,1678768.0,1,
42820,"Selma, AL",Micropolitan,2019,1262524.0,1,
42820,"Selma, AL",Micropolitan,2020,1253286.0,1,
42820,"Selma, AL",Micropolitan,2021,1264050.0,1,
42820,"Selma, AL",Micropolitan,2022,1259304.0,1,
42820,"Selma, AL",Micropolitan,2023,1284181.0,1,
42820,"Selma, AL",Micropolitan,2024,1318245.0,1,
42860,"Seneca, SC",Micropolitan,2019,3708612.0,1,
42860,"Seneca, SC",Micropolitan,2020,3641255.0,1,
42860,"Seneca, SC",Micropolitan,2021,3695246.0,1,
42860,"Seneca, SC",Micropolitan,2022,3835233.0,1,
42860,"Seneca, SC",Micropolitan,2023,3962915.0,1,
42860,"Seneca, SC",Micropolitan,2024,4094892.0,1,
42900,"Seneca Falls, NY",Micropolitan,2019,1577828.0,1,
42900,"Seneca Falls, NY",Micropolitan,2020,1442079.0,1,
42900,"Seneca Falls, NY",Micropolitan,2021,1569143.0,1,
42900,"Seneca Falls, NY",Micropolitan,2022,1567031.0,1,
42900,"Seneca Falls, NY",Micropolitan,2023,1553675.0,1,
42900,"Seneca Falls, NY",Micropolitan,2024,1598581.0,1,
42940,"Sevierville, TN",Micropolitan,2019,4604663.0,1,
42940,"Sevierville, TN",Micropolitan,2020,4176873.0,1,
42940,"Sevierville, TN",Micropolitan,2021,4974752.0,1,
42940,"Sevierville, TN",Micropolitan,2022,5292906.0,1,
42940,"Sevierville, TN",Micropolitan,2023,5691952.0,1,
42940,"Sevierville, TN",Micropolitan,2024,5816639.0,1,
42980,"Seymour, IN",Micropolitan,2019,2415967.0,1,
42980,"Seymour, IN",Micropolitan,2020,2476840.0,1,
42980,"Seymour, IN",Micropolitan,2021,2783621.0,1,
42980,"Seymour, IN",Micropolitan,2022,2811906.0,1,
42980,"Seymour, IN",Micropolitan,2023,2745176.0,1,
42980,"Seymour, IN",Micropolitan,2024,2887574.0,1,
43020,"Shawano, WI",Micropolitan,2019,1527352.0,2,
43020,"Shawano, WI",Micropolitan,2020,1475989.0,2,
43020,"Shawano, WI",Micropolitan,2021,1464161.0,2,
43020,"Shawano, WI",Micropolitan,2022,1416320.0,2,
43020,"Shawano, WI",Micropolitan,2023,1438508.0,2,
43020,"Shawano, WI",Micropolitan,2024,1513629.0,2,
43060,"Shawnee, OK",Micropolitan,2019,2284078.0,1,
43060,"Shawnee, OK",Micropolitan,2020,2180840.0,1,
43060,"Shawnee, OK",Micropolitan,2021,2510627.0,1,
43060,"Shawnee, OK",Micropolitan,2022,2148759.0,1,
43060,"Shawnee, OK",Micropolitan,2023,2119910.0,1,
43060,"Shawnee, OK",Micropolitan,2024,2139848.0,1,
43100,"Sheboygan, WI",Metropolitan,2019,6978712.0,1,
43100,"Sheboygan, WI",Metropolitan,2020,6866547.0,1,
43100,"Sheboygan, WI",Metropolitan,2021,6835927.0,1,
43100,"Sheboygan, WI",Metropolitan,2022,6822887.0,1,
43100,"Sheboygan, WI",Metropolitan,2023,6999044.0,1,
43100,"Sheboygan, WI",Metropolitan,2024,7211859.0,1,
43140,"Shelby-Kings Mountain, NC",Micropolitan,2019,4356684.0,1,
43140,"Shelby-Kings Mountain, NC",Micropolitan,2020,4143906.0,1,
43140,"Shelby-Kings Mountain, NC",Micropolitan,2021,4276489.0,1,
43140,"Shelby-Kings Mountain, NC",Micropolitan,2022,4488762.0,1,
43140,"Shelby-Kings Mountain, NC",Micropolitan,2023,4636681.0,1,
43140,"Shelby-Kings Mountain, NC",Micropolitan,2024,4718209.0,1,
43180,"Shelbyville, TN",Micropolitan,2019,1956082.0,1,
43180,"Shelbyville, TN",Micropolitan,2020,1902124.0,1,
43180,"Shelbyville, TN",Micropolitan,2021,2114595.0,1,
43180,"Shelbyville, TN",Micropolitan,2022,2169364.0,1,
43180,"Shelbyville, TN",Micropolitan,2023,2169382.0,1,
43180,"Shelbyville, TN",Micropolitan,2024,2361433.0,1,
43220,"Shelton, WA",Micropolitan,2019,1637877.0,1,
43220,"Shelton, WA",Micropolitan,2020,1596120.0,1,
43220,"Shelton, WA",Micropolitan,2021,1677896.0,1,
43220,"Shelton, WA",Micropolitan,2022,1722419.0,1,
43220,"Shelton, WA",Micropolitan,2023,1792820.0,1,
43220,"Shelton, WA",Micropolitan,2024,1889628.0,1,
43260,"Sheridan, WY",Micropolitan,2019,1451920.0,1,
43260,"Sheridan, WY",Micropolitan,2020,1327823.0,1,
43260,"Sheridan, WY",Micropolitan,2021,1454056.0,1,
43260,"Sheridan, WY",Micropolitan,2022,1552644.0,1,
43260,"Sheridan, WY",Micropolitan,2023,1717218.0,1,
43260,"Sheridan, WY",Micropolitan,2024,1791763.0,1,
43300,"Sherman-Denison, TX",Metropolitan,2019,5018905.0,1,
43300,"Sherman-Denison, TX",Metropolitan,2020,4941951.0,1,
43300,"Sherman-Denison, TX",Metropolitan,2021,5337561.0,1,
43300,"Sherman-Denison, TX",Metropolitan,2022,5558816.0,1,
43300,"Sherman-Denison, TX",Metropolitan,2023,6231562.0,1,
43300,"Sherman-Denison, TX",Metropolitan,2024,6585066.0,1,
43320,"Show Low, AZ",Micropolitan,2019,2810313.0,1,
43320,"Show Low, AZ",Micropolitan,2020,2802428.0,1,
43320,"Show Low, AZ",Micropolitan,2021,2863294.0,1,
43320,"Show Low, AZ",Micropolitan,2022,2941501.0,1,
43320,"Show Low, AZ",Micropolitan,2023,3008443.0,1,
43320,"Show Low, AZ",Micropolitan,2024,3130447.0,1,
43340,"Shreveport-Bossier City, LA",Metropolitan,2019,21259657.0,3,
43340,"Shreveport-Bossier City, LA",Metropolitan,2020,19733723.0,3,
43340,"Shreveport-Bossier City, LA",Metropolitan,2021,21214623.0,3,
43340,"Shreveport-Bossier City, LA",Metropolitan,2022,21056532.0,3,
43340,"Shreveport-Bossier City, LA",Metropolitan,2023,22998473.0,3,
43340,"Shreveport-Bossier City, LA",Metropolitan,2024,22983891.0,3,
43380,"Sidney, OH",Micropolitan,2019,3266380.0,1,
43380,"Sidney, OH",Micropolitan,2020,3107081.0,1,
43380,"Sidney, OH",Micropolitan,2021,3297173.0,1,
43380,"Sidney, OH",Micropolitan,2022,3309759.0,1,
43380,"Sidney, OH",Micropolitan,2023,3201156.0,1,
43380,"Sidney, OH",Micropolitan,2024,3227311.0,1,
43420,"Sierra Vista-Douglas, AZ",Metropolitan,2019,4677243.0,1,
43420,"Sierra Vista-Douglas, AZ",Metropolitan,2020,5010802.0,1,
43420,"Sierra Vista-Douglas, AZ",Metropolitan,2021,4926398.0,1,
43420,"Sierra Vista-Douglas, AZ",Metropolitan,2022,5046654.0,1,
43420,"Sierra Vista-Douglas, AZ",Metropolitan,2023,5084100.0,1,
43420,"Sierra Vista-Douglas, AZ",Metropolitan,2024,5204349.0,1,
43460,"Sikeston, MO",Micropolitan,2019,1958472.0,2,
43460,"Sikeston, MO",Micropolitan,2020,1942396.0,2,
43460,"Sikeston, MO",Micropolitan,2021,2009259.0,2,
43460,"Sikeston, MO",Micropolitan,2022,1996856.0,2,
43460,"Sikeston, MO",Micropolitan,2023,2004089.0,2,
43460,"Sikeston, MO",Micropolitan,2024,2036065.0,2,
43500,"Silver City, NM",Micropolitan,2019,1096801.0,1,
43500,"Silver City, NM",Micropolitan,2020,1000405.0,1,
43500,"Silver City, NM",Micropolitan,2021,1139503.0,1,
43500,"Silver City, NM",Micropolitan,2022,1133173.0,1,
43500,"Silver City, NM",Micropolitan,2023,1140920.0,1,
43500,"Silver City, NM",Micropolitan,2024,1015892.0,1,
43580,"Sioux City, IA-NE-SD",Metropolitan,2019,8271467.0,3,
43580,"Sioux City, IA-NE-SD",Metropolitan,2020,8200390.0,3,
43580,"Sioux City, IA-NE-SD",Metropolitan,2021,8851381.0,3,
43580,"Sioux City, IA-NE-SD",Metropolitan,2022,8925762.0,3,
43580,"Sioux City, IA-NE-SD",Metropolitan,2023,9118961.0,3,
43580,"Sioux City, IA-NE-SD",Metropolitan,2024,9156560.0,3,
43620,"Sioux Falls, SD-MN",Metropolitan,2019,23477147.0,5,
43620,"Sioux Falls, SD-MN",Metropolitan,2020,23192512.0,5,
43620,"Sioux Falls, SD-MN",Metropolitan,2021,24191342.0,5,
43620,"Sioux Falls, SD-MN",Metropolitan,2022,23712351.0,5,
43620,"Sioux Falls, SD-MN",Metropolitan,2023,24111143.0,5,
43620,"Sioux Falls, SD-MN",Metropolitan,2024,24741739.0,5,
43640,"Slidell-Mandeville-Covington, LA",Metropolitan,2019,12617114.0,1,
43640,"Slidell-Mandeville-Covington, LA",Metropolitan,2020,12198232.0,1,
43640,"Slidell-Mandeville-Covington, LA",Metropolitan,2021,13078339.0,1,
43640,"Slidell-Mandeville-Covington, LA",Metropolitan,2022,12670344.0,1,
43640,"Slidell-Mandeville-Covington, LA",Metropolitan,2023,13048850.0,1,
43640,"Slidell-Mandeville-Covington, LA",Metropolitan,2024,13329021.0,1,
43660,"Snyder, TX",Micropolitan,2019,1605528.0,1,
43660,"Snyder, TX",Micropolitan,2020,1478184.0,1,
43660,"Snyder, TX",Micropolitan,2021,1471355.0,1,
43660,"Snyder, TX",Micropolitan,2022,1380323.0,1,
43660,"Snyder, TX",Micropolitan,2023,1699389.0,1,
43660,"Snyder, TX",Micropolitan,2024,1846918.0,1,
43700,"Somerset, KY",Micropolitan,2019,2253039.0,1,
43700,"Somerset, KY",Micropolitan,2020,2118645.0,1,
43700,"Somerset, KY",Micropolitan,2021,2225296.0,1,
43700,"Somerset, KY",Micropolitan,2022,2275078.0,1,
43700,"Somerset, KY",Micropolitan,2023,2332005.0,1,
43700,"Somerset, KY",Micropolitan,2024,2375168.0,1,
43740,"Somerset, PA",Micropolitan,2019,2491515.0,1,
43740,"Somerset, PA",Micropolitan,2020,2291964.0,1,
43740,"Somerset, PA",Micropolitan,2021,2323990.0,1,
43740,"Somerset, PA",Micropolitan,2022,2317508.0,1,
43740,"Somerset, PA",Micropolitan,2023,2330479.0,1,
43740,"Somerset, PA",Micropolitan,2024,2326047.0,1,
43760,"Sonora, CA",Micropolitan,2019,2567544.0,1,
43760,"Sonora, CA",Micropolitan,2020,2311835.0,1,
43760,"Sonora, CA",Micropolitan,2021,2350125.0,1,
43760,"Sonora, CA",Micropolitan,2022,2375246.0,1,
43760,"Sonora, CA",Micropolitan,2023,2648777.0,1,
43760,"Sonora, CA",Micropolitan,2024,2569679.0,1,
43780,"South Bend-Mishawaka, IN-MI",Metropolitan,2019,15749463.0,2,
43780,"South Bend-Mishawaka, IN-MI",Metropolitan,2020,14862130.0,2,
43780,"South Bend-Mishawaka, IN-MI",Metropolitan,2021,15653731.0,2,
43780,"South Bend-Mishawaka, IN-MI",Metropolitan,2022,16011908.0,2,
43780,"South Bend-Mishawaka, IN-MI",Metropolitan,2023,16636895.0,2,
43780,"South Bend-Mishawaka, IN-MI",Metropolitan,2024,16814950.0,2,
43890,"Sparta, WI",Micropolitan,2019,2311858.0,1,
43890,"Sparta, WI",Micropolitan,2020,2244760.0,1,
43890,"Sparta, WI",Micropolitan,2021,2300981.0,1,
43890,"Sparta, WI",Micropolitan,2022,2311263.0,1,
43890,"Sparta, WI",Micropolitan,2023,2290201.0,1,
43890,"Sparta, WI",Micropolitan,2024,2293726.0,1,
43900,"Spartanburg, SC",Metropolitan,2019,16987970.0,2,
43900,"Spartanburg, SC",Metropolitan,2020,16400937.0,2,
43900,"Spartanburg, SC",Metropolitan,2021,17396466.0,2,
43900,"Spartanburg, SC",Metropolitan,2022,17702706.0,2,
43900,"Spartanburg, SC",Metropolitan,2023,18067754.0,2,
43900,"Spartanburg, SC",Metropolitan,2024,18744807.0,2,
43940,"Spearfish, SD",Micropolitan,2019,1137850.0,1,
43940,"Spearfish, SD",Micropolitan,2020,1159018.0,1,
43940,"Spearfish, SD",Micropolitan,2021,1265661.0,1,
43940,"Spearfish, SD",Micropolitan,2022,1322440.0,1,
43940,"Spearfish, SD",Micropolitan,2023,1407450.0,1,
43940,"Spearfish, SD",Micropolitan,2024,1413582.0,1,
43980,"Spencer, IA",Micropolitan,2019,1017065.0,1,
43980,"Spencer, IA",Micropolitan,2020,1011035.0,1,
43980,"Spencer, IA",Micropolitan,2021,1046618.0,1,
43980,"Spencer, IA",Micropolitan,2022,1091028.0,1,
43980,"Spencer, IA",Micropolitan,2023,1098874.0,1,
43980,"Spencer, IA",Micropolitan,2024,1179968.0,1,
44020,"Spirit Lake, IA",Micropolitan,2019,990158.0,1,
44020,"Spirit Lake, IA",Micropolitan,2020,970483.0,1,
44020,"Spirit Lake, IA",Micropolitan,2021,1065657.0,1,
44020,"Spirit Lake, IA",Micropolitan,2022,1087003.0,1,
44020,"Spirit Lake, IA",Micropolitan,2023,1094202.0,1,
44020,"Spirit Lake, IA",Micropolitan,2024,1179189.0,1,
44060,"Spokane-Spokane Valley, WA",Metropolitan,2019,27565309.0,2,
44060,"Spokane-Spokane Valley, WA",Metropolitan,2020,27713250.0,2,
44060,"Spokane-Spokane Valley, WA",Metropolitan,2021,29974648.0,2,
44060,"Spokane-Spokane Valley, WA",Metropolitan,2022,30975911.0,2,
44060,"Spokane-Spokane Valley, WA",Metropolitan,2023,31614710.0,2,
44060,"Spokane-Spokane Valley, WA",Metropolitan,2024,32627245.0,2,
44100,"Springfield, IL",Metropolitan,2019,11668914.0,2,
44100,"Springfield, IL",Metropolitan,2020,10871893.0,2,
44100,"Springfield, IL",Metropolitan,2021,11613057.0,2,
44100,"Springfield, IL",Metropolitan,2022,12043283.0,2,
44100,"Springfield, IL",Metropolitan,2023,12096346.0,2,
44100,"Springfield, IL",Metropolitan,2024,12561816.0,2,
44140,"Springfield, MA",Metropolitan,2019,22786284.0,1,
44140,"Springfield, MA",Metropolitan,2020,22464565.0,1,
44140,"Springfield, MA",Metropolitan,2021,23369811.0,1,
44140,"Springfield, MA",Metropolitan,2022,23148579.0,1,
44140,"Springfield, MA",Metropolitan,2023,23318378.0,1,
44140,"Springfield, MA",Metropolitan,2024,23695319.0,1,
44180,"Springfield, MO",Metropolitan,2019,20693837.0,5,
44180,"Springfield, MO",Metropolitan,2020,20319268.0,5,
44180,"Springfield, MO",Metropolitan,2021,21911978.0,5,
44180,"Springfield, MO",Metropolitan,2022,21986354.0,5,
44180,"Springfield, MO",Metropolitan,2023,22360082.0,5,
44180,"Springfield, MO",Metropolitan,2024,23063178.0,5,
44220,"Springfield, OH",Metropolitan,2019,4696288.0,1,
44220,"Springfield, OH",Metropolitan,2020,4470700.0,1,
44220,"Springfield, OH",Metropolitan,2021,4689134.0,1,
44220,"Springfield, OH",Metropolitan,2022,4765738.0,1,
44220,"Springfield, OH",Metropolitan,2023,4755080.0,1,
44220,"Springfield, OH",Metropolitan,2024,4739064.0,1,
44260,"Starkville, MS",Micropolitan,2019,1961227.0,2,
44260,"Starkville, MS",Micropolitan,2020,1965128.0,2,
44260,"Starkville, MS",Micropolitan,2021,2025806.0,2,
44260,"Starkville, MS",Micropolitan,2022,2043755.0,2,
44260,"Starkville, MS",Micropolitan,2023,2085196.0,2,
44260,"Starkville, MS",Micropolitan,2024,2325642.0,2,
44300,"State College, PA",Metropolitan,2019,8854634.0,1,
44300,"State College, PA",Metropolitan,2020,8566514.0,1,
44300,"State College, PA",Metropolitan,2021,8808040.0,1,
44300,"State College, PA",Metropolitan,2022,8874509.0,1,
44300,"State College, PA",Metropolitan,2023,8866232.0,1,
44300,"State College, PA",Metropolitan,2024,9001773.0,1,
44340,"Statesboro, GA",Micropolitan,2019,2910680.0,2,
44340,"Statesboro, GA",Micropolitan,2020,2777784.0,2,
44340,"Statesboro, GA",Micropolitan,2021,2955849.0,2,
44340,"Statesboro, GA",Micropolitan,2022,3143161.0,2,
44340,"Statesboro, GA",Micropolitan,2023,3250726.0,2,
44340,"Statesboro, GA",Micropolitan,2024,3338840.0,2,
44420,"Staunton-Stuarts Draft, VA",Metropolitan,2019,5142428.0,1,
44420,"Staunton-Stuarts Draft, VA",Metropolitan,2020,4943911.0,1,
44420,"Staunton-Stuarts Draft, VA",Metropolitan,2021,5183588.0,1,
44420,"Staunton-Stuarts Draft, VA",Metropolitan,2022,5371275.0,1,
44420,"Staunton-Stuarts Draft, VA",Metropolitan,2023,5431853.0,1,
44420,"Staunton-Stuarts Draft, VA",Metropolitan,2024,5538943.0,1,
44460,"Steamboat Springs, CO",Micropolitan,2019,3033017.0,2,
44460,"Steamboat Springs, CO",Micropolitan,2020,2907148.0,2,
44460,"Steamboat Springs, CO",Micropolitan,2021,3163379.0,2,
44460,"Steamboat Springs, CO",Micropolitan,2022,3311413.0,2,
44460,"Steamboat Springs, CO",Micropolitan,2023,3189451.0,2,
44460,"Steamboat Springs, CO",Micropolitan,2024,3177194.0,2,
44500,"Stephenville, TX",Micropolitan,2019,1606237.0,1,
44500,"Stephenville, TX",Micropolitan,2020,1583827.0,1,
44500,"Stephenville, TX",Micropolitan,2021,1567831.0,1,
44500,"Stephenville, TX",Micropolitan,2022,1712605.0,1,
44500,"Stephenville, TX",Micropolitan,2023,1762741.0,1,
44500,"Stephenville, TX",Micropolitan,2024,1897376.0,1,
44540,"Sterling, CO",Micropolitan,2019,982860.0,1,
44540,"Sterling, CO",Micropolitan,2020,909751.0,1,
44540,"Sterling, CO",Micropolitan,2021,1026773.0,1,
44540,"Sterling, CO",Micropolitan,2022,1044025.0,1,
44540,"Sterling, CO",Micropolitan,2023,1114624.0,1,
44540,"Sterling, CO",Micropolitan,2024,1093941.0,1,
44580,"Sterling, IL",Micropolitan,2019,2048653.0,1,
44580,"Sterling, IL",Micropolitan,2020,2018770.0,1,
44580,"Sterling, IL",Micropolitan,2021,2148383.0,1,
44580,"Sterling, IL",Micropolitan,2022,2150219.0,1,
44580,"Sterling, IL",Micropolitan,2023,2145760.0,1,
44580,"Sterling, IL",Micropolitan,2024,2201978.0,1,
44620,"Stevens Point-Plover, WI",Micropolitan,2019,4265394.0,1,
44620,"Stevens Point-Plover, WI",Micropolitan,2020,4036617.0,1,
44620,"Stevens Point-Plover, WI",Micropolitan,2021,4158498.0,1,
44620,"Stevens Point-Plover, WI",Micropolitan,2022,4272966.0,1,
44620,"Stevens Point-Plover, WI",Micropolitan,2023,4461230.0,1,
44620,"Stevens Point-Plover, WI",Micropolitan,2024,4572461.0,1,
44660,"Stillwater, OK",Micropolitan,2019,3346984.0,1,
44660,"Stillwater, OK",Micropolitan,2020,3185737.0,1,
44660,"Stillwater, OK",Micropolitan,2021,3284475.0,1,
44660,"Stillwater, OK",Micropolitan,2022,3426167.0,1,
44660,"Stillwater, OK",Micropolitan,2023,3459791.0,1,
44660,"Stillwater, OK",Micropolitan,2024,3527641.0,1,
44700,"Stockton-Lodi, CA",Metropolitan,2019,31274535.0,1,
44700,"Stockton-Lodi, CA",Metropolitan,2020,31100369.0,1,
44700,"Stockton-Lodi, CA",Metropolitan,2021,33631799.0,1,
44700,"Stockton-Lodi, CA",Metropolitan,2022,33218277.0,1,
44700,"Stockton-Lodi, CA",Metropolitan,2023,33162700.0,1,
44700,"Stockton-Lodi, CA",Metropolitan,2024,35064542.0,1,
44740,"Storm Lake, IA",Micropolitan,2019,1179343.0,1,
44740,"Storm Lake, IA",Micropolitan,2020,1233632.0,1,
44740,"Storm Lake, IA",Micropolitan,2021,1332742.0,1,
44740,"Storm Lake, IA",Micropolitan,2022,1464077.0,1,
44740,"Storm Lake, IA",Micropolitan,2023,1438690.0,1,
44740,"Storm Lake, IA",Micropolitan,2024,1545409.0,1,
44780,"Sturgis, MI",Micropolitan,2019,2059235.0,1,
44780,"Sturgis, MI",Micropolitan,2020,2017810.0,1,
44780,"Sturgis, MI",Micropolitan,2021,2163074.0,1,
44780,"Sturgis, MI",Micropolitan,2022,2202846.0,1,
44780,"Sturgis, MI",Micropolitan,2023,2288773.0,1,
44780,"Sturgis, MI",Micropolitan,2024,2283808.0,1,
44860,"Sulphur Springs, TX",Micropolitan,2019,1661619.0,1,
44860,"Sulphur Springs, TX",Micropolitan,2020,1585572.0,1,
44860,"Sulphur Springs, TX",Micropolitan,2021,1643876.0,1,
44860,"Sulphur Springs, TX",Micropolitan,2022,1826278.0,1,
44860,"Sulphur Springs, TX",Micropolitan,2023,1934140.0,1,
44860,"Sulphur Springs, TX",Micropolitan,2024,2120501.0,1,
44900,"Summerville, GA",Micropolitan,2019,564168.0,1,
44900,"Summerville, GA",Micropolitan,2020,503631.0,1,
44900,"Summerville, GA",Micropolitan,2021,529404.0,1,
44900,"Summerville, GA",Micropolitan,2022,555791.0,1,
44900,"Summerville, GA",Micropolitan,2023,524710.0,1,
44900,"Summerville, GA",Micropolitan,2024,574676.0,1,
44940,"Sumter, SC",Metropolitan,2019,4341873.0,1,
44940,"Sumter, SC",Metropolitan,2020,4176032.0,1,
44940,"Sumter, SC",Metropolitan,2021,4418454.0,1,
44940,"Sumter, SC",Metropolitan,2022,4615733.0,1,
44940,"Sumter, SC",Metropolitan,2023,4565952.0,1,
44940,"Sumter, SC",Metropolitan,2024,4750520.0,1,
44980,"Sunbury, PA",Micropolitan,2019,5167037.0,2,
44980,"Sunbury, PA",Micropolitan,2020,4673649.0,2,
44980,"Sunbury, PA",Micropolitan,2021,5298724.0,2,
44980,"Sunbury, PA",Micropolitan,2022,5376379.0,2,
44980,"Sunbury, PA",Micropolitan,2023,5477431.0,2,
44980,"Sunbury, PA",Micropolitan,2024,6039642.0,2,
45000,"Susanville, CA",Micropolitan,2019,1145535.0,1,
45000,"Susanville, CA",Micropolitan,2020,1174383.0,1,
45000,"Susanville, CA",Micropolitan,2021,1160704.0,1,
45000,"Susanville, CA",Micropolitan,2022,1123777.0,1,
45000,"Susanville, CA",Micropolitan,2023,1118949.0,1,
45000,"Susanville, CA",Micropolitan,2024,1150292.0,1,
45020,"Sweetwater, TX",Micropolitan,2019,919858.0,1,
45020,"Sweetwater, TX",Micropolitan,2020,894407.0,1,
45020,"Sweetwater, TX",Micropolitan,2021,954775.0,1,
45020,"Sweetwater, TX",Micropolitan,2022,949835.0,1,
45020,"Sweetwater, TX",Micropolitan,2023,1010952.0,1,
45020,"Sweetwater, TX",Micropolitan,2024,941869.0,1,
45060,"Syracuse, NY",Metropolitan,2019,40823748.0,3,
45060,"Syracuse, NY",Metropolitan,2020,40314721.0,3,
45060,"Syracuse, NY",Metropolitan,2021,41358061.0,3,
45060,"Syracuse, NY",Metropolitan,2022,41308051.0,3,
45060,"Syracuse, NY",Metropolitan,2023,41479624.0,3,
45060,"Syracuse, NY",Metropolitan,2024,42930219.0,3,
45140,"Tahlequah, OK",Micropolitan,2019,1248513.0,1,
45140,"Tahlequah, OK",Micropolitan,2020,1281988.0,1,
45140,"Tahlequah, OK",Micropolitan,2021,1371819.0,1,
45140,"Tahlequah, OK",Micropolitan,2022,1402552.0,1,
45140,"Tahlequah, OK",Micropolitan,2023,1442309.0,1,
45140,"Tahlequah, OK",Micropolitan,2024,1501185.0,1,
45180,"Talladega-Sylacauga, AL",Micropolitan,2019,3387019.0,2,
45180,"Talladega-Sylacauga, AL",Micropolitan,2020,3237145.0,2,
45180,"Talladega-Sylacauga, AL",Micropolitan,2021,3365048.0,2,
45180,"Talladega-Sylacauga, AL",Micropolitan,2022,3466310.0,2,
45180,"Talladega-Sylacauga, AL",Micropolitan,2023,3524371.0,2,
45180,"Talladega-Sylacauga, AL",Micropolitan,2024,3883422.0,2,
45220,"Tallahassee, FL",Metropolitan,2019,17604601.0,4,
45220,"Tallahassee, FL",Metropolitan,2020,17278170.0,4,
45220,"Tallahassee, FL",Metropolitan,2021,18396120.0,4,
45220,"Tallahassee, FL",Metropolitan,2022,19509708.0,4,
45220,"Tallahassee, FL",Metropolitan,2023,20436730.0,4,
45220,"Tallahassee, FL",Metropolitan,2024,21316348.0,4,
45300,"Tampa-St. Petersburg-Clearwater, FL",Metropolitan,2019,163928002.0,4,
45300,"Tampa-St. Petersburg-Clearwater, FL",Metropolitan,2020,165857933.0,4,
45300,"Tampa-St. Petersburg-Clearwater, FL",Metropolitan,2021,180042432.0,4,
45300,"Tampa-St. Petersburg-Clearwater, FL",Metropolitan,2022,191389441.0,4,
45300,"Tampa-St. Petersburg-Clearwater, FL",Metropolitan,2023,201082425.0,4,
45300,"Tampa-St. Petersburg-Clearwater, FL",Metropolitan,2024,207726959.0,4,
45340,"Taos, NM",Micropolitan,2019,1007956.0,1,
45340,"Taos, NM",Micropolitan,2020,927619.0,1,
45340,"Taos, NM",Micropolitan,2021,1024717.0,1,
45340,"Taos, NM",Micropolitan,2022,1065547.0,1,
45340,"Taos, NM",Micropolitan,2023,1130558.0,1,
45340,"Taos, NM",Micropolitan,2024,1171147.0,1,
45380,"Taylorville, IL",Micropolitan,2019,1484281.0,1,
45380,"Taylorville, IL",Micropolitan,2020,1346397.0,1,
45380,"Taylorville, IL",Micropolitan,2021,1529147.0,1,
45380,"Taylorville, IL",Micropolitan,2022,1528038.0,1,
45380,"Taylorville, IL",Micropolitan,2023,1456738.0,1,
45380,"Taylorville, IL",Micropolitan,2024,1431037.0,1,
45460,"Terre Haute, IN",Metropolitan,2019,7096918.0,4,
45460,"Terre Haute, IN",Metropolitan,2020,7020029.0,4,
45460,"Terre Haute, IN",Metropolitan,2021,7515964.0,4,
45460,"Terre Haute, IN",Metropolitan,2022,7576682.0,4,
45460,"Terre Haute, IN",Metropolitan,2023,7734773.0,4,
45460,"Terre Haute, IN",Metropolitan,2024,7789529.0,4,
45500,"Texarkana, TX-AR",Metropolitan,2019,5441627.0,3,
45500,"Texarkana, TX-AR",Metropolitan,2020,5428220.0,3,
45500,"Texarkana, TX-AR",Metropolitan,2021,5567085.0,3,
45500,"Texarkana, TX-AR",Metropolitan,2022,5540350.0,3,
45500,"Texarkana, TX-AR",Metropolitan,2023,5722557.0,3,
45500,"Texarkana, TX-AR",Metropolitan,2024,5911652.0,3,
45520,"The Dalles, OR",Micropolitan,2019,1520222.0,1,
45520,"The Dalles, OR",Micropolitan,2020,1555905.0,1,
45520,"The Dalles, OR",Micropolitan,2021,1634069.0,1,
45520,"The Dalles, OR",Micropolitan,2022,1735561.0,1,
45520,"The Dalles, OR",Micropolitan,2023,1822289.0,1,
45520,"The Dalles, OR",Micropolitan,2024,2013069.0,1,
45580,"Thomaston, GA",Micropolitan,2019,687536.0,1,
45580,"Thomaston, GA",Micropolitan,2020,632759.0,1,
45580,"Thomaston, GA",Micropolitan,2021,675897.0,1,
45580,"Thomaston, GA",Micropolitan,2022,701216.0,1,
45580,"Thomaston, GA",Micropolitan,2023,699553.0,1,
45580,"Thomaston, GA",Micropolitan,2024,740315.0,1,
45620,"Thomasville, GA",Micropolitan,2019,2745085.0,2,
45620,"Thomasville, GA",Micropolitan,2020,2766965.0,2,
45620,"Thomasville, GA",Micropolitan,2021,2956022.0,2,
45620,"Thomasville, GA",Micropolitan,2022,2999007.0,2,
45620,"Thomasville, GA",Micropolitan,2023,2990307.0,2,
45620,"Thomasville, GA",Micropolitan,2024,3031103.0,2,
45660,"Tiffin, OH",Micropolitan,2019,1977384.0,1,
45660,"Tiffin, OH",Micropolitan,2020,1974371.0,1,
45660,"Tiffin, OH",Micropolitan,2021,2114138.0,1,
45660,"Tiffin, OH",Micropolitan,2022,2033989.0,1,
45660,"Tiffin, OH",Micropolitan,2023,2081761.0,1,
45660,"Tiffin, OH",Micropolitan,2024,2059295.0,1,
45700,"Tifton, GA",Micropolitan,2019,2149481.0,2,
45700,"Tifton, GA",Micropolitan,2020,2099871.0,2,
45700,"Tifton, GA",Micropolitan,2021,2170647.0,2,
45700,"Tifton, GA",Micropolitan,2022,2234666.0,2,
45700,"Tifton, GA",Micropolitan,2023,2264090.0,2,
45700,"Tifton, GA",Micropolitan,2024,2305633.0,2,
45740,"Toccoa, GA",Micropolitan,2019,910106.0,1,
45740,"Toccoa, GA",Micropolitan,2020,917056.0,1,
45740,"Toccoa, GA",Micropolitan,2021,964214.0,1,
45740,"Toccoa, GA",Micropolitan,2022,1086706.0,1,
45740,"Toccoa, GA",Micropolitan,2023,1056957.0,1,
45740,"Toccoa, GA",Micropolitan,2024,1087059.0,1,
45780,"Toledo, OH",Metropolitan,2019,35203485.0,3,
45780,"Toledo, OH",Metropolitan,2020,32902262.0,3,
45780,"Toledo, OH",Metropolitan,2021,35736743.0,3,
45780,"Toledo, OH",Metropolitan,2022,35558134.0,3,
45780,"Toledo, OH",Metropolitan,2023,35745600.0,3,
45780,"Toledo, OH",Metropolitan,2024,36360550.0,3,
45820,"Topeka, KS",Metropolitan,2019,11646807.0,5,
45820,"Topeka, KS",Metropolitan,2020,11515258.0,5,
45820,"Topeka, KS",Metropolitan,2021,12031489.0,5,
45820,"Topeka, KS",Metropolitan,2022,12036989.0,5,
45820,"Topeka, KS",Metropolitan,2023,12523151.0,5,
45820,"Topeka, KS",Metropolitan,2024,12572533.0,5,
45860,"Torrington, CT",Micropolitan,2019,,1,incomplete_county_coverage
45860,"Torrington, CT",Micropolitan,2020,,1,incomplete_county_coverage
45860,"Torrington, CT",Micropolitan,2021,,1,incomplete_county_coverage
45860,"Torrington, CT",Micropolitan,2022,,1,incomplete_county_coverage
45860,"Torrington, CT",Micropolitan,2023,,1,incomplete_county_coverage
45860,"Torrington, CT",Micropolitan,2024,5184662.0,1,
45880,"Town of Pecos, TX",Micropolitan,2019,11538361.0,1,
45880,"Town of Pecos, TX",Micropolitan,2020,10591145.0,1,
45880,"Town of Pecos, TX",Micropolitan,2021,9709724.0,1,
45880,"Town of Pecos, TX",Micropolitan,2022,8203736.0,1,
45880,"Town of Pecos, TX",Micropolitan,2023,12519254.0,1,
45880,"Town of Pecos, TX",Micropolitan,2024,13156893.0,1,
45900,"Traverse City, MI",Metropolitan,2019,7033432.0,4,
45900,"Traverse City, MI",Metropolitan,2020,6704470.0,4,
45900,"Traverse City, MI",Metropolitan,2021,7233959.0,4,
45900,"Traverse City, MI",Metropolitan,2022,7456367.0,4,
45900,"Traverse City, MI",Metropolitan,2023,7764506.0,4,
45900,"Traverse City, MI",Metropolitan,2024,7937613.0,4,
45940,"Trenton-Princeton, NJ",Metropolitan,2019,37234433.0,1,
45940,"Trenton-Princeton, NJ",Metropolitan,2020,38115438.0,1,
45940,"Trenton-Princeton, NJ",Metropolitan,2021,41030313.0,1,
45940,"Trenton-Princeton, NJ",Metropolitan,2022,44109154.0,1,
45940,"Trenton-Princeton, NJ",Metropolitan,2023,45602548.0,1,
45940,"Trenton-Princeton, NJ",Metropolitan,2024,46589728.0,1,
45980,"Troy, AL",Micropolitan,2019,1409068.0,1,
45980,"Troy, AL",Micropolitan,2020,1391437.0,1,
45980,"Troy, AL",Micropolitan,2021,1556854.0,1,
45980,"Troy, AL",Micropolitan,2022,1560024.0,1,
45980,"Troy, AL",Micropolitan,2023,1589467.0,1,
45980,"Troy, AL",Micropolitan,2024,1663527.0,1,
46020,"Truckee-Grass Valley, CA",Micropolitan,2019,4393298.0,1,
46020,"Truckee-Grass Valley, CA",Micropolitan,2020,4298330.0,1,
46020,"Truckee-Grass Valley, CA",Micropolitan,2021,4469010.0,1,
46020,"Truckee-Grass Valley, CA",Micropolitan,2022,4613757.0,1,
46020,"Truckee-Grass Valley, CA",Micropolitan,2023,4633300.0,1,
46020,"Truckee-Grass Valley, CA",Micropolitan,2024,4810425.0,1,
46060,"Tucson, AZ",Metropolitan,2019,45428473.0,1,
46060,"Tucson, AZ",Metropolitan,2020,45734608.0,1,
46060,"Tucson, AZ",Metropolitan,2021,48454038.0,1,
46060,"Tucson, AZ",Metropolitan,2022,49546263.0,1,
46060,"Tucson, AZ",Metropolitan,2023,51556424.0,1,
46060,"Tucson, AZ",Metropolitan,2024,52752176.0,1,
46100,"Tullahoma-Manchester, TN",Micropolitan,2019,3456571.0,2,
46100,"Tullahoma-Manchester, TN",Micropolitan,2020,3442240.0,2,
46100,"Tullahoma-Manchester, TN",Micropolitan,2021,3621398.0,2,
46100,"Tullahoma-Manchester, TN",Micropolitan,2022,3740614.0,2,
46100,"Tullahoma-Manchester, TN",Micropolitan,2023,3794811.0,2,
46100,"Tullahoma-Manchester, TN",Micropolitan,2024,3893396.0,2,
46140,"Tulsa, OK",Metropolitan,2019,52039280.0,7,
46140,"Tulsa, OK",Metropolitan,2020,48960405.0,7,
46140,"Tulsa, OK",Metropolitan,2021,51231075.0,7,
46140,"Tulsa, OK",Metropolitan,2022,51221797.0,7,
46140,"Tulsa, OK",Metropolitan,2023,54004040.0,7,
46140,"Tulsa, OK",Metropolitan,2024,56249896.0,7,
46180,"Tupelo, MS",Micropolitan,2019,6102964.0,3,
46180,"Tupelo, MS",Micropolitan,2020,5880851.0,3,
46180,"Tupelo, MS",Micropolitan,2021,6273304.0,3,
46180,"Tupelo, MS",Micropolitan,2022,6151403.0,3,
46180,"Tupelo, MS",Micropolitan,2023,6194776.0,3,
46180,"Tupelo, MS",Micropolitan,2024,6247051.0,3,
46220,"Tuscaloosa, AL",Metropolitan,2019,11857350.0,4,
46220,"Tuscaloosa, AL",Metropolitan,2020,11278074.0,4,
46220,"Tuscaloosa, AL",Metropolitan,2021,11339021.0,4,
46220,"Tuscaloosa, AL",Metropolitan,2022,11269452.0,4,
46220,"Tuscaloosa, AL",Metropolitan,2023,11891715.0,4,
46220,"Tuscaloosa, AL",Metropolitan,2024,12293064.0,4,
46300,"Twin Falls, ID",Metropolitan,2019,4990748.0,2,
46300,"Twin Falls, ID",Metropolitan,2020,5152640.0,2,
46300,"Twin Falls, ID",Metropolitan,2021,5434907.0,2,
46300,"Twin Falls, ID",Metropolitan,2022,5683348.0,2,
46300,"Twin Falls, ID",Metropolitan,2023,5644417.0,2,
46300,"Twin Falls, ID",Metropolitan,2024,6066279.0,2,
46340,"Tyler, TX",Metropolitan,2019,11480649.0,1,
46340,"Tyler, TX",Metropolitan,2020,11234879.0,1,
46340,"Tyler, TX",Metropolitan,2021,11762089.0,1,
46340,"Tyler, TX",Metropolitan,2022,12089022.0,1,
46340,"Tyler, TX",Metropolitan,2023,12669613.0,1,
46340,"Tyler, TX",Metropolitan,2024,13120426.0,1,
46380,"Ukiah, CA",Micropolitan,2019,3516755.0,1,
46380,"Ukiah, CA",Micropolitan,2020,3391828.0,1,
46380,"Ukiah, CA",Micropolitan,2021,3592938.0,1,
46380,"Ukiah, CA",Micropolitan,2022,3479820.0,1,
46380,"Ukiah, CA",Micropolitan,2023,3482526.0,1,
46380,"Ukiah, CA",Micropolitan,2024,3589922.0,1,
46460,"Union City, TN",Micropolitan,2019,1170785.0,1,
46460,"Union City, TN",Micropolitan,2020,1204477.0,1,
46460,"Union City, TN",Micropolitan,2021,1289884.0,1,
46460,"Union City, TN",Micropolitan,2022,1279031.0,1,
46460,"Union City, TN",Micropolitan,2023,1331955.0,1,
46460,"Union City, TN",Micropolitan,2024,1294351.0,1,
46500,"Urbana, OH",Micropolitan,2019,1184915.0,1,
46500,"Urbana, OH",Micropolitan,2020,1209568.0,1,
46500,"Urbana, OH",Micropolitan,2021,1256497.0,1,
46500,"Urbana, OH",Micropolitan,2022,1239798.0,1,
46500,"Urbana, OH",Micropolitan,2023,1278781.0,1,
46500,"Urbana, OH",Micropolitan,2024,1277591.0,1,
46520,"Urban Honolulu, HI",Metropolitan,2019,65637794.0,1,
46520,"Urban Honolulu, HI",Metropolitan,2020,60004107.0,1,
46520,"Urban Honolulu, HI",Metropolitan,2021,62895180.0,1,
46520,"Urban Honolulu, HI",Metropolitan,2022,64868194.0,1,
46520,"Urban Honolulu, HI",Metropolitan,2023,66598994.0,1,
46520,"Urban Honolulu, HI",Metropolitan,2024,68315829.0,1,
46540,"Utica-Rome, NY",Metropolitan,2019,12881164.0,2,
46540,"Utica-Rome, NY",Metropolitan,2020,12779905.0,2,
46540,"Utica-Rome, NY",Metropolitan,2021,12890597.0,2,
46540,"Utica-Rome, NY",Metropolitan,2022,13017070.0,2,
46540,"Utica-Rome, NY",Metropolitan,2023,13120514.0,2,
46540,"Utica-Rome, NY",Metropolitan,2024,13393143.0,2,
46620,"Uvalde, TX",Micropolitan,2019,862865.0,1,
46620,"Uvalde, TX",Micropolitan,2020,874074.0,1,
46620,"Uvalde, TX",Micropolitan,2021,914641.0,1,
46620,"Uvalde, TX",Micropolitan,2022,914174.0,1,
46620,"Uvalde, TX",Micropolitan,2023,965213.0,1,
46620,"Uvalde, TX",Micropolitan,2024,971073.0,1,
46660,"Valdosta, GA",Metropolitan,2019,5700513.0,4,
46660,"Valdosta, GA",Metropolitan,2020,5708884.0,4,
46660,"Valdosta, GA",Metropolitan,2021,5956947.0,4,
46660,"Valdosta, GA",Metropolitan,2022,5938524.0,4,
46660,"Valdosta, GA",Metropolitan,2023,5917875.0,4,
46660,"Valdosta, GA",Metropolitan,2024,6087682.0,4,
46700,"Vallejo, CA",Metropolitan,2019,30908999.0,1,
46700,"Vallejo, CA",Metropolitan,2020,30720231.0,1,
46700,"Vallejo, CA",Metropolitan,2021,30542278.0,1,
46700,"Vallejo, CA",Metropolitan,2022,28444688.0,1,
46700,"Vallejo, CA",Metropolitan,2023,28220819.0,1,
46700,"Vallejo, CA",Metropolitan,2024,29914870.0,1,
46780,"Van Wert, OH",Micropolitan,2019,1303672.0,1,
46780,"Van Wert, OH",Micropolitan,2020,1230646.0,1,
46780,"Van Wert, OH",Micropolitan,2021,1304309.0,1,
46780,"Van Wert, OH",Micropolitan,2022,1348248.0,1,
46780,"Van Wert, OH",Micropolitan,2023,1344884.0,1,
46780,"Van Wert, OH",Micropolitan,2024,1305375.0,1,
46820,"Vermillion, SD",Micropolitan,2019,598810.0,1,
46820,"Vermillion, SD",Micropolitan,2020,572833.0,1,
46820,"Vermillion, SD",Micropolitan,2021,617251.0,1,
46820,"Vermillion, SD",Micropolitan,2022,643402.0,1,
46820,"Vermillion, SD",Micropolitan,2023,667429.0,1,
46820,"Vermillion, SD",Micropolitan,2024,680369.0,1,
46860,"Vernal, UT",Micropolitan,2019,1732484.0,1,
46860,"Vernal, UT",Micropolitan,2020,1670233.0,1,
46860,"Vernal, UT",Micropolitan,2021,1705211.0,1,
46860,"Vernal, UT",Micropolitan,2022,1903749.0,1,
46860,"Vernal, UT",Micropolitan,2023,2187112.0,1,
46860,"Vernal, UT",Micropolitan,2024,2325013.0,1,
46900,"Vernon, TX",Micropolitan,2019,783436.0,1,
46900,"Vernon, TX",Micropolitan,2020,722813.0,1,
46900,"Vernon, TX",Micropolitan,2021,714392.0,1,
46900,"Vernon, TX",Micropolitan,2022,775686.0,1,
46900,"Vernon, TX",Micropolitan,2023,797011.0,1,
46900,"Vernon, TX",Micropolitan,2024,803789.0,1,
46980,"Vicksburg, MS",Micropolitan,2019,2249181.0,1,
46980,"Vicksburg, MS",Micropolitan,2020,2409433.0,1,
46980,"Vicksburg, MS",Micropolitan,2021,2390193.0,1,
46980,"Vicksburg, MS",Micropolitan,2022,2301334.0,1,
46980,"Vicksburg, MS",Micropolitan,2023,2568571.0,1,
46980,"Vicksburg, MS",Micropolitan,2024,2796394.0,1,
47020,"Victoria, TX",Metropolitan,2019,4764655.0,2,
47020,"Victoria, TX",Metropolitan,2020,4569371.0,2,
47020,"Victoria, TX",Metropolitan,2021,4961515.0,2,
47020,"Victoria, TX",Metropolitan,2022,5039622.0,2,
47020,"Victoria, TX",Metropolitan,2023,5198048.0,2,
47020,"Victoria, TX",Metropolitan,2024,5269904.0,2,
47080,"Vidalia, GA",Micropolitan,2019,1107275.0,2,
47080,"Vidalia, GA",Micropolitan,2020,1094642.0,2,
47080,"Vidalia, GA",Micropolitan,2021,1154291.0,2,
47080,"Vidalia, GA",Micropolitan,2022,1159676.0,2,
47080,"Vidalia, GA",Micropolitan,2023,1216867.0,2,
47080,"Vidalia, GA",Micropolitan,2024,1283085.0,2,
47180,"Vincennes, IN",Micropolitan,2019,1825646.0,1,
47180,"Vincennes, IN",Micropolitan,2020,1846661.0,1,
47180,"Vincennes, IN",Micropolitan,2021,1890026.0,1,
47180,"Vincennes, IN",Micropolitan,2022,1927886.0,1,
47180,"Vincennes, IN",Micropolitan,2023,1980662.0,1,
47180,"Vincennes, IN",Micropolitan,2024,1906533.0,1,
47220,"Vineland, NJ",Metropolitan,2019,6459887.0,1,
47220,"Vineland, NJ",Metropolitan,2020,6213283.0,1,
47220,"Vineland, NJ",Metropolitan,2021,6497471.0,1,
47220,"Vineland, NJ",Metropolitan,2022,6385117.0,1,
47220,"Vineland, NJ",Metropolitan,2023,6359739.0,1,
47220,"Vineland, NJ",Metropolitan,2024,6496332.0,1,
47240,"Vineyard Haven, MA",Micropolitan,2019,1466589.0,1,
47240,"Vineyard Haven, MA",Micropolitan,2020,1414002.0,1,
47240,"Vineyard Haven, MA",Micropolitan,2021,1453184.0,1,
47240,"Vineyard Haven, MA",Micropolitan,2022,1554830.0,1,
47240,"Vineyard Haven, MA",Micropolitan,2023,1570922.0,1,
47240,"Vineyard Haven, MA",Micropolitan,2024,1612733.0,1,
47260,"Virginia Beach-Chesapeake-Norfolk, VA-NC",Metropolitan,2019,95299441.0,16,
47260,"Virginia Beach-Chesapeake-Norfolk, VA-NC",Metropolitan,2020,94636840.0,16,
47260,"Virginia Beach-Chesapeake-Norfolk, VA-NC",Metropolitan,2021,98986348.0,16,
47260,"Virginia Beach-Chesapeake-Norfolk, VA-NC",Metropolitan,2022,101160767.0,16,
47260,"Virginia Beach-Chesapeake-Norfolk, VA-NC",Metropolitan,2023,103912846.0,16,
47260,"Virginia Beach-Chesapeake-Norfolk, VA-NC",Metropolitan,2024,106094314.0,16,
47300,"Visalia, CA",Metropolitan,2019,18480075.0,1,
47300,"Visalia, CA",Metropolitan,2020,18059433.0,1,
47300,"Visalia, CA",Metropolitan,2021,18268538.0,1,
47300,"Visalia, CA",Metropolitan,2022,18226908.0,1,
47300,"Visalia, CA",Metropolitan,2023,18569956.0,1,
47300,"Visalia, CA",Metropolitan,2024,19484144.0,1,
47340,"Wabash, IN",Micropolitan,2019,1166167.0,1,
47340,"Wabash, IN",Micropolitan,2020,1144887.0,1,
47340,"Wabash, IN",Micropolitan,2021,1259059.0,1,
47340,"Wabash, IN",Micropolitan,2022,1273479.0,1,
47340,"Wabash, IN",Micropolitan,2023,1294924.0,1,
47340,"Wabash, IN",Micropolitan,2024,1303003.0,1,
47380,"Waco, TX",Metropolitan,2019,13587293.0,3,
47380,"Waco, TX",Metropolitan,2020,13251138.0,3,
47380,"Waco, TX",Metropolitan,2021,14077352.0,3,
47380,"Waco, TX",Metropolitan,2022,14547413.0,3,
47380,"Waco, TX",Metropolitan,2023,15152410.0,3,
47380,"Waco, TX",Metropolitan,2024,15697074.0,3,
47420,"Wahpeton, ND-MN",Micropolitan,2019,1123679.0,2,
47420,"Wahpeton, ND-MN",Micropolitan,2020,1055656.0,2,
47420,"Wahpeton, ND-MN",Micropolitan,2021,1258744.0,2,
47420,"Wahpeton, ND-MN",Micropolitan,2022,1300265.0,2,
47420,"Wahpeton, ND-MN",Micropolitan,2023,1515507.0,2,
47420,"Wahpeton, ND-MN",Micropolitan,2024,1412012.0,2,
47460,"Walla Walla, WA",Metropolitan,2019,3468184.0,1,
47460,"Walla Walla, WA",Metropolitan,2020,3243128.0,1,
47460,"Walla Walla, WA",Metropolitan,2021,3322267.0,1,
47460,"Walla Walla, WA",Metropolitan,2022,3390674.0,1,
47460,"Walla Walla, WA",Metropolitan,2023,3458946.0,1,
47460,"Walla Walla, WA",Metropolitan,2024,3534101.0,1,
47540,"Wapakoneta, OH",Micropolitan,2019,2290619.0,1,
47540,"Wapakoneta, OH",Micropolitan,2020,2189445.0,1,
47540,"Wapakoneta, OH",Micropolitan,2021,2566627.0,1,
47540,"Wapakoneta, OH",Micropolitan,2022,2522815.0,1,
47540,"Wapakoneta, OH",Micropolitan,2023,2723015.0,1,
47540,"Wapakoneta, OH",Micropolitan,2024,2782323.0,1,
47580,"Warner Robins, GA",Metropolitan,2019,8016520.0,2,
47580,"Warner Robins, GA",Metropolitan,2020,7954700.0,2,
47580,"Warner Robins, GA",Metropolitan,2021,8296636.0,2,
47580,"Warner Robins, GA",Metropolitan,2022,8502679.0,2,
47580,"Warner Robins, GA",Metropolitan,2023,8649962.0,2,
47580,"Warner Robins, GA",Metropolitan,2024,8864060.0,2,
47620,"Warren, PA",Micropolitan,2019,1399917.0,1,
47620,"Warren, PA",Micropolitan,2020,1281294.0,1,
47620,"Warren, PA",Micropolitan,2021,1279904.0,1,
47620,"Warren, PA",Micropolitan,2022,1236331.0,1,
47620,"Warren, PA",Micropolitan,2023,1290597.0,1,
47620,"Warren, PA",Micropolitan,2024,1311373.0,1,
47660,"Warrensburg, MO",Micropolitan,2019,1852135.0,1,
47660,"Warrensburg, MO",Micropolitan,2020,1875995.0,1,
47660,"Warrensburg, MO",Micropolitan,2021,1888686.0,1,
47660,"Warrensburg, MO",Micropolitan,2022,1936900.0,1,
47660,"Warrensburg, MO",Micropolitan,2023,1975713.0,1,
47660,"Warrensburg, MO",Micropolitan,2024,2027418.0,1,
47700,"Warsaw, IN",Micropolitan,2019,5572849.0,1,
47700,"Warsaw, IN",Micropolitan,2020,5854077.0,1,
47700,"Warsaw, IN",Micropolitan,2021,6205960.0,1,
47700,"Warsaw, IN",Micropolitan,2022,6064021.0,1,
47700,"Warsaw, IN",Micropolitan,2023,6212582.0,1,
47700,"Warsaw, IN",Micropolitan,2024,6266382.0,1,
47780,"Washington, IN",Micropolitan,2019,1300795.0,1,
47780,"Washington, IN",Micropolitan,2020,1397579.0,1,
47780,"Washington, IN",Micropolitan,2021,1414926.0,1,
47780,"Washington, IN",Micropolitan,2022,1513982.0,1,
47780,"Washington, IN",Micropolitan,2023,1573452.0,1,
47780,"Washington, IN",Micropolitan,2024,1724933.0,1,
47820,"Washington, NC",Micropolitan,2019,1879492.0,1,
47820,"Washington, NC",Micropolitan,2020,1750343.0,1,
47820,"Washington, NC",Micropolitan,2021,1792261.0,1,
47820,"Washington, NC",Micropolitan,2022,1775553.0,1,
47820,"Washington, NC",Micropolitan,2023,1785431.0,1,
47820,"Washington, NC",Micropolitan,2024,1855657.0,1,
47900,"Washington-Arlington-Alexandria, DC-VA-MD-WV",Metropolitan,2019,547227769.0,18,
47900,"Washington-Arlington-Alexandria, DC-VA-MD-WV",Metropolitan,2020,539103784.0,18,
47900,"Washington-Arlington-Alexandria, DC-VA-MD-WV",Metropolitan,2021,567225207.0,18,
47900,"Washington-Arlington-Alexandria, DC-VA-MD-WV",Metropolitan,2022,575326110.0,18,
47900,"Washington-Arlington-Alexandria, DC-VA-MD-WV",Metropolitan,2023,593256134.0,18,
47900,"Washington-Arlington-Alexandria, DC-VA-MD-WV",Metropolitan,2024,607940444.0,18,
47920,"Washington Court House, OH",Micropolitan,2019,1614942.0,1,
47920,"Washington Court House, OH",Micropolitan,2020,1666466.0,1,
47920,"Washington Court House, OH",Micropolitan,2021,1691731.0,1,
47920,"Washington Court House, OH",Micropolitan,2022,1638269.0,1,
47920,"Washington Court House, OH",Micropolitan,2023,1772310.0,1,
47920,"Washington Court House, OH",Micropolitan,2024,1627110.0,1,
47930,"Waterbury-Shelton, CT",Metropolitan,2019,,1,incomplete_county_coverage
47930,"Waterbury-Shelton, CT",Metropolitan,2020,,1,incomplete_county_coverage
47930,"Waterbury-Shelton, CT",Metropolitan,2021,,1,incomplete_county_coverage
47930,"Waterbury-Shelton, CT",Metropolitan,2022,,1,incomplete_county_coverage
47930,"Waterbury-Shelton, CT",Metropolitan,2023,,1,incomplete_county_coverage
47930,"Waterbury-Shelton, CT",Metropolitan,2024,26812846.0,1,
47940,"Waterloo-Cedar Falls, IA",Metropolitan,2019,9486578.0,3,
47940,"Waterloo-Cedar Falls, IA",Metropolitan,2020,9294475.0,3,
47940,"Waterloo-Cedar Falls, IA",Metropolitan,2021,9963887.0,3,
47940,"Waterloo-Cedar Falls, IA",Metropolitan,2022,9733195.0,3,
47940,"Waterloo-Cedar Falls, IA",Metropolitan,2023,9548133.0,3,
47940,"Waterloo-Cedar Falls, IA",Metropolitan,2024,9333344.0,3,
47980,"Watertown, SD",Micropolitan,2019,1445557.0,1,
47980,"Watertown, SD",Micropolitan,2020,1497529.0,1,
47980,"Watertown, SD",Micropolitan,2021,1551232.0,1,
47980,"Watertown, SD",Micropolitan,2022,1549760.0,1,
47980,"Watertown, SD",Micropolitan,2023,1589988.0,1,
47980,"Watertown, SD",Micropolitan,2024,1614051.0,1,
48020,"Watertown-Fort Atkinson, WI",Micropolitan,2019,3524014.0,1,
48020,"Watertown-Fort Atkinson, WI",Micropolitan,2020,3425607.0,1,
48020,"Watertown-Fort Atkinson, WI",Micropolitan,2021,3647038.0,1,
48020,"Watertown-Fort Atkinson, WI",Micropolitan,2022,3739402.0,1,
48020,"Watertown-Fort Atkinson, WI",Micropolitan,2023,3680269.0,1,
48020,"Watertown-Fort Atkinson, WI",Micropolitan,2024,3791498.0,1,
48060,"Watertown-Fort Drum, NY",Metropolitan,2019,6351089.0,1,
48060,"Watertown-Fort Drum, NY",Metropolitan,2020,6210282.0,1,
48060,"Watertown-Fort Drum, NY",Metropolitan,2021,6406723.0,1,
48060,"Watertown-Fort Drum, NY",Metropolitan,2022,6432449.0,1,
48060,"Watertown-Fort Drum, NY",Metropolitan,2023,6397925.0,1,
48060,"Watertown-Fort Drum, NY",Metropolitan,2024,6422740.0,1,
48140,"Wausau, WI",Metropolitan,2019,8974136.0,1,
48140,"Wausau, WI",Metropolitan,2020,8515356.0,1,
48140,"Wausau, WI",Metropolitan,2021,8790320.0,1,
48140,"Wausau, WI",Metropolitan,2022,8926704.0,1,
48140,"Wausau, WI",Metropolitan,2023,8910174.0,1,
48140,"Wausau, WI",Metropolitan,2024,9131392.0,1,
48180,"Waycross, GA",Micropolitan,2019,1827384.0,2,
48180,"Waycross, GA",Micropolitan,2020,1763940.0,2,
48180,"Waycross, GA",Micropolitan,2021,1791438.0,2,
48180,"Waycross, GA",Micropolitan,2022,1841443.0,2,
48180,"Waycross, GA",Micropolitan,2023,1873515.0,2,
48180,"Waycross, GA",Micropolitan,2024,1904284.0,2,
48200,"Waynesville, NC",Micropolitan,2019,1929027.0,1,
48200,"Waynesville, NC",Micropolitan,2020,1899407.0,1,
48200,"Waynesville, NC",Micropolitan,2021,1932913.0,1,
48200,"Waynesville, NC",Micropolitan,2022,1940465.0,1,
48200,"Waynesville, NC",Micropolitan,2023,1981979.0,1,
48200,"Waynesville, NC",Micropolitan,2024,2007941.0,1,
48220,"Weatherford, OK",Micropolitan,2019,2098683.0,2,
48220,"Weatherford, OK",Micropolitan,2020,1868439.0,2,
48220,"Weatherford, OK",Micropolitan,2021,1851627.0,2,
48220,"Weatherford, OK",Micropolitan,2022,1853313.0,2,
48220,"Weatherford, OK",Micropolitan,2023,2009375.0,2,
48220,"Weatherford, OK",Micropolitan,2024,1817534.0,2,
48260,"Weirton-Steubenville, WV-OH",Metropolitan,2019,5883465.0,3,
48260,"Weirton-Steubenville, WV-OH",Metropolitan,2020,5985617.0,3,
48260,"Weirton-Steubenville, WV-OH",Metropolitan,2021,5924499.0,3,
48260,"Weirton-Steubenville, WV-OH",Metropolitan,2022,5465452.0,3,
48260,"Weirton-Steubenville, WV-OH",Metropolitan,2023,5959739.0,3,
48260,"Weirton-Steubenville, WV-OH",Metropolitan,2024,5681188.0,3,
48300,"Wenatchee-East Wenatchee, WA",Metropolitan,2019,6508578.0,2,
48300,"Wenatchee-East Wenatchee, WA",Metropolitan,2020,6434409.0,2,
48300,"Wenatchee-East Wenatchee, WA",Metropolitan,2021,6763818.0,2,
48300,"Wenatchee-East Wenatchee, WA",Metropolitan,2022,7079677.0,2,
48300,"Wenatchee-East Wenatchee, WA",Metropolitan,2023,7630834.0,2,
48300,"Wenatchee-East Wenatchee, WA",Metropolitan,2024,7754111.0,2,
48460,"West Plains, MO",Micropolitan,2019,1250549.0,1,
48460,"West Plains, MO",Micropolitan,2020,1244896.0,1,
48460,"West Plains, MO",Micropolitan,2021,1259062.0,1,
48460,"West Plains, MO",Micropolitan,2022,1290725.0,1,
48460,"West Plains, MO",Micropolitan,2023,1325684.0,1,
48460,"West Plains, MO",Micropolitan,2024,1369134.0,1,
48540,"Wheeling, WV-OH",Metropolitan,2019,9711642.0,3,
48540,"Wheeling, WV-OH",Metropolitan,2020,9332778.0,3,
48540,"Wheeling, WV-OH",Metropolitan,2021,9071923.0,3,
48540,"Wheeling, WV-OH",Metropolitan,2022,8681559.0,3,
48540,"Wheeling, WV-OH",Metropolitan,2023,9115188.0,3,
48540,"Wheeling, WV-OH",Metropolitan,2024,9257782.0,3,
48580,"Whitewater-Elkhorn, WI",Micropolitan,2019,4492361.0,1,
48580,"Whitewater-Elkhorn, WI",Micropolitan,2020,4349357.0,1,
48580,"Whitewater-Elkhorn, WI",Micropolitan,2021,4560348.0,1,
48580,"Whitewater-Elkhorn, WI",Micropolitan,2022,4653310.0,1,
48580,"Whitewater-Elkhorn, WI",Micropolitan,2023,4780980.0,1,
48580,"Whitewater-Elkhorn, WI",Micropolitan,2024,4858838.0,1,
48620,"Wichita, KS",Metropolitan,2019,35767854.0,4,
48620,"Wichita, KS",Metropolitan,2020,33942300.0,4,
48620,"Wichita, KS",Metropolitan,2021,34550169.0,4,
48620,"Wichita, KS",Metropolitan,2022,36438960.0,4,
48620,"Wichita, KS",Metropolitan,2023,37720121.0,4,
48620,"Wichita, KS",Metropolitan,2024,38260439.0,4,
48660,"Wichita Falls, TX",Metropolitan,2019,6269775.0,3,
48660,"Wichita Falls, TX",Metropolitan,2020,6189470.0,3,
48660,"Wichita Falls, TX",Metropolitan,2021,6254807.0,3,
48660,"Wichita Falls, TX",Metropolitan,2022,6376269.0,3,
48660,"Wichita Falls, TX",Metropolitan,2023,6537433.0,3,
48660,"Wichita Falls, TX",Metropolitan,2024,6691087.0,3,
48680,"Wildwood-The Villages, FL",Metropolitan,2019,3803390.0,1,
48680,"Wildwood-The Villages, FL",Metropolitan,2020,3883004.0,1,
48680,"Wildwood-The Villages, FL",Metropolitan,2021,4521352.0,1,
48680,"Wildwood-The Villages, FL",Metropolitan,2022,5085265.0,1,
48680,"Wildwood-The Villages, FL",Metropolitan,2023,5396755.0,1,
48680,"Wildwood-The Villages, FL",Metropolitan,2024,5791292.0,1,
48700,"Williamsport, PA",Metropolitan,2019,5782587.0,1,
48700,"Williamsport, PA",Metropolitan,2020,5664859.0,1,
48700,"Williamsport, PA",Metropolitan,2021,5675363.0,1,
48700,"Williamsport, PA",Metropolitan,2022,5632842.0,1,
48700,"Williamsport, PA",Metropolitan,2023,6053105.0,1,
48700,"Williamsport, PA",Metropolitan,2024,6067871.0,1,
48780,"Williston, ND",Micropolitan,2019,6335221.0,1,
48780,"Williston, ND",Micropolitan,2020,4959302.0,1,
48780,"Williston, ND",Micropolitan,2021,4794179.0,1,
48780,"Williston, ND",Micropolitan,2022,5200989.0,1,
48780,"Williston, ND",Micropolitan,2023,6442269.0,1,
48780,"Williston, ND",Micropolitan,2024,6692008.0,1,
48820,"Willmar, MN",Micropolitan,2019,2232170.0,1,
48820,"Willmar, MN",Micropolitan,2020,2137805.0,1,
48820,"Willmar, MN",Micropolitan,2021,2231541.0,1,
48820,"Willmar, MN",Micropolitan,2022,2321678.0,1,
48820,"Willmar, MN",Micropolitan,2023,2379249.0,1,
48820,"Willmar, MN",Micropolitan,2024,2425921.0,1,
48900,"Wilmington, NC",Metropolitan,2019,19970216.0,3,
48900,"Wilmington, NC",Metropolitan,2020,20419195.0,3,
48900,"Wilmington, NC",Metropolitan,2021,22051371.0,3,
48900,"Wilmington, NC",Metropolitan,2022,22815054.0,3,
48900,"Wilmington, NC",Metropolitan,2023,23950591.0,3,
48900,"Wilmington, NC",Metropolitan,2024,24613141.0,3,
48940,"Wilmington, OH",Micropolitan,2019,2218418.0,1,
48940,"Wilmington, OH",Micropolitan,2020,2250141.0,1,
48940,"Wilmington, OH",Micropolitan,2021,2404882.0,1,
48940,"Wilmington, OH",Micropolitan,2022,2381428.0,1,
48940,"Wilmington, OH",Micropolitan,2023,2423650.0,1,
48940,"Wilmington, OH",Micropolitan,2024,2454287.0,1,
48980,"Wilson, NC",Micropolitan,2019,3889201.0,1,
48980,"Wilson, NC",Micropolitan,2020,3831747.0,1,
48980,"Wilson, NC",Micropolitan,2021,3797744.0,1,
48980,"Wilson, NC",Micropolitan,2022,3837657.0,1,
48980,"Wilson, NC",Micropolitan,2023,3896211.0,1,
48980,"Wilson, NC",Micropolitan,2024,3999260.0,1,
49010,"Winchester, TN",Micropolitan,2019,1186008.0,1,
49010,"Winchester, TN",Micropolitan,2020,1147861.0,1,
49010,"Winchester, TN",Micropolitan,2021,1281036.0,1,
49010,"Winchester, TN",Micropolitan,2022,1339223.0,1,
49010,"Winchester, TN",Micropolitan,2023,1371735.0,1,
49010,"Winchester, TN",Micropolitan,2024,1429025.0,1,
49020,"Winchester, VA-WV",Metropolitan,2019,7191186.0,2,
49020,"Winchester, VA-WV",Metropolitan,2020,7303409.0,2,
49020,"Winchester, VA-WV",Metropolitan,2021,7737971.0,2,
49020,"Winchester, VA-WV",Metropolitan,2022,7667469.0,2,
49020,"Winchester, VA-WV",Metropolitan,2023,7781568.0,2,
49020,"Winchester, VA-WV",Metropolitan,2024,7971054.0,2,
49080,"Winnemucca, NV",Micropolitan,2019,1254510.0,1,
49080,"Winnemucca, NV",Micropolitan,2020,1415182.0,1,
49080,"Winnemucca, NV",Micropolitan,2021,1401867.0,1,
49080,"Winnemucca, NV",Micropolitan,2022,1267411.0,1,
49080,"Winnemucca, NV",Micropolitan,2023,1296605.0,1,
49080,"Winnemucca, NV",Micropolitan,2024,1328417.0,1,
49100,"Winona, MN",Micropolitan,2019,2337387.0,1,
49100,"Winona, MN",Micropolitan,2020,2334515.0,1,
49100,"Winona, MN",Micropolitan,2021,2364004.0,1,
49100,"Winona, MN",Micropolitan,2022,2344007.0,1,
49100,"Winona, MN",Micropolitan,2023,2253603.0,1,
49100,"Winona, MN",Micropolitan,2024,2332948.0,1,
49180,"Winston-Salem, NC",Metropolitan,2019,34654261.0,5,
49180,"Winston-Salem, NC",Metropolitan,2020,32338976.0,5,
49180,"Winston-Salem, NC",Metropolitan,2021,34504347.0,5,
49180,"Winston-Salem, NC",Metropolitan,2022,35432166.0,5,
49180,"Winston-Salem, NC",Metropolitan,2023,36121336.0,5,
49180,"Winston-Salem, NC",Metropolitan,2024,36497252.0,5,
49220,"Wisconsin Rapids-Marshfield, WI",Micropolitan,2019,4143529.0,1,
49220,"Wisconsin Rapids-Marshfield, WI",Micropolitan,2020,4126687.0,1,
49220,"Wisconsin Rapids-Marshfield, WI",Micropolitan,2021,4027820.0,1,
49220,"Wisconsin Rapids-Marshfield, WI",Micropolitan,2022,4043968.0,1,
49220,"Wisconsin Rapids-Marshfield, WI",Micropolitan,2023,4065843.0,1,
49220,"Wisconsin Rapids-Marshfield, WI",Micropolitan,2024,4107043.0,1,
49260,"Woodward, OK",Micropolitan,2019,1197516.0,1,
49260,"Woodward, OK",Micropolitan,2020,1161057.0,1,
49260,"Woodward, OK",Micropolitan,2021,1147802.0,1,
49260,"Woodward, OK",Micropolitan,2022,1170241.0,1,
49260,"Woodward, OK",Micropolitan,2023,1214089.0,1,
49260,"Woodward, OK",Micropolitan,2024,1192351.0,1,
49300,"Wooster, OH",Micropolitan,2019,6481395.0,1,
49300,"Wooster, OH",Micropolitan,2020,6399345.0,1,
49300,"Wooster, OH",Micropolitan,2021,6636680.0,1,
49300,"Wooster, OH",Micropolitan,2022,6590512.0,1,
49300,"Wooster, OH",Micropolitan,2023,6865151.0,1,
49300,"Wooster, OH",Micropolitan,2024,7056118.0,1,
49340,"Worcester, MA",Metropolitan,2019,43975268.0,1,
49340,"Worcester, MA",Metropolitan,2020,43345458.0,1,
49340,"Worcester, MA",Metropolitan,2021,46031031.0,1,
49340,"Worcester, MA",Metropolitan,2022,46750376.0,1,
49340,"Worcester, MA",Metropolitan,2023,47291424.0,1,
49340,"Worcester, MA",Metropolitan,2024,48166049.0,1,
49380,"Worthington, MN",Micropolitan,2019,1226565.0,1,
49380,"Worthington, MN",Micropolitan,2020,1237453.0,1,
49380,"Worthington, MN",Micropolitan,2021,1244840.0,1,
49380,"Worthington, MN",Micropolitan,2022,1329728.0,1,
49380,"Worthington, MN",Micropolitan,2023,1336911.0,1,
49380,"Worthington, MN",Micropolitan,2024,1460466.0,1,
49420,"Yakima, WA",Metropolitan,2019,10709021.0,1,
49420,"Yakima, WA",Metropolitan,2020,10560201.0,1,
49420,"Yakima, WA",Metropolitan,2021,10727907.0,1,
49420,"Yakima, WA",Metropolitan,2022,10450002.0,1,
49420,"Yakima, WA",Metropolitan,2023,10277838.0,1,
49420,"Yakima, WA",Metropolitan,2024,10144203.0,1,
49460,"Yankton, SD",Micropolitan,2019,1266775.0,1,
49460,"Yankton, SD",Micropolitan,2020,1248083.0,1,
49460,"Yankton, SD",Micropolitan,2021,1331854.0,1,
49460,"Yankton, SD",Micropolitan,2022,1381329.0,1,
49460,"Yankton, SD",Micropolitan,2023,1423951.0,1,
49460,"Yankton, SD",Micropolitan,2024,1401101.0,1,
49620,"York-Hanover, PA",Metropolitan,2019,21551325.0,1,
49620,"York-Hanover, PA",Metropolitan,2020,20620272.0,1,
49620,"York-Hanover, PA",Metropolitan,2021,21245821.0,1,
49620,"York-Hanover, PA",Metropolitan,2022,21522926.0,1,
49620,"York-Hanover, PA",Metropolitan,2023,21774019.0,1,
49620,"York-Hanover, PA",Metropolitan,2024,22090548.0,1,
49660,"Youngstown-Warren, OH",Metropolitan,2019,16436668.0,2,
49660,"Youngstown-Warren, OH",Metropolitan,2020,15689906.0,2,
49660,"Youngstown-Warren, OH",Metropolitan,2021,16334399.0,2,
49660,"Youngstown-Warren, OH",Metropolitan,2022,16249353.0,2,
49660,"Youngstown-Warren, OH",Metropolitan,2023,16886688.0,2,
49660,"Youngstown-Warren, OH",Metropolitan,2024,17323514.0,2,
49700,"Yuba City, CA",Metropolitan,2019,6790241.0,2,
49700,"Yuba City, CA",Metropolitan,2020,6768660.0,2,
49700,"Yuba City, CA",Metropolitan,2021,7097396.0,2,
49700,"Yuba City, CA",Metropolitan,2022,7138254.0,2,
49700,"Yuba City, CA",Metropolitan,2023,7481175.0,2,
49700,"Yuba City, CA",Metropolitan,2024,7545286.0,2,
49740,"Yuma, AZ",Metropolitan,2019,7714421.0,1,
49740,"Yuma, AZ",Metropolitan,2020,7611986.0,1,
49740,"Yuma, AZ",Metropolitan,2021,7864068.0,1,
49740,"Yuma, AZ",Metropolitan,2022,8198536.0,1,
49740,"Yuma, AZ",Metropolitan,2023,8560165.0,1,
49740,"Yuma, AZ",Metropolitan,2024,8887417.0,1,
49780,"Zanesville, OH",Micropolitan,2019,3694418.0,1,
49780,"Zanesville, OH",Micropolitan,2020,3722320.0,1,
49780,"Zanesville, OH",Micropolitan,2021,3899790.0,1,
49780,"Zanesville, OH",Micropolitan,2022,3902042.0,1,
49780,"Zanesville, OH",Micropolitan,2023,3978045.0,1,
49780,"Zanesville, OH",Micropolitan,2024,4029674.0,1,
49820,"Zapata, TX",Micropolitan,2019,629278.0,1,
49820,"Zapata, TX",Micropolitan,2020,554580.0,1,
49820,"Zapata, TX",Micropolitan,2021,614303.0,1,
49820,"Zapata, TX",Micropolitan,2022,606346.0,1,
49820,"Zapata, TX",Micropolitan,2023,602348.0,1,
49820,"Zapata, TX",Micropolitan,2024,552291.0,1,
