geofips,geoname,year,real_gdp_k2017usd
01001,"Autauga, AL",2019,1740015.0
01001,"Autauga, AL",2020,1749999.0
01001,"Autauga, AL",2021,1738222.0
01001,"Autauga, AL",2022,1883611.0
01001,"Autauga, AL",2023,1907174.0
01001,"Autauga, AL",2024,1758017.0
01003,"Baldwin, AL",2019,8145105.0
01003,"Baldwin, AL",2020,8110635.0
01003,"Baldwin, AL",2021,8697749.0
01003,"Baldwin, AL",2022,9224845.0
01003,"Baldwin, AL",2023,9928360.0
01003,"Baldwin, AL",2024,10208956.0
01005,"Barbour, AL",2019,762090.0
01005,"Barbour, AL",2020,733805.0
01005,"Barbour, AL",2021,757063.0
01005,"Barbour, AL",2022,748152.0
01005,"Barbour, AL",2023,730176.0
01005,"Barbour, AL",2024,747750.0
01007,"Bibb, AL",2019,441282.0
01007,"Bibb, AL",2020,462167.0
01007,"Bibb, AL",2021,460926.0
01007,"Bibb, AL",2022,458937.0
01007,"Bibb, AL",2023,471817.0
01007,"Bibb, AL",2024,476273.0
01009,"Blount, AL",2019,1012139.0
01009,"Blount, AL",2020,907449.0
01009,"Blount, AL",2021,1033241.0
01009,"Blount, AL",2022,1041201.0
01009,"Blount, AL",2023,1086171.0
01009,"Blount, AL",2024,1174999.0
01011,"Bullock, AL",2019,266360.0
01011,"Bullock, AL",2020,271363.0
01011,"Bullock, AL",2021,263222.0
01011,"Bullock, AL",2022,258330.0
01011,"Bullock, AL",2023,281803.0
01011,"Bullock, AL",2024,292695.0
01013,"Butler, AL",2019,637975.0
01013,"Butler, AL",2020,602970.0
01013,"Butler, AL",2021,640293.0
01013,"Butler, AL",2022,647451.0
01013,"Butler, AL",2023,665432.0
01013,"Butler, AL",2024,702420.0
01015,"Calhoun, AL",2019,4566934.0
01015,"Calhoun, AL",2020,4479184.0
01015,"Calhoun, AL",2021,4715207.0
01015,"Calhoun, AL",2022,4663474.0
01015,"Calhoun, AL",2023,4845292.0
01015,"Calhoun, AL",2024,4965547.0
01017,"Chambers, AL",2019,937830.0
01017,"Chambers, AL",2020,882656.0
01017,"Chambers, AL",2021,874565.0
01017,"Chambers, AL",2022,875745.0
01017,"Chambers, AL",2023,937350.0
01017,"Chambers, AL",2024,990039.0
01019,"Cherokee, AL",2019,575262.0
01019,"Cherokee, AL",2020,534860.0
01019,"Cherokee, AL",2021,596579.0
01019,"Cherokee, AL",2022,608839.0
01019,"Cherokee, AL",2023,603805.0
01019,"Cherokee, AL",2024,632989.0
01021,"Chilton, AL",2019,1115138.0
01021,"Chilton, AL",2020,1072090.0
01021,"Chilton, AL",2021,1099863.0
01021,"Chilton, AL",2022,1144511.0
01021,"Chilton, AL",2023,1196469.0
01021,"Chilton, AL",2024,1261402.0
01023,"Choctaw, AL",2019,559851.0
01023,"Choctaw, AL",2020,561606.0
01023,"Choctaw, AL",2021,573135.0
01023,"Choctaw, AL",2022,531061.0
01023,"Choctaw, AL",2023,534000.0
01023,"Choctaw, AL",2024,553184.0
01025,"Clarke, AL",2019,835456.0
01025,"Clarke, AL",2020,850076.0
01025,"Clarke, AL",2021,843588.0
01025,"Clarke, AL",2022,793718.0
01025,"Clarke, AL",2023,823308.0
01025,"Clarke, AL",2024,833608.0
01027,"Clay, AL",2019,425235.0
01027,"Clay, AL",2020,424095.0
01027,"Clay, AL",2021,438983.0
01027,"Clay, AL",2022,447083.0
01027,"Clay, AL",2023,411430.0
01027,"Clay, AL",2024,427679.0
01029,"Cleburne, AL",2019,285873.0
01029,"Cleburne, AL",2020,281445.0
01029,"Cleburne, AL",2021,323054.0
01029,"Cleburne, AL",2022,333754.0
01029,"Cleburne, AL",2023,341538.0
01029,"Cleburne, AL",2024,372482.0
01031,"Coffee, AL",2019,1441736.0
01031,"Coffee, AL",2020,1404389.0
01031,"Coffee, AL",2021,1614494.0
01031,"Coffee, AL",2022,1713754.0
01031,"Coffee, AL",2023,1712285.0
01031,"Coffee, AL",2024,1819734.0
01033,"Colbert, AL",2019,2572699.0
01033,"Colbert, AL",2020,2546257.0
01033,"Colbert, AL",2021,2598283.0
01033,"Colbert, AL",2022,2706227.0
01033,"Colbert, AL",2023,2789446.0
01033,"Colbert, AL",2024,2847285.0
01035,"Conecuh, AL",2019,394986.0
01035,"Conecuh, AL",2020,372753.0
01035,"Conecuh, AL",2021,382968.0
01035,"Conecuh, AL",2022,354394.0
01035,"Conecuh, AL",2023,385845.0
01035,"Conecuh, AL",2024,397455.0
01037,"Coosa, AL",2019,190407.0
01037,"Coosa, AL",2020,179105.0
01037,"Coosa, AL",2021,180110.0
01037,"Coosa, AL",2022,190382.0
01037,"Coosa, AL",2023,186612.0
01037,"Coosa, AL",2024,189287.0
01039,"Covington, AL",2019,1217301.0
01039,"Covington, AL",2020,1216840.0
01039,"Covington, AL",2021,1268712.0
01039,"Covington, AL",2022,1240148.0
01039,"Covington, AL",2023,1241952.0
01039,"Covington, AL",2024,1283169.0
01041,"Crenshaw, AL",2019,464556.0
01041,"Crenshaw, AL",2020,374686.0
01041,"Crenshaw, AL",2021,421326.0
01041,"Crenshaw, AL",2022,459492.0
01041,"Crenshaw, AL",2023,465027.0
01041,"Crenshaw, AL",2024,500149.0
01043,"Cullman, AL",2019,2917120.0
01043,"Cullman, AL",2020,2807681.0
01043,"Cullman, AL",2021,3045437.0
01043,"Cullman, AL",2022,3158691.0
01043,"Cullman, AL",2023,3145736.0
01043,"Cullman, AL",2024,3288755.0
01045,"Dale, AL",2019,2824574.0
01045,"Dale, AL",2020,2781362.0
01045,"Dale, AL",2021,2915655.0
01045,"Dale, AL",2022,2918859.0
01045,"Dale, AL",2023,3044364.0
01045,"Dale, AL",2024,3114449.0
01047,"Dallas, AL",2019,1262524.0
01047,"Dallas, AL",2020,1253286.0
01047,"Dallas, AL",2021,1264050.0
01047,"Dallas, AL",2022,1259304.0
01047,"Dallas, AL",2023,1284181.0
01047,"Dallas, AL",2024,1318245.0
01049,"DeKalb, AL",2019,2008106.0
01049,"DeKalb, AL",2020,1889162.0
01049,"DeKalb, AL",2021,2140849.0
01049,"DeKalb, AL",2022,2302198.0
01049,"DeKalb, AL",2023,2245520.0
01049,"DeKalb, AL",2024,2384155.0
01051,"Elmore, AL",2019,2023008.0
01051,"Elmore, AL",2020,1973072.0
01051,"Elmore, AL",2021,2065257.0
01051,"Elmore, AL",2022,2089684.0
01051,"Elmore, AL",2023,2261193.0
01051,"Elmore, AL",2024,2430776.0
01053,"Escambia, AL",2019,1252617.0
01053,"Escambia, AL",2020,1201892.0
01053,"Escambia, AL",2021,1207347.0
01053,"Escambia, AL",2022,1226004.0
01053,"Escambia, AL",2023,1280044.0
01053,"Escambia, AL",2024,1299130.0
01055,"Etowah, AL",2019,3065345.0
01055,"Etowah, AL",2020,2829779.0
01055,"Etowah, AL",2021,2923006.0
01055,"Etowah, AL",2022,2977378.0
01055,"Etowah, AL",2023,3019090.0
01055,"Etowah, AL",2024,3120496.0
01057,"Fayette, AL",2019,345802.0
01057,"Fayette, AL",2020,336857.0
01057,"Fayette, AL",2021,347135.0
01057,"Fayette, AL",2022,345675.0
01057,"Fayette, AL",2023,363597.0
01057,"Fayette, AL",2024,368269.0
01059,"Franklin, AL",2019,985714.0
01059,"Franklin, AL",2020,911517.0
01059,"Franklin, AL",2021,985851.0
01059,"Franklin, AL",2022,1053467.0
01059,"Franklin, AL",2023,990508.0
01059,"Franklin, AL",2024,1043953.0
01061,"Geneva, AL",2019,564148.0
01061,"Geneva, AL",2020,562365.0
01061,"Geneva, AL",2021,583223.0
01061,"Geneva, AL",2022,584681.0
01061,"Geneva, AL",2023,601103.0
01061,"Geneva, AL",2024,614453.0
01063,"Greene, AL",2019,230241.0
01063,"Greene, AL",2020,213279.0
01063,"Greene, AL",2021,198108.0
01063,"Greene, AL",2022,202091.0
01063,"Greene, AL",2023,212127.0
01063,"Greene, AL",2024,215850.0
01065,"Hale, AL",2019,267195.0
01065,"Hale, AL",2020,276810.0
01065,"Hale, AL",2021,255390.0
01065,"Hale, AL",2022,246513.0
01065,"Hale, AL",2023,269369.0
01065,"Hale, AL",2024,283640.0
01067,"Henry, AL",2019,444087.0
01067,"Henry, AL",2020,449653.0
01067,"Henry, AL",2021,466294.0
01067,"Henry, AL",2022,468017.0
01067,"Henry, AL",2023,488768.0
01067,"Henry, AL",2024,516959.0
01069,"Houston, AL",2019,5548000.0
01069,"Houston, AL",2020,5667150.0
01069,"Houston, AL",2021,5856782.0
01069,"Houston, AL",2022,5860348.0
01069,"Houston, AL",2023,6000085.0
01069,"Houston, AL",2024,6085531.0
01071,"Jackson, AL",2019,1549783.0
01071,"Jackson, AL",2020,1459956.0
01071,"Jackson, AL",2021,1535345.0
01071,"Jackson, AL",2022,1563105.0
01071,"Jackson, AL",2023,1603527.0
01071,"Jackson, AL",2024,1637868.0
01073,"Jefferson, AL",2019,45984320.0
01073,"Jefferson, AL",2020,45616877.0
01073,"Jefferson, AL",2021,48003849.0
01073,"Jefferson, AL",2022,49224090.0
01073,"Jefferson, AL",2023,50456653.0
01073,"Jefferson, AL",2024,51158763.0
01075,"Lamar, AL",2019,338918.0
01075,"Lamar, AL",2020,327282.0
01075,"Lamar, AL",2021,338406.0
01075,"Lamar, AL",2022,326295.0
01075,"Lamar, AL",2023,334044.0
01075,"Lamar, AL",2024,338807.0
01077,"Lauderdale, AL",2019,2647083.0
01077,"Lauderdale, AL",2020,2632191.0
01077,"Lauderdale, AL",2021,2751449.0
01077,"Lauderdale, AL",2022,2822630.0
01077,"Lauderdale, AL",2023,2885377.0
01077,"Lauderdale, AL",2024,2988972.0
01079,"Lawrence, AL",2019,558334.0
01079,"Lawrence, AL",2020,564325.0
01079,"Lawrence, AL",2021,599733.0
01079,"Lawrence, AL",2022,642547.0
01079,"Lawrence, AL",2023,689199.0
01079,"Lawrence, AL",2024,645253.0
01081,"Lee, AL",2019,6348943.0
01081,"Lee, AL",2020,6201521.0
01081,"Lee, AL",2021,6584988.0
01081,"Lee, AL",2022,6624257.0
01081,"Lee, AL",2023,6999992.0
01081,"Lee, AL",2024,7169778.0
01083,"Limestone, AL",2019,4114284.0
01083,"Limestone, AL",2020,4170490.0
01083,"Limestone, AL",2021,4681941.0
01083,"Limestone, AL",2022,4895170.0
01083,"Limestone, AL",2023,5258114.0
01083,"Limestone, AL",2024,5497797.0
01085,"Lowndes, AL",2019,390408.0
01085,"Lowndes, AL",2020,382368.0
01085,"Lowndes, AL",2021,392079.0
01085,"Lowndes, AL",2022,401737.0
01085,"Lowndes, AL",2023,412548.0
01085,"Lowndes, AL",2024,440550.0
01087,"Macon, AL",2019,544347.0
01087,"Macon, AL",2020,525374.0
01087,"Macon, AL",2021,541057.0
01087,"Macon, AL",2022,553588.0
01087,"Macon, AL",2023,584157.0
01087,"Macon, AL",2024,607800.0
01089,"Madison, AL",2019,26124018.0
01089,"Madison, AL",2020,26614826.0
01089,"Madison, AL",2021,27914293.0
01089,"Madison, AL",2022,29457107.0
01089,"Madison, AL",2023,31184027.0
01089,"Madison, AL",2024,32236676.0
01091,"Marengo, AL",2019,776303.0
01091,"Marengo, AL",2020,796776.0
01091,"Marengo, AL",2021,814537.0
01091,"Marengo, AL",2022,784367.0
01091,"Marengo, AL",2023,805566.0
01091,"Marengo, AL",2024,846917.0
01093,"Marion, AL",2019,875356.0
01093,"Marion, AL",2020,875619.0
01093,"Marion, AL",2021,934449.0
01093,"Marion, AL",2022,960898.0
01093,"Marion, AL",2023,971127.0
01093,"Marion, AL",2024,976529.0
01095,"Marshall, AL",2019,3599588.0
01095,"Marshall, AL",2020,3527647.0
01095,"Marshall, AL",2021,3765490.0
01095,"Marshall, AL",2022,3932961.0
01095,"Marshall, AL",2023,3952249.0
01095,"Marshall, AL",2024,4082729.0
01097,"Mobile, AL",2019,20526354.0
01097,"Mobile, AL",2020,20805653.0
01097,"Mobile, AL",2021,21999897.0
01097,"Mobile, AL",2022,22260072.0
01097,"Mobile, AL",2023,23356983.0
01097,"Mobile, AL",2024,24306390.0
01099,"Monroe, AL",2019,668398.0
01099,"Monroe, AL",2020,646135.0
01099,"Monroe, AL",2021,646697.0
01099,"Monroe, AL",2022,617662.0
01099,"Monroe, AL",2023,618925.0
01099,"Monroe, AL",2024,630618.0
01101,"Montgomery, AL",2019,14144889.0
01101,"Montgomery, AL",2020,13806220.0
01101,"Montgomery, AL",2021,14287535.0
01101,"Montgomery, AL",2022,14712897.0
01101,"Montgomery, AL",2023,15275538.0
01101,"Montgomery, AL",2024,15685249.0
01103,"Morgan, AL",2019,5640719.0
01103,"Morgan, AL",2020,5793168.0
01103,"Morgan, AL",2021,5960050.0
01103,"Morgan, AL",2022,6204789.0
01103,"Morgan, AL",2023,6353374.0
01103,"Morgan, AL",2024,6619015.0
01105,"Perry, AL",2019,202930.0
01105,"Perry, AL",2020,202347.0
01105,"Perry, AL",2021,188335.0
01105,"Perry, AL",2022,183980.0
01105,"Perry, AL",2023,196768.0
01105,"Perry, AL",2024,199443.0
01107,"Pickens, AL",2019,444454.0
01107,"Pickens, AL",2020,436991.0
01107,"Pickens, AL",2021,434397.0
01107,"Pickens, AL",2022,397859.0
01107,"Pickens, AL",2023,416692.0
01107,"Pickens, AL",2024,431033.0
01109,"Pike, AL",2019,1409068.0
01109,"Pike, AL",2020,1391437.0
01109,"Pike, AL",2021,1556854.0
01109,"Pike, AL",2022,1560024.0
01109,"Pike, AL",2023,1589467.0
01109,"Pike, AL",2024,1663527.0
01111,"Randolph, AL",2019,478094.0
01111,"Randolph, AL",2020,460834.0
01111,"Randolph, AL",2021,505124.0
01111,"Randolph, AL",2022,506823.0
01111,"Randolph, AL",2023,505300.0
01111,"Randolph, AL",2024,525885.0
01113,"Russell, AL",2019,1514000.0
01113,"Russell, AL",2020,1521413.0
01113,"Russell, AL",2021,1603130.0
01113,"Russell, AL",2022,1653309.0
01113,"Russell, AL",2023,1673582.0
01113,"Russell, AL",2024,1760468.0
01115,"St. Clair, AL",2019,2116684.0
01115,"St. Clair, AL",2020,1998473.0
01115,"St. Clair, AL",2021,2106331.0
01115,"St. Clair, AL",2022,2111458.0
01115,"St. Clair, AL",2023,2276053.0
01115,"St. Clair, AL",2024,2402348.0
01117,"Shelby, AL",2019,12206604.0
01117,"Shelby, AL",2020,12275473.0
01117,"Shelby, AL",2021,12929663.0
01117,"Shelby, AL",2022,13281571.0
01117,"Shelby, AL",2023,13237066.0
01117,"Shelby, AL",2024,13301277.0
01119,"Sumter, AL",2019,317171.0
01119,"Sumter, AL",2020,322819.0
01119,"Sumter, AL",2021,314757.0
01119,"Sumter, AL",2022,310690.0
01119,"Sumter, AL",2023,321041.0
01119,"Sumter, AL",2024,341510.0
01121,"Talladega, AL",2019,3196612.0
01121,"Talladega, AL",2020,3058040.0
01121,"Talladega, AL",2021,3184938.0
01121,"Talladega, AL",2022,3275928.0
01121,"Talladega, AL",2023,3337759.0
01121,"Talladega, AL",2024,3694135.0
01123,"Tallapoosa, AL",2019,1423423.0
01123,"Tallapoosa, AL",2020,1335678.0
01123,"Tallapoosa, AL",2021,1415147.0
01123,"Tallapoosa, AL",2022,1438724.0
01123,"Tallapoosa, AL",2023,1460817.0
01123,"Tallapoosa, AL",2024,1514769.0
01125,"Tuscaloosa, AL",2019,10915460.0
01125,"Tuscaloosa, AL",2020,10350994.0
01125,"Tuscaloosa, AL",2021,10451126.0
01125,"Tuscaloosa, AL",2022,10422989.0
01125,"Tuscaloosa, AL",2023,10993527.0
01125,"Tuscaloosa, AL",2024,11362541.0
01127,"Walker, AL",2019,1835246.0
01127,"Walker, AL",2020,1693343.0
01127,"Walker, AL",2021,1682942.0
01127,"Walker, AL",2022,1802695.0
01127,"Walker, AL",2023,1874965.0
01127,"Walker, AL",2024,1963695.0
01129,"Washington, AL",2019,843426.0
01129,"Washington, AL",2020,842982.0
01129,"Washington, AL",2021,877667.0
01129,"Washington, AL",2022,893673.0
01129,"Washington, AL",2023,934930.0
01129,"Washington, AL",2024,1055630.0
01131,"Wilcox, AL",2019,435839.0
01131,"Wilcox, AL",2020,412902.0
01131,"Wilcox, AL",2021,360521.0
01131,"Wilcox, AL",2022,337489.0
01131,"Wilcox, AL",2023,360015.0
01131,"Wilcox, AL",2024,386907.0
01133,"Winston, AL",2019,780230.0
01133,"Winston, AL",2020,803278.0
01133,"Winston, AL",2021,813675.0
01133,"Winston, AL",2022,757243.0
01133,"Winston, AL",2023,778725.0
01133,"Winston, AL",2024,811115.0
02013,"Aleutians East Borough, AK",2019,301665.0
02013,"Aleutians East Borough, AK",2020,243609.0
02013,"Aleutians East Borough, AK",2021,278721.0
02013,"Aleutians East Borough, AK",2022,302631.0
02013,"Aleutians East Borough, AK",2023,361065.0
02013,"Aleutians East Borough, AK",2024,225464.0
02016,"Aleutians West Census Area, AK",2019,739573.0
02016,"Aleutians West Census Area, AK",2020,883287.0
02016,"Aleutians West Census Area, AK",2021,834061.0
02016,"Aleutians West Census Area, AK",2022,717884.0
02016,"Aleutians West Census Area, AK",2023,725284.0
02016,"Aleutians West Census Area, AK",2024,978184.0
02020,"Anchorage Municipality, AK",2019,23105220.0
02020,"Anchorage Municipality, AK",2020,22741417.0
02020,"Anchorage Municipality, AK",2021,23080130.0
02020,"Anchorage Municipality, AK",2022,23489416.0
02020,"Anchorage Municipality, AK",2023,24414948.0
02020,"Anchorage Municipality, AK",2024,25051159.0
02050,"Bethel Census Area, AK",2019,706903.0
02050,"Bethel Census Area, AK",2020,683840.0
02050,"Bethel Census Area, AK",2021,662549.0
02050,"Bethel Census Area, AK",2022,667019.0
02050,"Bethel Census Area, AK",2023,678307.0
02050,"Bethel Census Area, AK",2024,674969.0
02060,"Bristol Bay Borough, AK",2019,135197.0
02060,"Bristol Bay Borough, AK",2020,126971.0
02060,"Bristol Bay Borough, AK",2021,146669.0
02060,"Bristol Bay Borough, AK",2022,152465.0
02060,"Bristol Bay Borough, AK",2023,149873.0
02060,"Bristol Bay Borough, AK",2024,141950.0
02063,"Chugach Census Area, AK*",2019,0.0
02063,"Chugach Census Area, AK*",2020,1297264.0
02063,"Chugach Census Area, AK*",2021,1338723.0
02063,"Chugach Census Area, AK*",2022,1428622.0
02063,"Chugach Census Area, AK*",2023,1335654.0
02063,"Chugach Census Area, AK*",2024,1185552.0
02066,"Copper River Census Area, AK*",2019,0.0
02066,"Copper River Census Area, AK*",2020,106236.0
02066,"Copper River Census Area, AK*",2021,124761.0
02066,"Copper River Census Area, AK*",2022,128639.0
02066,"Copper River Census Area, AK*",2023,138121.0
02066,"Copper River Census Area, AK*",2024,139800.0
02068,"Denali Borough, AK",2019,271167.0
02068,"Denali Borough, AK",2020,207865.0
02068,"Denali Borough, AK",2021,251192.0
02068,"Denali Borough, AK",2022,281489.0
02068,"Denali Borough, AK",2023,307514.0
02068,"Denali Borough, AK",2024,305254.0
02070,"Dillingham Census Area, AK",2019,263932.0
02070,"Dillingham Census Area, AK",2020,246557.0
02070,"Dillingham Census Area, AK",2021,240333.0
02070,"Dillingham Census Area, AK",2022,246388.0
02070,"Dillingham Census Area, AK",2023,253119.0
02070,"Dillingham Census Area, AK",2024,255988.0
02090,"Fairbanks North Star Borough, AK",2019,5655579.0
02090,"Fairbanks North Star Borough, AK",2020,5478830.0
02090,"Fairbanks North Star Borough, AK",2021,5743078.0
02090,"Fairbanks North Star Borough, AK",2022,5556842.0
02090,"Fairbanks North Star Borough, AK",2023,5603131.0
02090,"Fairbanks North Star Borough, AK",2024,5975015.0
02100,"Haines Borough, AK",2019,118972.0
02100,"Haines Borough, AK",2020,87833.0
02100,"Haines Borough, AK",2021,95589.0
02100,"Haines Borough, AK",2022,96965.0
02100,"Haines Borough, AK",2023,110146.0
02100,"Haines Borough, AK",2024,116106.0
02105,"Hoonah-Angoon Census Area, AK*",2019,90753.0
02105,"Hoonah-Angoon Census Area, AK*",2020,78080.0
02105,"Hoonah-Angoon Census Area, AK*",2021,84473.0
02105,"Hoonah-Angoon Census Area, AK*",2022,100497.0
02105,"Hoonah-Angoon Census Area, AK*",2023,107437.0
02105,"Hoonah-Angoon Census Area, AK*",2024,110601.0
02110,"Juneau City and Borough, AK",2019,2414435.0
02110,"Juneau City and Borough, AK",2020,2289316.0
02110,"Juneau City and Borough, AK",2021,2414392.0
02110,"Juneau City and Borough, AK",2022,2406835.0
02110,"Juneau City and Borough, AK",2023,2419640.0
02110,"Juneau City and Borough, AK",2024,2406431.0
02122,"Kenai Peninsula Borough, AK",2019,2672751.0
02122,"Kenai Peninsula Borough, AK",2020,2725658.0
02122,"Kenai Peninsula Borough, AK",2021,2642513.0
02122,"Kenai Peninsula Borough, AK",2022,2463946.0
02122,"Kenai Peninsula Borough, AK",2023,2685708.0
02122,"Kenai Peninsula Borough, AK",2024,2748305.0
02130,"Ketchikan Gateway Borough, AK*",2019,953077.0
02130,"Ketchikan Gateway Borough, AK*",2020,815410.0
02130,"Ketchikan Gateway Borough, AK*",2021,851798.0
02130,"Ketchikan Gateway Borough, AK*",2022,872480.0
02130,"Ketchikan Gateway Borough, AK*",2023,936598.0
02130,"Ketchikan Gateway Borough, AK*",2024,961119.0
02150,"Kodiak Island Borough, AK",2019,797484.0
02150,"Kodiak Island Borough, AK",2020,773473.0
02150,"Kodiak Island Borough, AK",2021,765906.0
02150,"Kodiak Island Borough, AK",2022,813289.0
02150,"Kodiak Island Borough, AK",2023,814483.0
02150,"Kodiak Island Borough, AK",2024,782770.0
02158,"Kusilvak Census Area, AK*",2019,160637.0
02158,"Kusilvak Census Area, AK*",2020,153072.0
02158,"Kusilvak Census Area, AK*",2021,149896.0
02158,"Kusilvak Census Area, AK*",2022,153012.0
02158,"Kusilvak Census Area, AK*",2023,145811.0
02158,"Kusilvak Census Area, AK*",2024,144569.0
02164,"Lake and Peninsula Borough, AK",2019,86729.0
02164,"Lake and Peninsula Borough, AK",2020,79575.0
02164,"Lake and Peninsula Borough, AK",2021,105634.0
02164,"Lake and Peninsula Borough, AK",2022,85413.0
02164,"Lake and Peninsula Borough, AK",2023,93955.0
02164,"Lake and Peninsula Borough, AK",2024,111360.0
02170,"Matanuska-Susitna Borough, AK",2019,2853738.0
02170,"Matanuska-Susitna Borough, AK",2020,2909366.0
02170,"Matanuska-Susitna Borough, AK",2021,3055550.0
02170,"Matanuska-Susitna Borough, AK",2022,3129200.0
02170,"Matanuska-Susitna Borough, AK",2023,3342477.0
02170,"Matanuska-Susitna Borough, AK",2024,3468517.0
02180,"Nome Census Area, AK",2019,444267.0
02180,"Nome Census Area, AK",2020,424185.0
02180,"Nome Census Area, AK",2021,429574.0
02180,"Nome Census Area, AK",2022,459029.0
02180,"Nome Census Area, AK",2023,458164.0
02180,"Nome Census Area, AK",2024,476390.0
02185,"North Slope Borough, AK",2019,5965259.0
02185,"North Slope Borough, AK",2020,6323041.0
02185,"North Slope Borough, AK",2021,6051335.0
02185,"North Slope Borough, AK",2022,4952980.0
02185,"North Slope Borough, AK",2023,6733944.0
02185,"North Slope Borough, AK",2024,7292252.0
02188,"Northwest Arctic Borough, AK",2019,596995.0
02188,"Northwest Arctic Borough, AK",2020,625705.0
02188,"Northwest Arctic Borough, AK",2021,613984.0
02188,"Northwest Arctic Borough, AK",2022,583781.0
02188,"Northwest Arctic Borough, AK",2023,551236.0
02188,"Northwest Arctic Borough, AK",2024,521404.0
02195,"Petersburg Borough, AK*",2019,174189.0
02195,"Petersburg Borough, AK*",2020,166460.0
02195,"Petersburg Borough, AK*",2021,175633.0
02195,"Petersburg Borough, AK*",2022,163405.0
02195,"Petersburg Borough, AK*",2023,179731.0
02195,"Petersburg Borough, AK*",2024,172412.0
02198,"Prince of Wales-Hyder Census Area, AK*",2019,257527.0
02198,"Prince of Wales-Hyder Census Area, AK*",2020,238767.0
02198,"Prince of Wales-Hyder Census Area, AK*",2021,238446.0
02198,"Prince of Wales-Hyder Census Area, AK*",2022,243428.0
02198,"Prince of Wales-Hyder Census Area, AK*",2023,237295.0
02198,"Prince of Wales-Hyder Census Area, AK*",2024,226956.0
02201,"Prince of Wales-Outer Ketchikan Census Area, AK*",2019,0.0
02201,"Prince of Wales-Outer Ketchikan Census Area, AK*",2020,0.0
02201,"Prince of Wales-Outer Ketchikan Census Area, AK*",2021,0.0
02201,"Prince of Wales-Outer Ketchikan Census Area, AK*",2022,0.0
02201,"Prince of Wales-Outer Ketchikan Census Area, AK*",2023,0.0
02201,"Prince of Wales-Outer Ketchikan Census Area, AK*",2024,0.0
02220,"Sitka City and Borough, AK",2019,498052.0
02220,"Sitka City and Borough, AK",2020,441317.0
02220,"Sitka City and Borough, AK",2021,507998.0
02220,"Sitka City and Borough, AK",2022,527733.0
02220,"Sitka City and Borough, AK",2023,563129.0
02220,"Sitka City and Borough, AK",2024,573445.0
02230,"Skagway Municipality, AK*",2019,98212.0
02230,"Skagway Municipality, AK*",2020,61049.0
02230,"Skagway Municipality, AK*",2021,68316.0
02230,"Skagway Municipality, AK*",2022,77955.0
02230,"Skagway Municipality, AK*",2023,91805.0
02230,"Skagway Municipality, AK*",2024,98234.0
02232,"Skagway-Hoonah-Angoon Census Area, AK*",2019,0.0
02232,"Skagway-Hoonah-Angoon Census Area, AK*",2020,0.0
02232,"Skagway-Hoonah-Angoon Census Area, AK*",2021,0.0
02232,"Skagway-Hoonah-Angoon Census Area, AK*",2022,0.0
02232,"Skagway-Hoonah-Angoon Census Area, AK*",2023,0.0
02232,"Skagway-Hoonah-Angoon Census Area, AK*",2024,0.0
02240,"Southeast Fairbanks Census Area, AK",2019,553938.0
02240,"Southeast Fairbanks Census Area, AK",2020,624165.0
02240,"Southeast Fairbanks Census Area, AK",2021,726257.0
02240,"Southeast Fairbanks Census Area, AK",2022,673093.0
02240,"Southeast Fairbanks Census Area, AK",2023,659361.0
02240,"Southeast Fairbanks Census Area, AK",2024,724588.0
02261,"Valdez-Cordova Census Area, AK*",2019,2102591.0
02261,"Valdez-Cordova Census Area, AK*",2020,0.0
02261,"Valdez-Cordova Census Area, AK*",2021,0.0
02261,"Valdez-Cordova Census Area, AK*",2022,0.0
02261,"Valdez-Cordova Census Area, AK*",2023,0.0
02261,"Valdez-Cordova Census Area, AK*",2024,0.0
02275,"Wrangell City and Borough, AK*",2019,89100.0
02275,"Wrangell City and Borough, AK*",2020,84179.0
02275,"Wrangell City and Borough, AK*",2021,82987.0
02275,"Wrangell City and Borough, AK*",2022,86818.0
02275,"Wrangell City and Borough, AK*",2023,92975.0
02275,"Wrangell City and Borough, AK*",2024,94733.0
02280,"Wrangell-Petersburg Census Area, AK*",2019,0.0
02280,"Wrangell-Petersburg Census Area, AK*",2020,0.0
02280,"Wrangell-Petersburg Census Area, AK*",2021,0.0
02280,"Wrangell-Petersburg Census Area, AK*",2022,0.0
02280,"Wrangell-Petersburg Census Area, AK*",2023,0.0
02280,"Wrangell-Petersburg Census Area, AK*",2024,0.0
02282,"Yakutat City and Borough, AK*",2019,31830.0
02282,"Yakutat City and Borough, AK*",2020,33852.0
02282,"Yakutat City and Borough, AK*",2021,38403.0
02282,"Yakutat City and Borough, AK*",2022,39474.0
02282,"Yakutat City and Borough, AK*",2023,35405.0
02282,"Yakutat City and Borough, AK*",2024,34160.0
02290,"Yukon-Koyukuk Census Area, AK",2019,287943.0
02290,"Yukon-Koyukuk Census Area, AK",2020,296753.0
02290,"Yukon-Koyukuk Census Area, AK",2021,284356.0
02290,"Yukon-Koyukuk Census Area, AK",2022,294849.0
02290,"Yukon-Koyukuk Census Area, AK",2023,281473.0
02290,"Yukon-Koyukuk Census Area, AK",2024,290769.0
04001,"Apache, AZ",2019,2393488.0
04001,"Apache, AZ",2020,2408191.0
04001,"Apache, AZ",2021,2391376.0
04001,"Apache, AZ",2022,2349310.0
04001,"Apache, AZ",2023,2302151.0
04001,"Apache, AZ",2024,2281917.0
04003,"Cochise, AZ",2019,4677243.0
04003,"Cochise, AZ",2020,5010802.0
04003,"Cochise, AZ",2021,4926398.0
04003,"Cochise, AZ",2022,5046654.0
04003,"Cochise, AZ",2023,5084100.0
04003,"Cochise, AZ",2024,5204349.0
04005,"Coconino, AZ",2019,7642638.0
04005,"Coconino, AZ",2020,7029842.0
04005,"Coconino, AZ",2021,7574254.0
04005,"Coconino, AZ",2022,7767613.0
04005,"Coconino, AZ",2023,7954200.0
04005,"Coconino, AZ",2024,8294983.0
04007,"Gila, AZ",2019,1637089.0
04007,"Gila, AZ",2020,1732748.0
04007,"Gila, AZ",2021,1862550.0
04007,"Gila, AZ",2022,1759262.0
04007,"Gila, AZ",2023,1803720.0
04007,"Gila, AZ",2024,1821016.0
04009,"Graham, AZ",2019,1041466.0
04009,"Graham, AZ",2020,1184153.0
04009,"Graham, AZ",2021,1353995.0
04009,"Graham, AZ",2022,1247525.0
04009,"Graham, AZ",2023,1261848.0
04009,"Graham, AZ",2024,1410668.0
04011,"Greenlee, AZ",2019,1306493.0
04011,"Greenlee, AZ",2020,1519598.0
04011,"Greenlee, AZ",2021,1865183.0
04011,"Greenlee, AZ",2022,1517388.0
04011,"Greenlee, AZ",2023,1408376.0
04011,"Greenlee, AZ",2024,1622092.0
04012,"La Paz, AZ",2019,687980.0
04012,"La Paz, AZ",2020,679743.0
04012,"La Paz, AZ",2021,750878.0
04012,"La Paz, AZ",2022,710572.0
04012,"La Paz, AZ",2023,664279.0
04012,"La Paz, AZ",2024,662932.0
04013,"Maricopa, AZ",2019,260315487.0
04013,"Maricopa, AZ",2020,266090000.0
04013,"Maricopa, AZ",2021,289806802.0
04013,"Maricopa, AZ",2022,305404414.0
04013,"Maricopa, AZ",2023,315195199.0
04013,"Maricopa, AZ",2024,329775922.0
04015,"Mohave, AZ",2019,5596478.0
04015,"Mohave, AZ",2020,5881927.0
04015,"Mohave, AZ",2021,6451864.0
04015,"Mohave, AZ",2022,6676731.0
04015,"Mohave, AZ",2023,6701537.0
04015,"Mohave, AZ",2024,7229383.0
04017,"Navajo, AZ",2019,2810313.0
04017,"Navajo, AZ",2020,2802428.0
04017,"Navajo, AZ",2021,2863294.0
04017,"Navajo, AZ",2022,2941501.0
04017,"Navajo, AZ",2023,3008443.0
04017,"Navajo, AZ",2024,3130447.0
04019,"Pima, AZ",2019,45428473.0
04019,"Pima, AZ",2020,45734608.0
04019,"Pima, AZ",2021,48454038.0
04019,"Pima, AZ",2022,49546263.0
04019,"Pima, AZ",2023,51556424.0
04019,"Pima, AZ",2024,52752176.0
04021,"Pinal, AZ",2019,9083288.0
04021,"Pinal, AZ",2020,9474506.0
04021,"Pinal, AZ",2021,10064621.0
04021,"Pinal, AZ",2022,10591907.0
04021,"Pinal, AZ",2023,11516191.0
04021,"Pinal, AZ",2024,12744920.0
04023,"Santa Cruz, AZ",2019,1915298.0
04023,"Santa Cruz, AZ",2020,1952446.0
04023,"Santa Cruz, AZ",2021,2047296.0
04023,"Santa Cruz, AZ",2022,2039172.0
04023,"Santa Cruz, AZ",2023,2098884.0
04023,"Santa Cruz, AZ",2024,2130410.0
04025,"Yavapai, AZ",2019,7339475.0
04025,"Yavapai, AZ",2020,7493448.0
04025,"Yavapai, AZ",2021,8204109.0
04025,"Yavapai, AZ",2022,8146124.0
04025,"Yavapai, AZ",2023,8712151.0
04025,"Yavapai, AZ",2024,9153804.0
04027,"Yuma, AZ",2019,7714421.0
04027,"Yuma, AZ",2020,7611986.0
04027,"Yuma, AZ",2021,7864068.0
04027,"Yuma, AZ",2022,8198536.0
04027,"Yuma, AZ",2023,8560165.0
04027,"Yuma, AZ",2024,8887417.0
05001,"Arkansas, AR",2019,1031531.0
05001,"Arkansas, AR",2020,1056634.0
05001,"Arkansas, AR",2021,1163263.0
05001,"Arkansas, AR",2022,1060273.0
05001,"Arkansas, AR",2023,1116966.0
05001,"Arkansas, AR",2024,1029130.0
05003,"Ashley, AR",2019,872492.0
05003,"Ashley, AR",2020,806278.0
05003,"Ashley, AR",2021,810067.0
05003,"Ashley, AR",2022,796291.0
05003,"Ashley, AR",2023,856528.0
05003,"Ashley, AR",2024,915701.0
05005,"Baxter, AR",2019,1587027.0
05005,"Baxter, AR",2020,1562929.0
05005,"Baxter, AR",2021,1620697.0
05005,"Baxter, AR",2022,1704065.0
05005,"Baxter, AR",2023,1719224.0
05005,"Baxter, AR",2024,1748671.0
05007,"Benton, AR",2019,15643857.0
05007,"Benton, AR",2020,16489585.0
05007,"Benton, AR",2021,18110882.0
05007,"Benton, AR",2022,19004426.0
05007,"Benton, AR",2023,19593822.0
05007,"Benton, AR",2024,21170960.0
05009,"Boone, AR",2019,1299134.0
05009,"Boone, AR",2020,1301833.0
05009,"Boone, AR",2021,1443789.0
05009,"Boone, AR",2022,1421937.0
05009,"Boone, AR",2023,1465844.0
05009,"Boone, AR",2024,1537501.0
05011,"Bradley, AR",2019,331650.0
05011,"Bradley, AR",2020,329648.0
05011,"Bradley, AR",2021,345047.0
05011,"Bradley, AR",2022,326018.0
05011,"Bradley, AR",2023,335131.0
05011,"Bradley, AR",2024,349899.0
05013,"Calhoun, AR",2019,322661.0
05013,"Calhoun, AR",2020,346351.0
05013,"Calhoun, AR",2021,381706.0
05013,"Calhoun, AR",2022,329126.0
05013,"Calhoun, AR",2023,327084.0
05013,"Calhoun, AR",2024,346369.0
05015,"Carroll, AR",2019,839525.0
05015,"Carroll, AR",2020,816981.0
05015,"Carroll, AR",2021,916673.0
05015,"Carroll, AR",2022,977665.0
05015,"Carroll, AR",2023,870673.0
05015,"Carroll, AR",2024,1013672.0
05017,"Chicot, AR",2019,263414.0
05017,"Chicot, AR",2020,271878.0
05017,"Chicot, AR",2021,295151.0
05017,"Chicot, AR",2022,260477.0
05017,"Chicot, AR",2023,273072.0
05017,"Chicot, AR",2024,275709.0
05019,"Clark, AR",2019,789238.0
05019,"Clark, AR",2020,782057.0
05019,"Clark, AR",2021,795064.0
05019,"Clark, AR",2022,741259.0
05019,"Clark, AR",2023,775676.0
05019,"Clark, AR",2024,810962.0
05021,"Clay, AR",2019,321213.0
05021,"Clay, AR",2020,333744.0
05021,"Clay, AR",2021,371256.0
05021,"Clay, AR",2022,340434.0
05021,"Clay, AR",2023,370635.0
05021,"Clay, AR",2024,359249.0
05023,"Cleburne, AR",2019,632665.0
05023,"Cleburne, AR",2020,615805.0
05023,"Cleburne, AR",2021,646414.0
05023,"Cleburne, AR",2022,648308.0
05023,"Cleburne, AR",2023,631509.0
05023,"Cleburne, AR",2024,649938.0
05025,"Cleveland, AR",2019,116938.0
05025,"Cleveland, AR",2020,96386.0
05025,"Cleveland, AR",2021,130222.0
05025,"Cleveland, AR",2022,158466.0
05025,"Cleveland, AR",2023,144467.0
05025,"Cleveland, AR",2024,182162.0
05027,"Columbia, AR",2019,875231.0
05027,"Columbia, AR",2020,866013.0
05027,"Columbia, AR",2021,974762.0
05027,"Columbia, AR",2022,974357.0
05027,"Columbia, AR",2023,1022472.0
05027,"Columbia, AR",2024,1049224.0
05029,"Conway, AR",2019,671946.0
05029,"Conway, AR",2020,680295.0
05029,"Conway, AR",2021,745045.0
05029,"Conway, AR",2022,755664.0
05029,"Conway, AR",2023,727909.0
05029,"Conway, AR",2024,770337.0
05031,"Craighead, AR",2019,4826947.0
05031,"Craighead, AR",2020,4873601.0
05031,"Craighead, AR",2021,5350199.0
05031,"Craighead, AR",2022,5406653.0
05031,"Craighead, AR",2023,5405510.0
05031,"Craighead, AR",2024,5563502.0
05033,"Crawford, AR",2019,1689943.0
05033,"Crawford, AR",2020,1689391.0
05033,"Crawford, AR",2021,1762012.0
05033,"Crawford, AR",2022,1715929.0
05033,"Crawford, AR",2023,1705541.0
05033,"Crawford, AR",2024,1744875.0
05035,"Crittenden, AR",2019,1785207.0
05035,"Crittenden, AR",2020,1743303.0
05035,"Crittenden, AR",2021,1753754.0
05035,"Crittenden, AR",2022,1714499.0
05035,"Crittenden, AR",2023,1717693.0
05035,"Crittenden, AR",2024,1761898.0
05037,"Cross, AR",2019,435381.0
05037,"Cross, AR",2020,452547.0
05037,"Cross, AR",2021,466259.0
05037,"Cross, AR",2022,447979.0
05037,"Cross, AR",2023,478196.0
05037,"Cross, AR",2024,457366.0
05039,"Dallas, AR",2019,220242.0
05039,"Dallas, AR",2020,245638.0
05039,"Dallas, AR",2021,254769.0
05039,"Dallas, AR",2022,227985.0
05039,"Dallas, AR",2023,241072.0
05039,"Dallas, AR",2024,247637.0
05041,"Desha, AR",2019,530231.0
05041,"Desha, AR",2020,552432.0
05041,"Desha, AR",2021,574333.0
05041,"Desha, AR",2022,527637.0
05041,"Desha, AR",2023,552556.0
05041,"Desha, AR",2024,550270.0
05043,"Drew, AR",2019,605609.0
05043,"Drew, AR",2020,593451.0
05043,"Drew, AR",2021,618960.0
05043,"Drew, AR",2022,594680.0
05043,"Drew, AR",2023,609385.0
05043,"Drew, AR",2024,625794.0
05045,"Faulkner, AR",2019,3897108.0
05045,"Faulkner, AR",2020,3925300.0
05045,"Faulkner, AR",2021,4094302.0
05045,"Faulkner, AR",2022,4212259.0
05045,"Faulkner, AR",2023,4425769.0
05045,"Faulkner, AR",2024,4594326.0
05047,"Franklin, AR",2019,415617.0
05047,"Franklin, AR",2020,428810.0
05047,"Franklin, AR",2021,427521.0
05047,"Franklin, AR",2022,473504.0
05047,"Franklin, AR",2023,452237.0
05047,"Franklin, AR",2024,531817.0
05049,"Fulton, AR",2019,182771.0
05049,"Fulton, AR",2020,186793.0
05049,"Fulton, AR",2021,200167.0
05049,"Fulton, AR",2022,202630.0
05049,"Fulton, AR",2023,181238.0
05049,"Fulton, AR",2024,181126.0
05051,"Garland, AR",2019,3433130.0
05051,"Garland, AR",2020,3406917.0
05051,"Garland, AR",2021,3533918.0
05051,"Garland, AR",2022,3559755.0
05051,"Garland, AR",2023,3620209.0
05051,"Garland, AR",2024,3663311.0
05053,"Grant, AR",2019,419854.0
05053,"Grant, AR",2020,407701.0
05053,"Grant, AR",2021,425348.0
05053,"Grant, AR",2022,437561.0
05053,"Grant, AR",2023,451437.0
05053,"Grant, AR",2024,479900.0
05055,"Greene, AR",2019,1495220.0
05055,"Greene, AR",2020,1472589.0
05055,"Greene, AR",2021,1633644.0
05055,"Greene, AR",2022,1457884.0
05055,"Greene, AR",2023,1591205.0
05055,"Greene, AR",2024,1603557.0
05057,"Hempstead, AR",2019,919018.0
05057,"Hempstead, AR",2020,939008.0
05057,"Hempstead, AR",2021,974143.0
05057,"Hempstead, AR",2022,1016317.0
05057,"Hempstead, AR",2023,948296.0
05057,"Hempstead, AR",2024,1006115.0
05059,"Hot Spring, AR",2019,971305.0
05059,"Hot Spring, AR",2020,985259.0
05059,"Hot Spring, AR",2021,1063343.0
05059,"Hot Spring, AR",2022,1151952.0
05059,"Hot Spring, AR",2023,1152930.0
05059,"Hot Spring, AR",2024,1225768.0
05061,"Howard, AR",2019,565611.0
05061,"Howard, AR",2020,547740.0
05061,"Howard, AR",2021,637247.0
05061,"Howard, AR",2022,661815.0
05061,"Howard, AR",2023,608028.0
05061,"Howard, AR",2024,692534.0
05063,"Independence, AR",2019,1773118.0
05063,"Independence, AR",2020,1653945.0
05063,"Independence, AR",2021,1812389.0
05063,"Independence, AR",2022,1902752.0
05063,"Independence, AR",2023,1957891.0
05063,"Independence, AR",2024,2059585.0
05065,"Izard, AR",2019,272874.0
05065,"Izard, AR",2020,258440.0
05065,"Izard, AR",2021,277756.0
05065,"Izard, AR",2022,292281.0
05065,"Izard, AR",2023,283522.0
05065,"Izard, AR",2024,294187.0
05067,"Jackson, AR",2019,657069.0
05067,"Jackson, AR",2020,674008.0
05067,"Jackson, AR",2021,735380.0
05067,"Jackson, AR",2022,711143.0
05067,"Jackson, AR",2023,866060.0
05067,"Jackson, AR",2024,841501.0
05069,"Jefferson, AR",2019,3046579.0
05069,"Jefferson, AR",2020,2868085.0
05069,"Jefferson, AR",2021,3036145.0
05069,"Jefferson, AR",2022,2880434.0
05069,"Jefferson, AR",2023,2787058.0
05069,"Jefferson, AR",2024,2665308.0
05071,"Johnson, AR",2019,656747.0
05071,"Johnson, AR",2020,648475.0
05071,"Johnson, AR",2021,723841.0
05071,"Johnson, AR",2022,737570.0
05071,"Johnson, AR",2023,695902.0
05071,"Johnson, AR",2024,731296.0
05073,"Lafayette, AR",2019,120916.0
05073,"Lafayette, AR",2020,115543.0
05073,"Lafayette, AR",2021,137289.0
05073,"Lafayette, AR",2022,146624.0
05073,"Lafayette, AR",2023,138954.0
05073,"Lafayette, AR",2024,171937.0
05075,"Lawrence, AR",2019,428249.0
05075,"Lawrence, AR",2020,439700.0
05075,"Lawrence, AR",2021,431910.0
05075,"Lawrence, AR",2022,432111.0
05075,"Lawrence, AR",2023,448391.0
05075,"Lawrence, AR",2024,420207.0
05077,"Lee, AR",2019,181409.0
05077,"Lee, AR",2020,162254.0
05077,"Lee, AR",2021,193539.0
05077,"Lee, AR",2022,174379.0
05077,"Lee, AR",2023,179376.0
05077,"Lee, AR",2024,185375.0
05079,"Lincoln, AR",2019,224054.0
05079,"Lincoln, AR",2020,223804.0
05079,"Lincoln, AR",2021,262039.0
05079,"Lincoln, AR",2022,259780.0
05079,"Lincoln, AR",2023,253145.0
05079,"Lincoln, AR",2024,286960.0
05081,"Little River, AR",2019,487925.0
05081,"Little River, AR",2020,512533.0
05081,"Little River, AR",2021,495260.0
05081,"Little River, AR",2022,510571.0
05081,"Little River, AR",2023,511292.0
05081,"Little River, AR",2024,543664.0
05083,"Logan, AR",2019,432830.0
05083,"Logan, AR",2020,418051.0
05083,"Logan, AR",2021,464382.0
05083,"Logan, AR",2022,513054.0
05083,"Logan, AR",2023,501163.0
05083,"Logan, AR",2024,566645.0
05085,"Lonoke, AR",2019,1314099.0
05085,"Lonoke, AR",2020,1360981.0
05085,"Lonoke, AR",2021,1465090.0
05085,"Lonoke, AR",2022,1465556.0
05085,"Lonoke, AR",2023,1554371.0
05085,"Lonoke, AR",2024,1574493.0
05087,"Madison, AR",2019,342715.0
05087,"Madison, AR",2020,351555.0
05087,"Madison, AR",2021,431780.0
05087,"Madison, AR",2022,491727.0
05087,"Madison, AR",2023,444738.0
05087,"Madison, AR",2024,555734.0
05089,"Marion, AR",2019,599694.0
05089,"Marion, AR",2020,596642.0
05089,"Marion, AR",2021,687100.0
05089,"Marion, AR",2022,606923.0
05089,"Marion, AR",2023,605907.0
05089,"Marion, AR",2024,627230.0
05091,"Miller, AR",2019,1361575.0
05091,"Miller, AR",2020,1338968.0
05091,"Miller, AR",2021,1366092.0
05091,"Miller, AR",2022,1294510.0
05091,"Miller, AR",2023,1311959.0
05091,"Miller, AR",2024,1333712.0
05093,"Mississippi, AR",2019,2661668.0
05093,"Mississippi, AR",2020,2770419.0
05093,"Mississippi, AR",2021,3436967.0
05093,"Mississippi, AR",2022,3355787.0
05093,"Mississippi, AR",2023,3540584.0
05093,"Mississippi, AR",2024,3736124.0
05095,"Monroe, AR",2019,184341.0
05095,"Monroe, AR",2020,200856.0
05095,"Monroe, AR",2021,197888.0
05095,"Monroe, AR",2022,187789.0
05095,"Monroe, AR",2023,214652.0
05095,"Monroe, AR",2024,197245.0
05097,"Montgomery, AR",2019,137298.0
05097,"Montgomery, AR",2020,133690.0
05097,"Montgomery, AR",2021,144235.0
05097,"Montgomery, AR",2022,149944.0
05097,"Montgomery, AR",2023,153456.0
05097,"Montgomery, AR",2024,159614.0
05099,"Nevada, AR",2019,237799.0
05099,"Nevada, AR",2020,232653.0
05099,"Nevada, AR",2021,239960.0
05099,"Nevada, AR",2022,230928.0
05099,"Nevada, AR",2023,215394.0
05099,"Nevada, AR",2024,234242.0
05101,"Newton, AR",2019,103670.0
05101,"Newton, AR",2020,98791.0
05101,"Newton, AR",2021,105112.0
05101,"Newton, AR",2022,99962.0
05101,"Newton, AR",2023,100383.0
05101,"Newton, AR",2024,105055.0
05103,"Ouachita, AR",2019,618800.0
05103,"Ouachita, AR",2020,616307.0
05103,"Ouachita, AR",2021,634218.0
05103,"Ouachita, AR",2022,650493.0
05103,"Ouachita, AR",2023,666835.0
05103,"Ouachita, AR",2024,669901.0
05105,"Perry, AR",2019,147277.0
05105,"Perry, AR",2020,146738.0
05105,"Perry, AR",2021,172103.0
05105,"Perry, AR",2022,188407.0
05105,"Perry, AR",2023,181242.0
05105,"Perry, AR",2024,207580.0
05107,"Phillips, AR",2019,528732.0
05107,"Phillips, AR",2020,533241.0
05107,"Phillips, AR",2021,568014.0
05107,"Phillips, AR",2022,521960.0
05107,"Phillips, AR",2023,526502.0
05107,"Phillips, AR",2024,502277.0
05109,"Pike, AR",2019,233843.0
05109,"Pike, AR",2020,248477.0
05109,"Pike, AR",2021,259687.0
05109,"Pike, AR",2022,280247.0
05109,"Pike, AR",2023,270344.0
05109,"Pike, AR",2024,299551.0
05111,"Poinsett, AR",2019,573776.0
05111,"Poinsett, AR",2020,586462.0
05111,"Poinsett, AR",2021,609143.0
05111,"Poinsett, AR",2022,617670.0
05111,"Poinsett, AR",2023,655863.0
05111,"Poinsett, AR",2024,667009.0
05113,"Polk, AR",2019,506713.0
05113,"Polk, AR",2020,504483.0
05113,"Polk, AR",2021,571691.0
05113,"Polk, AR",2022,592085.0
05113,"Polk, AR",2023,590467.0
05113,"Polk, AR",2024,654696.0
05115,"Pope, AR",2019,2832741.0
05115,"Pope, AR",2020,2901746.0
05115,"Pope, AR",2021,2938231.0
05115,"Pope, AR",2022,2925670.0
05115,"Pope, AR",2023,3068411.0
05115,"Pope, AR",2024,3183342.0
05117,"Prairie, AR",2019,165667.0
05117,"Prairie, AR",2020,196318.0
05117,"Prairie, AR",2021,200974.0
05117,"Prairie, AR",2022,184266.0
05117,"Prairie, AR",2023,221463.0
05117,"Prairie, AR",2024,198964.0
05119,"Pulaski, AR",2019,29039448.0
05119,"Pulaski, AR",2020,29068886.0
05119,"Pulaski, AR",2021,30317967.0
05119,"Pulaski, AR",2022,30696417.0
05119,"Pulaski, AR",2023,31832954.0
05119,"Pulaski, AR",2024,32536180.0
05121,"Randolph, AR",2019,497980.0
05121,"Randolph, AR",2020,497067.0
05121,"Randolph, AR",2021,541060.0
05121,"Randolph, AR",2022,518279.0
05121,"Randolph, AR",2023,520898.0
05121,"Randolph, AR",2024,564605.0
05123,"St. Francis, AR",2019,718139.0
05123,"St. Francis, AR",2020,720242.0
05123,"St. Francis, AR",2021,733986.0
05123,"St. Francis, AR",2022,703512.0
05123,"St. Francis, AR",2023,713433.0
05123,"St. Francis, AR",2024,714348.0
05125,"Saline, AR",2019,2559661.0
05125,"Saline, AR",2020,2742397.0
05125,"Saline, AR",2021,2989827.0
05125,"Saline, AR",2022,2908290.0
05125,"Saline, AR",2023,3039969.0
05125,"Saline, AR",2024,3091885.0
05127,"Scott, AR",2019,260382.0
05127,"Scott, AR",2020,260694.0
05127,"Scott, AR",2021,337981.0
05127,"Scott, AR",2022,354575.0
05127,"Scott, AR",2023,349184.0
05127,"Scott, AR",2024,395480.0
05129,"Searcy, AR",2019,177405.0
05129,"Searcy, AR",2020,171079.0
05129,"Searcy, AR",2021,186448.0
05129,"Searcy, AR",2022,185987.0
05129,"Searcy, AR",2023,191402.0
05129,"Searcy, AR",2024,192224.0
05131,"Sebastian, AR",2019,6718136.0
05131,"Sebastian, AR",2020,6661352.0
05131,"Sebastian, AR",2021,7013135.0
05131,"Sebastian, AR",2022,6992743.0
05131,"Sebastian, AR",2023,7198616.0
05131,"Sebastian, AR",2024,7356931.0
05133,"Sevier, AR",2019,463338.0
05133,"Sevier, AR",2020,418145.0
05133,"Sevier, AR",2021,492001.0
05133,"Sevier, AR",2022,539837.0
05133,"Sevier, AR",2023,516959.0
05133,"Sevier, AR",2024,596229.0
05135,"Sharp, AR",2019,327383.0
05135,"Sharp, AR",2020,306493.0
05135,"Sharp, AR",2021,364976.0
05135,"Sharp, AR",2022,404800.0
05135,"Sharp, AR",2023,391323.0
05135,"Sharp, AR",2024,447222.0
05137,"Stone, AR",2019,236347.0
05137,"Stone, AR",2020,227645.0
05137,"Stone, AR",2021,255525.0
05137,"Stone, AR",2022,261620.0
05137,"Stone, AR",2023,260446.0
05137,"Stone, AR",2024,282752.0
05139,"Union, AR",2019,2413093.0
05139,"Union, AR",2020,2458024.0
05139,"Union, AR",2021,2568377.0
05139,"Union, AR",2022,2532849.0
05139,"Union, AR",2023,2656699.0
05139,"Union, AR",2024,2595449.0
05141,"Van Buren, AR",2019,350350.0
05141,"Van Buren, AR",2020,354117.0
05141,"Van Buren, AR",2021,382912.0
05141,"Van Buren, AR",2022,369776.0
05141,"Van Buren, AR",2023,364303.0
05141,"Van Buren, AR",2024,363774.0
05143,"Washington, AR",2019,11651684.0
05143,"Washington, AR",2020,11989037.0
05143,"Washington, AR",2021,13110584.0
05143,"Washington, AR",2022,13322779.0
05143,"Washington, AR",2023,13425472.0
05143,"Washington, AR",2024,14125098.0
05145,"White, AR",2019,2195696.0
05145,"White, AR",2020,2160127.0
05145,"White, AR",2021,2383390.0
05145,"White, AR",2022,2378183.0
05145,"White, AR",2023,2416613.0
05145,"White, AR",2024,2537670.0
05147,"Woodruff, AR",2019,212076.0
05147,"Woodruff, AR",2020,234474.0
05147,"Woodruff, AR",2021,260363.0
05147,"Woodruff, AR",2022,238754.0
05147,"Woodruff, AR",2023,295957.0
05147,"Woodruff, AR",2024,269009.0
05149,"Yell, AR",2019,574351.0
05149,"Yell, AR",2020,539550.0
05149,"Yell, AR",2021,630762.0
05149,"Yell, AR",2022,671029.0
05149,"Yell, AR",2023,618544.0
05149,"Yell, AR",2024,701302.0
06001,"Alameda, CA",2019,139438051.0
06001,"Alameda, CA",2020,136209080.0
06001,"Alameda, CA",2021,145824780.0
06001,"Alameda, CA",2022,148762514.0
06001,"Alameda, CA",2023,147576503.0
06001,"Alameda, CA",2024,149073515.0
06003,"Alpine, CA",2019,133602.0
06003,"Alpine, CA",2020,107836.0
06003,"Alpine, CA",2021,106959.0
06003,"Alpine, CA",2022,102892.0
06003,"Alpine, CA",2023,109499.0
06003,"Alpine, CA",2024,115535.0
06005,"Amador, CA",2019,1680454.0
06005,"Amador, CA",2020,1578079.0
06005,"Amador, CA",2021,1583924.0
06005,"Amador, CA",2022,1599691.0
06005,"Amador, CA",2023,1659732.0
06005,"Amador, CA",2024,1649007.0
06007,"Butte, CA",2019,9457300.0
06007,"Butte, CA",2020,8898694.0
06007,"Butte, CA",2021,9113794.0
06007,"Butte, CA",2022,8934657.0
06007,"Butte, CA",2023,9375259.0
06007,"Butte, CA",2024,9976475.0
06009,"Calaveras, CA",2019,1479943.0
06009,"Calaveras, CA",2020,1339547.0
06009,"Calaveras, CA",2021,1358853.0
06009,"Calaveras, CA",2022,1377433.0
06009,"Calaveras, CA",2023,1518423.0
06009,"Calaveras, CA",2024,1598733.0
06011,"Colusa, CA",2019,1325940.0
06011,"Colusa, CA",2020,1497421.0
06011,"Colusa, CA",2021,1391648.0
06011,"Colusa, CA",2022,1486297.0
06011,"Colusa, CA",2023,1724201.0
06011,"Colusa, CA",2024,1554879.0
06013,"Contra Costa, CA",2019,78683211.0
06013,"Contra Costa, CA",2020,71214946.0
06013,"Contra Costa, CA",2021,77298326.0
06013,"Contra Costa, CA",2022,75553609.0
06013,"Contra Costa, CA",2023,76030393.0
06013,"Contra Costa, CA",2024,76853439.0
06015,"Del Norte, CA",2019,777797.0
06015,"Del Norte, CA",2020,783124.0
06015,"Del Norte, CA",2021,811355.0
06015,"Del Norte, CA",2022,815386.0
06015,"Del Norte, CA",2023,825824.0
06015,"Del Norte, CA",2024,847242.0
06017,"El Dorado, CA",2019,8352686.0
06017,"El Dorado, CA",2020,7813306.0
06017,"El Dorado, CA",2021,8191501.0
06017,"El Dorado, CA",2022,8313781.0
06017,"El Dorado, CA",2023,8893620.0
06017,"El Dorado, CA",2024,9003663.0
06019,"Fresno, CA",2019,45018790.0
06019,"Fresno, CA",2020,44426283.0
06019,"Fresno, CA",2021,46040869.0
06019,"Fresno, CA",2022,46092506.0
06019,"Fresno, CA",2023,47853165.0
06019,"Fresno, CA",2024,49888249.0
06021,"Glenn, CA",2019,1023509.0
06021,"Glenn, CA",2020,1056135.0
06021,"Glenn, CA",2021,1073056.0
06021,"Glenn, CA",2022,1057117.0
06021,"Glenn, CA",2023,1148405.0
06021,"Glenn, CA",2024,1117692.0
06023,"Humboldt, CA",2019,5653169.0
06023,"Humboldt, CA",2020,5377411.0
06023,"Humboldt, CA",2021,5576548.0
06023,"Humboldt, CA",2022,5642946.0
06023,"Humboldt, CA",2023,5615599.0
06023,"Humboldt, CA",2024,5855113.0
06025,"Imperial, CA",2019,8360083.0
06025,"Imperial, CA",2020,8804863.0
06025,"Imperial, CA",2021,8474003.0
06025,"Imperial, CA",2022,9068820.0
06025,"Imperial, CA",2023,10007423.0
06025,"Imperial, CA",2024,10014382.0
06027,"Inyo, CA",2019,1223022.0
06027,"Inyo, CA",2020,1136784.0
06027,"Inyo, CA",2021,1133727.0
06027,"Inyo, CA",2022,1085919.0
06027,"Inyo, CA",2023,1200151.0
06027,"Inyo, CA",2024,1214756.0
06029,"Kern, CA",2019,45410206.0
06029,"Kern, CA",2020,45598485.0
06029,"Kern, CA",2021,46365142.0
06029,"Kern, CA",2022,44445346.0
06029,"Kern, CA",2023,47569571.0
06029,"Kern, CA",2024,49752853.0
06031,"Kings, CA",2019,6457601.0
06031,"Kings, CA",2020,6540783.0
06031,"Kings, CA",2021,6613455.0
06031,"Kings, CA",2022,6820750.0
06031,"Kings, CA",2023,6931575.0
06031,"Kings, CA",2024,7210907.0
06033,"Lake, CA",2019,1933039.0
06033,"Lake, CA",2020,1877308.0
06033,"Lake, CA",2021,1934972.0
06033,"Lake, CA",2022,1893379.0
06033,"Lake, CA",2023,1956961.0
06033,"Lake, CA",2024,2074974.0
06035,"Lassen, CA",2019,1145535.0
06035,"Lassen, CA",2020,1174383.0
06035,"Lassen, CA",2021,1160704.0
06035,"Lassen, CA",2022,1123777.0
06035,"Lassen, CA",2023,1118949.0
06035,"Lassen, CA",2024,1150292.0
06037,"Los Angeles, CA",2019,767859358.0
06037,"Los Angeles, CA",2020,728586287.0
06037,"Los Angeles, CA",2021,773279179.0
06037,"Los Angeles, CA",2022,785175539.0
06037,"Los Angeles, CA",2023,794412003.0
06037,"Los Angeles, CA",2024,810842127.0
06039,"Madera, CA",2019,6222075.0
06039,"Madera, CA",2020,6203031.0
06039,"Madera, CA",2021,6427572.0
06039,"Madera, CA",2022,5998770.0
06039,"Madera, CA",2023,6297562.0
06039,"Madera, CA",2024,6799065.0
06041,"Marin, CA",2019,29644574.0
06041,"Marin, CA",2020,29465918.0
06041,"Marin, CA",2021,30056325.0
06041,"Marin, CA",2022,29274868.0
06041,"Marin, CA",2023,29379949.0
06041,"Marin, CA",2024,29894901.0
06043,"Mariposa, CA",2019,745873.0
06043,"Mariposa, CA",2020,661365.0
06043,"Mariposa, CA",2021,683832.0
06043,"Mariposa, CA",2022,707862.0
06043,"Mariposa, CA",2023,780471.0
06043,"Mariposa, CA",2024,800084.0
06045,"Mendocino, CA",2019,3516755.0
06045,"Mendocino, CA",2020,3391828.0
06045,"Mendocino, CA",2021,3592938.0
06045,"Mendocino, CA",2022,3479820.0
06045,"Mendocino, CA",2023,3482526.0
06045,"Mendocino, CA",2024,3589922.0
06047,"Merced, CA",2019,9251024.0
06047,"Merced, CA",2020,9142677.0
06047,"Merced, CA",2021,9323157.0
06047,"Merced, CA",2022,9486778.0
06047,"Merced, CA",2023,9517717.0
06047,"Merced, CA",2024,10266145.0
06049,"Modoc, CA",2019,414331.0
06049,"Modoc, CA",2020,462140.0
06049,"Modoc, CA",2021,450982.0
06049,"Modoc, CA",2022,477083.0
06049,"Modoc, CA",2023,497808.0
06049,"Modoc, CA",2024,518676.0
06051,"Mono, CA",2019,1031425.0
06051,"Mono, CA",2020,932498.0
06051,"Mono, CA",2021,1024131.0
06051,"Mono, CA",2022,1082296.0
06051,"Mono, CA",2023,1165832.0
06051,"Mono, CA",2024,1191570.0
06053,"Monterey, CA",2019,27639613.0
06053,"Monterey, CA",2020,27465700.0
06053,"Monterey, CA",2021,27757909.0
06053,"Monterey, CA",2022,28005898.0
06053,"Monterey, CA",2023,29117205.0
06053,"Monterey, CA",2024,29711750.0
06055,"Napa, CA",2019,11004396.0
06055,"Napa, CA",2020,10453531.0
06055,"Napa, CA",2021,11455005.0
06055,"Napa, CA",2022,10970744.0
06055,"Napa, CA",2023,11223179.0
06055,"Napa, CA",2024,11313745.0
06057,"Nevada, CA",2019,4393298.0
06057,"Nevada, CA",2020,4298330.0
06057,"Nevada, CA",2021,4469010.0
06057,"Nevada, CA",2022,4613757.0
06057,"Nevada, CA",2023,4633300.0
06057,"Nevada, CA",2024,4810425.0
06059,"Orange, CA",2019,258639230.0
06059,"Orange, CA",2020,252697644.0
06059,"Orange, CA",2021,268060818.0
06059,"Orange, CA",2022,270055508.0
06059,"Orange, CA",2023,271357185.0
06059,"Orange, CA",2024,277517685.0
06061,"Placer, CA",2019,23942196.0
06061,"Placer, CA",2020,23872020.0
06061,"Placer, CA",2021,26011433.0
06061,"Placer, CA",2022,26515618.0
06061,"Placer, CA",2023,26187322.0
06061,"Placer, CA",2024,26794130.0
06063,"Plumas, CA",2019,1021637.0
06063,"Plumas, CA",2020,893865.0
06063,"Plumas, CA",2021,839921.0
06063,"Plumas, CA",2022,914609.0
06063,"Plumas, CA",2023,1041011.0
06063,"Plumas, CA",2024,1136564.0
06065,"Riverside, CA",2019,90816468.0
06065,"Riverside, CA",2020,89350023.0
06065,"Riverside, CA",2021,94978542.0
06065,"Riverside, CA",2022,97055611.0
06065,"Riverside, CA",2023,99182409.0
06065,"Riverside, CA",2024,102469702.0
06067,"Sacramento, CA",2019,94135671.0
06067,"Sacramento, CA",2020,92088129.0
06067,"Sacramento, CA",2021,97466708.0
06067,"Sacramento, CA",2022,99509227.0
06067,"Sacramento, CA",2023,102275870.0
06067,"Sacramento, CA",2024,106654911.0
06069,"San Benito, CA",2019,2357148.0
06069,"San Benito, CA",2020,2211647.0
06069,"San Benito, CA",2021,2337043.0
06069,"San Benito, CA",2022,2307877.0
06069,"San Benito, CA",2023,2337837.0
06069,"San Benito, CA",2024,2515745.0
06071,"San Bernardino, CA",2019,94269524.0
06071,"San Bernardino, CA",2020,94003434.0
06071,"San Bernardino, CA",2021,100017425.0
06071,"San Bernardino, CA",2022,101161244.0
06071,"San Bernardino, CA",2023,101589331.0
06071,"San Bernardino, CA",2024,105151197.0
06073,"San Diego, CA",2019,236633899.0
06073,"San Diego, CA",2020,233193269.0
06073,"San Diego, CA",2021,250351652.0
06073,"San Diego, CA",2022,256907236.0
06073,"San Diego, CA",2023,261515685.0
06073,"San Diego, CA",2024,266924506.0
06075,"San Francisco, CA",2019,202540228.0
06075,"San Francisco, CA",2020,208603388.0
06075,"San Francisco, CA",2021,238980626.0
06075,"San Francisco, CA",2022,227233465.0
06075,"San Francisco, CA",2023,231879779.0
06075,"San Francisco, CA",2024,233948380.0
06077,"San Joaquin, CA",2019,31274535.0
06077,"San Joaquin, CA",2020,31100369.0
06077,"San Joaquin, CA",2021,33631799.0
06077,"San Joaquin, CA",2022,33218277.0
06077,"San Joaquin, CA",2023,33162700.0
06077,"San Joaquin, CA",2024,35064542.0
06079,"San Luis Obispo, CA",2019,17277110.0
06079,"San Luis Obispo, CA",2020,17063856.0
06079,"San Luis Obispo, CA",2021,17914053.0
06079,"San Luis Obispo, CA",2022,18050829.0
06079,"San Luis Obispo, CA",2023,18192271.0
06079,"San Luis Obispo, CA",2024,19031961.0
06081,"San Mateo, CA",2019,144134430.0
06081,"San Mateo, CA",2020,149978170.0
06081,"San Mateo, CA",2021,169122641.0
06081,"San Mateo, CA",2022,165505840.0
06081,"San Mateo, CA",2023,179396381.0
06081,"San Mateo, CA",2024,196767358.0
06083,"Santa Barbara, CA",2019,28989266.0
06083,"Santa Barbara, CA",2020,29566848.0
06083,"Santa Barbara, CA",2021,31635394.0
06083,"Santa Barbara, CA",2022,31796810.0
06083,"Santa Barbara, CA",2023,32099603.0
06083,"Santa Barbara, CA",2024,33505043.0
06085,"Santa Clara, CA",2019,317006327.0
06085,"Santa Clara, CA",2020,337104548.0
06085,"Santa Clara, CA",2021,379796062.0
06085,"Santa Clara, CA",2022,368006717.0
06085,"Santa Clara, CA",2023,376220683.0
06085,"Santa Clara, CA",2024,399159581.0
06087,"Santa Cruz, CA",2019,15380812.0
06087,"Santa Cruz, CA",2020,15288182.0
06087,"Santa Cruz, CA",2021,16457101.0
06087,"Santa Cruz, CA",2022,16336594.0
06087,"Santa Cruz, CA",2023,16162087.0
06087,"Santa Cruz, CA",2024,16712516.0
06089,"Shasta, CA",2019,8365845.0
06089,"Shasta, CA",2020,8156536.0
06089,"Shasta, CA",2021,8279019.0
06089,"Shasta, CA",2022,8224773.0
06089,"Shasta, CA",2023,8708047.0
06089,"Shasta, CA",2024,9184523.0
06091,"Sierra, CA",2019,97770.0
06091,"Sierra, CA",2020,91111.0
06091,"Sierra, CA",2021,90538.0
06091,"Sierra, CA",2022,101311.0
06091,"Sierra, CA",2023,91250.0
06091,"Sierra, CA",2024,98747.0
06093,"Siskiyou, CA",2019,1647887.0
06093,"Siskiyou, CA",2020,1665147.0
06093,"Siskiyou, CA",2021,1631651.0
06093,"Siskiyou, CA",2022,1684807.0
06093,"Siskiyou, CA",2023,1764020.0
06093,"Siskiyou, CA",2024,1766695.0
06095,"Solano, CA",2019,30908999.0
06095,"Solano, CA",2020,30720231.0
06095,"Solano, CA",2021,30542278.0
06095,"Solano, CA",2022,28444688.0
06095,"Solano, CA",2023,28220819.0
06095,"Solano, CA",2024,29914870.0
06097,"Sonoma, CA",2019,30482863.0
06097,"Sonoma, CA",2020,29559824.0
06097,"Sonoma, CA",2021,31602685.0
06097,"Sonoma, CA",2022,30693593.0
06097,"Sonoma, CA",2023,30633099.0
06097,"Sonoma, CA",2024,30869179.0
06099,"Stanislaus, CA",2019,23329680.0
06099,"Stanislaus, CA",2020,22672293.0
06099,"Stanislaus, CA",2021,23698928.0
06099,"Stanislaus, CA",2022,23622830.0
06099,"Stanislaus, CA",2023,23557445.0
06099,"Stanislaus, CA",2024,24813761.0
06101,"Sutter, CA",2019,3476887.0
06101,"Sutter, CA",2020,3570053.0
06101,"Sutter, CA",2021,3862393.0
06101,"Sutter, CA",2022,3960066.0
06101,"Sutter, CA",2023,4002134.0
06101,"Sutter, CA",2024,4025128.0
06103,"Tehama, CA",2019,2017478.0
06103,"Tehama, CA",2020,2024413.0
06103,"Tehama, CA",2021,2074999.0
06103,"Tehama, CA",2022,1975809.0
06103,"Tehama, CA",2023,2172321.0
06103,"Tehama, CA",2024,2175398.0
06105,"Trinity, CA",2019,395798.0
06105,"Trinity, CA",2020,404070.0
06105,"Trinity, CA",2021,386528.0
06105,"Trinity, CA",2022,369370.0
06105,"Trinity, CA",2023,404799.0
06105,"Trinity, CA",2024,456212.0
06107,"Tulare, CA",2019,18480075.0
06107,"Tulare, CA",2020,18059433.0
06107,"Tulare, CA",2021,18268538.0
06107,"Tulare, CA",2022,18226908.0
06107,"Tulare, CA",2023,18569956.0
06107,"Tulare, CA",2024,19484144.0
06109,"Tuolumne, CA",2019,2567544.0
06109,"Tuolumne, CA",2020,2311835.0
06109,"Tuolumne, CA",2021,2350125.0
06109,"Tuolumne, CA",2022,2375246.0
06109,"Tuolumne, CA",2023,2648777.0
06109,"Tuolumne, CA",2024,2569679.0
06111,"Ventura, CA",2019,51708632.0
06111,"Ventura, CA",2020,51210549.0
06111,"Ventura, CA",2021,53042459.0
06111,"Ventura, CA",2022,52823407.0
06111,"Ventura, CA",2023,53192535.0
06111,"Ventura, CA",2024,55123601.0
06113,"Yolo, CA",2019,15471476.0
06113,"Yolo, CA",2020,14971106.0
06113,"Yolo, CA",2021,15617677.0
06113,"Yolo, CA",2022,15680986.0
06113,"Yolo, CA",2023,15428666.0
06113,"Yolo, CA",2024,15908346.0
06115,"Yuba, CA",2019,3313354.0
06115,"Yuba, CA",2020,3198607.0
06115,"Yuba, CA",2021,3235003.0
06115,"Yuba, CA",2022,3178188.0
06115,"Yuba, CA",2023,3479041.0
06115,"Yuba, CA",2024,3520158.0
08001,"Adams, CO*",2019,28261370.0
08001,"Adams, CO*",2020,28354371.0
08001,"Adams, CO*",2021,30240251.0
08001,"Adams, CO*",2022,31001079.0
08001,"Adams, CO*",2023,32311644.0
08001,"Adams, CO*",2024,33004761.0
08003,"Alamosa, CO",2019,715624.0
08003,"Alamosa, CO",2020,676519.0
08003,"Alamosa, CO",2021,699356.0
08003,"Alamosa, CO",2022,699423.0
08003,"Alamosa, CO",2023,716587.0
08003,"Alamosa, CO",2024,698903.0
08005,"Arapahoe, CO",2019,48998064.0
08005,"Arapahoe, CO",2020,49192246.0
08005,"Arapahoe, CO",2021,50914754.0
08005,"Arapahoe, CO",2022,52680392.0
08005,"Arapahoe, CO",2023,53716475.0
08005,"Arapahoe, CO",2024,54462475.0
08007,"Archuleta, CO",2019,525128.0
08007,"Archuleta, CO",2020,508663.0
08007,"Archuleta, CO",2021,542942.0
08007,"Archuleta, CO",2022,557426.0
08007,"Archuleta, CO",2023,564873.0
08007,"Archuleta, CO",2024,586428.0
08009,"Baca, CO",2019,109965.0
08009,"Baca, CO",2020,120655.0
08009,"Baca, CO",2021,125396.0
08009,"Baca, CO",2022,162784.0
08009,"Baca, CO",2023,204691.0
08009,"Baca, CO",2024,109961.0
08011,"Bent, CO",2019,130154.0
08011,"Bent, CO",2020,128404.0
08011,"Bent, CO",2021,129034.0
08011,"Bent, CO",2022,119318.0
08011,"Bent, CO",2023,143251.0
08011,"Bent, CO",2024,133131.0
08013,"Boulder, CO*",2019,29657209.0
08013,"Boulder, CO*",2020,29117792.0
08013,"Boulder, CO*",2021,31245938.0
08013,"Boulder, CO*",2022,32341073.0
08013,"Boulder, CO*",2023,32934983.0
08013,"Boulder, CO*",2024,33422982.0
08014,"Broomfield, CO*",2019,7768412.0
08014,"Broomfield, CO*",2020,8420331.0
08014,"Broomfield, CO*",2021,9200222.0
08014,"Broomfield, CO*",2022,9937080.0
08014,"Broomfield, CO*",2023,9968030.0
08014,"Broomfield, CO*",2024,10004266.0
08015,"Chaffee, CO",2019,812927.0
08015,"Chaffee, CO",2020,808367.0
08015,"Chaffee, CO",2021,877804.0
08015,"Chaffee, CO",2022,906973.0
08015,"Chaffee, CO",2023,958762.0
08015,"Chaffee, CO",2024,990516.0
08017,"Cheyenne, CO",2019,153489.0
08017,"Cheyenne, CO",2020,155088.0
08017,"Cheyenne, CO",2021,262089.0
08017,"Cheyenne, CO",2022,263275.0
08017,"Cheyenne, CO",2023,319708.0
08017,"Cheyenne, CO",2024,291522.0
08019,"Clear Creek, CO",2019,508632.0
08019,"Clear Creek, CO",2020,457375.0
08019,"Clear Creek, CO",2021,463941.0
08019,"Clear Creek, CO",2022,472597.0
08019,"Clear Creek, CO",2023,582305.0
08019,"Clear Creek, CO",2024,478465.0
08021,"Conejos, CO",2019,203147.0
08021,"Conejos, CO",2020,197978.0
08021,"Conejos, CO",2021,203343.0
08021,"Conejos, CO",2022,172127.0
08021,"Conejos, CO",2023,195705.0
08021,"Conejos, CO",2024,188534.0
08023,"Costilla, CO",2019,90857.0
08023,"Costilla, CO",2020,82827.0
08023,"Costilla, CO",2021,80631.0
08023,"Costilla, CO",2022,79274.0
08023,"Costilla, CO",2023,87730.0
08023,"Costilla, CO",2024,95973.0
08025,"Crowley, CO",2019,119321.0
08025,"Crowley, CO",2020,117863.0
08025,"Crowley, CO",2021,118681.0
08025,"Crowley, CO",2022,98157.0
08025,"Crowley, CO",2023,120186.0
08025,"Crowley, CO",2024,135167.0
08027,"Custer, CO",2019,138744.0
08027,"Custer, CO",2020,135698.0
08027,"Custer, CO",2021,154743.0
08027,"Custer, CO",2022,160187.0
08027,"Custer, CO",2023,165033.0
08027,"Custer, CO",2024,171739.0
08029,"Delta, CO",2019,857580.0
08029,"Delta, CO",2020,852398.0
08029,"Delta, CO",2021,851495.0
08029,"Delta, CO",2022,909254.0
08029,"Delta, CO",2023,901111.0
08029,"Delta, CO",2024,924849.0
08031,"Denver, CO",2019,81881462.0
08031,"Denver, CO",2020,80969744.0
08031,"Denver, CO",2021,89653546.0
08031,"Denver, CO",2022,96919383.0
08031,"Denver, CO",2023,102081239.0
08031,"Denver, CO",2024,104064585.0
08033,"Dolores, CO",2019,110057.0
08033,"Dolores, CO",2020,101871.0
08033,"Dolores, CO",2021,98326.0
08033,"Dolores, CO",2022,103333.0
08033,"Dolores, CO",2023,96269.0
08033,"Dolores, CO",2024,88174.0
08035,"Douglas, CO",2019,19739214.0
08035,"Douglas, CO",2020,20634044.0
08035,"Douglas, CO",2021,21983139.0
08035,"Douglas, CO",2022,23534017.0
08035,"Douglas, CO",2023,24462607.0
08035,"Douglas, CO",2024,25204322.0
08037,"Eagle, CO",2019,4267158.0
08037,"Eagle, CO",2020,4016211.0
08037,"Eagle, CO",2021,4558954.0
08037,"Eagle, CO",2022,4927871.0
08037,"Eagle, CO",2023,5096577.0
08037,"Eagle, CO",2024,5267447.0
08039,"Elbert, CO",2019,713497.0
08039,"Elbert, CO",2020,704974.0
08039,"Elbert, CO",2021,781447.0
08039,"Elbert, CO",2022,698200.0
08039,"Elbert, CO",2023,749245.0
08039,"Elbert, CO",2024,809141.0
08041,"El Paso, CO",2019,36790595.0
08041,"El Paso, CO",2020,37821723.0
08041,"El Paso, CO",2021,40006650.0
08041,"El Paso, CO",2022,41050360.0
08041,"El Paso, CO",2023,42792291.0
08041,"El Paso, CO",2024,43989388.0
08043,"Fremont, CO",2019,1421330.0
08043,"Fremont, CO",2020,1416581.0
08043,"Fremont, CO",2021,1481111.0
08043,"Fremont, CO",2022,1508434.0
08043,"Fremont, CO",2023,1549532.0
08043,"Fremont, CO",2024,1588785.0
08045,"Garfield, CO",2019,3730042.0
08045,"Garfield, CO",2020,3602695.0
08045,"Garfield, CO",2021,3759059.0
08045,"Garfield, CO",2022,3670493.0
08045,"Garfield, CO",2023,3780023.0
08045,"Garfield, CO",2024,3831291.0
08047,"Gilpin, CO",2019,619908.0
08047,"Gilpin, CO",2020,528961.0
08047,"Gilpin, CO",2021,662868.0
08047,"Gilpin, CO",2022,712885.0
08047,"Gilpin, CO",2023,721239.0
08047,"Gilpin, CO",2024,757843.0
08049,"Grand, CO",2019,984226.0
08049,"Grand, CO",2020,876294.0
08049,"Grand, CO",2021,992475.0
08049,"Grand, CO",2022,1087974.0
08049,"Grand, CO",2023,1133576.0
08049,"Grand, CO",2024,1218516.0
08051,"Gunnison, CO",2019,1061987.0
08051,"Gunnison, CO",2020,998306.0
08051,"Gunnison, CO",2021,1079662.0
08051,"Gunnison, CO",2022,1208500.0
08051,"Gunnison, CO",2023,1158891.0
08051,"Gunnison, CO",2024,1153789.0
08053,"Hinsdale, CO",2019,39504.0
08053,"Hinsdale, CO",2020,36402.0
08053,"Hinsdale, CO",2021,38337.0
08053,"Hinsdale, CO",2022,42582.0
08053,"Hinsdale, CO",2023,44752.0
08053,"Hinsdale, CO",2024,43245.0
08055,"Huerfano, CO",2019,218608.0
08055,"Huerfano, CO",2020,235553.0
08055,"Huerfano, CO",2021,250004.0
08055,"Huerfano, CO",2022,223206.0
08055,"Huerfano, CO",2023,250881.0
08055,"Huerfano, CO",2024,252519.0
08057,"Jackson, CO",2019,139807.0
08057,"Jackson, CO",2020,116380.0
08057,"Jackson, CO",2021,109499.0
08057,"Jackson, CO",2022,101594.0
08057,"Jackson, CO",2023,138282.0
08057,"Jackson, CO",2024,140602.0
08059,"Jefferson, CO*",2019,33577349.0
08059,"Jefferson, CO*",2020,33338379.0
08059,"Jefferson, CO*",2021,34647468.0
08059,"Jefferson, CO*",2022,35722129.0
08059,"Jefferson, CO*",2023,36632200.0
08059,"Jefferson, CO*",2024,37106170.0
08061,"Kiowa, CO",2019,74051.0
08061,"Kiowa, CO",2020,69046.0
08061,"Kiowa, CO",2021,92369.0
08061,"Kiowa, CO",2022,73123.0
08061,"Kiowa, CO",2023,102812.0
08061,"Kiowa, CO",2024,86821.0
08063,"Kit Carson, CO",2019,370120.0
08063,"Kit Carson, CO",2020,350550.0
08063,"Kit Carson, CO",2021,482722.0
08063,"Kit Carson, CO",2022,467581.0
08063,"Kit Carson, CO",2023,543804.0
08063,"Kit Carson, CO",2024,493117.0
08065,"Lake, CO",2019,305923.0
08065,"Lake, CO",2020,301314.0
08065,"Lake, CO",2021,324700.0
08065,"Lake, CO",2022,338827.0
08065,"Lake, CO",2023,322779.0
08065,"Lake, CO",2024,404340.0
08067,"La Plata, CO",2019,3126567.0
08067,"La Plata, CO",2020,2990839.0
08067,"La Plata, CO",2021,3143970.0
08067,"La Plata, CO",2022,3142491.0
08067,"La Plata, CO",2023,3229075.0
08067,"La Plata, CO",2024,3280060.0
08069,"Larimer, CO",2019,20344985.0
08069,"Larimer, CO",2020,20219160.0
08069,"Larimer, CO",2021,21400435.0
08069,"Larimer, CO",2022,22430362.0
08069,"Larimer, CO",2023,22368758.0
08069,"Larimer, CO",2024,22617976.0
08071,"Las Animas, CO",2019,531874.0
08071,"Las Animas, CO",2020,527565.0
08071,"Las Animas, CO",2021,509129.0
08071,"Las Animas, CO",2022,500727.0
08071,"Las Animas, CO",2023,509711.0
08071,"Las Animas, CO",2024,500723.0
08073,"Lincoln, CO",2019,358774.0
08073,"Lincoln, CO",2020,374198.0
08073,"Lincoln, CO",2021,376045.0
08073,"Lincoln, CO",2022,378223.0
08073,"Lincoln, CO",2023,406952.0
08073,"Lincoln, CO",2024,389454.0
08075,"Logan, CO",2019,982860.0
08075,"Logan, CO",2020,909751.0
08075,"Logan, CO",2021,1026773.0
08075,"Logan, CO",2022,1044025.0
08075,"Logan, CO",2023,1114624.0
08075,"Logan, CO",2024,1093941.0
08077,"Mesa, CO",2019,6815198.0
08077,"Mesa, CO",2020,6596972.0
08077,"Mesa, CO",2021,6910739.0
08077,"Mesa, CO",2022,7236011.0
08077,"Mesa, CO",2023,7263912.0
08077,"Mesa, CO",2024,7454851.0
08079,"Mineral, CO",2019,60069.0
08079,"Mineral, CO",2020,51217.0
08079,"Mineral, CO",2021,60204.0
08079,"Mineral, CO",2022,73492.0
08079,"Mineral, CO",2023,72448.0
08079,"Mineral, CO",2024,73698.0
08081,"Moffat, CO",2019,1003061.0
08081,"Moffat, CO",2020,1035263.0
08081,"Moffat, CO",2021,1060693.0
08081,"Moffat, CO",2022,1060541.0
08081,"Moffat, CO",2023,986961.0
08081,"Moffat, CO",2024,920077.0
08083,"Montezuma, CO",2019,1430168.0
08083,"Montezuma, CO",2020,1241956.0
08083,"Montezuma, CO",2021,1344831.0
08083,"Montezuma, CO",2022,1276694.0
08083,"Montezuma, CO",2023,1247790.0
08083,"Montezuma, CO",2024,1188499.0
08085,"Montrose, CO",2019,1606025.0
08085,"Montrose, CO",2020,1566877.0
08085,"Montrose, CO",2021,1628413.0
08085,"Montrose, CO",2022,1759783.0
08085,"Montrose, CO",2023,1758011.0
08085,"Montrose, CO",2024,1849394.0
08087,"Morgan, CO",2019,1540999.0
08087,"Morgan, CO",2020,1476594.0
08087,"Morgan, CO",2021,1510774.0
08087,"Morgan, CO",2022,1496526.0
08087,"Morgan, CO",2023,1570479.0
08087,"Morgan, CO",2024,1598419.0
08089,"Otero, CO",2019,580090.0
08089,"Otero, CO",2020,566104.0
08089,"Otero, CO",2021,579882.0
08089,"Otero, CO",2022,546356.0
08089,"Otero, CO",2023,574196.0
08089,"Otero, CO",2024,568314.0
08091,"Ouray, CO",2019,207911.0
08091,"Ouray, CO",2020,212295.0
08091,"Ouray, CO",2021,268871.0
08091,"Ouray, CO",2022,240429.0
08091,"Ouray, CO",2023,224766.0
08091,"Ouray, CO",2024,226866.0
08093,"Park, CO",2019,423715.0
08093,"Park, CO",2020,418258.0
08093,"Park, CO",2021,460702.0
08093,"Park, CO",2022,445919.0
08093,"Park, CO",2023,480373.0
08093,"Park, CO",2024,532097.0
08095,"Phillips, CO",2019,189636.0
08095,"Phillips, CO",2020,178412.0
08095,"Phillips, CO",2021,196209.0
08095,"Phillips, CO",2022,227751.0
08095,"Phillips, CO",2023,248613.0
08095,"Phillips, CO",2024,193493.0
08097,"Pitkin, CO",2019,2397095.0
08097,"Pitkin, CO",2020,2152488.0
08097,"Pitkin, CO",2021,2426053.0
08097,"Pitkin, CO",2022,2785120.0
08097,"Pitkin, CO",2023,2865837.0
08097,"Pitkin, CO",2024,2935059.0
08099,"Prowers, CO",2019,495830.0
08099,"Prowers, CO",2020,446859.0
08099,"Prowers, CO",2021,501219.0
08099,"Prowers, CO",2022,464745.0
08099,"Prowers, CO",2023,529690.0
08099,"Prowers, CO",2024,479594.0
08101,"Pueblo, CO",2019,6426426.0
08101,"Pueblo, CO",2020,6201675.0
08101,"Pueblo, CO",2021,6569939.0
08101,"Pueblo, CO",2022,6491018.0
08101,"Pueblo, CO",2023,6831120.0
08101,"Pueblo, CO",2024,6868520.0
08103,"Rio Blanco, CO",2019,580871.0
08103,"Rio Blanco, CO",2020,504065.0
08103,"Rio Blanco, CO",2021,501768.0
08103,"Rio Blanco, CO",2022,496731.0
08103,"Rio Blanco, CO",2023,579183.0
08103,"Rio Blanco, CO",2024,566322.0
08105,"Rio Grande, CO",2019,472080.0
08105,"Rio Grande, CO",2020,466606.0
08105,"Rio Grande, CO",2021,442272.0
08105,"Rio Grande, CO",2022,414623.0
08105,"Rio Grande, CO",2023,459646.0
08105,"Rio Grande, CO",2024,429941.0
08107,"Routt, CO",2019,2029956.0
08107,"Routt, CO",2020,1871885.0
08107,"Routt, CO",2021,2102686.0
08107,"Routt, CO",2022,2250872.0
08107,"Routt, CO",2023,2202490.0
08107,"Routt, CO",2024,2257117.0
08109,"Saguache, CO",2019,218152.0
08109,"Saguache, CO",2020,191325.0
08109,"Saguache, CO",2021,201576.0
08109,"Saguache, CO",2022,161953.0
08109,"Saguache, CO",2023,190078.0
08109,"Saguache, CO",2024,162612.0
08111,"San Juan, CO",2019,36113.0
08111,"San Juan, CO",2020,32864.0
08111,"San Juan, CO",2021,38144.0
08111,"San Juan, CO",2022,41250.0
08111,"San Juan, CO",2023,42010.0
08111,"San Juan, CO",2024,43954.0
08113,"San Miguel, CO",2019,649813.0
08113,"San Miguel, CO",2020,606649.0
08113,"San Miguel, CO",2021,744858.0
08113,"San Miguel, CO",2022,850814.0
08113,"San Miguel, CO",2023,814271.0
08113,"San Miguel, CO",2024,819644.0
08115,"Sedgwick, CO",2019,75574.0
08115,"Sedgwick, CO",2020,64828.0
08115,"Sedgwick, CO",2021,78985.0
08115,"Sedgwick, CO",2022,91019.0
08115,"Sedgwick, CO",2023,89772.0
08115,"Sedgwick, CO",2024,74155.0
08117,"Summit, CO",2019,2759707.0
08117,"Summit, CO",2020,2516671.0
08117,"Summit, CO",2021,2830112.0
08117,"Summit, CO",2022,3067876.0
08117,"Summit, CO",2023,3169614.0
08117,"Summit, CO",2024,3302135.0
08119,"Teller, CO",2019,956848.0
08119,"Teller, CO",2020,989972.0
08119,"Teller, CO",2021,1046960.0
08119,"Teller, CO",2022,952227.0
08119,"Teller, CO",2023,1007662.0
08119,"Teller, CO",2024,970330.0
08121,"Washington, CO",2019,151320.0
08121,"Washington, CO",2020,131800.0
08121,"Washington, CO",2021,168965.0
08121,"Washington, CO",2022,202408.0
08121,"Washington, CO",2023,199986.0
08121,"Washington, CO",2024,142413.0
08123,"Weld, CO*",2019,21737461.0
08123,"Weld, CO*",2020,20028527.0
08123,"Weld, CO*",2021,20489280.0
08123,"Weld, CO*",2022,19472810.0
08123,"Weld, CO*",2023,22991875.0
08123,"Weld, CO*",2024,24480489.0
08125,"Yuma, CO",2019,464550.0
08125,"Yuma, CO",2020,392299.0
08125,"Yuma, CO",2021,425449.0
08125,"Yuma, CO",2022,428949.0
08125,"Yuma, CO",2023,475129.0
08125,"Yuma, CO",2024,461760.0
09001,"Fairfield, CT*",2019,89153575.0
09001,"Fairfield, CT*",2020,85064283.0
09001,"Fairfield, CT*",2021,88518597.0
09001,"Fairfield, CT*",2022,92939780.0
09001,"Fairfield, CT*",2023,94400577.0
09001,"Fairfield, CT*",2024,0.0
09003,"Hartford, CT*",2019,86530150.0
09003,"Hartford, CT*",2020,80881230.0
09003,"Hartford, CT*",2021,82881581.0
09003,"Hartford, CT*",2022,85758198.0
09003,"Hartford, CT*",2023,86770206.0
09003,"Hartford, CT*",2024,0.0
09005,"Litchfield, CT*",2019,8322742.0
09005,"Litchfield, CT*",2020,8196009.0
09005,"Litchfield, CT*",2021,8919005.0
09005,"Litchfield, CT*",2022,8887970.0
09005,"Litchfield, CT*",2023,8473846.0
09005,"Litchfield, CT*",2024,0.0
09007,"Middlesex, CT*",2019,9836365.0
09007,"Middlesex, CT*",2020,9385701.0
09007,"Middlesex, CT*",2021,9694708.0
09007,"Middlesex, CT*",2022,10081202.0
09007,"Middlesex, CT*",2023,10386150.0
09007,"Middlesex, CT*",2024,0.0
09009,"New Haven, CT*",2019,51537971.0
09009,"New Haven, CT*",2020,49996501.0
09009,"New Haven, CT*",2021,51747186.0
09009,"New Haven, CT*",2022,51890170.0
09009,"New Haven, CT*",2023,52649723.0
09009,"New Haven, CT*",2024,0.0
09011,"New London, CT*",2019,19465696.0
09011,"New London, CT*",2020,18298507.0
09011,"New London, CT*",2021,18979110.0
09011,"New London, CT*",2022,19521255.0
09011,"New London, CT*",2023,19907199.0
09011,"New London, CT*",2024,0.0
09013,"Tolland, CT*",2019,5485930.0
09013,"Tolland, CT*",2020,5180731.0
09013,"Tolland, CT*",2021,5287843.0
09013,"Tolland, CT*",2022,5369121.0
09013,"Tolland, CT*",2023,5564826.0
09013,"Tolland, CT*",2024,0.0
09015,"Windham, CT*",2019,4902022.0
09015,"Windham, CT*",2020,4732433.0
09015,"Windham, CT*",2021,4736197.0
09015,"Windham, CT*",2022,4904983.0
09015,"Windham, CT*",2023,5088568.0
09015,"Windham, CT*",2024,0.0
09110,"Capitol, CT*",2019,0.0
09110,"Capitol, CT*",2020,0.0
09110,"Capitol, CT*",2021,0.0
09110,"Capitol, CT*",2022,0.0
09110,"Capitol, CT*",2023,0.0
09110,"Capitol, CT*",2024,88946536.0
09120,"Greater Bridgeport, CT*",2019,0.0
09120,"Greater Bridgeport, CT*",2020,0.0
09120,"Greater Bridgeport, CT*",2021,0.0
09120,"Greater Bridgeport, CT*",2022,0.0
09120,"Greater Bridgeport, CT*",2023,0.0
09120,"Greater Bridgeport, CT*",2024,27209614.0
09130,"Lower Connecticut River Valley, CT*",2019,0.0
09130,"Lower Connecticut River Valley, CT*",2020,0.0
09130,"Lower Connecticut River Valley, CT*",2021,0.0
09130,"Lower Connecticut River Valley, CT*",2022,0.0
09130,"Lower Connecticut River Valley, CT*",2023,0.0
09130,"Lower Connecticut River Valley, CT*",2024,12908053.0
09140,"Naugatuck Valley, CT*",2019,0.0
09140,"Naugatuck Valley, CT*",2020,0.0
09140,"Naugatuck Valley, CT*",2021,0.0
09140,"Naugatuck Valley, CT*",2022,0.0
09140,"Naugatuck Valley, CT*",2023,0.0
09140,"Naugatuck Valley, CT*",2024,26812846.0
09150,"Northeastern Connecticut, CT*",2019,0.0
09150,"Northeastern Connecticut, CT*",2020,0.0
09150,"Northeastern Connecticut, CT*",2021,0.0
09150,"Northeastern Connecticut, CT*",2022,0.0
09150,"Northeastern Connecticut, CT*",2023,0.0
09150,"Northeastern Connecticut, CT*",2024,4355057.0
09160,"Northwest Hills, CT*",2019,0.0
09160,"Northwest Hills, CT*",2020,0.0
09160,"Northwest Hills, CT*",2021,0.0
09160,"Northwest Hills, CT*",2022,0.0
09160,"Northwest Hills, CT*",2023,0.0
09160,"Northwest Hills, CT*",2024,5184662.0
09170,"South Central Connecticut, CT*",2019,0.0
09170,"South Central Connecticut, CT*",2020,0.0
09170,"South Central Connecticut, CT*",2021,0.0
09170,"South Central Connecticut, CT*",2022,0.0
09170,"South Central Connecticut, CT*",2023,0.0
09170,"South Central Connecticut, CT*",2024,40204020.0
09180,"Southeastern Connecticut, CT*",2019,0.0
09180,"Southeastern Connecticut, CT*",2020,0.0
09180,"Southeastern Connecticut, CT*",2021,0.0
09180,"Southeastern Connecticut, CT*",2022,0.0
09180,"Southeastern Connecticut, CT*",2023,0.0
09180,"Southeastern Connecticut, CT*",2024,19316257.0
09190,"Western Connecticut, CT*",2019,0.0
09190,"Western Connecticut, CT*",2020,0.0
09190,"Western Connecticut, CT*",2021,0.0
09190,"Western Connecticut, CT*",2022,0.0
09190,"Western Connecticut, CT*",2023,0.0
09190,"Western Connecticut, CT*",2024,61223022.0
10001,"Kent, DE",2019,8393407.0
10001,"Kent, DE",2020,7950254.0
10001,"Kent, DE",2021,8287674.0
10001,"Kent, DE",2022,8652805.0
10001,"Kent, DE",2023,8588182.0
10001,"Kent, DE",2024,9069233.0
10003,"New Castle, DE",2019,52452281.0
10003,"New Castle, DE",2020,51354826.0
10003,"New Castle, DE",2021,52377386.0
10003,"New Castle, DE",2022,56638956.0
10003,"New Castle, DE",2023,56713814.0
10003,"New Castle, DE",2024,58412908.0
10005,"Sussex, DE",2019,13790801.0
10005,"Sussex, DE",2020,13430837.0
10005,"Sussex, DE",2021,14545784.0
10005,"Sussex, DE",2022,15826363.0
10005,"Sussex, DE",2023,16790232.0
10005,"Sussex, DE",2024,17867776.0
11001,"District of Columbia, DC",2019,138909669.0
11001,"District of Columbia, DC",2020,137828870.0
11001,"District of Columbia, DC",2021,143338748.0
11001,"District of Columbia, DC",2022,143050800.0
11001,"District of Columbia, DC",2023,143179241.0
11001,"District of Columbia, DC",2024,145087985.0
12001,"Alachua, FL",2019,14130088.0
12001,"Alachua, FL",2020,14021366.0
12001,"Alachua, FL",2021,15026287.0
12001,"Alachua, FL",2022,15670816.0
12001,"Alachua, FL",2023,16110114.0
12001,"Alachua, FL",2024,16456777.0
12003,"Baker, FL",2019,656751.0
12003,"Baker, FL",2020,709506.0
12003,"Baker, FL",2021,748690.0
12003,"Baker, FL",2022,740598.0
12003,"Baker, FL",2023,739793.0
12003,"Baker, FL",2024,801544.0
12005,"Bay, FL",2019,8628467.0
12005,"Bay, FL",2020,8721838.0
12005,"Bay, FL",2021,9480680.0
12005,"Bay, FL",2022,9812473.0
12005,"Bay, FL",2023,10218670.0
12005,"Bay, FL",2024,10440780.0
12007,"Bradford, FL",2019,620103.0
12007,"Bradford, FL",2020,656180.0
12007,"Bradford, FL",2021,642142.0
12007,"Bradford, FL",2022,670870.0
12007,"Bradford, FL",2023,699192.0
12007,"Bradford, FL",2024,729440.0
12009,"Brevard, FL",2019,26538360.0
12009,"Brevard, FL",2020,26833411.0
12009,"Brevard, FL",2021,29793769.0
12009,"Brevard, FL",2022,31676923.0
12009,"Brevard, FL",2023,33657805.0
12009,"Brevard, FL",2024,35095914.0
12011,"Broward, FL",2019,111893640.0
12011,"Broward, FL",2020,109872453.0
12011,"Broward, FL",2021,120024526.0
12011,"Broward, FL",2022,127700081.0
12011,"Broward, FL",2023,133360002.0
12011,"Broward, FL",2024,136649542.0
12013,"Calhoun, FL",2019,274519.0
12013,"Calhoun, FL",2020,281965.0
12013,"Calhoun, FL",2021,306489.0
12013,"Calhoun, FL",2022,308998.0
12013,"Calhoun, FL",2023,357408.0
12013,"Calhoun, FL",2024,384202.0
12015,"Charlotte, FL",2019,5722516.0
12015,"Charlotte, FL",2020,6042664.0
12015,"Charlotte, FL",2021,6298622.0
12015,"Charlotte, FL",2022,6512049.0
12015,"Charlotte, FL",2023,7192058.0
12015,"Charlotte, FL",2024,7566912.0
12017,"Citrus, FL",2019,4177469.0
12017,"Citrus, FL",2020,4228162.0
12017,"Citrus, FL",2021,4617393.0
12017,"Citrus, FL",2022,4902954.0
12017,"Citrus, FL",2023,5327664.0
12017,"Citrus, FL",2024,5395130.0
12019,"Clay, FL",2019,5546049.0
12019,"Clay, FL",2020,5508643.0
12019,"Clay, FL",2021,5904443.0
12019,"Clay, FL",2022,6255327.0
12019,"Clay, FL",2023,6690211.0
12019,"Clay, FL",2024,7086382.0
12021,"Collier, FL",2019,20507135.0
12021,"Collier, FL",2020,20374334.0
12021,"Collier, FL",2021,23000217.0
12021,"Collier, FL",2022,24257787.0
12021,"Collier, FL",2023,26291544.0
12021,"Collier, FL",2024,27820258.0
12023,"Columbia, FL",2019,2305577.0
12023,"Columbia, FL",2020,2369096.0
12023,"Columbia, FL",2021,2370520.0
12023,"Columbia, FL",2022,2454901.0
12023,"Columbia, FL",2023,2614106.0
12023,"Columbia, FL",2024,2699486.0
12027,"DeSoto, FL",2019,986563.0
12027,"DeSoto, FL",2020,935584.0
12027,"DeSoto, FL",2021,968025.0
12027,"DeSoto, FL",2022,1010093.0
12027,"DeSoto, FL",2023,1105843.0
12027,"DeSoto, FL",2024,1100173.0
12029,"Dixie, FL",2019,272892.0
12029,"Dixie, FL",2020,299615.0
12029,"Dixie, FL",2021,286272.0
12029,"Dixie, FL",2022,284477.0
12029,"Dixie, FL",2023,309992.0
12029,"Dixie, FL",2024,316390.0
12031,"Duval, FL",2019,67392455.0
12031,"Duval, FL",2020,68067705.0
12031,"Duval, FL",2021,73004818.0
12031,"Duval, FL",2022,77538844.0
12031,"Duval, FL",2023,80929277.0
12031,"Duval, FL",2024,83517200.0
12033,"Escambia, FL",2019,16072079.0
12033,"Escambia, FL",2020,15991998.0
12033,"Escambia, FL",2021,17217451.0
12033,"Escambia, FL",2022,17684412.0
12033,"Escambia, FL",2023,18118766.0
12033,"Escambia, FL",2024,18897020.0
12035,"Flagler, FL",2019,2889091.0
12035,"Flagler, FL",2020,2991890.0
12035,"Flagler, FL",2021,3237392.0
12035,"Flagler, FL",2022,3693575.0
12035,"Flagler, FL",2023,3804970.0
12035,"Flagler, FL",2024,3990529.0
12037,"Franklin, FL",2019,359509.0
12037,"Franklin, FL",2020,356638.0
12037,"Franklin, FL",2021,366881.0
12037,"Franklin, FL",2022,390445.0
12037,"Franklin, FL",2023,381890.0
12037,"Franklin, FL",2024,389751.0
12039,"Gadsden, FL",2019,1246333.0
12039,"Gadsden, FL",2020,1303799.0
12039,"Gadsden, FL",2021,1228907.0
12039,"Gadsden, FL",2022,1238886.0
12039,"Gadsden, FL",2023,1317483.0
12039,"Gadsden, FL",2024,1275717.0
12041,"Gilchrist, FL",2019,348667.0
12041,"Gilchrist, FL",2020,408145.0
12041,"Gilchrist, FL",2021,390083.0
12041,"Gilchrist, FL",2022,394688.0
12041,"Gilchrist, FL",2023,423098.0
12041,"Gilchrist, FL",2024,443407.0
12043,"Glades, FL",2019,322268.0
12043,"Glades, FL",2020,314320.0
12043,"Glades, FL",2021,302998.0
12043,"Glades, FL",2022,329681.0
12043,"Glades, FL",2023,324538.0
12043,"Glades, FL",2024,352968.0
12045,"Gulf, FL",2019,403186.0
12045,"Gulf, FL",2020,424989.0
12045,"Gulf, FL",2021,450663.0
12045,"Gulf, FL",2022,476244.0
12045,"Gulf, FL",2023,490686.0
12045,"Gulf, FL",2024,506457.0
12047,"Hamilton, FL",2019,498646.0
12047,"Hamilton, FL",2020,493531.0
12047,"Hamilton, FL",2021,508733.0
12047,"Hamilton, FL",2022,556112.0
12047,"Hamilton, FL",2023,551920.0
12047,"Hamilton, FL",2024,641948.0
12049,"Hardee, FL",2019,1125101.0
12049,"Hardee, FL",2020,1082906.0
12049,"Hardee, FL",2021,1166383.0
12049,"Hardee, FL",2022,1231577.0
12049,"Hardee, FL",2023,1179808.0
12049,"Hardee, FL",2024,1160182.0
12051,"Hendry, FL",2019,1310610.0
12051,"Hendry, FL",2020,1341883.0
12051,"Hendry, FL",2021,1338115.0
12051,"Hendry, FL",2022,1380018.0
12051,"Hendry, FL",2023,1403518.0
12051,"Hendry, FL",2024,1455171.0
12053,"Hernando, FL",2019,4331543.0
12053,"Hernando, FL",2020,4402062.0
12053,"Hernando, FL",2021,4731537.0
12053,"Hernando, FL",2022,5088877.0
12053,"Hernando, FL",2023,5362661.0
12053,"Hernando, FL",2024,5659680.0
12055,"Highlands, FL",2019,2594451.0
12055,"Highlands, FL",2020,2451506.0
12055,"Highlands, FL",2021,2559605.0
12055,"Highlands, FL",2022,2704876.0
12055,"Highlands, FL",2023,2865459.0
12055,"Highlands, FL",2024,2980473.0
12057,"Hillsborough, FL",2019,94689584.0
12057,"Hillsborough, FL",2020,95994536.0
12057,"Hillsborough, FL",2021,104445815.0
12057,"Hillsborough, FL",2022,111012380.0
12057,"Hillsborough, FL",2023,116841238.0
12057,"Hillsborough, FL",2024,121004917.0
12059,"Holmes, FL",2019,371292.0
12059,"Holmes, FL",2020,361112.0
12059,"Holmes, FL",2021,387426.0
12059,"Holmes, FL",2022,411708.0
12059,"Holmes, FL",2023,426288.0
12059,"Holmes, FL",2024,437047.0
12061,"Indian River, FL",2019,6896895.0
12061,"Indian River, FL",2020,6988202.0
12061,"Indian River, FL",2021,7893582.0
12061,"Indian River, FL",2022,7452882.0
12061,"Indian River, FL",2023,7802566.0
12061,"Indian River, FL",2024,8020666.0
12063,"Jackson, FL",2019,1349583.0
12063,"Jackson, FL",2020,1333640.0
12063,"Jackson, FL",2021,1338258.0
12063,"Jackson, FL",2022,1369069.0
12063,"Jackson, FL",2023,1457629.0
12063,"Jackson, FL",2024,1529487.0
12065,"Jefferson, FL",2019,251869.0
12065,"Jefferson, FL",2020,250405.0
12065,"Jefferson, FL",2021,268747.0
12065,"Jefferson, FL",2022,274490.0
12065,"Jefferson, FL",2023,308359.0
12065,"Jefferson, FL",2024,340534.0
12067,"Lafayette, FL",2019,133857.0
12067,"Lafayette, FL",2020,144877.0
12067,"Lafayette, FL",2021,145188.0
12067,"Lafayette, FL",2022,172511.0
12067,"Lafayette, FL",2023,204506.0
12067,"Lafayette, FL",2024,241798.0
12069,"Lake, FL",2019,10247135.0
12069,"Lake, FL",2020,10559485.0
12069,"Lake, FL",2021,11493689.0
12069,"Lake, FL",2022,11988782.0
12069,"Lake, FL",2023,12990585.0
12069,"Lake, FL",2024,13812535.0
12071,"Lee, FL",2019,33346800.0
12071,"Lee, FL",2020,33233737.0
12071,"Lee, FL",2021,36038466.0
12071,"Lee, FL",2022,38894720.0
12071,"Lee, FL",2023,40549679.0
12071,"Lee, FL",2024,41934562.0
12073,"Leon, FL",2019,15356531.0
12073,"Leon, FL",2020,14966531.0
12073,"Leon, FL",2021,16084647.0
12073,"Leon, FL",2022,17144729.0
12073,"Leon, FL",2023,17947257.0
12073,"Leon, FL",2024,18790318.0
12075,"Levy, FL",2019,917860.0
12075,"Levy, FL",2020,1005966.0
12075,"Levy, FL",2021,1020161.0
12075,"Levy, FL",2022,985417.0
12075,"Levy, FL",2023,1145170.0
12075,"Levy, FL",2024,1272209.0
12077,"Liberty, FL",2019,288426.0
12077,"Liberty, FL",2020,304516.0
12077,"Liberty, FL",2021,283906.0
12077,"Liberty, FL",2022,263289.0
12077,"Liberty, FL",2023,292869.0
12077,"Liberty, FL",2024,369651.0
12079,"Madison, FL",2019,412559.0
12079,"Madison, FL",2020,434045.0
12079,"Madison, FL",2021,436750.0
12079,"Madison, FL",2022,477827.0
12079,"Madison, FL",2023,529644.0
12079,"Madison, FL",2024,592906.0
12081,"Manatee, FL",2019,15899839.0
12081,"Manatee, FL",2020,15618714.0
12081,"Manatee, FL",2021,17124100.0
12081,"Manatee, FL",2022,18164121.0
12081,"Manatee, FL",2023,19571650.0
12081,"Manatee, FL",2024,20417218.0
12083,"Marion, FL",2019,10349644.0
12083,"Marion, FL",2020,10735911.0
12083,"Marion, FL",2021,11596052.0
12083,"Marion, FL",2022,12089342.0
12083,"Marion, FL",2023,12999067.0
12083,"Marion, FL",2024,13570815.0
12085,"Martin, FL",2019,7813478.0
12085,"Martin, FL",2020,8445789.0
12085,"Martin, FL",2021,8478050.0
12085,"Martin, FL",2022,9116934.0
12085,"Martin, FL",2023,9555168.0
12085,"Martin, FL",2024,9555927.0
12086,"Miami-Dade, FL",2019,168004707.0
12086,"Miami-Dade, FL",2020,157113569.0
12086,"Miami-Dade, FL",2021,174561738.0
12086,"Miami-Dade, FL",2022,187545719.0
12086,"Miami-Dade, FL",2023,196444856.0
12086,"Miami-Dade, FL",2024,203059107.0
12087,"Monroe, FL",2019,5246407.0
12087,"Monroe, FL",2020,4986532.0
12087,"Monroe, FL",2021,5594894.0
12087,"Monroe, FL",2022,5879934.0
12087,"Monroe, FL",2023,6193265.0
12087,"Monroe, FL",2024,6402345.0
12089,"Nassau, FL",2019,2896730.0
12089,"Nassau, FL",2020,3035909.0
12089,"Nassau, FL",2021,3332821.0
12089,"Nassau, FL",2022,3518298.0
12089,"Nassau, FL",2023,3633094.0
12089,"Nassau, FL",2024,3800560.0
12091,"Okaloosa, FL",2019,12491711.0
12091,"Okaloosa, FL",2020,12869572.0
12091,"Okaloosa, FL",2021,13943472.0
12091,"Okaloosa, FL",2022,14458107.0
12091,"Okaloosa, FL",2023,14801202.0
12091,"Okaloosa, FL",2024,15005247.0
12093,"Okeechobee, FL",2019,1547145.0
12093,"Okeechobee, FL",2020,1662574.0
12093,"Okeechobee, FL",2021,1693516.0
12093,"Okeechobee, FL",2022,1873785.0
12093,"Okeechobee, FL",2023,2181486.0
12093,"Okeechobee, FL",2024,2175079.0
12095,"Orange, FL",2019,101809732.0
12095,"Orange, FL",2020,95409292.0
12095,"Orange, FL",2021,108280068.0
12095,"Orange, FL",2022,116081626.0
12095,"Orange, FL",2023,122018128.0
12095,"Orange, FL",2024,125714369.0
12097,"Osceola, FL",2019,11694776.0
12097,"Osceola, FL",2020,11311120.0
12097,"Osceola, FL",2021,12491463.0
12097,"Osceola, FL",2022,13744817.0
12097,"Osceola, FL",2023,14515061.0
12097,"Osceola, FL",2024,15569050.0
12099,"Palm Beach, FL",2019,87694796.0
12099,"Palm Beach, FL",2020,87813614.0
12099,"Palm Beach, FL",2021,97622427.0
12099,"Palm Beach, FL",2022,102539990.0
12099,"Palm Beach, FL",2023,108402893.0
12099,"Palm Beach, FL",2024,110546089.0
12101,"Pasco, FL",2019,13822171.0
12101,"Pasco, FL",2020,14039552.0
12101,"Pasco, FL",2021,15629293.0
12101,"Pasco, FL",2022,16682891.0
12101,"Pasco, FL",2023,17822382.0
12101,"Pasco, FL",2024,18764534.0
12103,"Pinellas, FL",2019,51084704.0
12103,"Pinellas, FL",2020,51421783.0
12103,"Pinellas, FL",2021,55235787.0
12103,"Pinellas, FL",2022,58605293.0
12103,"Pinellas, FL",2023,61056144.0
12103,"Pinellas, FL",2024,62297828.0
12105,"Polk, FL",2019,27501601.0
12105,"Polk, FL",2020,28244502.0
12105,"Polk, FL",2021,30200903.0
12105,"Polk, FL",2022,31529236.0
12105,"Polk, FL",2023,32621232.0
12105,"Polk, FL",2024,33850469.0
12107,"Putnam, FL",2019,2185449.0
12107,"Putnam, FL",2020,2269791.0
12107,"Putnam, FL",2021,2215702.0
12107,"Putnam, FL",2022,2280284.0
12107,"Putnam, FL",2023,2690436.0
12107,"Putnam, FL",2024,2705030.0
12109,"St. Johns, FL",2019,10035457.0
12109,"St. Johns, FL",2020,10707579.0
12109,"St. Johns, FL",2021,11762129.0
12109,"St. Johns, FL",2022,12810497.0
12109,"St. Johns, FL",2023,13900741.0
12109,"St. Johns, FL",2024,14423704.0
12111,"St. Lucie, FL",2019,9810809.0
12111,"St. Lucie, FL",2020,10148800.0
12111,"St. Lucie, FL",2021,11093137.0
12111,"St. Lucie, FL",2022,11773469.0
12111,"St. Lucie, FL",2023,12613732.0
12111,"St. Lucie, FL",2024,12842240.0
12113,"Santa Rosa, FL",2019,4871580.0
12113,"Santa Rosa, FL",2020,4951880.0
12113,"Santa Rosa, FL",2021,5302797.0
12113,"Santa Rosa, FL",2022,5625514.0
12113,"Santa Rosa, FL",2023,5903179.0
12113,"Santa Rosa, FL",2024,6120812.0
12115,"Sarasota, FL",2019,22084521.0
12115,"Sarasota, FL",2020,22426330.0
12115,"Sarasota, FL",2021,23559445.0
12115,"Sarasota, FL",2022,25555591.0
12115,"Sarasota, FL",2023,26976477.0
12115,"Sarasota, FL",2024,27981018.0
12117,"Seminole, FL",2019,23030950.0
12117,"Seminole, FL",2020,23217368.0
12117,"Seminole, FL",2021,24852231.0
12117,"Seminole, FL",2022,26183240.0
12117,"Seminole, FL",2023,26794712.0
12117,"Seminole, FL",2024,27404677.0
12119,"Sumter, FL",2019,3803390.0
12119,"Sumter, FL",2020,3883004.0
12119,"Sumter, FL",2021,4521352.0
12119,"Sumter, FL",2022,5085265.0
12119,"Sumter, FL",2023,5396755.0
12119,"Sumter, FL",2024,5791292.0
12121,"Suwannee, FL",2019,1122436.0
12121,"Suwannee, FL",2020,1166131.0
12121,"Suwannee, FL",2021,1204556.0
12121,"Suwannee, FL",2022,1373208.0
12121,"Suwannee, FL",2023,1513031.0
12121,"Suwannee, FL",2024,1666334.0
12123,"Taylor, FL",2019,685095.0
12123,"Taylor, FL",2020,720726.0
12123,"Taylor, FL",2021,674217.0
12123,"Taylor, FL",2022,700390.0
12123,"Taylor, FL",2023,724536.0
12123,"Taylor, FL",2024,649820.0
12125,"Union, FL",2019,307702.0
12125,"Union, FL",2020,317585.0
12125,"Union, FL",2021,337233.0
12125,"Union, FL",2022,363086.0
12125,"Union, FL",2023,399681.0
12125,"Union, FL",2024,410095.0
12127,"Volusia, FL",2019,18903505.0
12127,"Volusia, FL",2020,19005082.0
12127,"Volusia, FL",2021,20065615.0
12127,"Volusia, FL",2022,21194611.0
12127,"Volusia, FL",2023,22264658.0
12127,"Volusia, FL",2024,22899878.0
12129,"Wakulla, FL",2019,749868.0
12129,"Wakulla, FL",2020,757435.0
12129,"Wakulla, FL",2021,813819.0
12129,"Wakulla, FL",2022,851603.0
12129,"Wakulla, FL",2023,863631.0
12129,"Wakulla, FL",2024,909779.0
12131,"Walton, FL",2019,3462810.0
12131,"Walton, FL",2020,3523396.0
12131,"Walton, FL",2021,4070945.0
12131,"Walton, FL",2022,4395861.0
12131,"Walton, FL",2023,4608075.0
12131,"Walton, FL",2024,4883487.0
12133,"Washington, FL",2019,597721.0
12133,"Washington, FL",2020,609693.0
12133,"Washington, FL",2021,640969.0
12133,"Washington, FL",2022,646887.0
12133,"Washington, FL",2023,693291.0
12133,"Washington, FL",2024,723352.0
13001,"Appling, GA",2019,1529301.0
13001,"Appling, GA",2020,1640144.0
13001,"Appling, GA",2021,1627166.0
13001,"Appling, GA",2022,1704888.0
13001,"Appling, GA",2023,1705149.0
13001,"Appling, GA",2024,1671215.0
13003,"Atkinson, GA",2019,241011.0
13003,"Atkinson, GA",2020,236713.0
13003,"Atkinson, GA",2021,246395.0
13003,"Atkinson, GA",2022,246469.0
13003,"Atkinson, GA",2023,261810.0
13003,"Atkinson, GA",2024,272823.0
13005,"Bacon, GA",2019,356012.0
13005,"Bacon, GA",2020,350702.0
13005,"Bacon, GA",2021,344922.0
13005,"Bacon, GA",2022,384752.0
13005,"Bacon, GA",2023,398072.0
13005,"Bacon, GA",2024,399545.0
13007,"Baker, GA",2019,72380.0
13007,"Baker, GA",2020,67627.0
13007,"Baker, GA",2021,71734.0
13007,"Baker, GA",2022,67317.0
13007,"Baker, GA",2023,62677.0
13007,"Baker, GA",2024,67662.0
13009,"Baldwin, GA",2019,1402638.0
13009,"Baldwin, GA",2020,1312167.0
13009,"Baldwin, GA",2021,1410110.0
13009,"Baldwin, GA",2022,1432028.0
13009,"Baldwin, GA",2023,1492324.0
13009,"Baldwin, GA",2024,1539495.0
13011,"Banks, GA",2019,411647.0
13011,"Banks, GA",2020,381186.0
13011,"Banks, GA",2021,416991.0
13011,"Banks, GA",2022,495522.0
13011,"Banks, GA",2023,486795.0
13011,"Banks, GA",2024,527369.0
13013,"Barrow, GA",2019,2271769.0
13013,"Barrow, GA",2020,2351368.0
13013,"Barrow, GA",2021,2516902.0
13013,"Barrow, GA",2022,2724039.0
13013,"Barrow, GA",2023,2711246.0
13013,"Barrow, GA",2024,2859782.0
13015,"Bartow, GA",2019,5026691.0
13015,"Bartow, GA",2020,5006093.0
13015,"Bartow, GA",2021,5283682.0
13015,"Bartow, GA",2022,5514455.0
13015,"Bartow, GA",2023,6127036.0
13015,"Bartow, GA",2024,6649961.0
13017,"Ben Hill, GA",2019,526688.0
13017,"Ben Hill, GA",2020,535549.0
13017,"Ben Hill, GA",2021,551963.0
13017,"Ben Hill, GA",2022,575508.0
13017,"Ben Hill, GA",2023,611603.0
13017,"Ben Hill, GA",2024,622165.0
13019,"Berrien, GA",2019,425212.0
13019,"Berrien, GA",2020,387854.0
13019,"Berrien, GA",2021,401564.0
13019,"Berrien, GA",2022,435797.0
13019,"Berrien, GA",2023,438456.0
13019,"Berrien, GA",2024,442143.0
13021,"Bibb, GA",2019,8382305.0
13021,"Bibb, GA",2020,8112688.0
13021,"Bibb, GA",2021,8547196.0
13021,"Bibb, GA",2022,8680136.0
13021,"Bibb, GA",2023,8702966.0
13021,"Bibb, GA",2024,8722664.0
13023,"Bleckley, GA",2019,229911.0
13023,"Bleckley, GA",2020,225550.0
13023,"Bleckley, GA",2021,229406.0
13023,"Bleckley, GA",2022,221320.0
13023,"Bleckley, GA",2023,256673.0
13023,"Bleckley, GA",2024,277615.0
13025,"Brantley, GA",2019,252040.0
13025,"Brantley, GA",2020,263385.0
13025,"Brantley, GA",2021,276697.0
13025,"Brantley, GA",2022,294947.0
13025,"Brantley, GA",2023,278738.0
13025,"Brantley, GA",2024,280165.0
13027,"Brooks, GA",2019,410585.0
13027,"Brooks, GA",2020,479681.0
13027,"Brooks, GA",2021,487391.0
13027,"Brooks, GA",2022,489676.0
13027,"Brooks, GA",2023,476048.0
13027,"Brooks, GA",2024,467534.0
13029,"Bryan, GA",2019,1051222.0
13029,"Bryan, GA",2020,1059104.0
13029,"Bryan, GA",2021,1272547.0
13029,"Bryan, GA",2022,1358139.0
13029,"Bryan, GA",2023,2372490.0
13029,"Bryan, GA",2024,2494183.0
13031,"Bulloch, GA",2019,2537143.0
13031,"Bulloch, GA",2020,2406134.0
13031,"Bulloch, GA",2021,2564873.0
13031,"Bulloch, GA",2022,2747066.0
13031,"Bulloch, GA",2023,2844895.0
13031,"Bulloch, GA",2024,2918172.0
13033,"Burke, GA",2019,2996614.0
13033,"Burke, GA",2020,3151000.0
13033,"Burke, GA",2021,2986826.0
13033,"Burke, GA",2022,2815223.0
13033,"Burke, GA",2023,2614223.0
13033,"Burke, GA",2024,3022505.0
13035,"Butts, GA",2019,673541.0
13035,"Butts, GA",2020,680387.0
13035,"Butts, GA",2021,724249.0
13035,"Butts, GA",2022,771944.0
13035,"Butts, GA",2023,824167.0
13035,"Butts, GA",2024,781053.0
13037,"Calhoun, GA",2019,123941.0
13037,"Calhoun, GA",2020,124556.0
13037,"Calhoun, GA",2021,122666.0
13037,"Calhoun, GA",2022,106695.0
13037,"Calhoun, GA",2023,115015.0
13037,"Calhoun, GA",2024,111787.0
13039,"Camden, GA",2019,1871163.0
13039,"Camden, GA",2020,1866144.0
13039,"Camden, GA",2021,1919337.0
13039,"Camden, GA",2022,1955499.0
13039,"Camden, GA",2023,2043753.0
13039,"Camden, GA",2024,2144752.0
13043,"Candler, GA",2019,275609.0
13043,"Candler, GA",2020,263220.0
13043,"Candler, GA",2021,278278.0
13043,"Candler, GA",2022,280894.0
13043,"Candler, GA",2023,292824.0
13043,"Candler, GA",2024,308267.0
13045,"Carroll, GA",2019,4765031.0
13045,"Carroll, GA",2020,5341577.0
13045,"Carroll, GA",2021,5341790.0
13045,"Carroll, GA",2022,5988570.0
13045,"Carroll, GA",2023,6463089.0
13045,"Carroll, GA",2024,6665826.0
13047,"Catoosa, GA",2019,1544483.0
13047,"Catoosa, GA",2020,1535894.0
13047,"Catoosa, GA",2021,1675792.0
13047,"Catoosa, GA",2022,1788959.0
13047,"Catoosa, GA",2023,1752759.0
13047,"Catoosa, GA",2024,1712970.0
13049,"Charlton, GA",2019,196295.0
13049,"Charlton, GA",2020,195385.0
13049,"Charlton, GA",2021,205228.0
13049,"Charlton, GA",2022,214358.0
13049,"Charlton, GA",2023,222253.0
13049,"Charlton, GA",2024,215374.0
13051,"Chatham, GA",2019,19344038.0
13051,"Chatham, GA",2020,18971799.0
13051,"Chatham, GA",2021,20679686.0
13051,"Chatham, GA",2022,21168510.0
13051,"Chatham, GA",2023,21690045.0
13051,"Chatham, GA",2024,22101588.0
13053,"Chattahoochee, GA",2019,1639224.0
13053,"Chattahoochee, GA",2020,1655016.0
13053,"Chattahoochee, GA",2021,1698754.0
13053,"Chattahoochee, GA",2022,1650206.0
13053,"Chattahoochee, GA",2023,1619562.0
13053,"Chattahoochee, GA",2024,1710403.0
13055,"Chattooga, GA",2019,564168.0
13055,"Chattooga, GA",2020,503631.0
13055,"Chattooga, GA",2021,529404.0
13055,"Chattooga, GA",2022,555791.0
13055,"Chattooga, GA",2023,524710.0
13055,"Chattooga, GA",2024,574676.0
13057,"Cherokee, GA",2019,8206760.0
13057,"Cherokee, GA",2020,8248114.0
13057,"Cherokee, GA",2021,8760110.0
13057,"Cherokee, GA",2022,9120196.0
13057,"Cherokee, GA",2023,9523445.0
13057,"Cherokee, GA",2024,10117689.0
13059,"Clarke, GA",2019,7918141.0
13059,"Clarke, GA",2020,7521064.0
13059,"Clarke, GA",2021,7897436.0
13059,"Clarke, GA",2022,8071920.0
13059,"Clarke, GA",2023,8276626.0
13059,"Clarke, GA",2024,8379557.0
13061,"Clay, GA",2019,73600.0
13061,"Clay, GA",2020,86682.0
13061,"Clay, GA",2021,79592.0
13061,"Clay, GA",2022,72844.0
13061,"Clay, GA",2023,84171.0
13061,"Clay, GA",2024,56213.0
13063,"Clayton, GA",2019,18666583.0
13063,"Clayton, GA",2020,14810487.0
13063,"Clayton, GA",2021,16847186.0
13063,"Clayton, GA",2022,18558691.0
13063,"Clayton, GA",2023,21294137.0
13063,"Clayton, GA",2024,21234037.0
13065,"Clinch, GA",2019,230953.0
13065,"Clinch, GA",2020,235075.0
13065,"Clinch, GA",2021,213524.0
13065,"Clinch, GA",2022,222214.0
13065,"Clinch, GA",2023,219202.0
13065,"Clinch, GA",2024,225841.0
13067,"Cobb, GA",2019,56696165.0
13067,"Cobb, GA",2020,55169428.0
13067,"Cobb, GA",2021,60194206.0
13067,"Cobb, GA",2022,63393358.0
13067,"Cobb, GA",2023,64282981.0
13067,"Cobb, GA",2024,64921272.0
13069,"Coffee, GA",2019,1561315.0
13069,"Coffee, GA",2020,1535522.0
13069,"Coffee, GA",2021,1608272.0
13069,"Coffee, GA",2022,1694431.0
13069,"Coffee, GA",2023,1703616.0
13069,"Coffee, GA",2024,1796848.0
13071,"Colquitt, GA",2019,1459933.0
13071,"Colquitt, GA",2020,1483087.0
13071,"Colquitt, GA",2021,1521493.0
13071,"Colquitt, GA",2022,1517543.0
13071,"Colquitt, GA",2023,1557753.0
13071,"Colquitt, GA",2024,1609148.0
13073,"Columbia, GA",2019,4202826.0
13073,"Columbia, GA",2020,4175937.0
13073,"Columbia, GA",2021,4382371.0
13073,"Columbia, GA",2022,4599618.0
13073,"Columbia, GA",2023,4601415.0
13073,"Columbia, GA",2024,4766804.0
13075,"Cook, GA",2019,381612.0
13075,"Cook, GA",2020,363586.0
13075,"Cook, GA",2021,401382.0
13075,"Cook, GA",2022,409859.0
13075,"Cook, GA",2023,402820.0
13075,"Cook, GA",2024,389083.0
13077,"Coweta, GA",2019,5007364.0
13077,"Coweta, GA",2020,5046926.0
13077,"Coweta, GA",2021,5367997.0
13077,"Coweta, GA",2022,5507251.0
13077,"Coweta, GA",2023,5717027.0
13077,"Coweta, GA",2024,5911619.0
13079,"Crawford, GA",2019,152159.0
13079,"Crawford, GA",2020,126501.0
13079,"Crawford, GA",2021,152414.0
13079,"Crawford, GA",2022,154946.0
13079,"Crawford, GA",2023,162476.0
13079,"Crawford, GA",2024,180302.0
13081,"Crisp, GA",2019,871283.0
13081,"Crisp, GA",2020,886292.0
13081,"Crisp, GA",2021,950935.0
13081,"Crisp, GA",2022,999075.0
13081,"Crisp, GA",2023,1035208.0
13081,"Crisp, GA",2024,1027191.0
13083,"Dade, GA",2019,404633.0
13083,"Dade, GA",2020,402119.0
13083,"Dade, GA",2021,428075.0
13083,"Dade, GA",2022,451597.0
13083,"Dade, GA",2023,478344.0
13083,"Dade, GA",2024,521098.0
13085,"Dawson, GA",2019,903560.0
13085,"Dawson, GA",2020,848670.0
13085,"Dawson, GA",2021,953366.0
13085,"Dawson, GA",2022,1021479.0
13085,"Dawson, GA",2023,1046572.0
13085,"Dawson, GA",2024,1167980.0
13087,"Decatur, GA",2019,816315.0
13087,"Decatur, GA",2020,840255.0
13087,"Decatur, GA",2021,908210.0
13087,"Decatur, GA",2022,1033325.0
13087,"Decatur, GA",2023,977269.0
13087,"Decatur, GA",2024,1058528.0
13089,"DeKalb, GA",2019,41725058.0
13089,"DeKalb, GA",2020,40868274.0
13089,"DeKalb, GA",2021,43276031.0
13089,"DeKalb, GA",2022,45115891.0
13089,"DeKalb, GA",2023,46559345.0
13089,"DeKalb, GA",2024,47192352.0
13091,"Dodge, GA",2019,437111.0
13091,"Dodge, GA",2020,418987.0
13091,"Dodge, GA",2021,425646.0
13091,"Dodge, GA",2022,410907.0
13091,"Dodge, GA",2023,432188.0
13091,"Dodge, GA",2024,442650.0
13093,"Dooly, GA",2019,407876.0
13093,"Dooly, GA",2020,375738.0
13093,"Dooly, GA",2021,364147.0
13093,"Dooly, GA",2022,363612.0
13093,"Dooly, GA",2023,354420.0
13093,"Dooly, GA",2024,320470.0
13095,"Dougherty, GA",2019,4549008.0
13095,"Dougherty, GA",2020,4471153.0
13095,"Dougherty, GA",2021,4748497.0
13095,"Dougherty, GA",2022,4841385.0
13095,"Dougherty, GA",2023,4804020.0
13095,"Dougherty, GA",2024,4907588.0
13097,"Douglas, GA",2019,4836701.0
13097,"Douglas, GA",2020,4806999.0
13097,"Douglas, GA",2021,5237240.0
13097,"Douglas, GA",2022,5578283.0
13097,"Douglas, GA",2023,5766135.0
13097,"Douglas, GA",2024,6119327.0
13099,"Early, GA",2019,488054.0
13099,"Early, GA",2020,513701.0
13099,"Early, GA",2021,524859.0
13099,"Early, GA",2022,518205.0
13099,"Early, GA",2023,502308.0
13099,"Early, GA",2024,501753.0
13101,"Echols, GA",2019,42788.0
13101,"Echols, GA",2020,42639.0
13101,"Echols, GA",2021,42439.0
13101,"Echols, GA",2022,40646.0
13101,"Echols, GA",2023,39272.0
13101,"Echols, GA",2024,40144.0
13103,"Effingham, GA",2019,1937237.0
13103,"Effingham, GA",2020,2093328.0
13103,"Effingham, GA",2021,2163249.0
13103,"Effingham, GA",2022,2225294.0
13103,"Effingham, GA",2023,2293298.0
13103,"Effingham, GA",2024,2275632.0
13105,"Elbert, GA",2019,628447.0
13105,"Elbert, GA",2020,639852.0
13105,"Elbert, GA",2021,662522.0
13105,"Elbert, GA",2022,689465.0
13105,"Elbert, GA",2023,678925.0
13105,"Elbert, GA",2024,740382.0
13107,"Emanuel, GA",2019,671457.0
13107,"Emanuel, GA",2020,672897.0
13107,"Emanuel, GA",2021,688281.0
13107,"Emanuel, GA",2022,717349.0
13107,"Emanuel, GA",2023,734921.0
13107,"Emanuel, GA",2024,741868.0
13109,"Evans, GA",2019,373537.0
13109,"Evans, GA",2020,371650.0
13109,"Evans, GA",2021,390976.0
13109,"Evans, GA",2022,396095.0
13109,"Evans, GA",2023,405831.0
13109,"Evans, GA",2024,420668.0
13111,"Fannin, GA",2019,789354.0
13111,"Fannin, GA",2020,736683.0
13111,"Fannin, GA",2021,852348.0
13111,"Fannin, GA",2022,903581.0
13111,"Fannin, GA",2023,903606.0
13111,"Fannin, GA",2024,979639.0
13113,"Fayette, GA",2019,5404175.0
13113,"Fayette, GA",2020,5404832.0
13113,"Fayette, GA",2021,5671287.0
13113,"Fayette, GA",2022,5980128.0
13113,"Fayette, GA",2023,6136504.0
13113,"Fayette, GA",2024,6218168.0
13115,"Floyd, GA",2019,4079777.0
13115,"Floyd, GA",2020,3922764.0
13115,"Floyd, GA",2021,4170405.0
13115,"Floyd, GA",2022,4271253.0
13115,"Floyd, GA",2023,4377026.0
13115,"Floyd, GA",2024,4445591.0
13117,"Forsyth, GA",2019,10408726.0
13117,"Forsyth, GA",2020,10360652.0
13117,"Forsyth, GA",2021,11316617.0
13117,"Forsyth, GA",2022,11694644.0
13117,"Forsyth, GA",2023,11977988.0
13117,"Forsyth, GA",2024,12612503.0
13119,"Franklin, GA",2019,912018.0
13119,"Franklin, GA",2020,840941.0
13119,"Franklin, GA",2021,937078.0
13119,"Franklin, GA",2022,1099449.0
13119,"Franklin, GA",2023,1022686.0
13119,"Franklin, GA",2024,1149135.0
13121,"Fulton, GA",2019,187330657.0
13121,"Fulton, GA",2020,179911337.0
13121,"Fulton, GA",2021,192152199.0
13121,"Fulton, GA",2022,199420680.0
13121,"Fulton, GA",2023,196358140.0
13121,"Fulton, GA",2024,201157288.0
13123,"Gilmer, GA",2019,862792.0
13123,"Gilmer, GA",2020,791614.0
13123,"Gilmer, GA",2021,909790.0
13123,"Gilmer, GA",2022,1025056.0
13123,"Gilmer, GA",2023,1008170.0
13123,"Gilmer, GA",2024,1115184.0
13125,"Glascock, GA",2019,33421.0
13125,"Glascock, GA",2020,35586.0
13125,"Glascock, GA",2021,33550.0
13125,"Glascock, GA",2022,31372.0
13125,"Glascock, GA",2023,32359.0
13125,"Glascock, GA",2024,31581.0
13127,"Glynn, GA",2019,4091966.0
13127,"Glynn, GA",2020,3986128.0
13127,"Glynn, GA",2021,4314117.0
13127,"Glynn, GA",2022,4507340.0
13127,"Glynn, GA",2023,4581667.0
13127,"Glynn, GA",2024,4753424.0
13129,"Gordon, GA",2019,2285052.0
13129,"Gordon, GA",2020,2151206.0
13129,"Gordon, GA",2021,2393067.0
13129,"Gordon, GA",2022,2530863.0
13129,"Gordon, GA",2023,2492255.0
13129,"Gordon, GA",2024,2606146.0
13131,"Grady, GA",2019,613310.0
13131,"Grady, GA",2020,639450.0
13131,"Grady, GA",2021,656286.0
13131,"Grady, GA",2022,659711.0
13131,"Grady, GA",2023,635417.0
13131,"Grady, GA",2024,639492.0
13133,"Greene, GA",2019,763132.0
13133,"Greene, GA",2020,748158.0
13133,"Greene, GA",2021,863140.0
13133,"Greene, GA",2022,880357.0
13133,"Greene, GA",2023,883884.0
13133,"Greene, GA",2024,941330.0
13135,"Gwinnett, GA",2019,50495416.0
13135,"Gwinnett, GA",2020,49425227.0
13135,"Gwinnett, GA",2021,52480080.0
13135,"Gwinnett, GA",2022,54197245.0
13135,"Gwinnett, GA",2023,55037656.0
13135,"Gwinnett, GA",2024,56392457.0
13137,"Habersham, GA",2019,1488353.0
13137,"Habersham, GA",2020,1420095.0
13137,"Habersham, GA",2021,1415654.0
13137,"Habersham, GA",2022,1502646.0
13137,"Habersham, GA",2023,1513371.0
13137,"Habersham, GA",2024,1640256.0
13139,"Hall, GA",2019,11289071.0
13139,"Hall, GA",2020,11463664.0
13139,"Hall, GA",2021,12141399.0
13139,"Hall, GA",2022,13189961.0
13139,"Hall, GA",2023,13465848.0
13139,"Hall, GA",2024,13805042.0
13141,"Hancock, GA",2019,166700.0
13141,"Hancock, GA",2020,170794.0
13141,"Hancock, GA",2021,163749.0
13141,"Hancock, GA",2022,154235.0
13141,"Hancock, GA",2023,153559.0
13141,"Hancock, GA",2024,146520.0
13143,"Haralson, GA",2019,859637.0
13143,"Haralson, GA",2020,844944.0
13143,"Haralson, GA",2021,913995.0
13143,"Haralson, GA",2022,1027911.0
13143,"Haralson, GA",2023,1044647.0
13143,"Haralson, GA",2024,1153957.0
13145,"Harris, GA",2019,544046.0
13145,"Harris, GA",2020,543699.0
13145,"Harris, GA",2021,554691.0
13145,"Harris, GA",2022,596147.0
13145,"Harris, GA",2023,623853.0
13145,"Harris, GA",2024,674049.0
13147,"Hart, GA",2019,873884.0
13147,"Hart, GA",2020,814450.0
13147,"Hart, GA",2021,803298.0
13147,"Hart, GA",2022,922143.0
13147,"Hart, GA",2023,926677.0
13147,"Hart, GA",2024,1005031.0
13149,"Heard, GA",2019,1235653.0
13149,"Heard, GA",2020,1248170.0
13149,"Heard, GA",2021,1213887.0
13149,"Heard, GA",2022,1347083.0
13149,"Heard, GA",2023,1300631.0
13149,"Heard, GA",2024,1183172.0
13151,"Henry, GA",2019,6730878.0
13151,"Henry, GA",2020,6890251.0
13151,"Henry, GA",2021,7565351.0
13151,"Henry, GA",2022,7943709.0
13151,"Henry, GA",2023,8523990.0
13151,"Henry, GA",2024,8992588.0
13153,"Houston, GA",2019,7080928.0
13153,"Houston, GA",2020,7079875.0
13153,"Houston, GA",2021,7372986.0
13153,"Houston, GA",2022,7544634.0
13153,"Houston, GA",2023,7652057.0
13153,"Houston, GA",2024,7763379.0
13155,"Irwin, GA",2019,214357.0
13155,"Irwin, GA",2020,208894.0
13155,"Irwin, GA",2021,221836.0
13155,"Irwin, GA",2022,218135.0
13155,"Irwin, GA",2023,218983.0
13155,"Irwin, GA",2024,223529.0
13157,"Jackson, GA",2019,3323357.0
13157,"Jackson, GA",2020,3613599.0
13157,"Jackson, GA",2021,4025031.0
13157,"Jackson, GA",2022,4729732.0
13157,"Jackson, GA",2023,4702921.0
13157,"Jackson, GA",2024,4775506.0
13159,"Jasper, GA",2019,272016.0
13159,"Jasper, GA",2020,269532.0
13159,"Jasper, GA",2021,278986.0
13159,"Jasper, GA",2022,295934.0
13159,"Jasper, GA",2023,309271.0
13159,"Jasper, GA",2024,325797.0
13161,"Jeff Davis, GA",2019,398084.0
13161,"Jeff Davis, GA",2020,410504.0
13161,"Jeff Davis, GA",2021,444308.0
13161,"Jeff Davis, GA",2022,455307.0
13161,"Jeff Davis, GA",2023,476288.0
13161,"Jeff Davis, GA",2024,520485.0
13163,"Jefferson, GA",2019,523414.0
13163,"Jefferson, GA",2020,544099.0
13163,"Jefferson, GA",2021,554135.0
13163,"Jefferson, GA",2022,519243.0
13163,"Jefferson, GA",2023,517491.0
13163,"Jefferson, GA",2024,521830.0
13165,"Jenkins, GA",2019,145192.0
13165,"Jenkins, GA",2020,156530.0
13165,"Jenkins, GA",2021,148913.0
13165,"Jenkins, GA",2022,146351.0
13165,"Jenkins, GA",2023,153567.0
13165,"Jenkins, GA",2024,164494.0
13167,"Johnson, GA",2019,131038.0
13167,"Johnson, GA",2020,125647.0
13167,"Johnson, GA",2021,124430.0
13167,"Johnson, GA",2022,122570.0
13167,"Johnson, GA",2023,126922.0
13167,"Johnson, GA",2024,130592.0
13169,"Jones, GA",2019,450904.0
13169,"Jones, GA",2020,413931.0
13169,"Jones, GA",2021,435479.0
13169,"Jones, GA",2022,441822.0
13169,"Jones, GA",2023,456463.0
13169,"Jones, GA",2024,492746.0
13171,"Lamar, GA",2019,416428.0
13171,"Lamar, GA",2020,404348.0
13171,"Lamar, GA",2021,442056.0
13171,"Lamar, GA",2022,463728.0
13171,"Lamar, GA",2023,475748.0
13171,"Lamar, GA",2024,497526.0
13173,"Lanier, GA",2019,133013.0
13173,"Lanier, GA",2020,130050.0
13173,"Lanier, GA",2021,131491.0
13173,"Lanier, GA",2022,132824.0
13173,"Lanier, GA",2023,138391.0
13173,"Lanier, GA",2024,143652.0
13175,"Laurens, GA",2019,1796590.0
13175,"Laurens, GA",2020,1787285.0
13175,"Laurens, GA",2021,1906237.0
13175,"Laurens, GA",2022,1888450.0
13175,"Laurens, GA",2023,1989561.0
13175,"Laurens, GA",2024,2067597.0
13177,"Lee, GA",2019,703228.0
13177,"Lee, GA",2020,719296.0
13177,"Lee, GA",2021,738984.0
13177,"Lee, GA",2022,767189.0
13177,"Lee, GA",2023,794944.0
13177,"Lee, GA",2024,818362.0
13179,"Liberty, GA",2019,3689937.0
13179,"Liberty, GA",2020,3625466.0
13179,"Liberty, GA",2021,3925356.0
13179,"Liberty, GA",2022,3909847.0
13179,"Liberty, GA",2023,3948995.0
13179,"Liberty, GA",2024,4102994.0
13181,"Lincoln, GA",2019,131906.0
13181,"Lincoln, GA",2020,137251.0
13181,"Lincoln, GA",2021,136586.0
13181,"Lincoln, GA",2022,134769.0
13181,"Lincoln, GA",2023,136634.0
13181,"Lincoln, GA",2024,137459.0
13183,"Long, GA",2019,178329.0
13183,"Long, GA",2020,157983.0
13183,"Long, GA",2021,191793.0
13183,"Long, GA",2022,204910.0
13183,"Long, GA",2023,213931.0
13183,"Long, GA",2024,231513.0
13185,"Lowndes, GA",2019,5114127.0
13185,"Lowndes, GA",2020,5056514.0
13185,"Lowndes, GA",2021,5295626.0
13185,"Lowndes, GA",2022,5275378.0
13185,"Lowndes, GA",2023,5264164.0
13185,"Lowndes, GA",2024,5436352.0
13187,"Lumpkin, GA",2019,861224.0
13187,"Lumpkin, GA",2020,834460.0
13187,"Lumpkin, GA",2021,943891.0
13187,"Lumpkin, GA",2022,969391.0
13187,"Lumpkin, GA",2023,969012.0
13187,"Lumpkin, GA",2024,1025121.0
13189,"McDuffie, GA",2019,657732.0
13189,"McDuffie, GA",2020,669159.0
13189,"McDuffie, GA",2021,680644.0
13189,"McDuffie, GA",2022,667110.0
13189,"McDuffie, GA",2023,699311.0
13189,"McDuffie, GA",2024,674616.0
13191,"McIntosh, GA",2019,254892.0
13191,"McIntosh, GA",2020,250070.0
13191,"McIntosh, GA",2021,250059.0
13191,"McIntosh, GA",2022,231215.0
13191,"McIntosh, GA",2023,237386.0
13191,"McIntosh, GA",2024,240172.0
13193,"Macon, GA",2019,410146.0
13193,"Macon, GA",2020,378399.0
13193,"Macon, GA",2021,418149.0
13193,"Macon, GA",2022,463771.0
13193,"Macon, GA",2023,425370.0
13193,"Macon, GA",2024,469669.0
13195,"Madison, GA",2019,522031.0
13195,"Madison, GA",2020,472830.0
13195,"Madison, GA",2021,537534.0
13195,"Madison, GA",2022,640693.0
13195,"Madison, GA",2023,612570.0
13195,"Madison, GA",2024,692794.0
13197,"Marion, GA",2019,108266.0
13197,"Marion, GA",2020,117563.0
13197,"Marion, GA",2021,111731.0
13197,"Marion, GA",2022,111626.0
13197,"Marion, GA",2023,108758.0
13197,"Marion, GA",2024,108492.0
13199,"Meriwether, GA",2019,601796.0
13199,"Meriwether, GA",2020,580291.0
13199,"Meriwether, GA",2021,618484.0
13199,"Meriwether, GA",2022,625485.0
13199,"Meriwether, GA",2023,637930.0
13199,"Meriwether, GA",2024,682318.0
13201,"Miller, GA",2019,211523.0
13201,"Miller, GA",2020,213749.0
13201,"Miller, GA",2021,208261.0
13201,"Miller, GA",2022,197194.0
13201,"Miller, GA",2023,202910.0
13201,"Miller, GA",2024,205208.0
13205,"Mitchell, GA",2019,727677.0
13205,"Mitchell, GA",2020,748002.0
13205,"Mitchell, GA",2021,724602.0
13205,"Mitchell, GA",2022,759353.0
13205,"Mitchell, GA",2023,741192.0
13205,"Mitchell, GA",2024,805629.0
13207,"Monroe, GA",2019,1602909.0
13207,"Monroe, GA",2020,1199336.0
13207,"Monroe, GA",2021,1364840.0
13207,"Monroe, GA",2022,1397240.0
13207,"Monroe, GA",2023,1301943.0
13207,"Monroe, GA",2024,1390761.0
13209,"Montgomery, GA",2019,147634.0
13209,"Montgomery, GA",2020,140869.0
13209,"Montgomery, GA",2021,141983.0
13209,"Montgomery, GA",2022,141754.0
13209,"Montgomery, GA",2023,152205.0
13209,"Montgomery, GA",2024,158178.0
13211,"Morgan, GA",2019,888945.0
13211,"Morgan, GA",2020,906914.0
13211,"Morgan, GA",2021,1016701.0
13211,"Morgan, GA",2022,1092075.0
13211,"Morgan, GA",2023,1047189.0
13211,"Morgan, GA",2024,1117555.0
13213,"Murray, GA",2019,1229422.0
13213,"Murray, GA",2020,1200664.0
13213,"Murray, GA",2021,1377368.0
13213,"Murray, GA",2022,1429363.0
13213,"Murray, GA",2023,1454566.0
13213,"Murray, GA",2024,1480226.0
13215,"Muscogee, GA",2019,10842518.0
13215,"Muscogee, GA",2020,10585729.0
13215,"Muscogee, GA",2021,10782781.0
13215,"Muscogee, GA",2022,10415936.0
13215,"Muscogee, GA",2023,10696828.0
13215,"Muscogee, GA",2024,10780155.0
13217,"Newton, GA",2019,3105531.0
13217,"Newton, GA",2020,3081964.0
13217,"Newton, GA",2021,3078265.0
13217,"Newton, GA",2022,3121984.0
13217,"Newton, GA",2023,3322671.0
13217,"Newton, GA",2024,3507598.0
13219,"Oconee, GA",2019,1527971.0
13219,"Oconee, GA",2020,1553621.0
13219,"Oconee, GA",2021,1654461.0
13219,"Oconee, GA",2022,1871284.0
13219,"Oconee, GA",2023,1809934.0
13219,"Oconee, GA",2024,1957955.0
13221,"Oglethorpe, GA",2019,293575.0
13221,"Oglethorpe, GA",2020,248943.0
13221,"Oglethorpe, GA",2021,299248.0
13221,"Oglethorpe, GA",2022,360046.0
13221,"Oglethorpe, GA",2023,346651.0
13221,"Oglethorpe, GA",2024,399665.0
13223,"Paulding, GA",2019,3129030.0
13223,"Paulding, GA",2020,3107621.0
13223,"Paulding, GA",2021,3357901.0
13223,"Paulding, GA",2022,3540522.0
13223,"Paulding, GA",2023,3681134.0
13223,"Paulding, GA",2024,3910454.0
13225,"Peach, GA",2019,935592.0
13225,"Peach, GA",2020,874825.0
13225,"Peach, GA",2021,923650.0
13225,"Peach, GA",2022,958045.0
13225,"Peach, GA",2023,997905.0
13225,"Peach, GA",2024,1100681.0
13227,"Pickens, GA",2019,1021505.0
13227,"Pickens, GA",2020,971184.0
13227,"Pickens, GA",2021,1061019.0
13227,"Pickens, GA",2022,1119956.0
13227,"Pickens, GA",2023,1105085.0
13227,"Pickens, GA",2024,1190281.0
13229,"Pierce, GA",2019,411871.0
13229,"Pierce, GA",2020,437924.0
13229,"Pierce, GA",2021,452639.0
13229,"Pierce, GA",2022,455763.0
13229,"Pierce, GA",2023,480478.0
13229,"Pierce, GA",2024,478240.0
13231,"Pike, GA",2019,338216.0
13231,"Pike, GA",2020,328049.0
13231,"Pike, GA",2021,352087.0
13231,"Pike, GA",2022,367207.0
13231,"Pike, GA",2023,369632.0
13231,"Pike, GA",2024,387401.0
13233,"Polk, GA",2019,1258307.0
13233,"Polk, GA",2020,1211279.0
13233,"Polk, GA",2021,1275782.0
13233,"Polk, GA",2022,1334618.0
13233,"Polk, GA",2023,1330791.0
13233,"Polk, GA",2024,1360809.0
13235,"Pulaski, GA",2019,287808.0
13235,"Pulaski, GA",2020,271647.0
13235,"Pulaski, GA",2021,291244.0
13235,"Pulaski, GA",2022,270890.0
13235,"Pulaski, GA",2023,277883.0
13235,"Pulaski, GA",2024,291106.0
13237,"Putnam, GA",2019,552200.0
13237,"Putnam, GA",2020,521237.0
13237,"Putnam, GA",2021,584550.0
13237,"Putnam, GA",2022,608389.0
13237,"Putnam, GA",2023,640524.0
13237,"Putnam, GA",2024,673974.0
13239,"Quitman, GA",2019,36415.0
13239,"Quitman, GA",2020,39183.0
13239,"Quitman, GA",2021,37329.0
13239,"Quitman, GA",2022,32071.0
13239,"Quitman, GA",2023,34464.0
13239,"Quitman, GA",2024,35590.0
13241,"Rabun, GA",2019,571753.0
13241,"Rabun, GA",2020,539874.0
13241,"Rabun, GA",2021,606112.0
13241,"Rabun, GA",2022,608979.0
13241,"Rabun, GA",2023,622006.0
13241,"Rabun, GA",2024,640851.0
13243,"Randolph, GA",2019,179045.0
13243,"Randolph, GA",2020,179820.0
13243,"Randolph, GA",2021,172145.0
13243,"Randolph, GA",2022,184250.0
13243,"Randolph, GA",2023,188065.0
13243,"Randolph, GA",2024,173768.0
13245,"Richmond, GA",2019,12319326.0
13245,"Richmond, GA",2020,12090807.0
13245,"Richmond, GA",2021,12715108.0
13245,"Richmond, GA",2022,13004710.0
13245,"Richmond, GA",2023,13004094.0
13245,"Richmond, GA",2024,13207421.0
13247,"Rockdale, GA",2019,3884844.0
13247,"Rockdale, GA",2020,4016328.0
13247,"Rockdale, GA",2021,4356490.0
13247,"Rockdale, GA",2022,4453918.0
13247,"Rockdale, GA",2023,4460822.0
13247,"Rockdale, GA",2024,4543019.0
13249,"Schley, GA",2019,109812.0
13249,"Schley, GA",2020,111442.0
13249,"Schley, GA",2021,107031.0
13249,"Schley, GA",2022,110735.0
13249,"Schley, GA",2023,112063.0
13249,"Schley, GA",2024,119759.0
13251,"Screven, GA",2019,323830.0
13251,"Screven, GA",2020,300918.0
13251,"Screven, GA",2021,329565.0
13251,"Screven, GA",2022,306191.0
13251,"Screven, GA",2023,309455.0
13251,"Screven, GA",2024,315874.0
13253,"Seminole, GA",2019,306693.0
13253,"Seminole, GA",2020,306881.0
13253,"Seminole, GA",2021,297022.0
13253,"Seminole, GA",2022,282349.0
13253,"Seminole, GA",2023,312956.0
13253,"Seminole, GA",2024,302168.0
13255,"Spalding, GA",2019,2083948.0
13255,"Spalding, GA",2020,1993921.0
13255,"Spalding, GA",2021,2169673.0
13255,"Spalding, GA",2022,2279094.0
13255,"Spalding, GA",2023,2306366.0
13255,"Spalding, GA",2024,2354665.0
13257,"Stephens, GA",2019,910106.0
13257,"Stephens, GA",2020,917056.0
13257,"Stephens, GA",2021,964214.0
13257,"Stephens, GA",2022,1086706.0
13257,"Stephens, GA",2023,1056957.0
13257,"Stephens, GA",2024,1087059.0
13259,"Stewart, GA",2019,132261.0
13259,"Stewart, GA",2020,134343.0
13259,"Stewart, GA",2021,131899.0
13259,"Stewart, GA",2022,154160.0
13259,"Stewart, GA",2023,163689.0
13259,"Stewart, GA",2024,163775.0
13261,"Sumter, GA",2019,1042470.0
13261,"Sumter, GA",2020,1026223.0
13261,"Sumter, GA",2021,998872.0
13261,"Sumter, GA",2022,1049532.0
13261,"Sumter, GA",2023,967073.0
13261,"Sumter, GA",2024,925490.0
13263,"Talbot, GA",2019,134624.0
13263,"Talbot, GA",2020,154394.0
13263,"Talbot, GA",2021,131840.0
13263,"Talbot, GA",2022,151448.0
13263,"Talbot, GA",2023,141975.0
13263,"Talbot, GA",2024,240426.0
13265,"Taliaferro, GA",2019,30228.0
13265,"Taliaferro, GA",2020,25897.0
13265,"Taliaferro, GA",2021,30126.0
13265,"Taliaferro, GA",2022,34136.0
13265,"Taliaferro, GA",2023,30165.0
13265,"Taliaferro, GA",2024,35439.0
13267,"Tattnall, GA",2019,590685.0
13267,"Tattnall, GA",2020,529711.0
13267,"Tattnall, GA",2021,582804.0
13267,"Tattnall, GA",2022,625441.0
13267,"Tattnall, GA",2023,606860.0
13267,"Tattnall, GA",2024,711377.0
13269,"Taylor, GA",2019,219582.0
13269,"Taylor, GA",2020,210275.0
13269,"Taylor, GA",2021,211131.0
13269,"Taylor, GA",2022,206766.0
13269,"Taylor, GA",2023,217104.0
13269,"Taylor, GA",2024,212150.0
13271,"Telfair, GA",2019,300959.0
13271,"Telfair, GA",2020,258585.0
13271,"Telfair, GA",2021,274783.0
13271,"Telfair, GA",2022,284280.0
13271,"Telfair, GA",2023,302014.0
13271,"Telfair, GA",2024,305501.0
13273,"Terrell, GA",2019,226345.0
13273,"Terrell, GA",2020,221018.0
13273,"Terrell, GA",2021,235713.0
13273,"Terrell, GA",2022,226926.0
13273,"Terrell, GA",2023,244314.0
13273,"Terrell, GA",2024,235928.0
13275,"Thomas, GA",2019,2131775.0
13275,"Thomas, GA",2020,2127515.0
13275,"Thomas, GA",2021,2299736.0
13275,"Thomas, GA",2022,2339296.0
13275,"Thomas, GA",2023,2354890.0
13275,"Thomas, GA",2024,2391611.0
13277,"Tift, GA",2019,1943083.0
13277,"Tift, GA",2020,1906964.0
13277,"Tift, GA",2021,1974800.0
13277,"Tift, GA",2022,2036974.0
13277,"Tift, GA",2023,2060106.0
13277,"Tift, GA",2024,2099592.0
13279,"Toombs, GA",2019,959641.0
13279,"Toombs, GA",2020,953773.0
13279,"Toombs, GA",2021,1012308.0
13279,"Toombs, GA",2022,1017922.0
13279,"Toombs, GA",2023,1064662.0
13279,"Toombs, GA",2024,1124907.0
13281,"Towns, GA",2019,374904.0
13281,"Towns, GA",2020,352791.0
13281,"Towns, GA",2021,392351.0
13281,"Towns, GA",2022,407627.0
13281,"Towns, GA",2023,417294.0
13281,"Towns, GA",2024,452394.0
13283,"Treutlen, GA",2019,100440.0
13283,"Treutlen, GA",2020,101525.0
13283,"Treutlen, GA",2021,94720.0
13283,"Treutlen, GA",2022,101099.0
13283,"Treutlen, GA",2023,100775.0
13283,"Treutlen, GA",2024,111018.0
13285,"Troup, GA",2019,3617135.0
13285,"Troup, GA",2020,3476135.0
13285,"Troup, GA",2021,3723668.0
13285,"Troup, GA",2022,3910736.0
13285,"Troup, GA",2023,4032836.0
13285,"Troup, GA",2024,4203133.0
13287,"Turner, GA",2019,206398.0
13287,"Turner, GA",2020,192907.0
13287,"Turner, GA",2021,195847.0
13287,"Turner, GA",2022,197692.0
13287,"Turner, GA",2023,203984.0
13287,"Turner, GA",2024,206041.0
13289,"Twiggs, GA",2019,267530.0
13289,"Twiggs, GA",2020,248951.0
13289,"Twiggs, GA",2021,277803.0
13289,"Twiggs, GA",2022,254078.0
13289,"Twiggs, GA",2023,237436.0
13289,"Twiggs, GA",2024,239441.0
13291,"Union, GA",2019,819616.0
13291,"Union, GA",2020,793257.0
13291,"Union, GA",2021,862745.0
13291,"Union, GA",2022,900030.0
13291,"Union, GA",2023,917841.0
13291,"Union, GA",2024,954557.0
13293,"Upson, GA",2019,687536.0
13293,"Upson, GA",2020,632759.0
13293,"Upson, GA",2021,675897.0
13293,"Upson, GA",2022,701216.0
13293,"Upson, GA",2023,699553.0
13293,"Upson, GA",2024,740315.0
13295,"Walker, GA",2019,1415626.0
13295,"Walker, GA",2020,1400060.0
13295,"Walker, GA",2021,1557426.0
13295,"Walker, GA",2022,1665032.0
13295,"Walker, GA",2023,1641089.0
13295,"Walker, GA",2024,1724899.0
13297,"Walton, GA",2019,2699602.0
13297,"Walton, GA",2020,2669586.0
13297,"Walton, GA",2021,2820251.0
13297,"Walton, GA",2022,2991885.0
13297,"Walton, GA",2023,3129435.0
13297,"Walton, GA",2024,3266676.0
13299,"Ware, GA",2019,1415513.0
13299,"Ware, GA",2020,1326016.0
13299,"Ware, GA",2021,1338799.0
13299,"Ware, GA",2022,1385680.0
13299,"Ware, GA",2023,1393037.0
13299,"Ware, GA",2024,1426044.0
13301,"Warren, GA",2019,159204.0
13301,"Warren, GA",2020,170880.0
13301,"Warren, GA",2021,160338.0
13301,"Warren, GA",2022,155498.0
13301,"Warren, GA",2023,162938.0
13301,"Warren, GA",2024,208433.0
13303,"Washington, GA",2019,622346.0
13303,"Washington, GA",2020,618601.0
13303,"Washington, GA",2021,630742.0
13303,"Washington, GA",2022,694060.0
13303,"Washington, GA",2023,649080.0
13303,"Washington, GA",2024,648888.0
13305,"Wayne, GA",2019,1228898.0
13305,"Wayne, GA",2020,1093284.0
13305,"Wayne, GA",2021,1111752.0
13305,"Wayne, GA",2022,1080498.0
13305,"Wayne, GA",2023,1135376.0
13305,"Wayne, GA",2024,1255904.0
13307,"Webster, GA",2019,57506.0
13307,"Webster, GA",2020,62962.0
13307,"Webster, GA",2021,66688.0
13307,"Webster, GA",2022,57822.0
13307,"Webster, GA",2023,64064.0
13307,"Webster, GA",2024,59846.0
13309,"Wheeler, GA",2019,101820.0
13309,"Wheeler, GA",2020,102798.0
13309,"Wheeler, GA",2021,119546.0
13309,"Wheeler, GA",2022,111131.0
13309,"Wheeler, GA",2023,122813.0
13309,"Wheeler, GA",2024,121491.0
13311,"White, GA",2019,896679.0
13311,"White, GA",2020,812466.0
13311,"White, GA",2021,906570.0
13311,"White, GA",2022,970493.0
13311,"White, GA",2023,962534.0
13311,"White, GA",2024,1004816.0
13313,"Whitfield, GA",2019,5644665.0
13313,"Whitfield, GA",2020,5451457.0
13313,"Whitfield, GA",2021,5796678.0
13313,"Whitfield, GA",2022,5994953.0
13313,"Whitfield, GA",2023,5869131.0
13313,"Whitfield, GA",2024,6171126.0
13315,"Wilcox, GA",2019,157889.0
13315,"Wilcox, GA",2020,141848.0
13315,"Wilcox, GA",2021,144369.0
13315,"Wilcox, GA",2022,150662.0
13315,"Wilcox, GA",2023,152292.0
13315,"Wilcox, GA",2024,166603.0
13317,"Wilkes, GA",2019,318341.0
13317,"Wilkes, GA",2020,274845.0
13317,"Wilkes, GA",2021,307363.0
13317,"Wilkes, GA",2022,346009.0
13317,"Wilkes, GA",2023,344587.0
13317,"Wilkes, GA",2024,381989.0
13319,"Wilkinson, GA",2019,540809.0
13319,"Wilkinson, GA",2020,547620.0
13319,"Wilkinson, GA",2021,592887.0
13319,"Wilkinson, GA",2022,593518.0
13319,"Wilkinson, GA",2023,513619.0
13319,"Wilkinson, GA",2024,426739.0
13321,"Worth, GA",2019,358220.0
13321,"Worth, GA",2020,337982.0
13321,"Worth, GA",2021,331036.0
13321,"Worth, GA",2022,320008.0
13321,"Worth, GA",2023,320617.0
13321,"Worth, GA",2024,338102.0
15001,"Hawaii, HI",2019,8696291.0
15001,"Hawaii, HI",2020,7538775.0
15001,"Hawaii, HI",2021,8392194.0
15001,"Hawaii, HI",2022,8668568.0
15001,"Hawaii, HI",2023,9042689.0
15001,"Hawaii, HI",2024,9431618.0
15003,"Honolulu, HI",2019,65637794.0
15003,"Honolulu, HI",2020,60004107.0
15003,"Honolulu, HI",2021,62895180.0
15003,"Honolulu, HI",2022,64868194.0
15003,"Honolulu, HI",2023,66598994.0
15003,"Honolulu, HI",2024,68315829.0
15007,"Kauai, HI",2019,4155855.0
15007,"Kauai, HI",2020,3639347.0
15007,"Kauai, HI",2021,3781872.0
15007,"Kauai, HI",2022,4078528.0
15007,"Kauai, HI",2023,4189437.0
15007,"Kauai, HI",2024,4271283.0
15901,"Maui + Kalawao, HI*",2019,10365301.0
15901,"Maui + Kalawao, HI*",2020,8513903.0
15901,"Maui + Kalawao, HI*",2021,9457568.0
15901,"Maui + Kalawao, HI*",2022,9867206.0
15901,"Maui + Kalawao, HI*",2023,9805235.0
15901,"Maui + Kalawao, HI*",2024,9855200.0
16001,"Ada, ID",2019,28865154.0
16001,"Ada, ID",2020,28978326.0
16001,"Ada, ID",2021,31418246.0
16001,"Ada, ID",2022,33350954.0
16001,"Ada, ID",2023,34093263.0
16001,"Ada, ID",2024,35731361.0
16003,"Adams, ID",2019,115992.0
16003,"Adams, ID",2020,120980.0
16003,"Adams, ID",2021,137456.0
16003,"Adams, ID",2022,137730.0
16003,"Adams, ID",2023,150396.0
16003,"Adams, ID",2024,158849.0
16005,"Bannock, ID",2019,2864376.0
16005,"Bannock, ID",2020,2899919.0
16005,"Bannock, ID",2021,3038811.0
16005,"Bannock, ID",2022,3182497.0
16005,"Bannock, ID",2023,3309969.0
16005,"Bannock, ID",2024,3410715.0
16007,"Bear Lake, ID",2019,175155.0
16007,"Bear Lake, ID",2020,184558.0
16007,"Bear Lake, ID",2021,183333.0
16007,"Bear Lake, ID",2022,201521.0
16007,"Bear Lake, ID",2023,219616.0
16007,"Bear Lake, ID",2024,226303.0
16009,"Benewah, ID",2019,342276.0
16009,"Benewah, ID",2020,357877.0
16009,"Benewah, ID",2021,368052.0
16009,"Benewah, ID",2022,378066.0
16009,"Benewah, ID",2023,409234.0
16009,"Benewah, ID",2024,422241.0
16011,"Bingham, ID",2019,1387496.0
16011,"Bingham, ID",2020,1456946.0
16011,"Bingham, ID",2021,1506305.0
16011,"Bingham, ID",2022,1702069.0
16011,"Bingham, ID",2023,1822147.0
16011,"Bingham, ID",2024,1712442.0
16013,"Blaine, ID",2019,1554951.0
16013,"Blaine, ID",2020,1549321.0
16013,"Blaine, ID",2021,1808769.0
16013,"Blaine, ID",2022,1850233.0
16013,"Blaine, ID",2023,1898706.0
16013,"Blaine, ID",2024,1937608.0
16015,"Boise, ID",2019,169469.0
16015,"Boise, ID",2020,164624.0
16015,"Boise, ID",2021,184628.0
16015,"Boise, ID",2022,176909.0
16015,"Boise, ID",2023,194399.0
16015,"Boise, ID",2024,215172.0
16017,"Bonner, ID",2019,1550543.0
16017,"Bonner, ID",2020,1648177.0
16017,"Bonner, ID",2021,1794467.0
16017,"Bonner, ID",2022,1872339.0
16017,"Bonner, ID",2023,1931439.0
16017,"Bonner, ID",2024,1956126.0
16019,"Bonneville, ID",2019,6907585.0
16019,"Bonneville, ID",2020,6909955.0
16019,"Bonneville, ID",2021,7064870.0
16019,"Bonneville, ID",2022,6746630.0
16019,"Bonneville, ID",2023,6635305.0
16019,"Bonneville, ID",2024,6903459.0
16021,"Boundary, ID",2019,386642.0
16021,"Boundary, ID",2020,374694.0
16021,"Boundary, ID",2021,407173.0
16021,"Boundary, ID",2022,425048.0
16021,"Boundary, ID",2023,470240.0
16021,"Boundary, ID",2024,496559.0
16023,"Butte, ID",2019,1181842.0
16023,"Butte, ID",2020,1280058.0
16023,"Butte, ID",2021,1316571.0
16023,"Butte, ID",2022,1402792.0
16023,"Butte, ID",2023,1530385.0
16023,"Butte, ID",2024,1583598.0
16025,"Camas, ID",2019,70865.0
16025,"Camas, ID",2020,72018.0
16025,"Camas, ID",2021,78852.0
16025,"Camas, ID",2022,85397.0
16025,"Camas, ID",2023,87120.0
16025,"Camas, ID",2024,86270.0
16027,"Canyon, ID",2019,6596335.0
16027,"Canyon, ID",2020,6767434.0
16027,"Canyon, ID",2021,7614226.0
16027,"Canyon, ID",2022,8335057.0
16027,"Canyon, ID",2023,8470575.0
16027,"Canyon, ID",2024,8920206.0
16029,"Caribou, ID",2019,598914.0
16029,"Caribou, ID",2020,679047.0
16029,"Caribou, ID",2021,753277.0
16029,"Caribou, ID",2022,815512.0
16029,"Caribou, ID",2023,863233.0
16029,"Caribou, ID",2024,857858.0
16031,"Cassia, ID",2019,1482263.0
16031,"Cassia, ID",2020,1482594.0
16031,"Cassia, ID",2021,1494341.0
16031,"Cassia, ID",2022,1544322.0
16031,"Cassia, ID",2023,1588168.0
16031,"Cassia, ID",2024,1989930.0
16033,"Clark, ID",2019,44740.0
16033,"Clark, ID",2020,43437.0
16033,"Clark, ID",2021,35767.0
16033,"Clark, ID",2022,48543.0
16033,"Clark, ID",2023,50066.0
16033,"Clark, ID",2024,46268.0
16035,"Clearwater, ID",2019,340191.0
16035,"Clearwater, ID",2020,347272.0
16035,"Clearwater, ID",2021,363006.0
16035,"Clearwater, ID",2022,388242.0
16035,"Clearwater, ID",2023,372765.0
16035,"Clearwater, ID",2024,362670.0
16037,"Custer, ID",2019,159325.0
16037,"Custer, ID",2020,167895.0
16037,"Custer, ID",2021,176585.0
16037,"Custer, ID",2022,172442.0
16037,"Custer, ID",2023,194562.0
16037,"Custer, ID",2024,197984.0
16039,"Elmore, ID",2019,1263326.0
16039,"Elmore, ID",2020,1258230.0
16039,"Elmore, ID",2021,1292828.0
16039,"Elmore, ID",2022,1299747.0
16039,"Elmore, ID",2023,1377145.0
16039,"Elmore, ID",2024,1484687.0
16041,"Franklin, ID",2019,371379.0
16041,"Franklin, ID",2020,405050.0
16041,"Franklin, ID",2021,423106.0
16041,"Franklin, ID",2022,449666.0
16041,"Franklin, ID",2023,478491.0
16041,"Franklin, ID",2024,478281.0
16043,"Fremont (includes Yellowstone Park), ID",2019,383276.0
16043,"Fremont (includes Yellowstone Park), ID",2020,392560.0
16043,"Fremont (includes Yellowstone Park), ID",2021,387429.0
16043,"Fremont (includes Yellowstone Park), ID",2022,432354.0
16043,"Fremont (includes Yellowstone Park), ID",2023,454638.0
16043,"Fremont (includes Yellowstone Park), ID",2024,421489.0
16045,"Gem, ID",2019,415089.0
16045,"Gem, ID",2020,416453.0
16045,"Gem, ID",2021,470275.0
16045,"Gem, ID",2022,467464.0
16045,"Gem, ID",2023,489892.0
16045,"Gem, ID",2024,520667.0
16047,"Gooding, ID",2019,1199561.0
16047,"Gooding, ID",2020,1243958.0
16047,"Gooding, ID",2021,1207098.0
16047,"Gooding, ID",2022,1141298.0
16047,"Gooding, ID",2023,1042791.0
16047,"Gooding, ID",2024,1309652.0
16049,"Idaho, ID",2019,436720.0
16049,"Idaho, ID",2020,460513.0
16049,"Idaho, ID",2021,514819.0
16049,"Idaho, ID",2022,474678.0
16049,"Idaho, ID",2023,493488.0
16049,"Idaho, ID",2024,505189.0
16051,"Jefferson, ID",2019,854087.0
16051,"Jefferson, ID",2020,875446.0
16051,"Jefferson, ID",2021,910943.0
16051,"Jefferson, ID",2022,1036041.0
16051,"Jefferson, ID",2023,1047197.0
16051,"Jefferson, ID",2024,1040502.0
16053,"Jerome, ID",2019,1228717.0
16053,"Jerome, ID",2020,1268193.0
16053,"Jerome, ID",2021,1291941.0
16053,"Jerome, ID",2022,1310125.0
16053,"Jerome, ID",2023,1307530.0
16053,"Jerome, ID",2024,1485692.0
16055,"Kootenai, ID",2019,6559142.0
16055,"Kootenai, ID",2020,6908572.0
16055,"Kootenai, ID",2021,7823155.0
16055,"Kootenai, ID",2022,7986847.0
16055,"Kootenai, ID",2023,8403039.0
16055,"Kootenai, ID",2024,8769037.0
16057,"Latah, ID",2019,1400199.0
16057,"Latah, ID",2020,1385391.0
16057,"Latah, ID",2021,1528899.0
16057,"Latah, ID",2022,1607491.0
16057,"Latah, ID",2023,1647193.0
16057,"Latah, ID",2024,1644179.0
16059,"Lemhi, ID",2019,251360.0
16059,"Lemhi, ID",2020,252614.0
16059,"Lemhi, ID",2021,276354.0
16059,"Lemhi, ID",2022,284204.0
16059,"Lemhi, ID",2023,317050.0
16059,"Lemhi, ID",2024,418470.0
16061,"Lewis, ID",2019,151236.0
16061,"Lewis, ID",2020,155260.0
16061,"Lewis, ID",2021,177405.0
16061,"Lewis, ID",2022,171119.0
16061,"Lewis, ID",2023,172918.0
16061,"Lewis, ID",2024,165784.0
16063,"Lincoln, ID",2019,261712.0
16063,"Lincoln, ID",2020,257148.0
16063,"Lincoln, ID",2021,263229.0
16063,"Lincoln, ID",2022,258440.0
16063,"Lincoln, ID",2023,241539.0
16063,"Lincoln, ID",2024,297383.0
16065,"Madison, ID",2019,1311512.0
16065,"Madison, ID",2020,1334345.0
16065,"Madison, ID",2021,1426954.0
16065,"Madison, ID",2022,1539367.0
16065,"Madison, ID",2023,1561938.0
16065,"Madison, ID",2024,1568057.0
16067,"Minidoka, ID",2019,842415.0
16067,"Minidoka, ID",2020,888751.0
16067,"Minidoka, ID",2021,851943.0
16067,"Minidoka, ID",2022,992677.0
16067,"Minidoka, ID",2023,1056670.0
16067,"Minidoka, ID",2024,971341.0
16069,"Nez Perce, ID",2019,2101812.0
16069,"Nez Perce, ID",2020,2146693.0
16069,"Nez Perce, ID",2021,2287018.0
16069,"Nez Perce, ID",2022,2202681.0
16069,"Nez Perce, ID",2023,2283644.0
16069,"Nez Perce, ID",2024,2281553.0
16071,"Oneida, ID",2019,118993.0
16071,"Oneida, ID",2020,132940.0
16071,"Oneida, ID",2021,144505.0
16071,"Oneida, ID",2022,138287.0
16071,"Oneida, ID",2023,160953.0
16071,"Oneida, ID",2024,148729.0
16073,"Owyhee, ID",2019,398948.0
16073,"Owyhee, ID",2020,398190.0
16073,"Owyhee, ID",2021,412230.0
16073,"Owyhee, ID",2022,412207.0
16073,"Owyhee, ID",2023,422413.0
16073,"Owyhee, ID",2024,511498.0
16075,"Payette, ID",2019,821983.0
16075,"Payette, ID",2020,816255.0
16075,"Payette, ID",2021,883483.0
16075,"Payette, ID",2022,871249.0
16075,"Payette, ID",2023,917190.0
16075,"Payette, ID",2024,983105.0
16077,"Power, ID",2019,421277.0
16077,"Power, ID",2020,449489.0
16077,"Power, ID",2021,392474.0
16077,"Power, ID",2022,468171.0
16077,"Power, ID",2023,530225.0
16077,"Power, ID",2024,436623.0
16079,"Shoshone, ID",2019,445362.0
16079,"Shoshone, ID",2020,551664.0
16079,"Shoshone, ID",2021,653705.0
16079,"Shoshone, ID",2022,595866.0
16079,"Shoshone, ID",2023,683578.0
16079,"Shoshone, ID",2024,689461.0
16081,"Teton, ID",2019,365227.0
16081,"Teton, ID",2020,374737.0
16081,"Teton, ID",2021,433304.0
16081,"Teton, ID",2022,476275.0
16081,"Teton, ID",2023,498073.0
16081,"Teton, ID",2024,500752.0
16083,"Twin Falls, ID",2019,3762031.0
16083,"Twin Falls, ID",2020,3884447.0
16083,"Twin Falls, ID",2021,4142966.0
16083,"Twin Falls, ID",2022,4373223.0
16083,"Twin Falls, ID",2023,4336887.0
16083,"Twin Falls, ID",2024,4580587.0
16085,"Valley, ID",2019,514167.0
16085,"Valley, ID",2020,515027.0
16085,"Valley, ID",2021,586664.0
16085,"Valley, ID",2022,578078.0
16085,"Valley, ID",2023,620772.0
16085,"Valley, ID",2024,654941.0
16087,"Washington, ID",2019,468667.0
16087,"Washington, ID",2020,451487.0
16087,"Washington, ID",2021,424866.0
16087,"Washington, ID",2022,458146.0
16087,"Washington, ID",2023,512323.0
16087,"Washington, ID",2024,518092.0
17001,"Adams, IL",2019,3500413.0
17001,"Adams, IL",2020,3263320.0
17001,"Adams, IL",2021,3586088.0
17001,"Adams, IL",2022,3568532.0
17001,"Adams, IL",2023,3574889.0
17001,"Adams, IL",2024,3602228.0
17003,"Alexander, IL",2019,162131.0
17003,"Alexander, IL",2020,150018.0
17003,"Alexander, IL",2021,139524.0
17003,"Alexander, IL",2022,132517.0
17003,"Alexander, IL",2023,142138.0
17003,"Alexander, IL",2024,201779.0
17005,"Bond, IL",2019,570121.0
17005,"Bond, IL",2020,559449.0
17005,"Bond, IL",2021,519935.0
17005,"Bond, IL",2022,589501.0
17005,"Bond, IL",2023,583226.0
17005,"Bond, IL",2024,587691.0
17007,"Boone, IL",2019,1950978.0
17007,"Boone, IL",2020,1698476.0
17007,"Boone, IL",2021,1690266.0
17007,"Boone, IL",2022,1686320.0
17007,"Boone, IL",2023,1583203.0
17007,"Boone, IL",2024,1628500.0
17009,"Brown, IL",2019,513185.0
17009,"Brown, IL",2020,479571.0
17009,"Brown, IL",2021,461287.0
17009,"Brown, IL",2022,436230.0
17009,"Brown, IL",2023,430273.0
17009,"Brown, IL",2024,438664.0
17011,"Bureau, IL",2019,1231754.0
17011,"Bureau, IL",2020,1177092.0
17011,"Bureau, IL",2021,1267449.0
17011,"Bureau, IL",2022,1232481.0
17011,"Bureau, IL",2023,1203873.0
17011,"Bureau, IL",2024,1173234.0
17013,"Calhoun, IL",2019,90239.0
17013,"Calhoun, IL",2020,91574.0
17013,"Calhoun, IL",2021,96106.0
17013,"Calhoun, IL",2022,95499.0
17013,"Calhoun, IL",2023,91603.0
17013,"Calhoun, IL",2024,96837.0
17015,"Carroll, IL",2019,526667.0
17015,"Carroll, IL",2020,536628.0
17015,"Carroll, IL",2021,581266.0
17015,"Carroll, IL",2022,582948.0
17015,"Carroll, IL",2023,567620.0
17015,"Carroll, IL",2024,563678.0
17017,"Cass, IL",2019,629151.0
17017,"Cass, IL",2020,639854.0
17017,"Cass, IL",2021,664889.0
17017,"Cass, IL",2022,679599.0
17017,"Cass, IL",2023,701852.0
17017,"Cass, IL",2024,688259.0
17019,"Champaign, IL",2019,11129626.0
17019,"Champaign, IL",2020,10927973.0
17019,"Champaign, IL",2021,11357696.0
17019,"Champaign, IL",2022,11646384.0
17019,"Champaign, IL",2023,12003284.0
17019,"Champaign, IL",2024,12169367.0
17021,"Christian, IL",2019,1484281.0
17021,"Christian, IL",2020,1346397.0
17021,"Christian, IL",2021,1529147.0
17021,"Christian, IL",2022,1528038.0
17021,"Christian, IL",2023,1456738.0
17021,"Christian, IL",2024,1431037.0
17023,"Clark, IL",2019,502317.0
17023,"Clark, IL",2020,480755.0
17023,"Clark, IL",2021,519263.0
17023,"Clark, IL",2022,527154.0
17023,"Clark, IL",2023,531223.0
17023,"Clark, IL",2024,554167.0
17025,"Clay, IL",2019,586634.0
17025,"Clay, IL",2020,545210.0
17025,"Clay, IL",2021,585963.0
17025,"Clay, IL",2022,602729.0
17025,"Clay, IL",2023,619247.0
17025,"Clay, IL",2024,598642.0
17027,"Clinton, IL",2019,1095739.0
17027,"Clinton, IL",2020,1067499.0
17027,"Clinton, IL",2021,1095713.0
17027,"Clinton, IL",2022,1128768.0
17027,"Clinton, IL",2023,1093371.0
17027,"Clinton, IL",2024,1170707.0
17029,"Coles, IL",2019,2409920.0
17029,"Coles, IL",2020,2373444.0
17029,"Coles, IL",2021,2662670.0
17029,"Coles, IL",2022,2594126.0
17029,"Coles, IL",2023,2670733.0
17029,"Coles, IL",2024,2751881.0
17031,"Cook, IL",2019,413294372.0
17031,"Cook, IL",2020,385725911.0
17031,"Cook, IL",2021,408897557.0
17031,"Cook, IL",2022,420680170.0
17031,"Cook, IL",2023,427072176.0
17031,"Cook, IL",2024,432556656.0
17033,"Crawford, IL",2019,1252422.0
17033,"Crawford, IL",2020,950896.0
17033,"Crawford, IL",2021,1036691.0
17033,"Crawford, IL",2022,1055573.0
17033,"Crawford, IL",2023,1137670.0
17033,"Crawford, IL",2024,1264803.0
17035,"Cumberland, IL",2019,1146962.0
17035,"Cumberland, IL",2020,931245.0
17035,"Cumberland, IL",2021,841638.0
17035,"Cumberland, IL",2022,817581.0
17035,"Cumberland, IL",2023,973769.0
17035,"Cumberland, IL",2024,1373863.0
17037,"DeKalb, IL",2019,4144447.0
17037,"DeKalb, IL",2020,4160948.0
17037,"DeKalb, IL",2021,4354984.0
17037,"DeKalb, IL",2022,4220572.0
17037,"DeKalb, IL",2023,4284262.0
17037,"DeKalb, IL",2024,4287257.0
17039,"De Witt, IL",2019,1114571.0
17039,"De Witt, IL",2020,1188861.0
17039,"De Witt, IL",2021,1124762.0
17039,"De Witt, IL",2022,1241323.0
17039,"De Witt, IL",2023,1218900.0
17039,"De Witt, IL",2024,1226225.0
17041,"Douglas, IL",2019,968865.0
17041,"Douglas, IL",2020,978427.0
17041,"Douglas, IL",2021,1040526.0
17041,"Douglas, IL",2022,1135088.0
17041,"Douglas, IL",2023,1051568.0
17041,"Douglas, IL",2024,1070002.0
17043,"DuPage, IL",2019,96289937.0
17043,"DuPage, IL",2020,92489767.0
17043,"DuPage, IL",2021,97743767.0
17043,"DuPage, IL",2022,98658453.0
17043,"DuPage, IL",2023,101209271.0
17043,"DuPage, IL",2024,101729561.0
17045,"Edgar, IL",2019,801008.0
17045,"Edgar, IL",2020,776393.0
17045,"Edgar, IL",2021,870364.0
17045,"Edgar, IL",2022,903078.0
17045,"Edgar, IL",2023,863053.0
17045,"Edgar, IL",2024,847431.0
17047,"Edwards, IL",2019,318643.0
17047,"Edwards, IL",2020,277617.0
17047,"Edwards, IL",2021,271773.0
17047,"Edwards, IL",2022,291105.0
17047,"Edwards, IL",2023,295298.0
17047,"Edwards, IL",2024,280834.0
17049,"Effingham, IL",2019,2071716.0
17049,"Effingham, IL",2020,2061626.0
17049,"Effingham, IL",2021,2172754.0
17049,"Effingham, IL",2022,2200237.0
17049,"Effingham, IL",2023,2254165.0
17049,"Effingham, IL",2024,2333624.0
17051,"Fayette, IL",2019,566326.0
17051,"Fayette, IL",2020,534348.0
17051,"Fayette, IL",2021,571818.0
17051,"Fayette, IL",2022,579917.0
17051,"Fayette, IL",2023,596308.0
17051,"Fayette, IL",2024,579373.0
17053,"Ford, IL",2019,678599.0
17053,"Ford, IL",2020,695892.0
17053,"Ford, IL",2021,709185.0
17053,"Ford, IL",2022,803806.0
17053,"Ford, IL",2023,789847.0
17053,"Ford, IL",2024,833921.0
17055,"Franklin, IL",2019,1038755.0
17055,"Franklin, IL",2020,907187.0
17055,"Franklin, IL",2021,958832.0
17055,"Franklin, IL",2022,951222.0
17055,"Franklin, IL",2023,978183.0
17055,"Franklin, IL",2024,1013965.0
17057,"Fulton, IL",2019,927766.0
17057,"Fulton, IL",2020,803931.0
17057,"Fulton, IL",2021,829949.0
17057,"Fulton, IL",2022,854525.0
17057,"Fulton, IL",2023,848955.0
17057,"Fulton, IL",2024,857770.0
17059,"Gallatin, IL",2019,161064.0
17059,"Gallatin, IL",2020,138870.0
17059,"Gallatin, IL",2021,153303.0
17059,"Gallatin, IL",2022,149754.0
17059,"Gallatin, IL",2023,153548.0
17059,"Gallatin, IL",2024,134812.0
17061,"Greene, IL",2019,285887.0
17061,"Greene, IL",2020,300083.0
17061,"Greene, IL",2021,331712.0
17061,"Greene, IL",2022,329727.0
17061,"Greene, IL",2023,318513.0
17061,"Greene, IL",2024,319485.0
17063,"Grundy, IL",2019,4226970.0
17063,"Grundy, IL",2020,4307208.0
17063,"Grundy, IL",2021,4220968.0
17063,"Grundy, IL",2022,4097428.0
17063,"Grundy, IL",2023,4476187.0
17063,"Grundy, IL",2024,4741684.0
17065,"Hamilton, IL",2019,356071.0
17065,"Hamilton, IL",2020,284907.0
17065,"Hamilton, IL",2021,326188.0
17065,"Hamilton, IL",2022,312436.0
17065,"Hamilton, IL",2023,342481.0
17065,"Hamilton, IL",2024,340967.0
17067,"Hancock, IL",2019,503133.0
17067,"Hancock, IL",2020,530022.0
17067,"Hancock, IL",2021,587134.0
17067,"Hancock, IL",2022,599166.0
17067,"Hancock, IL",2023,589992.0
17067,"Hancock, IL",2024,618252.0
17069,"Hardin, IL",2019,77141.0
17069,"Hardin, IL",2020,73176.0
17069,"Hardin, IL",2021,73850.0
17069,"Hardin, IL",2022,94972.0
17069,"Hardin, IL",2023,96189.0
17069,"Hardin, IL",2024,93838.0
17071,"Henderson, IL",2019,149884.0
17071,"Henderson, IL",2020,160800.0
17071,"Henderson, IL",2021,172839.0
17071,"Henderson, IL",2022,183215.0
17071,"Henderson, IL",2023,174194.0
17071,"Henderson, IL",2024,164956.0
17073,"Henry, IL",2019,1453910.0
17073,"Henry, IL",2020,1468310.0
17073,"Henry, IL",2021,1530590.0
17073,"Henry, IL",2022,1542322.0
17073,"Henry, IL",2023,1518923.0
17073,"Henry, IL",2024,1548081.0
17075,"Iroquois, IL",2019,987803.0
17075,"Iroquois, IL",2020,989708.0
17075,"Iroquois, IL",2021,1018571.0
17075,"Iroquois, IL",2022,1030409.0
17075,"Iroquois, IL",2023,1018755.0
17075,"Iroquois, IL",2024,1049279.0
17077,"Jackson, IL",2019,2534692.0
17077,"Jackson, IL",2020,2474840.0
17077,"Jackson, IL",2021,2484368.0
17077,"Jackson, IL",2022,2595387.0
17077,"Jackson, IL",2023,2620845.0
17077,"Jackson, IL",2024,2600977.0
17079,"Jasper, IL",2019,421969.0
17079,"Jasper, IL",2020,423365.0
17079,"Jasper, IL",2021,481286.0
17079,"Jasper, IL",2022,487582.0
17079,"Jasper, IL",2023,467300.0
17079,"Jasper, IL",2024,483563.0
17081,"Jefferson, IL",2019,1891398.0
17081,"Jefferson, IL",2020,1751263.0
17081,"Jefferson, IL",2021,1810615.0
17081,"Jefferson, IL",2022,1794716.0
17081,"Jefferson, IL",2023,1774719.0
17081,"Jefferson, IL",2024,1796801.0
17083,"Jersey, IL",2019,472340.0
17083,"Jersey, IL",2020,482280.0
17083,"Jersey, IL",2021,535230.0
17083,"Jersey, IL",2022,524035.0
17083,"Jersey, IL",2023,514983.0
17083,"Jersey, IL",2024,508548.0
17085,"Jo Daviess, IL",2019,755672.0
17085,"Jo Daviess, IL",2020,757985.0
17085,"Jo Daviess, IL",2021,850744.0
17085,"Jo Daviess, IL",2022,841641.0
17085,"Jo Daviess, IL",2023,844768.0
17085,"Jo Daviess, IL",2024,860924.0
17087,"Johnson, IL",2019,232630.0
17087,"Johnson, IL",2020,216437.0
17087,"Johnson, IL",2021,228369.0
17087,"Johnson, IL",2022,228003.0
17087,"Johnson, IL",2023,238692.0
17087,"Johnson, IL",2024,249121.0
17089,"Kane, IL",2019,27625631.0
17089,"Kane, IL",2020,26137477.0
17089,"Kane, IL",2021,27691190.0
17089,"Kane, IL",2022,27886810.0
17089,"Kane, IL",2023,28084558.0
17089,"Kane, IL",2024,28613180.0
17091,"Kankakee, IL",2019,6272833.0
17091,"Kankakee, IL",2020,6194283.0
17091,"Kankakee, IL",2021,6655305.0
17091,"Kankakee, IL",2022,6529467.0
17091,"Kankakee, IL",2023,6537056.0
17091,"Kankakee, IL",2024,6807457.0
17093,"Kendall, IL",2019,3721685.0
17093,"Kendall, IL",2020,3535198.0
17093,"Kendall, IL",2021,3681119.0
17093,"Kendall, IL",2022,3785452.0
17093,"Kendall, IL",2023,4011114.0
17093,"Kendall, IL",2024,4062578.0
17095,"Knox, IL",2019,1717852.0
17095,"Knox, IL",2020,1670600.0
17095,"Knox, IL",2021,1743329.0
17095,"Knox, IL",2022,1749049.0
17095,"Knox, IL",2023,1784937.0
17095,"Knox, IL",2024,1851369.0
17097,"Lake, IL",2019,62800361.0
17097,"Lake, IL",2020,61626289.0
17097,"Lake, IL",2021,64699425.0
17097,"Lake, IL",2022,63608569.0
17097,"Lake, IL",2023,64196978.0
17097,"Lake, IL",2024,65290037.0
17099,"LaSalle, IL",2019,5791759.0
17099,"LaSalle, IL",2020,5643619.0
17099,"LaSalle, IL",2021,5792154.0
17099,"LaSalle, IL",2022,5845654.0
17099,"LaSalle, IL",2023,5859677.0
17099,"LaSalle, IL",2024,5826912.0
17101,"Lawrence, IL",2019,536761.0
17101,"Lawrence, IL",2020,505398.0
17101,"Lawrence, IL",2021,519109.0
17101,"Lawrence, IL",2022,519418.0
17101,"Lawrence, IL",2023,527980.0
17101,"Lawrence, IL",2024,547354.0
17103,"Lee, IL",2019,1512193.0
17103,"Lee, IL",2020,1514177.0
17103,"Lee, IL",2021,1542599.0
17103,"Lee, IL",2022,1573500.0
17103,"Lee, IL",2023,1614638.0
17103,"Lee, IL",2024,1663230.0
17105,"Livingston, IL",2019,1935256.0
17105,"Livingston, IL",2020,1891518.0
17105,"Livingston, IL",2021,2040724.0
17105,"Livingston, IL",2022,2153655.0
17105,"Livingston, IL",2023,2140782.0
17105,"Livingston, IL",2024,2264241.0
17107,"Logan, IL",2019,987824.0
17107,"Logan, IL",2020,997978.0
17107,"Logan, IL",2021,1053808.0
17107,"Logan, IL",2022,1067947.0
17107,"Logan, IL",2023,1054424.0
17107,"Logan, IL",2024,1033878.0
17109,"McDonough, IL",2019,1098369.0
17109,"McDonough, IL",2020,1047766.0
17109,"McDonough, IL",2021,1065554.0
17109,"McDonough, IL",2022,1098490.0
17109,"McDonough, IL",2023,1075641.0
17109,"McDonough, IL",2024,1084829.0
17111,"McHenry, IL",2019,11653494.0
17111,"McHenry, IL",2020,10981221.0
17111,"McHenry, IL",2021,11901421.0
17111,"McHenry, IL",2022,11842228.0
17111,"McHenry, IL",2023,11878060.0
17111,"McHenry, IL",2024,12112910.0
17113,"McLean, IL",2019,14977037.0
17113,"McLean, IL",2020,12321836.0
17113,"McLean, IL",2021,12296353.0
17113,"McLean, IL",2022,13026839.0
17113,"McLean, IL",2023,13191310.0
17113,"McLean, IL",2024,13442187.0
17115,"Macon, IL",2019,6470128.0
17115,"Macon, IL",2020,6343027.0
17115,"Macon, IL",2021,6873878.0
17115,"Macon, IL",2022,6856620.0
17115,"Macon, IL",2023,6992962.0
17115,"Macon, IL",2024,7025649.0
17117,"Macoupin, IL",2019,1112315.0
17117,"Macoupin, IL",2020,1121242.0
17117,"Macoupin, IL",2021,1181958.0
17117,"Macoupin, IL",2022,1160475.0
17117,"Macoupin, IL",2023,1132174.0
17117,"Macoupin, IL",2024,1131376.0
17119,"Madison, IL",2019,12095824.0
17119,"Madison, IL",2020,10784257.0
17119,"Madison, IL",2021,11815844.0
17119,"Madison, IL",2022,11739444.0
17119,"Madison, IL",2023,11951891.0
17119,"Madison, IL",2024,12941382.0
17121,"Marion, IL",2019,1325080.0
17121,"Marion, IL",2020,1248519.0
17121,"Marion, IL",2021,1285853.0
17121,"Marion, IL",2022,1326202.0
17121,"Marion, IL",2023,1367555.0
17121,"Marion, IL",2024,1369011.0
17123,"Marshall, IL",2019,362137.0
17123,"Marshall, IL",2020,389373.0
17123,"Marshall, IL",2021,436943.0
17123,"Marshall, IL",2022,439849.0
17123,"Marshall, IL",2023,452696.0
17123,"Marshall, IL",2024,527715.0
17125,"Mason, IL",2019,474654.0
17125,"Mason, IL",2020,389657.0
17125,"Mason, IL",2021,428472.0
17125,"Mason, IL",2022,454090.0
17125,"Mason, IL",2023,450056.0
17125,"Mason, IL",2024,469574.0
17127,"Massac, IL",2019,618498.0
17127,"Massac, IL",2020,591252.0
17127,"Massac, IL",2021,637391.0
17127,"Massac, IL",2022,582649.0
17127,"Massac, IL",2023,370508.0
17127,"Massac, IL",2024,373631.0
17129,"Menard, IL",2019,225198.0
17129,"Menard, IL",2020,235325.0
17129,"Menard, IL",2021,263014.0
17129,"Menard, IL",2022,251865.0
17129,"Menard, IL",2023,261363.0
17129,"Menard, IL",2024,267644.0
17131,"Mercer, IL",2019,369234.0
17131,"Mercer, IL",2020,394351.0
17131,"Mercer, IL",2021,427470.0
17131,"Mercer, IL",2022,431751.0
17131,"Mercer, IL",2023,404030.0
17131,"Mercer, IL",2024,431910.0
17133,"Monroe, IL",2019,896194.0
17133,"Monroe, IL",2020,861250.0
17133,"Monroe, IL",2021,970628.0
17133,"Monroe, IL",2022,992254.0
17133,"Monroe, IL",2023,1003330.0
17133,"Monroe, IL",2024,1034708.0
17135,"Montgomery, IL",2019,1125561.0
17135,"Montgomery, IL",2020,1026183.0
17135,"Montgomery, IL",2021,1189264.0
17135,"Montgomery, IL",2022,1171584.0
17135,"Montgomery, IL",2023,1185421.0
17135,"Montgomery, IL",2024,1466948.0
17137,"Morgan, IL",2019,1557526.0
17137,"Morgan, IL",2020,1493459.0
17137,"Morgan, IL",2021,1521440.0
17137,"Morgan, IL",2022,1506354.0
17137,"Morgan, IL",2023,1513782.0
17137,"Morgan, IL",2024,1513012.0
17139,"Moultrie, IL",2019,833684.0
17139,"Moultrie, IL",2020,815122.0
17139,"Moultrie, IL",2021,727843.0
17139,"Moultrie, IL",2022,793017.0
17139,"Moultrie, IL",2023,723626.0
17139,"Moultrie, IL",2024,725796.0
17141,"Ogle, IL",2019,2663391.0
17141,"Ogle, IL",2020,2750824.0
17141,"Ogle, IL",2021,2753783.0
17141,"Ogle, IL",2022,2906194.0
17141,"Ogle, IL",2023,2956350.0
17141,"Ogle, IL",2024,2941741.0
17143,"Peoria, IL",2019,13032355.0
17143,"Peoria, IL",2020,12197429.0
17143,"Peoria, IL",2021,12602567.0
17143,"Peoria, IL",2022,13187992.0
17143,"Peoria, IL",2023,13016028.0
17143,"Peoria, IL",2024,13265891.0
17145,"Perry, IL",2019,580240.0
17145,"Perry, IL",2020,574261.0
17145,"Perry, IL",2021,604142.0
17145,"Perry, IL",2022,615242.0
17145,"Perry, IL",2023,640245.0
17145,"Perry, IL",2024,638660.0
17147,"Piatt, IL",2019,473897.0
17147,"Piatt, IL",2020,484473.0
17147,"Piatt, IL",2021,510739.0
17147,"Piatt, IL",2022,511465.0
17147,"Piatt, IL",2023,514509.0
17147,"Piatt, IL",2024,533678.0
17149,"Pike, IL",2019,509758.0
17149,"Pike, IL",2020,513163.0
17149,"Pike, IL",2021,598553.0
17149,"Pike, IL",2022,567631.0
17149,"Pike, IL",2023,544836.0
17149,"Pike, IL",2024,610573.0
17151,"Pope, IL",2019,57457.0
17151,"Pope, IL",2020,52626.0
17151,"Pope, IL",2021,52323.0
17151,"Pope, IL",2022,58518.0
17151,"Pope, IL",2023,65414.0
17151,"Pope, IL",2024,65230.0
17153,"Pulaski, IL",2019,198610.0
17153,"Pulaski, IL",2020,157267.0
17153,"Pulaski, IL",2021,160548.0
17153,"Pulaski, IL",2022,152825.0
17153,"Pulaski, IL",2023,154993.0
17153,"Pulaski, IL",2024,167158.0
17155,"Putnam, IL",2019,332655.0
17155,"Putnam, IL",2020,276844.0
17155,"Putnam, IL",2021,303190.0
17155,"Putnam, IL",2022,288763.0
17155,"Putnam, IL",2023,304908.0
17155,"Putnam, IL",2024,316741.0
17157,"Randolph, IL",2019,1481541.0
17157,"Randolph, IL",2020,1337796.0
17157,"Randolph, IL",2021,1508072.0
17157,"Randolph, IL",2022,1477016.0
17157,"Randolph, IL",2023,1539099.0
17157,"Randolph, IL",2024,1558102.0
17159,"Richland, IL",2019,569048.0
17159,"Richland, IL",2020,553937.0
17159,"Richland, IL",2021,572667.0
17159,"Richland, IL",2022,585581.0
17159,"Richland, IL",2023,572452.0
17159,"Richland, IL",2024,623975.0
17161,"Rock Island, IL",2019,10166080.0
17161,"Rock Island, IL",2020,9824394.0
17161,"Rock Island, IL",2021,9962899.0
17161,"Rock Island, IL",2022,9999082.0
17161,"Rock Island, IL",2023,9871029.0
17161,"Rock Island, IL",2024,9877640.0
17163,"St. Clair, IL",2019,11799509.0
17163,"St. Clair, IL",2020,11348547.0
17163,"St. Clair, IL",2021,12215281.0
17163,"St. Clair, IL",2022,12327107.0
17163,"St. Clair, IL",2023,12560403.0
17163,"St. Clair, IL",2024,12699001.0
17165,"Saline, IL",2019,807074.0
17165,"Saline, IL",2020,722025.0
17165,"Saline, IL",2021,747614.0
17165,"Saline, IL",2022,783424.0
17165,"Saline, IL",2023,833643.0
17165,"Saline, IL",2024,878604.0
17167,"Sangamon, IL",2019,11443716.0
17167,"Sangamon, IL",2020,10636568.0
17167,"Sangamon, IL",2021,11350043.0
17167,"Sangamon, IL",2022,11791418.0
17167,"Sangamon, IL",2023,11834983.0
17167,"Sangamon, IL",2024,12294172.0
17169,"Schuyler, IL",2019,243089.0
17169,"Schuyler, IL",2020,239513.0
17169,"Schuyler, IL",2021,239779.0
17169,"Schuyler, IL",2022,234365.0
17169,"Schuyler, IL",2023,227819.0
17169,"Schuyler, IL",2024,251597.0
17171,"Scott, IL",2019,137498.0
17171,"Scott, IL",2020,144425.0
17171,"Scott, IL",2021,156953.0
17171,"Scott, IL",2022,154285.0
17171,"Scott, IL",2023,145581.0
17171,"Scott, IL",2024,152418.0
17173,"Shelby, IL",2019,717047.0
17173,"Shelby, IL",2020,764898.0
17173,"Shelby, IL",2021,766510.0
17173,"Shelby, IL",2022,774428.0
17173,"Shelby, IL",2023,825025.0
17173,"Shelby, IL",2024,841283.0
17175,"Stark, IL",2019,188116.0
17175,"Stark, IL",2020,216117.0
17175,"Stark, IL",2021,245653.0
17175,"Stark, IL",2022,253512.0
17175,"Stark, IL",2023,252846.0
17175,"Stark, IL",2024,252584.0
17177,"Stephenson, IL",2019,1763090.0
17177,"Stephenson, IL",2020,1747177.0
17177,"Stephenson, IL",2021,1834172.0
17177,"Stephenson, IL",2022,1850189.0
17177,"Stephenson, IL",2023,1831779.0
17177,"Stephenson, IL",2024,1899601.0
17179,"Tazewell, IL",2019,5859582.0
17179,"Tazewell, IL",2020,5312491.0
17179,"Tazewell, IL",2021,5744622.0
17179,"Tazewell, IL",2022,5955391.0
17179,"Tazewell, IL",2023,5712245.0
17179,"Tazewell, IL",2024,5843142.0
17181,"Union, IL",2019,418640.0
17181,"Union, IL",2020,399833.0
17181,"Union, IL",2021,402490.0
17181,"Union, IL",2022,390522.0
17181,"Union, IL",2023,399782.0
17181,"Union, IL",2024,404824.0
17183,"Vermilion, IL",2019,3199651.0
17183,"Vermilion, IL",2020,3066078.0
17183,"Vermilion, IL",2021,3198029.0
17183,"Vermilion, IL",2022,3259279.0
17183,"Vermilion, IL",2023,3238845.0
17183,"Vermilion, IL",2024,3227952.0
17185,"Wabash, IL",2019,343393.0
17185,"Wabash, IL",2020,324776.0
17185,"Wabash, IL",2021,315324.0
17185,"Wabash, IL",2022,325550.0
17185,"Wabash, IL",2023,336873.0
17185,"Wabash, IL",2024,340161.0
17187,"Warren, IL",2019,754865.0
17187,"Warren, IL",2020,769977.0
17187,"Warren, IL",2021,807089.0
17187,"Warren, IL",2022,838635.0
17187,"Warren, IL",2023,839164.0
17187,"Warren, IL",2024,834486.0
17189,"Washington, IL",2019,1088972.0
17189,"Washington, IL",2020,1034645.0
17189,"Washington, IL",2021,1028889.0
17189,"Washington, IL",2022,1067746.0
17189,"Washington, IL",2023,1080275.0
17189,"Washington, IL",2024,1034476.0
17191,"Wayne, IL",2019,455052.0
17191,"Wayne, IL",2020,436454.0
17191,"Wayne, IL",2021,458269.0
17191,"Wayne, IL",2022,470834.0
17191,"Wayne, IL",2023,472989.0
17191,"Wayne, IL",2024,508557.0
17193,"White, IL",2019,505134.0
17193,"White, IL",2020,437684.0
17193,"White, IL",2021,475944.0
17193,"White, IL",2022,485286.0
17193,"White, IL",2023,538171.0
17193,"White, IL",2024,556113.0
17195,"Whiteside, IL",2019,2048653.0
17195,"Whiteside, IL",2020,2018770.0
17195,"Whiteside, IL",2021,2148383.0
17195,"Whiteside, IL",2022,2150219.0
17195,"Whiteside, IL",2023,2145760.0
17195,"Whiteside, IL",2024,2201978.0
17197,"Will, IL",2019,34310903.0
17197,"Will, IL",2020,33522399.0
17197,"Will, IL",2021,36223486.0
17197,"Will, IL",2022,36560449.0
17197,"Will, IL",2023,37307092.0
17197,"Will, IL",2024,38147264.0
17199,"Williamson, IL",2019,2966714.0
17199,"Williamson, IL",2020,2798194.0
17199,"Williamson, IL",2021,2893655.0
17199,"Williamson, IL",2022,2990557.0
17199,"Williamson, IL",2023,3087917.0
17199,"Williamson, IL",2024,3159218.0
17201,"Winnebago, IL",2019,14200828.0
17201,"Winnebago, IL",2020,12925847.0
17201,"Winnebago, IL",2021,13551379.0
17201,"Winnebago, IL",2022,14166779.0
17201,"Winnebago, IL",2023,14284460.0
17201,"Winnebago, IL",2024,14429372.0
17203,"Woodford, IL",2019,1102295.0
17203,"Woodford, IL",2020,1158735.0
17203,"Woodford, IL",2021,1242606.0
17203,"Woodford, IL",2022,1240267.0
17203,"Woodford, IL",2023,1251095.0
17203,"Woodford, IL",2024,1302187.0
18001,"Adams, IN",2019,1820062.0
18001,"Adams, IN",2020,1682010.0
18001,"Adams, IN",2021,1791465.0
18001,"Adams, IN",2022,1827702.0
18001,"Adams, IN",2023,1799878.0
18001,"Adams, IN",2024,1845806.0
18003,"Allen, IN",2019,21889821.0
18003,"Allen, IN",2020,20302115.0
18003,"Allen, IN",2021,21627943.0
18003,"Allen, IN",2022,22280803.0
18003,"Allen, IN",2023,22393127.0
18003,"Allen, IN",2024,22994824.0
18005,"Bartholomew, IN",2019,6781714.0
18005,"Bartholomew, IN",2020,6314630.0
18005,"Bartholomew, IN",2021,6703753.0
18005,"Bartholomew, IN",2022,6692863.0
18005,"Bartholomew, IN",2023,6864541.0
18005,"Bartholomew, IN",2024,7129869.0
18007,"Benton, IN",2019,467481.0
18007,"Benton, IN",2020,491557.0
18007,"Benton, IN",2021,485282.0
18007,"Benton, IN",2022,487038.0
18007,"Benton, IN",2023,505994.0
18007,"Benton, IN",2024,461580.0
18009,"Blackford, IN",2019,339269.0
18009,"Blackford, IN",2020,323631.0
18009,"Blackford, IN",2021,342300.0
18009,"Blackford, IN",2022,332414.0
18009,"Blackford, IN",2023,336938.0
18009,"Blackford, IN",2024,315895.0
18011,"Boone, IN",2019,3497801.0
18011,"Boone, IN",2020,3807218.0
18011,"Boone, IN",2021,4201603.0
18011,"Boone, IN",2022,4209508.0
18011,"Boone, IN",2023,4589488.0
18011,"Boone, IN",2024,4789931.0
18013,"Brown, IN",2019,298575.0
18013,"Brown, IN",2020,269008.0
18013,"Brown, IN",2021,292864.0
18013,"Brown, IN",2022,301725.0
18013,"Brown, IN",2023,326328.0
18013,"Brown, IN",2024,341539.0
18015,"Carroll, IN",2019,657670.0
18015,"Carroll, IN",2020,681251.0
18015,"Carroll, IN",2021,728263.0
18015,"Carroll, IN",2022,718255.0
18015,"Carroll, IN",2023,733337.0
18015,"Carroll, IN",2024,727723.0
18017,"Cass, IN",2019,1378108.0
18017,"Cass, IN",2020,1392522.0
18017,"Cass, IN",2021,1493339.0
18017,"Cass, IN",2022,1498783.0
18017,"Cass, IN",2023,1499382.0
18017,"Cass, IN",2024,1509419.0
18019,"Clark, IN",2019,5457627.0
18019,"Clark, IN",2020,5501640.0
18019,"Clark, IN",2021,5770860.0
18019,"Clark, IN",2022,5833043.0
18019,"Clark, IN",2023,5998711.0
18019,"Clark, IN",2024,6468235.0
18021,"Clay, IN",2019,780815.0
18021,"Clay, IN",2020,764224.0
18021,"Clay, IN",2021,833064.0
18021,"Clay, IN",2022,847573.0
18021,"Clay, IN",2023,847607.0
18021,"Clay, IN",2024,853391.0
18023,"Clinton, IN",2019,1451476.0
18023,"Clinton, IN",2020,1447485.0
18023,"Clinton, IN",2021,1476645.0
18023,"Clinton, IN",2022,1539568.0
18023,"Clinton, IN",2023,1562538.0
18023,"Clinton, IN",2024,1574924.0
18025,"Crawford, IN",2019,182765.0
18025,"Crawford, IN",2020,186367.0
18025,"Crawford, IN",2021,193786.0
18025,"Crawford, IN",2022,190441.0
18025,"Crawford, IN",2023,194925.0
18025,"Crawford, IN",2024,185903.0
18027,"Daviess, IN",2019,1300795.0
18027,"Daviess, IN",2020,1397579.0
18027,"Daviess, IN",2021,1414926.0
18027,"Daviess, IN",2022,1513982.0
18027,"Daviess, IN",2023,1573452.0
18027,"Daviess, IN",2024,1724933.0
18029,"Dearborn, IN",2019,1800662.0
18029,"Dearborn, IN",2020,1827965.0
18029,"Dearborn, IN",2021,1857355.0
18029,"Dearborn, IN",2022,1780998.0
18029,"Dearborn, IN",2023,1856087.0
18029,"Dearborn, IN",2024,1863099.0
18031,"Decatur, IN",2019,1741482.0
18031,"Decatur, IN",2020,1609836.0
18031,"Decatur, IN",2021,1689259.0
18031,"Decatur, IN",2022,1645266.0
18031,"Decatur, IN",2023,1638101.0
18031,"Decatur, IN",2024,1634756.0
18033,"DeKalb, IN",2019,2561891.0
18033,"DeKalb, IN",2020,2444195.0
18033,"DeKalb, IN",2021,2708969.0
18033,"DeKalb, IN",2022,2735708.0
18033,"DeKalb, IN",2023,2740123.0
18033,"DeKalb, IN",2024,2722939.0
18035,"Delaware, IN",2019,4130329.0
18035,"Delaware, IN",2020,4042093.0
18035,"Delaware, IN",2021,4165420.0
18035,"Delaware, IN",2022,4267409.0
18035,"Delaware, IN",2023,4255288.0
18035,"Delaware, IN",2024,4278280.0
18037,"Dubois, IN",2019,2741829.0
18037,"Dubois, IN",2020,2639770.0
18037,"Dubois, IN",2021,2737687.0
18037,"Dubois, IN",2022,2849947.0
18037,"Dubois, IN",2023,2780959.0
18037,"Dubois, IN",2024,2933125.0
18039,"Elkhart, IN",2019,16078429.0
18039,"Elkhart, IN",2020,15754863.0
18039,"Elkhart, IN",2021,19410136.0
18039,"Elkhart, IN",2022,19835710.0
18039,"Elkhart, IN",2023,17753329.0
18039,"Elkhart, IN",2024,17756181.0
18041,"Fayette, IN",2019,563662.0
18041,"Fayette, IN",2020,544295.0
18041,"Fayette, IN",2021,563848.0
18041,"Fayette, IN",2022,548049.0
18041,"Fayette, IN",2023,546715.0
18041,"Fayette, IN",2024,551866.0
18043,"Floyd, IN",2019,2961264.0
18043,"Floyd, IN",2020,2784756.0
18043,"Floyd, IN",2021,2999631.0
18043,"Floyd, IN",2022,3108683.0
18043,"Floyd, IN",2023,3186064.0
18043,"Floyd, IN",2024,3300680.0
18045,"Fountain, IN",2019,459069.0
18045,"Fountain, IN",2020,470684.0
18045,"Fountain, IN",2021,530470.0
18045,"Fountain, IN",2022,539553.0
18045,"Fountain, IN",2023,550272.0
18045,"Fountain, IN",2024,521190.0
18047,"Franklin, IN",2019,508475.0
18047,"Franklin, IN",2020,499130.0
18047,"Franklin, IN",2021,525300.0
18047,"Franklin, IN",2022,518932.0
18047,"Franklin, IN",2023,534767.0
18047,"Franklin, IN",2024,568025.0
18049,"Fulton, IN",2019,677673.0
18049,"Fulton, IN",2020,675197.0
18049,"Fulton, IN",2021,704032.0
18049,"Fulton, IN",2022,677438.0
18049,"Fulton, IN",2023,706772.0
18049,"Fulton, IN",2024,688981.0
18051,"Gibson, IN",2019,3387059.0
18051,"Gibson, IN",2020,3345935.0
18051,"Gibson, IN",2021,3634197.0
18051,"Gibson, IN",2022,3873074.0
18051,"Gibson, IN",2023,3764885.0
18051,"Gibson, IN",2024,3881584.0
18053,"Grant, IN",2019,2425868.0
18053,"Grant, IN",2020,2328337.0
18053,"Grant, IN",2021,2489827.0
18053,"Grant, IN",2022,2518904.0
18053,"Grant, IN",2023,2516977.0
18053,"Grant, IN",2024,2529334.0
18055,"Greene, IN",2019,639624.0
18055,"Greene, IN",2020,612403.0
18055,"Greene, IN",2021,645305.0
18055,"Greene, IN",2022,640411.0
18055,"Greene, IN",2023,670297.0
18055,"Greene, IN",2024,697808.0
18057,"Hamilton, IN",2019,20797822.0
18057,"Hamilton, IN",2020,20050378.0
18057,"Hamilton, IN",2021,21943483.0
18057,"Hamilton, IN",2022,22806071.0
18057,"Hamilton, IN",2023,23612902.0
18057,"Hamilton, IN",2024,24904099.0
18059,"Hancock, IN",2019,3214251.0
18059,"Hancock, IN",2020,3241139.0
18059,"Hancock, IN",2021,3550698.0
18059,"Hancock, IN",2022,3628360.0
18059,"Hancock, IN",2023,3711675.0
18059,"Hancock, IN",2024,3776322.0
18061,"Harrison, IN",2019,1161709.0
18061,"Harrison, IN",2020,1142627.0
18061,"Harrison, IN",2021,1215112.0
18061,"Harrison, IN",2022,1210757.0
18061,"Harrison, IN",2023,1249215.0
18061,"Harrison, IN",2024,1302071.0
18063,"Hendricks, IN",2019,6994103.0
18063,"Hendricks, IN",2020,7041109.0
18063,"Hendricks, IN",2021,7486426.0
18063,"Hendricks, IN",2022,7533976.0
18063,"Hendricks, IN",2023,7559104.0
18063,"Hendricks, IN",2024,7827655.0
18065,"Henry, IN",2019,1363001.0
18065,"Henry, IN",2020,1369859.0
18065,"Henry, IN",2021,1504510.0
18065,"Henry, IN",2022,1519414.0
18065,"Henry, IN",2023,1525277.0
18065,"Henry, IN",2024,1534673.0
18067,"Howard, IN",2019,4391125.0
18067,"Howard, IN",2020,4153154.0
18067,"Howard, IN",2021,4658586.0
18067,"Howard, IN",2022,4794133.0
18067,"Howard, IN",2023,4985279.0
18067,"Howard, IN",2024,4917232.0
18069,"Huntington, IN",2019,1432116.0
18069,"Huntington, IN",2020,1404679.0
18069,"Huntington, IN",2021,1538556.0
18069,"Huntington, IN",2022,1579719.0
18069,"Huntington, IN",2023,1588951.0
18069,"Huntington, IN",2024,1603300.0
18071,"Jackson, IN",2019,2415967.0
18071,"Jackson, IN",2020,2476840.0
18071,"Jackson, IN",2021,2783621.0
18071,"Jackson, IN",2022,2811906.0
18071,"Jackson, IN",2023,2745176.0
18071,"Jackson, IN",2024,2887574.0
18073,"Jasper, IN",2019,1554371.0
18073,"Jasper, IN",2020,1453675.0
18073,"Jasper, IN",2021,1538942.0
18073,"Jasper, IN",2022,1454460.0
18073,"Jasper, IN",2023,1414035.0
18073,"Jasper, IN",2024,1476887.0
18075,"Jay, IN",2019,896863.0
18075,"Jay, IN",2020,876680.0
18075,"Jay, IN",2021,974441.0
18075,"Jay, IN",2022,1098895.0
18075,"Jay, IN",2023,1069688.0
18075,"Jay, IN",2024,1213384.0
18077,"Jefferson, IN",2019,1563632.0
18077,"Jefferson, IN",2020,1511827.0
18077,"Jefferson, IN",2021,1646000.0
18077,"Jefferson, IN",2022,1694827.0
18077,"Jefferson, IN",2023,1690315.0
18077,"Jefferson, IN",2024,1705311.0
18079,"Jennings, IN",2019,748018.0
18079,"Jennings, IN",2020,725985.0
18079,"Jennings, IN",2021,724840.0
18079,"Jennings, IN",2022,717313.0
18079,"Jennings, IN",2023,732759.0
18079,"Jennings, IN",2024,753840.0
18081,"Johnson, IN",2019,5548179.0
18081,"Johnson, IN",2020,5556718.0
18081,"Johnson, IN",2021,6048875.0
18081,"Johnson, IN",2022,5764368.0
18081,"Johnson, IN",2023,5812007.0
18081,"Johnson, IN",2024,5928628.0
18083,"Knox, IN",2019,1825646.0
18083,"Knox, IN",2020,1846661.0
18083,"Knox, IN",2021,1890026.0
18083,"Knox, IN",2022,1927886.0
18083,"Knox, IN",2023,1980662.0
18083,"Knox, IN",2024,1906533.0
18085,"Kosciusko, IN",2019,5572849.0
18085,"Kosciusko, IN",2020,5854077.0
18085,"Kosciusko, IN",2021,6205960.0
18085,"Kosciusko, IN",2022,6064021.0
18085,"Kosciusko, IN",2023,6212582.0
18085,"Kosciusko, IN",2024,6266382.0
18087,"Lagrange, IN",2019,1887602.0
18087,"Lagrange, IN",2020,1675268.0
18087,"Lagrange, IN",2021,1885366.0
18087,"Lagrange, IN",2022,2033395.0
18087,"Lagrange, IN",2023,1915612.0
18087,"Lagrange, IN",2024,2034126.0
18089,"Lake, IN",2019,22566195.0
18089,"Lake, IN",2020,21314803.0
18089,"Lake, IN",2021,22603789.0
18089,"Lake, IN",2022,22490707.0
18089,"Lake, IN",2023,23710517.0
18089,"Lake, IN",2024,24764214.0
18091,"LaPorte, IN",2019,4111245.0
18091,"LaPorte, IN",2020,3999459.0
18091,"LaPorte, IN",2021,4223725.0
18091,"LaPorte, IN",2022,4132703.0
18091,"LaPorte, IN",2023,4402002.0
18091,"LaPorte, IN",2024,4460626.0
18093,"Lawrence, IN",2019,1355048.0
18093,"Lawrence, IN",2020,1329451.0
18093,"Lawrence, IN",2021,1466150.0
18093,"Lawrence, IN",2022,1412787.0
18093,"Lawrence, IN",2023,1443252.0
18093,"Lawrence, IN",2024,1475759.0
18095,"Madison, IN",2019,3863472.0
18095,"Madison, IN",2020,3754367.0
18095,"Madison, IN",2021,4067833.0
18095,"Madison, IN",2022,4065029.0
18095,"Madison, IN",2023,4122198.0
18095,"Madison, IN",2024,4261893.0
18097,"Marion, IN",2019,94612033.0
18097,"Marion, IN",2020,93565644.0
18097,"Marion, IN",2021,99388397.0
18097,"Marion, IN",2022,102922640.0
18097,"Marion, IN",2023,105472613.0
18097,"Marion, IN",2024,108739716.0
18099,"Marshall, IN",2019,1662820.0
18099,"Marshall, IN",2020,1630622.0
18099,"Marshall, IN",2021,1681394.0
18099,"Marshall, IN",2022,1679757.0
18099,"Marshall, IN",2023,1743227.0
18099,"Marshall, IN",2024,1786933.0
18101,"Martin, IN",2019,1089691.0
18101,"Martin, IN",2020,1128522.0
18101,"Martin, IN",2021,1137452.0
18101,"Martin, IN",2022,1227026.0
18101,"Martin, IN",2023,1196868.0
18101,"Martin, IN",2024,1273938.0
18103,"Miami, IN",2019,958755.0
18103,"Miami, IN",2020,911183.0
18103,"Miami, IN",2021,953443.0
18103,"Miami, IN",2022,908881.0
18103,"Miami, IN",2023,933930.0
18103,"Miami, IN",2024,969117.0
18105,"Monroe, IN",2019,7049707.0
18105,"Monroe, IN",2020,6752400.0
18105,"Monroe, IN",2021,6925029.0
18105,"Monroe, IN",2022,7141858.0
18105,"Monroe, IN",2023,7270176.0
18105,"Monroe, IN",2024,7418848.0
18107,"Montgomery, IN",2019,1636315.0
18107,"Montgomery, IN",2020,1627346.0
18107,"Montgomery, IN",2021,1749400.0
18107,"Montgomery, IN",2022,1767342.0
18107,"Montgomery, IN",2023,1803028.0
18107,"Montgomery, IN",2024,1784440.0
18109,"Morgan, IN",2019,1860872.0
18109,"Morgan, IN",2020,1879971.0
18109,"Morgan, IN",2021,1775365.0
18109,"Morgan, IN",2022,1925761.0
18109,"Morgan, IN",2023,2011036.0
18109,"Morgan, IN",2024,2372866.0
18111,"Newton, IN",2019,326523.0
18111,"Newton, IN",2020,348471.0
18111,"Newton, IN",2021,380300.0
18111,"Newton, IN",2022,372735.0
18111,"Newton, IN",2023,353645.0
18111,"Newton, IN",2024,364171.0
18113,"Noble, IN",2019,1961189.0
18113,"Noble, IN",2020,1863853.0
18113,"Noble, IN",2021,2046107.0
18113,"Noble, IN",2022,2051383.0
18113,"Noble, IN",2023,2032676.0
18113,"Noble, IN",2024,2033247.0
18115,"Ohio, IN",2019,116722.0
18115,"Ohio, IN",2020,120217.0
18115,"Ohio, IN",2021,126379.0
18115,"Ohio, IN",2022,111438.0
18115,"Ohio, IN",2023,96329.0
18115,"Ohio, IN",2024,95188.0
18117,"Orange, IN",2019,643364.0
18117,"Orange, IN",2020,601089.0
18117,"Orange, IN",2021,649220.0
18117,"Orange, IN",2022,690877.0
18117,"Orange, IN",2023,685904.0
18117,"Orange, IN",2024,737679.0
18119,"Owen, IN",2019,525353.0
18119,"Owen, IN",2020,528916.0
18119,"Owen, IN",2021,582370.0
18119,"Owen, IN",2022,595487.0
18119,"Owen, IN",2023,606056.0
18119,"Owen, IN",2024,604608.0
18121,"Parke, IN",2019,343638.0
18121,"Parke, IN",2020,369955.0
18121,"Parke, IN",2021,403745.0
18121,"Parke, IN",2022,389418.0
18121,"Parke, IN",2023,408045.0
18121,"Parke, IN",2024,393775.0
18123,"Perry, IN",2019,751087.0
18123,"Perry, IN",2020,715478.0
18123,"Perry, IN",2021,815872.0
18123,"Perry, IN",2022,828684.0
18123,"Perry, IN",2023,873956.0
18123,"Perry, IN",2024,905330.0
18125,"Pike, IN",2019,719799.0
18125,"Pike, IN",2020,648662.0
18125,"Pike, IN",2021,696404.0
18125,"Pike, IN",2022,696251.0
18125,"Pike, IN",2023,563336.0
18125,"Pike, IN",2024,521332.0
18127,"Porter, IN",2019,7848392.0
18127,"Porter, IN",2020,7132416.0
18127,"Porter, IN",2021,7513556.0
18127,"Porter, IN",2022,7644512.0
18127,"Porter, IN",2023,7912686.0
18127,"Porter, IN",2024,8129211.0
18129,"Posey, IN",2019,3373136.0
18129,"Posey, IN",2020,3079155.0
18129,"Posey, IN",2021,4385386.0
18129,"Posey, IN",2022,3777655.0
18129,"Posey, IN",2023,4037034.0
18129,"Posey, IN",2024,4640068.0
18131,"Pulaski, IN",2019,615306.0
18131,"Pulaski, IN",2020,632890.0
18131,"Pulaski, IN",2021,681154.0
18131,"Pulaski, IN",2022,673181.0
18131,"Pulaski, IN",2023,704537.0
18131,"Pulaski, IN",2024,716989.0
18133,"Putnam, IN",2019,1129286.0
18133,"Putnam, IN",2020,1082752.0
18133,"Putnam, IN",2021,1120373.0
18133,"Putnam, IN",2022,1084638.0
18133,"Putnam, IN",2023,1111747.0
18133,"Putnam, IN",2024,1109620.0
18135,"Randolph, IN",2019,782403.0
18135,"Randolph, IN",2020,744065.0
18135,"Randolph, IN",2021,884898.0
18135,"Randolph, IN",2022,934434.0
18135,"Randolph, IN",2023,950529.0
18135,"Randolph, IN",2024,953954.0
18137,"Ripley, IN",2019,1147521.0
18137,"Ripley, IN",2020,1183637.0
18137,"Ripley, IN",2021,1236519.0
18137,"Ripley, IN",2022,1147268.0
18137,"Ripley, IN",2023,1116799.0
18137,"Ripley, IN",2024,1129053.0
18139,"Rush, IN",2019,611305.0
18139,"Rush, IN",2020,581143.0
18139,"Rush, IN",2021,621601.0
18139,"Rush, IN",2022,592921.0
18139,"Rush, IN",2023,629743.0
18139,"Rush, IN",2024,615238.0
18141,"St. Joseph, IN",2019,14604895.0
18141,"St. Joseph, IN",2020,13794245.0
18141,"St. Joseph, IN",2021,14551550.0
18141,"St. Joseph, IN",2022,14751547.0
18141,"St. Joseph, IN",2023,15118595.0
18141,"St. Joseph, IN",2024,15366920.0
18143,"Scott, IN",2019,712098.0
18143,"Scott, IN",2020,689730.0
18143,"Scott, IN",2021,733304.0
18143,"Scott, IN",2022,734740.0
18143,"Scott, IN",2023,736827.0
18143,"Scott, IN",2024,754486.0
18145,"Shelby, IN",2019,2031939.0
18145,"Shelby, IN",2020,1917994.0
18145,"Shelby, IN",2021,2003664.0
18145,"Shelby, IN",2022,2079174.0
18145,"Shelby, IN",2023,2241314.0
18145,"Shelby, IN",2024,2204075.0
18147,"Spencer, IN",2019,1101977.0
18147,"Spencer, IN",2020,903305.0
18147,"Spencer, IN",2021,993546.0
18147,"Spencer, IN",2022,966144.0
18147,"Spencer, IN",2023,906471.0
18147,"Spencer, IN",2024,1029345.0
18149,"Starke, IN",2019,529370.0
18149,"Starke, IN",2020,537164.0
18149,"Starke, IN",2021,554833.0
18149,"Starke, IN",2022,511584.0
18149,"Starke, IN",2023,530520.0
18149,"Starke, IN",2024,548450.0
18151,"Steuben, IN",2019,1472036.0
18151,"Steuben, IN",2020,1398199.0
18151,"Steuben, IN",2021,1524333.0
18151,"Steuben, IN",2022,1535218.0
18151,"Steuben, IN",2023,1514885.0
18151,"Steuben, IN",2024,1506883.0
18153,"Sullivan, IN",2019,911537.0
18153,"Sullivan, IN",2020,821411.0
18153,"Sullivan, IN",2021,956137.0
18153,"Sullivan, IN",2022,965502.0
18153,"Sullivan, IN",2023,967220.0
18153,"Sullivan, IN",2024,869724.0
18155,"Switzerland, IN",2019,244534.0
18155,"Switzerland, IN",2020,215947.0
18155,"Switzerland, IN",2021,245164.0
18155,"Switzerland, IN",2022,242237.0
18155,"Switzerland, IN",2023,253502.0
18155,"Switzerland, IN",2024,242712.0
18157,"Tippecanoe, IN",2019,10452549.0
18157,"Tippecanoe, IN",2020,9728705.0
18157,"Tippecanoe, IN",2021,9989971.0
18157,"Tippecanoe, IN",2022,10477426.0
18157,"Tippecanoe, IN",2023,10852704.0
18157,"Tippecanoe, IN",2024,11168640.0
18159,"Tipton, IN",2019,589407.0
18159,"Tipton, IN",2020,612989.0
18159,"Tipton, IN",2021,663904.0
18159,"Tipton, IN",2022,662667.0
18159,"Tipton, IN",2023,615725.0
18159,"Tipton, IN",2024,591882.0
18161,"Union, IN",2019,138296.0
18161,"Union, IN",2020,141014.0
18161,"Union, IN",2021,147714.0
18161,"Union, IN",2022,143517.0
18161,"Union, IN",2023,145809.0
18161,"Union, IN",2024,155003.0
18163,"Vanderburgh, IN",2019,11490159.0
18163,"Vanderburgh, IN",2020,10851219.0
18163,"Vanderburgh, IN",2021,11470142.0
18163,"Vanderburgh, IN",2022,11638900.0
18163,"Vanderburgh, IN",2023,11889845.0
18163,"Vanderburgh, IN",2024,12156623.0
18165,"Vermillion, IN",2019,805605.0
18165,"Vermillion, IN",2020,863007.0
18165,"Vermillion, IN",2021,908525.0
18165,"Vermillion, IN",2022,895930.0
18165,"Vermillion, IN",2023,916539.0
18165,"Vermillion, IN",2024,885465.0
18167,"Vigo, IN",2019,4598961.0
18167,"Vigo, IN",2020,4571387.0
18167,"Vigo, IN",2021,4818238.0
18167,"Vigo, IN",2022,4867677.0
18167,"Vigo, IN",2023,5003407.0
18167,"Vigo, IN",2024,5180949.0
18169,"Wabash, IN",2019,1166167.0
18169,"Wabash, IN",2020,1144887.0
18169,"Wabash, IN",2021,1259059.0
18169,"Wabash, IN",2022,1273479.0
18169,"Wabash, IN",2023,1294924.0
18169,"Wabash, IN",2024,1303003.0
18171,"Warren, IN",2019,217216.0
18171,"Warren, IN",2020,226423.0
18171,"Warren, IN",2021,298026.0
18171,"Warren, IN",2022,285495.0
18171,"Warren, IN",2023,283200.0
18171,"Warren, IN",2024,270995.0
18173,"Warrick, IN",2019,2323303.0
18173,"Warrick, IN",2020,2412678.0
18173,"Warrick, IN",2021,2532725.0
18173,"Warrick, IN",2022,2442544.0
18173,"Warrick, IN",2023,2608385.0
18173,"Warrick, IN",2024,2631586.0
18175,"Washington, IN",2019,632475.0
18175,"Washington, IN",2020,615372.0
18175,"Washington, IN",2021,680514.0
18175,"Washington, IN",2022,723275.0
18175,"Washington, IN",2023,722447.0
18175,"Washington, IN",2024,780904.0
18177,"Wayne, IN",2019,2826692.0
18177,"Wayne, IN",2020,2736171.0
18177,"Wayne, IN",2021,2835591.0
18177,"Wayne, IN",2022,2886279.0
18177,"Wayne, IN",2023,2950077.0
18177,"Wayne, IN",2024,2982990.0
18179,"Wells, IN",2019,1098122.0
18179,"Wells, IN",2020,1076562.0
18179,"Wells, IN",2021,1198867.0
18179,"Wells, IN",2022,1174073.0
18179,"Wells, IN",2023,1180853.0
18179,"Wells, IN",2024,1199264.0
18181,"White, IN",2019,960045.0
18181,"White, IN",2020,1022386.0
18181,"White, IN",2021,1122540.0
18181,"White, IN",2022,1154238.0
18181,"White, IN",2023,1160584.0
18181,"White, IN",2024,1146256.0
18183,"Whitley, IN",2019,1572017.0
18183,"Whitley, IN",2020,1578643.0
18183,"Whitley, IN",2021,1808052.0
18183,"Whitley, IN",2022,1839128.0
18183,"Whitley, IN",2023,1930981.0
18183,"Whitley, IN",2024,1937632.0
19001,"Adair, IA",2019,370876.0
19001,"Adair, IA",2020,444705.0
19001,"Adair, IA",2021,493826.0
19001,"Adair, IA",2022,500615.0
19001,"Adair, IA",2023,471688.0
19001,"Adair, IA",2024,493562.0
19003,"Adams, IA",2019,220426.0
19003,"Adams, IA",2020,197857.0
19003,"Adams, IA",2021,225816.0
19003,"Adams, IA",2022,210077.0
19003,"Adams, IA",2023,203523.0
19003,"Adams, IA",2024,198660.0
19005,"Allamakee, IA",2019,592148.0
19005,"Allamakee, IA",2020,599893.0
19005,"Allamakee, IA",2021,572482.0
19005,"Allamakee, IA",2022,579016.0
19005,"Allamakee, IA",2023,542899.0
19005,"Allamakee, IA",2024,581652.0
19007,"Appanoose, IA",2019,400452.0
19007,"Appanoose, IA",2020,403188.0
19007,"Appanoose, IA",2021,446207.0
19007,"Appanoose, IA",2022,403479.0
19007,"Appanoose, IA",2023,385741.0
19007,"Appanoose, IA",2024,382833.0
19009,"Audubon, IA",2019,298650.0
19009,"Audubon, IA",2020,287723.0
19009,"Audubon, IA",2021,318560.0
19009,"Audubon, IA",2022,329550.0
19009,"Audubon, IA",2023,329951.0
19009,"Audubon, IA",2024,350679.0
19011,"Benton, IA",2019,857741.0
19011,"Benton, IA",2020,846384.0
19011,"Benton, IA",2021,915952.0
19011,"Benton, IA",2022,861859.0
19011,"Benton, IA",2023,845949.0
19011,"Benton, IA",2024,850412.0
19013,"Black Hawk, IA",2019,7872282.0
19013,"Black Hawk, IA",2020,7712598.0
19013,"Black Hawk, IA",2021,8164033.0
19013,"Black Hawk, IA",2022,7908976.0
19013,"Black Hawk, IA",2023,7778364.0
19013,"Black Hawk, IA",2024,7574396.0
19015,"Boone, IA",2019,1015153.0
19015,"Boone, IA",2020,1018118.0
19015,"Boone, IA",2021,1071019.0
19015,"Boone, IA",2022,1050545.0
19015,"Boone, IA",2023,1063912.0
19015,"Boone, IA",2024,993019.0
19017,"Bremer, IA",2019,1116145.0
19017,"Bremer, IA",2020,1077594.0
19017,"Bremer, IA",2021,1200191.0
19017,"Bremer, IA",2022,1242031.0
19017,"Bremer, IA",2023,1211668.0
19017,"Bremer, IA",2024,1219738.0
19019,"Buchanan, IA",2019,766635.0
19019,"Buchanan, IA",2020,758103.0
19019,"Buchanan, IA",2021,811025.0
19019,"Buchanan, IA",2022,814725.0
19019,"Buchanan, IA",2023,813337.0
19019,"Buchanan, IA",2024,827056.0
19021,"Buena Vista, IA",2019,1179343.0
19021,"Buena Vista, IA",2020,1233632.0
19021,"Buena Vista, IA",2021,1332742.0
19021,"Buena Vista, IA",2022,1464077.0
19021,"Buena Vista, IA",2023,1438690.0
19021,"Buena Vista, IA",2024,1545409.0
19023,"Butler, IA",2019,415579.0
19023,"Butler, IA",2020,399522.0
19023,"Butler, IA",2021,538350.0
19023,"Butler, IA",2022,547292.0
19023,"Butler, IA",2023,562531.0
19023,"Butler, IA",2024,515993.0
19025,"Calhoun, IA",2019,399331.0
19025,"Calhoun, IA",2020,379460.0
19025,"Calhoun, IA",2021,438092.0
19025,"Calhoun, IA",2022,441673.0
19025,"Calhoun, IA",2023,415119.0
19025,"Calhoun, IA",2024,416525.0
19027,"Carroll, IA",2019,1307243.0
19027,"Carroll, IA",2020,1300799.0
19027,"Carroll, IA",2021,1357263.0
19027,"Carroll, IA",2022,1382448.0
19027,"Carroll, IA",2023,1351948.0
19027,"Carroll, IA",2024,1396164.0
19029,"Cass, IA",2019,665533.0
19029,"Cass, IA",2020,637212.0
19029,"Cass, IA",2021,710340.0
19029,"Cass, IA",2022,700778.0
19029,"Cass, IA",2023,724350.0
19029,"Cass, IA",2024,743875.0
19031,"Cedar, IA",2019,600545.0
19031,"Cedar, IA",2020,564546.0
19031,"Cedar, IA",2021,683174.0
19031,"Cedar, IA",2022,665355.0
19031,"Cedar, IA",2023,620598.0
19031,"Cedar, IA",2024,606436.0
19033,"Cerro Gordo, IA",2019,2426899.0
19033,"Cerro Gordo, IA",2020,2432884.0
19033,"Cerro Gordo, IA",2021,2625338.0
19033,"Cerro Gordo, IA",2022,2673163.0
19033,"Cerro Gordo, IA",2023,2833058.0
19033,"Cerro Gordo, IA",2024,2890284.0
19035,"Cherokee, IA",2019,618322.0
19035,"Cherokee, IA",2020,628398.0
19035,"Cherokee, IA",2021,733317.0
19035,"Cherokee, IA",2022,787059.0
19035,"Cherokee, IA",2023,782684.0
19035,"Cherokee, IA",2024,843091.0
19037,"Chickasaw, IA",2019,631840.0
19037,"Chickasaw, IA",2020,600527.0
19037,"Chickasaw, IA",2021,730694.0
19037,"Chickasaw, IA",2022,776695.0
19037,"Chickasaw, IA",2023,803433.0
19037,"Chickasaw, IA",2024,850368.0
19039,"Clarke, IA",2019,400665.0
19039,"Clarke, IA",2020,396719.0
19039,"Clarke, IA",2021,430871.0
19039,"Clarke, IA",2022,483308.0
19039,"Clarke, IA",2023,461356.0
19039,"Clarke, IA",2024,500842.0
19041,"Clay, IA",2019,1017065.0
19041,"Clay, IA",2020,1011035.0
19041,"Clay, IA",2021,1046618.0
19041,"Clay, IA",2022,1091028.0
19041,"Clay, IA",2023,1098874.0
19041,"Clay, IA",2024,1179968.0
19043,"Clayton, IA",2019,869965.0
19043,"Clayton, IA",2020,814823.0
19043,"Clayton, IA",2021,863991.0
19043,"Clayton, IA",2022,870301.0
19043,"Clayton, IA",2023,849453.0
19043,"Clayton, IA",2024,870450.0
19045,"Clinton, IA",2019,2203019.0
19045,"Clinton, IA",2020,2184145.0
19045,"Clinton, IA",2021,2389718.0
19045,"Clinton, IA",2022,2324697.0
19045,"Clinton, IA",2023,2268439.0
19045,"Clinton, IA",2024,2284327.0
19047,"Crawford, IA",2019,753072.0
19047,"Crawford, IA",2020,720038.0
19047,"Crawford, IA",2021,819286.0
19047,"Crawford, IA",2022,809701.0
19047,"Crawford, IA",2023,834553.0
19047,"Crawford, IA",2024,859893.0
19049,"Dallas, IA",2019,5940730.0
19049,"Dallas, IA",2020,6514851.0
19049,"Dallas, IA",2021,7071880.0
19049,"Dallas, IA",2022,7784145.0
19049,"Dallas, IA",2023,8239465.0
19049,"Dallas, IA",2024,8550013.0
19051,"Davis, IA",2019,259360.0
19051,"Davis, IA",2020,249638.0
19051,"Davis, IA",2021,282791.0
19051,"Davis, IA",2022,307240.0
19051,"Davis, IA",2023,298564.0
19051,"Davis, IA",2024,306801.0
19053,"Decatur, IA",2019,211084.0
19053,"Decatur, IA",2020,206261.0
19053,"Decatur, IA",2021,234063.0
19053,"Decatur, IA",2022,235344.0
19053,"Decatur, IA",2023,214533.0
19053,"Decatur, IA",2024,216787.0
19055,"Delaware, IA",2019,876859.0
19055,"Delaware, IA",2020,884530.0
19055,"Delaware, IA",2021,908027.0
19055,"Delaware, IA",2022,944578.0
19055,"Delaware, IA",2023,922127.0
19055,"Delaware, IA",2024,958351.0
19057,"Des Moines, IA",2019,2183585.0
19057,"Des Moines, IA",2020,2161657.0
19057,"Des Moines, IA",2021,2274399.0
19057,"Des Moines, IA",2022,2147644.0
19057,"Des Moines, IA",2023,2143986.0
19057,"Des Moines, IA",2024,2221427.0
19059,"Dickinson, IA",2019,990158.0
19059,"Dickinson, IA",2020,970483.0
19059,"Dickinson, IA",2021,1065657.0
19059,"Dickinson, IA",2022,1087003.0
19059,"Dickinson, IA",2023,1094202.0
19059,"Dickinson, IA",2024,1179189.0
19061,"Dubuque, IA",2019,6631496.0
19061,"Dubuque, IA",2020,6617948.0
19061,"Dubuque, IA",2021,6808043.0
19061,"Dubuque, IA",2022,6896541.0
19061,"Dubuque, IA",2023,6885958.0
19061,"Dubuque, IA",2024,6926276.0
19063,"Emmet, IA",2019,368397.0
19063,"Emmet, IA",2020,334298.0
19063,"Emmet, IA",2021,391485.0
19063,"Emmet, IA",2022,400102.0
19063,"Emmet, IA",2023,351251.0
19063,"Emmet, IA",2024,392589.0
19065,"Fayette, IA",2019,729466.0
19065,"Fayette, IA",2020,710545.0
19065,"Fayette, IA",2021,750535.0
19065,"Fayette, IA",2022,776930.0
19065,"Fayette, IA",2023,761638.0
19065,"Fayette, IA",2024,800463.0
19067,"Floyd, IA",2019,802934.0
19067,"Floyd, IA",2020,760141.0
19067,"Floyd, IA",2021,870006.0
19067,"Floyd, IA",2022,869677.0
19067,"Floyd, IA",2023,870872.0
19067,"Floyd, IA",2024,917123.0
19069,"Franklin, IA",2019,567976.0
19069,"Franklin, IA",2020,541192.0
19069,"Franklin, IA",2021,644763.0
19069,"Franklin, IA",2022,643923.0
19069,"Franklin, IA",2023,596033.0
19069,"Franklin, IA",2024,594529.0
19071,"Fremont, IA",2019,327643.0
19071,"Fremont, IA",2020,299086.0
19071,"Fremont, IA",2021,356153.0
19071,"Fremont, IA",2022,319130.0
19071,"Fremont, IA",2023,322643.0
19071,"Fremont, IA",2024,291869.0
19073,"Greene, IA",2019,471242.0
19073,"Greene, IA",2020,468877.0
19073,"Greene, IA",2021,571052.0
19073,"Greene, IA",2022,549603.0
19073,"Greene, IA",2023,512549.0
19073,"Greene, IA",2024,540406.0
19075,"Grundy, IA",2019,498151.0
19075,"Grundy, IA",2020,504283.0
19075,"Grundy, IA",2021,599663.0
19075,"Grundy, IA",2022,582188.0
19075,"Grundy, IA",2023,558101.0
19075,"Grundy, IA",2024,539210.0
19077,"Guthrie, IA",2019,420938.0
19077,"Guthrie, IA",2020,455776.0
19077,"Guthrie, IA",2021,508024.0
19077,"Guthrie, IA",2022,519363.0
19077,"Guthrie, IA",2023,514512.0
19077,"Guthrie, IA",2024,567734.0
19079,"Hamilton, IA",2019,761845.0
19079,"Hamilton, IA",2020,677420.0
19079,"Hamilton, IA",2021,788425.0
19079,"Hamilton, IA",2022,849839.0
19079,"Hamilton, IA",2023,804131.0
19079,"Hamilton, IA",2024,854305.0
19081,"Hancock, IA",2019,789918.0
19081,"Hancock, IA",2020,727735.0
19081,"Hancock, IA",2021,891401.0
19081,"Hancock, IA",2022,1004202.0
19081,"Hancock, IA",2023,940844.0
19081,"Hancock, IA",2024,984747.0
19083,"Hardin, IA",2019,794449.0
19083,"Hardin, IA",2020,738108.0
19083,"Hardin, IA",2021,899224.0
19083,"Hardin, IA",2022,952018.0
19083,"Hardin, IA",2023,853203.0
19083,"Hardin, IA",2024,863495.0
19085,"Harrison, IA",2019,444298.0
19085,"Harrison, IA",2020,418700.0
19085,"Harrison, IA",2021,517943.0
19085,"Harrison, IA",2022,533987.0
19085,"Harrison, IA",2023,536677.0
19085,"Harrison, IA",2024,508106.0
19087,"Henry, IA",2019,906734.0
19087,"Henry, IA",2020,915174.0
19087,"Henry, IA",2021,979507.0
19087,"Henry, IA",2022,943226.0
19087,"Henry, IA",2023,885289.0
19087,"Henry, IA",2024,864153.0
19089,"Howard, IA",2019,446456.0
19089,"Howard, IA",2020,440789.0
19089,"Howard, IA",2021,518874.0
19089,"Howard, IA",2022,543801.0
19089,"Howard, IA",2023,549370.0
19089,"Howard, IA",2024,570430.0
19091,"Humboldt, IA",2019,456667.0
19091,"Humboldt, IA",2020,423201.0
19091,"Humboldt, IA",2021,470876.0
19091,"Humboldt, IA",2022,451140.0
19091,"Humboldt, IA",2023,446614.0
19091,"Humboldt, IA",2024,449116.0
19093,"Ida, IA",2019,534923.0
19093,"Ida, IA",2020,584748.0
19093,"Ida, IA",2021,607381.0
19093,"Ida, IA",2022,577720.0
19093,"Ida, IA",2023,557191.0
19093,"Ida, IA",2024,551885.0
19095,"Iowa, IA",2019,1064457.0
19095,"Iowa, IA",2020,962210.0
19095,"Iowa, IA",2021,1057448.0
19095,"Iowa, IA",2022,979313.0
19095,"Iowa, IA",2023,917486.0
19095,"Iowa, IA",2024,907656.0
19097,"Jackson, IA",2019,631622.0
19097,"Jackson, IA",2020,654882.0
19097,"Jackson, IA",2021,663360.0
19097,"Jackson, IA",2022,662916.0
19097,"Jackson, IA",2023,654731.0
19097,"Jackson, IA",2024,682179.0
19099,"Jasper, IA",2019,1214172.0
19099,"Jasper, IA",2020,1178488.0
19099,"Jasper, IA",2021,1272529.0
19099,"Jasper, IA",2022,1167752.0
19099,"Jasper, IA",2023,1143588.0
19099,"Jasper, IA",2024,1137849.0
19101,"Jefferson, IA",2019,704673.0
19101,"Jefferson, IA",2020,675678.0
19101,"Jefferson, IA",2021,736777.0
19101,"Jefferson, IA",2022,763884.0
19101,"Jefferson, IA",2023,739767.0
19101,"Jefferson, IA",2024,709844.0
19103,"Johnson, IA",2019,9625859.0
19103,"Johnson, IA",2020,9368536.0
19103,"Johnson, IA",2021,9680610.0
19103,"Johnson, IA",2022,9608045.0
19103,"Johnson, IA",2023,9723176.0
19103,"Johnson, IA",2024,9887747.0
19105,"Jones, IA",2019,624193.0
19105,"Jones, IA",2020,621578.0
19105,"Jones, IA",2021,669755.0
19105,"Jones, IA",2022,650949.0
19105,"Jones, IA",2023,648697.0
19105,"Jones, IA",2024,631420.0
19107,"Keokuk, IA",2019,332544.0
19107,"Keokuk, IA",2020,310349.0
19107,"Keokuk, IA",2021,347763.0
19107,"Keokuk, IA",2022,345464.0
19107,"Keokuk, IA",2023,327567.0
19107,"Keokuk, IA",2024,326816.0
19109,"Kossuth, IA",2019,882148.0
19109,"Kossuth, IA",2020,806977.0
19109,"Kossuth, IA",2021,1031181.0
19109,"Kossuth, IA",2022,1040619.0
19109,"Kossuth, IA",2023,1006596.0
19109,"Kossuth, IA",2024,1066606.0
19111,"Lee, IA",2019,1770599.0
19111,"Lee, IA",2020,1854877.0
19111,"Lee, IA",2021,1905410.0
19111,"Lee, IA",2022,1752087.0
19111,"Lee, IA",2023,1739653.0
19111,"Lee, IA",2024,1749234.0
19113,"Linn, IA",2019,16813500.0
19113,"Linn, IA",2020,16589410.0
19113,"Linn, IA",2021,17728784.0
19113,"Linn, IA",2022,17591539.0
19113,"Linn, IA",2023,17360484.0
19113,"Linn, IA",2024,17575215.0
19115,"Louisa, IA",2019,706466.0
19115,"Louisa, IA",2020,652436.0
19115,"Louisa, IA",2021,797485.0
19115,"Louisa, IA",2022,752012.0
19115,"Louisa, IA",2023,758281.0
19115,"Louisa, IA",2024,728908.0
19117,"Lucas, IA",2019,307015.0
19117,"Lucas, IA",2020,313353.0
19117,"Lucas, IA",2021,327521.0
19117,"Lucas, IA",2022,295221.0
19117,"Lucas, IA",2023,267567.0
19117,"Lucas, IA",2024,265780.0
19119,"Lyon, IA",2019,816113.0
19119,"Lyon, IA",2020,868530.0
19119,"Lyon, IA",2021,886600.0
19119,"Lyon, IA",2022,980110.0
19119,"Lyon, IA",2023,916631.0
19119,"Lyon, IA",2024,1110011.0
19121,"Madison, IA",2019,417388.0
19121,"Madison, IA",2020,419268.0
19121,"Madison, IA",2021,462076.0
19121,"Madison, IA",2022,489559.0
19121,"Madison, IA",2023,521445.0
19121,"Madison, IA",2024,509936.0
19123,"Mahaska, IA",2019,870577.0
19123,"Mahaska, IA",2020,820083.0
19123,"Mahaska, IA",2021,894066.0
19123,"Mahaska, IA",2022,899793.0
19123,"Mahaska, IA",2023,854821.0
19123,"Mahaska, IA",2024,873915.0
19125,"Marion, IA",2019,2180354.0
19125,"Marion, IA",2020,2105257.0
19125,"Marion, IA",2021,2088609.0
19125,"Marion, IA",2022,2048705.0
19125,"Marion, IA",2023,2136959.0
19125,"Marion, IA",2024,2078419.0
19127,"Marshall, IA",2019,1853257.0
19127,"Marshall, IA",2020,1829028.0
19127,"Marshall, IA",2021,1816698.0
19127,"Marshall, IA",2022,1789575.0
19127,"Marshall, IA",2023,1750980.0
19127,"Marshall, IA",2024,1739482.0
19129,"Mills, IA",2019,604042.0
19129,"Mills, IA",2020,525242.0
19129,"Mills, IA",2021,582319.0
19129,"Mills, IA",2022,516569.0
19129,"Mills, IA",2023,494669.0
19129,"Mills, IA",2024,486633.0
19131,"Mitchell, IA",2019,667774.0
19131,"Mitchell, IA",2020,579845.0
19131,"Mitchell, IA",2021,686575.0
19131,"Mitchell, IA",2022,722686.0
19131,"Mitchell, IA",2023,782404.0
19131,"Mitchell, IA",2024,765437.0
19133,"Monona, IA",2019,316439.0
19133,"Monona, IA",2020,300580.0
19133,"Monona, IA",2021,350324.0
19133,"Monona, IA",2022,341718.0
19133,"Monona, IA",2023,367640.0
19133,"Monona, IA",2024,344000.0
19135,"Monroe, IA",2019,412632.0
19135,"Monroe, IA",2020,408754.0
19135,"Monroe, IA",2021,471711.0
19135,"Monroe, IA",2022,492773.0
19135,"Monroe, IA",2023,491492.0
19135,"Monroe, IA",2024,485114.0
19137,"Montgomery, IA",2019,422516.0
19137,"Montgomery, IA",2020,410334.0
19137,"Montgomery, IA",2021,462284.0
19137,"Montgomery, IA",2022,446958.0
19137,"Montgomery, IA",2023,429233.0
19137,"Montgomery, IA",2024,419234.0
19139,"Muscatine, IA",2019,2578408.0
19139,"Muscatine, IA",2020,2545990.0
19139,"Muscatine, IA",2021,2588316.0
19139,"Muscatine, IA",2022,2593837.0
19139,"Muscatine, IA",2023,2518379.0
19139,"Muscatine, IA",2024,2577854.0
19141,"O'Brien, IA",2019,859390.0
19141,"O'Brien, IA",2020,851790.0
19141,"O'Brien, IA",2021,881414.0
19141,"O'Brien, IA",2022,922145.0
19141,"O'Brien, IA",2023,872063.0
19141,"O'Brien, IA",2024,956767.0
19143,"Osceola, IA",2019,343029.0
19143,"Osceola, IA",2020,330783.0
19143,"Osceola, IA",2021,366895.0
19143,"Osceola, IA",2022,427468.0
19143,"Osceola, IA",2023,375828.0
19143,"Osceola, IA",2024,467536.0
19145,"Page, IA",2019,618136.0
19145,"Page, IA",2020,590022.0
19145,"Page, IA",2021,670118.0
19145,"Page, IA",2022,626396.0
19145,"Page, IA",2023,625686.0
19145,"Page, IA",2024,615018.0
19147,"Palo Alto, IA",2019,505993.0
19147,"Palo Alto, IA",2020,458495.0
19147,"Palo Alto, IA",2021,548734.0
19147,"Palo Alto, IA",2022,608875.0
19147,"Palo Alto, IA",2023,544858.0
19147,"Palo Alto, IA",2024,617067.0
19149,"Plymouth, IA",2019,1403361.0
19149,"Plymouth, IA",2020,1331017.0
19149,"Plymouth, IA",2021,1484195.0
19149,"Plymouth, IA",2022,1613345.0
19149,"Plymouth, IA",2023,1557347.0
19149,"Plymouth, IA",2024,1561144.0
19151,"Pocahontas, IA",2019,527510.0
19151,"Pocahontas, IA",2020,459167.0
19151,"Pocahontas, IA",2021,526796.0
19151,"Pocahontas, IA",2022,532938.0
19151,"Pocahontas, IA",2023,478476.0
19151,"Pocahontas, IA",2024,476013.0
19153,"Polk, IA",2019,44891497.0
19153,"Polk, IA",2020,45811649.0
19153,"Polk, IA",2021,50420264.0
19153,"Polk, IA",2022,49240656.0
19153,"Polk, IA",2023,48962248.0
19153,"Polk, IA",2024,50518845.0
19155,"Pottawattamie, IA",2019,4346909.0
19155,"Pottawattamie, IA",2020,4097120.0
19155,"Pottawattamie, IA",2021,4322099.0
19155,"Pottawattamie, IA",2022,4474506.0
19155,"Pottawattamie, IA",2023,4610420.0
19155,"Pottawattamie, IA",2024,4836746.0
19157,"Poweshiek, IA",2019,1103733.0
19157,"Poweshiek, IA",2020,1135037.0
19157,"Poweshiek, IA",2021,1218732.0
19157,"Poweshiek, IA",2022,1265309.0
19157,"Poweshiek, IA",2023,1206191.0
19157,"Poweshiek, IA",2024,1279070.0
19159,"Ringgold, IA",2019,185442.0
19159,"Ringgold, IA",2020,174616.0
19159,"Ringgold, IA",2021,182823.0
19159,"Ringgold, IA",2022,169682.0
19159,"Ringgold, IA",2023,157905.0
19159,"Ringgold, IA",2024,174755.0
19161,"Sac, IA",2019,500834.0
19161,"Sac, IA",2020,475620.0
19161,"Sac, IA",2021,560784.0
19161,"Sac, IA",2022,581234.0
19161,"Sac, IA",2023,554022.0
19161,"Sac, IA",2024,605476.0
19163,"Scott, IA",2019,9584086.0
19163,"Scott, IA",2020,9434663.0
19163,"Scott, IA",2021,9813086.0
19163,"Scott, IA",2022,9974532.0
19163,"Scott, IA",2023,10270984.0
19163,"Scott, IA",2024,10565169.0
19165,"Shelby, IA",2019,700634.0
19165,"Shelby, IA",2020,664853.0
19165,"Shelby, IA",2021,794864.0
19165,"Shelby, IA",2022,791813.0
19165,"Shelby, IA",2023,816330.0
19165,"Shelby, IA",2024,810198.0
19167,"Sioux, IA",2019,2328709.0
19167,"Sioux, IA",2020,2481100.0
19167,"Sioux, IA",2021,2435929.0
19167,"Sioux, IA",2022,2665245.0
19167,"Sioux, IA",2023,2546037.0
19167,"Sioux, IA",2024,3014989.0
19169,"Story, IA",2019,5634967.0
19169,"Story, IA",2020,5504536.0
19169,"Story, IA",2021,5889275.0
19169,"Story, IA",2022,5871713.0
19169,"Story, IA",2023,5908358.0
19169,"Story, IA",2024,6136665.0
19171,"Tama, IA",2019,606213.0
19171,"Tama, IA",2020,644672.0
19171,"Tama, IA",2021,705000.0
19171,"Tama, IA",2022,690818.0
19171,"Tama, IA",2023,668286.0
19171,"Tama, IA",2024,636320.0
19173,"Taylor, IA",2019,249647.0
19173,"Taylor, IA",2020,243342.0
19173,"Taylor, IA",2021,299988.0
19173,"Taylor, IA",2022,283916.0
19173,"Taylor, IA",2023,273828.0
19173,"Taylor, IA",2024,279166.0
19175,"Union, IA",2019,650615.0
19175,"Union, IA",2020,693536.0
19175,"Union, IA",2021,785005.0
19175,"Union, IA",2022,793251.0
19175,"Union, IA",2023,769095.0
19175,"Union, IA",2024,805377.0
19177,"Van Buren, IA",2019,222050.0
19177,"Van Buren, IA",2020,212321.0
19177,"Van Buren, IA",2021,245294.0
19177,"Van Buren, IA",2022,249611.0
19177,"Van Buren, IA",2023,218338.0
19177,"Van Buren, IA",2024,213355.0
19179,"Wapello, IA",2019,1643259.0
19179,"Wapello, IA",2020,1618427.0
19179,"Wapello, IA",2021,1758331.0
19179,"Wapello, IA",2022,1748943.0
19179,"Wapello, IA",2023,1691547.0
19179,"Wapello, IA",2024,1648497.0
19181,"Warren, IA",2019,1275422.0
19181,"Warren, IA",2020,1269119.0
19181,"Warren, IA",2021,1395228.0
19181,"Warren, IA",2022,1414606.0
19181,"Warren, IA",2023,1397186.0
19181,"Warren, IA",2024,1429806.0
19183,"Washington, IA",2019,1194189.0
19183,"Washington, IA",2020,1028367.0
19183,"Washington, IA",2021,1259693.0
19183,"Washington, IA",2022,1356533.0
19183,"Washington, IA",2023,1257378.0
19183,"Washington, IA",2024,1412399.0
19185,"Wayne, IA",2019,225163.0
19185,"Wayne, IA",2020,216532.0
19185,"Wayne, IA",2021,271814.0
19185,"Wayne, IA",2022,249040.0
19185,"Wayne, IA",2023,235276.0
19185,"Wayne, IA",2024,230960.0
19187,"Webster, IA",2019,2039320.0
19187,"Webster, IA",2020,1953915.0
19187,"Webster, IA",2021,2165409.0
19187,"Webster, IA",2022,2121297.0
19187,"Webster, IA",2023,2093993.0
19187,"Webster, IA",2024,2119925.0
19189,"Winnebago, IA",2019,407301.0
19189,"Winnebago, IA",2020,433465.0
19189,"Winnebago, IA",2021,493793.0
19189,"Winnebago, IA",2022,530668.0
19189,"Winnebago, IA",2023,492037.0
19189,"Winnebago, IA",2024,532596.0
19191,"Winneshiek, IA",2019,968198.0
19191,"Winneshiek, IA",2020,1001137.0
19191,"Winneshiek, IA",2021,1029774.0
19191,"Winneshiek, IA",2022,1011967.0
19191,"Winneshiek, IA",2023,1010914.0
19191,"Winneshiek, IA",2024,1026441.0
19193,"Woodbury, IA",2019,5225638.0
19193,"Woodbury, IA",2020,5111726.0
19193,"Woodbury, IA",2021,5341503.0
19193,"Woodbury, IA",2022,5349084.0
19193,"Woodbury, IA",2023,5424174.0
19193,"Woodbury, IA",2024,5432371.0
19195,"Worth, IA",2019,297632.0
19195,"Worth, IA",2020,290057.0
19195,"Worth, IA",2021,364916.0
19195,"Worth, IA",2022,358636.0
19195,"Worth, IA",2023,367368.0
19195,"Worth, IA",2024,357509.0
19197,"Wright, IA",2019,655364.0
19197,"Wright, IA",2020,623632.0
19197,"Wright, IA",2021,746362.0
19197,"Wright, IA",2022,873877.0
19197,"Wright, IA",2023,832242.0
19197,"Wright, IA",2024,989859.0
20001,"Allen, KS",2019,551914.0
20001,"Allen, KS",2020,549389.0
20001,"Allen, KS",2021,576581.0
20001,"Allen, KS",2022,555178.0
20001,"Allen, KS",2023,561186.0
20001,"Allen, KS",2024,547637.0
20003,"Anderson, KS",2019,265157.0
20003,"Anderson, KS",2020,306308.0
20003,"Anderson, KS",2021,397936.0
20003,"Anderson, KS",2022,350766.0
20003,"Anderson, KS",2023,375929.0
20003,"Anderson, KS",2024,385679.0
20005,"Atchison, KS",2019,707318.0
20005,"Atchison, KS",2020,677647.0
20005,"Atchison, KS",2021,685717.0
20005,"Atchison, KS",2022,609009.0
20005,"Atchison, KS",2023,625065.0
20005,"Atchison, KS",2024,648222.0
20007,"Barber, KS",2019,180411.0
20007,"Barber, KS",2020,184477.0
20007,"Barber, KS",2021,180657.0
20007,"Barber, KS",2022,185555.0
20007,"Barber, KS",2023,206805.0
20007,"Barber, KS",2024,182334.0
20009,"Barton, KS",2019,1224274.0
20009,"Barton, KS",2020,1231756.0
20009,"Barton, KS",2021,1196438.0
20009,"Barton, KS",2022,1194836.0
20009,"Barton, KS",2023,1274681.0
20009,"Barton, KS",2024,1282207.0
20011,"Bourbon, KS",2019,595948.0
20011,"Bourbon, KS",2020,583896.0
20011,"Bourbon, KS",2021,576708.0
20011,"Bourbon, KS",2022,579689.0
20011,"Bourbon, KS",2023,589359.0
20011,"Bourbon, KS",2024,569368.0
20013,"Brown, KS",2019,550049.0
20013,"Brown, KS",2020,524128.0
20013,"Brown, KS",2021,604387.0
20013,"Brown, KS",2022,519115.0
20013,"Brown, KS",2023,507511.0
20013,"Brown, KS",2024,505439.0
20015,"Butler, KS",2019,2474001.0
20015,"Butler, KS",2020,2628827.0
20015,"Butler, KS",2021,2523172.0
20015,"Butler, KS",2022,2630892.0
20015,"Butler, KS",2023,2790534.0
20015,"Butler, KS",2024,2923277.0
20017,"Chase, KS",2019,115583.0
20017,"Chase, KS",2020,130894.0
20017,"Chase, KS",2021,131432.0
20017,"Chase, KS",2022,122011.0
20017,"Chase, KS",2023,125570.0
20017,"Chase, KS",2024,110832.0
20019,"Chautauqua, KS",2019,67682.0
20019,"Chautauqua, KS",2020,70492.0
20019,"Chautauqua, KS",2021,74984.0
20019,"Chautauqua, KS",2022,66034.0
20019,"Chautauqua, KS",2023,80988.0
20019,"Chautauqua, KS",2024,71366.0
20021,"Cherokee, KS",2019,763274.0
20021,"Cherokee, KS",2020,833066.0
20021,"Cherokee, KS",2021,830214.0
20021,"Cherokee, KS",2022,903946.0
20021,"Cherokee, KS",2023,816438.0
20021,"Cherokee, KS",2024,834849.0
20023,"Cheyenne, KS",2019,107943.0
20023,"Cheyenne, KS",2020,125811.0
20023,"Cheyenne, KS",2021,143155.0
20023,"Cheyenne, KS",2022,133325.0
20023,"Cheyenne, KS",2023,130364.0
20023,"Cheyenne, KS",2024,127268.0
20025,"Clark, KS",2019,180941.0
20025,"Clark, KS",2020,191818.0
20025,"Clark, KS",2021,199460.0
20025,"Clark, KS",2022,203129.0
20025,"Clark, KS",2023,223253.0
20025,"Clark, KS",2024,222143.0
20027,"Clay, KS",2019,285735.0
20027,"Clay, KS",2020,283269.0
20027,"Clay, KS",2021,295662.0
20027,"Clay, KS",2022,252215.0
20027,"Clay, KS",2023,270640.0
20027,"Clay, KS",2024,261665.0
20029,"Cloud, KS",2019,385094.0
20029,"Cloud, KS",2020,392277.0
20029,"Cloud, KS",2021,411821.0
20029,"Cloud, KS",2022,395704.0
20029,"Cloud, KS",2023,438552.0
20029,"Cloud, KS",2024,400795.0
20031,"Coffey, KS",2019,813213.0
20031,"Coffey, KS",2020,869765.0
20031,"Coffey, KS",2021,735152.0
20031,"Coffey, KS",2022,682780.0
20031,"Coffey, KS",2023,755911.0
20031,"Coffey, KS",2024,715230.0
20033,"Comanche, KS",2019,55384.0
20033,"Comanche, KS",2020,52416.0
20033,"Comanche, KS",2021,52760.0
20033,"Comanche, KS",2022,50524.0
20033,"Comanche, KS",2023,71088.0
20033,"Comanche, KS",2024,56284.0
20035,"Cowley, KS",2019,1279888.0
20035,"Cowley, KS",2020,1219244.0
20035,"Cowley, KS",2021,1314720.0
20035,"Cowley, KS",2022,1307949.0
20035,"Cowley, KS",2023,1319561.0
20035,"Cowley, KS",2024,1284209.0
20037,"Crawford, KS",2019,1714946.0
20037,"Crawford, KS",2020,1644089.0
20037,"Crawford, KS",2021,1683410.0
20037,"Crawford, KS",2022,1664498.0
20037,"Crawford, KS",2023,1679055.0
20037,"Crawford, KS",2024,1634395.0
20039,"Decatur, KS",2019,112331.0
20039,"Decatur, KS",2020,140469.0
20039,"Decatur, KS",2021,139448.0
20039,"Decatur, KS",2022,189863.0
20039,"Decatur, KS",2023,160132.0
20039,"Decatur, KS",2024,167864.0
20041,"Dickinson, KS",2019,640330.0
20041,"Dickinson, KS",2020,611905.0
20041,"Dickinson, KS",2021,690468.0
20041,"Dickinson, KS",2022,643146.0
20041,"Dickinson, KS",2023,655948.0
20041,"Dickinson, KS",2024,633380.0
20043,"Doniphan, KS",2019,291190.0
20043,"Doniphan, KS",2020,272046.0
20043,"Doniphan, KS",2021,293170.0
20043,"Doniphan, KS",2022,249033.0
20043,"Doniphan, KS",2023,247568.0
20043,"Doniphan, KS",2024,260913.0
20045,"Douglas, KS",2019,5141968.0
20045,"Douglas, KS",2020,4979762.0
20045,"Douglas, KS",2021,5119319.0
20045,"Douglas, KS",2022,5225472.0
20045,"Douglas, KS",2023,5324517.0
20045,"Douglas, KS",2024,5496976.0
20047,"Edwards, KS",2019,166786.0
20047,"Edwards, KS",2020,165953.0
20047,"Edwards, KS",2021,160324.0
20047,"Edwards, KS",2022,138835.0
20047,"Edwards, KS",2023,161984.0
20047,"Edwards, KS",2024,175910.0
20049,"Elk, KS",2019,76736.0
20049,"Elk, KS",2020,76579.0
20049,"Elk, KS",2021,74672.0
20049,"Elk, KS",2022,73210.0
20049,"Elk, KS",2023,88555.0
20049,"Elk, KS",2024,79957.0
20051,"Ellis, KS",2019,1555218.0
20051,"Ellis, KS",2020,1564614.0
20051,"Ellis, KS",2021,1658479.0
20051,"Ellis, KS",2022,1641196.0
20051,"Ellis, KS",2023,1744405.0
20051,"Ellis, KS",2024,1650991.0
20053,"Ellsworth, KS",2019,270099.0
20053,"Ellsworth, KS",2020,275296.0
20053,"Ellsworth, KS",2021,270053.0
20053,"Ellsworth, KS",2022,260265.0
20053,"Ellsworth, KS",2023,281755.0
20053,"Ellsworth, KS",2024,239091.0
20055,"Finney, KS",2019,2132769.0
20055,"Finney, KS",2020,2141755.0
20055,"Finney, KS",2021,2274624.0
20055,"Finney, KS",2022,2295120.0
20055,"Finney, KS",2023,2357072.0
20055,"Finney, KS",2024,2403822.0
20057,"Ford, KS",2019,2189045.0
20057,"Ford, KS",2020,2233974.0
20057,"Ford, KS",2021,2394868.0
20057,"Ford, KS",2022,2621731.0
20057,"Ford, KS",2023,2618538.0
20057,"Ford, KS",2024,2550024.0
20059,"Franklin, KS",2019,900359.0
20059,"Franklin, KS",2020,873622.0
20059,"Franklin, KS",2021,899313.0
20059,"Franklin, KS",2022,860676.0
20059,"Franklin, KS",2023,866831.0
20059,"Franklin, KS",2024,855043.0
20061,"Geary, KS",2019,2906354.0
20061,"Geary, KS",2020,2921734.0
20061,"Geary, KS",2021,2999942.0
20061,"Geary, KS",2022,2961900.0
20061,"Geary, KS",2023,2900851.0
20061,"Geary, KS",2024,2919500.0
20063,"Gove, KS",2019,149555.0
20063,"Gove, KS",2020,163562.0
20063,"Gove, KS",2021,197857.0
20063,"Gove, KS",2022,217157.0
20063,"Gove, KS",2023,242888.0
20063,"Gove, KS",2024,221553.0
20065,"Graham, KS",2019,121237.0
20065,"Graham, KS",2020,124894.0
20065,"Graham, KS",2021,146497.0
20065,"Graham, KS",2022,138087.0
20065,"Graham, KS",2023,173710.0
20065,"Graham, KS",2024,144538.0
20067,"Grant, KS",2019,392630.0
20067,"Grant, KS",2020,479012.0
20067,"Grant, KS",2021,415335.0
20067,"Grant, KS",2022,359008.0
20067,"Grant, KS",2023,385580.0
20067,"Grant, KS",2024,504917.0
20069,"Gray, KS",2019,583704.0
20069,"Gray, KS",2020,604688.0
20069,"Gray, KS",2021,564489.0
20069,"Gray, KS",2022,559830.0
20069,"Gray, KS",2023,641561.0
20069,"Gray, KS",2024,757759.0
20071,"Greeley, KS",2019,121502.0
20071,"Greeley, KS",2020,149914.0
20071,"Greeley, KS",2021,150174.0
20071,"Greeley, KS",2022,157683.0
20071,"Greeley, KS",2023,130542.0
20071,"Greeley, KS",2024,210047.0
20073,"Greenwood, KS",2019,152912.0
20073,"Greenwood, KS",2020,154022.0
20073,"Greenwood, KS",2021,147211.0
20073,"Greenwood, KS",2022,138463.0
20073,"Greenwood, KS",2023,181165.0
20073,"Greenwood, KS",2024,167793.0
20075,"Hamilton, KS",2019,212973.0
20075,"Hamilton, KS",2020,243824.0
20075,"Hamilton, KS",2021,175095.0
20075,"Hamilton, KS",2022,168119.0
20075,"Hamilton, KS",2023,206933.0
20075,"Hamilton, KS",2024,321817.0
20077,"Harper, KS",2019,273115.0
20077,"Harper, KS",2020,274601.0
20077,"Harper, KS",2021,282676.0
20077,"Harper, KS",2022,275728.0
20077,"Harper, KS",2023,296533.0
20077,"Harper, KS",2024,326597.0
20079,"Harvey, KS",2019,1344439.0
20079,"Harvey, KS",2020,1285528.0
20079,"Harvey, KS",2021,1363635.0
20079,"Harvey, KS",2022,1306484.0
20079,"Harvey, KS",2023,1342136.0
20079,"Harvey, KS",2024,1314379.0
20081,"Haskell, KS",2019,267440.0
20081,"Haskell, KS",2020,344565.0
20081,"Haskell, KS",2021,297955.0
20081,"Haskell, KS",2022,264944.0
20081,"Haskell, KS",2023,368389.0
20081,"Haskell, KS",2024,412029.0
20083,"Hodgeman, KS",2019,106072.0
20083,"Hodgeman, KS",2020,118824.0
20083,"Hodgeman, KS",2021,109488.0
20083,"Hodgeman, KS",2022,100368.0
20083,"Hodgeman, KS",2023,135939.0
20083,"Hodgeman, KS",2024,154937.0
20085,"Jackson, KS",2019,363554.0
20085,"Jackson, KS",2020,363491.0
20085,"Jackson, KS",2021,405550.0
20085,"Jackson, KS",2022,314379.0
20085,"Jackson, KS",2023,340780.0
20085,"Jackson, KS",2024,336935.0
20087,"Jefferson, KS",2019,420443.0
20087,"Jefferson, KS",2020,431712.0
20087,"Jefferson, KS",2021,434608.0
20087,"Jefferson, KS",2022,376310.0
20087,"Jefferson, KS",2023,371391.0
20087,"Jefferson, KS",2024,361481.0
20089,"Jewell, KS",2019,107778.0
20089,"Jewell, KS",2020,110459.0
20089,"Jewell, KS",2021,119574.0
20089,"Jewell, KS",2022,75319.0
20089,"Jewell, KS",2023,132356.0
20089,"Jewell, KS",2024,105872.0
20091,"Johnson, KS",2019,50526033.0
20091,"Johnson, KS",2020,49490369.0
20091,"Johnson, KS",2021,50415266.0
20091,"Johnson, KS",2022,56310674.0
20091,"Johnson, KS",2023,54062956.0
20091,"Johnson, KS",2024,54055349.0
20093,"Kearny, KS",2019,182708.0
20093,"Kearny, KS",2020,203394.0
20093,"Kearny, KS",2021,214484.0
20093,"Kearny, KS",2022,177959.0
20093,"Kearny, KS",2023,207395.0
20093,"Kearny, KS",2024,193851.0
20095,"Kingman, KS",2019,275955.0
20095,"Kingman, KS",2020,349802.0
20095,"Kingman, KS",2021,314557.0
20095,"Kingman, KS",2022,285651.0
20095,"Kingman, KS",2023,312429.0
20095,"Kingman, KS",2024,253966.0
20097,"Kiowa, KS",2019,113484.0
20097,"Kiowa, KS",2020,134109.0
20097,"Kiowa, KS",2021,129759.0
20097,"Kiowa, KS",2022,104895.0
20097,"Kiowa, KS",2023,111653.0
20097,"Kiowa, KS",2024,101298.0
20099,"Labette, KS",2019,840732.0
20099,"Labette, KS",2020,812402.0
20099,"Labette, KS",2021,793508.0
20099,"Labette, KS",2022,815513.0
20099,"Labette, KS",2023,802620.0
20099,"Labette, KS",2024,810055.0
20101,"Lane, KS",2019,106789.0
20101,"Lane, KS",2020,115741.0
20101,"Lane, KS",2021,110426.0
20101,"Lane, KS",2022,118874.0
20101,"Lane, KS",2023,148570.0
20101,"Lane, KS",2024,137471.0
20103,"Leavenworth, KS",2019,2869982.0
20103,"Leavenworth, KS",2020,2898395.0
20103,"Leavenworth, KS",2021,2985140.0
20103,"Leavenworth, KS",2022,2928629.0
20103,"Leavenworth, KS",2023,2984409.0
20103,"Leavenworth, KS",2024,3120908.0
20105,"Lincoln, KS",2019,104788.0
20105,"Lincoln, KS",2020,131418.0
20105,"Lincoln, KS",2021,123833.0
20105,"Lincoln, KS",2022,112546.0
20105,"Lincoln, KS",2023,146252.0
20105,"Lincoln, KS",2024,112542.0
20107,"Linn, KS",2019,483785.0
20107,"Linn, KS",2020,519354.0
20107,"Linn, KS",2021,494925.0
20107,"Linn, KS",2022,484495.0
20107,"Linn, KS",2023,510224.0
20107,"Linn, KS",2024,439312.0
20109,"Logan, KS",2019,143136.0
20109,"Logan, KS",2020,153303.0
20109,"Logan, KS",2021,156007.0
20109,"Logan, KS",2022,164427.0
20109,"Logan, KS",2023,161726.0
20109,"Logan, KS",2024,167722.0
20111,"Lyon, KS",2019,1436372.0
20111,"Lyon, KS",2020,1395676.0
20111,"Lyon, KS",2021,1455353.0
20111,"Lyon, KS",2022,1514323.0
20111,"Lyon, KS",2023,1603033.0
20111,"Lyon, KS",2024,1552118.0
20113,"McPherson, KS",2019,2161455.0
20113,"McPherson, KS",2020,2021566.0
20113,"McPherson, KS",2021,1860268.0
20113,"McPherson, KS",2022,1938876.0
20113,"McPherson, KS",2023,2015532.0
20113,"McPherson, KS",2024,2078239.0
20115,"Marion, KS",2019,399812.0
20115,"Marion, KS",2020,392063.0
20115,"Marion, KS",2021,387940.0
20115,"Marion, KS",2022,365555.0
20115,"Marion, KS",2023,417942.0
20115,"Marion, KS",2024,403204.0
20117,"Marshall, KS",2019,541921.0
20117,"Marshall, KS",2020,540598.0
20117,"Marshall, KS",2021,546008.0
20117,"Marshall, KS",2022,561308.0
20117,"Marshall, KS",2023,559981.0
20117,"Marshall, KS",2024,546044.0
20119,"Meade, KS",2019,235520.0
20119,"Meade, KS",2020,227904.0
20119,"Meade, KS",2021,252417.0
20119,"Meade, KS",2022,181252.0
20119,"Meade, KS",2023,205017.0
20119,"Meade, KS",2024,238192.0
20121,"Miami, KS",2019,968402.0
20121,"Miami, KS",2020,965524.0
20121,"Miami, KS",2021,989476.0
20121,"Miami, KS",2022,1010544.0
20121,"Miami, KS",2023,1037943.0
20121,"Miami, KS",2024,1086771.0
20123,"Mitchell, KS",2019,437134.0
20123,"Mitchell, KS",2020,489430.0
20123,"Mitchell, KS",2021,502818.0
20123,"Mitchell, KS",2022,448336.0
20123,"Mitchell, KS",2023,518129.0
20123,"Mitchell, KS",2024,468450.0
20125,"Montgomery, KS",2019,1757392.0
20125,"Montgomery, KS",2020,1952680.0
20125,"Montgomery, KS",2021,1889643.0
20125,"Montgomery, KS",2022,2072527.0
20125,"Montgomery, KS",2023,2143349.0
20125,"Montgomery, KS",2024,2305369.0
20127,"Morris, KS",2019,182473.0
20127,"Morris, KS",2020,191365.0
20127,"Morris, KS",2021,189407.0
20127,"Morris, KS",2022,179331.0
20127,"Morris, KS",2023,207835.0
20127,"Morris, KS",2024,183568.0
20129,"Morton, KS",2019,119248.0
20129,"Morton, KS",2020,137193.0
20129,"Morton, KS",2021,144645.0
20129,"Morton, KS",2022,119547.0
20129,"Morton, KS",2023,150586.0
20129,"Morton, KS",2024,168025.0
20131,"Nemaha, KS",2019,453718.0
20131,"Nemaha, KS",2020,502784.0
20131,"Nemaha, KS",2021,536902.0
20131,"Nemaha, KS",2022,496428.0
20131,"Nemaha, KS",2023,500177.0
20131,"Nemaha, KS",2024,490245.0
20133,"Neosho, KS",2019,597263.0
20133,"Neosho, KS",2020,560877.0
20133,"Neosho, KS",2021,582147.0
20133,"Neosho, KS",2022,573847.0
20133,"Neosho, KS",2023,612119.0
20133,"Neosho, KS",2024,600921.0
20135,"Ness, KS",2019,172515.0
20135,"Ness, KS",2020,178647.0
20135,"Ness, KS",2021,185542.0
20135,"Ness, KS",2022,179882.0
20135,"Ness, KS",2023,216138.0
20135,"Ness, KS",2024,182140.0
20137,"Norton, KS",2019,223558.0
20137,"Norton, KS",2020,249339.0
20137,"Norton, KS",2021,257964.0
20137,"Norton, KS",2022,273004.0
20137,"Norton, KS",2023,301208.0
20137,"Norton, KS",2024,275898.0
20139,"Osage, KS",2019,317916.0
20139,"Osage, KS",2020,322221.0
20139,"Osage, KS",2021,331701.0
20139,"Osage, KS",2022,291408.0
20139,"Osage, KS",2023,314556.0
20139,"Osage, KS",2024,308377.0
20141,"Osborne, KS",2019,170383.0
20141,"Osborne, KS",2020,171105.0
20141,"Osborne, KS",2021,168317.0
20141,"Osborne, KS",2022,148844.0
20141,"Osborne, KS",2023,192046.0
20141,"Osborne, KS",2024,139860.0
20143,"Ottawa, KS",2019,114215.0
20143,"Ottawa, KS",2020,122577.0
20143,"Ottawa, KS",2021,131979.0
20143,"Ottawa, KS",2022,119308.0
20143,"Ottawa, KS",2023,133459.0
20143,"Ottawa, KS",2024,107738.0
20145,"Pawnee, KS",2019,274557.0
20145,"Pawnee, KS",2020,275811.0
20145,"Pawnee, KS",2021,275730.0
20145,"Pawnee, KS",2022,239248.0
20145,"Pawnee, KS",2023,270551.0
20145,"Pawnee, KS",2024,266772.0
20147,"Phillips, KS",2019,343281.0
20147,"Phillips, KS",2020,375698.0
20147,"Phillips, KS",2021,381356.0
20147,"Phillips, KS",2022,383732.0
20147,"Phillips, KS",2023,430720.0
20147,"Phillips, KS",2024,456444.0
20149,"Pottawatomie, KS",2019,1226431.0
20149,"Pottawatomie, KS",2020,1223367.0
20149,"Pottawatomie, KS",2021,1312679.0
20149,"Pottawatomie, KS",2022,1299860.0
20149,"Pottawatomie, KS",2023,1176737.0
20149,"Pottawatomie, KS",2024,1176120.0
20151,"Pratt, KS",2019,579869.0
20151,"Pratt, KS",2020,568061.0
20151,"Pratt, KS",2021,578786.0
20151,"Pratt, KS",2022,548772.0
20151,"Pratt, KS",2023,579066.0
20151,"Pratt, KS",2024,581524.0
20153,"Rawlins, KS",2019,105392.0
20153,"Rawlins, KS",2020,138789.0
20153,"Rawlins, KS",2021,163573.0
20153,"Rawlins, KS",2022,190989.0
20153,"Rawlins, KS",2023,120750.0
20153,"Rawlins, KS",2024,128661.0
20155,"Reno, KS",2019,2569843.0
20155,"Reno, KS",2020,2544478.0
20155,"Reno, KS",2021,2593136.0
20155,"Reno, KS",2022,2543232.0
20155,"Reno, KS",2023,2627019.0
20155,"Reno, KS",2024,2638151.0
20157,"Republic, KS",2019,205556.0
20157,"Republic, KS",2020,201324.0
20157,"Republic, KS",2021,216716.0
20157,"Republic, KS",2022,158728.0
20157,"Republic, KS",2023,244250.0
20157,"Republic, KS",2024,291215.0
20159,"Rice, KS",2019,567124.0
20159,"Rice, KS",2020,513570.0
20159,"Rice, KS",2021,621096.0
20159,"Rice, KS",2022,664539.0
20159,"Rice, KS",2023,710983.0
20159,"Rice, KS",2024,738363.0
20161,"Riley, KS",2019,2740366.0
20161,"Riley, KS",2020,2674673.0
20161,"Riley, KS",2021,2775185.0
20161,"Riley, KS",2022,2843485.0
20161,"Riley, KS",2023,2926812.0
20161,"Riley, KS",2024,2953476.0
20163,"Rooks, KS",2019,177256.0
20163,"Rooks, KS",2020,186499.0
20163,"Rooks, KS",2021,192171.0
20163,"Rooks, KS",2022,162407.0
20163,"Rooks, KS",2023,215887.0
20163,"Rooks, KS",2024,180317.0
20165,"Rush, KS",2019,146558.0
20165,"Rush, KS",2020,144224.0
20165,"Rush, KS",2021,157046.0
20165,"Rush, KS",2022,126938.0
20165,"Rush, KS",2023,161789.0
20165,"Rush, KS",2024,150428.0
20167,"Russell, KS",2019,252711.0
20167,"Russell, KS",2020,260737.0
20167,"Russell, KS",2021,280407.0
20167,"Russell, KS",2022,254945.0
20167,"Russell, KS",2023,307656.0
20167,"Russell, KS",2024,277818.0
20169,"Saline, KS",2019,2884585.0
20169,"Saline, KS",2020,2673412.0
20169,"Saline, KS",2021,2882316.0
20169,"Saline, KS",2022,2931250.0
20169,"Saline, KS",2023,2929745.0
20169,"Saline, KS",2024,2962118.0
20171,"Scott, KS",2019,272373.0
20171,"Scott, KS",2020,352069.0
20171,"Scott, KS",2021,322825.0
20171,"Scott, KS",2022,330276.0
20171,"Scott, KS",2023,373172.0
20171,"Scott, KS",2024,430339.0
20173,"Sedgwick, KS",2019,31227394.0
20173,"Sedgwick, KS",2020,29342721.0
20173,"Sedgwick, KS",2021,29959298.0
20173,"Sedgwick, KS",2022,31791830.0
20173,"Sedgwick, KS",2023,32860372.0
20173,"Sedgwick, KS",2024,33351338.0
20175,"Seward, KS",2019,1162506.0
20175,"Seward, KS",2020,1204009.0
20175,"Seward, KS",2021,1312275.0
20175,"Seward, KS",2022,1311622.0
20175,"Seward, KS",2023,1326803.0
20175,"Seward, KS",2024,1352889.0
20177,"Shawnee, KS",2019,10399132.0
20177,"Shawnee, KS",2020,10254828.0
20177,"Shawnee, KS",2021,10712698.0
20177,"Shawnee, KS",2022,10925253.0
20177,"Shawnee, KS",2023,11353984.0
20177,"Shawnee, KS",2024,11434085.0
20179,"Sheridan, KS",2019,100657.0
20179,"Sheridan, KS",2020,147815.0
20179,"Sheridan, KS",2021,141222.0
20179,"Sheridan, KS",2022,147432.0
20179,"Sheridan, KS",2023,172523.0
20179,"Sheridan, KS",2024,166697.0
20181,"Sherman, KS",2019,272925.0
20181,"Sherman, KS",2020,294750.0
20181,"Sherman, KS",2021,318067.0
20181,"Sherman, KS",2022,324025.0
20181,"Sherman, KS",2023,317727.0
20181,"Sherman, KS",2024,300943.0
20183,"Smith, KS",2019,155600.0
20183,"Smith, KS",2020,172720.0
20183,"Smith, KS",2021,194212.0
20183,"Smith, KS",2022,151510.0
20183,"Smith, KS",2023,187238.0
20183,"Smith, KS",2024,159083.0
20185,"Stafford, KS",2019,163503.0
20185,"Stafford, KS",2020,177912.0
20185,"Stafford, KS",2021,174298.0
20185,"Stafford, KS",2022,144538.0
20185,"Stafford, KS",2023,196962.0
20185,"Stafford, KS",2024,222260.0
20187,"Stanton, KS",2019,190537.0
20187,"Stanton, KS",2020,199728.0
20187,"Stanton, KS",2021,207800.0
20187,"Stanton, KS",2022,189317.0
20187,"Stanton, KS",2023,179294.0
20187,"Stanton, KS",2024,172433.0
20189,"Stevens, KS",2019,287986.0
20189,"Stevens, KS",2020,320035.0
20189,"Stevens, KS",2021,352832.0
20189,"Stevens, KS",2022,291230.0
20189,"Stevens, KS",2023,341812.0
20189,"Stevens, KS",2024,380976.0
20191,"Sumner, KS",2019,722020.0
20191,"Sumner, KS",2020,685224.0
20191,"Sumner, KS",2021,704064.0
20191,"Sumner, KS",2022,709754.0
20191,"Sumner, KS",2023,727079.0
20191,"Sumner, KS",2024,671445.0
20193,"Thomas, KS",2019,505238.0
20193,"Thomas, KS",2020,586211.0
20193,"Thomas, KS",2021,649045.0
20193,"Thomas, KS",2022,698365.0
20193,"Thomas, KS",2023,717230.0
20193,"Thomas, KS",2024,712429.0
20195,"Trego, KS",2019,156452.0
20195,"Trego, KS",2020,157942.0
20195,"Trego, KS",2021,163653.0
20195,"Trego, KS",2022,153490.0
20195,"Trego, KS",2023,176017.0
20195,"Trego, KS",2024,141923.0
20197,"Wabaunsee, KS",2019,145762.0
20197,"Wabaunsee, KS",2020,143006.0
20197,"Wabaunsee, KS",2021,146932.0
20197,"Wabaunsee, KS",2022,129639.0
20197,"Wabaunsee, KS",2023,142440.0
20197,"Wabaunsee, KS",2024,131655.0
20199,"Wallace, KS",2019,88760.0
20199,"Wallace, KS",2020,95901.0
20199,"Wallace, KS",2021,95031.0
20199,"Wallace, KS",2022,102290.0
20199,"Wallace, KS",2023,81026.0
20199,"Wallace, KS",2024,102254.0
20201,"Washington, KS",2019,211169.0
20201,"Washington, KS",2020,232656.0
20201,"Washington, KS",2021,230641.0
20201,"Washington, KS",2022,174042.0
20201,"Washington, KS",2023,207963.0
20201,"Washington, KS",2024,213359.0
20203,"Wichita, KS",2019,212402.0
20203,"Wichita, KS",2020,211791.0
20203,"Wichita, KS",2021,203011.0
20203,"Wichita, KS",2022,191502.0
20203,"Wichita, KS",2023,233799.0
20203,"Wichita, KS",2024,266361.0
20205,"Wilson, KS",2019,320355.0
20205,"Wilson, KS",2020,297553.0
20205,"Wilson, KS",2021,317487.0
20205,"Wilson, KS",2022,312348.0
20205,"Wilson, KS",2023,318072.0
20205,"Wilson, KS",2024,296719.0
20207,"Woodson, KS",2019,74359.0
20207,"Woodson, KS",2020,74918.0
20207,"Woodson, KS",2021,75399.0
20207,"Woodson, KS",2022,66048.0
20207,"Woodson, KS",2023,83789.0
20207,"Woodson, KS",2024,73623.0
20209,"Wyandotte, KS",2019,11532339.0
20209,"Wyandotte, KS",2020,11063705.0
20209,"Wyandotte, KS",2021,11138556.0
20209,"Wyandotte, KS",2022,11585775.0
20209,"Wyandotte, KS",2023,11812791.0
20209,"Wyandotte, KS",2024,12130713.0
21001,"Adair, KY",2019,376062.0
21001,"Adair, KY",2020,376357.0
21001,"Adair, KY",2021,384421.0
21001,"Adair, KY",2022,395045.0
21001,"Adair, KY",2023,420635.0
21001,"Adair, KY",2024,434091.0
21003,"Allen, KY",2019,475603.0
21003,"Allen, KY",2020,439059.0
21003,"Allen, KY",2021,471909.0
21003,"Allen, KY",2022,510534.0
21003,"Allen, KY",2023,475124.0
21003,"Allen, KY",2024,481886.0
21005,"Anderson, KY",2019,560616.0
21005,"Anderson, KY",2020,552029.0
21005,"Anderson, KY",2021,566759.0
21005,"Anderson, KY",2022,577769.0
21005,"Anderson, KY",2023,613627.0
21005,"Anderson, KY",2024,637832.0
21007,"Ballard, KY",2019,211651.0
21007,"Ballard, KY",2020,215591.0
21007,"Ballard, KY",2021,242692.0
21007,"Ballard, KY",2022,243726.0
21007,"Ballard, KY",2023,266912.0
21007,"Ballard, KY",2024,273817.0
21009,"Barren, KY",2019,1448474.0
21009,"Barren, KY",2020,1379521.0
21009,"Barren, KY",2021,1402386.0
21009,"Barren, KY",2022,1402133.0
21009,"Barren, KY",2023,1408448.0
21009,"Barren, KY",2024,1452509.0
21011,"Bath, KY",2019,206644.0
21011,"Bath, KY",2020,192875.0
21011,"Bath, KY",2021,191801.0
21011,"Bath, KY",2022,204128.0
21011,"Bath, KY",2023,202243.0
21011,"Bath, KY",2024,200665.0
21013,"Bell, KY",2019,751184.0
21013,"Bell, KY",2020,712249.0
21013,"Bell, KY",2021,733431.0
21013,"Bell, KY",2022,731408.0
21013,"Bell, KY",2023,774742.0
21013,"Bell, KY",2024,774733.0
21015,"Boone, KY",2019,11726269.0
21015,"Boone, KY",2020,11761222.0
21015,"Boone, KY",2021,12317607.0
21015,"Boone, KY",2022,12415541.0
21015,"Boone, KY",2023,12448247.0
21015,"Boone, KY",2024,12373703.0
21017,"Bourbon, KY",2019,954784.0
21017,"Bourbon, KY",2020,860784.0
21017,"Bourbon, KY",2021,892397.0
21017,"Bourbon, KY",2022,895931.0
21017,"Bourbon, KY",2023,933305.0
21017,"Bourbon, KY",2024,1032162.0
21019,"Boyd, KY",2019,3432645.0
21019,"Boyd, KY",2020,2751164.0
21019,"Boyd, KY",2021,2907984.0
21019,"Boyd, KY",2022,2604580.0
21019,"Boyd, KY",2023,2801875.0
21019,"Boyd, KY",2024,2927963.0
21021,"Boyle, KY",2019,1253677.0
21021,"Boyle, KY",2020,1199232.0
21021,"Boyle, KY",2021,1234832.0
21021,"Boyle, KY",2022,1297149.0
21021,"Boyle, KY",2023,1332560.0
21021,"Boyle, KY",2024,1364960.0
21023,"Bracken, KY",2019,156654.0
21023,"Bracken, KY",2020,154630.0
21023,"Bracken, KY",2021,166578.0
21023,"Bracken, KY",2022,166239.0
21023,"Bracken, KY",2023,164679.0
21023,"Bracken, KY",2024,162811.0
21025,"Breathitt, KY",2019,227872.0
21025,"Breathitt, KY",2020,204579.0
21025,"Breathitt, KY",2021,206906.0
21025,"Breathitt, KY",2022,220758.0
21025,"Breathitt, KY",2023,226488.0
21025,"Breathitt, KY",2024,239425.0
21027,"Breckinridge, KY",2019,392284.0
21027,"Breckinridge, KY",2020,374641.0
21027,"Breckinridge, KY",2021,409093.0
21027,"Breckinridge, KY",2022,390970.0
21027,"Breckinridge, KY",2023,392415.0
21027,"Breckinridge, KY",2024,402468.0
21029,"Bullitt, KY",2019,2521904.0
21029,"Bullitt, KY",2020,2563097.0
21029,"Bullitt, KY",2021,2739130.0
21029,"Bullitt, KY",2022,2829369.0
21029,"Bullitt, KY",2023,2744857.0
21029,"Bullitt, KY",2024,2825245.0
21031,"Butler, KY",2019,303581.0
21031,"Butler, KY",2020,292900.0
21031,"Butler, KY",2021,305094.0
21031,"Butler, KY",2022,297106.0
21031,"Butler, KY",2023,312837.0
21031,"Butler, KY",2024,323472.0
21033,"Caldwell, KY",2019,389966.0
21033,"Caldwell, KY",2020,389378.0
21033,"Caldwell, KY",2021,425089.0
21033,"Caldwell, KY",2022,431393.0
21033,"Caldwell, KY",2023,435418.0
21033,"Caldwell, KY",2024,430113.0
21035,"Calloway, KY",2019,1452569.0
21035,"Calloway, KY",2020,1411779.0
21035,"Calloway, KY",2021,1416582.0
21035,"Calloway, KY",2022,1406427.0
21035,"Calloway, KY",2023,1439138.0
21035,"Calloway, KY",2024,1463124.0
21037,"Campbell, KY",2019,3468795.0
21037,"Campbell, KY",2020,3381939.0
21037,"Campbell, KY",2021,3522721.0
21037,"Campbell, KY",2022,3636441.0
21037,"Campbell, KY",2023,3831910.0
21037,"Campbell, KY",2024,3935227.0
21039,"Carlisle, KY",2019,166585.0
21039,"Carlisle, KY",2020,158549.0
21039,"Carlisle, KY",2021,176872.0
21039,"Carlisle, KY",2022,174638.0
21039,"Carlisle, KY",2023,203531.0
21039,"Carlisle, KY",2024,198271.0
21041,"Carroll, KY",2019,2051264.0
21041,"Carroll, KY",2020,1779605.0
21041,"Carroll, KY",2021,1855628.0
21041,"Carroll, KY",2022,1862005.0
21041,"Carroll, KY",2023,1767797.0
21041,"Carroll, KY",2024,1764934.0
21043,"Carter, KY",2019,491144.0
21043,"Carter, KY",2020,491710.0
21043,"Carter, KY",2021,491928.0
21043,"Carter, KY",2022,499973.0
21043,"Carter, KY",2023,512630.0
21043,"Carter, KY",2024,515336.0
21045,"Casey, KY",2019,328604.0
21045,"Casey, KY",2020,344617.0
21045,"Casey, KY",2021,345756.0
21045,"Casey, KY",2022,335057.0
21045,"Casey, KY",2023,355533.0
21045,"Casey, KY",2024,357135.0
21047,"Christian, KY",2019,5803786.0
21047,"Christian, KY",2020,5875179.0
21047,"Christian, KY",2021,6085940.0
21047,"Christian, KY",2022,6096262.0
21047,"Christian, KY",2023,6216465.0
21047,"Christian, KY",2024,6145169.0
21049,"Clark, KY",2019,1553674.0
21049,"Clark, KY",2020,1479016.0
21049,"Clark, KY",2021,1517047.0
21049,"Clark, KY",2022,1549478.0
21049,"Clark, KY",2023,1531482.0
21049,"Clark, KY",2024,1594843.0
21051,"Clay, KY",2019,344439.0
21051,"Clay, KY",2020,355579.0
21051,"Clay, KY",2021,356690.0
21051,"Clay, KY",2022,345779.0
21051,"Clay, KY",2023,350225.0
21051,"Clay, KY",2024,350848.0
21053,"Clinton, KY",2019,329638.0
21053,"Clinton, KY",2020,335989.0
21053,"Clinton, KY",2021,341483.0
21053,"Clinton, KY",2022,348012.0
21053,"Clinton, KY",2023,339744.0
21053,"Clinton, KY",2024,367673.0
21055,"Crittenden, KY",2019,177158.0
21055,"Crittenden, KY",2020,169725.0
21055,"Crittenden, KY",2021,183738.0
21055,"Crittenden, KY",2022,179147.0
21055,"Crittenden, KY",2023,192699.0
21055,"Crittenden, KY",2024,186723.0
21057,"Cumberland, KY",2019,159603.0
21057,"Cumberland, KY",2020,163817.0
21057,"Cumberland, KY",2021,159922.0
21057,"Cumberland, KY",2022,169993.0
21057,"Cumberland, KY",2023,189651.0
21057,"Cumberland, KY",2024,199342.0
21059,"Daviess, KY",2019,4672254.0
21059,"Daviess, KY",2020,4622179.0
21059,"Daviess, KY",2021,4587184.0
21059,"Daviess, KY",2022,4586336.0
21059,"Daviess, KY",2023,4710900.0
21059,"Daviess, KY",2024,4757569.0
21061,"Edmonson, KY",2019,183087.0
21061,"Edmonson, KY",2020,180517.0
21061,"Edmonson, KY",2021,185791.0
21061,"Edmonson, KY",2022,186885.0
21061,"Edmonson, KY",2023,183977.0
21061,"Edmonson, KY",2024,188506.0
21063,"Elliott, KY",2019,81072.0
21063,"Elliott, KY",2020,76293.0
21063,"Elliott, KY",2021,75086.0
21063,"Elliott, KY",2022,77665.0
21063,"Elliott, KY",2023,86266.0
21063,"Elliott, KY",2024,85037.0
21065,"Estill, KY",2019,218006.0
21065,"Estill, KY",2020,211968.0
21065,"Estill, KY",2021,215740.0
21065,"Estill, KY",2022,222920.0
21065,"Estill, KY",2023,228220.0
21065,"Estill, KY",2024,226771.0
21067,"Fayette, KY",2019,20520763.0
21067,"Fayette, KY",2020,19755562.0
21067,"Fayette, KY",2021,20523135.0
21067,"Fayette, KY",2022,21481896.0
21067,"Fayette, KY",2023,22271179.0
21067,"Fayette, KY",2024,22665840.0
21069,"Fleming, KY",2019,312530.0
21069,"Fleming, KY",2020,319127.0
21069,"Fleming, KY",2021,327478.0
21069,"Fleming, KY",2022,330988.0
21069,"Fleming, KY",2023,314912.0
21069,"Fleming, KY",2024,328521.0
21071,"Floyd, KY",2019,1123502.0
21071,"Floyd, KY",2020,1012393.0
21071,"Floyd, KY",2021,1076315.0
21071,"Floyd, KY",2022,1079186.0
21071,"Floyd, KY",2023,1109078.0
21071,"Floyd, KY",2024,1127767.0
21073,"Franklin, KY",2019,3099037.0
21073,"Franklin, KY",2020,3089890.0
21073,"Franklin, KY",2021,3172767.0
21073,"Franklin, KY",2022,3329307.0
21073,"Franklin, KY",2023,3502255.0
21073,"Franklin, KY",2024,3632709.0
21075,"Fulton, KY",2019,197568.0
21075,"Fulton, KY",2020,187121.0
21075,"Fulton, KY",2021,210942.0
21075,"Fulton, KY",2022,208036.0
21075,"Fulton, KY",2023,225461.0
21075,"Fulton, KY",2024,213705.0
21077,"Gallatin, KY",2019,343927.0
21077,"Gallatin, KY",2020,355629.0
21077,"Gallatin, KY",2021,350537.0
21077,"Gallatin, KY",2022,353139.0
21077,"Gallatin, KY",2023,385841.0
21077,"Gallatin, KY",2024,403477.0
21079,"Garrard, KY",2019,264214.0
21079,"Garrard, KY",2020,253210.0
21079,"Garrard, KY",2021,256983.0
21079,"Garrard, KY",2022,276757.0
21079,"Garrard, KY",2023,302719.0
21079,"Garrard, KY",2024,324346.0
21081,"Grant, KY",2019,522324.0
21081,"Grant, KY",2020,504240.0
21081,"Grant, KY",2021,572211.0
21081,"Grant, KY",2022,569723.0
21081,"Grant, KY",2023,587844.0
21081,"Grant, KY",2024,619705.0
21083,"Graves, KY",2019,1214926.0
21083,"Graves, KY",2020,1192007.0
21083,"Graves, KY",2021,1251839.0
21083,"Graves, KY",2022,1319429.0
21083,"Graves, KY",2023,1309485.0
21083,"Graves, KY",2024,1358319.0
21085,"Grayson, KY",2019,731496.0
21085,"Grayson, KY",2020,714041.0
21085,"Grayson, KY",2021,737100.0
21085,"Grayson, KY",2022,730805.0
21085,"Grayson, KY",2023,740361.0
21085,"Grayson, KY",2024,744965.0
21087,"Green, KY",2019,163819.0
21087,"Green, KY",2020,174936.0
21087,"Green, KY",2021,178017.0
21087,"Green, KY",2022,169222.0
21087,"Green, KY",2023,173468.0
21087,"Green, KY",2024,178666.0
21089,"Greenup, KY",2019,924791.0
21089,"Greenup, KY",2020,785038.0
21089,"Greenup, KY",2021,795215.0
21089,"Greenup, KY",2022,760647.0
21089,"Greenup, KY",2023,811559.0
21089,"Greenup, KY",2024,841876.0
21091,"Hancock, KY",2019,804951.0
21091,"Hancock, KY",2020,809517.0
21091,"Hancock, KY",2021,783220.0
21091,"Hancock, KY",2022,826926.0
21091,"Hancock, KY",2023,841618.0
21091,"Hancock, KY",2024,862798.0
21093,"Hardin, KY",2019,5280739.0
21093,"Hardin, KY",2020,5179159.0
21093,"Hardin, KY",2021,5458434.0
21093,"Hardin, KY",2022,5672771.0
21093,"Hardin, KY",2023,5805898.0
21093,"Hardin, KY",2024,5790375.0
21095,"Harlan, KY",2019,523396.0
21095,"Harlan, KY",2020,478505.0
21095,"Harlan, KY",2021,505332.0
21095,"Harlan, KY",2022,546046.0
21095,"Harlan, KY",2023,584441.0
21095,"Harlan, KY",2024,583773.0
21097,"Harrison, KY",2019,529558.0
21097,"Harrison, KY",2020,498705.0
21097,"Harrison, KY",2021,537137.0
21097,"Harrison, KY",2022,523891.0
21097,"Harrison, KY",2023,533058.0
21097,"Harrison, KY",2024,553682.0
21099,"Hart, KY",2019,588167.0
21099,"Hart, KY",2020,560832.0
21099,"Hart, KY",2021,584296.0
21099,"Hart, KY",2022,591856.0
21099,"Hart, KY",2023,603818.0
21099,"Hart, KY",2024,630211.0
21101,"Henderson, KY",2019,2005868.0
21101,"Henderson, KY",2020,1973620.0
21101,"Henderson, KY",2021,1987758.0
21101,"Henderson, KY",2022,2054510.0
21101,"Henderson, KY",2023,2225436.0
21101,"Henderson, KY",2024,2275648.0
21103,"Henry, KY",2019,337072.0
21103,"Henry, KY",2020,314493.0
21103,"Henry, KY",2021,325439.0
21103,"Henry, KY",2022,324277.0
21103,"Henry, KY",2023,350901.0
21103,"Henry, KY",2024,382797.0
21105,"Hickman, KY",2019,169998.0
21105,"Hickman, KY",2020,139841.0
21105,"Hickman, KY",2021,169011.0
21105,"Hickman, KY",2022,182951.0
21105,"Hickman, KY",2023,191625.0
21105,"Hickman, KY",2024,211443.0
21107,"Hopkins, KY",2019,1808377.0
21107,"Hopkins, KY",2020,1735042.0
21107,"Hopkins, KY",2021,1807556.0
21107,"Hopkins, KY",2022,1857427.0
21107,"Hopkins, KY",2023,1987423.0
21107,"Hopkins, KY",2024,2018299.0
21109,"Jackson, KY",2019,165059.0
21109,"Jackson, KY",2020,167485.0
21109,"Jackson, KY",2021,160898.0
21109,"Jackson, KY",2022,157832.0
21109,"Jackson, KY",2023,163318.0
21109,"Jackson, KY",2024,161618.0
21111,"Jefferson, KY",2019,57346840.0
21111,"Jefferson, KY",2020,56285514.0
21111,"Jefferson, KY",2021,59059616.0
21111,"Jefferson, KY",2022,60841430.0
21111,"Jefferson, KY",2023,62314592.0
21111,"Jefferson, KY",2024,62385959.0
21113,"Jessamine, KY",2019,2056506.0
21113,"Jessamine, KY",2020,2062522.0
21113,"Jessamine, KY",2021,2057976.0
21113,"Jessamine, KY",2022,2086881.0
21113,"Jessamine, KY",2023,2173568.0
21113,"Jessamine, KY",2024,2291800.0
21115,"Johnson, KY",2019,454370.0
21115,"Johnson, KY",2020,427820.0
21115,"Johnson, KY",2021,430565.0
21115,"Johnson, KY",2022,433360.0
21115,"Johnson, KY",2023,464262.0
21115,"Johnson, KY",2024,481989.0
21117,"Kenton, KY",2019,8639779.0
21117,"Kenton, KY",2020,8972030.0
21117,"Kenton, KY",2021,9496226.0
21117,"Kenton, KY",2022,9209271.0
21117,"Kenton, KY",2023,9508200.0
21117,"Kenton, KY",2024,9707993.0
21119,"Knott, KY",2019,216564.0
21119,"Knott, KY",2020,216603.0
21119,"Knott, KY",2021,199153.0
21119,"Knott, KY",2022,202159.0
21119,"Knott, KY",2023,212101.0
21119,"Knott, KY",2024,212911.0
21121,"Knox, KY",2019,631696.0
21121,"Knox, KY",2020,605190.0
21121,"Knox, KY",2021,620149.0
21121,"Knox, KY",2022,625175.0
21121,"Knox, KY",2023,658409.0
21121,"Knox, KY",2024,658927.0
21123,"Larue, KY",2019,227669.0
21123,"Larue, KY",2020,229598.0
21123,"Larue, KY",2021,248129.0
21123,"Larue, KY",2022,224281.0
21123,"Larue, KY",2023,228353.0
21123,"Larue, KY",2024,235815.0
21125,"Laurel, KY",2019,2143575.0
21125,"Laurel, KY",2020,2158178.0
21125,"Laurel, KY",2021,2219041.0
21125,"Laurel, KY",2022,2226604.0
21125,"Laurel, KY",2023,2274381.0
21125,"Laurel, KY",2024,2327671.0
21127,"Lawrence, KY",2019,353981.0
21127,"Lawrence, KY",2020,349616.0
21127,"Lawrence, KY",2021,346972.0
21127,"Lawrence, KY",2022,370374.0
21127,"Lawrence, KY",2023,412081.0
21127,"Lawrence, KY",2024,413007.0
21129,"Lee, KY",2019,126923.0
21129,"Lee, KY",2020,121242.0
21129,"Lee, KY",2021,120913.0
21129,"Lee, KY",2022,124373.0
21129,"Lee, KY",2023,127592.0
21129,"Lee, KY",2024,125669.0
21131,"Leslie, KY",2019,163526.0
21131,"Leslie, KY",2020,153559.0
21131,"Leslie, KY",2021,140675.0
21131,"Leslie, KY",2022,147685.0
21131,"Leslie, KY",2023,157239.0
21131,"Leslie, KY",2024,149748.0
21133,"Letcher, KY",2019,356165.0
21133,"Letcher, KY",2020,330327.0
21133,"Letcher, KY",2021,360550.0
21133,"Letcher, KY",2022,391452.0
21133,"Letcher, KY",2023,430765.0
21133,"Letcher, KY",2024,411838.0
21135,"Lewis, KY",2019,202506.0
21135,"Lewis, KY",2020,194376.0
21135,"Lewis, KY",2021,200640.0
21135,"Lewis, KY",2022,196926.0
21135,"Lewis, KY",2023,187370.0
21135,"Lewis, KY",2024,187753.0
21137,"Lincoln, KY",2019,415844.0
21137,"Lincoln, KY",2020,406380.0
21137,"Lincoln, KY",2021,413376.0
21137,"Lincoln, KY",2022,439197.0
21137,"Lincoln, KY",2023,449171.0
21137,"Lincoln, KY",2024,461810.0
21139,"Livingston, KY",2019,276026.0
21139,"Livingston, KY",2020,303309.0
21139,"Livingston, KY",2021,305116.0
21139,"Livingston, KY",2022,305520.0
21139,"Livingston, KY",2023,324059.0
21139,"Livingston, KY",2024,367750.0
21141,"Logan, KY",2019,1127178.0
21141,"Logan, KY",2020,1127535.0
21141,"Logan, KY",2021,1117984.0
21141,"Logan, KY",2022,1067233.0
21141,"Logan, KY",2023,1142256.0
21141,"Logan, KY",2024,1120605.0
21143,"Lyon, KY",2019,220684.0
21143,"Lyon, KY",2020,223310.0
21143,"Lyon, KY",2021,218289.0
21143,"Lyon, KY",2022,238688.0
21143,"Lyon, KY",2023,245572.0
21143,"Lyon, KY",2024,254930.0
21145,"McCracken, KY",2019,4371899.0
21145,"McCracken, KY",2020,4303056.0
21145,"McCracken, KY",2021,4706601.0
21145,"McCracken, KY",2022,4966264.0
21145,"McCracken, KY",2023,5202753.0
21145,"McCracken, KY",2024,5332962.0
21147,"McCreary, KY",2019,255648.0
21147,"McCreary, KY",2020,261595.0
21147,"McCreary, KY",2021,264979.0
21147,"McCreary, KY",2022,251843.0
21147,"McCreary, KY",2023,261480.0
21147,"McCreary, KY",2024,268728.0
21149,"McLean, KY",2019,264597.0
21149,"McLean, KY",2020,197543.0
21149,"McLean, KY",2021,229592.0
21149,"McLean, KY",2022,252695.0
21149,"McLean, KY",2023,231058.0
21149,"McLean, KY",2024,261932.0
21151,"Madison, KY",2019,3032095.0
21151,"Madison, KY",2020,2902359.0
21151,"Madison, KY",2021,3032899.0
21151,"Madison, KY",2022,3224756.0
21151,"Madison, KY",2023,3343843.0
21151,"Madison, KY",2024,3524543.0
21153,"Magoffin, KY",2019,161680.0
21153,"Magoffin, KY",2020,146936.0
21153,"Magoffin, KY",2021,148935.0
21153,"Magoffin, KY",2022,146676.0
21153,"Magoffin, KY",2023,158874.0
21153,"Magoffin, KY",2024,164783.0
21155,"Marion, KY",2019,923785.0
21155,"Marion, KY",2020,897292.0
21155,"Marion, KY",2021,950051.0
21155,"Marion, KY",2022,962388.0
21155,"Marion, KY",2023,983934.0
21155,"Marion, KY",2024,1000877.0
21157,"Marshall, KY",2019,1452582.0
21157,"Marshall, KY",2020,1423044.0
21157,"Marshall, KY",2021,1327925.0
21157,"Marshall, KY",2022,1359593.0
21157,"Marshall, KY",2023,1380190.0
21157,"Marshall, KY",2024,1359867.0
21159,"Martin, KY",2019,234349.0
21159,"Martin, KY",2020,187226.0
21159,"Martin, KY",2021,191187.0
21159,"Martin, KY",2022,187899.0
21159,"Martin, KY",2023,209167.0
21159,"Martin, KY",2024,226489.0
21161,"Mason, KY",2019,1129219.0
21161,"Mason, KY",2020,1120766.0
21161,"Mason, KY",2021,1172451.0
21161,"Mason, KY",2022,1250520.0
21161,"Mason, KY",2023,1212849.0
21161,"Mason, KY",2024,1212944.0
21163,"Meade, KY",2019,532001.0
21163,"Meade, KY",2020,538761.0
21163,"Meade, KY",2021,624766.0
21163,"Meade, KY",2022,608485.0
21163,"Meade, KY",2023,652424.0
21163,"Meade, KY",2024,796954.0
21165,"Menifee, KY",2019,89538.0
21165,"Menifee, KY",2020,88433.0
21165,"Menifee, KY",2021,90010.0
21165,"Menifee, KY",2022,89027.0
21165,"Menifee, KY",2023,87321.0
21165,"Menifee, KY",2024,87689.0
21167,"Mercer, KY",2019,806520.0
21167,"Mercer, KY",2020,761199.0
21167,"Mercer, KY",2021,816906.0
21167,"Mercer, KY",2022,893522.0
21167,"Mercer, KY",2023,877203.0
21167,"Mercer, KY",2024,899507.0
21169,"Metcalfe, KY",2019,179563.0
21169,"Metcalfe, KY",2020,173250.0
21169,"Metcalfe, KY",2021,195205.0
21169,"Metcalfe, KY",2022,196269.0
21169,"Metcalfe, KY",2023,195000.0
21169,"Metcalfe, KY",2024,205247.0
21171,"Monroe, KY",2019,305826.0
21171,"Monroe, KY",2020,300731.0
21171,"Monroe, KY",2021,307053.0
21171,"Monroe, KY",2022,320663.0
21171,"Monroe, KY",2023,307265.0
21171,"Monroe, KY",2024,341746.0
21173,"Montgomery, KY",2019,1016675.0
21173,"Montgomery, KY",2020,974836.0
21173,"Montgomery, KY",2021,1026954.0
21173,"Montgomery, KY",2022,1106228.0
21173,"Montgomery, KY",2023,1075317.0
21173,"Montgomery, KY",2024,1087640.0
21175,"Morgan, KY",2019,263196.0
21175,"Morgan, KY",2020,249746.0
21175,"Morgan, KY",2021,254174.0
21175,"Morgan, KY",2022,272417.0
21175,"Morgan, KY",2023,280894.0
21175,"Morgan, KY",2024,294652.0
21177,"Muhlenberg, KY",2019,1233727.0
21177,"Muhlenberg, KY",2020,1097558.0
21177,"Muhlenberg, KY",2021,1048904.0
21177,"Muhlenberg, KY",2022,1120326.0
21177,"Muhlenberg, KY",2023,1142781.0
21177,"Muhlenberg, KY",2024,1189019.0
21179,"Nelson, KY",2019,1614685.0
21179,"Nelson, KY",2020,1611029.0
21179,"Nelson, KY",2021,1729741.0
21179,"Nelson, KY",2022,1773323.0
21179,"Nelson, KY",2023,1809132.0
21179,"Nelson, KY",2024,1868288.0
21181,"Nicholas, KY",2019,96228.0
21181,"Nicholas, KY",2020,88024.0
21181,"Nicholas, KY",2021,97364.0
21181,"Nicholas, KY",2022,93034.0
21181,"Nicholas, KY",2023,95227.0
21181,"Nicholas, KY",2024,99431.0
21183,"Ohio, KY",2019,861175.0
21183,"Ohio, KY",2020,738752.0
21183,"Ohio, KY",2021,789373.0
21183,"Ohio, KY",2022,829921.0
21183,"Ohio, KY",2023,837119.0
21183,"Ohio, KY",2024,839634.0
21185,"Oldham, KY",2019,1952351.0
21185,"Oldham, KY",2020,1802498.0
21185,"Oldham, KY",2021,1920068.0
21185,"Oldham, KY",2022,2051687.0
21185,"Oldham, KY",2023,2155588.0
21185,"Oldham, KY",2024,2346031.0
21187,"Owen, KY",2019,179505.0
21187,"Owen, KY",2020,170041.0
21187,"Owen, KY",2021,177267.0
21187,"Owen, KY",2022,173741.0
21187,"Owen, KY",2023,190593.0
21187,"Owen, KY",2024,201321.0
21189,"Owsley, KY",2019,50650.0
21189,"Owsley, KY",2020,48454.0
21189,"Owsley, KY",2021,52576.0
21189,"Owsley, KY",2022,51737.0
21189,"Owsley, KY",2023,52904.0
21189,"Owsley, KY",2024,54014.0
21191,"Pendleton, KY",2019,279916.0
21191,"Pendleton, KY",2020,277432.0
21191,"Pendleton, KY",2021,292377.0
21191,"Pendleton, KY",2022,292723.0
21191,"Pendleton, KY",2023,302947.0
21191,"Pendleton, KY",2024,301494.0
21193,"Perry, KY",2019,941390.0
21193,"Perry, KY",2020,903530.0
21193,"Perry, KY",2021,911002.0
21193,"Perry, KY",2022,978626.0
21193,"Perry, KY",2023,999949.0
21193,"Perry, KY",2024,994110.0
21195,"Pike, KY",2019,2030159.0
21195,"Pike, KY",2020,1872455.0
21195,"Pike, KY",2021,1900722.0
21195,"Pike, KY",2022,1951594.0
21195,"Pike, KY",2023,2054914.0
21195,"Pike, KY",2024,2049587.0
21197,"Powell, KY",2019,225421.0
21197,"Powell, KY",2020,224616.0
21197,"Powell, KY",2021,228457.0
21197,"Powell, KY",2022,235805.0
21197,"Powell, KY",2023,239766.0
21197,"Powell, KY",2024,249979.0
21199,"Pulaski, KY",2019,2253039.0
21199,"Pulaski, KY",2020,2118645.0
21199,"Pulaski, KY",2021,2225296.0
21199,"Pulaski, KY",2022,2275078.0
21199,"Pulaski, KY",2023,2332005.0
21199,"Pulaski, KY",2024,2375168.0
21201,"Robertson, KY",2019,25991.0
21201,"Robertson, KY",2020,26440.0
21201,"Robertson, KY",2021,28576.0
21201,"Robertson, KY",2022,31416.0
21201,"Robertson, KY",2023,29613.0
21201,"Robertson, KY",2024,31733.0
21203,"Rockcastle, KY",2019,337793.0
21203,"Rockcastle, KY",2020,336968.0
21203,"Rockcastle, KY",2021,328598.0
21203,"Rockcastle, KY",2022,343686.0
21203,"Rockcastle, KY",2023,365066.0
21203,"Rockcastle, KY",2024,358213.0
21205,"Rowan, KY",2019,764720.0
21205,"Rowan, KY",2020,720299.0
21205,"Rowan, KY",2021,740023.0
21205,"Rowan, KY",2022,780127.0
21205,"Rowan, KY",2023,809722.0
21205,"Rowan, KY",2024,834573.0
21207,"Russell, KY",2019,621544.0
21207,"Russell, KY",2020,631508.0
21207,"Russell, KY",2021,635510.0
21207,"Russell, KY",2022,754067.0
21207,"Russell, KY",2023,791861.0
21207,"Russell, KY",2024,844947.0
21209,"Scott, KY",2019,3766972.0
21209,"Scott, KY",2020,3490439.0
21209,"Scott, KY",2021,3529476.0
21209,"Scott, KY",2022,3743880.0
21209,"Scott, KY",2023,3743070.0
21209,"Scott, KY",2024,3988567.0
21211,"Shelby, KY",2019,1678641.0
21211,"Shelby, KY",2020,1609615.0
21211,"Shelby, KY",2021,1708796.0
21211,"Shelby, KY",2022,1715225.0
21211,"Shelby, KY",2023,1789704.0
21211,"Shelby, KY",2024,1882166.0
21213,"Simpson, KY",2019,995792.0
21213,"Simpson, KY",2020,947531.0
21213,"Simpson, KY",2021,972744.0
21213,"Simpson, KY",2022,978520.0
21213,"Simpson, KY",2023,1044653.0
21213,"Simpson, KY",2024,988081.0
21215,"Spencer, KY",2019,281200.0
21215,"Spencer, KY",2020,305398.0
21215,"Spencer, KY",2021,309197.0
21215,"Spencer, KY",2022,309209.0
21215,"Spencer, KY",2023,333111.0
21215,"Spencer, KY",2024,342980.0
21217,"Taylor, KY",2019,881711.0
21217,"Taylor, KY",2020,874835.0
21217,"Taylor, KY",2021,841676.0
21217,"Taylor, KY",2022,846552.0
21217,"Taylor, KY",2023,878111.0
21217,"Taylor, KY",2024,892865.0
21219,"Todd, KY",2019,337866.0
21219,"Todd, KY",2020,341307.0
21219,"Todd, KY",2021,380633.0
21219,"Todd, KY",2022,402672.0
21219,"Todd, KY",2023,418426.0
21219,"Todd, KY",2024,428496.0
21221,"Trigg, KY",2019,283822.0
21221,"Trigg, KY",2020,265127.0
21221,"Trigg, KY",2021,283452.0
21221,"Trigg, KY",2022,294491.0
21221,"Trigg, KY",2023,304235.0
21221,"Trigg, KY",2024,354607.0
21223,"Trimble, KY",2019,520969.0
21223,"Trimble, KY",2020,545999.0
21223,"Trimble, KY",2021,535279.0
21223,"Trimble, KY",2022,642146.0
21223,"Trimble, KY",2023,498329.0
21223,"Trimble, KY",2024,568508.0
21225,"Union, KY",2019,682072.0
21225,"Union, KY",2020,777332.0
21225,"Union, KY",2021,744964.0
21225,"Union, KY",2022,749177.0
21225,"Union, KY",2023,889714.0
21225,"Union, KY",2024,792647.0
21227,"Warren, KY",2019,6766236.0
21227,"Warren, KY",2020,7016472.0
21227,"Warren, KY",2021,7713166.0
21227,"Warren, KY",2022,7820580.0
21227,"Warren, KY",2023,8359490.0
21227,"Warren, KY",2024,8900029.0
21229,"Washington, KY",2019,326447.0
21229,"Washington, KY",2020,310676.0
21229,"Washington, KY",2021,337355.0
21229,"Washington, KY",2022,348300.0
21229,"Washington, KY",2023,365432.0
21229,"Washington, KY",2024,381999.0
21231,"Wayne, KY",2019,443464.0
21231,"Wayne, KY",2020,429222.0
21231,"Wayne, KY",2021,440928.0
21231,"Wayne, KY",2022,426645.0
21231,"Wayne, KY",2023,411541.0
21231,"Wayne, KY",2024,418337.0
21233,"Webster, KY",2019,509717.0
21233,"Webster, KY",2020,370969.0
21233,"Webster, KY",2021,445010.0
21233,"Webster, KY",2022,382608.0
21233,"Webster, KY",2023,357565.0
21233,"Webster, KY",2024,405923.0
21235,"Whitley, KY",2019,1066964.0
21235,"Whitley, KY",2020,1034306.0
21235,"Whitley, KY",2021,1078545.0
21235,"Whitley, KY",2022,1118521.0
21235,"Whitley, KY",2023,1180817.0
21235,"Whitley, KY",2024,1220015.0
21237,"Wolfe, KY",2019,97934.0
21237,"Wolfe, KY",2020,102304.0
21237,"Wolfe, KY",2021,110924.0
21237,"Wolfe, KY",2022,114480.0
21237,"Wolfe, KY",2023,115566.0
21237,"Wolfe, KY",2024,120497.0
21239,"Woodford, KY",2019,1183139.0
21239,"Woodford, KY",2020,1096230.0
21239,"Woodford, KY",2021,1149779.0
21239,"Woodford, KY",2022,1163256.0
21239,"Woodford, KY",2023,1168890.0
21239,"Woodford, KY",2024,1229132.0
22001,"Acadia, LA",2019,1548806.0
22001,"Acadia, LA",2020,1532045.0
22001,"Acadia, LA",2021,1483765.0
22001,"Acadia, LA",2022,1467213.0
22001,"Acadia, LA",2023,1555587.0
22001,"Acadia, LA",2024,1594380.0
22003,"Allen, LA",2019,705226.0
22003,"Allen, LA",2020,695120.0
22003,"Allen, LA",2021,700567.0
22003,"Allen, LA",2022,703120.0
22003,"Allen, LA",2023,760401.0
22003,"Allen, LA",2024,817883.0
22005,"Ascension, LA",2019,8953419.0
22005,"Ascension, LA",2020,8038100.0
22005,"Ascension, LA",2021,8999330.0
22005,"Ascension, LA",2022,9222491.0
22005,"Ascension, LA",2023,9332755.0
22005,"Ascension, LA",2024,9996326.0
22007,"Assumption, LA",2019,501514.0
22007,"Assumption, LA",2020,459677.0
22007,"Assumption, LA",2021,497742.0
22007,"Assumption, LA",2022,503736.0
22007,"Assumption, LA",2023,542506.0
22007,"Assumption, LA",2024,561760.0
22009,"Avoyelles, LA",2019,922211.0
22009,"Avoyelles, LA",2020,903223.0
22009,"Avoyelles, LA",2021,895860.0
22009,"Avoyelles, LA",2022,881980.0
22009,"Avoyelles, LA",2023,905435.0
22009,"Avoyelles, LA",2024,904965.0
22011,"Beauregard, LA",2019,1353136.0
22011,"Beauregard, LA",2020,1452791.0
22011,"Beauregard, LA",2021,1365967.0
22011,"Beauregard, LA",2022,1384085.0
22011,"Beauregard, LA",2023,1516062.0
22011,"Beauregard, LA",2024,1539178.0
22013,"Bienville, LA",2019,516759.0
22013,"Bienville, LA",2020,529888.0
22013,"Bienville, LA",2021,601749.0
22013,"Bienville, LA",2022,579656.0
22013,"Bienville, LA",2023,678749.0
22013,"Bienville, LA",2024,676762.0
22015,"Bossier, LA",2019,5428588.0
22015,"Bossier, LA",2020,5108825.0
22015,"Bossier, LA",2021,5498718.0
22015,"Bossier, LA",2022,5471135.0
22015,"Bossier, LA",2023,5899727.0
22015,"Bossier, LA",2024,6085253.0
22017,"Caddo, LA",2019,13250456.0
22017,"Caddo, LA",2020,12347182.0
22017,"Caddo, LA",2021,13334277.0
22017,"Caddo, LA",2022,13473608.0
22017,"Caddo, LA",2023,14205355.0
22017,"Caddo, LA",2024,14300751.0
22019,"Calcasieu, LA",2019,15627306.0
22019,"Calcasieu, LA",2020,11936175.0
22019,"Calcasieu, LA",2021,14288153.0
22019,"Calcasieu, LA",2022,13446605.0
22019,"Calcasieu, LA",2023,13684378.0
22019,"Calcasieu, LA",2024,13981745.0
22021,"Caldwell, LA",2019,197054.0
22021,"Caldwell, LA",2020,188080.0
22021,"Caldwell, LA",2021,188589.0
22021,"Caldwell, LA",2022,177587.0
22021,"Caldwell, LA",2023,189189.0
22021,"Caldwell, LA",2024,189628.0
22023,"Cameron, LA",2019,1312016.0
22023,"Cameron, LA",2020,1025403.0
22023,"Cameron, LA",2021,1137717.0
22023,"Cameron, LA",2022,821076.0
22023,"Cameron, LA",2023,740632.0
22023,"Cameron, LA",2024,822014.0
22025,"Catahoula, LA",2019,179946.0
22025,"Catahoula, LA",2020,182110.0
22025,"Catahoula, LA",2021,178325.0
22025,"Catahoula, LA",2022,165931.0
22025,"Catahoula, LA",2023,170910.0
22025,"Catahoula, LA",2024,180168.0
22027,"Claiborne, LA",2019,389603.0
22027,"Claiborne, LA",2020,351483.0
22027,"Claiborne, LA",2021,370521.0
22027,"Claiborne, LA",2022,380492.0
22027,"Claiborne, LA",2023,389972.0
22027,"Claiborne, LA",2024,434607.0
22029,"Concordia, LA",2021,573606.0
22029,"Concordia, LA",2022,581696.0
22029,"Concordia, LA",2023,550333.0
22029,"Concordia, LA",2024,556360.0
22029,"Concordia, LA",2019,581201.0
22029,"Concordia, LA",2020,563307.0
22031,"De Soto, LA",2019,2580613.0
22031,"De Soto, LA",2020,2277716.0
22031,"De Soto, LA",2021,2381628.0
22031,"De Soto, LA",2022,2111789.0
22031,"De Soto, LA",2023,2893391.0
22031,"De Soto, LA",2024,2597887.0
22033,"East Baton Rouge, LA",2019,34840751.0
22033,"East Baton Rouge, LA",2020,32089292.0
22033,"East Baton Rouge, LA",2021,33508351.0
22033,"East Baton Rouge, LA",2022,34783734.0
22033,"East Baton Rouge, LA",2023,35494782.0
22033,"East Baton Rouge, LA",2024,37162731.0
22035,"East Carroll, LA",2019,161079.0
22035,"East Carroll, LA",2020,163711.0
22035,"East Carroll, LA",2021,161168.0
22035,"East Carroll, LA",2022,137491.0
22035,"East Carroll, LA",2023,133470.0
22035,"East Carroll, LA",2024,120353.0
22037,"East Feliciana, LA",2019,505158.0
22037,"East Feliciana, LA",2020,475520.0
22037,"East Feliciana, LA",2021,473935.0
22037,"East Feliciana, LA",2022,466473.0
22037,"East Feliciana, LA",2023,507797.0
22037,"East Feliciana, LA",2024,527575.0
22039,"Evangeline, LA",2019,879169.0
22039,"Evangeline, LA",2020,844383.0
22039,"Evangeline, LA",2021,784288.0
22039,"Evangeline, LA",2022,842934.0
22039,"Evangeline, LA",2023,891126.0
22039,"Evangeline, LA",2024,913208.0
22041,"Franklin, LA",2019,476819.0
22041,"Franklin, LA",2020,477655.0
22041,"Franklin, LA",2021,476133.0
22041,"Franklin, LA",2022,434911.0
22041,"Franklin, LA",2023,503416.0
22041,"Franklin, LA",2024,471126.0
22043,"Grant, LA",2019,372814.0
22043,"Grant, LA",2020,384263.0
22043,"Grant, LA",2021,398520.0
22043,"Grant, LA",2022,452736.0
22043,"Grant, LA",2023,410673.0
22043,"Grant, LA",2024,430062.0
22045,"Iberia, LA",2019,3091802.0
22045,"Iberia, LA",2020,2896300.0
22045,"Iberia, LA",2021,2892602.0
22045,"Iberia, LA",2022,2744354.0
22045,"Iberia, LA",2023,2938696.0
22045,"Iberia, LA",2024,3077847.0
22047,"Iberville, LA",2019,2624507.0
22047,"Iberville, LA",2020,2446539.0
22047,"Iberville, LA",2021,2311593.0
22047,"Iberville, LA",2022,2219012.0
22047,"Iberville, LA",2023,2552558.0
22047,"Iberville, LA",2024,2669510.0
22049,"Jackson, LA",2019,430429.0
22049,"Jackson, LA",2020,424133.0
22049,"Jackson, LA",2021,416041.0
22049,"Jackson, LA",2022,441683.0
22049,"Jackson, LA",2023,434797.0
22049,"Jackson, LA",2024,470127.0
22051,"Jefferson, LA",2019,24043831.0
22051,"Jefferson, LA",2020,22501224.0
22051,"Jefferson, LA",2021,24054738.0
22051,"Jefferson, LA",2022,24234619.0
22051,"Jefferson, LA",2023,24257089.0
22051,"Jefferson, LA",2024,24636957.0
22053,"Jefferson Davis, LA",2019,849123.0
22053,"Jefferson Davis, LA",2020,842496.0
22053,"Jefferson Davis, LA",2021,810168.0
22053,"Jefferson Davis, LA",2022,762150.0
22053,"Jefferson Davis, LA",2023,795633.0
22053,"Jefferson Davis, LA",2024,816045.0
22055,"Lafayette, LA",2019,14384499.0
22055,"Lafayette, LA",2020,13734622.0
22055,"Lafayette, LA",2021,14762880.0
22055,"Lafayette, LA",2022,14969384.0
22055,"Lafayette, LA",2023,15555916.0
22055,"Lafayette, LA",2024,15969890.0
22057,"Lafourche, LA",2019,4014754.0
22057,"Lafourche, LA",2020,3839597.0
22057,"Lafourche, LA",2021,3922331.0
22057,"Lafourche, LA",2022,4003924.0
22057,"Lafourche, LA",2023,4762220.0
22057,"Lafourche, LA",2024,4889276.0
22059,"LaSalle, LA",2019,492323.0
22059,"LaSalle, LA",2020,453635.0
22059,"LaSalle, LA",2021,427565.0
22059,"LaSalle, LA",2022,435663.0
22059,"LaSalle, LA",2023,473292.0
22059,"LaSalle, LA",2024,499944.0
22061,"Lincoln, LA",2019,2121748.0
22061,"Lincoln, LA",2020,1981280.0
22061,"Lincoln, LA",2021,2050825.0
22061,"Lincoln, LA",2022,1989532.0
22061,"Lincoln, LA",2023,2075479.0
22061,"Lincoln, LA",2024,2145688.0
22063,"Livingston, LA",2019,3297494.0
22063,"Livingston, LA",2020,3133738.0
22063,"Livingston, LA",2021,3287817.0
22063,"Livingston, LA",2022,3237384.0
22063,"Livingston, LA",2023,3201329.0
22063,"Livingston, LA",2024,3227527.0
22065,"Madison, LA",2019,377228.0
22065,"Madison, LA",2020,320756.0
22065,"Madison, LA",2021,382675.0
22065,"Madison, LA",2022,328756.0
22065,"Madison, LA",2023,344633.0
22065,"Madison, LA",2024,345766.0
22067,"Morehouse, LA",2019,588485.0
22067,"Morehouse, LA",2020,589298.0
22067,"Morehouse, LA",2021,582210.0
22067,"Morehouse, LA",2022,519467.0
22067,"Morehouse, LA",2023,555999.0
22067,"Morehouse, LA",2024,575154.0
22069,"Natchitoches, LA",2019,1427065.0
22069,"Natchitoches, LA",2020,1452762.0
22069,"Natchitoches, LA",2021,1595653.0
22069,"Natchitoches, LA",2022,1562756.0
22069,"Natchitoches, LA",2023,1511906.0
22069,"Natchitoches, LA",2024,1506279.0
22071,"Orleans, LA",2019,24326341.0
22071,"Orleans, LA",2020,22061924.0
22071,"Orleans, LA",2021,22990356.0
22071,"Orleans, LA",2022,23764905.0
22071,"Orleans, LA",2023,23830306.0
22071,"Orleans, LA",2024,24053678.0
22073,"Ouachita, LA",2019,7093601.0
22073,"Ouachita, LA",2020,6835237.0
22073,"Ouachita, LA",2021,6970252.0
22073,"Ouachita, LA",2022,7082512.0
22073,"Ouachita, LA",2023,7200193.0
22073,"Ouachita, LA",2024,7376144.0
22075,"Plaquemines, LA",2019,3072650.0
22075,"Plaquemines, LA",2020,2461910.0
22075,"Plaquemines, LA",2021,2650107.0
22075,"Plaquemines, LA",2022,2452981.0
22075,"Plaquemines, LA",2023,2697600.0
22075,"Plaquemines, LA",2024,3085492.0
22077,"Pointe Coupee, LA",2019,825707.0
22077,"Pointe Coupee, LA",2020,706792.0
22077,"Pointe Coupee, LA",2021,796976.0
22077,"Pointe Coupee, LA",2022,800893.0
22077,"Pointe Coupee, LA",2023,810342.0
22077,"Pointe Coupee, LA",2024,824824.0
22079,"Rapides, LA",2019,5786075.0
22079,"Rapides, LA",2020,5574319.0
22079,"Rapides, LA",2021,5746006.0
22079,"Rapides, LA",2022,5532650.0
22079,"Rapides, LA",2023,5675300.0
22079,"Rapides, LA",2024,5714736.0
22081,"Red River, LA",2019,671678.0
22081,"Red River, LA",2020,610146.0
22081,"Red River, LA",2021,695191.0
22081,"Red River, LA",2022,627968.0
22081,"Red River, LA",2023,847358.0
22081,"Red River, LA",2024,882051.0
22083,"Richland, LA",2019,686354.0
22083,"Richland, LA",2020,678467.0
22083,"Richland, LA",2021,657629.0
22083,"Richland, LA",2022,647306.0
22083,"Richland, LA",2023,701683.0
22083,"Richland, LA",2024,693025.0
22085,"Sabine, LA",2019,819445.0
22085,"Sabine, LA",2020,793024.0
22085,"Sabine, LA",2021,901167.0
22085,"Sabine, LA",2022,919507.0
22085,"Sabine, LA",2023,1096499.0
22085,"Sabine, LA",2024,1044160.0
22087,"St. Bernard, LA",2019,1390346.0
22087,"St. Bernard, LA",2020,1207982.0
22087,"St. Bernard, LA",2021,1237863.0
22087,"St. Bernard, LA",2022,1169039.0
22087,"St. Bernard, LA",2023,1192193.0
22087,"St. Bernard, LA",2024,1284662.0
22089,"St. Charles, LA",2019,7959161.0
22089,"St. Charles, LA",2020,6546130.0
22089,"St. Charles, LA",2021,9290740.0
22089,"St. Charles, LA",2022,8277135.0
22089,"St. Charles, LA",2023,8578557.0
22089,"St. Charles, LA",2024,9420571.0
22091,"St. Helena, LA",2019,209302.0
22091,"St. Helena, LA",2020,188895.0
22091,"St. Helena, LA",2021,201010.0
22091,"St. Helena, LA",2022,193461.0
22091,"St. Helena, LA",2023,197831.0
22091,"St. Helena, LA",2024,201677.0
22093,"St. James, LA",2019,2840172.0
22093,"St. James, LA",2020,2047562.0
22093,"St. James, LA",2021,2576016.0
22093,"St. James, LA",2022,2284181.0
22093,"St. James, LA",2023,2416386.0
22093,"St. James, LA",2024,2598255.0
22095,"St. John the Baptist, LA",2019,3541924.0
22095,"St. John the Baptist, LA",2020,2303402.0
22095,"St. John the Baptist, LA",2021,3075132.0
22095,"St. John the Baptist, LA",2022,2661187.0
22095,"St. John the Baptist, LA",2023,2759426.0
22095,"St. John the Baptist, LA",2024,3071000.0
22097,"St. Landry, LA",2019,2467271.0
22097,"St. Landry, LA",2020,2326919.0
22097,"St. Landry, LA",2021,2436620.0
22097,"St. Landry, LA",2022,2297752.0
22097,"St. Landry, LA",2023,2375071.0
22097,"St. Landry, LA",2024,2427958.0
22099,"St. Martin, LA",2019,1347661.0
22099,"St. Martin, LA",2020,1259596.0
22099,"St. Martin, LA",2021,1337612.0
22099,"St. Martin, LA",2022,1351374.0
22099,"St. Martin, LA",2023,1495419.0
22099,"St. Martin, LA",2024,1528505.0
22101,"St. Mary, LA",2019,2515352.0
22101,"St. Mary, LA",2020,2469678.0
22101,"St. Mary, LA",2021,2702980.0
22101,"St. Mary, LA",2022,2762136.0
22101,"St. Mary, LA",2023,2950176.0
22101,"St. Mary, LA",2024,2875505.0
22103,"St. Tammany, LA",2019,12617114.0
22103,"St. Tammany, LA",2020,12198232.0
22103,"St. Tammany, LA",2021,13078339.0
22103,"St. Tammany, LA",2022,12670344.0
22103,"St. Tammany, LA",2023,13048850.0
22103,"St. Tammany, LA",2024,13329021.0
22105,"Tangipahoa, LA",2019,4352843.0
22105,"Tangipahoa, LA",2020,4177174.0
22105,"Tangipahoa, LA",2021,4492666.0
22105,"Tangipahoa, LA",2022,4531279.0
22105,"Tangipahoa, LA",2023,4649162.0
22105,"Tangipahoa, LA",2024,4845782.0
22107,"Tensas, LA",2019,131927.0
22107,"Tensas, LA",2020,117225.0
22107,"Tensas, LA",2021,127257.0
22107,"Tensas, LA",2022,109101.0
22107,"Tensas, LA",2023,120844.0
22107,"Tensas, LA",2024,121319.0
22109,"Terrebonne, LA",2019,5518516.0
22109,"Terrebonne, LA",2020,5091101.0
22109,"Terrebonne, LA",2021,5197608.0
22109,"Terrebonne, LA",2022,5214975.0
22109,"Terrebonne, LA",2023,5606336.0
22109,"Terrebonne, LA",2024,5789729.0
22111,"Union, LA",2019,485540.0
22111,"Union, LA",2020,451963.0
22111,"Union, LA",2021,459204.0
22111,"Union, LA",2022,510052.0
22111,"Union, LA",2023,519196.0
22111,"Union, LA",2024,588225.0
22113,"Vermilion, LA",2019,1443301.0
22113,"Vermilion, LA",2020,1389375.0
22113,"Vermilion, LA",2021,1431807.0
22113,"Vermilion, LA",2022,1335113.0
22113,"Vermilion, LA",2023,1403034.0
22113,"Vermilion, LA",2024,1533180.0
22115,"Vernon, LA",2019,2055201.0
22115,"Vernon, LA",2020,2023094.0
22115,"Vernon, LA",2021,2111730.0
22115,"Vernon, LA",2022,2069682.0
22115,"Vernon, LA",2023,2086194.0
22115,"Vernon, LA",2024,2131726.0
22117,"Washington, LA",2019,1099448.0
22117,"Washington, LA",2020,1008437.0
22117,"Washington, LA",2021,1060471.0
22117,"Washington, LA",2022,1065847.0
22117,"Washington, LA",2023,1098649.0
22117,"Washington, LA",2024,1343795.0
22119,"Webster, LA",2019,1175376.0
22119,"Webster, LA",2020,1123301.0
22119,"Webster, LA",2021,1170042.0
22119,"Webster, LA",2022,1115943.0
22119,"Webster, LA",2023,1185734.0
22119,"Webster, LA",2024,1203749.0
22121,"West Baton Rouge, LA",2019,1636711.0
22121,"West Baton Rouge, LA",2020,1477082.0
22121,"West Baton Rouge, LA",2021,1583012.0
22121,"West Baton Rouge, LA",2022,1482096.0
22121,"West Baton Rouge, LA",2023,1587994.0
22121,"West Baton Rouge, LA",2024,1697945.0
22123,"West Carroll, LA",2019,187814.0
22123,"West Carroll, LA",2020,195686.0
22123,"West Carroll, LA",2021,192945.0
22123,"West Carroll, LA",2022,172156.0
22123,"West Carroll, LA",2023,183472.0
22123,"West Carroll, LA",2024,177316.0
22125,"West Feliciana, LA",2019,947474.0
22125,"West Feliciana, LA",2020,967414.0
22125,"West Feliciana, LA",2021,965970.0
22125,"West Feliciana, LA",2022,966191.0
22125,"West Feliciana, LA",2023,853700.0
22125,"West Feliciana, LA",2024,973966.0
22127,"Winn, LA",2019,455351.0
22127,"Winn, LA",2020,483286.0
22127,"Winn, LA",2021,527790.0
22127,"Winn, LA",2022,508730.0
22127,"Winn, LA",2023,536414.0
22127,"Winn, LA",2024,541300.0
23001,"Androscoggin, ME",2019,4833867.0
23001,"Androscoggin, ME",2020,5016665.0
23001,"Androscoggin, ME",2021,5049495.0
23001,"Androscoggin, ME",2022,5139460.0
23001,"Androscoggin, ME",2023,5362336.0
23001,"Androscoggin, ME",2024,5507053.0
23003,"Aroostook, ME",2019,2582377.0
23003,"Aroostook, ME",2020,2599762.0
23003,"Aroostook, ME",2021,2629362.0
23003,"Aroostook, ME",2022,2611685.0
23003,"Aroostook, ME",2023,2671216.0
23003,"Aroostook, ME",2024,2819143.0
23005,"Cumberland, ME",2019,22748173.0
23005,"Cumberland, ME",2020,23348607.0
23005,"Cumberland, ME",2021,25049880.0
23005,"Cumberland, ME",2022,25734709.0
23005,"Cumberland, ME",2023,26783757.0
23005,"Cumberland, ME",2024,27597164.0
23007,"Franklin, ME",2019,1112064.0
23007,"Franklin, ME",2020,1122107.0
23007,"Franklin, ME",2021,1125587.0
23007,"Franklin, ME",2022,1150477.0
23007,"Franklin, ME",2023,1136083.0
23007,"Franklin, ME",2024,1153285.0
23009,"Hancock, ME",2019,2637957.0
23009,"Hancock, ME",2020,2458857.0
23009,"Hancock, ME",2021,2635222.0
23009,"Hancock, ME",2022,2695429.0
23009,"Hancock, ME",2023,2810239.0
23009,"Hancock, ME",2024,2866426.0
23011,"Kennebec, ME",2019,5835310.0
23011,"Kennebec, ME",2020,5853906.0
23011,"Kennebec, ME",2021,6218429.0
23011,"Kennebec, ME",2022,6295328.0
23011,"Kennebec, ME",2023,6389248.0
23011,"Kennebec, ME",2024,6698949.0
23013,"Knox, ME",2019,1937247.0
23013,"Knox, ME",2020,1859678.0
23013,"Knox, ME",2021,1969911.0
23013,"Knox, ME",2022,1984921.0
23013,"Knox, ME",2023,2030683.0
23013,"Knox, ME",2024,2046787.0
23015,"Lincoln, ME",2019,1269621.0
23015,"Lincoln, ME",2020,1188031.0
23015,"Lincoln, ME",2021,1282624.0
23015,"Lincoln, ME",2022,1326052.0
23015,"Lincoln, ME",2023,1383101.0
23015,"Lincoln, ME",2024,1396304.0
23017,"Oxford, ME",2019,1729642.0
23017,"Oxford, ME",2020,1773748.0
23017,"Oxford, ME",2021,1797449.0
23017,"Oxford, ME",2022,1855525.0
23017,"Oxford, ME",2023,1949439.0
23017,"Oxford, ME",2024,1970737.0
23019,"Penobscot, ME",2019,6788914.0
23019,"Penobscot, ME",2020,6774750.0
23019,"Penobscot, ME",2021,7013117.0
23019,"Penobscot, ME",2022,7108257.0
23019,"Penobscot, ME",2023,7303301.0
23019,"Penobscot, ME",2024,7530721.0
23021,"Piscataquis, ME",2019,548481.0
23021,"Piscataquis, ME",2020,611062.0
23021,"Piscataquis, ME",2021,613363.0
23021,"Piscataquis, ME",2022,621404.0
23021,"Piscataquis, ME",2023,617323.0
23021,"Piscataquis, ME",2024,582242.0
23023,"Sagadahoc, ME",2019,1754842.0
23023,"Sagadahoc, ME",2020,1959532.0
23023,"Sagadahoc, ME",2021,2368718.0
23023,"Sagadahoc, ME",2022,2257269.0
23023,"Sagadahoc, ME",2023,2435027.0
23023,"Sagadahoc, ME",2024,2541756.0
23025,"Somerset, ME",2019,1686860.0
23025,"Somerset, ME",2020,1761856.0
23025,"Somerset, ME",2021,1760016.0
23025,"Somerset, ME",2022,1776023.0
23025,"Somerset, ME",2023,1844950.0
23025,"Somerset, ME",2024,1882232.0
23027,"Waldo, ME",2019,1450424.0
23027,"Waldo, ME",2020,1418514.0
23027,"Waldo, ME",2021,1480277.0
23027,"Waldo, ME",2022,1559570.0
23027,"Waldo, ME",2023,1532040.0
23027,"Waldo, ME",2024,1529899.0
23029,"Washington, ME",2019,1077701.0
23029,"Washington, ME",2020,1103999.0
23029,"Washington, ME",2021,1108411.0
23029,"Washington, ME",2022,1099551.0
23029,"Washington, ME",2023,1137259.0
23029,"Washington, ME",2024,1136562.0
23031,"York, ME",2019,8763435.0
23031,"York, ME",2020,8792354.0
23031,"York, ME",2021,9272787.0
23031,"York, ME",2022,9688303.0
23031,"York, ME",2023,10160501.0
23031,"York, ME",2024,10538145.0
24001,"Allegany, MD",2019,3067784.0
24001,"Allegany, MD",2020,2859639.0
24001,"Allegany, MD",2021,2847209.0
24001,"Allegany, MD",2022,2754965.0
24001,"Allegany, MD",2023,2697964.0
24001,"Allegany, MD",2024,2748469.0
24003,"Anne Arundel, MD",2019,50225703.0
24003,"Anne Arundel, MD",2020,48766277.0
24003,"Anne Arundel, MD",2021,51745948.0
24003,"Anne Arundel, MD",2022,51975996.0
24003,"Anne Arundel, MD",2023,53365763.0
24003,"Anne Arundel, MD",2024,55635123.0
24005,"Baltimore, MD",2019,54657991.0
24005,"Baltimore, MD",2020,52028152.0
24005,"Baltimore, MD",2021,54112076.0
24005,"Baltimore, MD",2022,56176347.0
24005,"Baltimore, MD",2023,56060575.0
24005,"Baltimore, MD",2024,57707206.0
24009,"Calvert, MD",2019,4448137.0
24009,"Calvert, MD",2020,4525704.0
24009,"Calvert, MD",2021,4203453.0
24009,"Calvert, MD",2022,4418202.0
24009,"Calvert, MD",2023,4718524.0
24009,"Calvert, MD",2024,4828234.0
24011,"Caroline, MD",2019,1193687.0
24011,"Caroline, MD",2020,1067975.0
24011,"Caroline, MD",2021,1217318.0
24011,"Caroline, MD",2022,1250242.0
24011,"Caroline, MD",2023,1164899.0
24011,"Caroline, MD",2024,1233365.0
24013,"Carroll, MD",2019,6462330.0
24013,"Carroll, MD",2020,6102385.0
24013,"Carroll, MD",2021,6278572.0
24013,"Carroll, MD",2022,6485323.0
24013,"Carroll, MD",2023,6616405.0
24013,"Carroll, MD",2024,6804752.0
24015,"Cecil, MD",2019,4817027.0
24015,"Cecil, MD",2020,4808321.0
24015,"Cecil, MD",2021,4982848.0
24015,"Cecil, MD",2022,5199723.0
24015,"Cecil, MD",2023,5487641.0
24015,"Cecil, MD",2024,5448557.0
24017,"Charles, MD",2019,6026444.0
24017,"Charles, MD",2020,5767440.0
24017,"Charles, MD",2021,5916859.0
24017,"Charles, MD",2022,5971675.0
24017,"Charles, MD",2023,6320742.0
24017,"Charles, MD",2024,6682037.0
24019,"Dorchester, MD",2019,1291172.0
24019,"Dorchester, MD",2020,1278684.0
24019,"Dorchester, MD",2021,1382920.0
24019,"Dorchester, MD",2022,1434843.0
24019,"Dorchester, MD",2023,1325490.0
24019,"Dorchester, MD",2024,1395003.0
24021,"Frederick, MD",2019,14087214.0
24021,"Frederick, MD",2020,13496377.0
24021,"Frederick, MD",2021,14329162.0
24021,"Frederick, MD",2022,14597168.0
24021,"Frederick, MD",2023,15352620.0
24021,"Frederick, MD",2024,15943952.0
24023,"Garrett, MD",2019,1290656.0
24023,"Garrett, MD",2020,1271234.0
24023,"Garrett, MD",2021,1328866.0
24023,"Garrett, MD",2022,1258226.0
24023,"Garrett, MD",2023,1308839.0
24023,"Garrett, MD",2024,1365063.0
24025,"Harford, MD",2019,13282652.0
24025,"Harford, MD",2020,13027406.0
24025,"Harford, MD",2021,13500290.0
24025,"Harford, MD",2022,13399200.0
24025,"Harford, MD",2023,13697312.0
24025,"Harford, MD",2024,13995030.0
24027,"Howard, MD",2019,27583329.0
24027,"Howard, MD",2020,27367093.0
24027,"Howard, MD",2021,29160787.0
24027,"Howard, MD",2022,28858153.0
24027,"Howard, MD",2023,29479942.0
24027,"Howard, MD",2024,30577345.0
24029,"Kent, MD",2019,962850.0
24029,"Kent, MD",2020,918086.0
24029,"Kent, MD",2021,930619.0
24029,"Kent, MD",2022,951789.0
24029,"Kent, MD",2023,947925.0
24029,"Kent, MD",2024,948734.0
24031,"Montgomery, MD",2019,91925582.0
24031,"Montgomery, MD",2020,89001812.0
24031,"Montgomery, MD",2021,92343289.0
24031,"Montgomery, MD",2022,92064413.0
24031,"Montgomery, MD",2023,93761234.0
24031,"Montgomery, MD",2024,94922164.0
24033,"Prince George's, MD",2019,46427928.0
24033,"Prince George's, MD",2020,44485986.0
24033,"Prince George's, MD",2021,46485886.0
24033,"Prince George's, MD",2022,47808158.0
24033,"Prince George's, MD",2023,48657022.0
24033,"Prince George's, MD",2024,50887450.0
24035,"Queen Anne's, MD",2019,1906913.0
24035,"Queen Anne's, MD",2020,1762536.0
24035,"Queen Anne's, MD",2021,2062152.0
24035,"Queen Anne's, MD",2022,2010761.0
24035,"Queen Anne's, MD",2023,2046029.0
24035,"Queen Anne's, MD",2024,2157003.0
24037,"St. Mary's, MD",2019,7529039.0
24037,"St. Mary's, MD",2020,7889657.0
24037,"St. Mary's, MD",2021,7917159.0
24037,"St. Mary's, MD",2022,7906507.0
24037,"St. Mary's, MD",2023,8161179.0
24037,"St. Mary's, MD",2024,8388208.0
24039,"Somerset, MD",2019,819473.0
24039,"Somerset, MD",2020,795634.0
24039,"Somerset, MD",2021,845042.0
24039,"Somerset, MD",2022,965742.0
24039,"Somerset, MD",2023,839670.0
24039,"Somerset, MD",2024,953912.0
24041,"Talbot, MD",2019,2060983.0
24041,"Talbot, MD",2020,1897038.0
24041,"Talbot, MD",2021,1984232.0
24041,"Talbot, MD",2022,2014542.0
24041,"Talbot, MD",2023,2100770.0
24041,"Talbot, MD",2024,2138647.0
24043,"Washington, MD",2019,7065371.0
24043,"Washington, MD",2020,6610280.0
24043,"Washington, MD",2021,7133252.0
24043,"Washington, MD",2022,7058682.0
24043,"Washington, MD",2023,7415422.0
24043,"Washington, MD",2024,7597356.0
24045,"Wicomico, MD",2019,5032323.0
24045,"Wicomico, MD",2020,4920575.0
24045,"Wicomico, MD",2021,5283236.0
24045,"Wicomico, MD",2022,5397260.0
24045,"Wicomico, MD",2023,5412715.0
24045,"Wicomico, MD",2024,5608755.0
24047,"Worcester, MD",2019,2835228.0
24047,"Worcester, MD",2020,2555320.0
24047,"Worcester, MD",2021,2910814.0
24047,"Worcester, MD",2022,2991111.0
24047,"Worcester, MD",2023,2976581.0
24047,"Worcester, MD",2024,3142528.0
24510,"Baltimore (Independent City), MD",2019,47508237.0
24510,"Baltimore (Independent City), MD",2020,45992780.0
24510,"Baltimore (Independent City), MD",2021,48291551.0
24510,"Baltimore (Independent City), MD",2022,49688370.0
24510,"Baltimore (Independent City), MD",2023,50584353.0
24510,"Baltimore (Independent City), MD",2024,51900153.0
25001,"Barnstable, MA",2019,13473915.0
25001,"Barnstable, MA",2020,12723978.0
25001,"Barnstable, MA",2021,13755816.0
25001,"Barnstable, MA",2022,14155069.0
25001,"Barnstable, MA",2023,14184251.0
25001,"Barnstable, MA",2024,14830770.0
25003,"Berkshire, MA",2019,6979170.0
25003,"Berkshire, MA",2020,6813838.0
25003,"Berkshire, MA",2021,6948067.0
25003,"Berkshire, MA",2022,7117963.0
25003,"Berkshire, MA",2023,7093069.0
25003,"Berkshire, MA",2024,7205142.0
25005,"Bristol, MA",2019,26630255.0
25005,"Bristol, MA",2020,25976425.0
25005,"Bristol, MA",2021,27663174.0
25005,"Bristol, MA",2022,26945603.0
25005,"Bristol, MA",2023,27106435.0
25005,"Bristol, MA",2024,27757139.0
25007,"Dukes, MA",2019,1466589.0
25007,"Dukes, MA",2020,1414002.0
25007,"Dukes, MA",2021,1453184.0
25007,"Dukes, MA",2022,1554830.0
25007,"Dukes, MA",2023,1570922.0
25007,"Dukes, MA",2024,1612733.0
25009,"Essex, MA",2019,46051957.0
25009,"Essex, MA",2020,44363676.0
25009,"Essex, MA",2021,47512649.0
25009,"Essex, MA",2022,47496012.0
25009,"Essex, MA",2023,47762548.0
25009,"Essex, MA",2024,48360034.0
25011,"Franklin, MA",2019,2918671.0
25011,"Franklin, MA",2020,2955495.0
25011,"Franklin, MA",2021,2922586.0
25011,"Franklin, MA",2022,2836831.0
25011,"Franklin, MA",2023,3092634.0
25011,"Franklin, MA",2024,2896237.0
25013,"Hampden, MA",2019,22786284.0
25013,"Hampden, MA",2020,22464565.0
25013,"Hampden, MA",2021,23369811.0
25013,"Hampden, MA",2022,23148579.0
25013,"Hampden, MA",2023,23318378.0
25013,"Hampden, MA",2024,23695319.0
25015,"Hampshire, MA",2019,7830270.0
25015,"Hampshire, MA",2020,7533703.0
25015,"Hampshire, MA",2021,7614464.0
25015,"Hampshire, MA",2022,7737126.0
25015,"Hampshire, MA",2023,7890721.0
25015,"Hampshire, MA",2024,8036784.0
25017,"Middlesex, MA",2019,173915974.0
25017,"Middlesex, MA",2020,175820914.0
25017,"Middlesex, MA",2021,190429134.0
25017,"Middlesex, MA",2022,194018374.0
25017,"Middlesex, MA",2023,198048884.0
25017,"Middlesex, MA",2024,204141715.0
25019,"Nantucket, MA",2019,1348638.0
25019,"Nantucket, MA",2020,1256337.0
25019,"Nantucket, MA",2021,1383706.0
25019,"Nantucket, MA",2022,1475688.0
25019,"Nantucket, MA",2023,1532716.0
25019,"Nantucket, MA",2024,1592151.0
25021,"Norfolk, MA",2019,54631074.0
25021,"Norfolk, MA",2020,53142112.0
25021,"Norfolk, MA",2021,56170589.0
25021,"Norfolk, MA",2022,57276240.0
25021,"Norfolk, MA",2023,58336659.0
25021,"Norfolk, MA",2024,59516176.0
25023,"Plymouth, MA",2019,26569551.0
25023,"Plymouth, MA",2020,25248164.0
25023,"Plymouth, MA",2021,26839522.0
25023,"Plymouth, MA",2022,27122558.0
25023,"Plymouth, MA",2023,27591818.0
25023,"Plymouth, MA",2024,28366702.0
25025,"Suffolk, MA",2019,137788309.0
25025,"Suffolk, MA",2020,137461954.0
25025,"Suffolk, MA",2021,145568450.0
25025,"Suffolk, MA",2022,150146205.0
25025,"Suffolk, MA",2023,150340777.0
25025,"Suffolk, MA",2024,153074038.0
25027,"Worcester, MA",2019,43975268.0
25027,"Worcester, MA",2020,43345458.0
25027,"Worcester, MA",2021,46031031.0
25027,"Worcester, MA",2022,46750376.0
25027,"Worcester, MA",2023,47291424.0
25027,"Worcester, MA",2024,48166049.0
26001,"Alcona, MI",2019,228003.0
26001,"Alcona, MI",2020,218092.0
26001,"Alcona, MI",2021,229792.0
26001,"Alcona, MI",2022,232853.0
26001,"Alcona, MI",2023,209232.0
26001,"Alcona, MI",2024,204575.0
26003,"Alger, MI",2019,252194.0
26003,"Alger, MI",2020,235040.0
26003,"Alger, MI",2021,246486.0
26003,"Alger, MI",2022,251422.0
26003,"Alger, MI",2023,251219.0
26003,"Alger, MI",2024,253880.0
26005,"Allegan, MI",2019,4569627.0
26005,"Allegan, MI",2020,4669256.0
26005,"Allegan, MI",2021,4871904.0
26005,"Allegan, MI",2022,4724378.0
26005,"Allegan, MI",2023,4945532.0
26005,"Allegan, MI",2024,5137459.0
26007,"Alpena, MI",2019,1068176.0
26007,"Alpena, MI",2020,1043088.0
26007,"Alpena, MI",2021,1097950.0
26007,"Alpena, MI",2022,1085799.0
26007,"Alpena, MI",2023,1105067.0
26007,"Alpena, MI",2024,1126633.0
26009,"Antrim, MI",2019,613036.0
26009,"Antrim, MI",2020,567693.0
26009,"Antrim, MI",2021,620261.0
26009,"Antrim, MI",2022,615837.0
26009,"Antrim, MI",2023,639461.0
26009,"Antrim, MI",2024,649298.0
26011,"Arenac, MI",2019,433612.0
26011,"Arenac, MI",2020,419766.0
26011,"Arenac, MI",2021,433952.0
26011,"Arenac, MI",2022,427295.0
26011,"Arenac, MI",2023,450667.0
26011,"Arenac, MI",2024,454745.0
26013,"Baraga, MI",2019,280719.0
26013,"Baraga, MI",2020,267643.0
26013,"Baraga, MI",2021,285316.0
26013,"Baraga, MI",2022,281444.0
26013,"Baraga, MI",2023,285227.0
26013,"Baraga, MI",2024,282678.0
26015,"Barry, MI",2019,1537315.0
26015,"Barry, MI",2020,1480636.0
26015,"Barry, MI",2021,1535437.0
26015,"Barry, MI",2022,1631733.0
26015,"Barry, MI",2023,1658446.0
26015,"Barry, MI",2024,1792103.0
26017,"Bay, MI",2019,3570704.0
26017,"Bay, MI",2020,3551594.0
26017,"Bay, MI",2021,3855404.0
26017,"Bay, MI",2022,3782136.0
26017,"Bay, MI",2023,3688792.0
26017,"Bay, MI",2024,3716382.0
26019,"Benzie, MI",2019,503966.0
26019,"Benzie, MI",2020,472944.0
26019,"Benzie, MI",2021,521722.0
26019,"Benzie, MI",2022,542119.0
26019,"Benzie, MI",2023,556803.0
26019,"Benzie, MI",2024,564484.0
26021,"Berrien, MI",2019,7356463.0
26021,"Berrien, MI",2020,7507501.0
26021,"Berrien, MI",2021,7486728.0
26021,"Berrien, MI",2022,7310996.0
26021,"Berrien, MI",2023,7316520.0
26021,"Berrien, MI",2024,7356445.0
26023,"Branch, MI",2019,1429850.0
26023,"Branch, MI",2020,1359669.0
26023,"Branch, MI",2021,1427197.0
26023,"Branch, MI",2022,1417244.0
26023,"Branch, MI",2023,1457461.0
26023,"Branch, MI",2024,1490136.0
26025,"Calhoun, MI",2019,6451007.0
26025,"Calhoun, MI",2020,6364793.0
26025,"Calhoun, MI",2021,6808306.0
26025,"Calhoun, MI",2022,7116115.0
26025,"Calhoun, MI",2023,7238983.0
26025,"Calhoun, MI",2024,7464101.0
26027,"Cass, MI",2019,1144568.0
26027,"Cass, MI",2020,1067885.0
26027,"Cass, MI",2021,1102181.0
26027,"Cass, MI",2022,1260361.0
26027,"Cass, MI",2023,1518300.0
26027,"Cass, MI",2024,1448030.0
26029,"Charlevoix, MI",2019,1184895.0
26029,"Charlevoix, MI",2020,1115916.0
26029,"Charlevoix, MI",2021,1258110.0
26029,"Charlevoix, MI",2022,1302710.0
26029,"Charlevoix, MI",2023,1313479.0
26029,"Charlevoix, MI",2024,1353471.0
26031,"Cheboygan, MI",2019,636875.0
26031,"Cheboygan, MI",2020,582122.0
26031,"Cheboygan, MI",2021,646363.0
26031,"Cheboygan, MI",2022,661268.0
26031,"Cheboygan, MI",2023,676003.0
26031,"Cheboygan, MI",2024,693431.0
26033,"Chippewa, MI",2019,1140846.0
26033,"Chippewa, MI",2020,1066582.0
26033,"Chippewa, MI",2021,1140621.0
26033,"Chippewa, MI",2022,1193531.0
26033,"Chippewa, MI",2023,1221345.0
26033,"Chippewa, MI",2024,1238741.0
26035,"Clare, MI",2019,1054556.0
26035,"Clare, MI",2020,1116554.0
26035,"Clare, MI",2021,1123096.0
26035,"Clare, MI",2022,1093178.0
26035,"Clare, MI",2023,1187029.0
26035,"Clare, MI",2024,1224189.0
26037,"Clinton, MI",2019,2187292.0
26037,"Clinton, MI",2020,2166991.0
26037,"Clinton, MI",2021,2315076.0
26037,"Clinton, MI",2022,2359325.0
26037,"Clinton, MI",2023,2405388.0
26037,"Clinton, MI",2024,2440611.0
26039,"Crawford, MI",2019,438827.0
26039,"Crawford, MI",2020,406778.0
26039,"Crawford, MI",2021,457239.0
26039,"Crawford, MI",2022,425456.0
26039,"Crawford, MI",2023,418816.0
26039,"Crawford, MI",2024,419855.0
26041,"Delta, MI",2019,1251692.0
26041,"Delta, MI",2020,1187046.0
26041,"Delta, MI",2021,1221585.0
26041,"Delta, MI",2022,1211594.0
26041,"Delta, MI",2023,1196036.0
26041,"Delta, MI",2024,1242884.0
26043,"Dickinson, MI",2019,1347216.0
26043,"Dickinson, MI",2020,1284230.0
26043,"Dickinson, MI",2021,1407148.0
26043,"Dickinson, MI",2022,1324188.0
26043,"Dickinson, MI",2023,1324238.0
26043,"Dickinson, MI",2024,1323191.0
26045,"Eaton, MI",2019,5268852.0
26045,"Eaton, MI",2020,5189256.0
26045,"Eaton, MI",2021,5604541.0
26045,"Eaton, MI",2022,6030293.0
26045,"Eaton, MI",2023,6046201.0
26045,"Eaton, MI",2024,6192749.0
26047,"Emmet, MI",2019,1772400.0
26047,"Emmet, MI",2020,1668110.0
26047,"Emmet, MI",2021,1865153.0
26047,"Emmet, MI",2022,1898096.0
26047,"Emmet, MI",2023,1943386.0
26047,"Emmet, MI",2024,2002314.0
26049,"Genesee, MI",2019,16724794.0
26049,"Genesee, MI",2020,15283454.0
26049,"Genesee, MI",2021,15600157.0
26049,"Genesee, MI",2022,15713856.0
26049,"Genesee, MI",2023,16205256.0
26049,"Genesee, MI",2024,16529058.0
26051,"Gladwin, MI",2019,507283.0
26051,"Gladwin, MI",2020,480809.0
26051,"Gladwin, MI",2021,468940.0
26051,"Gladwin, MI",2022,464856.0
26051,"Gladwin, MI",2023,492776.0
26051,"Gladwin, MI",2024,532269.0
26053,"Gogebic, MI",2019,484789.0
26053,"Gogebic, MI",2020,451290.0
26053,"Gogebic, MI",2021,473235.0
26053,"Gogebic, MI",2022,476835.0
26053,"Gogebic, MI",2023,478214.0
26053,"Gogebic, MI",2024,490552.0
26055,"Grand Traverse, MI",2019,5160779.0
26055,"Grand Traverse, MI",2020,4968528.0
26055,"Grand Traverse, MI",2021,5312396.0
26055,"Grand Traverse, MI",2022,5502484.0
26055,"Grand Traverse, MI",2023,5747764.0
26055,"Grand Traverse, MI",2024,5853232.0
26057,"Gratiot, MI",2019,1333597.0
26057,"Gratiot, MI",2020,1430589.0
26057,"Gratiot, MI",2021,1474235.0
26057,"Gratiot, MI",2022,1509504.0
26057,"Gratiot, MI",2023,1519368.0
26057,"Gratiot, MI",2024,1538437.0
26059,"Hillsdale, MI",2019,1556663.0
26059,"Hillsdale, MI",2020,1528118.0
26059,"Hillsdale, MI",2021,1775249.0
26059,"Hillsdale, MI",2022,1800752.0
26059,"Hillsdale, MI",2023,1833272.0
26059,"Hillsdale, MI",2024,1830169.0
26061,"Houghton, MI",2019,1121686.0
26061,"Houghton, MI",2020,1058685.0
26061,"Houghton, MI",2021,1145617.0
26061,"Houghton, MI",2022,1172358.0
26061,"Houghton, MI",2023,1189647.0
26061,"Houghton, MI",2024,1235378.0
26063,"Huron, MI",2019,1346645.0
26063,"Huron, MI",2020,1442463.0
26063,"Huron, MI",2021,1448976.0
26063,"Huron, MI",2022,1494931.0
26063,"Huron, MI",2023,1587340.0
26063,"Huron, MI",2024,1710199.0
26065,"Ingham, MI",2019,17348968.0
26065,"Ingham, MI",2020,17175958.0
26065,"Ingham, MI",2021,17664143.0
26065,"Ingham, MI",2022,18418905.0
26065,"Ingham, MI",2023,18645842.0
26065,"Ingham, MI",2024,18752816.0
26067,"Ionia, MI",2019,1700744.0
26067,"Ionia, MI",2020,1461218.0
26067,"Ionia, MI",2021,1612450.0
26067,"Ionia, MI",2022,1713846.0
26067,"Ionia, MI",2023,1860432.0
26067,"Ionia, MI",2024,1903885.0
26069,"Iosco, MI",2019,849422.0
26069,"Iosco, MI",2020,869484.0
26069,"Iosco, MI",2021,931706.0
26069,"Iosco, MI",2022,950222.0
26069,"Iosco, MI",2023,982162.0
26069,"Iosco, MI",2024,973914.0
26071,"Iron, MI",2019,346132.0
26071,"Iron, MI",2020,308728.0
26071,"Iron, MI",2021,317413.0
26071,"Iron, MI",2022,318248.0
26071,"Iron, MI",2023,314429.0
26071,"Iron, MI",2024,320697.0
26073,"Isabella, MI",2019,2409283.0
26073,"Isabella, MI",2020,2351377.0
26073,"Isabella, MI",2021,2465386.0
26073,"Isabella, MI",2022,2460547.0
26073,"Isabella, MI",2023,2516491.0
26073,"Isabella, MI",2024,2498065.0
26075,"Jackson, MI",2019,6597819.0
26075,"Jackson, MI",2020,6395900.0
26075,"Jackson, MI",2021,6732387.0
26075,"Jackson, MI",2022,6769352.0
26075,"Jackson, MI",2023,6965034.0
26075,"Jackson, MI",2024,7100376.0
26077,"Kalamazoo, MI",2019,14978275.0
26077,"Kalamazoo, MI",2020,15051469.0
26077,"Kalamazoo, MI",2021,15837093.0
26077,"Kalamazoo, MI",2022,16190375.0
26077,"Kalamazoo, MI",2023,16151739.0
26077,"Kalamazoo, MI",2024,16537412.0
26079,"Kalkaska, MI",2019,578627.0
26079,"Kalkaska, MI",2020,533772.0
26079,"Kalkaska, MI",2021,595009.0
26079,"Kalkaska, MI",2022,586953.0
26079,"Kalkaska, MI",2023,627061.0
26079,"Kalkaska, MI",2024,649330.0
26081,"Kent, MI",2019,43500926.0
26081,"Kent, MI",2020,42640533.0
26081,"Kent, MI",2021,44639583.0
26081,"Kent, MI",2022,45848016.0
26081,"Kent, MI",2023,46396792.0
26081,"Kent, MI",2024,47140599.0
26083,"Keweenaw, MI",2019,53518.0
26083,"Keweenaw, MI",2020,48018.0
26083,"Keweenaw, MI",2021,53682.0
26083,"Keweenaw, MI",2022,58043.0
26083,"Keweenaw, MI",2023,57804.0
26083,"Keweenaw, MI",2024,57311.0
26085,"Lake, MI",2019,234819.0
26085,"Lake, MI",2020,235075.0
26085,"Lake, MI",2021,230039.0
26085,"Lake, MI",2022,226665.0
26085,"Lake, MI",2023,229970.0
26085,"Lake, MI",2024,223949.0
26087,"Lapeer, MI",2019,2271900.0
26087,"Lapeer, MI",2020,2236706.0
26087,"Lapeer, MI",2021,2270566.0
26087,"Lapeer, MI",2022,2329730.0
26087,"Lapeer, MI",2023,2502101.0
26087,"Lapeer, MI",2024,2528188.0
26089,"Leelanau, MI",2019,790060.0
26089,"Leelanau, MI",2020,729226.0
26089,"Leelanau, MI",2021,804832.0
26089,"Leelanau, MI",2022,824811.0
26089,"Leelanau, MI",2023,832878.0
26089,"Leelanau, MI",2024,870567.0
26091,"Lenawee, MI",2019,2950443.0
26091,"Lenawee, MI",2020,3025092.0
26091,"Lenawee, MI",2021,3220608.0
26091,"Lenawee, MI",2022,3252755.0
26091,"Lenawee, MI",2023,3296980.0
26091,"Lenawee, MI",2024,3371902.0
26093,"Livingston, MI",2019,7265008.0
26093,"Livingston, MI",2020,6999530.0
26093,"Livingston, MI",2021,7565722.0
26093,"Livingston, MI",2022,7578515.0
26093,"Livingston, MI",2023,7850235.0
26093,"Livingston, MI",2024,7927804.0
26095,"Luce, MI",2019,158035.0
26095,"Luce, MI",2020,144576.0
26095,"Luce, MI",2021,156330.0
26095,"Luce, MI",2022,157905.0
26095,"Luce, MI",2023,159725.0
26095,"Luce, MI",2024,160562.0
26097,"Mackinac, MI",2019,442588.0
26097,"Mackinac, MI",2020,403649.0
26097,"Mackinac, MI",2021,471372.0
26097,"Mackinac, MI",2022,486925.0
26097,"Mackinac, MI",2023,502265.0
26097,"Mackinac, MI",2024,519125.0
26099,"Macomb, MI",2019,40440239.0
26099,"Macomb, MI",2020,37960510.0
26099,"Macomb, MI",2021,40953760.0
26099,"Macomb, MI",2022,42169483.0
26099,"Macomb, MI",2023,43611585.0
26099,"Macomb, MI",2024,44058622.0
26101,"Manistee, MI",2019,870501.0
26101,"Manistee, MI",2020,822568.0
26101,"Manistee, MI",2021,852603.0
26101,"Manistee, MI",2022,854672.0
26101,"Manistee, MI",2023,876888.0
26101,"Manistee, MI",2024,902508.0
26103,"Marquette, MI",2019,2713803.0
26103,"Marquette, MI",2020,2602348.0
26103,"Marquette, MI",2021,2864267.0
26103,"Marquette, MI",2022,2734382.0
26103,"Marquette, MI",2023,2828566.0
26103,"Marquette, MI",2024,2733481.0
26105,"Mason, MI",2019,1009341.0
26105,"Mason, MI",2020,990136.0
26105,"Mason, MI",2021,1010728.0
26105,"Mason, MI",2022,1017727.0
26105,"Mason, MI",2023,1027086.0
26105,"Mason, MI",2024,1040664.0
26107,"Mecosta, MI",2019,1309356.0
26107,"Mecosta, MI",2020,1193559.0
26107,"Mecosta, MI",2021,1318804.0
26107,"Mecosta, MI",2022,1265900.0
26107,"Mecosta, MI",2023,1332681.0
26107,"Mecosta, MI",2024,1290828.0
26109,"Menominee, MI",2019,726090.0
26109,"Menominee, MI",2020,655703.0
26109,"Menominee, MI",2021,700693.0
26109,"Menominee, MI",2022,728813.0
26109,"Menominee, MI",2023,709690.0
26109,"Menominee, MI",2024,753748.0
26111,"Midland, MI",2019,5367447.0
26111,"Midland, MI",2020,5731285.0
26111,"Midland, MI",2021,5816841.0
26111,"Midland, MI",2022,5803215.0
26111,"Midland, MI",2023,6220110.0
26111,"Midland, MI",2024,6376374.0
26113,"Missaukee, MI",2019,445390.0
26113,"Missaukee, MI",2020,410223.0
26113,"Missaukee, MI",2021,416942.0
26113,"Missaukee, MI",2022,418550.0
26113,"Missaukee, MI",2023,436176.0
26113,"Missaukee, MI",2024,506431.0
26115,"Monroe, MI",2019,5983585.0
26115,"Monroe, MI",2020,5597177.0
26115,"Monroe, MI",2021,5859942.0
26115,"Monroe, MI",2022,5916835.0
26115,"Monroe, MI",2023,6134800.0
26115,"Monroe, MI",2024,6345564.0
26117,"Montcalm, MI",2019,1602994.0
26117,"Montcalm, MI",2020,1557780.0
26117,"Montcalm, MI",2021,1635688.0
26117,"Montcalm, MI",2022,1606834.0
26117,"Montcalm, MI",2023,1666856.0
26117,"Montcalm, MI",2024,1642615.0
26119,"Montmorency, MI",2019,264167.0
26119,"Montmorency, MI",2020,248285.0
26119,"Montmorency, MI",2021,244020.0
26119,"Montmorency, MI",2022,240773.0
26119,"Montmorency, MI",2023,237312.0
26119,"Montmorency, MI",2024,236358.0
26121,"Muskegon, MI",2019,6169878.0
26121,"Muskegon, MI",2020,5952702.0
26121,"Muskegon, MI",2021,6056965.0
26121,"Muskegon, MI",2022,6231610.0
26121,"Muskegon, MI",2023,6448375.0
26121,"Muskegon, MI",2024,6688142.0
26123,"Newaygo, MI",2019,1408233.0
26123,"Newaygo, MI",2020,1346999.0
26123,"Newaygo, MI",2021,1485653.0
26123,"Newaygo, MI",2022,1595702.0
26123,"Newaygo, MI",2023,1633111.0
26123,"Newaygo, MI",2024,1662030.0
26125,"Oakland, MI",2019,108730076.0
26125,"Oakland, MI",2020,104267231.0
26125,"Oakland, MI",2021,109379107.0
26125,"Oakland, MI",2022,111795525.0
26125,"Oakland, MI",2023,115072478.0
26125,"Oakland, MI",2024,115904656.0
26127,"Oceana, MI",2019,679414.0
26127,"Oceana, MI",2020,618974.0
26127,"Oceana, MI",2021,621888.0
26127,"Oceana, MI",2022,625650.0
26127,"Oceana, MI",2023,679010.0
26127,"Oceana, MI",2024,648586.0
26129,"Ogemaw, MI",2019,564555.0
26129,"Ogemaw, MI",2020,539238.0
26129,"Ogemaw, MI",2021,546390.0
26129,"Ogemaw, MI",2022,541620.0
26129,"Ogemaw, MI",2023,568772.0
26129,"Ogemaw, MI",2024,597326.0
26131,"Ontonagon, MI",2019,134108.0
26131,"Ontonagon, MI",2020,123725.0
26131,"Ontonagon, MI",2021,133203.0
26131,"Ontonagon, MI",2022,131503.0
26131,"Ontonagon, MI",2023,131111.0
26131,"Ontonagon, MI",2024,131041.0
26133,"Osceola, MI",2019,771932.0
26133,"Osceola, MI",2020,734659.0
26133,"Osceola, MI",2021,748925.0
26133,"Osceola, MI",2022,757676.0
26133,"Osceola, MI",2023,787909.0
26133,"Osceola, MI",2024,839955.0
26135,"Oscoda, MI",2019,221929.0
26135,"Oscoda, MI",2020,189083.0
26135,"Oscoda, MI",2021,205474.0
26135,"Oscoda, MI",2022,219372.0
26135,"Oscoda, MI",2023,209386.0
26135,"Oscoda, MI",2024,217735.0
26137,"Otsego, MI",2019,1059204.0
26137,"Otsego, MI",2020,1064474.0
26137,"Otsego, MI",2021,1121894.0
26137,"Otsego, MI",2022,1110111.0
26137,"Otsego, MI",2023,1161825.0
26137,"Otsego, MI",2024,1154149.0
26139,"Ottawa, MI",2019,14498156.0
26139,"Ottawa, MI",2020,14487529.0
26139,"Ottawa, MI",2021,16052595.0
26139,"Ottawa, MI",2022,15599332.0
26139,"Ottawa, MI",2023,16048107.0
26139,"Ottawa, MI",2024,16443944.0
26141,"Presque Isle, MI",2019,329031.0
26141,"Presque Isle, MI",2020,333351.0
26141,"Presque Isle, MI",2021,360746.0
26141,"Presque Isle, MI",2022,345425.0
26141,"Presque Isle, MI",2023,360941.0
26141,"Presque Isle, MI",2024,346658.0
26143,"Roscommon, MI",2019,601893.0
26143,"Roscommon, MI",2020,596481.0
26143,"Roscommon, MI",2021,603083.0
26143,"Roscommon, MI",2022,600445.0
26143,"Roscommon, MI",2023,666118.0
26143,"Roscommon, MI",2024,671433.0
26145,"Saginaw, MI",2019,8480860.0
26145,"Saginaw, MI",2020,8248233.0
26145,"Saginaw, MI",2021,8704949.0
26145,"Saginaw, MI",2022,8737631.0
26145,"Saginaw, MI",2023,8943089.0
26145,"Saginaw, MI",2024,8852219.0
26147,"St. Clair, MI",2019,5399216.0
26147,"St. Clair, MI",2020,5366194.0
26147,"St. Clair, MI",2021,5649625.0
26147,"St. Clair, MI",2022,5754126.0
26147,"St. Clair, MI",2023,5824006.0
26147,"St. Clair, MI",2024,5861090.0
26149,"St. Joseph, MI",2019,2059235.0
26149,"St. Joseph, MI",2020,2017810.0
26149,"St. Joseph, MI",2021,2163074.0
26149,"St. Joseph, MI",2022,2202846.0
26149,"St. Joseph, MI",2023,2288773.0
26149,"St. Joseph, MI",2024,2283808.0
26151,"Sanilac, MI",2019,1182726.0
26151,"Sanilac, MI",2020,1159799.0
26151,"Sanilac, MI",2021,1203797.0
26151,"Sanilac, MI",2022,1221692.0
26151,"Sanilac, MI",2023,1246529.0
26151,"Sanilac, MI",2024,1307410.0
26153,"Schoolcraft, MI",2019,277302.0
26153,"Schoolcraft, MI",2020,266044.0
26153,"Schoolcraft, MI",2021,283693.0
26153,"Schoolcraft, MI",2022,256125.0
26153,"Schoolcraft, MI",2023,265611.0
26153,"Schoolcraft, MI",2024,269603.0
26155,"Shiawassee, MI",2019,1727898.0
26155,"Shiawassee, MI",2020,1611941.0
26155,"Shiawassee, MI",2021,1688899.0
26155,"Shiawassee, MI",2022,1827699.0
26155,"Shiawassee, MI",2023,1846414.0
26155,"Shiawassee, MI",2024,1852187.0
26157,"Tuscola, MI",2019,1238036.0
26157,"Tuscola, MI",2020,1266108.0
26157,"Tuscola, MI",2021,1325473.0
26157,"Tuscola, MI",2022,1368010.0
26157,"Tuscola, MI",2023,1404988.0
26157,"Tuscola, MI",2024,1374503.0
26159,"Van Buren, MI",2019,2839875.0
26159,"Van Buren, MI",2020,2933136.0
26159,"Van Buren, MI",2021,2914576.0
26159,"Van Buren, MI",2022,2725428.0
26159,"Van Buren, MI",2023,2600505.0
26159,"Van Buren, MI",2024,2530576.0
26161,"Washtenaw, MI",2019,25636942.0
26161,"Washtenaw, MI",2020,25010835.0
26161,"Washtenaw, MI",2021,26308827.0
26161,"Washtenaw, MI",2022,26763594.0
26161,"Washtenaw, MI",2023,27474944.0
26161,"Washtenaw, MI",2024,28092107.0
26163,"Wayne, MI",2019,98577598.0
26163,"Wayne, MI",2020,93194851.0
26163,"Wayne, MI",2021,97250041.0
26163,"Wayne, MI",2022,100926323.0
26163,"Wayne, MI",2023,104598767.0
26163,"Wayne, MI",2024,105985562.0
26165,"Wexford, MI",2019,1320024.0
26165,"Wexford, MI",2020,1217672.0
26165,"Wexford, MI",2021,1350700.0
26165,"Wexford, MI",2022,1335126.0
26165,"Wexford, MI",2023,1361253.0
26165,"Wexford, MI",2024,1377096.0
27001,"Aitkin, MN",2019,489996.0
27001,"Aitkin, MN",2020,464813.0
27001,"Aitkin, MN",2021,503357.0
27001,"Aitkin, MN",2022,473290.0
27001,"Aitkin, MN",2023,483077.0
27001,"Aitkin, MN",2024,508557.0
27003,"Anoka, MN",2019,15785235.0
27003,"Anoka, MN",2020,15300714.0
27003,"Anoka, MN",2021,15793419.0
27003,"Anoka, MN",2022,15629320.0
27003,"Anoka, MN",2023,15512869.0
27003,"Anoka, MN",2024,15749652.0
27005,"Becker, MN",2019,1390867.0
27005,"Becker, MN",2020,1368586.0
27005,"Becker, MN",2021,1454043.0
27005,"Becker, MN",2022,1440265.0
27005,"Becker, MN",2023,1474589.0
27005,"Becker, MN",2024,1535830.0
27007,"Beltrami, MN",2019,1795594.0
27007,"Beltrami, MN",2020,1802268.0
27007,"Beltrami, MN",2021,1872618.0
27007,"Beltrami, MN",2022,1880788.0
27007,"Beltrami, MN",2023,1907231.0
27007,"Beltrami, MN",2024,1954736.0
27009,"Benton, MN",2019,1778211.0
27009,"Benton, MN",2020,1749370.0
27009,"Benton, MN",2021,1801291.0
27009,"Benton, MN",2022,1796204.0
27009,"Benton, MN",2023,1790237.0
27009,"Benton, MN",2024,1782058.0
27011,"Big Stone, MN",2019,190667.0
27011,"Big Stone, MN",2020,220178.0
27011,"Big Stone, MN",2021,230938.0
27011,"Big Stone, MN",2022,241329.0
27011,"Big Stone, MN",2023,232892.0
27011,"Big Stone, MN",2024,246015.0
27013,"Blue Earth, MN",2019,4071899.0
27013,"Blue Earth, MN",2020,3938744.0
27013,"Blue Earth, MN",2021,4074112.0
27013,"Blue Earth, MN",2022,4103876.0
27013,"Blue Earth, MN",2023,4120356.0
27013,"Blue Earth, MN",2024,4355637.0
27015,"Brown, MN",2019,1446993.0
27015,"Brown, MN",2020,1351373.0
27015,"Brown, MN",2021,1421601.0
27015,"Brown, MN",2022,1442851.0
27015,"Brown, MN",2023,1457954.0
27015,"Brown, MN",2024,1539839.0
27017,"Carlton, MN",2019,1363424.0
27017,"Carlton, MN",2020,1326485.0
27017,"Carlton, MN",2021,1448583.0
27017,"Carlton, MN",2022,1430547.0
27017,"Carlton, MN",2023,1384536.0
27017,"Carlton, MN",2024,1437280.0
27019,"Carver, MN",2019,5526704.0
27019,"Carver, MN",2020,5207051.0
27019,"Carver, MN",2021,5645567.0
27019,"Carver, MN",2022,5878041.0
27019,"Carver, MN",2023,5810593.0
27019,"Carver, MN",2024,5971759.0
27021,"Cass, MN",2019,996691.0
27021,"Cass, MN",2020,942945.0
27021,"Cass, MN",2021,1296108.0
27021,"Cass, MN",2022,1051565.0
27021,"Cass, MN",2023,1006463.0
27021,"Cass, MN",2024,1033761.0
27023,"Chippewa, MN",2019,532755.0
27023,"Chippewa, MN",2020,541949.0
27023,"Chippewa, MN",2021,587587.0
27023,"Chippewa, MN",2022,588449.0
27023,"Chippewa, MN",2023,608302.0
27023,"Chippewa, MN",2024,587868.0
27025,"Chisago, MN",2019,1617907.0
27025,"Chisago, MN",2020,1548817.0
27025,"Chisago, MN",2021,1669399.0
27025,"Chisago, MN",2022,1691609.0
27025,"Chisago, MN",2023,1677231.0
27025,"Chisago, MN",2024,1721308.0
27027,"Clay, MN",2019,2083993.0
27027,"Clay, MN",2020,2039567.0
27027,"Clay, MN",2021,2162527.0
27027,"Clay, MN",2022,2189254.0
27027,"Clay, MN",2023,2191911.0
27027,"Clay, MN",2024,2213702.0
27029,"Clearwater, MN",2019,265147.0
27029,"Clearwater, MN",2020,265231.0
27029,"Clearwater, MN",2021,320329.0
27029,"Clearwater, MN",2022,292969.0
27029,"Clearwater, MN",2023,297562.0
27029,"Clearwater, MN",2024,309271.0
27031,"Cook, MN",2019,266029.0
27031,"Cook, MN",2020,240250.0
27031,"Cook, MN",2021,255941.0
27031,"Cook, MN",2022,280306.0
27031,"Cook, MN",2023,290326.0
27031,"Cook, MN",2024,295086.0
27033,"Cottonwood, MN",2019,591106.0
27033,"Cottonwood, MN",2020,650704.0
27033,"Cottonwood, MN",2021,674775.0
27033,"Cottonwood, MN",2022,686614.0
27033,"Cottonwood, MN",2023,628206.0
27033,"Cottonwood, MN",2024,654772.0
27035,"Crow Wing, MN",2019,2922993.0
27035,"Crow Wing, MN",2020,2811224.0
27035,"Crow Wing, MN",2021,2885667.0
27035,"Crow Wing, MN",2022,2972114.0
27035,"Crow Wing, MN",2023,3023273.0
27035,"Crow Wing, MN",2024,3107455.0
27037,"Dakota, MN",2019,26736627.0
27037,"Dakota, MN",2020,25599491.0
27037,"Dakota, MN",2021,26554723.0
27037,"Dakota, MN",2022,27511865.0
27037,"Dakota, MN",2023,28331494.0
27037,"Dakota, MN",2024,29480134.0
27039,"Dodge, MN",2019,745567.0
27039,"Dodge, MN",2020,705200.0
27039,"Dodge, MN",2021,807996.0
27039,"Dodge, MN",2022,792762.0
27039,"Dodge, MN",2023,789990.0
27039,"Dodge, MN",2024,765429.0
27041,"Douglas, MN",2019,1972695.0
27041,"Douglas, MN",2020,1960123.0
27041,"Douglas, MN",2021,2093918.0
27041,"Douglas, MN",2022,2092075.0
27041,"Douglas, MN",2023,2160645.0
27041,"Douglas, MN",2024,2179454.0
27043,"Faribault, MN",2019,480401.0
27043,"Faribault, MN",2020,489025.0
27043,"Faribault, MN",2021,550961.0
27043,"Faribault, MN",2022,570537.0
27043,"Faribault, MN",2023,549750.0
27043,"Faribault, MN",2024,589779.0
27045,"Fillmore, MN",2019,600936.0
27045,"Fillmore, MN",2020,641722.0
27045,"Fillmore, MN",2021,650393.0
27045,"Fillmore, MN",2022,664094.0
27045,"Fillmore, MN",2023,687522.0
27045,"Fillmore, MN",2024,649230.0
27047,"Freeborn, MN",2019,1221002.0
27047,"Freeborn, MN",2020,1207300.0
27047,"Freeborn, MN",2021,1298836.0
27047,"Freeborn, MN",2022,1320187.0
27047,"Freeborn, MN",2023,1310807.0
27047,"Freeborn, MN",2024,1315275.0
27049,"Goodhue, MN",2019,2810658.0
27049,"Goodhue, MN",2020,2829752.0
27049,"Goodhue, MN",2021,2925738.0
27049,"Goodhue, MN",2022,2961812.0
27049,"Goodhue, MN",2023,3002462.0
27049,"Goodhue, MN",2024,2997116.0
27051,"Grant, MN",2019,250720.0
27051,"Grant, MN",2020,264164.0
27051,"Grant, MN",2021,275994.0
27051,"Grant, MN",2022,293292.0
27051,"Grant, MN",2023,271513.0
27051,"Grant, MN",2024,267590.0
27053,"Hennepin, MN",2019,141683440.0
27053,"Hennepin, MN",2020,136966778.0
27053,"Hennepin, MN",2021,147248808.0
27053,"Hennepin, MN",2022,150433347.0
27053,"Hennepin, MN",2023,152558748.0
27053,"Hennepin, MN",2024,155025745.0
27055,"Houston, MN",2019,531078.0
27055,"Houston, MN",2020,546722.0
27055,"Houston, MN",2021,592154.0
27055,"Houston, MN",2022,580327.0
27055,"Houston, MN",2023,597751.0
27055,"Houston, MN",2024,634715.0
27057,"Hubbard, MN",2019,817436.0
27057,"Hubbard, MN",2020,793096.0
27057,"Hubbard, MN",2021,826133.0
27057,"Hubbard, MN",2022,738779.0
27057,"Hubbard, MN",2023,782843.0
27057,"Hubbard, MN",2024,763761.0
27059,"Isanti, MN",2019,1127369.0
27059,"Isanti, MN",2020,1086075.0
27059,"Isanti, MN",2021,1153049.0
27059,"Isanti, MN",2022,1173569.0
27059,"Isanti, MN",2023,1171098.0
27059,"Isanti, MN",2024,1219174.0
27061,"Itasca, MN",2019,2100327.0
27061,"Itasca, MN",2020,1938425.0
27061,"Itasca, MN",2021,2111244.0
27061,"Itasca, MN",2022,2082826.0
27061,"Itasca, MN",2023,2154997.0
27061,"Itasca, MN",2024,1959956.0
27063,"Jackson, MN",2019,669719.0
27063,"Jackson, MN",2020,622450.0
27063,"Jackson, MN",2021,629656.0
27063,"Jackson, MN",2022,629006.0
27063,"Jackson, MN",2023,603298.0
27063,"Jackson, MN",2024,656985.0
27065,"Kanabec, MN",2019,428955.0
27065,"Kanabec, MN",2020,411691.0
27065,"Kanabec, MN",2021,434437.0
27065,"Kanabec, MN",2022,406703.0
27065,"Kanabec, MN",2023,395004.0
27065,"Kanabec, MN",2024,409291.0
27067,"Kandiyohi, MN",2019,2232170.0
27067,"Kandiyohi, MN",2020,2137805.0
27067,"Kandiyohi, MN",2021,2231541.0
27067,"Kandiyohi, MN",2022,2321678.0
27067,"Kandiyohi, MN",2023,2379249.0
27067,"Kandiyohi, MN",2024,2425921.0
27069,"Kittson, MN",2019,183046.0
27069,"Kittson, MN",2020,225528.0
27069,"Kittson, MN",2021,278754.0
27069,"Kittson, MN",2022,233696.0
27069,"Kittson, MN",2023,209488.0
27069,"Kittson, MN",2024,162866.0
27071,"Koochiching, MN",2019,541872.0
27071,"Koochiching, MN",2020,483184.0
27071,"Koochiching, MN",2021,480866.0
27071,"Koochiching, MN",2022,507420.0
27071,"Koochiching, MN",2023,493045.0
27071,"Koochiching, MN",2024,496840.0
27073,"Lac qui Parle, MN",2019,256985.0
27073,"Lac qui Parle, MN",2020,279866.0
27073,"Lac qui Parle, MN",2021,308705.0
27073,"Lac qui Parle, MN",2022,319833.0
27073,"Lac qui Parle, MN",2023,327047.0
27073,"Lac qui Parle, MN",2024,319299.0
27075,"Lake, MN",2019,553912.0
27075,"Lake, MN",2020,498487.0
27075,"Lake, MN",2021,482368.0
27075,"Lake, MN",2022,469797.0
27075,"Lake, MN",2023,500604.0
27075,"Lake, MN",2024,410660.0
27077,"Lake of the Woods, MN",2019,192510.0
27077,"Lake of the Woods, MN",2020,193819.0
27077,"Lake of the Woods, MN",2021,196555.0
27077,"Lake of the Woods, MN",2022,186514.0
27077,"Lake of the Woods, MN",2023,175513.0
27077,"Lake of the Woods, MN",2024,186152.0
27079,"Le Sueur, MN",2019,939479.0
27079,"Le Sueur, MN",2020,938794.0
27079,"Le Sueur, MN",2021,933506.0
27079,"Le Sueur, MN",2022,973042.0
27079,"Le Sueur, MN",2023,937429.0
27079,"Le Sueur, MN",2024,935636.0
27081,"Lincoln, MN",2019,317214.0
27081,"Lincoln, MN",2020,330864.0
27081,"Lincoln, MN",2021,398827.0
27081,"Lincoln, MN",2022,431799.0
27081,"Lincoln, MN",2023,459743.0
27081,"Lincoln, MN",2024,450209.0
27083,"Lyon, MN",2019,1582098.0
27083,"Lyon, MN",2020,1486139.0
27083,"Lyon, MN",2021,1548091.0
27083,"Lyon, MN",2022,1582484.0
27083,"Lyon, MN",2023,1577303.0
27083,"Lyon, MN",2024,1638337.0
27085,"McLeod, MN",2019,1824803.0
27085,"McLeod, MN",2020,1719854.0
27085,"McLeod, MN",2021,1799878.0
27085,"McLeod, MN",2022,1806568.0
27085,"McLeod, MN",2023,1794884.0
27085,"McLeod, MN",2024,1833712.0
27087,"Mahnomen, MN",2019,167963.0
27087,"Mahnomen, MN",2020,157195.0
27087,"Mahnomen, MN",2021,196244.0
27087,"Mahnomen, MN",2022,190589.0
27087,"Mahnomen, MN",2023,180634.0
27087,"Mahnomen, MN",2024,185878.0
27089,"Marshall, MN",2019,391481.0
27089,"Marshall, MN",2020,424304.0
27089,"Marshall, MN",2021,464225.0
27089,"Marshall, MN",2022,466864.0
27089,"Marshall, MN",2023,377606.0
27089,"Marshall, MN",2024,309402.0
27091,"Martin, MN",2019,1098397.0
27091,"Martin, MN",2020,966275.0
27091,"Martin, MN",2021,1070839.0
27091,"Martin, MN",2022,1082875.0
27091,"Martin, MN",2023,951213.0
27091,"Martin, MN",2024,1069579.0
27093,"Meeker, MN",2019,1213943.0
27093,"Meeker, MN",2020,1115865.0
27093,"Meeker, MN",2021,1213240.0
27093,"Meeker, MN",2022,1331843.0
27093,"Meeker, MN",2023,1320546.0
27093,"Meeker, MN",2024,1312854.0
27095,"Mille Lacs, MN",2019,830110.0
27095,"Mille Lacs, MN",2020,771848.0
27095,"Mille Lacs, MN",2021,843390.0
27095,"Mille Lacs, MN",2022,844081.0
27095,"Mille Lacs, MN",2023,850440.0
27095,"Mille Lacs, MN",2024,888842.0
27097,"Morrison, MN",2019,1098081.0
27097,"Morrison, MN",2020,1106359.0
27097,"Morrison, MN",2021,1068356.0
27097,"Morrison, MN",2022,1153663.0
27097,"Morrison, MN",2023,1144912.0
27097,"Morrison, MN",2024,1150927.0
27099,"Mower, MN",2019,2047931.0
27099,"Mower, MN",2020,2054218.0
27099,"Mower, MN",2021,2166680.0
27099,"Mower, MN",2022,2236583.0
27099,"Mower, MN",2023,2399286.0
27099,"Mower, MN",2024,2376798.0
27101,"Murray, MN",2019,530253.0
27101,"Murray, MN",2020,500515.0
27101,"Murray, MN",2021,456687.0
27101,"Murray, MN",2022,471692.0
27101,"Murray, MN",2023,498861.0
27101,"Murray, MN",2024,552066.0
27103,"Nicollet, MN",2019,1546879.0
27103,"Nicollet, MN",2020,1447469.0
27103,"Nicollet, MN",2021,1525940.0
27103,"Nicollet, MN",2022,1608596.0
27103,"Nicollet, MN",2023,1505428.0
27103,"Nicollet, MN",2024,1522982.0
27105,"Nobles, MN",2019,1226565.0
27105,"Nobles, MN",2020,1237453.0
27105,"Nobles, MN",2021,1244840.0
27105,"Nobles, MN",2022,1329728.0
27105,"Nobles, MN",2023,1336911.0
27105,"Nobles, MN",2024,1460466.0
27107,"Norman, MN",2019,227972.0
27107,"Norman, MN",2020,232647.0
27107,"Norman, MN",2021,272358.0
27107,"Norman, MN",2022,261658.0
27107,"Norman, MN",2023,203798.0
27107,"Norman, MN",2024,175778.0
27109,"Olmsted, MN",2019,11747091.0
27109,"Olmsted, MN",2020,11496757.0
27109,"Olmsted, MN",2021,11874789.0
27109,"Olmsted, MN",2022,12203421.0
27109,"Olmsted, MN",2023,12485769.0
27109,"Olmsted, MN",2024,12913810.0
27111,"Otter Tail, MN",2019,2264375.0
27111,"Otter Tail, MN",2020,2325297.0
27111,"Otter Tail, MN",2021,2430494.0
27111,"Otter Tail, MN",2022,2469355.0
27111,"Otter Tail, MN",2023,2456250.0
27111,"Otter Tail, MN",2024,2510958.0
27113,"Pennington, MN",2019,1754089.0
27113,"Pennington, MN",2020,1738986.0
27113,"Pennington, MN",2021,2066259.0
27113,"Pennington, MN",2022,2068569.0
27113,"Pennington, MN",2023,2021991.0
27113,"Pennington, MN",2024,2020628.0
27115,"Pine, MN",2019,740038.0
27115,"Pine, MN",2020,694539.0
27115,"Pine, MN",2021,736196.0
27115,"Pine, MN",2022,718248.0
27115,"Pine, MN",2023,722077.0
27115,"Pine, MN",2024,760363.0
27117,"Pipestone, MN",2019,683949.0
27117,"Pipestone, MN",2020,631038.0
27117,"Pipestone, MN",2021,631247.0
27117,"Pipestone, MN",2022,667752.0
27117,"Pipestone, MN",2023,681894.0
27117,"Pipestone, MN",2024,762624.0
27119,"Polk, MN",2019,1333851.0
27119,"Polk, MN",2020,1376100.0
27119,"Polk, MN",2021,1493737.0
27119,"Polk, MN",2022,1407573.0
27119,"Polk, MN",2023,1338161.0
27119,"Polk, MN",2024,1255900.0
27121,"Pope, MN",2019,510685.0
27121,"Pope, MN",2020,516981.0
27121,"Pope, MN",2021,565931.0
27121,"Pope, MN",2022,545018.0
27121,"Pope, MN",2023,552650.0
27121,"Pope, MN",2024,544789.0
27123,"Ramsey, MN",2019,43388829.0
27123,"Ramsey, MN",2020,41626756.0
27123,"Ramsey, MN",2021,42566033.0
27123,"Ramsey, MN",2022,43642541.0
27123,"Ramsey, MN",2023,43868511.0
27123,"Ramsey, MN",2024,45240617.0
27125,"Red Lake, MN",2019,158543.0
27125,"Red Lake, MN",2020,149838.0
27125,"Red Lake, MN",2021,189056.0
27125,"Red Lake, MN",2022,177882.0
27125,"Red Lake, MN",2023,164380.0
27125,"Red Lake, MN",2024,184676.0
27127,"Redwood, MN",2019,805306.0
27127,"Redwood, MN",2020,829425.0
27127,"Redwood, MN",2021,947421.0
27127,"Redwood, MN",2022,977148.0
27127,"Redwood, MN",2023,1072673.0
27127,"Redwood, MN",2024,1137734.0
27129,"Renville, MN",2019,647371.0
27129,"Renville, MN",2020,722082.0
27129,"Renville, MN",2021,807176.0
27129,"Renville, MN",2022,821352.0
27129,"Renville, MN",2023,821548.0
27129,"Renville, MN",2024,892456.0
27131,"Rice, MN",2019,2771472.0
27131,"Rice, MN",2020,2761663.0
27131,"Rice, MN",2021,2850563.0
27131,"Rice, MN",2022,2933946.0
27131,"Rice, MN",2023,2963953.0
27131,"Rice, MN",2024,3134576.0
27133,"Rock, MN",2019,633582.0
27133,"Rock, MN",2020,595363.0
27133,"Rock, MN",2021,564640.0
27133,"Rock, MN",2022,607703.0
27133,"Rock, MN",2023,631010.0
27133,"Rock, MN",2024,778832.0
27135,"Roseau, MN",2019,1095512.0
27135,"Roseau, MN",2020,1113405.0
27135,"Roseau, MN",2021,1306234.0
27135,"Roseau, MN",2022,1324596.0
27135,"Roseau, MN",2023,1399923.0
27135,"Roseau, MN",2024,1333824.0
27137,"St. Louis, MN",2019,10456813.0
27137,"St. Louis, MN",2020,9787869.0
27137,"St. Louis, MN",2021,10191357.0
27137,"St. Louis, MN",2022,10353018.0
27137,"St. Louis, MN",2023,10778638.0
27137,"St. Louis, MN",2024,10618119.0
27139,"Scott, MN",2019,6933408.0
27139,"Scott, MN",2020,6604584.0
27139,"Scott, MN",2021,7248404.0
27139,"Scott, MN",2022,7551021.0
27139,"Scott, MN",2023,7763302.0
27139,"Scott, MN",2024,8317254.0
27141,"Sherburne, MN",2019,3532990.0
27141,"Sherburne, MN",2020,3396611.0
27141,"Sherburne, MN",2021,3548555.0
27141,"Sherburne, MN",2022,3622127.0
27141,"Sherburne, MN",2023,3579179.0
27141,"Sherburne, MN",2024,3695417.0
27143,"Sibley, MN",2019,409672.0
27143,"Sibley, MN",2020,413647.0
27143,"Sibley, MN",2021,447942.0
27143,"Sibley, MN",2022,471082.0
27143,"Sibley, MN",2023,476521.0
27143,"Sibley, MN",2024,549538.0
27145,"Stearns, MN",2019,8792635.0
27145,"Stearns, MN",2020,8615642.0
27145,"Stearns, MN",2021,8827667.0
27145,"Stearns, MN",2022,9314590.0
27145,"Stearns, MN",2023,9244685.0
27145,"Stearns, MN",2024,9689611.0
27147,"Steele, MN",2019,2282133.0
27147,"Steele, MN",2020,2143115.0
27147,"Steele, MN",2021,2239876.0
27147,"Steele, MN",2022,2186845.0
27147,"Steele, MN",2023,2142544.0
27147,"Steele, MN",2024,2191557.0
27149,"Stevens, MN",2019,589924.0
27149,"Stevens, MN",2020,624757.0
27149,"Stevens, MN",2021,615689.0
27149,"Stevens, MN",2022,625536.0
27149,"Stevens, MN",2023,537110.0
27149,"Stevens, MN",2024,607133.0
27151,"Swift, MN",2019,453624.0
27151,"Swift, MN",2020,475177.0
27151,"Swift, MN",2021,508021.0
27151,"Swift, MN",2022,577828.0
27151,"Swift, MN",2023,602502.0
27151,"Swift, MN",2024,592770.0
27153,"Todd, MN",2019,840299.0
27153,"Todd, MN",2020,757376.0
27153,"Todd, MN",2021,785619.0
27153,"Todd, MN",2022,830237.0
27153,"Todd, MN",2023,823582.0
27153,"Todd, MN",2024,880039.0
27155,"Traverse, MN",2019,139201.0
27155,"Traverse, MN",2020,198160.0
27155,"Traverse, MN",2021,192998.0
27155,"Traverse, MN",2022,215800.0
27155,"Traverse, MN",2023,221622.0
27155,"Traverse, MN",2024,255018.0
27157,"Wabasha, MN",2019,736385.0
27157,"Wabasha, MN",2020,763038.0
27157,"Wabasha, MN",2021,790004.0
27157,"Wabasha, MN",2022,777208.0
27157,"Wabasha, MN",2023,757799.0
27157,"Wabasha, MN",2024,825421.0
27159,"Wadena, MN",2019,513423.0
27159,"Wadena, MN",2020,506970.0
27159,"Wadena, MN",2021,518910.0
27159,"Wadena, MN",2022,525256.0
27159,"Wadena, MN",2023,542288.0
27159,"Wadena, MN",2024,564696.0
27161,"Waseca, MN",2019,691859.0
27161,"Waseca, MN",2020,707641.0
27161,"Waseca, MN",2021,770215.0
27161,"Waseca, MN",2022,874371.0
27161,"Waseca, MN",2023,906195.0
27161,"Waseca, MN",2024,993749.0
27163,"Washington, MN",2019,11859027.0
27163,"Washington, MN",2020,11525162.0
27163,"Washington, MN",2021,11860871.0
27163,"Washington, MN",2022,12378485.0
27163,"Washington, MN",2023,12573931.0
27163,"Washington, MN",2024,13126134.0
27165,"Watonwan, MN",2019,452616.0
27165,"Watonwan, MN",2020,428771.0
27165,"Watonwan, MN",2021,470881.0
27165,"Watonwan, MN",2022,475716.0
27165,"Watonwan, MN",2023,447683.0
27165,"Watonwan, MN",2024,461331.0
27167,"Wilkin, MN",2019,291825.0
27167,"Wilkin, MN",2020,286144.0
27167,"Wilkin, MN",2021,328591.0
27167,"Wilkin, MN",2022,343438.0
27167,"Wilkin, MN",2023,346034.0
27167,"Wilkin, MN",2024,282423.0
27169,"Winona, MN",2019,2337387.0
27169,"Winona, MN",2020,2334515.0
27169,"Winona, MN",2021,2364004.0
27169,"Winona, MN",2022,2344007.0
27169,"Winona, MN",2023,2253603.0
27169,"Winona, MN",2024,2332948.0
27171,"Wright, MN",2019,4958965.0
27171,"Wright, MN",2020,5011302.0
27171,"Wright, MN",2021,5284861.0
27171,"Wright, MN",2022,5196131.0
27171,"Wright, MN",2023,5252494.0
27171,"Wright, MN",2024,5477880.0
27173,"Yellow Medicine, MN",2019,499592.0
27173,"Yellow Medicine, MN",2020,510237.0
27173,"Yellow Medicine, MN",2021,503061.0
27173,"Yellow Medicine, MN",2022,558925.0
27173,"Yellow Medicine, MN",2023,600129.0
27173,"Yellow Medicine, MN",2024,578350.0
28001,"Adams, MS",2019,967697.0
28001,"Adams, MS",2020,885530.0
28001,"Adams, MS",2021,942773.0
28001,"Adams, MS",2022,924402.0
28001,"Adams, MS",2023,952595.0
28001,"Adams, MS",2024,978586.0
28003,"Alcorn, MS",2019,1233148.0
28003,"Alcorn, MS",2020,1249216.0
28003,"Alcorn, MS",2021,1282187.0
28003,"Alcorn, MS",2022,1239959.0
28003,"Alcorn, MS",2023,1275858.0
28003,"Alcorn, MS",2024,1258193.0
28005,"Amite, MS",2019,290559.0
28005,"Amite, MS",2020,248324.0
28005,"Amite, MS",2021,262174.0
28005,"Amite, MS",2022,271439.0
28005,"Amite, MS",2023,277920.0
28005,"Amite, MS",2024,310589.0
28007,"Attala, MS",2019,462922.0
28007,"Attala, MS",2020,513115.0
28007,"Attala, MS",2021,524522.0
28007,"Attala, MS",2022,533165.0
28007,"Attala, MS",2023,517285.0
28007,"Attala, MS",2024,504151.0
28009,"Benton, MS",2019,252884.0
28009,"Benton, MS",2020,306167.0
28009,"Benton, MS",2021,254882.0
28009,"Benton, MS",2022,300751.0
28009,"Benton, MS",2023,308447.0
28009,"Benton, MS",2024,314528.0
28011,"Bolivar, MS",2019,990592.0
28011,"Bolivar, MS",2020,1018172.0
28011,"Bolivar, MS",2021,1046878.0
28011,"Bolivar, MS",2022,1020257.0
28011,"Bolivar, MS",2023,1095776.0
28011,"Bolivar, MS",2024,1062695.0
28013,"Calhoun, MS",2019,276515.0
28013,"Calhoun, MS",2020,307213.0
28013,"Calhoun, MS",2021,303721.0
28013,"Calhoun, MS",2022,277340.0
28013,"Calhoun, MS",2023,281763.0
28013,"Calhoun, MS",2024,276831.0
28015,"Carroll, MS",2019,113203.0
28015,"Carroll, MS",2020,110419.0
28015,"Carroll, MS",2021,111995.0
28015,"Carroll, MS",2022,101845.0
28015,"Carroll, MS",2023,102719.0
28015,"Carroll, MS",2024,108984.0
28017,"Chickasaw, MS",2019,474083.0
28017,"Chickasaw, MS",2020,508973.0
28017,"Chickasaw, MS",2021,517969.0
28017,"Chickasaw, MS",2022,457056.0
28017,"Chickasaw, MS",2023,430965.0
28017,"Chickasaw, MS",2024,419587.0
28019,"Choctaw, MS",2019,670287.0
28019,"Choctaw, MS",2020,677384.0
28019,"Choctaw, MS",2021,647165.0
28019,"Choctaw, MS",2022,709247.0
28019,"Choctaw, MS",2023,643866.0
28019,"Choctaw, MS",2024,626320.0
28021,"Claiborne, MS",2019,772347.0
28021,"Claiborne, MS",2020,600687.0
28021,"Claiborne, MS",2021,732294.0
28021,"Claiborne, MS",2022,645571.0
28021,"Claiborne, MS",2023,722498.0
28021,"Claiborne, MS",2024,671489.0
28023,"Clarke, MS",2019,278558.0
28023,"Clarke, MS",2020,282182.0
28023,"Clarke, MS",2021,278513.0
28023,"Clarke, MS",2022,271437.0
28023,"Clarke, MS",2023,300895.0
28023,"Clarke, MS",2024,317787.0
28025,"Clay, MS",2019,494056.0
28025,"Clay, MS",2020,503929.0
28025,"Clay, MS",2021,529373.0
28025,"Clay, MS",2022,529468.0
28025,"Clay, MS",2023,532382.0
28025,"Clay, MS",2024,512138.0
28027,"Coahoma, MS",2019,718815.0
28027,"Coahoma, MS",2020,662999.0
28027,"Coahoma, MS",2021,689702.0
28027,"Coahoma, MS",2022,684336.0
28027,"Coahoma, MS",2023,677321.0
28027,"Coahoma, MS",2024,657446.0
28029,"Copiah, MS",2019,649306.0
28029,"Copiah, MS",2020,636730.0
28029,"Copiah, MS",2021,707463.0
28029,"Copiah, MS",2022,676723.0
28029,"Copiah, MS",2023,675917.0
28029,"Copiah, MS",2024,714344.0
28031,"Covington, MS",2019,564687.0
28031,"Covington, MS",2020,570992.0
28031,"Covington, MS",2021,684125.0
28031,"Covington, MS",2022,702085.0
28031,"Covington, MS",2023,701429.0
28031,"Covington, MS",2024,811154.0
28033,"DeSoto, MS",2019,6057404.0
28033,"DeSoto, MS",2020,6242735.0
28033,"DeSoto, MS",2021,6724518.0
28033,"DeSoto, MS",2022,6860586.0
28033,"DeSoto, MS",2023,6969625.0
28033,"DeSoto, MS",2024,7297483.0
28035,"Forrest, MS",2019,3567543.0
28035,"Forrest, MS",2020,3475012.0
28035,"Forrest, MS",2021,3674607.0
28035,"Forrest, MS",2022,3672153.0
28035,"Forrest, MS",2023,3734351.0
28035,"Forrest, MS",2024,3772384.0
28037,"Franklin, MS",2019,198545.0
28037,"Franklin, MS",2020,192876.0
28037,"Franklin, MS",2021,198635.0
28037,"Franklin, MS",2022,198652.0
28037,"Franklin, MS",2023,211769.0
28037,"Franklin, MS",2024,214424.0
28039,"George, MS",2019,493308.0
28039,"George, MS",2020,486712.0
28039,"George, MS",2021,469004.0
28039,"George, MS",2022,489169.0
28039,"George, MS",2023,484430.0
28039,"George, MS",2024,502751.0
28041,"Greene, MS",2019,154157.0
28041,"Greene, MS",2020,157497.0
28041,"Greene, MS",2021,155467.0
28041,"Greene, MS",2022,171358.0
28041,"Greene, MS",2023,166633.0
28041,"Greene, MS",2024,176327.0
28043,"Grenada, MS",2019,929593.0
28043,"Grenada, MS",2020,901994.0
28043,"Grenada, MS",2021,952461.0
28043,"Grenada, MS",2022,891700.0
28043,"Grenada, MS",2023,882973.0
28043,"Grenada, MS",2024,884259.0
28045,"Hancock, MS",2019,1592423.0
28045,"Hancock, MS",2020,1628536.0
28045,"Hancock, MS",2021,1694049.0
28045,"Hancock, MS",2022,1728328.0
28045,"Hancock, MS",2023,1794231.0
28045,"Hancock, MS",2024,1824776.0
28047,"Harrison, MS",2019,8870077.0
28047,"Harrison, MS",2020,8897135.0
28047,"Harrison, MS",2021,9499610.0
28047,"Harrison, MS",2022,9426321.0
28047,"Harrison, MS",2023,9780054.0
28047,"Harrison, MS",2024,9941203.0
28049,"Hinds, MS",2019,12314611.0
28049,"Hinds, MS",2020,11980659.0
28049,"Hinds, MS",2021,12253759.0
28049,"Hinds, MS",2022,12110422.0
28049,"Hinds, MS",2023,12014636.0
28049,"Hinds, MS",2024,12125090.0
28051,"Holmes, MS",2019,281111.0
28051,"Holmes, MS",2020,275494.0
28051,"Holmes, MS",2021,283262.0
28051,"Holmes, MS",2022,258985.0
28051,"Holmes, MS",2023,263831.0
28051,"Holmes, MS",2024,252876.0
28053,"Humphreys, MS",2019,186355.0
28053,"Humphreys, MS",2020,191912.0
28053,"Humphreys, MS",2021,201327.0
28053,"Humphreys, MS",2022,187640.0
28053,"Humphreys, MS",2023,192166.0
28053,"Humphreys, MS",2024,167555.0
28055,"Issaquena, MS",2019,21476.0
28055,"Issaquena, MS",2020,26392.0
28055,"Issaquena, MS",2021,24815.0
28055,"Issaquena, MS",2022,21311.0
28055,"Issaquena, MS",2023,28057.0
28055,"Issaquena, MS",2024,15729.0
28057,"Itawamba, MS",2019,558119.0
28057,"Itawamba, MS",2020,586793.0
28057,"Itawamba, MS",2021,582664.0
28057,"Itawamba, MS",2022,575150.0
28057,"Itawamba, MS",2023,591857.0
28057,"Itawamba, MS",2024,598968.0
28059,"Jackson, MS",2019,6733712.0
28059,"Jackson, MS",2020,7555504.0
28059,"Jackson, MS",2021,7317697.0
28059,"Jackson, MS",2022,6845185.0
28059,"Jackson, MS",2023,7923270.0
28059,"Jackson, MS",2024,8806295.0
28061,"Jasper, MS",2019,482000.0
28061,"Jasper, MS",2020,456888.0
28061,"Jasper, MS",2021,460349.0
28061,"Jasper, MS",2022,455873.0
28061,"Jasper, MS",2023,470129.0
28061,"Jasper, MS",2024,507238.0
28063,"Jefferson, MS",2019,100401.0
28063,"Jefferson, MS",2020,92647.0
28063,"Jefferson, MS",2021,99234.0
28063,"Jefferson, MS",2022,98948.0
28063,"Jefferson, MS",2023,100736.0
28063,"Jefferson, MS",2024,110739.0
28065,"Jefferson Davis, MS",2019,168673.0
28065,"Jefferson Davis, MS",2020,157975.0
28065,"Jefferson Davis, MS",2021,157547.0
28065,"Jefferson Davis, MS",2022,175121.0
28065,"Jefferson Davis, MS",2023,165619.0
28065,"Jefferson Davis, MS",2024,202048.0
28067,"Jones, MS",2019,2597468.0
28067,"Jones, MS",2020,2464653.0
28067,"Jones, MS",2021,2553285.0
28067,"Jones, MS",2022,2758909.0
28067,"Jones, MS",2023,2726167.0
28067,"Jones, MS",2024,2837532.0
28069,"Kemper, MS",2019,365821.0
28069,"Kemper, MS",2020,332342.0
28069,"Kemper, MS",2021,296477.0
28069,"Kemper, MS",2022,309340.0
28069,"Kemper, MS",2023,274118.0
28069,"Kemper, MS",2024,278272.0
28071,"Lafayette, MS",2019,2154658.0
28071,"Lafayette, MS",2020,2110611.0
28071,"Lafayette, MS",2021,2236662.0
28071,"Lafayette, MS",2022,2300462.0
28071,"Lafayette, MS",2023,2367734.0
28071,"Lafayette, MS",2024,2463311.0
28073,"Lamar, MS",2019,1746276.0
28073,"Lamar, MS",2020,1739178.0
28073,"Lamar, MS",2021,1879171.0
28073,"Lamar, MS",2022,1946590.0
28073,"Lamar, MS",2023,2104852.0
28073,"Lamar, MS",2024,2173473.0
28075,"Lauderdale, MS",2019,3303584.0
28075,"Lauderdale, MS",2020,3488897.0
28075,"Lauderdale, MS",2021,3500932.0
28075,"Lauderdale, MS",2022,3397503.0
28075,"Lauderdale, MS",2023,3636249.0
28075,"Lauderdale, MS",2024,3804542.0
28077,"Lawrence, MS",2019,348006.0
28077,"Lawrence, MS",2020,327407.0
28077,"Lawrence, MS",2021,346449.0
28077,"Lawrence, MS",2022,358981.0
28077,"Lawrence, MS",2023,366547.0
28077,"Lawrence, MS",2024,404820.0
28079,"Leake, MS",2019,574828.0
28079,"Leake, MS",2020,512310.0
28079,"Leake, MS",2021,623616.0
28079,"Leake, MS",2022,634132.0
28079,"Leake, MS",2023,614209.0
28079,"Leake, MS",2024,731574.0
28081,"Lee, MS",2019,4959454.0
28081,"Lee, MS",2020,4691245.0
28081,"Lee, MS",2021,5085009.0
28081,"Lee, MS",2022,4984709.0
28081,"Lee, MS",2023,4992948.0
28081,"Lee, MS",2024,5039718.0
28083,"Leflore, MS",2019,1167727.0
28083,"Leflore, MS",2020,1190023.0
28083,"Leflore, MS",2021,1298253.0
28083,"Leflore, MS",2022,1180212.0
28083,"Leflore, MS",2023,1149178.0
28083,"Leflore, MS",2024,1082102.0
28085,"Lincoln, MS",2019,1128373.0
28085,"Lincoln, MS",2020,1109283.0
28085,"Lincoln, MS",2021,1181818.0
28085,"Lincoln, MS",2022,1160483.0
28085,"Lincoln, MS",2023,1188017.0
28085,"Lincoln, MS",2024,1237457.0
28087,"Lowndes, MS",2019,2943513.0
28087,"Lowndes, MS",2020,2970633.0
28087,"Lowndes, MS",2021,2948672.0
28087,"Lowndes, MS",2022,3044751.0
28087,"Lowndes, MS",2023,3114848.0
28087,"Lowndes, MS",2024,3201793.0
28089,"Madison, MS",2019,6409010.0
28089,"Madison, MS",2020,6366770.0
28089,"Madison, MS",2021,7060533.0
28089,"Madison, MS",2022,7546645.0
28089,"Madison, MS",2023,7802230.0
28089,"Madison, MS",2024,8129447.0
28091,"Marion, MS",2019,859215.0
28091,"Marion, MS",2020,810863.0
28091,"Marion, MS",2021,817130.0
28091,"Marion, MS",2022,790800.0
28091,"Marion, MS",2023,817991.0
28091,"Marion, MS",2024,867487.0
28093,"Marshall, MS",2019,716488.0
28093,"Marshall, MS",2020,810699.0
28093,"Marshall, MS",2021,838175.0
28093,"Marshall, MS",2022,845358.0
28093,"Marshall, MS",2023,881268.0
28093,"Marshall, MS",2024,891693.0
28095,"Monroe, MS",2019,944185.0
28095,"Monroe, MS",2020,939363.0
28095,"Monroe, MS",2021,1016345.0
28095,"Monroe, MS",2022,990354.0
28095,"Monroe, MS",2023,990198.0
28095,"Monroe, MS",2024,1018755.0
28097,"Montgomery, MS",2019,186975.0
28097,"Montgomery, MS",2020,193625.0
28097,"Montgomery, MS",2021,199784.0
28097,"Montgomery, MS",2022,193748.0
28097,"Montgomery, MS",2023,205481.0
28097,"Montgomery, MS",2024,207852.0
28099,"Neshoba, MS",2019,1063908.0
28099,"Neshoba, MS",2020,979115.0
28099,"Neshoba, MS",2021,1066832.0
28099,"Neshoba, MS",2022,1110760.0
28099,"Neshoba, MS",2023,1083185.0
28099,"Neshoba, MS",2024,1177130.0
28101,"Newton, MS",2019,498844.0
28101,"Newton, MS",2020,499217.0
28101,"Newton, MS",2021,511773.0
28101,"Newton, MS",2022,521443.0
28101,"Newton, MS",2023,527691.0
28101,"Newton, MS",2024,568678.0
28103,"Noxubee, MS",2019,230948.0
28103,"Noxubee, MS",2020,232322.0
28103,"Noxubee, MS",2021,278483.0
28103,"Noxubee, MS",2022,241685.0
28103,"Noxubee, MS",2023,255539.0
28103,"Noxubee, MS",2024,258950.0
28105,"Oktibbeha, MS",2019,1771472.0
28105,"Oktibbeha, MS",2020,1770220.0
28105,"Oktibbeha, MS",2021,1829254.0
28105,"Oktibbeha, MS",2022,1849501.0
28105,"Oktibbeha, MS",2023,1881997.0
28105,"Oktibbeha, MS",2024,2120643.0
28107,"Panola, MS",2019,1118077.0
28107,"Panola, MS",2020,1079631.0
28107,"Panola, MS",2021,1043441.0
28107,"Panola, MS",2022,1066484.0
28107,"Panola, MS",2023,1084920.0
28107,"Panola, MS",2024,1085590.0
28109,"Pearl River, MS",2019,1140525.0
28109,"Pearl River, MS",2020,1070766.0
28109,"Pearl River, MS",2021,1043075.0
28109,"Pearl River, MS",2022,1088218.0
28109,"Pearl River, MS",2023,1135024.0
28109,"Pearl River, MS",2024,1171361.0
28111,"Perry, MS",2019,299805.0
28111,"Perry, MS",2020,301156.0
28111,"Perry, MS",2021,328542.0
28111,"Perry, MS",2022,315664.0
28111,"Perry, MS",2023,313017.0
28111,"Perry, MS",2024,329082.0
28113,"Pike, MS",2019,1126014.0
28113,"Pike, MS",2020,1101091.0
28113,"Pike, MS",2021,1135518.0
28113,"Pike, MS",2022,1149625.0
28113,"Pike, MS",2023,1169714.0
28113,"Pike, MS",2024,1200778.0
28115,"Pontotoc, MS",2019,960213.0
28115,"Pontotoc, MS",2020,918383.0
28115,"Pontotoc, MS",2021,1011036.0
28115,"Pontotoc, MS",2022,971547.0
28115,"Pontotoc, MS",2023,934373.0
28115,"Pontotoc, MS",2024,950644.0
28117,"Prentiss, MS",2019,585391.0
28117,"Prentiss, MS",2020,602813.0
28117,"Prentiss, MS",2021,605631.0
28117,"Prentiss, MS",2022,591544.0
28117,"Prentiss, MS",2023,609971.0
28117,"Prentiss, MS",2024,608365.0
28119,"Quitman, MS",2019,97731.0
28119,"Quitman, MS",2020,94966.0
28119,"Quitman, MS",2021,106465.0
28119,"Quitman, MS",2022,105709.0
28119,"Quitman, MS",2023,106934.0
28119,"Quitman, MS",2024,88909.0
28121,"Rankin, MS",2019,6627854.0
28121,"Rankin, MS",2020,6798709.0
28121,"Rankin, MS",2021,7192457.0
28121,"Rankin, MS",2022,7238628.0
28121,"Rankin, MS",2023,7660830.0
28121,"Rankin, MS",2024,7860121.0
28123,"Scott, MS",2019,1119578.0
28123,"Scott, MS",2020,1056817.0
28123,"Scott, MS",2021,1101315.0
28123,"Scott, MS",2022,1106446.0
28123,"Scott, MS",2023,1056160.0
28123,"Scott, MS",2024,1161435.0
28125,"Sharkey, MS",2019,92905.0
28125,"Sharkey, MS",2020,99673.0
28125,"Sharkey, MS",2021,109587.0
28125,"Sharkey, MS",2022,95988.0
28125,"Sharkey, MS",2023,106221.0
28125,"Sharkey, MS",2024,79113.0
28127,"Simpson, MS",2019,615986.0
28127,"Simpson, MS",2020,582772.0
28127,"Simpson, MS",2021,622990.0
28127,"Simpson, MS",2022,649683.0
28127,"Simpson, MS",2023,661998.0
28127,"Simpson, MS",2024,738033.0
28129,"Smith, MS",2019,371122.0
28129,"Smith, MS",2020,352397.0
28129,"Smith, MS",2021,380767.0
28129,"Smith, MS",2022,393013.0
28129,"Smith, MS",2023,402900.0
28129,"Smith, MS",2024,469438.0
28131,"Stone, MS",2019,387786.0
28131,"Stone, MS",2020,379584.0
28131,"Stone, MS",2021,393258.0
28131,"Stone, MS",2022,400184.0
28131,"Stone, MS",2023,422124.0
28131,"Stone, MS",2024,425523.0
28133,"Sunflower, MS",2019,622043.0
28133,"Sunflower, MS",2020,673808.0
28133,"Sunflower, MS",2021,703943.0
28133,"Sunflower, MS",2022,660728.0
28133,"Sunflower, MS",2023,710538.0
28133,"Sunflower, MS",2024,634953.0
28135,"Tallahatchie, MS",2019,281156.0
28135,"Tallahatchie, MS",2020,283680.0
28135,"Tallahatchie, MS",2021,304555.0
28135,"Tallahatchie, MS",2022,289121.0
28135,"Tallahatchie, MS",2023,324562.0
28135,"Tallahatchie, MS",2024,333448.0
28137,"Tate, MS",2019,512020.0
28137,"Tate, MS",2020,501610.0
28137,"Tate, MS",2021,560094.0
28137,"Tate, MS",2022,561773.0
28137,"Tate, MS",2023,591982.0
28137,"Tate, MS",2024,626606.0
28139,"Tippah, MS",2019,649489.0
28139,"Tippah, MS",2020,685550.0
28139,"Tippah, MS",2021,696130.0
28139,"Tippah, MS",2022,640259.0
28139,"Tippah, MS",2023,686481.0
28139,"Tippah, MS",2024,657626.0
28141,"Tishomingo, MS",2019,574916.0
28141,"Tishomingo, MS",2020,613635.0
28141,"Tishomingo, MS",2021,581517.0
28141,"Tishomingo, MS",2022,596040.0
28141,"Tishomingo, MS",2023,639440.0
28141,"Tishomingo, MS",2024,631467.0
28143,"Tunica, MS",2019,546006.0
28143,"Tunica, MS",2020,512486.0
28143,"Tunica, MS",2021,530383.0
28143,"Tunica, MS",2022,557531.0
28143,"Tunica, MS",2023,601702.0
28143,"Tunica, MS",2024,568335.0
28145,"Union, MS",2019,1144494.0
28145,"Union, MS",2020,1073748.0
28145,"Union, MS",2021,1162404.0
28145,"Union, MS",2022,1198116.0
28145,"Union, MS",2023,1160965.0
28145,"Union, MS",2024,1190936.0
28147,"Walthall, MS",2019,268666.0
28147,"Walthall, MS",2020,252063.0
28147,"Walthall, MS",2021,263943.0
28147,"Walthall, MS",2022,263131.0
28147,"Walthall, MS",2023,263822.0
28147,"Walthall, MS",2024,283836.0
28149,"Warren, MS",2019,2249181.0
28149,"Warren, MS",2020,2409433.0
28149,"Warren, MS",2021,2390193.0
28149,"Warren, MS",2022,2301334.0
28149,"Warren, MS",2023,2568571.0
28149,"Warren, MS",2024,2796394.0
28151,"Washington, MS",2019,1420955.0
28151,"Washington, MS",2020,1434977.0
28151,"Washington, MS",2021,1471455.0
28151,"Washington, MS",2022,1397305.0
28151,"Washington, MS",2023,1385569.0
28151,"Washington, MS",2024,1347613.0
28153,"Wayne, MS",2019,605173.0
28153,"Wayne, MS",2020,534321.0
28153,"Wayne, MS",2021,597628.0
28153,"Wayne, MS",2022,628944.0
28153,"Wayne, MS",2023,609600.0
28153,"Wayne, MS",2024,711684.0
28155,"Webster, MS",2019,189755.0
28155,"Webster, MS",2020,194908.0
28155,"Webster, MS",2021,196552.0
28155,"Webster, MS",2022,194254.0
28155,"Webster, MS",2023,203199.0
28155,"Webster, MS",2024,204999.0
28157,"Wilkinson, MS",2019,145390.0
28157,"Wilkinson, MS",2020,143049.0
28157,"Wilkinson, MS",2021,151321.0
28157,"Wilkinson, MS",2022,146010.0
28157,"Wilkinson, MS",2023,151641.0
28157,"Wilkinson, MS",2024,151892.0
28159,"Winston, MS",2019,504243.0
28159,"Winston, MS",2020,469630.0
28159,"Winston, MS",2021,504523.0
28159,"Winston, MS",2022,491312.0
28159,"Winston, MS",2023,496658.0
28159,"Winston, MS",2024,518225.0
28161,"Yalobusha, MS",2019,325686.0
28161,"Yalobusha, MS",2020,318573.0
28161,"Yalobusha, MS",2021,325716.0
28161,"Yalobusha, MS",2022,296590.0
28161,"Yalobusha, MS",2023,302706.0
28161,"Yalobusha, MS",2024,298160.0
28163,"Yazoo, MS",2019,732516.0
28163,"Yazoo, MS",2020,740180.0
28163,"Yazoo, MS",2021,749160.0
28163,"Yazoo, MS",2022,728358.0
28163,"Yazoo, MS",2023,830835.0
28163,"Yazoo, MS",2024,855904.0
29001,"Adair, MO",2019,807582.0
29001,"Adair, MO",2020,788918.0
29001,"Adair, MO",2021,799658.0
29001,"Adair, MO",2022,809348.0
29001,"Adair, MO",2023,859723.0
29001,"Adair, MO",2024,865136.0
29003,"Andrew, MO",2019,312660.0
29003,"Andrew, MO",2020,320441.0
29003,"Andrew, MO",2021,319379.0
29003,"Andrew, MO",2022,302040.0
29003,"Andrew, MO",2023,305896.0
29003,"Andrew, MO",2024,301482.0
29005,"Atchison, MO",2019,286286.0
29005,"Atchison, MO",2020,317063.0
29005,"Atchison, MO",2021,370354.0
29005,"Atchison, MO",2022,388106.0
29005,"Atchison, MO",2023,391931.0
29005,"Atchison, MO",2024,320841.0
29007,"Audrain, MO",2019,903636.0
29007,"Audrain, MO",2020,862279.0
29007,"Audrain, MO",2021,883188.0
29007,"Audrain, MO",2022,855015.0
29007,"Audrain, MO",2023,915178.0
29007,"Audrain, MO",2024,903844.0
29009,"Barry, MO",2019,1507279.0
29009,"Barry, MO",2020,1460453.0
29009,"Barry, MO",2021,1504628.0
29009,"Barry, MO",2022,1659613.0
29009,"Barry, MO",2023,1589502.0
29009,"Barry, MO",2024,1672784.0
29011,"Barton, MO",2019,318781.0
29011,"Barton, MO",2020,347966.0
29011,"Barton, MO",2021,361358.0
29011,"Barton, MO",2022,395003.0
29011,"Barton, MO",2023,416120.0
29011,"Barton, MO",2024,389815.0
29013,"Bates, MO",2019,469668.0
29013,"Bates, MO",2020,478613.0
29013,"Bates, MO",2021,454488.0
29013,"Bates, MO",2022,428200.0
29013,"Bates, MO",2023,472636.0
29013,"Bates, MO",2024,474859.0
29015,"Benton, MO",2019,411765.0
29015,"Benton, MO",2020,392164.0
29015,"Benton, MO",2021,407360.0
29015,"Benton, MO",2022,443694.0
29015,"Benton, MO",2023,439192.0
29015,"Benton, MO",2024,466649.0
29017,"Bollinger, MO",2019,179902.0
29017,"Bollinger, MO",2020,185752.0
29017,"Bollinger, MO",2021,191133.0
29017,"Bollinger, MO",2022,167733.0
29017,"Bollinger, MO",2023,170232.0
29017,"Bollinger, MO",2024,176834.0
29019,"Boone, MO",2019,9733609.0
29019,"Boone, MO",2020,9471245.0
29019,"Boone, MO",2021,9961807.0
29019,"Boone, MO",2022,9949370.0
29019,"Boone, MO",2023,10198415.0
29019,"Boone, MO",2024,10934659.0
29021,"Buchanan, MO",2019,5049790.0
29021,"Buchanan, MO",2020,4955017.0
29021,"Buchanan, MO",2021,4978063.0
29021,"Buchanan, MO",2022,4898752.0
29021,"Buchanan, MO",2023,5047801.0
29021,"Buchanan, MO",2024,5160891.0
29023,"Butler, MO",2019,1422373.0
29023,"Butler, MO",2020,1447762.0
29023,"Butler, MO",2021,1490743.0
29023,"Butler, MO",2022,1494885.0
29023,"Butler, MO",2023,1522508.0
29023,"Butler, MO",2024,1518971.0
29025,"Caldwell, MO",2019,215019.0
29025,"Caldwell, MO",2020,225181.0
29025,"Caldwell, MO",2021,225716.0
29025,"Caldwell, MO",2022,213891.0
29025,"Caldwell, MO",2023,217388.0
29025,"Caldwell, MO",2024,209981.0
29027,"Callaway, MO",2019,1807042.0
29027,"Callaway, MO",2020,1759463.0
29027,"Callaway, MO",2021,1579038.0
29027,"Callaway, MO",2022,1831899.0
29027,"Callaway, MO",2023,1935095.0
29027,"Callaway, MO",2024,2077210.0
29029,"Camden, MO",2019,1578691.0
29029,"Camden, MO",2020,1554957.0
29029,"Camden, MO",2021,1640849.0
29029,"Camden, MO",2022,1662777.0
29029,"Camden, MO",2023,1739945.0
29029,"Camden, MO",2024,1787679.0
29031,"Cape Girardeau, MO",2019,4087148.0
29031,"Cape Girardeau, MO",2020,3946199.0
29031,"Cape Girardeau, MO",2021,4095852.0
29031,"Cape Girardeau, MO",2022,4116596.0
29031,"Cape Girardeau, MO",2023,4163398.0
29031,"Cape Girardeau, MO",2024,4155045.0
29033,"Carroll, MO",2019,362579.0
29033,"Carroll, MO",2020,324247.0
29033,"Carroll, MO",2021,332431.0
29033,"Carroll, MO",2022,322970.0
29033,"Carroll, MO",2023,323233.0
29033,"Carroll, MO",2024,311604.0
29035,"Carter, MO",2019,124612.0
29035,"Carter, MO",2020,118527.0
29035,"Carter, MO",2021,124606.0
29035,"Carter, MO",2022,121088.0
29035,"Carter, MO",2023,122850.0
29035,"Carter, MO",2024,123334.0
29037,"Cass, MO",2019,2783975.0
29037,"Cass, MO",2020,2801123.0
29037,"Cass, MO",2021,2924135.0
29037,"Cass, MO",2022,2957461.0
29037,"Cass, MO",2023,3134969.0
29037,"Cass, MO",2024,3222251.0
29039,"Cedar, MO",2019,272585.0
29039,"Cedar, MO",2020,280119.0
29039,"Cedar, MO",2021,295711.0
29039,"Cedar, MO",2022,303721.0
29039,"Cedar, MO",2023,328608.0
29039,"Cedar, MO",2024,349398.0
29041,"Chariton, MO",2019,283421.0
29041,"Chariton, MO",2020,286232.0
29041,"Chariton, MO",2021,283908.0
29041,"Chariton, MO",2022,268108.0
29041,"Chariton, MO",2023,288849.0
29041,"Chariton, MO",2024,279011.0
29043,"Christian, MO",2019,1801044.0
29043,"Christian, MO",2020,1795399.0
29043,"Christian, MO",2021,1897687.0
29043,"Christian, MO",2022,1923980.0
29043,"Christian, MO",2023,2103243.0
29043,"Christian, MO",2024,2238994.0
29045,"Clark, MO",2019,142914.0
29045,"Clark, MO",2020,149798.0
29045,"Clark, MO",2021,158432.0
29045,"Clark, MO",2022,155745.0
29045,"Clark, MO",2023,166278.0
29045,"Clark, MO",2024,149234.0
29047,"Clay, MO",2019,12693531.0
29047,"Clay, MO",2020,12734636.0
29047,"Clay, MO",2021,13174353.0
29047,"Clay, MO",2022,13766841.0
29047,"Clay, MO",2023,14090999.0
29047,"Clay, MO",2024,14182365.0
29049,"Clinton, MO",2019,398405.0
29049,"Clinton, MO",2020,391888.0
29049,"Clinton, MO",2021,410142.0
29049,"Clinton, MO",2022,423257.0
29049,"Clinton, MO",2023,409722.0
29049,"Clinton, MO",2024,436287.0
29051,"Cole, MO",2019,5446840.0
29051,"Cole, MO",2020,5298592.0
29051,"Cole, MO",2021,5336982.0
29051,"Cole, MO",2022,5377182.0
29051,"Cole, MO",2023,5583848.0
29051,"Cole, MO",2024,5832789.0
29053,"Cooper, MO",2019,458781.0
29053,"Cooper, MO",2020,443864.0
29053,"Cooper, MO",2021,445407.0
29053,"Cooper, MO",2022,457789.0
29053,"Cooper, MO",2023,480050.0
29053,"Cooper, MO",2024,478070.0
29055,"Crawford, MO",2019,642608.0
29055,"Crawford, MO",2020,642981.0
29055,"Crawford, MO",2021,682555.0
29055,"Crawford, MO",2022,683986.0
29055,"Crawford, MO",2023,717773.0
29055,"Crawford, MO",2024,732094.0
29057,"Dade, MO",2019,178587.0
29057,"Dade, MO",2020,182114.0
29057,"Dade, MO",2021,188243.0
29057,"Dade, MO",2022,190667.0
29057,"Dade, MO",2023,197966.0
29057,"Dade, MO",2024,207628.0
29059,"Dallas, MO",2019,260147.0
29059,"Dallas, MO",2020,253760.0
29059,"Dallas, MO",2021,262946.0
29059,"Dallas, MO",2022,283982.0
29059,"Dallas, MO",2023,288374.0
29059,"Dallas, MO",2024,306546.0
29061,"Daviess, MO",2019,188711.0
29061,"Daviess, MO",2020,193490.0
29061,"Daviess, MO",2021,168380.0
29061,"Daviess, MO",2022,169297.0
29061,"Daviess, MO",2023,187811.0
29061,"Daviess, MO",2024,199432.0
29063,"DeKalb, MO",2019,328244.0
29063,"DeKalb, MO",2020,332700.0
29063,"DeKalb, MO",2021,317410.0
29063,"DeKalb, MO",2022,321372.0
29063,"DeKalb, MO",2023,319544.0
29063,"DeKalb, MO",2024,314566.0
29065,"Dent, MO",2019,360554.0
29065,"Dent, MO",2020,354889.0
29065,"Dent, MO",2021,350906.0
29065,"Dent, MO",2022,342887.0
29065,"Dent, MO",2023,356682.0
29065,"Dent, MO",2024,366293.0
29067,"Douglas, MO",2019,216509.0
29067,"Douglas, MO",2020,210705.0
29067,"Douglas, MO",2021,222860.0
29067,"Douglas, MO",2022,218864.0
29067,"Douglas, MO",2023,213141.0
29067,"Douglas, MO",2024,216637.0
29069,"Dunklin, MO",2019,718564.0
29069,"Dunklin, MO",2020,664245.0
29069,"Dunklin, MO",2021,749626.0
29069,"Dunklin, MO",2022,745023.0
29069,"Dunklin, MO",2023,784462.0
29069,"Dunklin, MO",2024,877732.0
29071,"Franklin, MO",2019,4735363.0
29071,"Franklin, MO",2020,4787560.0
29071,"Franklin, MO",2021,4851986.0
29071,"Franklin, MO",2022,4772830.0
29071,"Franklin, MO",2023,4959270.0
29071,"Franklin, MO",2024,4976726.0
29073,"Gasconade, MO",2019,459661.0
29073,"Gasconade, MO",2020,445159.0
29073,"Gasconade, MO",2021,454920.0
29073,"Gasconade, MO",2022,447247.0
29073,"Gasconade, MO",2023,434412.0
29073,"Gasconade, MO",2024,431921.0
29075,"Gentry, MO",2019,239133.0
29075,"Gentry, MO",2020,226037.0
29075,"Gentry, MO",2021,222222.0
29075,"Gentry, MO",2022,203747.0
29075,"Gentry, MO",2023,220335.0
29075,"Gentry, MO",2024,222183.0
29077,"Greene, MO",2019,17098338.0
29077,"Greene, MO",2020,16721476.0
29077,"Greene, MO",2021,18079421.0
29077,"Greene, MO",2022,18076126.0
29077,"Greene, MO",2023,18187474.0
29077,"Greene, MO",2024,18673850.0
29079,"Grundy, MO",2019,333695.0
29079,"Grundy, MO",2020,313814.0
29079,"Grundy, MO",2021,300807.0
29079,"Grundy, MO",2022,289733.0
29079,"Grundy, MO",2023,305114.0
29079,"Grundy, MO",2024,304793.0
29081,"Harrison, MO",2019,249849.0
29081,"Harrison, MO",2020,257218.0
29081,"Harrison, MO",2021,246162.0
29081,"Harrison, MO",2022,241982.0
29081,"Harrison, MO",2023,244730.0
29081,"Harrison, MO",2024,229372.0
29083,"Henry, MO",2019,691397.0
29083,"Henry, MO",2020,701398.0
29083,"Henry, MO",2021,755354.0
29083,"Henry, MO",2022,729164.0
29083,"Henry, MO",2023,778699.0
29083,"Henry, MO",2024,815589.0
29085,"Hickory, MO",2019,152195.0
29085,"Hickory, MO",2020,154344.0
29085,"Hickory, MO",2021,159156.0
29085,"Hickory, MO",2022,164344.0
29085,"Hickory, MO",2023,170756.0
29085,"Hickory, MO",2024,178120.0
29087,"Holt, MO",2019,230666.0
29087,"Holt, MO",2020,217194.0
29087,"Holt, MO",2021,196961.0
29087,"Holt, MO",2022,195386.0
29087,"Holt, MO",2023,198072.0
29087,"Holt, MO",2024,183702.0
29089,"Howard, MO",2019,230451.0
29089,"Howard, MO",2020,219485.0
29089,"Howard, MO",2021,229480.0
29089,"Howard, MO",2022,226199.0
29089,"Howard, MO",2023,227578.0
29089,"Howard, MO",2024,218539.0
29091,"Howell, MO",2019,1250549.0
29091,"Howell, MO",2020,1244896.0
29091,"Howell, MO",2021,1259062.0
29091,"Howell, MO",2022,1290725.0
29091,"Howell, MO",2023,1325684.0
29091,"Howell, MO",2024,1369134.0
29093,"Iron, MO",2019,387937.0
29093,"Iron, MO",2020,405465.0
29093,"Iron, MO",2021,393780.0
29093,"Iron, MO",2022,343720.0
29093,"Iron, MO",2023,337212.0
29093,"Iron, MO",2024,277478.0
29095,"Jackson, MO",2019,47969976.0
29095,"Jackson, MO",2020,46712084.0
29095,"Jackson, MO",2021,49075579.0
29095,"Jackson, MO",2022,49663164.0
29095,"Jackson, MO",2023,50909777.0
29095,"Jackson, MO",2024,52072491.0
29097,"Jasper, MO",2019,5501919.0
29097,"Jasper, MO",2020,5263519.0
29097,"Jasper, MO",2021,5507544.0
29097,"Jasper, MO",2022,5419540.0
29097,"Jasper, MO",2023,5556388.0
29097,"Jasper, MO",2024,5735790.0
29099,"Jefferson, MO",2019,5283074.0
29099,"Jefferson, MO",2020,5237718.0
29099,"Jefferson, MO",2021,5459308.0
29099,"Jefferson, MO",2022,5202861.0
29099,"Jefferson, MO",2023,5063537.0
29099,"Jefferson, MO",2024,5200859.0
29101,"Johnson, MO",2019,1852135.0
29101,"Johnson, MO",2020,1875995.0
29101,"Johnson, MO",2021,1888686.0
29101,"Johnson, MO",2022,1936900.0
29101,"Johnson, MO",2023,1975713.0
29101,"Johnson, MO",2024,2027418.0
29103,"Knox, MO",2019,130013.0
29103,"Knox, MO",2020,126385.0
29103,"Knox, MO",2021,121756.0
29103,"Knox, MO",2022,120732.0
29103,"Knox, MO",2023,132187.0
29103,"Knox, MO",2024,121221.0
29105,"Laclede, MO",2019,1246252.0
29105,"Laclede, MO",2020,1285436.0
29105,"Laclede, MO",2021,1455882.0
29105,"Laclede, MO",2022,1425193.0
29105,"Laclede, MO",2023,1584146.0
29105,"Laclede, MO",2024,1577603.0
29107,"Lafayette, MO",2019,824258.0
29107,"Lafayette, MO",2020,850975.0
29107,"Lafayette, MO",2021,880605.0
29107,"Lafayette, MO",2022,842490.0
29107,"Lafayette, MO",2023,865648.0
29107,"Lafayette, MO",2024,867155.0
29109,"Lawrence, MO",2019,876531.0
29109,"Lawrence, MO",2020,827951.0
29109,"Lawrence, MO",2021,878467.0
29109,"Lawrence, MO",2022,956030.0
29109,"Lawrence, MO",2023,966274.0
29109,"Lawrence, MO",2024,1049003.0
29111,"Lewis, MO",2019,231882.0
29111,"Lewis, MO",2020,229324.0
29111,"Lewis, MO",2021,245360.0
29111,"Lewis, MO",2022,240307.0
29111,"Lewis, MO",2023,243250.0
29111,"Lewis, MO",2024,230944.0
29113,"Lincoln, MO",2019,1276345.0
29113,"Lincoln, MO",2020,1262878.0
29113,"Lincoln, MO",2021,1312814.0
29113,"Lincoln, MO",2022,1300224.0
29113,"Lincoln, MO",2023,1363075.0
29113,"Lincoln, MO",2024,1443347.0
29115,"Linn, MO",2019,410273.0
29115,"Linn, MO",2020,402086.0
29115,"Linn, MO",2021,406706.0
29115,"Linn, MO",2022,388629.0
29115,"Linn, MO",2023,414211.0
29115,"Linn, MO",2024,411795.0
29117,"Livingston, MO",2019,576975.0
29117,"Livingston, MO",2020,564063.0
29117,"Livingston, MO",2021,572463.0
29117,"Livingston, MO",2022,556006.0
29117,"Livingston, MO",2023,567063.0
29117,"Livingston, MO",2024,558838.0
29119,"McDonald, MO",2019,717083.0
29119,"McDonald, MO",2020,708717.0
29119,"McDonald, MO",2021,733218.0
29119,"McDonald, MO",2022,832771.0
29119,"McDonald, MO",2023,805330.0
29119,"McDonald, MO",2024,787487.0
29121,"Macon, MO",2019,570786.0
29121,"Macon, MO",2020,532173.0
29121,"Macon, MO",2021,576579.0
29121,"Macon, MO",2022,574065.0
29121,"Macon, MO",2023,578421.0
29121,"Macon, MO",2024,580164.0
29123,"Madison, MO",2019,275252.0
29123,"Madison, MO",2020,263085.0
29123,"Madison, MO",2021,265336.0
29123,"Madison, MO",2022,272186.0
29123,"Madison, MO",2023,268397.0
29123,"Madison, MO",2024,282143.0
29125,"Maries, MO",2019,157656.0
29125,"Maries, MO",2020,173646.0
29125,"Maries, MO",2021,164649.0
29125,"Maries, MO",2022,169832.0
29125,"Maries, MO",2023,177365.0
29125,"Maries, MO",2024,188786.0
29127,"Marion, MO",2019,1195730.0
29127,"Marion, MO",2020,1195452.0
29127,"Marion, MO",2021,1212691.0
29127,"Marion, MO",2022,1209671.0
29127,"Marion, MO",2023,1242566.0
29127,"Marion, MO",2024,1242832.0
29129,"Mercer, MO",2019,109074.0
29129,"Mercer, MO",2020,101276.0
29129,"Mercer, MO",2021,114656.0
29129,"Mercer, MO",2022,91544.0
29129,"Mercer, MO",2023,107131.0
29129,"Mercer, MO",2024,104607.0
29131,"Miller, MO",2019,686485.0
29131,"Miller, MO",2020,677746.0
29131,"Miller, MO",2021,698589.0
29131,"Miller, MO",2022,718671.0
29131,"Miller, MO",2023,752135.0
29131,"Miller, MO",2024,813767.0
29133,"Mississippi, MO",2019,357161.0
29133,"Mississippi, MO",2020,344470.0
29133,"Mississippi, MO",2021,360931.0
29133,"Mississippi, MO",2022,325497.0
29133,"Mississippi, MO",2023,320664.0
29133,"Mississippi, MO",2024,307820.0
29135,"Moniteau, MO",2019,418878.0
29135,"Moniteau, MO",2020,436357.0
29135,"Moniteau, MO",2021,438625.0
29135,"Moniteau, MO",2022,464296.0
29135,"Moniteau, MO",2023,456312.0
29135,"Moniteau, MO",2024,513359.0
29137,"Monroe, MO",2019,187784.0
29137,"Monroe, MO",2020,192239.0
29137,"Monroe, MO",2021,195741.0
29137,"Monroe, MO",2022,193214.0
29137,"Monroe, MO",2023,236167.0
29137,"Monroe, MO",2024,221972.0
29139,"Montgomery, MO",2019,345283.0
29139,"Montgomery, MO",2020,340790.0
29139,"Montgomery, MO",2021,363470.0
29139,"Montgomery, MO",2022,350309.0
29139,"Montgomery, MO",2023,366269.0
29139,"Montgomery, MO",2024,351301.0
29141,"Morgan, MO",2019,484250.0
29141,"Morgan, MO",2020,492578.0
29141,"Morgan, MO",2021,513703.0
29141,"Morgan, MO",2022,601961.0
29141,"Morgan, MO",2023,603821.0
29141,"Morgan, MO",2024,644675.0
29143,"New Madrid, MO",2019,1010511.0
29143,"New Madrid, MO",2020,991685.0
29143,"New Madrid, MO",2021,989518.0
29143,"New Madrid, MO",2022,1095591.0
29143,"New Madrid, MO",2023,966626.0
29143,"New Madrid, MO",2024,1047197.0
29145,"Newton, MO",2019,2073305.0
29145,"Newton, MO",2020,2037921.0
29145,"Newton, MO",2021,2137212.0
29145,"Newton, MO",2022,2221175.0
29145,"Newton, MO",2023,2244104.0
29145,"Newton, MO",2024,2352220.0
29147,"Nodaway, MO",2019,705818.0
29147,"Nodaway, MO",2020,736220.0
29147,"Nodaway, MO",2021,739074.0
29147,"Nodaway, MO",2022,737114.0
29147,"Nodaway, MO",2023,750283.0
29147,"Nodaway, MO",2024,767710.0
29149,"Oregon, MO",2019,203563.0
29149,"Oregon, MO",2020,199089.0
29149,"Oregon, MO",2021,196339.0
29149,"Oregon, MO",2022,193226.0
29149,"Oregon, MO",2023,210621.0
29149,"Oregon, MO",2024,223140.0
29151,"Osage, MO",2019,417534.0
29151,"Osage, MO",2020,405665.0
29151,"Osage, MO",2021,410647.0
29151,"Osage, MO",2022,422451.0
29151,"Osage, MO",2023,423232.0
29151,"Osage, MO",2024,458811.0
29153,"Ozark, MO",2019,135154.0
29153,"Ozark, MO",2020,137191.0
29153,"Ozark, MO",2021,143717.0
29153,"Ozark, MO",2022,143805.0
29153,"Ozark, MO",2023,143574.0
29153,"Ozark, MO",2024,147740.0
29155,"Pemiscot, MO",2019,411417.0
29155,"Pemiscot, MO",2020,440825.0
29155,"Pemiscot, MO",2021,495341.0
29155,"Pemiscot, MO",2022,425769.0
29155,"Pemiscot, MO",2023,453316.0
29155,"Pemiscot, MO",2024,455014.0
29157,"Perry, MO",2019,1110678.0
29157,"Perry, MO",2020,1001166.0
29157,"Perry, MO",2021,960182.0
29157,"Perry, MO",2022,906161.0
29157,"Perry, MO",2023,963716.0
29157,"Perry, MO",2024,968566.0
29159,"Pettis, MO",2019,2129772.0
29159,"Pettis, MO",2020,2004791.0
29159,"Pettis, MO",2021,2122165.0
29159,"Pettis, MO",2022,2289074.0
29159,"Pettis, MO",2023,2642131.0
29159,"Pettis, MO",2024,2731179.0
29161,"Phelps, MO",2019,1563608.0
29161,"Phelps, MO",2020,1532276.0
29161,"Phelps, MO",2021,1548847.0
29161,"Phelps, MO",2022,1604954.0
29161,"Phelps, MO",2023,1609387.0
29161,"Phelps, MO",2024,1647469.0
29163,"Pike, MO",2019,516868.0
29163,"Pike, MO",2020,497786.0
29163,"Pike, MO",2021,519442.0
29163,"Pike, MO",2022,508079.0
29163,"Pike, MO",2023,540310.0
29163,"Pike, MO",2024,522921.0
29165,"Platte, MO",2019,7241341.0
29165,"Platte, MO",2020,6827942.0
29165,"Platte, MO",2021,7324080.0
29165,"Platte, MO",2022,7390037.0
29165,"Platte, MO",2023,7407145.0
29165,"Platte, MO",2024,7352727.0
29167,"Polk, MO",2019,775633.0
29167,"Polk, MO",2020,767620.0
29167,"Polk, MO",2021,808620.0
29167,"Polk, MO",2022,865433.0
29167,"Polk, MO",2023,883580.0
29167,"Polk, MO",2024,901754.0
29169,"Pulaski, MO",2019,2316004.0
29169,"Pulaski, MO",2020,2402626.0
29169,"Pulaski, MO",2021,2310129.0
29169,"Pulaski, MO",2022,2219478.0
29169,"Pulaski, MO",2023,2283129.0
29169,"Pulaski, MO",2024,2328960.0
29171,"Putnam, MO",2019,125293.0
29171,"Putnam, MO",2020,120676.0
29171,"Putnam, MO",2021,124591.0
29171,"Putnam, MO",2022,111078.0
29171,"Putnam, MO",2023,135375.0
29171,"Putnam, MO",2024,141991.0
29173,"Ralls, MO",2019,540066.0
29173,"Ralls, MO",2020,608615.0
29173,"Ralls, MO",2021,684567.0
29173,"Ralls, MO",2022,615413.0
29173,"Ralls, MO",2023,671571.0
29173,"Ralls, MO",2024,640585.0
29175,"Randolph, MO",2019,1216262.0
29175,"Randolph, MO",2020,1199736.0
29175,"Randolph, MO",2021,1330135.0
29175,"Randolph, MO",2022,1268073.0
29175,"Randolph, MO",2023,1257828.0
29175,"Randolph, MO",2024,1231746.0
29177,"Ray, MO",2019,490326.0
29177,"Ray, MO",2020,473529.0
29177,"Ray, MO",2021,490787.0
29177,"Ray, MO",2022,475737.0
29177,"Ray, MO",2023,492771.0
29177,"Ray, MO",2024,498503.0
29179,"Reynolds, MO",2019,232011.0
29179,"Reynolds, MO",2020,237086.0
29179,"Reynolds, MO",2021,233420.0
29179,"Reynolds, MO",2022,201761.0
29179,"Reynolds, MO",2023,193979.0
29179,"Reynolds, MO",2024,160715.0
29181,"Ripley, MO",2019,217963.0
29181,"Ripley, MO",2020,206682.0
29181,"Ripley, MO",2021,208856.0
29181,"Ripley, MO",2022,211192.0
29181,"Ripley, MO",2023,213044.0
29181,"Ripley, MO",2024,215314.0
29183,"St. Charles, MO",2019,17674350.0
29183,"St. Charles, MO",2020,17864411.0
29183,"St. Charles, MO",2021,18917898.0
29183,"St. Charles, MO",2022,19627296.0
29183,"St. Charles, MO",2023,20438553.0
29183,"St. Charles, MO",2024,21081697.0
29185,"St. Clair, MO",2019,156132.0
29185,"St. Clair, MO",2020,156623.0
29185,"St. Clair, MO",2021,162726.0
29185,"St. Clair, MO",2022,170635.0
29185,"St. Clair, MO",2023,207136.0
29185,"St. Clair, MO",2024,198309.0
29186,"Ste. Genevieve, MO",2019,625151.0
29186,"Ste. Genevieve, MO",2020,643856.0
29186,"Ste. Genevieve, MO",2021,684046.0
29186,"Ste. Genevieve, MO",2022,648777.0
29186,"Ste. Genevieve, MO",2023,643325.0
29186,"Ste. Genevieve, MO",2024,623747.0
29187,"St. Francois, MO",2019,1757844.0
29187,"St. Francois, MO",2020,1704959.0
29187,"St. Francois, MO",2021,1756899.0
29187,"St. Francois, MO",2022,1724391.0
29187,"St. Francois, MO",2023,1782579.0
29187,"St. Francois, MO",2024,1865794.0
29189,"St. Louis, MO",2019,81486468.0
29189,"St. Louis, MO",2020,81397443.0
29189,"St. Louis, MO",2021,85949731.0
29189,"St. Louis, MO",2022,88436854.0
29189,"St. Louis, MO",2023,91194262.0
29189,"St. Louis, MO",2024,92154682.0
29195,"Saline, MO",2019,894101.0
29195,"Saline, MO",2020,902962.0
29195,"Saline, MO",2021,946397.0
29195,"Saline, MO",2022,948641.0
29195,"Saline, MO",2023,983255.0
29195,"Saline, MO",2024,984077.0
29197,"Schuyler, MO",2019,83079.0
29197,"Schuyler, MO",2020,85363.0
29197,"Schuyler, MO",2021,119298.0
29197,"Schuyler, MO",2022,126605.0
29197,"Schuyler, MO",2023,148199.0
29197,"Schuyler, MO",2024,142008.0
29199,"Scotland, MO",2019,144881.0
29199,"Scotland, MO",2020,149559.0
29199,"Scotland, MO",2021,152728.0
29199,"Scotland, MO",2022,158288.0
29199,"Scotland, MO",2023,179929.0
29199,"Scotland, MO",2024,176144.0
29201,"Scott, MO",2019,1601311.0
29201,"Scott, MO",2020,1597926.0
29201,"Scott, MO",2021,1648328.0
29201,"Scott, MO",2022,1671359.0
29201,"Scott, MO",2023,1683425.0
29201,"Scott, MO",2024,1728245.0
29203,"Shannon, MO",2019,124654.0
29203,"Shannon, MO",2020,127492.0
29203,"Shannon, MO",2021,133089.0
29203,"Shannon, MO",2022,134259.0
29203,"Shannon, MO",2023,141102.0
29203,"Shannon, MO",2024,143354.0
29205,"Shelby, MO",2019,151602.0
29205,"Shelby, MO",2020,176548.0
29205,"Shelby, MO",2021,184445.0
29205,"Shelby, MO",2022,177960.0
29205,"Shelby, MO",2023,187682.0
29205,"Shelby, MO",2024,162642.0
29207,"Stoddard, MO",2019,989504.0
29207,"Stoddard, MO",2020,1007065.0
29207,"Stoddard, MO",2021,1168323.0
29207,"Stoddard, MO",2022,1129290.0
29207,"Stoddard, MO",2023,1106720.0
29207,"Stoddard, MO",2024,1141672.0
29209,"Stone, MO",2019,738293.0
29209,"Stone, MO",2020,680387.0
29209,"Stone, MO",2021,751436.0
29209,"Stone, MO",2022,787746.0
29209,"Stone, MO",2023,837722.0
29209,"Stone, MO",2024,852759.0
29211,"Sullivan, MO",2019,461565.0
29211,"Sullivan, MO",2020,465138.0
29211,"Sullivan, MO",2021,462426.0
29211,"Sullivan, MO",2022,394819.0
29211,"Sullivan, MO",2023,483878.0
29211,"Sullivan, MO",2024,500343.0
29213,"Taney, MO",2019,2593129.0
29213,"Taney, MO",2020,2271376.0
29213,"Taney, MO",2021,2580554.0
29213,"Taney, MO",2022,2727782.0
29213,"Taney, MO",2023,2848111.0
29213,"Taney, MO",2024,2869141.0
29215,"Texas, MO",2019,499408.0
29215,"Texas, MO",2020,506368.0
29215,"Texas, MO",2021,517041.0
29215,"Texas, MO",2022,524253.0
29215,"Texas, MO",2023,540805.0
29215,"Texas, MO",2024,571063.0
29217,"Vernon, MO",2019,805341.0
29217,"Vernon, MO",2020,803515.0
29217,"Vernon, MO",2021,796638.0
29217,"Vernon, MO",2022,774094.0
29217,"Vernon, MO",2023,876879.0
29217,"Vernon, MO",2024,895987.0
29219,"Warren, MO",2019,890967.0
29219,"Warren, MO",2020,845281.0
29219,"Warren, MO",2021,887630.0
29219,"Warren, MO",2022,886912.0
29219,"Warren, MO",2023,895142.0
29219,"Warren, MO",2024,926770.0
29221,"Washington, MO",2019,395111.0
29221,"Washington, MO",2020,391478.0
29221,"Washington, MO",2021,417854.0
29221,"Washington, MO",2022,411966.0
29221,"Washington, MO",2023,427700.0
29221,"Washington, MO",2024,442037.0
29223,"Wayne, MO",2019,215938.0
29223,"Wayne, MO",2020,206783.0
29223,"Wayne, MO",2021,214585.0
29223,"Wayne, MO",2022,204709.0
29223,"Wayne, MO",2023,209781.0
29223,"Wayne, MO",2024,199382.0
29225,"Webster, MO",2019,758675.0
29225,"Webster, MO",2020,781013.0
29225,"Webster, MO",2021,863304.0
29225,"Webster, MO",2022,836833.0
29225,"Webster, MO",2023,897411.0
29225,"Webster, MO",2024,942034.0
29227,"Worth, MO",2019,57955.0
29227,"Worth, MO",2020,51239.0
29227,"Worth, MO",2021,47084.0
29227,"Worth, MO",2022,43585.0
29227,"Worth, MO",2023,54197.0
29227,"Worth, MO",2024,56726.0
29229,"Wright, MO",2019,326481.0
29229,"Wright, MO",2020,355434.0
29229,"Wright, MO",2021,421547.0
29229,"Wright, MO",2022,422897.0
29229,"Wright, MO",2023,440058.0
29229,"Wright, MO",2024,446816.0
29510,"St. Louis (Independent City), MO",2019,29967598.0
29510,"St. Louis (Independent City), MO",2020,28403372.0
29510,"St. Louis (Independent City), MO",2021,29863965.0
29510,"St. Louis (Independent City), MO",2022,31007990.0
29510,"St. Louis (Independent City), MO",2023,31947590.0
29510,"St. Louis (Independent City), MO",2024,32119062.0
30001,"Beaverhead, MT",2019,416507.0
30001,"Beaverhead, MT",2020,411227.0
30001,"Beaverhead, MT",2021,390579.0
30001,"Beaverhead, MT",2022,442413.0
30001,"Beaverhead, MT",2023,458521.0
30001,"Beaverhead, MT",2024,520911.0
30003,"Big Horn, MT",2019,833274.0
30003,"Big Horn, MT",2020,814485.0
30003,"Big Horn, MT",2021,730587.0
30003,"Big Horn, MT",2022,924330.0
30003,"Big Horn, MT",2023,899092.0
30003,"Big Horn, MT",2024,942296.0
30005,"Blaine, MT",2019,172622.0
30005,"Blaine, MT",2020,169927.0
30005,"Blaine, MT",2021,164036.0
30005,"Blaine, MT",2022,185634.0
30005,"Blaine, MT",2023,198550.0
30005,"Blaine, MT",2024,175418.0
30007,"Broadwater, MT",2019,188095.0
30007,"Broadwater, MT",2020,185652.0
30007,"Broadwater, MT",2021,190144.0
30007,"Broadwater, MT",2022,190786.0
30007,"Broadwater, MT",2023,218044.0
30007,"Broadwater, MT",2024,232366.0
30009,"Carbon, MT",2019,373586.0
30009,"Carbon, MT",2020,350392.0
30009,"Carbon, MT",2021,374201.0
30009,"Carbon, MT",2022,362889.0
30009,"Carbon, MT",2023,392411.0
30009,"Carbon, MT",2024,416881.0
30011,"Carter, MT",2019,39210.0
30011,"Carter, MT",2020,45861.0
30011,"Carter, MT",2021,32837.0
30011,"Carter, MT",2022,43453.0
30011,"Carter, MT",2023,41919.0
30011,"Carter, MT",2024,74008.0
30013,"Cascade, MT",2019,3717543.0
30013,"Cascade, MT",2020,3671448.0
30013,"Cascade, MT",2021,3799231.0
30013,"Cascade, MT",2022,4123071.0
30013,"Cascade, MT",2023,4258347.0
30013,"Cascade, MT",2024,4405442.0
30015,"Chouteau, MT",2019,277684.0
30015,"Chouteau, MT",2020,284350.0
30015,"Chouteau, MT",2021,195336.0
30015,"Chouteau, MT",2022,301189.0
30015,"Chouteau, MT",2023,330938.0
30015,"Chouteau, MT",2024,227303.0
30017,"Custer, MT",2019,467959.0
30017,"Custer, MT",2020,456684.0
30017,"Custer, MT",2021,481063.0
30017,"Custer, MT",2022,510208.0
30017,"Custer, MT",2023,484701.0
30017,"Custer, MT",2024,525022.0
30019,"Daniels, MT",2019,99615.0
30019,"Daniels, MT",2020,115167.0
30019,"Daniels, MT",2021,113423.0
30019,"Daniels, MT",2022,107404.0
30019,"Daniels, MT",2023,95123.0
30019,"Daniels, MT",2024,97478.0
30021,"Dawson, MT",2019,401379.0
30021,"Dawson, MT",2020,393598.0
30021,"Dawson, MT",2021,417941.0
30021,"Dawson, MT",2022,406475.0
30021,"Dawson, MT",2023,396780.0
30021,"Dawson, MT",2024,396799.0
30023,"Deer Lodge, MT",2019,274292.0
30023,"Deer Lodge, MT",2020,270631.0
30023,"Deer Lodge, MT",2021,285600.0
30023,"Deer Lodge, MT",2022,319553.0
30023,"Deer Lodge, MT",2023,338383.0
30023,"Deer Lodge, MT",2024,336614.0
30025,"Fallon, MT",2019,195548.0
30025,"Fallon, MT",2020,182906.0
30025,"Fallon, MT",2021,174683.0
30025,"Fallon, MT",2022,169737.0
30025,"Fallon, MT",2023,194718.0
30025,"Fallon, MT",2024,192572.0
30027,"Fergus, MT",2019,509191.0
30027,"Fergus, MT",2020,489076.0
30027,"Fergus, MT",2021,532731.0
30027,"Fergus, MT",2022,517195.0
30027,"Fergus, MT",2023,516377.0
30027,"Fergus, MT",2024,571116.0
30029,"Flathead, MT",2019,4311208.0
30029,"Flathead, MT",2020,4383789.0
30029,"Flathead, MT",2021,4899920.0
30029,"Flathead, MT",2022,5107399.0
30029,"Flathead, MT",2023,5265477.0
30029,"Flathead, MT",2024,5512091.0
30031,"Gallatin, MT",2019,6519018.0
30031,"Gallatin, MT",2020,6678510.0
30031,"Gallatin, MT",2021,7651032.0
30031,"Gallatin, MT",2022,8145745.0
30031,"Gallatin, MT",2023,8824121.0
30031,"Gallatin, MT",2024,9280217.0
30033,"Garfield, MT",2019,33028.0
30033,"Garfield, MT",2020,38283.0
30033,"Garfield, MT",2021,34963.0
30033,"Garfield, MT",2022,52215.0
30033,"Garfield, MT",2023,48670.0
30033,"Garfield, MT",2024,33058.0
30035,"Glacier, MT",2019,465736.0
30035,"Glacier, MT",2020,441077.0
30035,"Glacier, MT",2021,376669.0
30035,"Glacier, MT",2022,467682.0
30035,"Glacier, MT",2023,526769.0
30035,"Glacier, MT",2024,522140.0
30037,"Golden Valley, MT",2019,24762.0
30037,"Golden Valley, MT",2020,26274.0
30037,"Golden Valley, MT",2021,19644.0
30037,"Golden Valley, MT",2022,26237.0
30037,"Golden Valley, MT",2023,28623.0
30037,"Golden Valley, MT",2024,25216.0
30039,"Granite, MT",2019,104142.0
30039,"Granite, MT",2020,93672.0
30039,"Granite, MT",2021,110467.0
30039,"Granite, MT",2022,112270.0
30039,"Granite, MT",2023,122157.0
30039,"Granite, MT",2024,126326.0
30041,"Hill, MT",2019,759084.0
30041,"Hill, MT",2020,736297.0
30041,"Hill, MT",2021,660423.0
30041,"Hill, MT",2022,812140.0
30041,"Hill, MT",2023,846821.0
30041,"Hill, MT",2024,740105.0
30043,"Jefferson, MT",2019,265760.0
30043,"Jefferson, MT",2020,248356.0
30043,"Jefferson, MT",2021,260913.0
30043,"Jefferson, MT",2022,262556.0
30043,"Jefferson, MT",2023,288336.0
30043,"Jefferson, MT",2024,298980.0
30045,"Judith Basin, MT",2019,100677.0
30045,"Judith Basin, MT",2020,108215.0
30045,"Judith Basin, MT",2021,76920.0
30045,"Judith Basin, MT",2022,97718.0
30045,"Judith Basin, MT",2023,104328.0
30045,"Judith Basin, MT",2024,110089.0
30047,"Lake, MT",2019,840345.0
30047,"Lake, MT",2020,869472.0
30047,"Lake, MT",2021,957851.0
30047,"Lake, MT",2022,921631.0
30047,"Lake, MT",2023,1003057.0
30047,"Lake, MT",2024,1052343.0
30049,"Lewis and Clark, MT",2019,3607540.0
30049,"Lewis and Clark, MT",2020,3611588.0
30049,"Lewis and Clark, MT",2021,3821475.0
30049,"Lewis and Clark, MT",2022,4025740.0
30049,"Lewis and Clark, MT",2023,4308734.0
30049,"Lewis and Clark, MT",2024,4480091.0
30051,"Liberty, MT",2019,208778.0
30051,"Liberty, MT",2020,209061.0
30051,"Liberty, MT",2021,205829.0
30051,"Liberty, MT",2022,228123.0
30051,"Liberty, MT",2023,246575.0
30051,"Liberty, MT",2024,240238.0
30053,"Lincoln, MT",2019,567211.0
30053,"Lincoln, MT",2020,584731.0
30053,"Lincoln, MT",2021,585656.0
30053,"Lincoln, MT",2022,641746.0
30053,"Lincoln, MT",2023,633023.0
30053,"Lincoln, MT",2024,676458.0
30055,"McCone, MT",2019,97219.0
30055,"McCone, MT",2020,99212.0
30055,"McCone, MT",2021,101438.0
30055,"McCone, MT",2022,99801.0
30055,"McCone, MT",2023,82411.0
30055,"McCone, MT",2024,113928.0
30057,"Madison, MT",2019,496437.0
30057,"Madison, MT",2020,505244.0
30057,"Madison, MT",2021,549496.0
30057,"Madison, MT",2022,575900.0
30057,"Madison, MT",2023,567747.0
30057,"Madison, MT",2024,491159.0
30059,"Meagher, MT",2019,60381.0
30059,"Meagher, MT",2020,53601.0
30059,"Meagher, MT",2021,65679.0
30059,"Meagher, MT",2022,65726.0
30059,"Meagher, MT",2023,71749.0
30059,"Meagher, MT",2024,69514.0
30061,"Mineral, MT",2019,100194.0
30061,"Mineral, MT",2020,98754.0
30061,"Mineral, MT",2021,116897.0
30061,"Mineral, MT",2022,105677.0
30061,"Mineral, MT",2023,115523.0
30061,"Mineral, MT",2024,121980.0
30063,"Missoula, MT",2019,5750346.0
30063,"Missoula, MT",2020,5735119.0
30063,"Missoula, MT",2021,6410283.0
30063,"Missoula, MT",2022,6420211.0
30063,"Missoula, MT",2023,6862494.0
30063,"Missoula, MT",2024,7132080.0
30065,"Musselshell, MT",2019,264219.0
30065,"Musselshell, MT",2020,284573.0
30065,"Musselshell, MT",2021,284529.0
30065,"Musselshell, MT",2022,365335.0
30065,"Musselshell, MT",2023,342580.0
30065,"Musselshell, MT",2024,363190.0
30067,"Park, MT",2019,619184.0
30067,"Park, MT",2020,602581.0
30067,"Park, MT",2021,688666.0
30067,"Park, MT",2022,634890.0
30067,"Park, MT",2023,694833.0
30067,"Park, MT",2024,687470.0
30069,"Petroleum, MT",2019,13555.0
30069,"Petroleum, MT",2020,12278.0
30069,"Petroleum, MT",2021,8721.0
30069,"Petroleum, MT",2022,15533.0
30069,"Petroleum, MT",2023,17583.0
30069,"Petroleum, MT",2024,18815.0
30071,"Phillips, MT",2019,127399.0
30071,"Phillips, MT",2020,129510.0
30071,"Phillips, MT",2021,124600.0
30071,"Phillips, MT",2022,140764.0
30071,"Phillips, MT",2023,140008.0
30071,"Phillips, MT",2024,122900.0
30073,"Pondera, MT",2019,262610.0
30073,"Pondera, MT",2020,258950.0
30073,"Pondera, MT",2021,191105.0
30073,"Pondera, MT",2022,253546.0
30073,"Pondera, MT",2023,304743.0
30073,"Pondera, MT",2024,242108.0
30075,"Powder River, MT",2019,101910.0
30075,"Powder River, MT",2020,113689.0
30075,"Powder River, MT",2021,102289.0
30075,"Powder River, MT",2022,110476.0
30075,"Powder River, MT",2023,117440.0
30075,"Powder River, MT",2024,127143.0
30077,"Powell, MT",2019,222286.0
30077,"Powell, MT",2020,213824.0
30077,"Powell, MT",2021,213624.0
30077,"Powell, MT",2022,224829.0
30077,"Powell, MT",2023,261948.0
30077,"Powell, MT",2024,276052.0
30079,"Prairie, MT",2019,38527.0
30079,"Prairie, MT",2020,40052.0
30079,"Prairie, MT",2021,31746.0
30079,"Prairie, MT",2022,42139.0
30079,"Prairie, MT",2023,42245.0
30079,"Prairie, MT",2024,50521.0
30081,"Ravalli, MT",2019,1163763.0
30081,"Ravalli, MT",2020,1188189.0
30081,"Ravalli, MT",2021,1310675.0
30081,"Ravalli, MT",2022,1315818.0
30081,"Ravalli, MT",2023,1412292.0
30081,"Ravalli, MT",2024,1471834.0
30083,"Richland, MT",2019,858433.0
30083,"Richland, MT",2020,795328.0
30083,"Richland, MT",2021,781688.0
30083,"Richland, MT",2022,774920.0
30083,"Richland, MT",2023,925851.0
30083,"Richland, MT",2024,1002027.0
30085,"Roosevelt, MT",2019,431099.0
30085,"Roosevelt, MT",2020,398761.0
30085,"Roosevelt, MT",2021,430512.0
30085,"Roosevelt, MT",2022,409218.0
30085,"Roosevelt, MT",2023,423418.0
30085,"Roosevelt, MT",2024,442271.0
30087,"Rosebud, MT",2019,825330.0
30087,"Rosebud, MT",2020,702399.0
30087,"Rosebud, MT",2021,688109.0
30087,"Rosebud, MT",2022,761154.0
30087,"Rosebud, MT",2023,814569.0
30087,"Rosebud, MT",2024,811738.0
30089,"Sanders, MT",2019,344392.0
30089,"Sanders, MT",2020,365797.0
30089,"Sanders, MT",2021,391855.0
30089,"Sanders, MT",2022,375803.0
30089,"Sanders, MT",2023,409395.0
30089,"Sanders, MT",2024,417892.0
30091,"Sheridan, MT",2019,165053.0
30091,"Sheridan, MT",2020,181436.0
30091,"Sheridan, MT",2021,185297.0
30091,"Sheridan, MT",2022,168043.0
30091,"Sheridan, MT",2023,155900.0
30091,"Sheridan, MT",2024,177837.0
30093,"Silver Bow, MT",2019,1513402.0
30093,"Silver Bow, MT",2020,1507704.0
30093,"Silver Bow, MT",2021,1607744.0
30093,"Silver Bow, MT",2022,1618483.0
30093,"Silver Bow, MT",2023,1689585.0
30093,"Silver Bow, MT",2024,1699243.0
30095,"Stillwater, MT",2019,591033.0
30095,"Stillwater, MT",2020,728763.0
30095,"Stillwater, MT",2021,758906.0
30095,"Stillwater, MT",2022,587349.0
30095,"Stillwater, MT",2023,541079.0
30095,"Stillwater, MT",2024,503900.0
30097,"Sweet Grass, MT",2019,239619.0
30097,"Sweet Grass, MT",2020,269592.0
30097,"Sweet Grass, MT",2021,291511.0
30097,"Sweet Grass, MT",2022,223585.0
30097,"Sweet Grass, MT",2023,216432.0
30097,"Sweet Grass, MT",2024,218616.0
30099,"Teton, MT",2019,264092.0
30099,"Teton, MT",2020,270277.0
30099,"Teton, MT",2021,216949.0
30099,"Teton, MT",2022,266137.0
30099,"Teton, MT",2023,290192.0
30099,"Teton, MT",2024,237337.0
30101,"Toole, MT",2019,349584.0
30101,"Toole, MT",2020,353607.0
30101,"Toole, MT",2021,284683.0
30101,"Toole, MT",2022,351259.0
30101,"Toole, MT",2023,398892.0
30101,"Toole, MT",2024,385013.0
30103,"Treasure, MT",2019,94711.0
30103,"Treasure, MT",2020,81673.0
30103,"Treasure, MT",2021,45571.0
30103,"Treasure, MT",2022,64958.0
30103,"Treasure, MT",2023,70197.0
30103,"Treasure, MT",2024,79877.0
30105,"Valley, MT",2019,307925.0
30105,"Valley, MT",2020,314285.0
30105,"Valley, MT",2021,399823.0
30105,"Valley, MT",2022,338312.0
30105,"Valley, MT",2023,297017.0
30105,"Valley, MT",2024,287204.0
30107,"Wheatland, MT",2019,85172.0
30107,"Wheatland, MT",2020,87822.0
30107,"Wheatland, MT",2021,76931.0
30107,"Wheatland, MT",2022,83509.0
30107,"Wheatland, MT",2023,85577.0
30107,"Wheatland, MT",2024,80487.0
30109,"Wibaux, MT",2019,43747.0
30109,"Wibaux, MT",2020,39028.0
30109,"Wibaux, MT",2021,46222.0
30109,"Wibaux, MT",2022,41421.0
30109,"Wibaux, MT",2023,42002.0
30109,"Wibaux, MT",2024,45209.0
30111,"Yellowstone, MT",2019,9081727.0
30111,"Yellowstone, MT",2020,8780598.0
30111,"Yellowstone, MT",2021,9426022.0
30111,"Yellowstone, MT",2022,9895060.0
30111,"Yellowstone, MT",2023,10199896.0
30111,"Yellowstone, MT",2024,10776934.0
31001,"Adams, NE",2019,1859228.0
31001,"Adams, NE",2020,1798401.0
31001,"Adams, NE",2021,1992589.0
31001,"Adams, NE",2022,2018543.0
31001,"Adams, NE",2023,2014324.0
31001,"Adams, NE",2024,2028756.0
31003,"Antelope, NE",2019,509507.0
31003,"Antelope, NE",2020,584451.0
31003,"Antelope, NE",2021,578943.0
31003,"Antelope, NE",2022,557707.0
31003,"Antelope, NE",2023,622479.0
31003,"Antelope, NE",2024,576887.0
31005,"Arthur, NE",2019,18711.0
31005,"Arthur, NE",2020,19589.0
31005,"Arthur, NE",2021,16530.0
31005,"Arthur, NE",2022,12617.0
31005,"Arthur, NE",2023,22852.0
31005,"Arthur, NE",2024,25350.0
31007,"Banner, NE",2019,39404.0
31007,"Banner, NE",2020,39319.0
31007,"Banner, NE",2021,37366.0
31007,"Banner, NE",2022,34918.0
31007,"Banner, NE",2023,41228.0
31007,"Banner, NE",2024,35556.0
31009,"Blaine, NE",2019,28951.0
31009,"Blaine, NE",2020,28803.0
31009,"Blaine, NE",2021,22389.0
31009,"Blaine, NE",2022,19894.0
31009,"Blaine, NE",2023,31814.0
31009,"Blaine, NE",2024,39534.0
31011,"Boone, NE",2019,421227.0
31011,"Boone, NE",2020,435161.0
31011,"Boone, NE",2021,467216.0
31011,"Boone, NE",2022,403346.0
31011,"Boone, NE",2023,462746.0
31011,"Boone, NE",2024,418119.0
31013,"Box Butte, NE",2019,603352.0
31013,"Box Butte, NE",2020,562097.0
31013,"Box Butte, NE",2021,566065.0
31013,"Box Butte, NE",2022,529808.0
31013,"Box Butte, NE",2023,529832.0
31013,"Box Butte, NE",2024,539216.0
31015,"Boyd, NE",2019,119106.0
31015,"Boyd, NE",2020,103933.0
31015,"Boyd, NE",2021,117832.0
31015,"Boyd, NE",2022,115767.0
31015,"Boyd, NE",2023,107037.0
31015,"Boyd, NE",2024,107841.0
31017,"Brown, NE",2019,218083.0
31017,"Brown, NE",2020,214923.0
31017,"Brown, NE",2021,193860.0
31017,"Brown, NE",2022,163788.0
31017,"Brown, NE",2023,205881.0
31017,"Brown, NE",2024,201132.0
31019,"Buffalo, NE",2019,3134582.0
31019,"Buffalo, NE",2020,3072260.0
31019,"Buffalo, NE",2021,3541303.0
31019,"Buffalo, NE",2022,3588963.0
31019,"Buffalo, NE",2023,3580064.0
31019,"Buffalo, NE",2024,3595336.0
31021,"Burt, NE",2019,313059.0
31021,"Burt, NE",2020,287585.0
31021,"Burt, NE",2021,340764.0
31021,"Burt, NE",2022,290143.0
31021,"Burt, NE",2023,312816.0
31021,"Burt, NE",2024,324849.0
31023,"Butler, NE",2019,307148.0
31023,"Butler, NE",2020,337733.0
31023,"Butler, NE",2021,394288.0
31023,"Butler, NE",2022,386131.0
31023,"Butler, NE",2023,417368.0
31023,"Butler, NE",2024,446851.0
31025,"Cass, NE",2019,756621.0
31025,"Cass, NE",2020,770089.0
31025,"Cass, NE",2021,852434.0
31025,"Cass, NE",2022,810789.0
31025,"Cass, NE",2023,880094.0
31025,"Cass, NE",2024,836050.0
31027,"Cedar, NE",2019,387279.0
31027,"Cedar, NE",2020,428316.0
31027,"Cedar, NE",2021,489003.0
31027,"Cedar, NE",2022,432130.0
31027,"Cedar, NE",2023,456847.0
31027,"Cedar, NE",2024,414020.0
31029,"Chase, NE",2019,332087.0
31029,"Chase, NE",2020,343707.0
31029,"Chase, NE",2021,346072.0
31029,"Chase, NE",2022,323192.0
31029,"Chase, NE",2023,333101.0
31029,"Chase, NE",2024,320534.0
31031,"Cherry, NE",2019,272850.0
31031,"Cherry, NE",2020,300217.0
31031,"Cherry, NE",2021,281116.0
31031,"Cherry, NE",2022,257638.0
31031,"Cherry, NE",2023,334087.0
31031,"Cherry, NE",2024,372019.0
31033,"Cheyenne, NE",2019,547744.0
31033,"Cheyenne, NE",2020,519988.0
31033,"Cheyenne, NE",2021,527727.0
31033,"Cheyenne, NE",2022,536663.0
31033,"Cheyenne, NE",2023,519451.0
31033,"Cheyenne, NE",2024,524888.0
31035,"Clay, NE",2019,324249.0
31035,"Clay, NE",2020,338816.0
31035,"Clay, NE",2021,383578.0
31035,"Clay, NE",2022,320102.0
31035,"Clay, NE",2023,362353.0
31035,"Clay, NE",2024,342397.0
31037,"Colfax, NE",2019,681061.0
31037,"Colfax, NE",2020,716312.0
31037,"Colfax, NE",2021,846133.0
31037,"Colfax, NE",2022,760084.0
31037,"Colfax, NE",2023,793015.0
31037,"Colfax, NE",2024,793811.0
31039,"Cuming, NE",2019,824965.0
31039,"Cuming, NE",2020,792223.0
31039,"Cuming, NE",2021,765708.0
31039,"Cuming, NE",2022,682666.0
31039,"Cuming, NE",2023,825561.0
31039,"Cuming, NE",2024,814312.0
31041,"Custer, NE",2019,650276.0
31041,"Custer, NE",2020,698288.0
31041,"Custer, NE",2021,710761.0
31041,"Custer, NE",2022,648978.0
31041,"Custer, NE",2023,748741.0
31041,"Custer, NE",2024,681402.0
31043,"Dakota, NE",2019,1549109.0
31043,"Dakota, NE",2020,1489350.0
31043,"Dakota, NE",2021,1731595.0
31043,"Dakota, NE",2022,1826213.0
31043,"Dakota, NE",2023,1883538.0
31043,"Dakota, NE",2024,1906575.0
31045,"Dawes, NE",2019,276073.0
31045,"Dawes, NE",2020,293403.0
31045,"Dawes, NE",2021,288859.0
31045,"Dawes, NE",2022,267592.0
31045,"Dawes, NE",2023,286946.0
31045,"Dawes, NE",2024,301828.0
31047,"Dawson, NE",2019,1508393.0
31047,"Dawson, NE",2020,1550094.0
31047,"Dawson, NE",2021,1686220.0
31047,"Dawson, NE",2022,1586075.0
31047,"Dawson, NE",2023,1682213.0
31047,"Dawson, NE",2024,1729495.0
31049,"Deuel, NE",2019,81873.0
31049,"Deuel, NE",2020,74534.0
31049,"Deuel, NE",2021,81023.0
31049,"Deuel, NE",2022,100107.0
31049,"Deuel, NE",2023,77015.0
31049,"Deuel, NE",2024,64565.0
31051,"Dixon, NE",2019,263283.0
31051,"Dixon, NE",2020,287899.0
31051,"Dixon, NE",2021,361273.0
31051,"Dixon, NE",2022,339610.0
31051,"Dixon, NE",2023,376265.0
31051,"Dixon, NE",2024,367161.0
31053,"Dodge, NE",2019,2015181.0
31053,"Dodge, NE",2020,2109527.0
31053,"Dodge, NE",2021,2320087.0
31053,"Dodge, NE",2022,2321044.0
31053,"Dodge, NE",2023,2328030.0
31053,"Dodge, NE",2024,2366379.0
31055,"Douglas, NE",2019,49293062.0
31055,"Douglas, NE",2020,48087623.0
31055,"Douglas, NE",2021,50445091.0
31055,"Douglas, NE",2022,56199667.0
31055,"Douglas, NE",2023,58669220.0
31055,"Douglas, NE",2024,59205158.0
31057,"Dundy, NE",2019,176128.0
31057,"Dundy, NE",2020,189283.0
31057,"Dundy, NE",2021,169884.0
31057,"Dundy, NE",2022,164962.0
31057,"Dundy, NE",2023,174139.0
31057,"Dundy, NE",2024,181035.0
31059,"Fillmore, NE",2019,360775.0
31059,"Fillmore, NE",2020,358720.0
31059,"Fillmore, NE",2021,437478.0
31059,"Fillmore, NE",2022,379384.0
31059,"Fillmore, NE",2023,430177.0
31059,"Fillmore, NE",2024,415798.0
31061,"Franklin, NE",2019,79175.0
31061,"Franklin, NE",2020,94896.0
31061,"Franklin, NE",2021,112019.0
31061,"Franklin, NE",2022,92071.0
31061,"Franklin, NE",2023,118671.0
31061,"Franklin, NE",2024,90175.0
31063,"Frontier, NE",2019,82569.0
31063,"Frontier, NE",2020,94580.0
31063,"Frontier, NE",2021,115100.0
31063,"Frontier, NE",2022,104105.0
31063,"Frontier, NE",2023,110849.0
31063,"Frontier, NE",2024,76592.0
31065,"Furnas, NE",2019,225691.0
31065,"Furnas, NE",2020,250815.0
31065,"Furnas, NE",2021,295162.0
31065,"Furnas, NE",2022,278428.0
31065,"Furnas, NE",2023,296742.0
31065,"Furnas, NE",2024,233184.0
31067,"Gage, NE",2019,932707.0
31067,"Gage, NE",2020,955571.0
31067,"Gage, NE",2021,1095844.0
31067,"Gage, NE",2022,1090494.0
31067,"Gage, NE",2023,1187607.0
31067,"Gage, NE",2024,1217626.0
31069,"Garden, NE",2019,75628.0
31069,"Garden, NE",2020,76490.0
31069,"Garden, NE",2021,74720.0
31069,"Garden, NE",2022,73995.0
31069,"Garden, NE",2023,79638.0
31069,"Garden, NE",2024,81275.0
31071,"Garfield, NE",2019,78899.0
31071,"Garfield, NE",2020,86497.0
31071,"Garfield, NE",2021,79351.0
31071,"Garfield, NE",2022,72431.0
31071,"Garfield, NE",2023,86696.0
31071,"Garfield, NE",2024,84676.0
31073,"Gosper, NE",2019,77377.0
31073,"Gosper, NE",2020,82067.0
31073,"Gosper, NE",2021,103013.0
31073,"Gosper, NE",2022,97929.0
31073,"Gosper, NE",2023,114681.0
31073,"Gosper, NE",2024,93052.0
31075,"Grant, NE",2019,27272.0
31075,"Grant, NE",2020,28416.0
31075,"Grant, NE",2021,25304.0
31075,"Grant, NE",2022,21106.0
31075,"Grant, NE",2023,29186.0
31075,"Grant, NE",2024,37778.0
31077,"Greeley, NE",2019,107966.0
31077,"Greeley, NE",2020,105593.0
31077,"Greeley, NE",2021,122233.0
31077,"Greeley, NE",2022,107742.0
31077,"Greeley, NE",2023,133536.0
31077,"Greeley, NE",2024,143568.0
31079,"Hall, NE",2019,3488845.0
31079,"Hall, NE",2020,3479000.0
31079,"Hall, NE",2021,3859830.0
31079,"Hall, NE",2022,3853911.0
31079,"Hall, NE",2023,3972935.0
31079,"Hall, NE",2024,4029101.0
31081,"Hamilton, NE",2019,628201.0
31081,"Hamilton, NE",2020,651707.0
31081,"Hamilton, NE",2021,733889.0
31081,"Hamilton, NE",2022,665055.0
31081,"Hamilton, NE",2023,708449.0
31081,"Hamilton, NE",2024,702042.0
31083,"Harlan, NE",2019,185843.0
31083,"Harlan, NE",2020,173758.0
31083,"Harlan, NE",2021,183458.0
31083,"Harlan, NE",2022,160242.0
31083,"Harlan, NE",2023,197518.0
31083,"Harlan, NE",2024,200976.0
31085,"Hayes, NE",2019,82358.0
31085,"Hayes, NE",2020,95107.0
31085,"Hayes, NE",2021,90080.0
31085,"Hayes, NE",2022,80926.0
31085,"Hayes, NE",2023,85249.0
31085,"Hayes, NE",2024,69017.0
31087,"Hitchcock, NE",2019,137455.0
31087,"Hitchcock, NE",2020,135844.0
31087,"Hitchcock, NE",2021,166771.0
31087,"Hitchcock, NE",2022,176936.0
31087,"Hitchcock, NE",2023,165133.0
31087,"Hitchcock, NE",2024,138972.0
31089,"Holt, NE",2019,631276.0
31089,"Holt, NE",2020,665161.0
31089,"Holt, NE",2021,694193.0
31089,"Holt, NE",2022,636333.0
31089,"Holt, NE",2023,668073.0
31089,"Holt, NE",2024,678811.0
31091,"Hooker, NE",2019,29144.0
31091,"Hooker, NE",2020,28066.0
31091,"Hooker, NE",2021,27133.0
31091,"Hooker, NE",2022,27248.0
31091,"Hooker, NE",2023,29747.0
31091,"Hooker, NE",2024,29138.0
31093,"Howard, NE",2019,225380.0
31093,"Howard, NE",2020,224627.0
31093,"Howard, NE",2021,233603.0
31093,"Howard, NE",2022,214986.0
31093,"Howard, NE",2023,234327.0
31093,"Howard, NE",2024,215084.0
31095,"Jefferson, NE",2019,430431.0
31095,"Jefferson, NE",2020,419971.0
31095,"Jefferson, NE",2021,469446.0
31095,"Jefferson, NE",2022,425621.0
31095,"Jefferson, NE",2023,442724.0
31095,"Jefferson, NE",2024,415771.0
31097,"Johnson, NE",2019,179121.0
31097,"Johnson, NE",2020,171615.0
31097,"Johnson, NE",2021,191670.0
31097,"Johnson, NE",2022,195149.0
31097,"Johnson, NE",2023,191910.0
31097,"Johnson, NE",2024,192787.0
31099,"Kearney, NE",2019,343968.0
31099,"Kearney, NE",2020,338827.0
31099,"Kearney, NE",2021,367292.0
31099,"Kearney, NE",2022,348508.0
31099,"Kearney, NE",2023,455666.0
31099,"Kearney, NE",2024,454218.0
31101,"Keith, NE",2019,383702.0
31101,"Keith, NE",2020,393275.0
31101,"Keith, NE",2021,412026.0
31101,"Keith, NE",2022,393765.0
31101,"Keith, NE",2023,399233.0
31101,"Keith, NE",2024,395003.0
31103,"Keya Paha, NE",2019,30241.0
31103,"Keya Paha, NE",2020,37509.0
31103,"Keya Paha, NE",2021,29424.0
31103,"Keya Paha, NE",2022,26803.0
31103,"Keya Paha, NE",2023,34518.0
31103,"Keya Paha, NE",2024,39088.0
31105,"Kimball, NE",2019,156590.0
31105,"Kimball, NE",2020,169876.0
31105,"Kimball, NE",2021,183703.0
31105,"Kimball, NE",2022,219740.0
31105,"Kimball, NE",2023,217746.0
31105,"Kimball, NE",2024,200382.0
31107,"Knox, NE",2019,436738.0
31107,"Knox, NE",2020,495276.0
31107,"Knox, NE",2021,665927.0
31107,"Knox, NE",2022,623917.0
31107,"Knox, NE",2023,654816.0
31107,"Knox, NE",2024,687585.0
31109,"Lancaster, NE",2019,19582554.0
31109,"Lancaster, NE",2020,19435359.0
31109,"Lancaster, NE",2021,20350152.0
31109,"Lancaster, NE",2022,21608253.0
31109,"Lancaster, NE",2023,22104379.0
31109,"Lancaster, NE",2024,22760411.0
31111,"Lincoln, NE",2019,2226066.0
31111,"Lincoln, NE",2020,2132042.0
31111,"Lincoln, NE",2021,2261999.0
31111,"Lincoln, NE",2022,2235337.0
31111,"Lincoln, NE",2023,2605473.0
31111,"Lincoln, NE",2024,2538673.0
31113,"Logan, NE",2019,28369.0
31113,"Logan, NE",2020,31596.0
31113,"Logan, NE",2021,27546.0
31113,"Logan, NE",2022,25236.0
31113,"Logan, NE",2023,31697.0
31113,"Logan, NE",2024,30844.0
31115,"Loup, NE",2019,35778.0
31115,"Loup, NE",2020,32663.0
31115,"Loup, NE",2021,27701.0
31115,"Loup, NE",2022,24575.0
31115,"Loup, NE",2023,35438.0
31115,"Loup, NE",2024,46221.0
31117,"McPherson, NE",2019,21695.0
31117,"McPherson, NE",2020,26972.0
31117,"McPherson, NE",2021,18522.0
31117,"McPherson, NE",2022,16634.0
31117,"McPherson, NE",2023,27177.0
31117,"McPherson, NE",2024,26041.0
31119,"Madison, NE",2019,2442685.0
31119,"Madison, NE",2020,2363837.0
31119,"Madison, NE",2021,2469414.0
31119,"Madison, NE",2022,2410783.0
31119,"Madison, NE",2023,2439624.0
31119,"Madison, NE",2024,2473012.0
31121,"Merrick, NE",2019,402348.0
31121,"Merrick, NE",2020,364792.0
31121,"Merrick, NE",2021,395247.0
31121,"Merrick, NE",2022,365141.0
31121,"Merrick, NE",2023,407474.0
31121,"Merrick, NE",2024,410943.0
31123,"Morrill, NE",2019,505299.0
31123,"Morrill, NE",2020,520151.0
31123,"Morrill, NE",2021,311542.0
31123,"Morrill, NE",2022,279914.0
31123,"Morrill, NE",2023,336462.0
31123,"Morrill, NE",2024,352326.0
31125,"Nance, NE",2019,112900.0
31125,"Nance, NE",2020,116248.0
31125,"Nance, NE",2021,161290.0
31125,"Nance, NE",2022,146864.0
31125,"Nance, NE",2023,198252.0
31125,"Nance, NE",2024,159079.0
31127,"Nemaha, NE",2019,606295.0
31127,"Nemaha, NE",2020,589967.0
31127,"Nemaha, NE",2021,696903.0
31127,"Nemaha, NE",2022,674405.0
31127,"Nemaha, NE",2023,887033.0
31127,"Nemaha, NE",2024,822413.0
31129,"Nuckolls, NE",2019,249047.0
31129,"Nuckolls, NE",2020,234822.0
31129,"Nuckolls, NE",2021,285203.0
31129,"Nuckolls, NE",2022,264031.0
31129,"Nuckolls, NE",2023,315481.0
31129,"Nuckolls, NE",2024,292882.0
31131,"Otoe, NE",2019,1156644.0
31131,"Otoe, NE",2020,1212624.0
31131,"Otoe, NE",2021,1305534.0
31131,"Otoe, NE",2022,1299540.0
31131,"Otoe, NE",2023,1427901.0
31131,"Otoe, NE",2024,1394409.0
31133,"Pawnee, NE",2019,107089.0
31133,"Pawnee, NE",2020,111101.0
31133,"Pawnee, NE",2021,132347.0
31133,"Pawnee, NE",2022,120478.0
31133,"Pawnee, NE",2023,129791.0
31133,"Pawnee, NE",2024,105950.0
31135,"Perkins, NE",2019,299045.0
31135,"Perkins, NE",2020,305230.0
31135,"Perkins, NE",2021,331291.0
31135,"Perkins, NE",2022,353551.0
31135,"Perkins, NE",2023,304658.0
31135,"Perkins, NE",2024,293233.0
31137,"Phelps, NE",2019,782261.0
31137,"Phelps, NE",2020,791728.0
31137,"Phelps, NE",2021,829241.0
31137,"Phelps, NE",2022,753752.0
31137,"Phelps, NE",2023,788566.0
31137,"Phelps, NE",2024,785727.0
31139,"Pierce, NE",2019,338997.0
31139,"Pierce, NE",2020,322675.0
31139,"Pierce, NE",2021,402457.0
31139,"Pierce, NE",2022,426186.0
31139,"Pierce, NE",2023,548010.0
31139,"Pierce, NE",2024,566332.0
31141,"Platte, NE",2019,2631968.0
31141,"Platte, NE",2020,2616216.0
31141,"Platte, NE",2021,2924736.0
31141,"Platte, NE",2022,2820513.0
31141,"Platte, NE",2023,2992564.0
31141,"Platte, NE",2024,2920870.0
31143,"Polk, NE",2019,272931.0
31143,"Polk, NE",2020,266568.0
31143,"Polk, NE",2021,315112.0
31143,"Polk, NE",2022,285568.0
31143,"Polk, NE",2023,311943.0
31143,"Polk, NE",2024,355802.0
31145,"Red Willow, NE",2019,515826.0
31145,"Red Willow, NE",2020,535252.0
31145,"Red Willow, NE",2021,555437.0
31145,"Red Willow, NE",2022,557349.0
31145,"Red Willow, NE",2023,594583.0
31145,"Red Willow, NE",2024,552270.0
31147,"Richardson, NE",2019,357754.0
31147,"Richardson, NE",2020,353832.0
31147,"Richardson, NE",2021,420009.0
31147,"Richardson, NE",2022,366402.0
31147,"Richardson, NE",2023,382732.0
31147,"Richardson, NE",2024,371981.0
31149,"Rock, NE",2019,86113.0
31149,"Rock, NE",2020,94377.0
31149,"Rock, NE",2021,83878.0
31149,"Rock, NE",2022,74750.0
31149,"Rock, NE",2023,91526.0
31149,"Rock, NE",2024,99010.0
31151,"Saline, NE",2019,1017431.0
31151,"Saline, NE",2020,999704.0
31151,"Saline, NE",2021,1048326.0
31151,"Saline, NE",2022,973452.0
31151,"Saline, NE",2023,1021955.0
31151,"Saline, NE",2024,1022202.0
31153,"Sarpy, NE",2019,8995632.0
31153,"Sarpy, NE",2020,9233990.0
31153,"Sarpy, NE",2021,9936450.0
31153,"Sarpy, NE",2022,9704285.0
31153,"Sarpy, NE",2023,10146929.0
31153,"Sarpy, NE",2024,10468075.0
31155,"Saunders, NE",2019,716242.0
31155,"Saunders, NE",2020,740758.0
31155,"Saunders, NE",2021,818415.0
31155,"Saunders, NE",2022,768257.0
31155,"Saunders, NE",2023,829846.0
31155,"Saunders, NE",2024,814141.0
31157,"Scotts Bluff, NE",2019,1725304.0
31157,"Scotts Bluff, NE",2020,1719882.0
31157,"Scotts Bluff, NE",2021,1721643.0
31157,"Scotts Bluff, NE",2022,1694937.0
31157,"Scotts Bluff, NE",2023,1770452.0
31157,"Scotts Bluff, NE",2024,1818233.0
31159,"Seward, NE",2019,741619.0
31159,"Seward, NE",2020,724114.0
31159,"Seward, NE",2021,781359.0
31159,"Seward, NE",2022,777312.0
31159,"Seward, NE",2023,795619.0
31159,"Seward, NE",2024,841627.0
31161,"Sheridan, NE",2019,274428.0
31161,"Sheridan, NE",2020,312168.0
31161,"Sheridan, NE",2021,340909.0
31161,"Sheridan, NE",2022,282479.0
31161,"Sheridan, NE",2023,311065.0
31161,"Sheridan, NE",2024,340209.0
31163,"Sherman, NE",2019,103825.0
31163,"Sherman, NE",2020,106340.0
31163,"Sherman, NE",2021,127652.0
31163,"Sherman, NE",2022,106675.0
31163,"Sherman, NE",2023,129628.0
31163,"Sherman, NE",2024,116081.0
31165,"Sioux, NE",2019,73309.0
31165,"Sioux, NE",2020,67758.0
31165,"Sioux, NE",2021,67293.0
31165,"Sioux, NE",2022,58379.0
31165,"Sioux, NE",2023,74855.0
31165,"Sioux, NE",2024,96933.0
31167,"Stanton, NE",2019,288070.0
31167,"Stanton, NE",2020,304335.0
31167,"Stanton, NE",2021,315849.0
31167,"Stanton, NE",2022,342515.0
31167,"Stanton, NE",2023,412544.0
31167,"Stanton, NE",2024,405338.0
31169,"Thayer, NE",2019,372304.0
31169,"Thayer, NE",2020,356044.0
31169,"Thayer, NE",2021,404553.0
31169,"Thayer, NE",2022,384321.0
31169,"Thayer, NE",2023,405822.0
31169,"Thayer, NE",2024,387858.0
31171,"Thomas, NE",2019,32931.0
31171,"Thomas, NE",2020,32968.0
31171,"Thomas, NE",2021,31159.0
31171,"Thomas, NE",2022,30883.0
31171,"Thomas, NE",2023,33279.0
31171,"Thomas, NE",2024,38698.0
31173,"Thurston, NE",2019,392559.0
31173,"Thurston, NE",2020,407252.0
31173,"Thurston, NE",2021,433728.0
31173,"Thurston, NE",2022,430406.0
31173,"Thurston, NE",2023,508530.0
31173,"Thurston, NE",2024,469450.0
31175,"Valley, NE",2019,299076.0
31175,"Valley, NE",2020,288820.0
31175,"Valley, NE",2021,292574.0
31175,"Valley, NE",2022,272747.0
31175,"Valley, NE",2023,299019.0
31175,"Valley, NE",2024,286432.0
31177,"Washington, NE",2019,1263847.0
31177,"Washington, NE",2020,1274101.0
31177,"Washington, NE",2021,1437017.0
31177,"Washington, NE",2022,1381125.0
31177,"Washington, NE",2023,1466197.0
31177,"Washington, NE",2024,1488411.0
31179,"Wayne, NE",2019,428452.0
31179,"Wayne, NE",2020,462199.0
31179,"Wayne, NE",2021,518920.0
31179,"Wayne, NE",2022,584462.0
31179,"Wayne, NE",2023,662954.0
31179,"Wayne, NE",2024,624883.0
31181,"Webster, NE",2019,214976.0
31181,"Webster, NE",2020,212112.0
31181,"Webster, NE",2021,244352.0
31181,"Webster, NE",2022,258688.0
31181,"Webster, NE",2023,322904.0
31181,"Webster, NE",2024,278916.0
31183,"Wheeler, NE",2019,107420.0
31183,"Wheeler, NE",2020,78484.0
31183,"Wheeler, NE",2021,75536.0
31183,"Wheeler, NE",2022,55342.0
31183,"Wheeler, NE",2023,81457.0
31183,"Wheeler, NE",2024,72363.0
31185,"York, NE",2019,829244.0
31185,"York, NE",2020,843819.0
31185,"York, NE",2021,929777.0
31185,"York, NE",2022,928894.0
31185,"York, NE",2023,972471.0
31185,"York, NE",2024,929392.0
32001,"Churchill, NV",2019,1132127.0
32001,"Churchill, NV",2020,1156635.0
32001,"Churchill, NV",2021,1210829.0
32001,"Churchill, NV",2022,1192441.0
32001,"Churchill, NV",2023,1271816.0
32001,"Churchill, NV",2024,1242460.0
32003,"Clark, NV",2019,128195333.0
32003,"Clark, NV",2020,117227827.0
32003,"Clark, NV",2021,130270354.0
32003,"Clark, NV",2022,141930944.0
32003,"Clark, NV",2023,147606306.0
32003,"Clark, NV",2024,152128224.0
32005,"Douglas, NV",2019,2556308.0
32005,"Douglas, NV",2020,2498945.0
32005,"Douglas, NV",2021,2873955.0
32005,"Douglas, NV",2022,2823885.0
32005,"Douglas, NV",2023,2937527.0
32005,"Douglas, NV",2024,3112053.0
32007,"Elko, NV",2019,2723639.0
32007,"Elko, NV",2020,2767238.0
32007,"Elko, NV",2021,2844851.0
32007,"Elko, NV",2022,2761809.0
32007,"Elko, NV",2023,2753700.0
32007,"Elko, NV",2024,3025972.0
32009,"Esmeralda, NV",2019,36847.0
32009,"Esmeralda, NV",2020,38552.0
32009,"Esmeralda, NV",2021,43648.0
32009,"Esmeralda, NV",2022,37652.0
32009,"Esmeralda, NV",2023,43924.0
32009,"Esmeralda, NV",2024,32472.0
32011,"Eureka, NV",2019,1235157.0
32011,"Eureka, NV",2020,1503365.0
32011,"Eureka, NV",2021,1348673.0
32011,"Eureka, NV",2022,1094315.0
32011,"Eureka, NV",2023,1054758.0
32011,"Eureka, NV",2024,844798.0
32013,"Humboldt, NV",2019,1254510.0
32013,"Humboldt, NV",2020,1415182.0
32013,"Humboldt, NV",2021,1401867.0
32013,"Humboldt, NV",2022,1267411.0
32013,"Humboldt, NV",2023,1296605.0
32013,"Humboldt, NV",2024,1328417.0
32015,"Lander, NV",2019,768470.0
32015,"Lander, NV",2020,861271.0
32015,"Lander, NV",2021,843944.0
32015,"Lander, NV",2022,740498.0
32015,"Lander, NV",2023,752354.0
32015,"Lander, NV",2024,610699.0
32017,"Lincoln, NV",2019,164044.0
32017,"Lincoln, NV",2020,162491.0
32017,"Lincoln, NV",2021,172124.0
32017,"Lincoln, NV",2022,163718.0
32017,"Lincoln, NV",2023,166207.0
32017,"Lincoln, NV",2024,196520.0
32019,"Lyon, NV",2019,1600736.0
32019,"Lyon, NV",2020,1568739.0
32019,"Lyon, NV",2021,1708117.0
32019,"Lyon, NV",2022,1784005.0
32019,"Lyon, NV",2023,1807733.0
32019,"Lyon, NV",2024,1761010.0
32021,"Mineral, NV",2019,221529.0
32021,"Mineral, NV",2020,226535.0
32021,"Mineral, NV",2021,237352.0
32021,"Mineral, NV",2022,213424.0
32021,"Mineral, NV",2023,201598.0
32021,"Mineral, NV",2024,179568.0
32023,"Nye, NV",2019,1672114.0
32023,"Nye, NV",2020,1772019.0
32023,"Nye, NV",2021,1823880.0
32023,"Nye, NV",2022,1807204.0
32023,"Nye, NV",2023,1928191.0
32023,"Nye, NV",2024,2029210.0
32027,"Pershing, NV",2019,274841.0
32027,"Pershing, NV",2020,349813.0
32027,"Pershing, NV",2021,366683.0
32027,"Pershing, NV",2022,304900.0
32027,"Pershing, NV",2023,309829.0
32027,"Pershing, NV",2024,401299.0
32029,"Storey, NV",2019,1799561.0
32029,"Storey, NV",2020,2062888.0
32029,"Storey, NV",2021,2277769.0
32029,"Storey, NV",2022,2066617.0
32029,"Storey, NV",2023,1844205.0
32029,"Storey, NV",2024,1904842.0
32031,"Washoe, NV",2019,28086497.0
32031,"Washoe, NV",2020,28057818.0
32031,"Washoe, NV",2021,30889417.0
32031,"Washoe, NV",2022,32075140.0
32031,"Washoe, NV",2023,32893393.0
32031,"Washoe, NV",2024,33777549.0
32033,"White Pine, NV",2019,614994.0
32033,"White Pine, NV",2020,735706.0
32033,"White Pine, NV",2021,709085.0
32033,"White Pine, NV",2022,620646.0
32033,"White Pine, NV",2023,621548.0
32033,"White Pine, NV",2024,918978.0
32510,"Carson City (Independent City), NV",2019,3698674.0
32510,"Carson City (Independent City), NV",2020,3518554.0
32510,"Carson City (Independent City), NV",2021,3628299.0
32510,"Carson City (Independent City), NV",2022,3779886.0
32510,"Carson City (Independent City), NV",2023,3936044.0
32510,"Carson City (Independent City), NV",2024,4161999.0
33001,"Belknap, NH",2019,2891363.0
33001,"Belknap, NH",2020,2897524.0
33001,"Belknap, NH",2021,3031428.0
33001,"Belknap, NH",2022,2997754.0
33001,"Belknap, NH",2023,3171197.0
33001,"Belknap, NH",2024,3313957.0
33003,"Carroll, NH",2019,2267326.0
33003,"Carroll, NH",2020,2302680.0
33003,"Carroll, NH",2021,2328059.0
33003,"Carroll, NH",2022,2410576.0
33003,"Carroll, NH",2023,2575127.0
33003,"Carroll, NH",2024,2624043.0
33005,"Cheshire, NH",2019,3919873.0
33005,"Cheshire, NH",2020,3865880.0
33005,"Cheshire, NH",2021,4118019.0
33005,"Cheshire, NH",2022,4034218.0
33005,"Cheshire, NH",2023,3988168.0
33005,"Cheshire, NH",2024,4056687.0
33007,"Coos, NH",2019,1252973.0
33007,"Coos, NH",2020,1247255.0
33007,"Coos, NH",2021,1291493.0
33007,"Coos, NH",2022,1324959.0
33007,"Coos, NH",2023,1405913.0
33007,"Coos, NH",2024,1404401.0
33009,"Grafton, NH",2019,6791345.0
33009,"Grafton, NH",2020,6799038.0
33009,"Grafton, NH",2021,7267853.0
33009,"Grafton, NH",2022,7448387.0
33009,"Grafton, NH",2023,7816913.0
33009,"Grafton, NH",2024,7900309.0
33011,"Hillsborough, NH",2019,27240319.0
33011,"Hillsborough, NH",2020,27265205.0
33011,"Hillsborough, NH",2021,29717098.0
33011,"Hillsborough, NH",2022,30066116.0
33011,"Hillsborough, NH",2023,30679709.0
33011,"Hillsborough, NH",2024,30826638.0
33013,"Merrimack, NH",2019,9999525.0
33013,"Merrimack, NH",2020,9610420.0
33013,"Merrimack, NH",2021,9897389.0
33013,"Merrimack, NH",2022,10249922.0
33013,"Merrimack, NH",2023,10404906.0
33013,"Merrimack, NH",2024,10732797.0
33015,"Rockingham, NH",2019,22388417.0
33015,"Rockingham, NH",2020,22253574.0
33015,"Rockingham, NH",2021,24826092.0
33015,"Rockingham, NH",2022,25220807.0
33015,"Rockingham, NH",2023,25372326.0
33015,"Rockingham, NH",2024,25954423.0
33017,"Strafford, NH",2019,6094618.0
33017,"Strafford, NH",2020,5846047.0
33017,"Strafford, NH",2021,6196506.0
33017,"Strafford, NH",2022,6382834.0
33017,"Strafford, NH",2023,6607587.0
33017,"Strafford, NH",2024,6461716.0
33019,"Sullivan, NH",2019,1595648.0
33019,"Sullivan, NH",2020,1600019.0
33019,"Sullivan, NH",2021,1639999.0
33019,"Sullivan, NH",2022,1584966.0
33019,"Sullivan, NH",2023,1639887.0
33019,"Sullivan, NH",2024,1651624.0
34001,"Atlantic, NJ",2019,13827163.0
34001,"Atlantic, NJ",2020,13043721.0
34001,"Atlantic, NJ",2021,14139857.0
34001,"Atlantic, NJ",2022,14578670.0
34001,"Atlantic, NJ",2023,14864976.0
34001,"Atlantic, NJ",2024,15115117.0
34003,"Bergen, NJ",2019,79978805.0
34003,"Bergen, NJ",2020,76974370.0
34003,"Bergen, NJ",2021,80561829.0
34003,"Bergen, NJ",2022,81366109.0
34003,"Bergen, NJ",2023,82834621.0
34003,"Bergen, NJ",2024,83504631.0
34005,"Burlington, NJ",2019,28519577.0
34005,"Burlington, NJ",2020,28542034.0
34005,"Burlington, NJ",2021,30260851.0
34005,"Burlington, NJ",2022,30915417.0
34005,"Burlington, NJ",2023,31767399.0
34005,"Burlington, NJ",2024,32395824.0
34007,"Camden, NJ",2019,25509575.0
34007,"Camden, NJ",2020,24269135.0
34007,"Camden, NJ",2021,25679614.0
34007,"Camden, NJ",2022,26094892.0
34007,"Camden, NJ",2023,26508606.0
34007,"Camden, NJ",2024,27237865.0
34009,"Cape May, NJ",2019,5361217.0
34009,"Cape May, NJ",2020,5260105.0
34009,"Cape May, NJ",2021,5633895.0
34009,"Cape May, NJ",2022,5880196.0
34009,"Cape May, NJ",2023,5852089.0
34009,"Cape May, NJ",2024,5971611.0
34011,"Cumberland, NJ",2019,6459887.0
34011,"Cumberland, NJ",2020,6213283.0
34011,"Cumberland, NJ",2021,6497471.0
34011,"Cumberland, NJ",2022,6385117.0
34011,"Cumberland, NJ",2023,6359739.0
34011,"Cumberland, NJ",2024,6496332.0
34013,"Essex, NJ",2019,55901092.0
34013,"Essex, NJ",2020,51429565.0
34013,"Essex, NJ",2021,54736014.0
34013,"Essex, NJ",2022,57577967.0
34013,"Essex, NJ",2023,59179931.0
34013,"Essex, NJ",2024,60969249.0
34015,"Gloucester, NJ",2019,15120630.0
34015,"Gloucester, NJ",2020,13895887.0
34015,"Gloucester, NJ",2021,14327574.0
34015,"Gloucester, NJ",2022,13994075.0
34015,"Gloucester, NJ",2023,14213721.0
34015,"Gloucester, NJ",2024,14722428.0
34017,"Hudson, NJ",2019,47981972.0
34017,"Hudson, NJ",2020,45489784.0
34017,"Hudson, NJ",2021,48382285.0
34017,"Hudson, NJ",2022,50128046.0
34017,"Hudson, NJ",2023,51571245.0
34017,"Hudson, NJ",2024,52089910.0
34019,"Hunterdon, NJ",2019,7717710.0
34019,"Hunterdon, NJ",2020,7351621.0
34019,"Hunterdon, NJ",2021,7610139.0
34019,"Hunterdon, NJ",2022,7642244.0
34019,"Hunterdon, NJ",2023,7675106.0
34019,"Hunterdon, NJ",2024,7859018.0
34021,"Mercer, NJ",2019,37234433.0
34021,"Mercer, NJ",2020,38115438.0
34021,"Mercer, NJ",2021,41030313.0
34021,"Mercer, NJ",2022,44109154.0
34021,"Mercer, NJ",2023,45602548.0
34021,"Mercer, NJ",2024,46589728.0
34023,"Middlesex, NJ",2019,63420985.0
34023,"Middlesex, NJ",2020,62033256.0
34023,"Middlesex, NJ",2021,66582479.0
34023,"Middlesex, NJ",2022,67894871.0
34023,"Middlesex, NJ",2023,68879118.0
34023,"Middlesex, NJ",2024,70024451.0
34025,"Monmouth, NJ",2019,37181647.0
34025,"Monmouth, NJ",2020,36425215.0
34025,"Monmouth, NJ",2021,39066762.0
34025,"Monmouth, NJ",2022,40274166.0
34025,"Monmouth, NJ",2023,41039946.0
34025,"Monmouth, NJ",2024,41972064.0
34027,"Morris, NJ",2019,56014160.0
34027,"Morris, NJ",2020,54952764.0
34027,"Morris, NJ",2021,57972220.0
34027,"Morris, NJ",2022,59692788.0
34027,"Morris, NJ",2023,59972859.0
34027,"Morris, NJ",2024,60717582.0
34029,"Ocean, NJ",2019,22246708.0
34029,"Ocean, NJ",2020,22240721.0
34029,"Ocean, NJ",2021,23167117.0
34029,"Ocean, NJ",2022,23395350.0
34029,"Ocean, NJ",2023,24224883.0
34029,"Ocean, NJ",2024,24596867.0
34031,"Passaic, NJ",2019,22284000.0
34031,"Passaic, NJ",2020,20573748.0
34031,"Passaic, NJ",2021,21763958.0
34031,"Passaic, NJ",2022,21623631.0
34031,"Passaic, NJ",2023,22146476.0
34031,"Passaic, NJ",2024,22769061.0
34033,"Salem, NJ",2019,5093665.0
34033,"Salem, NJ",2020,5474982.0
34033,"Salem, NJ",2021,5438678.0
34033,"Salem, NJ",2022,5176909.0
34033,"Salem, NJ",2023,5420119.0
34033,"Salem, NJ",2024,5665107.0
34035,"Somerset, NJ",2019,40801564.0
34035,"Somerset, NJ",2020,40251570.0
34035,"Somerset, NJ",2021,41762745.0
34035,"Somerset, NJ",2022,43615647.0
34035,"Somerset, NJ",2023,44370672.0
34035,"Somerset, NJ",2024,45797704.0
34037,"Sussex, NJ",2019,5127882.0
34037,"Sussex, NJ",2020,4858062.0
34037,"Sussex, NJ",2021,5086363.0
34037,"Sussex, NJ",2022,5246607.0
34037,"Sussex, NJ",2023,5180712.0
34037,"Sussex, NJ",2024,5258445.0
34039,"Union, NJ",2019,38735623.0
34039,"Union, NJ",2020,37208331.0
34039,"Union, NJ",2021,37439339.0
34039,"Union, NJ",2022,38813316.0
34039,"Union, NJ",2023,40142923.0
34039,"Union, NJ",2024,41396980.0
34041,"Warren, NJ",2019,4166658.0
34041,"Warren, NJ",2020,3879833.0
34041,"Warren, NJ",2021,4026520.0
34041,"Warren, NJ",2022,4260186.0
34041,"Warren, NJ",2023,4633046.0
34041,"Warren, NJ",2024,4872358.0
35001,"Bernalillo, NM",2019,38145851.0
35001,"Bernalillo, NM",2020,37710833.0
35001,"Bernalillo, NM",2021,39762739.0
35001,"Bernalillo, NM",2022,41302177.0
35001,"Bernalillo, NM",2023,42584209.0
35001,"Bernalillo, NM",2024,43535686.0
35003,"Catron, NM",2019,81271.0
35003,"Catron, NM",2020,91082.0
35003,"Catron, NM",2021,92242.0
35003,"Catron, NM",2022,110223.0
35003,"Catron, NM",2023,111443.0
35003,"Catron, NM",2024,112712.0
35005,"Chaves, NM",2019,2108328.0
35005,"Chaves, NM",2020,2076719.0
35005,"Chaves, NM",2021,2049481.0
35005,"Chaves, NM",2022,2113128.0
35005,"Chaves, NM",2023,2128353.0
35005,"Chaves, NM",2024,2241622.0
35006,"Cibola, NM",2019,626267.0
35006,"Cibola, NM",2020,638844.0
35006,"Cibola, NM",2021,607137.0
35006,"Cibola, NM",2022,599992.0
35006,"Cibola, NM",2023,634495.0
35006,"Cibola, NM",2024,671301.0
35007,"Colfax, NM",2019,442440.0
35007,"Colfax, NM",2020,441728.0
35007,"Colfax, NM",2021,448854.0
35007,"Colfax, NM",2022,444010.0
35007,"Colfax, NM",2023,474483.0
35007,"Colfax, NM",2024,475977.0
35009,"Curry, NM",2019,3096821.0
35009,"Curry, NM",2020,3139487.0
35009,"Curry, NM",2021,3118774.0
35009,"Curry, NM",2022,3258343.0
35009,"Curry, NM",2023,3308899.0
35009,"Curry, NM",2024,3355148.0
35011,"De Baca, NM",2019,77336.0
35011,"De Baca, NM",2020,79577.0
35011,"De Baca, NM",2021,76105.0
35011,"De Baca, NM",2022,71320.0
35011,"De Baca, NM",2023,87533.0
35011,"De Baca, NM",2024,84507.0
35013,"Doña Ana, NM",2019,7736864.0
35013,"Doña Ana, NM",2020,7489115.0
35013,"Doña Ana, NM",2021,8023171.0
35013,"Doña Ana, NM",2022,8190741.0
35013,"Doña Ana, NM",2023,8681273.0
35013,"Doña Ana, NM",2024,8900673.0
35015,"Eddy, NM",2019,7331074.0
35015,"Eddy, NM",2020,6951518.0
35015,"Eddy, NM",2021,6608414.0
35015,"Eddy, NM",2022,6495257.0
35015,"Eddy, NM",2023,8710992.0
35015,"Eddy, NM",2024,9816999.0
35017,"Grant, NM",2019,1096801.0
35017,"Grant, NM",2020,1000405.0
35017,"Grant, NM",2021,1139503.0
35017,"Grant, NM",2022,1133173.0
35017,"Grant, NM",2023,1140920.0
35017,"Grant, NM",2024,1015892.0
35019,"Guadalupe, NM",2019,149316.0
35019,"Guadalupe, NM",2020,148381.0
35019,"Guadalupe, NM",2021,161946.0
35019,"Guadalupe, NM",2022,176334.0
35019,"Guadalupe, NM",2023,212413.0
35019,"Guadalupe, NM",2024,216068.0
35021,"Harding, NM",2019,39215.0
35021,"Harding, NM",2020,46365.0
35021,"Harding, NM",2021,43112.0
35021,"Harding, NM",2022,42887.0
35021,"Harding, NM",2023,41175.0
35021,"Harding, NM",2024,36926.0
35023,"Hidalgo, NM",2019,209710.0
35023,"Hidalgo, NM",2020,201542.0
35023,"Hidalgo, NM",2021,201800.0
35023,"Hidalgo, NM",2022,187528.0
35023,"Hidalgo, NM",2023,210562.0
35023,"Hidalgo, NM",2024,198666.0
35025,"Lea, NM",2019,6747017.0
35025,"Lea, NM",2020,6363203.0
35025,"Lea, NM",2021,6316748.0
35025,"Lea, NM",2022,6543071.0
35025,"Lea, NM",2023,9594408.0
35025,"Lea, NM",2024,11439564.0
35027,"Lincoln, NM",2019,661413.0
35027,"Lincoln, NM",2020,685344.0
35027,"Lincoln, NM",2021,643560.0
35027,"Lincoln, NM",2022,653815.0
35027,"Lincoln, NM",2023,727006.0
35027,"Lincoln, NM",2024,685847.0
35028,"Los Alamos, NM",2019,2295378.0
35028,"Los Alamos, NM",2020,2384457.0
35028,"Los Alamos, NM",2021,2534601.0
35028,"Los Alamos, NM",2022,2764630.0
35028,"Los Alamos, NM",2023,3117381.0
35028,"Los Alamos, NM",2024,3273176.0
35029,"Luna, NM",2019,845478.0
35029,"Luna, NM",2020,860097.0
35029,"Luna, NM",2021,864069.0
35029,"Luna, NM",2022,871130.0
35029,"Luna, NM",2023,937998.0
35029,"Luna, NM",2024,957125.0
35031,"McKinley, NM",2019,2571211.0
35031,"McKinley, NM",2020,2477107.0
35031,"McKinley, NM",2021,2288382.0
35031,"McKinley, NM",2022,2208933.0
35031,"McKinley, NM",2023,2315316.0
35031,"McKinley, NM",2024,2229863.0
35033,"Mora, NM",2019,105825.0
35033,"Mora, NM",2020,101778.0
35033,"Mora, NM",2021,106058.0
35033,"Mora, NM",2022,97329.0
35033,"Mora, NM",2023,118048.0
35033,"Mora, NM",2024,126704.0
35035,"Otero, NM",2019,2725385.0
35035,"Otero, NM",2020,2797147.0
35035,"Otero, NM",2021,2870723.0
35035,"Otero, NM",2022,2924740.0
35035,"Otero, NM",2023,2977909.0
35035,"Otero, NM",2024,2963903.0
35037,"Quay, NM",2019,296052.0
35037,"Quay, NM",2020,287741.0
35037,"Quay, NM",2021,290897.0
35037,"Quay, NM",2022,302299.0
35037,"Quay, NM",2023,298827.0
35037,"Quay, NM",2024,266508.0
35039,"Rio Arriba, NM",2019,1066382.0
35039,"Rio Arriba, NM",2020,1012419.0
35039,"Rio Arriba, NM",2021,1033150.0
35039,"Rio Arriba, NM",2022,1015039.0
35039,"Rio Arriba, NM",2023,1092988.0
35039,"Rio Arriba, NM",2024,1079901.0
35041,"Roosevelt, NM",2019,673973.0
35041,"Roosevelt, NM",2020,647563.0
35041,"Roosevelt, NM",2021,668493.0
35041,"Roosevelt, NM",2022,735918.0
35041,"Roosevelt, NM",2023,705114.0
35041,"Roosevelt, NM",2024,738494.0
35043,"Sandoval, NM",2019,3817076.0
35043,"Sandoval, NM",2020,3725341.0
35043,"Sandoval, NM",2021,3923058.0
35043,"Sandoval, NM",2022,4156120.0
35043,"Sandoval, NM",2023,4383647.0
35043,"Sandoval, NM",2024,4835066.0
35045,"San Juan, NM",2019,5616181.0
35045,"San Juan, NM",2020,5255546.0
35045,"San Juan, NM",2021,5274995.0
35045,"San Juan, NM",2022,5287672.0
35045,"San Juan, NM",2023,5528384.0
35045,"San Juan, NM",2024,5511398.0
35047,"San Miguel, NM",2019,680626.0
35047,"San Miguel, NM",2020,628237.0
35047,"San Miguel, NM",2021,661364.0
35047,"San Miguel, NM",2022,663540.0
35047,"San Miguel, NM",2023,742566.0
35047,"San Miguel, NM",2024,783248.0
35049,"Santa Fe, NM",2019,7125371.0
35049,"Santa Fe, NM",2020,6734657.0
35049,"Santa Fe, NM",2021,7382506.0
35049,"Santa Fe, NM",2022,7470557.0
35049,"Santa Fe, NM",2023,7621810.0
35049,"Santa Fe, NM",2024,7873444.0
35051,"Sierra, NM",2019,293269.0
35051,"Sierra, NM",2020,307995.0
35051,"Sierra, NM",2021,316594.0
35051,"Sierra, NM",2022,312884.0
35051,"Sierra, NM",2023,317222.0
35051,"Sierra, NM",2024,325248.0
35053,"Socorro, NM",2019,494589.0
35053,"Socorro, NM",2020,481354.0
35053,"Socorro, NM",2021,485787.0
35053,"Socorro, NM",2022,505330.0
35053,"Socorro, NM",2023,522906.0
35053,"Socorro, NM",2024,521775.0
35055,"Taos, NM",2019,1007956.0
35055,"Taos, NM",2020,927619.0
35055,"Taos, NM",2021,1024717.0
35055,"Taos, NM",2022,1065547.0
35055,"Taos, NM",2023,1130558.0
35055,"Taos, NM",2024,1171147.0
35057,"Torrance, NM",2019,396079.0
35057,"Torrance, NM",2020,427150.0
35057,"Torrance, NM",2021,500245.0
35057,"Torrance, NM",2022,565283.0
35057,"Torrance, NM",2023,634122.0
35057,"Torrance, NM",2024,683132.0
35059,"Union, NM",2019,157903.0
35059,"Union, NM",2020,162454.0
35059,"Union, NM",2021,160686.0
35059,"Union, NM",2022,160123.0
35059,"Union, NM",2023,137109.0
35059,"Union, NM",2024,137032.0
35061,"Valencia, NM",2019,1562223.0
35061,"Valencia, NM",2020,1589034.0
35061,"Valencia, NM",2021,1650198.0
35061,"Valencia, NM",2022,1700028.0
35061,"Valencia, NM",2023,1758046.0
35061,"Valencia, NM",2024,1844320.0
36001,"Albany, NY",2019,32919078.0
36001,"Albany, NY",2020,32615216.0
36001,"Albany, NY",2021,35064687.0
36001,"Albany, NY",2022,35391018.0
36001,"Albany, NY",2023,36178286.0
36001,"Albany, NY",2024,36723564.0
36003,"Allegany, NY",2019,1708216.0
36003,"Allegany, NY",2020,1514422.0
36003,"Allegany, NY",2021,1473140.0
36003,"Allegany, NY",2022,1430211.0
36003,"Allegany, NY",2023,1440932.0
36003,"Allegany, NY",2024,1526380.0
36005,"Bronx, NY",2019,44823621.0
36005,"Bronx, NY",2020,43053702.0
36005,"Bronx, NY",2021,43531996.0
36005,"Bronx, NY",2022,43713280.0
36005,"Bronx, NY",2023,44387915.0
36005,"Bronx, NY",2024,45350508.0
36007,"Broome, NY",2019,9144907.0
36007,"Broome, NY",2020,8822496.0
36007,"Broome, NY",2021,9121031.0
36007,"Broome, NY",2022,9043815.0
36007,"Broome, NY",2023,9224750.0
36007,"Broome, NY",2024,9514748.0
36009,"Cattaraugus, NY",2019,2893957.0
36009,"Cattaraugus, NY",2020,2688890.0
36009,"Cattaraugus, NY",2021,2791441.0
36009,"Cattaraugus, NY",2022,2821143.0
36009,"Cattaraugus, NY",2023,2921321.0
36009,"Cattaraugus, NY",2024,2990123.0
36011,"Cayuga, NY",2019,2883105.0
36011,"Cayuga, NY",2020,2883655.0
36011,"Cayuga, NY",2021,2961969.0
36011,"Cayuga, NY",2022,3034390.0
36011,"Cayuga, NY",2023,3024288.0
36011,"Cayuga, NY",2024,3129766.0
36013,"Chautauqua, NY",2019,4802381.0
36013,"Chautauqua, NY",2020,4443060.0
36013,"Chautauqua, NY",2021,4593507.0
36013,"Chautauqua, NY",2022,4707912.0
36013,"Chautauqua, NY",2023,4635834.0
36013,"Chautauqua, NY",2024,4849681.0
36015,"Chemung, NY",2019,3715758.0
36015,"Chemung, NY",2020,3547412.0
36015,"Chemung, NY",2021,3665392.0
36015,"Chemung, NY",2022,3652283.0
36015,"Chemung, NY",2023,3605454.0
36015,"Chemung, NY",2024,3687874.0
36017,"Chenango, NY",2019,2313663.0
36017,"Chenango, NY",2020,2180689.0
36017,"Chenango, NY",2021,2144033.0
36017,"Chenango, NY",2022,2267131.0
36017,"Chenango, NY",2023,2299310.0
36017,"Chenango, NY",2024,2418774.0
36019,"Clinton, NY",2019,3672522.0
36019,"Clinton, NY",2020,3538404.0
36019,"Clinton, NY",2021,3590733.0
36019,"Clinton, NY",2022,3644343.0
36019,"Clinton, NY",2023,3704945.0
36019,"Clinton, NY",2024,3779778.0
36021,"Columbia, NY",2019,2482005.0
36021,"Columbia, NY",2020,2527388.0
36021,"Columbia, NY",2021,2679308.0
36021,"Columbia, NY",2022,2649217.0
36021,"Columbia, NY",2023,2642234.0
36021,"Columbia, NY",2024,2640476.0
36023,"Cortland, NY",2019,1772504.0
36023,"Cortland, NY",2020,1753037.0
36023,"Cortland, NY",2021,1772552.0
36023,"Cortland, NY",2022,1782287.0
36023,"Cortland, NY",2023,1771137.0
36023,"Cortland, NY",2024,1789191.0
36025,"Delaware, NY",2019,2069113.0
36025,"Delaware, NY",2020,2012410.0
36025,"Delaware, NY",2021,2213129.0
36025,"Delaware, NY",2022,2332083.0
36025,"Delaware, NY",2023,2352166.0
36025,"Delaware, NY",2024,2493037.0
36027,"Dutchess, NY",2019,14296118.0
36027,"Dutchess, NY",2020,13769280.0
36027,"Dutchess, NY",2021,14742779.0
36027,"Dutchess, NY",2022,15137772.0
36027,"Dutchess, NY",2023,15309329.0
36027,"Dutchess, NY",2024,15975373.0
36029,"Erie, NY",2019,58581787.0
36029,"Erie, NY",2020,57875122.0
36029,"Erie, NY",2021,60516986.0
36029,"Erie, NY",2022,61413166.0
36029,"Erie, NY",2023,62576884.0
36029,"Erie, NY",2024,63227371.0
36031,"Essex, NY",2019,1621323.0
36031,"Essex, NY",2020,1596977.0
36031,"Essex, NY",2021,1702064.0
36031,"Essex, NY",2022,1680386.0
36031,"Essex, NY",2023,1701203.0
36031,"Essex, NY",2024,1787554.0
36033,"Franklin, NY",2019,1920211.0
36033,"Franklin, NY",2020,1857624.0
36033,"Franklin, NY",2021,1934309.0
36033,"Franklin, NY",2022,2013244.0
36033,"Franklin, NY",2023,2050491.0
36033,"Franklin, NY",2024,2118625.0
36035,"Fulton, NY",2019,1888385.0
36035,"Fulton, NY",2020,1843272.0
36035,"Fulton, NY",2021,1834074.0
36035,"Fulton, NY",2022,1856225.0
36035,"Fulton, NY",2023,1852483.0
36035,"Fulton, NY",2024,1879185.0
36037,"Genesee, NY",2019,2456671.0
36037,"Genesee, NY",2020,2356544.0
36037,"Genesee, NY",2021,2403311.0
36037,"Genesee, NY",2022,2493591.0
36037,"Genesee, NY",2023,2573855.0
36037,"Genesee, NY",2024,2654510.0
36039,"Greene, NY",2019,2285352.0
36039,"Greene, NY",2020,2330755.0
36039,"Greene, NY",2021,2464553.0
36039,"Greene, NY",2022,2747974.0
36039,"Greene, NY",2023,2488960.0
36039,"Greene, NY",2024,2804271.0
36041,"Hamilton, NY",2019,228535.0
36041,"Hamilton, NY",2020,231682.0
36041,"Hamilton, NY",2021,229207.0
36041,"Hamilton, NY",2022,229884.0
36041,"Hamilton, NY",2023,234530.0
36041,"Hamilton, NY",2024,229340.0
36043,"Herkimer, NY",2019,1810081.0
36043,"Herkimer, NY",2020,1794942.0
36043,"Herkimer, NY",2021,1774303.0
36043,"Herkimer, NY",2022,1726356.0
36043,"Herkimer, NY",2023,1744155.0
36043,"Herkimer, NY",2024,1782339.0
36045,"Jefferson, NY",2019,6351089.0
36045,"Jefferson, NY",2020,6210282.0
36045,"Jefferson, NY",2021,6406723.0
36045,"Jefferson, NY",2022,6432449.0
36045,"Jefferson, NY",2023,6397925.0
36045,"Jefferson, NY",2024,6422740.0
36047,"Kings, NY",2019,103398216.0
36047,"Kings, NY",2020,100594413.0
36047,"Kings, NY",2021,103819211.0
36047,"Kings, NY",2022,107207826.0
36047,"Kings, NY",2023,111220618.0
36047,"Kings, NY",2024,114696036.0
36049,"Lewis, NY",2019,1099815.0
36049,"Lewis, NY",2020,1064643.0
36049,"Lewis, NY",2021,1114573.0
36049,"Lewis, NY",2022,1198756.0
36049,"Lewis, NY",2023,1213218.0
36049,"Lewis, NY",2024,1302122.0
36051,"Livingston, NY",2019,2225617.0
36051,"Livingston, NY",2020,2086680.0
36051,"Livingston, NY",2021,2151994.0
36051,"Livingston, NY",2022,2235630.0
36051,"Livingston, NY",2023,2218030.0
36051,"Livingston, NY",2024,2359491.0
36053,"Madison, NY",2019,2331000.0
36053,"Madison, NY",2020,2260449.0
36053,"Madison, NY",2021,2274729.0
36053,"Madison, NY",2022,2385579.0
36053,"Madison, NY",2023,2377875.0
36053,"Madison, NY",2024,2400880.0
36055,"Monroe, NY",2019,48018639.0
36055,"Monroe, NY",2020,46954464.0
36055,"Monroe, NY",2021,49479424.0
36055,"Monroe, NY",2022,49712510.0
36055,"Monroe, NY",2023,50217427.0
36055,"Monroe, NY",2024,51582543.0
36057,"Montgomery, NY",2019,1940984.0
36057,"Montgomery, NY",2020,1868484.0
36057,"Montgomery, NY",2021,1905546.0
36057,"Montgomery, NY",2022,1971714.0
36057,"Montgomery, NY",2023,1939947.0
36057,"Montgomery, NY",2024,2014941.0
36059,"Nassau, NY",2019,100889722.0
36059,"Nassau, NY",2020,98940960.0
36059,"Nassau, NY",2021,101967831.0
36059,"Nassau, NY",2022,101670822.0
36059,"Nassau, NY",2023,100602320.0
36059,"Nassau, NY",2024,100702886.0
36061,"New York, NY",2019,743712080.0
36061,"New York, NY",2020,728710703.0
36061,"New York, NY",2021,777436872.0
36061,"New York, NY",2022,795085382.0
36061,"New York, NY",2023,790661409.0
36061,"New York, NY",2024,813692135.0
36063,"Niagara, NY",2019,9916960.0
36063,"Niagara, NY",2020,9772574.0
36063,"Niagara, NY",2021,9863186.0
36063,"Niagara, NY",2022,9993442.0
36063,"Niagara, NY",2023,10231398.0
36063,"Niagara, NY",2024,10529258.0
36065,"Oneida, NY",2019,11071083.0
36065,"Oneida, NY",2020,10984963.0
36065,"Oneida, NY",2021,11116294.0
36065,"Oneida, NY",2022,11290714.0
36065,"Oneida, NY",2023,11376359.0
36065,"Oneida, NY",2024,11610804.0
36067,"Onondaga, NY",2019,31732585.0
36067,"Onondaga, NY",2020,31324226.0
36067,"Onondaga, NY",2021,32243962.0
36067,"Onondaga, NY",2022,32276366.0
36067,"Onondaga, NY",2023,32158139.0
36067,"Onondaga, NY",2024,33314361.0
36069,"Ontario, NY",2019,6364361.0
36069,"Ontario, NY",2020,6229898.0
36069,"Ontario, NY",2021,6515664.0
36069,"Ontario, NY",2022,6482241.0
36069,"Ontario, NY",2023,6596850.0
36069,"Ontario, NY",2024,6879195.0
36071,"Orange, NY",2019,19708182.0
36071,"Orange, NY",2020,19731336.0
36071,"Orange, NY",2021,20327994.0
36071,"Orange, NY",2022,20508668.0
36071,"Orange, NY",2023,20879694.0
36071,"Orange, NY",2024,21475920.0
36073,"Orleans, NY",2019,1370409.0
36073,"Orleans, NY",2020,1375231.0
36073,"Orleans, NY",2021,1447993.0
36073,"Orleans, NY",2022,1414413.0
36073,"Orleans, NY",2023,1441723.0
36073,"Orleans, NY",2024,1457001.0
36075,"Oswego, NY",2019,6760163.0
36075,"Oswego, NY",2020,6730046.0
36075,"Oswego, NY",2021,6839370.0
36075,"Oswego, NY",2022,6646106.0
36075,"Oswego, NY",2023,6943610.0
36075,"Oswego, NY",2024,7214978.0
36077,"Otsego, NY",2019,2675228.0
36077,"Otsego, NY",2020,2617924.0
36077,"Otsego, NY",2021,2650311.0
36077,"Otsego, NY",2022,2640189.0
36077,"Otsego, NY",2023,2655421.0
36077,"Otsego, NY",2024,2745800.0
36079,"Putnam, NY",2019,3903616.0
36079,"Putnam, NY",2020,3734117.0
36079,"Putnam, NY",2021,3955845.0
36079,"Putnam, NY",2022,3952496.0
36079,"Putnam, NY",2023,4156932.0
36079,"Putnam, NY",2024,4279953.0
36081,"Queens, NY",2019,105734487.0
36081,"Queens, NY",2020,96481560.0
36081,"Queens, NY",2021,99833416.0
36081,"Queens, NY",2022,104179401.0
36081,"Queens, NY",2023,109628640.0
36081,"Queens, NY",2024,111143768.0
36083,"Rensselaer, NY",2019,8828338.0
36083,"Rensselaer, NY",2020,9573597.0
36083,"Rensselaer, NY",2021,11219860.0
36083,"Rensselaer, NY",2022,11354254.0
36083,"Rensselaer, NY",2023,11859226.0
36083,"Rensselaer, NY",2024,12484495.0
36085,"Richmond, NY",2019,16770929.0
36085,"Richmond, NY",2020,16731039.0
36085,"Richmond, NY",2021,17112965.0
36085,"Richmond, NY",2022,17411156.0
36085,"Richmond, NY",2023,17492303.0
36085,"Richmond, NY",2024,18158675.0
36087,"Rockland, NY",2019,17469672.0
36087,"Rockland, NY",2020,17274566.0
36087,"Rockland, NY",2021,18793647.0
36087,"Rockland, NY",2022,18463165.0
36087,"Rockland, NY",2023,18494300.0
36087,"Rockland, NY",2024,19026544.0
36089,"St. Lawrence, NY",2019,4694668.0
36089,"St. Lawrence, NY",2020,4703376.0
36089,"St. Lawrence, NY",2021,4705108.0
36089,"St. Lawrence, NY",2022,4792493.0
36089,"St. Lawrence, NY",2023,4953192.0
36089,"St. Lawrence, NY",2024,5150706.0
36091,"Saratoga, NY",2019,12270428.0
36091,"Saratoga, NY",2020,11569184.0
36091,"Saratoga, NY",2021,12268460.0
36091,"Saratoga, NY",2022,12440793.0
36091,"Saratoga, NY",2023,12720458.0
36091,"Saratoga, NY",2024,13000396.0
36093,"Schenectady, NY",2019,8699549.0
36093,"Schenectady, NY",2020,8349438.0
36093,"Schenectady, NY",2021,9219488.0
36093,"Schenectady, NY",2022,9062705.0
36093,"Schenectady, NY",2023,9570385.0
36093,"Schenectady, NY",2024,9803339.0
36095,"Schoharie, NY",2019,1062250.0
36095,"Schoharie, NY",2020,982022.0
36095,"Schoharie, NY",2021,978622.0
36095,"Schoharie, NY",2022,1003334.0
36095,"Schoharie, NY",2023,999639.0
36095,"Schoharie, NY",2024,1011100.0
36097,"Schuyler, NY",2019,528693.0
36097,"Schuyler, NY",2020,532809.0
36097,"Schuyler, NY",2021,510398.0
36097,"Schuyler, NY",2022,531436.0
36097,"Schuyler, NY",2023,534087.0
36097,"Schuyler, NY",2024,545491.0
36099,"Seneca, NY",2019,1577828.0
36099,"Seneca, NY",2020,1442079.0
36099,"Seneca, NY",2021,1569143.0
36099,"Seneca, NY",2022,1567031.0
36099,"Seneca, NY",2023,1553675.0
36099,"Seneca, NY",2024,1598581.0
36101,"Steuben, NY",2019,4573291.0
36101,"Steuben, NY",2020,4422134.0
36101,"Steuben, NY",2021,4491467.0
36101,"Steuben, NY",2022,4770115.0
36101,"Steuben, NY",2023,4695588.0
36101,"Steuben, NY",2024,4719141.0
36103,"Suffolk, NY",2019,100161991.0
36103,"Suffolk, NY",2020,100469779.0
36103,"Suffolk, NY",2021,105028399.0
36103,"Suffolk, NY",2022,105044946.0
36103,"Suffolk, NY",2023,105122822.0
36103,"Suffolk, NY",2024,108243017.0
36105,"Sullivan, NY",2019,3097957.0
36105,"Sullivan, NY",2020,3016228.0
36105,"Sullivan, NY",2021,3165937.0
36105,"Sullivan, NY",2022,3267873.0
36105,"Sullivan, NY",2023,3419286.0
36105,"Sullivan, NY",2024,3482973.0
36107,"Tioga, NY",2019,1713988.0
36107,"Tioga, NY",2020,1595792.0
36107,"Tioga, NY",2021,1564419.0
36107,"Tioga, NY",2022,1651349.0
36107,"Tioga, NY",2023,1627949.0
36107,"Tioga, NY",2024,1625185.0
36109,"Tompkins, NY",2019,6263722.0
36109,"Tompkins, NY",2020,5812300.0
36109,"Tompkins, NY",2021,6050970.0
36109,"Tompkins, NY",2022,6163642.0
36109,"Tompkins, NY",2023,6240262.0
36109,"Tompkins, NY",2024,6427486.0
36111,"Ulster, NY",2019,7590366.0
36111,"Ulster, NY",2020,7304982.0
36111,"Ulster, NY",2021,7575067.0
36111,"Ulster, NY",2022,7814064.0
36111,"Ulster, NY",2023,7782075.0
36111,"Ulster, NY",2024,8098702.0
36113,"Warren, NY",2019,5430606.0
36113,"Warren, NY",2020,5296637.0
36113,"Warren, NY",2021,5549976.0
36113,"Warren, NY",2022,4948697.0
36113,"Warren, NY",2023,5157137.0
36113,"Warren, NY",2024,5388815.0
36115,"Washington, NY",2019,1916502.0
36115,"Washington, NY",2020,1959140.0
36115,"Washington, NY",2021,2052494.0
36115,"Washington, NY",2022,2017629.0
36115,"Washington, NY",2023,2004401.0
36115,"Washington, NY",2024,2006852.0
36117,"Wayne, NY",2019,4069115.0
36117,"Wayne, NY",2020,3823995.0
36117,"Wayne, NY",2021,3891384.0
36117,"Wayne, NY",2022,3985536.0
36117,"Wayne, NY",2023,3967774.0
36117,"Wayne, NY",2024,3975009.0
36119,"Westchester, NY",2019,85453399.0
36119,"Westchester, NY",2020,86807801.0
36119,"Westchester, NY",2021,87567594.0
36119,"Westchester, NY",2022,89664635.0
36119,"Westchester, NY",2023,90695787.0
36119,"Westchester, NY",2024,93324101.0
36121,"Wyoming, NY",2019,1767352.0
36121,"Wyoming, NY",2020,1741745.0
36121,"Wyoming, NY",2021,1820322.0
36121,"Wyoming, NY",2022,1826639.0
36121,"Wyoming, NY",2023,1751719.0
36121,"Wyoming, NY",2024,1820761.0
36123,"Yates, NY",2019,951410.0
36123,"Yates, NY",2020,951233.0
36123,"Yates, NY",2021,1074448.0
36123,"Yates, NY",2022,1051617.0
36123,"Yates, NY",2023,1044741.0
36123,"Yates, NY",2024,1044388.0
37001,"Alamance, NC",2019,6281006.0
37001,"Alamance, NC",2020,6306419.0
37001,"Alamance, NC",2021,6712009.0
37001,"Alamance, NC",2022,6715031.0
37001,"Alamance, NC",2023,6885523.0
37001,"Alamance, NC",2024,7006266.0
37003,"Alexander, NC",2019,818589.0
37003,"Alexander, NC",2020,806046.0
37003,"Alexander, NC",2021,855114.0
37003,"Alexander, NC",2022,907779.0
37003,"Alexander, NC",2023,869286.0
37003,"Alexander, NC",2024,897189.0
37005,"Alleghany, NC",2019,302970.0
37005,"Alleghany, NC",2020,296010.0
37005,"Alleghany, NC",2021,306102.0
37005,"Alleghany, NC",2022,312340.0
37005,"Alleghany, NC",2023,308972.0
37005,"Alleghany, NC",2024,321000.0
37007,"Anson, NC",2019,786257.0
37007,"Anson, NC",2020,721936.0
37007,"Anson, NC",2021,767846.0
37007,"Anson, NC",2022,866774.0
37007,"Anson, NC",2023,819670.0
37007,"Anson, NC",2024,892779.0
37009,"Ashe, NC",2019,780307.0
37009,"Ashe, NC",2020,766183.0
37009,"Ashe, NC",2021,768371.0
37009,"Ashe, NC",2022,763808.0
37009,"Ashe, NC",2023,799836.0
37009,"Ashe, NC",2024,824236.0
37011,"Avery, NC",2019,609268.0
37011,"Avery, NC",2020,608097.0
37011,"Avery, NC",2021,632238.0
37011,"Avery, NC",2022,639845.0
37011,"Avery, NC",2023,669902.0
37011,"Avery, NC",2024,673947.0
37013,"Beaufort, NC",2019,1879492.0
37013,"Beaufort, NC",2020,1750343.0
37013,"Beaufort, NC",2021,1792261.0
37013,"Beaufort, NC",2022,1775553.0
37013,"Beaufort, NC",2023,1785431.0
37013,"Beaufort, NC",2024,1855657.0
37015,"Bertie, NC",2019,645171.0
37015,"Bertie, NC",2020,595925.0
37015,"Bertie, NC",2021,634560.0
37015,"Bertie, NC",2022,656122.0
37015,"Bertie, NC",2023,602016.0
37015,"Bertie, NC",2024,634238.0
37017,"Bladen, NC",2019,1376516.0
37017,"Bladen, NC",2020,1345636.0
37017,"Bladen, NC",2021,1432403.0
37017,"Bladen, NC",2022,1507271.0
37017,"Bladen, NC",2023,1441975.0
37017,"Bladen, NC",2024,1461064.0
37019,"Brunswick, NC",2019,4873424.0
37019,"Brunswick, NC",2020,5314077.0
37019,"Brunswick, NC",2021,5519509.0
37019,"Brunswick, NC",2022,5740386.0
37019,"Brunswick, NC",2023,6103573.0
37019,"Brunswick, NC",2024,6212981.0
37021,"Buncombe, NC",2019,14878327.0
37021,"Buncombe, NC",2020,13823406.0
37021,"Buncombe, NC",2021,14938758.0
37021,"Buncombe, NC",2022,15364795.0
37021,"Buncombe, NC",2023,15970265.0
37021,"Buncombe, NC",2024,16397012.0
37023,"Burke, NC",2019,2573371.0
37023,"Burke, NC",2020,2530155.0
37023,"Burke, NC",2021,2630176.0
37023,"Burke, NC",2022,2755109.0
37023,"Burke, NC",2023,2783972.0
37023,"Burke, NC",2024,2885235.0
37025,"Cabarrus, NC",2019,7977363.0
37025,"Cabarrus, NC",2020,7865895.0
37025,"Cabarrus, NC",2021,8460161.0
37025,"Cabarrus, NC",2022,8764068.0
37025,"Cabarrus, NC",2023,9300300.0
37025,"Cabarrus, NC",2024,9911947.0
37027,"Caldwell, NC",2019,2404111.0
37027,"Caldwell, NC",2020,2442919.0
37027,"Caldwell, NC",2021,2412074.0
37027,"Caldwell, NC",2022,2428332.0
37027,"Caldwell, NC",2023,2445607.0
37027,"Caldwell, NC",2024,2507601.0
37029,"Camden, NC",2019,155717.0
37029,"Camden, NC",2020,155502.0
37029,"Camden, NC",2021,177210.0
37029,"Camden, NC",2022,169544.0
37029,"Camden, NC",2023,175937.0
37029,"Camden, NC",2024,171803.0
37031,"Carteret, NC",2019,2524268.0
37031,"Carteret, NC",2020,2343837.0
37031,"Carteret, NC",2021,2505902.0
37031,"Carteret, NC",2022,2607991.0
37031,"Carteret, NC",2023,2756907.0
37031,"Carteret, NC",2024,2867261.0
37033,"Caswell, NC",2019,354322.0
37033,"Caswell, NC",2020,341031.0
37033,"Caswell, NC",2021,345106.0
37033,"Caswell, NC",2022,333287.0
37033,"Caswell, NC",2023,372517.0
37033,"Caswell, NC",2024,392772.0
37035,"Catawba, NC",2019,8944993.0
37035,"Catawba, NC",2020,8666333.0
37035,"Catawba, NC",2021,9186354.0
37035,"Catawba, NC",2022,9377247.0
37035,"Catawba, NC",2023,9282368.0
37035,"Catawba, NC",2024,9470715.0
37037,"Chatham, NC",2019,1675036.0
37037,"Chatham, NC",2020,1791970.0
37037,"Chatham, NC",2021,1839719.0
37037,"Chatham, NC",2022,1992019.0
37037,"Chatham, NC",2023,2187866.0
37037,"Chatham, NC",2024,2215972.0
37039,"Cherokee, NC",2019,826891.0
37039,"Cherokee, NC",2020,799638.0
37039,"Cherokee, NC",2021,806272.0
37039,"Cherokee, NC",2022,835953.0
37039,"Cherokee, NC",2023,865007.0
37039,"Cherokee, NC",2024,903883.0
37041,"Chowan, NC",2019,561399.0
37041,"Chowan, NC",2020,482448.0
37041,"Chowan, NC",2021,524319.0
37041,"Chowan, NC",2022,546841.0
37041,"Chowan, NC",2023,572150.0
37041,"Chowan, NC",2024,558928.0
37043,"Clay, NC",2019,224054.0
37043,"Clay, NC",2020,215351.0
37043,"Clay, NC",2021,215510.0
37043,"Clay, NC",2022,228135.0
37043,"Clay, NC",2023,244861.0
37043,"Clay, NC",2024,247611.0
37045,"Cleveland, NC",2019,4356684.0
37045,"Cleveland, NC",2020,4143906.0
37045,"Cleveland, NC",2021,4276489.0
37045,"Cleveland, NC",2022,4488762.0
37045,"Cleveland, NC",2023,4636681.0
37045,"Cleveland, NC",2024,4718209.0
37047,"Columbus, NC",2019,1513957.0
37047,"Columbus, NC",2020,1460561.0
37047,"Columbus, NC",2021,1516748.0
37047,"Columbus, NC",2022,1508039.0
37047,"Columbus, NC",2023,1484621.0
37047,"Columbus, NC",2024,1469282.0
37049,"Craven, NC",2019,4971077.0
37049,"Craven, NC",2020,4880461.0
37049,"Craven, NC",2021,5090435.0
37049,"Craven, NC",2022,4992844.0
37049,"Craven, NC",2023,5127277.0
37049,"Craven, NC",2024,5298573.0
37051,"Cumberland, NC",2019,17456011.0
37051,"Cumberland, NC",2020,17464045.0
37051,"Cumberland, NC",2021,18301406.0
37051,"Cumberland, NC",2022,18343419.0
37051,"Cumberland, NC",2023,18572089.0
37051,"Cumberland, NC",2024,18998586.0
37053,"Currituck, NC",2019,775547.0
37053,"Currituck, NC",2020,752058.0
37053,"Currituck, NC",2021,827638.0
37053,"Currituck, NC",2022,851665.0
37053,"Currituck, NC",2023,858201.0
37053,"Currituck, NC",2024,874078.0
37055,"Dare, NC",2019,2362951.0
37055,"Dare, NC",2020,2138606.0
37055,"Dare, NC",2021,2435038.0
37055,"Dare, NC",2022,2406077.0
37055,"Dare, NC",2023,2372106.0
37055,"Dare, NC",2024,2364034.0
37057,"Davidson, NC",2019,4857845.0
37057,"Davidson, NC",2020,4778597.0
37057,"Davidson, NC",2021,4997755.0
37057,"Davidson, NC",2022,5110034.0
37057,"Davidson, NC",2023,5254497.0
37057,"Davidson, NC",2024,5406628.0
37059,"Davie, NC",2019,1389629.0
37059,"Davie, NC",2020,1367311.0
37059,"Davie, NC",2021,1437343.0
37059,"Davie, NC",2022,1420075.0
37059,"Davie, NC",2023,1470806.0
37059,"Davie, NC",2024,1485265.0
37061,"Duplin, NC",2019,1977854.0
37061,"Duplin, NC",2020,1935604.0
37061,"Duplin, NC",2021,2196252.0
37061,"Duplin, NC",2022,2330792.0
37061,"Duplin, NC",2023,2146483.0
37061,"Duplin, NC",2024,2277548.0
37063,"Durham, NC",2019,34447712.0
37063,"Durham, NC",2020,36118768.0
37063,"Durham, NC",2021,38596394.0
37063,"Durham, NC",2022,40234888.0
37063,"Durham, NC",2023,41741777.0
37063,"Durham, NC",2024,44218779.0
37065,"Edgecombe, NC",2019,1549131.0
37065,"Edgecombe, NC",2020,1486332.0
37065,"Edgecombe, NC",2021,1574753.0
37065,"Edgecombe, NC",2022,1510790.0
37065,"Edgecombe, NC",2023,1520437.0
37065,"Edgecombe, NC",2024,1544787.0
37067,"Forsyth, NC",2019,26435398.0
37067,"Forsyth, NC",2020,24338194.0
37067,"Forsyth, NC",2021,25930207.0
37067,"Forsyth, NC",2022,26704308.0
37067,"Forsyth, NC",2023,27134386.0
37067,"Forsyth, NC",2024,27212912.0
37069,"Franklin, NC",2019,1742081.0
37069,"Franklin, NC",2020,1860990.0
37069,"Franklin, NC",2021,1911621.0
37069,"Franklin, NC",2022,1970726.0
37069,"Franklin, NC",2023,2054200.0
37069,"Franklin, NC",2024,2216290.0
37071,"Gaston, NC",2019,7645911.0
37071,"Gaston, NC",2020,7441019.0
37071,"Gaston, NC",2021,7946115.0
37071,"Gaston, NC",2022,8280223.0
37071,"Gaston, NC",2023,8471260.0
37071,"Gaston, NC",2024,8814927.0
37073,"Gates, NC",2019,198767.0
37073,"Gates, NC",2020,201940.0
37073,"Gates, NC",2021,201888.0
37073,"Gates, NC",2022,191556.0
37073,"Gates, NC",2023,178413.0
37073,"Gates, NC",2024,182839.0
37075,"Graham, NC",2019,250784.0
37075,"Graham, NC",2020,237601.0
37075,"Graham, NC",2021,240475.0
37075,"Graham, NC",2022,226666.0
37075,"Graham, NC",2023,244590.0
37075,"Graham, NC",2024,248938.0
37077,"Granville, NC",2019,3262909.0
37077,"Granville, NC",2020,3457965.0
37077,"Granville, NC",2021,3459227.0
37077,"Granville, NC",2022,3579554.0
37077,"Granville, NC",2023,3693586.0
37077,"Granville, NC",2024,3801170.0
37079,"Greene, NC",2019,422985.0
37079,"Greene, NC",2020,395832.0
37079,"Greene, NC",2021,460374.0
37079,"Greene, NC",2022,466333.0
37079,"Greene, NC",2023,436809.0
37079,"Greene, NC",2024,474073.0
37081,"Guilford, NC",2019,33834798.0
37081,"Guilford, NC",2020,32670820.0
37081,"Guilford, NC",2021,33975569.0
37081,"Guilford, NC",2022,35147751.0
37081,"Guilford, NC",2023,35974581.0
37081,"Guilford, NC",2024,36907991.0
37083,"Halifax, NC",2019,1462145.0
37083,"Halifax, NC",2020,1402140.0
37083,"Halifax, NC",2021,1441246.0
37083,"Halifax, NC",2022,1421400.0
37083,"Halifax, NC",2023,1440231.0
37083,"Halifax, NC",2024,1480473.0
37085,"Harnett, NC",2019,2620901.0
37085,"Harnett, NC",2020,2588663.0
37085,"Harnett, NC",2021,2743586.0
37085,"Harnett, NC",2022,2796962.0
37085,"Harnett, NC",2023,2908721.0
37085,"Harnett, NC",2024,3024858.0
37087,"Haywood, NC",2019,1929027.0
37087,"Haywood, NC",2020,1899407.0
37087,"Haywood, NC",2021,1932913.0
37087,"Haywood, NC",2022,1940465.0
37087,"Haywood, NC",2023,1981979.0
37087,"Haywood, NC",2024,2007941.0
37089,"Henderson, NC",2019,4110167.0
37089,"Henderson, NC",2020,4064890.0
37089,"Henderson, NC",2021,4268571.0
37089,"Henderson, NC",2022,4452787.0
37089,"Henderson, NC",2023,4768260.0
37089,"Henderson, NC",2024,4950585.0
37091,"Hertford, NC",2019,820301.0
37091,"Hertford, NC",2020,814687.0
37091,"Hertford, NC",2021,835774.0
37091,"Hertford, NC",2022,828480.0
37091,"Hertford, NC",2023,859314.0
37091,"Hertford, NC",2024,886164.0
37093,"Hoke, NC",2019,1058155.0
37093,"Hoke, NC",2020,1154772.0
37093,"Hoke, NC",2021,1111598.0
37093,"Hoke, NC",2022,1223132.0
37093,"Hoke, NC",2023,1213487.0
37093,"Hoke, NC",2024,1309579.0
37095,"Hyde, NC",2019,179526.0
37095,"Hyde, NC",2020,169210.0
37095,"Hyde, NC",2021,174963.0
37095,"Hyde, NC",2022,181542.0
37095,"Hyde, NC",2023,168640.0
37095,"Hyde, NC",2024,172947.0
37097,"Iredell, NC",2019,9382309.0
37097,"Iredell, NC",2020,9654715.0
37097,"Iredell, NC",2021,10477299.0
37097,"Iredell, NC",2022,10621035.0
37097,"Iredell, NC",2023,10866716.0
37097,"Iredell, NC",2024,10800464.0
37099,"Jackson, NC",2019,1589216.0
37099,"Jackson, NC",2020,1539138.0
37099,"Jackson, NC",2021,1628539.0
37099,"Jackson, NC",2022,1658933.0
37099,"Jackson, NC",2023,1659995.0
37099,"Jackson, NC",2024,1673931.0
37101,"Johnston, NC",2019,6945897.0
37101,"Johnston, NC",2020,7311280.0
37101,"Johnston, NC",2021,7530434.0
37101,"Johnston, NC",2022,7985366.0
37101,"Johnston, NC",2023,8275506.0
37101,"Johnston, NC",2024,8957049.0
37103,"Jones, NC",2019,197342.0
37103,"Jones, NC",2020,157050.0
37103,"Jones, NC",2021,232754.0
37103,"Jones, NC",2022,247540.0
37103,"Jones, NC",2023,218041.0
37103,"Jones, NC",2024,235356.0
37105,"Lee, NC",2019,2693973.0
37105,"Lee, NC",2020,2715070.0
37105,"Lee, NC",2021,2807797.0
37105,"Lee, NC",2022,2846976.0
37105,"Lee, NC",2023,2961324.0
37105,"Lee, NC",2024,3268826.0
37107,"Lenoir, NC",2019,2779918.0
37107,"Lenoir, NC",2020,2600208.0
37107,"Lenoir, NC",2021,2745250.0
37107,"Lenoir, NC",2022,2840514.0
37107,"Lenoir, NC",2023,2774846.0
37107,"Lenoir, NC",2024,2831565.0
37109,"Lincoln, NC",2019,2902172.0
37109,"Lincoln, NC",2020,2927377.0
37109,"Lincoln, NC",2021,3095935.0
37109,"Lincoln, NC",2022,3252153.0
37109,"Lincoln, NC",2023,3350477.0
37109,"Lincoln, NC",2024,3578575.0
37111,"McDowell, NC",2019,1885996.0
37111,"McDowell, NC",2020,1958561.0
37111,"McDowell, NC",2021,1832346.0
37111,"McDowell, NC",2022,1968653.0
37111,"McDowell, NC",2023,2037845.0
37111,"McDowell, NC",2024,2183153.0
37113,"Macon, NC",2019,1645978.0
37113,"Macon, NC",2020,1635917.0
37113,"Macon, NC",2021,1609677.0
37113,"Macon, NC",2022,1692661.0
37113,"Macon, NC",2023,1825753.0
37113,"Macon, NC",2024,1824821.0
37115,"Madison, NC",2019,409321.0
37115,"Madison, NC",2020,395329.0
37115,"Madison, NC",2021,421457.0
37115,"Madison, NC",2022,429486.0
37115,"Madison, NC",2023,448077.0
37115,"Madison, NC",2024,479847.0
37117,"Martin, NC",2019,658504.0
37117,"Martin, NC",2020,647035.0
37117,"Martin, NC",2021,659527.0
37117,"Martin, NC",2022,615922.0
37117,"Martin, NC",2023,623903.0
37117,"Martin, NC",2024,628492.0
37119,"Mecklenburg, NC",2019,117741850.0
37119,"Mecklenburg, NC",2020,120047891.0
37119,"Mecklenburg, NC",2021,127925428.0
37119,"Mecklenburg, NC",2022,133482636.0
37119,"Mecklenburg, NC",2023,141414307.0
37119,"Mecklenburg, NC",2024,146152496.0
37121,"Mitchell, NC",2019,548962.0
37121,"Mitchell, NC",2020,531742.0
37121,"Mitchell, NC",2021,534271.0
37121,"Mitchell, NC",2022,495474.0
37121,"Mitchell, NC",2023,617226.0
37121,"Mitchell, NC",2024,491519.0
37123,"Montgomery, NC",2019,996434.0
37123,"Montgomery, NC",2020,1040517.0
37123,"Montgomery, NC",2021,1059443.0
37123,"Montgomery, NC",2022,1086373.0
37123,"Montgomery, NC",2023,1118581.0
37123,"Montgomery, NC",2024,1167411.0
37125,"Moore, NC",2019,3738607.0
37125,"Moore, NC",2020,3754298.0
37125,"Moore, NC",2021,3885049.0
37125,"Moore, NC",2022,4222912.0
37125,"Moore, NC",2023,4310296.0
37125,"Moore, NC",2024,4459182.0
37127,"Nash, NC",2019,4792980.0
37127,"Nash, NC",2020,4975412.0
37127,"Nash, NC",2021,5138778.0
37127,"Nash, NC",2022,5198134.0
37127,"Nash, NC",2023,5339219.0
37127,"Nash, NC",2024,5553352.0
37129,"New Hanover, NC",2019,13572368.0
37129,"New Hanover, NC",2020,13602248.0
37129,"New Hanover, NC",2021,14767732.0
37129,"New Hanover, NC",2022,15287553.0
37129,"New Hanover, NC",2023,16038021.0
37129,"New Hanover, NC",2024,16493616.0
37131,"Northampton, NC",2019,537653.0
37131,"Northampton, NC",2020,504336.0
37131,"Northampton, NC",2021,530144.0
37131,"Northampton, NC",2022,522314.0
37131,"Northampton, NC",2023,503093.0
37131,"Northampton, NC",2024,560233.0
37133,"Onslow, NC",2019,8545858.0
37133,"Onslow, NC",2020,8684626.0
37133,"Onslow, NC",2021,9150023.0
37133,"Onslow, NC",2022,9282577.0
37133,"Onslow, NC",2023,9404356.0
37133,"Onslow, NC",2024,9687003.0
37135,"Orange, NC",2019,9103488.0
37135,"Orange, NC",2020,8798878.0
37135,"Orange, NC",2021,9326968.0
37135,"Orange, NC",2022,9838670.0
37135,"Orange, NC",2023,10174972.0
37135,"Orange, NC",2024,10391629.0
37137,"Pamlico, NC",2019,294838.0
37137,"Pamlico, NC",2020,281660.0
37137,"Pamlico, NC",2021,298380.0
37137,"Pamlico, NC",2022,290759.0
37137,"Pamlico, NC",2023,299994.0
37137,"Pamlico, NC",2024,289603.0
37139,"Pasquotank, NC",2019,1526279.0
37139,"Pasquotank, NC",2020,1530764.0
37139,"Pasquotank, NC",2021,1595755.0
37139,"Pasquotank, NC",2022,1644318.0
37139,"Pasquotank, NC",2023,1670051.0
37139,"Pasquotank, NC",2024,1704926.0
37141,"Pender, NC",2019,1524424.0
37141,"Pender, NC",2020,1502870.0
37141,"Pender, NC",2021,1764130.0
37141,"Pender, NC",2022,1787115.0
37141,"Pender, NC",2023,1808997.0
37141,"Pender, NC",2024,1906544.0
37143,"Perquimans, NC",2019,265035.0
37143,"Perquimans, NC",2020,264102.0
37143,"Perquimans, NC",2021,293147.0
37143,"Perquimans, NC",2022,298535.0
37143,"Perquimans, NC",2023,300479.0
37143,"Perquimans, NC",2024,292972.0
37145,"Person, NC",2019,1627098.0
37145,"Person, NC",2020,1484803.0
37145,"Person, NC",2021,1507588.0
37145,"Person, NC",2022,1552405.0
37145,"Person, NC",2023,1551423.0
37145,"Person, NC",2024,1697010.0
37147,"Pitt, NC",2019,9256380.0
37147,"Pitt, NC",2020,8967526.0
37147,"Pitt, NC",2021,9205551.0
37147,"Pitt, NC",2022,9494455.0
37147,"Pitt, NC",2023,9618413.0
37147,"Pitt, NC",2024,9927193.0
37149,"Polk, NC",2019,503155.0
37149,"Polk, NC",2020,478960.0
37149,"Polk, NC",2021,515034.0
37149,"Polk, NC",2022,532016.0
37149,"Polk, NC",2023,551121.0
37149,"Polk, NC",2024,562480.0
37151,"Randolph, NC",2019,4177449.0
37151,"Randolph, NC",2020,4041037.0
37151,"Randolph, NC",2021,4217113.0
37151,"Randolph, NC",2022,4212218.0
37151,"Randolph, NC",2023,4172562.0
37151,"Randolph, NC",2024,4488759.0
37153,"Richmond, NC",2019,1866950.0
37153,"Richmond, NC",2020,1859299.0
37153,"Richmond, NC",2021,1868316.0
37153,"Richmond, NC",2022,2022909.0
37153,"Richmond, NC",2023,1991681.0
37153,"Richmond, NC",2024,2045604.0
37155,"Robeson, NC",2019,3932019.0
37155,"Robeson, NC",2020,3773660.0
37155,"Robeson, NC",2021,3850186.0
37155,"Robeson, NC",2022,3993042.0
37155,"Robeson, NC",2023,3921849.0
37155,"Robeson, NC",2024,3929644.0
37157,"Rockingham, NC",2019,2949654.0
37157,"Rockingham, NC",2020,2768360.0
37157,"Rockingham, NC",2021,2796402.0
37157,"Rockingham, NC",2022,2868580.0
37157,"Rockingham, NC",2023,2835528.0
37157,"Rockingham, NC",2024,2938806.0
37159,"Rowan, NC",2019,5408447.0
37159,"Rowan, NC",2020,5393909.0
37159,"Rowan, NC",2021,5763316.0
37159,"Rowan, NC",2022,5784065.0
37159,"Rowan, NC",2023,5960643.0
37159,"Rowan, NC",2024,6080815.0
37161,"Rutherford, NC",2019,1834778.0
37161,"Rutherford, NC",2020,1758523.0
37161,"Rutherford, NC",2021,1822568.0
37161,"Rutherford, NC",2022,1858483.0
37161,"Rutherford, NC",2023,1893555.0
37161,"Rutherford, NC",2024,1921245.0
37163,"Sampson, NC",2019,1836882.0
37163,"Sampson, NC",2020,1725974.0
37163,"Sampson, NC",2021,1912021.0
37163,"Sampson, NC",2022,1985113.0
37163,"Sampson, NC",2023,1776710.0
37163,"Sampson, NC",2024,1913823.0
37165,"Scotland, NC",2019,1169780.0
37165,"Scotland, NC",2020,1107953.0
37165,"Scotland, NC",2021,1155097.0
37165,"Scotland, NC",2022,1198837.0
37165,"Scotland, NC",2023,1179933.0
37165,"Scotland, NC",2024,1233631.0
37167,"Stanly, NC",2019,1810875.0
37167,"Stanly, NC",2020,1736344.0
37167,"Stanly, NC",2021,1825475.0
37167,"Stanly, NC",2022,1876837.0
37167,"Stanly, NC",2023,2015508.0
37167,"Stanly, NC",2024,2083474.0
37169,"Stokes, NC",2019,1066969.0
37169,"Stokes, NC",2020,993865.0
37169,"Stokes, NC",2021,1186789.0
37169,"Stokes, NC",2022,1241168.0
37169,"Stokes, NC",2023,1289014.0
37169,"Stokes, NC",2024,1379229.0
37171,"Surry, NC",2019,2504327.0
37171,"Surry, NC",2020,2398229.0
37171,"Surry, NC",2021,2558172.0
37171,"Surry, NC",2022,2599256.0
37171,"Surry, NC",2023,2626897.0
37171,"Surry, NC",2024,2685819.0
37173,"Swain, NC",2019,676818.0
37173,"Swain, NC",2020,670894.0
37173,"Swain, NC",2021,699712.0
37173,"Swain, NC",2022,698250.0
37173,"Swain, NC",2023,692864.0
37173,"Swain, NC",2024,699590.0
37175,"Transylvania, NC",2019,1765854.0
37175,"Transylvania, NC",2020,1739195.0
37175,"Transylvania, NC",2021,1724496.0
37175,"Transylvania, NC",2022,1810651.0
37175,"Transylvania, NC",2023,1889385.0
37175,"Transylvania, NC",2024,1888571.0
37177,"Tyrrell, NC",2019,115752.0
37177,"Tyrrell, NC",2020,110339.0
37177,"Tyrrell, NC",2021,113826.0
37177,"Tyrrell, NC",2022,100940.0
37177,"Tyrrell, NC",2023,105740.0
37177,"Tyrrell, NC",2024,93785.0
37179,"Union, NC",2019,7980614.0
37179,"Union, NC",2020,7794328.0
37179,"Union, NC",2021,8350323.0
37179,"Union, NC",2022,9064431.0
37179,"Union, NC",2023,9497889.0
37179,"Union, NC",2024,10026314.0
37181,"Vance, NC",2019,1227184.0
37181,"Vance, NC",2020,1178390.0
37181,"Vance, NC",2021,1263515.0
37181,"Vance, NC",2022,1249977.0
37181,"Vance, NC",2023,1263850.0
37181,"Vance, NC",2024,1285767.0
37183,"Wake, NC",2019,83590453.0
37183,"Wake, NC",2020,83129456.0
37183,"Wake, NC",2021,90847908.0
37183,"Wake, NC",2022,95502162.0
37183,"Wake, NC",2023,100752500.0
37183,"Wake, NC",2024,104113676.0
37185,"Warren, NC",2019,300862.0
37185,"Warren, NC",2020,298569.0
37185,"Warren, NC",2021,325110.0
37185,"Warren, NC",2022,299651.0
37185,"Warren, NC",2023,302529.0
37185,"Warren, NC",2024,310686.0
37187,"Washington, NC",2019,266321.0
37187,"Washington, NC",2020,257132.0
37187,"Washington, NC",2021,292080.0
37187,"Washington, NC",2022,264025.0
37187,"Washington, NC",2023,267771.0
37187,"Washington, NC",2024,271928.0
37189,"Watauga, NC",2019,2250658.0
37189,"Watauga, NC",2020,2167806.0
37189,"Watauga, NC",2021,2302480.0
37189,"Watauga, NC",2022,2378241.0
37189,"Watauga, NC",2023,2442809.0
37189,"Watauga, NC",2024,2470872.0
37191,"Wayne, NC",2019,4865324.0
37191,"Wayne, NC",2020,4763252.0
37191,"Wayne, NC",2021,5019168.0
37191,"Wayne, NC",2022,5050873.0
37191,"Wayne, NC",2023,5074254.0
37191,"Wayne, NC",2024,5216387.0
37193,"Wilkes, NC",2019,2391350.0
37193,"Wilkes, NC",2020,2343223.0
37193,"Wilkes, NC",2021,2444051.0
37193,"Wilkes, NC",2022,2517153.0
37193,"Wilkes, NC",2023,2420034.0
37193,"Wilkes, NC",2024,2535014.0
37195,"Wilson, NC",2019,3889201.0
37195,"Wilson, NC",2020,3831747.0
37195,"Wilson, NC",2021,3797744.0
37195,"Wilson, NC",2022,3837657.0
37195,"Wilson, NC",2023,3896211.0
37195,"Wilson, NC",2024,3999260.0
37197,"Yadkin, NC",2019,904420.0
37197,"Yadkin, NC",2020,861009.0
37197,"Yadkin, NC",2021,952253.0
37197,"Yadkin, NC",2022,956581.0
37197,"Yadkin, NC",2023,972633.0
37197,"Yadkin, NC",2024,1013218.0
37199,"Yancey, NC",2019,436136.0
37199,"Yancey, NC",2020,422812.0
37199,"Yancey, NC",2021,418704.0
37199,"Yancey, NC",2022,413685.0
37199,"Yancey, NC",2023,447243.0
37199,"Yancey, NC",2024,451727.0
38001,"Adams, ND",2019,152080.0
38001,"Adams, ND",2020,109706.0
38001,"Adams, ND",2021,101810.0
38001,"Adams, ND",2022,96214.0
38001,"Adams, ND",2023,94474.0
38001,"Adams, ND",2024,129538.0
38003,"Barnes, ND",2019,654898.0
38003,"Barnes, ND",2020,643012.0
38003,"Barnes, ND",2021,644332.0
38003,"Barnes, ND",2022,668765.0
38003,"Barnes, ND",2023,721068.0
38003,"Barnes, ND",2024,631434.0
38005,"Benson, ND",2019,235851.0
38005,"Benson, ND",2020,250134.0
38005,"Benson, ND",2021,253540.0
38005,"Benson, ND",2022,289016.0
38005,"Benson, ND",2023,280335.0
38005,"Benson, ND",2024,272280.0
38007,"Billings, ND",2019,176960.0
38007,"Billings, ND",2020,260652.0
38007,"Billings, ND",2021,173125.0
38007,"Billings, ND",2022,115955.0
38007,"Billings, ND",2023,155883.0
38007,"Billings, ND",2024,175811.0
38009,"Bottineau, ND",2019,431522.0
38009,"Bottineau, ND",2020,432543.0
38009,"Bottineau, ND",2021,415459.0
38009,"Bottineau, ND",2022,485686.0
38009,"Bottineau, ND",2023,461367.0
38009,"Bottineau, ND",2024,448932.0
38011,"Bowman, ND",2019,241662.0
38011,"Bowman, ND",2020,235000.0
38011,"Bowman, ND",2021,225574.0
38011,"Bowman, ND",2022,186018.0
38011,"Bowman, ND",2023,187226.0
38011,"Bowman, ND",2024,188893.0
38013,"Burke, ND",2019,216580.0
38013,"Burke, ND",2020,226868.0
38013,"Burke, ND",2021,191755.0
38013,"Burke, ND",2022,218082.0
38013,"Burke, ND",2023,220557.0
38013,"Burke, ND",2024,232756.0
38015,"Burleigh, ND",2019,5795425.0
38015,"Burleigh, ND",2020,5511446.0
38015,"Burleigh, ND",2021,5838297.0
38015,"Burleigh, ND",2022,5786618.0
38015,"Burleigh, ND",2023,5894954.0
38015,"Burleigh, ND",2024,6093642.0
38017,"Cass, ND",2019,13363715.0
38017,"Cass, ND",2020,13009305.0
38017,"Cass, ND",2021,13724919.0
38017,"Cass, ND",2022,13707728.0
38017,"Cass, ND",2023,14482958.0
38017,"Cass, ND",2024,14875063.0
38019,"Cavalier, ND",2019,338360.0
38019,"Cavalier, ND",2020,396344.0
38019,"Cavalier, ND",2021,339541.0
38019,"Cavalier, ND",2022,425590.0
38019,"Cavalier, ND",2023,380878.0
38019,"Cavalier, ND",2024,447622.0
38021,"Dickey, ND",2019,369169.0
38021,"Dickey, ND",2020,306569.0
38021,"Dickey, ND",2021,309944.0
38021,"Dickey, ND",2022,353540.0
38021,"Dickey, ND",2023,449997.0
38021,"Dickey, ND",2024,399168.0
38023,"Divide, ND",2019,182737.0
38023,"Divide, ND",2020,193832.0
38023,"Divide, ND",2021,174905.0
38023,"Divide, ND",2022,168326.0
38023,"Divide, ND",2023,185120.0
38023,"Divide, ND",2024,229080.0
38025,"Dunn, ND",2019,1343602.0
38025,"Dunn, ND",2020,1282993.0
38025,"Dunn, ND",2021,1320793.0
38025,"Dunn, ND",2022,1185396.0
38025,"Dunn, ND",2023,1742470.0
38025,"Dunn, ND",2024,1782576.0
38027,"Eddy, ND",2019,132082.0
38027,"Eddy, ND",2020,125907.0
38027,"Eddy, ND",2021,116282.0
38027,"Eddy, ND",2022,129628.0
38027,"Eddy, ND",2023,135618.0
38027,"Eddy, ND",2024,167862.0
38029,"Emmons, ND",2019,144722.0
38029,"Emmons, ND",2020,191313.0
38029,"Emmons, ND",2021,209894.0
38029,"Emmons, ND",2022,211589.0
38029,"Emmons, ND",2023,176380.0
38029,"Emmons, ND",2024,126660.0
38031,"Foster, ND",2019,228695.0
38031,"Foster, ND",2020,254227.0
38031,"Foster, ND",2021,271548.0
38031,"Foster, ND",2022,282830.0
38031,"Foster, ND",2023,270554.0
38031,"Foster, ND",2024,229197.0
38033,"Golden Valley, ND",2019,77081.0
38033,"Golden Valley, ND",2020,74964.0
38033,"Golden Valley, ND",2021,83024.0
38033,"Golden Valley, ND",2022,70085.0
38033,"Golden Valley, ND",2023,67826.0
38033,"Golden Valley, ND",2024,88011.0
38035,"Grand Forks, ND",2019,4135949.0
38035,"Grand Forks, ND",2020,3996683.0
38035,"Grand Forks, ND",2021,4038768.0
38035,"Grand Forks, ND",2022,4109107.0
38035,"Grand Forks, ND",2023,4361337.0
38035,"Grand Forks, ND",2024,4580307.0
38037,"Grant, ND",2019,91567.0
38037,"Grant, ND",2020,111561.0
38037,"Grant, ND",2021,101014.0
38037,"Grant, ND",2022,93430.0
38037,"Grant, ND",2023,69243.0
38037,"Grant, ND",2024,73164.0
38039,"Griggs, ND",2019,147143.0
38039,"Griggs, ND",2020,143746.0
38039,"Griggs, ND",2021,154652.0
38039,"Griggs, ND",2022,160793.0
38039,"Griggs, ND",2023,167554.0
38039,"Griggs, ND",2024,155020.0
38041,"Hettinger, ND",2019,85753.0
38041,"Hettinger, ND",2020,115426.0
38041,"Hettinger, ND",2021,86457.0
38041,"Hettinger, ND",2022,99109.0
38041,"Hettinger, ND",2023,75632.0
38041,"Hettinger, ND",2024,111641.0
38043,"Kidder, ND",2019,121755.0
38043,"Kidder, ND",2020,132924.0
38043,"Kidder, ND",2021,146273.0
38043,"Kidder, ND",2022,134680.0
38043,"Kidder, ND",2023,151155.0
38043,"Kidder, ND",2024,149903.0
38045,"LaMoure, ND",2019,293757.0
38045,"LaMoure, ND",2020,258894.0
38045,"LaMoure, ND",2021,238399.0
38045,"LaMoure, ND",2022,269386.0
38045,"LaMoure, ND",2023,312869.0
38045,"LaMoure, ND",2024,251570.0
38047,"Logan, ND",2019,106700.0
38047,"Logan, ND",2020,101175.0
38047,"Logan, ND",2021,113951.0
38047,"Logan, ND",2022,115640.0
38047,"Logan, ND",2023,113504.0
38047,"Logan, ND",2024,95064.0
38049,"McHenry, ND",2019,241675.0
38049,"McHenry, ND",2020,268652.0
38049,"McHenry, ND",2021,296245.0
38049,"McHenry, ND",2022,271564.0
38049,"McHenry, ND",2023,251816.0
38049,"McHenry, ND",2024,202209.0
38051,"McIntosh, ND",2019,147765.0
38051,"McIntosh, ND",2020,151890.0
38051,"McIntosh, ND",2021,168571.0
38051,"McIntosh, ND",2022,142983.0
38051,"McIntosh, ND",2023,121337.0
38051,"McIntosh, ND",2024,108350.0
38053,"McKenzie, ND",2019,4069421.0
38053,"McKenzie, ND",2020,3576379.0
38053,"McKenzie, ND",2021,3401630.0
38053,"McKenzie, ND",2022,2753823.0
38053,"McKenzie, ND",2023,3414493.0
38053,"McKenzie, ND",2024,3508368.0
38055,"McLean, ND",2019,783751.0
38055,"McLean, ND",2020,811556.0
38055,"McLean, ND",2021,857196.0
38055,"McLean, ND",2022,777072.0
38055,"McLean, ND",2023,710268.0
38055,"McLean, ND",2024,726600.0
38057,"Mercer, ND",2019,1021473.0
38057,"Mercer, ND",2020,990769.0
38057,"Mercer, ND",2021,882920.0
38057,"Mercer, ND",2022,879085.0
38057,"Mercer, ND",2023,906288.0
38057,"Mercer, ND",2024,865831.0
38059,"Morton, ND",2019,1433258.0
38059,"Morton, ND",2020,1484223.0
38059,"Morton, ND",2021,1461279.0
38059,"Morton, ND",2022,1366709.0
38059,"Morton, ND",2023,1396136.0
38059,"Morton, ND",2024,1491229.0
38061,"Mountrail, ND",2019,1885602.0
38061,"Mountrail, ND",2020,1786283.0
38061,"Mountrail, ND",2021,1834001.0
38061,"Mountrail, ND",2022,1515753.0
38061,"Mountrail, ND",2023,1782872.0
38061,"Mountrail, ND",2024,1965732.0
38063,"Nelson, ND",2019,149297.0
38063,"Nelson, ND",2020,150655.0
38063,"Nelson, ND",2021,136717.0
38063,"Nelson, ND",2022,174145.0
38063,"Nelson, ND",2023,163893.0
38063,"Nelson, ND",2024,174321.0
38065,"Oliver, ND",2019,249882.0
38065,"Oliver, ND",2020,268720.0
38065,"Oliver, ND",2021,242300.0
38065,"Oliver, ND",2022,223845.0
38065,"Oliver, ND",2023,233966.0
38065,"Oliver, ND",2024,237634.0
38067,"Pembina, ND",2019,460517.0
38067,"Pembina, ND",2020,480268.0
38067,"Pembina, ND",2021,502992.0
38067,"Pembina, ND",2022,526681.0
38067,"Pembina, ND",2023,572177.0
38067,"Pembina, ND",2024,625465.0
38069,"Pierce, ND",2019,225707.0
38069,"Pierce, ND",2020,224953.0
38069,"Pierce, ND",2021,257039.0
38069,"Pierce, ND",2022,251567.0
38069,"Pierce, ND",2023,221273.0
38069,"Pierce, ND",2024,196931.0
38071,"Ramsey, ND",2019,589140.0
38071,"Ramsey, ND",2020,619686.0
38071,"Ramsey, ND",2021,626492.0
38071,"Ramsey, ND",2022,689190.0
38071,"Ramsey, ND",2023,693682.0
38071,"Ramsey, ND",2024,669911.0
38073,"Ransom, ND",2019,278010.0
38073,"Ransom, ND",2020,247522.0
38073,"Ransom, ND",2021,268655.0
38073,"Ransom, ND",2022,292386.0
38073,"Ransom, ND",2023,337324.0
38073,"Ransom, ND",2024,296907.0
38075,"Renville, ND",2019,187352.0
38075,"Renville, ND",2020,175104.0
38075,"Renville, ND",2021,138953.0
38075,"Renville, ND",2022,193895.0
38075,"Renville, ND",2023,176530.0
38075,"Renville, ND",2024,179002.0
38077,"Richland, ND",2019,831854.0
38077,"Richland, ND",2020,769512.0
38077,"Richland, ND",2021,930153.0
38077,"Richland, ND",2022,956827.0
38077,"Richland, ND",2023,1169473.0
38077,"Richland, ND",2024,1129589.0
38079,"Rolette, ND",2019,382990.0
38079,"Rolette, ND",2020,387325.0
38079,"Rolette, ND",2021,381657.0
38079,"Rolette, ND",2022,401400.0
38079,"Rolette, ND",2023,407811.0
38079,"Rolette, ND",2024,457396.0
38081,"Sargent, ND",2019,799610.0
38081,"Sargent, ND",2020,964290.0
38081,"Sargent, ND",2021,1227470.0
38081,"Sargent, ND",2022,1287537.0
38081,"Sargent, ND",2023,1425542.0
38081,"Sargent, ND",2024,1273601.0
38083,"Sheridan, ND",2019,60924.0
38083,"Sheridan, ND",2020,58121.0
38083,"Sheridan, ND",2021,76791.0
38083,"Sheridan, ND",2022,83119.0
38083,"Sheridan, ND",2023,61570.0
38083,"Sheridan, ND",2024,49193.0
38085,"Sioux, ND",2019,129878.0
38085,"Sioux, ND",2020,139460.0
38085,"Sioux, ND",2021,120663.0
38085,"Sioux, ND",2022,125467.0
38085,"Sioux, ND",2023,120153.0
38085,"Sioux, ND",2024,115706.0
38087,"Slope, ND",2019,33850.0
38087,"Slope, ND",2020,38973.0
38087,"Slope, ND",2021,29469.0
38087,"Slope, ND",2022,22669.0
38087,"Slope, ND",2023,22067.0
38087,"Slope, ND",2024,35263.0
38089,"Stark, ND",2019,3017513.0
38089,"Stark, ND",2020,2659463.0
38089,"Stark, ND",2021,2544584.0
38089,"Stark, ND",2022,2647333.0
38089,"Stark, ND",2023,2907821.0
38089,"Stark, ND",2024,3006537.0
38091,"Steele, ND",2019,150481.0
38091,"Steele, ND",2020,160887.0
38091,"Steele, ND",2021,150216.0
38091,"Steele, ND",2022,174315.0
38091,"Steele, ND",2023,183193.0
38091,"Steele, ND",2024,156149.0
38093,"Stutsman, ND",2019,1256404.0
38093,"Stutsman, ND",2020,1218758.0
38093,"Stutsman, ND",2021,1261303.0
38093,"Stutsman, ND",2022,1359394.0
38093,"Stutsman, ND",2023,1500872.0
38093,"Stutsman, ND",2024,1469482.0
38095,"Towner, ND",2019,168171.0
38095,"Towner, ND",2020,194464.0
38095,"Towner, ND",2021,149684.0
38095,"Towner, ND",2022,235160.0
38095,"Towner, ND",2023,217060.0
38095,"Towner, ND",2024,219273.0
38097,"Traill, ND",2019,438790.0
38097,"Traill, ND",2020,447783.0
38097,"Traill, ND",2021,438144.0
38097,"Traill, ND",2022,482695.0
38097,"Traill, ND",2023,493785.0
38097,"Traill, ND",2024,466680.0
38099,"Walsh, ND",2019,552271.0
38099,"Walsh, ND",2020,619095.0
38099,"Walsh, ND",2021,601567.0
38099,"Walsh, ND",2022,629326.0
38099,"Walsh, ND",2023,672963.0
38099,"Walsh, ND",2024,767284.0
38101,"Ward, ND",2019,4146862.0
38101,"Ward, ND",2020,3893789.0
38101,"Ward, ND",2021,3782852.0
38101,"Ward, ND",2022,3821467.0
38101,"Ward, ND",2023,3952175.0
38101,"Ward, ND",2024,3983560.0
38103,"Wells, ND",2019,256374.0
38103,"Wells, ND",2020,279966.0
38103,"Wells, ND",2021,273471.0
38103,"Wells, ND",2022,325355.0
38103,"Wells, ND",2023,298822.0
38103,"Wells, ND",2024,327144.0
38105,"Williams, ND",2019,6335221.0
38105,"Williams, ND",2020,4959302.0
38105,"Williams, ND",2021,4794179.0
38105,"Williams, ND",2022,5200989.0
38105,"Williams, ND",2023,6442269.0
38105,"Williams, ND",2024,6692008.0
39001,"Adams, OH",2019,728513.0
39001,"Adams, OH",2020,716769.0
39001,"Adams, OH",2021,766337.0
39001,"Adams, OH",2022,707893.0
39001,"Adams, OH",2023,751447.0
39001,"Adams, OH",2024,801060.0
39003,"Allen, OH",2019,7820932.0
39003,"Allen, OH",2020,7725452.0
39003,"Allen, OH",2021,8552838.0
39003,"Allen, OH",2022,8448293.0
39003,"Allen, OH",2023,8271032.0
39003,"Allen, OH",2024,8894463.0
39005,"Ashland, OH",2019,1761577.0
39005,"Ashland, OH",2020,1791602.0
39005,"Ashland, OH",2021,1852584.0
39005,"Ashland, OH",2022,1823248.0
39005,"Ashland, OH",2023,1822112.0
39005,"Ashland, OH",2024,1853136.0
39007,"Ashtabula, OH",2019,3131919.0
39007,"Ashtabula, OH",2020,3065966.0
39007,"Ashtabula, OH",2021,3178764.0
39007,"Ashtabula, OH",2022,3246280.0
39007,"Ashtabula, OH",2023,3262423.0
39007,"Ashtabula, OH",2024,3379299.0
39009,"Athens, OH",2019,2126740.0
39009,"Athens, OH",2020,2035440.0
39009,"Athens, OH",2021,2032549.0
39009,"Athens, OH",2022,2064655.0
39009,"Athens, OH",2023,2087322.0
39009,"Athens, OH",2024,2138534.0
39011,"Auglaize, OH",2019,2290619.0
39011,"Auglaize, OH",2020,2189445.0
39011,"Auglaize, OH",2021,2566627.0
39011,"Auglaize, OH",2022,2522815.0
39011,"Auglaize, OH",2023,2723015.0
39011,"Auglaize, OH",2024,2782323.0
39013,"Belmont, OH",2019,3309338.0
39013,"Belmont, OH",2020,3242815.0
39013,"Belmont, OH",2021,2933117.0
39013,"Belmont, OH",2022,2416142.0
39013,"Belmont, OH",2023,2821431.0
39013,"Belmont, OH",2024,2755875.0
39015,"Brown, OH",2019,842583.0
39015,"Brown, OH",2020,834462.0
39015,"Brown, OH",2021,900843.0
39015,"Brown, OH",2022,906528.0
39015,"Brown, OH",2023,893497.0
39015,"Brown, OH",2024,903674.0
39017,"Butler, OH",2019,22097204.0
39017,"Butler, OH",2020,21172323.0
39017,"Butler, OH",2021,21911906.0
39017,"Butler, OH",2022,21853699.0
39017,"Butler, OH",2023,22160741.0
39017,"Butler, OH",2024,23138601.0
39019,"Carroll, OH",2019,1186072.0
39019,"Carroll, OH",2020,1147345.0
39019,"Carroll, OH",2021,1081434.0
39019,"Carroll, OH",2022,1094169.0
39019,"Carroll, OH",2023,1561335.0
39019,"Carroll, OH",2024,1561226.0
39021,"Champaign, OH",2019,1184915.0
39021,"Champaign, OH",2020,1209568.0
39021,"Champaign, OH",2021,1256497.0
39021,"Champaign, OH",2022,1239798.0
39021,"Champaign, OH",2023,1278781.0
39021,"Champaign, OH",2024,1277591.0
39023,"Clark, OH",2019,4696288.0
39023,"Clark, OH",2020,4470700.0
39023,"Clark, OH",2021,4689134.0
39023,"Clark, OH",2022,4765738.0
39023,"Clark, OH",2023,4755080.0
39023,"Clark, OH",2024,4739064.0
39025,"Clermont, OH",2019,8846026.0
39025,"Clermont, OH",2020,8738981.0
39025,"Clermont, OH",2021,8553645.0
39025,"Clermont, OH",2022,7888072.0
39025,"Clermont, OH",2023,7834323.0
39025,"Clermont, OH",2024,8072668.0
39027,"Clinton, OH",2019,2218418.0
39027,"Clinton, OH",2020,2250141.0
39027,"Clinton, OH",2021,2404882.0
39027,"Clinton, OH",2022,2381428.0
39027,"Clinton, OH",2023,2423650.0
39027,"Clinton, OH",2024,2454287.0
39029,"Columbiana, OH",2019,3007499.0
39029,"Columbiana, OH",2020,2997826.0
39029,"Columbiana, OH",2021,3198269.0
39029,"Columbiana, OH",2022,3456732.0
39029,"Columbiana, OH",2023,3663756.0
39029,"Columbiana, OH",2024,3766695.0
39031,"Coshocton, OH",2019,1274432.0
39031,"Coshocton, OH",2020,1217986.0
39031,"Coshocton, OH",2021,1195528.0
39031,"Coshocton, OH",2022,1192963.0
39031,"Coshocton, OH",2023,1269806.0
39031,"Coshocton, OH",2024,1333448.0
39033,"Crawford, OH",2019,1344710.0
39033,"Crawford, OH",2020,1290242.0
39033,"Crawford, OH",2021,1398655.0
39033,"Crawford, OH",2022,1326821.0
39033,"Crawford, OH",2023,1354423.0
39033,"Crawford, OH",2024,1318330.0
39035,"Cuyahoga, OH",2019,99597368.0
39035,"Cuyahoga, OH",2020,96237185.0
39035,"Cuyahoga, OH",2021,101629662.0
39035,"Cuyahoga, OH",2022,104904656.0
39035,"Cuyahoga, OH",2023,105424630.0
39035,"Cuyahoga, OH",2024,106977324.0
39037,"Darke, OH",2019,2020430.0
39037,"Darke, OH",2020,2003064.0
39037,"Darke, OH",2021,2146470.0
39037,"Darke, OH",2022,2131127.0
39037,"Darke, OH",2023,2255412.0
39037,"Darke, OH",2024,2540817.0
39039,"Defiance, OH",2019,1667729.0
39039,"Defiance, OH",2020,1583913.0
39039,"Defiance, OH",2021,1680466.0
39039,"Defiance, OH",2022,1690775.0
39039,"Defiance, OH",2023,1690965.0
39039,"Defiance, OH",2024,1685567.0
39041,"Delaware, OH",2019,13030264.0
39041,"Delaware, OH",2020,12779173.0
39041,"Delaware, OH",2021,13818691.0
39041,"Delaware, OH",2022,14399713.0
39041,"Delaware, OH",2023,14808874.0
39041,"Delaware, OH",2024,15418306.0
39043,"Erie, OH",2019,4319248.0
39043,"Erie, OH",2020,3660771.0
39043,"Erie, OH",2021,4110837.0
39043,"Erie, OH",2022,4055497.0
39043,"Erie, OH",2023,4019234.0
39043,"Erie, OH",2024,4101782.0
39045,"Fairfield, OH",2019,4618252.0
39045,"Fairfield, OH",2020,4583868.0
39045,"Fairfield, OH",2021,4913703.0
39045,"Fairfield, OH",2022,4940142.0
39045,"Fairfield, OH",2023,5083142.0
39045,"Fairfield, OH",2024,5194627.0
39047,"Fayette, OH",2019,1614942.0
39047,"Fayette, OH",2020,1666466.0
39047,"Fayette, OH",2021,1691731.0
39047,"Fayette, OH",2022,1638269.0
39047,"Fayette, OH",2023,1772310.0
39047,"Fayette, OH",2024,1627110.0
39049,"Franklin, OH",2019,100880619.0
39049,"Franklin, OH",2020,99553864.0
39049,"Franklin, OH",2021,106747730.0
39049,"Franklin, OH",2022,107897177.0
39049,"Franklin, OH",2023,109482270.0
39049,"Franklin, OH",2024,111942917.0
39051,"Fulton, OH",2019,1996488.0
39051,"Fulton, OH",2020,2039652.0
39051,"Fulton, OH",2021,2067255.0
39051,"Fulton, OH",2022,2080597.0
39051,"Fulton, OH",2023,2064050.0
39051,"Fulton, OH",2024,2024730.0
39053,"Gallia, OH",2019,2153747.0
39053,"Gallia, OH",2020,2017303.0
39053,"Gallia, OH",2021,2026614.0
39053,"Gallia, OH",2022,1865130.0
39053,"Gallia, OH",2023,2022673.0
39053,"Gallia, OH",2024,1812722.0
39055,"Geauga, OH",2019,4408974.0
39055,"Geauga, OH",2020,4088353.0
39055,"Geauga, OH",2021,4477013.0
39055,"Geauga, OH",2022,4196229.0
39055,"Geauga, OH",2023,4422877.0
39055,"Geauga, OH",2024,4595806.0
39057,"Greene, OH",2019,10094509.0
39057,"Greene, OH",2020,10212491.0
39057,"Greene, OH",2021,10775987.0
39057,"Greene, OH",2022,10783097.0
39057,"Greene, OH",2023,11340391.0
39057,"Greene, OH",2024,11887764.0
39059,"Guernsey, OH",2019,2173962.0
39059,"Guernsey, OH",2020,2150372.0
39059,"Guernsey, OH",2021,2060216.0
39059,"Guernsey, OH",2022,1888989.0
39059,"Guernsey, OH",2023,2722873.0
39059,"Guernsey, OH",2024,3077774.0
39061,"Hamilton, OH",2019,80119378.0
39061,"Hamilton, OH",2020,78470657.0
39061,"Hamilton, OH",2021,81514133.0
39061,"Hamilton, OH",2022,83363276.0
39061,"Hamilton, OH",2023,84632069.0
39061,"Hamilton, OH",2024,84686542.0
39063,"Hancock, OH",2019,5347892.0
39063,"Hancock, OH",2020,5189309.0
39063,"Hancock, OH",2021,5415542.0
39063,"Hancock, OH",2022,5530360.0
39063,"Hancock, OH",2023,5610959.0
39063,"Hancock, OH",2024,5625837.0
39065,"Hardin, OH",2019,883214.0
39065,"Hardin, OH",2020,860683.0
39065,"Hardin, OH",2021,924906.0
39065,"Hardin, OH",2022,945323.0
39065,"Hardin, OH",2023,984349.0
39065,"Hardin, OH",2024,1051471.0
39067,"Harrison, OH",2019,901819.0
39067,"Harrison, OH",2020,1035568.0
39067,"Harrison, OH",2021,918367.0
39067,"Harrison, OH",2022,801238.0
39067,"Harrison, OH",2023,1127352.0
39067,"Harrison, OH",2024,1286842.0
39069,"Henry, OH",2019,1448603.0
39069,"Henry, OH",2020,1413325.0
39069,"Henry, OH",2021,1414263.0
39069,"Henry, OH",2022,1256296.0
39069,"Henry, OH",2023,1232424.0
39069,"Henry, OH",2024,1212306.0
39071,"Highland, OH",2019,1298230.0
39071,"Highland, OH",2020,1339839.0
39071,"Highland, OH",2021,1373798.0
39071,"Highland, OH",2022,1323964.0
39071,"Highland, OH",2023,1345522.0
39071,"Highland, OH",2024,1393773.0
39073,"Hocking, OH",2019,629074.0
39073,"Hocking, OH",2020,611595.0
39073,"Hocking, OH",2021,631679.0
39073,"Hocking, OH",2022,625899.0
39073,"Hocking, OH",2023,617783.0
39073,"Hocking, OH",2024,634518.0
39075,"Holmes, OH",2019,2454547.0
39075,"Holmes, OH",2020,2472848.0
39075,"Holmes, OH",2021,2567922.0
39075,"Holmes, OH",2022,2574433.0
39075,"Holmes, OH",2023,2655272.0
39075,"Holmes, OH",2024,2795104.0
39077,"Huron, OH",2019,2251954.0
39077,"Huron, OH",2020,2250882.0
39077,"Huron, OH",2021,2335669.0
39077,"Huron, OH",2022,2260395.0
39077,"Huron, OH",2023,2268716.0
39077,"Huron, OH",2024,2227477.0
39079,"Jackson, OH",2019,1014365.0
39079,"Jackson, OH",2020,1038915.0
39079,"Jackson, OH",2021,1019667.0
39079,"Jackson, OH",2022,982107.0
39079,"Jackson, OH",2023,1003962.0
39079,"Jackson, OH",2024,1020138.0
39081,"Jefferson, OH",2019,3877911.0
39081,"Jefferson, OH",2020,3991881.0
39081,"Jefferson, OH",2021,3991719.0
39081,"Jefferson, OH",2022,3640598.0
39081,"Jefferson, OH",2023,4046666.0
39081,"Jefferson, OH",2024,3706700.0
39083,"Knox, OH",2019,2142188.0
39083,"Knox, OH",2020,2013534.0
39083,"Knox, OH",2021,2114650.0
39083,"Knox, OH",2022,2143860.0
39083,"Knox, OH",2023,2286451.0
39083,"Knox, OH",2024,2320555.0
39085,"Lake, OH",2019,11566135.0
39085,"Lake, OH",2020,11320955.0
39085,"Lake, OH",2021,11727598.0
39085,"Lake, OH",2022,11578407.0
39085,"Lake, OH",2023,11785043.0
39085,"Lake, OH",2024,12152688.0
39087,"Lawrence, OH",2019,1810240.0
39087,"Lawrence, OH",2020,1768909.0
39087,"Lawrence, OH",2021,1813669.0
39087,"Lawrence, OH",2022,1755156.0
39087,"Lawrence, OH",2023,1844667.0
39087,"Lawrence, OH",2024,1684471.0
39089,"Licking, OH",2019,6881663.0
39089,"Licking, OH",2020,7200631.0
39089,"Licking, OH",2021,7788445.0
39089,"Licking, OH",2022,7806805.0
39089,"Licking, OH",2023,8211904.0
39089,"Licking, OH",2024,8497691.0
39091,"Logan, OH",2019,2036559.0
39091,"Logan, OH",2020,1882998.0
39091,"Logan, OH",2021,2053336.0
39091,"Logan, OH",2022,2135698.0
39091,"Logan, OH",2023,2153490.0
39091,"Logan, OH",2024,2215672.0
39093,"Lorain, OH",2019,10942672.0
39093,"Lorain, OH",2020,10405844.0
39093,"Lorain, OH",2021,11075652.0
39093,"Lorain, OH",2022,10994116.0
39093,"Lorain, OH",2023,11243202.0
39093,"Lorain, OH",2024,11591666.0
39095,"Lucas, OH",2019,25567148.0
39095,"Lucas, OH",2020,23585222.0
39095,"Lucas, OH",2021,25833321.0
39095,"Lucas, OH",2022,25416558.0
39095,"Lucas, OH",2023,25550767.0
39095,"Lucas, OH",2024,26009545.0
39097,"Madison, OH",2019,1911882.0
39097,"Madison, OH",2020,1898388.0
39097,"Madison, OH",2021,2061934.0
39097,"Madison, OH",2022,2073601.0
39097,"Madison, OH",2023,2198862.0
39097,"Madison, OH",2024,2282781.0
39099,"Mahoning, OH",2019,9441961.0
39099,"Mahoning, OH",2020,9037227.0
39099,"Mahoning, OH",2021,9408594.0
39099,"Mahoning, OH",2022,9296844.0
39099,"Mahoning, OH",2023,9561351.0
39099,"Mahoning, OH",2024,9742263.0
39101,"Marion, OH",2019,2685096.0
39101,"Marion, OH",2020,2601542.0
39101,"Marion, OH",2021,2701725.0
39101,"Marion, OH",2022,2623231.0
39101,"Marion, OH",2023,2663536.0
39101,"Marion, OH",2024,2706215.0
39103,"Medina, OH",2019,7512259.0
39103,"Medina, OH",2020,7204268.0
39103,"Medina, OH",2021,7716899.0
39103,"Medina, OH",2022,7628144.0
39103,"Medina, OH",2023,7648626.0
39103,"Medina, OH",2024,7909477.0
39105,"Meigs, OH",2019,401767.0
39105,"Meigs, OH",2020,408454.0
39105,"Meigs, OH",2021,388926.0
39105,"Meigs, OH",2022,380351.0
39105,"Meigs, OH",2023,395229.0
39105,"Meigs, OH",2024,382265.0
39107,"Mercer, OH",2019,2291357.0
39107,"Mercer, OH",2020,2205004.0
39107,"Mercer, OH",2021,2307128.0
39107,"Mercer, OH",2022,2378646.0
39107,"Mercer, OH",2023,2600312.0
39107,"Mercer, OH",2024,3102542.0
39109,"Miami, OH",2019,4393171.0
39109,"Miami, OH",2020,4323295.0
39109,"Miami, OH",2021,4560123.0
39109,"Miami, OH",2022,4637876.0
39109,"Miami, OH",2023,4609440.0
39109,"Miami, OH",2024,4661218.0
39111,"Monroe, OH",2019,1080451.0
39111,"Monroe, OH",2020,1243685.0
39111,"Monroe, OH",2021,976194.0
39111,"Monroe, OH",2022,811623.0
39111,"Monroe, OH",2023,1004231.0
39111,"Monroe, OH",2024,930523.0
39113,"Montgomery, OH",2019,30030861.0
39113,"Montgomery, OH",2020,29408523.0
39113,"Montgomery, OH",2021,30450796.0
39113,"Montgomery, OH",2022,30819640.0
39113,"Montgomery, OH",2023,31277814.0
39113,"Montgomery, OH",2024,31884143.0
39115,"Morgan, OH",2019,332431.0
39115,"Morgan, OH",2020,340057.0
39115,"Morgan, OH",2021,384507.0
39115,"Morgan, OH",2022,374609.0
39115,"Morgan, OH",2023,377722.0
39115,"Morgan, OH",2024,379666.0
39117,"Morrow, OH",2019,673750.0
39117,"Morrow, OH",2020,655039.0
39117,"Morrow, OH",2021,674555.0
39117,"Morrow, OH",2022,670219.0
39117,"Morrow, OH",2023,689037.0
39117,"Morrow, OH",2024,697347.0
39119,"Muskingum, OH",2019,3694418.0
39119,"Muskingum, OH",2020,3722320.0
39119,"Muskingum, OH",2021,3899790.0
39119,"Muskingum, OH",2022,3902042.0
39119,"Muskingum, OH",2023,3978045.0
39119,"Muskingum, OH",2024,4029674.0
39121,"Noble, OH",2019,430033.0
39121,"Noble, OH",2020,414379.0
39121,"Noble, OH",2021,391438.0
39121,"Noble, OH",2022,377958.0
39121,"Noble, OH",2023,425651.0
39121,"Noble, OH",2024,466568.0
39123,"Ottawa, OH",2019,2063527.0
39123,"Ottawa, OH",2020,1981095.0
39123,"Ottawa, OH",2021,2064088.0
39123,"Ottawa, OH",2022,1921277.0
39123,"Ottawa, OH",2023,2054823.0
39123,"Ottawa, OH",2024,1998793.0
39125,"Paulding, OH",2019,563640.0
39125,"Paulding, OH",2020,573090.0
39125,"Paulding, OH",2021,607970.0
39125,"Paulding, OH",2022,588345.0
39125,"Paulding, OH",2023,610926.0
39125,"Paulding, OH",2024,587288.0
39127,"Perry, OH",2019,737244.0
39127,"Perry, OH",2020,720341.0
39127,"Perry, OH",2021,715903.0
39127,"Perry, OH",2022,700855.0
39127,"Perry, OH",2023,714761.0
39127,"Perry, OH",2024,698251.0
39129,"Pickaway, OH",2019,1787539.0
39129,"Pickaway, OH",2020,1849888.0
39129,"Pickaway, OH",2021,1997145.0
39129,"Pickaway, OH",2022,2012942.0
39129,"Pickaway, OH",2023,2016523.0
39129,"Pickaway, OH",2024,1939716.0
39131,"Pike, OH",2019,1118228.0
39131,"Pike, OH",2020,1070711.0
39131,"Pike, OH",2021,1102608.0
39131,"Pike, OH",2022,1138622.0
39131,"Pike, OH",2023,1124749.0
39131,"Pike, OH",2024,1158281.0
39133,"Portage, OH",2019,6423825.0
39133,"Portage, OH",2020,6266452.0
39133,"Portage, OH",2021,6484662.0
39133,"Portage, OH",2022,6501644.0
39133,"Portage, OH",2023,6593612.0
39133,"Portage, OH",2024,6662719.0
39135,"Preble, OH",2019,1137198.0
39135,"Preble, OH",2020,1143480.0
39135,"Preble, OH",2021,1278086.0
39135,"Preble, OH",2022,1279107.0
39135,"Preble, OH",2023,1233038.0
39135,"Preble, OH",2024,1188358.0
39137,"Putnam, OH",2019,1220975.0
39137,"Putnam, OH",2020,1230016.0
39137,"Putnam, OH",2021,1317966.0
39137,"Putnam, OH",2022,1301141.0
39137,"Putnam, OH",2023,1302958.0
39137,"Putnam, OH",2024,1245245.0
39139,"Richland, OH",2019,4586234.0
39139,"Richland, OH",2020,4404983.0
39139,"Richland, OH",2021,4604671.0
39139,"Richland, OH",2022,4588186.0
39139,"Richland, OH",2023,4626002.0
39139,"Richland, OH",2024,4665061.0
39141,"Ross, OH",2019,2906326.0
39141,"Ross, OH",2020,2823102.0
39141,"Ross, OH",2021,2982923.0
39141,"Ross, OH",2022,3041819.0
39141,"Ross, OH",2023,2945332.0
39141,"Ross, OH",2024,3069851.0
39143,"Sandusky, OH",2019,2842936.0
39143,"Sandusky, OH",2020,2738020.0
39143,"Sandusky, OH",2021,3032205.0
39143,"Sandusky, OH",2022,2947385.0
39143,"Sandusky, OH",2023,2928460.0
39143,"Sandusky, OH",2024,2989576.0
39145,"Scioto, OH",2019,2675077.0
39145,"Scioto, OH",2020,2461428.0
39145,"Scioto, OH",2021,2684768.0
39145,"Scioto, OH",2022,2650541.0
39145,"Scioto, OH",2023,2665419.0
39145,"Scioto, OH",2024,2715135.0
39147,"Seneca, OH",2019,1977384.0
39147,"Seneca, OH",2020,1974371.0
39147,"Seneca, OH",2021,2114138.0
39147,"Seneca, OH",2022,2033989.0
39147,"Seneca, OH",2023,2081761.0
39147,"Seneca, OH",2024,2059295.0
39149,"Shelby, OH",2019,3266380.0
39149,"Shelby, OH",2020,3107081.0
39149,"Shelby, OH",2021,3297173.0
39149,"Shelby, OH",2022,3309759.0
39149,"Shelby, OH",2023,3201156.0
39149,"Shelby, OH",2024,3227311.0
39151,"Stark, OH",2019,16977985.0
39151,"Stark, OH",2020,16042010.0
39151,"Stark, OH",2021,17282227.0
39151,"Stark, OH",2022,17069258.0
39151,"Stark, OH",2023,17386450.0
39151,"Stark, OH",2024,17756966.0
39153,"Summit, OH",2019,31050771.0
39153,"Summit, OH",2020,29885051.0
39153,"Summit, OH",2021,31294504.0
39153,"Summit, OH",2022,30963873.0
39153,"Summit, OH",2023,31311039.0
39153,"Summit, OH",2024,31733316.0
39155,"Trumbull, OH",2019,6994707.0
39155,"Trumbull, OH",2020,6652679.0
39155,"Trumbull, OH",2021,6925805.0
39155,"Trumbull, OH",2022,6952509.0
39155,"Trumbull, OH",2023,7325337.0
39155,"Trumbull, OH",2024,7581251.0
39157,"Tuscarawas, OH",2019,3811036.0
39157,"Tuscarawas, OH",2020,3699568.0
39157,"Tuscarawas, OH",2021,3854291.0
39157,"Tuscarawas, OH",2022,3709304.0
39157,"Tuscarawas, OH",2023,3878864.0
39157,"Tuscarawas, OH",2024,4033795.0
39159,"Union, OH",2019,4538234.0
39159,"Union, OH",2020,4411001.0
39159,"Union, OH",2021,4627494.0
39159,"Union, OH",2022,4791384.0
39159,"Union, OH",2023,4621133.0
39159,"Union, OH",2024,5036135.0
39161,"Van Wert, OH",2019,1303672.0
39161,"Van Wert, OH",2020,1230646.0
39161,"Van Wert, OH",2021,1304309.0
39161,"Van Wert, OH",2022,1348248.0
39161,"Van Wert, OH",2023,1344884.0
39161,"Van Wert, OH",2024,1305375.0
39163,"Vinton, OH",2019,313897.0
39163,"Vinton, OH",2020,289423.0
39163,"Vinton, OH",2021,303446.0
39163,"Vinton, OH",2022,351921.0
39163,"Vinton, OH",2023,414973.0
39163,"Vinton, OH",2024,407410.0
39165,"Warren, OH",2019,12725938.0
39165,"Warren, OH",2020,12349932.0
39165,"Warren, OH",2021,13925655.0
39165,"Warren, OH",2022,14039065.0
39165,"Warren, OH",2023,14313822.0
39165,"Warren, OH",2024,14967012.0
39167,"Washington, OH",2019,3560045.0
39167,"Washington, OH",2020,3446214.0
39167,"Washington, OH",2021,3544061.0
39167,"Washington, OH",2022,3483865.0
39167,"Washington, OH",2023,3603060.0
39167,"Washington, OH",2024,3725925.0
39169,"Wayne, OH",2019,6481395.0
39169,"Wayne, OH",2020,6399345.0
39169,"Wayne, OH",2021,6636680.0
39169,"Wayne, OH",2022,6590512.0
39169,"Wayne, OH",2023,6865151.0
39169,"Wayne, OH",2024,7056118.0
39171,"Williams, OH",2019,1805266.0
39171,"Williams, OH",2020,1707228.0
39171,"Williams, OH",2021,1764394.0
39171,"Williams, OH",2022,1724401.0
39171,"Williams, OH",2023,1704533.0
39171,"Williams, OH",2024,1650478.0
39173,"Wood, OH",2019,7639849.0
39173,"Wood, OH",2020,7277388.0
39173,"Wood, OH",2021,7836167.0
39173,"Wood, OH",2022,8060979.0
39173,"Wood, OH",2023,8130783.0
39173,"Wood, OH",2024,8326275.0
39175,"Wyandot, OH",2019,1063882.0
39175,"Wyandot, OH",2020,1042253.0
39175,"Wyandot, OH",2021,1090617.0
39175,"Wyandot, OH",2022,1069333.0
39175,"Wyandot, OH",2023,1097065.0
39175,"Wyandot, OH",2024,1059700.0
40001,"Adair, OK",2019,441199.0
40001,"Adair, OK",2020,395313.0
40001,"Adair, OK",2021,434175.0
40001,"Adair, OK",2022,448229.0
40001,"Adair, OK",2023,436294.0
40001,"Adair, OK",2024,457392.0
40003,"Alfalfa, OK",2019,442362.0
40003,"Alfalfa, OK",2020,464945.0
40003,"Alfalfa, OK",2021,399676.0
40003,"Alfalfa, OK",2022,350206.0
40003,"Alfalfa, OK",2023,400485.0
40003,"Alfalfa, OK",2024,343174.0
40005,"Atoka, OK",2019,371258.0
40005,"Atoka, OK",2020,369058.0
40005,"Atoka, OK",2021,354191.0
40005,"Atoka, OK",2022,346396.0
40005,"Atoka, OK",2023,354332.0
40005,"Atoka, OK",2024,378768.0
40007,"Beaver, OK",2019,424144.0
40007,"Beaver, OK",2020,379306.0
40007,"Beaver, OK",2021,421274.0
40007,"Beaver, OK",2022,402907.0
40007,"Beaver, OK",2023,422206.0
40007,"Beaver, OK",2024,422184.0
40009,"Beckham, OK",2019,1146760.0
40009,"Beckham, OK",2020,947620.0
40009,"Beckham, OK",2021,943295.0
40009,"Beckham, OK",2022,932726.0
40009,"Beckham, OK",2023,1080346.0
40009,"Beckham, OK",2024,1121039.0
40011,"Blaine, OK",2019,1492042.0
40011,"Blaine, OK",2020,1680947.0
40011,"Blaine, OK",2021,1282934.0
40011,"Blaine, OK",2022,1303750.0
40011,"Blaine, OK",2023,1588560.0
40011,"Blaine, OK",2024,1230516.0
40013,"Bryan, OK",2019,1692862.0
40013,"Bryan, OK",2020,1778062.0
40013,"Bryan, OK",2021,1831066.0
40013,"Bryan, OK",2022,1964975.0
40013,"Bryan, OK",2023,2045055.0
40013,"Bryan, OK",2024,2035380.0
40015,"Caddo, OK",2019,1008698.0
40015,"Caddo, OK",2020,957723.0
40015,"Caddo, OK",2021,952797.0
40015,"Caddo, OK",2022,922501.0
40015,"Caddo, OK",2023,1016864.0
40015,"Caddo, OK",2024,1013047.0
40017,"Canadian, OK",2019,6204090.0
40017,"Canadian, OK",2020,5739869.0
40017,"Canadian, OK",2021,5832248.0
40017,"Canadian, OK",2022,6103148.0
40017,"Canadian, OK",2023,6946910.0
40017,"Canadian, OK",2024,7050877.0
40019,"Carter, OK",2019,2938766.0
40019,"Carter, OK",2020,2683135.0
40019,"Carter, OK",2021,2724507.0
40019,"Carter, OK",2022,2616404.0
40019,"Carter, OK",2023,3078152.0
40019,"Carter, OK",2024,3110991.0
40021,"Cherokee, OK",2019,1248513.0
40021,"Cherokee, OK",2020,1281988.0
40021,"Cherokee, OK",2021,1371819.0
40021,"Cherokee, OK",2022,1402552.0
40021,"Cherokee, OK",2023,1442309.0
40021,"Cherokee, OK",2024,1501185.0
40023,"Choctaw, OK",2019,365273.0
40023,"Choctaw, OK",2020,346427.0
40023,"Choctaw, OK",2021,406018.0
40023,"Choctaw, OK",2022,401167.0
40023,"Choctaw, OK",2023,406683.0
40023,"Choctaw, OK",2024,449172.0
40025,"Cimarron, OK",2019,207432.0
40025,"Cimarron, OK",2020,183251.0
40025,"Cimarron, OK",2021,180825.0
40025,"Cimarron, OK",2022,178358.0
40025,"Cimarron, OK",2023,243884.0
40025,"Cimarron, OK",2024,197547.0
40027,"Cleveland, OK",2019,8495475.0
40027,"Cleveland, OK",2020,8652529.0
40027,"Cleveland, OK",2021,9114968.0
40027,"Cleveland, OK",2022,9397023.0
40027,"Cleveland, OK",2023,9699762.0
40027,"Cleveland, OK",2024,9660151.0
40029,"Coal, OK",2019,341589.0
40029,"Coal, OK",2020,313599.0
40029,"Coal, OK",2021,297696.0
40029,"Coal, OK",2022,274368.0
40029,"Coal, OK",2023,288427.0
40029,"Coal, OK",2024,250291.0
40031,"Comanche, OK",2019,5116048.0
40031,"Comanche, OK",2020,4988253.0
40031,"Comanche, OK",2021,5223865.0
40031,"Comanche, OK",2022,5144570.0
40031,"Comanche, OK",2023,5185604.0
40031,"Comanche, OK",2024,5352745.0
40033,"Cotton, OK",2019,153897.0
40033,"Cotton, OK",2020,142019.0
40033,"Cotton, OK",2021,142270.0
40033,"Cotton, OK",2022,160626.0
40033,"Cotton, OK",2023,168776.0
40033,"Cotton, OK",2024,162560.0
40035,"Craig, OK",2019,476171.0
40035,"Craig, OK",2020,439427.0
40035,"Craig, OK",2021,439400.0
40035,"Craig, OK",2022,446190.0
40035,"Craig, OK",2023,461221.0
40035,"Craig, OK",2024,459225.0
40037,"Creek, OK",2019,2101765.0
40037,"Creek, OK",2020,1953259.0
40037,"Creek, OK",2021,2060925.0
40037,"Creek, OK",2022,1968352.0
40037,"Creek, OK",2023,2133161.0
40037,"Creek, OK",2024,2197488.0
40039,"Custer, OK",2019,1707142.0
40039,"Custer, OK",2020,1520482.0
40039,"Custer, OK",2021,1506336.0
40039,"Custer, OK",2022,1514178.0
40039,"Custer, OK",2023,1660780.0
40039,"Custer, OK",2024,1498133.0
40041,"Delaware, OK",2019,934591.0
40041,"Delaware, OK",2020,833133.0
40041,"Delaware, OK",2021,897744.0
40041,"Delaware, OK",2022,1007356.0
40041,"Delaware, OK",2023,1017667.0
40041,"Delaware, OK",2024,1035255.0
40043,"Dewey, OK",2019,811369.0
40043,"Dewey, OK",2020,628144.0
40043,"Dewey, OK",2021,577122.0
40043,"Dewey, OK",2022,597023.0
40043,"Dewey, OK",2023,728045.0
40043,"Dewey, OK",2024,653438.0
40045,"Ellis, OK",2019,678011.0
40045,"Ellis, OK",2020,593145.0
40045,"Ellis, OK",2021,503203.0
40045,"Ellis, OK",2022,538204.0
40045,"Ellis, OK",2023,854829.0
40045,"Ellis, OK",2024,943107.0
40047,"Garfield, OK",2019,2843513.0
40047,"Garfield, OK",2020,2688142.0
40047,"Garfield, OK",2021,2984761.0
40047,"Garfield, OK",2022,2930598.0
40047,"Garfield, OK",2023,3093136.0
40047,"Garfield, OK",2024,3095702.0
40049,"Garvin, OK",2019,2021642.0
40049,"Garvin, OK",2020,1849066.0
40049,"Garvin, OK",2021,1913122.0
40049,"Garvin, OK",2022,1675127.0
40049,"Garvin, OK",2023,1900212.0
40049,"Garvin, OK",2024,1740768.0
40051,"Grady, OK",2019,3124167.0
40051,"Grady, OK",2020,3063759.0
40051,"Grady, OK",2021,2913459.0
40051,"Grady, OK",2022,3358593.0
40051,"Grady, OK",2023,3939101.0
40051,"Grady, OK",2024,3634954.0
40053,"Grant, OK",2019,297106.0
40053,"Grant, OK",2020,289309.0
40053,"Grant, OK",2021,279256.0
40053,"Grant, OK",2022,270079.0
40053,"Grant, OK",2023,279411.0
40053,"Grant, OK",2024,254093.0
40055,"Greer, OK",2019,97318.0
40055,"Greer, OK",2020,94509.0
40055,"Greer, OK",2021,91099.0
40055,"Greer, OK",2022,107971.0
40055,"Greer, OK",2023,104273.0
40055,"Greer, OK",2024,97830.0
40057,"Harmon, OK",2019,82988.0
40057,"Harmon, OK",2020,76058.0
40057,"Harmon, OK",2021,77034.0
40057,"Harmon, OK",2022,102680.0
40057,"Harmon, OK",2023,103175.0
40057,"Harmon, OK",2024,111999.0
40059,"Harper, OK",2019,255980.0
40059,"Harper, OK",2020,212349.0
40059,"Harper, OK",2021,197363.0
40059,"Harper, OK",2022,195644.0
40059,"Harper, OK",2023,227462.0
40059,"Harper, OK",2024,254938.0
40061,"Haskell, OK",2019,348288.0
40061,"Haskell, OK",2020,319081.0
40061,"Haskell, OK",2021,341926.0
40061,"Haskell, OK",2022,349497.0
40061,"Haskell, OK",2023,359563.0
40061,"Haskell, OK",2024,344841.0
40063,"Hughes, OK",2019,879697.0
40063,"Hughes, OK",2020,717025.0
40063,"Hughes, OK",2021,817232.0
40063,"Hughes, OK",2022,697704.0
40063,"Hughes, OK",2023,694542.0
40063,"Hughes, OK",2024,726597.0
40065,"Jackson, OK",2019,1068003.0
40065,"Jackson, OK",2020,1056677.0
40065,"Jackson, OK",2021,1101035.0
40065,"Jackson, OK",2022,1174747.0
40065,"Jackson, OK",2023,1159081.0
40065,"Jackson, OK",2024,1158626.0
40067,"Jefferson, OK",2019,123256.0
40067,"Jefferson, OK",2020,123370.0
40067,"Jefferson, OK",2021,105139.0
40067,"Jefferson, OK",2022,117824.0
40067,"Jefferson, OK",2023,124430.0
40067,"Jefferson, OK",2024,123928.0
40069,"Johnston, OK",2019,475014.0
40069,"Johnston, OK",2020,465635.0
40069,"Johnston, OK",2021,448893.0
40069,"Johnston, OK",2022,469553.0
40069,"Johnston, OK",2023,536797.0
40069,"Johnston, OK",2024,480197.0
40071,"Kay, OK",2019,1815808.0
40071,"Kay, OK",2020,1790559.0
40071,"Kay, OK",2021,1855968.0
40071,"Kay, OK",2022,1865335.0
40071,"Kay, OK",2023,1869771.0
40071,"Kay, OK",2024,1856105.0
40073,"Kingfisher, OK",2019,3041233.0
40073,"Kingfisher, OK",2020,2933956.0
40073,"Kingfisher, OK",2021,2332958.0
40073,"Kingfisher, OK",2022,2481263.0
40073,"Kingfisher, OK",2023,2940968.0
40073,"Kingfisher, OK",2024,2675889.0
40075,"Kiowa, OK",2019,245080.0
40075,"Kiowa, OK",2020,244949.0
40075,"Kiowa, OK",2021,238710.0
40075,"Kiowa, OK",2022,243592.0
40075,"Kiowa, OK",2023,218349.0
40075,"Kiowa, OK",2024,191566.0
40077,"Latimer, OK",2019,325953.0
40077,"Latimer, OK",2020,320646.0
40077,"Latimer, OK",2021,304748.0
40077,"Latimer, OK",2022,285888.0
40077,"Latimer, OK",2023,283892.0
40077,"Latimer, OK",2024,251932.0
40079,"Le Flore, OK",2019,1424112.0
40079,"Le Flore, OK",2020,1303007.0
40079,"Le Flore, OK",2021,1334689.0
40079,"Le Flore, OK",2022,1406404.0
40079,"Le Flore, OK",2023,1365298.0
40079,"Le Flore, OK",2024,1391369.0
40081,"Lincoln, OK",2019,884789.0
40081,"Lincoln, OK",2020,843525.0
40081,"Lincoln, OK",2021,864033.0
40081,"Lincoln, OK",2022,754739.0
40081,"Lincoln, OK",2023,780759.0
40081,"Lincoln, OK",2024,770561.0
40083,"Logan, OK",2019,930467.0
40083,"Logan, OK",2020,867221.0
40083,"Logan, OK",2021,881377.0
40083,"Logan, OK",2022,899673.0
40083,"Logan, OK",2023,942521.0
40083,"Logan, OK",2024,1007531.0
40085,"Love, OK",2019,613811.0
40085,"Love, OK",2020,618987.0
40085,"Love, OK",2021,609241.0
40085,"Love, OK",2022,628408.0
40085,"Love, OK",2023,736823.0
40085,"Love, OK",2024,726602.0
40087,"McClain, OK",2019,1671142.0
40087,"McClain, OK",2020,1604290.0
40087,"McClain, OK",2021,1511233.0
40087,"McClain, OK",2022,1524934.0
40087,"McClain, OK",2023,1994262.0
40087,"McClain, OK",2024,1967319.0
40089,"McCurtain, OK",2019,1055271.0
40089,"McCurtain, OK",2020,1077430.0
40089,"McCurtain, OK",2021,1231954.0
40089,"McCurtain, OK",2022,1260652.0
40089,"McCurtain, OK",2023,1269256.0
40089,"McCurtain, OK",2024,1349481.0
40091,"McIntosh, OK",2019,398410.0
40091,"McIntosh, OK",2020,393210.0
40091,"McIntosh, OK",2021,387326.0
40091,"McIntosh, OK",2022,382074.0
40091,"McIntosh, OK",2023,387112.0
40091,"McIntosh, OK",2024,389583.0
40093,"Major, OK",2019,697108.0
40093,"Major, OK",2020,528523.0
40093,"Major, OK",2021,482279.0
40093,"Major, OK",2022,454955.0
40093,"Major, OK",2023,585659.0
40093,"Major, OK",2024,566264.0
40095,"Marshall, OK",2019,532943.0
40095,"Marshall, OK",2020,523837.0
40095,"Marshall, OK",2021,529512.0
40095,"Marshall, OK",2022,531881.0
40095,"Marshall, OK",2023,605349.0
40095,"Marshall, OK",2024,597041.0
40097,"Mayes, OK",2019,1881653.0
40097,"Mayes, OK",2020,1935908.0
40097,"Mayes, OK",2021,1923780.0
40097,"Mayes, OK",2022,2000880.0
40097,"Mayes, OK",2023,2136465.0
40097,"Mayes, OK",2024,2136054.0
40099,"Murray, OK",2019,523669.0
40099,"Murray, OK",2020,496824.0
40099,"Murray, OK",2021,481376.0
40099,"Murray, OK",2022,501349.0
40099,"Murray, OK",2023,557018.0
40099,"Murray, OK",2024,546422.0
40101,"Muskogee, OK",2019,2783947.0
40101,"Muskogee, OK",2020,2747448.0
40101,"Muskogee, OK",2021,2793873.0
40101,"Muskogee, OK",2022,2835760.0
40101,"Muskogee, OK",2023,2801953.0
40101,"Muskogee, OK",2024,2857882.0
40103,"Noble, OK",2019,735796.0
40103,"Noble, OK",2020,627868.0
40103,"Noble, OK",2021,641425.0
40103,"Noble, OK",2022,640951.0
40103,"Noble, OK",2023,627167.0
40103,"Noble, OK",2024,639049.0
40105,"Nowata, OK",2019,183265.0
40105,"Nowata, OK",2020,185844.0
40105,"Nowata, OK",2021,185914.0
40105,"Nowata, OK",2022,201165.0
40105,"Nowata, OK",2023,214863.0
40105,"Nowata, OK",2024,204670.0
40107,"Okfuskee, OK",2019,262050.0
40107,"Okfuskee, OK",2020,230687.0
40107,"Okfuskee, OK",2021,234158.0
40107,"Okfuskee, OK",2022,217189.0
40107,"Okfuskee, OK",2023,245018.0
40107,"Okfuskee, OK",2024,244533.0
40109,"Oklahoma, OK",2019,57021005.0
40109,"Oklahoma, OK",2020,55332521.0
40109,"Oklahoma, OK",2021,55749655.0
40109,"Oklahoma, OK",2022,54293678.0
40109,"Oklahoma, OK",2023,56644297.0
40109,"Oklahoma, OK",2024,57603238.0
40111,"Okmulgee, OK",2019,851814.0
40111,"Okmulgee, OK",2020,857021.0
40111,"Okmulgee, OK",2021,821806.0
40111,"Okmulgee, OK",2022,875493.0
40111,"Okmulgee, OK",2023,878151.0
40111,"Okmulgee, OK",2024,902917.0
40113,"Osage, OK",2019,1021892.0
40113,"Osage, OK",2020,935149.0
40113,"Osage, OK",2021,1041095.0
40113,"Osage, OK",2022,972803.0
40113,"Osage, OK",2023,1130919.0
40113,"Osage, OK",2024,1107006.0
40115,"Ottawa, OK",2019,1047404.0
40115,"Ottawa, OK",2020,1014906.0
40115,"Ottawa, OK",2021,1079053.0
40115,"Ottawa, OK",2022,1099487.0
40115,"Ottawa, OK",2023,1100083.0
40115,"Ottawa, OK",2024,1118209.0
40117,"Pawnee, OK",2019,379440.0
40117,"Pawnee, OK",2020,346351.0
40117,"Pawnee, OK",2021,354298.0
40117,"Pawnee, OK",2022,345833.0
40117,"Pawnee, OK",2023,369693.0
40117,"Pawnee, OK",2024,367325.0
40119,"Payne, OK",2019,3346984.0
40119,"Payne, OK",2020,3185737.0
40119,"Payne, OK",2021,3284475.0
40119,"Payne, OK",2022,3426167.0
40119,"Payne, OK",2023,3459791.0
40119,"Payne, OK",2024,3527641.0
40121,"Pittsburg, OK",2019,2195804.0
40121,"Pittsburg, OK",2020,1975175.0
40121,"Pittsburg, OK",2021,1903100.0
40121,"Pittsburg, OK",2022,2029539.0
40121,"Pittsburg, OK",2023,2071367.0
40121,"Pittsburg, OK",2024,1917474.0
40123,"Pontotoc, OK",2019,2021368.0
40123,"Pontotoc, OK",2020,1995143.0
40123,"Pontotoc, OK",2021,2057202.0
40123,"Pontotoc, OK",2022,2129603.0
40123,"Pontotoc, OK",2023,2194674.0
40123,"Pontotoc, OK",2024,2235722.0
40125,"Pottawatomie, OK",2019,2284078.0
40125,"Pottawatomie, OK",2020,2180840.0
40125,"Pottawatomie, OK",2021,2510627.0
40125,"Pottawatomie, OK",2022,2148759.0
40125,"Pottawatomie, OK",2023,2119910.0
40125,"Pottawatomie, OK",2024,2139848.0
40127,"Pushmataha, OK",2019,225527.0
40127,"Pushmataha, OK",2020,242039.0
40127,"Pushmataha, OK",2021,260490.0
40127,"Pushmataha, OK",2022,244812.0
40127,"Pushmataha, OK",2023,245018.0
40127,"Pushmataha, OK",2024,244976.0
40129,"Roger Mills, OK",2019,463854.0
40129,"Roger Mills, OK",2020,398292.0
40129,"Roger Mills, OK",2021,356902.0
40129,"Roger Mills, OK",2022,334987.0
40129,"Roger Mills, OK",2023,367494.0
40129,"Roger Mills, OK",2024,387885.0
40131,"Rogers, OK",2019,3569690.0
40131,"Rogers, OK",2020,3335851.0
40131,"Rogers, OK",2021,3423944.0
40131,"Rogers, OK",2022,3400014.0
40131,"Rogers, OK",2023,3524110.0
40131,"Rogers, OK",2024,3652457.0
40133,"Seminole, OK",2019,804648.0
40133,"Seminole, OK",2020,779142.0
40133,"Seminole, OK",2021,753795.0
40133,"Seminole, OK",2022,731956.0
40133,"Seminole, OK",2023,832231.0
40133,"Seminole, OK",2024,804408.0
40135,"Sequoyah, OK",2019,788938.0
40135,"Sequoyah, OK",2020,747707.0
40135,"Sequoyah, OK",2021,775356.0
40135,"Sequoyah, OK",2022,727888.0
40135,"Sequoyah, OK",2023,756129.0
40135,"Sequoyah, OK",2024,736437.0
40137,"Stephens, OK",2019,2156149.0
40137,"Stephens, OK",2020,2019824.0
40137,"Stephens, OK",2021,2045139.0
40137,"Stephens, OK",2022,1963783.0
40137,"Stephens, OK",2023,2375772.0
40137,"Stephens, OK",2024,2432037.0
40139,"Texas, OK",2019,1884228.0
40139,"Texas, OK",2020,1784133.0
40139,"Texas, OK",2021,2009793.0
40139,"Texas, OK",2022,1735104.0
40139,"Texas, OK",2023,1921356.0
40139,"Texas, OK",2024,2123187.0
40141,"Tillman, OK",2019,214511.0
40141,"Tillman, OK",2020,163171.0
40141,"Tillman, OK",2021,175550.0
40141,"Tillman, OK",2022,155625.0
40141,"Tillman, OK",2023,131674.0
40141,"Tillman, OK",2024,130276.0
40143,"Tulsa, OK",2019,42747171.0
40143,"Tulsa, OK",2020,40138095.0
40143,"Tulsa, OK",2021,42200152.0
40143,"Tulsa, OK",2022,42348121.0
40143,"Tulsa, OK",2023,44509363.0
40143,"Tulsa, OK",2024,46528460.0
40145,"Wagoner, OK",2019,1367508.0
40145,"Wagoner, OK",2020,1394679.0
40145,"Wagoner, OK",2021,1328855.0
40145,"Wagoner, OK",2022,1311181.0
40145,"Wagoner, OK",2023,1458643.0
40145,"Wagoner, OK",2024,1494243.0
40147,"Washington, OK",2019,3053892.0
40147,"Washington, OK",2020,2804771.0
40147,"Washington, OK",2021,2599216.0
40147,"Washington, OK",2022,2585611.0
40147,"Washington, OK",2023,3161157.0
40147,"Washington, OK",2024,3743470.0
40149,"Washita, OK",2019,391541.0
40149,"Washita, OK",2020,347957.0
40149,"Washita, OK",2021,345291.0
40149,"Washita, OK",2022,339135.0
40149,"Washita, OK",2023,348595.0
40149,"Washita, OK",2024,319401.0
40151,"Woods, OK",2019,608434.0
40151,"Woods, OK",2020,604637.0
40151,"Woods, OK",2021,551479.0
40151,"Woods, OK",2022,538870.0
40151,"Woods, OK",2023,629877.0
40151,"Woods, OK",2024,615793.0
40153,"Woodward, OK",2019,1197516.0
40153,"Woodward, OK",2020,1161057.0
40153,"Woodward, OK",2021,1147802.0
40153,"Woodward, OK",2022,1170241.0
40153,"Woodward, OK",2023,1214089.0
40153,"Woodward, OK",2024,1192351.0
41001,"Baker, OR",2019,556012.0
41001,"Baker, OR",2020,558310.0
41001,"Baker, OR",2021,556115.0
41001,"Baker, OR",2022,585731.0
41001,"Baker, OR",2023,618153.0
41001,"Baker, OR",2024,659181.0
41003,"Benton, OR",2019,4589245.0
41003,"Benton, OR",2020,4485137.0
41003,"Benton, OR",2021,4726102.0
41003,"Benton, OR",2022,4892566.0
41003,"Benton, OR",2023,4951685.0
41003,"Benton, OR",2024,5064774.0
41005,"Clackamas, OR",2019,21479537.0
41005,"Clackamas, OR",2020,21040247.0
41005,"Clackamas, OR",2021,22403591.0
41005,"Clackamas, OR",2022,23062998.0
41005,"Clackamas, OR",2023,23377995.0
41005,"Clackamas, OR",2024,23938822.0
41007,"Clatsop, OR",2019,1893576.0
41007,"Clatsop, OR",2020,1914833.0
41007,"Clatsop, OR",2021,1997577.0
41007,"Clatsop, OR",2022,1939009.0
41007,"Clatsop, OR",2023,1975155.0
41007,"Clatsop, OR",2024,2006105.0
41009,"Columbia, OR",2019,1331728.0
41009,"Columbia, OR",2020,1373022.0
41009,"Columbia, OR",2021,1468981.0
41009,"Columbia, OR",2022,1467200.0
41009,"Columbia, OR",2023,1560299.0
41009,"Columbia, OR",2024,1573562.0
41011,"Coos, OR",2019,2376834.0
41011,"Coos, OR",2020,2297036.0
41011,"Coos, OR",2021,2415614.0
41011,"Coos, OR",2022,2406764.0
41011,"Coos, OR",2023,2442504.0
41011,"Coos, OR",2024,2513157.0
41013,"Crook, OR",2019,848090.0
41013,"Crook, OR",2020,900334.0
41013,"Crook, OR",2021,1012967.0
41013,"Crook, OR",2022,1174628.0
41013,"Crook, OR",2023,1287902.0
41013,"Crook, OR",2024,1443018.0
41015,"Curry, OR",2019,686660.0
41015,"Curry, OR",2020,667386.0
41015,"Curry, OR",2021,704683.0
41015,"Curry, OR",2022,686578.0
41015,"Curry, OR",2023,709349.0
41015,"Curry, OR",2024,718528.0
41017,"Deschutes, OR",2019,10449613.0
41017,"Deschutes, OR",2020,10425322.0
41017,"Deschutes, OR",2021,11529428.0
41017,"Deschutes, OR",2022,11915421.0
41017,"Deschutes, OR",2023,12346752.0
41017,"Deschutes, OR",2024,13055367.0
41019,"Douglas, OR",2019,3738952.0
41019,"Douglas, OR",2020,3740901.0
41019,"Douglas, OR",2021,3942338.0
41019,"Douglas, OR",2022,3794980.0
41019,"Douglas, OR",2023,3897669.0
41019,"Douglas, OR",2024,4022460.0
41021,"Gilliam, OR",2019,239631.0
41021,"Gilliam, OR",2020,322535.0
41021,"Gilliam, OR",2021,293764.0
41021,"Gilliam, OR",2022,286419.0
41021,"Gilliam, OR",2023,341231.0
41021,"Gilliam, OR",2024,349322.0
41023,"Grant, OR",2019,258767.0
41023,"Grant, OR",2020,258598.0
41023,"Grant, OR",2021,269444.0
41023,"Grant, OR",2022,282907.0
41023,"Grant, OR",2023,286621.0
41023,"Grant, OR",2024,295946.0
41025,"Harney, OR",2019,270219.0
41025,"Harney, OR",2020,277984.0
41025,"Harney, OR",2021,305805.0
41025,"Harney, OR",2022,318815.0
41025,"Harney, OR",2023,343439.0
41025,"Harney, OR",2024,382182.0
41027,"Hood River, OR",2019,1245283.0
41027,"Hood River, OR",2020,1175723.0
41027,"Hood River, OR",2021,1299238.0
41027,"Hood River, OR",2022,1255219.0
41027,"Hood River, OR",2023,1311421.0
41027,"Hood River, OR",2024,1405739.0
41029,"Jackson, OR",2019,9377950.0
41029,"Jackson, OR",2020,9371219.0
41029,"Jackson, OR",2021,10024328.0
41029,"Jackson, OR",2022,9855556.0
41029,"Jackson, OR",2023,10130801.0
41029,"Jackson, OR",2024,10536558.0
41031,"Jefferson, OR",2019,757336.0
41031,"Jefferson, OR",2020,751175.0
41031,"Jefferson, OR",2021,768362.0
41031,"Jefferson, OR",2022,782318.0
41031,"Jefferson, OR",2023,856788.0
41031,"Jefferson, OR",2024,881061.0
41033,"Josephine, OR",2019,2949509.0
41033,"Josephine, OR",2020,2907168.0
41033,"Josephine, OR",2021,3068229.0
41033,"Josephine, OR",2022,2920767.0
41033,"Josephine, OR",2023,2948432.0
41033,"Josephine, OR",2024,3043019.0
41035,"Klamath, OR",2019,2394334.0
41035,"Klamath, OR",2020,2371639.0
41035,"Klamath, OR",2021,2493499.0
41035,"Klamath, OR",2022,2441816.0
41035,"Klamath, OR",2023,2591256.0
41035,"Klamath, OR",2024,2753034.0
41037,"Lake, OR",2019,313840.0
41037,"Lake, OR",2020,309053.0
41037,"Lake, OR",2021,314999.0
41037,"Lake, OR",2022,311474.0
41037,"Lake, OR",2023,366428.0
41037,"Lake, OR",2024,373242.0
41039,"Lane, OR",2019,16370571.0
41039,"Lane, OR",2020,16270873.0
41039,"Lane, OR",2021,17439025.0
41039,"Lane, OR",2022,17498035.0
41039,"Lane, OR",2023,17990374.0
41039,"Lane, OR",2024,18362925.0
41041,"Lincoln, OR",2019,1937833.0
41041,"Lincoln, OR",2020,1921331.0
41041,"Lincoln, OR",2021,1998582.0
41041,"Lincoln, OR",2022,2016512.0
41041,"Lincoln, OR",2023,2083006.0
41041,"Lincoln, OR",2024,2128651.0
41043,"Linn, OR",2019,4930998.0
41043,"Linn, OR",2020,4852033.0
41043,"Linn, OR",2021,4934752.0
41043,"Linn, OR",2022,4985971.0
41043,"Linn, OR",2023,5275940.0
41043,"Linn, OR",2024,5398113.0
41045,"Malheur, OR",2019,1265808.0
41045,"Malheur, OR",2020,1265739.0
41045,"Malheur, OR",2021,1192020.0
41045,"Malheur, OR",2022,1231233.0
41045,"Malheur, OR",2023,1200284.0
41045,"Malheur, OR",2024,1196776.0
41047,"Marion, OR",2019,16535324.0
41047,"Marion, OR",2020,16598933.0
41047,"Marion, OR",2021,17675186.0
41047,"Marion, OR",2022,17880904.0
41047,"Marion, OR",2023,18002793.0
41047,"Marion, OR",2024,18554602.0
41049,"Morrow, OR",2019,1479277.0
41049,"Morrow, OR",2020,1391250.0
41049,"Morrow, OR",2021,1335780.0
41049,"Morrow, OR",2022,1410077.0
41049,"Morrow, OR",2023,1564033.0
41049,"Morrow, OR",2024,1737025.0
41051,"Multnomah, OR",2019,68883082.0
41051,"Multnomah, OR",2020,66859925.0
41051,"Multnomah, OR",2021,70173871.0
41051,"Multnomah, OR",2022,71457989.0
41051,"Multnomah, OR",2023,72287291.0
41051,"Multnomah, OR",2024,72671698.0
41053,"Polk, OR",2019,2086554.0
41053,"Polk, OR",2020,2001105.0
41053,"Polk, OR",2021,2154472.0
41053,"Polk, OR",2022,2141422.0
41053,"Polk, OR",2023,2220539.0
41053,"Polk, OR",2024,2457746.0
41055,"Sherman, OR",2019,516130.0
41055,"Sherman, OR",2020,553061.0
41055,"Sherman, OR",2021,523190.0
41055,"Sherman, OR",2022,587821.0
41055,"Sherman, OR",2023,585005.0
41055,"Sherman, OR",2024,594867.0
41057,"Tillamook, OR",2019,1192181.0
41057,"Tillamook, OR",2020,1254265.0
41057,"Tillamook, OR",2021,1204989.0
41057,"Tillamook, OR",2022,1151018.0
41057,"Tillamook, OR",2023,1147160.0
41057,"Tillamook, OR",2024,1128481.0
41059,"Umatilla, OR",2019,3374455.0
41059,"Umatilla, OR",2020,3375394.0
41059,"Umatilla, OR",2021,3445554.0
41059,"Umatilla, OR",2022,3539354.0
41059,"Umatilla, OR",2023,3706412.0
41059,"Umatilla, OR",2024,3509938.0
41061,"Union, OR",2019,978973.0
41061,"Union, OR",2020,968742.0
41061,"Union, OR",2021,1014317.0
41061,"Union, OR",2022,1021799.0
41061,"Union, OR",2023,1061864.0
41061,"Union, OR",2024,1057169.0
41063,"Wallowa, OR",2019,339966.0
41063,"Wallowa, OR",2020,318052.0
41063,"Wallowa, OR",2021,339278.0
41063,"Wallowa, OR",2022,360813.0
41063,"Wallowa, OR",2023,404947.0
41063,"Wallowa, OR",2024,484792.0
41065,"Wasco, OR",2019,1520222.0
41065,"Wasco, OR",2020,1555905.0
41065,"Wasco, OR",2021,1634069.0
41065,"Wasco, OR",2022,1735561.0
41065,"Wasco, OR",2023,1822289.0
41065,"Wasco, OR",2024,2013069.0
41067,"Washington, OR",2019,48857179.0
41067,"Washington, OR",2020,48612449.0
41067,"Washington, OR",2021,52362243.0
41067,"Washington, OR",2022,53001053.0
41067,"Washington, OR",2023,52240378.0
41067,"Washington, OR",2024,52860270.0
41069,"Wheeler, OR",2019,33264.0
41069,"Wheeler, OR",2020,33509.0
41069,"Wheeler, OR",2021,32513.0
41069,"Wheeler, OR",2022,38246.0
41069,"Wheeler, OR",2023,45002.0
41069,"Wheeler, OR",2024,41746.0
41071,"Yamhill, OR",2019,3738770.0
41071,"Yamhill, OR",2020,3671680.0
41071,"Yamhill, OR",2021,3900629.0
41071,"Yamhill, OR",2022,3871607.0
41071,"Yamhill, OR",2023,3966591.0
41071,"Yamhill, OR",2024,4012979.0
42001,"Adams, PA",2019,3846736.0
42001,"Adams, PA",2020,3663444.0
42001,"Adams, PA",2021,3761986.0
42001,"Adams, PA",2022,3736589.0
42001,"Adams, PA",2023,3597077.0
42001,"Adams, PA",2024,3626431.0
42003,"Allegheny, PA",2019,102901477.0
42003,"Allegheny, PA",2020,98016431.0
42003,"Allegheny, PA",2021,101687892.0
42003,"Allegheny, PA",2022,103222969.0
42003,"Allegheny, PA",2023,105513404.0
42003,"Allegheny, PA",2024,107180697.0
42005,"Armstrong, PA",2019,2205815.0
42005,"Armstrong, PA",2020,2062039.0
42005,"Armstrong, PA",2021,1998562.0
42005,"Armstrong, PA",2022,1940681.0
42005,"Armstrong, PA",2023,1960696.0
42005,"Armstrong, PA",2024,2196207.0
42007,"Beaver, PA",2019,7448832.0
42007,"Beaver, PA",2020,6904514.0
42007,"Beaver, PA",2021,6851889.0
42007,"Beaver, PA",2022,6288608.0
42007,"Beaver, PA",2023,6112585.0
42007,"Beaver, PA",2024,6137813.0
42009,"Bedford, PA",2019,1496698.0
42009,"Bedford, PA",2020,1384690.0
42009,"Bedford, PA",2021,1476667.0
42009,"Bedford, PA",2022,1482826.0
42009,"Bedford, PA",2023,1472374.0
42009,"Bedford, PA",2024,1508888.0
42011,"Berks, PA",2019,20294331.0
42011,"Berks, PA",2020,19608602.0
42011,"Berks, PA",2021,20149677.0
42011,"Berks, PA",2022,20295864.0
42011,"Berks, PA",2023,20411003.0
42011,"Berks, PA",2024,20884340.0
42013,"Blair, PA",2019,6081711.0
42013,"Blair, PA",2020,5920480.0
42013,"Blair, PA",2021,6145123.0
42013,"Blair, PA",2022,6095086.0
42013,"Blair, PA",2023,6190467.0
42013,"Blair, PA",2024,6307591.0
42015,"Bradford, PA",2019,3766321.0
42015,"Bradford, PA",2020,3486018.0
42015,"Bradford, PA",2021,3996601.0
42015,"Bradford, PA",2022,3803007.0
42015,"Bradford, PA",2023,4983037.0
42015,"Bradford, PA",2024,5483875.0
42017,"Bucks, PA",2019,35493612.0
42017,"Bucks, PA",2020,34127978.0
42017,"Bucks, PA",2021,35381424.0
42017,"Bucks, PA",2022,36888334.0
42017,"Bucks, PA",2023,37237681.0
42017,"Bucks, PA",2024,38241897.0
42019,"Butler, PA",2019,10711220.0
42019,"Butler, PA",2020,10363477.0
42019,"Butler, PA",2021,10780715.0
42019,"Butler, PA",2022,10761242.0
42019,"Butler, PA",2023,11421637.0
42019,"Butler, PA",2024,11714428.0
42021,"Cambria, PA",2019,4672897.0
42021,"Cambria, PA",2020,4639605.0
42021,"Cambria, PA",2021,4614652.0
42021,"Cambria, PA",2022,4697846.0
42021,"Cambria, PA",2023,4814671.0
42021,"Cambria, PA",2024,4885225.0
42023,"Cameron, PA",2019,197324.0
42023,"Cameron, PA",2020,185835.0
42023,"Cameron, PA",2021,193425.0
42023,"Cameron, PA",2022,195216.0
42023,"Cameron, PA",2023,223475.0
42023,"Cameron, PA",2024,199054.0
42025,"Carbon, PA",2019,2732908.0
42025,"Carbon, PA",2020,2548692.0
42025,"Carbon, PA",2021,2578969.0
42025,"Carbon, PA",2022,2505504.0
42025,"Carbon, PA",2023,2344901.0
42025,"Carbon, PA",2024,2389097.0
42027,"Centre, PA",2019,8854634.0
42027,"Centre, PA",2020,8566514.0
42027,"Centre, PA",2021,8808040.0
42027,"Centre, PA",2022,8874509.0
42027,"Centre, PA",2023,8866232.0
42027,"Centre, PA",2024,9001773.0
42029,"Chester, PA",2019,46010713.0
42029,"Chester, PA",2020,44333779.0
42029,"Chester, PA",2021,45562975.0
42029,"Chester, PA",2022,47391773.0
42029,"Chester, PA",2023,48605634.0
42029,"Chester, PA",2024,49491894.0
42031,"Clarion, PA",2019,1202902.0
42031,"Clarion, PA",2020,1129827.0
42031,"Clarion, PA",2021,1090869.0
42031,"Clarion, PA",2022,1098770.0
42031,"Clarion, PA",2023,1087125.0
42031,"Clarion, PA",2024,1084922.0
42033,"Clearfield, PA",2019,2869313.0
42033,"Clearfield, PA",2020,2723142.0
42033,"Clearfield, PA",2021,2795301.0
42033,"Clearfield, PA",2022,2936902.0
42033,"Clearfield, PA",2023,3043923.0
42033,"Clearfield, PA",2024,3110201.0
42035,"Clinton, PA",2019,1658892.0
42035,"Clinton, PA",2020,1516154.0
42035,"Clinton, PA",2021,1422560.0
42035,"Clinton, PA",2022,1390495.0
42035,"Clinton, PA",2023,1571444.0
42035,"Clinton, PA",2024,1562949.0
42037,"Columbia, PA",2019,2507555.0
42037,"Columbia, PA",2020,2380227.0
42037,"Columbia, PA",2021,2448305.0
42037,"Columbia, PA",2022,2470200.0
42037,"Columbia, PA",2023,2552754.0
42037,"Columbia, PA",2024,2594231.0
42039,"Crawford, PA",2019,2987838.0
42039,"Crawford, PA",2020,2764124.0
42039,"Crawford, PA",2021,2819666.0
42039,"Crawford, PA",2022,2871256.0
42039,"Crawford, PA",2023,2792836.0
42039,"Crawford, PA",2024,2823464.0
42041,"Cumberland, PA",2019,16500356.0
42041,"Cumberland, PA",2020,16151639.0
42041,"Cumberland, PA",2021,17292127.0
42041,"Cumberland, PA",2022,17573011.0
42041,"Cumberland, PA",2023,17772734.0
42041,"Cumberland, PA",2024,18344582.0
42043,"Dauphin, PA",2019,23114499.0
42043,"Dauphin, PA",2020,21538786.0
42043,"Dauphin, PA",2021,22399921.0
42043,"Dauphin, PA",2022,22513543.0
42043,"Dauphin, PA",2023,22610377.0
42043,"Dauphin, PA",2024,22841095.0
42045,"Delaware, PA",2019,34778800.0
42045,"Delaware, PA",2020,31813560.0
42045,"Delaware, PA",2021,33761550.0
42045,"Delaware, PA",2022,34288808.0
42045,"Delaware, PA",2023,33869383.0
42045,"Delaware, PA",2024,34058368.0
42047,"Elk, PA",2019,1507358.0
42047,"Elk, PA",2020,1367839.0
42047,"Elk, PA",2021,1344263.0
42047,"Elk, PA",2022,1293240.0
42047,"Elk, PA",2023,1342674.0
42047,"Elk, PA",2024,1342677.0
42049,"Erie, PA",2019,11660440.0
42049,"Erie, PA",2020,10989702.0
42049,"Erie, PA",2021,11224315.0
42049,"Erie, PA",2022,11275985.0
42049,"Erie, PA",2023,11522842.0
42049,"Erie, PA",2024,11733054.0
42051,"Fayette, PA",2019,4656686.0
42051,"Fayette, PA",2020,4242362.0
42051,"Fayette, PA",2021,4143507.0
42051,"Fayette, PA",2022,4160458.0
42051,"Fayette, PA",2023,4388222.0
42051,"Fayette, PA",2024,4346193.0
42053,"Forest, PA",2019,237881.0
42053,"Forest, PA",2020,229474.0
42053,"Forest, PA",2021,211813.0
42053,"Forest, PA",2022,218713.0
42053,"Forest, PA",2023,215671.0
42053,"Forest, PA",2024,211566.0
42055,"Franklin, PA",2019,6233679.0
42055,"Franklin, PA",2020,5965142.0
42055,"Franklin, PA",2021,6218694.0
42055,"Franklin, PA",2022,6315961.0
42055,"Franklin, PA",2023,6213691.0
42055,"Franklin, PA",2024,6383165.0
42057,"Fulton, PA",2019,693523.0
42057,"Fulton, PA",2020,625904.0
42057,"Fulton, PA",2021,639164.0
42057,"Fulton, PA",2022,601894.0
42057,"Fulton, PA",2023,595591.0
42057,"Fulton, PA",2024,590120.0
42059,"Greene, PA",2019,2997950.0
42059,"Greene, PA",2020,2980364.0
42059,"Greene, PA",2021,2976994.0
42059,"Greene, PA",2022,3083162.0
42059,"Greene, PA",2023,3679595.0
42059,"Greene, PA",2024,3530840.0
42061,"Huntingdon, PA",2019,1303483.0
42061,"Huntingdon, PA",2020,1227184.0
42061,"Huntingdon, PA",2021,1222464.0
42061,"Huntingdon, PA",2022,1258764.0
42061,"Huntingdon, PA",2023,1272324.0
42061,"Huntingdon, PA",2024,1280935.0
42063,"Indiana, PA",2019,4147326.0
42063,"Indiana, PA",2020,3659314.0
42063,"Indiana, PA",2021,3603988.0
42063,"Indiana, PA",2022,3465477.0
42063,"Indiana, PA",2023,3296108.0
42063,"Indiana, PA",2024,3261115.0
42065,"Jefferson, PA",2019,1556731.0
42065,"Jefferson, PA",2020,1419934.0
42065,"Jefferson, PA",2021,1390739.0
42065,"Jefferson, PA",2022,1420211.0
42065,"Jefferson, PA",2023,1436309.0
42065,"Jefferson, PA",2024,1432135.0
42067,"Juniata, PA",2019,755887.0
42067,"Juniata, PA",2020,709708.0
42067,"Juniata, PA",2021,752204.0
42067,"Juniata, PA",2022,792823.0
42067,"Juniata, PA",2023,736765.0
42067,"Juniata, PA",2024,770926.0
42069,"Lackawanna, PA",2019,9967134.0
42069,"Lackawanna, PA",2020,9735041.0
42069,"Lackawanna, PA",2021,10142476.0
42069,"Lackawanna, PA",2022,10177297.0
42069,"Lackawanna, PA",2023,10296242.0
42069,"Lackawanna, PA",2024,10420292.0
42071,"Lancaster, PA",2019,29560641.0
42071,"Lancaster, PA",2020,28382626.0
42071,"Lancaster, PA",2021,29680240.0
42071,"Lancaster, PA",2022,30299949.0
42071,"Lancaster, PA",2023,29888271.0
42071,"Lancaster, PA",2024,30749241.0
42073,"Lawrence, PA",2019,3075411.0
42073,"Lawrence, PA",2020,3093403.0
42073,"Lawrence, PA",2021,3218638.0
42073,"Lawrence, PA",2022,3131993.0
42073,"Lawrence, PA",2023,3243464.0
42073,"Lawrence, PA",2024,3192358.0
42075,"Lebanon, PA",2019,5824798.0
42075,"Lebanon, PA",2020,5663764.0
42075,"Lebanon, PA",2021,6041294.0
42075,"Lebanon, PA",2022,6062233.0
42075,"Lebanon, PA",2023,6104673.0
42075,"Lebanon, PA",2024,6256678.0
42077,"Lehigh, PA",2019,23833328.0
42077,"Lehigh, PA",2020,23117557.0
42077,"Lehigh, PA",2021,24191193.0
42077,"Lehigh, PA",2022,24384823.0
42077,"Lehigh, PA",2023,25088236.0
42077,"Lehigh, PA",2024,25441685.0
42079,"Luzerne, PA",2019,15529489.0
42079,"Luzerne, PA",2020,14604481.0
42079,"Luzerne, PA",2021,15119162.0
42079,"Luzerne, PA",2022,15081748.0
42079,"Luzerne, PA",2023,15510957.0
42079,"Luzerne, PA",2024,15866759.0
42081,"Lycoming, PA",2019,5782587.0
42081,"Lycoming, PA",2020,5664859.0
42081,"Lycoming, PA",2021,5675363.0
42081,"Lycoming, PA",2022,5632842.0
42081,"Lycoming, PA",2023,6053105.0
42081,"Lycoming, PA",2024,6067871.0
42083,"McKean, PA",2019,1677067.0
42083,"McKean, PA",2020,1416206.0
42083,"McKean, PA",2021,1731044.0
42083,"McKean, PA",2022,1488825.0
42083,"McKean, PA",2023,1667307.0
42083,"McKean, PA",2024,1658860.0
42085,"Mercer, PA",2019,4426194.0
42085,"Mercer, PA",2020,4088032.0
42085,"Mercer, PA",2021,4142692.0
42085,"Mercer, PA",2022,4178487.0
42085,"Mercer, PA",2023,4257740.0
42085,"Mercer, PA",2024,4366035.0
42087,"Mifflin, PA",2019,1747502.0
42087,"Mifflin, PA",2020,1682543.0
42087,"Mifflin, PA",2021,1686399.0
42087,"Mifflin, PA",2022,1732194.0
42087,"Mifflin, PA",2023,1714705.0
42087,"Mifflin, PA",2024,1838228.0
42089,"Monroe, PA",2019,7632076.0
42089,"Monroe, PA",2020,6940432.0
42089,"Monroe, PA",2021,7162050.0
42089,"Monroe, PA",2022,6952359.0
42089,"Monroe, PA",2023,7344406.0
42089,"Monroe, PA",2024,7547807.0
42091,"Montgomery, PA",2019,80680051.0
42091,"Montgomery, PA",2020,81481398.0
42091,"Montgomery, PA",2021,86280647.0
42091,"Montgomery, PA",2022,88989489.0
42091,"Montgomery, PA",2023,88606761.0
42091,"Montgomery, PA",2024,90035254.0
42093,"Montour, PA",2019,1988103.0
42093,"Montour, PA",2020,1896200.0
42093,"Montour, PA",2021,2021292.0
42093,"Montour, PA",2022,2170821.0
42093,"Montour, PA",2023,2171933.0
42093,"Montour, PA",2024,2323801.0
42095,"Northampton, PA",2019,15819392.0
42095,"Northampton, PA",2020,15254167.0
42095,"Northampton, PA",2021,15460882.0
42095,"Northampton, PA",2022,15768757.0
42095,"Northampton, PA",2023,16152141.0
42095,"Northampton, PA",2024,16417928.0
42097,"Northumberland, PA",2019,3178934.0
42097,"Northumberland, PA",2020,2777449.0
42097,"Northumberland, PA",2021,3277432.0
42097,"Northumberland, PA",2022,3205558.0
42097,"Northumberland, PA",2023,3305498.0
42097,"Northumberland, PA",2024,3715841.0
42099,"Perry, PA",2019,987268.0
42099,"Perry, PA",2020,1004256.0
42099,"Perry, PA",2021,1005272.0
42099,"Perry, PA",2022,980653.0
42099,"Perry, PA",2023,1001992.0
42099,"Perry, PA",2024,1040015.0
42101,"Philadelphia, PA",2019,108441380.0
42101,"Philadelphia, PA",2020,101678301.0
42101,"Philadelphia, PA",2021,105083385.0
42101,"Philadelphia, PA",2022,106999472.0
42101,"Philadelphia, PA",2023,107797036.0
42101,"Philadelphia, PA",2024,109412657.0
42103,"Pike, PA",2019,1397318.0
42103,"Pike, PA",2020,1413255.0
42103,"Pike, PA",2021,1389596.0
42103,"Pike, PA",2022,1477947.0
42103,"Pike, PA",2023,1535613.0
42103,"Pike, PA",2024,1543258.0
42105,"Potter, PA",2019,903162.0
42105,"Potter, PA",2020,877988.0
42105,"Potter, PA",2021,882781.0
42105,"Potter, PA",2022,762442.0
42105,"Potter, PA",2023,839866.0
42105,"Potter, PA",2024,838976.0
42107,"Schuylkill, PA",2019,4934075.0
42107,"Schuylkill, PA",2020,4762850.0
42107,"Schuylkill, PA",2021,4753813.0
42107,"Schuylkill, PA",2022,4912102.0
42107,"Schuylkill, PA",2023,4858364.0
42107,"Schuylkill, PA",2024,5001884.0
42109,"Snyder, PA",2019,1545669.0
42109,"Snyder, PA",2020,1444581.0
42109,"Snyder, PA",2021,1538954.0
42109,"Snyder, PA",2022,1647196.0
42109,"Snyder, PA",2023,1646076.0
42109,"Snyder, PA",2024,1678768.0
42111,"Somerset, PA",2019,2491515.0
42111,"Somerset, PA",2020,2291964.0
42111,"Somerset, PA",2021,2323990.0
42111,"Somerset, PA",2022,2317508.0
42111,"Somerset, PA",2023,2330479.0
42111,"Somerset, PA",2024,2326047.0
42113,"Sullivan, PA",2019,277635.0
42113,"Sullivan, PA",2020,274566.0
42113,"Sullivan, PA",2021,240171.0
42113,"Sullivan, PA",2022,281097.0
42113,"Sullivan, PA",2023,324258.0
42113,"Sullivan, PA",2024,285308.0
42115,"Susquehanna, PA",2019,2296738.0
42115,"Susquehanna, PA",2020,2488690.0
42115,"Susquehanna, PA",2021,2370574.0
42115,"Susquehanna, PA",2022,2109779.0
42115,"Susquehanna, PA",2023,2578753.0
42115,"Susquehanna, PA",2024,2181943.0
42117,"Tioga, PA",2019,1662927.0
42117,"Tioga, PA",2020,1553869.0
42117,"Tioga, PA",2021,1536219.0
42117,"Tioga, PA",2022,1558437.0
42117,"Tioga, PA",2023,1824757.0
42117,"Tioga, PA",2024,1764117.0
42119,"Union, PA",2019,1873552.0
42119,"Union, PA",2020,1789080.0
42119,"Union, PA",2021,1872473.0
42119,"Union, PA",2022,1872871.0
42119,"Union, PA",2023,1885812.0
42119,"Union, PA",2024,1948824.0
42121,"Venango, PA",2019,1789039.0
42121,"Venango, PA",2020,1631226.0
42121,"Venango, PA",2021,1691982.0
42121,"Venango, PA",2022,1666168.0
42121,"Venango, PA",2023,1709234.0
42121,"Venango, PA",2024,1687982.0
42123,"Warren, PA",2019,1399917.0
42123,"Warren, PA",2020,1281294.0
42123,"Warren, PA",2021,1279904.0
42123,"Warren, PA",2022,1236331.0
42123,"Warren, PA",2023,1290597.0
42123,"Warren, PA",2024,1311373.0
42125,"Washington, PA",2019,13115891.0
42125,"Washington, PA",2020,12477354.0
42125,"Washington, PA",2021,13388285.0
42125,"Washington, PA",2022,13486363.0
42125,"Washington, PA",2023,14668128.0
42125,"Washington, PA",2024,14875064.0
42127,"Wayne, PA",2019,1863981.0
42127,"Wayne, PA",2020,1869280.0
42127,"Wayne, PA",2021,1892792.0
42127,"Wayne, PA",2022,1946606.0
42127,"Wayne, PA",2023,2005268.0
42127,"Wayne, PA",2024,2047403.0
42129,"Westmoreland, PA",2019,14905769.0
42129,"Westmoreland, PA",2020,14123160.0
42129,"Westmoreland, PA",2021,14679663.0
42129,"Westmoreland, PA",2022,14726958.0
42129,"Westmoreland, PA",2023,15089354.0
42129,"Westmoreland, PA",2024,15168261.0
42131,"Wyoming, PA",2019,1638845.0
42131,"Wyoming, PA",2020,1628283.0
42131,"Wyoming, PA",2021,1511469.0
42131,"Wyoming, PA",2022,1330632.0
42131,"Wyoming, PA",2023,1461894.0
42131,"Wyoming, PA",2024,1423339.0
42133,"York, PA",2019,21551325.0
42133,"York, PA",2020,20620272.0
42133,"York, PA",2021,21245821.0
42133,"York, PA",2022,21522926.0
42133,"York, PA",2023,21774019.0
42133,"York, PA",2024,22090548.0
44001,"Bristol, RI",2019,1814916.0
44001,"Bristol, RI",2020,1693762.0
44001,"Bristol, RI",2021,1890384.0
44001,"Bristol, RI",2022,1875969.0
44001,"Bristol, RI",2023,1952436.0
44001,"Bristol, RI",2024,2089480.0
44003,"Kent, RI",2019,9710224.0
44003,"Kent, RI",2020,9519387.0
44003,"Kent, RI",2021,9508613.0
44003,"Kent, RI",2022,9602314.0
44003,"Kent, RI",2023,9714723.0
44003,"Kent, RI",2024,9791443.0
44005,"Newport, RI",2019,6196321.0
44005,"Newport, RI",2020,6019658.0
44005,"Newport, RI",2021,6625603.0
44005,"Newport, RI",2022,6593017.0
44005,"Newport, RI",2023,6554467.0
44005,"Newport, RI",2024,6911489.0
44007,"Providence, RI",2019,35599401.0
44007,"Providence, RI",2020,34090749.0
44007,"Providence, RI",2021,35429583.0
44007,"Providence, RI",2022,36224406.0
44007,"Providence, RI",2023,36513278.0
44007,"Providence, RI",2024,37007696.0
44009,"Washington, RI",2019,6836908.0
44009,"Washington, RI",2020,6809827.0
44009,"Washington, RI",2021,7206560.0
44009,"Washington, RI",2022,7222393.0
44009,"Washington, RI",2023,7383532.0
44009,"Washington, RI",2024,7655213.0
45001,"Abbeville, SC",2019,593029.0
45001,"Abbeville, SC",2020,572511.0
45001,"Abbeville, SC",2021,560996.0
45001,"Abbeville, SC",2022,579250.0
45001,"Abbeville, SC",2023,565099.0
45001,"Abbeville, SC",2024,626626.0
45003,"Aiken, SC",2019,7113496.0
45003,"Aiken, SC",2020,6991848.0
45003,"Aiken, SC",2021,7162429.0
45003,"Aiken, SC",2022,7228883.0
45003,"Aiken, SC",2023,7450378.0
45003,"Aiken, SC",2024,7648930.0
45005,"Allendale, SC",2019,276792.0
45005,"Allendale, SC",2020,275381.0
45005,"Allendale, SC",2021,259236.0
45005,"Allendale, SC",2022,279158.0
45005,"Allendale, SC",2023,291197.0
45005,"Allendale, SC",2024,294930.0
45007,"Anderson, SC",2019,7275485.0
45007,"Anderson, SC",2020,7145415.0
45007,"Anderson, SC",2021,7506023.0
45007,"Anderson, SC",2022,7639295.0
45007,"Anderson, SC",2023,7845936.0
45007,"Anderson, SC",2024,8125127.0
45009,"Bamberg, SC",2019,340202.0
45009,"Bamberg, SC",2020,323230.0
45009,"Bamberg, SC",2021,317563.0
45009,"Bamberg, SC",2022,347969.0
45009,"Bamberg, SC",2023,351109.0
45009,"Bamberg, SC",2024,378827.0
45011,"Barnwell, SC",2019,518086.0
45011,"Barnwell, SC",2020,452901.0
45011,"Barnwell, SC",2021,426285.0
45011,"Barnwell, SC",2022,463088.0
45011,"Barnwell, SC",2023,509224.0
45011,"Barnwell, SC",2024,525062.0
45013,"Beaufort, SC",2019,8541185.0
45013,"Beaufort, SC",2020,8671221.0
45013,"Beaufort, SC",2021,9010758.0
45013,"Beaufort, SC",2022,9561952.0
45013,"Beaufort, SC",2023,9686997.0
45013,"Beaufort, SC",2024,9962863.0
45015,"Berkeley, SC",2019,8519201.0
45015,"Berkeley, SC",2020,8557208.0
45015,"Berkeley, SC",2021,8917543.0
45015,"Berkeley, SC",2022,9507009.0
45015,"Berkeley, SC",2023,10676218.0
45015,"Berkeley, SC",2024,11596144.0
45017,"Calhoun, SC",2019,630641.0
45017,"Calhoun, SC",2020,586932.0
45017,"Calhoun, SC",2021,611102.0
45017,"Calhoun, SC",2022,609494.0
45017,"Calhoun, SC",2023,608989.0
45017,"Calhoun, SC",2024,701884.0
45019,"Charleston, SC",2019,32898335.0
45019,"Charleston, SC",2020,31565706.0
45019,"Charleston, SC",2021,33360981.0
45019,"Charleston, SC",2022,35713630.0
45019,"Charleston, SC",2023,37991945.0
45019,"Charleston, SC",2024,39771365.0
45021,"Cherokee, SC",2019,1808610.0
45021,"Cherokee, SC",2020,1681176.0
45021,"Cherokee, SC",2021,1730497.0
45021,"Cherokee, SC",2022,1876762.0
45021,"Cherokee, SC",2023,1729082.0
45021,"Cherokee, SC",2024,1824380.0
45023,"Chester, SC",2019,1182690.0
45023,"Chester, SC",2020,1132077.0
45023,"Chester, SC",2021,1137302.0
45023,"Chester, SC",2022,1209927.0
45023,"Chester, SC",2023,1275140.0
45023,"Chester, SC",2024,1382442.0
45025,"Chesterfield, SC",2019,1503220.0
45025,"Chesterfield, SC",2020,1347980.0
45025,"Chesterfield, SC",2021,1429047.0
45025,"Chesterfield, SC",2022,1410175.0
45025,"Chesterfield, SC",2023,1378754.0
45025,"Chesterfield, SC",2024,1397541.0
45027,"Clarendon, SC",2019,619094.0
45027,"Clarendon, SC",2020,613857.0
45027,"Clarendon, SC",2021,654130.0
45027,"Clarendon, SC",2022,663665.0
45027,"Clarendon, SC",2023,722191.0
45027,"Clarendon, SC",2024,743164.0
45029,"Colleton, SC",2019,960245.0
45029,"Colleton, SC",2020,936790.0
45029,"Colleton, SC",2021,931184.0
45029,"Colleton, SC",2022,1044936.0
45029,"Colleton, SC",2023,1065792.0
45029,"Colleton, SC",2024,1147463.0
45031,"Darlington, SC",2019,2724565.0
45031,"Darlington, SC",2020,2615627.0
45031,"Darlington, SC",2021,2662332.0
45031,"Darlington, SC",2022,2663143.0
45031,"Darlington, SC",2023,2655397.0
45031,"Darlington, SC",2024,2651613.0
45033,"Dillon, SC",2019,797404.0
45033,"Dillon, SC",2020,749039.0
45033,"Dillon, SC",2021,773608.0
45033,"Dillon, SC",2022,754123.0
45033,"Dillon, SC",2023,765678.0
45033,"Dillon, SC",2024,792507.0
45035,"Dorchester, SC",2019,4047503.0
45035,"Dorchester, SC",2020,4042138.0
45035,"Dorchester, SC",2021,4264235.0
45035,"Dorchester, SC",2022,4733451.0
45035,"Dorchester, SC",2023,4941018.0
45035,"Dorchester, SC",2024,5241010.0
45037,"Edgefield, SC",2019,611070.0
45037,"Edgefield, SC",2020,624627.0
45037,"Edgefield, SC",2021,623422.0
45037,"Edgefield, SC",2022,636076.0
45037,"Edgefield, SC",2023,691821.0
45037,"Edgefield, SC",2024,678919.0
45039,"Fairfield, SC",2019,1028729.0
45039,"Fairfield, SC",2020,999758.0
45039,"Fairfield, SC",2021,1022758.0
45039,"Fairfield, SC",2022,1036326.0
45039,"Fairfield, SC",2023,1048417.0
45039,"Fairfield, SC",2024,1107537.0
45041,"Florence, SC",2019,7182109.0
45041,"Florence, SC",2020,6956274.0
45041,"Florence, SC",2021,7305778.0
45041,"Florence, SC",2022,7342000.0
45041,"Florence, SC",2023,7584100.0
45041,"Florence, SC",2024,7856131.0
45043,"Georgetown, SC",2019,2553695.0
45043,"Georgetown, SC",2020,2573988.0
45043,"Georgetown, SC",2021,2762903.0
45043,"Georgetown, SC",2022,2814795.0
45043,"Georgetown, SC",2023,2928468.0
45043,"Georgetown, SC",2024,3080854.0
45045,"Greenville, SC",2019,32875275.0
45045,"Greenville, SC",2020,31674595.0
45045,"Greenville, SC",2021,33416793.0
45045,"Greenville, SC",2022,35569030.0
45045,"Greenville, SC",2023,36517133.0
45045,"Greenville, SC",2024,38032534.0
45047,"Greenwood, SC",2019,2960255.0
45047,"Greenwood, SC",2020,2906936.0
45047,"Greenwood, SC",2021,3334313.0
45047,"Greenwood, SC",2022,3535092.0
45047,"Greenwood, SC",2023,3571017.0
45047,"Greenwood, SC",2024,3680095.0
45049,"Hampton, SC",2019,477539.0
45049,"Hampton, SC",2020,461345.0
45049,"Hampton, SC",2021,438270.0
45049,"Hampton, SC",2022,471730.0
45049,"Hampton, SC",2023,478740.0
45049,"Hampton, SC",2024,517734.0
45051,"Horry, SC",2019,13908355.0
45051,"Horry, SC",2020,13637814.0
45051,"Horry, SC",2021,14779402.0
45051,"Horry, SC",2022,15654603.0
45051,"Horry, SC",2023,16843032.0
45051,"Horry, SC",2024,17567956.0
45053,"Jasper, SC",2019,1220965.0
45053,"Jasper, SC",2020,1303562.0
45053,"Jasper, SC",2021,1316626.0
45053,"Jasper, SC",2022,1468768.0
45053,"Jasper, SC",2023,1554009.0
45053,"Jasper, SC",2024,1615980.0
45055,"Kershaw, SC",2019,1912093.0
45055,"Kershaw, SC",2020,1854719.0
45055,"Kershaw, SC",2021,2143853.0
45055,"Kershaw, SC",2022,2245930.0
45055,"Kershaw, SC",2023,2398559.0
45055,"Kershaw, SC",2024,2640088.0
45057,"Lancaster, SC",2019,3875290.0
45057,"Lancaster, SC",2020,3455722.0
45057,"Lancaster, SC",2021,3399340.0
45057,"Lancaster, SC",2022,3718594.0
45057,"Lancaster, SC",2023,3927613.0
45057,"Lancaster, SC",2024,4224906.0
45059,"Laurens, SC",2019,2289595.0
45059,"Laurens, SC",2020,2283248.0
45059,"Laurens, SC",2021,2368577.0
45059,"Laurens, SC",2022,2278880.0
45059,"Laurens, SC",2023,2298165.0
45059,"Laurens, SC",2024,2363808.0
45061,"Lee, SC",2019,343228.0
45061,"Lee, SC",2020,333732.0
45061,"Lee, SC",2021,355825.0
45061,"Lee, SC",2022,389207.0
45061,"Lee, SC",2023,373024.0
45061,"Lee, SC",2024,383871.0
45063,"Lexington, SC",2019,13193395.0
45063,"Lexington, SC",2020,13387841.0
45063,"Lexington, SC",2021,13638649.0
45063,"Lexington, SC",2022,14085882.0
45063,"Lexington, SC",2023,14511073.0
45063,"Lexington, SC",2024,15201656.0
45065,"McCormick, SC",2019,226524.0
45065,"McCormick, SC",2020,232364.0
45065,"McCormick, SC",2021,218283.0
45065,"McCormick, SC",2022,222909.0
45065,"McCormick, SC",2023,223150.0
45065,"McCormick, SC",2024,246712.0
45067,"Marion, SC",2019,617141.0
45067,"Marion, SC",2020,600464.0
45067,"Marion, SC",2021,608970.0
45067,"Marion, SC",2022,605753.0
45067,"Marion, SC",2023,650871.0
45067,"Marion, SC",2024,700950.0
45069,"Marlboro, SC",2019,783464.0
45069,"Marlboro, SC",2020,736095.0
45069,"Marlboro, SC",2021,815811.0
45069,"Marlboro, SC",2022,740593.0
45069,"Marlboro, SC",2023,710795.0
45069,"Marlboro, SC",2024,740848.0
45071,"Newberry, SC",2019,1413821.0
45071,"Newberry, SC",2020,1343884.0
45071,"Newberry, SC",2021,1407662.0
45071,"Newberry, SC",2022,1501360.0
45071,"Newberry, SC",2023,1489244.0
45071,"Newberry, SC",2024,1525680.0
45073,"Oconee, SC",2019,3708612.0
45073,"Oconee, SC",2020,3641255.0
45073,"Oconee, SC",2021,3695246.0
45073,"Oconee, SC",2022,3835233.0
45073,"Oconee, SC",2023,3962915.0
45073,"Oconee, SC",2024,4094892.0
45075,"Orangeburg, SC",2019,2843820.0
45075,"Orangeburg, SC",2020,2704860.0
45075,"Orangeburg, SC",2021,2807286.0
45075,"Orangeburg, SC",2022,2895498.0
45075,"Orangeburg, SC",2023,2835130.0
45075,"Orangeburg, SC",2024,3075936.0
45077,"Pickens, SC",2019,4044546.0
45077,"Pickens, SC",2020,3940226.0
45077,"Pickens, SC",2021,4099295.0
45077,"Pickens, SC",2022,4226519.0
45077,"Pickens, SC",2023,4496513.0
45077,"Pickens, SC",2024,4671169.0
45079,"Richland, SC",2019,25447412.0
45079,"Richland, SC",2020,24906604.0
45079,"Richland, SC",2021,26737444.0
45079,"Richland, SC",2022,27391061.0
45079,"Richland, SC",2023,28178566.0
45079,"Richland, SC",2024,29406025.0
45081,"Saluda, SC",2019,448036.0
45081,"Saluda, SC",2020,451790.0
45081,"Saluda, SC",2021,488958.0
45081,"Saluda, SC",2022,493315.0
45081,"Saluda, SC",2023,464408.0
45081,"Saluda, SC",2024,501875.0
45083,"Spartanburg, SC",2019,16205216.0
45083,"Spartanburg, SC",2020,15701565.0
45083,"Spartanburg, SC",2021,16679990.0
45083,"Spartanburg, SC",2022,17014294.0
45083,"Spartanburg, SC",2023,17375403.0
45083,"Spartanburg, SC",2024,18032868.0
45085,"Sumter, SC",2019,4341873.0
45085,"Sumter, SC",2020,4176032.0
45085,"Sumter, SC",2021,4418454.0
45085,"Sumter, SC",2022,4615733.0
45085,"Sumter, SC",2023,4565952.0
45085,"Sumter, SC",2024,4750520.0
45087,"Union, SC",2019,782754.0
45087,"Union, SC",2020,699372.0
45087,"Union, SC",2021,716476.0
45087,"Union, SC",2022,688412.0
45087,"Union, SC",2023,692351.0
45087,"Union, SC",2024,711939.0
45089,"Williamsburg, SC",2019,793289.0
45089,"Williamsburg, SC",2020,754660.0
45089,"Williamsburg, SC",2021,735720.0
45089,"Williamsburg, SC",2022,743568.0
45089,"Williamsburg, SC",2023,765153.0
45089,"Williamsburg, SC",2024,812060.0
45091,"York, SC",2019,12583757.0
45091,"York, SC",2020,12682231.0
45091,"York, SC",2021,13755231.0
45091,"York, SC",2022,14101438.0
45091,"York, SC",2023,14439602.0
45091,"York, SC",2024,15071403.0
46003,"Aurora, SD",2019,82302.0
46003,"Aurora, SD",2020,97442.0
46003,"Aurora, SD",2021,107296.0
46003,"Aurora, SD",2022,114784.0
46003,"Aurora, SD",2023,130858.0
46003,"Aurora, SD",2024,115184.0
46005,"Beadle, SD",2019,901698.0
46005,"Beadle, SD",2020,880867.0
46005,"Beadle, SD",2021,891192.0
46005,"Beadle, SD",2022,891288.0
46005,"Beadle, SD",2023,975205.0
46005,"Beadle, SD",2024,937951.0
46007,"Bennett, SD",2019,99153.0
46007,"Bennett, SD",2020,98232.0
46007,"Bennett, SD",2021,93263.0
46007,"Bennett, SD",2022,98506.0
46007,"Bennett, SD",2023,112884.0
46007,"Bennett, SD",2024,112168.0
46009,"Bon Homme, SD",2019,239634.0
46009,"Bon Homme, SD",2020,220891.0
46009,"Bon Homme, SD",2021,222113.0
46009,"Bon Homme, SD",2022,269539.0
46009,"Bon Homme, SD",2023,243225.0
46009,"Bon Homme, SD",2024,217179.0
46011,"Brookings, SD",2019,2036421.0
46011,"Brookings, SD",2020,2109147.0
46011,"Brookings, SD",2021,2173828.0
46011,"Brookings, SD",2022,2157700.0
46011,"Brookings, SD",2023,2277033.0
46011,"Brookings, SD",2024,2358071.0
46013,"Brown, SD",2019,2124525.0
46013,"Brown, SD",2020,2301552.0
46013,"Brown, SD",2021,2417432.0
46013,"Brown, SD",2022,2426930.0
46013,"Brown, SD",2023,2485629.0
46013,"Brown, SD",2024,2410553.0
46015,"Brule, SD",2019,231089.0
46015,"Brule, SD",2020,240725.0
46015,"Brule, SD",2021,253746.0
46015,"Brule, SD",2022,262759.0
46015,"Brule, SD",2023,275322.0
46015,"Brule, SD",2024,258917.0
46017,"Buffalo, SD",2019,101660.0
46017,"Buffalo, SD",2020,86944.0
46017,"Buffalo, SD",2021,80498.0
46017,"Buffalo, SD",2022,74037.0
46017,"Buffalo, SD",2023,83762.0
46017,"Buffalo, SD",2024,74982.0
46019,"Butte, SD",2019,298244.0
46019,"Butte, SD",2020,308547.0
46019,"Butte, SD",2021,323228.0
46019,"Butte, SD",2022,325485.0
46019,"Butte, SD",2023,352449.0
46019,"Butte, SD",2024,358503.0
46021,"Campbell, SD",2019,68510.0
46021,"Campbell, SD",2020,107071.0
46021,"Campbell, SD",2021,118105.0
46021,"Campbell, SD",2022,103658.0
46021,"Campbell, SD",2023,90599.0
46021,"Campbell, SD",2024,73078.0
46023,"Charles Mix, SD",2019,455732.0
46023,"Charles Mix, SD",2020,446231.0
46023,"Charles Mix, SD",2021,424912.0
46023,"Charles Mix, SD",2022,419591.0
46023,"Charles Mix, SD",2023,468646.0
46023,"Charles Mix, SD",2024,460096.0
46025,"Clark, SD",2019,155551.0
46025,"Clark, SD",2020,266452.0
46025,"Clark, SD",2021,242185.0
46025,"Clark, SD",2022,229580.0
46025,"Clark, SD",2023,262138.0
46025,"Clark, SD",2024,250292.0
46027,"Clay, SD",2019,598810.0
46027,"Clay, SD",2020,572833.0
46027,"Clay, SD",2021,617251.0
46027,"Clay, SD",2022,643402.0
46027,"Clay, SD",2023,667429.0
46027,"Clay, SD",2024,680369.0
46029,"Codington, SD",2019,1445557.0
46029,"Codington, SD",2020,1497529.0
46029,"Codington, SD",2021,1551232.0
46029,"Codington, SD",2022,1549760.0
46029,"Codington, SD",2023,1589988.0
46029,"Codington, SD",2024,1614051.0
46031,"Corson, SD",2019,74049.0
46031,"Corson, SD",2020,82979.0
46031,"Corson, SD",2021,98505.0
46031,"Corson, SD",2022,96754.0
46031,"Corson, SD",2023,96132.0
46031,"Corson, SD",2024,91457.0
46033,"Custer, SD",2019,239391.0
46033,"Custer, SD",2020,235382.0
46033,"Custer, SD",2021,256721.0
46033,"Custer, SD",2022,267230.0
46033,"Custer, SD",2023,297934.0
46033,"Custer, SD",2024,305824.0
46035,"Davison, SD",2019,1202341.0
46035,"Davison, SD",2020,1186098.0
46035,"Davison, SD",2021,1230935.0
46035,"Davison, SD",2022,1262037.0
46035,"Davison, SD",2023,1308636.0
46035,"Davison, SD",2024,1339652.0
46037,"Day, SD",2019,216909.0
46037,"Day, SD",2020,297821.0
46037,"Day, SD",2021,287959.0
46037,"Day, SD",2022,287989.0
46037,"Day, SD",2023,301201.0
46037,"Day, SD",2024,279575.0
46039,"Deuel, SD",2019,286672.0
46039,"Deuel, SD",2020,313747.0
46039,"Deuel, SD",2021,387645.0
46039,"Deuel, SD",2022,360980.0
46039,"Deuel, SD",2023,390294.0
46039,"Deuel, SD",2024,430122.0
46041,"Dewey, SD",2019,194675.0
46041,"Dewey, SD",2020,224849.0
46041,"Dewey, SD",2021,213007.0
46041,"Dewey, SD",2022,198143.0
46041,"Dewey, SD",2023,217938.0
46041,"Dewey, SD",2024,212027.0
46043,"Douglas, SD",2019,223079.0
46043,"Douglas, SD",2020,189744.0
46043,"Douglas, SD",2021,195031.0
46043,"Douglas, SD",2022,191215.0
46043,"Douglas, SD",2023,202979.0
46043,"Douglas, SD",2024,198010.0
46045,"Edmunds, SD",2019,200054.0
46045,"Edmunds, SD",2020,240125.0
46045,"Edmunds, SD",2021,290353.0
46045,"Edmunds, SD",2022,267962.0
46045,"Edmunds, SD",2023,225442.0
46045,"Edmunds, SD",2024,182989.0
46047,"Fall River, SD",2019,237612.0
46047,"Fall River, SD",2020,229650.0
46047,"Fall River, SD",2021,238568.0
46047,"Fall River, SD",2022,230378.0
46047,"Fall River, SD",2023,267824.0
46047,"Fall River, SD",2024,294091.0
46049,"Faulk, SD",2019,147126.0
46049,"Faulk, SD",2020,135482.0
46049,"Faulk, SD",2021,155823.0
46049,"Faulk, SD",2022,145187.0
46049,"Faulk, SD",2023,141459.0
46049,"Faulk, SD",2024,124847.0
46051,"Grant, SD",2019,511350.0
46051,"Grant, SD",2020,493374.0
46051,"Grant, SD",2021,509885.0
46051,"Grant, SD",2022,523942.0
46051,"Grant, SD",2023,551152.0
46051,"Grant, SD",2024,628914.0
46053,"Gregory, SD",2019,147200.0
46053,"Gregory, SD",2020,164987.0
46053,"Gregory, SD",2021,169712.0
46053,"Gregory, SD",2022,166399.0
46053,"Gregory, SD",2023,191057.0
46053,"Gregory, SD",2024,181635.0
46055,"Haakon, SD",2019,85455.0
46055,"Haakon, SD",2020,122558.0
46055,"Haakon, SD",2021,115153.0
46055,"Haakon, SD",2022,125424.0
46055,"Haakon, SD",2023,134673.0
46055,"Haakon, SD",2024,98614.0
46057,"Hamlin, SD",2019,222775.0
46057,"Hamlin, SD",2020,263123.0
46057,"Hamlin, SD",2021,283833.0
46057,"Hamlin, SD",2022,268722.0
46057,"Hamlin, SD",2023,293784.0
46057,"Hamlin, SD",2024,314648.0
46059,"Hand, SD",2019,156250.0
46059,"Hand, SD",2020,182979.0
46059,"Hand, SD",2021,199621.0
46059,"Hand, SD",2022,203293.0
46059,"Hand, SD",2023,221987.0
46059,"Hand, SD",2024,211920.0
46061,"Hanson, SD",2019,144011.0
46061,"Hanson, SD",2020,144087.0
46061,"Hanson, SD",2021,153644.0
46061,"Hanson, SD",2022,156303.0
46061,"Hanson, SD",2023,163256.0
46061,"Hanson, SD",2024,156129.0
46063,"Harding, SD",2019,70865.0
46063,"Harding, SD",2020,53312.0
46063,"Harding, SD",2021,66264.0
46063,"Harding, SD",2022,52177.0
46063,"Harding, SD",2023,51629.0
46063,"Harding, SD",2024,71212.0
46065,"Hughes, SD",2019,1270143.0
46065,"Hughes, SD",2020,1185328.0
46065,"Hughes, SD",2021,1228154.0
46065,"Hughes, SD",2022,1195599.0
46065,"Hughes, SD",2023,1261226.0
46065,"Hughes, SD",2024,1293675.0
46067,"Hutchinson, SD",2019,439099.0
46067,"Hutchinson, SD",2020,364134.0
46067,"Hutchinson, SD",2021,393225.0
46067,"Hutchinson, SD",2022,408210.0
46067,"Hutchinson, SD",2023,414205.0
46067,"Hutchinson, SD",2024,415350.0
46069,"Hyde, SD",2019,74527.0
46069,"Hyde, SD",2020,96213.0
46069,"Hyde, SD",2021,127915.0
46069,"Hyde, SD",2022,126576.0
46069,"Hyde, SD",2023,127631.0
46069,"Hyde, SD",2024,136847.0
46071,"Jackson, SD",2019,58591.0
46071,"Jackson, SD",2020,65282.0
46071,"Jackson, SD",2021,71688.0
46071,"Jackson, SD",2022,76951.0
46071,"Jackson, SD",2023,85217.0
46071,"Jackson, SD",2024,83902.0
46073,"Jerauld, SD",2019,129575.0
46073,"Jerauld, SD",2020,151097.0
46073,"Jerauld, SD",2021,176331.0
46073,"Jerauld, SD",2022,187914.0
46073,"Jerauld, SD",2023,179422.0
46073,"Jerauld, SD",2024,135810.0
46075,"Jones, SD",2019,54560.0
46075,"Jones, SD",2020,48117.0
46075,"Jones, SD",2021,70722.0
46075,"Jones, SD",2022,56077.0
46075,"Jones, SD",2023,58773.0
46075,"Jones, SD",2024,64762.0
46077,"Kingsbury, SD",2019,261813.0
46077,"Kingsbury, SD",2020,290286.0
46077,"Kingsbury, SD",2021,271886.0
46077,"Kingsbury, SD",2022,257247.0
46077,"Kingsbury, SD",2023,303375.0
46077,"Kingsbury, SD",2024,274986.0
46079,"Lake, SD",2019,572838.0
46079,"Lake, SD",2020,575607.0
46079,"Lake, SD",2021,604769.0
46079,"Lake, SD",2022,622831.0
46079,"Lake, SD",2023,679074.0
46079,"Lake, SD",2024,700495.0
46081,"Lawrence, SD",2019,1137850.0
46081,"Lawrence, SD",2020,1159018.0
46081,"Lawrence, SD",2021,1265661.0
46081,"Lawrence, SD",2022,1322440.0
46081,"Lawrence, SD",2023,1407450.0
46081,"Lawrence, SD",2024,1413582.0
46083,"Lincoln, SD",2019,2963607.0
46083,"Lincoln, SD",2020,5329489.0
46083,"Lincoln, SD",2021,5842002.0
46083,"Lincoln, SD",2022,6775275.0
46083,"Lincoln, SD",2023,6702770.0
46083,"Lincoln, SD",2024,6557607.0
46085,"Lyman, SD",2019,150086.0
46085,"Lyman, SD",2020,150601.0
46085,"Lyman, SD",2021,165540.0
46085,"Lyman, SD",2022,167707.0
46085,"Lyman, SD",2023,177512.0
46085,"Lyman, SD",2024,151430.0
46087,"McCook, SD",2019,273486.0
46087,"McCook, SD",2020,246987.0
46087,"McCook, SD",2021,268824.0
46087,"McCook, SD",2022,279115.0
46087,"McCook, SD",2023,292063.0
46087,"McCook, SD",2024,309355.0
46089,"McPherson, SD",2019,94398.0
46089,"McPherson, SD",2020,116485.0
46089,"McPherson, SD",2021,131410.0
46089,"McPherson, SD",2022,116415.0
46089,"McPherson, SD",2023,110255.0
46089,"McPherson, SD",2024,102505.0
46091,"Marshall, SD",2019,248292.0
46091,"Marshall, SD",2020,291552.0
46091,"Marshall, SD",2021,281188.0
46091,"Marshall, SD",2022,276578.0
46091,"Marshall, SD",2023,294212.0
46091,"Marshall, SD",2024,340984.0
46093,"Meade, SD",2019,830120.0
46093,"Meade, SD",2020,882174.0
46093,"Meade, SD",2021,873564.0
46093,"Meade, SD",2022,909102.0
46093,"Meade, SD",2023,979724.0
46093,"Meade, SD",2024,999728.0
46095,"Mellette, SD",2019,27945.0
46095,"Mellette, SD",2020,32918.0
46095,"Mellette, SD",2021,42886.0
46095,"Mellette, SD",2022,41163.0
46095,"Mellette, SD",2023,50806.0
46095,"Mellette, SD",2024,55967.0
46097,"Miner, SD",2019,105178.0
46097,"Miner, SD",2020,108032.0
46097,"Miner, SD",2021,117468.0
46097,"Miner, SD",2022,120549.0
46097,"Miner, SD",2023,143375.0
46097,"Miner, SD",2024,133410.0
46099,"Minnehaha, SD",2019,19225356.0
46099,"Minnehaha, SD",2020,16662136.0
46099,"Minnehaha, SD",2021,17120673.0
46099,"Minnehaha, SD",2022,15628961.0
46099,"Minnehaha, SD",2023,16027798.0
46099,"Minnehaha, SD",2024,16629966.0
46101,"Moody, SD",2019,297831.0
46101,"Moody, SD",2020,341285.0
46101,"Moody, SD",2021,319634.0
46101,"Moody, SD",2022,287300.0
46101,"Moody, SD",2023,343695.0
46101,"Moody, SD",2024,356627.0
46102,"Oglala Lakota, SD*",2019,324353.0
46102,"Oglala Lakota, SD*",2020,342629.0
46102,"Oglala Lakota, SD*",2021,361721.0
46102,"Oglala Lakota, SD*",2022,345015.0
46102,"Oglala Lakota, SD*",2023,341162.0
46102,"Oglala Lakota, SD*",2024,345060.0
46103,"Pennington, SD",2019,5683233.0
46103,"Pennington, SD",2020,5784422.0
46103,"Pennington, SD",2021,6207131.0
46103,"Pennington, SD",2022,6000483.0
46103,"Pennington, SD",2023,6234425.0
46103,"Pennington, SD",2024,6378908.0
46105,"Perkins, SD",2019,116482.0
46105,"Perkins, SD",2020,131351.0
46105,"Perkins, SD",2021,136157.0
46105,"Perkins, SD",2022,135107.0
46105,"Perkins, SD",2023,127492.0
46105,"Perkins, SD",2024,131933.0
46107,"Potter, SD",2019,147514.0
46107,"Potter, SD",2020,170951.0
46107,"Potter, SD",2021,159238.0
46107,"Potter, SD",2022,154779.0
46107,"Potter, SD",2023,116219.0
46107,"Potter, SD",2024,106970.0
46109,"Roberts, SD",2019,303520.0
46109,"Roberts, SD",2020,368760.0
46109,"Roberts, SD",2021,380289.0
46109,"Roberts, SD",2022,380395.0
46109,"Roberts, SD",2023,401621.0
46109,"Roberts, SD",2024,421727.0
46111,"Sanborn, SD",2019,119141.0
46111,"Sanborn, SD",2020,121018.0
46111,"Sanborn, SD",2021,110924.0
46111,"Sanborn, SD",2022,115831.0
46111,"Sanborn, SD",2023,145343.0
46111,"Sanborn, SD",2024,123514.0
46115,"Spink, SD",2019,320324.0
46115,"Spink, SD",2020,416229.0
46115,"Spink, SD",2021,425834.0
46115,"Spink, SD",2022,414614.0
46115,"Spink, SD",2023,468842.0
46115,"Spink, SD",2024,402893.0
46117,"Stanley, SD",2019,128657.0
46117,"Stanley, SD",2020,110234.0
46117,"Stanley, SD",2021,140916.0
46117,"Stanley, SD",2022,130571.0
46117,"Stanley, SD",2023,140033.0
46117,"Stanley, SD",2024,138570.0
46119,"Sully, SD",2019,97016.0
46119,"Sully, SD",2020,127301.0
46119,"Sully, SD",2021,128829.0
46119,"Sully, SD",2022,129741.0
46119,"Sully, SD",2023,131500.0
46119,"Sully, SD",2024,82800.0
46121,"Todd, SD",2019,216204.0
46121,"Todd, SD",2020,223094.0
46121,"Todd, SD",2021,245384.0
46121,"Todd, SD",2022,228954.0
46121,"Todd, SD",2023,248069.0
46121,"Todd, SD",2024,250799.0
46123,"Tripp, SD",2019,227919.0
46123,"Tripp, SD",2020,231265.0
46123,"Tripp, SD",2021,243478.0
46123,"Tripp, SD",2022,250381.0
46123,"Tripp, SD",2023,273917.0
46123,"Tripp, SD",2024,272734.0
46125,"Turner, SD",2019,381116.0
46125,"Turner, SD",2020,358537.0
46125,"Turner, SD",2021,395203.0
46125,"Turner, SD",2022,421297.0
46125,"Turner, SD",2023,457502.0
46125,"Turner, SD",2024,465979.0
46127,"Union, SD",2019,1496720.0
46127,"Union, SD",2020,1599314.0
46127,"Union, SD",2021,1778283.0
46127,"Union, SD",2022,1750465.0
46127,"Union, SD",2023,1811249.0
46127,"Union, SD",2024,1817614.0
46129,"Walworth, SD",2019,218565.0
46129,"Walworth, SD",2020,248732.0
46129,"Walworth, SD",2021,262855.0
46129,"Walworth, SD",2022,249196.0
46129,"Walworth, SD",2023,253861.0
46129,"Walworth, SD",2024,232464.0
46135,"Yankton, SD",2019,1266775.0
46135,"Yankton, SD",2020,1248083.0
46135,"Yankton, SD",2021,1331854.0
46135,"Yankton, SD",2022,1381329.0
46135,"Yankton, SD",2023,1423951.0
46135,"Yankton, SD",2024,1401101.0
46137,"Ziebach, SD",2019,32223.0
46137,"Ziebach, SD",2020,38203.0
46137,"Ziebach, SD",2021,41895.0
46137,"Ziebach, SD",2022,51732.0
46137,"Ziebach, SD",2023,62287.0
46137,"Ziebach, SD",2024,42862.0
47001,"Anderson, TN",2019,5000661.0
47001,"Anderson, TN",2020,4998493.0
47001,"Anderson, TN",2021,5548925.0
47001,"Anderson, TN",2022,5879426.0
47001,"Anderson, TN",2023,5827444.0
47001,"Anderson, TN",2024,6009989.0
47003,"Bedford, TN",2019,1956082.0
47003,"Bedford, TN",2020,1902124.0
47003,"Bedford, TN",2021,2114595.0
47003,"Bedford, TN",2022,2169364.0
47003,"Bedford, TN",2023,2169382.0
47003,"Bedford, TN",2024,2361433.0
47005,"Benton, TN",2019,365835.0
47005,"Benton, TN",2020,372710.0
47005,"Benton, TN",2021,405289.0
47005,"Benton, TN",2022,408882.0
47005,"Benton, TN",2023,431331.0
47005,"Benton, TN",2024,448450.0
47007,"Bledsoe, TN",2019,200567.0
47007,"Bledsoe, TN",2020,200747.0
47007,"Bledsoe, TN",2021,223030.0
47007,"Bledsoe, TN",2022,239954.0
47007,"Bledsoe, TN",2023,255402.0
47007,"Bledsoe, TN",2024,283940.0
47009,"Blount, TN",2019,5967995.0
47009,"Blount, TN",2020,5893521.0
47009,"Blount, TN",2021,6373102.0
47009,"Blount, TN",2022,6814847.0
47009,"Blount, TN",2023,7221916.0
47009,"Blount, TN",2024,7456181.0
47011,"Bradley, TN",2019,4432437.0
47011,"Bradley, TN",2020,4586056.0
47011,"Bradley, TN",2021,4834334.0
47011,"Bradley, TN",2022,4890310.0
47011,"Bradley, TN",2023,4898198.0
47011,"Bradley, TN",2024,5089918.0
47013,"Campbell, TN",2019,955833.0
47013,"Campbell, TN",2020,954820.0
47013,"Campbell, TN",2021,986443.0
47013,"Campbell, TN",2022,1033216.0
47013,"Campbell, TN",2023,1043810.0
47013,"Campbell, TN",2024,1111675.0
47015,"Cannon, TN",2019,263513.0
47015,"Cannon, TN",2020,274766.0
47015,"Cannon, TN",2021,303018.0
47015,"Cannon, TN",2022,321972.0
47015,"Cannon, TN",2023,326817.0
47015,"Cannon, TN",2024,328899.0
47017,"Carroll, TN",2019,690983.0
47017,"Carroll, TN",2020,669572.0
47017,"Carroll, TN",2021,668372.0
47017,"Carroll, TN",2022,689509.0
47017,"Carroll, TN",2023,729021.0
47017,"Carroll, TN",2024,768461.0
47019,"Carter, TN",2019,1065505.0
47019,"Carter, TN",2020,1068395.0
47019,"Carter, TN",2021,1112597.0
47019,"Carter, TN",2022,1115151.0
47019,"Carter, TN",2023,1133392.0
47019,"Carter, TN",2024,1183440.0
47021,"Cheatham, TN",2019,1154404.0
47021,"Cheatham, TN",2020,1158279.0
47021,"Cheatham, TN",2021,1278143.0
47021,"Cheatham, TN",2022,1289656.0
47021,"Cheatham, TN",2023,1322701.0
47021,"Cheatham, TN",2024,1406748.0
47023,"Chester, TN",2019,363622.0
47023,"Chester, TN",2020,356375.0
47023,"Chester, TN",2021,373615.0
47023,"Chester, TN",2022,380867.0
47023,"Chester, TN",2023,390170.0
47023,"Chester, TN",2024,397463.0
47025,"Claiborne, TN",2019,789823.0
47025,"Claiborne, TN",2020,782533.0
47025,"Claiborne, TN",2021,786739.0
47025,"Claiborne, TN",2022,826427.0
47025,"Claiborne, TN",2023,825272.0
47025,"Claiborne, TN",2024,830755.0
47027,"Clay, TN",2019,168415.0
47027,"Clay, TN",2020,168973.0
47027,"Clay, TN",2021,184496.0
47027,"Clay, TN",2022,230636.0
47027,"Clay, TN",2023,202395.0
47027,"Clay, TN",2024,255912.0
47029,"Cocke, TN",2019,772512.0
47029,"Cocke, TN",2020,742542.0
47029,"Cocke, TN",2021,822701.0
47029,"Cocke, TN",2022,844233.0
47029,"Cocke, TN",2023,843092.0
47029,"Cocke, TN",2024,922002.0
47031,"Coffee, TN",2019,2964046.0
47031,"Coffee, TN",2020,2923796.0
47031,"Coffee, TN",2021,3100229.0
47031,"Coffee, TN",2022,3168153.0
47031,"Coffee, TN",2023,3272420.0
47031,"Coffee, TN",2024,3383843.0
47033,"Crockett, TN",2019,547350.0
47033,"Crockett, TN",2020,565047.0
47033,"Crockett, TN",2021,558682.0
47033,"Crockett, TN",2022,556744.0
47033,"Crockett, TN",2023,573431.0
47033,"Crockett, TN",2024,593584.0
47035,"Cumberland, TN",2019,1744949.0
47035,"Cumberland, TN",2020,1717727.0
47035,"Cumberland, TN",2021,1817154.0
47035,"Cumberland, TN",2022,1837028.0
47035,"Cumberland, TN",2023,1993975.0
47035,"Cumberland, TN",2024,2073458.0
47037,"Davidson, TN",2019,73515958.0
47037,"Davidson, TN",2020,71526920.0
47037,"Davidson, TN",2021,80020870.0
47037,"Davidson, TN",2022,84960706.0
47037,"Davidson, TN",2023,89360779.0
47037,"Davidson, TN",2024,93016890.0
47039,"Decatur, TN",2019,313544.0
47039,"Decatur, TN",2020,301514.0
47039,"Decatur, TN",2021,310061.0
47039,"Decatur, TN",2022,319960.0
47039,"Decatur, TN",2023,333445.0
47039,"Decatur, TN",2024,346868.0
47041,"DeKalb, TN",2019,657179.0
47041,"DeKalb, TN",2020,675055.0
47041,"DeKalb, TN",2021,779353.0
47041,"DeKalb, TN",2022,813530.0
47041,"DeKalb, TN",2023,759369.0
47041,"DeKalb, TN",2024,747514.0
47043,"Dickson, TN",2019,2055036.0
47043,"Dickson, TN",2020,2015890.0
47043,"Dickson, TN",2021,2086807.0
47043,"Dickson, TN",2022,2141552.0
47043,"Dickson, TN",2023,2245961.0
47043,"Dickson, TN",2024,2318214.0
47045,"Dyer, TN",2019,1678048.0
47045,"Dyer, TN",2020,1685814.0
47045,"Dyer, TN",2021,1893475.0
47045,"Dyer, TN",2022,1772448.0
47045,"Dyer, TN",2023,1810944.0
47045,"Dyer, TN",2024,1795862.0
47047,"Fayette, TN",2019,1127596.0
47047,"Fayette, TN",2020,1200073.0
47047,"Fayette, TN",2021,1323627.0
47047,"Fayette, TN",2022,1437538.0
47047,"Fayette, TN",2023,1492760.0
47047,"Fayette, TN",2024,1559195.0
47049,"Fentress, TN",2019,473965.0
47049,"Fentress, TN",2020,471985.0
47049,"Fentress, TN",2021,499857.0
47049,"Fentress, TN",2022,510735.0
47049,"Fentress, TN",2023,544346.0
47049,"Fentress, TN",2024,599552.0
47051,"Franklin, TN",2019,1186008.0
47051,"Franklin, TN",2020,1147861.0
47051,"Franklin, TN",2021,1281036.0
47051,"Franklin, TN",2022,1339223.0
47051,"Franklin, TN",2023,1371735.0
47051,"Franklin, TN",2024,1429025.0
47053,"Gibson, TN",2019,1485472.0
47053,"Gibson, TN",2020,1504506.0
47053,"Gibson, TN",2021,1578823.0
47053,"Gibson, TN",2022,1462232.0
47053,"Gibson, TN",2023,1568427.0
47053,"Gibson, TN",2024,1515088.0
47055,"Giles, TN",2019,1123134.0
47055,"Giles, TN",2020,1116663.0
47055,"Giles, TN",2021,1195034.0
47055,"Giles, TN",2022,1235750.0
47055,"Giles, TN",2023,1272149.0
47055,"Giles, TN",2024,1288536.0
47057,"Grainger, TN",2019,423767.0
47057,"Grainger, TN",2020,430049.0
47057,"Grainger, TN",2021,487964.0
47057,"Grainger, TN",2022,504545.0
47057,"Grainger, TN",2023,516620.0
47057,"Grainger, TN",2024,547389.0
47059,"Greene, TN",2019,2432716.0
47059,"Greene, TN",2020,2357557.0
47059,"Greene, TN",2021,2461591.0
47059,"Greene, TN",2022,2500149.0
47059,"Greene, TN",2023,2524342.0
47059,"Greene, TN",2024,2594683.0
47061,"Grundy, TN",2019,236371.0
47061,"Grundy, TN",2020,229440.0
47061,"Grundy, TN",2021,246005.0
47061,"Grundy, TN",2022,251007.0
47061,"Grundy, TN",2023,253373.0
47061,"Grundy, TN",2024,264694.0
47063,"Hamblen, TN",2019,3125491.0
47063,"Hamblen, TN",2020,3124060.0
47063,"Hamblen, TN",2021,3426176.0
47063,"Hamblen, TN",2022,3503453.0
47063,"Hamblen, TN",2023,3628098.0
47063,"Hamblen, TN",2024,3716353.0
47065,"Hamilton, TN",2019,25943879.0
47065,"Hamilton, TN",2020,26081611.0
47065,"Hamilton, TN",2021,28053127.0
47065,"Hamilton, TN",2022,29590804.0
47065,"Hamilton, TN",2023,29171914.0
47065,"Hamilton, TN",2024,29365770.0
47067,"Hancock, TN",2019,85376.0
47067,"Hancock, TN",2020,85020.0
47067,"Hancock, TN",2021,86091.0
47067,"Hancock, TN",2022,94914.0
47067,"Hancock, TN",2023,104641.0
47067,"Hancock, TN",2024,96709.0
47069,"Hardeman, TN",2019,593220.0
47069,"Hardeman, TN",2020,590615.0
47069,"Hardeman, TN",2021,593832.0
47069,"Hardeman, TN",2022,603395.0
47069,"Hardeman, TN",2023,611785.0
47069,"Hardeman, TN",2024,625489.0
47071,"Hardin, TN",2019,920924.0
47071,"Hardin, TN",2020,938233.0
47071,"Hardin, TN",2021,1070919.0
47071,"Hardin, TN",2022,1034833.0
47071,"Hardin, TN",2023,998751.0
47071,"Hardin, TN",2024,1040358.0
47073,"Hawkins, TN",2019,1675745.0
47073,"Hawkins, TN",2020,1643194.0
47073,"Hawkins, TN",2021,1757029.0
47073,"Hawkins, TN",2022,1914776.0
47073,"Hawkins, TN",2023,1800012.0
47073,"Hawkins, TN",2024,1916726.0
47075,"Haywood, TN",2019,701142.0
47075,"Haywood, TN",2020,696522.0
47075,"Haywood, TN",2021,763699.0
47075,"Haywood, TN",2022,900258.0
47075,"Haywood, TN",2023,804203.0
47075,"Haywood, TN",2024,1038312.0
47077,"Henderson, TN",2019,744545.0
47077,"Henderson, TN",2020,704180.0
47077,"Henderson, TN",2021,799674.0
47077,"Henderson, TN",2022,763267.0
47077,"Henderson, TN",2023,780561.0
47077,"Henderson, TN",2024,796728.0
47079,"Henry, TN",2019,1223654.0
47079,"Henry, TN",2020,1189012.0
47079,"Henry, TN",2021,1311852.0
47079,"Henry, TN",2022,1315326.0
47079,"Henry, TN",2023,1365455.0
47079,"Henry, TN",2024,1287446.0
47081,"Hickman, TN",2019,472500.0
47081,"Hickman, TN",2020,480030.0
47081,"Hickman, TN",2021,518974.0
47081,"Hickman, TN",2022,539557.0
47081,"Hickman, TN",2023,535148.0
47081,"Hickman, TN",2024,543768.0
47083,"Houston, TN",2019,154936.0
47083,"Houston, TN",2020,150433.0
47083,"Houston, TN",2021,151239.0
47083,"Houston, TN",2022,148711.0
47083,"Houston, TN",2023,160367.0
47083,"Houston, TN",2024,163565.0
47085,"Humphreys, TN",2019,734675.0
47085,"Humphreys, TN",2020,780552.0
47085,"Humphreys, TN",2021,853299.0
47085,"Humphreys, TN",2022,866809.0
47085,"Humphreys, TN",2023,858285.0
47085,"Humphreys, TN",2024,897413.0
47087,"Jackson, TN",2019,212259.0
47087,"Jackson, TN",2020,213759.0
47087,"Jackson, TN",2021,229100.0
47087,"Jackson, TN",2022,224613.0
47087,"Jackson, TN",2023,234635.0
47087,"Jackson, TN",2024,238912.0
47089,"Jefferson, TN",2019,1646201.0
47089,"Jefferson, TN",2020,1674650.0
47089,"Jefferson, TN",2021,1734150.0
47089,"Jefferson, TN",2022,1768798.0
47089,"Jefferson, TN",2023,1758822.0
47089,"Jefferson, TN",2024,1865852.0
47091,"Johnson, TN",2019,423571.0
47091,"Johnson, TN",2020,427645.0
47091,"Johnson, TN",2021,443085.0
47091,"Johnson, TN",2022,431084.0
47091,"Johnson, TN",2023,443425.0
47091,"Johnson, TN",2024,452424.0
47093,"Knox, TN",2019,27663204.0
47093,"Knox, TN",2020,28129232.0
47093,"Knox, TN",2021,30713426.0
47093,"Knox, TN",2022,31851917.0
47093,"Knox, TN",2023,33491110.0
47093,"Knox, TN",2024,34553606.0
47095,"Lake, TN",2019,135908.0
47095,"Lake, TN",2020,125585.0
47095,"Lake, TN",2021,148247.0
47095,"Lake, TN",2022,119543.0
47095,"Lake, TN",2023,133366.0
47095,"Lake, TN",2024,112077.0
47097,"Lauderdale, TN",2019,723576.0
47097,"Lauderdale, TN",2020,714010.0
47097,"Lauderdale, TN",2021,783103.0
47097,"Lauderdale, TN",2022,668654.0
47097,"Lauderdale, TN",2023,714387.0
47097,"Lauderdale, TN",2024,718208.0
47099,"Lawrence, TN",2019,1059030.0
47099,"Lawrence, TN",2020,1044413.0
47099,"Lawrence, TN",2021,1159491.0
47099,"Lawrence, TN",2022,1131908.0
47099,"Lawrence, TN",2023,1192054.0
47099,"Lawrence, TN",2024,1225849.0
47101,"Lewis, TN",2019,289441.0
47101,"Lewis, TN",2020,292705.0
47101,"Lewis, TN",2021,322227.0
47101,"Lewis, TN",2022,332606.0
47101,"Lewis, TN",2023,361932.0
47101,"Lewis, TN",2024,379324.0
47103,"Lincoln, TN",2019,1100063.0
47103,"Lincoln, TN",2020,1045110.0
47103,"Lincoln, TN",2021,1117801.0
47103,"Lincoln, TN",2022,1196060.0
47103,"Lincoln, TN",2023,1201389.0
47103,"Lincoln, TN",2024,1325734.0
47105,"Loudon, TN",2019,2131035.0
47105,"Loudon, TN",2020,2167754.0
47105,"Loudon, TN",2021,2388123.0
47105,"Loudon, TN",2022,2387466.0
47105,"Loudon, TN",2023,2304689.0
47105,"Loudon, TN",2024,2348254.0
47107,"McMinn, TN",2019,2126285.0
47107,"McMinn, TN",2020,2167934.0
47107,"McMinn, TN",2021,2272334.0
47107,"McMinn, TN",2022,2186589.0
47107,"McMinn, TN",2023,2130581.0
47107,"McMinn, TN",2024,2179357.0
47109,"McNairy, TN",2019,531570.0
47109,"McNairy, TN",2020,528966.0
47109,"McNairy, TN",2021,561623.0
47109,"McNairy, TN",2022,532200.0
47109,"McNairy, TN",2023,553949.0
47109,"McNairy, TN",2024,585889.0
47111,"Macon, TN",2019,530008.0
47111,"Macon, TN",2020,518940.0
47111,"Macon, TN",2021,539528.0
47111,"Macon, TN",2022,609572.0
47111,"Macon, TN",2023,567457.0
47111,"Macon, TN",2024,642499.0
47113,"Madison, TN",2019,5997406.0
47113,"Madison, TN",2020,5901738.0
47113,"Madison, TN",2021,6413531.0
47113,"Madison, TN",2022,6367512.0
47113,"Madison, TN",2023,6489933.0
47113,"Madison, TN",2024,6668423.0
47115,"Marion, TN",2019,801451.0
47115,"Marion, TN",2020,801212.0
47115,"Marion, TN",2021,833232.0
47115,"Marion, TN",2022,866354.0
47115,"Marion, TN",2023,870370.0
47115,"Marion, TN",2024,910573.0
47117,"Marshall, TN",2019,1241461.0
47117,"Marshall, TN",2020,1238760.0
47117,"Marshall, TN",2021,1303402.0
47117,"Marshall, TN",2022,1287625.0
47117,"Marshall, TN",2023,1339365.0
47117,"Marshall, TN",2024,1343498.0
47119,"Maury, TN",2019,4231559.0
47119,"Maury, TN",2020,4292122.0
47119,"Maury, TN",2021,4726887.0
47119,"Maury, TN",2022,5066273.0
47119,"Maury, TN",2023,5456683.0
47119,"Maury, TN",2024,5809006.0
47121,"Meigs, TN",2019,242449.0
47121,"Meigs, TN",2020,245067.0
47121,"Meigs, TN",2021,266823.0
47121,"Meigs, TN",2022,263196.0
47121,"Meigs, TN",2023,259262.0
47121,"Meigs, TN",2024,266538.0
47123,"Monroe, TN",2019,1430065.0
47123,"Monroe, TN",2020,1368503.0
47123,"Monroe, TN",2021,1459722.0
47123,"Monroe, TN",2022,1584762.0
47123,"Monroe, TN",2023,1758106.0
47123,"Monroe, TN",2024,1789367.0
47125,"Montgomery, TN",2019,5748489.0
47125,"Montgomery, TN",2020,5957137.0
47125,"Montgomery, TN",2021,6442236.0
47125,"Montgomery, TN",2022,6791405.0
47125,"Montgomery, TN",2023,6987374.0
47125,"Montgomery, TN",2024,7271428.0
47127,"Moore, TN",2019,492525.0
47127,"Moore, TN",2020,518444.0
47127,"Moore, TN",2021,521169.0
47127,"Moore, TN",2022,572461.0
47127,"Moore, TN",2023,522391.0
47127,"Moore, TN",2024,509553.0
47129,"Morgan, TN",2019,305881.0
47129,"Morgan, TN",2020,304371.0
47129,"Morgan, TN",2021,300308.0
47129,"Morgan, TN",2022,332871.0
47129,"Morgan, TN",2023,349404.0
47129,"Morgan, TN",2024,365302.0
47131,"Obion, TN",2019,1170785.0
47131,"Obion, TN",2020,1204477.0
47131,"Obion, TN",2021,1289884.0
47131,"Obion, TN",2022,1279031.0
47131,"Obion, TN",2023,1331955.0
47131,"Obion, TN",2024,1294351.0
47133,"Overton, TN",2019,575453.0
47133,"Overton, TN",2020,543259.0
47133,"Overton, TN",2021,577789.0
47133,"Overton, TN",2022,566525.0
47133,"Overton, TN",2023,593305.0
47133,"Overton, TN",2024,610787.0
47135,"Perry, TN",2019,192888.0
47135,"Perry, TN",2020,169687.0
47135,"Perry, TN",2021,172975.0
47135,"Perry, TN",2022,174937.0
47135,"Perry, TN",2023,193909.0
47135,"Perry, TN",2024,208584.0
47137,"Pickett, TN",2019,145734.0
47137,"Pickett, TN",2020,139812.0
47137,"Pickett, TN",2021,134988.0
47137,"Pickett, TN",2022,143931.0
47137,"Pickett, TN",2023,145851.0
47137,"Pickett, TN",2024,161553.0
47139,"Polk, TN",2019,296602.0
47139,"Polk, TN",2020,310237.0
47139,"Polk, TN",2021,363122.0
47139,"Polk, TN",2022,401140.0
47139,"Polk, TN",2023,348913.0
47139,"Polk, TN",2024,372766.0
47141,"Putnam, TN",2019,3537224.0
47141,"Putnam, TN",2020,3590310.0
47141,"Putnam, TN",2021,3816560.0
47141,"Putnam, TN",2022,3902007.0
47141,"Putnam, TN",2023,4012348.0
47141,"Putnam, TN",2024,4126248.0
47143,"Rhea, TN",2019,1972917.0
47143,"Rhea, TN",2020,1857257.0
47143,"Rhea, TN",2021,2390363.0
47143,"Rhea, TN",2022,2680847.0
47143,"Rhea, TN",2023,2246683.0
47143,"Rhea, TN",2024,2343174.0
47145,"Roane, TN",2019,2634597.0
47145,"Roane, TN",2020,2511467.0
47145,"Roane, TN",2021,2751976.0
47145,"Roane, TN",2022,2838548.0
47145,"Roane, TN",2023,2800168.0
47145,"Roane, TN",2024,2827292.0
47147,"Robertson, TN",2019,2441348.0
47147,"Robertson, TN",2020,2447177.0
47147,"Robertson, TN",2021,2625930.0
47147,"Robertson, TN",2022,2629545.0
47147,"Robertson, TN",2023,2733345.0
47147,"Robertson, TN",2024,2847893.0
47149,"Rutherford, TN",2019,17389109.0
47149,"Rutherford, TN",2020,17769775.0
47149,"Rutherford, TN",2021,19704074.0
47149,"Rutherford, TN",2022,20446148.0
47149,"Rutherford, TN",2023,21046346.0
47149,"Rutherford, TN",2024,21930022.0
47151,"Scott, TN",2019,489090.0
47151,"Scott, TN",2020,474630.0
47151,"Scott, TN",2021,493432.0
47151,"Scott, TN",2022,506945.0
47151,"Scott, TN",2023,512020.0
47151,"Scott, TN",2024,536248.0
47153,"Sequatchie, TN",2019,282955.0
47153,"Sequatchie, TN",2020,292579.0
47153,"Sequatchie, TN",2021,320948.0
47153,"Sequatchie, TN",2022,334016.0
47153,"Sequatchie, TN",2023,346624.0
47153,"Sequatchie, TN",2024,353039.0
47155,"Sevier, TN",2019,4604663.0
47155,"Sevier, TN",2020,4176873.0
47155,"Sevier, TN",2021,4974752.0
47155,"Sevier, TN",2022,5292906.0
47155,"Sevier, TN",2023,5691952.0
47155,"Sevier, TN",2024,5816639.0
47157,"Shelby, TN",2019,64683450.0
47157,"Shelby, TN",2020,63463617.0
47157,"Shelby, TN",2021,66889376.0
47157,"Shelby, TN",2022,66036744.0
47157,"Shelby, TN",2023,67882445.0
47157,"Shelby, TN",2024,67994503.0
47159,"Smith, TN",2019,708649.0
47159,"Smith, TN",2020,720229.0
47159,"Smith, TN",2021,724387.0
47159,"Smith, TN",2022,728585.0
47159,"Smith, TN",2023,717955.0
47159,"Smith, TN",2024,669039.0
47161,"Stewart, TN",2019,847114.0
47161,"Stewart, TN",2020,772487.0
47161,"Stewart, TN",2021,1054727.0
47161,"Stewart, TN",2022,946506.0
47161,"Stewart, TN",2023,836831.0
47161,"Stewart, TN",2024,911129.0
47163,"Sullivan, TN",2019,7780466.0
47163,"Sullivan, TN",2020,7998425.0
47163,"Sullivan, TN",2021,8790463.0
47163,"Sullivan, TN",2022,8933380.0
47163,"Sullivan, TN",2023,8944977.0
47163,"Sullivan, TN",2024,9483104.0
47165,"Sumner, TN",2019,7139672.0
47165,"Sumner, TN",2020,7202370.0
47165,"Sumner, TN",2021,7939060.0
47165,"Sumner, TN",2022,8686447.0
47165,"Sumner, TN",2023,8797173.0
47165,"Sumner, TN",2024,9232461.0
47167,"Tipton, TN",2019,1205382.0
47167,"Tipton, TN",2020,1241664.0
47167,"Tipton, TN",2021,1322795.0
47167,"Tipton, TN",2022,1329653.0
47167,"Tipton, TN",2023,1344936.0
47167,"Tipton, TN",2024,1345719.0
47169,"Trousdale, TN",2019,204336.0
47169,"Trousdale, TN",2020,190420.0
47169,"Trousdale, TN",2021,201818.0
47169,"Trousdale, TN",2022,218877.0
47169,"Trousdale, TN",2023,219774.0
47169,"Trousdale, TN",2024,229462.0
47171,"Unicoi, TN",2019,543948.0
47171,"Unicoi, TN",2020,560107.0
47171,"Unicoi, TN",2021,593861.0
47171,"Unicoi, TN",2022,586796.0
47171,"Unicoi, TN",2023,602807.0
47171,"Unicoi, TN",2024,634337.0
47173,"Union, TN",2019,322941.0
47173,"Union, TN",2020,315858.0
47173,"Union, TN",2021,321984.0
47173,"Union, TN",2022,338789.0
47173,"Union, TN",2023,344863.0
47173,"Union, TN",2024,351540.0
47175,"Van Buren, TN",2019,96377.0
47175,"Van Buren, TN",2020,99806.0
47175,"Van Buren, TN",2021,104043.0
47175,"Van Buren, TN",2022,100160.0
47175,"Van Buren, TN",2023,101065.0
47175,"Van Buren, TN",2024,101397.0
47177,"Warren, TN",2019,1466667.0
47177,"Warren, TN",2020,1434996.0
47177,"Warren, TN",2021,1517276.0
47177,"Warren, TN",2022,1446301.0
47177,"Warren, TN",2023,1489909.0
47177,"Warren, TN",2024,1559877.0
47179,"Washington, TN",2019,6031586.0
47179,"Washington, TN",2020,6037455.0
47179,"Washington, TN",2021,6597131.0
47179,"Washington, TN",2022,6593572.0
47179,"Washington, TN",2023,7043040.0
47179,"Washington, TN",2024,7192025.0
47181,"Wayne, TN",2019,330920.0
47181,"Wayne, TN",2020,342599.0
47181,"Wayne, TN",2021,344380.0
47181,"Wayne, TN",2022,378657.0
47181,"Wayne, TN",2023,389305.0
47181,"Wayne, TN",2024,418889.0
47183,"Weakley, TN",2019,1103437.0
47183,"Weakley, TN",2020,1084017.0
47183,"Weakley, TN",2021,1179351.0
47183,"Weakley, TN",2022,1127240.0
47183,"Weakley, TN",2023,1123141.0
47183,"Weakley, TN",2024,1047445.0
47185,"White, TN",2019,744108.0
47185,"White, TN",2020,741386.0
47185,"White, TN",2021,809638.0
47185,"White, TN",2022,799893.0
47185,"White, TN",2023,843780.0
47185,"White, TN",2024,842758.0
47187,"Williamson, TN",2019,24148813.0
47187,"Williamson, TN",2020,24541695.0
47187,"Williamson, TN",2021,27442136.0
47187,"Williamson, TN",2022,29523270.0
47187,"Williamson, TN",2023,31224125.0
47187,"Williamson, TN",2024,31510387.0
47189,"Wilson, TN",2019,5568024.0
47189,"Wilson, TN",2020,5708004.0
47189,"Wilson, TN",2021,6578507.0
47189,"Wilson, TN",2022,6960269.0
47189,"Wilson, TN",2023,7320607.0
47189,"Wilson, TN",2024,7715815.0
48001,"Anderson, TX",2019,1990730.0
48001,"Anderson, TX",2020,1967434.0
48001,"Anderson, TX",2021,2071620.0
48001,"Anderson, TX",2022,2106124.0
48001,"Anderson, TX",2023,2175518.0
48001,"Anderson, TX",2024,2150054.0
48003,"Andrews, TX",2019,2921685.0
48003,"Andrews, TX",2020,2682766.0
48003,"Andrews, TX",2021,2960028.0
48003,"Andrews, TX",2022,2780286.0
48003,"Andrews, TX",2023,4453975.0
48003,"Andrews, TX",2024,4737748.0
48005,"Angelina, TX",2019,3316547.0
48005,"Angelina, TX",2020,3248551.0
48005,"Angelina, TX",2021,3241045.0
48005,"Angelina, TX",2022,3368400.0
48005,"Angelina, TX",2023,3513734.0
48005,"Angelina, TX",2024,3586981.0
48007,"Aransas, TX",2019,684004.0
48007,"Aransas, TX",2020,689026.0
48007,"Aransas, TX",2021,720654.0
48007,"Aransas, TX",2022,763505.0
48007,"Aransas, TX",2023,749414.0
48007,"Aransas, TX",2024,743698.0
48009,"Archer, TX",2019,278822.0
48009,"Archer, TX",2020,286732.0
48009,"Archer, TX",2021,284854.0
48009,"Archer, TX",2022,313001.0
48009,"Archer, TX",2023,334707.0
48009,"Archer, TX",2024,353124.0
48011,"Armstrong, TX",2019,49996.0
48011,"Armstrong, TX",2020,54464.0
48011,"Armstrong, TX",2021,45974.0
48011,"Armstrong, TX",2022,62086.0
48011,"Armstrong, TX",2023,62787.0
48011,"Armstrong, TX",2024,84359.0
48013,"Atascosa, TX",2019,3190576.0
48013,"Atascosa, TX",2020,2659975.0
48013,"Atascosa, TX",2021,2660959.0
48013,"Atascosa, TX",2022,2759759.0
48013,"Atascosa, TX",2023,3727150.0
48013,"Atascosa, TX",2024,4304185.0
48015,"Austin, TX",2019,1413327.0
48015,"Austin, TX",2020,1431952.0
48015,"Austin, TX",2021,1607714.0
48015,"Austin, TX",2022,1631521.0
48015,"Austin, TX",2023,1674236.0
48015,"Austin, TX",2024,1769939.0
48017,"Bailey, TX",2019,386984.0
48017,"Bailey, TX",2020,404530.0
48017,"Bailey, TX",2021,397102.0
48017,"Bailey, TX",2022,383076.0
48017,"Bailey, TX",2023,440126.0
48017,"Bailey, TX",2024,475336.0
48019,"Bandera, TX",2019,402143.0
48019,"Bandera, TX",2020,377831.0
48019,"Bandera, TX",2021,389358.0
48019,"Bandera, TX",2022,405996.0
48019,"Bandera, TX",2023,410898.0
48019,"Bandera, TX",2024,421406.0
48021,"Bastrop, TX",2019,2452482.0
48021,"Bastrop, TX",2020,2562391.0
48021,"Bastrop, TX",2021,2694347.0
48021,"Bastrop, TX",2022,2961156.0
48021,"Bastrop, TX",2023,3221482.0
48021,"Bastrop, TX",2024,3344351.0
48023,"Baylor, TX",2019,158933.0
48023,"Baylor, TX",2020,171664.0
48023,"Baylor, TX",2021,170002.0
48023,"Baylor, TX",2022,182990.0
48023,"Baylor, TX",2023,175335.0
48023,"Baylor, TX",2024,184930.0
48025,"Bee, TX",2019,750976.0
48025,"Bee, TX",2020,720439.0
48025,"Bee, TX",2021,682165.0
48025,"Bee, TX",2022,744954.0
48025,"Bee, TX",2023,814829.0
48025,"Bee, TX",2024,879620.0
48027,"Bell, TX",2019,16779854.0
48027,"Bell, TX",2020,17134238.0
48027,"Bell, TX",2021,17971844.0
48027,"Bell, TX",2022,18413285.0
48027,"Bell, TX",2023,19480263.0
48027,"Bell, TX",2024,20351868.0
48029,"Bexar, TX",2019,106900347.0
48029,"Bexar, TX",2020,105587835.0
48029,"Bexar, TX",2021,110502679.0
48029,"Bexar, TX",2022,118422612.0
48029,"Bexar, TX",2023,123250308.0
48029,"Bexar, TX",2024,127563908.0
48031,"Blanco, TX",2019,424073.0
48031,"Blanco, TX",2020,428527.0
48031,"Blanco, TX",2021,465699.0
48031,"Blanco, TX",2022,506577.0
48031,"Blanco, TX",2023,520571.0
48031,"Blanco, TX",2024,547705.0
48033,"Borden, TX",2019,446349.0
48033,"Borden, TX",2020,436425.0
48033,"Borden, TX",2021,416932.0
48033,"Borden, TX",2022,476668.0
48033,"Borden, TX",2023,892658.0
48033,"Borden, TX",2024,1091478.0
48035,"Bosque, TX",2019,569096.0
48035,"Bosque, TX",2020,568162.0
48035,"Bosque, TX",2021,576685.0
48035,"Bosque, TX",2022,618711.0
48035,"Bosque, TX",2023,662372.0
48035,"Bosque, TX",2024,658993.0
48037,"Bowie, TX",2019,3592127.0
48037,"Bowie, TX",2020,3576719.0
48037,"Bowie, TX",2021,3705733.0
48037,"Bowie, TX",2022,3735269.0
48037,"Bowie, TX",2023,3899306.0
48037,"Bowie, TX",2024,4034276.0
48039,"Brazoria, TX",2019,15879803.0
48039,"Brazoria, TX",2020,15756034.0
48039,"Brazoria, TX",2021,16552925.0
48039,"Brazoria, TX",2022,17112749.0
48039,"Brazoria, TX",2023,17295666.0
48039,"Brazoria, TX",2024,18217082.0
48041,"Brazos, TX",2019,10306938.0
48041,"Brazos, TX",2020,10305773.0
48041,"Brazos, TX",2021,11031907.0
48041,"Brazos, TX",2022,11626135.0
48041,"Brazos, TX",2023,12111928.0
48041,"Brazos, TX",2024,12496050.0
48043,"Brewster, TX",2019,383024.0
48043,"Brewster, TX",2020,369870.0
48043,"Brewster, TX",2021,403210.0
48043,"Brewster, TX",2022,420384.0
48043,"Brewster, TX",2023,443470.0
48043,"Brewster, TX",2024,473515.0
48045,"Briscoe, TX",2019,91684.0
48045,"Briscoe, TX",2020,78601.0
48045,"Briscoe, TX",2021,103035.0
48045,"Briscoe, TX",2022,121281.0
48045,"Briscoe, TX",2023,105549.0
48045,"Briscoe, TX",2024,64270.0
48047,"Brooks, TX",2019,287126.0
48047,"Brooks, TX",2020,272284.0
48047,"Brooks, TX",2021,280236.0
48047,"Brooks, TX",2022,266225.0
48047,"Brooks, TX",2023,288011.0
48047,"Brooks, TX",2024,257355.0
48049,"Brown, TX",2019,1449766.0
48049,"Brown, TX",2020,1401057.0
48049,"Brown, TX",2021,1421796.0
48049,"Brown, TX",2022,1431252.0
48049,"Brown, TX",2023,1490130.0
48049,"Brown, TX",2024,1506419.0
48051,"Burleson, TX",2019,1227658.0
48051,"Burleson, TX",2020,1186169.0
48051,"Burleson, TX",2021,1011453.0
48051,"Burleson, TX",2022,853345.0
48051,"Burleson, TX",2023,1092459.0
48051,"Burleson, TX",2024,1075086.0
48053,"Burnet, TX",2019,1694510.0
48053,"Burnet, TX",2020,1758601.0
48053,"Burnet, TX",2021,1875782.0
48053,"Burnet, TX",2022,2002938.0
48053,"Burnet, TX",2023,2063356.0
48053,"Burnet, TX",2024,2074267.0
48055,"Caldwell, TX",2019,925002.0
48055,"Caldwell, TX",2020,977459.0
48055,"Caldwell, TX",2021,1018809.0
48055,"Caldwell, TX",2022,1040302.0
48055,"Caldwell, TX",2023,1153009.0
48055,"Caldwell, TX",2024,1214974.0
48057,"Calhoun, TX",2019,3327376.0
48057,"Calhoun, TX",2020,3205143.0
48057,"Calhoun, TX",2021,3872180.0
48057,"Calhoun, TX",2022,3752014.0
48057,"Calhoun, TX",2023,3786417.0
48057,"Calhoun, TX",2024,4206466.0
48059,"Callahan, TX",2019,304597.0
48059,"Callahan, TX",2020,292748.0
48059,"Callahan, TX",2021,298685.0
48059,"Callahan, TX",2022,364509.0
48059,"Callahan, TX",2023,406541.0
48059,"Callahan, TX",2024,427189.0
48061,"Cameron, TX",2019,11292095.0
48061,"Cameron, TX",2020,10980593.0
48061,"Cameron, TX",2021,11758806.0
48061,"Cameron, TX",2022,12358584.0
48061,"Cameron, TX",2023,12842544.0
48061,"Cameron, TX",2024,13570589.0
48063,"Camp, TX",2019,348560.0
48063,"Camp, TX",2020,356316.0
48063,"Camp, TX",2021,369802.0
48063,"Camp, TX",2022,412700.0
48063,"Camp, TX",2023,408724.0
48063,"Camp, TX",2024,414456.0
48065,"Carson, TX",2019,970868.0
48065,"Carson, TX",2020,907182.0
48065,"Carson, TX",2021,976948.0
48065,"Carson, TX",2022,965886.0
48065,"Carson, TX",2023,999672.0
48065,"Carson, TX",2024,971040.0
48067,"Cass, TX",2019,867105.0
48067,"Cass, TX",2020,934158.0
48067,"Cass, TX",2021,986932.0
48067,"Cass, TX",2022,1013243.0
48067,"Cass, TX",2023,1126120.0
48067,"Cass, TX",2024,1207268.0
48069,"Castro, TX",2019,658091.0
48069,"Castro, TX",2020,680192.0
48069,"Castro, TX",2021,674424.0
48069,"Castro, TX",2022,626432.0
48069,"Castro, TX",2023,783812.0
48069,"Castro, TX",2024,844715.0
48071,"Chambers, TX",2019,2628866.0
48071,"Chambers, TX",2020,2611991.0
48071,"Chambers, TX",2021,2527394.0
48071,"Chambers, TX",2022,2633280.0
48071,"Chambers, TX",2023,2999293.0
48071,"Chambers, TX",2024,2888587.0
48073,"Cherokee, TX",2019,1327127.0
48073,"Cherokee, TX",2020,1371276.0
48073,"Cherokee, TX",2021,1367429.0
48073,"Cherokee, TX",2022,1375843.0
48073,"Cherokee, TX",2023,1533447.0
48073,"Cherokee, TX",2024,1606405.0
48075,"Childress, TX",2019,212039.0
48075,"Childress, TX",2020,235078.0
48075,"Childress, TX",2021,248731.0
48075,"Childress, TX",2022,311481.0
48075,"Childress, TX",2023,288233.0
48075,"Childress, TX",2024,276931.0
48077,"Clay, TX",2019,215232.0
48077,"Clay, TX",2020,215930.0
48077,"Clay, TX",2021,216051.0
48077,"Clay, TX",2022,220675.0
48077,"Clay, TX",2023,249036.0
48077,"Clay, TX",2024,337702.0
48079,"Cochran, TX",2019,207651.0
48079,"Cochran, TX",2020,219325.0
48079,"Cochran, TX",2021,237218.0
48079,"Cochran, TX",2022,232190.0
48079,"Cochran, TX",2023,246718.0
48079,"Cochran, TX",2024,258281.0
48081,"Coke, TX",2019,93543.0
48081,"Coke, TX",2020,97826.0
48081,"Coke, TX",2021,176595.0
48081,"Coke, TX",2022,190726.0
48081,"Coke, TX",2023,208359.0
48081,"Coke, TX",2024,246134.0
48083,"Coleman, TX",2019,207669.0
48083,"Coleman, TX",2020,206214.0
48083,"Coleman, TX",2021,210899.0
48083,"Coleman, TX",2022,220345.0
48083,"Coleman, TX",2023,233984.0
48083,"Coleman, TX",2024,220525.0
48085,"Collin, TX",2019,68740613.0
48085,"Collin, TX",2020,71122774.0
48085,"Collin, TX",2021,77635148.0
48085,"Collin, TX",2022,84571121.0
48085,"Collin, TX",2023,90073638.0
48085,"Collin, TX",2024,94982449.0
48087,"Collingsworth, TX",2019,75784.0
48087,"Collingsworth, TX",2020,76909.0
48087,"Collingsworth, TX",2021,81951.0
48087,"Collingsworth, TX",2022,80041.0
48087,"Collingsworth, TX",2023,88841.0
48087,"Collingsworth, TX",2024,82209.0
48089,"Colorado, TX",2019,845151.0
48089,"Colorado, TX",2020,819611.0
48089,"Colorado, TX",2021,891076.0
48089,"Colorado, TX",2022,894518.0
48089,"Colorado, TX",2023,944425.0
48089,"Colorado, TX",2024,923914.0
48091,"Comal, TX",2019,6618563.0
48091,"Comal, TX",2020,7072731.0
48091,"Comal, TX",2021,7762614.0
48091,"Comal, TX",2022,8231886.0
48091,"Comal, TX",2023,8617951.0
48091,"Comal, TX",2024,9194530.0
48093,"Comanche, TX",2019,421214.0
48093,"Comanche, TX",2020,445708.0
48093,"Comanche, TX",2021,419654.0
48093,"Comanche, TX",2022,467749.0
48093,"Comanche, TX",2023,474208.0
48093,"Comanche, TX",2024,519767.0
48095,"Concho, TX",2019,106692.0
48095,"Concho, TX",2020,122079.0
48095,"Concho, TX",2021,128100.0
48095,"Concho, TX",2022,211151.0
48095,"Concho, TX",2023,231155.0
48095,"Concho, TX",2024,231602.0
48097,"Cooke, TX",2019,2409435.0
48097,"Cooke, TX",2020,2058765.0
48097,"Cooke, TX",2021,2192222.0
48097,"Cooke, TX",2022,2461366.0
48097,"Cooke, TX",2023,2668373.0
48097,"Cooke, TX",2024,2896103.0
48099,"Coryell, TX",2019,1662838.0
48099,"Coryell, TX",2020,1637875.0
48099,"Coryell, TX",2021,1688487.0
48099,"Coryell, TX",2022,1733099.0
48099,"Coryell, TX",2023,1729585.0
48099,"Coryell, TX",2024,1762428.0
48101,"Cottle, TX",2019,52198.0
48101,"Cottle, TX",2020,57905.0
48101,"Cottle, TX",2021,71970.0
48101,"Cottle, TX",2022,98316.0
48101,"Cottle, TX",2023,108780.0
48101,"Cottle, TX",2024,115495.0
48103,"Crane, TX",2019,564973.0
48103,"Crane, TX",2020,554557.0
48103,"Crane, TX",2021,570948.0
48103,"Crane, TX",2022,626772.0
48103,"Crane, TX",2023,1009027.0
48103,"Crane, TX",2024,1037704.0
48105,"Crockett, TX",2019,607438.0
48105,"Crockett, TX",2020,639812.0
48105,"Crockett, TX",2021,592829.0
48105,"Crockett, TX",2022,551656.0
48105,"Crockett, TX",2023,689975.0
48105,"Crockett, TX",2024,690649.0
48107,"Crosby, TX",2019,232960.0
48107,"Crosby, TX",2020,217216.0
48107,"Crosby, TX",2021,239864.0
48107,"Crosby, TX",2022,235344.0
48107,"Crosby, TX",2023,250098.0
48107,"Crosby, TX",2024,205032.0
48109,"Culberson, TX",2019,2246340.0
48109,"Culberson, TX",2020,2492877.0
48109,"Culberson, TX",2021,2475988.0
48109,"Culberson, TX",2022,2206308.0
48109,"Culberson, TX",2023,3216025.0
48109,"Culberson, TX",2024,3546804.0
48111,"Dallam, TX",2019,698604.0
48111,"Dallam, TX",2020,696751.0
48111,"Dallam, TX",2021,684522.0
48111,"Dallam, TX",2022,629210.0
48111,"Dallam, TX",2023,792215.0
48111,"Dallam, TX",2024,767321.0
48113,"Dallas, TX",2019,269487935.0
48113,"Dallas, TX",2020,264628270.0
48113,"Dallas, TX",2021,285808012.0
48113,"Dallas, TX",2022,297132937.0
48113,"Dallas, TX",2023,307782655.0
48113,"Dallas, TX",2024,311747303.0
48115,"Dawson, TX",2019,640835.0
48115,"Dawson, TX",2020,664315.0
48115,"Dawson, TX",2021,640033.0
48115,"Dawson, TX",2022,771993.0
48115,"Dawson, TX",2023,1011813.0
48115,"Dawson, TX",2024,1347444.0
48117,"Deaf Smith, TX",2019,1437031.0
48117,"Deaf Smith, TX",2020,1417075.0
48117,"Deaf Smith, TX",2021,1412979.0
48117,"Deaf Smith, TX",2022,1369113.0
48117,"Deaf Smith, TX",2023,1654312.0
48117,"Deaf Smith, TX",2024,1640858.0
48119,"Delta, TX",2019,104126.0
48119,"Delta, TX",2020,103045.0
48119,"Delta, TX",2021,104658.0
48119,"Delta, TX",2022,101588.0
48119,"Delta, TX",2023,122597.0
48119,"Delta, TX",2024,138621.0
48121,"Denton, TX",2019,36317647.0
48121,"Denton, TX",2020,40136616.0
48121,"Denton, TX",2021,43966396.0
48121,"Denton, TX",2022,47637898.0
48121,"Denton, TX",2023,49285778.0
48121,"Denton, TX",2024,50216254.0
48123,"DeWitt, TX",2019,3996293.0
48123,"DeWitt, TX",2020,3541676.0
48123,"DeWitt, TX",2021,3284458.0
48123,"DeWitt, TX",2022,2688242.0
48123,"DeWitt, TX",2023,3774400.0
48123,"DeWitt, TX",2024,3973228.0
48125,"Dickens, TX",2019,92255.0
48125,"Dickens, TX",2020,90208.0
48125,"Dickens, TX",2021,88081.0
48125,"Dickens, TX",2022,97305.0
48125,"Dickens, TX",2023,110130.0
48125,"Dickens, TX",2024,99936.0
48127,"Dimmit, TX",2019,3622985.0
48127,"Dimmit, TX",2020,2888635.0
48127,"Dimmit, TX",2021,2361351.0
48127,"Dimmit, TX",2022,2134851.0
48127,"Dimmit, TX",2023,3546898.0
48127,"Dimmit, TX",2024,3410651.0
48129,"Donley, TX",2019,119559.0
48129,"Donley, TX",2020,123658.0
48129,"Donley, TX",2021,128121.0
48129,"Donley, TX",2022,122250.0
48129,"Donley, TX",2023,141188.0
48129,"Donley, TX",2024,134886.0
48131,"Duval, TX",2019,334451.0
48131,"Duval, TX",2020,328784.0
48131,"Duval, TX",2021,328353.0
48131,"Duval, TX",2022,311764.0
48131,"Duval, TX",2023,335709.0
48131,"Duval, TX",2024,291492.0
48133,"Eastland, TX",2019,763947.0
48133,"Eastland, TX",2020,698484.0
48133,"Eastland, TX",2021,711434.0
48133,"Eastland, TX",2022,734329.0
48133,"Eastland, TX",2023,744867.0
48133,"Eastland, TX",2024,757061.0
48135,"Ector, TX",2019,12974711.0
48135,"Ector, TX",2020,10974379.0
48135,"Ector, TX",2021,10883278.0
48135,"Ector, TX",2022,11723302.0
48135,"Ector, TX",2023,13356754.0
48135,"Ector, TX",2024,13751509.0
48137,"Edwards, TX",2019,66215.0
48137,"Edwards, TX",2020,61006.0
48137,"Edwards, TX",2021,65943.0
48137,"Edwards, TX",2022,65555.0
48137,"Edwards, TX",2023,77325.0
48137,"Edwards, TX",2024,63532.0
48139,"Ellis, TX",2019,6521681.0
48139,"Ellis, TX",2020,6378117.0
48139,"Ellis, TX",2021,6838686.0
48139,"Ellis, TX",2022,7488713.0
48139,"Ellis, TX",2023,7676693.0
48139,"Ellis, TX",2024,8231178.0
48141,"El Paso, TX",2019,32894612.0
48141,"El Paso, TX",2020,33094137.0
48141,"El Paso, TX",2021,35180247.0
48141,"El Paso, TX",2022,37151060.0
48141,"El Paso, TX",2023,39019392.0
48141,"El Paso, TX",2024,42288300.0
48143,"Erath, TX",2019,1606237.0
48143,"Erath, TX",2020,1583827.0
48143,"Erath, TX",2021,1567831.0
48143,"Erath, TX",2022,1712605.0
48143,"Erath, TX",2023,1762741.0
48143,"Erath, TX",2024,1897376.0
48145,"Falls, TX",2019,381902.0
48145,"Falls, TX",2020,394885.0
48145,"Falls, TX",2021,386385.0
48145,"Falls, TX",2022,401408.0
48145,"Falls, TX",2023,491554.0
48145,"Falls, TX",2024,513922.0
48147,"Fannin, TX",2019,959600.0
48147,"Fannin, TX",2020,938240.0
48147,"Fannin, TX",2021,977276.0
48147,"Fannin, TX",2022,1029963.0
48147,"Fannin, TX",2023,1085691.0
48147,"Fannin, TX",2024,1148993.0
48149,"Fayette, TX",2019,1605118.0
48149,"Fayette, TX",2020,1573243.0
48149,"Fayette, TX",2021,1671085.0
48149,"Fayette, TX",2022,1615450.0
48149,"Fayette, TX",2023,1753750.0
48149,"Fayette, TX",2024,1731107.0
48151,"Fisher, TX",2019,200593.0
48151,"Fisher, TX",2020,210607.0
48151,"Fisher, TX",2021,271852.0
48151,"Fisher, TX",2022,360502.0
48151,"Fisher, TX",2023,429688.0
48151,"Fisher, TX",2024,382875.0
48153,"Floyd, TX",2019,350623.0
48153,"Floyd, TX",2020,282796.0
48153,"Floyd, TX",2021,350130.0
48153,"Floyd, TX",2022,343103.0
48153,"Floyd, TX",2023,308685.0
48153,"Floyd, TX",2024,288050.0
48155,"Foard, TX",2019,51821.0
48155,"Foard, TX",2020,92510.0
48155,"Foard, TX",2021,95549.0
48155,"Foard, TX",2022,108853.0
48155,"Foard, TX",2023,104306.0
48155,"Foard, TX",2024,99443.0
48157,"Fort Bend, TX",2019,31347685.0
48157,"Fort Bend, TX",2020,31078612.0
48157,"Fort Bend, TX",2021,33046273.0
48157,"Fort Bend, TX",2022,34650175.0
48157,"Fort Bend, TX",2023,36728959.0
48157,"Fort Bend, TX",2024,39054035.0
48159,"Franklin, TX",2019,384280.0
48159,"Franklin, TX",2020,376293.0
48159,"Franklin, TX",2021,405956.0
48159,"Franklin, TX",2022,459285.0
48159,"Franklin, TX",2023,479808.0
48159,"Franklin, TX",2024,523476.0
48161,"Freestone, TX",2019,1010663.0
48161,"Freestone, TX",2020,937564.0
48161,"Freestone, TX",2021,893618.0
48161,"Freestone, TX",2022,911090.0
48161,"Freestone, TX",2023,1021962.0
48161,"Freestone, TX",2024,992574.0
48163,"Frio, TX",2019,1187823.0
48163,"Frio, TX",2020,1035378.0
48163,"Frio, TX",2021,1073357.0
48163,"Frio, TX",2022,1044343.0
48163,"Frio, TX",2023,1299444.0
48163,"Frio, TX",2024,1297008.0
48165,"Gaines, TX",2019,1958758.0
48165,"Gaines, TX",2020,1874959.0
48165,"Gaines, TX",2021,1688798.0
48165,"Gaines, TX",2022,1575314.0
48165,"Gaines, TX",2023,2061849.0
48165,"Gaines, TX",2024,1965380.0
48167,"Galveston, TX",2019,15802738.0
48167,"Galveston, TX",2020,15278199.0
48167,"Galveston, TX",2021,16932250.0
48167,"Galveston, TX",2022,18590021.0
48167,"Galveston, TX",2023,18705997.0
48167,"Galveston, TX",2024,20111790.0
48169,"Garza, TX",2019,251575.0
48169,"Garza, TX",2020,218464.0
48169,"Garza, TX",2021,222195.0
48169,"Garza, TX",2022,200894.0
48169,"Garza, TX",2023,254286.0
48169,"Garza, TX",2024,246030.0
48171,"Gillespie, TX",2019,1123128.0
48171,"Gillespie, TX",2020,1136251.0
48171,"Gillespie, TX",2021,1268949.0
48171,"Gillespie, TX",2022,1360498.0
48171,"Gillespie, TX",2023,1323378.0
48171,"Gillespie, TX",2024,1362241.0
48173,"Glasscock, TX",2019,2624310.0
48173,"Glasscock, TX",2020,2590650.0
48173,"Glasscock, TX",2021,2217658.0
48173,"Glasscock, TX",2022,2095538.0
48173,"Glasscock, TX",2023,4001450.0
48173,"Glasscock, TX",2024,4581798.0
48175,"Goliad, TX",2019,305550.0
48175,"Goliad, TX",2020,262041.0
48175,"Goliad, TX",2021,305516.0
48175,"Goliad, TX",2022,277818.0
48175,"Goliad, TX",2023,289846.0
48175,"Goliad, TX",2024,275297.0
48177,"Gonzales, TX",2019,2807960.0
48177,"Gonzales, TX",2020,2556192.0
48177,"Gonzales, TX",2021,2557014.0
48177,"Gonzales, TX",2022,2330546.0
48177,"Gonzales, TX",2023,3069121.0
48177,"Gonzales, TX",2024,3237084.0
48179,"Gray, TX",2019,1019422.0
48179,"Gray, TX",2020,976496.0
48179,"Gray, TX",2021,999787.0
48179,"Gray, TX",2022,1002743.0
48179,"Gray, TX",2023,1124985.0
48179,"Gray, TX",2024,1148517.0
48181,"Grayson, TX",2019,5018905.0
48181,"Grayson, TX",2020,4941951.0
48181,"Grayson, TX",2021,5337561.0
48181,"Grayson, TX",2022,5558816.0
48181,"Grayson, TX",2023,6231562.0
48181,"Grayson, TX",2024,6585066.0
48183,"Gregg, TX",2019,7870788.0
48183,"Gregg, TX",2020,7295056.0
48183,"Gregg, TX",2021,7628794.0
48183,"Gregg, TX",2022,7985825.0
48183,"Gregg, TX",2023,8401346.0
48183,"Gregg, TX",2024,8441207.0
48185,"Grimes, TX",2019,1059954.0
48185,"Grimes, TX",2020,997569.0
48185,"Grimes, TX",2021,989065.0
48185,"Grimes, TX",2022,1088306.0
48185,"Grimes, TX",2023,1126833.0
48185,"Grimes, TX",2024,1130456.0
48187,"Guadalupe, TX",2019,7516017.0
48187,"Guadalupe, TX",2020,7784463.0
48187,"Guadalupe, TX",2021,8973509.0
48187,"Guadalupe, TX",2022,11144694.0
48187,"Guadalupe, TX",2023,11903110.0
48187,"Guadalupe, TX",2024,12526823.0
48189,"Hale, TX",2019,1269485.0
48189,"Hale, TX",2020,1283718.0
48189,"Hale, TX",2021,1276170.0
48189,"Hale, TX",2022,1319372.0
48189,"Hale, TX",2023,1339377.0
48189,"Hale, TX",2024,1360507.0
48191,"Hall, TX",2019,73626.0
48191,"Hall, TX",2020,71740.0
48191,"Hall, TX",2021,99055.0
48191,"Hall, TX",2022,84559.0
48191,"Hall, TX",2023,92697.0
48191,"Hall, TX",2024,82094.0
48193,"Hamilton, TX",2019,249932.0
48193,"Hamilton, TX",2020,264699.0
48193,"Hamilton, TX",2021,258951.0
48193,"Hamilton, TX",2022,270446.0
48193,"Hamilton, TX",2023,287174.0
48193,"Hamilton, TX",2024,295065.0
48195,"Hansford, TX",2019,514115.0
48195,"Hansford, TX",2020,473525.0
48195,"Hansford, TX",2021,465445.0
48195,"Hansford, TX",2022,450319.0
48195,"Hansford, TX",2023,731845.0
48195,"Hansford, TX",2024,674688.0
48197,"Hardeman, TX",2019,167801.0
48197,"Hardeman, TX",2020,197794.0
48197,"Hardeman, TX",2021,205218.0
48197,"Hardeman, TX",2022,223356.0
48197,"Hardeman, TX",2023,220281.0
48197,"Hardeman, TX",2024,218160.0
48199,"Hardin, TX",2019,1345762.0
48199,"Hardin, TX",2020,1281902.0
48199,"Hardin, TX",2021,1387792.0
48199,"Hardin, TX",2022,1378774.0
48199,"Hardin, TX",2023,1380702.0
48199,"Hardin, TX",2024,1447941.0
48201,"Harris, TX",2019,383052139.0
48201,"Harris, TX",2020,377634332.0
48201,"Harris, TX",2021,404804669.0
48201,"Harris, TX",2022,414182103.0
48201,"Harris, TX",2023,441956878.0
48201,"Harris, TX",2024,458701746.0
48203,"Harrison, TX",2019,4124763.0
48203,"Harrison, TX",2020,3974883.0
48203,"Harrison, TX",2021,4439507.0
48203,"Harrison, TX",2022,4534230.0
48203,"Harrison, TX",2023,4616429.0
48203,"Harrison, TX",2024,4598011.0
48205,"Hartley, TX",2019,743710.0
48205,"Hartley, TX",2020,720778.0
48205,"Hartley, TX",2021,699162.0
48205,"Hartley, TX",2022,644597.0
48205,"Hartley, TX",2023,858122.0
48205,"Hartley, TX",2024,940369.0
48207,"Haskell, TX",2019,298786.0
48207,"Haskell, TX",2020,275829.0
48207,"Haskell, TX",2021,285927.0
48207,"Haskell, TX",2022,309874.0
48207,"Haskell, TX",2023,366741.0
48207,"Haskell, TX",2024,334767.0
48209,"Hays, TX",2019,8431102.0
48209,"Hays, TX",2020,8468756.0
48209,"Hays, TX",2021,9273156.0
48209,"Hays, TX",2022,10148846.0
48209,"Hays, TX",2023,10929926.0
48209,"Hays, TX",2024,11726892.0
48211,"Hemphill, TX",2019,583314.0
48211,"Hemphill, TX",2020,509309.0
48211,"Hemphill, TX",2021,438051.0
48211,"Hemphill, TX",2022,354695.0
48211,"Hemphill, TX",2023,412756.0
48211,"Hemphill, TX",2024,368662.0
48213,"Henderson, TX",2019,1825800.0
48213,"Henderson, TX",2020,1857995.0
48213,"Henderson, TX",2021,1836910.0
48213,"Henderson, TX",2022,1902025.0
48213,"Henderson, TX",2023,2049260.0
48213,"Henderson, TX",2024,2139968.0
48215,"Hidalgo, TX",2019,21991095.0
48215,"Hidalgo, TX",2020,21619757.0
48215,"Hidalgo, TX",2021,22780663.0
48215,"Hidalgo, TX",2022,23120685.0
48215,"Hidalgo, TX",2023,23626970.0
48215,"Hidalgo, TX",2024,24238655.0
48217,"Hill, TX",2019,978427.0
48217,"Hill, TX",2020,942197.0
48217,"Hill, TX",2021,1040511.0
48217,"Hill, TX",2022,1143135.0
48217,"Hill, TX",2023,1225303.0
48217,"Hill, TX",2024,1302570.0
48219,"Hockley, TX",2019,1756085.0
48219,"Hockley, TX",2020,1514919.0
48219,"Hockley, TX",2021,1511677.0
48219,"Hockley, TX",2022,1446787.0
48219,"Hockley, TX",2023,1741726.0
48219,"Hockley, TX",2024,1730951.0
48221,"Hood, TX",2019,2466581.0
48221,"Hood, TX",2020,2222694.0
48221,"Hood, TX",2021,2367617.0
48221,"Hood, TX",2022,2571372.0
48221,"Hood, TX",2023,2703376.0
48221,"Hood, TX",2024,2770835.0
48223,"Hopkins, TX",2019,1661619.0
48223,"Hopkins, TX",2020,1585572.0
48223,"Hopkins, TX",2021,1643876.0
48223,"Hopkins, TX",2022,1826278.0
48223,"Hopkins, TX",2023,1934140.0
48223,"Hopkins, TX",2024,2120501.0
48225,"Houston, TX",2019,923362.0
48225,"Houston, TX",2020,915979.0
48225,"Houston, TX",2021,928960.0
48225,"Houston, TX",2022,913800.0
48225,"Houston, TX",2023,960509.0
48225,"Houston, TX",2024,999626.0
48227,"Howard, TX",2019,5695839.0
48227,"Howard, TX",2020,5796485.0
48227,"Howard, TX",2021,6311897.0
48227,"Howard, TX",2022,6187601.0
48227,"Howard, TX",2023,9771304.0
48227,"Howard, TX",2024,9008488.0
48229,"Hudspeth, TX",2019,158214.0
48229,"Hudspeth, TX",2020,155572.0
48229,"Hudspeth, TX",2021,158413.0
48229,"Hudspeth, TX",2022,158771.0
48229,"Hudspeth, TX",2023,180663.0
48229,"Hudspeth, TX",2024,173359.0
48231,"Hunt, TX",2019,4354088.0
48231,"Hunt, TX",2020,4193204.0
48231,"Hunt, TX",2021,4580670.0
48231,"Hunt, TX",2022,4566803.0
48231,"Hunt, TX",2023,5004495.0
48231,"Hunt, TX",2024,5274871.0
48233,"Hutchinson, TX",2019,3669191.0
48233,"Hutchinson, TX",2020,3111313.0
48233,"Hutchinson, TX",2021,4423890.0
48233,"Hutchinson, TX",2022,4256802.0
48233,"Hutchinson, TX",2023,4788923.0
48233,"Hutchinson, TX",2024,7471998.0
48235,"Irion, TX",2019,935662.0
48235,"Irion, TX",2020,881937.0
48235,"Irion, TX",2021,755426.0
48235,"Irion, TX",2022,693290.0
48235,"Irion, TX",2023,994143.0
48235,"Irion, TX",2024,932243.0
48237,"Jack, TX",2019,433679.0
48237,"Jack, TX",2020,429707.0
48237,"Jack, TX",2021,434798.0
48237,"Jack, TX",2022,424538.0
48237,"Jack, TX",2023,408509.0
48237,"Jack, TX",2024,382244.0
48239,"Jackson, TX",2019,719743.0
48239,"Jackson, TX",2020,616125.0
48239,"Jackson, TX",2021,611201.0
48239,"Jackson, TX",2022,575388.0
48239,"Jackson, TX",2023,600109.0
48239,"Jackson, TX",2024,609148.0
48241,"Jasper, TX",2019,997250.0
48241,"Jasper, TX",2020,980346.0
48241,"Jasper, TX",2021,1018690.0
48241,"Jasper, TX",2022,1014208.0
48241,"Jasper, TX",2023,1063670.0
48241,"Jasper, TX",2024,1105886.0
48243,"Jeff Davis, TX",2019,66196.0
48243,"Jeff Davis, TX",2020,64516.0
48243,"Jeff Davis, TX",2021,71283.0
48243,"Jeff Davis, TX",2022,72670.0
48243,"Jeff Davis, TX",2023,77226.0
48243,"Jeff Davis, TX",2024,81562.0
48245,"Jefferson, TX",2019,20559671.0
48245,"Jefferson, TX",2020,17262356.0
48245,"Jefferson, TX",2021,18173606.0
48245,"Jefferson, TX",2022,18535082.0
48245,"Jefferson, TX",2023,18944474.0
48245,"Jefferson, TX",2024,21299598.0
48247,"Jim Hogg, TX",2019,170935.0
48247,"Jim Hogg, TX",2020,173019.0
48247,"Jim Hogg, TX",2021,165536.0
48247,"Jim Hogg, TX",2022,161116.0
48247,"Jim Hogg, TX",2023,174932.0
48247,"Jim Hogg, TX",2024,171202.0
48249,"Jim Wells, TX",2019,1852863.0
48249,"Jim Wells, TX",2020,1382124.0
48249,"Jim Wells, TX",2021,1510083.0
48249,"Jim Wells, TX",2022,1597329.0
48249,"Jim Wells, TX",2023,1655919.0
48249,"Jim Wells, TX",2024,1625502.0
48251,"Johnson, TX",2019,5817568.0
48251,"Johnson, TX",2020,5750468.0
48251,"Johnson, TX",2021,6242007.0
48251,"Johnson, TX",2022,6541466.0
48251,"Johnson, TX",2023,6752147.0
48251,"Johnson, TX",2024,7126899.0
48253,"Jones, TX",2019,424614.0
48253,"Jones, TX",2020,425125.0
48253,"Jones, TX",2021,463349.0
48253,"Jones, TX",2022,504723.0
48253,"Jones, TX",2023,475637.0
48253,"Jones, TX",2024,463313.0
48255,"Karnes, TX",2019,6653682.0
48255,"Karnes, TX",2020,5777464.0
48255,"Karnes, TX",2021,5549661.0
48255,"Karnes, TX",2022,4867168.0
48255,"Karnes, TX",2023,6631013.0
48255,"Karnes, TX",2024,6619033.0
48257,"Kaufman, TX",2019,3867539.0
48257,"Kaufman, TX",2020,3967148.0
48257,"Kaufman, TX",2021,4417682.0
48257,"Kaufman, TX",2022,4637728.0
48257,"Kaufman, TX",2023,4928803.0
48257,"Kaufman, TX",2024,5252297.0
48259,"Kendall, TX",2019,2207756.0
48259,"Kendall, TX",2020,2091577.0
48259,"Kendall, TX",2021,2266105.0
48259,"Kendall, TX",2022,2466420.0
48259,"Kendall, TX",2023,2609677.0
48259,"Kendall, TX",2024,2737026.0
48261,"Kenedy, TX",2019,275987.0
48261,"Kenedy, TX",2020,207130.0
48261,"Kenedy, TX",2021,257331.0
48261,"Kenedy, TX",2022,249177.0
48261,"Kenedy, TX",2023,241116.0
48261,"Kenedy, TX",2024,212344.0
48263,"Kent, TX",2019,179138.0
48263,"Kent, TX",2020,159993.0
48263,"Kent, TX",2021,140316.0
48263,"Kent, TX",2022,119855.0
48263,"Kent, TX",2023,187369.0
48263,"Kent, TX",2024,265272.0
48265,"Kerr, TX",2019,2156656.0
48265,"Kerr, TX",2020,2115761.0
48265,"Kerr, TX",2021,2248868.0
48265,"Kerr, TX",2022,2371562.0
48265,"Kerr, TX",2023,2408512.0
48265,"Kerr, TX",2024,2493483.0
48267,"Kimble, TX",2019,130118.0
48267,"Kimble, TX",2020,134355.0
48267,"Kimble, TX",2021,150461.0
48267,"Kimble, TX",2022,149011.0
48267,"Kimble, TX",2023,161570.0
48267,"Kimble, TX",2024,156361.0
48269,"King, TX",2019,100590.0
48269,"King, TX",2020,84417.0
48269,"King, TX",2021,73702.0
48269,"King, TX",2022,67791.0
48269,"King, TX",2023,95944.0
48269,"King, TX",2024,101872.0
48271,"Kinney, TX",2019,110742.0
48271,"Kinney, TX",2020,114247.0
48271,"Kinney, TX",2021,111634.0
48271,"Kinney, TX",2022,110819.0
48271,"Kinney, TX",2023,116293.0
48271,"Kinney, TX",2024,126074.0
48273,"Kleberg, TX",2019,1108383.0
48273,"Kleberg, TX",2020,1055559.0
48273,"Kleberg, TX",2021,1110181.0
48273,"Kleberg, TX",2022,1110868.0
48273,"Kleberg, TX",2023,1206086.0
48273,"Kleberg, TX",2024,1247255.0
48275,"Knox, TX",2019,142617.0
48275,"Knox, TX",2020,145659.0
48275,"Knox, TX",2021,190166.0
48275,"Knox, TX",2022,258262.0
48275,"Knox, TX",2023,247276.0
48275,"Knox, TX",2024,236447.0
48277,"Lamar, TX",2019,2703574.0
48277,"Lamar, TX",2020,2489412.0
48277,"Lamar, TX",2021,2656826.0
48277,"Lamar, TX",2022,2747432.0
48277,"Lamar, TX",2023,2792983.0
48277,"Lamar, TX",2024,2830306.0
48279,"Lamb, TX",2019,729351.0
48279,"Lamb, TX",2020,705856.0
48279,"Lamb, TX",2021,689838.0
48279,"Lamb, TX",2022,726910.0
48279,"Lamb, TX",2023,780955.0
48279,"Lamb, TX",2024,763404.0
48281,"Lampasas, TX",2019,502171.0
48281,"Lampasas, TX",2020,507657.0
48281,"Lampasas, TX",2021,511145.0
48281,"Lampasas, TX",2022,544735.0
48281,"Lampasas, TX",2023,552074.0
48281,"Lampasas, TX",2024,580216.0
48283,"La Salle, TX",2019,3798788.0
48283,"La Salle, TX",2020,3044389.0
48283,"La Salle, TX",2021,2930192.0
48283,"La Salle, TX",2022,2293625.0
48283,"La Salle, TX",2023,3590518.0
48283,"La Salle, TX",2024,3809427.0
48285,"Lavaca, TX",2019,1224228.0
48285,"Lavaca, TX",2020,1119283.0
48285,"Lavaca, TX",2021,1099552.0
48285,"Lavaca, TX",2022,1130385.0
48285,"Lavaca, TX",2023,1347666.0
48285,"Lavaca, TX",2024,1362517.0
48287,"Lee, TX",2019,981124.0
48287,"Lee, TX",2020,883794.0
48287,"Lee, TX",2021,862206.0
48287,"Lee, TX",2022,763870.0
48287,"Lee, TX",2023,901383.0
48287,"Lee, TX",2024,1094380.0
48289,"Leon, TX",2019,688958.0
48289,"Leon, TX",2020,703691.0
48289,"Leon, TX",2021,742843.0
48289,"Leon, TX",2022,754174.0
48289,"Leon, TX",2023,856371.0
48289,"Leon, TX",2024,959714.0
48291,"Liberty, TX",2019,2223517.0
48291,"Liberty, TX",2020,2110352.0
48291,"Liberty, TX",2021,2256206.0
48291,"Liberty, TX",2022,2367473.0
48291,"Liberty, TX",2023,2480224.0
48291,"Liberty, TX",2024,2567666.0
48293,"Limestone, TX",2019,1388034.0
48293,"Limestone, TX",2020,1271663.0
48293,"Limestone, TX",2021,1265726.0
48293,"Limestone, TX",2022,1318301.0
48293,"Limestone, TX",2023,1534329.0
48293,"Limestone, TX",2024,1607249.0
48295,"Lipscomb, TX",2019,517454.0
48295,"Lipscomb, TX",2020,490790.0
48295,"Lipscomb, TX",2021,480817.0
48295,"Lipscomb, TX",2022,450471.0
48295,"Lipscomb, TX",2023,516096.0
48295,"Lipscomb, TX",2024,522346.0
48297,"Live Oak, TX",2019,1490412.0
48297,"Live Oak, TX",2020,1254308.0
48297,"Live Oak, TX",2021,1304042.0
48297,"Live Oak, TX",2022,1566770.0
48297,"Live Oak, TX",2023,2326036.0
48297,"Live Oak, TX",2024,2572913.0
48299,"Llano, TX",2019,753021.0
48299,"Llano, TX",2020,757669.0
48299,"Llano, TX",2021,771451.0
48299,"Llano, TX",2022,812753.0
48299,"Llano, TX",2023,869097.0
48299,"Llano, TX",2024,873244.0
48301,"Loving, TX",2019,5916987.0
48301,"Loving, TX",2020,6265736.0
48301,"Loving, TX",2021,6048332.0
48301,"Loving, TX",2022,5472260.0
48301,"Loving, TX",2023,9254106.0
48301,"Loving, TX",2024,10797298.0
48303,"Lubbock, TX",2019,13980401.0
48303,"Lubbock, TX",2020,14033420.0
48303,"Lubbock, TX",2021,14460758.0
48303,"Lubbock, TX",2022,14673006.0
48303,"Lubbock, TX",2023,15143353.0
48303,"Lubbock, TX",2024,15402026.0
48305,"Lynn, TX",2019,215500.0
48305,"Lynn, TX",2020,261533.0
48305,"Lynn, TX",2021,306218.0
48305,"Lynn, TX",2022,360323.0
48305,"Lynn, TX",2023,329889.0
48305,"Lynn, TX",2024,276433.0
48307,"McCulloch, TX",2019,335337.0
48307,"McCulloch, TX",2020,313065.0
48307,"McCulloch, TX",2021,314245.0
48307,"McCulloch, TX",2022,331455.0
48307,"McCulloch, TX",2023,358714.0
48307,"McCulloch, TX",2024,329903.0
48309,"McLennan, TX",2019,12636295.0
48309,"McLennan, TX",2020,12288091.0
48309,"McLennan, TX",2021,13114282.0
48309,"McLennan, TX",2022,13527294.0
48309,"McLennan, TX",2023,13998484.0
48309,"McLennan, TX",2024,14524159.0
48311,"McMullen, TX",2019,1617882.0
48311,"McMullen, TX",2020,1416570.0
48311,"McMullen, TX",2021,1155748.0
48311,"McMullen, TX",2022,958758.0
48311,"McMullen, TX",2023,1755200.0
48311,"McMullen, TX",2024,2093132.0
48313,"Madison, TX",2019,533440.0
48313,"Madison, TX",2020,508262.0
48313,"Madison, TX",2021,514009.0
48313,"Madison, TX",2022,506938.0
48313,"Madison, TX",2023,583242.0
48313,"Madison, TX",2024,621936.0
48315,"Marion, TX",2019,253328.0
48315,"Marion, TX",2020,251181.0
48315,"Marion, TX",2021,273880.0
48315,"Marion, TX",2022,271966.0
48315,"Marion, TX",2023,297296.0
48315,"Marion, TX",2024,302697.0
48317,"Martin, TX",2019,6297460.0
48317,"Martin, TX",2020,6638025.0
48317,"Martin, TX",2021,7168779.0
48317,"Martin, TX",2022,6752688.0
48317,"Martin, TX",2023,12576169.0
48317,"Martin, TX",2024,15076951.0
48319,"Mason, TX",2019,117467.0
48319,"Mason, TX",2020,113757.0
48319,"Mason, TX",2021,112434.0
48319,"Mason, TX",2022,114794.0
48319,"Mason, TX",2023,130566.0
48319,"Mason, TX",2024,121163.0
48321,"Matagorda, TX",2019,2285383.0
48321,"Matagorda, TX",2020,2232520.0
48321,"Matagorda, TX",2021,2265358.0
48321,"Matagorda, TX",2022,2253655.0
48321,"Matagorda, TX",2023,2315742.0
48321,"Matagorda, TX",2024,2232448.0
48323,"Maverick, TX",2019,1696289.0
48323,"Maverick, TX",2020,1601464.0
48323,"Maverick, TX",2021,1738659.0
48323,"Maverick, TX",2022,1851878.0
48323,"Maverick, TX",2023,2015239.0
48323,"Maverick, TX",2024,2067877.0
48325,"Medina, TX",2019,1098596.0
48325,"Medina, TX",2020,1079011.0
48325,"Medina, TX",2021,1111499.0
48325,"Medina, TX",2022,1159144.0
48325,"Medina, TX",2023,1237451.0
48325,"Medina, TX",2024,1225078.0
48327,"Menard, TX",2019,48279.0
48327,"Menard, TX",2020,51146.0
48327,"Menard, TX",2021,50216.0
48327,"Menard, TX",2022,45795.0
48327,"Menard, TX",2023,53770.0
48327,"Menard, TX",2024,48742.0
48329,"Midland, TX",2019,26788649.0
48329,"Midland, TX",2020,24817332.0
48329,"Midland, TX",2021,24908873.0
48329,"Midland, TX",2022,25013723.0
48329,"Midland, TX",2023,34397592.0
48329,"Midland, TX",2024,36432786.0
48331,"Milam, TX",2019,623476.0
48331,"Milam, TX",2020,592002.0
48331,"Milam, TX",2021,635508.0
48331,"Milam, TX",2022,657452.0
48331,"Milam, TX",2023,733604.0
48331,"Milam, TX",2024,756865.0
48333,"Mills, TX",2019,211369.0
48333,"Mills, TX",2020,214596.0
48333,"Mills, TX",2021,208741.0
48333,"Mills, TX",2022,254456.0
48333,"Mills, TX",2023,298112.0
48333,"Mills, TX",2024,286901.0
48335,"Mitchell, TX",2019,313734.0
48335,"Mitchell, TX",2020,300375.0
48335,"Mitchell, TX",2021,282163.0
48335,"Mitchell, TX",2022,272158.0
48335,"Mitchell, TX",2023,358311.0
48335,"Mitchell, TX",2024,406134.0
48337,"Montague, TX",2019,699820.0
48337,"Montague, TX",2020,623868.0
48337,"Montague, TX",2021,653224.0
48337,"Montague, TX",2022,626365.0
48337,"Montague, TX",2023,648507.0
48337,"Montague, TX",2024,638083.0
48339,"Montgomery, TX",2019,31196053.0
48339,"Montgomery, TX",2020,31663132.0
48339,"Montgomery, TX",2021,35020586.0
48339,"Montgomery, TX",2022,35780381.0
48339,"Montgomery, TX",2023,37839046.0
48339,"Montgomery, TX",2024,39558095.0
48341,"Moore, TX",2019,2487404.0
48341,"Moore, TX",2020,2071602.0
48341,"Moore, TX",2021,2956892.0
48341,"Moore, TX",2022,3476445.0
48341,"Moore, TX",2023,3331837.0
48341,"Moore, TX",2024,3843391.0
48343,"Morris, TX",2019,568094.0
48343,"Morris, TX",2020,522739.0
48343,"Morris, TX",2021,566759.0
48343,"Morris, TX",2022,651792.0
48343,"Morris, TX",2023,677463.0
48343,"Morris, TX",2024,747686.0
48345,"Motley, TX",2019,28982.0
48345,"Motley, TX",2020,34463.0
48345,"Motley, TX",2021,27191.0
48345,"Motley, TX",2022,36742.0
48345,"Motley, TX",2023,45645.0
48345,"Motley, TX",2024,37941.0
48347,"Nacogdoches, TX",2019,2423688.0
48347,"Nacogdoches, TX",2020,2469484.0
48347,"Nacogdoches, TX",2021,2607856.0
48347,"Nacogdoches, TX",2022,2691796.0
48347,"Nacogdoches, TX",2023,2814430.0
48347,"Nacogdoches, TX",2024,2903057.0
48349,"Navarro, TX",2019,1633470.0
48349,"Navarro, TX",2020,1549013.0
48349,"Navarro, TX",2021,1614800.0
48349,"Navarro, TX",2022,1687056.0
48349,"Navarro, TX",2023,1830392.0
48349,"Navarro, TX",2024,1865767.0
48351,"Newton, TX",2019,485945.0
48351,"Newton, TX",2020,429417.0
48351,"Newton, TX",2021,430285.0
48351,"Newton, TX",2022,465211.0
48351,"Newton, TX",2023,466857.0
48351,"Newton, TX",2024,448567.0
48353,"Nolan, TX",2019,919858.0
48353,"Nolan, TX",2020,894407.0
48353,"Nolan, TX",2021,954775.0
48353,"Nolan, TX",2022,949835.0
48353,"Nolan, TX",2023,1010952.0
48353,"Nolan, TX",2024,941869.0
48355,"Nueces, TX",2019,20055449.0
48355,"Nueces, TX",2020,18425354.0
48355,"Nueces, TX",2021,19569064.0
48355,"Nueces, TX",2022,20023410.0
48355,"Nueces, TX",2023,20039022.0
48355,"Nueces, TX",2024,21605890.0
48357,"Ochiltree, TX",2019,980405.0
48357,"Ochiltree, TX",2020,819310.0
48357,"Ochiltree, TX",2021,847419.0
48357,"Ochiltree, TX",2022,764694.0
48357,"Ochiltree, TX",2023,934056.0
48357,"Ochiltree, TX",2024,863631.0
48359,"Oldham, TX",2019,275707.0
48359,"Oldham, TX",2020,309551.0
48359,"Oldham, TX",2021,302776.0
48359,"Oldham, TX",2022,300791.0
48359,"Oldham, TX",2023,326533.0
48359,"Oldham, TX",2024,318951.0
48361,"Orange, TX",2019,3542155.0
48361,"Orange, TX",2020,3549424.0
48361,"Orange, TX",2021,4032206.0
48361,"Orange, TX",2022,4043012.0
48361,"Orange, TX",2023,4102075.0
48361,"Orange, TX",2024,4669626.0
48363,"Palo Pinto, TX",2019,1086452.0
48363,"Palo Pinto, TX",2020,999801.0
48363,"Palo Pinto, TX",2021,984306.0
48363,"Palo Pinto, TX",2022,995584.0
48363,"Palo Pinto, TX",2023,1018723.0
48363,"Palo Pinto, TX",2024,1013703.0
48365,"Panola, TX",2019,1878750.0
48365,"Panola, TX",2020,1968884.0
48365,"Panola, TX",2021,2398609.0
48365,"Panola, TX",2022,2380973.0
48365,"Panola, TX",2023,2288820.0
48365,"Panola, TX",2024,1909902.0
48367,"Parker, TX",2019,4452342.0
48367,"Parker, TX",2020,4434402.0
48367,"Parker, TX",2021,4830253.0
48367,"Parker, TX",2022,5358861.0
48367,"Parker, TX",2023,5553287.0
48367,"Parker, TX",2024,5842457.0
48369,"Parmer, TX",2019,926642.0
48369,"Parmer, TX",2020,970560.0
48369,"Parmer, TX",2021,977241.0
48369,"Parmer, TX",2022,985225.0
48369,"Parmer, TX",2023,1071803.0
48369,"Parmer, TX",2024,1098370.0
48371,"Pecos, TX",2019,2431893.0
48371,"Pecos, TX",2020,2442375.0
48371,"Pecos, TX",2021,2275232.0
48371,"Pecos, TX",2022,1904800.0
48371,"Pecos, TX",2023,2493864.0
48371,"Pecos, TX",2024,2373457.0
48373,"Polk, TX",2019,1303731.0
48373,"Polk, TX",2020,1269870.0
48373,"Polk, TX",2021,1271462.0
48373,"Polk, TX",2022,1346148.0
48373,"Polk, TX",2023,1404585.0
48373,"Polk, TX",2024,1429141.0
48375,"Potter, TX",2019,8446594.0
48375,"Potter, TX",2020,8512535.0
48375,"Potter, TX",2021,8852051.0
48375,"Potter, TX",2022,8732579.0
48375,"Potter, TX",2023,8710562.0
48375,"Potter, TX",2024,8884596.0
48377,"Presidio, TX",2019,226845.0
48377,"Presidio, TX",2020,226909.0
48377,"Presidio, TX",2021,243934.0
48377,"Presidio, TX",2022,237632.0
48377,"Presidio, TX",2023,258530.0
48377,"Presidio, TX",2024,273515.0
48379,"Rains, TX",2019,206023.0
48379,"Rains, TX",2020,220323.0
48379,"Rains, TX",2021,219657.0
48379,"Rains, TX",2022,232594.0
48379,"Rains, TX",2023,248674.0
48379,"Rains, TX",2024,262962.0
48381,"Randall, TX",2019,4042051.0
48381,"Randall, TX",2020,4121976.0
48381,"Randall, TX",2021,4315618.0
48381,"Randall, TX",2022,4282593.0
48381,"Randall, TX",2023,4558339.0
48381,"Randall, TX",2024,4742155.0
48383,"Reagan, TX",2019,3042732.0
48383,"Reagan, TX",2020,2840170.0
48383,"Reagan, TX",2021,2719091.0
48383,"Reagan, TX",2022,2278407.0
48383,"Reagan, TX",2023,3582456.0
48383,"Reagan, TX",2024,4766949.0
48385,"Real, TX",2019,75011.0
48385,"Real, TX",2020,78383.0
48385,"Real, TX",2021,84286.0
48385,"Real, TX",2022,77880.0
48385,"Real, TX",2023,81094.0
48385,"Real, TX",2024,81313.0
48387,"Red River, TX",2019,276641.0
48387,"Red River, TX",2020,295423.0
48387,"Red River, TX",2021,311679.0
48387,"Red River, TX",2022,326175.0
48387,"Red River, TX",2023,351433.0
48387,"Red River, TX",2024,349899.0
48389,"Reeves, TX",2019,11538361.0
48389,"Reeves, TX",2020,10591145.0
48389,"Reeves, TX",2021,9709724.0
48389,"Reeves, TX",2022,8203736.0
48389,"Reeves, TX",2023,12519254.0
48389,"Reeves, TX",2024,13156893.0
48391,"Refugio, TX",2019,335078.0
48391,"Refugio, TX",2020,304042.0
48391,"Refugio, TX",2021,296102.0
48391,"Refugio, TX",2022,360708.0
48391,"Refugio, TX",2023,415969.0
48391,"Refugio, TX",2024,422504.0
48393,"Roberts, TX",2019,219330.0
48393,"Roberts, TX",2020,198582.0
48393,"Roberts, TX",2021,178242.0
48393,"Roberts, TX",2022,163110.0
48393,"Roberts, TX",2023,186792.0
48393,"Roberts, TX",2024,162152.0
48395,"Robertson, TX",2019,2033322.0
48395,"Robertson, TX",2020,2098343.0
48395,"Robertson, TX",2021,2164731.0
48395,"Robertson, TX",2022,2278244.0
48395,"Robertson, TX",2023,2485048.0
48395,"Robertson, TX",2024,2452874.0
48397,"Rockwall, TX",2019,4569544.0
48397,"Rockwall, TX",2020,4573718.0
48397,"Rockwall, TX",2021,4810500.0
48397,"Rockwall, TX",2022,5437845.0
48397,"Rockwall, TX",2023,5709112.0
48397,"Rockwall, TX",2024,6209706.0
48399,"Runnels, TX",2019,304769.0
48399,"Runnels, TX",2020,284969.0
48399,"Runnels, TX",2021,307449.0
48399,"Runnels, TX",2022,358756.0
48399,"Runnels, TX",2023,330768.0
48399,"Runnels, TX",2024,335243.0
48401,"Rusk, TX",2019,2413423.0
48401,"Rusk, TX",2020,2443538.0
48401,"Rusk, TX",2021,2419142.0
48401,"Rusk, TX",2022,2413427.0
48401,"Rusk, TX",2023,2360327.0
48401,"Rusk, TX",2024,2188709.0
48403,"Sabine, TX",2019,227357.0
48403,"Sabine, TX",2020,233962.0
48403,"Sabine, TX",2021,244836.0
48403,"Sabine, TX",2022,259653.0
48403,"Sabine, TX",2023,300392.0
48403,"Sabine, TX",2024,313876.0
48405,"San Augustine, TX",2019,654554.0
48405,"San Augustine, TX",2020,647762.0
48405,"San Augustine, TX",2021,891449.0
48405,"San Augustine, TX",2022,639415.0
48405,"San Augustine, TX",2023,781126.0
48405,"San Augustine, TX",2024,632717.0
48407,"San Jacinto, TX",2019,368466.0
48407,"San Jacinto, TX",2020,353032.0
48407,"San Jacinto, TX",2021,351386.0
48407,"San Jacinto, TX",2022,366929.0
48407,"San Jacinto, TX",2023,373889.0
48407,"San Jacinto, TX",2024,393794.0
48409,"San Patricio, TX",2019,2529835.0
48409,"San Patricio, TX",2020,3217737.0
48409,"San Patricio, TX",2021,3040077.0
48409,"San Patricio, TX",2022,2901459.0
48409,"San Patricio, TX",2023,3093133.0
48409,"San Patricio, TX",2024,2941371.0
48411,"San Saba, TX",2019,181603.0
48411,"San Saba, TX",2020,155156.0
48411,"San Saba, TX",2021,149624.0
48411,"San Saba, TX",2022,149183.0
48411,"San Saba, TX",2023,167386.0
48411,"San Saba, TX",2024,154306.0
48413,"Schleicher, TX",2019,129163.0
48413,"Schleicher, TX",2020,129199.0
48413,"Schleicher, TX",2021,121487.0
48413,"Schleicher, TX",2022,125883.0
48413,"Schleicher, TX",2023,134083.0
48413,"Schleicher, TX",2024,149311.0
48415,"Scurry, TX",2019,1605528.0
48415,"Scurry, TX",2020,1478184.0
48415,"Scurry, TX",2021,1471355.0
48415,"Scurry, TX",2022,1380323.0
48415,"Scurry, TX",2023,1699389.0
48415,"Scurry, TX",2024,1846918.0
48417,"Shackelford, TX",2019,258175.0
48417,"Shackelford, TX",2020,238364.0
48417,"Shackelford, TX",2021,261047.0
48417,"Shackelford, TX",2022,283790.0
48417,"Shackelford, TX",2023,306519.0
48417,"Shackelford, TX",2024,260373.0
48419,"Shelby, TX",2019,1147884.0
48419,"Shelby, TX",2020,1091472.0
48419,"Shelby, TX",2021,1341468.0
48419,"Shelby, TX",2022,1459491.0
48419,"Shelby, TX",2023,1453749.0
48419,"Shelby, TX",2024,1598845.0
48421,"Sherman, TX",2019,439385.0
48421,"Sherman, TX",2020,388924.0
48421,"Sherman, TX",2021,451749.0
48421,"Sherman, TX",2022,327484.0
48421,"Sherman, TX",2023,526236.0
48421,"Sherman, TX",2024,492467.0
48423,"Smith, TX",2019,11480649.0
48423,"Smith, TX",2020,11234879.0
48423,"Smith, TX",2021,11762089.0
48423,"Smith, TX",2022,12089022.0
48423,"Smith, TX",2023,12669613.0
48423,"Smith, TX",2024,13120426.0
48425,"Somervell, TX",2019,1228780.0
48425,"Somervell, TX",2020,1202975.0
48425,"Somervell, TX",2021,1225684.0
48425,"Somervell, TX",2022,1283535.0
48425,"Somervell, TX",2023,1329548.0
48425,"Somervell, TX",2024,1329236.0
48427,"Starr, TX",2019,1268636.0
48427,"Starr, TX",2020,1303532.0
48427,"Starr, TX",2021,1291958.0
48427,"Starr, TX",2022,1280408.0
48427,"Starr, TX",2023,1259798.0
48427,"Starr, TX",2024,1223145.0
48429,"Stephens, TX",2019,408557.0
48429,"Stephens, TX",2020,382551.0
48429,"Stephens, TX",2021,361357.0
48429,"Stephens, TX",2022,348802.0
48429,"Stephens, TX",2023,395363.0
48429,"Stephens, TX",2024,400061.0
48431,"Sterling, TX",2019,219717.0
48431,"Sterling, TX",2020,216294.0
48431,"Sterling, TX",2021,215216.0
48431,"Sterling, TX",2022,204022.0
48431,"Sterling, TX",2023,231864.0
48431,"Sterling, TX",2024,224200.0
48433,"Stonewall, TX",2019,141991.0
48433,"Stonewall, TX",2020,125490.0
48433,"Stonewall, TX",2021,121637.0
48433,"Stonewall, TX",2022,117901.0
48433,"Stonewall, TX",2023,136175.0
48433,"Stonewall, TX",2024,128093.0
48435,"Sutton, TX",2019,287301.0
48435,"Sutton, TX",2020,246900.0
48435,"Sutton, TX",2021,228619.0
48435,"Sutton, TX",2022,197944.0
48435,"Sutton, TX",2023,217132.0
48435,"Sutton, TX",2024,187967.0
48437,"Swisher, TX",2019,464847.0
48437,"Swisher, TX",2020,419521.0
48437,"Swisher, TX",2021,479286.0
48437,"Swisher, TX",2022,430112.0
48437,"Swisher, TX",2023,507767.0
48437,"Swisher, TX",2024,511069.0
48439,"Tarrant, TX",2019,119023025.0
48439,"Tarrant, TX",2020,114314852.0
48439,"Tarrant, TX",2021,123805218.0
48439,"Tarrant, TX",2022,128362818.0
48439,"Tarrant, TX",2023,135192208.0
48439,"Tarrant, TX",2024,139883117.0
48441,"Taylor, TX",2019,6726220.0
48441,"Taylor, TX",2020,6690702.0
48441,"Taylor, TX",2021,6866401.0
48441,"Taylor, TX",2022,7149019.0
48441,"Taylor, TX",2023,7404857.0
48441,"Taylor, TX",2024,7698728.0
48443,"Terrell, TX",2019,70158.0
48443,"Terrell, TX",2020,60951.0
48443,"Terrell, TX",2021,76618.0
48443,"Terrell, TX",2022,71768.0
48443,"Terrell, TX",2023,57089.0
48443,"Terrell, TX",2024,46905.0
48445,"Terry, TX",2019,571551.0
48445,"Terry, TX",2020,519071.0
48445,"Terry, TX",2021,481487.0
48445,"Terry, TX",2022,520712.0
48445,"Terry, TX",2023,547846.0
48445,"Terry, TX",2024,506462.0
48447,"Throckmorton, TX",2019,66464.0
48447,"Throckmorton, TX",2020,60898.0
48447,"Throckmorton, TX",2021,97762.0
48447,"Throckmorton, TX",2022,71787.0
48447,"Throckmorton, TX",2023,157062.0
48447,"Throckmorton, TX",2024,174030.0
48449,"Titus, TX",2019,1858062.0
48449,"Titus, TX",2020,1719970.0
48449,"Titus, TX",2021,1899649.0
48449,"Titus, TX",2022,2134956.0
48449,"Titus, TX",2023,2085884.0
48449,"Titus, TX",2024,2249514.0
48451,"Tom Green, TX",2019,6163705.0
48451,"Tom Green, TX",2020,6262915.0
48451,"Tom Green, TX",2021,6458380.0
48451,"Tom Green, TX",2022,6628840.0
48451,"Tom Green, TX",2023,6716468.0
48451,"Tom Green, TX",2024,6916630.0
48453,"Travis, TX",2019,123081984.0
48453,"Travis, TX",2020,126415552.0
48453,"Travis, TX",2021,141349244.0
48453,"Travis, TX",2022,154338801.0
48453,"Travis, TX",2023,160912722.0
48453,"Travis, TX",2024,165671955.0
48455,"Trinity, TX",2019,266505.0
48455,"Trinity, TX",2020,253850.0
48455,"Trinity, TX",2021,254987.0
48455,"Trinity, TX",2022,272783.0
48455,"Trinity, TX",2023,266662.0
48455,"Trinity, TX",2024,264446.0
48457,"Tyler, TX",2019,407215.0
48457,"Tyler, TX",2020,420020.0
48457,"Tyler, TX",2021,441537.0
48457,"Tyler, TX",2022,464528.0
48457,"Tyler, TX",2023,554870.0
48457,"Tyler, TX",2024,572964.0
48459,"Upshur, TX",2019,824531.0
48459,"Upshur, TX",2020,817792.0
48459,"Upshur, TX",2021,860400.0
48459,"Upshur, TX",2022,844627.0
48459,"Upshur, TX",2023,905589.0
48459,"Upshur, TX",2024,906791.0
48461,"Upton, TX",2019,3824549.0
48461,"Upton, TX",2020,4112109.0
48461,"Upton, TX",2021,4025050.0
48461,"Upton, TX",2022,3965468.0
48461,"Upton, TX",2023,6395007.0
48461,"Upton, TX",2024,7084209.0
48463,"Uvalde, TX",2019,862865.0
48463,"Uvalde, TX",2020,874074.0
48463,"Uvalde, TX",2021,914641.0
48463,"Uvalde, TX",2022,914174.0
48463,"Uvalde, TX",2023,965213.0
48463,"Uvalde, TX",2024,971073.0
48465,"Val Verde, TX",2019,1752224.0
48465,"Val Verde, TX",2020,1735574.0
48465,"Val Verde, TX",2021,1841840.0
48465,"Val Verde, TX",2022,1855776.0
48465,"Val Verde, TX",2023,1891875.0
48465,"Val Verde, TX",2024,1934776.0
48467,"Van Zandt, TX",2019,1185890.0
48467,"Van Zandt, TX",2020,1232222.0
48467,"Van Zandt, TX",2021,1280675.0
48467,"Van Zandt, TX",2022,1385066.0
48467,"Van Zandt, TX",2023,1449230.0
48467,"Van Zandt, TX",2024,1498144.0
48469,"Victoria, TX",2019,4459105.0
48469,"Victoria, TX",2020,4307330.0
48469,"Victoria, TX",2021,4655999.0
48469,"Victoria, TX",2022,4761804.0
48469,"Victoria, TX",2023,4908202.0
48469,"Victoria, TX",2024,4994607.0
48471,"Walker, TX",2019,2240575.0
48471,"Walker, TX",2020,2175525.0
48471,"Walker, TX",2021,2161134.0
48471,"Walker, TX",2022,2297435.0
48471,"Walker, TX",2023,2345307.0
48471,"Walker, TX",2024,2436259.0
48473,"Waller, TX",2019,3366668.0
48473,"Waller, TX",2020,3373390.0
48473,"Waller, TX",2021,3558796.0
48473,"Waller, TX",2022,4014987.0
48473,"Waller, TX",2023,4460218.0
48473,"Waller, TX",2024,4367085.0
48475,"Ward, TX",2019,3444639.0
48475,"Ward, TX",2020,2987816.0
48475,"Ward, TX",2021,2962091.0
48475,"Ward, TX",2022,2574099.0
48475,"Ward, TX",2023,4163719.0
48475,"Ward, TX",2024,4725137.0
48477,"Washington, TX",2019,1873865.0
48477,"Washington, TX",2020,1942818.0
48477,"Washington, TX",2021,2192883.0
48477,"Washington, TX",2022,2282294.0
48477,"Washington, TX",2023,2586505.0
48477,"Washington, TX",2024,2525414.0
48479,"Webb, TX",2019,11332349.0
48479,"Webb, TX",2020,11023761.0
48479,"Webb, TX",2021,11501486.0
48479,"Webb, TX",2022,11979050.0
48479,"Webb, TX",2023,13156393.0
48479,"Webb, TX",2024,13161195.0
48481,"Wharton, TX",2019,1890037.0
48481,"Wharton, TX",2020,1805605.0
48481,"Wharton, TX",2021,1878322.0
48481,"Wharton, TX",2022,1849554.0
48481,"Wharton, TX",2023,2108305.0
48481,"Wharton, TX",2024,2118801.0
48483,"Wheeler, TX",2019,504824.0
48483,"Wheeler, TX",2020,468170.0
48483,"Wheeler, TX",2021,425717.0
48483,"Wheeler, TX",2022,332952.0
48483,"Wheeler, TX",2023,392713.0
48483,"Wheeler, TX",2024,343428.0
48485,"Wichita, TX",2019,5775721.0
48485,"Wichita, TX",2020,5686808.0
48485,"Wichita, TX",2021,5753902.0
48485,"Wichita, TX",2022,5842593.0
48485,"Wichita, TX",2023,5953690.0
48485,"Wichita, TX",2024,6000261.0
48487,"Wilbarger, TX",2019,783436.0
48487,"Wilbarger, TX",2020,722813.0
48487,"Wilbarger, TX",2021,714392.0
48487,"Wilbarger, TX",2022,775686.0
48487,"Wilbarger, TX",2023,797011.0
48487,"Wilbarger, TX",2024,803789.0
48489,"Willacy, TX",2019,474323.0
48489,"Willacy, TX",2020,451774.0
48489,"Willacy, TX",2021,558124.0
48489,"Willacy, TX",2022,553356.0
48489,"Willacy, TX",2023,562489.0
48489,"Willacy, TX",2024,542594.0
48491,"Williamson, TX",2019,24165099.0
48491,"Williamson, TX",2020,25833588.0
48491,"Williamson, TX",2021,27913463.0
48491,"Williamson, TX",2022,30477421.0
48491,"Williamson, TX",2023,32993108.0
48491,"Williamson, TX",2024,34984848.0
48493,"Wilson, TX",2019,1099796.0
48493,"Wilson, TX",2020,1041867.0
48493,"Wilson, TX",2021,1073580.0
48493,"Wilson, TX",2022,1182766.0
48493,"Wilson, TX",2023,1324067.0
48493,"Wilson, TX",2024,1412855.0
48495,"Winkler, TX",2019,1560881.0
48495,"Winkler, TX",2020,1600659.0
48495,"Winkler, TX",2021,1438585.0
48495,"Winkler, TX",2022,1229610.0
48495,"Winkler, TX",2023,1755675.0
48495,"Winkler, TX",2024,1964694.0
48497,"Wise, TX",2019,3007609.0
48497,"Wise, TX",2020,2824421.0
48497,"Wise, TX",2021,3020874.0
48497,"Wise, TX",2022,3241653.0
48497,"Wise, TX",2023,3498657.0
48497,"Wise, TX",2024,3339833.0
48499,"Wood, TX",2019,1438078.0
48499,"Wood, TX",2020,1482484.0
48499,"Wood, TX",2021,1488138.0
48499,"Wood, TX",2022,1519591.0
48499,"Wood, TX",2023,1622976.0
48499,"Wood, TX",2024,1678292.0
48501,"Yoakum, TX",2019,1871029.0
48501,"Yoakum, TX",2020,1716690.0
48501,"Yoakum, TX",2021,1477680.0
48501,"Yoakum, TX",2022,1382608.0
48501,"Yoakum, TX",2023,2127673.0
48501,"Yoakum, TX",2024,2214822.0
48503,"Young, TX",2019,795138.0
48503,"Young, TX",2020,804329.0
48503,"Young, TX",2021,897146.0
48503,"Young, TX",2022,912551.0
48503,"Young, TX",2023,1085789.0
48503,"Young, TX",2024,1100483.0
48505,"Zapata, TX",2019,629278.0
48505,"Zapata, TX",2020,554580.0
48505,"Zapata, TX",2021,614303.0
48505,"Zapata, TX",2022,606346.0
48505,"Zapata, TX",2023,602348.0
48505,"Zapata, TX",2024,552291.0
48507,"Zavala, TX",2019,594219.0
48507,"Zavala, TX",2020,574656.0
48507,"Zavala, TX",2021,584800.0
48507,"Zavala, TX",2022,532278.0
48507,"Zavala, TX",2023,836610.0
48507,"Zavala, TX",2024,854913.0
49001,"Beaver, UT",2019,408152.0
49001,"Beaver, UT",2020,407840.0
49001,"Beaver, UT",2021,475231.0
49001,"Beaver, UT",2022,440888.0
49001,"Beaver, UT",2023,389549.0
49001,"Beaver, UT",2024,416765.0
49003,"Box Elder, UT",2019,2322662.0
49003,"Box Elder, UT",2020,2357466.0
49003,"Box Elder, UT",2021,2477623.0
49003,"Box Elder, UT",2022,2692240.0
49003,"Box Elder, UT",2023,2875106.0
49003,"Box Elder, UT",2024,2894878.0
49005,"Cache, UT",2019,5910885.0
49005,"Cache, UT",2020,5964960.0
49005,"Cache, UT",2021,6368747.0
49005,"Cache, UT",2022,6574773.0
49005,"Cache, UT",2023,6898463.0
49005,"Cache, UT",2024,7165803.0
49007,"Carbon, UT",2019,1073715.0
49007,"Carbon, UT",2020,1157842.0
49007,"Carbon, UT",2021,1073949.0
49007,"Carbon, UT",2022,861838.0
49007,"Carbon, UT",2023,1063916.0
49007,"Carbon, UT",2024,918791.0
49009,"Daggett, UT",2019,123863.0
49009,"Daggett, UT",2020,116420.0
49009,"Daggett, UT",2021,93316.0
49009,"Daggett, UT",2022,106948.0
49009,"Daggett, UT",2023,116735.0
49009,"Daggett, UT",2024,112172.0
49011,"Davis, UT",2019,15464703.0
49011,"Davis, UT",2020,15758689.0
49011,"Davis, UT",2021,16826680.0
49011,"Davis, UT",2022,16767342.0
49011,"Davis, UT",2023,17368047.0
49011,"Davis, UT",2024,18149590.0
49013,"Duchesne, UT",2019,1060725.0
49013,"Duchesne, UT",2020,1034597.0
49013,"Duchesne, UT",2021,1109556.0
49013,"Duchesne, UT",2022,1167257.0
49013,"Duchesne, UT",2023,1498152.0
49013,"Duchesne, UT",2024,1602306.0
49015,"Emery, UT",2019,913320.0
49015,"Emery, UT",2020,977185.0
49015,"Emery, UT",2021,1160119.0
49015,"Emery, UT",2022,1344588.0
49015,"Emery, UT",2023,1087020.0
49015,"Emery, UT",2024,1109249.0
49017,"Garfield, UT",2019,271515.0
49017,"Garfield, UT",2020,264810.0
49017,"Garfield, UT",2021,301240.0
49017,"Garfield, UT",2022,305411.0
49017,"Garfield, UT",2023,319191.0
49017,"Garfield, UT",2024,341149.0
49019,"Grand, UT",2019,657734.0
49019,"Grand, UT",2020,614748.0
49019,"Grand, UT",2021,656931.0
49019,"Grand, UT",2022,693177.0
49019,"Grand, UT",2023,715357.0
49019,"Grand, UT",2024,704674.0
49021,"Iron, UT",2019,1901612.0
49021,"Iron, UT",2020,1946503.0
49021,"Iron, UT",2021,2091324.0
49021,"Iron, UT",2022,2242469.0
49021,"Iron, UT",2023,2388703.0
49021,"Iron, UT",2024,2421909.0
49023,"Juab, UT",2019,501565.0
49023,"Juab, UT",2020,506611.0
49023,"Juab, UT",2021,625324.0
49023,"Juab, UT",2022,701826.0
49023,"Juab, UT",2023,730564.0
49023,"Juab, UT",2024,688868.0
49025,"Kane, UT",2023,438231.0
49025,"Kane, UT",2024,430284.0
49025,"Kane, UT",2019,359676.0
49025,"Kane, UT",2020,377311.0
49025,"Kane, UT",2021,427726.0
49025,"Kane, UT",2022,424822.0
49027,"Millard, UT",2019,856414.0
49027,"Millard, UT",2020,889908.0
49027,"Millard, UT",2021,949184.0
49027,"Millard, UT",2022,998907.0
49027,"Millard, UT",2023,1112650.0
49027,"Millard, UT",2024,1124088.0
49029,"Morgan, UT",2019,312914.0
49029,"Morgan, UT",2020,351446.0
49029,"Morgan, UT",2021,392203.0
49029,"Morgan, UT",2022,392330.0
49029,"Morgan, UT",2023,405280.0
49029,"Morgan, UT",2024,420698.0
49031,"Piute, UT",2019,70586.0
49031,"Piute, UT",2020,65317.0
49031,"Piute, UT",2021,56154.0
49031,"Piute, UT",2022,69953.0
49031,"Piute, UT",2023,83136.0
49031,"Piute, UT",2024,101591.0
49033,"Rich, UT",2019,137227.0
49033,"Rich, UT",2020,143368.0
49033,"Rich, UT",2021,150766.0
49033,"Rich, UT",2022,149823.0
49033,"Rich, UT",2023,180321.0
49033,"Rich, UT",2024,194371.0
49035,"Salt Lake, UT",2019,101168837.0
49035,"Salt Lake, UT",2020,101036179.0
49035,"Salt Lake, UT",2021,109757229.0
49035,"Salt Lake, UT",2022,112852021.0
49035,"Salt Lake, UT",2023,116647514.0
49035,"Salt Lake, UT",2024,119476922.0
49037,"San Juan, UT",2019,478790.0
49037,"San Juan, UT",2020,452591.0
49037,"San Juan, UT",2021,487460.0
49037,"San Juan, UT",2022,489355.0
49037,"San Juan, UT",2023,578071.0
49037,"San Juan, UT",2024,632119.0
49039,"Sanpete, UT",2019,824853.0
49039,"Sanpete, UT",2020,855811.0
49039,"Sanpete, UT",2021,915914.0
49039,"Sanpete, UT",2022,1042847.0
49039,"Sanpete, UT",2023,1108324.0
49039,"Sanpete, UT",2024,1197301.0
49041,"Sevier, UT",2019,1130210.0
49041,"Sevier, UT",2020,1179910.0
49041,"Sevier, UT",2021,1178838.0
49041,"Sevier, UT",2022,1138345.0
49041,"Sevier, UT",2023,1220571.0
49041,"Sevier, UT",2024,1207257.0
49043,"Summit, UT",2019,3607861.0
49043,"Summit, UT",2020,3518557.0
49043,"Summit, UT",2021,4165378.0
49043,"Summit, UT",2022,4477204.0
49043,"Summit, UT",2023,4555281.0
49043,"Summit, UT",2024,4672480.0
49045,"Tooele, UT",2019,1824118.0
49045,"Tooele, UT",2020,1966429.0
49045,"Tooele, UT",2021,2161878.0
49045,"Tooele, UT",2022,2237428.0
49045,"Tooele, UT",2023,2268143.0
49045,"Tooele, UT",2024,2491322.0
49047,"Uintah, UT",2019,1732484.0
49047,"Uintah, UT",2020,1670233.0
49047,"Uintah, UT",2021,1705211.0
49047,"Uintah, UT",2022,1903749.0
49047,"Uintah, UT",2023,2187112.0
49047,"Uintah, UT",2024,2325013.0
49049,"Utah, UT",2019,29605753.0
49049,"Utah, UT",2020,31043563.0
49049,"Utah, UT",2021,33571631.0
49049,"Utah, UT",2022,34912937.0
49049,"Utah, UT",2023,36381816.0
49049,"Utah, UT",2024,38928334.0
49051,"Wasatch, UT",2019,1137300.0
49051,"Wasatch, UT",2020,1118692.0
49051,"Wasatch, UT",2021,1256133.0
49051,"Wasatch, UT",2022,1350926.0
49051,"Wasatch, UT",2023,1400379.0
49051,"Wasatch, UT",2024,1411894.0
49053,"Washington, UT",2019,6870819.0
49053,"Washington, UT",2020,7231297.0
49053,"Washington, UT",2021,7865011.0
49053,"Washington, UT",2022,8176823.0
49053,"Washington, UT",2023,8437169.0
49053,"Washington, UT",2024,8822616.0
49055,"Wayne, UT",2019,104913.0
49055,"Wayne, UT",2020,106412.0
49055,"Wayne, UT",2021,109996.0
49055,"Wayne, UT",2022,113423.0
49055,"Wayne, UT",2023,119876.0
49055,"Wayne, UT",2024,119504.0
49057,"Weber, UT",2019,11942193.0
49057,"Weber, UT",2020,12228264.0
49057,"Weber, UT",2021,12894125.0
49057,"Weber, UT",2022,13271364.0
49057,"Weber, UT",2023,13773787.0
49057,"Weber, UT",2024,14325610.0
50001,"Addison, VT",2019,1701106.0
50001,"Addison, VT",2020,1581693.0
50001,"Addison, VT",2021,1609368.0
50001,"Addison, VT",2022,1707585.0
50001,"Addison, VT",2023,1731073.0
50001,"Addison, VT",2024,1816615.0
50003,"Bennington, VT",2019,1722225.0
50003,"Bennington, VT",2020,1634053.0
50003,"Bennington, VT",2021,1725255.0
50003,"Bennington, VT",2022,1775062.0
50003,"Bennington, VT",2023,1823362.0
50003,"Bennington, VT",2024,1872849.0
50005,"Caledonia, VT",2019,1142233.0
50005,"Caledonia, VT",2020,1141014.0
50005,"Caledonia, VT",2021,1172688.0
50005,"Caledonia, VT",2022,1210195.0
50005,"Caledonia, VT",2023,1223877.0
50005,"Caledonia, VT",2024,1277281.0
50007,"Chittenden, VT",2019,11814613.0
50007,"Chittenden, VT",2020,11367021.0
50007,"Chittenden, VT",2021,12026955.0
50007,"Chittenden, VT",2022,12739334.0
50007,"Chittenden, VT",2023,12851398.0
50007,"Chittenden, VT",2024,13170478.0
50009,"Essex, VT",2019,146705.0
50009,"Essex, VT",2020,136716.0
50009,"Essex, VT",2021,141224.0
50009,"Essex, VT",2022,142971.0
50009,"Essex, VT",2023,139906.0
50009,"Essex, VT",2024,138755.0
50011,"Franklin, VT",2019,2201949.0
50011,"Franklin, VT",2020,2186400.0
50011,"Franklin, VT",2021,2118629.0
50011,"Franklin, VT",2022,2081644.0
50011,"Franklin, VT",2023,2131389.0
50011,"Franklin, VT",2024,2202584.0
50013,"Grand Isle, VT",2019,204857.0
50013,"Grand Isle, VT",2020,189269.0
50013,"Grand Isle, VT",2021,205114.0
50013,"Grand Isle, VT",2022,191479.0
50013,"Grand Isle, VT",2023,193462.0
50013,"Grand Isle, VT",2024,202934.0
50015,"Lamoille, VT",2019,1149672.0
50015,"Lamoille, VT",2020,1103766.0
50015,"Lamoille, VT",2021,1183271.0
50015,"Lamoille, VT",2022,1234437.0
50015,"Lamoille, VT",2023,1269760.0
50015,"Lamoille, VT",2024,1293434.0
50017,"Orange, VT",2019,827434.0
50017,"Orange, VT",2020,829448.0
50017,"Orange, VT",2021,825444.0
50017,"Orange, VT",2022,843768.0
50017,"Orange, VT",2023,869288.0
50017,"Orange, VT",2024,911242.0
50019,"Orleans, VT",2019,1079884.0
50019,"Orleans, VT",2020,1066555.0
50019,"Orleans, VT",2021,1110572.0
50019,"Orleans, VT",2022,1156463.0
50019,"Orleans, VT",2023,1137578.0
50019,"Orleans, VT",2024,1197362.0
50021,"Rutland, VT",2019,2619762.0
50021,"Rutland, VT",2020,2526521.0
50021,"Rutland, VT",2021,2629644.0
50021,"Rutland, VT",2022,2773887.0
50021,"Rutland, VT",2023,2816148.0
50021,"Rutland, VT",2024,2915195.0
50023,"Washington, VT",2019,3759307.0
50023,"Washington, VT",2020,3678629.0
50023,"Washington, VT",2021,3766456.0
50023,"Washington, VT",2022,3965979.0
50023,"Washington, VT",2023,4021379.0
50023,"Washington, VT",2024,4108451.0
50025,"Windham, VT",2019,2328671.0
50025,"Windham, VT",2020,2304888.0
50025,"Windham, VT",2021,2307043.0
50025,"Windham, VT",2022,2316408.0
50025,"Windham, VT",2023,2397892.0
50025,"Windham, VT",2024,2378574.0
50027,"Windsor, VT",2019,2642112.0
50027,"Windsor, VT",2020,2662045.0
50027,"Windsor, VT",2021,2766554.0
50027,"Windsor, VT",2022,2789143.0
50027,"Windsor, VT",2023,2902636.0
50027,"Windsor, VT",2024,2922765.0
51001,"Accomack, VA",2019,1804289.0
51001,"Accomack, VA",2020,1793560.0
51001,"Accomack, VA",2021,1897523.0
51001,"Accomack, VA",2022,1779121.0
51001,"Accomack, VA",2023,1581707.0
51001,"Accomack, VA",2024,1609589.0
51007,"Amelia, VA",2019,276192.0
51007,"Amelia, VA",2020,259232.0
51007,"Amelia, VA",2021,295190.0
51007,"Amelia, VA",2022,327025.0
51007,"Amelia, VA",2023,289023.0
51007,"Amelia, VA",2024,292432.0
51009,"Amherst, VA",2019,795316.0
51009,"Amherst, VA",2020,759430.0
51009,"Amherst, VA",2021,812178.0
51009,"Amherst, VA",2022,783250.0
51009,"Amherst, VA",2023,804716.0
51009,"Amherst, VA",2024,835793.0
51011,"Appomattox, VA",2019,297513.0
51011,"Appomattox, VA",2020,293447.0
51011,"Appomattox, VA",2021,326332.0
51011,"Appomattox, VA",2022,325131.0
51011,"Appomattox, VA",2023,346317.0
51011,"Appomattox, VA",2024,358211.0
51013,"Arlington, VA",2019,36825830.0
51013,"Arlington, VA",2020,36785680.0
51013,"Arlington, VA",2021,39028124.0
51013,"Arlington, VA",2022,38535970.0
51013,"Arlington, VA",2023,40795731.0
51013,"Arlington, VA",2024,41376780.0
51017,"Bath, VA",2019,222135.0
51017,"Bath, VA",2020,198547.0
51017,"Bath, VA",2021,215428.0
51017,"Bath, VA",2022,232037.0
51017,"Bath, VA",2023,244870.0
51017,"Bath, VA",2024,257786.0
51019,"Bedford, VA*",2019,1970848.0
51019,"Bedford, VA*",2020,1888891.0
51019,"Bedford, VA*",2021,2039282.0
51019,"Bedford, VA*",2022,1999962.0
51019,"Bedford, VA*",2023,2069784.0
51019,"Bedford, VA*",2024,2100757.0
51021,"Bland, VA",2019,211954.0
51021,"Bland, VA",2020,201561.0
51021,"Bland, VA",2021,195848.0
51021,"Bland, VA",2022,193796.0
51021,"Bland, VA",2023,204258.0
51021,"Bland, VA",2024,209500.0
51023,"Botetourt, VA",2019,1288173.0
51023,"Botetourt, VA",2020,1256247.0
51023,"Botetourt, VA",2021,1350515.0
51023,"Botetourt, VA",2022,1366704.0
51023,"Botetourt, VA",2023,1411994.0
51023,"Botetourt, VA",2024,1449517.0
51025,"Brunswick, VA",2019,819800.0
51025,"Brunswick, VA",2020,876467.0
51025,"Brunswick, VA",2021,815307.0
51025,"Brunswick, VA",2022,817994.0
51025,"Brunswick, VA",2023,781416.0
51025,"Brunswick, VA",2024,925439.0
51027,"Buchanan, VA",2019,1011411.0
51027,"Buchanan, VA",2020,927636.0
51027,"Buchanan, VA",2021,1011414.0
51027,"Buchanan, VA",2022,1137003.0
51027,"Buchanan, VA",2023,1093198.0
51027,"Buchanan, VA",2024,980668.0
51029,"Buckingham, VA",2019,520517.0
51029,"Buckingham, VA",2020,546925.0
51029,"Buckingham, VA",2021,490465.0
51029,"Buckingham, VA",2022,498843.0
51029,"Buckingham, VA",2023,532003.0
51029,"Buckingham, VA",2024,533917.0
51033,"Caroline, VA",2019,736504.0
51033,"Caroline, VA",2020,784450.0
51033,"Caroline, VA",2021,804007.0
51033,"Caroline, VA",2022,825141.0
51033,"Caroline, VA",2023,891007.0
51033,"Caroline, VA",2024,955036.0
51036,"Charles City, VA",2019,223342.0
51036,"Charles City, VA",2020,225670.0
51036,"Charles City, VA",2021,222518.0
51036,"Charles City, VA",2022,224823.0
51036,"Charles City, VA",2023,249324.0
51036,"Charles City, VA",2024,260076.0
51037,"Charlotte, VA",2019,260298.0
51037,"Charlotte, VA",2020,259608.0
51037,"Charlotte, VA",2021,271526.0
51037,"Charlotte, VA",2022,291313.0
51037,"Charlotte, VA",2023,287145.0
51037,"Charlotte, VA",2024,283077.0
51041,"Chesterfield, VA",2019,16023932.0
51041,"Chesterfield, VA",2020,15898229.0
51041,"Chesterfield, VA",2021,16795636.0
51041,"Chesterfield, VA",2022,17360574.0
51041,"Chesterfield, VA",2023,17811292.0
51041,"Chesterfield, VA",2024,18545492.0
51043,"Clarke, VA",2019,464556.0
51043,"Clarke, VA",2020,431504.0
51043,"Clarke, VA",2021,461715.0
51043,"Clarke, VA",2022,452177.0
51043,"Clarke, VA",2023,459821.0
51043,"Clarke, VA",2024,466681.0
51045,"Craig, VA",2019,100250.0
51045,"Craig, VA",2020,98617.0
51045,"Craig, VA",2021,110008.0
51045,"Craig, VA",2022,102582.0
51045,"Craig, VA",2023,105329.0
51045,"Craig, VA",2024,108127.0
51047,"Culpeper, VA",2019,1850965.0
51047,"Culpeper, VA",2020,1830302.0
51047,"Culpeper, VA",2021,1932297.0
51047,"Culpeper, VA",2022,1976326.0
51047,"Culpeper, VA",2023,2048484.0
51047,"Culpeper, VA",2024,2145613.0
51049,"Cumberland, VA",2019,144707.0
51049,"Cumberland, VA",2020,129568.0
51049,"Cumberland, VA",2021,154248.0
51049,"Cumberland, VA",2022,179583.0
51049,"Cumberland, VA",2023,160419.0
51049,"Cumberland, VA",2024,176022.0
51051,"Dickenson, VA",2019,465083.0
51051,"Dickenson, VA",2020,498241.0
51051,"Dickenson, VA",2021,569027.0
51051,"Dickenson, VA",2022,628526.0
51051,"Dickenson, VA",2023,654572.0
51051,"Dickenson, VA",2024,586745.0
51057,"Essex, VA",2019,371065.0
51057,"Essex, VA",2020,356757.0
51057,"Essex, VA",2021,360123.0
51057,"Essex, VA",2022,354380.0
51057,"Essex, VA",2023,416375.0
51057,"Essex, VA",2024,430563.0
51061,"Fauquier, VA",2019,2816993.0
51061,"Fauquier, VA",2020,2828430.0
51061,"Fauquier, VA",2021,2970116.0
51061,"Fauquier, VA",2022,3006503.0
51061,"Fauquier, VA",2023,3045293.0
51061,"Fauquier, VA",2024,3227177.0
51063,"Floyd, VA",2019,368725.0
51063,"Floyd, VA",2020,377463.0
51063,"Floyd, VA",2021,387956.0
51063,"Floyd, VA",2022,394449.0
51063,"Floyd, VA",2023,406183.0
51063,"Floyd, VA",2024,417534.0
51065,"Fluvanna, VA",2019,909598.0
51065,"Fluvanna, VA",2020,806474.0
51065,"Fluvanna, VA",2021,823385.0
51065,"Fluvanna, VA",2022,887409.0
51065,"Fluvanna, VA",2023,939111.0
51065,"Fluvanna, VA",2024,960306.0
51067,"Franklin, VA",2019,1521551.0
51067,"Franklin, VA",2020,1521069.0
51067,"Franklin, VA",2021,1609125.0
51067,"Franklin, VA",2022,1604855.0
51067,"Franklin, VA",2023,1624724.0
51067,"Franklin, VA",2024,1668099.0
51071,"Giles, VA",2019,503637.0
51071,"Giles, VA",2020,522776.0
51071,"Giles, VA",2021,630726.0
51071,"Giles, VA",2022,587213.0
51071,"Giles, VA",2023,722071.0
51071,"Giles, VA",2024,707171.0
51073,"Gloucester, VA",2019,889420.0
51073,"Gloucester, VA",2020,897990.0
51073,"Gloucester, VA",2021,926503.0
51073,"Gloucester, VA",2022,945869.0
51073,"Gloucester, VA",2023,1006195.0
51073,"Gloucester, VA",2024,1038636.0
51075,"Goochland, VA",2019,2776654.0
51075,"Goochland, VA",2020,2969775.0
51075,"Goochland, VA",2021,3210285.0
51075,"Goochland, VA",2022,3070723.0
51075,"Goochland, VA",2023,3044661.0
51075,"Goochland, VA",2024,2978868.0
51077,"Grayson, VA",2019,267281.0
51077,"Grayson, VA",2020,272036.0
51077,"Grayson, VA",2021,264793.0
51077,"Grayson, VA",2022,267770.0
51077,"Grayson, VA",2023,303939.0
51077,"Grayson, VA",2024,305499.0
51079,"Greene, VA",2019,445893.0
51079,"Greene, VA",2020,427888.0
51079,"Greene, VA",2021,464257.0
51079,"Greene, VA",2022,472881.0
51079,"Greene, VA",2023,498196.0
51079,"Greene, VA",2024,521484.0
51083,"Halifax, VA",2019,1199374.0
51083,"Halifax, VA",2020,1131619.0
51083,"Halifax, VA",2021,1133826.0
51083,"Halifax, VA",2022,1166653.0
51083,"Halifax, VA",2023,1171237.0
51083,"Halifax, VA",2024,1239321.0
51085,"Hanover, VA",2019,6013273.0
51085,"Hanover, VA",2020,5914095.0
51085,"Hanover, VA",2021,6242205.0
51085,"Hanover, VA",2022,6589348.0
51085,"Hanover, VA",2023,6964934.0
51085,"Hanover, VA",2024,7021908.0
51087,"Henrico, VA",2019,30618861.0
51087,"Henrico, VA",2020,29224079.0
51087,"Henrico, VA",2021,31143696.0
51087,"Henrico, VA",2022,31163682.0
51087,"Henrico, VA",2023,29506032.0
51087,"Henrico, VA",2024,29755353.0
51091,"Highland, VA",2019,69595.0
51091,"Highland, VA",2020,61315.0
51091,"Highland, VA",2021,69184.0
51091,"Highland, VA",2022,78582.0
51091,"Highland, VA",2023,77181.0
51091,"Highland, VA",2024,86710.0
51093,"Isle of Wight, VA",2019,1381740.0
51093,"Isle of Wight, VA",2020,1323294.0
51093,"Isle of Wight, VA",2021,1321262.0
51093,"Isle of Wight, VA",2022,1365771.0
51093,"Isle of Wight, VA",2023,1589046.0
51093,"Isle of Wight, VA",2024,1297039.0
51097,"King and Queen, VA",2019,140938.0
51097,"King and Queen, VA",2020,147097.0
51097,"King and Queen, VA",2021,155291.0
51097,"King and Queen, VA",2022,145661.0
51097,"King and Queen, VA",2023,147536.0
51097,"King and Queen, VA",2024,156548.0
51099,"King George, VA",2019,1953598.0
51099,"King George, VA",2020,2031038.0
51099,"King George, VA",2021,2172658.0
51099,"King George, VA",2022,2159040.0
51099,"King George, VA",2023,2274282.0
51099,"King George, VA",2024,2349561.0
51101,"King William, VA",2019,535175.0
51101,"King William, VA",2020,516227.0
51101,"King William, VA",2021,535964.0
51101,"King William, VA",2022,528806.0
51101,"King William, VA",2023,587533.0
51101,"King William, VA",2024,634290.0
51103,"Lancaster, VA",2019,482975.0
51103,"Lancaster, VA",2020,480112.0
51103,"Lancaster, VA",2021,490145.0
51103,"Lancaster, VA",2022,490604.0
51103,"Lancaster, VA",2023,530498.0
51103,"Lancaster, VA",2024,528927.0
51105,"Lee, VA",2019,381457.0
51105,"Lee, VA",2020,396070.0
51105,"Lee, VA",2021,387531.0
51105,"Lee, VA",2022,396415.0
51105,"Lee, VA",2023,423281.0
51105,"Lee, VA",2024,432174.0
51107,"Loudoun, VA",2019,29525992.0
51107,"Loudoun, VA",2020,28754801.0
51107,"Loudoun, VA",2021,31764885.0
51107,"Loudoun, VA",2022,33320670.0
51107,"Loudoun, VA",2023,35886030.0
51107,"Loudoun, VA",2024,37440677.0
51109,"Louisa, VA",2019,2198089.0
51109,"Louisa, VA",2020,2159402.0
51109,"Louisa, VA",2021,2278986.0
51109,"Louisa, VA",2022,2323484.0
51109,"Louisa, VA",2023,2423805.0
51109,"Louisa, VA",2024,2371939.0
51111,"Lunenburg, VA",2019,237777.0
51111,"Lunenburg, VA",2020,236751.0
51111,"Lunenburg, VA",2021,271003.0
51111,"Lunenburg, VA",2022,239040.0
51111,"Lunenburg, VA",2023,248307.0
51111,"Lunenburg, VA",2024,256401.0
51113,"Madison, VA",2019,339604.0
51113,"Madison, VA",2020,345803.0
51113,"Madison, VA",2021,354375.0
51113,"Madison, VA",2022,349632.0
51113,"Madison, VA",2023,377530.0
51113,"Madison, VA",2024,391490.0
51115,"Mathews, VA",2019,192091.0
51115,"Mathews, VA",2020,192738.0
51115,"Mathews, VA",2021,192079.0
51115,"Mathews, VA",2022,188645.0
51115,"Mathews, VA",2023,198983.0
51115,"Mathews, VA",2024,198513.0
51117,"Mecklenburg, VA",2019,1019250.0
51117,"Mecklenburg, VA",2020,1083387.0
51117,"Mecklenburg, VA",2021,1110937.0
51117,"Mecklenburg, VA",2022,1139961.0
51117,"Mecklenburg, VA",2023,1174374.0
51117,"Mecklenburg, VA",2024,1240310.0
51119,"Middlesex, VA",2019,371698.0
51119,"Middlesex, VA",2020,360527.0
51119,"Middlesex, VA",2021,368806.0
51119,"Middlesex, VA",2022,372143.0
51119,"Middlesex, VA",2023,384677.0
51119,"Middlesex, VA",2024,393188.0
51125,"Nelson, VA",2019,501209.0
51125,"Nelson, VA",2020,496810.0
51125,"Nelson, VA",2021,550814.0
51125,"Nelson, VA",2022,537643.0
51125,"Nelson, VA",2023,547115.0
51125,"Nelson, VA",2024,546625.0
51127,"New Kent, VA",2019,574347.0
51127,"New Kent, VA",2020,614093.0
51127,"New Kent, VA",2021,650049.0
51127,"New Kent, VA",2022,624876.0
51127,"New Kent, VA",2023,742378.0
51127,"New Kent, VA",2024,809693.0
51131,"Northampton, VA",2019,484556.0
51131,"Northampton, VA",2020,498938.0
51131,"Northampton, VA",2021,444476.0
51131,"Northampton, VA",2022,425684.0
51131,"Northampton, VA",2023,511184.0
51131,"Northampton, VA",2024,513131.0
51133,"Northumberland, VA",2019,394879.0
51133,"Northumberland, VA",2020,377383.0
51133,"Northumberland, VA",2021,362733.0
51133,"Northumberland, VA",2022,357410.0
51133,"Northumberland, VA",2023,378330.0
51133,"Northumberland, VA",2024,374654.0
51135,"Nottoway, VA",2019,528420.0
51135,"Nottoway, VA",2020,487517.0
51135,"Nottoway, VA",2021,511281.0
51135,"Nottoway, VA",2022,553000.0
51135,"Nottoway, VA",2023,538603.0
51135,"Nottoway, VA",2024,536933.0
51137,"Orange, VA",2019,1171177.0
51137,"Orange, VA",2020,1128721.0
51137,"Orange, VA",2021,1131679.0
51137,"Orange, VA",2022,1096041.0
51137,"Orange, VA",2023,1183691.0
51137,"Orange, VA",2024,1218502.0
51139,"Page, VA",2019,602041.0
51139,"Page, VA",2020,536929.0
51139,"Page, VA",2021,622707.0
51139,"Page, VA",2022,679862.0
51139,"Page, VA",2023,684384.0
51139,"Page, VA",2024,673053.0
51141,"Patrick, VA",2019,397362.0
51141,"Patrick, VA",2020,372169.0
51141,"Patrick, VA",2021,381322.0
51141,"Patrick, VA",2022,390484.0
51141,"Patrick, VA",2023,400322.0
51141,"Patrick, VA",2024,402644.0
51145,"Powhatan, VA",2019,817467.0
51145,"Powhatan, VA",2020,813456.0
51145,"Powhatan, VA",2021,838488.0
51145,"Powhatan, VA",2022,869048.0
51145,"Powhatan, VA",2023,899142.0
51145,"Powhatan, VA",2024,949840.0
51147,"Prince Edward, VA",2019,737827.0
51147,"Prince Edward, VA",2020,705552.0
51147,"Prince Edward, VA",2021,733642.0
51147,"Prince Edward, VA",2022,750540.0
51147,"Prince Edward, VA",2023,756568.0
51147,"Prince Edward, VA",2024,769207.0
51155,"Pulaski, VA",2019,1385423.0
51155,"Pulaski, VA",2020,1277640.0
51155,"Pulaski, VA",2021,1442934.0
51155,"Pulaski, VA",2022,1560313.0
51155,"Pulaski, VA",2023,1529749.0
51155,"Pulaski, VA",2024,1572597.0
51157,"Rappahannock, VA",2019,284968.0
51157,"Rappahannock, VA",2020,278421.0
51157,"Rappahannock, VA",2021,302965.0
51157,"Rappahannock, VA",2022,303242.0
51157,"Rappahannock, VA",2023,320873.0
51157,"Rappahannock, VA",2024,317344.0
51159,"Richmond, VA",2019,272078.0
51159,"Richmond, VA",2020,286199.0
51159,"Richmond, VA",2021,289680.0
51159,"Richmond, VA",2022,283840.0
51159,"Richmond, VA",2023,294572.0
51159,"Richmond, VA",2024,303917.0
51167,"Russell, VA",2019,684676.0
51167,"Russell, VA",2020,684037.0
51167,"Russell, VA",2021,661361.0
51167,"Russell, VA",2022,671468.0
51167,"Russell, VA",2023,703937.0
51167,"Russell, VA",2024,714713.0
51169,"Scott, VA",2019,424206.0
51169,"Scott, VA",2020,409822.0
51169,"Scott, VA",2021,413329.0
51169,"Scott, VA",2022,428056.0
51169,"Scott, VA",2023,444996.0
51169,"Scott, VA",2024,461246.0
51171,"Shenandoah, VA",2019,1771068.0
51171,"Shenandoah, VA",2020,1685960.0
51171,"Shenandoah, VA",2021,1760734.0
51171,"Shenandoah, VA",2022,1770776.0
51171,"Shenandoah, VA",2023,1744925.0
51171,"Shenandoah, VA",2024,1775441.0
51173,"Smyth, VA",2019,1036343.0
51173,"Smyth, VA",2020,980070.0
51173,"Smyth, VA",2021,1038509.0
51173,"Smyth, VA",2022,1039319.0
51173,"Smyth, VA",2023,1078128.0
51173,"Smyth, VA",2024,1082653.0
51179,"Stafford, VA",2019,5758951.0
51179,"Stafford, VA",2020,6031384.0
51179,"Stafford, VA",2021,6436979.0
51179,"Stafford, VA",2022,6498922.0
51179,"Stafford, VA",2023,6598755.0
51179,"Stafford, VA",2024,6586373.0
51181,"Surry, VA",2019,1152764.0
51181,"Surry, VA",2020,1133713.0
51181,"Surry, VA",2021,1096523.0
51181,"Surry, VA",2022,1259572.0
51181,"Surry, VA",2023,1288603.0
51181,"Surry, VA",2024,1151960.0
51183,"Sussex, VA",2019,345458.0
51183,"Sussex, VA",2020,338627.0
51183,"Sussex, VA",2021,361324.0
51183,"Sussex, VA",2022,332177.0
51183,"Sussex, VA",2023,347829.0
51183,"Sussex, VA",2024,330729.0
51185,"Tazewell, VA",2019,1188220.0
51185,"Tazewell, VA",2020,1143240.0
51185,"Tazewell, VA",2021,1126991.0
51185,"Tazewell, VA",2022,1237788.0
51185,"Tazewell, VA",2023,1320720.0
51185,"Tazewell, VA",2024,1313434.0
51187,"Warren, VA",2019,1807682.0
51187,"Warren, VA",2020,1764273.0
51187,"Warren, VA",2021,1736106.0
51187,"Warren, VA",2022,1838113.0
51187,"Warren, VA",2023,1971744.0
51187,"Warren, VA",2024,1970967.0
51193,"Westmoreland, VA",2019,474471.0
51193,"Westmoreland, VA",2020,483987.0
51193,"Westmoreland, VA",2021,458726.0
51193,"Westmoreland, VA",2022,446240.0
51193,"Westmoreland, VA",2023,503445.0
51193,"Westmoreland, VA",2024,502877.0
51197,"Wythe, VA",2019,1448093.0
51197,"Wythe, VA",2020,1419662.0
51197,"Wythe, VA",2021,1468448.0
51197,"Wythe, VA",2022,1518094.0
51197,"Wythe, VA",2023,1508096.0
51197,"Wythe, VA",2024,1498629.0
51510,"Alexandria (Independent City), VA",2019,14970109.0
51510,"Alexandria (Independent City), VA",2020,14483075.0
51510,"Alexandria (Independent City), VA",2021,14874002.0
51510,"Alexandria (Independent City), VA",2022,14914516.0
51510,"Alexandria (Independent City), VA",2023,14292120.0
51510,"Alexandria (Independent City), VA",2024,14388228.0
51550,"Chesapeake (Independent City), VA",2019,10504093.0
51550,"Chesapeake (Independent City), VA",2020,10699899.0
51550,"Chesapeake (Independent City), VA",2021,11101457.0
51550,"Chesapeake (Independent City), VA",2022,11185105.0
51550,"Chesapeake (Independent City), VA",2023,11671963.0
51550,"Chesapeake (Independent City), VA",2024,11925555.0
51650,"Hampton (Independent City), VA",2019,6649572.0
51650,"Hampton (Independent City), VA",2020,6627258.0
51650,"Hampton (Independent City), VA",2021,6715254.0
51650,"Hampton (Independent City), VA",2022,6679422.0
51650,"Hampton (Independent City), VA",2023,6936133.0
51650,"Hampton (Independent City), VA",2024,7252088.0
51700,"Newport News (Independent City), VA",2019,13817285.0
51700,"Newport News (Independent City), VA",2020,13610683.0
51700,"Newport News (Independent City), VA",2021,14478434.0
51700,"Newport News (Independent City), VA",2022,15000181.0
51700,"Newport News (Independent City), VA",2023,15591531.0
51700,"Newport News (Independent City), VA",2024,15527021.0
51710,"Norfolk (Independent City), VA",2019,19212302.0
51710,"Norfolk (Independent City), VA",2020,18951203.0
51710,"Norfolk (Independent City), VA",2021,19976469.0
51710,"Norfolk (Independent City), VA",2022,20634709.0
51710,"Norfolk (Independent City), VA",2023,20904231.0
51710,"Norfolk (Independent City), VA",2024,21097861.0
51740,"Portsmouth (Independent City), VA",2019,6123562.0
51740,"Portsmouth (Independent City), VA",2020,6061997.0
51740,"Portsmouth (Independent City), VA",2021,6177693.0
51740,"Portsmouth (Independent City), VA",2022,6151033.0
51740,"Portsmouth (Independent City), VA",2023,6078814.0
51740,"Portsmouth (Independent City), VA",2024,6015283.0
51760,"Richmond (Independent City), VA",2019,23566334.0
51760,"Richmond (Independent City), VA",2020,23788834.0
51760,"Richmond (Independent City), VA",2021,24818600.0
51760,"Richmond (Independent City), VA",2022,26107823.0
51760,"Richmond (Independent City), VA",2023,27425168.0
51760,"Richmond (Independent City), VA",2024,28127971.0
51770,"Roanoke (Independent City), VA",2019,7085012.0
51770,"Roanoke (Independent City), VA",2020,7039873.0
51770,"Roanoke (Independent City), VA",2021,7514489.0
51770,"Roanoke (Independent City), VA",2022,7560859.0
51770,"Roanoke (Independent City), VA",2023,7749618.0
51770,"Roanoke (Independent City), VA",2024,7946958.0
51800,"Suffolk (Independent City), VA",2019,3877721.0
51800,"Suffolk (Independent City), VA",2020,4084569.0
51800,"Suffolk (Independent City), VA",2021,4268593.0
51800,"Suffolk (Independent City), VA",2022,4295576.0
51800,"Suffolk (Independent City), VA",2023,4331150.0
51800,"Suffolk (Independent City), VA",2024,4495006.0
51810,"Virginia Beach (Independent City), VA",2019,22297716.0
51810,"Virginia Beach (Independent City), VA",2020,22056288.0
51810,"Virginia Beach (Independent City), VA",2021,23140950.0
51810,"Virginia Beach (Independent City), VA",2022,23422354.0
51810,"Virginia Beach (Independent City), VA",2023,24244620.0
51810,"Virginia Beach (Independent City), VA",2024,25840101.0
51901,"Albemarle + Charlottesville, VA*",2019,11860917.0
51901,"Albemarle + Charlottesville, VA*",2020,11480554.0
51901,"Albemarle + Charlottesville, VA*",2021,12541972.0
51901,"Albemarle + Charlottesville, VA*",2022,13044583.0
51901,"Albemarle + Charlottesville, VA*",2023,13615441.0
51901,"Albemarle + Charlottesville, VA*",2024,14042589.0
51903,"Alleghany + Covington, VA*",2019,893883.0
51903,"Alleghany + Covington, VA*",2020,825838.0
51903,"Alleghany + Covington, VA*",2021,872084.0
51903,"Alleghany + Covington, VA*",2022,863365.0
51903,"Alleghany + Covington, VA*",2023,834676.0
51903,"Alleghany + Covington, VA*",2024,848405.0
51907,"Augusta, Staunton + Waynesboro, VA*",2019,5142428.0
51907,"Augusta, Staunton + Waynesboro, VA*",2020,4943911.0
51907,"Augusta, Staunton + Waynesboro, VA*",2021,5183588.0
51907,"Augusta, Staunton + Waynesboro, VA*",2022,5371275.0
51907,"Augusta, Staunton + Waynesboro, VA*",2023,5431853.0
51907,"Augusta, Staunton + Waynesboro, VA*",2024,5538943.0
51911,"Campbell + Lynchburg, VA*",2019,7392878.0
51911,"Campbell + Lynchburg, VA*",2020,7119154.0
51911,"Campbell + Lynchburg, VA*",2021,7344084.0
51911,"Campbell + Lynchburg, VA*",2022,7314801.0
51911,"Campbell + Lynchburg, VA*",2023,7517453.0
51911,"Campbell + Lynchburg, VA*",2024,7660513.0
51913,"Carroll + Galax, VA*",2019,938498.0
51913,"Carroll + Galax, VA*",2020,910381.0
51913,"Carroll + Galax, VA*",2021,923134.0
51913,"Carroll + Galax, VA*",2022,937381.0
51913,"Carroll + Galax, VA*",2023,975881.0
51913,"Carroll + Galax, VA*",2024,997301.0
51918,"Dinwiddie, Colonial Heights + Petersburg, VA*",2019,2831657.0
51918,"Dinwiddie, Colonial Heights + Petersburg, VA*",2020,2784897.0
51918,"Dinwiddie, Colonial Heights + Petersburg, VA*",2021,2834511.0
51918,"Dinwiddie, Colonial Heights + Petersburg, VA*",2022,2967819.0
51918,"Dinwiddie, Colonial Heights + Petersburg, VA*",2023,3123894.0
51918,"Dinwiddie, Colonial Heights + Petersburg, VA*",2024,3150863.0
51919,"Fairfax, Fairfax City + Falls Church, VA*",2019,125628136.0
51919,"Fairfax, Fairfax City + Falls Church, VA*",2020,125622450.0
51919,"Fairfax, Fairfax City + Falls Church, VA*",2021,134207151.0
51919,"Fairfax, Fairfax City + Falls Church, VA*",2022,139244840.0
51919,"Fairfax, Fairfax City + Falls Church, VA*",2023,146921290.0
51919,"Fairfax, Fairfax City + Falls Church, VA*",2024,151225537.0
51921,"Frederick + Winchester, VA*",2019,6741034.0
51921,"Frederick + Winchester, VA*",2020,6853606.0
51921,"Frederick + Winchester, VA*",2021,7283872.0
51921,"Frederick + Winchester, VA*",2022,7259919.0
51921,"Frederick + Winchester, VA*",2023,7376912.0
51921,"Frederick + Winchester, VA*",2024,7536165.0
51923,"Greensville + Emporia, VA*",2019,1385434.0
51923,"Greensville + Emporia, VA*",2020,1397490.0
51923,"Greensville + Emporia, VA*",2021,1516639.0
51923,"Greensville + Emporia, VA*",2022,1602384.0
51923,"Greensville + Emporia, VA*",2023,1576145.0
51923,"Greensville + Emporia, VA*",2024,1558897.0
51929,"Henry + Martinsville, VA*",2019,2199480.0
51929,"Henry + Martinsville, VA*",2020,2153625.0
51929,"Henry + Martinsville, VA*",2021,2236487.0
51929,"Henry + Martinsville, VA*",2022,2243859.0
51929,"Henry + Martinsville, VA*",2023,2261227.0
51929,"Henry + Martinsville, VA*",2024,2299788.0
51931,"James City + Williamsburg, VA*",2019,5204171.0
51931,"James City + Williamsburg, VA*",2020,5244402.0
51931,"James City + Williamsburg, VA*",2021,5558140.0
51931,"James City + Williamsburg, VA*",2022,5886776.0
51931,"James City + Williamsburg, VA*",2023,5934275.0
51931,"James City + Williamsburg, VA*",2024,5940811.0
51933,"Montgomery + Radford, VA*",2019,5403645.0
51933,"Montgomery + Radford, VA*",2020,5265600.0
51933,"Montgomery + Radford, VA*",2021,5497935.0
51933,"Montgomery + Radford, VA*",2022,5698033.0
51933,"Montgomery + Radford, VA*",2023,5974636.0
51933,"Montgomery + Radford, VA*",2024,6150730.0
51939,"Pittsylvania + Danville, VA*",2019,3458755.0
51939,"Pittsylvania + Danville, VA*",2020,3324565.0
51939,"Pittsylvania + Danville, VA*",2021,3415756.0
51939,"Pittsylvania + Danville, VA*",2022,3537843.0
51939,"Pittsylvania + Danville, VA*",2023,3684012.0
51939,"Pittsylvania + Danville, VA*",2024,3651879.0
51941,"Prince George + Hopewell, VA*",2019,3874706.0
51941,"Prince George + Hopewell, VA*",2020,3899514.0
51941,"Prince George + Hopewell, VA*",2021,3870549.0
51941,"Prince George + Hopewell, VA*",2022,3858712.0
51941,"Prince George + Hopewell, VA*",2023,4043370.0
51941,"Prince George + Hopewell, VA*",2024,4113138.0
51942,"Prince William, Manassas + Manassas Park, VA*",2019,21720470.0
51942,"Prince William, Manassas + Manassas Park, VA*",2020,21595028.0
51942,"Prince William, Manassas + Manassas Park, VA*",2021,22412693.0
51942,"Prince William, Manassas + Manassas Park, VA*",2022,22847210.0
51942,"Prince William, Manassas + Manassas Park, VA*",2023,24064748.0
51942,"Prince William, Manassas + Manassas Park, VA*",2024,24926326.0
51944,"Roanoke + Salem, VA*",2019,6072957.0
51944,"Roanoke + Salem, VA*",2020,5875774.0
51944,"Roanoke + Salem, VA*",2021,6175531.0
51944,"Roanoke + Salem, VA*",2022,6234527.0
51944,"Roanoke + Salem, VA*",2023,6255570.0
51944,"Roanoke + Salem, VA*",2024,6411823.0
51945,"Rockbridge, Buena Vista + Lexington, VA*",2019,1283764.0
51945,"Rockbridge, Buena Vista + Lexington, VA*",2020,1211098.0
51945,"Rockbridge, Buena Vista + Lexington, VA*",2021,1241631.0
51945,"Rockbridge, Buena Vista + Lexington, VA*",2022,1277550.0
51945,"Rockbridge, Buena Vista + Lexington, VA*",2023,1361613.0
51945,"Rockbridge, Buena Vista + Lexington, VA*",2024,1391574.0
51947,"Rockingham + Harrisonburg, VA*",2019,7986941.0
51947,"Rockingham + Harrisonburg, VA*",2020,7649535.0
51947,"Rockingham + Harrisonburg, VA*",2021,8324834.0
51947,"Rockingham + Harrisonburg, VA*",2022,8571712.0
51947,"Rockingham + Harrisonburg, VA*",2023,8225102.0
51947,"Rockingham + Harrisonburg, VA*",2024,8344240.0
51949,"Southampton + Franklin, VA*",2019,809562.0
51949,"Southampton + Franklin, VA*",2020,748385.0
51949,"Southampton + Franklin, VA*",2021,800733.0
51949,"Southampton + Franklin, VA*",2022,819503.0
51949,"Southampton + Franklin, VA*",2023,803608.0
51949,"Southampton + Franklin, VA*",2024,781153.0
51951,"Spotsylvania + Fredericksburg, VA*",2019,6346919.0
51951,"Spotsylvania + Fredericksburg, VA*",2020,6358427.0
51951,"Spotsylvania + Fredericksburg, VA*",2021,6800407.0
51951,"Spotsylvania + Fredericksburg, VA*",2022,6978317.0
51951,"Spotsylvania + Fredericksburg, VA*",2023,7466117.0
51951,"Spotsylvania + Fredericksburg, VA*",2024,7988890.0
51953,"Washington + Bristol, VA*",2019,3413687.0
51953,"Washington + Bristol, VA*",2020,3347563.0
51953,"Washington + Bristol, VA*",2021,3326975.0
51953,"Washington + Bristol, VA*",2022,3364821.0
51953,"Washington + Bristol, VA*",2023,3509067.0
51953,"Washington + Bristol, VA*",2024,3551196.0
51955,"Wise + Norton, VA*",2019,1452455.0
51955,"Wise + Norton, VA*",2020,1430818.0
51955,"Wise + Norton, VA*",2021,1505299.0
51955,"Wise + Norton, VA*",2022,1654302.0
51955,"Wise + Norton, VA*",2023,1648331.0
51955,"Wise + Norton, VA*",2024,1700679.0
51958,"York + Poquoson, VA*",2019,2866973.0
51958,"York + Poquoson, VA*",2020,2643306.0
51958,"York + Poquoson, VA*",2021,2826255.0
51958,"York + Poquoson, VA*",2022,2932989.0
51958,"York + Poquoson, VA*",2023,2924751.0
51958,"York + Poquoson, VA*",2024,3085720.0
53001,"Adams, WA",2019,886408.0
53001,"Adams, WA",2020,904059.0
53001,"Adams, WA",2021,854276.0
53001,"Adams, WA",2022,1074347.0
53001,"Adams, WA",2023,887006.0
53001,"Adams, WA",2024,1097173.0
53003,"Asotin, WA",2019,653524.0
53003,"Asotin, WA",2020,655699.0
53003,"Asotin, WA",2021,686825.0
53003,"Asotin, WA",2022,718550.0
53003,"Asotin, WA",2023,725854.0
53003,"Asotin, WA",2024,753733.0
53005,"Benton, WA",2019,11923121.0
53005,"Benton, WA",2020,11529796.0
53005,"Benton, WA",2021,12222613.0
53005,"Benton, WA",2022,12153292.0
53005,"Benton, WA",2023,12544715.0
53005,"Benton, WA",2024,13124028.0
53007,"Chelan, WA",2019,4643765.0
53007,"Chelan, WA",2020,4557406.0
53007,"Chelan, WA",2021,4844104.0
53007,"Chelan, WA",2022,5121948.0
53007,"Chelan, WA",2023,5633507.0
53007,"Chelan, WA",2024,5563975.0
53009,"Clallam, WA",2019,2561804.0
53009,"Clallam, WA",2020,2510570.0
53009,"Clallam, WA",2021,2688636.0
53009,"Clallam, WA",2022,2777591.0
53009,"Clallam, WA",2023,2806288.0
53009,"Clallam, WA",2024,2940757.0
53011,"Clark, WA",2019,22181796.0
53011,"Clark, WA",2020,22188295.0
53011,"Clark, WA",2021,24519578.0
53011,"Clark, WA",2022,24917642.0
53011,"Clark, WA",2023,25235910.0
53011,"Clark, WA",2024,26085187.0
53013,"Columbia, WA",2019,347073.0
53013,"Columbia, WA",2020,332593.0
53013,"Columbia, WA",2021,349016.0
53013,"Columbia, WA",2022,353033.0
53013,"Columbia, WA",2023,369531.0
53013,"Columbia, WA",2024,376028.0
53015,"Cowlitz, WA",2019,5182692.0
53015,"Cowlitz, WA",2020,5257272.0
53015,"Cowlitz, WA",2021,5412950.0
53015,"Cowlitz, WA",2022,5531954.0
53015,"Cowlitz, WA",2023,5460553.0
53015,"Cowlitz, WA",2024,5530726.0
53017,"Douglas, WA",2019,1864813.0
53017,"Douglas, WA",2020,1877003.0
53017,"Douglas, WA",2021,1919714.0
53017,"Douglas, WA",2022,1957729.0
53017,"Douglas, WA",2023,1997327.0
53017,"Douglas, WA",2024,2190136.0
53019,"Ferry, WA",2019,172138.0
53019,"Ferry, WA",2020,191639.0
53019,"Ferry, WA",2021,185977.0
53019,"Ferry, WA",2022,192620.0
53019,"Ferry, WA",2023,199105.0
53019,"Ferry, WA",2024,210990.0
53021,"Franklin, WA",2019,3884307.0
53021,"Franklin, WA",2020,3942440.0
53021,"Franklin, WA",2021,4145933.0
53021,"Franklin, WA",2022,4301139.0
53021,"Franklin, WA",2023,4153007.0
53021,"Franklin, WA",2024,4359524.0
53023,"Garfield, WA",2019,160597.0
53023,"Garfield, WA",2020,172100.0
53023,"Garfield, WA",2021,163871.0
53023,"Garfield, WA",2022,194989.0
53023,"Garfield, WA",2023,160780.0
53023,"Garfield, WA",2024,165041.0
53025,"Grant, WA",2019,5723173.0
53025,"Grant, WA",2020,5772702.0
53025,"Grant, WA",2021,5808720.0
53025,"Grant, WA",2022,5647646.0
53025,"Grant, WA",2023,6760819.0
53025,"Grant, WA",2024,6812669.0
53027,"Grays Harbor, WA",2019,2569819.0
53027,"Grays Harbor, WA",2020,2434808.0
53027,"Grays Harbor, WA",2021,2594027.0
53027,"Grays Harbor, WA",2022,2660765.0
53027,"Grays Harbor, WA",2023,2831924.0
53027,"Grays Harbor, WA",2024,2904808.0
53029,"Island, WA",2019,3271496.0
53029,"Island, WA",2020,3325467.0
53029,"Island, WA",2021,3554259.0
53029,"Island, WA",2022,3507513.0
53029,"Island, WA",2023,3541426.0
53029,"Island, WA",2024,3623667.0
53031,"Jefferson, WA",2019,1245521.0
53031,"Jefferson, WA",2020,1214868.0
53031,"Jefferson, WA",2021,1265030.0
53031,"Jefferson, WA",2022,1340423.0
53031,"Jefferson, WA",2023,1391156.0
53031,"Jefferson, WA",2024,1435541.0
53033,"King, WA",2019,321056846.0
53033,"King, WA",2020,326819249.0
53033,"King, WA",2021,353481956.0
53033,"King, WA",2022,365043589.0
53033,"King, WA",2023,386756646.0
53033,"King, WA",2024,409159636.0
53035,"Kitsap, WA",2019,12386984.0
53035,"Kitsap, WA",2020,12760536.0
53035,"Kitsap, WA",2021,13124175.0
53035,"Kitsap, WA",2022,13673490.0
53035,"Kitsap, WA",2023,13911878.0
53035,"Kitsap, WA",2024,14380899.0
53037,"Kittitas, WA",2019,1787679.0
53037,"Kittitas, WA",2020,1818266.0
53037,"Kittitas, WA",2021,1909322.0
53037,"Kittitas, WA",2022,1939896.0
53037,"Kittitas, WA",2023,1982655.0
53037,"Kittitas, WA",2024,2005844.0
53039,"Klickitat, WA",2019,1753007.0
53039,"Klickitat, WA",2020,1419613.0
53039,"Klickitat, WA",2021,1728177.0
53039,"Klickitat, WA",2022,1646946.0
53039,"Klickitat, WA",2023,1804338.0
53039,"Klickitat, WA",2024,1877501.0
53041,"Lewis, WA",2019,3515867.0
53041,"Lewis, WA",2020,3421004.0
53041,"Lewis, WA",2021,3368937.0
53041,"Lewis, WA",2022,3705384.0
53041,"Lewis, WA",2023,3617900.0
53041,"Lewis, WA",2024,3869765.0
53043,"Lincoln, WA",2019,443101.0
53043,"Lincoln, WA",2020,488983.0
53043,"Lincoln, WA",2021,482547.0
53043,"Lincoln, WA",2022,578992.0
53043,"Lincoln, WA",2023,400551.0
53043,"Lincoln, WA",2024,496467.0
53045,"Mason, WA",2019,1637877.0
53045,"Mason, WA",2020,1596120.0
53045,"Mason, WA",2021,1677896.0
53045,"Mason, WA",2022,1722419.0
53045,"Mason, WA",2023,1792820.0
53045,"Mason, WA",2024,1889628.0
53047,"Okanogan, WA",2019,1401650.0
53047,"Okanogan, WA",2020,1467565.0
53047,"Okanogan, WA",2021,1489287.0
53047,"Okanogan, WA",2022,1437217.0
53047,"Okanogan, WA",2023,1737346.0
53047,"Okanogan, WA",2024,1844474.0
53049,"Pacific, WA",2019,731670.0
53049,"Pacific, WA",2020,733738.0
53049,"Pacific, WA",2021,756450.0
53049,"Pacific, WA",2022,767035.0
53049,"Pacific, WA",2023,749918.0
53049,"Pacific, WA",2024,787061.0
53051,"Pend Oreille, WA",2019,570368.0
53051,"Pend Oreille, WA",2020,485534.0
53051,"Pend Oreille, WA",2021,498143.0
53051,"Pend Oreille, WA",2022,552727.0
53051,"Pend Oreille, WA",2023,558703.0
53051,"Pend Oreille, WA",2024,594499.0
53053,"Pierce, WA",2019,44550578.0
53053,"Pierce, WA",2020,44839320.0
53053,"Pierce, WA",2021,47319792.0
53053,"Pierce, WA",2022,48207929.0
53053,"Pierce, WA",2023,48758438.0
53053,"Pierce, WA",2024,50061822.0
53055,"San Juan, WA",2020,781572.0
53055,"San Juan, WA",2021,874322.0
53055,"San Juan, WA",2022,918965.0
53055,"San Juan, WA",2023,938168.0
53055,"San Juan, WA",2024,948762.0
53055,"San Juan, WA",2019,783979.0
53057,"Skagit, WA",2019,6686473.0
53057,"Skagit, WA",2020,6677173.0
53057,"Skagit, WA",2021,6517934.0
53057,"Skagit, WA",2022,6503870.0
53057,"Skagit, WA",2023,6577017.0
53057,"Skagit, WA",2024,7177856.0
53059,"Skamania, WA",2019,269703.0
53059,"Skamania, WA",2020,271677.0
53059,"Skamania, WA",2021,294772.0
53059,"Skamania, WA",2022,317364.0
53059,"Skamania, WA",2023,322253.0
53059,"Skamania, WA",2024,328555.0
53061,"Snohomish, WA",2019,51878459.0
53061,"Snohomish, WA",2020,44652675.0
53061,"Snohomish, WA",2021,45511318.0
53061,"Snohomish, WA",2022,46674106.0
53061,"Snohomish, WA",2023,49056656.0
53061,"Snohomish, WA",2024,49915375.0
53063,"Spokane, WA",2019,26468981.0
53063,"Spokane, WA",2020,26621326.0
53063,"Spokane, WA",2021,28827954.0
53063,"Spokane, WA",2022,29749736.0
53063,"Spokane, WA",2023,30362011.0
53063,"Spokane, WA",2024,31291275.0
53065,"Stevens, WA",2019,1096328.0
53065,"Stevens, WA",2020,1091924.0
53065,"Stevens, WA",2021,1146694.0
53065,"Stevens, WA",2022,1226175.0
53065,"Stevens, WA",2023,1252699.0
53065,"Stevens, WA",2024,1335970.0
53067,"Thurston, WA",2019,14069568.0
53067,"Thurston, WA",2020,13769883.0
53067,"Thurston, WA",2021,14783671.0
53067,"Thurston, WA",2022,15824866.0
53067,"Thurston, WA",2023,16063896.0
53067,"Thurston, WA",2024,16900081.0
53069,"Wahkiakum, WA",2019,92173.0
53069,"Wahkiakum, WA",2020,100508.0
53069,"Wahkiakum, WA",2021,98939.0
53069,"Wahkiakum, WA",2022,105633.0
53069,"Wahkiakum, WA",2023,106956.0
53069,"Wahkiakum, WA",2024,105055.0
53071,"Walla Walla, WA",2019,3468184.0
53071,"Walla Walla, WA",2020,3243128.0
53071,"Walla Walla, WA",2021,3322267.0
53071,"Walla Walla, WA",2022,3390674.0
53071,"Walla Walla, WA",2023,3458946.0
53071,"Walla Walla, WA",2024,3534101.0
53073,"Whatcom, WA",2019,13672902.0
53073,"Whatcom, WA",2020,14319504.0
53073,"Whatcom, WA",2021,14727519.0
53073,"Whatcom, WA",2022,14032240.0
53073,"Whatcom, WA",2023,14630838.0
53073,"Whatcom, WA",2024,15565102.0
53075,"Whitman, WA",2019,2599344.0
53075,"Whitman, WA",2020,2563159.0
53075,"Whitman, WA",2021,2624937.0
53075,"Whitman, WA",2022,2751338.0
53075,"Whitman, WA",2023,2430568.0
53075,"Whitman, WA",2024,2483770.0
53077,"Yakima, WA",2019,10709021.0
53077,"Yakima, WA",2020,10560201.0
53077,"Yakima, WA",2021,10727907.0
53077,"Yakima, WA",2022,10450002.0
53077,"Yakima, WA",2023,10277838.0
53077,"Yakima, WA",2024,10144203.0
54001,"Barbour, WV",2019,398836.0
54001,"Barbour, WV",2020,386271.0
54001,"Barbour, WV",2021,390213.0
54001,"Barbour, WV",2022,500304.0
54001,"Barbour, WV",2023,541953.0
54001,"Barbour, WV",2024,567910.0
54003,"Berkeley, WV",2019,4059265.0
54003,"Berkeley, WV",2020,4008518.0
54003,"Berkeley, WV",2021,4169653.0
54003,"Berkeley, WV",2022,4252134.0
54003,"Berkeley, WV",2023,4442794.0
54003,"Berkeley, WV",2024,4687464.0
54005,"Boone, WV",2019,642207.0
54005,"Boone, WV",2020,580349.0
54005,"Boone, WV",2021,608731.0
54005,"Boone, WV",2022,630573.0
54005,"Boone, WV",2023,607767.0
54005,"Boone, WV",2024,804174.0
54007,"Braxton, WV",2019,325392.0
54007,"Braxton, WV",2020,319690.0
54007,"Braxton, WV",2021,291877.0
54007,"Braxton, WV",2022,293484.0
54007,"Braxton, WV",2023,308277.0
54007,"Braxton, WV",2024,321673.0
54009,"Brooke, WV",2019,950564.0
54009,"Brooke, WV",2020,989540.0
54009,"Brooke, WV",2021,995673.0
54009,"Brooke, WV",2022,879919.0
54009,"Brooke, WV",2023,959807.0
54009,"Brooke, WV",2024,985840.0
54011,"Cabell, WV",2019,5006808.0
54011,"Cabell, WV",2020,4799612.0
54011,"Cabell, WV",2021,4869822.0
54011,"Cabell, WV",2022,4933223.0
54011,"Cabell, WV",2023,5129736.0
54011,"Cabell, WV",2024,5313364.0
54013,"Calhoun, WV",2019,118185.0
54013,"Calhoun, WV",2020,114831.0
54013,"Calhoun, WV",2021,118654.0
54013,"Calhoun, WV",2022,111813.0
54013,"Calhoun, WV",2023,123010.0
54013,"Calhoun, WV",2024,117201.0
54015,"Clay, WV",2019,127686.0
54015,"Clay, WV",2020,121840.0
54015,"Clay, WV",2021,124900.0
54015,"Clay, WV",2022,107547.0
54015,"Clay, WV",2023,157669.0
54015,"Clay, WV",2024,166509.0
54017,"Doddridge, WV",2019,678135.0
54017,"Doddridge, WV",2020,805307.0
54017,"Doddridge, WV",2021,597737.0
54017,"Doddridge, WV",2022,524430.0
54017,"Doddridge, WV",2023,651516.0
54017,"Doddridge, WV",2024,598316.0
54019,"Fayette, WV",2019,1093043.0
54019,"Fayette, WV",2020,994568.0
54019,"Fayette, WV",2021,1025649.0
54019,"Fayette, WV",2022,1097198.0
54019,"Fayette, WV",2023,1157009.0
54019,"Fayette, WV",2024,1206603.0
54021,"Gilmer, WV",2019,178837.0
54021,"Gilmer, WV",2020,179314.0
54021,"Gilmer, WV",2021,174458.0
54021,"Gilmer, WV",2022,167329.0
54021,"Gilmer, WV",2023,179519.0
54021,"Gilmer, WV",2024,182242.0
54023,"Grant, WV",2019,442276.0
54023,"Grant, WV",2020,466522.0
54023,"Grant, WV",2021,451038.0
54023,"Grant, WV",2022,466390.0
54023,"Grant, WV",2023,447223.0
54023,"Grant, WV",2024,471794.0
54025,"Greenbrier, WV",2019,1197888.0
54025,"Greenbrier, WV",2020,1144262.0
54025,"Greenbrier, WV",2021,1130916.0
54025,"Greenbrier, WV",2022,1134523.0
54025,"Greenbrier, WV",2023,1146625.0
54025,"Greenbrier, WV",2024,1126193.0
54027,"Hampshire, WV",2019,450152.0
54027,"Hampshire, WV",2020,449803.0
54027,"Hampshire, WV",2021,454099.0
54027,"Hampshire, WV",2022,407550.0
54027,"Hampshire, WV",2023,404656.0
54027,"Hampshire, WV",2024,434889.0
54029,"Hancock, WV",2019,1054990.0
54029,"Hancock, WV",2020,1004196.0
54029,"Hancock, WV",2021,937107.0
54029,"Hancock, WV",2022,944935.0
54029,"Hancock, WV",2023,953266.0
54029,"Hancock, WV",2024,988648.0
54031,"Hardy, WV",2019,555250.0
54031,"Hardy, WV",2020,596376.0
54031,"Hardy, WV",2021,747862.0
54031,"Hardy, WV",2022,766634.0
54031,"Hardy, WV",2023,768988.0
54031,"Hardy, WV",2024,765693.0
54033,"Harrison, WV",2019,4459732.0
54033,"Harrison, WV",2020,4336315.0
54033,"Harrison, WV",2021,4375050.0
54033,"Harrison, WV",2022,4427765.0
54033,"Harrison, WV",2023,4778045.0
54033,"Harrison, WV",2024,4784228.0
54035,"Jackson, WV",2019,999624.0
54035,"Jackson, WV",2020,919039.0
54035,"Jackson, WV",2021,819496.0
54035,"Jackson, WV",2022,816364.0
54035,"Jackson, WV",2023,950583.0
54035,"Jackson, WV",2024,882243.0
54037,"Jefferson, WV",2019,1849361.0
54037,"Jefferson, WV",2020,1759524.0
54037,"Jefferson, WV",2021,1883823.0
54037,"Jefferson, WV",2022,1917090.0
54037,"Jefferson, WV",2023,2114269.0
54037,"Jefferson, WV",2024,2356263.0
54039,"Kanawha, WV",2019,10882460.0
54039,"Kanawha, WV",2020,10250341.0
54039,"Kanawha, WV",2021,10692024.0
54039,"Kanawha, WV",2022,10930763.0
54039,"Kanawha, WV",2023,11214807.0
54039,"Kanawha, WV",2024,11439241.0
54041,"Lewis, WV",2019,697862.0
54041,"Lewis, WV",2020,557739.0
54041,"Lewis, WV",2021,537807.0
54041,"Lewis, WV",2022,538899.0
54041,"Lewis, WV",2023,559279.0
54041,"Lewis, WV",2024,572871.0
54043,"Lincoln, WV",2019,252384.0
54043,"Lincoln, WV",2020,234813.0
54043,"Lincoln, WV",2021,247693.0
54043,"Lincoln, WV",2022,218501.0
54043,"Lincoln, WV",2023,251538.0
54043,"Lincoln, WV",2024,264891.0
54045,"Logan, WV",2019,1288946.0
54045,"Logan, WV",2020,1118319.0
54045,"Logan, WV",2021,1261055.0
54045,"Logan, WV",2022,1423157.0
54045,"Logan, WV",2023,1414540.0
54045,"Logan, WV",2024,1499937.0
54047,"McDowell, WV",2019,571772.0
54047,"McDowell, WV",2020,524861.0
54047,"McDowell, WV",2021,509139.0
54047,"McDowell, WV",2022,543183.0
54047,"McDowell, WV",2023,525634.0
54047,"McDowell, WV",2024,533902.0
54049,"Marion, WV",2019,2307481.0
54049,"Marion, WV",2020,1964731.0
54049,"Marion, WV",2021,2090848.0
54049,"Marion, WV",2022,2262147.0
54049,"Marion, WV",2023,2218640.0
54049,"Marion, WV",2024,2319464.0
54051,"Marshall, WV",2019,2672762.0
54051,"Marshall, WV",2020,2619645.0
54051,"Marshall, WV",2021,2609602.0
54051,"Marshall, WV",2022,2624124.0
54051,"Marshall, WV",2023,2593999.0
54051,"Marshall, WV",2024,2692990.0
54053,"Mason, WV",2019,800021.0
54053,"Mason, WV",2020,763973.0
54053,"Mason, WV",2021,774154.0
54053,"Mason, WV",2022,706775.0
54053,"Mason, WV",2023,781059.0
54053,"Mason, WV",2024,856490.0
54055,"Mercer, WV",2019,1738803.0
54055,"Mercer, WV",2020,1644915.0
54055,"Mercer, WV",2021,1687414.0
54055,"Mercer, WV",2022,1721090.0
54055,"Mercer, WV",2023,1780791.0
54055,"Mercer, WV",2024,1794791.0
54057,"Mineral, WV",2019,802909.0
54057,"Mineral, WV",2020,843743.0
54057,"Mineral, WV",2021,882213.0
54057,"Mineral, WV",2022,857478.0
54057,"Mineral, WV",2023,849037.0
54057,"Mineral, WV",2024,885980.0
54059,"Mingo, WV",2019,661331.0
54059,"Mingo, WV",2020,496667.0
54059,"Mingo, WV",2021,448451.0
54059,"Mingo, WV",2022,591063.0
54059,"Mingo, WV",2023,667839.0
54059,"Mingo, WV",2024,713683.0
54061,"Monongalia, WV",2019,6892951.0
54061,"Monongalia, WV",2020,6856184.0
54061,"Monongalia, WV",2021,7101231.0
54061,"Monongalia, WV",2022,7216717.0
54061,"Monongalia, WV",2023,7306311.0
54061,"Monongalia, WV",2024,7455591.0
54063,"Monroe, WV",2019,197488.0
54063,"Monroe, WV",2020,229532.0
54063,"Monroe, WV",2021,216924.0
54063,"Monroe, WV",2022,233572.0
54063,"Monroe, WV",2023,232409.0
54063,"Monroe, WV",2024,244421.0
54065,"Morgan, WV",2019,354102.0
54065,"Morgan, WV",2020,331995.0
54065,"Morgan, WV",2021,347396.0
54065,"Morgan, WV",2022,296478.0
54065,"Morgan, WV",2023,314851.0
54065,"Morgan, WV",2024,313139.0
54067,"Nicholas, WV",2019,641073.0
54067,"Nicholas, WV",2020,635221.0
54067,"Nicholas, WV",2021,615951.0
54067,"Nicholas, WV",2022,639294.0
54067,"Nicholas, WV",2023,674540.0
54067,"Nicholas, WV",2024,663384.0
54069,"Ohio, WV",2019,3729542.0
54069,"Ohio, WV",2020,3470318.0
54069,"Ohio, WV",2021,3529204.0
54069,"Ohio, WV",2022,3641293.0
54069,"Ohio, WV",2023,3699758.0
54069,"Ohio, WV",2024,3808917.0
54071,"Pendleton, WV",2019,151381.0
54071,"Pendleton, WV",2020,145899.0
54071,"Pendleton, WV",2021,154710.0
54071,"Pendleton, WV",2022,212974.0
54071,"Pendleton, WV",2023,160602.0
54071,"Pendleton, WV",2024,179153.0
54073,"Pleasants, WV",2019,484195.0
54073,"Pleasants, WV",2020,471608.0
54073,"Pleasants, WV",2021,511478.0
54073,"Pleasants, WV",2022,559357.0
54073,"Pleasants, WV",2023,554815.0
54073,"Pleasants, WV",2024,451425.0
54075,"Pocahontas, WV",2019,277889.0
54075,"Pocahontas, WV",2020,279395.0
54075,"Pocahontas, WV",2021,270545.0
54075,"Pocahontas, WV",2022,266658.0
54075,"Pocahontas, WV",2023,268909.0
54075,"Pocahontas, WV",2024,268962.0
54077,"Preston, WV",2019,766984.0
54077,"Preston, WV",2020,748005.0
54077,"Preston, WV",2021,777232.0
54077,"Preston, WV",2022,739263.0
54077,"Preston, WV",2023,744563.0
54077,"Preston, WV",2024,766168.0
54079,"Putnam, WV",2019,2934510.0
54079,"Putnam, WV",2020,2830020.0
54079,"Putnam, WV",2021,2855008.0
54079,"Putnam, WV",2022,2870432.0
54079,"Putnam, WV",2023,2899031.0
54079,"Putnam, WV",2024,3101871.0
54081,"Raleigh, WV",2019,3101053.0
54081,"Raleigh, WV",2020,2937798.0
54081,"Raleigh, WV",2021,3057756.0
54081,"Raleigh, WV",2022,3187565.0
54081,"Raleigh, WV",2023,3300274.0
54081,"Raleigh, WV",2024,3427406.0
54083,"Randolph, WV",2019,936860.0
54083,"Randolph, WV",2020,891010.0
54083,"Randolph, WV",2021,863976.0
54083,"Randolph, WV",2022,857687.0
54083,"Randolph, WV",2023,855640.0
54083,"Randolph, WV",2024,867254.0
54085,"Ritchie, WV",2019,668319.0
54085,"Ritchie, WV",2020,740069.0
54085,"Ritchie, WV",2021,638566.0
54085,"Ritchie, WV",2022,582448.0
54085,"Ritchie, WV",2023,658890.0
54085,"Ritchie, WV",2024,642697.0
54087,"Roane, WV",2019,304732.0
54087,"Roane, WV",2020,302200.0
54087,"Roane, WV",2021,294331.0
54087,"Roane, WV",2022,299118.0
54087,"Roane, WV",2023,296441.0
54087,"Roane, WV",2024,296389.0
54089,"Summers, WV",2019,214670.0
54089,"Summers, WV",2020,210149.0
54089,"Summers, WV",2021,206474.0
54089,"Summers, WV",2022,212467.0
54089,"Summers, WV",2023,218902.0
54089,"Summers, WV",2024,207761.0
54091,"Taylor, WV",2019,525823.0
54091,"Taylor, WV",2020,567739.0
54091,"Taylor, WV",2021,557895.0
54091,"Taylor, WV",2022,580496.0
54091,"Taylor, WV",2023,576776.0
54091,"Taylor, WV",2024,601330.0
54093,"Tucker, WV",2019,311329.0
54093,"Tucker, WV",2020,308339.0
54093,"Tucker, WV",2021,302908.0
54093,"Tucker, WV",2022,327318.0
54093,"Tucker, WV",2023,284357.0
54093,"Tucker, WV",2024,294178.0
54095,"Tyler, WV",2019,800203.0
54095,"Tyler, WV",2020,1171316.0
54095,"Tyler, WV",2021,1182014.0
54095,"Tyler, WV",2022,1100880.0
54095,"Tyler, WV",2023,1339863.0
54095,"Tyler, WV",2024,1253477.0
54097,"Upshur, WV",2019,744774.0
54097,"Upshur, WV",2020,711784.0
54097,"Upshur, WV",2021,700037.0
54097,"Upshur, WV",2022,711074.0
54097,"Upshur, WV",2023,782678.0
54097,"Upshur, WV",2024,807823.0
54099,"Wayne, WV",2019,1034037.0
54099,"Wayne, WV",2020,958932.0
54099,"Wayne, WV",2021,978981.0
54099,"Wayne, WV",2022,935222.0
54099,"Wayne, WV",2023,1003440.0
54099,"Wayne, WV",2024,1050709.0
54101,"Webster, WV",2019,159168.0
54101,"Webster, WV",2020,152819.0
54101,"Webster, WV",2021,138300.0
54101,"Webster, WV",2022,134315.0
54101,"Webster, WV",2023,137955.0
54101,"Webster, WV",2024,134897.0
54103,"Wetzel, WV",2019,602903.0
54103,"Wetzel, WV",2020,883676.0
54103,"Wetzel, WV",2021,906164.0
54103,"Wetzel, WV",2022,989673.0
54103,"Wetzel, WV",2023,1012174.0
54103,"Wetzel, WV",2024,1036788.0
54105,"Wirt, WV",2019,65693.0
54105,"Wirt, WV",2020,65234.0
54105,"Wirt, WV",2021,86571.0
54105,"Wirt, WV",2022,68915.0
54105,"Wirt, WV",2023,80941.0
54105,"Wirt, WV",2024,72929.0
54107,"Wood, WV",2019,3482980.0
54107,"Wood, WV",2020,3470906.0
54107,"Wood, WV",2021,3601392.0
54107,"Wood, WV",2022,3590920.0
54107,"Wood, WV",2023,3660317.0
54107,"Wood, WV",2024,3744336.0
54109,"Wyoming, WV",2019,517140.0
54109,"Wyoming, WV",2020,524264.0
54109,"Wyoming, WV",2021,560949.0
54109,"Wyoming, WV",2022,707444.0
54109,"Wyoming, WV",2023,720827.0
54109,"Wyoming, WV",2024,754138.0
55001,"Adams, WI",2019,570578.0
55001,"Adams, WI",2020,587931.0
55001,"Adams, WI",2021,577910.0
55001,"Adams, WI",2022,564996.0
55001,"Adams, WI",2023,562761.0
55001,"Adams, WI",2024,575023.0
55003,"Ashland, WI",2019,735002.0
55003,"Ashland, WI",2020,693022.0
55003,"Ashland, WI",2021,686528.0
55003,"Ashland, WI",2022,694129.0
55003,"Ashland, WI",2023,694839.0
55003,"Ashland, WI",2024,707159.0
55005,"Barron, WI",2019,2083487.0
55005,"Barron, WI",2020,2065055.0
55005,"Barron, WI",2021,2113452.0
55005,"Barron, WI",2022,2237961.0
55005,"Barron, WI",2023,2249935.0
55005,"Barron, WI",2024,2308208.0
55007,"Bayfield, WI",2019,445256.0
55007,"Bayfield, WI",2020,413323.0
55007,"Bayfield, WI",2021,429738.0
55007,"Bayfield, WI",2022,433850.0
55007,"Bayfield, WI",2023,443983.0
55007,"Bayfield, WI",2024,448328.0
55009,"Brown, WI",2019,18833770.0
55009,"Brown, WI",2020,18452704.0
55009,"Brown, WI",2021,18767624.0
55009,"Brown, WI",2022,19169946.0
55009,"Brown, WI",2023,19496995.0
55009,"Brown, WI",2024,20129247.0
55011,"Buffalo, WI",2019,476873.0
55011,"Buffalo, WI",2020,517132.0
55011,"Buffalo, WI",2021,534319.0
55011,"Buffalo, WI",2022,597812.0
55011,"Buffalo, WI",2023,552190.0
55011,"Buffalo, WI",2024,553498.0
55013,"Burnett, WI",2019,536004.0
55013,"Burnett, WI",2020,510551.0
55013,"Burnett, WI",2021,516537.0
55013,"Burnett, WI",2022,541862.0
55013,"Burnett, WI",2023,557702.0
55013,"Burnett, WI",2024,564328.0
55015,"Calumet, WI",2019,1572458.0
55015,"Calumet, WI",2020,1549770.0
55015,"Calumet, WI",2021,1646433.0
55015,"Calumet, WI",2022,1688692.0
55015,"Calumet, WI",2023,1712943.0
55015,"Calumet, WI",2024,1734366.0
55017,"Chippewa, WI",2019,2806402.0
55017,"Chippewa, WI",2020,2718656.0
55017,"Chippewa, WI",2021,2786630.0
55017,"Chippewa, WI",2022,2775081.0
55017,"Chippewa, WI",2023,2882571.0
55017,"Chippewa, WI",2024,2941431.0
55019,"Clark, WI",2019,1418725.0
55019,"Clark, WI",2020,1337288.0
55019,"Clark, WI",2021,1322921.0
55019,"Clark, WI",2022,1333275.0
55019,"Clark, WI",2023,1310677.0
55019,"Clark, WI",2024,1443171.0
55021,"Columbia, WI",2019,2810246.0
55021,"Columbia, WI",2020,2763911.0
55021,"Columbia, WI",2021,2858706.0
55021,"Columbia, WI",2022,2886008.0
55021,"Columbia, WI",2023,3166005.0
55021,"Columbia, WI",2024,3179302.0
55023,"Crawford, WI",2019,719917.0
55023,"Crawford, WI",2020,707657.0
55023,"Crawford, WI",2021,714056.0
55023,"Crawford, WI",2022,685231.0
55023,"Crawford, WI",2023,687272.0
55023,"Crawford, WI",2024,671840.0
55025,"Dane, WI",2019,44817514.0
55025,"Dane, WI",2020,44004098.0
55025,"Dane, WI",2021,46520550.0
55025,"Dane, WI",2022,48473222.0
55025,"Dane, WI",2023,49811578.0
55025,"Dane, WI",2024,51263648.0
55027,"Dodge, WI",2019,3682446.0
55027,"Dodge, WI",2020,3588045.0
55027,"Dodge, WI",2021,3768908.0
55027,"Dodge, WI",2022,3825068.0
55027,"Dodge, WI",2023,3762679.0
55027,"Dodge, WI",2024,3797710.0
55029,"Door, WI",2019,1325159.0
55029,"Door, WI",2020,1294462.0
55029,"Door, WI",2021,1385088.0
55029,"Door, WI",2022,1440729.0
55029,"Door, WI",2023,1439149.0
55029,"Door, WI",2024,1501108.0
55031,"Douglas, WI",2019,1796033.0
55031,"Douglas, WI",2020,1756163.0
55031,"Douglas, WI",2021,1762774.0
55031,"Douglas, WI",2022,1769299.0
55031,"Douglas, WI",2023,1772456.0
55031,"Douglas, WI",2024,1782817.0
55033,"Dunn, WI",2019,1832526.0
55033,"Dunn, WI",2020,1840085.0
55033,"Dunn, WI",2021,1896692.0
55033,"Dunn, WI",2022,1839911.0
55033,"Dunn, WI",2023,1887465.0
55033,"Dunn, WI",2024,1926218.0
55035,"Eau Claire, WI",2019,6520529.0
55035,"Eau Claire, WI",2020,6125331.0
55035,"Eau Claire, WI",2021,6353338.0
55035,"Eau Claire, WI",2022,6556987.0
55035,"Eau Claire, WI",2023,6613796.0
55035,"Eau Claire, WI",2024,6730548.0
55037,"Florence, WI",2019,130491.0
55037,"Florence, WI",2020,117317.0
55037,"Florence, WI",2021,126406.0
55037,"Florence, WI",2022,121409.0
55037,"Florence, WI",2023,128701.0
55037,"Florence, WI",2024,128601.0
55039,"Fond du Lac, WI",2019,5269900.0
55039,"Fond du Lac, WI",2020,5025314.0
55039,"Fond du Lac, WI",2021,5175873.0
55039,"Fond du Lac, WI",2022,5237078.0
55039,"Fond du Lac, WI",2023,5127744.0
55039,"Fond du Lac, WI",2024,5112557.0
55041,"Forest, WI",2019,316284.0
55041,"Forest, WI",2020,299477.0
55041,"Forest, WI",2021,295407.0
55041,"Forest, WI",2022,311503.0
55041,"Forest, WI",2023,325492.0
55041,"Forest, WI",2024,329836.0
55043,"Grant, WI",2019,2271963.0
55043,"Grant, WI",2020,2162877.0
55043,"Grant, WI",2021,2216616.0
55043,"Grant, WI",2022,2175738.0
55043,"Grant, WI",2023,2301612.0
55043,"Grant, WI",2024,2341197.0
55045,"Green, WI",2019,1843102.0
55045,"Green, WI",2020,1727150.0
55045,"Green, WI",2021,1843630.0
55045,"Green, WI",2022,1896353.0
55045,"Green, WI",2023,1980788.0
55045,"Green, WI",2024,2010594.0
55047,"Green Lake, WI",2019,639952.0
55047,"Green Lake, WI",2020,615173.0
55047,"Green Lake, WI",2021,644121.0
55047,"Green Lake, WI",2022,642354.0
55047,"Green Lake, WI",2023,673402.0
55047,"Green Lake, WI",2024,688885.0
55049,"Iowa, WI",2019,1135576.0
55049,"Iowa, WI",2020,1089538.0
55049,"Iowa, WI",2021,1142437.0
55049,"Iowa, WI",2022,1165262.0
55049,"Iowa, WI",2023,1207653.0
55049,"Iowa, WI",2024,1233166.0
55051,"Iron, WI",2019,180736.0
55051,"Iron, WI",2020,167502.0
55051,"Iron, WI",2021,167140.0
55051,"Iron, WI",2022,166523.0
55051,"Iron, WI",2023,172702.0
55051,"Iron, WI",2024,176755.0
55053,"Jackson, WI",2019,861182.0
55053,"Jackson, WI",2020,816491.0
55053,"Jackson, WI",2021,823382.0
55053,"Jackson, WI",2022,828615.0
55053,"Jackson, WI",2023,800810.0
55053,"Jackson, WI",2024,1017966.0
55055,"Jefferson, WI",2019,3524014.0
55055,"Jefferson, WI",2020,3425607.0
55055,"Jefferson, WI",2021,3647038.0
55055,"Jefferson, WI",2022,3739402.0
55055,"Jefferson, WI",2023,3680269.0
55055,"Jefferson, WI",2024,3791498.0
55057,"Juneau, WI",2019,936349.0
55057,"Juneau, WI",2020,901131.0
55057,"Juneau, WI",2021,936361.0
55057,"Juneau, WI",2022,926763.0
55057,"Juneau, WI",2023,920714.0
55057,"Juneau, WI",2024,921297.0
55059,"Kenosha, WI",2019,7191606.0
55059,"Kenosha, WI",2020,7268029.0
55059,"Kenosha, WI",2021,7639418.0
55059,"Kenosha, WI",2022,7697824.0
55059,"Kenosha, WI",2023,7790396.0
55059,"Kenosha, WI",2024,7957347.0
55061,"Kewaunee, WI",2019,858280.0
55061,"Kewaunee, WI",2020,752773.0
55061,"Kewaunee, WI",2021,742423.0
55061,"Kewaunee, WI",2022,729412.0
55061,"Kewaunee, WI",2023,678139.0
55061,"Kewaunee, WI",2024,795823.0
55063,"La Crosse, WI",2019,7673156.0
55063,"La Crosse, WI",2020,7357079.0
55063,"La Crosse, WI",2021,7535893.0
55063,"La Crosse, WI",2022,7470081.0
55063,"La Crosse, WI",2023,7545298.0
55063,"La Crosse, WI",2024,7638491.0
55065,"Lafayette, WI",2019,586015.0
55065,"Lafayette, WI",2020,590919.0
55065,"Lafayette, WI",2021,599829.0
55065,"Lafayette, WI",2022,611934.0
55065,"Lafayette, WI",2023,675587.0
55065,"Lafayette, WI",2024,695373.0
55067,"Langlade, WI",2019,725110.0
55067,"Langlade, WI",2020,734078.0
55067,"Langlade, WI",2021,711215.0
55067,"Langlade, WI",2022,692123.0
55067,"Langlade, WI",2023,740519.0
55067,"Langlade, WI",2024,758734.0
55069,"Lincoln, WI",2019,1388043.0
55069,"Lincoln, WI",2020,1345009.0
55069,"Lincoln, WI",2021,1323281.0
55069,"Lincoln, WI",2022,1329662.0
55069,"Lincoln, WI",2023,1384845.0
55069,"Lincoln, WI",2024,1352384.0
55071,"Manitowoc, WI",2019,3980173.0
55071,"Manitowoc, WI",2020,3883634.0
55071,"Manitowoc, WI",2021,3932242.0
55071,"Manitowoc, WI",2022,4058769.0
55071,"Manitowoc, WI",2023,3997499.0
55071,"Manitowoc, WI",2024,4117466.0
55073,"Marathon, WI",2019,8974136.0
55073,"Marathon, WI",2020,8515356.0
55073,"Marathon, WI",2021,8790320.0
55073,"Marathon, WI",2022,8926704.0
55073,"Marathon, WI",2023,8910174.0
55073,"Marathon, WI",2024,9131392.0
55075,"Marinette, WI",2019,1983110.0
55075,"Marinette, WI",2020,1906460.0
55075,"Marinette, WI",2021,1927595.0
55075,"Marinette, WI",2022,1917916.0
55075,"Marinette, WI",2023,1925253.0
55075,"Marinette, WI",2024,1923018.0
55077,"Marquette, WI",2019,429328.0
55077,"Marquette, WI",2020,415624.0
55077,"Marquette, WI",2021,430075.0
55077,"Marquette, WI",2022,431582.0
55077,"Marquette, WI",2023,441890.0
55077,"Marquette, WI",2024,456237.0
55078,"Menominee, WI",2019,160075.0
55078,"Menominee, WI",2020,146998.0
55078,"Menominee, WI",2021,167282.0
55078,"Menominee, WI",2022,167155.0
55078,"Menominee, WI",2023,168903.0
55078,"Menominee, WI",2024,171659.0
55079,"Milwaukee, WI",2019,59198823.0
55079,"Milwaukee, WI",2020,56829533.0
55079,"Milwaukee, WI",2021,59134462.0
55079,"Milwaukee, WI",2022,60969689.0
55079,"Milwaukee, WI",2023,61572363.0
55079,"Milwaukee, WI",2024,62656414.0
55081,"Monroe, WI",2019,2311858.0
55081,"Monroe, WI",2020,2244760.0
55081,"Monroe, WI",2021,2300981.0
55081,"Monroe, WI",2022,2311263.0
55081,"Monroe, WI",2023,2290201.0
55081,"Monroe, WI",2024,2293726.0
55083,"Oconto, WI",2019,1030402.0
55083,"Oconto, WI",2020,1004592.0
55083,"Oconto, WI",2021,1035405.0
55083,"Oconto, WI",2022,997298.0
55083,"Oconto, WI",2023,1006025.0
55083,"Oconto, WI",2024,1027969.0
55085,"Oneida, WI",2019,1719746.0
55085,"Oneida, WI",2020,1728660.0
55085,"Oneida, WI",2021,1744807.0
55085,"Oneida, WI",2022,1780435.0
55085,"Oneida, WI",2023,1852899.0
55085,"Oneida, WI",2024,1887674.0
55087,"Outagamie, WI",2019,12986935.0
55087,"Outagamie, WI",2020,12395189.0
55087,"Outagamie, WI",2021,12652229.0
55087,"Outagamie, WI",2022,12800098.0
55087,"Outagamie, WI",2023,12974789.0
55087,"Outagamie, WI",2024,13229715.0
55089,"Ozaukee, WI",2019,5414851.0
55089,"Ozaukee, WI",2020,5150035.0
55089,"Ozaukee, WI",2021,5156795.0
55089,"Ozaukee, WI",2022,5397477.0
55089,"Ozaukee, WI",2023,5541930.0
55089,"Ozaukee, WI",2024,5528428.0
55091,"Pepin, WI",2019,257842.0
55091,"Pepin, WI",2020,274023.0
55091,"Pepin, WI",2021,288406.0
55091,"Pepin, WI",2022,289505.0
55091,"Pepin, WI",2023,282647.0
55091,"Pepin, WI",2024,286595.0
55093,"Pierce, WI",2019,1123281.0
55093,"Pierce, WI",2020,1148566.0
55093,"Pierce, WI",2021,1173457.0
55093,"Pierce, WI",2022,1197893.0
55093,"Pierce, WI",2023,1168324.0
55093,"Pierce, WI",2024,1179567.0
55095,"Polk, WI",2019,1553741.0
55095,"Polk, WI",2020,1563172.0
55095,"Polk, WI",2021,1578709.0
55095,"Polk, WI",2022,1619598.0
55095,"Polk, WI",2023,1649574.0
55095,"Polk, WI",2024,1653023.0
55097,"Portage, WI",2019,4265394.0
55097,"Portage, WI",2020,4036617.0
55097,"Portage, WI",2021,4158498.0
55097,"Portage, WI",2022,4272966.0
55097,"Portage, WI",2023,4461230.0
55097,"Portage, WI",2024,4572461.0
55099,"Price, WI",2019,608455.0
55099,"Price, WI",2020,571457.0
55099,"Price, WI",2021,564107.0
55099,"Price, WI",2022,570542.0
55099,"Price, WI",2023,577947.0
55099,"Price, WI",2024,560641.0
55101,"Racine, WI",2019,8267222.0
55101,"Racine, WI",2020,8361270.0
55101,"Racine, WI",2021,8483713.0
55101,"Racine, WI",2022,8522961.0
55101,"Racine, WI",2023,8916054.0
55101,"Racine, WI",2024,9100357.0
55103,"Richland, WI",2019,758702.0
55103,"Richland, WI",2020,697673.0
55103,"Richland, WI",2021,704596.0
55103,"Richland, WI",2022,706851.0
55103,"Richland, WI",2023,780897.0
55103,"Richland, WI",2024,791160.0
55105,"Rock, WI",2019,7495534.0
55105,"Rock, WI",2020,7469521.0
55105,"Rock, WI",2021,7693457.0
55105,"Rock, WI",2022,7996474.0
55105,"Rock, WI",2023,8303542.0
55105,"Rock, WI",2024,8437452.0
55107,"Rusk, WI",2019,544410.0
55107,"Rusk, WI",2020,540467.0
55107,"Rusk, WI",2021,513019.0
55107,"Rusk, WI",2022,532479.0
55107,"Rusk, WI",2023,532189.0
55107,"Rusk, WI",2024,540669.0
55109,"St. Croix, WI",2019,4005848.0
55109,"St. Croix, WI",2020,3991818.0
55109,"St. Croix, WI",2021,4179292.0
55109,"St. Croix, WI",2022,4231518.0
55109,"St. Croix, WI",2023,4359931.0
55109,"St. Croix, WI",2024,4453870.0
55111,"Sauk, WI",2019,3988644.0
55111,"Sauk, WI",2020,3755959.0
55111,"Sauk, WI",2021,4080096.0
55111,"Sauk, WI",2022,4034405.0
55111,"Sauk, WI",2023,4156082.0
55111,"Sauk, WI",2024,4215562.0
55113,"Sawyer, WI",2019,696281.0
55113,"Sawyer, WI",2020,677322.0
55113,"Sawyer, WI",2021,680015.0
55113,"Sawyer, WI",2022,705569.0
55113,"Sawyer, WI",2023,715453.0
55113,"Sawyer, WI",2024,735665.0
55115,"Shawano, WI",2019,1367277.0
55115,"Shawano, WI",2020,1328991.0
55115,"Shawano, WI",2021,1296879.0
55115,"Shawano, WI",2022,1249165.0
55115,"Shawano, WI",2023,1269605.0
55115,"Shawano, WI",2024,1341970.0
55117,"Sheboygan, WI",2019,6978712.0
55117,"Sheboygan, WI",2020,6866547.0
55117,"Sheboygan, WI",2021,6835927.0
55117,"Sheboygan, WI",2022,6822887.0
55117,"Sheboygan, WI",2023,6999044.0
55117,"Sheboygan, WI",2024,7211859.0
55119,"Taylor, WI",2019,854110.0
55119,"Taylor, WI",2020,851604.0
55119,"Taylor, WI",2021,814346.0
55119,"Taylor, WI",2022,790576.0
55119,"Taylor, WI",2023,797912.0
55119,"Taylor, WI",2024,830952.0
55121,"Trempealeau, WI",2019,1341403.0
55121,"Trempealeau, WI",2020,1278160.0
55121,"Trempealeau, WI",2021,1354731.0
55121,"Trempealeau, WI",2022,1404239.0
55121,"Trempealeau, WI",2023,1333757.0
55121,"Trempealeau, WI",2024,1418480.0
55123,"Vernon, WI",2019,1100934.0
55123,"Vernon, WI",2020,1125604.0
55123,"Vernon, WI",2021,1169760.0
55123,"Vernon, WI",2022,1145573.0
55123,"Vernon, WI",2023,1199567.0
55123,"Vernon, WI",2024,1213265.0
55125,"Vilas, WI",2019,919304.0
55125,"Vilas, WI",2020,884364.0
55125,"Vilas, WI",2021,870842.0
55125,"Vilas, WI",2022,928581.0
55125,"Vilas, WI",2023,1011888.0
55125,"Vilas, WI",2024,1026545.0
55127,"Walworth, WI",2019,4492361.0
55127,"Walworth, WI",2020,4349357.0
55127,"Walworth, WI",2021,4560348.0
55127,"Walworth, WI",2022,4653310.0
55127,"Walworth, WI",2023,4780980.0
55127,"Walworth, WI",2024,4858838.0
55129,"Washburn, WI",2019,604889.0
55129,"Washburn, WI",2020,577924.0
55129,"Washburn, WI",2021,591147.0
55129,"Washburn, WI",2022,599362.0
55129,"Washburn, WI",2023,615750.0
55129,"Washburn, WI",2024,618480.0
55131,"Washington, WI",2019,6809413.0
55131,"Washington, WI",2020,6372414.0
55131,"Washington, WI",2021,6633584.0
55131,"Washington, WI",2022,6860248.0
55131,"Washington, WI",2023,6839962.0
55131,"Washington, WI",2024,7001853.0
55133,"Waukesha, WI",2019,30897695.0
55133,"Waukesha, WI",2020,30395121.0
55133,"Waukesha, WI",2021,31608978.0
55133,"Waukesha, WI",2022,32321713.0
55133,"Waukesha, WI",2023,32529510.0
55133,"Waukesha, WI",2024,32895836.0
55135,"Waupaca, WI",2019,1984633.0
55135,"Waupaca, WI",2020,1912421.0
55135,"Waupaca, WI",2021,1912627.0
55135,"Waupaca, WI",2022,1888118.0
55135,"Waupaca, WI",2023,1939791.0
55135,"Waupaca, WI",2024,2009292.0
55137,"Waushara, WI",2019,666036.0
55137,"Waushara, WI",2020,624633.0
55137,"Waushara, WI",2021,664856.0
55137,"Waushara, WI",2022,658705.0
55137,"Waushara, WI",2023,669524.0
55137,"Waushara, WI",2024,704836.0
55139,"Winnebago, WI",2019,10844062.0
55139,"Winnebago, WI",2020,10708853.0
55139,"Winnebago, WI",2021,10967095.0
55139,"Winnebago, WI",2022,10917842.0
55139,"Winnebago, WI",2023,10850782.0
55139,"Winnebago, WI",2024,11107020.0
55141,"Wood, WI",2019,4143529.0
55141,"Wood, WI",2020,4126687.0
55141,"Wood, WI",2021,4027820.0
55141,"Wood, WI",2022,4043968.0
55141,"Wood, WI",2023,4065843.0
55141,"Wood, WI",2024,4107043.0
56001,"Albany, WY",2019,1508096.0
56001,"Albany, WY",2020,1536703.0
56001,"Albany, WY",2021,1560405.0
56001,"Albany, WY",2022,1607145.0
56001,"Albany, WY",2023,1810891.0
56001,"Albany, WY",2024,1848358.0
56003,"Big Horn, WY",2019,514965.0
56003,"Big Horn, WY",2020,491315.0
56003,"Big Horn, WY",2021,481787.0
56003,"Big Horn, WY",2022,501246.0
56003,"Big Horn, WY",2023,540761.0
56003,"Big Horn, WY",2024,569829.0
56005,"Campbell, WY",2019,5241253.0
56005,"Campbell, WY",2020,5249403.0
56005,"Campbell, WY",2021,4966229.0
56005,"Campbell, WY",2022,5290202.0
56005,"Campbell, WY",2023,5658531.0
56005,"Campbell, WY",2024,4918971.0
56007,"Carbon, WY",2019,1369118.0
56007,"Carbon, WY",2020,1133148.0
56007,"Carbon, WY",2021,1347793.0
56007,"Carbon, WY",2022,1297305.0
56007,"Carbon, WY",2023,1299615.0
56007,"Carbon, WY",2024,1450690.0
56009,"Converse, WY",2019,1753780.0
56009,"Converse, WY",2020,1521275.0
56009,"Converse, WY",2021,1301810.0
56009,"Converse, WY",2022,1326651.0
56009,"Converse, WY",2023,1651879.0
56009,"Converse, WY",2024,1721445.0
56011,"Crook, WY",2019,298658.0
56011,"Crook, WY",2020,321079.0
56011,"Crook, WY",2021,319005.0
56011,"Crook, WY",2022,348304.0
56011,"Crook, WY",2023,365794.0
56011,"Crook, WY",2024,344434.0
56013,"Fremont, WY",2019,1605088.0
56013,"Fremont, WY",2020,1560083.0
56013,"Fremont, WY",2021,1523613.0
56013,"Fremont, WY",2022,1558987.0
56013,"Fremont, WY",2023,1619691.0
56013,"Fremont, WY",2024,1655777.0
56015,"Goshen, WY",2019,484231.0
56015,"Goshen, WY",2020,455541.0
56015,"Goshen, WY",2021,467560.0
56015,"Goshen, WY",2022,436588.0
56015,"Goshen, WY",2023,499244.0
56015,"Goshen, WY",2024,454738.0
56017,"Hot Springs, WY",2019,218545.0
56017,"Hot Springs, WY",2020,279513.0
56017,"Hot Springs, WY",2021,272820.0
56017,"Hot Springs, WY",2022,268359.0
56017,"Hot Springs, WY",2023,244740.0
56017,"Hot Springs, WY",2024,246817.0
56019,"Johnson, WY",2019,387641.0
56019,"Johnson, WY",2020,398972.0
56019,"Johnson, WY",2021,404965.0
56019,"Johnson, WY",2022,411865.0
56019,"Johnson, WY",2023,439637.0
56019,"Johnson, WY",2024,450910.0
56021,"Laramie, WY",2019,5990637.0
56021,"Laramie, WY",2020,5685494.0
56021,"Laramie, WY",2021,6011479.0
56021,"Laramie, WY",2022,6047556.0
56021,"Laramie, WY",2023,6272579.0
56021,"Laramie, WY",2024,6649763.0
56023,"Lincoln, WY",2019,839058.0
56023,"Lincoln, WY",2020,853453.0
56023,"Lincoln, WY",2021,847500.0
56023,"Lincoln, WY",2022,904459.0
56023,"Lincoln, WY",2023,934339.0
56023,"Lincoln, WY",2024,979478.0
56025,"Natrona, WY",2019,5705706.0
56025,"Natrona, WY",2020,4959651.0
56025,"Natrona, WY",2021,4853152.0
56025,"Natrona, WY",2022,5076888.0
56025,"Natrona, WY",2023,5222789.0
56025,"Natrona, WY",2024,5299993.0
56027,"Niobrara, WY",2019,117410.0
56027,"Niobrara, WY",2020,128493.0
56027,"Niobrara, WY",2021,120702.0
56027,"Niobrara, WY",2022,104422.0
56027,"Niobrara, WY",2023,121265.0
56027,"Niobrara, WY",2024,132145.0
56029,"Park, WY",2019,1526472.0
56029,"Park, WY",2020,1375306.0
56029,"Park, WY",2021,1417315.0
56029,"Park, WY",2022,1511397.0
56029,"Park, WY",2023,1627756.0
56029,"Park, WY",2024,1703610.0
56031,"Platte, WY",2019,587333.0
56031,"Platte, WY",2020,550874.0
56031,"Platte, WY",2021,524050.0
56031,"Platte, WY",2022,501889.0
56031,"Platte, WY",2023,542235.0
56031,"Platte, WY",2024,503372.0
56033,"Sheridan, WY",2019,1451920.0
56033,"Sheridan, WY",2020,1327823.0
56033,"Sheridan, WY",2021,1454056.0
56033,"Sheridan, WY",2022,1552644.0
56033,"Sheridan, WY",2023,1717218.0
56033,"Sheridan, WY",2024,1791763.0
56035,"Sublette, WY",2019,1133937.0
56035,"Sublette, WY",2020,1056765.0
56035,"Sublette, WY",2021,964134.0
56035,"Sublette, WY",2022,825829.0
56035,"Sublette, WY",2023,853471.0
56035,"Sublette, WY",2024,779024.0
56037,"Sweetwater, WY",2019,3690032.0
56037,"Sweetwater, WY",2020,3418924.0
56037,"Sweetwater, WY",2021,3308998.0
56037,"Sweetwater, WY",2022,3174378.0
56037,"Sweetwater, WY",2023,3301845.0
56037,"Sweetwater, WY",2024,3043979.0
56039,"Teton, WY",2019,2621010.0
56039,"Teton, WY",2020,2713907.0
56039,"Teton, WY",2021,3557163.0
56039,"Teton, WY",2022,3491596.0
56039,"Teton, WY",2023,3640615.0
56039,"Teton, WY",2024,3741782.0
56041,"Uinta, WY",2019,882888.0
56041,"Uinta, WY",2020,786512.0
56041,"Uinta, WY",2021,807201.0
56041,"Uinta, WY",2022,841576.0
56041,"Uinta, WY",2023,847663.0
56041,"Uinta, WY",2024,859720.0
56043,"Washakie, WY",2019,345674.0
56043,"Washakie, WY",2020,345120.0
56043,"Washakie, WY",2021,344914.0
56043,"Washakie, WY",2022,340623.0
56043,"Washakie, WY",2023,349172.0
56043,"Washakie, WY",2024,344609.0
56045,"Weston, WY",2019,303539.0
56045,"Weston, WY",2020,286072.0
56045,"Weston, WY",2021,295787.0
56045,"Weston, WY",2022,296670.0
56045,"Weston, WY",2023,306766.0
56045,"Weston, WY",2024,337177.0
