geofips,geoname,metro_micro,year,per_capita_personal_income_usd,n_units,note
10100,"Aberdeen, SD",Micropolitan,2019,54190.0,2,
10100,"Aberdeen, SD",Micropolitan,2020,61640.0,2,
10100,"Aberdeen, SD",Micropolitan,2021,72445.0,2,
10100,"Aberdeen, SD",Micropolitan,2022,76262.0,2,
10100,"Aberdeen, SD",Micropolitan,2023,80778.0,2,
10100,"Aberdeen, SD",Micropolitan,2024,80588.0,2,
10140,"Aberdeen, WA",Micropolitan,2019,40470.0,1,
10140,"Aberdeen, WA",Micropolitan,2020,43613.0,1,
10140,"Aberdeen, WA",Micropolitan,2021,47072.0,1,
10140,"Aberdeen, WA",Micropolitan,2022,46977.0,1,
10140,"Aberdeen, WA",Micropolitan,2023,50155.0,1,
10140,"Aberdeen, WA",Micropolitan,2024,53029.0,1,
10180,"Abilene, TX",Metropolitan,2019,45049.0,3,
10180,"Abilene, TX",Metropolitan,2020,47875.0,3,
10180,"Abilene, TX",Metropolitan,2021,52118.0,3,
10180,"Abilene, TX",Metropolitan,2022,54326.0,3,
10180,"Abilene, TX",Metropolitan,2023,56571.0,3,
10180,"Abilene, TX",Metropolitan,2024,58923.0,3,
10220,"Ada, OK",Micropolitan,2019,45106.0,1,
10220,"Ada, OK",Micropolitan,2020,48095.0,1,
10220,"Ada, OK",Micropolitan,2021,51650.0,1,
10220,"Ada, OK",Micropolitan,2022,53239.0,1,
10220,"Ada, OK",Micropolitan,2023,56001.0,1,
10220,"Ada, OK",Micropolitan,2024,60182.0,1,
10300,"Adrian, MI",Micropolitan,2019,40119.0,1,
10300,"Adrian, MI",Micropolitan,2020,44165.0,1,
10300,"Adrian, MI",Micropolitan,2021,47826.0,1,
10300,"Adrian, MI",Micropolitan,2022,48526.0,1,
10300,"Adrian, MI",Micropolitan,2023,51181.0,1,
10300,"Adrian, MI",Micropolitan,2024,53030.0,1,
10420,"Akron, OH",Metropolitan,2019,50915.0,2,
10420,"Akron, OH",Metropolitan,2020,54383.0,2,
10420,"Akron, OH",Metropolitan,2021,59752.0,2,
10420,"Akron, OH",Metropolitan,2022,59373.0,2,
10420,"Akron, OH",Metropolitan,2023,62807.0,2,
10420,"Akron, OH",Metropolitan,2024,65766.0,2,
10460,"Alamogordo, NM",Micropolitan,2019,35102.0,1,
10460,"Alamogordo, NM",Micropolitan,2020,38887.0,1,
10460,"Alamogordo, NM",Micropolitan,2021,41925.0,1,
10460,"Alamogordo, NM",Micropolitan,2022,42411.0,1,
10460,"Alamogordo, NM",Micropolitan,2023,43627.0,1,
10460,"Alamogordo, NM",Micropolitan,2024,44665.0,1,
10480,"Alamosa, CO",Micropolitan,2019,37997.0,3,
10480,"Alamosa, CO",Micropolitan,2020,40677.0,3,
10480,"Alamosa, CO",Micropolitan,2021,44419.0,3,
10480,"Alamosa, CO",Micropolitan,2022,44155.0,3,
10480,"Alamosa, CO",Micropolitan,2023,46145.0,3,
10480,"Alamosa, CO",Micropolitan,2024,46457.0,3,
10500,"Albany, GA",Metropolitan,2019,37905.0,4,
10500,"Albany, GA",Metropolitan,2020,42142.0,4,
10500,"Albany, GA",Metropolitan,2021,47051.0,4,
10500,"Albany, GA",Metropolitan,2022,46657.0,4,
10500,"Albany, GA",Metropolitan,2023,48350.0,4,
10500,"Albany, GA",Metropolitan,2024,50619.0,4,
10540,"Albany, OR",Metropolitan,2019,44306.0,1,
10540,"Albany, OR",Metropolitan,2020,48103.0,1,
10540,"Albany, OR",Metropolitan,2021,52402.0,1,
10540,"Albany, OR",Metropolitan,2022,53933.0,1,
10540,"Albany, OR",Metropolitan,2023,57419.0,1,
10540,"Albany, OR",Metropolitan,2024,59976.0,1,
10580,"Albany-Schenectady-Troy, NY",Metropolitan,2019,58358.0,5,
10580,"Albany-Schenectady-Troy, NY",Metropolitan,2020,62723.0,5,
10580,"Albany-Schenectady-Troy, NY",Metropolitan,2021,67134.0,5,
10580,"Albany-Schenectady-Troy, NY",Metropolitan,2022,68063.0,5,
10580,"Albany-Schenectady-Troy, NY",Metropolitan,2023,72862.0,5,
10580,"Albany-Schenectady-Troy, NY",Metropolitan,2024,76559.0,5,
10620,"Albemarle, NC",Micropolitan,2019,40243.0,1,
10620,"Albemarle, NC",Micropolitan,2020,43153.0,1,
10620,"Albemarle, NC",Micropolitan,2021,47824.0,1,
10620,"Albemarle, NC",Micropolitan,2022,48517.0,1,
10620,"Albemarle, NC",Micropolitan,2023,51374.0,1,
10620,"Albemarle, NC",Micropolitan,2024,54224.0,1,
10660,"Albert Lea, MN",Micropolitan,2019,44553.0,1,
10660,"Albert Lea, MN",Micropolitan,2020,48938.0,1,
10660,"Albert Lea, MN",Micropolitan,2021,54539.0,1,
10660,"Albert Lea, MN",Micropolitan,2022,55338.0,1,
10660,"Albert Lea, MN",Micropolitan,2023,56828.0,1,
10660,"Albert Lea, MN",Micropolitan,2024,59108.0,1,
10700,"Albertville, AL",Micropolitan,2019,37674.0,1,
10700,"Albertville, AL",Micropolitan,2020,41167.0,1,
10700,"Albertville, AL",Micropolitan,2021,46123.0,1,
10700,"Albertville, AL",Micropolitan,2022,47043.0,1,
10700,"Albertville, AL",Micropolitan,2023,48839.0,1,
10700,"Albertville, AL",Micropolitan,2024,51209.0,1,
10740,"Albuquerque, NM",Metropolitan,2019,44616.0,4,
10740,"Albuquerque, NM",Metropolitan,2020,48514.0,4,
10740,"Albuquerque, NM",Metropolitan,2021,52509.0,4,
10740,"Albuquerque, NM",Metropolitan,2022,54737.0,4,
10740,"Albuquerque, NM",Metropolitan,2023,57654.0,4,
10740,"Albuquerque, NM",Metropolitan,2024,60899.0,4,
10760,"Alexander City, AL",Micropolitan,2019,41816.0,1,
10760,"Alexander City, AL",Micropolitan,2020,44271.0,1,
10760,"Alexander City, AL",Micropolitan,2021,48838.0,1,
10760,"Alexander City, AL",Micropolitan,2022,49152.0,1,
10760,"Alexander City, AL",Micropolitan,2023,52576.0,1,
10760,"Alexander City, AL",Micropolitan,2024,55117.0,1,
10780,"Alexandria, LA",Metropolitan,2019,43553.0,2,
10780,"Alexandria, LA",Metropolitan,2020,47523.0,2,
10780,"Alexandria, LA",Metropolitan,2021,51125.0,2,
10780,"Alexandria, LA",Metropolitan,2022,51177.0,2,
10780,"Alexandria, LA",Metropolitan,2023,53504.0,2,
10780,"Alexandria, LA",Metropolitan,2024,56163.0,2,
10820,"Alexandria, MN",Micropolitan,2019,51249.0,1,
10820,"Alexandria, MN",Micropolitan,2020,55851.0,1,
10820,"Alexandria, MN",Micropolitan,2021,61839.0,1,
10820,"Alexandria, MN",Micropolitan,2022,63595.0,1,
10820,"Alexandria, MN",Micropolitan,2023,66559.0,1,
10820,"Alexandria, MN",Micropolitan,2024,69260.0,1,
10860,"Alice, TX",Micropolitan,2019,42221.0,2,
10860,"Alice, TX",Micropolitan,2020,45373.0,2,
10860,"Alice, TX",Micropolitan,2021,47375.0,2,
10860,"Alice, TX",Micropolitan,2022,48542.0,2,
10860,"Alice, TX",Micropolitan,2023,50826.0,2,
10860,"Alice, TX",Micropolitan,2024,51935.0,2,
10900,"Allentown-Bethlehem-Easton, PA-NJ",Metropolitan,2019,54955.0,4,
10900,"Allentown-Bethlehem-Easton, PA-NJ",Metropolitan,2020,58623.0,4,
10900,"Allentown-Bethlehem-Easton, PA-NJ",Metropolitan,2021,62026.0,4,
10900,"Allentown-Bethlehem-Easton, PA-NJ",Metropolitan,2022,62547.0,4,
10900,"Allentown-Bethlehem-Easton, PA-NJ",Metropolitan,2023,65220.0,4,
10900,"Allentown-Bethlehem-Easton, PA-NJ",Metropolitan,2024,67565.0,4,
10940,"Alma, MI",Micropolitan,2019,36084.0,1,
10940,"Alma, MI",Micropolitan,2020,41331.0,1,
10940,"Alma, MI",Micropolitan,2021,44198.0,1,
10940,"Alma, MI",Micropolitan,2022,44047.0,1,
10940,"Alma, MI",Micropolitan,2023,45600.0,1,
10940,"Alma, MI",Micropolitan,2024,46618.0,1,
10980,"Alpena, MI",Micropolitan,2019,40432.0,1,
10980,"Alpena, MI",Micropolitan,2020,45054.0,1,
10980,"Alpena, MI",Micropolitan,2021,48773.0,1,
10980,"Alpena, MI",Micropolitan,2022,48865.0,1,
10980,"Alpena, MI",Micropolitan,2023,51327.0,1,
10980,"Alpena, MI",Micropolitan,2024,54180.0,1,
11020,"Altoona, PA",Metropolitan,2019,46395.0,1,
11020,"Altoona, PA",Metropolitan,2020,50824.0,1,
11020,"Altoona, PA",Metropolitan,2021,55022.0,1,
11020,"Altoona, PA",Metropolitan,2022,54872.0,1,
11020,"Altoona, PA",Metropolitan,2023,57821.0,1,
11020,"Altoona, PA",Metropolitan,2024,60198.0,1,
11060,"Altus, OK",Micropolitan,2019,42435.0,1,
11060,"Altus, OK",Micropolitan,2020,45197.0,1,
11060,"Altus, OK",Micropolitan,2021,49894.0,1,
11060,"Altus, OK",Micropolitan,2022,51785.0,1,
11060,"Altus, OK",Micropolitan,2023,53758.0,1,
11060,"Altus, OK",Micropolitan,2024,55896.0,1,
11100,"Amarillo, TX",Metropolitan,2019,48372.0,5,
11100,"Amarillo, TX",Metropolitan,2020,51750.0,5,
11100,"Amarillo, TX",Metropolitan,2021,56071.0,5,
11100,"Amarillo, TX",Metropolitan,2022,57320.0,5,
11100,"Amarillo, TX",Metropolitan,2023,59450.0,5,
11100,"Amarillo, TX",Metropolitan,2024,61721.0,5,
11140,"Americus, GA",Micropolitan,2019,36688.0,2,
11140,"Americus, GA",Micropolitan,2020,40219.0,2,
11140,"Americus, GA",Micropolitan,2021,43934.0,2,
11140,"Americus, GA",Micropolitan,2022,43730.0,2,
11140,"Americus, GA",Micropolitan,2023,45177.0,2,
11140,"Americus, GA",Micropolitan,2024,45950.0,2,
11180,"Ames, IA",Metropolitan,2019,44051.0,2,
11180,"Ames, IA",Metropolitan,2020,46005.0,2,
11180,"Ames, IA",Metropolitan,2021,49464.0,2,
11180,"Ames, IA",Metropolitan,2022,53126.0,2,
11180,"Ames, IA",Metropolitan,2023,55184.0,2,
11180,"Ames, IA",Metropolitan,2024,56841.0,2,
11200,"Amherst Town-Northampton, MA",Metropolitan,2019,54304.0,1,
11200,"Amherst Town-Northampton, MA",Metropolitan,2020,63021.0,1,
11200,"Amherst Town-Northampton, MA",Metropolitan,2021,59064.0,1,
11200,"Amherst Town-Northampton, MA",Metropolitan,2022,59187.0,1,
11200,"Amherst Town-Northampton, MA",Metropolitan,2023,62818.0,1,
11200,"Amherst Town-Northampton, MA",Metropolitan,2024,65432.0,1,
11220,"Amsterdam, NY",Micropolitan,2019,41971.0,1,
11220,"Amsterdam, NY",Micropolitan,2020,46509.0,1,
11220,"Amsterdam, NY",Micropolitan,2021,48208.0,1,
11220,"Amsterdam, NY",Micropolitan,2022,48622.0,1,
11220,"Amsterdam, NY",Micropolitan,2023,51132.0,1,
11220,"Amsterdam, NY",Micropolitan,2024,53879.0,1,
11260,"Anchorage, AK",Metropolitan,2019,62030.0,2,
11260,"Anchorage, AK",Metropolitan,2020,63734.0,2,
11260,"Anchorage, AK",Metropolitan,2021,67449.0,2,
11260,"Anchorage, AK",Metropolitan,2022,71325.0,2,
11260,"Anchorage, AK",Metropolitan,2023,74530.0,2,
11260,"Anchorage, AK",Metropolitan,2024,78485.0,2,
11360,"Anderson Creek, NC",Micropolitan,2019,36560.0,1,
11360,"Anderson Creek, NC",Micropolitan,2020,39401.0,1,
11360,"Anderson Creek, NC",Micropolitan,2021,44414.0,1,
11360,"Anderson Creek, NC",Micropolitan,2022,45744.0,1,
11360,"Anderson Creek, NC",Micropolitan,2023,47780.0,1,
11360,"Anderson Creek, NC",Micropolitan,2024,50128.0,1,
11380,"Andrews, TX",Micropolitan,2019,52905.0,1,
11380,"Andrews, TX",Micropolitan,2020,48539.0,1,
11380,"Andrews, TX",Micropolitan,2021,51467.0,1,
11380,"Andrews, TX",Micropolitan,2022,55070.0,1,
11380,"Andrews, TX",Micropolitan,2023,57996.0,1,
11380,"Andrews, TX",Micropolitan,2024,60201.0,1,
11420,"Angola, IN",Micropolitan,2019,45147.0,1,
11420,"Angola, IN",Micropolitan,2020,48004.0,1,
11420,"Angola, IN",Micropolitan,2021,53816.0,1,
11420,"Angola, IN",Micropolitan,2022,54795.0,1,
11420,"Angola, IN",Micropolitan,2023,57128.0,1,
11420,"Angola, IN",Micropolitan,2024,59084.0,1,
11460,"Ann Arbor, MI",Metropolitan,2019,60743.0,1,
11460,"Ann Arbor, MI",Metropolitan,2020,63328.0,1,
11460,"Ann Arbor, MI",Metropolitan,2021,71134.0,1,
11460,"Ann Arbor, MI",Metropolitan,2022,72906.0,1,
11460,"Ann Arbor, MI",Metropolitan,2023,77085.0,1,
11460,"Ann Arbor, MI",Metropolitan,2024,79736.0,1,
11500,"Anniston-Oxford, AL",Metropolitan,2019,36761.0,1,
11500,"Anniston-Oxford, AL",Metropolitan,2020,39595.0,1,
11500,"Anniston-Oxford, AL",Metropolitan,2021,43320.0,1,
11500,"Anniston-Oxford, AL",Metropolitan,2022,42684.0,1,
11500,"Anniston-Oxford, AL",Metropolitan,2023,44970.0,1,
11500,"Anniston-Oxford, AL",Metropolitan,2024,47333.0,1,
11540,"Appleton, WI",Metropolitan,2019,51944.0,2,
11540,"Appleton, WI",Metropolitan,2020,54728.0,2,
11540,"Appleton, WI",Metropolitan,2021,59351.0,2,
11540,"Appleton, WI",Metropolitan,2022,61058.0,2,
11540,"Appleton, WI",Metropolitan,2023,63639.0,2,
11540,"Appleton, WI",Metropolitan,2024,66637.0,2,
11580,"Arcadia, FL",Micropolitan,2019,28404.0,1,
11580,"Arcadia, FL",Micropolitan,2020,30246.0,1,
11580,"Arcadia, FL",Micropolitan,2021,33291.0,1,
11580,"Arcadia, FL",Micropolitan,2022,33279.0,1,
11580,"Arcadia, FL",Micropolitan,2023,35254.0,1,
11580,"Arcadia, FL",Micropolitan,2024,35938.0,1,
11620,"Ardmore, OK",Micropolitan,2019,43658.0,1,
11620,"Ardmore, OK",Micropolitan,2020,45694.0,1,
11620,"Ardmore, OK",Micropolitan,2021,48982.0,1,
11620,"Ardmore, OK",Micropolitan,2022,50824.0,1,
11620,"Ardmore, OK",Micropolitan,2023,53309.0,1,
11620,"Ardmore, OK",Micropolitan,2024,55594.0,1,
11660,"Arkadelphia, AR",Micropolitan,2019,38392.0,1,
11660,"Arkadelphia, AR",Micropolitan,2020,41657.0,1,
11660,"Arkadelphia, AR",Micropolitan,2021,43596.0,1,
11660,"Arkadelphia, AR",Micropolitan,2022,42448.0,1,
11660,"Arkadelphia, AR",Micropolitan,2023,44594.0,1,
11660,"Arkadelphia, AR",Micropolitan,2024,46783.0,1,
11680,"Arkansas City-Winfield, KS",Micropolitan,2019,39222.0,1,
11680,"Arkansas City-Winfield, KS",Micropolitan,2020,41910.0,1,
11680,"Arkansas City-Winfield, KS",Micropolitan,2021,44587.0,1,
11680,"Arkansas City-Winfield, KS",Micropolitan,2022,44313.0,1,
11680,"Arkansas City-Winfield, KS",Micropolitan,2023,46818.0,1,
11680,"Arkansas City-Winfield, KS",Micropolitan,2024,48066.0,1,
11700,"Asheville, NC",Metropolitan,2019,48554.0,3,
11700,"Asheville, NC",Metropolitan,2020,51053.0,3,
11700,"Asheville, NC",Metropolitan,2021,56929.0,3,
11700,"Asheville, NC",Metropolitan,2022,59437.0,3,
11700,"Asheville, NC",Metropolitan,2023,63931.0,3,
11700,"Asheville, NC",Metropolitan,2024,67592.0,3,
11740,"Ashland, OH",Micropolitan,2019,39165.0,1,
11740,"Ashland, OH",Micropolitan,2020,42765.0,1,
11740,"Ashland, OH",Micropolitan,2021,47791.0,1,
11740,"Ashland, OH",Micropolitan,2022,48042.0,1,
11740,"Ashland, OH",Micropolitan,2023,50991.0,1,
11740,"Ashland, OH",Micropolitan,2024,53234.0,1,
11820,"Astoria, OR",Micropolitan,2019,44885.0,1,
11820,"Astoria, OR",Micropolitan,2020,49805.0,1,
11820,"Astoria, OR",Micropolitan,2021,54765.0,1,
11820,"Astoria, OR",Micropolitan,2022,56205.0,1,
11820,"Astoria, OR",Micropolitan,2023,60248.0,1,
11820,"Astoria, OR",Micropolitan,2024,63292.0,1,
11860,"Atchison, KS",Micropolitan,2019,38336.0,1,
11860,"Atchison, KS",Micropolitan,2020,42437.0,1,
11860,"Atchison, KS",Micropolitan,2021,44745.0,1,
11860,"Atchison, KS",Micropolitan,2022,43390.0,1,
11860,"Atchison, KS",Micropolitan,2023,45864.0,1,
11860,"Atchison, KS",Micropolitan,2024,47444.0,1,
11900,"Athens, OH",Micropolitan,2019,35685.0,1,
11900,"Athens, OH",Micropolitan,2020,38168.0,1,
11900,"Athens, OH",Micropolitan,2021,42637.0,1,
11900,"Athens, OH",Micropolitan,2022,40836.0,1,
11900,"Athens, OH",Micropolitan,2023,41829.0,1,
11900,"Athens, OH",Micropolitan,2024,43940.0,1,
11940,"Athens, TN",Micropolitan,2019,37030.0,2,
11940,"Athens, TN",Micropolitan,2020,40166.0,2,
11940,"Athens, TN",Micropolitan,2021,42927.0,2,
11940,"Athens, TN",Micropolitan,2022,43317.0,2,
11940,"Athens, TN",Micropolitan,2023,45415.0,2,
11940,"Athens, TN",Micropolitan,2024,47457.0,2,
11980,"Athens, TX",Micropolitan,2019,42404.0,1,
11980,"Athens, TX",Micropolitan,2020,45074.0,1,
11980,"Athens, TX",Micropolitan,2021,48275.0,1,
11980,"Athens, TX",Micropolitan,2022,50784.0,1,
11980,"Athens, TX",Micropolitan,2023,53534.0,1,
11980,"Athens, TX",Micropolitan,2024,54981.0,1,
12020,"Athens-Clarke County, GA",Metropolitan,2019,41613.0,4,
12020,"Athens-Clarke County, GA",Metropolitan,2020,44495.0,4,
12020,"Athens-Clarke County, GA",Metropolitan,2021,48399.0,4,
12020,"Athens-Clarke County, GA",Metropolitan,2022,51517.0,4,
12020,"Athens-Clarke County, GA",Metropolitan,2023,53520.0,4,
12020,"Athens-Clarke County, GA",Metropolitan,2024,56602.0,4,
12060,"Atlanta-Sandy Springs-Roswell, GA",Metropolitan,2019,55444.0,29,
12060,"Atlanta-Sandy Springs-Roswell, GA",Metropolitan,2020,58172.0,29,
12060,"Atlanta-Sandy Springs-Roswell, GA",Metropolitan,2021,63470.0,29,
12060,"Atlanta-Sandy Springs-Roswell, GA",Metropolitan,2022,64954.0,29,
12060,"Atlanta-Sandy Springs-Roswell, GA",Metropolitan,2023,67997.0,29,
12060,"Atlanta-Sandy Springs-Roswell, GA",Metropolitan,2024,71365.0,29,
12100,"Atlantic City-Hammonton, NJ",Metropolitan,2019,52521.0,2,
12100,"Atlantic City-Hammonton, NJ",Metropolitan,2020,58044.0,2,
12100,"Atlantic City-Hammonton, NJ",Metropolitan,2021,61817.0,2,
12100,"Atlantic City-Hammonton, NJ",Metropolitan,2022,61290.0,2,
12100,"Atlantic City-Hammonton, NJ",Metropolitan,2023,64831.0,2,
12100,"Atlantic City-Hammonton, NJ",Metropolitan,2024,68022.0,2,
12140,"Auburn, IN",Micropolitan,2019,45119.0,1,
12140,"Auburn, IN",Micropolitan,2020,48555.0,1,
12140,"Auburn, IN",Micropolitan,2021,55296.0,1,
12140,"Auburn, IN",Micropolitan,2022,55214.0,1,
12140,"Auburn, IN",Micropolitan,2023,57733.0,1,
12140,"Auburn, IN",Micropolitan,2024,59675.0,1,
12180,"Auburn, NY",Micropolitan,2019,44266.0,1,
12180,"Auburn, NY",Micropolitan,2020,49131.0,1,
12180,"Auburn, NY",Micropolitan,2021,52482.0,1,
12180,"Auburn, NY",Micropolitan,2022,52081.0,1,
12180,"Auburn, NY",Micropolitan,2023,54181.0,1,
12180,"Auburn, NY",Micropolitan,2024,57027.0,1,
12220,"Auburn-Opelika, AL",Metropolitan,2019,38226.0,2,
12220,"Auburn-Opelika, AL",Metropolitan,2020,40399.0,2,
12220,"Auburn-Opelika, AL",Metropolitan,2021,44606.0,2,
12220,"Auburn-Opelika, AL",Metropolitan,2022,45490.0,2,
12220,"Auburn-Opelika, AL",Metropolitan,2023,47980.0,2,
12220,"Auburn-Opelika, AL",Metropolitan,2024,50280.0,2,
12260,"Augusta-Richmond County, GA-SC",Metropolitan,2019,43465.0,7,
12260,"Augusta-Richmond County, GA-SC",Metropolitan,2020,46890.0,7,
12260,"Augusta-Richmond County, GA-SC",Metropolitan,2021,50103.0,7,
12260,"Augusta-Richmond County, GA-SC",Metropolitan,2022,50248.0,7,
12260,"Augusta-Richmond County, GA-SC",Metropolitan,2023,51956.0,7,
12260,"Augusta-Richmond County, GA-SC",Metropolitan,2024,54106.0,7,
12300,"Augusta-Waterville, ME",Micropolitan,2019,45897.0,1,
12300,"Augusta-Waterville, ME",Micropolitan,2020,49778.0,1,
12300,"Augusta-Waterville, ME",Micropolitan,2021,54545.0,1,
12300,"Augusta-Waterville, ME",Micropolitan,2022,55572.0,1,
12300,"Augusta-Waterville, ME",Micropolitan,2023,57748.0,1,
12300,"Augusta-Waterville, ME",Micropolitan,2024,61181.0,1,
12380,"Austin, MN",Micropolitan,2019,45498.0,1,
12380,"Austin, MN",Micropolitan,2020,49895.0,1,
12380,"Austin, MN",Micropolitan,2021,55023.0,1,
12380,"Austin, MN",Micropolitan,2022,54905.0,1,
12380,"Austin, MN",Micropolitan,2023,57084.0,1,
12380,"Austin, MN",Micropolitan,2024,57577.0,1,
12420,"Austin-Round Rock-San Marcos, TX",Metropolitan,2019,62444.0,5,
12420,"Austin-Round Rock-San Marcos, TX",Metropolitan,2020,63990.0,5,
12420,"Austin-Round Rock-San Marcos, TX",Metropolitan,2021,71242.0,5,
12420,"Austin-Round Rock-San Marcos, TX",Metropolitan,2022,77081.0,5,
12420,"Austin-Round Rock-San Marcos, TX",Metropolitan,2023,81629.0,5,
12420,"Austin-Round Rock-San Marcos, TX",Metropolitan,2024,85549.0,5,
12460,"Bainbridge, GA",Micropolitan,2019,33824.0,1,
12460,"Bainbridge, GA",Micropolitan,2020,37517.0,1,
12460,"Bainbridge, GA",Micropolitan,2021,42345.0,1,
12460,"Bainbridge, GA",Micropolitan,2022,43093.0,1,
12460,"Bainbridge, GA",Micropolitan,2023,45153.0,1,
12460,"Bainbridge, GA",Micropolitan,2024,47518.0,1,
12520,"Baker City, OR",Micropolitan,2019,40707.0,1,
12520,"Baker City, OR",Micropolitan,2020,44994.0,1,
12520,"Baker City, OR",Micropolitan,2021,49019.0,1,
12520,"Baker City, OR",Micropolitan,2022,50065.0,1,
12520,"Baker City, OR",Micropolitan,2023,52908.0,1,
12520,"Baker City, OR",Micropolitan,2024,56435.0,1,
12540,"Bakersfield-Delano, CA",Metropolitan,2019,39301.0,1,
12540,"Bakersfield-Delano, CA",Metropolitan,2020,44612.0,1,
12540,"Bakersfield-Delano, CA",Metropolitan,2021,46978.0,1,
12540,"Bakersfield-Delano, CA",Metropolitan,2022,45289.0,1,
12540,"Bakersfield-Delano, CA",Metropolitan,2023,47452.0,1,
12540,"Bakersfield-Delano, CA",Metropolitan,2024,50641.0,1,
12580,"Baltimore-Columbia-Towson, MD",Metropolitan,2019,61797.0,7,
12580,"Baltimore-Columbia-Towson, MD",Metropolitan,2020,65538.0,7,
12580,"Baltimore-Columbia-Towson, MD",Metropolitan,2021,70309.0,7,
12580,"Baltimore-Columbia-Towson, MD",Metropolitan,2022,72073.0,7,
12580,"Baltimore-Columbia-Towson, MD",Metropolitan,2023,77231.0,7,
12580,"Baltimore-Columbia-Towson, MD",Metropolitan,2024,81133.0,7,
12620,"Bangor, ME",Metropolitan,2019,42732.0,1,
12620,"Bangor, ME",Metropolitan,2020,47306.0,1,
12620,"Bangor, ME",Metropolitan,2021,51086.0,1,
12620,"Bangor, ME",Metropolitan,2022,52005.0,1,
12620,"Bangor, ME",Metropolitan,2023,53935.0,1,
12620,"Bangor, ME",Metropolitan,2024,56593.0,1,
12660,"Baraboo, WI",Micropolitan,2019,52252.0,1,
12660,"Baraboo, WI",Micropolitan,2020,56147.0,1,
12660,"Baraboo, WI",Micropolitan,2021,63249.0,1,
12660,"Baraboo, WI",Micropolitan,2022,62973.0,1,
12660,"Baraboo, WI",Micropolitan,2023,67178.0,1,
12660,"Baraboo, WI",Micropolitan,2024,69974.0,1,
12700,"Barnstable Town, MA",Metropolitan,2019,72787.0,1,
12700,"Barnstable Town, MA",Metropolitan,2020,78487.0,1,
12700,"Barnstable Town, MA",Metropolitan,2021,84776.0,1,
12700,"Barnstable Town, MA",Metropolitan,2022,85891.0,1,
12700,"Barnstable Town, MA",Metropolitan,2023,91823.0,1,
12700,"Barnstable Town, MA",Metropolitan,2024,96768.0,1,
12740,"Barre, VT",Micropolitan,2019,58793.0,1,
12740,"Barre, VT",Micropolitan,2020,64143.0,1,
12740,"Barre, VT",Micropolitan,2021,66863.0,1,
12740,"Barre, VT",Micropolitan,2022,70251.0,1,
12740,"Barre, VT",Micropolitan,2023,74726.0,1,
12740,"Barre, VT",Micropolitan,2024,79488.0,1,
12780,"Bartlesville, OK",Micropolitan,2019,62416.0,1,
12780,"Bartlesville, OK",Micropolitan,2020,63628.0,1,
12780,"Bartlesville, OK",Micropolitan,2021,83062.0,1,
12780,"Bartlesville, OK",Micropolitan,2022,109890.0,1,
12780,"Bartlesville, OK",Micropolitan,2023,107203.0,1,
12780,"Bartlesville, OK",Micropolitan,2024,126749.0,1,
12860,"Batavia, NY",Micropolitan,2019,44308.0,1,
12860,"Batavia, NY",Micropolitan,2020,48328.0,1,
12860,"Batavia, NY",Micropolitan,2021,50424.0,1,
12860,"Batavia, NY",Micropolitan,2022,51106.0,1,
12860,"Batavia, NY",Micropolitan,2023,53624.0,1,
12860,"Batavia, NY",Micropolitan,2024,55898.0,1,
12900,"Batesville, AR",Micropolitan,2019,35947.0,1,
12900,"Batesville, AR",Micropolitan,2020,38638.0,1,
12900,"Batesville, AR",Micropolitan,2021,43241.0,1,
12900,"Batesville, AR",Micropolitan,2022,45238.0,1,
12900,"Batesville, AR",Micropolitan,2023,47155.0,1,
12900,"Batesville, AR",Micropolitan,2024,49157.0,1,
12940,"Baton Rouge, LA",Metropolitan,2019,49089.0,10,
12940,"Baton Rouge, LA",Metropolitan,2020,52272.0,10,
12940,"Baton Rouge, LA",Metropolitan,2021,57144.0,10,
12940,"Baton Rouge, LA",Metropolitan,2022,58119.0,10,
12940,"Baton Rouge, LA",Metropolitan,2023,62106.0,10,
12940,"Baton Rouge, LA",Metropolitan,2024,65323.0,10,
12980,"Battle Creek, MI",Metropolitan,2019,40009.0,1,
12980,"Battle Creek, MI",Metropolitan,2020,43949.0,1,
12980,"Battle Creek, MI",Metropolitan,2021,45832.0,1,
12980,"Battle Creek, MI",Metropolitan,2022,46136.0,1,
12980,"Battle Creek, MI",Metropolitan,2023,47815.0,1,
12980,"Battle Creek, MI",Metropolitan,2024,50199.0,1,
13020,"Bay City, MI",Metropolitan,2019,42643.0,1,
13020,"Bay City, MI",Metropolitan,2020,46699.0,1,
13020,"Bay City, MI",Metropolitan,2021,50700.0,1,
13020,"Bay City, MI",Metropolitan,2022,49910.0,1,
13020,"Bay City, MI",Metropolitan,2023,53207.0,1,
13020,"Bay City, MI",Metropolitan,2024,55627.0,1,
13060,"Bay City, TX",Micropolitan,2019,45748.0,1,
13060,"Bay City, TX",Micropolitan,2020,48047.0,1,
13060,"Bay City, TX",Micropolitan,2021,50995.0,1,
13060,"Bay City, TX",Micropolitan,2022,50846.0,1,
13060,"Bay City, TX",Micropolitan,2023,53904.0,1,
13060,"Bay City, TX",Micropolitan,2024,55823.0,1,
13100,"Beatrice, NE",Micropolitan,2019,48612.0,1,
13100,"Beatrice, NE",Micropolitan,2020,51274.0,1,
13100,"Beatrice, NE",Micropolitan,2021,61495.0,1,
13100,"Beatrice, NE",Micropolitan,2022,75117.0,1,
13100,"Beatrice, NE",Micropolitan,2023,80390.0,1,
13100,"Beatrice, NE",Micropolitan,2024,80959.0,1,
13140,"Beaumont-Port Arthur, TX",Metropolitan,2019,44384.0,3,
13140,"Beaumont-Port Arthur, TX",Metropolitan,2020,46421.0,3,
13140,"Beaumont-Port Arthur, TX",Metropolitan,2021,48696.0,3,
13140,"Beaumont-Port Arthur, TX",Metropolitan,2022,49487.0,3,
13140,"Beaumont-Port Arthur, TX",Metropolitan,2023,51579.0,3,
13140,"Beaumont-Port Arthur, TX",Metropolitan,2024,54485.0,3,
13180,"Beaver Dam, WI",Micropolitan,2019,44901.0,1,
13180,"Beaver Dam, WI",Micropolitan,2020,47315.0,1,
13180,"Beaver Dam, WI",Micropolitan,2021,51722.0,1,
13180,"Beaver Dam, WI",Micropolitan,2022,52959.0,1,
13180,"Beaver Dam, WI",Micropolitan,2023,55513.0,1,
13180,"Beaver Dam, WI",Micropolitan,2024,57801.0,1,
13220,"Beckley, WV",Metropolitan,2019,40829.0,2,
13220,"Beckley, WV",Metropolitan,2020,42474.0,2,
13220,"Beckley, WV",Metropolitan,2021,46266.0,2,
13220,"Beckley, WV",Metropolitan,2022,47964.0,2,
13220,"Beckley, WV",Metropolitan,2023,51471.0,2,
13220,"Beckley, WV",Metropolitan,2024,54147.0,2,
13260,"Bedford, IN",Micropolitan,2019,42887.0,1,
13260,"Bedford, IN",Micropolitan,2020,47262.0,1,
13260,"Bedford, IN",Micropolitan,2021,51751.0,1,
13260,"Bedford, IN",Micropolitan,2022,52224.0,1,
13260,"Bedford, IN",Micropolitan,2023,54599.0,1,
13260,"Bedford, IN",Micropolitan,2024,57129.0,1,
13300,"Beeville, TX",Micropolitan,2019,31065.0,1,
13300,"Beeville, TX",Micropolitan,2020,32476.0,1,
13300,"Beeville, TX",Micropolitan,2021,34229.0,1,
13300,"Beeville, TX",Micropolitan,2022,35359.0,1,
13300,"Beeville, TX",Micropolitan,2023,36453.0,1,
13300,"Beeville, TX",Micropolitan,2024,37902.0,1,
13340,"Bellefontaine, OH",Micropolitan,2019,42592.0,1,
13340,"Bellefontaine, OH",Micropolitan,2020,46803.0,1,
13340,"Bellefontaine, OH",Micropolitan,2021,49142.0,1,
13340,"Bellefontaine, OH",Micropolitan,2022,49408.0,1,
13340,"Bellefontaine, OH",Micropolitan,2023,52748.0,1,
13340,"Bellefontaine, OH",Micropolitan,2024,55250.0,1,
13380,"Bellingham, WA",Metropolitan,2019,51191.0,1,
13380,"Bellingham, WA",Metropolitan,2020,53957.0,1,
13380,"Bellingham, WA",Metropolitan,2021,58338.0,1,
13380,"Bellingham, WA",Metropolitan,2022,59187.0,1,
13380,"Bellingham, WA",Metropolitan,2023,62913.0,1,
13380,"Bellingham, WA",Metropolitan,2024,65622.0,1,
13420,"Bemidji, MN",Micropolitan,2019,42687.0,1,
13420,"Bemidji, MN",Micropolitan,2020,46921.0,1,
13420,"Bemidji, MN",Micropolitan,2021,51346.0,1,
13420,"Bemidji, MN",Micropolitan,2022,51054.0,1,
13420,"Bemidji, MN",Micropolitan,2023,53389.0,1,
13420,"Bemidji, MN",Micropolitan,2024,56194.0,1,
13460,"Bend, OR",Metropolitan,2019,54180.0,3,
13460,"Bend, OR",Metropolitan,2020,60005.0,3,
13460,"Bend, OR",Metropolitan,2021,66493.0,3,
13460,"Bend, OR",Metropolitan,2022,70145.0,3,
13460,"Bend, OR",Metropolitan,2023,74934.0,3,
13460,"Bend, OR",Metropolitan,2024,80201.0,3,
13540,"Bennington, VT",Micropolitan,2019,52804.0,1,
13540,"Bennington, VT",Micropolitan,2020,55747.0,1,
13540,"Bennington, VT",Micropolitan,2021,58802.0,1,
13540,"Bennington, VT",Micropolitan,2022,61831.0,1,
13540,"Bennington, VT",Micropolitan,2023,67013.0,1,
13540,"Bennington, VT",Micropolitan,2024,70649.0,1,
13660,"Big Rapids, MI",Micropolitan,2019,36991.0,1,
13660,"Big Rapids, MI",Micropolitan,2020,40174.0,1,
13660,"Big Rapids, MI",Micropolitan,2021,43674.0,1,
13660,"Big Rapids, MI",Micropolitan,2022,42208.0,1,
13660,"Big Rapids, MI",Micropolitan,2023,44730.0,1,
13660,"Big Rapids, MI",Micropolitan,2024,46058.0,1,
13700,"Big Spring, TX",Micropolitan,2019,46426.0,1,
13700,"Big Spring, TX",Micropolitan,2020,46810.0,1,
13700,"Big Spring, TX",Micropolitan,2021,50599.0,1,
13700,"Big Spring, TX",Micropolitan,2022,64213.0,1,
13700,"Big Spring, TX",Micropolitan,2023,66306.0,1,
13700,"Big Spring, TX",Micropolitan,2024,69048.0,1,
13740,"Billings, MT",Metropolitan,2019,52851.0,3,
13740,"Billings, MT",Metropolitan,2020,56154.0,3,
13740,"Billings, MT",Metropolitan,2021,62385.0,3,
13740,"Billings, MT",Metropolitan,2022,65757.0,3,
13740,"Billings, MT",Metropolitan,2023,69749.0,3,
13740,"Billings, MT",Metropolitan,2024,72825.0,3,
13780,"Binghamton, NY",Metropolitan,2019,43922.0,2,
13780,"Binghamton, NY",Metropolitan,2020,47955.0,2,
13780,"Binghamton, NY",Metropolitan,2021,50612.0,2,
13780,"Binghamton, NY",Metropolitan,2022,49789.0,2,
13780,"Binghamton, NY",Metropolitan,2023,53176.0,2,
13780,"Binghamton, NY",Metropolitan,2024,55820.0,2,
13820,"Birmingham, AL",Metropolitan,2019,51292.0,7,
13820,"Birmingham, AL",Metropolitan,2020,54156.0,7,
13820,"Birmingham, AL",Metropolitan,2021,60431.0,7,
13820,"Birmingham, AL",Metropolitan,2022,62336.0,7,
13820,"Birmingham, AL",Metropolitan,2023,66379.0,7,
13820,"Birmingham, AL",Metropolitan,2024,69324.0,7,
13860,"Bishop, CA",Micropolitan,2019,57680.0,1,
13860,"Bishop, CA",Micropolitan,2020,59781.0,1,
13860,"Bishop, CA",Micropolitan,2021,61205.0,1,
13860,"Bishop, CA",Micropolitan,2022,59967.0,1,
13860,"Bishop, CA",Micropolitan,2023,67788.0,1,
13860,"Bishop, CA",Micropolitan,2024,72766.0,1,
13900,"Bismarck, ND",Metropolitan,2019,57622.0,3,
13900,"Bismarck, ND",Metropolitan,2020,60537.0,3,
13900,"Bismarck, ND",Metropolitan,2021,67139.0,3,
13900,"Bismarck, ND",Metropolitan,2022,69175.0,3,
13900,"Bismarck, ND",Metropolitan,2023,70453.0,3,
13900,"Bismarck, ND",Metropolitan,2024,72646.0,3,
13940,"Blackfoot, ID",Micropolitan,2019,37017.0,1,
13940,"Blackfoot, ID",Micropolitan,2020,41294.0,1,
13940,"Blackfoot, ID",Micropolitan,2021,46654.0,1,
13940,"Blackfoot, ID",Micropolitan,2022,48122.0,1,
13940,"Blackfoot, ID",Micropolitan,2023,50705.0,1,
13940,"Blackfoot, ID",Micropolitan,2024,50928.0,1,
13980,"Blacksburg-Christiansburg-Radford, VA",Metropolitan,2019,38533.0,4,
13980,"Blacksburg-Christiansburg-Radford, VA",Metropolitan,2020,41171.0,4,
13980,"Blacksburg-Christiansburg-Radford, VA",Metropolitan,2021,45149.0,4,
13980,"Blacksburg-Christiansburg-Radford, VA",Metropolitan,2022,47059.0,4,
13980,"Blacksburg-Christiansburg-Radford, VA",Metropolitan,2023,50623.0,4,
13980,"Blacksburg-Christiansburg-Radford, VA",Metropolitan,2024,52828.0,4,
14010,"Bloomington, IL",Metropolitan,2019,49833.0,1,
14010,"Bloomington, IL",Metropolitan,2020,54752.0,1,
14010,"Bloomington, IL",Metropolitan,2021,58863.0,1,
14010,"Bloomington, IL",Metropolitan,2022,60473.0,1,
14010,"Bloomington, IL",Metropolitan,2023,63509.0,1,
14010,"Bloomington, IL",Metropolitan,2024,66091.0,1,
14020,"Bloomington, IN",Metropolitan,2019,44928.0,2,
14020,"Bloomington, IN",Metropolitan,2020,47503.0,2,
14020,"Bloomington, IN",Metropolitan,2021,52081.0,2,
14020,"Bloomington, IN",Metropolitan,2022,53502.0,2,
14020,"Bloomington, IN",Metropolitan,2023,56665.0,2,
14020,"Bloomington, IN",Metropolitan,2024,59528.0,2,
14100,"Bloomsburg-Berwick, PA",Micropolitan,2019,43329.0,1,
14100,"Bloomsburg-Berwick, PA",Micropolitan,2020,47565.0,1,
14100,"Bloomsburg-Berwick, PA",Micropolitan,2021,50270.0,1,
14100,"Bloomsburg-Berwick, PA",Micropolitan,2022,49759.0,1,
14100,"Bloomsburg-Berwick, PA",Micropolitan,2023,52290.0,1,
14100,"Bloomsburg-Berwick, PA",Micropolitan,2024,54347.0,1,
14140,"Bluefield, WV-VA",Micropolitan,2019,37929.0,2,
14140,"Bluefield, WV-VA",Micropolitan,2020,40889.0,2,
14140,"Bluefield, WV-VA",Micropolitan,2021,44238.0,2,
14140,"Bluefield, WV-VA",Micropolitan,2022,45512.0,2,
14140,"Bluefield, WV-VA",Micropolitan,2023,48664.0,2,
14140,"Bluefield, WV-VA",Micropolitan,2024,50765.0,2,
14180,"Blytheville, AR",Micropolitan,2019,35221.0,1,
14180,"Blytheville, AR",Micropolitan,2020,37967.0,1,
14180,"Blytheville, AR",Micropolitan,2021,45653.0,1,
14180,"Blytheville, AR",Micropolitan,2022,44455.0,1,
14180,"Blytheville, AR",Micropolitan,2023,47747.0,1,
14180,"Blytheville, AR",Micropolitan,2024,52873.0,1,
14220,"Bogalusa, LA",Micropolitan,2019,35650.0,1,
14220,"Bogalusa, LA",Micropolitan,2020,38324.0,1,
14220,"Bogalusa, LA",Micropolitan,2021,41919.0,1,
14220,"Bogalusa, LA",Micropolitan,2022,42037.0,1,
14220,"Bogalusa, LA",Micropolitan,2023,44245.0,1,
14220,"Bogalusa, LA",Micropolitan,2024,46292.0,1,
14260,"Boise City, ID",Metropolitan,2019,47979.0,5,
14260,"Boise City, ID",Metropolitan,2020,51699.0,5,
14260,"Boise City, ID",Metropolitan,2021,58264.0,5,
14260,"Boise City, ID",Metropolitan,2022,60988.0,5,
14260,"Boise City, ID",Metropolitan,2023,63358.0,5,
14260,"Boise City, ID",Metropolitan,2024,67248.0,5,
14300,"Bonham, TX",Micropolitan,2019,40834.0,1,
14300,"Bonham, TX",Micropolitan,2020,42649.0,1,
14300,"Bonham, TX",Micropolitan,2021,46778.0,1,
14300,"Bonham, TX",Micropolitan,2022,46972.0,1,
14300,"Bonham, TX",Micropolitan,2023,49765.0,1,
14300,"Bonham, TX",Micropolitan,2024,50981.0,1,
14380,"Boone, NC",Micropolitan,2019,40161.0,1,
14380,"Boone, NC",Micropolitan,2020,42940.0,1,
14380,"Boone, NC",Micropolitan,2021,46474.0,1,
14380,"Boone, NC",Micropolitan,2022,49148.0,1,
14380,"Boone, NC",Micropolitan,2023,53135.0,1,
14380,"Boone, NC",Micropolitan,2024,56442.0,1,
14420,"Borger, TX",Micropolitan,2019,43235.0,1,
14420,"Borger, TX",Micropolitan,2020,46846.0,1,
14420,"Borger, TX",Micropolitan,2021,48269.0,1,
14420,"Borger, TX",Micropolitan,2022,50432.0,1,
14420,"Borger, TX",Micropolitan,2023,53936.0,1,
14420,"Borger, TX",Micropolitan,2024,55473.0,1,
14460,"Boston-Cambridge-Newton, MA-NH",Metropolitan,2019,80093.0,7,
14460,"Boston-Cambridge-Newton, MA-NH",Metropolitan,2020,84764.0,7,
14460,"Boston-Cambridge-Newton, MA-NH",Metropolitan,2021,93118.0,7,
14460,"Boston-Cambridge-Newton, MA-NH",Metropolitan,2022,95081.0,7,
14460,"Boston-Cambridge-Newton, MA-NH",Metropolitan,2023,100029.0,7,
14460,"Boston-Cambridge-Newton, MA-NH",Metropolitan,2024,104104.0,7,
14500,"Boulder, CO",Metropolitan,2019,78583.0,1,
14500,"Boulder, CO",Metropolitan,2020,81978.0,1,
14500,"Boulder, CO",Metropolitan,2021,92885.0,1,
14500,"Boulder, CO",Metropolitan,2022,95621.0,1,
14500,"Boulder, CO",Metropolitan,2023,101124.0,1,
14500,"Boulder, CO",Metropolitan,2024,104808.0,1,
14540,"Bowling Green, KY",Metropolitan,2019,37501.0,4,
14540,"Bowling Green, KY",Metropolitan,2020,40407.0,4,
14540,"Bowling Green, KY",Metropolitan,2021,44324.0,4,
14540,"Bowling Green, KY",Metropolitan,2022,44613.0,4,
14540,"Bowling Green, KY",Metropolitan,2023,46653.0,4,
14540,"Bowling Green, KY",Metropolitan,2024,48430.0,4,
14580,"Bozeman, MT",Metropolitan,2019,59028.0,1,
14580,"Bozeman, MT",Metropolitan,2020,63954.0,1,
14580,"Bozeman, MT",Metropolitan,2021,75994.0,1,
14580,"Bozeman, MT",Metropolitan,2022,82724.0,1,
14580,"Bozeman, MT",Metropolitan,2023,89821.0,1,
14580,"Bozeman, MT",Metropolitan,2024,94573.0,1,
14620,"Bradford, PA",Micropolitan,2019,44181.0,1,
14620,"Bradford, PA",Micropolitan,2020,47613.0,1,
14620,"Bradford, PA",Micropolitan,2021,50167.0,1,
14620,"Bradford, PA",Micropolitan,2022,48895.0,1,
14620,"Bradford, PA",Micropolitan,2023,51334.0,1,
14620,"Bradford, PA",Micropolitan,2024,53193.0,1,
14660,"Brainerd, MN",Micropolitan,2019,46220.0,2,
14660,"Brainerd, MN",Micropolitan,2020,49608.0,2,
14660,"Brainerd, MN",Micropolitan,2021,56174.0,2,
14660,"Brainerd, MN",Micropolitan,2022,54491.0,2,
14660,"Brainerd, MN",Micropolitan,2023,57454.0,2,
14660,"Brainerd, MN",Micropolitan,2024,60443.0,2,
14700,"Branson, MO",Micropolitan,2019,37494.0,1,
14700,"Branson, MO",Micropolitan,2020,39819.0,1,
14700,"Branson, MO",Micropolitan,2021,44760.0,1,
14700,"Branson, MO",Micropolitan,2022,45663.0,1,
14700,"Branson, MO",Micropolitan,2023,49176.0,1,
14700,"Branson, MO",Micropolitan,2024,51959.0,1,
14710,"Brattleboro, VT",Micropolitan,2019,48061.0,1,
14710,"Brattleboro, VT",Micropolitan,2020,53105.0,1,
14710,"Brattleboro, VT",Micropolitan,2021,55321.0,1,
14710,"Brattleboro, VT",Micropolitan,2022,56438.0,1,
14710,"Brattleboro, VT",Micropolitan,2023,60127.0,1,
14710,"Brattleboro, VT",Micropolitan,2024,63331.0,1,
14720,"Breckenridge, CO",Micropolitan,2019,68025.0,2,
14720,"Breckenridge, CO",Micropolitan,2020,70589.0,2,
14720,"Breckenridge, CO",Micropolitan,2021,77803.0,2,
14720,"Breckenridge, CO",Micropolitan,2022,88497.0,2,
14720,"Breckenridge, CO",Micropolitan,2023,96561.0,2,
14720,"Breckenridge, CO",Micropolitan,2024,102293.0,2,
14740,"Bremerton-Silverdale-Port Orchard, WA",Metropolitan,2019,57692.0,1,
14740,"Bremerton-Silverdale-Port Orchard, WA",Metropolitan,2020,62359.0,1,
14740,"Bremerton-Silverdale-Port Orchard, WA",Metropolitan,2021,66640.0,1,
14740,"Bremerton-Silverdale-Port Orchard, WA",Metropolitan,2022,68702.0,1,
14740,"Bremerton-Silverdale-Port Orchard, WA",Metropolitan,2023,73560.0,1,
14740,"Bremerton-Silverdale-Port Orchard, WA",Metropolitan,2024,77564.0,1,
14780,"Brenham, TX",Micropolitan,2019,54953.0,1,
14780,"Brenham, TX",Micropolitan,2020,58774.0,1,
14780,"Brenham, TX",Micropolitan,2021,69321.0,1,
14780,"Brenham, TX",Micropolitan,2022,70576.0,1,
14780,"Brenham, TX",Micropolitan,2023,71069.0,1,
14780,"Brenham, TX",Micropolitan,2024,72659.0,1,
14820,"Brevard, NC",Micropolitan,2019,45277.0,1,
14820,"Brevard, NC",Micropolitan,2020,47119.0,1,
14820,"Brevard, NC",Micropolitan,2021,53353.0,1,
14820,"Brevard, NC",Micropolitan,2022,56344.0,1,
14820,"Brevard, NC",Micropolitan,2023,61090.0,1,
14820,"Brevard, NC",Micropolitan,2024,64641.0,1,
14860,"Bridgeport-Stamford-Danbury, CT",Metropolitan,2019,,2,incomplete_county_coverage
14860,"Bridgeport-Stamford-Danbury, CT",Metropolitan,2020,,2,incomplete_county_coverage
14860,"Bridgeport-Stamford-Danbury, CT",Metropolitan,2021,,2,incomplete_county_coverage
14860,"Bridgeport-Stamford-Danbury, CT",Metropolitan,2022,,2,incomplete_county_coverage
14860,"Bridgeport-Stamford-Danbury, CT",Metropolitan,2023,,2,incomplete_county_coverage
14860,"Bridgeport-Stamford-Danbury, CT",Metropolitan,2024,145285.0,2,
14940,"Brigham City, UT-ID",Micropolitan,2019,38706.0,2,
14940,"Brigham City, UT-ID",Micropolitan,2020,41955.0,2,
14940,"Brigham City, UT-ID",Micropolitan,2021,45485.0,2,
14940,"Brigham City, UT-ID",Micropolitan,2022,47664.0,2,
14940,"Brigham City, UT-ID",Micropolitan,2023,50275.0,2,
14940,"Brigham City, UT-ID",Micropolitan,2024,52019.0,2,
15020,"Brookhaven, MS",Micropolitan,2019,38938.0,1,
15020,"Brookhaven, MS",Micropolitan,2020,41497.0,1,
15020,"Brookhaven, MS",Micropolitan,2021,44626.0,1,
15020,"Brookhaven, MS",Micropolitan,2022,45351.0,1,
15020,"Brookhaven, MS",Micropolitan,2023,48015.0,1,
15020,"Brookhaven, MS",Micropolitan,2024,50714.0,1,
15060,"Brookings, OR",Micropolitan,2019,44545.0,1,
15060,"Brookings, OR",Micropolitan,2020,47976.0,1,
15060,"Brookings, OR",Micropolitan,2021,52236.0,1,
15060,"Brookings, OR",Micropolitan,2022,52443.0,1,
15060,"Brookings, OR",Micropolitan,2023,57032.0,1,
15060,"Brookings, OR",Micropolitan,2024,61282.0,1,
15100,"Brookings, SD",Micropolitan,2019,47486.0,1,
15100,"Brookings, SD",Micropolitan,2020,50957.0,1,
15100,"Brookings, SD",Micropolitan,2021,55482.0,1,
15100,"Brookings, SD",Micropolitan,2022,59570.0,1,
15100,"Brookings, SD",Micropolitan,2023,64436.0,1,
15100,"Brookings, SD",Micropolitan,2024,66775.0,1,
15180,"Brownsville-Harlingen, TX",Metropolitan,2019,30204.0,1,
15180,"Brownsville-Harlingen, TX",Metropolitan,2020,33569.0,1,
15180,"Brownsville-Harlingen, TX",Metropolitan,2021,38158.0,1,
15180,"Brownsville-Harlingen, TX",Metropolitan,2022,37642.0,1,
15180,"Brownsville-Harlingen, TX",Metropolitan,2023,38649.0,1,
15180,"Brownsville-Harlingen, TX",Metropolitan,2024,39990.0,1,
15220,"Brownwood, TX",Micropolitan,2019,40209.0,1,
15220,"Brownwood, TX",Micropolitan,2020,42941.0,1,
15220,"Brownwood, TX",Micropolitan,2021,46135.0,1,
15220,"Brownwood, TX",Micropolitan,2022,47576.0,1,
15220,"Brownwood, TX",Micropolitan,2023,50678.0,1,
15220,"Brownwood, TX",Micropolitan,2024,51791.0,1,
15260,"Brunswick-St. Simons, GA",Metropolitan,2019,44160.0,3,
15260,"Brunswick-St. Simons, GA",Metropolitan,2020,48830.0,3,
15260,"Brunswick-St. Simons, GA",Metropolitan,2021,53678.0,3,
15260,"Brunswick-St. Simons, GA",Metropolitan,2022,55192.0,3,
15260,"Brunswick-St. Simons, GA",Metropolitan,2023,58314.0,3,
15260,"Brunswick-St. Simons, GA",Metropolitan,2024,61562.0,3,
15340,"Bucyrus, OH",Micropolitan,2019,38007.0,1,
15340,"Bucyrus, OH",Micropolitan,2020,42000.0,1,
15340,"Bucyrus, OH",Micropolitan,2021,47657.0,1,
15340,"Bucyrus, OH",Micropolitan,2022,45973.0,1,
15340,"Bucyrus, OH",Micropolitan,2023,48587.0,1,
15340,"Bucyrus, OH",Micropolitan,2024,49862.0,1,
15380,"Buffalo-Cheektowaga, NY",Metropolitan,2019,49460.0,2,
15380,"Buffalo-Cheektowaga, NY",Metropolitan,2020,54281.0,2,
15380,"Buffalo-Cheektowaga, NY",Metropolitan,2021,57001.0,2,
15380,"Buffalo-Cheektowaga, NY",Metropolitan,2022,57499.0,2,
15380,"Buffalo-Cheektowaga, NY",Metropolitan,2023,61151.0,2,
15380,"Buffalo-Cheektowaga, NY",Metropolitan,2024,63794.0,2,
15420,"Burley, ID",Micropolitan,2019,42077.0,2,
15420,"Burley, ID",Micropolitan,2020,47403.0,2,
15420,"Burley, ID",Micropolitan,2021,49423.0,2,
15420,"Burley, ID",Micropolitan,2022,52072.0,2,
15420,"Burley, ID",Micropolitan,2023,53968.0,2,
15420,"Burley, ID",Micropolitan,2024,56158.0,2,
15460,"Burlington, IA-IL",Micropolitan,2019,48839.0,2,
15460,"Burlington, IA-IL",Micropolitan,2020,52879.0,2,
15460,"Burlington, IA-IL",Micropolitan,2021,58157.0,2,
15460,"Burlington, IA-IL",Micropolitan,2022,57479.0,2,
15460,"Burlington, IA-IL",Micropolitan,2023,61153.0,2,
15460,"Burlington, IA-IL",Micropolitan,2024,63079.0,2,
15500,"Burlington, NC",Metropolitan,2019,41186.0,1,
15500,"Burlington, NC",Metropolitan,2020,44239.0,1,
15500,"Burlington, NC",Metropolitan,2021,48652.0,1,
15500,"Burlington, NC",Metropolitan,2022,49489.0,1,
15500,"Burlington, NC",Metropolitan,2023,51727.0,1,
15500,"Burlington, NC",Metropolitan,2024,54218.0,1,
15540,"Burlington-South Burlington, VT",Metropolitan,2019,58201.0,3,
15540,"Burlington-South Burlington, VT",Metropolitan,2020,61335.0,3,
15540,"Burlington-South Burlington, VT",Metropolitan,2021,64863.0,3,
15540,"Burlington-South Burlington, VT",Metropolitan,2022,68433.0,3,
15540,"Burlington-South Burlington, VT",Metropolitan,2023,72870.0,3,
15540,"Burlington-South Burlington, VT",Metropolitan,2024,76064.0,3,
15580,"Butte-Silver Bow, MT",Micropolitan,2019,47941.0,1,
15580,"Butte-Silver Bow, MT",Micropolitan,2020,50069.0,1,
15580,"Butte-Silver Bow, MT",Micropolitan,2021,55218.0,1,
15580,"Butte-Silver Bow, MT",Micropolitan,2022,57675.0,1,
15580,"Butte-Silver Bow, MT",Micropolitan,2023,59722.0,1,
15580,"Butte-Silver Bow, MT",Micropolitan,2024,62254.0,1,
15620,"Cadillac, MI",Micropolitan,2019,37206.0,2,
15620,"Cadillac, MI",Micropolitan,2020,41521.0,2,
15620,"Cadillac, MI",Micropolitan,2021,44865.0,2,
15620,"Cadillac, MI",Micropolitan,2022,43874.0,2,
15620,"Cadillac, MI",Micropolitan,2023,45639.0,2,
15620,"Cadillac, MI",Micropolitan,2024,47808.0,2,
15660,"Calhoun, GA",Micropolitan,2019,36443.0,1,
15660,"Calhoun, GA",Micropolitan,2020,38209.0,1,
15660,"Calhoun, GA",Micropolitan,2021,43145.0,1,
15660,"Calhoun, GA",Micropolitan,2022,45305.0,1,
15660,"Calhoun, GA",Micropolitan,2023,45972.0,1,
15660,"Calhoun, GA",Micropolitan,2024,49001.0,1,
15700,"Cambridge, MD",Micropolitan,2019,46023.0,1,
15700,"Cambridge, MD",Micropolitan,2020,49278.0,1,
15700,"Cambridge, MD",Micropolitan,2021,55740.0,1,
15700,"Cambridge, MD",Micropolitan,2022,55660.0,1,
15700,"Cambridge, MD",Micropolitan,2023,57062.0,1,
15700,"Cambridge, MD",Micropolitan,2024,60255.0,1,
15740,"Cambridge, OH",Micropolitan,2019,41708.0,1,
15740,"Cambridge, OH",Micropolitan,2020,46179.0,1,
15740,"Cambridge, OH",Micropolitan,2021,49185.0,1,
15740,"Cambridge, OH",Micropolitan,2022,48967.0,1,
15740,"Cambridge, OH",Micropolitan,2023,51406.0,1,
15740,"Cambridge, OH",Micropolitan,2024,52739.0,1,
15780,"Camden, AR",Micropolitan,2019,39428.0,2,
15780,"Camden, AR",Micropolitan,2020,43267.0,2,
15780,"Camden, AR",Micropolitan,2021,47256.0,2,
15780,"Camden, AR",Micropolitan,2022,47879.0,2,
15780,"Camden, AR",Micropolitan,2023,50276.0,2,
15780,"Camden, AR",Micropolitan,2024,52890.0,2,
15820,"Campbellsville, KY",Micropolitan,2019,35059.0,2,
15820,"Campbellsville, KY",Micropolitan,2020,39360.0,2,
15820,"Campbellsville, KY",Micropolitan,2021,41909.0,2,
15820,"Campbellsville, KY",Micropolitan,2022,40854.0,2,
15820,"Campbellsville, KY",Micropolitan,2023,43158.0,2,
15820,"Campbellsville, KY",Micropolitan,2024,45464.0,2,
15860,"Cañon City, CO",Micropolitan,2019,34700.0,1,
15860,"Cañon City, CO",Micropolitan,2020,38305.0,1,
15860,"Cañon City, CO",Micropolitan,2021,41747.0,1,
15860,"Cañon City, CO",Micropolitan,2022,42329.0,1,
15860,"Cañon City, CO",Micropolitan,2023,43713.0,1,
15860,"Cañon City, CO",Micropolitan,2024,45918.0,1,
15900,"Canton, IL",Micropolitan,2019,38472.0,1,
15900,"Canton, IL",Micropolitan,2020,42756.0,1,
15900,"Canton, IL",Micropolitan,2021,47052.0,1,
15900,"Canton, IL",Micropolitan,2022,48431.0,1,
15900,"Canton, IL",Micropolitan,2023,50911.0,1,
15900,"Canton, IL",Micropolitan,2024,52445.0,1,
15940,"Canton-Massillon, OH",Metropolitan,2019,45058.0,2,
15940,"Canton-Massillon, OH",Metropolitan,2020,48477.0,2,
15940,"Canton-Massillon, OH",Metropolitan,2021,53043.0,2,
15940,"Canton-Massillon, OH",Metropolitan,2022,53632.0,2,
15940,"Canton-Massillon, OH",Metropolitan,2023,56760.0,2,
15940,"Canton-Massillon, OH",Metropolitan,2024,59531.0,2,
15980,"Cape Coral-Fort Myers, FL",Metropolitan,2019,55393.0,1,
15980,"Cape Coral-Fort Myers, FL",Metropolitan,2020,58696.0,1,
15980,"Cape Coral-Fort Myers, FL",Metropolitan,2021,61798.0,1,
15980,"Cape Coral-Fort Myers, FL",Metropolitan,2022,62774.0,1,
15980,"Cape Coral-Fort Myers, FL",Metropolitan,2023,67376.0,1,
15980,"Cape Coral-Fort Myers, FL",Metropolitan,2024,70329.0,1,
16020,"Cape Girardeau, MO-IL",Metropolitan,2019,42516.0,3,
16020,"Cape Girardeau, MO-IL",Metropolitan,2020,45862.0,3,
16020,"Cape Girardeau, MO-IL",Metropolitan,2021,48444.0,3,
16020,"Cape Girardeau, MO-IL",Metropolitan,2022,49891.0,3,
16020,"Cape Girardeau, MO-IL",Metropolitan,2023,53262.0,3,
16020,"Cape Girardeau, MO-IL",Metropolitan,2024,54628.0,3,
16060,"Carbondale, IL",Micropolitan,2019,39507.0,1,
16060,"Carbondale, IL",Micropolitan,2020,42563.0,1,
16060,"Carbondale, IL",Micropolitan,2021,46719.0,1,
16060,"Carbondale, IL",Micropolitan,2022,46558.0,1,
16060,"Carbondale, IL",Micropolitan,2023,49552.0,1,
16060,"Carbondale, IL",Micropolitan,2024,50957.0,1,
16100,"Carlsbad-Artesia, NM",Micropolitan,2019,57344.0,1,
16100,"Carlsbad-Artesia, NM",Micropolitan,2020,58843.0,1,
16100,"Carlsbad-Artesia, NM",Micropolitan,2021,66438.0,1,
16100,"Carlsbad-Artesia, NM",Micropolitan,2022,72029.0,1,
16100,"Carlsbad-Artesia, NM",Micropolitan,2023,75887.0,1,
16100,"Carlsbad-Artesia, NM",Micropolitan,2024,78406.0,1,
16140,"Carroll, IA",Micropolitan,2019,51238.0,1,
16140,"Carroll, IA",Micropolitan,2020,54776.0,1,
16140,"Carroll, IA",Micropolitan,2021,60642.0,1,
16140,"Carroll, IA",Micropolitan,2022,67849.0,1,
16140,"Carroll, IA",Micropolitan,2023,66687.0,1,
16140,"Carroll, IA",Micropolitan,2024,69790.0,1,
16180,"Carson City, NV",Metropolitan,2019,49979.0,1,
16180,"Carson City, NV",Metropolitan,2020,55782.0,1,
16180,"Carson City, NV",Metropolitan,2021,59568.0,1,
16180,"Carson City, NV",Metropolitan,2022,60087.0,1,
16180,"Carson City, NV",Metropolitan,2023,64323.0,1,
16180,"Carson City, NV",Metropolitan,2024,68076.0,1,
16220,"Casper, WY",Metropolitan,2019,64535.0,1,
16220,"Casper, WY",Metropolitan,2020,63076.0,1,
16220,"Casper, WY",Metropolitan,2021,67312.0,1,
16220,"Casper, WY",Metropolitan,2022,75500.0,1,
16220,"Casper, WY",Metropolitan,2023,77119.0,1,
16220,"Casper, WY",Metropolitan,2024,79903.0,1,
16260,"Cedar City, UT",Micropolitan,2019,33858.0,1,
16260,"Cedar City, UT",Micropolitan,2020,36595.0,1,
16260,"Cedar City, UT",Micropolitan,2021,39938.0,1,
16260,"Cedar City, UT",Micropolitan,2022,40473.0,1,
16260,"Cedar City, UT",Micropolitan,2023,42766.0,1,
16260,"Cedar City, UT",Micropolitan,2024,45498.0,1,
16300,"Cedar Rapids, IA",Metropolitan,2019,52106.0,3,
16300,"Cedar Rapids, IA",Metropolitan,2020,54997.0,3,
16300,"Cedar Rapids, IA",Metropolitan,2021,59561.0,3,
16300,"Cedar Rapids, IA",Metropolitan,2022,61220.0,3,
16300,"Cedar Rapids, IA",Metropolitan,2023,63402.0,3,
16300,"Cedar Rapids, IA",Metropolitan,2024,65730.0,3,
16340,"Cedartown, GA",Micropolitan,2019,33342.0,1,
16340,"Cedartown, GA",Micropolitan,2020,36174.0,1,
16340,"Cedartown, GA",Micropolitan,2021,39438.0,1,
16340,"Cedartown, GA",Micropolitan,2022,40396.0,1,
16340,"Cedartown, GA",Micropolitan,2023,41726.0,1,
16340,"Cedartown, GA",Micropolitan,2024,43771.0,1,
16380,"Celina, OH",Micropolitan,2019,49966.0,1,
16380,"Celina, OH",Micropolitan,2020,54158.0,1,
16380,"Celina, OH",Micropolitan,2021,60333.0,1,
16380,"Celina, OH",Micropolitan,2022,61545.0,1,
16380,"Celina, OH",Micropolitan,2023,68043.0,1,
16380,"Celina, OH",Micropolitan,2024,72667.0,1,
16460,"Centralia, IL",Micropolitan,2019,42063.0,1,
16460,"Centralia, IL",Micropolitan,2020,46823.0,1,
16460,"Centralia, IL",Micropolitan,2021,50081.0,1,
16460,"Centralia, IL",Micropolitan,2022,50917.0,1,
16460,"Centralia, IL",Micropolitan,2023,54344.0,1,
16460,"Centralia, IL",Micropolitan,2024,56066.0,1,
16500,"Centralia, WA",Micropolitan,2019,44592.0,1,
16500,"Centralia, WA",Micropolitan,2020,48942.0,1,
16500,"Centralia, WA",Micropolitan,2021,51732.0,1,
16500,"Centralia, WA",Micropolitan,2022,56424.0,1,
16500,"Centralia, WA",Micropolitan,2023,55936.0,1,
16500,"Centralia, WA",Micropolitan,2024,58706.0,1,
16540,"Chambersburg, PA",Metropolitan,2019,47430.0,1,
16540,"Chambersburg, PA",Metropolitan,2020,51147.0,1,
16540,"Chambersburg, PA",Metropolitan,2021,54921.0,1,
16540,"Chambersburg, PA",Metropolitan,2022,55714.0,1,
16540,"Chambersburg, PA",Metropolitan,2023,57540.0,1,
16540,"Chambersburg, PA",Metropolitan,2024,60189.0,1,
16580,"Champaign-Urbana, IL",Metropolitan,2019,46994.0,3,
16580,"Champaign-Urbana, IL",Metropolitan,2020,51007.0,3,
16580,"Champaign-Urbana, IL",Metropolitan,2021,55463.0,3,
16580,"Champaign-Urbana, IL",Metropolitan,2022,56754.0,3,
16580,"Champaign-Urbana, IL",Metropolitan,2023,59518.0,3,
16580,"Champaign-Urbana, IL",Metropolitan,2024,61146.0,3,
16620,"Charleston, WV",Metropolitan,2019,46717.0,3,
16620,"Charleston, WV",Metropolitan,2020,49395.0,3,
16620,"Charleston, WV",Metropolitan,2021,53416.0,3,
16620,"Charleston, WV",Metropolitan,2022,55482.0,3,
16620,"Charleston, WV",Metropolitan,2023,58605.0,3,
16620,"Charleston, WV",Metropolitan,2024,61182.0,3,
16660,"Charleston-Mattoon, IL",Micropolitan,2019,43354.0,1,
16660,"Charleston-Mattoon, IL",Micropolitan,2020,47815.0,1,
16660,"Charleston-Mattoon, IL",Micropolitan,2021,52285.0,1,
16660,"Charleston-Mattoon, IL",Micropolitan,2022,52366.0,1,
16660,"Charleston-Mattoon, IL",Micropolitan,2023,55410.0,1,
16660,"Charleston-Mattoon, IL",Micropolitan,2024,57854.0,1,
16700,"Charleston-North Charleston, SC",Metropolitan,2019,54545.0,3,
16700,"Charleston-North Charleston, SC",Metropolitan,2020,56670.0,3,
16700,"Charleston-North Charleston, SC",Metropolitan,2021,62155.0,3,
16700,"Charleston-North Charleston, SC",Metropolitan,2022,64972.0,3,
16700,"Charleston-North Charleston, SC",Metropolitan,2023,69842.0,3,
16700,"Charleston-North Charleston, SC",Metropolitan,2024,73578.0,3,
16740,"Charlotte-Concord-Gastonia, NC-SC",Metropolitan,2019,54534.0,11,
16740,"Charlotte-Concord-Gastonia, NC-SC",Metropolitan,2020,58187.0,11,
16740,"Charlotte-Concord-Gastonia, NC-SC",Metropolitan,2021,63614.0,11,
16740,"Charlotte-Concord-Gastonia, NC-SC",Metropolitan,2022,66395.0,11,
16740,"Charlotte-Concord-Gastonia, NC-SC",Metropolitan,2023,69838.0,11,
16740,"Charlotte-Concord-Gastonia, NC-SC",Metropolitan,2024,73143.0,11,
16820,"Charlottesville, VA",Metropolitan,2019,67653.0,4,
16820,"Charlottesville, VA",Metropolitan,2020,68616.0,4,
16820,"Charlottesville, VA",Metropolitan,2021,79116.0,4,
16820,"Charlottesville, VA",Metropolitan,2022,84181.0,4,
16820,"Charlottesville, VA",Metropolitan,2023,91915.0,4,
16820,"Charlottesville, VA",Metropolitan,2024,96479.0,4,
16860,"Chattanooga, TN-GA",Metropolitan,2019,47669.0,6,
16860,"Chattanooga, TN-GA",Metropolitan,2020,50269.0,6,
16860,"Chattanooga, TN-GA",Metropolitan,2021,53933.0,6,
16860,"Chattanooga, TN-GA",Metropolitan,2022,55984.0,6,
16860,"Chattanooga, TN-GA",Metropolitan,2023,59516.0,6,
16860,"Chattanooga, TN-GA",Metropolitan,2024,62021.0,6,
16940,"Cheyenne, WY",Metropolitan,2019,52555.0,1,
16940,"Cheyenne, WY",Metropolitan,2020,55451.0,1,
16940,"Cheyenne, WY",Metropolitan,2021,60203.0,1,
16940,"Cheyenne, WY",Metropolitan,2022,61146.0,1,
16940,"Cheyenne, WY",Metropolitan,2023,63445.0,1,
16940,"Cheyenne, WY",Metropolitan,2024,66012.0,1,
16980,"Chicago-Naperville-Elgin, IL-IN",Metropolitan,2019,62470.0,13,
16980,"Chicago-Naperville-Elgin, IL-IN",Metropolitan,2020,66118.0,13,
16980,"Chicago-Naperville-Elgin, IL-IN",Metropolitan,2021,71738.0,13,
16980,"Chicago-Naperville-Elgin, IL-IN",Metropolitan,2022,72959.0,13,
16980,"Chicago-Naperville-Elgin, IL-IN",Metropolitan,2023,77031.0,13,
16980,"Chicago-Naperville-Elgin, IL-IN",Metropolitan,2024,79997.0,13,
17020,"Chico, CA",Metropolitan,2019,45912.0,1,
17020,"Chico, CA",Metropolitan,2020,51342.0,1,
17020,"Chico, CA",Metropolitan,2021,56051.0,1,
17020,"Chico, CA",Metropolitan,2022,54273.0,1,
17020,"Chico, CA",Metropolitan,2023,57045.0,1,
17020,"Chico, CA",Metropolitan,2024,61191.0,1,
17060,"Chillicothe, OH",Micropolitan,2019,38440.0,1,
17060,"Chillicothe, OH",Micropolitan,2020,42145.0,1,
17060,"Chillicothe, OH",Micropolitan,2021,45532.0,1,
17060,"Chillicothe, OH",Micropolitan,2022,45196.0,1,
17060,"Chillicothe, OH",Micropolitan,2023,46952.0,1,
17060,"Chillicothe, OH",Micropolitan,2024,48854.0,1,
17140,"Cincinnati, OH-KY-IN",Metropolitan,2019,55332.0,15,
17140,"Cincinnati, OH-KY-IN",Metropolitan,2020,58797.0,15,
17140,"Cincinnati, OH-KY-IN",Metropolitan,2021,64307.0,15,
17140,"Cincinnati, OH-KY-IN",Metropolitan,2022,65115.0,15,
17140,"Cincinnati, OH-KY-IN",Metropolitan,2023,68647.0,15,
17140,"Cincinnati, OH-KY-IN",Metropolitan,2024,71492.0,15,
17220,"Clarksburg, WV",Micropolitan,2019,48014.0,3,
17220,"Clarksburg, WV",Micropolitan,2020,49493.0,3,
17220,"Clarksburg, WV",Micropolitan,2021,53964.0,3,
17220,"Clarksburg, WV",Micropolitan,2022,56250.0,3,
17220,"Clarksburg, WV",Micropolitan,2023,59522.0,3,
17220,"Clarksburg, WV",Micropolitan,2024,61692.0,3,
17260,"Clarksdale, MS",Micropolitan,2019,37030.0,1,
17260,"Clarksdale, MS",Micropolitan,2020,41212.0,1,
17260,"Clarksdale, MS",Micropolitan,2021,46377.0,1,
17260,"Clarksdale, MS",Micropolitan,2022,44761.0,1,
17260,"Clarksdale, MS",Micropolitan,2023,48095.0,1,
17260,"Clarksdale, MS",Micropolitan,2024,49673.0,1,
17300,"Clarksville, TN-KY",Metropolitan,2019,41100.0,4,
17300,"Clarksville, TN-KY",Metropolitan,2020,44615.0,4,
17300,"Clarksville, TN-KY",Metropolitan,2021,48566.0,4,
17300,"Clarksville, TN-KY",Metropolitan,2022,48793.0,4,
17300,"Clarksville, TN-KY",Metropolitan,2023,50992.0,4,
17300,"Clarksville, TN-KY",Metropolitan,2024,53194.0,4,
17340,"Clearlake, CA",Micropolitan,2019,40193.0,1,
17340,"Clearlake, CA",Micropolitan,2020,43965.0,1,
17340,"Clearlake, CA",Micropolitan,2021,46985.0,1,
17340,"Clearlake, CA",Micropolitan,2022,45772.0,1,
17340,"Clearlake, CA",Micropolitan,2023,48323.0,1,
17340,"Clearlake, CA",Micropolitan,2024,52606.0,1,
17380,"Cleveland, MS",Micropolitan,2019,37310.0,1,
17380,"Cleveland, MS",Micropolitan,2020,41867.0,1,
17380,"Cleveland, MS",Micropolitan,2021,48591.0,1,
17380,"Cleveland, MS",Micropolitan,2022,47065.0,1,
17380,"Cleveland, MS",Micropolitan,2023,51558.0,1,
17380,"Cleveland, MS",Micropolitan,2024,51666.0,1,
17410,"Cleveland, OH",Metropolitan,2019,53408.0,6,
17410,"Cleveland, OH",Metropolitan,2020,56323.0,6,
17410,"Cleveland, OH",Metropolitan,2021,61528.0,6,
17410,"Cleveland, OH",Metropolitan,2022,62895.0,6,
17410,"Cleveland, OH",Metropolitan,2023,67376.0,6,
17410,"Cleveland, OH",Metropolitan,2024,70558.0,6,
17420,"Cleveland, TN",Metropolitan,2019,39136.0,2,
17420,"Cleveland, TN",Metropolitan,2020,42094.0,2,
17420,"Cleveland, TN",Metropolitan,2021,45863.0,2,
17420,"Cleveland, TN",Metropolitan,2022,47117.0,2,
17420,"Cleveland, TN",Metropolitan,2023,49478.0,2,
17420,"Cleveland, TN",Metropolitan,2024,51903.0,2,
17500,"Clewiston, FL",Micropolitan,2019,33243.0,2,
17500,"Clewiston, FL",Micropolitan,2020,36439.0,2,
17500,"Clewiston, FL",Micropolitan,2021,38915.0,2,
17500,"Clewiston, FL",Micropolitan,2022,37836.0,2,
17500,"Clewiston, FL",Micropolitan,2023,39135.0,2,
17500,"Clewiston, FL",Micropolitan,2024,40505.0,2,
17540,"Clinton, IA",Micropolitan,2019,44915.0,1,
17540,"Clinton, IA",Micropolitan,2020,47592.0,1,
17540,"Clinton, IA",Micropolitan,2021,51724.0,1,
17540,"Clinton, IA",Micropolitan,2022,52408.0,1,
17540,"Clinton, IA",Micropolitan,2023,53543.0,1,
17540,"Clinton, IA",Micropolitan,2024,55587.0,1,
17580,"Clovis, NM",Micropolitan,2019,43046.0,2,
17580,"Clovis, NM",Micropolitan,2020,47044.0,2,
17580,"Clovis, NM",Micropolitan,2021,50075.0,2,
17580,"Clovis, NM",Micropolitan,2022,55614.0,2,
17580,"Clovis, NM",Micropolitan,2023,54908.0,2,
17580,"Clovis, NM",Micropolitan,2024,57712.0,2,
17650,"Cody, WY",Micropolitan,2019,59578.0,1,
17650,"Cody, WY",Micropolitan,2020,61127.0,1,
17650,"Cody, WY",Micropolitan,2021,68736.0,1,
17650,"Cody, WY",Micropolitan,2022,73121.0,1,
17650,"Cody, WY",Micropolitan,2023,78394.0,1,
17650,"Cody, WY",Micropolitan,2024,80914.0,1,
17660,"Coeur d'Alene, ID",Metropolitan,2019,47798.0,1,
17660,"Coeur d'Alene, ID",Metropolitan,2020,51576.0,1,
17660,"Coeur d'Alene, ID",Metropolitan,2021,58898.0,1,
17660,"Coeur d'Alene, ID",Metropolitan,2022,59860.0,1,
17660,"Coeur d'Alene, ID",Metropolitan,2023,63800.0,1,
17660,"Coeur d'Alene, ID",Metropolitan,2024,66815.0,1,
17740,"Coldwater, MI",Micropolitan,2019,36033.0,1,
17740,"Coldwater, MI",Micropolitan,2020,40200.0,1,
17740,"Coldwater, MI",Micropolitan,2021,43347.0,1,
17740,"Coldwater, MI",Micropolitan,2022,43743.0,1,
17740,"Coldwater, MI",Micropolitan,2023,44934.0,1,
17740,"Coldwater, MI",Micropolitan,2024,47018.0,1,
17780,"College Station-Bryan, TX",Metropolitan,2019,41695.0,3,
17780,"College Station-Bryan, TX",Metropolitan,2020,44059.0,3,
17780,"College Station-Bryan, TX",Metropolitan,2021,49045.0,3,
17780,"College Station-Bryan, TX",Metropolitan,2022,49379.0,3,
17780,"College Station-Bryan, TX",Metropolitan,2023,51650.0,3,
17780,"College Station-Bryan, TX",Metropolitan,2024,54070.0,3,
17820,"Colorado Springs, CO",Metropolitan,2019,50605.0,2,
17820,"Colorado Springs, CO",Metropolitan,2020,54398.0,2,
17820,"Colorado Springs, CO",Metropolitan,2021,59655.0,2,
17820,"Colorado Springs, CO",Metropolitan,2022,61769.0,2,
17820,"Colorado Springs, CO",Metropolitan,2023,65660.0,2,
17820,"Colorado Springs, CO",Metropolitan,2024,68989.0,2,
17860,"Columbia, MO",Metropolitan,2019,47505.0,3,
17860,"Columbia, MO",Metropolitan,2020,50095.0,3,
17860,"Columbia, MO",Metropolitan,2021,54055.0,3,
17860,"Columbia, MO",Metropolitan,2022,55467.0,3,
17860,"Columbia, MO",Metropolitan,2023,58490.0,3,
17860,"Columbia, MO",Metropolitan,2024,61259.0,3,
17900,"Columbia, SC",Metropolitan,2019,46720.0,6,
17900,"Columbia, SC",Metropolitan,2020,49467.0,6,
17900,"Columbia, SC",Metropolitan,2021,54163.0,6,
17900,"Columbia, SC",Metropolitan,2022,54781.0,6,
17900,"Columbia, SC",Metropolitan,2023,57959.0,6,
17900,"Columbia, SC",Metropolitan,2024,61458.0,6,
17980,"Columbus, GA-AL",Metropolitan,2019,39994.0,7,
17980,"Columbus, GA-AL",Metropolitan,2020,42910.0,7,
17980,"Columbus, GA-AL",Metropolitan,2021,46863.0,7,
17980,"Columbus, GA-AL",Metropolitan,2022,47675.0,7,
17980,"Columbus, GA-AL",Metropolitan,2023,50575.0,7,
17980,"Columbus, GA-AL",Metropolitan,2024,53312.0,7,
18020,"Columbus, IN",Metropolitan,2019,54331.0,1,
18020,"Columbus, IN",Metropolitan,2020,57448.0,1,
18020,"Columbus, IN",Metropolitan,2021,60551.0,1,
18020,"Columbus, IN",Metropolitan,2022,62368.0,1,
18020,"Columbus, IN",Metropolitan,2023,66993.0,1,
18020,"Columbus, IN",Metropolitan,2024,70262.0,1,
18060,"Columbus, MS",Micropolitan,2019,39340.0,2,
18060,"Columbus, MS",Micropolitan,2020,42640.0,2,
18060,"Columbus, MS",Micropolitan,2021,47676.0,2,
18060,"Columbus, MS",Micropolitan,2022,47576.0,2,
18060,"Columbus, MS",Micropolitan,2023,50368.0,2,
18060,"Columbus, MS",Micropolitan,2024,53196.0,2,
18100,"Columbus, NE",Micropolitan,2019,47267.0,2,
18100,"Columbus, NE",Micropolitan,2020,50952.0,2,
18100,"Columbus, NE",Micropolitan,2021,58009.0,2,
18100,"Columbus, NE",Micropolitan,2022,57325.0,2,
18100,"Columbus, NE",Micropolitan,2023,61047.0,2,
18100,"Columbus, NE",Micropolitan,2024,60471.0,2,
18140,"Columbus, OH",Metropolitan,2019,52024.0,10,
18140,"Columbus, OH",Metropolitan,2020,55781.0,10,
18140,"Columbus, OH",Metropolitan,2021,61058.0,10,
18140,"Columbus, OH",Metropolitan,2022,62141.0,10,
18140,"Columbus, OH",Metropolitan,2023,65206.0,10,
18140,"Columbus, OH",Metropolitan,2024,68096.0,10,
18180,"Concord, NH",Micropolitan,2019,59617.0,1,
18180,"Concord, NH",Micropolitan,2020,63598.0,1,
18180,"Concord, NH",Micropolitan,2021,67164.0,1,
18180,"Concord, NH",Micropolitan,2022,70176.0,1,
18180,"Concord, NH",Micropolitan,2023,74339.0,1,
18180,"Concord, NH",Micropolitan,2024,78153.0,1,
18220,"Connersville, IN",Micropolitan,2019,40296.0,1,
18220,"Connersville, IN",Micropolitan,2020,44154.0,1,
18220,"Connersville, IN",Micropolitan,2021,47719.0,1,
18220,"Connersville, IN",Micropolitan,2022,47731.0,1,
18220,"Connersville, IN",Micropolitan,2023,50357.0,1,
18220,"Connersville, IN",Micropolitan,2024,51950.0,1,
18260,"Cookeville, TN",Micropolitan,2019,38468.0,4,
18260,"Cookeville, TN",Micropolitan,2020,41270.0,4,
18260,"Cookeville, TN",Micropolitan,2021,45205.0,4,
18260,"Cookeville, TN",Micropolitan,2022,45033.0,4,
18260,"Cookeville, TN",Micropolitan,2023,47842.0,4,
18260,"Cookeville, TN",Micropolitan,2024,50239.0,4,
18300,"Coos Bay-North Bend, OR",Micropolitan,2019,45969.0,1,
18300,"Coos Bay-North Bend, OR",Micropolitan,2020,50839.0,1,
18300,"Coos Bay-North Bend, OR",Micropolitan,2021,54871.0,1,
18300,"Coos Bay-North Bend, OR",Micropolitan,2022,55016.0,1,
18300,"Coos Bay-North Bend, OR",Micropolitan,2023,58852.0,1,
18300,"Coos Bay-North Bend, OR",Micropolitan,2024,62682.0,1,
18340,"Corbin, KY",Micropolitan,2019,32668.0,4,
18340,"Corbin, KY",Micropolitan,2020,36997.0,4,
18340,"Corbin, KY",Micropolitan,2021,40983.0,4,
18340,"Corbin, KY",Micropolitan,2022,39947.0,4,
18340,"Corbin, KY",Micropolitan,2023,42121.0,4,
18340,"Corbin, KY",Micropolitan,2024,44678.0,4,
18380,"Cordele, GA",Micropolitan,2019,37185.0,1,
18380,"Cordele, GA",Micropolitan,2020,41989.0,1,
18380,"Cordele, GA",Micropolitan,2021,46336.0,1,
18380,"Cordele, GA",Micropolitan,2022,46317.0,1,
18380,"Cordele, GA",Micropolitan,2023,48969.0,1,
18380,"Cordele, GA",Micropolitan,2024,50481.0,1,
18420,"Corinth, MS",Micropolitan,2019,38560.0,1,
18420,"Corinth, MS",Micropolitan,2020,41719.0,1,
18420,"Corinth, MS",Micropolitan,2021,44759.0,1,
18420,"Corinth, MS",Micropolitan,2022,44836.0,1,
18420,"Corinth, MS",Micropolitan,2023,47928.0,1,
18420,"Corinth, MS",Micropolitan,2024,48741.0,1,
18460,"Cornelia, GA",Micropolitan,2019,34865.0,1,
18460,"Cornelia, GA",Micropolitan,2020,36987.0,1,
18460,"Cornelia, GA",Micropolitan,2021,39454.0,1,
18460,"Cornelia, GA",Micropolitan,2022,40453.0,1,
18460,"Cornelia, GA",Micropolitan,2023,41188.0,1,
18460,"Cornelia, GA",Micropolitan,2024,43929.0,1,
18500,"Corning, NY",Micropolitan,2019,47075.0,1,
18500,"Corning, NY",Micropolitan,2020,51341.0,1,
18500,"Corning, NY",Micropolitan,2021,54505.0,1,
18500,"Corning, NY",Micropolitan,2022,55066.0,1,
18500,"Corning, NY",Micropolitan,2023,56769.0,1,
18500,"Corning, NY",Micropolitan,2024,59218.0,1,
18580,"Corpus Christi, TX",Metropolitan,2019,47038.0,3,
18580,"Corpus Christi, TX",Metropolitan,2020,48572.0,3,
18580,"Corpus Christi, TX",Metropolitan,2021,53660.0,3,
18580,"Corpus Christi, TX",Metropolitan,2022,54403.0,3,
18580,"Corpus Christi, TX",Metropolitan,2023,56116.0,3,
18580,"Corpus Christi, TX",Metropolitan,2024,58257.0,3,
18620,"Corsicana, TX",Micropolitan,2019,39091.0,1,
18620,"Corsicana, TX",Micropolitan,2020,41450.0,1,
18620,"Corsicana, TX",Micropolitan,2021,45203.0,1,
18620,"Corsicana, TX",Micropolitan,2022,45504.0,1,
18620,"Corsicana, TX",Micropolitan,2023,47743.0,1,
18620,"Corsicana, TX",Micropolitan,2024,48906.0,1,
18660,"Cortland, NY",Micropolitan,2019,41276.0,1,
18660,"Cortland, NY",Micropolitan,2020,46044.0,1,
18660,"Cortland, NY",Micropolitan,2021,48593.0,1,
18660,"Cortland, NY",Micropolitan,2022,48989.0,1,
18660,"Cortland, NY",Micropolitan,2023,50540.0,1,
18660,"Cortland, NY",Micropolitan,2024,52477.0,1,
18700,"Corvallis, OR",Metropolitan,2019,46732.0,1,
18700,"Corvallis, OR",Metropolitan,2020,50763.0,1,
18700,"Corvallis, OR",Metropolitan,2021,57530.0,1,
18700,"Corvallis, OR",Metropolitan,2022,56103.0,1,
18700,"Corvallis, OR",Metropolitan,2023,59434.0,1,
18700,"Corvallis, OR",Metropolitan,2024,62473.0,1,
18740,"Coshocton, OH",Micropolitan,2019,35676.0,1,
18740,"Coshocton, OH",Micropolitan,2020,39353.0,1,
18740,"Coshocton, OH",Micropolitan,2021,43090.0,1,
18740,"Coshocton, OH",Micropolitan,2022,42488.0,1,
18740,"Coshocton, OH",Micropolitan,2023,45018.0,1,
18740,"Coshocton, OH",Micropolitan,2024,46704.0,1,
18820,"Crawfordsville, IN",Micropolitan,2019,40742.0,1,
18820,"Crawfordsville, IN",Micropolitan,2020,44577.0,1,
18820,"Crawfordsville, IN",Micropolitan,2021,49481.0,1,
18820,"Crawfordsville, IN",Micropolitan,2022,50145.0,1,
18820,"Crawfordsville, IN",Micropolitan,2023,51979.0,1,
18820,"Crawfordsville, IN",Micropolitan,2024,53534.0,1,
18860,"Crescent City, CA",Micropolitan,2019,36526.0,1,
18860,"Crescent City, CA",Micropolitan,2020,41464.0,1,
18860,"Crescent City, CA",Micropolitan,2021,44670.0,1,
18860,"Crescent City, CA",Micropolitan,2022,44956.0,1,
18860,"Crescent City, CA",Micropolitan,2023,46919.0,1,
18860,"Crescent City, CA",Micropolitan,2024,50144.0,1,
18880,"Crestview-Fort Walton Beach-Destin, FL",Metropolitan,2019,55955.0,2,
18880,"Crestview-Fort Walton Beach-Destin, FL",Metropolitan,2020,58949.0,2,
18880,"Crestview-Fort Walton Beach-Destin, FL",Metropolitan,2021,65960.0,2,
18880,"Crestview-Fort Walton Beach-Destin, FL",Metropolitan,2022,67354.0,2,
18880,"Crestview-Fort Walton Beach-Destin, FL",Metropolitan,2023,71266.0,2,
18880,"Crestview-Fort Walton Beach-Destin, FL",Metropolitan,2024,74424.0,2,
18900,"Crossville, TN",Micropolitan,2019,38695.0,1,
18900,"Crossville, TN",Micropolitan,2020,41422.0,1,
18900,"Crossville, TN",Micropolitan,2021,45003.0,1,
18900,"Crossville, TN",Micropolitan,2022,45442.0,1,
18900,"Crossville, TN",Micropolitan,2023,49751.0,1,
18900,"Crossville, TN",Micropolitan,2024,52483.0,1,
18980,"Cullman, AL",Micropolitan,2019,39863.0,1,
18980,"Cullman, AL",Micropolitan,2020,41514.0,1,
18980,"Cullman, AL",Micropolitan,2021,47001.0,1,
18980,"Cullman, AL",Micropolitan,2022,49786.0,1,
18980,"Cullman, AL",Micropolitan,2023,50945.0,1,
18980,"Cullman, AL",Micropolitan,2024,53577.0,1,
19060,"Cumberland, MD-WV",Micropolitan,2019,41916.0,2,
19060,"Cumberland, MD-WV",Micropolitan,2020,45540.0,2,
19060,"Cumberland, MD-WV",Micropolitan,2021,48334.0,2,
19060,"Cumberland, MD-WV",Micropolitan,2022,47109.0,2,
19060,"Cumberland, MD-WV",Micropolitan,2023,49523.0,2,
19060,"Cumberland, MD-WV",Micropolitan,2024,52850.0,2,
19100,"Dallas-Fort Worth-Arlington, TX",Metropolitan,2019,59432.0,11,
19100,"Dallas-Fort Worth-Arlington, TX",Metropolitan,2020,61419.0,11,
19100,"Dallas-Fort Worth-Arlington, TX",Metropolitan,2021,67886.0,11,
19100,"Dallas-Fort Worth-Arlington, TX",Metropolitan,2022,71624.0,11,
19100,"Dallas-Fort Worth-Arlington, TX",Metropolitan,2023,75393.0,11,
19100,"Dallas-Fort Worth-Arlington, TX",Metropolitan,2024,77801.0,11,
19140,"Dalton, GA",Metropolitan,2019,37689.0,2,
19140,"Dalton, GA",Metropolitan,2020,40387.0,2,
19140,"Dalton, GA",Metropolitan,2021,44346.0,2,
19140,"Dalton, GA",Metropolitan,2022,43921.0,2,
19140,"Dalton, GA",Metropolitan,2023,45173.0,2,
19140,"Dalton, GA",Metropolitan,2024,47297.0,2,
19180,"Danville, IL",Micropolitan,2019,39800.0,1,
19180,"Danville, IL",Micropolitan,2020,44386.0,1,
19180,"Danville, IL",Micropolitan,2021,49300.0,1,
19180,"Danville, IL",Micropolitan,2022,49528.0,1,
19180,"Danville, IL",Micropolitan,2023,51600.0,1,
19180,"Danville, IL",Micropolitan,2024,52819.0,1,
19220,"Danville, KY",Micropolitan,2019,36770.0,2,
19220,"Danville, KY",Micropolitan,2020,40051.0,2,
19220,"Danville, KY",Micropolitan,2021,43342.0,2,
19220,"Danville, KY",Micropolitan,2022,44207.0,2,
19220,"Danville, KY",Micropolitan,2023,46211.0,2,
19220,"Danville, KY",Micropolitan,2024,48213.0,2,
19260,"Danville, VA",Micropolitan,2019,37218.0,1,
19260,"Danville, VA",Micropolitan,2020,40631.0,1,
19260,"Danville, VA",Micropolitan,2021,44227.0,1,
19260,"Danville, VA",Micropolitan,2022,45618.0,1,
19260,"Danville, VA",Micropolitan,2023,48453.0,1,
19260,"Danville, VA",Micropolitan,2024,50485.0,1,
19300,"Daphne-Fairhope-Foley, AL",Metropolitan,2019,47921.0,1,
19300,"Daphne-Fairhope-Foley, AL",Metropolitan,2020,50935.0,1,
19300,"Daphne-Fairhope-Foley, AL",Metropolitan,2021,56504.0,1,
19300,"Daphne-Fairhope-Foley, AL",Metropolitan,2022,57721.0,1,
19300,"Daphne-Fairhope-Foley, AL",Metropolitan,2023,61354.0,1,
19300,"Daphne-Fairhope-Foley, AL",Metropolitan,2024,63905.0,1,
19340,"Davenport-Moline-Rock Island, IA-IL",Metropolitan,2019,48428.0,4,
19340,"Davenport-Moline-Rock Island, IA-IL",Metropolitan,2020,51890.0,4,
19340,"Davenport-Moline-Rock Island, IA-IL",Metropolitan,2021,56067.0,4,
19340,"Davenport-Moline-Rock Island, IA-IL",Metropolitan,2022,57077.0,4,
19340,"Davenport-Moline-Rock Island, IA-IL",Metropolitan,2023,59907.0,4,
19340,"Davenport-Moline-Rock Island, IA-IL",Metropolitan,2024,62437.0,4,
19430,"Dayton-Kettering-Beavercreek, OH",Metropolitan,2019,48387.0,3,
19430,"Dayton-Kettering-Beavercreek, OH",Metropolitan,2020,52182.0,3,
19430,"Dayton-Kettering-Beavercreek, OH",Metropolitan,2021,56168.0,3,
19430,"Dayton-Kettering-Beavercreek, OH",Metropolitan,2022,56465.0,3,
19430,"Dayton-Kettering-Beavercreek, OH",Metropolitan,2023,59781.0,3,
19430,"Dayton-Kettering-Beavercreek, OH",Metropolitan,2024,62359.0,3,
19460,"Decatur, AL",Metropolitan,2019,39415.0,2,
19460,"Decatur, AL",Metropolitan,2020,42069.0,2,
19460,"Decatur, AL",Metropolitan,2021,45753.0,2,
19460,"Decatur, AL",Metropolitan,2022,46816.0,2,
19460,"Decatur, AL",Metropolitan,2023,48766.0,2,
19460,"Decatur, AL",Metropolitan,2024,51240.0,2,
19500,"Decatur, IL",Metropolitan,2019,47288.0,1,
19500,"Decatur, IL",Metropolitan,2020,51670.0,1,
19500,"Decatur, IL",Metropolitan,2021,56207.0,1,
19500,"Decatur, IL",Metropolitan,2022,57306.0,1,
19500,"Decatur, IL",Metropolitan,2023,59988.0,1,
19500,"Decatur, IL",Metropolitan,2024,61375.0,1,
19540,"Decatur, IN",Micropolitan,2019,39764.0,1,
19540,"Decatur, IN",Micropolitan,2020,42645.0,1,
19540,"Decatur, IN",Micropolitan,2021,47595.0,1,
19540,"Decatur, IN",Micropolitan,2022,49725.0,1,
19540,"Decatur, IN",Micropolitan,2023,51122.0,1,
19540,"Decatur, IN",Micropolitan,2024,53240.0,1,
19580,"Defiance, OH",Micropolitan,2019,41239.0,1,
19580,"Defiance, OH",Micropolitan,2020,44275.0,1,
19580,"Defiance, OH",Micropolitan,2021,48246.0,1,
19580,"Defiance, OH",Micropolitan,2022,48038.0,1,
19580,"Defiance, OH",Micropolitan,2023,49778.0,1,
19580,"Defiance, OH",Micropolitan,2024,51182.0,1,
19620,"Del Rio, TX",Micropolitan,2019,39619.0,1,
19620,"Del Rio, TX",Micropolitan,2020,42553.0,1,
19620,"Del Rio, TX",Micropolitan,2021,47328.0,1,
19620,"Del Rio, TX",Micropolitan,2022,48184.0,1,
19620,"Del Rio, TX",Micropolitan,2023,49929.0,1,
19620,"Del Rio, TX",Micropolitan,2024,52067.0,1,
19660,"Deltona-Daytona Beach-Ormond Beach, FL",Metropolitan,2019,46639.0,2,
19660,"Deltona-Daytona Beach-Ormond Beach, FL",Metropolitan,2020,48349.0,2,
19660,"Deltona-Daytona Beach-Ormond Beach, FL",Metropolitan,2021,53131.0,2,
19660,"Deltona-Daytona Beach-Ormond Beach, FL",Metropolitan,2022,54301.0,2,
19660,"Deltona-Daytona Beach-Ormond Beach, FL",Metropolitan,2023,57970.0,2,
19660,"Deltona-Daytona Beach-Ormond Beach, FL",Metropolitan,2024,60638.0,2,
19700,"Deming, NM",Micropolitan,2019,31285.0,1,
19700,"Deming, NM",Micropolitan,2020,35667.0,1,
19700,"Deming, NM",Micropolitan,2021,39107.0,1,
19700,"Deming, NM",Micropolitan,2022,38312.0,1,
19700,"Deming, NM",Micropolitan,2023,39928.0,1,
19700,"Deming, NM",Micropolitan,2024,40780.0,1,
19740,"Denver-Aurora-Centennial, CO",Metropolitan,2019,67590.0,10,
19740,"Denver-Aurora-Centennial, CO",Metropolitan,2020,71295.0,10,
19740,"Denver-Aurora-Centennial, CO",Metropolitan,2021,79690.0,10,
19740,"Denver-Aurora-Centennial, CO",Metropolitan,2022,86187.0,10,
19740,"Denver-Aurora-Centennial, CO",Metropolitan,2023,89347.0,10,
19740,"Denver-Aurora-Centennial, CO",Metropolitan,2024,92174.0,10,
19760,"DeRidder, LA",Micropolitan,2019,44084.0,1,
19760,"DeRidder, LA",Micropolitan,2020,47739.0,1,
19760,"DeRidder, LA",Micropolitan,2021,50584.0,1,
19760,"DeRidder, LA",Micropolitan,2022,50639.0,1,
19760,"DeRidder, LA",Micropolitan,2023,53035.0,1,
19760,"DeRidder, LA",Micropolitan,2024,55690.0,1,
19780,"Des Moines-West Des Moines, IA",Metropolitan,2019,54722.0,6,
19780,"Des Moines-West Des Moines, IA",Metropolitan,2020,58262.0,6,
19780,"Des Moines-West Des Moines, IA",Metropolitan,2021,63348.0,6,
19780,"Des Moines-West Des Moines, IA",Metropolitan,2022,65172.0,6,
19780,"Des Moines-West Des Moines, IA",Metropolitan,2023,68370.0,6,
19780,"Des Moines-West Des Moines, IA",Metropolitan,2024,71015.0,6,
19810,"Detroit Lakes, MN",Micropolitan,2019,47508.0,1,
19810,"Detroit Lakes, MN",Micropolitan,2020,51442.0,1,
19810,"Detroit Lakes, MN",Micropolitan,2021,56761.0,1,
19810,"Detroit Lakes, MN",Micropolitan,2022,57328.0,1,
19810,"Detroit Lakes, MN",Micropolitan,2023,60512.0,1,
19810,"Detroit Lakes, MN",Micropolitan,2024,63369.0,1,
19820,"Detroit-Warren-Dearborn, MI",Metropolitan,2019,52859.0,6,
19820,"Detroit-Warren-Dearborn, MI",Metropolitan,2020,57041.0,6,
19820,"Detroit-Warren-Dearborn, MI",Metropolitan,2021,60910.0,6,
19820,"Detroit-Warren-Dearborn, MI",Metropolitan,2022,62491.0,6,
19820,"Detroit-Warren-Dearborn, MI",Metropolitan,2023,66189.0,6,
19820,"Detroit-Warren-Dearborn, MI",Metropolitan,2024,68889.0,6,
19860,"Dickinson, ND",Micropolitan,2019,64275.0,3,
19860,"Dickinson, ND",Micropolitan,2020,63087.0,3,
19860,"Dickinson, ND",Micropolitan,2021,66729.0,3,
19860,"Dickinson, ND",Micropolitan,2022,72314.0,3,
19860,"Dickinson, ND",Micropolitan,2023,74661.0,3,
19860,"Dickinson, ND",Micropolitan,2024,76208.0,3,
19940,"Dixon, IL",Micropolitan,2019,42159.0,1,
19940,"Dixon, IL",Micropolitan,2020,46768.0,1,
19940,"Dixon, IL",Micropolitan,2021,51458.0,1,
19940,"Dixon, IL",Micropolitan,2022,51953.0,1,
19940,"Dixon, IL",Micropolitan,2023,54314.0,1,
19940,"Dixon, IL",Micropolitan,2024,55487.0,1,
19980,"Dodge City, KS",Micropolitan,2019,38661.0,1,
19980,"Dodge City, KS",Micropolitan,2020,44567.0,1,
19980,"Dodge City, KS",Micropolitan,2021,47398.0,1,
19980,"Dodge City, KS",Micropolitan,2022,47545.0,1,
19980,"Dodge City, KS",Micropolitan,2023,47529.0,1,
19980,"Dodge City, KS",Micropolitan,2024,48817.0,1,
20020,"Dothan, AL",Metropolitan,2019,42548.0,3,
20020,"Dothan, AL",Metropolitan,2020,45767.0,3,
20020,"Dothan, AL",Metropolitan,2021,50289.0,3,
20020,"Dothan, AL",Metropolitan,2022,50466.0,3,
20020,"Dothan, AL",Metropolitan,2023,52919.0,3,
20020,"Dothan, AL",Metropolitan,2024,55625.0,3,
20060,"Douglas, GA",Micropolitan,2019,32353.0,2,
20060,"Douglas, GA",Micropolitan,2020,35070.0,2,
20060,"Douglas, GA",Micropolitan,2021,40159.0,2,
20060,"Douglas, GA",Micropolitan,2022,38987.0,2,
20060,"Douglas, GA",Micropolitan,2023,39863.0,2,
20060,"Douglas, GA",Micropolitan,2024,42167.0,2,
20100,"Dover, DE",Metropolitan,2019,44271.0,1,
20100,"Dover, DE",Metropolitan,2020,45392.0,1,
20100,"Dover, DE",Metropolitan,2021,49547.0,1,
20100,"Dover, DE",Metropolitan,2022,50951.0,1,
20100,"Dover, DE",Metropolitan,2023,52818.0,1,
20100,"Dover, DE",Metropolitan,2024,55474.0,1,
20140,"Dublin, GA",Micropolitan,2019,35298.0,2,
20140,"Dublin, GA",Micropolitan,2020,38748.0,2,
20140,"Dublin, GA",Micropolitan,2021,42538.0,2,
20140,"Dublin, GA",Micropolitan,2022,41457.0,2,
20140,"Dublin, GA",Micropolitan,2023,44448.0,2,
20140,"Dublin, GA",Micropolitan,2024,46976.0,2,
20180,"DuBois, PA",Micropolitan,2019,44982.0,1,
20180,"DuBois, PA",Micropolitan,2020,49240.0,1,
20180,"DuBois, PA",Micropolitan,2021,53745.0,1,
20180,"DuBois, PA",Micropolitan,2022,54734.0,1,
20180,"DuBois, PA",Micropolitan,2023,55410.0,1,
20180,"DuBois, PA",Micropolitan,2024,57366.0,1,
20220,"Dubuque, IA",Metropolitan,2019,49522.0,1,
20220,"Dubuque, IA",Metropolitan,2020,52978.0,1,
20220,"Dubuque, IA",Metropolitan,2021,58097.0,1,
20220,"Dubuque, IA",Metropolitan,2022,60852.0,1,
20220,"Dubuque, IA",Metropolitan,2023,63620.0,1,
20220,"Dubuque, IA",Metropolitan,2024,66392.0,1,
20260,"Duluth, MN-WI",Metropolitan,2019,46573.0,3,
20260,"Duluth, MN-WI",Metropolitan,2020,49336.0,3,
20260,"Duluth, MN-WI",Metropolitan,2021,54256.0,3,
20260,"Duluth, MN-WI",Metropolitan,2022,54807.0,3,
20260,"Duluth, MN-WI",Metropolitan,2023,57101.0,3,
20260,"Duluth, MN-WI",Metropolitan,2024,60008.0,3,
20300,"Dumas, TX",Micropolitan,2019,47123.0,1,
20300,"Dumas, TX",Micropolitan,2020,50293.0,1,
20300,"Dumas, TX",Micropolitan,2021,55564.0,1,
20300,"Dumas, TX",Micropolitan,2022,59543.0,1,
20300,"Dumas, TX",Micropolitan,2023,62160.0,1,
20300,"Dumas, TX",Micropolitan,2024,62001.0,1,
20340,"Duncan, OK",Micropolitan,2019,43654.0,1,
20340,"Duncan, OK",Micropolitan,2020,45352.0,1,
20340,"Duncan, OK",Micropolitan,2021,47486.0,1,
20340,"Duncan, OK",Micropolitan,2022,50475.0,1,
20340,"Duncan, OK",Micropolitan,2023,52914.0,1,
20340,"Duncan, OK",Micropolitan,2024,55200.0,1,
20420,"Durango, CO",Micropolitan,2019,58995.0,1,
20420,"Durango, CO",Micropolitan,2020,60705.0,1,
20420,"Durango, CO",Micropolitan,2021,65442.0,1,
20420,"Durango, CO",Micropolitan,2022,71921.0,1,
20420,"Durango, CO",Micropolitan,2023,77474.0,1,
20420,"Durango, CO",Micropolitan,2024,81031.0,1,
20460,"Durant, OK",Micropolitan,2019,37821.0,1,
20460,"Durant, OK",Micropolitan,2020,40392.0,1,
20460,"Durant, OK",Micropolitan,2021,44491.0,1,
20460,"Durant, OK",Micropolitan,2022,44056.0,1,
20460,"Durant, OK",Micropolitan,2023,46307.0,1,
20460,"Durant, OK",Micropolitan,2024,48009.0,1,
20500,"Durham-Chapel Hill, NC",Metropolitan,2019,56505.0,4,
20500,"Durham-Chapel Hill, NC",Metropolitan,2020,59978.0,4,
20500,"Durham-Chapel Hill, NC",Metropolitan,2021,64840.0,4,
20500,"Durham-Chapel Hill, NC",Metropolitan,2022,67511.0,4,
20500,"Durham-Chapel Hill, NC",Metropolitan,2023,71853.0,4,
20500,"Durham-Chapel Hill, NC",Metropolitan,2024,75679.0,4,
20540,"Dyersburg, TN",Micropolitan,2019,42038.0,1,
20540,"Dyersburg, TN",Micropolitan,2020,46438.0,1,
20540,"Dyersburg, TN",Micropolitan,2021,52203.0,1,
20540,"Dyersburg, TN",Micropolitan,2022,50839.0,1,
20540,"Dyersburg, TN",Micropolitan,2023,54517.0,1,
20540,"Dyersburg, TN",Micropolitan,2024,57057.0,1,
20580,"Eagle Pass, TX",Metropolitan,2019,32525.0,1,
20580,"Eagle Pass, TX",Metropolitan,2020,35421.0,1,
20580,"Eagle Pass, TX",Metropolitan,2021,38951.0,1,
20580,"Eagle Pass, TX",Metropolitan,2022,39166.0,1,
20580,"Eagle Pass, TX",Metropolitan,2023,40719.0,1,
20580,"Eagle Pass, TX",Metropolitan,2024,41075.0,1,
20660,"Easton, MD",Micropolitan,2019,74027.0,1,
20660,"Easton, MD",Micropolitan,2020,78523.0,1,
20660,"Easton, MD",Micropolitan,2021,85586.0,1,
20660,"Easton, MD",Micropolitan,2022,91345.0,1,
20660,"Easton, MD",Micropolitan,2023,97931.0,1,
20660,"Easton, MD",Micropolitan,2024,102548.0,1,
20700,"East Stroudsburg, PA",Micropolitan,2019,44973.0,1,
20700,"East Stroudsburg, PA",Micropolitan,2020,48517.0,1,
20700,"East Stroudsburg, PA",Micropolitan,2021,51769.0,1,
20700,"East Stroudsburg, PA",Micropolitan,2022,51772.0,1,
20700,"East Stroudsburg, PA",Micropolitan,2023,54145.0,1,
20700,"East Stroudsburg, PA",Micropolitan,2024,56584.0,1,
20740,"Eau Claire, WI",Metropolitan,2019,48125.0,2,
20740,"Eau Claire, WI",Metropolitan,2020,51157.0,2,
20740,"Eau Claire, WI",Metropolitan,2021,55704.0,2,
20740,"Eau Claire, WI",Metropolitan,2022,56805.0,2,
20740,"Eau Claire, WI",Metropolitan,2023,59189.0,2,
20740,"Eau Claire, WI",Metropolitan,2024,61656.0,2,
20780,"Edwards, CO",Micropolitan,2019,82532.0,1,
20780,"Edwards, CO",Micropolitan,2020,89022.0,1,
20780,"Edwards, CO",Micropolitan,2021,102843.0,1,
20780,"Edwards, CO",Micropolitan,2022,117417.0,1,
20780,"Edwards, CO",Micropolitan,2023,130343.0,1,
20780,"Edwards, CO",Micropolitan,2024,137706.0,1,
20820,"Effingham, IL",Micropolitan,2019,55283.0,2,
20820,"Effingham, IL",Micropolitan,2020,61563.0,2,
20820,"Effingham, IL",Micropolitan,2021,67403.0,2,
20820,"Effingham, IL",Micropolitan,2022,70983.0,2,
20820,"Effingham, IL",Micropolitan,2023,75882.0,2,
20820,"Effingham, IL",Micropolitan,2024,79686.0,2,
20900,"El Campo, TX",Micropolitan,2019,46520.0,1,
20900,"El Campo, TX",Micropolitan,2020,48557.0,1,
20900,"El Campo, TX",Micropolitan,2021,53325.0,1,
20900,"El Campo, TX",Micropolitan,2022,53293.0,1,
20900,"El Campo, TX",Micropolitan,2023,56877.0,1,
20900,"El Campo, TX",Micropolitan,2024,58445.0,1,
20940,"El Centro, CA",Metropolitan,2019,37662.0,1,
20940,"El Centro, CA",Metropolitan,2020,46450.0,1,
20940,"El Centro, CA",Metropolitan,2021,48581.0,1,
20940,"El Centro, CA",Metropolitan,2022,46422.0,1,
20940,"El Centro, CA",Metropolitan,2023,48248.0,1,
20940,"El Centro, CA",Metropolitan,2024,52117.0,1,
20980,"El Dorado, AR",Micropolitan,2019,44846.0,1,
20980,"El Dorado, AR",Micropolitan,2020,50477.0,1,
20980,"El Dorado, AR",Micropolitan,2021,52366.0,1,
20980,"El Dorado, AR",Micropolitan,2022,52406.0,1,
20980,"El Dorado, AR",Micropolitan,2023,55608.0,1,
20980,"El Dorado, AR",Micropolitan,2024,57817.0,1,
21020,"Elizabeth City, NC",Micropolitan,2019,39623.0,1,
21020,"Elizabeth City, NC",Micropolitan,2020,43196.0,1,
21020,"Elizabeth City, NC",Micropolitan,2021,47667.0,1,
21020,"Elizabeth City, NC",Micropolitan,2022,48221.0,1,
21020,"Elizabeth City, NC",Micropolitan,2023,51010.0,1,
21020,"Elizabeth City, NC",Micropolitan,2024,53928.0,1,
21060,"Elizabethtown, KY",Metropolitan,2019,43616.0,2,
21060,"Elizabethtown, KY",Metropolitan,2020,47068.0,2,
21060,"Elizabethtown, KY",Metropolitan,2021,51545.0,2,
21060,"Elizabethtown, KY",Metropolitan,2022,52161.0,2,
21060,"Elizabethtown, KY",Metropolitan,2023,54572.0,2,
21060,"Elizabethtown, KY",Metropolitan,2024,57202.0,2,
21120,"Elk City, OK",Micropolitan,2019,36958.0,1,
21120,"Elk City, OK",Micropolitan,2020,37306.0,1,
21120,"Elk City, OK",Micropolitan,2021,39118.0,1,
21120,"Elk City, OK",Micropolitan,2022,39175.0,1,
21120,"Elk City, OK",Micropolitan,2023,42560.0,1,
21120,"Elk City, OK",Micropolitan,2024,44069.0,1,
21140,"Elkhart-Goshen, IN",Metropolitan,2019,45616.0,1,
21140,"Elkhart-Goshen, IN",Metropolitan,2020,48715.0,1,
21140,"Elkhart-Goshen, IN",Metropolitan,2021,57102.0,1,
21140,"Elkhart-Goshen, IN",Metropolitan,2022,58363.0,1,
21140,"Elkhart-Goshen, IN",Metropolitan,2023,58040.0,1,
21140,"Elkhart-Goshen, IN",Metropolitan,2024,60348.0,1,
21180,"Elkins, WV",Micropolitan,2019,39143.0,1,
21180,"Elkins, WV",Micropolitan,2020,42292.0,1,
21180,"Elkins, WV",Micropolitan,2021,45565.0,1,
21180,"Elkins, WV",Micropolitan,2022,45933.0,1,
21180,"Elkins, WV",Micropolitan,2023,48692.0,1,
21180,"Elkins, WV",Micropolitan,2024,50300.0,1,
21220,"Elko, NV",Micropolitan,2019,47293.0,2,
21220,"Elko, NV",Micropolitan,2020,50250.0,2,
21220,"Elko, NV",Micropolitan,2021,53722.0,2,
21220,"Elko, NV",Micropolitan,2022,54238.0,2,
21220,"Elko, NV",Micropolitan,2023,56258.0,2,
21220,"Elko, NV",Micropolitan,2024,58712.0,2,
21260,"Ellensburg, WA",Micropolitan,2019,46610.0,1,
21260,"Ellensburg, WA",Micropolitan,2020,48499.0,1,
21260,"Ellensburg, WA",Micropolitan,2021,53920.0,1,
21260,"Ellensburg, WA",Micropolitan,2022,53545.0,1,
21260,"Ellensburg, WA",Micropolitan,2023,57006.0,1,
21260,"Ellensburg, WA",Micropolitan,2024,59577.0,1,
21300,"Elmira, NY",Metropolitan,2019,45198.0,1,
21300,"Elmira, NY",Metropolitan,2020,49271.0,1,
21300,"Elmira, NY",Metropolitan,2021,52024.0,1,
21300,"Elmira, NY",Metropolitan,2022,52263.0,1,
21300,"Elmira, NY",Metropolitan,2023,54020.0,1,
21300,"Elmira, NY",Metropolitan,2024,56156.0,1,
21340,"El Paso, TX",Metropolitan,2019,36893.0,2,
21340,"El Paso, TX",Metropolitan,2020,40025.0,2,
21340,"El Paso, TX",Metropolitan,2021,44309.0,2,
21340,"El Paso, TX",Metropolitan,2022,44718.0,2,
21340,"El Paso, TX",Metropolitan,2023,46897.0,2,
21340,"El Paso, TX",Metropolitan,2024,49273.0,2,
21380,"Emporia, KS",Micropolitan,2019,40636.0,2,
21380,"Emporia, KS",Micropolitan,2020,45214.0,2,
21380,"Emporia, KS",Micropolitan,2021,48248.0,2,
21380,"Emporia, KS",Micropolitan,2022,47995.0,2,
21380,"Emporia, KS",Micropolitan,2023,50881.0,2,
21380,"Emporia, KS",Micropolitan,2024,51528.0,2,
21420,"Enid, OK",Metropolitan,2019,43353.0,1,
21420,"Enid, OK",Metropolitan,2020,44286.0,1,
21420,"Enid, OK",Metropolitan,2021,48172.0,1,
21420,"Enid, OK",Metropolitan,2022,49429.0,1,
21420,"Enid, OK",Metropolitan,2023,51932.0,1,
21420,"Enid, OK",Metropolitan,2024,54091.0,1,
21460,"Enterprise, AL",Micropolitan,2019,42823.0,1,
21460,"Enterprise, AL",Micropolitan,2020,45175.0,1,
21460,"Enterprise, AL",Micropolitan,2021,50483.0,1,
21460,"Enterprise, AL",Micropolitan,2022,51873.0,1,
21460,"Enterprise, AL",Micropolitan,2023,53773.0,1,
21460,"Enterprise, AL",Micropolitan,2024,56824.0,1,
21500,"Erie, PA",Metropolitan,2019,45267.0,1,
21500,"Erie, PA",Metropolitan,2020,50044.0,1,
21500,"Erie, PA",Metropolitan,2021,52897.0,1,
21500,"Erie, PA",Metropolitan,2022,51347.0,1,
21500,"Erie, PA",Metropolitan,2023,54311.0,1,
21500,"Erie, PA",Metropolitan,2024,56568.0,1,
21540,"Escanaba, MI",Micropolitan,2019,39536.0,1,
21540,"Escanaba, MI",Micropolitan,2020,43623.0,1,
21540,"Escanaba, MI",Micropolitan,2021,46610.0,1,
21540,"Escanaba, MI",Micropolitan,2022,45539.0,1,
21540,"Escanaba, MI",Micropolitan,2023,47573.0,1,
21540,"Escanaba, MI",Micropolitan,2024,50325.0,1,
21580,"Española, NM",Micropolitan,2019,35006.0,1,
21580,"Española, NM",Micropolitan,2020,38698.0,1,
21580,"Española, NM",Micropolitan,2021,42748.0,1,
21580,"Española, NM",Micropolitan,2022,44677.0,1,
21580,"Española, NM",Micropolitan,2023,46221.0,1,
21580,"Española, NM",Micropolitan,2024,48455.0,1,
21640,"Eufaula, AL-GA",Micropolitan,2019,34521.0,2,
21640,"Eufaula, AL-GA",Micropolitan,2020,37325.0,2,
21640,"Eufaula, AL-GA",Micropolitan,2021,40850.0,2,
21640,"Eufaula, AL-GA",Micropolitan,2022,40827.0,2,
21640,"Eufaula, AL-GA",Micropolitan,2023,41813.0,2,
21640,"Eufaula, AL-GA",Micropolitan,2024,44636.0,2,
21660,"Eugene-Springfield, OR",Metropolitan,2019,46304.0,1,
21660,"Eugene-Springfield, OR",Metropolitan,2020,50600.0,1,
21660,"Eugene-Springfield, OR",Metropolitan,2021,56092.0,1,
21660,"Eugene-Springfield, OR",Metropolitan,2022,56937.0,1,
21660,"Eugene-Springfield, OR",Metropolitan,2023,61467.0,1,
21660,"Eugene-Springfield, OR",Metropolitan,2024,65010.0,1,
21700,"Eureka-Arcata, CA",Micropolitan,2019,45760.0,1,
21700,"Eureka-Arcata, CA",Micropolitan,2020,50138.0,1,
21700,"Eureka-Arcata, CA",Micropolitan,2021,54062.0,1,
21700,"Eureka-Arcata, CA",Micropolitan,2022,53864.0,1,
21700,"Eureka-Arcata, CA",Micropolitan,2023,56165.0,1,
21700,"Eureka-Arcata, CA",Micropolitan,2024,62031.0,1,
21740,"Evanston, WY-UT",Micropolitan,2019,40431.0,2,
21740,"Evanston, WY-UT",Micropolitan,2020,42242.0,2,
21740,"Evanston, WY-UT",Micropolitan,2021,44840.0,2,
21740,"Evanston, WY-UT",Micropolitan,2022,46562.0,2,
21740,"Evanston, WY-UT",Micropolitan,2023,49515.0,2,
21740,"Evanston, WY-UT",Micropolitan,2024,51514.0,2,
21780,"Evansville, IN",Metropolitan,2019,50365.0,3,
21780,"Evansville, IN",Metropolitan,2020,53789.0,3,
21780,"Evansville, IN",Metropolitan,2021,58723.0,3,
21780,"Evansville, IN",Metropolitan,2022,59721.0,3,
21780,"Evansville, IN",Metropolitan,2023,62823.0,3,
21780,"Evansville, IN",Metropolitan,2024,65825.0,3,
21820,"Fairbanks-College, AK",Metropolitan,2019,58345.0,1,
21820,"Fairbanks-College, AK",Metropolitan,2020,60400.0,1,
21820,"Fairbanks-College, AK",Metropolitan,2021,65312.0,1,
21820,"Fairbanks-College, AK",Metropolitan,2022,67708.0,1,
21820,"Fairbanks-College, AK",Metropolitan,2023,69914.0,1,
21820,"Fairbanks-College, AK",Metropolitan,2024,75191.0,1,
21860,"Fairmont, MN",Micropolitan,2019,50715.0,1,
21860,"Fairmont, MN",Micropolitan,2020,54395.0,1,
21860,"Fairmont, MN",Micropolitan,2021,61816.0,1,
21860,"Fairmont, MN",Micropolitan,2022,64456.0,1,
21860,"Fairmont, MN",Micropolitan,2023,61546.0,1,
21860,"Fairmont, MN",Micropolitan,2024,65079.0,1,
21900,"Fairmont, WV",Micropolitan,2019,42955.0,1,
21900,"Fairmont, WV",Micropolitan,2020,45520.0,1,
21900,"Fairmont, WV",Micropolitan,2021,48721.0,1,
21900,"Fairmont, WV",Micropolitan,2022,49953.0,1,
21900,"Fairmont, WV",Micropolitan,2023,51853.0,1,
21900,"Fairmont, WV",Micropolitan,2024,53855.0,1,
21980,"Fallon, NV",Micropolitan,2019,45507.0,1,
21980,"Fallon, NV",Micropolitan,2020,50064.0,1,
21980,"Fallon, NV",Micropolitan,2021,55326.0,1,
21980,"Fallon, NV",Micropolitan,2022,54307.0,1,
21980,"Fallon, NV",Micropolitan,2023,57105.0,1,
21980,"Fallon, NV",Micropolitan,2024,59901.0,1,
22020,"Fargo, ND-MN",Metropolitan,2019,53870.0,2,
22020,"Fargo, ND-MN",Metropolitan,2020,57590.0,2,
22020,"Fargo, ND-MN",Metropolitan,2021,63332.0,2,
22020,"Fargo, ND-MN",Metropolitan,2022,65193.0,2,
22020,"Fargo, ND-MN",Metropolitan,2023,67512.0,2,
22020,"Fargo, ND-MN",Metropolitan,2024,69475.0,2,
22060,"Faribault-Northfield, MN",Micropolitan,2019,44425.0,1,
22060,"Faribault-Northfield, MN",Micropolitan,2020,47639.0,1,
22060,"Faribault-Northfield, MN",Micropolitan,2021,53158.0,1,
22060,"Faribault-Northfield, MN",Micropolitan,2022,53519.0,1,
22060,"Faribault-Northfield, MN",Micropolitan,2023,55040.0,1,
22060,"Faribault-Northfield, MN",Micropolitan,2024,57160.0,1,
22100,"Farmington, MO",Micropolitan,2019,35044.0,1,
22100,"Farmington, MO",Micropolitan,2020,38187.0,1,
22100,"Farmington, MO",Micropolitan,2021,41478.0,1,
22100,"Farmington, MO",Micropolitan,2022,42482.0,1,
22100,"Farmington, MO",Micropolitan,2023,45638.0,1,
22100,"Farmington, MO",Micropolitan,2024,47116.0,1,
22140,"Farmington, NM",Metropolitan,2019,36619.0,1,
22140,"Farmington, NM",Metropolitan,2020,39000.0,1,
22140,"Farmington, NM",Metropolitan,2021,43035.0,1,
22140,"Farmington, NM",Metropolitan,2022,44167.0,1,
22140,"Farmington, NM",Metropolitan,2023,45906.0,1,
22140,"Farmington, NM",Metropolitan,2024,47931.0,1,
22180,"Fayetteville, NC",Metropolitan,2019,38536.0,2,
22180,"Fayetteville, NC",Metropolitan,2020,41745.0,2,
22180,"Fayetteville, NC",Metropolitan,2021,45283.0,2,
22180,"Fayetteville, NC",Metropolitan,2022,45628.0,2,
22180,"Fayetteville, NC",Metropolitan,2023,48262.0,2,
22180,"Fayetteville, NC",Metropolitan,2024,51501.0,2,
22190,"Fayetteville, TN",Micropolitan,2019,41434.0,1,
22190,"Fayetteville, TN",Micropolitan,2020,44683.0,1,
22190,"Fayetteville, TN",Micropolitan,2021,49483.0,1,
22190,"Fayetteville, TN",Micropolitan,2022,49332.0,1,
22190,"Fayetteville, TN",Micropolitan,2023,52938.0,1,
22190,"Fayetteville, TN",Micropolitan,2024,56519.0,1,
22220,"Fayetteville-Springdale-Rogers, AR",Metropolitan,2019,62234.0,3,
22220,"Fayetteville-Springdale-Rogers, AR",Metropolitan,2020,64524.0,3,
22220,"Fayetteville-Springdale-Rogers, AR",Metropolitan,2021,78765.0,3,
22220,"Fayetteville-Springdale-Rogers, AR",Metropolitan,2022,80278.0,3,
22220,"Fayetteville-Springdale-Rogers, AR",Metropolitan,2023,85361.0,3,
22220,"Fayetteville-Springdale-Rogers, AR",Metropolitan,2024,89546.0,3,
22260,"Fergus Falls, MN",Micropolitan,2019,46952.0,1,
22260,"Fergus Falls, MN",Micropolitan,2020,53161.0,1,
22260,"Fergus Falls, MN",Micropolitan,2021,56681.0,1,
22260,"Fergus Falls, MN",Micropolitan,2022,57931.0,1,
22260,"Fergus Falls, MN",Micropolitan,2023,59791.0,1,
22260,"Fergus Falls, MN",Micropolitan,2024,62053.0,1,
22300,"Findlay, OH",Micropolitan,2019,50945.0,1,
22300,"Findlay, OH",Micropolitan,2020,55623.0,1,
22300,"Findlay, OH",Micropolitan,2021,57128.0,1,
22300,"Findlay, OH",Micropolitan,2022,59487.0,1,
22300,"Findlay, OH",Micropolitan,2023,68107.0,1,
22300,"Findlay, OH",Micropolitan,2024,70136.0,1,
22340,"Fitzgerald, GA",Micropolitan,2019,31697.0,1,
22340,"Fitzgerald, GA",Micropolitan,2020,34897.0,1,
22340,"Fitzgerald, GA",Micropolitan,2021,39353.0,1,
22340,"Fitzgerald, GA",Micropolitan,2022,40325.0,1,
22340,"Fitzgerald, GA",Micropolitan,2023,42262.0,1,
22340,"Fitzgerald, GA",Micropolitan,2024,45012.0,1,
22380,"Flagstaff, AZ",Metropolitan,2019,48976.0,1,
22380,"Flagstaff, AZ",Metropolitan,2020,52892.0,1,
22380,"Flagstaff, AZ",Metropolitan,2021,58357.0,1,
22380,"Flagstaff, AZ",Metropolitan,2022,58530.0,1,
22380,"Flagstaff, AZ",Metropolitan,2023,61736.0,1,
22380,"Flagstaff, AZ",Metropolitan,2024,63794.0,1,
22420,"Flint, MI",Metropolitan,2019,41652.0,1,
22420,"Flint, MI",Metropolitan,2020,45435.0,1,
22420,"Flint, MI",Metropolitan,2021,48440.0,1,
22420,"Flint, MI",Metropolitan,2022,48709.0,1,
22420,"Flint, MI",Metropolitan,2023,52844.0,1,
22420,"Flint, MI",Metropolitan,2024,53595.0,1,
22500,"Florence, SC",Metropolitan,2019,43125.0,2,
22500,"Florence, SC",Metropolitan,2020,45704.0,2,
22500,"Florence, SC",Metropolitan,2021,50286.0,2,
22500,"Florence, SC",Metropolitan,2022,50987.0,2,
22500,"Florence, SC",Metropolitan,2023,53642.0,2,
22500,"Florence, SC",Metropolitan,2024,56341.0,2,
22520,"Florence-Muscle Shoals, AL",Metropolitan,2019,38047.0,2,
22520,"Florence-Muscle Shoals, AL",Metropolitan,2020,41435.0,2,
22520,"Florence-Muscle Shoals, AL",Metropolitan,2021,44702.0,2,
22520,"Florence-Muscle Shoals, AL",Metropolitan,2022,44836.0,2,
22520,"Florence-Muscle Shoals, AL",Metropolitan,2023,47102.0,2,
22520,"Florence-Muscle Shoals, AL",Metropolitan,2024,49286.0,2,
22540,"Fond du Lac, WI",Metropolitan,2019,49524.0,1,
22540,"Fond du Lac, WI",Metropolitan,2020,52521.0,1,
22540,"Fond du Lac, WI",Metropolitan,2021,56974.0,1,
22540,"Fond du Lac, WI",Metropolitan,2022,58165.0,1,
22540,"Fond du Lac, WI",Metropolitan,2023,60227.0,1,
22540,"Fond du Lac, WI",Metropolitan,2024,62319.0,1,
22580,"Forest City, NC",Micropolitan,2019,35440.0,1,
22580,"Forest City, NC",Micropolitan,2020,38461.0,1,
22580,"Forest City, NC",Micropolitan,2021,42340.0,1,
22580,"Forest City, NC",Micropolitan,2022,42719.0,1,
22580,"Forest City, NC",Micropolitan,2023,44467.0,1,
22580,"Forest City, NC",Micropolitan,2024,47500.0,1,
22620,"Forrest City, AR",Micropolitan,2019,30337.0,1,
22620,"Forrest City, AR",Micropolitan,2020,33384.0,1,
22620,"Forrest City, AR",Micropolitan,2021,36880.0,1,
22620,"Forrest City, AR",Micropolitan,2022,36191.0,1,
22620,"Forrest City, AR",Micropolitan,2023,37393.0,1,
22620,"Forrest City, AR",Micropolitan,2024,38259.0,1,
22660,"Fort Collins-Loveland, CO",Metropolitan,2019,56225.0,1,
22660,"Fort Collins-Loveland, CO",Metropolitan,2020,59515.0,1,
22660,"Fort Collins-Loveland, CO",Metropolitan,2021,65120.0,1,
22660,"Fort Collins-Loveland, CO",Metropolitan,2022,67835.0,1,
22660,"Fort Collins-Loveland, CO",Metropolitan,2023,71264.0,1,
22660,"Fort Collins-Loveland, CO",Metropolitan,2024,73894.0,1,
22700,"Fort Dodge, IA",Micropolitan,2019,45052.0,1,
22700,"Fort Dodge, IA",Micropolitan,2020,46881.0,1,
22700,"Fort Dodge, IA",Micropolitan,2021,51446.0,1,
22700,"Fort Dodge, IA",Micropolitan,2022,53540.0,1,
22700,"Fort Dodge, IA",Micropolitan,2023,54064.0,1,
22700,"Fort Dodge, IA",Micropolitan,2024,55465.0,1,
22780,"Fort Leonard Wood, MO",Micropolitan,2019,41021.0,1,
22780,"Fort Leonard Wood, MO",Micropolitan,2020,43889.0,1,
22780,"Fort Leonard Wood, MO",Micropolitan,2021,45379.0,1,
22780,"Fort Leonard Wood, MO",Micropolitan,2022,44520.0,1,
22780,"Fort Leonard Wood, MO",Micropolitan,2023,47787.0,1,
22780,"Fort Leonard Wood, MO",Micropolitan,2024,50340.0,1,
22800,"Fort Madison, IA",Micropolitan,2019,41898.0,1,
22800,"Fort Madison, IA",Micropolitan,2020,46383.0,1,
22800,"Fort Madison, IA",Micropolitan,2021,49449.0,1,
22800,"Fort Madison, IA",Micropolitan,2022,50596.0,1,
22800,"Fort Madison, IA",Micropolitan,2023,52188.0,1,
22800,"Fort Madison, IA",Micropolitan,2024,55286.0,1,
22820,"Fort Morgan, CO",Micropolitan,2019,44458.0,1,
22820,"Fort Morgan, CO",Micropolitan,2020,47035.0,1,
22820,"Fort Morgan, CO",Micropolitan,2021,52157.0,1,
22820,"Fort Morgan, CO",Micropolitan,2022,52782.0,1,
22820,"Fort Morgan, CO",Micropolitan,2023,53513.0,1,
22820,"Fort Morgan, CO",Micropolitan,2024,55065.0,1,
22840,"Fort Payne, AL",Micropolitan,2019,32887.0,1,
22840,"Fort Payne, AL",Micropolitan,2020,34982.0,1,
22840,"Fort Payne, AL",Micropolitan,2021,40176.0,1,
22840,"Fort Payne, AL",Micropolitan,2022,42115.0,1,
22840,"Fort Payne, AL",Micropolitan,2023,42416.0,1,
22840,"Fort Payne, AL",Micropolitan,2024,45152.0,1,
22900,"Fort Smith, AR-OK",Metropolitan,2019,39608.0,3,
22900,"Fort Smith, AR-OK",Metropolitan,2020,42235.0,3,
22900,"Fort Smith, AR-OK",Metropolitan,2021,45859.0,3,
22900,"Fort Smith, AR-OK",Metropolitan,2022,45215.0,3,
22900,"Fort Smith, AR-OK",Metropolitan,2023,46933.0,3,
22900,"Fort Smith, AR-OK",Metropolitan,2024,49031.0,3,
23060,"Fort Wayne, IN",Metropolitan,2019,46591.0,3,
23060,"Fort Wayne, IN",Metropolitan,2020,49908.0,3,
23060,"Fort Wayne, IN",Metropolitan,2021,55899.0,3,
23060,"Fort Wayne, IN",Metropolitan,2022,57607.0,3,
23060,"Fort Wayne, IN",Metropolitan,2023,59780.0,3,
23060,"Fort Wayne, IN",Metropolitan,2024,62115.0,3,
23140,"Frankfort, IN",Micropolitan,2019,38236.0,1,
23140,"Frankfort, IN",Micropolitan,2020,41480.0,1,
23140,"Frankfort, IN",Micropolitan,2021,45860.0,1,
23140,"Frankfort, IN",Micropolitan,2022,46819.0,1,
23140,"Frankfort, IN",Micropolitan,2023,49474.0,1,
23140,"Frankfort, IN",Micropolitan,2024,50632.0,1,
23180,"Frankfort, KY",Micropolitan,2019,41845.0,2,
23180,"Frankfort, KY",Micropolitan,2020,45026.0,2,
23180,"Frankfort, KY",Micropolitan,2021,48329.0,2,
23180,"Frankfort, KY",Micropolitan,2022,48653.0,2,
23180,"Frankfort, KY",Micropolitan,2023,51788.0,2,
23180,"Frankfort, KY",Micropolitan,2024,54271.0,2,
23190,"Franklin, KY",Micropolitan,2019,36866.0,1,
23190,"Franklin, KY",Micropolitan,2020,40531.0,1,
23190,"Franklin, KY",Micropolitan,2021,44781.0,1,
23190,"Franklin, KY",Micropolitan,2022,44984.0,1,
23190,"Franklin, KY",Micropolitan,2023,46542.0,1,
23190,"Franklin, KY",Micropolitan,2024,47253.0,1,
23240,"Fredericksburg, TX",Micropolitan,2019,67758.0,1,
23240,"Fredericksburg, TX",Micropolitan,2020,76603.0,1,
23240,"Fredericksburg, TX",Micropolitan,2021,80280.0,1,
23240,"Fredericksburg, TX",Micropolitan,2022,88235.0,1,
23240,"Fredericksburg, TX",Micropolitan,2023,94118.0,1,
23240,"Fredericksburg, TX",Micropolitan,2024,97669.0,1,
23300,"Freeport, IL",Micropolitan,2019,42642.0,1,
23300,"Freeport, IL",Micropolitan,2020,46778.0,1,
23300,"Freeport, IL",Micropolitan,2021,51974.0,1,
23300,"Freeport, IL",Micropolitan,2022,52551.0,1,
23300,"Freeport, IL",Micropolitan,2023,55185.0,1,
23300,"Freeport, IL",Micropolitan,2024,57610.0,1,
23340,"Fremont, NE",Micropolitan,2019,47397.0,1,
23340,"Fremont, NE",Micropolitan,2020,50513.0,1,
23340,"Fremont, NE",Micropolitan,2021,57160.0,1,
23340,"Fremont, NE",Micropolitan,2022,61682.0,1,
23340,"Fremont, NE",Micropolitan,2023,61721.0,1,
23340,"Fremont, NE",Micropolitan,2024,62469.0,1,
23380,"Fremont, OH",Micropolitan,2019,41854.0,1,
23380,"Fremont, OH",Micropolitan,2020,45396.0,1,
23380,"Fremont, OH",Micropolitan,2021,49432.0,1,
23380,"Fremont, OH",Micropolitan,2022,49414.0,1,
23380,"Fremont, OH",Micropolitan,2023,52017.0,1,
23380,"Fremont, OH",Micropolitan,2024,53099.0,1,
23420,"Fresno, CA",Metropolitan,2019,42159.0,2,
23420,"Fresno, CA",Metropolitan,2020,47752.0,2,
23420,"Fresno, CA",Metropolitan,2021,51499.0,2,
23420,"Fresno, CA",Metropolitan,2022,50412.0,2,
23420,"Fresno, CA",Metropolitan,2023,52514.0,2,
23420,"Fresno, CA",Metropolitan,2024,56699.0,2,
23460,"Gadsden, AL",Metropolitan,2019,37313.0,1,
23460,"Gadsden, AL",Metropolitan,2020,39576.0,1,
23460,"Gadsden, AL",Metropolitan,2021,42918.0,1,
23460,"Gadsden, AL",Metropolitan,2022,43197.0,1,
23460,"Gadsden, AL",Metropolitan,2023,45095.0,1,
23460,"Gadsden, AL",Metropolitan,2024,47787.0,1,
23500,"Gaffney, SC",Micropolitan,2019,34442.0,1,
23500,"Gaffney, SC",Micropolitan,2020,36600.0,1,
23500,"Gaffney, SC",Micropolitan,2021,39268.0,1,
23500,"Gaffney, SC",Micropolitan,2022,40403.0,1,
23500,"Gaffney, SC",Micropolitan,2023,41254.0,1,
23500,"Gaffney, SC",Micropolitan,2024,43456.0,1,
23540,"Gainesville, FL",Metropolitan,2019,43838.0,3,
23540,"Gainesville, FL",Metropolitan,2020,46412.0,3,
23540,"Gainesville, FL",Metropolitan,2021,50374.0,3,
23540,"Gainesville, FL",Metropolitan,2022,51046.0,3,
23540,"Gainesville, FL",Metropolitan,2023,54661.0,3,
23540,"Gainesville, FL",Metropolitan,2024,56886.0,3,
23580,"Gainesville, GA",Metropolitan,2019,46350.0,1,
23580,"Gainesville, GA",Metropolitan,2020,49332.0,1,
23580,"Gainesville, GA",Metropolitan,2021,55325.0,1,
23580,"Gainesville, GA",Metropolitan,2022,57162.0,1,
23580,"Gainesville, GA",Metropolitan,2023,59815.0,1,
23580,"Gainesville, GA",Metropolitan,2024,62317.0,1,
23620,"Gainesville, TX",Micropolitan,2019,52240.0,1,
23620,"Gainesville, TX",Micropolitan,2020,54503.0,1,
23620,"Gainesville, TX",Micropolitan,2021,58839.0,1,
23620,"Gainesville, TX",Micropolitan,2022,60392.0,1,
23620,"Gainesville, TX",Micropolitan,2023,62773.0,1,
23620,"Gainesville, TX",Micropolitan,2024,64928.0,1,
23660,"Galesburg, IL",Micropolitan,2019,38734.0,1,
23660,"Galesburg, IL",Micropolitan,2020,43306.0,1,
23660,"Galesburg, IL",Micropolitan,2021,47577.0,1,
23660,"Galesburg, IL",Micropolitan,2022,47652.0,1,
23660,"Galesburg, IL",Micropolitan,2023,50306.0,1,
23660,"Galesburg, IL",Micropolitan,2024,51995.0,1,
23680,"Gallipolis, OH",Micropolitan,2019,41218.0,1,
23680,"Gallipolis, OH",Micropolitan,2020,44491.0,1,
23680,"Gallipolis, OH",Micropolitan,2021,46419.0,1,
23680,"Gallipolis, OH",Micropolitan,2022,47299.0,1,
23680,"Gallipolis, OH",Micropolitan,2023,50410.0,1,
23680,"Gallipolis, OH",Micropolitan,2024,53417.0,1,
23700,"Gallup, NM",Micropolitan,2019,28061.0,1,
23700,"Gallup, NM",Micropolitan,2020,31975.0,1,
23700,"Gallup, NM",Micropolitan,2021,35301.0,1,
23700,"Gallup, NM",Micropolitan,2022,35356.0,1,
23700,"Gallup, NM",Micropolitan,2023,35838.0,1,
23700,"Gallup, NM",Micropolitan,2024,37085.0,1,
23780,"Garden City, KS",Micropolitan,2019,41211.0,1,
23780,"Garden City, KS",Micropolitan,2020,45875.0,1,
23780,"Garden City, KS",Micropolitan,2021,49370.0,1,
23780,"Garden City, KS",Micropolitan,2022,50214.0,1,
23780,"Garden City, KS",Micropolitan,2023,52290.0,1,
23780,"Garden City, KS",Micropolitan,2024,54867.0,1,
23820,"Gardnerville Ranchos, NV-CA",Micropolitan,2019,75859.0,2,
23820,"Gardnerville Ranchos, NV-CA",Micropolitan,2020,83771.0,2,
23820,"Gardnerville Ranchos, NV-CA",Micropolitan,2021,94319.0,2,
23820,"Gardnerville Ranchos, NV-CA",Micropolitan,2022,95128.0,2,
23820,"Gardnerville Ranchos, NV-CA",Micropolitan,2023,103513.0,2,
23820,"Gardnerville Ranchos, NV-CA",Micropolitan,2024,109023.0,2,
23900,"Gettysburg, PA",Metropolitan,2019,48890.0,1,
23900,"Gettysburg, PA",Metropolitan,2020,53029.0,1,
23900,"Gettysburg, PA",Metropolitan,2021,55566.0,1,
23900,"Gettysburg, PA",Metropolitan,2022,56290.0,1,
23900,"Gettysburg, PA",Metropolitan,2023,58067.0,1,
23900,"Gettysburg, PA",Metropolitan,2024,60234.0,1,
23940,"Gillette, WY",Micropolitan,2019,53346.0,1,
23940,"Gillette, WY",Micropolitan,2020,53995.0,1,
23940,"Gillette, WY",Micropolitan,2021,56233.0,1,
23940,"Gillette, WY",Micropolitan,2022,59723.0,1,
23940,"Gillette, WY",Micropolitan,2023,63135.0,1,
23940,"Gillette, WY",Micropolitan,2024,64369.0,1,
23980,"Glasgow, KY",Micropolitan,2019,35967.0,2,
23980,"Glasgow, KY",Micropolitan,2020,39135.0,2,
23980,"Glasgow, KY",Micropolitan,2021,42635.0,2,
23980,"Glasgow, KY",Micropolitan,2022,42003.0,2,
23980,"Glasgow, KY",Micropolitan,2023,43470.0,2,
23980,"Glasgow, KY",Micropolitan,2024,45440.0,2,
24020,"Glens Falls, NY",Metropolitan,2019,47713.0,2,
24020,"Glens Falls, NY",Metropolitan,2020,53132.0,2,
24020,"Glens Falls, NY",Metropolitan,2021,55141.0,2,
24020,"Glens Falls, NY",Metropolitan,2022,55885.0,2,
24020,"Glens Falls, NY",Metropolitan,2023,59466.0,2,
24020,"Glens Falls, NY",Metropolitan,2024,62398.0,2,
24100,"Gloversville, NY",Micropolitan,2019,43811.0,1,
24100,"Gloversville, NY",Micropolitan,2020,48631.0,1,
24100,"Gloversville, NY",Micropolitan,2021,51032.0,1,
24100,"Gloversville, NY",Micropolitan,2022,51246.0,1,
24100,"Gloversville, NY",Micropolitan,2023,53887.0,1,
24100,"Gloversville, NY",Micropolitan,2024,56848.0,1,
24140,"Goldsboro, NC",Metropolitan,2019,41262.0,1,
24140,"Goldsboro, NC",Metropolitan,2020,44034.0,1,
24140,"Goldsboro, NC",Metropolitan,2021,49250.0,1,
24140,"Goldsboro, NC",Metropolitan,2022,48917.0,1,
24140,"Goldsboro, NC",Metropolitan,2023,50323.0,1,
24140,"Goldsboro, NC",Metropolitan,2024,53955.0,1,
24180,"Granbury, TX",Micropolitan,2019,54802.0,1,
24180,"Granbury, TX",Micropolitan,2020,58572.0,1,
24180,"Granbury, TX",Micropolitan,2021,61252.0,1,
24180,"Granbury, TX",Micropolitan,2022,63410.0,1,
24180,"Granbury, TX",Micropolitan,2023,66656.0,1,
24180,"Granbury, TX",Micropolitan,2024,69107.0,1,
24220,"Grand Forks, ND-MN",Metropolitan,2019,49344.0,2,
24220,"Grand Forks, ND-MN",Metropolitan,2020,54481.0,2,
24220,"Grand Forks, ND-MN",Metropolitan,2021,59247.0,2,
24220,"Grand Forks, ND-MN",Metropolitan,2022,61610.0,2,
24220,"Grand Forks, ND-MN",Metropolitan,2023,63598.0,2,
24220,"Grand Forks, ND-MN",Metropolitan,2024,65148.0,2,
24260,"Grand Island, NE",Metropolitan,2019,43964.0,3,
24260,"Grand Island, NE",Metropolitan,2020,47800.0,3,
24260,"Grand Island, NE",Metropolitan,2021,54211.0,3,
24260,"Grand Island, NE",Metropolitan,2022,56119.0,3,
24260,"Grand Island, NE",Metropolitan,2023,60287.0,3,
24260,"Grand Island, NE",Metropolitan,2024,61781.0,3,
24300,"Grand Junction, CO",Metropolitan,2019,45982.0,1,
24300,"Grand Junction, CO",Metropolitan,2020,48425.0,1,
24300,"Grand Junction, CO",Metropolitan,2021,53049.0,1,
24300,"Grand Junction, CO",Metropolitan,2022,55383.0,1,
24300,"Grand Junction, CO",Metropolitan,2023,57277.0,1,
24300,"Grand Junction, CO",Metropolitan,2024,59925.0,1,
24330,"Grand Rapids, MN",Micropolitan,2019,44448.0,1,
24330,"Grand Rapids, MN",Micropolitan,2020,48390.0,1,
24330,"Grand Rapids, MN",Micropolitan,2021,52918.0,1,
24330,"Grand Rapids, MN",Micropolitan,2022,52211.0,1,
24330,"Grand Rapids, MN",Micropolitan,2023,54147.0,1,
24330,"Grand Rapids, MN",Micropolitan,2024,57669.0,1,
24340,"Grand Rapids-Wyoming-Kentwood, MI",Metropolitan,2019,49902.0,5,
24340,"Grand Rapids-Wyoming-Kentwood, MI",Metropolitan,2020,54672.0,5,
24340,"Grand Rapids-Wyoming-Kentwood, MI",Metropolitan,2021,60973.0,5,
24340,"Grand Rapids-Wyoming-Kentwood, MI",Metropolitan,2022,62154.0,5,
24340,"Grand Rapids-Wyoming-Kentwood, MI",Metropolitan,2023,65101.0,5,
24340,"Grand Rapids-Wyoming-Kentwood, MI",Metropolitan,2024,67643.0,5,
24420,"Grants Pass, OR",Metropolitan,2019,43707.0,1,
24420,"Grants Pass, OR",Metropolitan,2020,48083.0,1,
24420,"Grants Pass, OR",Metropolitan,2021,52724.0,1,
24420,"Grants Pass, OR",Metropolitan,2022,51241.0,1,
24420,"Grants Pass, OR",Metropolitan,2023,53658.0,1,
24420,"Grants Pass, OR",Metropolitan,2024,57206.0,1,
24460,"Great Bend, KS",Micropolitan,2019,48606.0,1,
24460,"Great Bend, KS",Micropolitan,2020,51410.0,1,
24460,"Great Bend, KS",Micropolitan,2021,53255.0,1,
24460,"Great Bend, KS",Micropolitan,2022,55824.0,1,
24460,"Great Bend, KS",Micropolitan,2023,58743.0,1,
24460,"Great Bend, KS",Micropolitan,2024,61145.0,1,
24500,"Great Falls, MT",Metropolitan,2019,46852.0,1,
24500,"Great Falls, MT",Metropolitan,2020,50405.0,1,
24500,"Great Falls, MT",Metropolitan,2021,55094.0,1,
24500,"Great Falls, MT",Metropolitan,2022,57467.0,1,
24500,"Great Falls, MT",Metropolitan,2023,60281.0,1,
24500,"Great Falls, MT",Metropolitan,2024,63865.0,1,
24540,"Greeley, CO",Metropolitan,2019,49754.0,1,
24540,"Greeley, CO",Metropolitan,2020,52062.0,1,
24540,"Greeley, CO",Metropolitan,2021,56372.0,1,
24540,"Greeley, CO",Metropolitan,2022,59174.0,1,
24540,"Greeley, CO",Metropolitan,2023,61589.0,1,
24540,"Greeley, CO",Metropolitan,2024,63672.0,1,
24580,"Green Bay, WI",Metropolitan,2019,51836.0,3,
24580,"Green Bay, WI",Metropolitan,2020,55847.0,3,
24580,"Green Bay, WI",Metropolitan,2021,59842.0,3,
24580,"Green Bay, WI",Metropolitan,2022,60719.0,3,
24580,"Green Bay, WI",Metropolitan,2023,63167.0,3,
24580,"Green Bay, WI",Metropolitan,2024,66620.0,3,
24600,"Greencastle, IN",Micropolitan,2019,39079.0,1,
24600,"Greencastle, IN",Micropolitan,2020,42105.0,1,
24600,"Greencastle, IN",Micropolitan,2021,46639.0,1,
24600,"Greencastle, IN",Micropolitan,2022,46799.0,1,
24600,"Greencastle, IN",Micropolitan,2023,48828.0,1,
24600,"Greencastle, IN",Micropolitan,2024,51068.0,1,
24620,"Greeneville, TN",Micropolitan,2019,37218.0,1,
24620,"Greeneville, TN",Micropolitan,2020,39481.0,1,
24620,"Greeneville, TN",Micropolitan,2021,42569.0,1,
24620,"Greeneville, TN",Micropolitan,2022,43709.0,1,
24620,"Greeneville, TN",Micropolitan,2023,45594.0,1,
24620,"Greeneville, TN",Micropolitan,2024,48197.0,1,
24640,"Greenfield, MA",Micropolitan,2019,55766.0,1,
24640,"Greenfield, MA",Micropolitan,2020,60594.0,1,
24640,"Greenfield, MA",Micropolitan,2021,63403.0,1,
24640,"Greenfield, MA",Micropolitan,2022,63382.0,1,
24640,"Greenfield, MA",Micropolitan,2023,67834.0,1,
24640,"Greenfield, MA",Micropolitan,2024,70392.0,1,
24660,"Greensboro-High Point, NC",Metropolitan,2019,44536.0,3,
24660,"Greensboro-High Point, NC",Metropolitan,2020,47505.0,3,
24660,"Greensboro-High Point, NC",Metropolitan,2021,52064.0,3,
24660,"Greensboro-High Point, NC",Metropolitan,2022,53858.0,3,
24660,"Greensboro-High Point, NC",Metropolitan,2023,56856.0,3,
24660,"Greensboro-High Point, NC",Metropolitan,2024,59993.0,3,
24700,"Greensburg, IN",Micropolitan,2019,44983.0,1,
24700,"Greensburg, IN",Micropolitan,2020,49291.0,1,
24700,"Greensburg, IN",Micropolitan,2021,52622.0,1,
24700,"Greensburg, IN",Micropolitan,2022,53286.0,1,
24700,"Greensburg, IN",Micropolitan,2023,55671.0,1,
24700,"Greensburg, IN",Micropolitan,2024,58061.0,1,
24740,"Greenville, MS",Micropolitan,2019,36556.0,1,
24740,"Greenville, MS",Micropolitan,2020,41188.0,1,
24740,"Greenville, MS",Micropolitan,2021,46008.0,1,
24740,"Greenville, MS",Micropolitan,2022,45448.0,1,
24740,"Greenville, MS",Micropolitan,2023,48488.0,1,
24740,"Greenville, MS",Micropolitan,2024,50860.0,1,
24780,"Greenville, NC",Metropolitan,2019,45526.0,1,
24780,"Greenville, NC",Metropolitan,2020,48177.0,1,
24780,"Greenville, NC",Metropolitan,2021,52104.0,1,
24780,"Greenville, NC",Metropolitan,2022,52918.0,1,
24780,"Greenville, NC",Metropolitan,2023,55113.0,1,
24780,"Greenville, NC",Metropolitan,2024,58766.0,1,
24820,"Greenville, OH",Micropolitan,2019,43238.0,1,
24820,"Greenville, OH",Micropolitan,2020,47822.0,1,
24820,"Greenville, OH",Micropolitan,2021,52595.0,1,
24820,"Greenville, OH",Micropolitan,2022,52633.0,1,
24820,"Greenville, OH",Micropolitan,2023,57041.0,1,
24820,"Greenville, OH",Micropolitan,2024,59915.0,1,
24860,"Greenville-Anderson-Greer, SC",Metropolitan,2019,45548.0,4,
24860,"Greenville-Anderson-Greer, SC",Metropolitan,2020,47614.0,4,
24860,"Greenville-Anderson-Greer, SC",Metropolitan,2021,51877.0,4,
24860,"Greenville-Anderson-Greer, SC",Metropolitan,2022,53123.0,4,
24860,"Greenville-Anderson-Greer, SC",Metropolitan,2023,55901.0,4,
24860,"Greenville-Anderson-Greer, SC",Metropolitan,2024,58742.0,4,
24900,"Greenwood, MS",Micropolitan,2019,38118.0,2,
24900,"Greenwood, MS",Micropolitan,2020,41831.0,2,
24900,"Greenwood, MS",Micropolitan,2021,48916.0,2,
24900,"Greenwood, MS",Micropolitan,2022,47047.0,2,
24900,"Greenwood, MS",Micropolitan,2023,50141.0,2,
24900,"Greenwood, MS",Micropolitan,2024,51597.0,2,
24940,"Greenwood, SC",Micropolitan,2019,37338.0,2,
24940,"Greenwood, SC",Micropolitan,2020,40227.0,2,
24940,"Greenwood, SC",Micropolitan,2021,43287.0,2,
24940,"Greenwood, SC",Micropolitan,2022,43466.0,2,
24940,"Greenwood, SC",Micropolitan,2023,45664.0,2,
24940,"Greenwood, SC",Micropolitan,2024,48080.0,2,
24980,"Grenada, MS",Micropolitan,2019,35175.0,2,
24980,"Grenada, MS",Micropolitan,2020,38623.0,2,
24980,"Grenada, MS",Micropolitan,2021,43237.0,2,
24980,"Grenada, MS",Micropolitan,2022,41989.0,2,
24980,"Grenada, MS",Micropolitan,2023,44129.0,2,
24980,"Grenada, MS",Micropolitan,2024,46336.0,2,
25060,"Gulfport-Biloxi, MS",Metropolitan,2019,38045.0,4,
25060,"Gulfport-Biloxi, MS",Metropolitan,2020,41317.0,4,
25060,"Gulfport-Biloxi, MS",Metropolitan,2021,45957.0,4,
25060,"Gulfport-Biloxi, MS",Metropolitan,2022,45300.0,4,
25060,"Gulfport-Biloxi, MS",Metropolitan,2023,48320.0,4,
25060,"Gulfport-Biloxi, MS",Metropolitan,2024,50430.0,4,
25100,"Guymon, OK",Micropolitan,2019,51850.0,1,
25100,"Guymon, OK",Micropolitan,2020,50871.0,1,
25100,"Guymon, OK",Micropolitan,2021,60470.0,1,
25100,"Guymon, OK",Micropolitan,2022,57200.0,1,
25100,"Guymon, OK",Micropolitan,2023,63051.0,1,
25100,"Guymon, OK",Micropolitan,2024,68570.0,1,
25180,"Hagerstown-Martinsburg, MD-WV",Metropolitan,2019,44640.0,3,
25180,"Hagerstown-Martinsburg, MD-WV",Metropolitan,2020,47770.0,3,
25180,"Hagerstown-Martinsburg, MD-WV",Metropolitan,2021,51894.0,3,
25180,"Hagerstown-Martinsburg, MD-WV",Metropolitan,2022,51941.0,3,
25180,"Hagerstown-Martinsburg, MD-WV",Metropolitan,2023,54916.0,3,
25180,"Hagerstown-Martinsburg, MD-WV",Metropolitan,2024,57929.0,3,
25200,"Hailey, ID",Micropolitan,2019,102388.0,3,
25200,"Hailey, ID",Micropolitan,2020,108770.0,3,
25200,"Hailey, ID",Micropolitan,2021,142204.0,3,
25200,"Hailey, ID",Micropolitan,2022,150009.0,3,
25200,"Hailey, ID",Micropolitan,2023,163401.0,3,
25200,"Hailey, ID",Micropolitan,2024,170903.0,3,
25220,"Hammond, LA",Metropolitan,2019,40525.0,1,
25220,"Hammond, LA",Metropolitan,2020,43957.0,1,
25220,"Hammond, LA",Metropolitan,2021,47967.0,1,
25220,"Hammond, LA",Metropolitan,2022,47564.0,1,
25220,"Hammond, LA",Metropolitan,2023,49932.0,1,
25220,"Hammond, LA",Metropolitan,2024,52248.0,1,
25260,"Hanford-Corcoran, CA",Metropolitan,2019,36435.0,1,
25260,"Hanford-Corcoran, CA",Metropolitan,2020,41497.0,1,
25260,"Hanford-Corcoran, CA",Metropolitan,2021,43931.0,1,
25260,"Hanford-Corcoran, CA",Metropolitan,2022,43286.0,1,
25260,"Hanford-Corcoran, CA",Metropolitan,2023,44338.0,1,
25260,"Hanford-Corcoran, CA",Metropolitan,2024,47718.0,1,
25300,"Hannibal, MO",Micropolitan,2019,40626.0,2,
25300,"Hannibal, MO",Micropolitan,2020,44615.0,2,
25300,"Hannibal, MO",Micropolitan,2021,47854.0,2,
25300,"Hannibal, MO",Micropolitan,2022,49044.0,2,
25300,"Hannibal, MO",Micropolitan,2023,52460.0,2,
25300,"Hannibal, MO",Micropolitan,2024,53559.0,2,
25420,"Harrisburg-Carlisle, PA",Metropolitan,2019,53265.0,3,
25420,"Harrisburg-Carlisle, PA",Metropolitan,2020,57305.0,3,
25420,"Harrisburg-Carlisle, PA",Metropolitan,2021,60618.0,3,
25420,"Harrisburg-Carlisle, PA",Metropolitan,2022,60958.0,3,
25420,"Harrisburg-Carlisle, PA",Metropolitan,2023,63677.0,3,
25420,"Harrisburg-Carlisle, PA",Metropolitan,2024,66173.0,3,
25460,"Harrison, AR",Micropolitan,2019,35790.0,2,
25460,"Harrison, AR",Micropolitan,2020,38148.0,2,
25460,"Harrison, AR",Micropolitan,2021,42534.0,2,
25460,"Harrison, AR",Micropolitan,2022,42135.0,2,
25460,"Harrison, AR",Micropolitan,2023,43295.0,2,
25460,"Harrison, AR",Micropolitan,2024,46059.0,2,
25500,"Harrisonburg, VA",Metropolitan,2019,40517.0,1,
25500,"Harrisonburg, VA",Metropolitan,2020,42832.0,1,
25500,"Harrisonburg, VA",Metropolitan,2021,48447.0,1,
25500,"Harrisonburg, VA",Metropolitan,2022,51008.0,1,
25500,"Harrisonburg, VA",Metropolitan,2023,51497.0,1,
25500,"Harrisonburg, VA",Metropolitan,2024,53670.0,1,
25540,"Hartford-West Hartford-East Hartford, CT",Metropolitan,2019,,2,incomplete_county_coverage
25540,"Hartford-West Hartford-East Hartford, CT",Metropolitan,2020,,2,incomplete_county_coverage
25540,"Hartford-West Hartford-East Hartford, CT",Metropolitan,2021,,2,incomplete_county_coverage
25540,"Hartford-West Hartford-East Hartford, CT",Metropolitan,2022,,2,incomplete_county_coverage
25540,"Hartford-West Hartford-East Hartford, CT",Metropolitan,2023,,2,incomplete_county_coverage
25540,"Hartford-West Hartford-East Hartford, CT",Metropolitan,2024,83411.0,2,
25580,"Hastings, NE",Micropolitan,2019,50780.0,3,
25580,"Hastings, NE",Micropolitan,2020,54290.0,3,
25580,"Hastings, NE",Micropolitan,2021,60778.0,3,
25580,"Hastings, NE",Micropolitan,2022,62700.0,3,
25580,"Hastings, NE",Micropolitan,2023,68489.0,3,
25580,"Hastings, NE",Micropolitan,2024,68202.0,3,
25620,"Hattiesburg, MS",Metropolitan,2019,38228.0,3,
25620,"Hattiesburg, MS",Metropolitan,2020,41248.0,3,
25620,"Hattiesburg, MS",Metropolitan,2021,45547.0,3,
25620,"Hattiesburg, MS",Metropolitan,2022,45348.0,3,
25620,"Hattiesburg, MS",Metropolitan,2023,47937.0,3,
25620,"Hattiesburg, MS",Metropolitan,2024,50371.0,3,
25700,"Hays, KS",Micropolitan,2019,46327.0,1,
25700,"Hays, KS",Micropolitan,2020,50968.0,1,
25700,"Hays, KS",Micropolitan,2021,54952.0,1,
25700,"Hays, KS",Micropolitan,2022,54691.0,1,
25700,"Hays, KS",Micropolitan,2023,57729.0,1,
25700,"Hays, KS",Micropolitan,2024,58325.0,1,
25720,"Heber, UT",Micropolitan,2019,116293.0,2,
25720,"Heber, UT",Micropolitan,2020,120995.0,2,
25720,"Heber, UT",Micropolitan,2021,155296.0,2,
25720,"Heber, UT",Micropolitan,2022,171697.0,2,
25720,"Heber, UT",Micropolitan,2023,186821.0,2,
25720,"Heber, UT",Micropolitan,2024,194906.0,2,
25740,"Helena, MT",Metropolitan,2019,49629.0,3,
25740,"Helena, MT",Metropolitan,2020,53288.0,3,
25740,"Helena, MT",Metropolitan,2021,58213.0,3,
25740,"Helena, MT",Metropolitan,2022,58934.0,3,
25740,"Helena, MT",Metropolitan,2023,63237.0,3,
25740,"Helena, MT",Metropolitan,2024,66625.0,3,
25770,"Hemlock Farms, PA",Micropolitan,2019,49249.0,1,
25770,"Hemlock Farms, PA",Micropolitan,2020,52362.0,1,
25770,"Hemlock Farms, PA",Micropolitan,2021,55448.0,1,
25770,"Hemlock Farms, PA",Micropolitan,2022,55818.0,1,
25770,"Hemlock Farms, PA",Micropolitan,2023,58924.0,1,
25770,"Hemlock Farms, PA",Micropolitan,2024,61127.0,1,
25775,"Henderson, KY",Micropolitan,2019,40501.0,2,
25775,"Henderson, KY",Micropolitan,2020,44140.0,2,
25775,"Henderson, KY",Micropolitan,2021,49535.0,2,
25775,"Henderson, KY",Micropolitan,2022,52747.0,2,
25775,"Henderson, KY",Micropolitan,2023,55561.0,2,
25775,"Henderson, KY",Micropolitan,2024,57686.0,2,
25780,"Henderson, NC",Micropolitan,2019,36437.0,1,
25780,"Henderson, NC",Micropolitan,2020,39761.0,1,
25780,"Henderson, NC",Micropolitan,2021,44920.0,1,
25780,"Henderson, NC",Micropolitan,2022,43878.0,1,
25780,"Henderson, NC",Micropolitan,2023,46719.0,1,
25780,"Henderson, NC",Micropolitan,2024,49403.0,1,
25820,"Hereford, TX",Micropolitan,2019,50735.0,1,
25820,"Hereford, TX",Micropolitan,2020,58170.0,1,
25820,"Hereford, TX",Micropolitan,2021,62663.0,1,
25820,"Hereford, TX",Micropolitan,2022,66897.0,1,
25820,"Hereford, TX",Micropolitan,2023,77929.0,1,
25820,"Hereford, TX",Micropolitan,2024,75979.0,1,
25840,"Hermiston-Pendleton, OR",Micropolitan,2019,40823.0,2,
25840,"Hermiston-Pendleton, OR",Micropolitan,2020,45835.0,2,
25840,"Hermiston-Pendleton, OR",Micropolitan,2021,49795.0,2,
25840,"Hermiston-Pendleton, OR",Micropolitan,2022,51926.0,2,
25840,"Hermiston-Pendleton, OR",Micropolitan,2023,54868.0,2,
25840,"Hermiston-Pendleton, OR",Micropolitan,2024,56538.0,2,
25850,"Hermitage, PA",Micropolitan,2019,42112.0,1,
25850,"Hermitage, PA",Micropolitan,2020,45777.0,1,
25850,"Hermitage, PA",Micropolitan,2021,48636.0,1,
25850,"Hermitage, PA",Micropolitan,2022,48510.0,1,
25850,"Hermitage, PA",Micropolitan,2023,51044.0,1,
25850,"Hermitage, PA",Micropolitan,2024,53129.0,1,
25860,"Hickory-Lenoir-Morganton, NC",Metropolitan,2019,41260.0,4,
25860,"Hickory-Lenoir-Morganton, NC",Metropolitan,2020,44592.0,4,
25860,"Hickory-Lenoir-Morganton, NC",Metropolitan,2021,49015.0,4,
25860,"Hickory-Lenoir-Morganton, NC",Metropolitan,2022,50329.0,4,
25860,"Hickory-Lenoir-Morganton, NC",Metropolitan,2023,52444.0,4,
25860,"Hickory-Lenoir-Morganton, NC",Metropolitan,2024,55363.0,4,
25880,"Hillsdale, MI",Micropolitan,2019,35696.0,1,
25880,"Hillsdale, MI",Micropolitan,2020,39706.0,1,
25880,"Hillsdale, MI",Micropolitan,2021,43020.0,1,
25880,"Hillsdale, MI",Micropolitan,2022,42742.0,1,
25880,"Hillsdale, MI",Micropolitan,2023,44598.0,1,
25880,"Hillsdale, MI",Micropolitan,2024,46827.0,1,
25900,"Hilo-Kailua, HI",Micropolitan,2019,43040.0,1,
25900,"Hilo-Kailua, HI",Micropolitan,2020,45481.0,1,
25900,"Hilo-Kailua, HI",Micropolitan,2021,50504.0,1,
25900,"Hilo-Kailua, HI",Micropolitan,2022,51102.0,1,
25900,"Hilo-Kailua, HI",Micropolitan,2023,54728.0,1,
25900,"Hilo-Kailua, HI",Micropolitan,2024,57694.0,1,
25940,"Hilton Head Island-Bluffton-Port Royal, SC",Metropolitan,2019,58576.0,2,
25940,"Hilton Head Island-Bluffton-Port Royal, SC",Metropolitan,2020,61524.0,2,
25940,"Hilton Head Island-Bluffton-Port Royal, SC",Metropolitan,2021,68136.0,2,
25940,"Hilton Head Island-Bluffton-Port Royal, SC",Metropolitan,2022,71976.0,2,
25940,"Hilton Head Island-Bluffton-Port Royal, SC",Metropolitan,2023,76695.0,2,
25940,"Hilton Head Island-Bluffton-Port Royal, SC",Metropolitan,2024,80054.0,2,
25980,"Hinesville, GA",Metropolitan,2019,34930.0,2,
25980,"Hinesville, GA",Metropolitan,2020,37595.0,2,
25980,"Hinesville, GA",Metropolitan,2021,40906.0,2,
25980,"Hinesville, GA",Metropolitan,2022,39911.0,2,
25980,"Hinesville, GA",Metropolitan,2023,41941.0,2,
25980,"Hinesville, GA",Metropolitan,2024,44777.0,2,
26020,"Hobbs, NM",Micropolitan,2019,47881.0,1,
26020,"Hobbs, NM",Micropolitan,2020,45561.0,1,
26020,"Hobbs, NM",Micropolitan,2021,47650.0,1,
26020,"Hobbs, NM",Micropolitan,2022,54855.0,1,
26020,"Hobbs, NM",Micropolitan,2023,57212.0,1,
26020,"Hobbs, NM",Micropolitan,2024,59387.0,1,
26090,"Holland, MI",Micropolitan,2019,45182.0,1,
26090,"Holland, MI",Micropolitan,2020,50199.0,1,
26090,"Holland, MI",Micropolitan,2021,54689.0,1,
26090,"Holland, MI",Micropolitan,2022,55332.0,1,
26090,"Holland, MI",Micropolitan,2023,58460.0,1,
26090,"Holland, MI",Micropolitan,2024,60514.0,1,
26140,"Homosassa Springs, FL",Metropolitan,2019,39064.0,1,
26140,"Homosassa Springs, FL",Metropolitan,2020,41636.0,1,
26140,"Homosassa Springs, FL",Metropolitan,2021,45661.0,1,
26140,"Homosassa Springs, FL",Metropolitan,2022,45430.0,1,
26140,"Homosassa Springs, FL",Metropolitan,2023,48235.0,1,
26140,"Homosassa Springs, FL",Metropolitan,2024,50762.0,1,
26220,"Hood River, OR",Micropolitan,2019,54767.0,1,
26220,"Hood River, OR",Micropolitan,2020,60031.0,1,
26220,"Hood River, OR",Micropolitan,2021,66583.0,1,
26220,"Hood River, OR",Micropolitan,2022,66315.0,1,
26220,"Hood River, OR",Micropolitan,2023,71226.0,1,
26220,"Hood River, OR",Micropolitan,2024,74839.0,1,
26300,"Hot Springs, AR",Metropolitan,2019,41376.0,1,
26300,"Hot Springs, AR",Metropolitan,2020,45084.0,1,
26300,"Hot Springs, AR",Metropolitan,2021,48540.0,1,
26300,"Hot Springs, AR",Metropolitan,2022,48493.0,1,
26300,"Hot Springs, AR",Metropolitan,2023,51137.0,1,
26300,"Hot Springs, AR",Metropolitan,2024,53635.0,1,
26340,"Houghton, MI",Micropolitan,2019,37321.0,2,
26340,"Houghton, MI",Micropolitan,2020,40487.0,2,
26340,"Houghton, MI",Micropolitan,2021,44164.0,2,
26340,"Houghton, MI",Micropolitan,2022,43261.0,2,
26340,"Houghton, MI",Micropolitan,2023,45691.0,2,
26340,"Houghton, MI",Micropolitan,2024,48651.0,2,
26380,"Houma-Bayou Cane-Thibodaux, LA",Metropolitan,2019,43662.0,2,
26380,"Houma-Bayou Cane-Thibodaux, LA",Metropolitan,2020,45560.0,2,
26380,"Houma-Bayou Cane-Thibodaux, LA",Metropolitan,2021,50195.0,2,
26380,"Houma-Bayou Cane-Thibodaux, LA",Metropolitan,2022,51225.0,2,
26380,"Houma-Bayou Cane-Thibodaux, LA",Metropolitan,2023,57331.0,2,
26380,"Houma-Bayou Cane-Thibodaux, LA",Metropolitan,2024,60125.0,2,
26420,"Houston-Pasadena-The Woodlands, TX",Metropolitan,2019,58823.0,10,
26420,"Houston-Pasadena-The Woodlands, TX",Metropolitan,2020,59377.0,10,
26420,"Houston-Pasadena-The Woodlands, TX",Metropolitan,2021,65365.0,10,
26420,"Houston-Pasadena-The Woodlands, TX",Metropolitan,2022,69417.0,10,
26420,"Houston-Pasadena-The Woodlands, TX",Metropolitan,2023,74910.0,10,
26420,"Houston-Pasadena-The Woodlands, TX",Metropolitan,2024,76916.0,10,
26460,"Hudson, NY",Micropolitan,2019,57275.0,1,
26460,"Hudson, NY",Micropolitan,2020,63309.0,1,
26460,"Hudson, NY",Micropolitan,2021,68386.0,1,
26460,"Hudson, NY",Micropolitan,2022,70483.0,1,
26460,"Hudson, NY",Micropolitan,2023,75551.0,1,
26460,"Hudson, NY",Micropolitan,2024,79389.0,1,
26500,"Huntingdon, PA",Micropolitan,2019,39409.0,1,
26500,"Huntingdon, PA",Micropolitan,2020,43585.0,1,
26500,"Huntingdon, PA",Micropolitan,2021,45687.0,1,
26500,"Huntingdon, PA",Micropolitan,2022,45956.0,1,
26500,"Huntingdon, PA",Micropolitan,2023,47119.0,1,
26500,"Huntingdon, PA",Micropolitan,2024,49576.0,1,
26540,"Huntington, IN",Micropolitan,2019,41655.0,1,
26540,"Huntington, IN",Micropolitan,2020,45335.0,1,
26540,"Huntington, IN",Micropolitan,2021,50661.0,1,
26540,"Huntington, IN",Micropolitan,2022,50903.0,1,
26540,"Huntington, IN",Micropolitan,2023,52929.0,1,
26540,"Huntington, IN",Micropolitan,2024,55118.0,1,
26580,"Huntington-Ashland, WV-KY-OH",Metropolitan,2019,40560.0,8,
26580,"Huntington-Ashland, WV-KY-OH",Metropolitan,2020,43450.0,8,
26580,"Huntington-Ashland, WV-KY-OH",Metropolitan,2021,47159.0,8,
26580,"Huntington-Ashland, WV-KY-OH",Metropolitan,2022,47862.0,8,
26580,"Huntington-Ashland, WV-KY-OH",Metropolitan,2023,51000.0,8,
26580,"Huntington-Ashland, WV-KY-OH",Metropolitan,2024,53840.0,8,
26620,"Huntsville, AL",Metropolitan,2019,50917.0,2,
26620,"Huntsville, AL",Metropolitan,2020,54267.0,2,
26620,"Huntsville, AL",Metropolitan,2021,59106.0,2,
26620,"Huntsville, AL",Metropolitan,2022,60677.0,2,
26620,"Huntsville, AL",Metropolitan,2023,64146.0,2,
26620,"Huntsville, AL",Metropolitan,2024,66971.0,2,
26660,"Huntsville, TX",Micropolitan,2019,30015.0,1,
26660,"Huntsville, TX",Micropolitan,2020,30658.0,1,
26660,"Huntsville, TX",Micropolitan,2021,33400.0,1,
26660,"Huntsville, TX",Micropolitan,2022,34220.0,1,
26660,"Huntsville, TX",Micropolitan,2023,35500.0,1,
26660,"Huntsville, TX",Micropolitan,2024,36921.0,1,
26700,"Huron, SD",Micropolitan,2019,47965.0,1,
26700,"Huron, SD",Micropolitan,2020,51943.0,1,
26700,"Huron, SD",Micropolitan,2021,57578.0,1,
26700,"Huron, SD",Micropolitan,2022,59380.0,1,
26700,"Huron, SD",Micropolitan,2023,65885.0,1,
26700,"Huron, SD",Micropolitan,2024,64412.0,1,
26740,"Hutchinson, KS",Micropolitan,2019,41037.0,1,
26740,"Hutchinson, KS",Micropolitan,2020,45653.0,1,
26740,"Hutchinson, KS",Micropolitan,2021,47834.0,1,
26740,"Hutchinson, KS",Micropolitan,2022,47507.0,1,
26740,"Hutchinson, KS",Micropolitan,2023,50852.0,1,
26740,"Hutchinson, KS",Micropolitan,2024,53245.0,1,
26780,"Hutchinson, MN",Micropolitan,2019,47439.0,1,
26780,"Hutchinson, MN",Micropolitan,2020,51663.0,1,
26780,"Hutchinson, MN",Micropolitan,2021,57534.0,1,
26780,"Hutchinson, MN",Micropolitan,2022,59413.0,1,
26780,"Hutchinson, MN",Micropolitan,2023,61028.0,1,
26780,"Hutchinson, MN",Micropolitan,2024,63908.0,1,
26820,"Idaho Falls, ID",Metropolitan,2019,52492.0,3,
26820,"Idaho Falls, ID",Metropolitan,2020,56207.0,3,
26820,"Idaho Falls, ID",Metropolitan,2021,59563.0,3,
26820,"Idaho Falls, ID",Metropolitan,2022,55358.0,3,
26820,"Idaho Falls, ID",Metropolitan,2023,54179.0,3,
26820,"Idaho Falls, ID",Metropolitan,2024,56749.0,3,
26860,"Indiana, PA",Micropolitan,2019,40963.0,1,
26860,"Indiana, PA",Micropolitan,2020,44455.0,1,
26860,"Indiana, PA",Micropolitan,2021,46638.0,1,
26860,"Indiana, PA",Micropolitan,2022,45822.0,1,
26860,"Indiana, PA",Micropolitan,2023,47924.0,1,
26860,"Indiana, PA",Micropolitan,2024,49701.0,1,
26900,"Indianapolis-Carmel-Greenwood, IN",Metropolitan,2019,56635.0,11,
26900,"Indianapolis-Carmel-Greenwood, IN",Metropolitan,2020,60546.0,11,
26900,"Indianapolis-Carmel-Greenwood, IN",Metropolitan,2021,67509.0,11,
26900,"Indianapolis-Carmel-Greenwood, IN",Metropolitan,2022,69376.0,11,
26900,"Indianapolis-Carmel-Greenwood, IN",Metropolitan,2023,72995.0,11,
26900,"Indianapolis-Carmel-Greenwood, IN",Metropolitan,2024,76564.0,11,
26980,"Iowa City, IA",Metropolitan,2019,54658.0,2,
26980,"Iowa City, IA",Metropolitan,2020,56540.0,2,
26980,"Iowa City, IA",Metropolitan,2021,62353.0,2,
26980,"Iowa City, IA",Metropolitan,2022,63525.0,2,
26980,"Iowa City, IA",Metropolitan,2023,65801.0,2,
26980,"Iowa City, IA",Metropolitan,2024,68321.0,2,
27020,"Iron Mountain, MI-WI",Micropolitan,2019,47607.0,2,
27020,"Iron Mountain, MI-WI",Micropolitan,2020,51391.0,2,
27020,"Iron Mountain, MI-WI",Micropolitan,2021,57312.0,2,
27020,"Iron Mountain, MI-WI",Micropolitan,2022,55437.0,2,
27020,"Iron Mountain, MI-WI",Micropolitan,2023,58254.0,2,
27020,"Iron Mountain, MI-WI",Micropolitan,2024,60662.0,2,
27060,"Ithaca, NY",Metropolitan,2019,44671.0,1,
27060,"Ithaca, NY",Metropolitan,2020,50744.0,1,
27060,"Ithaca, NY",Metropolitan,2021,50446.0,1,
27060,"Ithaca, NY",Metropolitan,2022,50913.0,1,
27060,"Ithaca, NY",Metropolitan,2023,53975.0,1,
27060,"Ithaca, NY",Metropolitan,2024,56490.0,1,
27100,"Jackson, MI",Metropolitan,2019,39474.0,1,
27100,"Jackson, MI",Metropolitan,2020,43472.0,1,
27100,"Jackson, MI",Metropolitan,2021,47197.0,1,
27100,"Jackson, MI",Metropolitan,2022,46600.0,1,
27100,"Jackson, MI",Metropolitan,2023,49267.0,1,
27100,"Jackson, MI",Metropolitan,2024,51569.0,1,
27140,"Jackson, MS",Metropolitan,2019,44063.0,8,
27140,"Jackson, MS",Metropolitan,2020,47918.0,8,
27140,"Jackson, MS",Metropolitan,2021,53039.0,8,
27140,"Jackson, MS",Metropolitan,2022,54032.0,8,
27140,"Jackson, MS",Metropolitan,2023,57671.0,8,
27140,"Jackson, MS",Metropolitan,2024,60853.0,8,
27180,"Jackson, TN",Metropolitan,2019,41616.0,4,
27180,"Jackson, TN",Metropolitan,2020,44693.0,4,
27180,"Jackson, TN",Metropolitan,2021,49476.0,4,
27180,"Jackson, TN",Metropolitan,2022,49113.0,4,
27180,"Jackson, TN",Metropolitan,2023,52850.0,4,
27180,"Jackson, TN",Metropolitan,2024,55356.0,4,
27220,"Jackson, WY-ID",Micropolitan,2019,189060.0,2,
27220,"Jackson, WY-ID",Micropolitan,2020,215253.0,2,
27220,"Jackson, WY-ID",Micropolitan,2021,257492.0,2,
27220,"Jackson, WY-ID",Micropolitan,2022,308860.0,2,
27220,"Jackson, WY-ID",Micropolitan,2023,349321.0,2,
27220,"Jackson, WY-ID",Micropolitan,2024,368428.0,2,
27260,"Jacksonville, FL",Metropolitan,2019,51532.0,5,
27260,"Jacksonville, FL",Metropolitan,2020,54877.0,5,
27260,"Jacksonville, FL",Metropolitan,2021,60541.0,5,
27260,"Jacksonville, FL",Metropolitan,2022,62531.0,5,
27260,"Jacksonville, FL",Metropolitan,2023,66288.0,5,
27260,"Jacksonville, FL",Metropolitan,2024,69033.0,5,
27300,"Jacksonville, IL",Micropolitan,2019,40582.0,2,
27300,"Jacksonville, IL",Micropolitan,2020,44344.0,2,
27300,"Jacksonville, IL",Micropolitan,2021,49624.0,2,
27300,"Jacksonville, IL",Micropolitan,2022,50510.0,2,
27300,"Jacksonville, IL",Micropolitan,2023,52717.0,2,
27300,"Jacksonville, IL",Micropolitan,2024,53832.0,2,
27340,"Jacksonville, NC",Metropolitan,2019,43832.0,1,
27340,"Jacksonville, NC",Metropolitan,2020,46809.0,1,
27340,"Jacksonville, NC",Metropolitan,2021,52001.0,1,
27340,"Jacksonville, NC",Metropolitan,2022,52257.0,1,
27340,"Jacksonville, NC",Metropolitan,2023,54031.0,1,
27340,"Jacksonville, NC",Metropolitan,2024,57450.0,1,
27380,"Jacksonville, TX",Micropolitan,2019,37450.0,1,
27380,"Jacksonville, TX",Micropolitan,2020,40834.0,1,
27380,"Jacksonville, TX",Micropolitan,2021,43375.0,1,
27380,"Jacksonville, TX",Micropolitan,2022,44945.0,1,
27380,"Jacksonville, TX",Micropolitan,2023,46864.0,1,
27380,"Jacksonville, TX",Micropolitan,2024,48329.0,1,
27420,"Jamestown, ND",Micropolitan,2019,50901.0,1,
27420,"Jamestown, ND",Micropolitan,2020,57677.0,1,
27420,"Jamestown, ND",Micropolitan,2021,61509.0,1,
27420,"Jamestown, ND",Micropolitan,2022,67646.0,1,
27420,"Jamestown, ND",Micropolitan,2023,68583.0,1,
27420,"Jamestown, ND",Micropolitan,2024,66311.0,1,
27460,"Jamestown-Dunkirk, NY",Micropolitan,2019,40899.0,1,
27460,"Jamestown-Dunkirk, NY",Micropolitan,2020,44741.0,1,
27460,"Jamestown-Dunkirk, NY",Micropolitan,2021,47790.0,1,
27460,"Jamestown-Dunkirk, NY",Micropolitan,2022,47384.0,1,
27460,"Jamestown-Dunkirk, NY",Micropolitan,2023,49428.0,1,
27460,"Jamestown-Dunkirk, NY",Micropolitan,2024,52247.0,1,
27500,"Janesville-Beloit, WI",Metropolitan,2019,45523.0,1,
27500,"Janesville-Beloit, WI",Metropolitan,2020,48100.0,1,
27500,"Janesville-Beloit, WI",Metropolitan,2021,52195.0,1,
27500,"Janesville-Beloit, WI",Metropolitan,2022,54101.0,1,
27500,"Janesville-Beloit, WI",Metropolitan,2023,56476.0,1,
27500,"Janesville-Beloit, WI",Metropolitan,2024,58844.0,1,
27540,"Jasper, IN",Micropolitan,2019,54201.0,1,
27540,"Jasper, IN",Micropolitan,2020,58058.0,1,
27540,"Jasper, IN",Micropolitan,2021,63470.0,1,
27540,"Jasper, IN",Micropolitan,2022,65393.0,1,
27540,"Jasper, IN",Micropolitan,2023,69242.0,1,
27540,"Jasper, IN",Micropolitan,2024,72806.0,1,
27600,"Jefferson, GA",Micropolitan,2019,44010.0,1,
27600,"Jefferson, GA",Micropolitan,2020,46626.0,1,
27600,"Jefferson, GA",Micropolitan,2021,52235.0,1,
27600,"Jefferson, GA",Micropolitan,2022,56286.0,1,
27600,"Jefferson, GA",Micropolitan,2023,57332.0,1,
27600,"Jefferson, GA",Micropolitan,2024,59952.0,1,
27620,"Jefferson City, MO",Metropolitan,2019,44522.0,4,
27620,"Jefferson City, MO",Metropolitan,2020,48506.0,4,
27620,"Jefferson City, MO",Metropolitan,2021,51155.0,4,
27620,"Jefferson City, MO",Metropolitan,2022,52917.0,4,
27620,"Jefferson City, MO",Metropolitan,2023,56527.0,4,
27620,"Jefferson City, MO",Metropolitan,2024,59607.0,4,
27700,"Jesup, GA",Micropolitan,2019,32353.0,1,
27700,"Jesup, GA",Micropolitan,2020,34919.0,1,
27700,"Jesup, GA",Micropolitan,2021,39088.0,1,
27700,"Jesup, GA",Micropolitan,2022,38301.0,1,
27700,"Jesup, GA",Micropolitan,2023,39685.0,1,
27700,"Jesup, GA",Micropolitan,2024,41453.0,1,
27740,"Johnson City, TN",Metropolitan,2019,41354.0,3,
27740,"Johnson City, TN",Metropolitan,2020,44070.0,3,
27740,"Johnson City, TN",Metropolitan,2021,48825.0,3,
27740,"Johnson City, TN",Metropolitan,2022,48887.0,3,
27740,"Johnson City, TN",Metropolitan,2023,52452.0,3,
27740,"Johnson City, TN",Metropolitan,2024,55481.0,3,
27780,"Johnstown, PA",Metropolitan,2019,42789.0,1,
27780,"Johnstown, PA",Metropolitan,2020,46216.0,1,
27780,"Johnstown, PA",Metropolitan,2021,48829.0,1,
27780,"Johnstown, PA",Metropolitan,2022,47912.0,1,
27780,"Johnstown, PA",Metropolitan,2023,50870.0,1,
27780,"Johnstown, PA",Metropolitan,2024,52794.0,1,
27860,"Jonesboro, AR",Metropolitan,2019,37886.0,2,
27860,"Jonesboro, AR",Metropolitan,2020,41668.0,2,
27860,"Jonesboro, AR",Metropolitan,2021,46581.0,2,
27860,"Jonesboro, AR",Metropolitan,2022,46503.0,2,
27860,"Jonesboro, AR",Metropolitan,2023,48416.0,2,
27860,"Jonesboro, AR",Metropolitan,2024,50204.0,2,
27900,"Joplin, MO-KS",Metropolitan,2019,39744.0,3,
27900,"Joplin, MO-KS",Metropolitan,2020,41947.0,3,
27900,"Joplin, MO-KS",Metropolitan,2021,45024.0,3,
27900,"Joplin, MO-KS",Metropolitan,2022,46439.0,3,
27900,"Joplin, MO-KS",Metropolitan,2023,48321.0,3,
27900,"Joplin, MO-KS",Metropolitan,2024,50234.0,3,
27940,"Juneau, AK",Micropolitan,2019,69937.0,1,
27940,"Juneau, AK",Micropolitan,2020,70573.0,1,
27940,"Juneau, AK",Micropolitan,2021,74509.0,1,
27940,"Juneau, AK",Micropolitan,2022,79436.0,1,
27940,"Juneau, AK",Micropolitan,2023,84994.0,1,
27940,"Juneau, AK",Micropolitan,2024,88889.0,1,
27980,"Kahului-Wailuku, HI",Metropolitan,2019,51322.0,1,
27980,"Kahului-Wailuku, HI",Metropolitan,2020,52890.0,1,
27980,"Kahului-Wailuku, HI",Metropolitan,2021,60161.0,1,
27980,"Kahului-Wailuku, HI",Metropolitan,2022,61352.0,1,
27980,"Kahului-Wailuku, HI",Metropolitan,2023,64246.0,1,
27980,"Kahului-Wailuku, HI",Metropolitan,2024,67489.0,1,
28020,"Kalamazoo-Portage, MI",Metropolitan,2019,50162.0,1,
28020,"Kalamazoo-Portage, MI",Metropolitan,2020,54938.0,1,
28020,"Kalamazoo-Portage, MI",Metropolitan,2021,59436.0,1,
28020,"Kalamazoo-Portage, MI",Metropolitan,2022,60953.0,1,
28020,"Kalamazoo-Portage, MI",Metropolitan,2023,62983.0,1,
28020,"Kalamazoo-Portage, MI",Metropolitan,2024,65811.0,1,
28060,"Kalispell, MT",Micropolitan,2019,50614.0,1,
28060,"Kalispell, MT",Micropolitan,2020,55536.0,1,
28060,"Kalispell, MT",Micropolitan,2021,62038.0,1,
28060,"Kalispell, MT",Micropolitan,2022,65526.0,1,
28060,"Kalispell, MT",Micropolitan,2023,69824.0,1,
28060,"Kalispell, MT",Micropolitan,2024,73843.0,1,
28100,"Kankakee, IL",Metropolitan,2019,43187.0,1,
28100,"Kankakee, IL",Metropolitan,2020,47236.0,1,
28100,"Kankakee, IL",Metropolitan,2021,51561.0,1,
28100,"Kankakee, IL",Metropolitan,2022,50881.0,1,
28100,"Kankakee, IL",Metropolitan,2023,53232.0,1,
28100,"Kankakee, IL",Metropolitan,2024,55091.0,1,
28140,"Kansas City, MO-KS",Metropolitan,2019,54553.0,14,
28140,"Kansas City, MO-KS",Metropolitan,2020,57446.0,14,
28140,"Kansas City, MO-KS",Metropolitan,2021,61235.0,14,
28140,"Kansas City, MO-KS",Metropolitan,2022,65832.0,14,
28140,"Kansas City, MO-KS",Metropolitan,2023,66785.0,14,
28140,"Kansas City, MO-KS",Metropolitan,2024,69453.0,14,
28180,"Kapaa, HI",Micropolitan,2019,50163.0,1,
28180,"Kapaa, HI",Micropolitan,2020,53016.0,1,
28180,"Kapaa, HI",Micropolitan,2021,56819.0,1,
28180,"Kapaa, HI",Micropolitan,2022,59042.0,1,
28180,"Kapaa, HI",Micropolitan,2023,63416.0,1,
28180,"Kapaa, HI",Micropolitan,2024,67170.0,1,
28260,"Kearney, NE",Micropolitan,2019,55707.0,2,
28260,"Kearney, NE",Micropolitan,2020,61384.0,2,
28260,"Kearney, NE",Micropolitan,2021,77324.0,2,
28260,"Kearney, NE",Micropolitan,2022,69507.0,2,
28260,"Kearney, NE",Micropolitan,2023,76978.0,2,
28260,"Kearney, NE",Micropolitan,2024,75827.0,2,
28300,"Keene, NH",Micropolitan,2019,52996.0,1,
28300,"Keene, NH",Micropolitan,2020,57538.0,1,
28300,"Keene, NH",Micropolitan,2021,65581.0,1,
28300,"Keene, NH",Micropolitan,2022,64297.0,1,
28300,"Keene, NH",Micropolitan,2023,67074.0,1,
28300,"Keene, NH",Micropolitan,2024,70499.0,1,
28340,"Kendallville, IN",Micropolitan,2019,40840.0,1,
28340,"Kendallville, IN",Micropolitan,2020,44100.0,1,
28340,"Kendallville, IN",Micropolitan,2021,49049.0,1,
28340,"Kendallville, IN",Micropolitan,2022,50861.0,1,
28340,"Kendallville, IN",Micropolitan,2023,52577.0,1,
28340,"Kendallville, IN",Micropolitan,2024,54257.0,1,
28380,"Kennett, MO",Micropolitan,2019,36223.0,1,
28380,"Kennett, MO",Micropolitan,2020,38711.0,1,
28380,"Kennett, MO",Micropolitan,2021,44047.0,1,
28380,"Kennett, MO",Micropolitan,2022,44231.0,1,
28380,"Kennett, MO",Micropolitan,2023,47286.0,1,
28380,"Kennett, MO",Micropolitan,2024,50914.0,1,
28420,"Kennewick-Richland, WA",Metropolitan,2019,45185.0,2,
28420,"Kennewick-Richland, WA",Metropolitan,2020,48332.0,2,
28420,"Kennewick-Richland, WA",Metropolitan,2021,52315.0,2,
28420,"Kennewick-Richland, WA",Metropolitan,2022,52067.0,2,
28420,"Kennewick-Richland, WA",Metropolitan,2023,54783.0,2,
28420,"Kennewick-Richland, WA",Metropolitan,2024,56966.0,2,
28450,"Kenosha, WI",Metropolitan,2019,48948.0,1,
28450,"Kenosha, WI",Metropolitan,2020,51832.0,1,
28450,"Kenosha, WI",Metropolitan,2021,56613.0,1,
28450,"Kenosha, WI",Metropolitan,2022,57601.0,1,
28450,"Kenosha, WI",Metropolitan,2023,60138.0,1,
28450,"Kenosha, WI",Metropolitan,2024,62267.0,1,
28500,"Kerrville, TX",Micropolitan,2019,53611.0,1,
28500,"Kerrville, TX",Micropolitan,2020,57703.0,1,
28500,"Kerrville, TX",Micropolitan,2021,62050.0,1,
28500,"Kerrville, TX",Micropolitan,2022,65058.0,1,
28500,"Kerrville, TX",Micropolitan,2023,69655.0,1,
28500,"Kerrville, TX",Micropolitan,2024,73735.0,1,
28540,"Ketchikan, AK",Micropolitan,2019,68096.0,1,
28540,"Ketchikan, AK",Micropolitan,2020,66172.0,1,
28540,"Ketchikan, AK",Micropolitan,2021,69898.0,1,
28540,"Ketchikan, AK",Micropolitan,2022,74038.0,1,
28540,"Ketchikan, AK",Micropolitan,2023,80857.0,1,
28540,"Ketchikan, AK",Micropolitan,2024,85247.0,1,
28580,"Key West-Key Largo, FL",Micropolitan,2019,94612.0,1,
28580,"Key West-Key Largo, FL",Micropolitan,2020,94832.0,1,
28580,"Key West-Key Largo, FL",Micropolitan,2021,107197.0,1,
28580,"Key West-Key Largo, FL",Micropolitan,2022,122924.0,1,
28580,"Key West-Key Largo, FL",Micropolitan,2023,138825.0,1,
28580,"Key West-Key Largo, FL",Micropolitan,2024,147760.0,1,
28620,"Kill Devil Hills, NC",Micropolitan,2019,59760.0,1,
28620,"Kill Devil Hills, NC",Micropolitan,2020,63913.0,1,
28620,"Kill Devil Hills, NC",Micropolitan,2021,72813.0,1,
28620,"Kill Devil Hills, NC",Micropolitan,2022,74031.0,1,
28620,"Kill Devil Hills, NC",Micropolitan,2023,78524.0,1,
28620,"Kill Devil Hills, NC",Micropolitan,2024,83613.0,1,
28660,"Killeen-Temple, TX",Metropolitan,2019,41824.0,3,
28660,"Killeen-Temple, TX",Metropolitan,2020,44791.0,3,
28660,"Killeen-Temple, TX",Metropolitan,2021,48403.0,3,
28660,"Killeen-Temple, TX",Metropolitan,2022,48353.0,3,
28660,"Killeen-Temple, TX",Metropolitan,2023,50725.0,3,
28660,"Killeen-Temple, TX",Metropolitan,2024,53320.0,3,
28680,"Kingsland, GA",Micropolitan,2019,36850.0,1,
28680,"Kingsland, GA",Micropolitan,2020,39493.0,1,
28680,"Kingsland, GA",Micropolitan,2021,43796.0,1,
28680,"Kingsland, GA",Micropolitan,2022,44639.0,1,
28680,"Kingsland, GA",Micropolitan,2023,46796.0,1,
28680,"Kingsland, GA",Micropolitan,2024,48776.0,1,
28700,"Kingsport-Bristol, TN-VA",Metropolitan,2019,40631.0,4,
28700,"Kingsport-Bristol, TN-VA",Metropolitan,2020,43557.0,4,
28700,"Kingsport-Bristol, TN-VA",Metropolitan,2021,47651.0,4,
28700,"Kingsport-Bristol, TN-VA",Metropolitan,2022,48424.0,4,
28700,"Kingsport-Bristol, TN-VA",Metropolitan,2023,51553.0,4,
28700,"Kingsport-Bristol, TN-VA",Metropolitan,2024,54260.0,4,
28740,"Kingston, NY",Metropolitan,2019,53084.0,1,
28740,"Kingston, NY",Metropolitan,2020,57213.0,1,
28740,"Kingston, NY",Metropolitan,2021,61297.0,1,
28740,"Kingston, NY",Metropolitan,2022,62775.0,1,
28740,"Kingston, NY",Metropolitan,2023,65930.0,1,
28740,"Kingston, NY",Metropolitan,2024,69090.0,1,
28780,"Kingsville, TX",Micropolitan,2019,40167.0,1,
28780,"Kingsville, TX",Micropolitan,2020,41238.0,1,
28780,"Kingsville, TX",Micropolitan,2021,45356.0,1,
28780,"Kingsville, TX",Micropolitan,2022,46410.0,1,
28780,"Kingsville, TX",Micropolitan,2023,49566.0,1,
28780,"Kingsville, TX",Micropolitan,2024,50745.0,1,
28820,"Kinston, NC",Micropolitan,2019,41267.0,1,
28820,"Kinston, NC",Micropolitan,2020,44762.0,1,
28820,"Kinston, NC",Micropolitan,2021,50173.0,1,
28820,"Kinston, NC",Micropolitan,2022,51897.0,1,
28820,"Kinston, NC",Micropolitan,2023,53791.0,1,
28820,"Kinston, NC",Micropolitan,2024,56998.0,1,
28860,"Kirksville, MO",Micropolitan,2019,32971.0,2,
28860,"Kirksville, MO",Micropolitan,2020,36015.0,2,
28860,"Kirksville, MO",Micropolitan,2021,38336.0,2,
28860,"Kirksville, MO",Micropolitan,2022,37757.0,2,
28860,"Kirksville, MO",Micropolitan,2023,40755.0,2,
28860,"Kirksville, MO",Micropolitan,2024,42016.0,2,
28880,"Kiryas Joel-Poughkeepsie-Newburgh, NY",Metropolitan,2019,54677.0,2,
28880,"Kiryas Joel-Poughkeepsie-Newburgh, NY",Metropolitan,2020,58458.0,2,
28880,"Kiryas Joel-Poughkeepsie-Newburgh, NY",Metropolitan,2021,61671.0,2,
28880,"Kiryas Joel-Poughkeepsie-Newburgh, NY",Metropolitan,2022,61623.0,2,
28880,"Kiryas Joel-Poughkeepsie-Newburgh, NY",Metropolitan,2023,65265.0,2,
28880,"Kiryas Joel-Poughkeepsie-Newburgh, NY",Metropolitan,2024,68227.0,2,
28900,"Klamath Falls, OR",Micropolitan,2019,39921.0,1,
28900,"Klamath Falls, OR",Micropolitan,2020,43379.0,1,
28900,"Klamath Falls, OR",Micropolitan,2021,47763.0,1,
28900,"Klamath Falls, OR",Micropolitan,2022,48435.0,1,
28900,"Klamath Falls, OR",Micropolitan,2023,51149.0,1,
28900,"Klamath Falls, OR",Micropolitan,2024,54476.0,1,
28940,"Knoxville, TN",Metropolitan,2019,48087.0,9,
28940,"Knoxville, TN",Metropolitan,2020,51424.0,9,
28940,"Knoxville, TN",Metropolitan,2021,57446.0,9,
28940,"Knoxville, TN",Metropolitan,2022,58486.0,9,
28940,"Knoxville, TN",Metropolitan,2023,63230.0,9,
28940,"Knoxville, TN",Metropolitan,2024,66419.0,9,
29020,"Kokomo, IN",Metropolitan,2019,41680.0,1,
29020,"Kokomo, IN",Metropolitan,2020,44027.0,1,
29020,"Kokomo, IN",Metropolitan,2021,47605.0,1,
29020,"Kokomo, IN",Metropolitan,2022,47672.0,1,
29020,"Kokomo, IN",Metropolitan,2023,50097.0,1,
29020,"Kokomo, IN",Metropolitan,2024,53185.0,1,
29060,"Laconia, NH",Micropolitan,2019,63310.0,1,
29060,"Laconia, NH",Micropolitan,2020,67901.0,1,
29060,"Laconia, NH",Micropolitan,2021,71669.0,1,
29060,"Laconia, NH",Micropolitan,2022,75822.0,1,
29060,"Laconia, NH",Micropolitan,2023,81178.0,1,
29060,"Laconia, NH",Micropolitan,2024,85305.0,1,
29100,"La Crosse-Onalaska, WI-MN",Metropolitan,2019,49182.0,3,
29100,"La Crosse-Onalaska, WI-MN",Metropolitan,2020,52609.0,3,
29100,"La Crosse-Onalaska, WI-MN",Metropolitan,2021,58034.0,3,
29100,"La Crosse-Onalaska, WI-MN",Metropolitan,2022,57840.0,3,
29100,"La Crosse-Onalaska, WI-MN",Metropolitan,2023,60838.0,3,
29100,"La Crosse-Onalaska, WI-MN",Metropolitan,2024,63617.0,3,
29180,"Lafayette, LA",Metropolitan,2019,45862.0,4,
29180,"Lafayette, LA",Metropolitan,2020,49619.0,4,
29180,"Lafayette, LA",Metropolitan,2021,54951.0,4,
29180,"Lafayette, LA",Metropolitan,2022,55757.0,4,
29180,"Lafayette, LA",Metropolitan,2023,59916.0,4,
29180,"Lafayette, LA",Metropolitan,2024,62614.0,4,
29200,"Lafayette-West Lafayette, IN",Metropolitan,2019,41237.0,4,
29200,"Lafayette-West Lafayette, IN",Metropolitan,2020,43409.0,4,
29200,"Lafayette-West Lafayette, IN",Metropolitan,2021,47518.0,4,
29200,"Lafayette-West Lafayette, IN",Metropolitan,2022,48173.0,4,
29200,"Lafayette-West Lafayette, IN",Metropolitan,2023,51251.0,4,
29200,"Lafayette-West Lafayette, IN",Metropolitan,2024,52856.0,4,
29260,"La Grande, OR",Micropolitan,2019,41679.0,1,
29260,"La Grande, OR",Micropolitan,2020,45976.0,1,
29260,"La Grande, OR",Micropolitan,2021,49407.0,1,
29260,"La Grande, OR",Micropolitan,2022,50154.0,1,
29260,"La Grande, OR",Micropolitan,2023,53785.0,1,
29260,"La Grande, OR",Micropolitan,2024,56198.0,1,
29300,"LaGrange, GA-AL",Micropolitan,2019,36078.0,2,
29300,"LaGrange, GA-AL",Micropolitan,2020,39546.0,2,
29300,"LaGrange, GA-AL",Micropolitan,2021,43187.0,2,
29300,"LaGrange, GA-AL",Micropolitan,2022,43485.0,2,
29300,"LaGrange, GA-AL",Micropolitan,2023,45611.0,2,
29300,"LaGrange, GA-AL",Micropolitan,2024,47991.0,2,
29340,"Lake Charles, LA",Metropolitan,2019,45144.0,3,
29340,"Lake Charles, LA",Metropolitan,2020,46817.0,3,
29340,"Lake Charles, LA",Metropolitan,2021,51246.0,3,
29340,"Lake Charles, LA",Metropolitan,2022,51659.0,3,
29340,"Lake Charles, LA",Metropolitan,2023,53712.0,3,
29340,"Lake Charles, LA",Metropolitan,2024,55694.0,3,
29380,"Lake City, FL",Micropolitan,2019,36850.0,1,
29380,"Lake City, FL",Micropolitan,2020,40111.0,1,
29380,"Lake City, FL",Micropolitan,2021,43757.0,1,
29380,"Lake City, FL",Micropolitan,2022,43291.0,1,
29380,"Lake City, FL",Micropolitan,2023,46115.0,1,
29380,"Lake City, FL",Micropolitan,2024,48052.0,1,
29420,"Lake Havasu City-Kingman, AZ",Metropolitan,2019,35487.0,1,
29420,"Lake Havasu City-Kingman, AZ",Metropolitan,2020,39063.0,1,
29420,"Lake Havasu City-Kingman, AZ",Metropolitan,2021,43086.0,1,
29420,"Lake Havasu City-Kingman, AZ",Metropolitan,2022,43642.0,1,
29420,"Lake Havasu City-Kingman, AZ",Metropolitan,2023,46106.0,1,
29420,"Lake Havasu City-Kingman, AZ",Metropolitan,2024,48586.0,1,
29460,"Lakeland-Winter Haven, FL",Metropolitan,2019,37844.0,1,
29460,"Lakeland-Winter Haven, FL",Metropolitan,2020,40840.0,1,
29460,"Lakeland-Winter Haven, FL",Metropolitan,2021,43955.0,1,
29460,"Lakeland-Winter Haven, FL",Metropolitan,2022,43504.0,1,
29460,"Lakeland-Winter Haven, FL",Metropolitan,2023,45026.0,1,
29460,"Lakeland-Winter Haven, FL",Metropolitan,2024,46274.0,1,
29470,"Lake of the Woods, VA",Micropolitan,2019,52448.0,1,
29470,"Lake of the Woods, VA",Micropolitan,2020,55626.0,1,
29470,"Lake of the Woods, VA",Micropolitan,2021,59249.0,1,
29470,"Lake of the Woods, VA",Micropolitan,2022,59889.0,1,
29470,"Lake of the Woods, VA",Micropolitan,2023,63963.0,1,
29470,"Lake of the Woods, VA",Micropolitan,2024,66250.0,1,
29540,"Lancaster, PA",Metropolitan,2019,53267.0,1,
29540,"Lancaster, PA",Metropolitan,2020,57839.0,1,
29540,"Lancaster, PA",Metropolitan,2021,61484.0,1,
29540,"Lancaster, PA",Metropolitan,2022,63990.0,1,
29540,"Lancaster, PA",Metropolitan,2023,65643.0,1,
29540,"Lancaster, PA",Metropolitan,2024,68628.0,1,
29620,"Lansing-East Lansing, MI",Metropolitan,2019,43227.0,3,
29620,"Lansing-East Lansing, MI",Metropolitan,2020,47436.0,3,
29620,"Lansing-East Lansing, MI",Metropolitan,2021,52435.0,3,
29620,"Lansing-East Lansing, MI",Metropolitan,2022,51615.0,3,
29620,"Lansing-East Lansing, MI",Metropolitan,2023,53757.0,3,
29620,"Lansing-East Lansing, MI",Metropolitan,2024,56106.0,3,
29660,"Laramie, WY",Micropolitan,2019,42535.0,1,
29660,"Laramie, WY",Micropolitan,2020,46014.0,1,
29660,"Laramie, WY",Micropolitan,2021,49664.0,1,
29660,"Laramie, WY",Micropolitan,2022,50653.0,1,
29660,"Laramie, WY",Micropolitan,2023,53940.0,1,
29660,"Laramie, WY",Micropolitan,2024,57293.0,1,
29700,"Laredo, TX",Metropolitan,2019,34471.0,1,
29700,"Laredo, TX",Metropolitan,2020,36753.0,1,
29700,"Laredo, TX",Metropolitan,2021,41117.0,1,
29700,"Laredo, TX",Metropolitan,2022,41588.0,1,
29700,"Laredo, TX",Metropolitan,2023,42612.0,1,
29700,"Laredo, TX",Metropolitan,2024,44200.0,1,
29740,"Las Cruces, NM",Metropolitan,2019,37865.0,1,
29740,"Las Cruces, NM",Metropolitan,2020,40874.0,1,
29740,"Las Cruces, NM",Metropolitan,2021,45830.0,1,
29740,"Las Cruces, NM",Metropolitan,2022,46222.0,1,
29740,"Las Cruces, NM",Metropolitan,2023,47536.0,1,
29740,"Las Cruces, NM",Metropolitan,2024,49742.0,1,
29780,"Las Vegas, NM",Micropolitan,2019,37720.0,2,
29780,"Las Vegas, NM",Micropolitan,2020,41540.0,2,
29780,"Las Vegas, NM",Micropolitan,2021,45323.0,2,
29780,"Las Vegas, NM",Micropolitan,2022,47028.0,2,
29780,"Las Vegas, NM",Micropolitan,2023,49275.0,2,
29780,"Las Vegas, NM",Micropolitan,2024,51713.0,2,
29820,"Las Vegas-Henderson-North Las Vegas, NV",Metropolitan,2019,50433.0,1,
29820,"Las Vegas-Henderson-North Las Vegas, NV",Metropolitan,2020,52642.0,1,
29820,"Las Vegas-Henderson-North Las Vegas, NV",Metropolitan,2021,58410.0,1,
29820,"Las Vegas-Henderson-North Las Vegas, NV",Metropolitan,2022,60318.0,1,
29820,"Las Vegas-Henderson-North Las Vegas, NV",Metropolitan,2023,64058.0,1,
29820,"Las Vegas-Henderson-North Las Vegas, NV",Metropolitan,2024,66952.0,1,
29860,"Laurel, MS",Micropolitan,2019,39280.0,2,
29860,"Laurel, MS",Micropolitan,2020,41037.0,2,
29860,"Laurel, MS",Micropolitan,2021,45170.0,2,
29860,"Laurel, MS",Micropolitan,2022,47748.0,2,
29860,"Laurel, MS",Micropolitan,2023,48480.0,2,
29860,"Laurel, MS",Micropolitan,2024,51640.0,2,
29900,"Laurinburg, NC",Micropolitan,2019,34518.0,1,
29900,"Laurinburg, NC",Micropolitan,2020,38873.0,1,
29900,"Laurinburg, NC",Micropolitan,2021,43452.0,1,
29900,"Laurinburg, NC",Micropolitan,2022,42879.0,1,
29900,"Laurinburg, NC",Micropolitan,2023,44565.0,1,
29900,"Laurinburg, NC",Micropolitan,2024,47747.0,1,
29940,"Lawrence, KS",Metropolitan,2019,46123.0,1,
29940,"Lawrence, KS",Metropolitan,2020,48920.0,1,
29940,"Lawrence, KS",Metropolitan,2021,52199.0,1,
29940,"Lawrence, KS",Metropolitan,2022,53318.0,1,
29940,"Lawrence, KS",Metropolitan,2023,56058.0,1,
29940,"Lawrence, KS",Metropolitan,2024,58698.0,1,
29980,"Lawrenceburg, TN",Micropolitan,2019,35673.0,1,
29980,"Lawrenceburg, TN",Micropolitan,2020,37780.0,1,
29980,"Lawrenceburg, TN",Micropolitan,2021,41933.0,1,
29980,"Lawrenceburg, TN",Micropolitan,2022,41749.0,1,
29980,"Lawrenceburg, TN",Micropolitan,2023,44309.0,1,
29980,"Lawrenceburg, TN",Micropolitan,2024,46836.0,1,
30020,"Lawton, OK",Metropolitan,2019,42597.0,2,
30020,"Lawton, OK",Metropolitan,2020,45601.0,2,
30020,"Lawton, OK",Metropolitan,2021,48414.0,2,
30020,"Lawton, OK",Metropolitan,2022,48416.0,2,
30020,"Lawton, OK",Metropolitan,2023,51240.0,2,
30020,"Lawton, OK",Metropolitan,2024,55025.0,2,
30060,"Lebanon, MO",Micropolitan,2019,35985.0,1,
30060,"Lebanon, MO",Micropolitan,2020,39116.0,1,
30060,"Lebanon, MO",Micropolitan,2021,42797.0,1,
30060,"Lebanon, MO",Micropolitan,2022,45246.0,1,
30060,"Lebanon, MO",Micropolitan,2023,47941.0,1,
30060,"Lebanon, MO",Micropolitan,2024,49529.0,1,
30140,"Lebanon, PA",Metropolitan,2019,48226.0,1,
30140,"Lebanon, PA",Metropolitan,2020,52239.0,1,
30140,"Lebanon, PA",Metropolitan,2021,56214.0,1,
30140,"Lebanon, PA",Metropolitan,2022,56679.0,1,
30140,"Lebanon, PA",Metropolitan,2023,58299.0,1,
30140,"Lebanon, PA",Metropolitan,2024,60884.0,1,
30150,"Lebanon-Claremont, NH-VT",Micropolitan,2019,59316.0,4,
30150,"Lebanon-Claremont, NH-VT",Micropolitan,2020,63253.0,4,
30150,"Lebanon-Claremont, NH-VT",Micropolitan,2021,67909.0,4,
30150,"Lebanon-Claremont, NH-VT",Micropolitan,2022,68905.0,4,
30150,"Lebanon-Claremont, NH-VT",Micropolitan,2023,74381.0,4,
30150,"Lebanon-Claremont, NH-VT",Micropolitan,2024,77975.0,4,
30180,"Le Mars, IA",Micropolitan,2019,53344.0,1,
30180,"Le Mars, IA",Micropolitan,2020,56516.0,1,
30180,"Le Mars, IA",Micropolitan,2021,62988.0,1,
30180,"Le Mars, IA",Micropolitan,2022,69463.0,1,
30180,"Le Mars, IA",Micropolitan,2023,67875.0,1,
30180,"Le Mars, IA",Micropolitan,2024,69887.0,1,
30260,"Lewisburg, PA",Micropolitan,2019,43746.0,1,
30260,"Lewisburg, PA",Micropolitan,2020,47710.0,1,
30260,"Lewisburg, PA",Micropolitan,2021,50321.0,1,
30260,"Lewisburg, PA",Micropolitan,2022,50828.0,1,
30260,"Lewisburg, PA",Micropolitan,2023,53021.0,1,
30260,"Lewisburg, PA",Micropolitan,2024,55791.0,1,
30280,"Lewisburg, TN",Micropolitan,2019,40353.0,1,
30280,"Lewisburg, TN",Micropolitan,2020,43283.0,1,
30280,"Lewisburg, TN",Micropolitan,2021,47482.0,1,
30280,"Lewisburg, TN",Micropolitan,2022,49192.0,1,
30280,"Lewisburg, TN",Micropolitan,2023,52013.0,1,
30280,"Lewisburg, TN",Micropolitan,2024,54587.0,1,
30300,"Lewiston, ID-WA",Metropolitan,2019,45082.0,2,
30300,"Lewiston, ID-WA",Metropolitan,2020,48279.0,2,
30300,"Lewiston, ID-WA",Metropolitan,2021,53100.0,2,
30300,"Lewiston, ID-WA",Metropolitan,2022,53383.0,2,
30300,"Lewiston, ID-WA",Metropolitan,2023,56751.0,2,
30300,"Lewiston, ID-WA",Metropolitan,2024,60086.0,2,
30340,"Lewiston-Auburn, ME",Metropolitan,2019,41671.0,1,
30340,"Lewiston-Auburn, ME",Metropolitan,2020,46103.0,1,
30340,"Lewiston-Auburn, ME",Metropolitan,2021,48484.0,1,
30340,"Lewiston-Auburn, ME",Metropolitan,2022,50842.0,1,
30340,"Lewiston-Auburn, ME",Metropolitan,2023,53635.0,1,
30340,"Lewiston-Auburn, ME",Metropolitan,2024,56487.0,1,
30380,"Lewistown, PA",Micropolitan,2019,39510.0,1,
30380,"Lewistown, PA",Micropolitan,2020,43532.0,1,
30380,"Lewistown, PA",Micropolitan,2021,46329.0,1,
30380,"Lewistown, PA",Micropolitan,2022,47196.0,1,
30380,"Lewistown, PA",Micropolitan,2023,48250.0,1,
30380,"Lewistown, PA",Micropolitan,2024,51124.0,1,
30420,"Lexington, NE",Micropolitan,2019,44822.0,2,
30420,"Lexington, NE",Micropolitan,2020,49703.0,2,
30420,"Lexington, NE",Micropolitan,2021,54482.0,2,
30420,"Lexington, NE",Micropolitan,2022,52885.0,2,
30420,"Lexington, NE",Micropolitan,2023,55838.0,2,
30420,"Lexington, NE",Micropolitan,2024,56172.0,2,
30460,"Lexington-Fayette, KY",Metropolitan,2019,50056.0,6,
30460,"Lexington-Fayette, KY",Metropolitan,2020,53405.0,6,
30460,"Lexington-Fayette, KY",Metropolitan,2021,58317.0,6,
30460,"Lexington-Fayette, KY",Metropolitan,2022,59744.0,6,
30460,"Lexington-Fayette, KY",Metropolitan,2023,63480.0,6,
30460,"Lexington-Fayette, KY",Metropolitan,2024,66130.0,6,
30500,"Lexington Park, MD",Metropolitan,2019,60674.0,2,
30500,"Lexington Park, MD",Metropolitan,2020,64152.0,2,
30500,"Lexington Park, MD",Metropolitan,2021,66817.0,2,
30500,"Lexington Park, MD",Metropolitan,2022,68309.0,2,
30500,"Lexington Park, MD",Metropolitan,2023,72196.0,2,
30500,"Lexington Park, MD",Metropolitan,2024,76131.0,2,
30580,"Liberal, KS",Micropolitan,2019,36944.0,1,
30580,"Liberal, KS",Micropolitan,2020,42977.0,1,
30580,"Liberal, KS",Micropolitan,2021,46283.0,1,
30580,"Liberal, KS",Micropolitan,2022,46604.0,1,
30580,"Liberal, KS",Micropolitan,2023,47638.0,1,
30580,"Liberal, KS",Micropolitan,2024,48578.0,1,
30620,"Lima, OH",Metropolitan,2019,43117.0,1,
30620,"Lima, OH",Metropolitan,2020,46916.0,1,
30620,"Lima, OH",Metropolitan,2021,50303.0,1,
30620,"Lima, OH",Metropolitan,2022,50807.0,1,
30620,"Lima, OH",Metropolitan,2023,53986.0,1,
30620,"Lima, OH",Metropolitan,2024,56066.0,1,
30660,"Lincoln, IL",Micropolitan,2019,38007.0,1,
30660,"Lincoln, IL",Micropolitan,2020,42357.0,1,
30660,"Lincoln, IL",Micropolitan,2021,47564.0,1,
30660,"Lincoln, IL",Micropolitan,2022,48522.0,1,
30660,"Lincoln, IL",Micropolitan,2023,49864.0,1,
30660,"Lincoln, IL",Micropolitan,2024,50572.0,1,
30700,"Lincoln, NE",Metropolitan,2019,50412.0,2,
30700,"Lincoln, NE",Metropolitan,2020,53542.0,2,
30700,"Lincoln, NE",Metropolitan,2021,59637.0,2,
30700,"Lincoln, NE",Metropolitan,2022,61820.0,2,
30700,"Lincoln, NE",Metropolitan,2023,65516.0,2,
30700,"Lincoln, NE",Metropolitan,2024,68304.0,2,
30780,"Little Rock-North Little Rock-Conway, AR",Metropolitan,2019,46714.0,6,
30780,"Little Rock-North Little Rock-Conway, AR",Metropolitan,2020,50928.0,6,
30780,"Little Rock-North Little Rock-Conway, AR",Metropolitan,2021,55721.0,6,
30780,"Little Rock-North Little Rock-Conway, AR",Metropolitan,2022,55168.0,6,
30780,"Little Rock-North Little Rock-Conway, AR",Metropolitan,2023,58619.0,6,
30780,"Little Rock-North Little Rock-Conway, AR",Metropolitan,2024,61173.0,6,
30820,"Lock Haven, PA",Micropolitan,2019,41226.0,1,
30820,"Lock Haven, PA",Micropolitan,2020,45456.0,1,
30820,"Lock Haven, PA",Micropolitan,2021,46703.0,1,
30820,"Lock Haven, PA",Micropolitan,2022,46157.0,1,
30820,"Lock Haven, PA",Micropolitan,2023,48059.0,1,
30820,"Lock Haven, PA",Micropolitan,2024,49562.0,1,
30860,"Logan, UT-ID",Metropolitan,2019,40698.0,2,
30860,"Logan, UT-ID",Metropolitan,2020,42792.0,2,
30860,"Logan, UT-ID",Metropolitan,2021,48950.0,2,
30860,"Logan, UT-ID",Metropolitan,2022,48563.0,2,
30860,"Logan, UT-ID",Metropolitan,2023,51107.0,2,
30860,"Logan, UT-ID",Metropolitan,2024,53277.0,2,
30900,"Logansport, IN",Micropolitan,2019,39614.0,1,
30900,"Logansport, IN",Micropolitan,2020,42955.0,1,
30900,"Logansport, IN",Micropolitan,2021,47749.0,1,
30900,"Logansport, IN",Micropolitan,2022,47189.0,1,
30900,"Logansport, IN",Micropolitan,2023,49182.0,1,
30900,"Logansport, IN",Micropolitan,2024,51201.0,1,
30980,"Longview, TX",Metropolitan,2019,43803.0,4,
30980,"Longview, TX",Metropolitan,2020,46106.0,4,
30980,"Longview, TX",Metropolitan,2021,49702.0,4,
30980,"Longview, TX",Metropolitan,2022,51693.0,4,
30980,"Longview, TX",Metropolitan,2023,53809.0,4,
30980,"Longview, TX",Metropolitan,2024,55217.0,4,
31020,"Longview-Kelso, WA",Metropolitan,2019,45852.0,1,
31020,"Longview-Kelso, WA",Metropolitan,2020,49725.0,1,
31020,"Longview-Kelso, WA",Metropolitan,2021,54204.0,1,
31020,"Longview-Kelso, WA",Metropolitan,2022,55226.0,1,
31020,"Longview-Kelso, WA",Metropolitan,2023,57373.0,1,
31020,"Longview-Kelso, WA",Metropolitan,2024,59669.0,1,
31060,"Los Alamos, NM",Micropolitan,2019,72082.0,1,
31060,"Los Alamos, NM",Micropolitan,2020,75003.0,1,
31060,"Los Alamos, NM",Micropolitan,2021,81592.0,1,
31060,"Los Alamos, NM",Micropolitan,2022,87151.0,1,
31060,"Los Alamos, NM",Micropolitan,2023,92765.0,1,
31060,"Los Alamos, NM",Micropolitan,2024,98378.0,1,
31080,"Los Angeles-Long Beach-Anaheim, CA",Metropolitan,2019,64282.0,2,
31080,"Los Angeles-Long Beach-Anaheim, CA",Metropolitan,2020,69627.0,2,
31080,"Los Angeles-Long Beach-Anaheim, CA",Metropolitan,2021,75593.0,2,
31080,"Los Angeles-Long Beach-Anaheim, CA",Metropolitan,2022,77128.0,2,
31080,"Los Angeles-Long Beach-Anaheim, CA",Metropolitan,2023,81373.0,2,
31080,"Los Angeles-Long Beach-Anaheim, CA",Metropolitan,2024,86376.0,2,
31140,"Louisville/Jefferson County, KY-IN",Metropolitan,2019,50672.0,12,
31140,"Louisville/Jefferson County, KY-IN",Metropolitan,2020,54211.0,12,
31140,"Louisville/Jefferson County, KY-IN",Metropolitan,2021,60132.0,12,
31140,"Louisville/Jefferson County, KY-IN",Metropolitan,2022,61235.0,12,
31140,"Louisville/Jefferson County, KY-IN",Metropolitan,2023,64770.0,12,
31140,"Louisville/Jefferson County, KY-IN",Metropolitan,2024,67446.0,12,
31180,"Lubbock, TX",Metropolitan,2019,44842.0,6,
31180,"Lubbock, TX",Metropolitan,2020,47235.0,6,
31180,"Lubbock, TX",Metropolitan,2021,51109.0,6,
31180,"Lubbock, TX",Metropolitan,2022,52784.0,6,
31180,"Lubbock, TX",Metropolitan,2023,54589.0,6,
31180,"Lubbock, TX",Metropolitan,2024,55533.0,6,
31220,"Ludington, MI",Micropolitan,2019,41208.0,1,
31220,"Ludington, MI",Micropolitan,2020,45659.0,1,
31220,"Ludington, MI",Micropolitan,2021,48742.0,1,
31220,"Ludington, MI",Micropolitan,2022,48179.0,1,
31220,"Ludington, MI",Micropolitan,2023,50829.0,1,
31220,"Ludington, MI",Micropolitan,2024,53069.0,1,
31260,"Lufkin, TX",Micropolitan,2019,40052.0,1,
31260,"Lufkin, TX",Micropolitan,2020,42720.0,1,
31260,"Lufkin, TX",Micropolitan,2021,46770.0,1,
31260,"Lufkin, TX",Micropolitan,2022,49084.0,1,
31260,"Lufkin, TX",Micropolitan,2023,51885.0,1,
31260,"Lufkin, TX",Micropolitan,2024,53573.0,1,
31300,"Lumberton, NC",Micropolitan,2019,33635.0,1,
31300,"Lumberton, NC",Micropolitan,2020,37044.0,1,
31300,"Lumberton, NC",Micropolitan,2021,41909.0,1,
31300,"Lumberton, NC",Micropolitan,2022,42610.0,1,
31300,"Lumberton, NC",Micropolitan,2023,43897.0,1,
31300,"Lumberton, NC",Micropolitan,2024,46550.0,1,
31340,"Lynchburg, VA",Metropolitan,2019,41031.0,4,
31340,"Lynchburg, VA",Metropolitan,2020,44180.0,4,
31340,"Lynchburg, VA",Metropolitan,2021,47716.0,4,
31340,"Lynchburg, VA",Metropolitan,2022,48633.0,4,
31340,"Lynchburg, VA",Metropolitan,2023,51392.0,4,
31340,"Lynchburg, VA",Metropolitan,2024,53298.0,4,
31380,"Macomb, IL",Micropolitan,2019,40238.0,1,
31380,"Macomb, IL",Micropolitan,2020,44579.0,1,
31380,"Macomb, IL",Micropolitan,2021,48346.0,1,
31380,"Macomb, IL",Micropolitan,2022,48836.0,1,
31380,"Macomb, IL",Micropolitan,2023,50603.0,1,
31380,"Macomb, IL",Micropolitan,2024,51383.0,1,
31420,"Macon-Bibb County, GA",Metropolitan,2019,40211.0,5,
31420,"Macon-Bibb County, GA",Metropolitan,2020,43187.0,5,
31420,"Macon-Bibb County, GA",Metropolitan,2021,47567.0,5,
31420,"Macon-Bibb County, GA",Metropolitan,2022,47008.0,5,
31420,"Macon-Bibb County, GA",Metropolitan,2023,49107.0,5,
31420,"Macon-Bibb County, GA",Metropolitan,2024,51250.0,5,
31500,"Madison, IN",Micropolitan,2019,43314.0,1,
31500,"Madison, IN",Micropolitan,2020,47185.0,1,
31500,"Madison, IN",Micropolitan,2021,50545.0,1,
31500,"Madison, IN",Micropolitan,2022,52680.0,1,
31500,"Madison, IN",Micropolitan,2023,55148.0,1,
31500,"Madison, IN",Micropolitan,2024,57391.0,1,
31540,"Madison, WI",Metropolitan,2019,60876.0,4,
31540,"Madison, WI",Metropolitan,2020,63865.0,4,
31540,"Madison, WI",Metropolitan,2021,70806.0,4,
31540,"Madison, WI",Metropolitan,2022,72048.0,4,
31540,"Madison, WI",Metropolitan,2023,76342.0,4,
31540,"Madison, WI",Metropolitan,2024,79548.0,4,
31580,"Madisonville, KY",Micropolitan,2019,39891.0,1,
31580,"Madisonville, KY",Micropolitan,2020,42245.0,1,
31580,"Madisonville, KY",Micropolitan,2021,46313.0,1,
31580,"Madisonville, KY",Micropolitan,2022,47391.0,1,
31580,"Madisonville, KY",Micropolitan,2023,49912.0,1,
31580,"Madisonville, KY",Micropolitan,2024,52111.0,1,
31620,"Magnolia, AR",Micropolitan,2019,38091.0,1,
31620,"Magnolia, AR",Micropolitan,2020,41340.0,1,
31620,"Magnolia, AR",Micropolitan,2021,44786.0,1,
31620,"Magnolia, AR",Micropolitan,2022,45009.0,1,
31620,"Magnolia, AR",Micropolitan,2023,48000.0,1,
31620,"Magnolia, AR",Micropolitan,2024,49741.0,1,
31680,"Malvern, AR",Micropolitan,2019,32279.0,1,
31680,"Malvern, AR",Micropolitan,2020,35033.0,1,
31680,"Malvern, AR",Micropolitan,2021,37846.0,1,
31680,"Malvern, AR",Micropolitan,2022,38146.0,1,
31680,"Malvern, AR",Micropolitan,2023,39522.0,1,
31680,"Malvern, AR",Micropolitan,2024,41293.0,1,
31700,"Manchester-Nashua, NH",Metropolitan,2019,62665.0,1,
31700,"Manchester-Nashua, NH",Metropolitan,2020,65926.0,1,
31700,"Manchester-Nashua, NH",Metropolitan,2021,74854.0,1,
31700,"Manchester-Nashua, NH",Metropolitan,2022,73025.0,1,
31700,"Manchester-Nashua, NH",Metropolitan,2023,76773.0,1,
31700,"Manchester-Nashua, NH",Metropolitan,2024,80473.0,1,
31740,"Manhattan, KS",Metropolitan,2019,45587.0,3,
31740,"Manhattan, KS",Metropolitan,2020,48350.0,3,
31740,"Manhattan, KS",Metropolitan,2021,52088.0,3,
31740,"Manhattan, KS",Metropolitan,2022,53023.0,3,
31740,"Manhattan, KS",Metropolitan,2023,55521.0,3,
31740,"Manhattan, KS",Metropolitan,2024,57885.0,3,
31820,"Manitowoc, WI",Micropolitan,2019,46706.0,1,
31820,"Manitowoc, WI",Micropolitan,2020,49425.0,1,
31820,"Manitowoc, WI",Micropolitan,2021,53859.0,1,
31820,"Manitowoc, WI",Micropolitan,2022,54775.0,1,
31820,"Manitowoc, WI",Micropolitan,2023,57149.0,1,
31820,"Manitowoc, WI",Micropolitan,2024,60076.0,1,
31860,"Mankato, MN",Metropolitan,2019,46675.0,2,
31860,"Mankato, MN",Metropolitan,2020,50013.0,2,
31860,"Mankato, MN",Metropolitan,2021,54060.0,2,
31860,"Mankato, MN",Metropolitan,2022,55500.0,2,
31860,"Mankato, MN",Metropolitan,2023,56572.0,2,
31860,"Mankato, MN",Metropolitan,2024,59097.0,2,
31900,"Mansfield, OH",Metropolitan,2019,39589.0,1,
31900,"Mansfield, OH",Metropolitan,2020,43509.0,1,
31900,"Mansfield, OH",Metropolitan,2021,45470.0,1,
31900,"Mansfield, OH",Metropolitan,2022,45499.0,1,
31900,"Mansfield, OH",Metropolitan,2023,47929.0,1,
31900,"Mansfield, OH",Metropolitan,2024,50010.0,1,
31930,"Marietta, OH",Micropolitan,2019,44155.0,1,
31930,"Marietta, OH",Micropolitan,2020,46797.0,1,
31930,"Marietta, OH",Micropolitan,2021,51569.0,1,
31930,"Marietta, OH",Micropolitan,2022,51478.0,1,
31930,"Marietta, OH",Micropolitan,2023,55864.0,1,
31930,"Marietta, OH",Micropolitan,2024,57485.0,1,
31940,"Marinette, WI-MI",Micropolitan,2019,43414.0,2,
31940,"Marinette, WI-MI",Micropolitan,2020,46284.0,2,
31940,"Marinette, WI-MI",Micropolitan,2021,50658.0,2,
31940,"Marinette, WI-MI",Micropolitan,2022,50532.0,2,
31940,"Marinette, WI-MI",Micropolitan,2023,52597.0,2,
31940,"Marinette, WI-MI",Micropolitan,2024,54198.0,2,
31980,"Marion, IN",Micropolitan,2019,38816.0,1,
31980,"Marion, IN",Micropolitan,2020,42514.0,1,
31980,"Marion, IN",Micropolitan,2021,47233.0,1,
31980,"Marion, IN",Micropolitan,2022,47619.0,1,
31980,"Marion, IN",Micropolitan,2023,49108.0,1,
31980,"Marion, IN",Micropolitan,2024,51373.0,1,
32000,"Marion, NC",Micropolitan,2019,36293.0,1,
32000,"Marion, NC",Micropolitan,2020,39736.0,1,
32000,"Marion, NC",Micropolitan,2021,43913.0,1,
32000,"Marion, NC",Micropolitan,2022,45168.0,1,
32000,"Marion, NC",Micropolitan,2023,47357.0,1,
32000,"Marion, NC",Micropolitan,2024,50502.0,1,
32020,"Marion, OH",Micropolitan,2019,36914.0,1,
32020,"Marion, OH",Micropolitan,2020,40535.0,1,
32020,"Marion, OH",Micropolitan,2021,42876.0,1,
32020,"Marion, OH",Micropolitan,2022,43601.0,1,
32020,"Marion, OH",Micropolitan,2023,45621.0,1,
32020,"Marion, OH",Micropolitan,2024,47315.0,1,
32060,"Marion-Herrin, IL",Micropolitan,2019,45247.0,1,
32060,"Marion-Herrin, IL",Micropolitan,2020,48870.0,1,
32060,"Marion-Herrin, IL",Micropolitan,2021,52094.0,1,
32060,"Marion-Herrin, IL",Micropolitan,2022,52882.0,1,
32060,"Marion-Herrin, IL",Micropolitan,2023,56134.0,1,
32060,"Marion-Herrin, IL",Micropolitan,2024,58380.0,1,
32100,"Marquette, MI",Micropolitan,2019,40114.0,1,
32100,"Marquette, MI",Micropolitan,2020,43826.0,1,
32100,"Marquette, MI",Micropolitan,2021,47944.0,1,
32100,"Marquette, MI",Micropolitan,2022,46533.0,1,
32100,"Marquette, MI",Micropolitan,2023,48786.0,1,
32100,"Marquette, MI",Micropolitan,2024,51849.0,1,
32140,"Marshall, MN",Micropolitan,2019,48790.0,1,
32140,"Marshall, MN",Micropolitan,2020,53818.0,1,
32140,"Marshall, MN",Micropolitan,2021,58757.0,1,
32140,"Marshall, MN",Micropolitan,2022,61189.0,1,
32140,"Marshall, MN",Micropolitan,2023,61260.0,1,
32140,"Marshall, MN",Micropolitan,2024,62366.0,1,
32180,"Marshall, MO",Micropolitan,2019,37435.0,1,
32180,"Marshall, MO",Micropolitan,2020,41844.0,1,
32180,"Marshall, MO",Micropolitan,2021,45325.0,1,
32180,"Marshall, MO",Micropolitan,2022,48459.0,1,
32180,"Marshall, MO",Micropolitan,2023,51323.0,1,
32180,"Marshall, MO",Micropolitan,2024,51364.0,1,
32260,"Marshalltown, IA",Micropolitan,2019,42788.0,1,
32260,"Marshalltown, IA",Micropolitan,2020,45661.0,1,
32260,"Marshalltown, IA",Micropolitan,2021,50037.0,1,
32260,"Marshalltown, IA",Micropolitan,2022,49056.0,1,
32260,"Marshalltown, IA",Micropolitan,2023,49362.0,1,
32260,"Marshalltown, IA",Micropolitan,2024,51945.0,1,
32280,"Martin, TN",Micropolitan,2019,38167.0,1,
32280,"Martin, TN",Micropolitan,2020,40716.0,1,
32280,"Martin, TN",Micropolitan,2021,46024.0,1,
32280,"Martin, TN",Micropolitan,2022,45569.0,1,
32280,"Martin, TN",Micropolitan,2023,47681.0,1,
32280,"Martin, TN",Micropolitan,2024,48495.0,1,
32300,"Martinsville, VA",Micropolitan,2019,38370.0,1,
32300,"Martinsville, VA",Micropolitan,2020,41885.0,1,
32300,"Martinsville, VA",Micropolitan,2021,45810.0,1,
32300,"Martinsville, VA",Micropolitan,2022,47021.0,1,
32300,"Martinsville, VA",Micropolitan,2023,49666.0,1,
32300,"Martinsville, VA",Micropolitan,2024,51414.0,1,
32340,"Maryville, MO",Micropolitan,2019,33196.0,1,
32340,"Maryville, MO",Micropolitan,2020,38225.0,1,
32340,"Maryville, MO",Micropolitan,2021,40234.0,1,
32340,"Maryville, MO",Micropolitan,2022,41801.0,1,
32340,"Maryville, MO",Micropolitan,2023,44220.0,1,
32340,"Maryville, MO",Micropolitan,2024,45161.0,1,
32380,"Mason City, IA",Micropolitan,2019,48162.0,2,
32380,"Mason City, IA",Micropolitan,2020,51373.0,2,
32380,"Mason City, IA",Micropolitan,2021,60498.0,2,
32380,"Mason City, IA",Micropolitan,2022,72775.0,2,
32380,"Mason City, IA",Micropolitan,2023,74467.0,2,
32380,"Mason City, IA",Micropolitan,2024,76867.0,2,
32390,"Massena-Ogdensburg, NY",Micropolitan,2019,38670.0,1,
32390,"Massena-Ogdensburg, NY",Micropolitan,2020,42820.0,1,
32390,"Massena-Ogdensburg, NY",Micropolitan,2021,45679.0,1,
32390,"Massena-Ogdensburg, NY",Micropolitan,2022,45560.0,1,
32390,"Massena-Ogdensburg, NY",Micropolitan,2023,48084.0,1,
32390,"Massena-Ogdensburg, NY",Micropolitan,2024,50912.0,1,
32460,"Mayfield, KY",Micropolitan,2019,39077.0,1,
32460,"Mayfield, KY",Micropolitan,2020,42497.0,1,
32460,"Mayfield, KY",Micropolitan,2021,48476.0,1,
32460,"Mayfield, KY",Micropolitan,2022,50339.0,1,
32460,"Mayfield, KY",Micropolitan,2023,51240.0,1,
32460,"Mayfield, KY",Micropolitan,2024,53707.0,1,
32540,"McAlester, OK",Micropolitan,2019,39260.0,1,
32540,"McAlester, OK",Micropolitan,2020,40317.0,1,
32540,"McAlester, OK",Micropolitan,2021,42416.0,1,
32540,"McAlester, OK",Micropolitan,2022,42836.0,1,
32540,"McAlester, OK",Micropolitan,2023,45465.0,1,
32540,"McAlester, OK",Micropolitan,2024,46560.0,1,
32580,"McAllen-Edinburg-Mission, TX",Metropolitan,2019,28110.0,1,
32580,"McAllen-Edinburg-Mission, TX",Metropolitan,2020,31116.0,1,
32580,"McAllen-Edinburg-Mission, TX",Metropolitan,2021,34857.0,1,
32580,"McAllen-Edinburg-Mission, TX",Metropolitan,2022,33794.0,1,
32580,"McAllen-Edinburg-Mission, TX",Metropolitan,2023,34393.0,1,
32580,"McAllen-Edinburg-Mission, TX",Metropolitan,2024,35290.0,1,
32620,"McComb, MS",Micropolitan,2019,31809.0,2,
32620,"McComb, MS",Micropolitan,2020,34251.0,2,
32620,"McComb, MS",Micropolitan,2021,38402.0,2,
32620,"McComb, MS",Micropolitan,2022,37272.0,2,
32620,"McComb, MS",Micropolitan,2023,39649.0,2,
32620,"McComb, MS",Micropolitan,2024,42262.0,2,
32660,"McMinnville, TN",Micropolitan,2019,36526.0,1,
32660,"McMinnville, TN",Micropolitan,2020,39257.0,1,
32660,"McMinnville, TN",Micropolitan,2021,42963.0,1,
32660,"McMinnville, TN",Micropolitan,2022,42472.0,1,
32660,"McMinnville, TN",Micropolitan,2023,44988.0,1,
32660,"McMinnville, TN",Micropolitan,2024,47359.0,1,
32700,"McPherson, KS",Micropolitan,2019,52081.0,1,
32700,"McPherson, KS",Micropolitan,2020,55067.0,1,
32700,"McPherson, KS",Micropolitan,2021,57800.0,1,
32700,"McPherson, KS",Micropolitan,2022,59219.0,1,
32700,"McPherson, KS",Micropolitan,2023,63928.0,1,
32700,"McPherson, KS",Micropolitan,2024,65632.0,1,
32740,"Meadville, PA",Micropolitan,2019,41593.0,1,
32740,"Meadville, PA",Micropolitan,2020,45887.0,1,
32740,"Meadville, PA",Micropolitan,2021,48349.0,1,
32740,"Meadville, PA",Micropolitan,2022,48616.0,1,
32740,"Meadville, PA",Micropolitan,2023,50161.0,1,
32740,"Meadville, PA",Micropolitan,2024,52158.0,1,
32780,"Medford, OR",Metropolitan,2019,47190.0,1,
32780,"Medford, OR",Metropolitan,2020,51878.0,1,
32780,"Medford, OR",Metropolitan,2021,57340.0,1,
32780,"Medford, OR",Metropolitan,2022,58066.0,1,
32780,"Medford, OR",Metropolitan,2023,62183.0,1,
32780,"Medford, OR",Metropolitan,2024,65802.0,1,
32820,"Memphis, TN-MS-AR",Metropolitan,2019,48205.0,9,
32820,"Memphis, TN-MS-AR",Metropolitan,2020,51276.0,9,
32820,"Memphis, TN-MS-AR",Metropolitan,2021,57027.0,9,
32820,"Memphis, TN-MS-AR",Metropolitan,2022,56680.0,9,
32820,"Memphis, TN-MS-AR",Metropolitan,2023,60523.0,9,
32820,"Memphis, TN-MS-AR",Metropolitan,2024,62653.0,9,
32860,"Menomonie, WI",Micropolitan,2019,41297.0,1,
32860,"Menomonie, WI",Micropolitan,2020,44604.0,1,
32860,"Menomonie, WI",Micropolitan,2021,49966.0,1,
32860,"Menomonie, WI",Micropolitan,2022,49163.0,1,
32860,"Menomonie, WI",Micropolitan,2023,51437.0,1,
32860,"Menomonie, WI",Micropolitan,2024,53534.0,1,
32900,"Merced, CA",Metropolitan,2019,38423.0,1,
32900,"Merced, CA",Metropolitan,2020,44023.0,1,
32900,"Merced, CA",Metropolitan,2021,47939.0,1,
32900,"Merced, CA",Metropolitan,2022,46377.0,1,
32900,"Merced, CA",Metropolitan,2023,46796.0,1,
32900,"Merced, CA",Metropolitan,2024,51481.0,1,
32940,"Meridian, MS",Micropolitan,2019,39782.0,2,
32940,"Meridian, MS",Micropolitan,2020,43470.0,2,
32940,"Meridian, MS",Micropolitan,2021,46701.0,2,
32940,"Meridian, MS",Micropolitan,2022,46598.0,2,
32940,"Meridian, MS",Micropolitan,2023,50090.0,2,
32940,"Meridian, MS",Micropolitan,2024,52710.0,2,
33020,"Mexico, MO",Micropolitan,2019,37802.0,1,
33020,"Mexico, MO",Micropolitan,2020,41256.0,1,
33020,"Mexico, MO",Micropolitan,2021,43957.0,1,
33020,"Mexico, MO",Micropolitan,2022,46011.0,1,
33020,"Mexico, MO",Micropolitan,2023,48966.0,1,
33020,"Mexico, MO",Micropolitan,2024,49041.0,1,
33060,"Miami, OK",Micropolitan,2019,38869.0,1,
33060,"Miami, OK",Micropolitan,2020,42409.0,1,
33060,"Miami, OK",Micropolitan,2021,46770.0,1,
33060,"Miami, OK",Micropolitan,2022,45940.0,1,
33060,"Miami, OK",Micropolitan,2023,47784.0,1,
33060,"Miami, OK",Micropolitan,2024,49839.0,1,
33100,"Miami-Fort Lauderdale-West Palm Beach, FL",Metropolitan,2019,62391.0,3,
33100,"Miami-Fort Lauderdale-West Palm Beach, FL",Metropolitan,2020,65017.0,3,
33100,"Miami-Fort Lauderdale-West Palm Beach, FL",Metropolitan,2021,73746.0,3,
33100,"Miami-Fort Lauderdale-West Palm Beach, FL",Metropolitan,2022,79757.0,3,
33100,"Miami-Fort Lauderdale-West Palm Beach, FL",Metropolitan,2023,85802.0,3,
33100,"Miami-Fort Lauderdale-West Palm Beach, FL",Metropolitan,2024,89115.0,3,
33140,"Michigan City-La Porte, IN",Metropolitan,2019,41860.0,1,
33140,"Michigan City-La Porte, IN",Metropolitan,2020,45420.0,1,
33140,"Michigan City-La Porte, IN",Metropolitan,2021,49276.0,1,
33140,"Michigan City-La Porte, IN",Metropolitan,2022,50715.0,1,
33140,"Michigan City-La Porte, IN",Metropolitan,2023,53587.0,1,
33140,"Michigan City-La Porte, IN",Metropolitan,2024,55790.0,1,
33180,"Middlesborough, KY",Micropolitan,2019,32088.0,1,
33180,"Middlesborough, KY",Micropolitan,2020,36985.0,1,
33180,"Middlesborough, KY",Micropolitan,2021,40728.0,1,
33180,"Middlesborough, KY",Micropolitan,2022,39908.0,1,
33180,"Middlesborough, KY",Micropolitan,2023,42847.0,1,
33180,"Middlesborough, KY",Micropolitan,2024,45728.0,1,
33220,"Midland, MI",Metropolitan,2019,54138.0,1,
33220,"Midland, MI",Metropolitan,2020,57486.0,1,
33220,"Midland, MI",Metropolitan,2021,60671.0,1,
33220,"Midland, MI",Metropolitan,2022,60647.0,1,
33220,"Midland, MI",Metropolitan,2023,64387.0,1,
33220,"Midland, MI",Metropolitan,2024,67162.0,1,
33260,"Midland, TX",Metropolitan,2019,134798.0,2,
33260,"Midland, TX",Metropolitan,2020,102265.0,2,
33260,"Midland, TX",Metropolitan,2021,119495.0,2,
33260,"Midland, TX",Metropolitan,2022,145252.0,2,
33260,"Midland, TX",Metropolitan,2023,142993.0,2,
33260,"Midland, TX",Metropolitan,2024,145426.0,2,
33300,"Milledgeville, GA",Micropolitan,2019,34544.0,1,
33300,"Milledgeville, GA",Micropolitan,2020,37586.0,1,
33300,"Milledgeville, GA",Micropolitan,2021,42049.0,1,
33300,"Milledgeville, GA",Micropolitan,2022,43440.0,1,
33300,"Milledgeville, GA",Micropolitan,2023,46634.0,1,
33300,"Milledgeville, GA",Micropolitan,2024,48900.0,1,
33340,"Milwaukee-Waukesha, WI",Metropolitan,2019,57590.0,4,
33340,"Milwaukee-Waukesha, WI",Metropolitan,2020,60688.0,4,
33340,"Milwaukee-Waukesha, WI",Metropolitan,2021,66826.0,4,
33340,"Milwaukee-Waukesha, WI",Metropolitan,2022,68381.0,4,
33340,"Milwaukee-Waukesha, WI",Metropolitan,2023,71612.0,4,
33340,"Milwaukee-Waukesha, WI",Metropolitan,2024,74917.0,4,
33380,"Minden, LA",Micropolitan,2019,41707.0,1,
33380,"Minden, LA",Micropolitan,2020,46097.0,1,
33380,"Minden, LA",Micropolitan,2021,49846.0,1,
33380,"Minden, LA",Micropolitan,2022,50954.0,1,
33380,"Minden, LA",Micropolitan,2023,54500.0,1,
33380,"Minden, LA",Micropolitan,2024,57370.0,1,
33420,"Mineral Wells, TX",Micropolitan,2019,44680.0,1,
33420,"Mineral Wells, TX",Micropolitan,2020,46941.0,1,
33420,"Mineral Wells, TX",Micropolitan,2021,51440.0,1,
33420,"Mineral Wells, TX",Micropolitan,2022,52731.0,1,
33420,"Mineral Wells, TX",Micropolitan,2023,55049.0,1,
33420,"Mineral Wells, TX",Micropolitan,2024,56315.0,1,
33460,"Minneapolis-St. Paul-Bloomington, MN-WI",Metropolitan,2019,63811.0,15,
33460,"Minneapolis-St. Paul-Bloomington, MN-WI",Metropolitan,2020,66542.0,15,
33460,"Minneapolis-St. Paul-Bloomington, MN-WI",Metropolitan,2021,73483.0,15,
33460,"Minneapolis-St. Paul-Bloomington, MN-WI",Metropolitan,2022,75749.0,15,
33460,"Minneapolis-St. Paul-Bloomington, MN-WI",Metropolitan,2023,79669.0,15,
33460,"Minneapolis-St. Paul-Bloomington, MN-WI",Metropolitan,2024,82844.0,15,
33500,"Minot, ND",Metropolitan,2019,55272.0,3,
33500,"Minot, ND",Metropolitan,2020,58425.0,3,
33500,"Minot, ND",Metropolitan,2021,61495.0,3,
33500,"Minot, ND",Metropolitan,2022,66498.0,3,
33500,"Minot, ND",Metropolitan,2023,67826.0,3,
33500,"Minot, ND",Metropolitan,2024,69128.0,3,
33540,"Missoula, MT",Metropolitan,2019,52708.0,2,
33540,"Missoula, MT",Metropolitan,2020,57267.0,2,
33540,"Missoula, MT",Metropolitan,2021,61844.0,2,
33540,"Missoula, MT",Metropolitan,2022,64069.0,2,
33540,"Missoula, MT",Metropolitan,2023,69489.0,2,
33540,"Missoula, MT",Metropolitan,2024,73277.0,2,
33580,"Mitchell, SD",Micropolitan,2019,53068.0,3,
33580,"Mitchell, SD",Micropolitan,2020,57928.0,3,
33580,"Mitchell, SD",Micropolitan,2021,63186.0,3,
33580,"Mitchell, SD",Micropolitan,2022,67887.0,3,
33580,"Mitchell, SD",Micropolitan,2023,72970.0,3,
33580,"Mitchell, SD",Micropolitan,2024,72685.0,3,
33620,"Moberly, MO",Micropolitan,2019,38729.0,1,
33620,"Moberly, MO",Micropolitan,2020,44129.0,1,
33620,"Moberly, MO",Micropolitan,2021,48384.0,1,
33620,"Moberly, MO",Micropolitan,2022,51557.0,1,
33620,"Moberly, MO",Micropolitan,2023,54385.0,1,
33620,"Moberly, MO",Micropolitan,2024,56731.0,1,
33660,"Mobile, AL",Metropolitan,2019,39294.0,1,
33660,"Mobile, AL",Metropolitan,2020,42588.0,1,
33660,"Mobile, AL",Metropolitan,2021,47810.0,1,
33660,"Mobile, AL",Metropolitan,2022,48370.0,1,
33660,"Mobile, AL",Metropolitan,2023,51482.0,1,
33660,"Mobile, AL",Metropolitan,2024,53901.0,1,
33700,"Modesto, CA",Metropolitan,2019,43430.0,1,
33700,"Modesto, CA",Metropolitan,2020,48678.0,1,
33700,"Modesto, CA",Metropolitan,2021,52417.0,1,
33700,"Modesto, CA",Metropolitan,2022,51572.0,1,
33700,"Modesto, CA",Metropolitan,2023,52853.0,1,
33700,"Modesto, CA",Metropolitan,2024,56741.0,1,
33740,"Monroe, LA",Metropolitan,2019,39303.0,4,
33740,"Monroe, LA",Metropolitan,2020,43225.0,4,
33740,"Monroe, LA",Metropolitan,2021,46540.0,4,
33740,"Monroe, LA",Metropolitan,2022,46477.0,4,
33740,"Monroe, LA",Metropolitan,2023,49137.0,4,
33740,"Monroe, LA",Metropolitan,2024,51387.0,4,
33780,"Monroe, MI",Metropolitan,2019,47316.0,1,
33780,"Monroe, MI",Metropolitan,2020,49935.0,1,
33780,"Monroe, MI",Metropolitan,2021,52962.0,1,
33780,"Monroe, MI",Metropolitan,2022,56678.0,1,
33780,"Monroe, MI",Metropolitan,2023,59816.0,1,
33780,"Monroe, MI",Metropolitan,2024,61697.0,1,
33860,"Montgomery, AL",Metropolitan,2019,42712.0,4,
33860,"Montgomery, AL",Metropolitan,2020,45511.0,4,
33860,"Montgomery, AL",Metropolitan,2021,49395.0,4,
33860,"Montgomery, AL",Metropolitan,2022,50213.0,4,
33860,"Montgomery, AL",Metropolitan,2023,53543.0,4,
33860,"Montgomery, AL",Metropolitan,2024,56622.0,4,
33900,"Monticello, IN",Micropolitan,2019,43209.0,1,
33900,"Monticello, IN",Micropolitan,2020,47406.0,1,
33900,"Monticello, IN",Micropolitan,2021,52181.0,1,
33900,"Monticello, IN",Micropolitan,2022,53825.0,1,
33900,"Monticello, IN",Micropolitan,2023,56995.0,1,
33900,"Monticello, IN",Micropolitan,2024,58476.0,1,
33910,"Monticello, NY",Micropolitan,2019,47112.0,1,
33910,"Monticello, NY",Micropolitan,2020,51115.0,1,
33910,"Monticello, NY",Micropolitan,2021,54010.0,1,
33910,"Monticello, NY",Micropolitan,2022,55021.0,1,
33910,"Monticello, NY",Micropolitan,2023,58382.0,1,
33910,"Monticello, NY",Micropolitan,2024,60628.0,1,
33940,"Montrose, CO",Micropolitan,2019,42824.0,1,
33940,"Montrose, CO",Micropolitan,2020,45894.0,1,
33940,"Montrose, CO",Micropolitan,2021,50588.0,1,
33940,"Montrose, CO",Micropolitan,2022,53080.0,1,
33940,"Montrose, CO",Micropolitan,2023,54259.0,1,
33940,"Montrose, CO",Micropolitan,2024,57305.0,1,
33980,"Morehead City, NC",Micropolitan,2019,53029.0,1,
33980,"Morehead City, NC",Micropolitan,2020,56992.0,1,
33980,"Morehead City, NC",Micropolitan,2021,62513.0,1,
33980,"Morehead City, NC",Micropolitan,2022,64333.0,1,
33980,"Morehead City, NC",Micropolitan,2023,69685.0,1,
33980,"Morehead City, NC",Micropolitan,2024,74177.0,1,
34020,"Morgan City, LA",Micropolitan,2019,40436.0,1,
34020,"Morgan City, LA",Micropolitan,2020,44448.0,1,
34020,"Morgan City, LA",Micropolitan,2021,48940.0,1,
34020,"Morgan City, LA",Micropolitan,2022,48175.0,1,
34020,"Morgan City, LA",Micropolitan,2023,51379.0,1,
34020,"Morgan City, LA",Micropolitan,2024,53332.0,1,
34060,"Morgantown, WV",Metropolitan,2019,44803.0,2,
34060,"Morgantown, WV",Metropolitan,2020,46896.0,2,
34060,"Morgantown, WV",Metropolitan,2021,50692.0,2,
34060,"Morgantown, WV",Metropolitan,2022,52337.0,2,
34060,"Morgantown, WV",Metropolitan,2023,55306.0,2,
34060,"Morgantown, WV",Metropolitan,2024,57179.0,2,
34100,"Morristown, TN",Metropolitan,2019,38496.0,2,
34100,"Morristown, TN",Metropolitan,2020,41234.0,2,
34100,"Morristown, TN",Metropolitan,2021,46633.0,2,
34100,"Morristown, TN",Metropolitan,2022,46787.0,2,
34100,"Morristown, TN",Metropolitan,2023,49733.0,2,
34100,"Morristown, TN",Metropolitan,2024,52189.0,2,
34140,"Moscow, ID",Micropolitan,2019,44237.0,1,
34140,"Moscow, ID",Micropolitan,2020,47648.0,1,
34140,"Moscow, ID",Micropolitan,2021,52270.0,1,
34140,"Moscow, ID",Micropolitan,2022,51663.0,1,
34140,"Moscow, ID",Micropolitan,2023,54722.0,1,
34140,"Moscow, ID",Micropolitan,2024,55988.0,1,
34180,"Moses Lake, WA",Micropolitan,2019,40654.0,1,
34180,"Moses Lake, WA",Micropolitan,2020,46148.0,1,
34180,"Moses Lake, WA",Micropolitan,2021,49191.0,1,
34180,"Moses Lake, WA",Micropolitan,2022,49434.0,1,
34180,"Moses Lake, WA",Micropolitan,2023,50292.0,1,
34180,"Moses Lake, WA",Micropolitan,2024,52210.0,1,
34220,"Moultrie, GA",Micropolitan,2019,33642.0,1,
34220,"Moultrie, GA",Micropolitan,2020,37809.0,1,
34220,"Moultrie, GA",Micropolitan,2021,40926.0,1,
34220,"Moultrie, GA",Micropolitan,2022,41403.0,1,
34220,"Moultrie, GA",Micropolitan,2023,42456.0,1,
34220,"Moultrie, GA",Micropolitan,2024,44346.0,1,
34260,"Mountain Home, AR",Micropolitan,2019,38452.0,1,
34260,"Mountain Home, AR",Micropolitan,2020,41240.0,1,
34260,"Mountain Home, AR",Micropolitan,2021,44535.0,1,
34260,"Mountain Home, AR",Micropolitan,2022,44190.0,1,
34260,"Mountain Home, AR",Micropolitan,2023,46263.0,1,
34260,"Mountain Home, AR",Micropolitan,2024,48272.0,1,
34300,"Mountain Home, ID",Micropolitan,2019,36924.0,1,
34300,"Mountain Home, ID",Micropolitan,2020,39153.0,1,
34300,"Mountain Home, ID",Micropolitan,2021,42927.0,1,
34300,"Mountain Home, ID",Micropolitan,2022,44645.0,1,
34300,"Mountain Home, ID",Micropolitan,2023,46501.0,1,
34300,"Mountain Home, ID",Micropolitan,2024,49558.0,1,
34340,"Mount Airy, NC",Micropolitan,2019,39622.0,1,
34340,"Mount Airy, NC",Micropolitan,2020,42899.0,1,
34340,"Mount Airy, NC",Micropolitan,2021,48375.0,1,
34340,"Mount Airy, NC",Micropolitan,2022,49716.0,1,
34340,"Mount Airy, NC",Micropolitan,2023,51206.0,1,
34340,"Mount Airy, NC",Micropolitan,2024,54267.0,1,
34380,"Mount Pleasant, MI",Micropolitan,2019,38905.0,1,
34380,"Mount Pleasant, MI",Micropolitan,2020,43326.0,1,
34380,"Mount Pleasant, MI",Micropolitan,2021,45882.0,1,
34380,"Mount Pleasant, MI",Micropolitan,2022,45613.0,1,
34380,"Mount Pleasant, MI",Micropolitan,2023,48156.0,1,
34380,"Mount Pleasant, MI",Micropolitan,2024,49936.0,1,
34420,"Mount Pleasant, TX",Micropolitan,2019,39590.0,3,
34420,"Mount Pleasant, TX",Micropolitan,2020,43361.0,3,
34420,"Mount Pleasant, TX",Micropolitan,2021,48739.0,3,
34420,"Mount Pleasant, TX",Micropolitan,2022,50902.0,3,
34420,"Mount Pleasant, TX",Micropolitan,2023,51702.0,3,
34420,"Mount Pleasant, TX",Micropolitan,2024,53771.0,3,
34460,"Mount Sterling, KY",Micropolitan,2019,34392.0,3,
34460,"Mount Sterling, KY",Micropolitan,2020,37952.0,3,
34460,"Mount Sterling, KY",Micropolitan,2021,41456.0,3,
34460,"Mount Sterling, KY",Micropolitan,2022,41944.0,3,
34460,"Mount Sterling, KY",Micropolitan,2023,43640.0,3,
34460,"Mount Sterling, KY",Micropolitan,2024,45944.0,3,
34500,"Mount Vernon, IL",Micropolitan,2019,40075.0,1,
34500,"Mount Vernon, IL",Micropolitan,2020,44126.0,1,
34500,"Mount Vernon, IL",Micropolitan,2021,47771.0,1,
34500,"Mount Vernon, IL",Micropolitan,2022,47888.0,1,
34500,"Mount Vernon, IL",Micropolitan,2023,50484.0,1,
34500,"Mount Vernon, IL",Micropolitan,2024,52893.0,1,
34540,"Mount Vernon, OH",Micropolitan,2019,44463.0,1,
34540,"Mount Vernon, OH",Micropolitan,2020,48966.0,1,
34540,"Mount Vernon, OH",Micropolitan,2021,51964.0,1,
34540,"Mount Vernon, OH",Micropolitan,2022,52476.0,1,
34540,"Mount Vernon, OH",Micropolitan,2023,56104.0,1,
34540,"Mount Vernon, OH",Micropolitan,2024,58293.0,1,
34580,"Mount Vernon-Anacortes, WA",Metropolitan,2019,54067.0,1,
34580,"Mount Vernon-Anacortes, WA",Metropolitan,2020,58475.0,1,
34580,"Mount Vernon-Anacortes, WA",Metropolitan,2021,62153.0,1,
34580,"Mount Vernon-Anacortes, WA",Metropolitan,2022,63349.0,1,
34580,"Mount Vernon-Anacortes, WA",Metropolitan,2023,67524.0,1,
34580,"Mount Vernon-Anacortes, WA",Metropolitan,2024,71399.0,1,
34620,"Muncie, IN",Metropolitan,2019,38575.0,1,
34620,"Muncie, IN",Metropolitan,2020,41964.0,1,
34620,"Muncie, IN",Metropolitan,2021,45235.0,1,
34620,"Muncie, IN",Metropolitan,2022,45752.0,1,
34620,"Muncie, IN",Metropolitan,2023,47698.0,1,
34620,"Muncie, IN",Metropolitan,2024,49965.0,1,
34660,"Murray, KY",Micropolitan,2019,38273.0,1,
34660,"Murray, KY",Micropolitan,2020,41578.0,1,
34660,"Murray, KY",Micropolitan,2021,44398.0,1,
34660,"Murray, KY",Micropolitan,2022,43739.0,1,
34660,"Murray, KY",Micropolitan,2023,45873.0,1,
34660,"Murray, KY",Micropolitan,2024,47693.0,1,
34680,"Murrells Inlet, SC",Micropolitan,2019,49584.0,1,
34680,"Murrells Inlet, SC",Micropolitan,2020,52650.0,1,
34680,"Murrells Inlet, SC",Micropolitan,2021,57798.0,1,
34680,"Murrells Inlet, SC",Micropolitan,2022,59421.0,1,
34680,"Murrells Inlet, SC",Micropolitan,2023,63623.0,1,
34680,"Murrells Inlet, SC",Micropolitan,2024,67003.0,1,
34700,"Muscatine, IA",Micropolitan,2019,47358.0,1,
34700,"Muscatine, IA",Micropolitan,2020,50717.0,1,
34700,"Muscatine, IA",Micropolitan,2021,53586.0,1,
34700,"Muscatine, IA",Micropolitan,2022,55357.0,1,
34700,"Muscatine, IA",Micropolitan,2023,57515.0,1,
34700,"Muscatine, IA",Micropolitan,2024,60332.0,1,
34740,"Muskegon-Norton Shores, MI",Metropolitan,2019,39247.0,1,
34740,"Muskegon-Norton Shores, MI",Metropolitan,2020,44355.0,1,
34740,"Muskegon-Norton Shores, MI",Metropolitan,2021,46639.0,1,
34740,"Muskegon-Norton Shores, MI",Metropolitan,2022,47491.0,1,
34740,"Muskegon-Norton Shores, MI",Metropolitan,2023,49309.0,1,
34740,"Muskegon-Norton Shores, MI",Metropolitan,2024,51283.0,1,
34780,"Muskogee, OK",Micropolitan,2019,38220.0,1,
34780,"Muskogee, OK",Micropolitan,2020,41116.0,1,
34780,"Muskogee, OK",Micropolitan,2021,44450.0,1,
34780,"Muskogee, OK",Micropolitan,2022,45216.0,1,
34780,"Muskogee, OK",Micropolitan,2023,47458.0,1,
34780,"Muskogee, OK",Micropolitan,2024,49780.0,1,
34820,"Myrtle Beach-Conway-North Myrtle Beach, SC",Metropolitan,2019,41021.0,1,
34820,"Myrtle Beach-Conway-North Myrtle Beach, SC",Metropolitan,2020,44286.0,1,
34820,"Myrtle Beach-Conway-North Myrtle Beach, SC",Metropolitan,2021,47978.0,1,
34820,"Myrtle Beach-Conway-North Myrtle Beach, SC",Metropolitan,2022,48453.0,1,
34820,"Myrtle Beach-Conway-North Myrtle Beach, SC",Metropolitan,2023,51799.0,1,
34820,"Myrtle Beach-Conway-North Myrtle Beach, SC",Metropolitan,2024,53905.0,1,
34860,"Nacogdoches, TX",Micropolitan,2019,39315.0,1,
34860,"Nacogdoches, TX",Micropolitan,2020,41884.0,1,
34860,"Nacogdoches, TX",Micropolitan,2021,45884.0,1,
34860,"Nacogdoches, TX",Micropolitan,2022,48753.0,1,
34860,"Nacogdoches, TX",Micropolitan,2023,50680.0,1,
34860,"Nacogdoches, TX",Micropolitan,2024,51699.0,1,
34880,"Nantucket, MA",Micropolitan,2019,91342.0,1,
34880,"Nantucket, MA",Micropolitan,2020,93629.0,1,
34880,"Nantucket, MA",Micropolitan,2021,103382.0,1,
34880,"Nantucket, MA",Micropolitan,2022,110732.0,1,
34880,"Nantucket, MA",Micropolitan,2023,122575.0,1,
34880,"Nantucket, MA",Micropolitan,2024,129250.0,1,
34900,"Napa, CA",Metropolitan,2019,73298.0,1,
34900,"Napa, CA",Metropolitan,2020,83021.0,1,
34900,"Napa, CA",Metropolitan,2021,87446.0,1,
34900,"Napa, CA",Metropolitan,2022,89224.0,1,
34900,"Napa, CA",Metropolitan,2023,96148.0,1,
34900,"Napa, CA",Metropolitan,2024,103017.0,1,
34940,"Naples-Marco Island, FL",Metropolitan,2019,106718.0,1,
34940,"Naples-Marco Island, FL",Metropolitan,2020,109978.0,1,
34940,"Naples-Marco Island, FL",Metropolitan,2021,123025.0,1,
34940,"Naples-Marco Island, FL",Metropolitan,2022,130209.0,1,
34940,"Naples-Marco Island, FL",Metropolitan,2023,143709.0,1,
34940,"Naples-Marco Island, FL",Metropolitan,2024,150140.0,1,
34980,"Nashville-Davidson--Murfreesboro--Franklin, TN",Metropolitan,2019,60345.0,14,
34980,"Nashville-Davidson--Murfreesboro--Franklin, TN",Metropolitan,2020,63667.0,14,
34980,"Nashville-Davidson--Murfreesboro--Franklin, TN",Metropolitan,2021,71386.0,14,
34980,"Nashville-Davidson--Murfreesboro--Franklin, TN",Metropolitan,2022,75047.0,14,
34980,"Nashville-Davidson--Murfreesboro--Franklin, TN",Metropolitan,2023,80980.0,14,
34980,"Nashville-Davidson--Murfreesboro--Franklin, TN",Metropolitan,2024,84977.0,14,
35020,"Natchez, MS-LA",Micropolitan,2019,35038.0,3,
35020,"Natchez, MS-LA",Micropolitan,2020,39319.0,3,
35020,"Natchez, MS-LA",Micropolitan,2021,44483.0,3,
35020,"Natchez, MS-LA",Micropolitan,2022,42820.0,3,
35020,"Natchez, MS-LA",Micropolitan,2023,44833.0,3,
35020,"Natchez, MS-LA",Micropolitan,2024,46787.0,3,
35060,"Natchitoches, LA",Micropolitan,2019,40977.0,1,
35060,"Natchitoches, LA",Micropolitan,2020,44868.0,1,
35060,"Natchitoches, LA",Micropolitan,2021,49849.0,1,
35060,"Natchitoches, LA",Micropolitan,2022,49520.0,1,
35060,"Natchitoches, LA",Micropolitan,2023,52074.0,1,
35060,"Natchitoches, LA",Micropolitan,2024,54837.0,1,
35100,"New Bern, NC",Micropolitan,2019,45804.0,3,
35100,"New Bern, NC",Micropolitan,2020,48926.0,3,
35100,"New Bern, NC",Micropolitan,2021,53295.0,3,
35100,"New Bern, NC",Micropolitan,2022,53773.0,3,
35100,"New Bern, NC",Micropolitan,2023,57142.0,3,
35100,"New Bern, NC",Micropolitan,2024,61104.0,3,
35140,"Newberry, SC",Micropolitan,2019,40174.0,1,
35140,"Newberry, SC",Micropolitan,2020,42723.0,1,
35140,"Newberry, SC",Micropolitan,2021,47345.0,1,
35140,"Newberry, SC",Micropolitan,2022,48062.0,1,
35140,"Newberry, SC",Micropolitan,2023,50521.0,1,
35140,"Newberry, SC",Micropolitan,2024,53782.0,1,
35220,"New Castle, IN",Micropolitan,2019,38791.0,1,
35220,"New Castle, IN",Micropolitan,2020,42534.0,1,
35220,"New Castle, IN",Micropolitan,2021,46218.0,1,
35220,"New Castle, IN",Micropolitan,2022,46947.0,1,
35220,"New Castle, IN",Micropolitan,2023,48566.0,1,
35220,"New Castle, IN",Micropolitan,2024,50630.0,1,
35300,"New Haven, CT",Metropolitan,2019,,1,incomplete_county_coverage
35300,"New Haven, CT",Metropolitan,2020,,1,incomplete_county_coverage
35300,"New Haven, CT",Metropolitan,2021,,1,incomplete_county_coverage
35300,"New Haven, CT",Metropolitan,2022,,1,incomplete_county_coverage
35300,"New Haven, CT",Metropolitan,2023,,1,incomplete_county_coverage
35300,"New Haven, CT",Metropolitan,2024,73967.0,1,
35340,"New Iberia, LA",Micropolitan,2019,40273.0,1,
35340,"New Iberia, LA",Micropolitan,2020,42950.0,1,
35340,"New Iberia, LA",Micropolitan,2021,47093.0,1,
35340,"New Iberia, LA",Micropolitan,2022,46766.0,1,
35340,"New Iberia, LA",Micropolitan,2023,50440.0,1,
35340,"New Iberia, LA",Micropolitan,2024,52567.0,1,
35380,"New Orleans-Metairie, LA",Metropolitan,2019,50509.0,7,
35380,"New Orleans-Metairie, LA",Metropolitan,2020,54101.0,7,
35380,"New Orleans-Metairie, LA",Metropolitan,2021,60053.0,7,
35380,"New Orleans-Metairie, LA",Metropolitan,2022,59164.0,7,
35380,"New Orleans-Metairie, LA",Metropolitan,2023,63084.0,7,
35380,"New Orleans-Metairie, LA",Metropolitan,2024,66523.0,7,
35420,"New Philadelphia-Dover, OH",Micropolitan,2019,43241.0,1,
35420,"New Philadelphia-Dover, OH",Micropolitan,2020,45931.0,1,
35420,"New Philadelphia-Dover, OH",Micropolitan,2021,50985.0,1,
35420,"New Philadelphia-Dover, OH",Micropolitan,2022,54140.0,1,
35420,"New Philadelphia-Dover, OH",Micropolitan,2023,58847.0,1,
35420,"New Philadelphia-Dover, OH",Micropolitan,2024,61815.0,1,
35440,"Newport, OR",Micropolitan,2019,45153.0,1,
35440,"Newport, OR",Micropolitan,2020,49129.0,1,
35440,"Newport, OR",Micropolitan,2021,54659.0,1,
35440,"Newport, OR",Micropolitan,2022,55198.0,1,
35440,"Newport, OR",Micropolitan,2023,58675.0,1,
35440,"Newport, OR",Micropolitan,2024,61973.0,1,
35460,"Newport, TN",Micropolitan,2019,34199.0,1,
35460,"Newport, TN",Micropolitan,2020,37132.0,1,
35460,"Newport, TN",Micropolitan,2021,41072.0,1,
35460,"Newport, TN",Micropolitan,2022,40715.0,1,
35460,"Newport, TN",Micropolitan,2023,43063.0,1,
35460,"Newport, TN",Micropolitan,2024,46015.0,1,
35580,"New Ulm, MN",Micropolitan,2019,52091.0,1,
35580,"New Ulm, MN",Micropolitan,2020,56940.0,1,
35580,"New Ulm, MN",Micropolitan,2021,62832.0,1,
35580,"New Ulm, MN",Micropolitan,2022,62583.0,1,
35580,"New Ulm, MN",Micropolitan,2023,64248.0,1,
35580,"New Ulm, MN",Micropolitan,2024,66759.0,1,
35620,"New York-Newark-Jersey City, NY-NJ",Metropolitan,2019,73905.0,22,
35620,"New York-Newark-Jersey City, NY-NJ",Metropolitan,2020,77258.0,22,
35620,"New York-Newark-Jersey City, NY-NJ",Metropolitan,2021,84476.0,22,
35620,"New York-Newark-Jersey City, NY-NJ",Metropolitan,2022,85952.0,22,
35620,"New York-Newark-Jersey City, NY-NJ",Metropolitan,2023,90749.0,22,
35620,"New York-Newark-Jersey City, NY-NJ",Metropolitan,2024,94460.0,22,
35660,"Niles, MI",Metropolitan,2019,49237.0,1,
35660,"Niles, MI",Metropolitan,2020,53919.0,1,
35660,"Niles, MI",Metropolitan,2021,60589.0,1,
35660,"Niles, MI",Metropolitan,2022,60293.0,1,
35660,"Niles, MI",Metropolitan,2023,61513.0,1,
35660,"Niles, MI",Metropolitan,2024,64094.0,1,
35700,"Nogales, AZ",Micropolitan,2019,38110.0,1,
35700,"Nogales, AZ",Micropolitan,2020,43187.0,1,
35700,"Nogales, AZ",Micropolitan,2021,48024.0,1,
35700,"Nogales, AZ",Micropolitan,2022,46579.0,1,
35700,"Nogales, AZ",Micropolitan,2023,49886.0,1,
35700,"Nogales, AZ",Micropolitan,2024,50841.0,1,
35740,"Norfolk, NE",Micropolitan,2019,50948.0,3,
35740,"Norfolk, NE",Micropolitan,2020,54263.0,3,
35740,"Norfolk, NE",Micropolitan,2021,63525.0,3,
35740,"Norfolk, NE",Micropolitan,2022,68440.0,3,
35740,"Norfolk, NE",Micropolitan,2023,74540.0,3,
35740,"Norfolk, NE",Micropolitan,2024,74196.0,3,
35820,"North Platte, NE",Micropolitan,2019,49372.0,2,
35820,"North Platte, NE",Micropolitan,2020,53073.0,2,
35820,"North Platte, NE",Micropolitan,2021,62140.0,2,
35820,"North Platte, NE",Micropolitan,2022,66433.0,2,
35820,"North Platte, NE",Micropolitan,2023,72403.0,2,
35820,"North Platte, NE",Micropolitan,2024,71672.0,2,
35840,"North Port-Bradenton-Sarasota, FL",Metropolitan,2019,61867.0,2,
35840,"North Port-Bradenton-Sarasota, FL",Metropolitan,2020,64433.0,2,
35840,"North Port-Bradenton-Sarasota, FL",Metropolitan,2021,69879.0,2,
35840,"North Port-Bradenton-Sarasota, FL",Metropolitan,2022,71897.0,2,
35840,"North Port-Bradenton-Sarasota, FL",Metropolitan,2023,78038.0,2,
35840,"North Port-Bradenton-Sarasota, FL",Metropolitan,2024,81552.0,2,
35900,"North Wilkesboro, NC",Micropolitan,2019,38686.0,1,
35900,"North Wilkesboro, NC",Micropolitan,2020,41241.0,1,
35900,"North Wilkesboro, NC",Micropolitan,2021,46135.0,1,
35900,"North Wilkesboro, NC",Micropolitan,2022,49209.0,1,
35900,"North Wilkesboro, NC",Micropolitan,2023,49607.0,1,
35900,"North Wilkesboro, NC",Micropolitan,2024,52892.0,1,
35940,"Norwalk, OH",Micropolitan,2019,40611.0,1,
35940,"Norwalk, OH",Micropolitan,2020,44994.0,1,
35940,"Norwalk, OH",Micropolitan,2021,48375.0,1,
35940,"Norwalk, OH",Micropolitan,2022,48279.0,1,
35940,"Norwalk, OH",Micropolitan,2023,50478.0,1,
35940,"Norwalk, OH",Micropolitan,2024,52114.0,1,
35980,"Norwich-New London-Willimantic, CT",Metropolitan,2019,,1,incomplete_county_coverage
35980,"Norwich-New London-Willimantic, CT",Metropolitan,2020,,1,incomplete_county_coverage
35980,"Norwich-New London-Willimantic, CT",Metropolitan,2021,,1,incomplete_county_coverage
35980,"Norwich-New London-Willimantic, CT",Metropolitan,2022,,1,incomplete_county_coverage
35980,"Norwich-New London-Willimantic, CT",Metropolitan,2023,,1,incomplete_county_coverage
35980,"Norwich-New London-Willimantic, CT",Metropolitan,2024,64845.0,1,
36020,"Oak Harbor, WA",Micropolitan,2019,55839.0,1,
36020,"Oak Harbor, WA",Micropolitan,2020,59402.0,1,
36020,"Oak Harbor, WA",Micropolitan,2021,63601.0,1,
36020,"Oak Harbor, WA",Micropolitan,2022,65520.0,1,
36020,"Oak Harbor, WA",Micropolitan,2023,70195.0,1,
36020,"Oak Harbor, WA",Micropolitan,2024,74079.0,1,
36100,"Ocala, FL",Metropolitan,2019,38425.0,1,
36100,"Ocala, FL",Metropolitan,2020,40953.0,1,
36100,"Ocala, FL",Metropolitan,2021,44934.0,1,
36100,"Ocala, FL",Metropolitan,2022,44949.0,1,
36100,"Ocala, FL",Metropolitan,2023,47824.0,1,
36100,"Ocala, FL",Metropolitan,2024,49299.0,1,
36180,"Ocean Pines, MD",Micropolitan,2019,56366.0,1,
36180,"Ocean Pines, MD",Micropolitan,2020,59485.0,1,
36180,"Ocean Pines, MD",Micropolitan,2021,64521.0,1,
36180,"Ocean Pines, MD",Micropolitan,2022,66279.0,1,
36180,"Ocean Pines, MD",Micropolitan,2023,69230.0,1,
36180,"Ocean Pines, MD",Micropolitan,2024,73572.0,1,
36220,"Odessa, TX",Metropolitan,2019,52751.0,1,
36220,"Odessa, TX",Metropolitan,2020,49141.0,1,
36220,"Odessa, TX",Metropolitan,2021,52647.0,1,
36220,"Odessa, TX",Metropolitan,2022,56020.0,1,
36220,"Odessa, TX",Metropolitan,2023,60496.0,1,
36220,"Odessa, TX",Metropolitan,2024,62325.0,1,
36260,"Ogden, UT",Metropolitan,2019,45546.0,3,
36260,"Ogden, UT",Metropolitan,2020,48831.0,3,
36260,"Ogden, UT",Metropolitan,2021,54268.0,3,
36260,"Ogden, UT",Metropolitan,2022,56744.0,3,
36260,"Ogden, UT",Metropolitan,2023,59962.0,3,
36260,"Ogden, UT",Metropolitan,2024,62661.0,3,
36340,"Oil City, PA",Micropolitan,2019,42895.0,1,
36340,"Oil City, PA",Micropolitan,2020,46649.0,1,
36340,"Oil City, PA",Micropolitan,2021,49569.0,1,
36340,"Oil City, PA",Micropolitan,2022,49083.0,1,
36340,"Oil City, PA",Micropolitan,2023,50897.0,1,
36340,"Oil City, PA",Micropolitan,2024,51584.0,1,
36380,"Okeechobee, FL",Micropolitan,2019,33409.0,1,
36380,"Okeechobee, FL",Micropolitan,2020,35871.0,1,
36380,"Okeechobee, FL",Micropolitan,2021,39579.0,1,
36380,"Okeechobee, FL",Micropolitan,2022,40424.0,1,
36380,"Okeechobee, FL",Micropolitan,2023,42349.0,1,
36380,"Okeechobee, FL",Micropolitan,2024,44009.0,1,
36420,"Oklahoma City, OK",Metropolitan,2019,51054.0,7,
36420,"Oklahoma City, OK",Metropolitan,2020,53372.0,7,
36420,"Oklahoma City, OK",Metropolitan,2021,58086.0,7,
36420,"Oklahoma City, OK",Metropolitan,2022,62130.0,7,
36420,"Oklahoma City, OK",Metropolitan,2023,64935.0,7,
36420,"Oklahoma City, OK",Metropolitan,2024,67394.0,7,
36460,"Olean, NY",Micropolitan,2019,40392.0,1,
36460,"Olean, NY",Micropolitan,2020,44505.0,1,
36460,"Olean, NY",Micropolitan,2021,46587.0,1,
36460,"Olean, NY",Micropolitan,2022,46130.0,1,
36460,"Olean, NY",Micropolitan,2023,49023.0,1,
36460,"Olean, NY",Micropolitan,2024,51316.0,1,
36500,"Olympia-Lacey-Tumwater, WA",Metropolitan,2019,51833.0,1,
36500,"Olympia-Lacey-Tumwater, WA",Metropolitan,2020,55452.0,1,
36500,"Olympia-Lacey-Tumwater, WA",Metropolitan,2021,58797.0,1,
36500,"Olympia-Lacey-Tumwater, WA",Metropolitan,2022,61507.0,1,
36500,"Olympia-Lacey-Tumwater, WA",Metropolitan,2023,65586.0,1,
36500,"Olympia-Lacey-Tumwater, WA",Metropolitan,2024,69277.0,1,
36540,"Omaha, NE-IA",Metropolitan,2019,57438.0,8,
36540,"Omaha, NE-IA",Metropolitan,2020,59944.0,8,
36540,"Omaha, NE-IA",Metropolitan,2021,65797.0,8,
36540,"Omaha, NE-IA",Metropolitan,2022,70765.0,8,
36540,"Omaha, NE-IA",Metropolitan,2023,75824.0,8,
36540,"Omaha, NE-IA",Metropolitan,2024,78380.0,8,
36580,"Oneonta, NY",Micropolitan,2019,45876.0,1,
36580,"Oneonta, NY",Micropolitan,2020,50543.0,1,
36580,"Oneonta, NY",Micropolitan,2021,51121.0,1,
36580,"Oneonta, NY",Micropolitan,2022,50515.0,1,
36580,"Oneonta, NY",Micropolitan,2023,52878.0,1,
36580,"Oneonta, NY",Micropolitan,2024,56383.0,1,
36620,"Ontario, OR-ID",Micropolitan,2019,35941.0,2,
36620,"Ontario, OR-ID",Micropolitan,2020,39047.0,2,
36620,"Ontario, OR-ID",Micropolitan,2021,42908.0,2,
36620,"Ontario, OR-ID",Micropolitan,2022,43757.0,2,
36620,"Ontario, OR-ID",Micropolitan,2023,45008.0,2,
36620,"Ontario, OR-ID",Micropolitan,2024,47558.0,2,
36660,"Opelousas, LA",Micropolitan,2019,41496.0,1,
36660,"Opelousas, LA",Micropolitan,2020,44912.0,1,
36660,"Opelousas, LA",Micropolitan,2021,48216.0,1,
36660,"Opelousas, LA",Micropolitan,2022,46490.0,1,
36660,"Opelousas, LA",Micropolitan,2023,49059.0,1,
36660,"Opelousas, LA",Micropolitan,2024,51290.0,1,
36700,"Orangeburg, SC",Micropolitan,2019,35364.0,1,
36700,"Orangeburg, SC",Micropolitan,2020,38575.0,1,
36700,"Orangeburg, SC",Micropolitan,2021,42415.0,1,
36700,"Orangeburg, SC",Micropolitan,2022,42603.0,1,
36700,"Orangeburg, SC",Micropolitan,2023,44718.0,1,
36700,"Orangeburg, SC",Micropolitan,2024,47455.0,1,
36740,"Orlando-Kissimmee-Sanford, FL",Metropolitan,2019,45108.0,4,
36740,"Orlando-Kissimmee-Sanford, FL",Metropolitan,2020,47998.0,4,
36740,"Orlando-Kissimmee-Sanford, FL",Metropolitan,2021,53109.0,4,
36740,"Orlando-Kissimmee-Sanford, FL",Metropolitan,2022,54737.0,4,
36740,"Orlando-Kissimmee-Sanford, FL",Metropolitan,2023,57983.0,4,
36740,"Orlando-Kissimmee-Sanford, FL",Metropolitan,2024,60439.0,4,
36780,"Oshkosh-Neenah, WI",Metropolitan,2019,48670.0,1,
36780,"Oshkosh-Neenah, WI",Metropolitan,2020,52337.0,1,
36780,"Oshkosh-Neenah, WI",Metropolitan,2021,56360.0,1,
36780,"Oshkosh-Neenah, WI",Metropolitan,2022,57288.0,1,
36780,"Oshkosh-Neenah, WI",Metropolitan,2023,59803.0,1,
36780,"Oshkosh-Neenah, WI",Metropolitan,2024,62289.0,1,
36820,"Oskaloosa, IA",Micropolitan,2019,42501.0,1,
36820,"Oskaloosa, IA",Micropolitan,2020,45035.0,1,
36820,"Oskaloosa, IA",Micropolitan,2021,50387.0,1,
36820,"Oskaloosa, IA",Micropolitan,2022,53422.0,1,
36820,"Oskaloosa, IA",Micropolitan,2023,55320.0,1,
36820,"Oskaloosa, IA",Micropolitan,2024,57491.0,1,
36830,"Othello, WA",Micropolitan,2019,39576.0,1,
36830,"Othello, WA",Micropolitan,2020,43026.0,1,
36830,"Othello, WA",Micropolitan,2021,48967.0,1,
36830,"Othello, WA",Micropolitan,2022,51773.0,1,
36830,"Othello, WA",Micropolitan,2023,54396.0,1,
36830,"Othello, WA",Micropolitan,2024,56262.0,1,
36837,"Ottawa, IL",Micropolitan,2019,44249.0,3,
36837,"Ottawa, IL",Micropolitan,2020,48395.0,3,
36837,"Ottawa, IL",Micropolitan,2021,52987.0,3,
36837,"Ottawa, IL",Micropolitan,2022,53740.0,3,
36837,"Ottawa, IL",Micropolitan,2023,56174.0,3,
36837,"Ottawa, IL",Micropolitan,2024,57482.0,3,
36840,"Ottawa, KS",Micropolitan,2019,43491.0,1,
36840,"Ottawa, KS",Micropolitan,2020,46445.0,1,
36840,"Ottawa, KS",Micropolitan,2021,49808.0,1,
36840,"Ottawa, KS",Micropolitan,2022,49127.0,1,
36840,"Ottawa, KS",Micropolitan,2023,51588.0,1,
36840,"Ottawa, KS",Micropolitan,2024,53518.0,1,
36900,"Ottumwa, IA",Micropolitan,2019,38850.0,1,
36900,"Ottumwa, IA",Micropolitan,2020,42417.0,1,
36900,"Ottumwa, IA",Micropolitan,2021,45330.0,1,
36900,"Ottumwa, IA",Micropolitan,2022,46336.0,1,
36900,"Ottumwa, IA",Micropolitan,2023,46934.0,1,
36900,"Ottumwa, IA",Micropolitan,2024,48623.0,1,
36940,"Owatonna, MN",Micropolitan,2019,46199.0,1,
36940,"Owatonna, MN",Micropolitan,2020,50172.0,1,
36940,"Owatonna, MN",Micropolitan,2021,55935.0,1,
36940,"Owatonna, MN",Micropolitan,2022,56035.0,1,
36940,"Owatonna, MN",Micropolitan,2023,57807.0,1,
36940,"Owatonna, MN",Micropolitan,2024,61040.0,1,
36980,"Owensboro, KY",Metropolitan,2019,42079.0,2,
36980,"Owensboro, KY",Metropolitan,2020,45907.0,2,
36980,"Owensboro, KY",Metropolitan,2021,49786.0,2,
36980,"Owensboro, KY",Metropolitan,2022,50208.0,2,
36980,"Owensboro, KY",Metropolitan,2023,52473.0,2,
36980,"Owensboro, KY",Metropolitan,2024,54578.0,2,
37020,"Owosso, MI",Micropolitan,2019,40539.0,1,
37020,"Owosso, MI",Micropolitan,2020,44645.0,1,
37020,"Owosso, MI",Micropolitan,2021,47919.0,1,
37020,"Owosso, MI",Micropolitan,2022,48040.0,1,
37020,"Owosso, MI",Micropolitan,2023,50485.0,1,
37020,"Owosso, MI",Micropolitan,2024,52873.0,1,
37060,"Oxford, MS",Micropolitan,2019,41554.0,2,
37060,"Oxford, MS",Micropolitan,2020,44813.0,2,
37060,"Oxford, MS",Micropolitan,2021,47947.0,2,
37060,"Oxford, MS",Micropolitan,2022,47884.0,2,
37060,"Oxford, MS",Micropolitan,2023,51202.0,2,
37060,"Oxford, MS",Micropolitan,2024,53683.0,2,
37100,"Oxnard-Thousand Oaks-Ventura, CA",Metropolitan,2019,62933.0,1,
37100,"Oxnard-Thousand Oaks-Ventura, CA",Metropolitan,2020,67737.0,1,
37100,"Oxnard-Thousand Oaks-Ventura, CA",Metropolitan,2021,74496.0,1,
37100,"Oxnard-Thousand Oaks-Ventura, CA",Metropolitan,2022,74454.0,1,
37100,"Oxnard-Thousand Oaks-Ventura, CA",Metropolitan,2023,77940.0,1,
37100,"Oxnard-Thousand Oaks-Ventura, CA",Metropolitan,2024,82558.0,1,
37120,"Ozark, AL",Micropolitan,2019,37343.0,1,
37120,"Ozark, AL",Micropolitan,2020,40004.0,1,
37120,"Ozark, AL",Micropolitan,2021,44297.0,1,
37120,"Ozark, AL",Micropolitan,2022,44902.0,1,
37120,"Ozark, AL",Micropolitan,2023,46314.0,1,
37120,"Ozark, AL",Micropolitan,2024,48767.0,1,
37140,"Paducah, KY-IL",Metropolitan,2019,43926.0,5,
37140,"Paducah, KY-IL",Metropolitan,2020,48726.0,5,
37140,"Paducah, KY-IL",Metropolitan,2021,55514.0,5,
37140,"Paducah, KY-IL",Metropolitan,2022,56609.0,5,
37140,"Paducah, KY-IL",Metropolitan,2023,62701.0,5,
37140,"Paducah, KY-IL",Metropolitan,2024,65341.0,5,
37220,"Pahrump, NV",Micropolitan,2019,37309.0,1,
37220,"Pahrump, NV",Micropolitan,2020,39575.0,1,
37220,"Pahrump, NV",Micropolitan,2021,43070.0,1,
37220,"Pahrump, NV",Micropolitan,2022,42256.0,1,
37220,"Pahrump, NV",Micropolitan,2023,44702.0,1,
37220,"Pahrump, NV",Micropolitan,2024,47861.0,1,
37260,"Palatka, FL",Micropolitan,2019,33902.0,1,
37260,"Palatka, FL",Micropolitan,2020,37228.0,1,
37260,"Palatka, FL",Micropolitan,2021,39876.0,1,
37260,"Palatka, FL",Micropolitan,2022,40213.0,1,
37260,"Palatka, FL",Micropolitan,2023,42298.0,1,
37260,"Palatka, FL",Micropolitan,2024,43968.0,1,
37300,"Palestine, TX",Micropolitan,2019,36129.0,1,
37300,"Palestine, TX",Micropolitan,2020,39074.0,1,
37300,"Palestine, TX",Micropolitan,2021,43413.0,1,
37300,"Palestine, TX",Micropolitan,2022,45353.0,1,
37300,"Palestine, TX",Micropolitan,2023,46026.0,1,
37300,"Palestine, TX",Micropolitan,2024,46581.0,1,
37340,"Palm Bay-Melbourne-Titusville, FL",Metropolitan,2019,48161.0,1,
37340,"Palm Bay-Melbourne-Titusville, FL",Metropolitan,2020,51244.0,1,
37340,"Palm Bay-Melbourne-Titusville, FL",Metropolitan,2021,55709.0,1,
37340,"Palm Bay-Melbourne-Titusville, FL",Metropolitan,2022,57115.0,1,
37340,"Palm Bay-Melbourne-Titusville, FL",Metropolitan,2023,60913.0,1,
37340,"Palm Bay-Melbourne-Titusville, FL",Metropolitan,2024,64167.0,1,
37420,"Pampa, TX",Micropolitan,2019,45130.0,2,
37420,"Pampa, TX",Micropolitan,2020,45879.0,2,
37420,"Pampa, TX",Micropolitan,2021,46997.0,2,
37420,"Pampa, TX",Micropolitan,2022,50501.0,2,
37420,"Pampa, TX",Micropolitan,2023,55244.0,2,
37420,"Pampa, TX",Micropolitan,2024,55428.0,2,
37460,"Panama City-Panama City Beach, FL",Metropolitan,2019,44028.0,2,
37460,"Panama City-Panama City Beach, FL",Metropolitan,2020,48002.0,2,
37460,"Panama City-Panama City Beach, FL",Metropolitan,2021,52345.0,2,
37460,"Panama City-Panama City Beach, FL",Metropolitan,2022,51795.0,2,
37460,"Panama City-Panama City Beach, FL",Metropolitan,2023,54224.0,2,
37460,"Panama City-Panama City Beach, FL",Metropolitan,2024,55978.0,2,
37500,"Paragould, AR",Micropolitan,2019,35697.0,1,
37500,"Paragould, AR",Micropolitan,2020,39295.0,1,
37500,"Paragould, AR",Micropolitan,2021,42149.0,1,
37500,"Paragould, AR",Micropolitan,2022,41673.0,1,
37500,"Paragould, AR",Micropolitan,2023,43697.0,1,
37500,"Paragould, AR",Micropolitan,2024,44671.0,1,
37540,"Paris, TN",Micropolitan,2019,42659.0,1,
37540,"Paris, TN",Micropolitan,2020,47107.0,1,
37540,"Paris, TN",Micropolitan,2021,52091.0,1,
37540,"Paris, TN",Micropolitan,2022,53630.0,1,
37540,"Paris, TN",Micropolitan,2023,57009.0,1,
37540,"Paris, TN",Micropolitan,2024,57360.0,1,
37580,"Paris, TX",Micropolitan,2019,43549.0,2,
37580,"Paris, TX",Micropolitan,2020,47023.0,2,
37580,"Paris, TX",Micropolitan,2021,51387.0,2,
37580,"Paris, TX",Micropolitan,2022,51447.0,2,
37580,"Paris, TX",Micropolitan,2023,52791.0,2,
37580,"Paris, TX",Micropolitan,2024,54162.0,2,
37620,"Parkersburg-Vienna, WV",Metropolitan,2019,45869.0,2,
37620,"Parkersburg-Vienna, WV",Metropolitan,2020,47535.0,2,
37620,"Parkersburg-Vienna, WV",Metropolitan,2021,54447.0,2,
37620,"Parkersburg-Vienna, WV",Metropolitan,2022,55282.0,2,
37620,"Parkersburg-Vienna, WV",Metropolitan,2023,58066.0,2,
37620,"Parkersburg-Vienna, WV",Metropolitan,2024,59789.0,2,
37740,"Payson, AZ",Micropolitan,2019,40582.0,1,
37740,"Payson, AZ",Micropolitan,2020,45005.0,1,
37740,"Payson, AZ",Micropolitan,2021,49718.0,1,
37740,"Payson, AZ",Micropolitan,2022,50241.0,1,
37740,"Payson, AZ",Micropolitan,2023,53556.0,1,
37740,"Payson, AZ",Micropolitan,2024,57097.0,1,
37800,"Pella, IA",Micropolitan,2019,49943.0,1,
37800,"Pella, IA",Micropolitan,2020,53067.0,1,
37800,"Pella, IA",Micropolitan,2021,58077.0,1,
37800,"Pella, IA",Micropolitan,2022,60504.0,1,
37800,"Pella, IA",Micropolitan,2023,64526.0,1,
37800,"Pella, IA",Micropolitan,2024,66929.0,1,
37860,"Pensacola-Ferry Pass-Brent, FL",Metropolitan,2019,45308.0,2,
37860,"Pensacola-Ferry Pass-Brent, FL",Metropolitan,2020,48609.0,2,
37860,"Pensacola-Ferry Pass-Brent, FL",Metropolitan,2021,53292.0,2,
37860,"Pensacola-Ferry Pass-Brent, FL",Metropolitan,2022,54607.0,2,
37860,"Pensacola-Ferry Pass-Brent, FL",Metropolitan,2023,57421.0,2,
37860,"Pensacola-Ferry Pass-Brent, FL",Metropolitan,2024,60630.0,2,
37900,"Peoria, IL",Metropolitan,2019,48975.0,5,
37900,"Peoria, IL",Metropolitan,2020,52851.0,5,
37900,"Peoria, IL",Metropolitan,2021,56643.0,5,
37900,"Peoria, IL",Metropolitan,2022,58481.0,5,
37900,"Peoria, IL",Metropolitan,2023,61507.0,5,
37900,"Peoria, IL",Metropolitan,2024,64171.0,5,
37940,"Peru, IN",Micropolitan,2019,34742.0,1,
37940,"Peru, IN",Micropolitan,2020,37069.0,1,
37940,"Peru, IN",Micropolitan,2021,40950.0,1,
37940,"Peru, IN",Micropolitan,2022,40780.0,1,
37940,"Peru, IN",Micropolitan,2023,42716.0,1,
37940,"Peru, IN",Micropolitan,2024,44940.0,1,
37950,"Petoskey, MI",Micropolitan,2019,57291.0,1,
37950,"Petoskey, MI",Micropolitan,2020,62279.0,1,
37950,"Petoskey, MI",Micropolitan,2021,69422.0,1,
37950,"Petoskey, MI",Micropolitan,2022,71040.0,1,
37950,"Petoskey, MI",Micropolitan,2023,75830.0,1,
37950,"Petoskey, MI",Micropolitan,2024,80004.0,1,
37980,"Philadelphia-Camden-Wilmington, PA-NJ-DE-MD",Metropolitan,2019,63801.0,11,
37980,"Philadelphia-Camden-Wilmington, PA-NJ-DE-MD",Metropolitan,2020,67752.0,11,
37980,"Philadelphia-Camden-Wilmington, PA-NJ-DE-MD",Metropolitan,2021,72169.0,11,
37980,"Philadelphia-Camden-Wilmington, PA-NJ-DE-MD",Metropolitan,2022,74202.0,11,
37980,"Philadelphia-Camden-Wilmington, PA-NJ-DE-MD",Metropolitan,2023,77382.0,11,
37980,"Philadelphia-Camden-Wilmington, PA-NJ-DE-MD",Metropolitan,2024,80403.0,11,
38060,"Phoenix-Mesa-Chandler, AZ",Metropolitan,2019,50373.0,2,
38060,"Phoenix-Mesa-Chandler, AZ",Metropolitan,2020,54707.0,2,
38060,"Phoenix-Mesa-Chandler, AZ",Metropolitan,2021,60298.0,2,
38060,"Phoenix-Mesa-Chandler, AZ",Metropolitan,2022,62687.0,2,
38060,"Phoenix-Mesa-Chandler, AZ",Metropolitan,2023,66952.0,2,
38060,"Phoenix-Mesa-Chandler, AZ",Metropolitan,2024,70055.0,2,
38100,"Picayune, MS",Micropolitan,2019,37931.0,1,
38100,"Picayune, MS",Micropolitan,2020,39851.0,1,
38100,"Picayune, MS",Micropolitan,2021,43804.0,1,
38100,"Picayune, MS",Micropolitan,2022,43828.0,1,
38100,"Picayune, MS",Micropolitan,2023,46595.0,1,
38100,"Picayune, MS",Micropolitan,2024,49050.0,1,
38180,"Pierre, SD",Micropolitan,2019,55000.0,2,
38180,"Pierre, SD",Micropolitan,2020,56909.0,2,
38180,"Pierre, SD",Micropolitan,2021,65489.0,2,
38180,"Pierre, SD",Micropolitan,2022,66334.0,2,
38180,"Pierre, SD",Micropolitan,2023,71989.0,2,
38180,"Pierre, SD",Micropolitan,2024,76184.0,2,
38210,"Pikeville, KY",Micropolitan,2019,36604.0,2,
38210,"Pikeville, KY",Micropolitan,2020,39590.0,2,
38210,"Pikeville, KY",Micropolitan,2021,43203.0,2,
38210,"Pikeville, KY",Micropolitan,2022,43681.0,2,
38210,"Pikeville, KY",Micropolitan,2023,46546.0,2,
38210,"Pikeville, KY",Micropolitan,2024,49640.0,2,
38220,"Pine Bluff, AR",Micropolitan,2019,35825.0,2,
38220,"Pine Bluff, AR",Micropolitan,2020,38777.0,2,
38220,"Pine Bluff, AR",Micropolitan,2021,42327.0,2,
38220,"Pine Bluff, AR",Micropolitan,2022,42663.0,2,
38220,"Pine Bluff, AR",Micropolitan,2023,44330.0,2,
38220,"Pine Bluff, AR",Micropolitan,2024,45534.0,2,
38240,"Pinehurst-Southern Pines, NC",Metropolitan,2019,53923.0,1,
38240,"Pinehurst-Southern Pines, NC",Metropolitan,2020,57403.0,1,
38240,"Pinehurst-Southern Pines, NC",Metropolitan,2021,61796.0,1,
38240,"Pinehurst-Southern Pines, NC",Metropolitan,2022,64977.0,1,
38240,"Pinehurst-Southern Pines, NC",Metropolitan,2023,68513.0,1,
38240,"Pinehurst-Southern Pines, NC",Metropolitan,2024,72920.0,1,
38260,"Pittsburg, KS",Micropolitan,2019,41102.0,1,
38260,"Pittsburg, KS",Micropolitan,2020,42976.0,1,
38260,"Pittsburg, KS",Micropolitan,2021,45771.0,1,
38260,"Pittsburg, KS",Micropolitan,2022,44885.0,1,
38260,"Pittsburg, KS",Micropolitan,2023,47499.0,1,
38260,"Pittsburg, KS",Micropolitan,2024,49762.0,1,
38300,"Pittsburgh, PA",Metropolitan,2019,57046.0,8,
38300,"Pittsburgh, PA",Metropolitan,2020,60913.0,8,
38300,"Pittsburgh, PA",Metropolitan,2021,64653.0,8,
38300,"Pittsburgh, PA",Metropolitan,2022,65860.0,8,
38300,"Pittsburgh, PA",Metropolitan,2023,69294.0,8,
38300,"Pittsburgh, PA",Metropolitan,2024,72165.0,8,
38340,"Pittsfield, MA",Metropolitan,2019,56190.0,1,
38340,"Pittsfield, MA",Metropolitan,2020,60698.0,1,
38340,"Pittsfield, MA",Metropolitan,2021,64337.0,1,
38340,"Pittsfield, MA",Metropolitan,2022,65325.0,1,
38340,"Pittsfield, MA",Metropolitan,2023,69675.0,1,
38340,"Pittsfield, MA",Metropolitan,2024,72172.0,1,
38380,"Plainview, TX",Micropolitan,2019,37105.0,2,
38380,"Plainview, TX",Micropolitan,2020,39997.0,2,
38380,"Plainview, TX",Micropolitan,2021,43998.0,2,
38380,"Plainview, TX",Micropolitan,2022,45993.0,2,
38380,"Plainview, TX",Micropolitan,2023,46245.0,2,
38380,"Plainview, TX",Micropolitan,2024,45896.0,2,
38420,"Platteville, WI",Micropolitan,2019,44425.0,1,
38420,"Platteville, WI",Micropolitan,2020,47840.0,1,
38420,"Platteville, WI",Micropolitan,2021,51785.0,1,
38420,"Platteville, WI",Micropolitan,2022,51665.0,1,
38420,"Platteville, WI",Micropolitan,2023,52930.0,1,
38420,"Platteville, WI",Micropolitan,2024,54345.0,1,
38460,"Plattsburgh, NY",Micropolitan,2019,44677.0,1,
38460,"Plattsburgh, NY",Micropolitan,2020,48665.0,1,
38460,"Plattsburgh, NY",Micropolitan,2021,51685.0,1,
38460,"Plattsburgh, NY",Micropolitan,2022,52469.0,1,
38460,"Plattsburgh, NY",Micropolitan,2023,55487.0,1,
38460,"Plattsburgh, NY",Micropolitan,2024,57305.0,1,
38500,"Plymouth, IN",Micropolitan,2019,42258.0,1,
38500,"Plymouth, IN",Micropolitan,2020,46263.0,1,
38500,"Plymouth, IN",Micropolitan,2021,51818.0,1,
38500,"Plymouth, IN",Micropolitan,2022,53183.0,1,
38500,"Plymouth, IN",Micropolitan,2023,53798.0,1,
38500,"Plymouth, IN",Micropolitan,2024,55404.0,1,
38540,"Pocatello, ID",Metropolitan,2019,38968.0,1,
38540,"Pocatello, ID",Metropolitan,2020,42595.0,1,
38540,"Pocatello, ID",Metropolitan,2021,46798.0,1,
38540,"Pocatello, ID",Metropolitan,2022,47895.0,1,
38540,"Pocatello, ID",Metropolitan,2023,50635.0,1,
38540,"Pocatello, ID",Metropolitan,2024,53711.0,1,
38620,"Ponca City, OK",Micropolitan,2019,41399.0,1,
38620,"Ponca City, OK",Micropolitan,2020,45104.0,1,
38620,"Ponca City, OK",Micropolitan,2021,49068.0,1,
38620,"Ponca City, OK",Micropolitan,2022,47901.0,1,
38620,"Ponca City, OK",Micropolitan,2023,49638.0,1,
38620,"Ponca City, OK",Micropolitan,2024,51201.0,1,
38700,"Pontiac, IL",Micropolitan,2019,45401.0,1,
38700,"Pontiac, IL",Micropolitan,2020,51282.0,1,
38700,"Pontiac, IL",Micropolitan,2021,56588.0,1,
38700,"Pontiac, IL",Micropolitan,2022,58353.0,1,
38700,"Pontiac, IL",Micropolitan,2023,59029.0,1,
38700,"Pontiac, IL",Micropolitan,2024,59404.0,1,
38740,"Poplar Bluff, MO",Micropolitan,2019,36046.0,1,
38740,"Poplar Bluff, MO",Micropolitan,2020,40797.0,1,
38740,"Poplar Bluff, MO",Micropolitan,2021,43553.0,1,
38740,"Poplar Bluff, MO",Micropolitan,2022,43274.0,1,
38740,"Poplar Bluff, MO",Micropolitan,2023,46160.0,1,
38740,"Poplar Bluff, MO",Micropolitan,2024,47775.0,1,
38820,"Port Angeles, WA",Micropolitan,2019,47409.0,1,
38820,"Port Angeles, WA",Micropolitan,2020,50738.0,1,
38820,"Port Angeles, WA",Micropolitan,2021,54501.0,1,
38820,"Port Angeles, WA",Micropolitan,2022,55781.0,1,
38820,"Port Angeles, WA",Micropolitan,2023,59857.0,1,
38820,"Port Angeles, WA",Micropolitan,2024,63495.0,1,
38860,"Portland-South Portland, ME",Metropolitan,2019,58949.0,3,
38860,"Portland-South Portland, ME",Metropolitan,2020,63514.0,3,
38860,"Portland-South Portland, ME",Metropolitan,2021,70036.0,3,
38860,"Portland-South Portland, ME",Metropolitan,2022,73299.0,3,
38860,"Portland-South Portland, ME",Metropolitan,2023,78714.0,3,
38860,"Portland-South Portland, ME",Metropolitan,2024,82962.0,3,
38900,"Portland-Vancouver-Hillsboro, OR-WA",Metropolitan,2019,58550.0,7,
38900,"Portland-Vancouver-Hillsboro, OR-WA",Metropolitan,2020,62617.0,7,
38900,"Portland-Vancouver-Hillsboro, OR-WA",Metropolitan,2021,69431.0,7,
38900,"Portland-Vancouver-Hillsboro, OR-WA",Metropolitan,2022,70773.0,7,
38900,"Portland-Vancouver-Hillsboro, OR-WA",Metropolitan,2023,74594.0,7,
38900,"Portland-Vancouver-Hillsboro, OR-WA",Metropolitan,2024,77871.0,7,
38920,"Port Lavaca, TX",Micropolitan,2019,55974.0,1,
38920,"Port Lavaca, TX",Micropolitan,2020,58570.0,1,
38920,"Port Lavaca, TX",Micropolitan,2021,63493.0,1,
38920,"Port Lavaca, TX",Micropolitan,2022,57667.0,1,
38920,"Port Lavaca, TX",Micropolitan,2023,57478.0,1,
38920,"Port Lavaca, TX",Micropolitan,2024,58872.0,1,
38940,"Port St. Lucie, FL",Metropolitan,2019,58172.0,2,
38940,"Port St. Lucie, FL",Metropolitan,2020,62101.0,2,
38940,"Port St. Lucie, FL",Metropolitan,2021,67032.0,2,
38940,"Port St. Lucie, FL",Metropolitan,2022,69622.0,2,
38940,"Port St. Lucie, FL",Metropolitan,2023,74620.0,2,
38940,"Port St. Lucie, FL",Metropolitan,2024,77138.0,2,
39020,"Portsmouth, OH",Micropolitan,2019,40557.0,1,
39020,"Portsmouth, OH",Micropolitan,2020,43153.0,1,
39020,"Portsmouth, OH",Micropolitan,2021,46210.0,1,
39020,"Portsmouth, OH",Micropolitan,2022,46490.0,1,
39020,"Portsmouth, OH",Micropolitan,2023,49305.0,1,
39020,"Portsmouth, OH",Micropolitan,2024,51484.0,1,
39040,"Port Townsend, WA",Micropolitan,2019,53687.0,1,
39040,"Port Townsend, WA",Micropolitan,2020,56479.0,1,
39040,"Port Townsend, WA",Micropolitan,2021,60978.0,1,
39040,"Port Townsend, WA",Micropolitan,2022,63918.0,1,
39040,"Port Townsend, WA",Micropolitan,2023,68637.0,1,
39040,"Port Townsend, WA",Micropolitan,2024,72897.0,1,
39060,"Pottsville, PA",Micropolitan,2019,42581.0,1,
39060,"Pottsville, PA",Micropolitan,2020,46456.0,1,
39060,"Pottsville, PA",Micropolitan,2021,49324.0,1,
39060,"Pottsville, PA",Micropolitan,2022,49662.0,1,
39060,"Pottsville, PA",Micropolitan,2023,51262.0,1,
39060,"Pottsville, PA",Micropolitan,2024,53043.0,1,
39150,"Prescott Valley-Prescott, AZ",Metropolitan,2019,42739.0,1,
39150,"Prescott Valley-Prescott, AZ",Metropolitan,2020,46938.0,1,
39150,"Prescott Valley-Prescott, AZ",Metropolitan,2021,50919.0,1,
39150,"Prescott Valley-Prescott, AZ",Metropolitan,2022,52023.0,1,
39150,"Prescott Valley-Prescott, AZ",Metropolitan,2023,57376.0,1,
39150,"Prescott Valley-Prescott, AZ",Metropolitan,2024,60854.0,1,
39220,"Price, UT",Micropolitan,2019,40566.0,1,
39220,"Price, UT",Micropolitan,2020,43191.0,1,
39220,"Price, UT",Micropolitan,2021,45945.0,1,
39220,"Price, UT",Micropolitan,2022,46746.0,1,
39220,"Price, UT",Micropolitan,2023,49873.0,1,
39220,"Price, UT",Micropolitan,2024,53578.0,1,
39300,"Providence-Warwick, RI-MA",Metropolitan,2019,55030.0,6,
39300,"Providence-Warwick, RI-MA",Metropolitan,2020,59825.0,6,
39300,"Providence-Warwick, RI-MA",Metropolitan,2021,63550.0,6,
39300,"Providence-Warwick, RI-MA",Metropolitan,2022,64392.0,6,
39300,"Providence-Warwick, RI-MA",Metropolitan,2023,67326.0,6,
39300,"Providence-Warwick, RI-MA",Metropolitan,2024,70086.0,6,
39340,"Provo-Orem-Lehi, UT",Metropolitan,2019,43544.0,2,
39340,"Provo-Orem-Lehi, UT",Metropolitan,2020,47063.0,2,
39340,"Provo-Orem-Lehi, UT",Metropolitan,2021,52150.0,2,
39340,"Provo-Orem-Lehi, UT",Metropolitan,2022,54207.0,2,
39340,"Provo-Orem-Lehi, UT",Metropolitan,2023,57280.0,2,
39340,"Provo-Orem-Lehi, UT",Metropolitan,2024,59525.0,2,
39380,"Pueblo, CO",Metropolitan,2019,39476.0,1,
39380,"Pueblo, CO",Metropolitan,2020,43225.0,1,
39380,"Pueblo, CO",Metropolitan,2021,46902.0,1,
39380,"Pueblo, CO",Metropolitan,2022,46998.0,1,
39380,"Pueblo, CO",Metropolitan,2023,49023.0,1,
39380,"Pueblo, CO",Metropolitan,2024,51492.0,1,
39420,"Pullman, WA",Micropolitan,2019,40481.0,1,
39420,"Pullman, WA",Micropolitan,2020,43864.0,1,
39420,"Pullman, WA",Micropolitan,2021,51510.0,1,
39420,"Pullman, WA",Micropolitan,2022,47237.0,1,
39420,"Pullman, WA",Micropolitan,2023,49038.0,1,
39420,"Pullman, WA",Micropolitan,2024,51136.0,1,
39460,"Punta Gorda, FL",Metropolitan,2019,45775.0,1,
39460,"Punta Gorda, FL",Metropolitan,2020,48614.0,1,
39460,"Punta Gorda, FL",Metropolitan,2021,52189.0,1,
39460,"Punta Gorda, FL",Metropolitan,2022,52648.0,1,
39460,"Punta Gorda, FL",Metropolitan,2023,57454.0,1,
39460,"Punta Gorda, FL",Metropolitan,2024,59995.0,1,
39480,"Putnam, CT",Micropolitan,2019,,1,incomplete_county_coverage
39480,"Putnam, CT",Micropolitan,2020,,1,incomplete_county_coverage
39480,"Putnam, CT",Micropolitan,2021,,1,incomplete_county_coverage
39480,"Putnam, CT",Micropolitan,2022,,1,incomplete_county_coverage
39480,"Putnam, CT",Micropolitan,2023,,1,incomplete_county_coverage
39480,"Putnam, CT",Micropolitan,2024,67025.0,1,
39500,"Quincy, IL-MO",Micropolitan,2019,45058.0,2,
39500,"Quincy, IL-MO",Micropolitan,2020,49922.0,2,
39500,"Quincy, IL-MO",Micropolitan,2021,53932.0,2,
39500,"Quincy, IL-MO",Micropolitan,2022,55091.0,2,
39500,"Quincy, IL-MO",Micropolitan,2023,58197.0,2,
39500,"Quincy, IL-MO",Micropolitan,2024,60202.0,2,
39540,"Racine-Mount Pleasant, WI",Metropolitan,2019,49877.0,1,
39540,"Racine-Mount Pleasant, WI",Metropolitan,2020,52688.0,1,
39540,"Racine-Mount Pleasant, WI",Metropolitan,2021,56736.0,1,
39540,"Racine-Mount Pleasant, WI",Metropolitan,2022,59434.0,1,
39540,"Racine-Mount Pleasant, WI",Metropolitan,2023,63130.0,1,
39540,"Racine-Mount Pleasant, WI",Metropolitan,2024,65942.0,1,
39580,"Raleigh-Cary, NC",Metropolitan,2019,57764.0,3,
39580,"Raleigh-Cary, NC",Metropolitan,2020,61535.0,3,
39580,"Raleigh-Cary, NC",Metropolitan,2021,69121.0,3,
39580,"Raleigh-Cary, NC",Metropolitan,2022,71675.0,3,
39580,"Raleigh-Cary, NC",Metropolitan,2023,75197.0,3,
39580,"Raleigh-Cary, NC",Metropolitan,2024,79028.0,3,
39660,"Rapid City, SD",Metropolitan,2019,52966.0,3,
39660,"Rapid City, SD",Metropolitan,2020,57738.0,3,
39660,"Rapid City, SD",Metropolitan,2021,64508.0,3,
39660,"Rapid City, SD",Metropolitan,2022,66790.0,3,
39660,"Rapid City, SD",Metropolitan,2023,70991.0,3,
39660,"Rapid City, SD",Metropolitan,2024,74278.0,3,
39700,"Raymondville, TX",Micropolitan,2019,29490.0,1,
39700,"Raymondville, TX",Micropolitan,2020,32784.0,1,
39700,"Raymondville, TX",Micropolitan,2021,37629.0,1,
39700,"Raymondville, TX",Micropolitan,2022,34955.0,1,
39700,"Raymondville, TX",Micropolitan,2023,36781.0,1,
39700,"Raymondville, TX",Micropolitan,2024,37182.0,1,
39740,"Reading, PA",Metropolitan,2019,49923.0,1,
39740,"Reading, PA",Metropolitan,2020,54371.0,1,
39740,"Reading, PA",Metropolitan,2021,58084.0,1,
39740,"Reading, PA",Metropolitan,2022,58472.0,1,
39740,"Reading, PA",Metropolitan,2023,60821.0,1,
39740,"Reading, PA",Metropolitan,2024,62942.0,1,
39780,"Red Bluff, CA",Micropolitan,2019,39991.0,1,
39780,"Red Bluff, CA",Micropolitan,2020,44489.0,1,
39780,"Red Bluff, CA",Micropolitan,2021,48095.0,1,
39780,"Red Bluff, CA",Micropolitan,2022,46935.0,1,
39780,"Red Bluff, CA",Micropolitan,2023,49790.0,1,
39780,"Red Bluff, CA",Micropolitan,2024,53402.0,1,
39820,"Redding, CA",Metropolitan,2019,45647.0,1,
39820,"Redding, CA",Metropolitan,2020,51208.0,1,
39820,"Redding, CA",Metropolitan,2021,54425.0,1,
39820,"Redding, CA",Metropolitan,2022,54551.0,1,
39820,"Redding, CA",Metropolitan,2023,57160.0,1,
39820,"Redding, CA",Metropolitan,2024,61769.0,1,
39860,"Red Wing, MN",Micropolitan,2019,53634.0,1,
39860,"Red Wing, MN",Micropolitan,2020,56535.0,1,
39860,"Red Wing, MN",Micropolitan,2021,61566.0,1,
39860,"Red Wing, MN",Micropolitan,2022,63740.0,1,
39860,"Red Wing, MN",Micropolitan,2023,67840.0,1,
39860,"Red Wing, MN",Micropolitan,2024,70391.0,1,
39900,"Reno, NV",Metropolitan,2019,58728.0,3,
39900,"Reno, NV",Metropolitan,2020,62765.0,3,
39900,"Reno, NV",Metropolitan,2021,72116.0,3,
39900,"Reno, NV",Metropolitan,2022,73901.0,3,
39900,"Reno, NV",Metropolitan,2023,78999.0,3,
39900,"Reno, NV",Metropolitan,2024,82808.0,3,
39940,"Rexburg, ID",Micropolitan,2019,25395.0,2,
39940,"Rexburg, ID",Micropolitan,2020,28001.0,2,
39940,"Rexburg, ID",Micropolitan,2021,31409.0,2,
39940,"Rexburg, ID",Micropolitan,2022,31396.0,2,
39940,"Rexburg, ID",Micropolitan,2023,32063.0,2,
39940,"Rexburg, ID",Micropolitan,2024,33206.0,2,
39960,"Rice Lake, WI",Micropolitan,2019,49549.0,1,
39960,"Rice Lake, WI",Micropolitan,2020,54704.0,1,
39960,"Rice Lake, WI",Micropolitan,2021,60473.0,1,
39960,"Rice Lake, WI",Micropolitan,2022,58710.0,1,
39960,"Rice Lake, WI",Micropolitan,2023,61456.0,1,
39960,"Rice Lake, WI",Micropolitan,2024,63871.0,1,
39980,"Richmond, IN",Micropolitan,2019,41637.0,1,
39980,"Richmond, IN",Micropolitan,2020,45176.0,1,
39980,"Richmond, IN",Micropolitan,2021,49438.0,1,
39980,"Richmond, IN",Micropolitan,2022,49876.0,1,
39980,"Richmond, IN",Micropolitan,2023,52444.0,1,
39980,"Richmond, IN",Micropolitan,2024,54628.0,1,
40060,"Richmond, VA",Metropolitan,2019,57756.0,14,
40060,"Richmond, VA",Metropolitan,2020,61348.0,14,
40060,"Richmond, VA",Metropolitan,2021,66387.0,14,
40060,"Richmond, VA",Metropolitan,2022,67816.0,14,
40060,"Richmond, VA",Metropolitan,2023,71770.0,14,
40060,"Richmond, VA",Metropolitan,2024,74922.0,14,
40080,"Richmond-Berea, KY",Micropolitan,2019,36298.0,3,
40080,"Richmond-Berea, KY",Micropolitan,2020,39700.0,3,
40080,"Richmond-Berea, KY",Micropolitan,2021,43327.0,3,
40080,"Richmond-Berea, KY",Micropolitan,2022,44153.0,3,
40080,"Richmond-Berea, KY",Micropolitan,2023,46198.0,3,
40080,"Richmond-Berea, KY",Micropolitan,2024,48341.0,3,
40090,"Rifle, CO",Micropolitan,2019,84079.0,2,
40090,"Rifle, CO",Micropolitan,2020,81845.0,2,
40090,"Rifle, CO",Micropolitan,2021,90705.0,2,
40090,"Rifle, CO",Micropolitan,2022,102098.0,2,
40090,"Rifle, CO",Micropolitan,2023,111339.0,2,
40090,"Rifle, CO",Micropolitan,2024,116523.0,2,
40100,"Rio Grande City-Roma, TX",Micropolitan,2019,27494.0,1,
40100,"Rio Grande City-Roma, TX",Micropolitan,2020,31643.0,1,
40100,"Rio Grande City-Roma, TX",Micropolitan,2021,33805.0,1,
40100,"Rio Grande City-Roma, TX",Micropolitan,2022,32680.0,1,
40100,"Rio Grande City-Roma, TX",Micropolitan,2023,33211.0,1,
40100,"Rio Grande City-Roma, TX",Micropolitan,2024,34180.0,1,
40140,"Riverside-San Bernardino-Ontario, CA",Metropolitan,2019,42152.0,2,
40140,"Riverside-San Bernardino-Ontario, CA",Metropolitan,2020,46530.0,2,
40140,"Riverside-San Bernardino-Ontario, CA",Metropolitan,2021,50754.0,2,
40140,"Riverside-San Bernardino-Ontario, CA",Metropolitan,2022,50400.0,2,
40140,"Riverside-San Bernardino-Ontario, CA",Metropolitan,2023,52109.0,2,
40140,"Riverside-San Bernardino-Ontario, CA",Metropolitan,2024,55278.0,2,
40180,"Riverton, WY",Micropolitan,2019,45965.0,1,
40180,"Riverton, WY",Micropolitan,2020,48813.0,1,
40180,"Riverton, WY",Micropolitan,2021,51012.0,1,
40180,"Riverton, WY",Micropolitan,2022,53871.0,1,
40180,"Riverton, WY",Micropolitan,2023,57031.0,1,
40180,"Riverton, WY",Micropolitan,2024,59227.0,1,
40220,"Roanoke, VA",Metropolitan,2019,46442.0,5,
40220,"Roanoke, VA",Metropolitan,2020,49817.0,5,
40220,"Roanoke, VA",Metropolitan,2021,53970.0,5,
40220,"Roanoke, VA",Metropolitan,2022,56029.0,5,
40220,"Roanoke, VA",Metropolitan,2023,59546.0,5,
40220,"Roanoke, VA",Metropolitan,2024,62594.0,5,
40260,"Roanoke Rapids, NC",Micropolitan,2019,38163.0,2,
40260,"Roanoke Rapids, NC",Micropolitan,2020,40778.0,2,
40260,"Roanoke Rapids, NC",Micropolitan,2021,45534.0,2,
40260,"Roanoke Rapids, NC",Micropolitan,2022,45920.0,2,
40260,"Roanoke Rapids, NC",Micropolitan,2023,48190.0,2,
40260,"Roanoke Rapids, NC",Micropolitan,2024,51174.0,2,
40300,"Rochelle, IL",Micropolitan,2019,45490.0,1,
40300,"Rochelle, IL",Micropolitan,2020,48520.0,1,
40300,"Rochelle, IL",Micropolitan,2021,53972.0,1,
40300,"Rochelle, IL",Micropolitan,2022,54973.0,1,
40300,"Rochelle, IL",Micropolitan,2023,57180.0,1,
40300,"Rochelle, IL",Micropolitan,2024,58984.0,1,
40340,"Rochester, MN",Metropolitan,2019,54836.0,4,
40340,"Rochester, MN",Metropolitan,2020,59136.0,4,
40340,"Rochester, MN",Metropolitan,2021,63971.0,4,
40340,"Rochester, MN",Metropolitan,2022,65582.0,4,
40340,"Rochester, MN",Metropolitan,2023,68327.0,4,
40340,"Rochester, MN",Metropolitan,2024,71379.0,4,
40380,"Rochester, NY",Metropolitan,2019,51524.0,5,
40380,"Rochester, NY",Metropolitan,2020,55958.0,5,
40380,"Rochester, NY",Metropolitan,2021,58652.0,5,
40380,"Rochester, NY",Metropolitan,2022,58877.0,5,
40380,"Rochester, NY",Metropolitan,2023,62395.0,5,
40380,"Rochester, NY",Metropolitan,2024,65468.0,5,
40420,"Rockford, IL",Metropolitan,2019,43912.0,2,
40420,"Rockford, IL",Metropolitan,2020,47356.0,2,
40420,"Rockford, IL",Metropolitan,2021,51333.0,2,
40420,"Rockford, IL",Metropolitan,2022,51601.0,2,
40420,"Rockford, IL",Metropolitan,2023,53888.0,2,
40420,"Rockford, IL",Metropolitan,2024,55903.0,2,
40460,"Rockingham, NC",Micropolitan,2019,36659.0,1,
40460,"Rockingham, NC",Micropolitan,2020,40492.0,1,
40460,"Rockingham, NC",Micropolitan,2021,45471.0,1,
40460,"Rockingham, NC",Micropolitan,2022,46436.0,1,
40460,"Rockingham, NC",Micropolitan,2023,48085.0,1,
40460,"Rockingham, NC",Micropolitan,2024,51502.0,1,
40540,"Rock Springs, WY",Micropolitan,2019,55746.0,1,
40540,"Rock Springs, WY",Micropolitan,2020,54532.0,1,
40540,"Rock Springs, WY",Micropolitan,2021,56210.0,1,
40540,"Rock Springs, WY",Micropolitan,2022,60187.0,1,
40540,"Rock Springs, WY",Micropolitan,2023,61963.0,1,
40540,"Rock Springs, WY",Micropolitan,2024,63284.0,1,
40580,"Rocky Mount, NC",Metropolitan,2019,41415.0,2,
40580,"Rocky Mount, NC",Metropolitan,2020,44599.0,2,
40580,"Rocky Mount, NC",Metropolitan,2021,48358.0,2,
40580,"Rocky Mount, NC",Metropolitan,2022,48571.0,2,
40580,"Rocky Mount, NC",Metropolitan,2023,51034.0,2,
40580,"Rocky Mount, NC",Metropolitan,2024,54127.0,2,
40620,"Rolla, MO",Micropolitan,2019,39189.0,1,
40620,"Rolla, MO",Micropolitan,2020,42305.0,1,
40620,"Rolla, MO",Micropolitan,2021,44127.0,1,
40620,"Rolla, MO",Micropolitan,2022,44660.0,1,
40620,"Rolla, MO",Micropolitan,2023,47434.0,1,
40620,"Rolla, MO",Micropolitan,2024,49505.0,1,
40660,"Rome, GA",Metropolitan,2019,38731.0,1,
40660,"Rome, GA",Metropolitan,2020,40890.0,1,
40660,"Rome, GA",Metropolitan,2021,44294.0,1,
40660,"Rome, GA",Metropolitan,2022,44222.0,1,
40660,"Rome, GA",Metropolitan,2023,46734.0,1,
40660,"Rome, GA",Metropolitan,2024,48360.0,1,
40700,"Roseburg, OR",Micropolitan,2019,42286.0,1,
40700,"Roseburg, OR",Micropolitan,2020,46203.0,1,
40700,"Roseburg, OR",Micropolitan,2021,50923.0,1,
40700,"Roseburg, OR",Micropolitan,2022,50144.0,1,
40700,"Roseburg, OR",Micropolitan,2023,52358.0,1,
40700,"Roseburg, OR",Micropolitan,2024,55747.0,1,
40740,"Roswell, NM",Micropolitan,2019,39886.0,1,
40740,"Roswell, NM",Micropolitan,2020,43004.0,1,
40740,"Roswell, NM",Micropolitan,2021,46474.0,1,
40740,"Roswell, NM",Micropolitan,2022,52755.0,1,
40740,"Roswell, NM",Micropolitan,2023,51276.0,1,
40740,"Roswell, NM",Micropolitan,2024,54036.0,1,
40760,"Ruidoso, NM",Micropolitan,2019,41254.0,1,
40760,"Ruidoso, NM",Micropolitan,2020,45930.0,1,
40760,"Ruidoso, NM",Micropolitan,2021,48980.0,1,
40760,"Ruidoso, NM",Micropolitan,2022,51411.0,1,
40760,"Ruidoso, NM",Micropolitan,2023,54872.0,1,
40760,"Ruidoso, NM",Micropolitan,2024,57253.0,1,
40770,"Russellville, AL",Micropolitan,2019,33921.0,1,
40770,"Russellville, AL",Micropolitan,2020,36527.0,1,
40770,"Russellville, AL",Micropolitan,2021,40369.0,1,
40770,"Russellville, AL",Micropolitan,2022,42381.0,1,
40770,"Russellville, AL",Micropolitan,2023,41996.0,1,
40770,"Russellville, AL",Micropolitan,2024,44751.0,1,
40780,"Russellville, AR",Micropolitan,2019,35716.0,2,
40780,"Russellville, AR",Micropolitan,2020,37494.0,2,
40780,"Russellville, AR",Micropolitan,2021,42023.0,2,
40780,"Russellville, AR",Micropolitan,2022,42763.0,2,
40780,"Russellville, AR",Micropolitan,2023,43598.0,2,
40780,"Russellville, AR",Micropolitan,2024,46234.0,2,
40820,"Ruston, LA",Micropolitan,2019,38845.0,1,
40820,"Ruston, LA",Micropolitan,2020,41886.0,1,
40820,"Ruston, LA",Micropolitan,2021,46755.0,1,
40820,"Ruston, LA",Micropolitan,2022,48452.0,1,
40820,"Ruston, LA",Micropolitan,2023,50986.0,1,
40820,"Ruston, LA",Micropolitan,2024,53652.0,1,
40860,"Rutland, VT",Micropolitan,2019,51212.0,1,
40860,"Rutland, VT",Micropolitan,2020,54911.0,1,
40860,"Rutland, VT",Micropolitan,2021,56410.0,1,
40860,"Rutland, VT",Micropolitan,2022,59243.0,1,
40860,"Rutland, VT",Micropolitan,2023,62604.0,1,
40860,"Rutland, VT",Micropolitan,2024,66361.0,1,
40900,"Sacramento-Roseville-Folsom, CA",Metropolitan,2019,56664.0,4,
40900,"Sacramento-Roseville-Folsom, CA",Metropolitan,2020,61730.0,4,
40900,"Sacramento-Roseville-Folsom, CA",Metropolitan,2021,66664.0,4,
40900,"Sacramento-Roseville-Folsom, CA",Metropolitan,2022,67005.0,4,
40900,"Sacramento-Roseville-Folsom, CA",Metropolitan,2023,70310.0,4,
40900,"Sacramento-Roseville-Folsom, CA",Metropolitan,2024,74552.0,4,
40940,"Safford, AZ",Micropolitan,2019,32038.0,1,
40940,"Safford, AZ",Micropolitan,2020,35956.0,1,
40940,"Safford, AZ",Micropolitan,2021,39194.0,1,
40940,"Safford, AZ",Micropolitan,2022,41225.0,1,
40940,"Safford, AZ",Micropolitan,2023,42907.0,1,
40940,"Safford, AZ",Micropolitan,2024,44164.0,1,
40980,"Saginaw, MI",Metropolitan,2019,40848.0,1,
40980,"Saginaw, MI",Metropolitan,2020,45641.0,1,
40980,"Saginaw, MI",Metropolitan,2021,49032.0,1,
40980,"Saginaw, MI",Metropolitan,2022,48072.0,1,
40980,"Saginaw, MI",Metropolitan,2023,50789.0,1,
40980,"Saginaw, MI",Metropolitan,2024,52699.0,1,
41060,"St. Cloud, MN",Metropolitan,2019,47841.0,2,
41060,"St. Cloud, MN",Metropolitan,2020,52543.0,2,
41060,"St. Cloud, MN",Metropolitan,2021,57875.0,2,
41060,"St. Cloud, MN",Metropolitan,2022,59323.0,2,
41060,"St. Cloud, MN",Metropolitan,2023,61275.0,2,
41060,"St. Cloud, MN",Metropolitan,2024,63600.0,2,
41100,"St. George, UT",Metropolitan,2019,42384.0,1,
41100,"St. George, UT",Metropolitan,2020,45369.0,1,
41100,"St. George, UT",Metropolitan,2021,50918.0,1,
41100,"St. George, UT",Metropolitan,2022,51717.0,1,
41100,"St. George, UT",Metropolitan,2023,55161.0,1,
41100,"St. George, UT",Metropolitan,2024,58047.0,1,
41140,"St. Joseph, MO-KS",Metropolitan,2019,40530.0,4,
41140,"St. Joseph, MO-KS",Metropolitan,2020,43622.0,4,
41140,"St. Joseph, MO-KS",Metropolitan,2021,46805.0,4,
41140,"St. Joseph, MO-KS",Metropolitan,2022,48328.0,4,
41140,"St. Joseph, MO-KS",Metropolitan,2023,52078.0,4,
41140,"St. Joseph, MO-KS",Metropolitan,2024,53972.0,4,
41180,"St. Louis, MO-IL",Metropolitan,2019,56750.0,15,
41180,"St. Louis, MO-IL",Metropolitan,2020,61246.0,15,
41180,"St. Louis, MO-IL",Metropolitan,2021,67910.0,15,
41180,"St. Louis, MO-IL",Metropolitan,2022,70208.0,15,
41180,"St. Louis, MO-IL",Metropolitan,2023,75260.0,15,
41180,"St. Louis, MO-IL",Metropolitan,2024,78326.0,15,
41260,"St. Marys, PA",Micropolitan,2019,46346.0,1,
41260,"St. Marys, PA",Micropolitan,2020,50250.0,1,
41260,"St. Marys, PA",Micropolitan,2021,50728.0,1,
41260,"St. Marys, PA",Micropolitan,2022,50604.0,1,
41260,"St. Marys, PA",Micropolitan,2023,53918.0,1,
41260,"St. Marys, PA",Micropolitan,2024,56186.0,1,
41400,"Salem, OH",Micropolitan,2019,39162.0,1,
41400,"Salem, OH",Micropolitan,2020,42670.0,1,
41400,"Salem, OH",Micropolitan,2021,45591.0,1,
41400,"Salem, OH",Micropolitan,2022,45377.0,1,
41400,"Salem, OH",Micropolitan,2023,48299.0,1,
41400,"Salem, OH",Micropolitan,2024,51183.0,1,
41420,"Salem, OR",Metropolitan,2019,44279.0,2,
41420,"Salem, OR",Metropolitan,2020,48390.0,2,
41420,"Salem, OR",Metropolitan,2021,53700.0,2,
41420,"Salem, OR",Metropolitan,2022,54075.0,2,
41420,"Salem, OR",Metropolitan,2023,56726.0,2,
41420,"Salem, OR",Metropolitan,2024,59546.0,2,
41460,"Salina, KS",Micropolitan,2019,49725.0,2,
41460,"Salina, KS",Micropolitan,2020,50828.0,2,
41460,"Salina, KS",Micropolitan,2021,55269.0,2,
41460,"Salina, KS",Micropolitan,2022,56173.0,2,
41460,"Salina, KS",Micropolitan,2023,59285.0,2,
41460,"Salina, KS",Micropolitan,2024,61732.0,2,
41500,"Salinas, CA",Metropolitan,2019,55690.0,1,
41500,"Salinas, CA",Metropolitan,2020,60857.0,1,
41500,"Salinas, CA",Metropolitan,2021,64947.0,1,
41500,"Salinas, CA",Metropolitan,2022,65611.0,1,
41500,"Salinas, CA",Metropolitan,2023,69644.0,1,
41500,"Salinas, CA",Metropolitan,2024,74175.0,1,
41540,"Salisbury, MD",Metropolitan,2019,38503.0,2,
41540,"Salisbury, MD",Metropolitan,2020,41351.0,2,
41540,"Salisbury, MD",Metropolitan,2021,44862.0,2,
41540,"Salisbury, MD",Metropolitan,2022,46121.0,2,
41540,"Salisbury, MD",Metropolitan,2023,46860.0,2,
41540,"Salisbury, MD",Metropolitan,2024,49813.0,2,
41620,"Salt Lake City-Murray, UT",Metropolitan,2019,52179.0,2,
41620,"Salt Lake City-Murray, UT",Metropolitan,2020,56370.0,2,
41620,"Salt Lake City-Murray, UT",Metropolitan,2021,63650.0,2,
41620,"Salt Lake City-Murray, UT",Metropolitan,2022,66430.0,2,
41620,"Salt Lake City-Murray, UT",Metropolitan,2023,70903.0,2,
41620,"Salt Lake City-Murray, UT",Metropolitan,2024,73879.0,2,
41660,"San Angelo, TX",Metropolitan,2019,51832.0,2,
41660,"San Angelo, TX",Metropolitan,2020,55486.0,2,
41660,"San Angelo, TX",Metropolitan,2021,60024.0,2,
41660,"San Angelo, TX",Metropolitan,2022,61757.0,2,
41660,"San Angelo, TX",Metropolitan,2023,64370.0,2,
41660,"San Angelo, TX",Metropolitan,2024,67831.0,2,
41700,"San Antonio-New Braunfels, TX",Metropolitan,2019,48271.0,8,
41700,"San Antonio-New Braunfels, TX",Metropolitan,2020,49836.0,8,
41700,"San Antonio-New Braunfels, TX",Metropolitan,2021,54128.0,8,
41700,"San Antonio-New Braunfels, TX",Metropolitan,2022,57427.0,8,
41700,"San Antonio-New Braunfels, TX",Metropolitan,2023,60816.0,8,
41700,"San Antonio-New Braunfels, TX",Metropolitan,2024,63226.0,8,
41740,"San Diego-Chula Vista-Carlsbad, CA",Metropolitan,2019,62058.0,1,
41740,"San Diego-Chula Vista-Carlsbad, CA",Metropolitan,2020,67479.0,1,
41740,"San Diego-Chula Vista-Carlsbad, CA",Metropolitan,2021,73319.0,1,
41740,"San Diego-Chula Vista-Carlsbad, CA",Metropolitan,2022,75055.0,1,
41740,"San Diego-Chula Vista-Carlsbad, CA",Metropolitan,2023,79921.0,1,
41740,"San Diego-Chula Vista-Carlsbad, CA",Metropolitan,2024,84312.0,1,
41760,"Sandpoint, ID",Micropolitan,2019,43316.0,1,
41760,"Sandpoint, ID",Micropolitan,2020,48623.0,1,
41760,"Sandpoint, ID",Micropolitan,2021,52669.0,1,
41760,"Sandpoint, ID",Micropolitan,2022,53298.0,1,
41760,"Sandpoint, ID",Micropolitan,2023,55873.0,1,
41760,"Sandpoint, ID",Micropolitan,2024,57706.0,1,
41780,"Sandusky, OH",Metropolitan,2019,53824.0,2,
41780,"Sandusky, OH",Metropolitan,2020,54922.0,2,
41780,"Sandusky, OH",Metropolitan,2021,59129.0,2,
41780,"Sandusky, OH",Metropolitan,2022,59712.0,2,
41780,"Sandusky, OH",Metropolitan,2023,62977.0,2,
41780,"Sandusky, OH",Metropolitan,2024,65239.0,2,
41820,"Sanford, NC",Micropolitan,2019,42020.0,1,
41820,"Sanford, NC",Micropolitan,2020,45279.0,1,
41820,"Sanford, NC",Micropolitan,2021,49864.0,1,
41820,"Sanford, NC",Micropolitan,2022,50884.0,1,
41820,"Sanford, NC",Micropolitan,2023,54192.0,1,
41820,"Sanford, NC",Micropolitan,2024,57393.0,1,
41860,"San Francisco-Oakland-Fremont, CA",Metropolitan,2019,99886.0,5,
41860,"San Francisco-Oakland-Fremont, CA",Metropolitan,2020,108765.0,5,
41860,"San Francisco-Oakland-Fremont, CA",Metropolitan,2021,124455.0,5,
41860,"San Francisco-Oakland-Fremont, CA",Metropolitan,2022,122421.0,5,
41860,"San Francisco-Oakland-Fremont, CA",Metropolitan,2023,129004.0,5,
41860,"San Francisco-Oakland-Fremont, CA",Metropolitan,2024,136552.0,5,
41940,"San Jose-Sunnyvale-Santa Clara, CA",Metropolitan,2019,110733.0,2,
41940,"San Jose-Sunnyvale-Santa Clara, CA",Metropolitan,2020,120267.0,2,
41940,"San Jose-Sunnyvale-Santa Clara, CA",Metropolitan,2021,142195.0,2,
41940,"San Jose-Sunnyvale-Santa Clara, CA",Metropolitan,2022,139136.0,2,
41940,"San Jose-Sunnyvale-Santa Clara, CA",Metropolitan,2023,146494.0,2,
41940,"San Jose-Sunnyvale-Santa Clara, CA",Metropolitan,2024,154582.0,2,
42020,"San Luis Obispo-Paso Robles, CA",Metropolitan,2019,59023.0,1,
42020,"San Luis Obispo-Paso Robles, CA",Metropolitan,2020,63182.0,1,
42020,"San Luis Obispo-Paso Robles, CA",Metropolitan,2021,68653.0,1,
42020,"San Luis Obispo-Paso Robles, CA",Metropolitan,2022,68999.0,1,
42020,"San Luis Obispo-Paso Robles, CA",Metropolitan,2023,73274.0,1,
42020,"San Luis Obispo-Paso Robles, CA",Metropolitan,2024,77564.0,1,
42100,"Santa Cruz-Watsonville, CA",Metropolitan,2019,69475.0,1,
42100,"Santa Cruz-Watsonville, CA",Metropolitan,2020,76958.0,1,
42100,"Santa Cruz-Watsonville, CA",Metropolitan,2021,88568.0,1,
42100,"Santa Cruz-Watsonville, CA",Metropolitan,2022,82838.0,1,
42100,"Santa Cruz-Watsonville, CA",Metropolitan,2023,87608.0,1,
42100,"Santa Cruz-Watsonville, CA",Metropolitan,2024,93580.0,1,
42140,"Santa Fe, NM",Metropolitan,2019,60853.0,1,
42140,"Santa Fe, NM",Metropolitan,2020,63514.0,1,
42140,"Santa Fe, NM",Metropolitan,2021,71071.0,1,
42140,"Santa Fe, NM",Metropolitan,2022,73047.0,1,
42140,"Santa Fe, NM",Metropolitan,2023,78284.0,1,
42140,"Santa Fe, NM",Metropolitan,2024,82474.0,1,
42200,"Santa Maria-Santa Barbara, CA",Metropolitan,2019,62413.0,1,
42200,"Santa Maria-Santa Barbara, CA",Metropolitan,2020,69116.0,1,
42200,"Santa Maria-Santa Barbara, CA",Metropolitan,2021,76898.0,1,
42200,"Santa Maria-Santa Barbara, CA",Metropolitan,2022,78437.0,1,
42200,"Santa Maria-Santa Barbara, CA",Metropolitan,2023,83529.0,1,
42200,"Santa Maria-Santa Barbara, CA",Metropolitan,2024,88347.0,1,
42220,"Santa Rosa-Petaluma, CA",Metropolitan,2019,65926.0,1,
42220,"Santa Rosa-Petaluma, CA",Metropolitan,2020,72602.0,1,
42220,"Santa Rosa-Petaluma, CA",Metropolitan,2021,78446.0,1,
42220,"Santa Rosa-Petaluma, CA",Metropolitan,2022,78666.0,1,
42220,"Santa Rosa-Petaluma, CA",Metropolitan,2023,83375.0,1,
42220,"Santa Rosa-Petaluma, CA",Metropolitan,2024,88832.0,1,
42300,"Sault Ste. Marie, MI",Micropolitan,2019,34978.0,1,
42300,"Sault Ste. Marie, MI",Micropolitan,2020,39656.0,1,
42300,"Sault Ste. Marie, MI",Micropolitan,2021,43961.0,1,
42300,"Sault Ste. Marie, MI",Micropolitan,2022,43675.0,1,
42300,"Sault Ste. Marie, MI",Micropolitan,2023,46268.0,1,
42300,"Sault Ste. Marie, MI",Micropolitan,2024,48932.0,1,
42340,"Savannah, GA",Metropolitan,2019,46457.0,3,
42340,"Savannah, GA",Metropolitan,2020,50454.0,3,
42340,"Savannah, GA",Metropolitan,2021,55325.0,3,
42340,"Savannah, GA",Metropolitan,2022,55749.0,3,
42340,"Savannah, GA",Metropolitan,2023,58428.0,3,
42340,"Savannah, GA",Metropolitan,2024,61535.0,3,
42380,"Sayre, PA",Micropolitan,2019,42970.0,1,
42380,"Sayre, PA",Micropolitan,2020,45210.0,1,
42380,"Sayre, PA",Micropolitan,2021,47883.0,1,
42380,"Sayre, PA",Micropolitan,2022,48872.0,1,
42380,"Sayre, PA",Micropolitan,2023,50480.0,1,
42380,"Sayre, PA",Micropolitan,2024,51843.0,1,
42420,"Scottsbluff, NE",Micropolitan,2019,45903.0,2,
42420,"Scottsbluff, NE",Micropolitan,2020,49818.0,2,
42420,"Scottsbluff, NE",Micropolitan,2021,52834.0,2,
42420,"Scottsbluff, NE",Micropolitan,2022,53393.0,2,
42420,"Scottsbluff, NE",Micropolitan,2023,57982.0,2,
42420,"Scottsbluff, NE",Micropolitan,2024,60364.0,2,
42460,"Scottsboro, AL",Micropolitan,2019,36957.0,1,
42460,"Scottsboro, AL",Micropolitan,2020,39025.0,1,
42460,"Scottsboro, AL",Micropolitan,2021,43280.0,1,
42460,"Scottsboro, AL",Micropolitan,2022,44272.0,1,
42460,"Scottsboro, AL",Micropolitan,2023,45890.0,1,
42460,"Scottsboro, AL",Micropolitan,2024,48078.0,1,
42540,"Scranton--Wilkes-Barre, PA",Metropolitan,2019,45401.0,3,
42540,"Scranton--Wilkes-Barre, PA",Metropolitan,2020,49869.0,3,
42540,"Scranton--Wilkes-Barre, PA",Metropolitan,2021,52765.0,3,
42540,"Scranton--Wilkes-Barre, PA",Metropolitan,2022,52249.0,3,
42540,"Scranton--Wilkes-Barre, PA",Metropolitan,2023,54723.0,3,
42540,"Scranton--Wilkes-Barre, PA",Metropolitan,2024,56666.0,3,
42580,"Seaford, DE",Micropolitan,2019,54668.0,1,
42580,"Seaford, DE",Micropolitan,2020,56384.0,1,
42580,"Seaford, DE",Micropolitan,2021,62531.0,1,
42580,"Seaford, DE",Micropolitan,2022,66534.0,1,
42580,"Seaford, DE",Micropolitan,2023,69698.0,1,
42580,"Seaford, DE",Micropolitan,2024,73647.0,1,
42620,"Searcy, AR",Micropolitan,2019,37040.0,1,
42620,"Searcy, AR",Micropolitan,2020,40640.0,1,
42620,"Searcy, AR",Micropolitan,2021,43985.0,1,
42620,"Searcy, AR",Micropolitan,2022,43915.0,1,
42620,"Searcy, AR",Micropolitan,2023,45927.0,1,
42620,"Searcy, AR",Micropolitan,2024,48191.0,1,
42660,"Seattle-Tacoma-Bellevue, WA",Metropolitan,2019,76784.0,3,
42660,"Seattle-Tacoma-Bellevue, WA",Metropolitan,2020,81705.0,3,
42660,"Seattle-Tacoma-Bellevue, WA",Metropolitan,2021,89794.0,3,
42660,"Seattle-Tacoma-Bellevue, WA",Metropolitan,2022,92880.0,3,
42660,"Seattle-Tacoma-Bellevue, WA",Metropolitan,2023,99501.0,3,
42660,"Seattle-Tacoma-Bellevue, WA",Metropolitan,2024,104529.0,3,
42680,"Sebastian-Vero Beach-West Vero Corridor, FL",Metropolitan,2019,83867.0,1,
42680,"Sebastian-Vero Beach-West Vero Corridor, FL",Metropolitan,2020,87294.0,1,
42680,"Sebastian-Vero Beach-West Vero Corridor, FL",Metropolitan,2021,97741.0,1,
42680,"Sebastian-Vero Beach-West Vero Corridor, FL",Metropolitan,2022,101417.0,1,
42680,"Sebastian-Vero Beach-West Vero Corridor, FL",Metropolitan,2023,110624.0,1,
42680,"Sebastian-Vero Beach-West Vero Corridor, FL",Metropolitan,2024,115408.0,1,
42700,"Sebring, FL",Metropolitan,2019,36015.0,1,
42700,"Sebring, FL",Metropolitan,2020,38733.0,1,
42700,"Sebring, FL",Metropolitan,2021,41643.0,1,
42700,"Sebring, FL",Metropolitan,2022,41681.0,1,
42700,"Sebring, FL",Metropolitan,2023,44693.0,1,
42700,"Sebring, FL",Metropolitan,2024,46499.0,1,
42740,"Sedalia, MO",Micropolitan,2019,37544.0,1,
42740,"Sedalia, MO",Micropolitan,2020,40494.0,1,
42740,"Sedalia, MO",Micropolitan,2021,43862.0,1,
42740,"Sedalia, MO",Micropolitan,2022,45366.0,1,
42740,"Sedalia, MO",Micropolitan,2023,47450.0,1,
42740,"Sedalia, MO",Micropolitan,2024,48930.0,1,
42780,"Selinsgrove, PA",Micropolitan,2019,42987.0,1,
42780,"Selinsgrove, PA",Micropolitan,2020,46831.0,1,
42780,"Selinsgrove, PA",Micropolitan,2021,51255.0,1,
42780,"Selinsgrove, PA",Micropolitan,2022,53040.0,1,
42780,"Selinsgrove, PA",Micropolitan,2023,53697.0,1,
42780,"Selinsgrove, PA",Micropolitan,2024,55828.0,1,
42820,"Selma, AL",Micropolitan,2019,35142.0,1,
42820,"Selma, AL",Micropolitan,2020,39316.0,1,
42820,"Selma, AL",Micropolitan,2021,42624.0,1,
42820,"Selma, AL",Micropolitan,2022,42265.0,1,
42820,"Selma, AL",Micropolitan,2023,45130.0,1,
42820,"Selma, AL",Micropolitan,2024,48214.0,1,
42860,"Seneca, SC",Micropolitan,2019,46073.0,1,
42860,"Seneca, SC",Micropolitan,2020,48176.0,1,
42860,"Seneca, SC",Micropolitan,2021,53881.0,1,
42860,"Seneca, SC",Micropolitan,2022,55147.0,1,
42860,"Seneca, SC",Micropolitan,2023,58313.0,1,
42860,"Seneca, SC",Micropolitan,2024,61307.0,1,
42900,"Seneca Falls, NY",Micropolitan,2019,40465.0,1,
42900,"Seneca Falls, NY",Micropolitan,2020,44678.0,1,
42900,"Seneca Falls, NY",Micropolitan,2021,47817.0,1,
42900,"Seneca Falls, NY",Micropolitan,2022,48575.0,1,
42900,"Seneca Falls, NY",Micropolitan,2023,50258.0,1,
42900,"Seneca Falls, NY",Micropolitan,2024,52125.0,1,
42940,"Sevierville, TN",Micropolitan,2019,42738.0,1,
42940,"Sevierville, TN",Micropolitan,2020,45255.0,1,
42940,"Sevierville, TN",Micropolitan,2021,51785.0,1,
42940,"Sevierville, TN",Micropolitan,2022,54323.0,1,
42940,"Sevierville, TN",Micropolitan,2023,60508.0,1,
42940,"Sevierville, TN",Micropolitan,2024,63846.0,1,
42980,"Seymour, IN",Micropolitan,2019,42012.0,1,
42980,"Seymour, IN",Micropolitan,2020,45353.0,1,
42980,"Seymour, IN",Micropolitan,2021,48553.0,1,
42980,"Seymour, IN",Micropolitan,2022,49739.0,1,
42980,"Seymour, IN",Micropolitan,2023,51538.0,1,
42980,"Seymour, IN",Micropolitan,2024,54272.0,1,
43020,"Shawano, WI",Micropolitan,2019,42979.0,2,
43020,"Shawano, WI",Micropolitan,2020,46124.0,2,
43020,"Shawano, WI",Micropolitan,2021,49736.0,2,
43020,"Shawano, WI",Micropolitan,2022,50085.0,2,
43020,"Shawano, WI",Micropolitan,2023,51243.0,2,
43020,"Shawano, WI",Micropolitan,2024,53307.0,2,
43060,"Shawnee, OK",Micropolitan,2019,40176.0,1,
43060,"Shawnee, OK",Micropolitan,2020,42924.0,1,
43060,"Shawnee, OK",Micropolitan,2021,50350.0,1,
43060,"Shawnee, OK",Micropolitan,2022,47105.0,1,
43060,"Shawnee, OK",Micropolitan,2023,48524.0,1,
43060,"Shawnee, OK",Micropolitan,2024,50705.0,1,
43100,"Sheboygan, WI",Metropolitan,2019,51940.0,1,
43100,"Sheboygan, WI",Metropolitan,2020,55107.0,1,
43100,"Sheboygan, WI",Metropolitan,2021,59056.0,1,
43100,"Sheboygan, WI",Metropolitan,2022,60128.0,1,
43100,"Sheboygan, WI",Metropolitan,2023,63915.0,1,
43100,"Sheboygan, WI",Metropolitan,2024,67247.0,1,
43140,"Shelby-Kings Mountain, NC",Micropolitan,2019,38242.0,1,
43140,"Shelby-Kings Mountain, NC",Micropolitan,2020,41205.0,1,
43140,"Shelby-Kings Mountain, NC",Micropolitan,2021,44755.0,1,
43140,"Shelby-Kings Mountain, NC",Micropolitan,2022,45805.0,1,
43140,"Shelby-Kings Mountain, NC",Micropolitan,2023,48371.0,1,
43140,"Shelby-Kings Mountain, NC",Micropolitan,2024,51181.0,1,
43180,"Shelbyville, TN",Micropolitan,2019,38968.0,1,
43180,"Shelbyville, TN",Micropolitan,2020,41275.0,1,
43180,"Shelbyville, TN",Micropolitan,2021,45699.0,1,
43180,"Shelbyville, TN",Micropolitan,2022,47362.0,1,
43180,"Shelbyville, TN",Micropolitan,2023,49346.0,1,
43180,"Shelbyville, TN",Micropolitan,2024,52401.0,1,
43220,"Shelton, WA",Micropolitan,2019,44755.0,1,
43220,"Shelton, WA",Micropolitan,2020,47769.0,1,
43220,"Shelton, WA",Micropolitan,2021,51359.0,1,
43220,"Shelton, WA",Micropolitan,2022,50811.0,1,
43220,"Shelton, WA",Micropolitan,2023,54136.0,1,
43220,"Shelton, WA",Micropolitan,2024,57184.0,1,
43260,"Sheridan, WY",Micropolitan,2019,58244.0,1,
43260,"Sheridan, WY",Micropolitan,2020,58836.0,1,
43260,"Sheridan, WY",Micropolitan,2021,65491.0,1,
43260,"Sheridan, WY",Micropolitan,2022,70638.0,1,
43260,"Sheridan, WY",Micropolitan,2023,79897.0,1,
43260,"Sheridan, WY",Micropolitan,2024,82773.0,1,
43300,"Sherman-Denison, TX",Metropolitan,2019,45459.0,1,
43300,"Sherman-Denison, TX",Metropolitan,2020,48119.0,1,
43300,"Sherman-Denison, TX",Metropolitan,2021,52547.0,1,
43300,"Sherman-Denison, TX",Metropolitan,2022,53822.0,1,
43300,"Sherman-Denison, TX",Metropolitan,2023,56341.0,1,
43300,"Sherman-Denison, TX",Metropolitan,2024,57952.0,1,
43320,"Show Low, AZ",Micropolitan,2019,33464.0,1,
43320,"Show Low, AZ",Micropolitan,2020,38616.0,1,
43320,"Show Low, AZ",Micropolitan,2021,42431.0,1,
43320,"Show Low, AZ",Micropolitan,2022,42923.0,1,
43320,"Show Low, AZ",Micropolitan,2023,45016.0,1,
43320,"Show Low, AZ",Micropolitan,2024,46577.0,1,
43340,"Shreveport-Bossier City, LA",Metropolitan,2019,47074.0,3,
43340,"Shreveport-Bossier City, LA",Metropolitan,2020,52003.0,3,
43340,"Shreveport-Bossier City, LA",Metropolitan,2021,55763.0,3,
43340,"Shreveport-Bossier City, LA",Metropolitan,2022,57913.0,3,
43340,"Shreveport-Bossier City, LA",Metropolitan,2023,61350.0,3,
43340,"Shreveport-Bossier City, LA",Metropolitan,2024,64206.0,3,
43380,"Sidney, OH",Micropolitan,2019,45188.0,1,
43380,"Sidney, OH",Micropolitan,2020,49217.0,1,
43380,"Sidney, OH",Micropolitan,2021,52836.0,1,
43380,"Sidney, OH",Micropolitan,2022,52876.0,1,
43380,"Sidney, OH",Micropolitan,2023,55757.0,1,
43380,"Sidney, OH",Micropolitan,2024,57615.0,1,
43420,"Sierra Vista-Douglas, AZ",Metropolitan,2019,41289.0,1,
43420,"Sierra Vista-Douglas, AZ",Metropolitan,2020,46875.0,1,
43420,"Sierra Vista-Douglas, AZ",Metropolitan,2021,49857.0,1,
43420,"Sierra Vista-Douglas, AZ",Metropolitan,2022,50543.0,1,
43420,"Sierra Vista-Douglas, AZ",Metropolitan,2023,53450.0,1,
43420,"Sierra Vista-Douglas, AZ",Metropolitan,2024,55303.0,1,
43460,"Sikeston, MO",Micropolitan,2019,38733.0,2,
43460,"Sikeston, MO",Micropolitan,2020,43103.0,2,
43460,"Sikeston, MO",Micropolitan,2021,47310.0,2,
43460,"Sikeston, MO",Micropolitan,2022,48384.0,2,
43460,"Sikeston, MO",Micropolitan,2023,50805.0,2,
43460,"Sikeston, MO",Micropolitan,2024,51561.0,2,
43500,"Silver City, NM",Micropolitan,2019,41295.0,1,
43500,"Silver City, NM",Micropolitan,2020,43804.0,1,
43500,"Silver City, NM",Micropolitan,2021,48451.0,1,
43500,"Silver City, NM",Micropolitan,2022,51125.0,1,
43500,"Silver City, NM",Micropolitan,2023,52477.0,1,
43500,"Silver City, NM",Micropolitan,2024,54768.0,1,
43580,"Sioux City, IA-NE-SD",Metropolitan,2019,51370.0,3,
43580,"Sioux City, IA-NE-SD",Metropolitan,2020,53730.0,3,
43580,"Sioux City, IA-NE-SD",Metropolitan,2021,58320.0,3,
43580,"Sioux City, IA-NE-SD",Metropolitan,2022,62212.0,3,
43580,"Sioux City, IA-NE-SD",Metropolitan,2023,65649.0,3,
43580,"Sioux City, IA-NE-SD",Metropolitan,2024,67440.0,3,
43620,"Sioux Falls, SD-MN",Metropolitan,2019,62150.0,5,
43620,"Sioux Falls, SD-MN",Metropolitan,2020,66325.0,5,
43620,"Sioux Falls, SD-MN",Metropolitan,2021,74005.0,5,
43620,"Sioux Falls, SD-MN",Metropolitan,2022,74954.0,5,
43620,"Sioux Falls, SD-MN",Metropolitan,2023,78665.0,5,
43620,"Sioux Falls, SD-MN",Metropolitan,2024,81834.0,5,
43640,"Slidell-Mandeville-Covington, LA",Metropolitan,2019,67900.0,1,
43640,"Slidell-Mandeville-Covington, LA",Metropolitan,2020,65157.0,1,
43640,"Slidell-Mandeville-Covington, LA",Metropolitan,2021,74304.0,1,
43640,"Slidell-Mandeville-Covington, LA",Metropolitan,2022,73815.0,1,
43640,"Slidell-Mandeville-Covington, LA",Metropolitan,2023,78608.0,1,
43640,"Slidell-Mandeville-Covington, LA",Metropolitan,2024,82398.0,1,
43660,"Snyder, TX",Micropolitan,2019,44236.0,1,
43660,"Snyder, TX",Micropolitan,2020,44700.0,1,
43660,"Snyder, TX",Micropolitan,2021,46582.0,1,
43660,"Snyder, TX",Micropolitan,2022,52226.0,1,
43660,"Snyder, TX",Micropolitan,2023,55774.0,1,
43660,"Snyder, TX",Micropolitan,2024,57217.0,1,
43700,"Somerset, KY",Micropolitan,2019,38619.0,1,
43700,"Somerset, KY",Micropolitan,2020,42674.0,1,
43700,"Somerset, KY",Micropolitan,2021,46909.0,1,
43700,"Somerset, KY",Micropolitan,2022,46927.0,1,
43700,"Somerset, KY",Micropolitan,2023,49513.0,1,
43700,"Somerset, KY",Micropolitan,2024,51943.0,1,
43740,"Somerset, PA",Micropolitan,2019,41606.0,1,
43740,"Somerset, PA",Micropolitan,2020,45795.0,1,
43740,"Somerset, PA",Micropolitan,2021,48702.0,1,
43740,"Somerset, PA",Micropolitan,2022,47009.0,1,
43740,"Somerset, PA",Micropolitan,2023,49551.0,1,
43740,"Somerset, PA",Micropolitan,2024,51445.0,1,
43760,"Sonora, CA",Micropolitan,2019,45744.0,1,
43760,"Sonora, CA",Micropolitan,2020,49606.0,1,
43760,"Sonora, CA",Micropolitan,2021,52970.0,1,
43760,"Sonora, CA",Micropolitan,2022,53583.0,1,
43760,"Sonora, CA",Micropolitan,2023,56885.0,1,
43760,"Sonora, CA",Micropolitan,2024,61604.0,1,
43780,"South Bend-Mishawaka, IN-MI",Metropolitan,2019,46942.0,2,
43780,"South Bend-Mishawaka, IN-MI",Metropolitan,2020,50427.0,2,
43780,"South Bend-Mishawaka, IN-MI",Metropolitan,2021,55732.0,2,
43780,"South Bend-Mishawaka, IN-MI",Metropolitan,2022,56362.0,2,
43780,"South Bend-Mishawaka, IN-MI",Metropolitan,2023,56974.0,2,
43780,"South Bend-Mishawaka, IN-MI",Metropolitan,2024,59113.0,2,
43890,"Sparta, WI",Micropolitan,2019,42041.0,1,
43890,"Sparta, WI",Micropolitan,2020,46344.0,1,
43890,"Sparta, WI",Micropolitan,2021,50183.0,1,
43890,"Sparta, WI",Micropolitan,2022,50674.0,1,
43890,"Sparta, WI",Micropolitan,2023,52874.0,1,
43890,"Sparta, WI",Micropolitan,2024,55324.0,1,
43900,"Spartanburg, SC",Metropolitan,2019,43673.0,2,
43900,"Spartanburg, SC",Metropolitan,2020,47098.0,2,
43900,"Spartanburg, SC",Metropolitan,2021,52162.0,2,
43900,"Spartanburg, SC",Metropolitan,2022,50525.0,2,
43900,"Spartanburg, SC",Metropolitan,2023,52802.0,2,
43900,"Spartanburg, SC",Metropolitan,2024,55028.0,2,
43940,"Spearfish, SD",Micropolitan,2019,53561.0,1,
43940,"Spearfish, SD",Micropolitan,2020,57889.0,1,
43940,"Spearfish, SD",Micropolitan,2021,67200.0,1,
43940,"Spearfish, SD",Micropolitan,2022,71453.0,1,
43940,"Spearfish, SD",Micropolitan,2023,75372.0,1,
43940,"Spearfish, SD",Micropolitan,2024,78616.0,1,
43980,"Spencer, IA",Micropolitan,2019,49052.0,1,
43980,"Spencer, IA",Micropolitan,2020,53886.0,1,
43980,"Spencer, IA",Micropolitan,2021,60462.0,1,
43980,"Spencer, IA",Micropolitan,2022,62562.0,1,
43980,"Spencer, IA",Micropolitan,2023,65137.0,1,
43980,"Spencer, IA",Micropolitan,2024,69323.0,1,
44020,"Spirit Lake, IA",Micropolitan,2019,59507.0,1,
44020,"Spirit Lake, IA",Micropolitan,2020,62680.0,1,
44020,"Spirit Lake, IA",Micropolitan,2021,71908.0,1,
44020,"Spirit Lake, IA",Micropolitan,2022,76570.0,1,
44020,"Spirit Lake, IA",Micropolitan,2023,79865.0,1,
44020,"Spirit Lake, IA",Micropolitan,2024,84249.0,1,
44060,"Spokane-Spokane Valley, WA",Metropolitan,2019,45179.0,2,
44060,"Spokane-Spokane Valley, WA",Metropolitan,2020,48691.0,2,
44060,"Spokane-Spokane Valley, WA",Metropolitan,2021,53818.0,2,
44060,"Spokane-Spokane Valley, WA",Metropolitan,2022,54795.0,2,
44060,"Spokane-Spokane Valley, WA",Metropolitan,2023,58134.0,2,
44060,"Spokane-Spokane Valley, WA",Metropolitan,2024,61022.0,2,
44100,"Springfield, IL",Metropolitan,2019,48731.0,2,
44100,"Springfield, IL",Metropolitan,2020,52279.0,2,
44100,"Springfield, IL",Metropolitan,2021,57402.0,2,
44100,"Springfield, IL",Metropolitan,2022,57334.0,2,
44100,"Springfield, IL",Metropolitan,2023,60411.0,2,
44100,"Springfield, IL",Metropolitan,2024,63477.0,2,
44140,"Springfield, MA",Metropolitan,2019,52885.0,1,
44140,"Springfield, MA",Metropolitan,2020,57708.0,1,
44140,"Springfield, MA",Metropolitan,2021,61301.0,1,
44140,"Springfield, MA",Metropolitan,2022,60870.0,1,
44140,"Springfield, MA",Metropolitan,2023,64026.0,1,
44140,"Springfield, MA",Metropolitan,2024,66238.0,1,
44180,"Springfield, MO",Metropolitan,2019,42575.0,5,
44180,"Springfield, MO",Metropolitan,2020,45516.0,5,
44180,"Springfield, MO",Metropolitan,2021,49042.0,5,
44180,"Springfield, MO",Metropolitan,2022,50063.0,5,
44180,"Springfield, MO",Metropolitan,2023,52880.0,5,
44180,"Springfield, MO",Metropolitan,2024,55467.0,5,
44220,"Springfield, OH",Metropolitan,2019,40890.0,1,
44220,"Springfield, OH",Metropolitan,2020,44477.0,1,
44220,"Springfield, OH",Metropolitan,2021,47715.0,1,
44220,"Springfield, OH",Metropolitan,2022,48030.0,1,
44220,"Springfield, OH",Metropolitan,2023,50768.0,1,
44220,"Springfield, OH",Metropolitan,2024,52869.0,1,
44260,"Starkville, MS",Micropolitan,2019,34782.0,2,
44260,"Starkville, MS",Micropolitan,2020,37457.0,2,
44260,"Starkville, MS",Micropolitan,2021,40963.0,2,
44260,"Starkville, MS",Micropolitan,2022,40384.0,2,
44260,"Starkville, MS",Micropolitan,2023,43082.0,2,
44260,"Starkville, MS",Micropolitan,2024,44776.0,2,
44300,"State College, PA",Metropolitan,2019,48182.0,1,
44300,"State College, PA",Metropolitan,2020,51918.0,1,
44300,"State College, PA",Metropolitan,2021,54927.0,1,
44300,"State College, PA",Metropolitan,2022,54553.0,1,
44300,"State College, PA",Metropolitan,2023,56830.0,1,
44300,"State College, PA",Metropolitan,2024,59070.0,1,
44340,"Statesboro, GA",Micropolitan,2019,32875.0,2,
44340,"Statesboro, GA",Micropolitan,2020,36054.0,2,
44340,"Statesboro, GA",Micropolitan,2021,39517.0,2,
44340,"Statesboro, GA",Micropolitan,2022,39772.0,2,
44340,"Statesboro, GA",Micropolitan,2023,41672.0,2,
44340,"Statesboro, GA",Micropolitan,2024,43952.0,2,
44420,"Staunton-Stuarts Draft, VA",Metropolitan,2019,44722.0,1,
44420,"Staunton-Stuarts Draft, VA",Metropolitan,2020,48112.0,1,
44420,"Staunton-Stuarts Draft, VA",Metropolitan,2021,51726.0,1,
44420,"Staunton-Stuarts Draft, VA",Metropolitan,2022,53712.0,1,
44420,"Staunton-Stuarts Draft, VA",Metropolitan,2023,56234.0,1,
44420,"Staunton-Stuarts Draft, VA",Metropolitan,2024,58462.0,1,
44460,"Steamboat Springs, CO",Micropolitan,2019,70032.0,2,
44460,"Steamboat Springs, CO",Micropolitan,2020,74985.0,2,
44460,"Steamboat Springs, CO",Micropolitan,2021,86165.0,2,
44460,"Steamboat Springs, CO",Micropolitan,2022,96806.0,2,
44460,"Steamboat Springs, CO",Micropolitan,2023,103539.0,2,
44460,"Steamboat Springs, CO",Micropolitan,2024,108138.0,2,
44500,"Stephenville, TX",Micropolitan,2019,41870.0,1,
44500,"Stephenville, TX",Micropolitan,2020,45089.0,1,
44500,"Stephenville, TX",Micropolitan,2021,47673.0,1,
44500,"Stephenville, TX",Micropolitan,2022,50935.0,1,
44500,"Stephenville, TX",Micropolitan,2023,53237.0,1,
44500,"Stephenville, TX",Micropolitan,2024,57112.0,1,
44540,"Sterling, CO",Micropolitan,2019,42694.0,1,
44540,"Sterling, CO",Micropolitan,2020,43441.0,1,
44540,"Sterling, CO",Micropolitan,2021,49769.0,1,
44540,"Sterling, CO",Micropolitan,2022,52525.0,1,
44540,"Sterling, CO",Micropolitan,2023,57158.0,1,
44540,"Sterling, CO",Micropolitan,2024,57669.0,1,
44580,"Sterling, IL",Micropolitan,2019,43511.0,1,
44580,"Sterling, IL",Micropolitan,2020,48158.0,1,
44580,"Sterling, IL",Micropolitan,2021,52124.0,1,
44580,"Sterling, IL",Micropolitan,2022,52664.0,1,
44580,"Sterling, IL",Micropolitan,2023,55473.0,1,
44580,"Sterling, IL",Micropolitan,2024,57536.0,1,
44620,"Stevens Point-Plover, WI",Micropolitan,2019,47727.0,1,
44620,"Stevens Point-Plover, WI",Micropolitan,2020,50475.0,1,
44620,"Stevens Point-Plover, WI",Micropolitan,2021,54852.0,1,
44620,"Stevens Point-Plover, WI",Micropolitan,2022,54924.0,1,
44620,"Stevens Point-Plover, WI",Micropolitan,2023,57363.0,1,
44620,"Stevens Point-Plover, WI",Micropolitan,2024,59559.0,1,
44660,"Stillwater, OK",Micropolitan,2019,38475.0,1,
44660,"Stillwater, OK",Micropolitan,2020,41052.0,1,
44660,"Stillwater, OK",Micropolitan,2021,44239.0,1,
44660,"Stillwater, OK",Micropolitan,2022,44408.0,1,
44660,"Stillwater, OK",Micropolitan,2023,46440.0,1,
44660,"Stillwater, OK",Micropolitan,2024,48953.0,1,
44700,"Stockton-Lodi, CA",Metropolitan,2019,45284.0,1,
44700,"Stockton-Lodi, CA",Metropolitan,2020,51630.0,1,
44700,"Stockton-Lodi, CA",Metropolitan,2021,56068.0,1,
44700,"Stockton-Lodi, CA",Metropolitan,2022,56457.0,1,
44700,"Stockton-Lodi, CA",Metropolitan,2023,58160.0,1,
44700,"Stockton-Lodi, CA",Metropolitan,2024,63017.0,1,
44740,"Storm Lake, IA",Micropolitan,2019,41905.0,1,
44740,"Storm Lake, IA",Micropolitan,2020,44670.0,1,
44740,"Storm Lake, IA",Micropolitan,2021,49564.0,1,
44740,"Storm Lake, IA",Micropolitan,2022,54742.0,1,
44740,"Storm Lake, IA",Micropolitan,2023,54242.0,1,
44740,"Storm Lake, IA",Micropolitan,2024,57087.0,1,
44780,"Sturgis, MI",Micropolitan,2019,38401.0,1,
44780,"Sturgis, MI",Micropolitan,2020,42903.0,1,
44780,"Sturgis, MI",Micropolitan,2021,47553.0,1,
44780,"Sturgis, MI",Micropolitan,2022,47829.0,1,
44780,"Sturgis, MI",Micropolitan,2023,50074.0,1,
44780,"Sturgis, MI",Micropolitan,2024,51660.0,1,
44860,"Sulphur Springs, TX",Micropolitan,2019,42825.0,1,
44860,"Sulphur Springs, TX",Micropolitan,2020,45422.0,1,
44860,"Sulphur Springs, TX",Micropolitan,2021,50362.0,1,
44860,"Sulphur Springs, TX",Micropolitan,2022,54532.0,1,
44860,"Sulphur Springs, TX",Micropolitan,2023,55983.0,1,
44860,"Sulphur Springs, TX",Micropolitan,2024,58893.0,1,
44900,"Summerville, GA",Micropolitan,2019,31049.0,1,
44900,"Summerville, GA",Micropolitan,2020,33838.0,1,
44900,"Summerville, GA",Micropolitan,2021,37061.0,1,
44900,"Summerville, GA",Micropolitan,2022,37028.0,1,
44900,"Summerville, GA",Micropolitan,2023,37836.0,1,
44900,"Summerville, GA",Micropolitan,2024,39446.0,1,
44940,"Sumter, SC",Metropolitan,2019,39673.0,1,
44940,"Sumter, SC",Metropolitan,2020,42709.0,1,
44940,"Sumter, SC",Metropolitan,2021,46856.0,1,
44940,"Sumter, SC",Metropolitan,2022,47575.0,1,
44940,"Sumter, SC",Metropolitan,2023,49460.0,1,
44940,"Sumter, SC",Metropolitan,2024,52221.0,1,
44980,"Sunbury, PA",Micropolitan,2019,44331.0,2,
44980,"Sunbury, PA",Micropolitan,2020,48451.0,2,
44980,"Sunbury, PA",Micropolitan,2021,51085.0,2,
44980,"Sunbury, PA",Micropolitan,2022,51421.0,2,
44980,"Sunbury, PA",Micropolitan,2023,53613.0,2,
44980,"Sunbury, PA",Micropolitan,2024,55388.0,2,
45000,"Susanville, CA",Micropolitan,2019,32815.0,1,
45000,"Susanville, CA",Micropolitan,2020,38004.0,1,
45000,"Susanville, CA",Micropolitan,2021,40835.0,1,
45000,"Susanville, CA",Micropolitan,2022,41082.0,1,
45000,"Susanville, CA",Micropolitan,2023,43760.0,1,
45000,"Susanville, CA",Micropolitan,2024,48818.0,1,
45020,"Sweetwater, TX",Micropolitan,2019,45549.0,1,
45020,"Sweetwater, TX",Micropolitan,2020,46430.0,1,
45020,"Sweetwater, TX",Micropolitan,2021,51891.0,1,
45020,"Sweetwater, TX",Micropolitan,2022,53809.0,1,
45020,"Sweetwater, TX",Micropolitan,2023,56590.0,1,
45020,"Sweetwater, TX",Micropolitan,2024,60236.0,1,
45060,"Syracuse, NY",Metropolitan,2019,50089.0,3,
45060,"Syracuse, NY",Metropolitan,2020,55119.0,3,
45060,"Syracuse, NY",Metropolitan,2021,58213.0,3,
45060,"Syracuse, NY",Metropolitan,2022,58009.0,3,
45060,"Syracuse, NY",Metropolitan,2023,60602.0,3,
45060,"Syracuse, NY",Metropolitan,2024,63881.0,3,
45140,"Tahlequah, OK",Micropolitan,2019,35440.0,1,
45140,"Tahlequah, OK",Micropolitan,2020,37089.0,1,
45140,"Tahlequah, OK",Micropolitan,2021,41507.0,1,
45140,"Tahlequah, OK",Micropolitan,2022,40924.0,1,
45140,"Tahlequah, OK",Micropolitan,2023,43211.0,1,
45140,"Tahlequah, OK",Micropolitan,2024,45156.0,1,
45180,"Talladega-Sylacauga, AL",Micropolitan,2019,34934.0,2,
45180,"Talladega-Sylacauga, AL",Micropolitan,2020,37704.0,2,
45180,"Talladega-Sylacauga, AL",Micropolitan,2021,41181.0,2,
45180,"Talladega-Sylacauga, AL",Micropolitan,2022,41250.0,2,
45180,"Talladega-Sylacauga, AL",Micropolitan,2023,43590.0,2,
45180,"Talladega-Sylacauga, AL",Micropolitan,2024,45539.0,2,
45220,"Tallahassee, FL",Metropolitan,2019,44630.0,4,
45220,"Tallahassee, FL",Metropolitan,2020,47450.0,4,
45220,"Tallahassee, FL",Metropolitan,2021,51677.0,4,
45220,"Tallahassee, FL",Metropolitan,2022,52097.0,4,
45220,"Tallahassee, FL",Metropolitan,2023,56308.0,4,
45220,"Tallahassee, FL",Metropolitan,2024,59753.0,4,
45300,"Tampa-St. Petersburg-Clearwater, FL",Metropolitan,2019,50091.0,4,
45300,"Tampa-St. Petersburg-Clearwater, FL",Metropolitan,2020,53661.0,4,
45300,"Tampa-St. Petersburg-Clearwater, FL",Metropolitan,2021,58345.0,4,
45300,"Tampa-St. Petersburg-Clearwater, FL",Metropolitan,2022,60391.0,4,
45300,"Tampa-St. Petersburg-Clearwater, FL",Metropolitan,2023,64746.0,4,
45300,"Tampa-St. Petersburg-Clearwater, FL",Metropolitan,2024,68009.0,4,
45340,"Taos, NM",Micropolitan,2019,37228.0,1,
45340,"Taos, NM",Micropolitan,2020,41100.0,1,
45340,"Taos, NM",Micropolitan,2021,46073.0,1,
45340,"Taos, NM",Micropolitan,2022,47398.0,1,
45340,"Taos, NM",Micropolitan,2023,50384.0,1,
45340,"Taos, NM",Micropolitan,2024,53449.0,1,
45380,"Taylorville, IL",Micropolitan,2019,39576.0,1,
45380,"Taylorville, IL",Micropolitan,2020,44010.0,1,
45380,"Taylorville, IL",Micropolitan,2021,48773.0,1,
45380,"Taylorville, IL",Micropolitan,2022,50287.0,1,
45380,"Taylorville, IL",Micropolitan,2023,52452.0,1,
45380,"Taylorville, IL",Micropolitan,2024,53948.0,1,
45460,"Terre Haute, IN",Metropolitan,2019,38130.0,4,
45460,"Terre Haute, IN",Metropolitan,2020,41635.0,4,
45460,"Terre Haute, IN",Metropolitan,2021,45643.0,4,
45460,"Terre Haute, IN",Metropolitan,2022,46048.0,4,
45460,"Terre Haute, IN",Metropolitan,2023,48063.0,4,
45460,"Terre Haute, IN",Metropolitan,2024,50281.0,4,
45500,"Texarkana, TX-AR",Metropolitan,2019,38703.0,3,
45500,"Texarkana, TX-AR",Metropolitan,2020,42521.0,3,
45500,"Texarkana, TX-AR",Metropolitan,2021,46255.0,3,
45500,"Texarkana, TX-AR",Metropolitan,2022,46027.0,3,
45500,"Texarkana, TX-AR",Metropolitan,2023,48409.0,3,
45500,"Texarkana, TX-AR",Metropolitan,2024,50795.0,3,
45520,"The Dalles, OR",Micropolitan,2019,43342.0,1,
45520,"The Dalles, OR",Micropolitan,2020,48346.0,1,
45520,"The Dalles, OR",Micropolitan,2021,52861.0,1,
45520,"The Dalles, OR",Micropolitan,2022,53537.0,1,
45520,"The Dalles, OR",Micropolitan,2023,57440.0,1,
45520,"The Dalles, OR",Micropolitan,2024,60127.0,1,
45580,"Thomaston, GA",Micropolitan,2019,35274.0,1,
45580,"Thomaston, GA",Micropolitan,2020,37452.0,1,
45580,"Thomaston, GA",Micropolitan,2021,41426.0,1,
45580,"Thomaston, GA",Micropolitan,2022,42204.0,1,
45580,"Thomaston, GA",Micropolitan,2023,43761.0,1,
45580,"Thomaston, GA",Micropolitan,2024,45901.0,1,
45620,"Thomasville, GA",Micropolitan,2019,39397.0,2,
45620,"Thomasville, GA",Micropolitan,2020,43159.0,2,
45620,"Thomasville, GA",Micropolitan,2021,48288.0,2,
45620,"Thomasville, GA",Micropolitan,2022,48561.0,2,
45620,"Thomasville, GA",Micropolitan,2023,50878.0,2,
45620,"Thomasville, GA",Micropolitan,2024,52855.0,2,
45660,"Tiffin, OH",Micropolitan,2019,40095.0,1,
45660,"Tiffin, OH",Micropolitan,2020,44796.0,1,
45660,"Tiffin, OH",Micropolitan,2021,48572.0,1,
45660,"Tiffin, OH",Micropolitan,2022,48160.0,1,
45660,"Tiffin, OH",Micropolitan,2023,50679.0,1,
45660,"Tiffin, OH",Micropolitan,2024,52061.0,1,
45700,"Tifton, GA",Micropolitan,2019,36729.0,2,
45700,"Tifton, GA",Micropolitan,2020,40294.0,2,
45700,"Tifton, GA",Micropolitan,2021,44041.0,2,
45700,"Tifton, GA",Micropolitan,2022,44614.0,2,
45700,"Tifton, GA",Micropolitan,2023,46310.0,2,
45700,"Tifton, GA",Micropolitan,2024,48174.0,2,
45740,"Toccoa, GA",Micropolitan,2019,36180.0,1,
45740,"Toccoa, GA",Micropolitan,2020,39427.0,1,
45740,"Toccoa, GA",Micropolitan,2021,43706.0,1,
45740,"Toccoa, GA",Micropolitan,2022,46030.0,1,
45740,"Toccoa, GA",Micropolitan,2023,47242.0,1,
45740,"Toccoa, GA",Micropolitan,2024,49591.0,1,
45780,"Toledo, OH",Metropolitan,2019,47182.0,3,
45780,"Toledo, OH",Metropolitan,2020,50410.0,3,
45780,"Toledo, OH",Metropolitan,2021,54083.0,3,
45780,"Toledo, OH",Metropolitan,2022,54831.0,3,
45780,"Toledo, OH",Metropolitan,2023,58210.0,3,
45780,"Toledo, OH",Metropolitan,2024,60673.0,3,
45820,"Topeka, KS",Metropolitan,2019,46554.0,5,
45820,"Topeka, KS",Metropolitan,2020,50143.0,5,
45820,"Topeka, KS",Metropolitan,2021,53817.0,5,
45820,"Topeka, KS",Metropolitan,2022,54143.0,5,
45820,"Topeka, KS",Metropolitan,2023,58116.0,5,
45820,"Topeka, KS",Metropolitan,2024,60669.0,5,
45860,"Torrington, CT",Micropolitan,2019,,1,incomplete_county_coverage
45860,"Torrington, CT",Micropolitan,2020,,1,incomplete_county_coverage
45860,"Torrington, CT",Micropolitan,2021,,1,incomplete_county_coverage
45860,"Torrington, CT",Micropolitan,2022,,1,incomplete_county_coverage
45860,"Torrington, CT",Micropolitan,2023,,1,incomplete_county_coverage
45860,"Torrington, CT",Micropolitan,2024,83433.0,1,
45880,"Town of Pecos, TX",Micropolitan,2019,50734.0,1,
45880,"Town of Pecos, TX",Micropolitan,2020,46614.0,1,
45880,"Town of Pecos, TX",Micropolitan,2021,57892.0,1,
45880,"Town of Pecos, TX",Micropolitan,2022,68688.0,1,
45880,"Town of Pecos, TX",Micropolitan,2023,76367.0,1,
45880,"Town of Pecos, TX",Micropolitan,2024,85037.0,1,
45900,"Traverse City, MI",Metropolitan,2019,51315.0,4,
45900,"Traverse City, MI",Metropolitan,2020,56205.0,4,
45900,"Traverse City, MI",Metropolitan,2021,61219.0,4,
45900,"Traverse City, MI",Metropolitan,2022,63010.0,4,
45900,"Traverse City, MI",Metropolitan,2023,67520.0,4,
45900,"Traverse City, MI",Metropolitan,2024,70938.0,4,
45940,"Trenton-Princeton, NJ",Metropolitan,2019,69532.0,1,
45940,"Trenton-Princeton, NJ",Metropolitan,2020,71627.0,1,
45940,"Trenton-Princeton, NJ",Metropolitan,2021,77884.0,1,
45940,"Trenton-Princeton, NJ",Metropolitan,2022,79930.0,1,
45940,"Trenton-Princeton, NJ",Metropolitan,2023,83763.0,1,
45940,"Trenton-Princeton, NJ",Metropolitan,2024,87068.0,1,
45980,"Troy, AL",Micropolitan,2019,37768.0,1,
45980,"Troy, AL",Micropolitan,2020,40937.0,1,
45980,"Troy, AL",Micropolitan,2021,45723.0,1,
45980,"Troy, AL",Micropolitan,2022,47569.0,1,
45980,"Troy, AL",Micropolitan,2023,48719.0,1,
45980,"Troy, AL",Micropolitan,2024,51706.0,1,
46020,"Truckee-Grass Valley, CA",Micropolitan,2019,60440.0,1,
46020,"Truckee-Grass Valley, CA",Micropolitan,2020,65075.0,1,
46020,"Truckee-Grass Valley, CA",Micropolitan,2021,70627.0,1,
46020,"Truckee-Grass Valley, CA",Micropolitan,2022,71651.0,1,
46020,"Truckee-Grass Valley, CA",Micropolitan,2023,76225.0,1,
46020,"Truckee-Grass Valley, CA",Micropolitan,2024,80346.0,1,
46060,"Tucson, AZ",Metropolitan,2019,45477.0,1,
46060,"Tucson, AZ",Metropolitan,2020,49629.0,1,
46060,"Tucson, AZ",Metropolitan,2021,53840.0,1,
46060,"Tucson, AZ",Metropolitan,2022,54802.0,1,
46060,"Tucson, AZ",Metropolitan,2023,58535.0,1,
46060,"Tucson, AZ",Metropolitan,2024,60425.0,1,
46100,"Tullahoma-Manchester, TN",Micropolitan,2019,41109.0,2,
46100,"Tullahoma-Manchester, TN",Micropolitan,2020,43514.0,2,
46100,"Tullahoma-Manchester, TN",Micropolitan,2021,47123.0,2,
46100,"Tullahoma-Manchester, TN",Micropolitan,2022,47826.0,2,
46100,"Tullahoma-Manchester, TN",Micropolitan,2023,50863.0,2,
46100,"Tullahoma-Manchester, TN",Micropolitan,2024,53422.0,2,
46140,"Tulsa, OK",Metropolitan,2019,55361.0,7,
46140,"Tulsa, OK",Metropolitan,2020,55718.0,7,
46140,"Tulsa, OK",Metropolitan,2021,60536.0,7,
46140,"Tulsa, OK",Metropolitan,2022,65864.0,7,
46140,"Tulsa, OK",Metropolitan,2023,69923.0,7,
46140,"Tulsa, OK",Metropolitan,2024,73252.0,7,
46180,"Tupelo, MS",Micropolitan,2019,40275.0,3,
46180,"Tupelo, MS",Micropolitan,2020,43409.0,3,
46180,"Tupelo, MS",Micropolitan,2021,48152.0,3,
46180,"Tupelo, MS",Micropolitan,2022,47253.0,3,
46180,"Tupelo, MS",Micropolitan,2023,49102.0,3,
46180,"Tupelo, MS",Micropolitan,2024,51220.0,3,
46220,"Tuscaloosa, AL",Metropolitan,2019,37387.0,4,
46220,"Tuscaloosa, AL",Metropolitan,2020,39394.0,4,
46220,"Tuscaloosa, AL",Metropolitan,2021,41542.0,4,
46220,"Tuscaloosa, AL",Metropolitan,2022,42066.0,4,
46220,"Tuscaloosa, AL",Metropolitan,2023,44516.0,4,
46220,"Tuscaloosa, AL",Metropolitan,2024,46580.0,4,
46300,"Twin Falls, ID",Metropolitan,2019,39415.0,2,
46300,"Twin Falls, ID",Metropolitan,2020,43296.0,2,
46300,"Twin Falls, ID",Metropolitan,2021,47214.0,2,
46300,"Twin Falls, ID",Metropolitan,2022,49594.0,2,
46300,"Twin Falls, ID",Metropolitan,2023,50112.0,2,
46300,"Twin Falls, ID",Metropolitan,2024,52793.0,2,
46340,"Tyler, TX",Metropolitan,2019,55403.0,1,
46340,"Tyler, TX",Metropolitan,2020,55115.0,1,
46340,"Tyler, TX",Metropolitan,2021,62557.0,1,
46340,"Tyler, TX",Metropolitan,2022,66367.0,1,
46340,"Tyler, TX",Metropolitan,2023,68191.0,1,
46340,"Tyler, TX",Metropolitan,2024,69908.0,1,
46380,"Ukiah, CA",Micropolitan,2019,47010.0,1,
46380,"Ukiah, CA",Micropolitan,2020,52343.0,1,
46380,"Ukiah, CA",Micropolitan,2021,56503.0,1,
46380,"Ukiah, CA",Micropolitan,2022,55500.0,1,
46380,"Ukiah, CA",Micropolitan,2023,57889.0,1,
46380,"Ukiah, CA",Micropolitan,2024,62438.0,1,
46460,"Union City, TN",Micropolitan,2019,40180.0,1,
46460,"Union City, TN",Micropolitan,2020,43903.0,1,
46460,"Union City, TN",Micropolitan,2021,50374.0,1,
46460,"Union City, TN",Micropolitan,2022,49177.0,1,
46460,"Union City, TN",Micropolitan,2023,52387.0,1,
46460,"Union City, TN",Micropolitan,2024,53927.0,1,
46500,"Urbana, OH",Micropolitan,2019,42101.0,1,
46500,"Urbana, OH",Micropolitan,2020,46379.0,1,
46500,"Urbana, OH",Micropolitan,2021,49541.0,1,
46500,"Urbana, OH",Micropolitan,2022,49261.0,1,
46500,"Urbana, OH",Micropolitan,2023,52659.0,1,
46500,"Urbana, OH",Micropolitan,2024,54645.0,1,
46520,"Urban Honolulu, HI",Metropolitan,2019,56772.0,1,
46520,"Urban Honolulu, HI",Metropolitan,2020,60278.0,1,
46520,"Urban Honolulu, HI",Metropolitan,2021,63956.0,1,
46520,"Urban Honolulu, HI",Metropolitan,2022,66298.0,1,
46520,"Urban Honolulu, HI",Metropolitan,2023,70680.0,1,
46520,"Urban Honolulu, HI",Metropolitan,2024,74681.0,1,
46540,"Utica-Rome, NY",Metropolitan,2019,44968.0,2,
46540,"Utica-Rome, NY",Metropolitan,2020,49356.0,2,
46540,"Utica-Rome, NY",Metropolitan,2021,52474.0,2,
46540,"Utica-Rome, NY",Metropolitan,2022,52314.0,2,
46540,"Utica-Rome, NY",Metropolitan,2023,55075.0,2,
46540,"Utica-Rome, NY",Metropolitan,2024,57634.0,2,
46620,"Uvalde, TX",Micropolitan,2019,44420.0,1,
46620,"Uvalde, TX",Micropolitan,2020,47540.0,1,
46620,"Uvalde, TX",Micropolitan,2021,53010.0,1,
46620,"Uvalde, TX",Micropolitan,2022,52727.0,1,
46620,"Uvalde, TX",Micropolitan,2023,55231.0,1,
46620,"Uvalde, TX",Micropolitan,2024,56292.0,1,
46660,"Valdosta, GA",Metropolitan,2019,36699.0,4,
46660,"Valdosta, GA",Metropolitan,2020,40305.0,4,
46660,"Valdosta, GA",Metropolitan,2021,43135.0,4,
46660,"Valdosta, GA",Metropolitan,2022,42569.0,4,
46660,"Valdosta, GA",Metropolitan,2023,44259.0,4,
46660,"Valdosta, GA",Metropolitan,2024,46197.0,4,
46700,"Vallejo, CA",Metropolitan,2019,51607.0,1,
46700,"Vallejo, CA",Metropolitan,2020,58630.0,1,
46700,"Vallejo, CA",Metropolitan,2021,59802.0,1,
46700,"Vallejo, CA",Metropolitan,2022,60904.0,1,
46700,"Vallejo, CA",Metropolitan,2023,63212.0,1,
46700,"Vallejo, CA",Metropolitan,2024,67744.0,1,
46780,"Van Wert, OH",Micropolitan,2019,41397.0,1,
46780,"Van Wert, OH",Micropolitan,2020,46137.0,1,
46780,"Van Wert, OH",Micropolitan,2021,50212.0,1,
46780,"Van Wert, OH",Micropolitan,2022,50030.0,1,
46780,"Van Wert, OH",Micropolitan,2023,53298.0,1,
46780,"Van Wert, OH",Micropolitan,2024,54247.0,1,
46820,"Vermillion, SD",Micropolitan,2019,39687.0,1,
46820,"Vermillion, SD",Micropolitan,2020,40907.0,1,
46820,"Vermillion, SD",Micropolitan,2021,45275.0,1,
46820,"Vermillion, SD",Micropolitan,2022,48740.0,1,
46820,"Vermillion, SD",Micropolitan,2023,50222.0,1,
46820,"Vermillion, SD",Micropolitan,2024,51050.0,1,
46860,"Vernal, UT",Micropolitan,2019,31973.0,1,
46860,"Vernal, UT",Micropolitan,2020,33212.0,1,
46860,"Vernal, UT",Micropolitan,2021,36234.0,1,
46860,"Vernal, UT",Micropolitan,2022,38767.0,1,
46860,"Vernal, UT",Micropolitan,2023,41709.0,1,
46860,"Vernal, UT",Micropolitan,2024,44840.0,1,
46900,"Vernon, TX",Micropolitan,2019,47859.0,1,
46900,"Vernon, TX",Micropolitan,2020,54092.0,1,
46900,"Vernon, TX",Micropolitan,2021,65552.0,1,
46900,"Vernon, TX",Micropolitan,2022,64798.0,1,
46900,"Vernon, TX",Micropolitan,2023,66436.0,1,
46900,"Vernon, TX",Micropolitan,2024,67853.0,1,
46980,"Vicksburg, MS",Micropolitan,2019,40838.0,1,
46980,"Vicksburg, MS",Micropolitan,2020,45004.0,1,
46980,"Vicksburg, MS",Micropolitan,2021,49017.0,1,
46980,"Vicksburg, MS",Micropolitan,2022,49373.0,1,
46980,"Vicksburg, MS",Micropolitan,2023,51995.0,1,
46980,"Vicksburg, MS",Micropolitan,2024,54294.0,1,
47020,"Victoria, TX",Metropolitan,2019,51867.0,2,
47020,"Victoria, TX",Metropolitan,2020,53117.0,2,
47020,"Victoria, TX",Metropolitan,2021,57451.0,2,
47020,"Victoria, TX",Metropolitan,2022,56955.0,2,
47020,"Victoria, TX",Metropolitan,2023,59629.0,2,
47020,"Victoria, TX",Metropolitan,2024,61174.0,2,
47080,"Vidalia, GA",Micropolitan,2019,34265.0,2,
47080,"Vidalia, GA",Micropolitan,2020,38581.0,2,
47080,"Vidalia, GA",Micropolitan,2021,41942.0,2,
47080,"Vidalia, GA",Micropolitan,2022,41124.0,2,
47080,"Vidalia, GA",Micropolitan,2023,42611.0,2,
47080,"Vidalia, GA",Micropolitan,2024,44837.0,2,
47180,"Vincennes, IN",Micropolitan,2019,44677.0,1,
47180,"Vincennes, IN",Micropolitan,2020,49503.0,1,
47180,"Vincennes, IN",Micropolitan,2021,54452.0,1,
47180,"Vincennes, IN",Micropolitan,2022,54761.0,1,
47180,"Vincennes, IN",Micropolitan,2023,57471.0,1,
47180,"Vincennes, IN",Micropolitan,2024,59222.0,1,
47220,"Vineland, NJ",Metropolitan,2019,40050.0,1,
47220,"Vineland, NJ",Metropolitan,2020,43930.0,1,
47220,"Vineland, NJ",Metropolitan,2021,48461.0,1,
47220,"Vineland, NJ",Metropolitan,2022,47627.0,1,
47220,"Vineland, NJ",Metropolitan,2023,49275.0,1,
47220,"Vineland, NJ",Metropolitan,2024,50843.0,1,
47240,"Vineyard Haven, MA",Micropolitan,2019,78578.0,1,
47240,"Vineyard Haven, MA",Micropolitan,2020,84897.0,1,
47240,"Vineyard Haven, MA",Micropolitan,2021,86895.0,1,
47240,"Vineyard Haven, MA",Micropolitan,2022,89786.0,1,
47240,"Vineyard Haven, MA",Micropolitan,2023,98549.0,1,
47240,"Vineyard Haven, MA",Micropolitan,2024,102176.0,1,
47260,"Virginia Beach-Chesapeake-Norfolk, VA-NC",Metropolitan,2019,49166.0,16,
47260,"Virginia Beach-Chesapeake-Norfolk, VA-NC",Metropolitan,2020,52476.0,16,
47260,"Virginia Beach-Chesapeake-Norfolk, VA-NC",Metropolitan,2021,57143.0,16,
47260,"Virginia Beach-Chesapeake-Norfolk, VA-NC",Metropolitan,2022,58610.0,16,
47260,"Virginia Beach-Chesapeake-Norfolk, VA-NC",Metropolitan,2023,62252.0,16,
47260,"Virginia Beach-Chesapeake-Norfolk, VA-NC",Metropolitan,2024,65313.0,16,
47300,"Visalia, CA",Metropolitan,2019,39837.0,1,
47300,"Visalia, CA",Metropolitan,2020,45579.0,1,
47300,"Visalia, CA",Metropolitan,2021,49104.0,1,
47300,"Visalia, CA",Metropolitan,2022,47655.0,1,
47300,"Visalia, CA",Metropolitan,2023,48757.0,1,
47300,"Visalia, CA",Metropolitan,2024,53098.0,1,
47340,"Wabash, IN",Micropolitan,2019,42569.0,1,
47340,"Wabash, IN",Micropolitan,2020,46428.0,1,
47340,"Wabash, IN",Micropolitan,2021,52007.0,1,
47340,"Wabash, IN",Micropolitan,2022,53385.0,1,
47340,"Wabash, IN",Micropolitan,2023,57181.0,1,
47340,"Wabash, IN",Micropolitan,2024,59305.0,1,
47380,"Waco, TX",Metropolitan,2019,41866.0,3,
47380,"Waco, TX",Metropolitan,2020,45293.0,3,
47380,"Waco, TX",Metropolitan,2021,49525.0,3,
47380,"Waco, TX",Metropolitan,2022,51359.0,3,
47380,"Waco, TX",Metropolitan,2023,54054.0,3,
47380,"Waco, TX",Metropolitan,2024,56546.0,3,
47420,"Wahpeton, ND-MN",Micropolitan,2019,49507.0,2,
47420,"Wahpeton, ND-MN",Micropolitan,2020,53172.0,2,
47420,"Wahpeton, ND-MN",Micropolitan,2021,64287.0,2,
47420,"Wahpeton, ND-MN",Micropolitan,2022,68759.0,2,
47420,"Wahpeton, ND-MN",Micropolitan,2023,74104.0,2,
47420,"Wahpeton, ND-MN",Micropolitan,2024,69853.0,2,
47460,"Walla Walla, WA",Metropolitan,2019,45971.0,1,
47460,"Walla Walla, WA",Metropolitan,2020,49951.0,1,
47460,"Walla Walla, WA",Metropolitan,2021,54885.0,1,
47460,"Walla Walla, WA",Metropolitan,2022,54894.0,1,
47460,"Walla Walla, WA",Metropolitan,2023,56666.0,1,
47460,"Walla Walla, WA",Metropolitan,2024,58985.0,1,
47540,"Wapakoneta, OH",Micropolitan,2019,47044.0,1,
47540,"Wapakoneta, OH",Micropolitan,2020,51091.0,1,
47540,"Wapakoneta, OH",Micropolitan,2021,55791.0,1,
47540,"Wapakoneta, OH",Micropolitan,2022,56750.0,1,
47540,"Wapakoneta, OH",Micropolitan,2023,60780.0,1,
47540,"Wapakoneta, OH",Micropolitan,2024,63340.0,1,
47580,"Warner Robins, GA",Metropolitan,2019,42157.0,2,
47580,"Warner Robins, GA",Metropolitan,2020,44887.0,2,
47580,"Warner Robins, GA",Metropolitan,2021,48836.0,2,
47580,"Warner Robins, GA",Metropolitan,2022,47936.0,2,
47580,"Warner Robins, GA",Metropolitan,2023,50005.0,2,
47580,"Warner Robins, GA",Metropolitan,2024,52125.0,2,
47620,"Warren, PA",Micropolitan,2019,42970.0,1,
47620,"Warren, PA",Micropolitan,2020,46530.0,1,
47620,"Warren, PA",Micropolitan,2021,49070.0,1,
47620,"Warren, PA",Micropolitan,2022,48778.0,1,
47620,"Warren, PA",Micropolitan,2023,50920.0,1,
47620,"Warren, PA",Micropolitan,2024,52544.0,1,
47660,"Warrensburg, MO",Micropolitan,2019,37349.0,1,
47660,"Warrensburg, MO",Micropolitan,2020,39874.0,1,
47660,"Warrensburg, MO",Micropolitan,2021,46886.0,1,
47660,"Warrensburg, MO",Micropolitan,2022,44308.0,1,
47660,"Warrensburg, MO",Micropolitan,2023,46611.0,1,
47660,"Warrensburg, MO",Micropolitan,2024,48420.0,1,
47700,"Warsaw, IN",Micropolitan,2019,48127.0,1,
47700,"Warsaw, IN",Micropolitan,2020,52134.0,1,
47700,"Warsaw, IN",Micropolitan,2021,56939.0,1,
47700,"Warsaw, IN",Micropolitan,2022,57999.0,1,
47700,"Warsaw, IN",Micropolitan,2023,59491.0,1,
47700,"Warsaw, IN",Micropolitan,2024,60847.0,1,
47780,"Washington, IN",Micropolitan,2019,43494.0,1,
47780,"Washington, IN",Micropolitan,2020,48668.0,1,
47780,"Washington, IN",Micropolitan,2021,54479.0,1,
47780,"Washington, IN",Micropolitan,2022,58145.0,1,
47780,"Washington, IN",Micropolitan,2023,60209.0,1,
47780,"Washington, IN",Micropolitan,2024,62997.0,1,
47820,"Washington, NC",Micropolitan,2019,46195.0,1,
47820,"Washington, NC",Micropolitan,2020,49334.0,1,
47820,"Washington, NC",Micropolitan,2021,55294.0,1,
47820,"Washington, NC",Micropolitan,2022,54699.0,1,
47820,"Washington, NC",Micropolitan,2023,58120.0,1,
47820,"Washington, NC",Micropolitan,2024,62010.0,1,
47900,"Washington-Arlington-Alexandria, DC-VA-MD-WV",Metropolitan,2019,72391.0,18,
47900,"Washington-Arlington-Alexandria, DC-VA-MD-WV",Metropolitan,2020,75445.0,18,
47900,"Washington-Arlington-Alexandria, DC-VA-MD-WV",Metropolitan,2021,81617.0,18,
47900,"Washington-Arlington-Alexandria, DC-VA-MD-WV",Metropolitan,2022,84292.0,18,
47900,"Washington-Arlington-Alexandria, DC-VA-MD-WV",Metropolitan,2023,89634.0,18,
47900,"Washington-Arlington-Alexandria, DC-VA-MD-WV",Metropolitan,2024,93807.0,18,
47920,"Washington Court House, OH",Micropolitan,2019,39175.0,1,
47920,"Washington Court House, OH",Micropolitan,2020,44623.0,1,
47920,"Washington Court House, OH",Micropolitan,2021,48001.0,1,
47920,"Washington Court House, OH",Micropolitan,2022,47620.0,1,
47920,"Washington Court House, OH",Micropolitan,2023,49971.0,1,
47920,"Washington Court House, OH",Micropolitan,2024,50746.0,1,
47930,"Waterbury-Shelton, CT",Metropolitan,2019,,1,incomplete_county_coverage
47930,"Waterbury-Shelton, CT",Metropolitan,2020,,1,incomplete_county_coverage
47930,"Waterbury-Shelton, CT",Metropolitan,2021,,1,incomplete_county_coverage
47930,"Waterbury-Shelton, CT",Metropolitan,2022,,1,incomplete_county_coverage
47930,"Waterbury-Shelton, CT",Metropolitan,2023,,1,incomplete_county_coverage
47930,"Waterbury-Shelton, CT",Metropolitan,2024,72474.0,1,
47940,"Waterloo-Cedar Falls, IA",Metropolitan,2019,46285.0,3,
47940,"Waterloo-Cedar Falls, IA",Metropolitan,2020,50178.0,3,
47940,"Waterloo-Cedar Falls, IA",Metropolitan,2021,54066.0,3,
47940,"Waterloo-Cedar Falls, IA",Metropolitan,2022,55129.0,3,
47940,"Waterloo-Cedar Falls, IA",Metropolitan,2023,57129.0,3,
47940,"Waterloo-Cedar Falls, IA",Metropolitan,2024,58410.0,3,
47980,"Watertown, SD",Micropolitan,2019,50516.0,1,
47980,"Watertown, SD",Micropolitan,2020,55858.0,1,
47980,"Watertown, SD",Micropolitan,2021,66690.0,1,
47980,"Watertown, SD",Micropolitan,2022,64416.0,1,
47980,"Watertown, SD",Micropolitan,2023,69475.0,1,
47980,"Watertown, SD",Micropolitan,2024,71817.0,1,
48020,"Watertown-Fort Atkinson, WI",Micropolitan,2019,47297.0,1,
48020,"Watertown-Fort Atkinson, WI",Micropolitan,2020,49245.0,1,
48020,"Watertown-Fort Atkinson, WI",Micropolitan,2021,54086.0,1,
48020,"Watertown-Fort Atkinson, WI",Micropolitan,2022,55517.0,1,
48020,"Watertown-Fort Atkinson, WI",Micropolitan,2023,58276.0,1,
48020,"Watertown-Fort Atkinson, WI",Micropolitan,2024,60938.0,1,
48060,"Watertown-Fort Drum, NY",Metropolitan,2019,45633.0,1,
48060,"Watertown-Fort Drum, NY",Metropolitan,2020,50441.0,1,
48060,"Watertown-Fort Drum, NY",Metropolitan,2021,53015.0,1,
48060,"Watertown-Fort Drum, NY",Metropolitan,2022,53267.0,1,
48060,"Watertown-Fort Drum, NY",Metropolitan,2023,55956.0,1,
48060,"Watertown-Fort Drum, NY",Metropolitan,2024,58150.0,1,
48140,"Wausau, WI",Metropolitan,2019,51709.0,1,
48140,"Wausau, WI",Metropolitan,2020,54489.0,1,
48140,"Wausau, WI",Metropolitan,2021,59369.0,1,
48140,"Wausau, WI",Metropolitan,2022,60203.0,1,
48140,"Wausau, WI",Metropolitan,2023,62875.0,1,
48140,"Wausau, WI",Metropolitan,2024,65589.0,1,
48180,"Waycross, GA",Micropolitan,2019,34488.0,2,
48180,"Waycross, GA",Micropolitan,2020,37745.0,2,
48180,"Waycross, GA",Micropolitan,2021,40831.0,2,
48180,"Waycross, GA",Micropolitan,2022,40143.0,2,
48180,"Waycross, GA",Micropolitan,2023,41149.0,2,
48180,"Waycross, GA",Micropolitan,2024,42816.0,2,
48200,"Waynesville, NC",Micropolitan,2019,42462.0,1,
48200,"Waynesville, NC",Micropolitan,2020,45028.0,1,
48200,"Waynesville, NC",Micropolitan,2021,49675.0,1,
48200,"Waynesville, NC",Micropolitan,2022,50923.0,1,
48200,"Waynesville, NC",Micropolitan,2023,54637.0,1,
48200,"Waynesville, NC",Micropolitan,2024,58464.0,1,
48220,"Weatherford, OK",Micropolitan,2019,39870.0,2,
48220,"Weatherford, OK",Micropolitan,2020,41158.0,2,
48220,"Weatherford, OK",Micropolitan,2021,44718.0,2,
48220,"Weatherford, OK",Micropolitan,2022,45716.0,2,
48220,"Weatherford, OK",Micropolitan,2023,47228.0,2,
48220,"Weatherford, OK",Micropolitan,2024,48849.0,2,
48260,"Weirton-Steubenville, WV-OH",Metropolitan,2019,41318.0,3,
48260,"Weirton-Steubenville, WV-OH",Metropolitan,2020,44312.0,3,
48260,"Weirton-Steubenville, WV-OH",Metropolitan,2021,47927.0,3,
48260,"Weirton-Steubenville, WV-OH",Metropolitan,2022,48439.0,3,
48260,"Weirton-Steubenville, WV-OH",Metropolitan,2023,50580.0,3,
48260,"Weirton-Steubenville, WV-OH",Metropolitan,2024,53130.0,3,
48300,"Wenatchee-East Wenatchee, WA",Metropolitan,2019,49384.0,2,
48300,"Wenatchee-East Wenatchee, WA",Metropolitan,2020,53883.0,2,
48300,"Wenatchee-East Wenatchee, WA",Metropolitan,2021,57861.0,2,
48300,"Wenatchee-East Wenatchee, WA",Metropolitan,2022,59101.0,2,
48300,"Wenatchee-East Wenatchee, WA",Metropolitan,2023,63588.0,2,
48300,"Wenatchee-East Wenatchee, WA",Metropolitan,2024,65987.0,2,
48460,"West Plains, MO",Micropolitan,2019,35465.0,1,
48460,"West Plains, MO",Micropolitan,2020,38419.0,1,
48460,"West Plains, MO",Micropolitan,2021,40588.0,1,
48460,"West Plains, MO",Micropolitan,2022,41224.0,1,
48460,"West Plains, MO",Micropolitan,2023,44236.0,1,
48460,"West Plains, MO",Micropolitan,2024,45995.0,1,
48540,"Wheeling, WV-OH",Metropolitan,2019,47365.0,3,
48540,"Wheeling, WV-OH",Metropolitan,2020,47165.0,3,
48540,"Wheeling, WV-OH",Metropolitan,2021,51736.0,3,
48540,"Wheeling, WV-OH",Metropolitan,2022,53550.0,3,
48540,"Wheeling, WV-OH",Metropolitan,2023,56542.0,3,
48540,"Wheeling, WV-OH",Metropolitan,2024,59279.0,3,
48580,"Whitewater-Elkhorn, WI",Micropolitan,2019,51049.0,1,
48580,"Whitewater-Elkhorn, WI",Micropolitan,2020,54834.0,1,
48580,"Whitewater-Elkhorn, WI",Micropolitan,2021,61459.0,1,
48580,"Whitewater-Elkhorn, WI",Micropolitan,2022,64022.0,1,
48580,"Whitewater-Elkhorn, WI",Micropolitan,2023,67812.0,1,
48580,"Whitewater-Elkhorn, WI",Micropolitan,2024,70814.0,1,
48620,"Wichita, KS",Metropolitan,2019,50964.0,4,
48620,"Wichita, KS",Metropolitan,2020,52236.0,4,
48620,"Wichita, KS",Metropolitan,2021,56813.0,4,
48620,"Wichita, KS",Metropolitan,2022,56673.0,4,
48620,"Wichita, KS",Metropolitan,2023,59916.0,4,
48620,"Wichita, KS",Metropolitan,2024,62191.0,4,
48660,"Wichita Falls, TX",Metropolitan,2019,45091.0,3,
48660,"Wichita Falls, TX",Metropolitan,2020,47672.0,3,
48660,"Wichita Falls, TX",Metropolitan,2021,50830.0,3,
48660,"Wichita Falls, TX",Metropolitan,2022,54249.0,3,
48660,"Wichita Falls, TX",Metropolitan,2023,56442.0,3,
48660,"Wichita Falls, TX",Metropolitan,2024,58610.0,3,
48680,"Wildwood-The Villages, FL",Metropolitan,2019,55253.0,1,
48680,"Wildwood-The Villages, FL",Metropolitan,2020,58262.0,1,
48680,"Wildwood-The Villages, FL",Metropolitan,2021,67552.0,1,
48680,"Wildwood-The Villages, FL",Metropolitan,2022,67581.0,1,
48680,"Wildwood-The Villages, FL",Metropolitan,2023,72263.0,1,
48680,"Wildwood-The Villages, FL",Metropolitan,2024,76421.0,1,
48700,"Williamsport, PA",Metropolitan,2019,43951.0,1,
48700,"Williamsport, PA",Metropolitan,2020,48026.0,1,
48700,"Williamsport, PA",Metropolitan,2021,50570.0,1,
48700,"Williamsport, PA",Metropolitan,2022,50705.0,1,
48700,"Williamsport, PA",Metropolitan,2023,53933.0,1,
48700,"Williamsport, PA",Metropolitan,2024,55751.0,1,
48780,"Williston, ND",Micropolitan,2019,65346.0,1,
48780,"Williston, ND",Micropolitan,2020,60639.0,1,
48780,"Williston, ND",Micropolitan,2021,63337.0,1,
48780,"Williston, ND",Micropolitan,2022,72728.0,1,
48780,"Williston, ND",Micropolitan,2023,74989.0,1,
48780,"Williston, ND",Micropolitan,2024,76176.0,1,
48820,"Willmar, MN",Micropolitan,2019,50484.0,1,
48820,"Willmar, MN",Micropolitan,2020,53954.0,1,
48820,"Willmar, MN",Micropolitan,2021,58464.0,1,
48820,"Willmar, MN",Micropolitan,2022,60448.0,1,
48820,"Willmar, MN",Micropolitan,2023,63686.0,1,
48820,"Willmar, MN",Micropolitan,2024,66147.0,1,
48900,"Wilmington, NC",Metropolitan,2019,48960.0,3,
48900,"Wilmington, NC",Metropolitan,2020,52469.0,3,
48900,"Wilmington, NC",Metropolitan,2021,58003.0,3,
48900,"Wilmington, NC",Metropolitan,2022,59273.0,3,
48900,"Wilmington, NC",Metropolitan,2023,63029.0,3,
48900,"Wilmington, NC",Metropolitan,2024,65879.0,3,
48940,"Wilmington, OH",Micropolitan,2019,45284.0,1,
48940,"Wilmington, OH",Micropolitan,2020,47498.0,1,
48940,"Wilmington, OH",Micropolitan,2021,50690.0,1,
48940,"Wilmington, OH",Micropolitan,2022,51543.0,1,
48940,"Wilmington, OH",Micropolitan,2023,54764.0,1,
48940,"Wilmington, OH",Micropolitan,2024,55867.0,1,
48980,"Wilson, NC",Micropolitan,2019,41576.0,1,
48980,"Wilson, NC",Micropolitan,2020,44396.0,1,
48980,"Wilson, NC",Micropolitan,2021,48721.0,1,
48980,"Wilson, NC",Micropolitan,2022,49268.0,1,
48980,"Wilson, NC",Micropolitan,2023,51761.0,1,
48980,"Wilson, NC",Micropolitan,2024,54929.0,1,
49010,"Winchester, TN",Micropolitan,2019,40189.0,1,
49010,"Winchester, TN",Micropolitan,2020,43024.0,1,
49010,"Winchester, TN",Micropolitan,2021,46627.0,1,
49010,"Winchester, TN",Micropolitan,2022,47700.0,1,
49010,"Winchester, TN",Micropolitan,2023,50400.0,1,
49010,"Winchester, TN",Micropolitan,2024,53240.0,1,
49020,"Winchester, VA-WV",Metropolitan,2019,49693.0,2,
49020,"Winchester, VA-WV",Metropolitan,2020,52716.0,2,
49020,"Winchester, VA-WV",Metropolitan,2021,58004.0,2,
49020,"Winchester, VA-WV",Metropolitan,2022,58620.0,2,
49020,"Winchester, VA-WV",Metropolitan,2023,61406.0,2,
49020,"Winchester, VA-WV",Metropolitan,2024,64407.0,2,
49080,"Winnemucca, NV",Micropolitan,2019,47618.0,1,
49080,"Winnemucca, NV",Micropolitan,2020,51008.0,1,
49080,"Winnemucca, NV",Micropolitan,2021,54116.0,1,
49080,"Winnemucca, NV",Micropolitan,2022,54497.0,1,
49080,"Winnemucca, NV",Micropolitan,2023,57736.0,1,
49080,"Winnemucca, NV",Micropolitan,2024,60358.0,1,
49100,"Winona, MN",Micropolitan,2019,48505.0,1,
49100,"Winona, MN",Micropolitan,2020,54784.0,1,
49100,"Winona, MN",Micropolitan,2021,58235.0,1,
49100,"Winona, MN",Micropolitan,2022,57044.0,1,
49100,"Winona, MN",Micropolitan,2023,58543.0,1,
49100,"Winona, MN",Micropolitan,2024,60968.0,1,
49180,"Winston-Salem, NC",Metropolitan,2019,45830.0,5,
49180,"Winston-Salem, NC",Metropolitan,2020,48741.0,5,
49180,"Winston-Salem, NC",Metropolitan,2021,53693.0,5,
49180,"Winston-Salem, NC",Metropolitan,2022,54969.0,5,
49180,"Winston-Salem, NC",Metropolitan,2023,57452.0,5,
49180,"Winston-Salem, NC",Metropolitan,2024,60408.0,5,
49220,"Wisconsin Rapids-Marshfield, WI",Micropolitan,2019,47103.0,1,
49220,"Wisconsin Rapids-Marshfield, WI",Micropolitan,2020,49818.0,1,
49220,"Wisconsin Rapids-Marshfield, WI",Micropolitan,2021,52881.0,1,
49220,"Wisconsin Rapids-Marshfield, WI",Micropolitan,2022,54357.0,1,
49220,"Wisconsin Rapids-Marshfield, WI",Micropolitan,2023,56403.0,1,
49220,"Wisconsin Rapids-Marshfield, WI",Micropolitan,2024,58549.0,1,
49260,"Woodward, OK",Micropolitan,2019,37015.0,1,
49260,"Woodward, OK",Micropolitan,2020,38968.0,1,
49260,"Woodward, OK",Micropolitan,2021,41617.0,1,
49260,"Woodward, OK",Micropolitan,2022,41264.0,1,
49260,"Woodward, OK",Micropolitan,2023,46130.0,1,
49260,"Woodward, OK",Micropolitan,2024,46748.0,1,
49300,"Wooster, OH",Micropolitan,2019,45607.0,1,
49300,"Wooster, OH",Micropolitan,2020,49062.0,1,
49300,"Wooster, OH",Micropolitan,2021,53562.0,1,
49300,"Wooster, OH",Micropolitan,2022,53835.0,1,
49300,"Wooster, OH",Micropolitan,2023,58698.0,1,
49300,"Wooster, OH",Micropolitan,2024,61004.0,1,
49340,"Worcester, MA",Metropolitan,2019,56394.0,1,
49340,"Worcester, MA",Metropolitan,2020,61617.0,1,
49340,"Worcester, MA",Metropolitan,2021,64827.0,1,
49340,"Worcester, MA",Metropolitan,2022,66178.0,1,
49340,"Worcester, MA",Metropolitan,2023,69159.0,1,
49340,"Worcester, MA",Metropolitan,2024,71909.0,1,
49380,"Worthington, MN",Micropolitan,2019,43093.0,1,
49380,"Worthington, MN",Micropolitan,2020,51611.0,1,
49380,"Worthington, MN",Micropolitan,2021,54833.0,1,
49380,"Worthington, MN",Micropolitan,2022,59359.0,1,
49380,"Worthington, MN",Micropolitan,2023,60362.0,1,
49380,"Worthington, MN",Micropolitan,2024,61203.0,1,
49420,"Yakima, WA",Metropolitan,2019,42775.0,1,
49420,"Yakima, WA",Metropolitan,2020,46424.0,1,
49420,"Yakima, WA",Metropolitan,2021,50009.0,1,
49420,"Yakima, WA",Metropolitan,2022,49840.0,1,
49420,"Yakima, WA",Metropolitan,2023,52686.0,1,
49420,"Yakima, WA",Metropolitan,2024,54713.0,1,
49460,"Yankton, SD",Micropolitan,2019,50922.0,1,
49460,"Yankton, SD",Micropolitan,2020,54246.0,1,
49460,"Yankton, SD",Micropolitan,2021,63344.0,1,
49460,"Yankton, SD",Micropolitan,2022,67210.0,1,
49460,"Yankton, SD",Micropolitan,2023,72867.0,1,
49460,"Yankton, SD",Micropolitan,2024,74264.0,1,
49620,"York-Hanover, PA",Metropolitan,2019,50682.0,1,
49620,"York-Hanover, PA",Metropolitan,2020,54386.0,1,
49620,"York-Hanover, PA",Metropolitan,2021,57467.0,1,
49620,"York-Hanover, PA",Metropolitan,2022,58073.0,1,
49620,"York-Hanover, PA",Metropolitan,2023,60605.0,1,
49620,"York-Hanover, PA",Metropolitan,2024,62892.0,1,
49660,"Youngstown-Warren, OH",Metropolitan,2019,41819.0,2,
49660,"Youngstown-Warren, OH",Metropolitan,2020,45289.0,2,
49660,"Youngstown-Warren, OH",Metropolitan,2021,49106.0,2,
49660,"Youngstown-Warren, OH",Metropolitan,2022,49415.0,2,
49660,"Youngstown-Warren, OH",Metropolitan,2023,52895.0,2,
49660,"Youngstown-Warren, OH",Metropolitan,2024,55601.0,2,
49700,"Yuba City, CA",Metropolitan,2019,42693.0,2,
49700,"Yuba City, CA",Metropolitan,2020,47673.0,2,
49700,"Yuba City, CA",Metropolitan,2021,51684.0,2,
49700,"Yuba City, CA",Metropolitan,2022,50811.0,2,
49700,"Yuba City, CA",Metropolitan,2023,52448.0,2,
49700,"Yuba City, CA",Metropolitan,2024,56385.0,2,
49740,"Yuma, AZ",Metropolitan,2019,36950.0,1,
49740,"Yuma, AZ",Metropolitan,2020,42177.0,1,
49740,"Yuma, AZ",Metropolitan,2021,44513.0,1,
49740,"Yuma, AZ",Metropolitan,2022,44828.0,1,
49740,"Yuma, AZ",Metropolitan,2023,46666.0,1,
49740,"Yuma, AZ",Metropolitan,2024,47582.0,1,
49780,"Zanesville, OH",Micropolitan,2019,41878.0,1,
49780,"Zanesville, OH",Micropolitan,2020,46287.0,1,
49780,"Zanesville, OH",Micropolitan,2021,49575.0,1,
49780,"Zanesville, OH",Micropolitan,2022,49985.0,1,
49780,"Zanesville, OH",Micropolitan,2023,52426.0,1,
49780,"Zanesville, OH",Micropolitan,2024,54878.0,1,
49820,"Zapata, TX",Micropolitan,2019,29761.0,1,
49820,"Zapata, TX",Micropolitan,2020,29746.0,1,
49820,"Zapata, TX",Micropolitan,2021,33392.0,1,
49820,"Zapata, TX",Micropolitan,2022,33747.0,1,
49820,"Zapata, TX",Micropolitan,2023,34712.0,1,
49820,"Zapata, TX",Micropolitan,2024,34617.0,1,
