geofips,geoname,year,per_capita_personal_income_usd
01001,"Autauga, AL",2019,42538.0
01001,"Autauga, AL",2020,45089.0
01001,"Autauga, AL",2021,49254.0
01001,"Autauga, AL",2022,49879.0
01001,"Autauga, AL",2023,52989.0
01001,"Autauga, AL",2024,55710.0
01003,"Baldwin, AL",2019,47921.0
01003,"Baldwin, AL",2020,50935.0
01003,"Baldwin, AL",2021,56504.0
01003,"Baldwin, AL",2022,57721.0
01003,"Baldwin, AL",2023,61354.0
01003,"Baldwin, AL",2024,63905.0
01005,"Barbour, AL",2019,34694.0
01005,"Barbour, AL",2020,37090.0
01005,"Barbour, AL",2021,41062.0
01005,"Barbour, AL",2022,41053.0
01005,"Barbour, AL",2023,41924.0
01005,"Barbour, AL",2024,44906.0
01007,"Bibb, AL",2019,32102.0
01007,"Bibb, AL",2020,34859.0
01007,"Bibb, AL",2021,37440.0
01007,"Bibb, AL",2022,38232.0
01007,"Bibb, AL",2023,40483.0
01007,"Bibb, AL",2024,41951.0
01009,"Blount, AL",2019,36554.0
01009,"Blount, AL",2020,37789.0
01009,"Blount, AL",2021,43062.0
01009,"Blount, AL",2022,44085.0
01009,"Blount, AL",2023,45863.0
01009,"Blount, AL",2024,48543.0
01011,"Bullock, AL",2019,27176.0
01011,"Bullock, AL",2020,30773.0
01011,"Bullock, AL",2021,34222.0
01011,"Bullock, AL",2022,33623.0
01011,"Bullock, AL",2023,37052.0
01011,"Bullock, AL",2024,39403.0
01013,"Butler, AL",2019,37751.0
01013,"Butler, AL",2020,39520.0
01013,"Butler, AL",2021,45620.0
01013,"Butler, AL",2022,47524.0
01013,"Butler, AL",2023,50171.0
01013,"Butler, AL",2024,53320.0
01015,"Calhoun, AL",2019,36761.0
01015,"Calhoun, AL",2020,39595.0
01015,"Calhoun, AL",2021,43320.0
01015,"Calhoun, AL",2022,42684.0
01015,"Calhoun, AL",2023,44970.0
01015,"Calhoun, AL",2024,47333.0
01017,"Chambers, AL",2019,33550.0
01017,"Chambers, AL",2020,36084.0
01017,"Chambers, AL",2021,39439.0
01017,"Chambers, AL",2022,39568.0
01017,"Chambers, AL",2023,41763.0
01017,"Chambers, AL",2024,43944.0
01019,"Cherokee, AL",2019,37892.0
01019,"Cherokee, AL",2020,39928.0
01019,"Cherokee, AL",2021,44703.0
01019,"Cherokee, AL",2022,44552.0
01019,"Cherokee, AL",2023,45613.0
01019,"Cherokee, AL",2024,47994.0
01021,"Chilton, AL",2019,36220.0
01021,"Chilton, AL",2020,38335.0
01021,"Chilton, AL",2021,42911.0
01021,"Chilton, AL",2022,43434.0
01021,"Chilton, AL",2023,45777.0
01021,"Chilton, AL",2024,48183.0
01023,"Choctaw, AL",2019,38470.0
01023,"Choctaw, AL",2020,40518.0
01023,"Choctaw, AL",2021,43719.0
01023,"Choctaw, AL",2022,43293.0
01023,"Choctaw, AL",2023,45672.0
01023,"Choctaw, AL",2024,49151.0
01025,"Clarke, AL",2019,37644.0
01025,"Clarke, AL",2020,41244.0
01025,"Clarke, AL",2021,45178.0
01025,"Clarke, AL",2022,44541.0
01025,"Clarke, AL",2023,46970.0
01025,"Clarke, AL",2024,49608.0
01027,"Clay, AL",2019,31968.0
01027,"Clay, AL",2020,35035.0
01027,"Clay, AL",2021,39596.0
01027,"Clay, AL",2022,39516.0
01027,"Clay, AL",2023,39620.0
01027,"Clay, AL",2024,42162.0
01029,"Cleburne, AL",2019,36009.0
01029,"Cleburne, AL",2020,37889.0
01029,"Cleburne, AL",2021,42969.0
01029,"Cleburne, AL",2022,44365.0
01029,"Cleburne, AL",2023,45164.0
01029,"Cleburne, AL",2024,47223.0
01031,"Coffee, AL",2019,42823.0
01031,"Coffee, AL",2020,45175.0
01031,"Coffee, AL",2021,50483.0
01031,"Coffee, AL",2022,51873.0
01031,"Coffee, AL",2023,53773.0
01031,"Coffee, AL",2024,56824.0
01033,"Colbert, AL",2019,37648.0
01033,"Colbert, AL",2020,40366.0
01033,"Colbert, AL",2021,44249.0
01033,"Colbert, AL",2022,44702.0
01033,"Colbert, AL",2023,46994.0
01033,"Colbert, AL",2024,48831.0
01035,"Conecuh, AL",2019,34183.0
01035,"Conecuh, AL",2020,37079.0
01035,"Conecuh, AL",2021,41517.0
01035,"Conecuh, AL",2022,41313.0
01035,"Conecuh, AL",2023,42980.0
01035,"Conecuh, AL",2024,45620.0
01037,"Coosa, AL",2019,33441.0
01037,"Coosa, AL",2020,35716.0
01037,"Coosa, AL",2021,39232.0
01037,"Coosa, AL",2022,38883.0
01037,"Coosa, AL",2023,41597.0
01037,"Coosa, AL",2024,43813.0
01039,"Covington, AL",2019,35428.0
01039,"Covington, AL",2020,37856.0
01039,"Covington, AL",2021,41928.0
01039,"Covington, AL",2022,42432.0
01039,"Covington, AL",2023,43710.0
01039,"Covington, AL",2024,47143.0
01041,"Crenshaw, AL",2019,37798.0
01041,"Crenshaw, AL",2020,39828.0
01041,"Crenshaw, AL",2021,45924.0
01041,"Crenshaw, AL",2022,48483.0
01041,"Crenshaw, AL",2023,48362.0
01041,"Crenshaw, AL",2024,52962.0
01043,"Cullman, AL",2019,39863.0
01043,"Cullman, AL",2020,41514.0
01043,"Cullman, AL",2021,47001.0
01043,"Cullman, AL",2022,49786.0
01043,"Cullman, AL",2023,50945.0
01043,"Cullman, AL",2024,53577.0
01045,"Dale, AL",2019,37343.0
01045,"Dale, AL",2020,40004.0
01045,"Dale, AL",2021,44297.0
01045,"Dale, AL",2022,44902.0
01045,"Dale, AL",2023,46314.0
01045,"Dale, AL",2024,48767.0
01047,"Dallas, AL",2019,35142.0
01047,"Dallas, AL",2020,39316.0
01047,"Dallas, AL",2021,42624.0
01047,"Dallas, AL",2022,42265.0
01047,"Dallas, AL",2023,45130.0
01047,"Dallas, AL",2024,48214.0
01049,"DeKalb, AL",2019,32887.0
01049,"DeKalb, AL",2020,34982.0
01049,"DeKalb, AL",2021,40176.0
01049,"DeKalb, AL",2022,42115.0
01049,"DeKalb, AL",2023,42416.0
01049,"DeKalb, AL",2024,45152.0
01051,"Elmore, AL",2019,41927.0
01051,"Elmore, AL",2020,44559.0
01051,"Elmore, AL",2021,48686.0
01051,"Elmore, AL",2022,48775.0
01051,"Elmore, AL",2023,52328.0
01051,"Elmore, AL",2024,55485.0
01053,"Escambia, AL",2019,33271.0
01053,"Escambia, AL",2020,36169.0
01053,"Escambia, AL",2021,40265.0
01053,"Escambia, AL",2022,40499.0
01053,"Escambia, AL",2023,42796.0
01053,"Escambia, AL",2024,45432.0
01055,"Etowah, AL",2019,37313.0
01055,"Etowah, AL",2020,39576.0
01055,"Etowah, AL",2021,42918.0
01055,"Etowah, AL",2022,43197.0
01055,"Etowah, AL",2023,45095.0
01055,"Etowah, AL",2024,47787.0
01057,"Fayette, AL",2019,35857.0
01057,"Fayette, AL",2020,38270.0
01057,"Fayette, AL",2021,42290.0
01057,"Fayette, AL",2022,43018.0
01057,"Fayette, AL",2023,43458.0
01057,"Fayette, AL",2024,45612.0
01059,"Franklin, AL",2019,33921.0
01059,"Franklin, AL",2020,36527.0
01059,"Franklin, AL",2021,40369.0
01059,"Franklin, AL",2022,42381.0
01059,"Franklin, AL",2023,41996.0
01059,"Franklin, AL",2024,44751.0
01061,"Geneva, AL",2019,35831.0
01061,"Geneva, AL",2020,38206.0
01061,"Geneva, AL",2021,42179.0
01061,"Geneva, AL",2022,42387.0
01061,"Geneva, AL",2023,44281.0
01061,"Geneva, AL",2024,46556.0
01063,"Greene, AL",2019,33411.0
01063,"Greene, AL",2020,36802.0
01063,"Greene, AL",2021,40556.0
01063,"Greene, AL",2022,38672.0
01063,"Greene, AL",2023,40604.0
01063,"Greene, AL",2024,43030.0
01065,"Hale, AL",2019,37905.0
01065,"Hale, AL",2020,41456.0
01065,"Hale, AL",2021,44986.0
01065,"Hale, AL",2022,44630.0
01065,"Hale, AL",2023,46578.0
01065,"Hale, AL",2024,48326.0
01067,"Henry, AL",2019,44482.0
01067,"Henry, AL",2020,46951.0
01067,"Henry, AL",2021,53893.0
01067,"Henry, AL",2022,53120.0
01067,"Henry, AL",2023,54099.0
01067,"Henry, AL",2024,56661.0
01069,"Houston, AL",2019,43907.0
01069,"Houston, AL",2020,47460.0
01069,"Houston, AL",2021,51716.0
01069,"Houston, AL",2022,52035.0
01069,"Houston, AL",2023,54877.0
01069,"Houston, AL",2024,57714.0
01071,"Jackson, AL",2019,36957.0
01071,"Jackson, AL",2020,39025.0
01071,"Jackson, AL",2021,43280.0
01071,"Jackson, AL",2022,44272.0
01071,"Jackson, AL",2023,45890.0
01071,"Jackson, AL",2024,48078.0
01073,"Jefferson, AL",2019,54561.0
01073,"Jefferson, AL",2020,57966.0
01073,"Jefferson, AL",2021,65321.0
01073,"Jefferson, AL",2022,67540.0
01073,"Jefferson, AL",2023,72313.0
01073,"Jefferson, AL",2024,75312.0
01075,"Lamar, AL",2019,34228.0
01075,"Lamar, AL",2020,36828.0
01075,"Lamar, AL",2021,39937.0
01075,"Lamar, AL",2022,40141.0
01075,"Lamar, AL",2023,42158.0
01075,"Lamar, AL",2024,44886.0
01077,"Lauderdale, AL",2019,38290.0
01077,"Lauderdale, AL",2020,42085.0
01077,"Lauderdale, AL",2021,44977.0
01077,"Lauderdale, AL",2022,44918.0
01077,"Lauderdale, AL",2023,47167.0
01077,"Lauderdale, AL",2024,49560.0
01079,"Lawrence, AL",2019,35759.0
01079,"Lawrence, AL",2020,37818.0
01079,"Lawrence, AL",2021,42346.0
01079,"Lawrence, AL",2022,43959.0
01079,"Lawrence, AL",2023,44995.0
01079,"Lawrence, AL",2024,47190.0
01081,"Lee, AL",2019,38989.0
01081,"Lee, AL",2020,41028.0
01081,"Lee, AL",2021,45303.0
01081,"Lee, AL",2022,46178.0
01081,"Lee, AL",2023,48614.0
01081,"Lee, AL",2024,50811.0
01083,"Limestone, AL",2019,44370.0
01083,"Limestone, AL",2020,47402.0
01083,"Limestone, AL",2021,53281.0
01083,"Limestone, AL",2022,53967.0
01083,"Limestone, AL",2023,57214.0
01083,"Limestone, AL",2024,59614.0
01085,"Lowndes, AL",2019,39492.0
01085,"Lowndes, AL",2020,43423.0
01085,"Lowndes, AL",2021,48628.0
01085,"Lowndes, AL",2022,50952.0
01085,"Lowndes, AL",2023,53495.0
01085,"Lowndes, AL",2024,58121.0
01087,"Macon, AL",2019,31494.0
01087,"Macon, AL",2020,34745.0
01087,"Macon, AL",2021,38053.0
01087,"Macon, AL",2022,38786.0
01087,"Macon, AL",2023,41616.0
01087,"Macon, AL",2024,44788.0
01089,"Madison, AL",2019,52649.0
01089,"Madison, AL",2020,56100.0
01089,"Madison, AL",2021,60682.0
01089,"Madison, AL",2022,62519.0
01089,"Madison, AL",2023,66069.0
01089,"Madison, AL",2024,69038.0
01091,"Marengo, AL",2019,39725.0
01091,"Marengo, AL",2020,43877.0
01091,"Marengo, AL",2021,47535.0
01091,"Marengo, AL",2022,46806.0
01091,"Marengo, AL",2023,49730.0
01091,"Marengo, AL",2024,52576.0
01093,"Marion, AL",2019,33481.0
01093,"Marion, AL",2020,37131.0
01093,"Marion, AL",2021,41633.0
01093,"Marion, AL",2022,43363.0
01093,"Marion, AL",2023,45271.0
01093,"Marion, AL",2024,47179.0
01095,"Marshall, AL",2019,37674.0
01095,"Marshall, AL",2020,41167.0
01095,"Marshall, AL",2021,46123.0
01095,"Marshall, AL",2022,47043.0
01095,"Marshall, AL",2023,48839.0
01095,"Marshall, AL",2024,51209.0
01097,"Mobile, AL",2019,39294.0
01097,"Mobile, AL",2020,42588.0
01097,"Mobile, AL",2021,47810.0
01097,"Mobile, AL",2022,48370.0
01097,"Mobile, AL",2023,51482.0
01097,"Mobile, AL",2024,53901.0
01099,"Monroe, AL",2019,35278.0
01099,"Monroe, AL",2020,38725.0
01099,"Monroe, AL",2021,42652.0
01099,"Monroe, AL",2022,42513.0
01099,"Monroe, AL",2023,44191.0
01099,"Monroe, AL",2024,46759.0
01101,"Montgomery, AL",2019,43199.0
01101,"Montgomery, AL",2020,46080.0
01101,"Montgomery, AL",2021,49744.0
01101,"Montgomery, AL",2022,50837.0
01101,"Montgomery, AL",2023,54179.0
01101,"Montgomery, AL",2024,57265.0
01103,"Morgan, AL",2019,40397.0
01103,"Morgan, AL",2020,43209.0
01103,"Morgan, AL",2021,46666.0
01103,"Morgan, AL",2022,47579.0
01103,"Morgan, AL",2023,49773.0
01103,"Morgan, AL",2024,52318.0
01105,"Perry, AL",2019,32541.0
01105,"Perry, AL",2020,37810.0
01105,"Perry, AL",2021,40510.0
01105,"Perry, AL",2022,40241.0
01105,"Perry, AL",2023,42720.0
01105,"Perry, AL",2024,44524.0
01107,"Pickens, AL",2019,36123.0
01107,"Pickens, AL",2020,39036.0
01107,"Pickens, AL",2021,44003.0
01107,"Pickens, AL",2022,41538.0
01107,"Pickens, AL",2023,42799.0
01107,"Pickens, AL",2024,45013.0
01109,"Pike, AL",2019,37768.0
01109,"Pike, AL",2020,40937.0
01109,"Pike, AL",2021,45723.0
01109,"Pike, AL",2022,47569.0
01109,"Pike, AL",2023,48719.0
01109,"Pike, AL",2024,51706.0
01111,"Randolph, AL",2019,34940.0
01111,"Randolph, AL",2020,36450.0
01111,"Randolph, AL",2021,42148.0
01111,"Randolph, AL",2022,42760.0
01111,"Randolph, AL",2023,42915.0
01111,"Randolph, AL",2024,45447.0
01113,"Russell, AL",2019,32919.0
01113,"Russell, AL",2020,35812.0
01113,"Russell, AL",2021,40019.0
01113,"Russell, AL",2022,39049.0
01113,"Russell, AL",2023,41193.0
01113,"Russell, AL",2024,43971.0
01115,"St. Clair, AL",2019,41297.0
01115,"St. Clair, AL",2020,43116.0
01115,"St. Clair, AL",2021,47395.0
01115,"St. Clair, AL",2022,48249.0
01115,"St. Clair, AL",2023,51097.0
01115,"St. Clair, AL",2024,54878.0
01117,"Shelby, AL",2019,57402.0
01117,"Shelby, AL",2020,59916.0
01117,"Shelby, AL",2021,65375.0
01117,"Shelby, AL",2022,67471.0
01117,"Shelby, AL",2023,71510.0
01117,"Shelby, AL",2024,74513.0
01119,"Sumter, AL",2019,32277.0
01119,"Sumter, AL",2020,35831.0
01119,"Sumter, AL",2021,39247.0
01119,"Sumter, AL",2022,38568.0
01119,"Sumter, AL",2023,40753.0
01119,"Sumter, AL",2024,43035.0
01121,"Talladega, AL",2019,35123.0
01121,"Talladega, AL",2020,37957.0
01121,"Talladega, AL",2021,41431.0
01121,"Talladega, AL",2022,41552.0
01121,"Talladega, AL",2023,43842.0
01121,"Talladega, AL",2024,45757.0
01123,"Tallapoosa, AL",2019,41816.0
01123,"Tallapoosa, AL",2020,44271.0
01123,"Tallapoosa, AL",2021,48838.0
01123,"Tallapoosa, AL",2022,49152.0
01123,"Tallapoosa, AL",2023,52576.0
01123,"Tallapoosa, AL",2024,55117.0
01125,"Tuscaloosa, AL",2019,37599.0
01125,"Tuscaloosa, AL",2020,39378.0
01125,"Tuscaloosa, AL",2021,41166.0
01125,"Tuscaloosa, AL",2022,42056.0
01125,"Tuscaloosa, AL",2023,44641.0
01125,"Tuscaloosa, AL",2024,46696.0
01127,"Walker, AL",2019,40970.0
01127,"Walker, AL",2020,42787.0
01127,"Walker, AL",2021,47150.0
01127,"Walker, AL",2022,49282.0
01127,"Walker, AL",2023,52060.0
01127,"Walker, AL",2024,54820.0
01129,"Washington, AL",2019,38505.0
01129,"Washington, AL",2020,40813.0
01129,"Washington, AL",2021,44371.0
01129,"Washington, AL",2022,45510.0
01129,"Washington, AL",2023,47479.0
01129,"Washington, AL",2024,50546.0
01131,"Wilcox, AL",2019,32887.0
01131,"Wilcox, AL",2020,35597.0
01131,"Wilcox, AL",2021,39717.0
01131,"Wilcox, AL",2022,38764.0
01131,"Wilcox, AL",2023,41811.0
01131,"Wilcox, AL",2024,44610.0
01133,"Winston, AL",2019,35706.0
01133,"Winston, AL",2020,39435.0
01133,"Winston, AL",2021,42930.0
01133,"Winston, AL",2022,43539.0
01133,"Winston, AL",2023,45219.0
01133,"Winston, AL",2024,47281.0
02010,"Aleutian Islands Census Area, AK*",2019,0.0
02010,"Aleutian Islands Census Area, AK*",2020,0.0
02010,"Aleutian Islands Census Area, AK*",2021,0.0
02010,"Aleutian Islands Census Area, AK*",2022,0.0
02010,"Aleutian Islands Census Area, AK*",2023,0.0
02010,"Aleutian Islands Census Area, AK*",2024,0.0
02013,"Aleutians East Borough, AK*",2019,60425.0
02013,"Aleutians East Borough, AK*",2020,56950.0
02013,"Aleutians East Borough, AK*",2021,59339.0
02013,"Aleutians East Borough, AK*",2022,63358.0
02013,"Aleutians East Borough, AK*",2023,64260.0
02013,"Aleutians East Borough, AK*",2024,49624.0
02016,"Aleutians West Census Area, AK*",2019,60015.0
02016,"Aleutians West Census Area, AK*",2020,62534.0
02016,"Aleutians West Census Area, AK*",2021,63869.0
02016,"Aleutians West Census Area, AK*",2022,68810.0
02016,"Aleutians West Census Area, AK*",2023,70481.0
02016,"Aleutians West Census Area, AK*",2024,69676.0
02020,"Anchorage Municipality, AK",2019,66370.0
02020,"Anchorage Municipality, AK",2020,67927.0
02020,"Anchorage Municipality, AK",2021,72192.0
02020,"Anchorage Municipality, AK",2022,76381.0
02020,"Anchorage Municipality, AK",2023,80155.0
02020,"Anchorage Municipality, AK",2024,84370.0
02050,"Bethel Census Area, AK*",2019,44272.0
02050,"Bethel Census Area, AK*",2020,45608.0
02050,"Bethel Census Area, AK*",2021,46974.0
02050,"Bethel Census Area, AK*",2022,49249.0
02050,"Bethel Census Area, AK*",2023,48857.0
02050,"Bethel Census Area, AK*",2024,50706.0
02060,"Bristol Bay Borough, AK",2019,137372.0
02060,"Bristol Bay Borough, AK",2020,142607.0
02060,"Bristol Bay Borough, AK",2021,164143.0
02060,"Bristol Bay Borough, AK",2022,158101.0
02060,"Bristol Bay Borough, AK",2023,163320.0
02060,"Bristol Bay Borough, AK",2024,158406.0
02063,"Chugach Census Area, AK*",2019,0.0
02063,"Chugach Census Area, AK*",2020,61425.0
02063,"Chugach Census Area, AK*",2021,68855.0
02063,"Chugach Census Area, AK*",2022,69975.0
02063,"Chugach Census Area, AK*",2023,72649.0
02063,"Chugach Census Area, AK*",2024,74430.0
02066,"Copper River Census Area, AK*",2019,0.0
02066,"Copper River Census Area, AK*",2020,49326.0
02066,"Copper River Census Area, AK*",2021,58974.0
02066,"Copper River Census Area, AK*",2022,57376.0
02066,"Copper River Census Area, AK*",2023,60702.0
02066,"Copper River Census Area, AK*",2024,64258.0
02068,"Denali Borough, AK*",2019,102578.0
02068,"Denali Borough, AK*",2020,88625.0
02068,"Denali Borough, AK*",2021,109498.0
02068,"Denali Borough, AK*",2022,120140.0
02068,"Denali Borough, AK*",2023,130201.0
02068,"Denali Borough, AK*",2024,134417.0
02070,"Dillingham Census Area, AK*",2019,57498.0
02070,"Dillingham Census Area, AK*",2020,57379.0
02070,"Dillingham Census Area, AK*",2021,58755.0
02070,"Dillingham Census Area, AK*",2022,60862.0
02070,"Dillingham Census Area, AK*",2023,63419.0
02070,"Dillingham Census Area, AK*",2024,66350.0
02090,"Fairbanks North Star Borough, AK",2019,58345.0
02090,"Fairbanks North Star Borough, AK",2020,60400.0
02090,"Fairbanks North Star Borough, AK",2021,65312.0
02090,"Fairbanks North Star Borough, AK",2022,67708.0
02090,"Fairbanks North Star Borough, AK",2023,69914.0
02090,"Fairbanks North Star Borough, AK",2024,75191.0
02100,"Haines Borough, AK*",2019,83904.0
02100,"Haines Borough, AK*",2020,75973.0
02100,"Haines Borough, AK*",2021,86153.0
02100,"Haines Borough, AK*",2022,85141.0
02100,"Haines Borough, AK*",2023,94142.0
02100,"Haines Borough, AK*",2024,100738.0
02105,"Hoonah-Angoon Census Area, AK*",2019,56908.0
02105,"Hoonah-Angoon Census Area, AK*",2020,55522.0
02105,"Hoonah-Angoon Census Area, AK*",2021,61133.0
02105,"Hoonah-Angoon Census Area, AK*",2022,68673.0
02105,"Hoonah-Angoon Census Area, AK*",2023,73586.0
02105,"Hoonah-Angoon Census Area, AK*",2024,77925.0
02110,"Juneau City and Borough, AK",2019,69937.0
02110,"Juneau City and Borough, AK",2020,70573.0
02110,"Juneau City and Borough, AK",2021,74509.0
02110,"Juneau City and Borough, AK",2022,79436.0
02110,"Juneau City and Borough, AK",2023,84994.0
02110,"Juneau City and Borough, AK",2024,88889.0
02122,"Kenai Peninsula Borough, AK*",2019,53949.0
02122,"Kenai Peninsula Borough, AK*",2020,55824.0
02122,"Kenai Peninsula Borough, AK*",2021,59273.0
02122,"Kenai Peninsula Borough, AK*",2022,60619.0
02122,"Kenai Peninsula Borough, AK*",2023,63937.0
02122,"Kenai Peninsula Borough, AK*",2024,67429.0
02130,"Ketchikan Gateway Borough, AK*",2019,68096.0
02130,"Ketchikan Gateway Borough, AK*",2020,66172.0
02130,"Ketchikan Gateway Borough, AK*",2021,69898.0
02130,"Ketchikan Gateway Borough, AK*",2022,74038.0
02130,"Ketchikan Gateway Borough, AK*",2023,80857.0
02130,"Ketchikan Gateway Borough, AK*",2024,85247.0
02150,"Kodiak Island Borough, AK",2019,61991.0
02150,"Kodiak Island Borough, AK",2020,65487.0
02150,"Kodiak Island Borough, AK",2021,68994.0
02150,"Kodiak Island Borough, AK",2022,71765.0
02150,"Kodiak Island Borough, AK",2023,75475.0
02150,"Kodiak Island Borough, AK",2024,76286.0
02158,"Kusilvak Census Area, AK*",2019,30878.0
02158,"Kusilvak Census Area, AK*",2020,32537.0
02158,"Kusilvak Census Area, AK*",2021,36002.0
02158,"Kusilvak Census Area, AK*",2022,37634.0
02158,"Kusilvak Census Area, AK*",2023,36837.0
02158,"Kusilvak Census Area, AK*",2024,37765.0
02164,"Lake and Peninsula Borough, AK*",2019,57446.0
02164,"Lake and Peninsula Borough, AK*",2020,58130.0
02164,"Lake and Peninsula Borough, AK*",2021,64173.0
02164,"Lake and Peninsula Borough, AK*",2022,68770.0
02164,"Lake and Peninsula Borough, AK*",2023,74522.0
02164,"Lake and Peninsula Borough, AK*",2024,76538.0
02170,"Matanuska-Susitna Borough, AK",2019,50081.0
02170,"Matanuska-Susitna Borough, AK",2020,52389.0
02170,"Matanuska-Susitna Borough, AK",2021,55106.0
02170,"Matanuska-Susitna Borough, AK",2022,58517.0
02170,"Matanuska-Susitna Borough, AK",2023,60480.0
02170,"Matanuska-Susitna Borough, AK",2024,63994.0
02180,"Nome Census Area, AK",2019,52214.0
02180,"Nome Census Area, AK",2020,53853.0
02180,"Nome Census Area, AK",2021,57853.0
02180,"Nome Census Area, AK",2022,63826.0
02180,"Nome Census Area, AK",2023,64236.0
02180,"Nome Census Area, AK",2024,68245.0
02185,"North Slope Borough, AK*",2019,79609.0
02185,"North Slope Borough, AK*",2020,76086.0
02185,"North Slope Borough, AK*",2021,71832.0
02185,"North Slope Borough, AK*",2022,77563.0
02185,"North Slope Borough, AK*",2023,86211.0
02185,"North Slope Borough, AK*",2024,92214.0
02188,"Northwest Arctic Borough, AK",2019,47530.0
02188,"Northwest Arctic Borough, AK",2020,48963.0
02188,"Northwest Arctic Borough, AK",2021,51935.0
02188,"Northwest Arctic Borough, AK",2022,55837.0
02188,"Northwest Arctic Borough, AK",2023,57365.0
02188,"Northwest Arctic Borough, AK",2024,62888.0
02195,"Petersburg Borough, AK*",2019,66173.0
02195,"Petersburg Borough, AK*",2020,68780.0
02195,"Petersburg Borough, AK*",2021,76156.0
02195,"Petersburg Borough, AK*",2022,74795.0
02195,"Petersburg Borough, AK*",2023,82157.0
02195,"Petersburg Borough, AK*",2024,82785.0
02198,"Prince of Wales-Hyder Census Area, AK*",2019,48549.0
02198,"Prince of Wales-Hyder Census Area, AK*",2020,51457.0
02198,"Prince of Wales-Hyder Census Area, AK*",2021,54197.0
02198,"Prince of Wales-Hyder Census Area, AK*",2022,53795.0
02198,"Prince of Wales-Hyder Census Area, AK*",2023,55078.0
02198,"Prince of Wales-Hyder Census Area, AK*",2024,56996.0
02201,"Prince of Wales-Outer Ketchikan Census Area, AK*",2019,0.0
02201,"Prince of Wales-Outer Ketchikan Census Area, AK*",2020,0.0
02201,"Prince of Wales-Outer Ketchikan Census Area, AK*",2021,0.0
02201,"Prince of Wales-Outer Ketchikan Census Area, AK*",2022,0.0
02201,"Prince of Wales-Outer Ketchikan Census Area, AK*",2023,0.0
02201,"Prince of Wales-Outer Ketchikan Census Area, AK*",2024,0.0
02220,"Sitka City and Borough, AK*",2019,68615.0
02220,"Sitka City and Borough, AK*",2020,67832.0
02220,"Sitka City and Borough, AK*",2021,78440.0
02220,"Sitka City and Borough, AK*",2022,80290.0
02220,"Sitka City and Borough, AK*",2023,88103.0
02220,"Sitka City and Borough, AK*",2024,91448.0
02230,"Skagway Municipality, AK*",2019,76286.0
02230,"Skagway Municipality, AK*",2020,57988.0
02230,"Skagway Municipality, AK*",2021,69151.0
02230,"Skagway Municipality, AK*",2022,78328.0
02230,"Skagway Municipality, AK*",2023,92627.0
02230,"Skagway Municipality, AK*",2024,99837.0
02231,"Skagway-Yakutat-Angoon Census Area, AK*",2019,0.0
02231,"Skagway-Yakutat-Angoon Census Area, AK*",2020,0.0
02231,"Skagway-Yakutat-Angoon Census Area, AK*",2021,0.0
02231,"Skagway-Yakutat-Angoon Census Area, AK*",2022,0.0
02231,"Skagway-Yakutat-Angoon Census Area, AK*",2023,0.0
02231,"Skagway-Yakutat-Angoon Census Area, AK*",2024,0.0
02232,"Skagway-Hoonah-Angoon Census Area, AK*",2019,0.0
02232,"Skagway-Hoonah-Angoon Census Area, AK*",2020,0.0
02232,"Skagway-Hoonah-Angoon Census Area, AK*",2021,0.0
02232,"Skagway-Hoonah-Angoon Census Area, AK*",2022,0.0
02232,"Skagway-Hoonah-Angoon Census Area, AK*",2023,0.0
02232,"Skagway-Hoonah-Angoon Census Area, AK*",2024,0.0
02240,"Southeast Fairbanks Census Area, AK*",2019,51657.0
02240,"Southeast Fairbanks Census Area, AK*",2020,53248.0
02240,"Southeast Fairbanks Census Area, AK*",2021,59350.0
02240,"Southeast Fairbanks Census Area, AK*",2022,61056.0
02240,"Southeast Fairbanks Census Area, AK*",2023,64682.0
02240,"Southeast Fairbanks Census Area, AK*",2024,68784.0
02261,"Valdez-Cordova Census Area, AK*",2019,59026.0
02261,"Valdez-Cordova Census Area, AK*",2020,0.0
02261,"Valdez-Cordova Census Area, AK*",2021,0.0
02261,"Valdez-Cordova Census Area, AK*",2022,0.0
02261,"Valdez-Cordova Census Area, AK*",2023,0.0
02261,"Valdez-Cordova Census Area, AK*",2024,0.0
02275,"Wrangell City and Borough, AK*",2019,54429.0
02275,"Wrangell City and Borough, AK*",2020,56515.0
02275,"Wrangell City and Borough, AK*",2021,60515.0
02275,"Wrangell City and Borough, AK*",2022,61337.0
02275,"Wrangell City and Borough, AK*",2023,64204.0
02275,"Wrangell City and Borough, AK*",2024,67715.0
02280,"Wrangell-Petersburg Census Area, AK*",2019,0.0
02280,"Wrangell-Petersburg Census Area, AK*",2020,0.0
02280,"Wrangell-Petersburg Census Area, AK*",2021,0.0
02280,"Wrangell-Petersburg Census Area, AK*",2022,0.0
02280,"Wrangell-Petersburg Census Area, AK*",2023,0.0
02280,"Wrangell-Petersburg Census Area, AK*",2024,0.0
02282,"Yakutat City and Borough, AK*",2019,58725.0
02282,"Yakutat City and Borough, AK*",2020,58933.0
02282,"Yakutat City and Borough, AK*",2021,63156.0
02282,"Yakutat City and Borough, AK*",2022,63377.0
02282,"Yakutat City and Borough, AK*",2023,63173.0
02282,"Yakutat City and Borough, AK*",2024,64065.0
02290,"Yukon-Koyukuk Census Area, AK*",2019,55962.0
02290,"Yukon-Koyukuk Census Area, AK*",2020,57909.0
02290,"Yukon-Koyukuk Census Area, AK*",2021,62442.0
02290,"Yukon-Koyukuk Census Area, AK*",2022,65751.0
02290,"Yukon-Koyukuk Census Area, AK*",2023,68561.0
02290,"Yukon-Koyukuk Census Area, AK*",2024,73588.0
02901,"Aleutian Islands Division, AK*",2019,0.0
02901,"Aleutian Islands Division, AK*",2020,0.0
02901,"Aleutian Islands Division, AK*",2021,0.0
02901,"Aleutian Islands Division, AK*",2022,0.0
02901,"Aleutian Islands Division, AK*",2023,0.0
02901,"Aleutian Islands Division, AK*",2024,0.0
02903,"Angoon Division, AK*",2019,0.0
02903,"Angoon Division, AK*",2020,0.0
02903,"Angoon Division, AK*",2021,0.0
02903,"Angoon Division, AK*",2022,0.0
02903,"Angoon Division, AK*",2023,0.0
02903,"Angoon Division, AK*",2024,0.0
02904,"Barrow-North Slope Division, AK*",2019,0.0
02904,"Barrow-North Slope Division, AK*",2020,0.0
02904,"Barrow-North Slope Division, AK*",2021,0.0
02904,"Barrow-North Slope Division, AK*",2022,0.0
02904,"Barrow-North Slope Division, AK*",2023,0.0
02904,"Barrow-North Slope Division, AK*",2024,0.0
02905,"Bethel Division, AK*",2019,0.0
02905,"Bethel Division, AK*",2020,0.0
02905,"Bethel Division, AK*",2021,0.0
02905,"Bethel Division, AK*",2022,0.0
02905,"Bethel Division, AK*",2023,0.0
02905,"Bethel Division, AK*",2024,0.0
02907,"Bristol Bay Division, AK*",2019,0.0
02907,"Bristol Bay Division, AK*",2020,0.0
02907,"Bristol Bay Division, AK*",2021,0.0
02907,"Bristol Bay Division, AK*",2022,0.0
02907,"Bristol Bay Division, AK*",2023,0.0
02907,"Bristol Bay Division, AK*",2024,0.0
02908,"Cordova-McCarthy Division, AK*",2019,0.0
02908,"Cordova-McCarthy Division, AK*",2020,0.0
02908,"Cordova-McCarthy Division, AK*",2021,0.0
02908,"Cordova-McCarthy Division, AK*",2022,0.0
02908,"Cordova-McCarthy Division, AK*",2023,0.0
02908,"Cordova-McCarthy Division, AK*",2024,0.0
02910,"Haines Division, AK*",2019,0.0
02910,"Haines Division, AK*",2020,0.0
02910,"Haines Division, AK*",2021,0.0
02910,"Haines Division, AK*",2022,0.0
02910,"Haines Division, AK*",2023,0.0
02910,"Haines Division, AK*",2024,0.0
02912,"Kenai-Cook Inlet Division, AK*",2019,0.0
02912,"Kenai-Cook Inlet Division, AK*",2020,0.0
02912,"Kenai-Cook Inlet Division, AK*",2021,0.0
02912,"Kenai-Cook Inlet Division, AK*",2022,0.0
02912,"Kenai-Cook Inlet Division, AK*",2023,0.0
02912,"Kenai-Cook Inlet Division, AK*",2024,0.0
02916,"Kuskokwim Division, AK*",2019,0.0
02916,"Kuskokwim Division, AK*",2020,0.0
02916,"Kuskokwim Division, AK*",2021,0.0
02916,"Kuskokwim Division, AK*",2022,0.0
02916,"Kuskokwim Division, AK*",2023,0.0
02916,"Kuskokwim Division, AK*",2024,0.0
02919,"Outer Ketchikan Division, AK*",2019,0.0
02919,"Outer Ketchikan Division, AK*",2020,0.0
02919,"Outer Ketchikan Division, AK*",2021,0.0
02919,"Outer Ketchikan Division, AK*",2022,0.0
02919,"Outer Ketchikan Division, AK*",2023,0.0
02919,"Outer Ketchikan Division, AK*",2024,0.0
02920,"Prince of Wales Division, AK*",2019,0.0
02920,"Prince of Wales Division, AK*",2020,0.0
02920,"Prince of Wales Division, AK*",2021,0.0
02920,"Prince of Wales Division, AK*",2022,0.0
02920,"Prince of Wales Division, AK*",2023,0.0
02920,"Prince of Wales Division, AK*",2024,0.0
02921,"Seward Division, AK*",2019,0.0
02921,"Seward Division, AK*",2020,0.0
02921,"Seward Division, AK*",2021,0.0
02921,"Seward Division, AK*",2022,0.0
02921,"Seward Division, AK*",2023,0.0
02921,"Seward Division, AK*",2024,0.0
02922,"Sitka Division, AK*",2019,0.0
02922,"Sitka Division, AK*",2020,0.0
02922,"Sitka Division, AK*",2021,0.0
02922,"Sitka Division, AK*",2022,0.0
02922,"Sitka Division, AK*",2023,0.0
02922,"Sitka Division, AK*",2024,0.0
02923,"Skagway-Yakutat Division, AK*",2019,0.0
02923,"Skagway-Yakutat Division, AK*",2020,0.0
02923,"Skagway-Yakutat Division, AK*",2021,0.0
02923,"Skagway-Yakutat Division, AK*",2022,0.0
02923,"Skagway-Yakutat Division, AK*",2023,0.0
02923,"Skagway-Yakutat Division, AK*",2024,0.0
02924,"Southeast Fairbanks Division, AK*",2019,0.0
02924,"Southeast Fairbanks Division, AK*",2020,0.0
02924,"Southeast Fairbanks Division, AK*",2021,0.0
02924,"Southeast Fairbanks Division, AK*",2022,0.0
02924,"Southeast Fairbanks Division, AK*",2023,0.0
02924,"Southeast Fairbanks Division, AK*",2024,0.0
02925,"Upper Yukon Division, AK*",2019,0.0
02925,"Upper Yukon Division, AK*",2020,0.0
02925,"Upper Yukon Division, AK*",2021,0.0
02925,"Upper Yukon Division, AK*",2022,0.0
02925,"Upper Yukon Division, AK*",2023,0.0
02925,"Upper Yukon Division, AK*",2024,0.0
02926,"Valdez-Chitina-Whittier Division, AK*",2019,0.0
02926,"Valdez-Chitina-Whittier Division, AK*",2020,0.0
02926,"Valdez-Chitina-Whittier Division, AK*",2021,0.0
02926,"Valdez-Chitina-Whittier Division, AK*",2022,0.0
02926,"Valdez-Chitina-Whittier Division, AK*",2023,0.0
02926,"Valdez-Chitina-Whittier Division, AK*",2024,0.0
02928,"Wrangell-Petersburg Division, AK*",2019,0.0
02928,"Wrangell-Petersburg Division, AK*",2020,0.0
02928,"Wrangell-Petersburg Division, AK*",2021,0.0
02928,"Wrangell-Petersburg Division, AK*",2022,0.0
02928,"Wrangell-Petersburg Division, AK*",2023,0.0
02928,"Wrangell-Petersburg Division, AK*",2024,0.0
02929,"Yukon-Koyukuk Division, AK*",2019,0.0
02929,"Yukon-Koyukuk Division, AK*",2020,0.0
02929,"Yukon-Koyukuk Division, AK*",2021,0.0
02929,"Yukon-Koyukuk Division, AK*",2022,0.0
02929,"Yukon-Koyukuk Division, AK*",2023,0.0
02929,"Yukon-Koyukuk Division, AK*",2024,0.0
04001,"Apache, AZ",2019,36825.0
04001,"Apache, AZ",2020,42174.0
04001,"Apache, AZ",2021,46121.0
04001,"Apache, AZ",2022,46200.0
04001,"Apache, AZ",2023,47944.0
04001,"Apache, AZ",2024,48830.0
04003,"Cochise, AZ",2019,41289.0
04003,"Cochise, AZ",2020,46875.0
04003,"Cochise, AZ",2021,49857.0
04003,"Cochise, AZ",2022,50543.0
04003,"Cochise, AZ",2023,53450.0
04003,"Cochise, AZ",2024,55303.0
04005,"Coconino, AZ",2019,48976.0
04005,"Coconino, AZ",2020,52892.0
04005,"Coconino, AZ",2021,58357.0
04005,"Coconino, AZ",2022,58530.0
04005,"Coconino, AZ",2023,61736.0
04005,"Coconino, AZ",2024,63794.0
04007,"Gila, AZ",2019,40582.0
04007,"Gila, AZ",2020,45005.0
04007,"Gila, AZ",2021,49718.0
04007,"Gila, AZ",2022,50241.0
04007,"Gila, AZ",2023,53556.0
04007,"Gila, AZ",2024,57097.0
04009,"Graham, AZ",2019,32038.0
04009,"Graham, AZ",2020,35956.0
04009,"Graham, AZ",2021,39194.0
04009,"Graham, AZ",2022,41225.0
04009,"Graham, AZ",2023,42907.0
04009,"Graham, AZ",2024,44164.0
04011,"Greenlee, AZ",2019,40517.0
04011,"Greenlee, AZ",2020,43197.0
04011,"Greenlee, AZ",2021,48332.0
04011,"Greenlee, AZ",2022,52784.0
04011,"Greenlee, AZ",2023,55713.0
04011,"Greenlee, AZ",2024,58574.0
04012,"La Paz, AZ*",2019,42741.0
04012,"La Paz, AZ*",2020,46510.0
04012,"La Paz, AZ*",2021,53237.0
04012,"La Paz, AZ*",2022,57037.0
04012,"La Paz, AZ*",2023,56996.0
04012,"La Paz, AZ*",2024,57451.0
04013,"Maricopa, AZ",2019,51612.0
04013,"Maricopa, AZ",2020,56026.0
04013,"Maricopa, AZ",2021,61834.0
04013,"Maricopa, AZ",2022,64296.0
04013,"Maricopa, AZ",2023,68833.0
04013,"Maricopa, AZ",2024,72176.0
04015,"Mohave, AZ",2019,35487.0
04015,"Mohave, AZ",2020,39063.0
04015,"Mohave, AZ",2021,43086.0
04015,"Mohave, AZ",2022,43642.0
04015,"Mohave, AZ",2023,46106.0
04015,"Mohave, AZ",2024,48586.0
04017,"Navajo, AZ",2019,33464.0
04017,"Navajo, AZ",2020,38616.0
04017,"Navajo, AZ",2021,42431.0
04017,"Navajo, AZ",2022,42923.0
04017,"Navajo, AZ",2023,45016.0
04017,"Navajo, AZ",2024,46577.0
04019,"Pima, AZ",2019,45477.0
04019,"Pima, AZ",2020,49629.0
04019,"Pima, AZ",2021,53840.0
04019,"Pima, AZ",2022,54802.0
04019,"Pima, AZ",2023,58535.0
04019,"Pima, AZ",2024,60425.0
04021,"Pinal, AZ",2019,37329.0
04021,"Pinal, AZ",2020,41088.0
04021,"Pinal, AZ",2021,44906.0
04021,"Pinal, AZ",2022,46908.0
04021,"Pinal, AZ",2023,49098.0
04021,"Pinal, AZ",2024,50771.0
04023,"Santa Cruz, AZ",2019,38110.0
04023,"Santa Cruz, AZ",2020,43187.0
04023,"Santa Cruz, AZ",2021,48024.0
04023,"Santa Cruz, AZ",2022,46579.0
04023,"Santa Cruz, AZ",2023,49886.0
04023,"Santa Cruz, AZ",2024,50841.0
04025,"Yavapai, AZ",2019,42739.0
04025,"Yavapai, AZ",2020,46938.0
04025,"Yavapai, AZ",2021,50919.0
04025,"Yavapai, AZ",2022,52023.0
04025,"Yavapai, AZ",2023,57376.0
04025,"Yavapai, AZ",2024,60854.0
04027,"Yuma, AZ*",2019,36950.0
04027,"Yuma, AZ*",2020,42177.0
04027,"Yuma, AZ*",2021,44513.0
04027,"Yuma, AZ*",2022,44828.0
04027,"Yuma, AZ*",2023,46666.0
04027,"Yuma, AZ*",2024,47582.0
05001,"Arkansas, AR",2019,47447.0
05001,"Arkansas, AR",2020,51909.0
05001,"Arkansas, AR",2021,59772.0
05001,"Arkansas, AR",2022,58426.0
05001,"Arkansas, AR",2023,64520.0
05001,"Arkansas, AR",2024,61998.0
05003,"Ashley, AR",2019,38318.0
05003,"Ashley, AR",2020,39913.0
05003,"Ashley, AR",2021,43389.0
05003,"Ashley, AR",2022,43540.0
05003,"Ashley, AR",2023,45107.0
05003,"Ashley, AR",2024,47973.0
05005,"Baxter, AR",2019,38452.0
05005,"Baxter, AR",2020,41240.0
05005,"Baxter, AR",2021,44535.0
05005,"Baxter, AR",2022,44190.0
05005,"Baxter, AR",2023,46263.0
05005,"Baxter, AR",2024,48272.0
05007,"Benton, AR",2019,82922.0
05007,"Benton, AR",2020,83109.0
05007,"Benton, AR",2021,105578.0
05007,"Benton, AR",2022,108539.0
05007,"Benton, AR",2023,116244.0
05007,"Benton, AR",2024,120594.0
05009,"Boone, AR",2019,36411.0
05009,"Boone, AR",2020,38689.0
05009,"Boone, AR",2021,43091.0
05009,"Boone, AR",2022,42859.0
05009,"Boone, AR",2023,43959.0
05009,"Boone, AR",2024,46825.0
05011,"Bradley, AR",2019,40230.0
05011,"Bradley, AR",2020,43227.0
05011,"Bradley, AR",2021,47691.0
05011,"Bradley, AR",2022,47939.0
05011,"Bradley, AR",2023,49024.0
05011,"Bradley, AR",2024,51688.0
05013,"Calhoun, AR",2019,39003.0
05013,"Calhoun, AR",2020,42642.0
05013,"Calhoun, AR",2021,46800.0
05013,"Calhoun, AR",2022,46167.0
05013,"Calhoun, AR",2023,48337.0
05013,"Calhoun, AR",2024,52035.0
05015,"Carroll, AR",2019,32492.0
05015,"Carroll, AR",2020,34966.0
05015,"Carroll, AR",2021,41310.0
05015,"Carroll, AR",2022,41851.0
05015,"Carroll, AR",2023,40869.0
05015,"Carroll, AR",2024,45250.0
05017,"Chicot, AR",2019,38244.0
05017,"Chicot, AR",2020,44310.0
05017,"Chicot, AR",2021,48531.0
05017,"Chicot, AR",2022,46902.0
05017,"Chicot, AR",2023,50151.0
05017,"Chicot, AR",2024,51481.0
05019,"Clark, AR",2019,38392.0
05019,"Clark, AR",2020,41657.0
05019,"Clark, AR",2021,43596.0
05019,"Clark, AR",2022,42448.0
05019,"Clark, AR",2023,44594.0
05019,"Clark, AR",2024,46783.0
05021,"Clay, AR",2019,34862.0
05021,"Clay, AR",2020,39311.0
05021,"Clay, AR",2021,44413.0
05021,"Clay, AR",2022,44275.0
05021,"Clay, AR",2023,46675.0
05021,"Clay, AR",2024,47192.0
05023,"Cleburne, AR",2019,39420.0
05023,"Cleburne, AR",2020,44010.0
05023,"Cleburne, AR",2021,48201.0
05023,"Cleburne, AR",2022,47933.0
05023,"Cleburne, AR",2023,49644.0
05023,"Cleburne, AR",2024,52409.0
05025,"Cleveland, AR",2019,41433.0
05025,"Cleveland, AR",2020,42222.0
05025,"Cleveland, AR",2021,49811.0
05025,"Cleveland, AR",2022,52655.0
05025,"Cleveland, AR",2023,52021.0
05025,"Cleveland, AR",2024,56794.0
05027,"Columbia, AR",2019,38091.0
05027,"Columbia, AR",2020,41340.0
05027,"Columbia, AR",2021,44786.0
05027,"Columbia, AR",2022,45009.0
05027,"Columbia, AR",2023,48000.0
05027,"Columbia, AR",2024,49741.0
05029,"Conway, AR",2019,38832.0
05029,"Conway, AR",2020,41850.0
05029,"Conway, AR",2021,46776.0
05029,"Conway, AR",2022,48812.0
05029,"Conway, AR",2023,48964.0
05029,"Conway, AR",2024,51282.0
05031,"Craighead, AR",2019,38554.0
05031,"Craighead, AR",2020,42298.0
05031,"Craighead, AR",2021,47249.0
05031,"Craighead, AR",2022,46945.0
05031,"Craighead, AR",2023,48695.0
05031,"Craighead, AR",2024,50720.0
05033,"Crawford, AR",2019,35307.0
05033,"Crawford, AR",2020,38151.0
05033,"Crawford, AR",2021,41845.0
05033,"Crawford, AR",2022,41931.0
05033,"Crawford, AR",2023,43422.0
05033,"Crawford, AR",2024,45258.0
05035,"Crittenden, AR",2019,37957.0
05035,"Crittenden, AR",2020,41844.0
05035,"Crittenden, AR",2021,45616.0
05035,"Crittenden, AR",2022,45412.0
05035,"Crittenden, AR",2023,46343.0
05035,"Crittenden, AR",2024,47489.0
05037,"Cross, AR",2019,35880.0
05037,"Cross, AR",2020,40251.0
05037,"Cross, AR",2021,43466.0
05037,"Cross, AR",2022,42684.0
05037,"Cross, AR",2023,45178.0
05037,"Cross, AR",2024,46008.0
05039,"Dallas, AR",2019,39386.0
05039,"Dallas, AR",2020,43724.0
05039,"Dallas, AR",2021,46961.0
05039,"Dallas, AR",2022,47129.0
05039,"Dallas, AR",2023,49072.0
05039,"Dallas, AR",2024,51824.0
05041,"Desha, AR",2019,38211.0
05041,"Desha, AR",2020,44635.0
05041,"Desha, AR",2021,49968.0
05041,"Desha, AR",2022,48826.0
05041,"Desha, AR",2023,51940.0
05041,"Desha, AR",2024,52490.0
05043,"Drew, AR",2019,38521.0
05043,"Drew, AR",2020,42862.0
05043,"Drew, AR",2021,46495.0
05043,"Drew, AR",2022,46616.0
05043,"Drew, AR",2023,48037.0
05043,"Drew, AR",2024,49891.0
05045,"Faulkner, AR",2019,40359.0
05045,"Faulkner, AR",2020,44413.0
05045,"Faulkner, AR",2021,47949.0
05045,"Faulkner, AR",2022,47981.0
05045,"Faulkner, AR",2023,50381.0
05045,"Faulkner, AR",2024,52556.0
05047,"Franklin, AR",2019,33926.0
05047,"Franklin, AR",2020,35788.0
05047,"Franklin, AR",2021,41281.0
05047,"Franklin, AR",2022,42975.0
05047,"Franklin, AR",2023,42829.0
05047,"Franklin, AR",2024,47157.0
05049,"Fulton, AR",2019,28908.0
05049,"Fulton, AR",2020,32659.0
05049,"Fulton, AR",2021,35372.0
05049,"Fulton, AR",2022,34815.0
05049,"Fulton, AR",2023,35634.0
05049,"Fulton, AR",2024,36902.0
05051,"Garland, AR",2019,41376.0
05051,"Garland, AR",2020,45084.0
05051,"Garland, AR",2021,48540.0
05051,"Garland, AR",2022,48493.0
05051,"Garland, AR",2023,51137.0
05051,"Garland, AR",2024,53635.0
05053,"Grant, AR",2019,40360.0
05053,"Grant, AR",2020,43023.0
05053,"Grant, AR",2021,46490.0
05053,"Grant, AR",2022,47568.0
05053,"Grant, AR",2023,49889.0
05053,"Grant, AR",2024,52550.0
05055,"Greene, AR",2019,35697.0
05055,"Greene, AR",2020,39295.0
05055,"Greene, AR",2021,42149.0
05055,"Greene, AR",2022,41673.0
05055,"Greene, AR",2023,43697.0
05055,"Greene, AR",2024,44671.0
05057,"Hempstead, AR",2019,33456.0
05057,"Hempstead, AR",2020,35577.0
05057,"Hempstead, AR",2021,41258.0
05057,"Hempstead, AR",2022,44056.0
05057,"Hempstead, AR",2023,42599.0
05057,"Hempstead, AR",2024,46617.0
05059,"Hot Spring, AR",2019,32279.0
05059,"Hot Spring, AR",2020,35033.0
05059,"Hot Spring, AR",2021,37846.0
05059,"Hot Spring, AR",2022,38146.0
05059,"Hot Spring, AR",2023,39522.0
05059,"Hot Spring, AR",2024,41293.0
05061,"Howard, AR",2019,34913.0
05061,"Howard, AR",2020,35877.0
05061,"Howard, AR",2021,44237.0
05061,"Howard, AR",2022,49425.0
05061,"Howard, AR",2023,46340.0
05061,"Howard, AR",2024,52293.0
05063,"Independence, AR",2019,35947.0
05063,"Independence, AR",2020,38638.0
05063,"Independence, AR",2021,43241.0
05063,"Independence, AR",2022,45238.0
05063,"Independence, AR",2023,47155.0
05063,"Independence, AR",2024,49157.0
05065,"Izard, AR",2019,30704.0
05065,"Izard, AR",2020,32900.0
05065,"Izard, AR",2021,34845.0
05065,"Izard, AR",2022,35479.0
05065,"Izard, AR",2023,37284.0
05065,"Izard, AR",2024,39333.0
05067,"Jackson, AR",2019,37686.0
05067,"Jackson, AR",2020,42128.0
05067,"Jackson, AR",2021,44723.0
05067,"Jackson, AR",2022,46315.0
05067,"Jackson, AR",2023,51262.0
05067,"Jackson, AR",2024,50459.0
05069,"Jefferson, AR",2019,35205.0
05069,"Jefferson, AR",2020,38388.0
05069,"Jefferson, AR",2021,41473.0
05069,"Jefferson, AR",2022,41503.0
05069,"Jefferson, AR",2023,43436.0
05069,"Jefferson, AR",2024,44232.0
05071,"Johnson, AR",2019,29497.0
05071,"Johnson, AR",2020,31832.0
05071,"Johnson, AR",2021,35402.0
05071,"Johnson, AR",2022,35830.0
05071,"Johnson, AR",2023,35290.0
05071,"Johnson, AR",2024,37274.0
05073,"Lafayette, AR",2019,37074.0
05073,"Lafayette, AR",2020,40542.0
05073,"Lafayette, AR",2021,47973.0
05073,"Lafayette, AR",2022,50336.0
05073,"Lafayette, AR",2023,50473.0
05073,"Lafayette, AR",2024,55234.0
05075,"Lawrence, AR",2019,34133.0
05075,"Lawrence, AR",2020,38967.0
05075,"Lawrence, AR",2021,40871.0
05075,"Lawrence, AR",2022,42867.0
05075,"Lawrence, AR",2023,44095.0
05075,"Lawrence, AR",2024,43454.0
05077,"Lee, AR",2019,30025.0
05077,"Lee, AR",2020,33059.0
05077,"Lee, AR",2021,38835.0
05077,"Lee, AR",2022,37417.0
05077,"Lee, AR",2023,38558.0
05077,"Lee, AR",2024,40453.0
05079,"Lincoln, AR",2019,27270.0
05079,"Lincoln, AR",2020,29361.0
05079,"Lincoln, AR",2021,32973.0
05079,"Lincoln, AR",2022,33785.0
05079,"Lincoln, AR",2023,33699.0
05079,"Lincoln, AR",2024,36032.0
05081,"Little River, AR",2019,34439.0
05081,"Little River, AR",2020,37544.0
05081,"Little River, AR",2021,41193.0
05081,"Little River, AR",2022,42104.0
05081,"Little River, AR",2023,43769.0
05081,"Little River, AR",2024,47040.0
05083,"Logan, AR",2019,33171.0
05083,"Logan, AR",2020,35514.0
05083,"Logan, AR",2021,39532.0
05083,"Logan, AR",2022,41225.0
05083,"Logan, AR",2023,41277.0
05083,"Logan, AR",2024,44503.0
05085,"Lonoke, AR",2019,40632.0
05085,"Lonoke, AR",2020,44888.0
05085,"Lonoke, AR",2021,49504.0
05085,"Lonoke, AR",2022,48790.0
05085,"Lonoke, AR",2023,51732.0
05085,"Lonoke, AR",2024,53746.0
05087,"Madison, AR",2019,34084.0
05087,"Madison, AR",2020,35140.0
05087,"Madison, AR",2021,43489.0
05087,"Madison, AR",2022,45332.0
05087,"Madison, AR",2023,42908.0
05087,"Madison, AR",2024,49116.0
05089,"Marion, AR",2019,31312.0
05089,"Marion, AR",2020,33801.0
05089,"Marion, AR",2021,37859.0
05089,"Marion, AR",2022,37177.0
05089,"Marion, AR",2023,38533.0
05089,"Marion, AR",2024,40556.0
05091,"Miller, AR",2019,34836.0
05091,"Miller, AR",2020,37875.0
05091,"Miller, AR",2021,41095.0
05091,"Miller, AR",2022,40367.0
05091,"Miller, AR",2023,42505.0
05091,"Miller, AR",2024,44980.0
05093,"Mississippi, AR",2019,35221.0
05093,"Mississippi, AR",2020,37967.0
05093,"Mississippi, AR",2021,45653.0
05093,"Mississippi, AR",2022,44455.0
05093,"Mississippi, AR",2023,47747.0
05093,"Mississippi, AR",2024,52873.0
05095,"Monroe, AR",2019,34015.0
05095,"Monroe, AR",2020,39358.0
05095,"Monroe, AR",2021,43112.0
05095,"Monroe, AR",2022,42112.0
05095,"Monroe, AR",2023,46171.0
05095,"Monroe, AR",2024,45207.0
05097,"Montgomery, AR",2019,31739.0
05097,"Montgomery, AR",2020,34615.0
05097,"Montgomery, AR",2021,38381.0
05097,"Montgomery, AR",2022,38847.0
05097,"Montgomery, AR",2023,40431.0
05097,"Montgomery, AR",2024,43048.0
05099,"Nevada, AR",2019,33366.0
05099,"Nevada, AR",2020,35339.0
05099,"Nevada, AR",2021,39620.0
05099,"Nevada, AR",2022,40770.0
05099,"Nevada, AR",2023,40118.0
05099,"Nevada, AR",2024,43035.0
05101,"Newton, AR",2019,32625.0
05101,"Newton, AR",2020,35333.0
05101,"Newton, AR",2021,39591.0
05101,"Newton, AR",2022,38229.0
05101,"Newton, AR",2023,39680.0
05101,"Newton, AR",2024,41851.0
05103,"Ouachita, AR",2019,39517.0
05103,"Ouachita, AR",2020,43398.0
05103,"Ouachita, AR",2021,47352.0
05103,"Ouachita, AR",2022,48245.0
05103,"Ouachita, AR",2023,50691.0
05103,"Ouachita, AR",2024,53075.0
05105,"Perry, AR",2019,37312.0
05105,"Perry, AR",2020,40358.0
05105,"Perry, AR",2021,44388.0
05105,"Perry, AR",2022,46390.0
05105,"Perry, AR",2023,47450.0
05105,"Perry, AR",2024,50849.0
05107,"Phillips, AR",2019,35405.0
05107,"Phillips, AR",2020,40209.0
05107,"Phillips, AR",2021,46409.0
05107,"Phillips, AR",2022,45037.0
05107,"Phillips, AR",2023,46628.0
05107,"Phillips, AR",2024,46172.0
05109,"Pike, AR",2019,33371.0
05109,"Pike, AR",2020,35458.0
05109,"Pike, AR",2021,41098.0
05109,"Pike, AR",2022,42482.0
05109,"Pike, AR",2023,42029.0
05109,"Pike, AR",2024,46345.0
05111,"Poinsett, AR",2019,34710.0
05111,"Poinsett, AR",2020,38605.0
05111,"Poinsett, AR",2021,43285.0
05111,"Poinsett, AR",2022,44279.0
05111,"Poinsett, AR",2023,46991.0
05111,"Poinsett, AR",2024,47523.0
05113,"Polk, AR",2019,31262.0
05113,"Polk, AR",2020,33863.0
05113,"Polk, AR",2021,38353.0
05113,"Polk, AR",2022,40318.0
05113,"Polk, AR",2023,40041.0
05113,"Polk, AR",2024,44039.0
05115,"Pope, AR",2019,35998.0
05115,"Pope, AR",2020,37836.0
05115,"Pope, AR",2021,41793.0
05115,"Pope, AR",2022,41929.0
05115,"Pope, AR",2023,43273.0
05115,"Pope, AR",2024,45559.0
05117,"Prairie, AR",2019,34354.0
05117,"Prairie, AR",2020,40855.0
05117,"Prairie, AR",2021,44887.0
05117,"Prairie, AR",2022,44683.0
05117,"Prairie, AR",2023,49477.0
05117,"Prairie, AR",2024,47967.0
05119,"Pulaski, AR",2019,51353.0
05119,"Pulaski, AR",2020,55853.0
05119,"Pulaski, AR",2021,61313.0
05119,"Pulaski, AR",2022,60467.0
05119,"Pulaski, AR",2023,64790.0
05119,"Pulaski, AR",2024,67740.0
05121,"Randolph, AR",2019,33464.0
05121,"Randolph, AR",2020,36989.0
05121,"Randolph, AR",2021,40731.0
05121,"Randolph, AR",2022,40779.0
05121,"Randolph, AR",2023,41145.0
05121,"Randolph, AR",2024,43312.0
05123,"St. Francis, AR",2019,30337.0
05123,"St. Francis, AR",2020,33384.0
05123,"St. Francis, AR",2021,36880.0
05123,"St. Francis, AR",2022,36191.0
05123,"St. Francis, AR",2023,37393.0
05123,"St. Francis, AR",2024,38259.0
05125,"Saline, AR",2019,43378.0
05125,"Saline, AR",2020,47179.0
05125,"Saline, AR",2021,51701.0
05125,"Saline, AR",2022,51281.0
05125,"Saline, AR",2023,53951.0
05125,"Saline, AR",2024,56086.0
05127,"Scott, AR",2019,31528.0
05127,"Scott, AR",2020,33799.0
05127,"Scott, AR",2021,39896.0
05127,"Scott, AR",2022,41285.0
05127,"Scott, AR",2023,40376.0
05127,"Scott, AR",2024,44492.0
05129,"Searcy, AR",2019,28444.0
05129,"Searcy, AR",2020,31702.0
05129,"Searcy, AR",2021,35520.0
05129,"Searcy, AR",2022,33389.0
05129,"Searcy, AR",2023,35513.0
05129,"Searcy, AR",2024,37061.0
05131,"Sebastian, AR",2019,42756.0
05131,"Sebastian, AR",2020,45171.0
05131,"Sebastian, AR",2021,48665.0
05131,"Sebastian, AR",2022,47513.0
05131,"Sebastian, AR",2023,49341.0
05131,"Sebastian, AR",2024,51559.0
05133,"Sevier, AR",2019,33105.0
05133,"Sevier, AR",2020,35459.0
05133,"Sevier, AR",2021,42291.0
05133,"Sevier, AR",2022,45592.0
05133,"Sevier, AR",2023,43575.0
05133,"Sevier, AR",2024,48016.0
05135,"Sharp, AR",2019,34873.0
05135,"Sharp, AR",2020,37069.0
05135,"Sharp, AR",2021,41724.0
05135,"Sharp, AR",2022,43902.0
05135,"Sharp, AR",2023,43484.0
05135,"Sharp, AR",2024,46346.0
05137,"Stone, AR",2019,31262.0
05137,"Stone, AR",2020,34164.0
05137,"Stone, AR",2021,38604.0
05137,"Stone, AR",2022,36960.0
05137,"Stone, AR",2023,37992.0
05137,"Stone, AR",2024,39858.0
05139,"Union, AR",2019,44846.0
05139,"Union, AR",2020,50477.0
05139,"Union, AR",2021,52366.0
05139,"Union, AR",2022,52406.0
05139,"Union, AR",2023,55608.0
05139,"Union, AR",2024,57817.0
05141,"Van Buren, AR",2019,32749.0
05141,"Van Buren, AR",2020,35940.0
05141,"Van Buren, AR",2021,39474.0
05141,"Van Buren, AR",2022,39069.0
05141,"Van Buren, AR",2023,40746.0
05141,"Van Buren, AR",2024,42757.0
05143,"Washington, AR",2019,40471.0
05143,"Washington, AR",2020,44910.0
05143,"Washington, AR",2021,49802.0
05143,"Washington, AR",2022,49314.0
05143,"Washington, AR",2023,51419.0
05143,"Washington, AR",2024,54752.0
05145,"White, AR",2019,37040.0
05145,"White, AR",2020,40640.0
05145,"White, AR",2021,43985.0
05145,"White, AR",2022,43915.0
05145,"White, AR",2023,45927.0
05145,"White, AR",2024,48191.0
05147,"Woodruff, AR",2019,37987.0
05147,"Woodruff, AR",2020,45780.0
05147,"Woodruff, AR",2021,50755.0
05147,"Woodruff, AR",2022,51339.0
05147,"Woodruff, AR",2023,58747.0
05147,"Woodruff, AR",2024,56453.0
05149,"Yell, AR",2019,34845.0
05149,"Yell, AR",2020,36422.0
05149,"Yell, AR",2021,42749.0
05149,"Yell, AR",2022,45415.0
05149,"Yell, AR",2023,44644.0
05149,"Yell, AR",2024,48409.0
06001,"Alameda, CA",2019,79984.0
06001,"Alameda, CA",2020,88182.0
06001,"Alameda, CA",2021,98657.0
06001,"Alameda, CA",2022,100110.0
06001,"Alameda, CA",2023,104460.0
06001,"Alameda, CA",2024,111268.0
06003,"Alpine, CA",2019,78380.0
06003,"Alpine, CA",2020,75766.0
06003,"Alpine, CA",2021,74653.0
06003,"Alpine, CA",2022,69311.0
06003,"Alpine, CA",2023,78472.0
06003,"Alpine, CA",2024,88146.0
06005,"Amador, CA",2019,43900.0
06005,"Amador, CA",2020,47311.0
06005,"Amador, CA",2021,50040.0
06005,"Amador, CA",2022,48230.0
06005,"Amador, CA",2023,50637.0
06005,"Amador, CA",2024,53703.0
06007,"Butte, CA",2019,45912.0
06007,"Butte, CA",2020,51342.0
06007,"Butte, CA",2021,56051.0
06007,"Butte, CA",2022,54273.0
06007,"Butte, CA",2023,57045.0
06007,"Butte, CA",2024,61191.0
06009,"Calaveras, CA",2019,50144.0
06009,"Calaveras, CA",2020,54133.0
06009,"Calaveras, CA",2021,56739.0
06009,"Calaveras, CA",2022,56105.0
06009,"Calaveras, CA",2023,59024.0
06009,"Calaveras, CA",2024,64051.0
06011,"Colusa, CA",2019,44699.0
06011,"Colusa, CA",2020,56351.0
06011,"Colusa, CA",2021,59578.0
06011,"Colusa, CA",2022,57589.0
06011,"Colusa, CA",2023,61296.0
06011,"Colusa, CA",2024,61656.0
06013,"Contra Costa, CA",2019,80354.0
06013,"Contra Costa, CA",2020,87843.0
06013,"Contra Costa, CA",2021,94780.0
06013,"Contra Costa, CA",2022,96617.0
06013,"Contra Costa, CA",2023,102184.0
06013,"Contra Costa, CA",2024,108259.0
06015,"Del Norte, CA",2019,36526.0
06015,"Del Norte, CA",2020,41464.0
06015,"Del Norte, CA",2021,44670.0
06015,"Del Norte, CA",2022,44956.0
06015,"Del Norte, CA",2023,46919.0
06015,"Del Norte, CA",2024,50144.0
06017,"El Dorado, CA",2019,69023.0
06017,"El Dorado, CA",2020,74018.0
06017,"El Dorado, CA",2021,79498.0
06017,"El Dorado, CA",2022,79990.0
06017,"El Dorado, CA",2023,84850.0
06017,"El Dorado, CA",2024,89554.0
06019,"Fresno, CA",2019,42636.0
06019,"Fresno, CA",2020,48320.0
06019,"Fresno, CA",2021,52056.0
06019,"Fresno, CA",2022,51116.0
06019,"Fresno, CA",2023,53386.0
06019,"Fresno, CA",2024,57584.0
06021,"Glenn, CA",2019,43121.0
06021,"Glenn, CA",2020,49678.0
06021,"Glenn, CA",2021,52440.0
06021,"Glenn, CA",2022,52081.0
06021,"Glenn, CA",2023,55064.0
06021,"Glenn, CA",2024,58305.0
06023,"Humboldt, CA",2019,45760.0
06023,"Humboldt, CA",2020,50138.0
06023,"Humboldt, CA",2021,54062.0
06023,"Humboldt, CA",2022,53864.0
06023,"Humboldt, CA",2023,56165.0
06023,"Humboldt, CA",2024,62031.0
06025,"Imperial, CA",2019,37662.0
06025,"Imperial, CA",2020,46450.0
06025,"Imperial, CA",2021,48581.0
06025,"Imperial, CA",2022,46422.0
06025,"Imperial, CA",2023,48248.0
06025,"Imperial, CA",2024,52117.0
06027,"Inyo, CA",2019,57680.0
06027,"Inyo, CA",2020,59781.0
06027,"Inyo, CA",2021,61205.0
06027,"Inyo, CA",2022,59967.0
06027,"Inyo, CA",2023,67788.0
06027,"Inyo, CA",2024,72766.0
06029,"Kern, CA",2019,39301.0
06029,"Kern, CA",2020,44612.0
06029,"Kern, CA",2021,46978.0
06029,"Kern, CA",2022,45289.0
06029,"Kern, CA",2023,47452.0
06029,"Kern, CA",2024,50641.0
06031,"Kings, CA",2019,36435.0
06031,"Kings, CA",2020,41497.0
06031,"Kings, CA",2021,43931.0
06031,"Kings, CA",2022,43286.0
06031,"Kings, CA",2023,44338.0
06031,"Kings, CA",2024,47718.0
06033,"Lake, CA",2019,40193.0
06033,"Lake, CA",2020,43965.0
06033,"Lake, CA",2021,46985.0
06033,"Lake, CA",2022,45772.0
06033,"Lake, CA",2023,48323.0
06033,"Lake, CA",2024,52606.0
06035,"Lassen, CA",2019,32815.0
06035,"Lassen, CA",2020,38004.0
06035,"Lassen, CA",2021,40835.0
06035,"Lassen, CA",2022,41082.0
06035,"Lassen, CA",2023,43760.0
06035,"Lassen, CA",2024,48818.0
06037,"Los Angeles, CA",2019,62591.0
06037,"Los Angeles, CA",2020,67889.0
06037,"Los Angeles, CA",2021,73575.0
06037,"Los Angeles, CA",2022,74714.0
06037,"Los Angeles, CA",2023,78745.0
06037,"Los Angeles, CA",2024,83888.0
06039,"Madera, CA",2019,39073.0
06039,"Madera, CA",2020,44088.0
06039,"Madera, CA",2021,47950.0
06039,"Madera, CA",2022,45952.0
06039,"Madera, CA",2023,47071.0
06039,"Madera, CA",2024,51225.0
06041,"Marin, CA",2019,136592.0
06041,"Marin, CA",2020,145431.0
06041,"Marin, CA",2021,165660.0
06041,"Marin, CA",2022,168508.0
06041,"Marin, CA",2023,180661.0
06041,"Marin, CA",2024,190891.0
06043,"Mariposa, CA",2019,53858.0
06043,"Mariposa, CA",2020,57206.0
06043,"Mariposa, CA",2021,60501.0
06043,"Mariposa, CA",2022,61280.0
06043,"Mariposa, CA",2023,65784.0
06043,"Mariposa, CA",2024,70855.0
06045,"Mendocino, CA",2019,47010.0
06045,"Mendocino, CA",2020,52343.0
06045,"Mendocino, CA",2021,56503.0
06045,"Mendocino, CA",2022,55500.0
06045,"Mendocino, CA",2023,57889.0
06045,"Mendocino, CA",2024,62438.0
06047,"Merced, CA",2019,38423.0
06047,"Merced, CA",2020,44023.0
06047,"Merced, CA",2021,47939.0
06047,"Merced, CA",2022,46377.0
06047,"Merced, CA",2023,46796.0
06047,"Merced, CA",2024,51481.0
06049,"Modoc, CA",2019,46475.0
06049,"Modoc, CA",2020,54211.0
06049,"Modoc, CA",2021,56011.0
06049,"Modoc, CA",2022,59345.0
06049,"Modoc, CA",2023,60680.0
06049,"Modoc, CA",2024,68353.0
06051,"Mono, CA",2019,54933.0
06051,"Mono, CA",2020,60540.0
06051,"Mono, CA",2021,63543.0
06051,"Mono, CA",2022,66439.0
06051,"Mono, CA",2023,69431.0
06051,"Mono, CA",2024,75036.0
06053,"Monterey, CA",2019,55690.0
06053,"Monterey, CA",2020,60857.0
06053,"Monterey, CA",2021,64947.0
06053,"Monterey, CA",2022,65611.0
06053,"Monterey, CA",2023,69644.0
06053,"Monterey, CA",2024,74175.0
06055,"Napa, CA",2019,73298.0
06055,"Napa, CA",2020,83021.0
06055,"Napa, CA",2021,87446.0
06055,"Napa, CA",2022,89224.0
06055,"Napa, CA",2023,96148.0
06055,"Napa, CA",2024,103017.0
06057,"Nevada, CA",2019,60440.0
06057,"Nevada, CA",2020,65075.0
06057,"Nevada, CA",2021,70627.0
06057,"Nevada, CA",2022,71651.0
06057,"Nevada, CA",2023,76225.0
06057,"Nevada, CA",2024,80346.0
06059,"Orange, CA",2019,69616.0
06059,"Orange, CA",2020,75080.0
06059,"Orange, CA",2021,81861.0
06059,"Orange, CA",2022,84577.0
06059,"Orange, CA",2023,89480.0
06059,"Orange, CA",2024,94034.0
06061,"Placer, CA",2019,67667.0
06061,"Placer, CA",2020,73223.0
06061,"Placer, CA",2021,79633.0
06061,"Placer, CA",2022,80551.0
06061,"Placer, CA",2023,83911.0
06061,"Placer, CA",2024,87751.0
06063,"Plumas, CA",2019,49299.0
06063,"Plumas, CA",2020,54496.0
06063,"Plumas, CA",2021,58769.0
06063,"Plumas, CA",2022,60396.0
06063,"Plumas, CA",2023,65278.0
06063,"Plumas, CA",2024,71569.0
06065,"Riverside, CA",2019,43122.0
06065,"Riverside, CA",2020,47600.0
06065,"Riverside, CA",2021,51584.0
06065,"Riverside, CA",2022,51449.0
06065,"Riverside, CA",2023,53350.0
06065,"Riverside, CA",2024,56404.0
06067,"Sacramento, CA",2019,52551.0
06067,"Sacramento, CA",2020,57575.0
06067,"Sacramento, CA",2021,61795.0
06067,"Sacramento, CA",2022,62314.0
06067,"Sacramento, CA",2023,65388.0
06067,"Sacramento, CA",2024,69693.0
06069,"San Benito, CA",2019,54121.0
06069,"San Benito, CA",2020,60646.0
06069,"San Benito, CA",2021,62398.0
06069,"San Benito, CA",2022,62415.0
06069,"San Benito, CA",2023,65041.0
06069,"San Benito, CA",2024,69967.0
06071,"San Bernardino, CA",2019,41078.0
06071,"San Bernardino, CA",2020,45341.0
06071,"San Bernardino, CA",2021,49824.0
06071,"San Bernardino, CA",2022,49214.0
06071,"San Bernardino, CA",2023,50698.0
06071,"San Bernardino, CA",2024,53991.0
06073,"San Diego, CA",2019,62058.0
06073,"San Diego, CA",2020,67479.0
06073,"San Diego, CA",2021,73319.0
06073,"San Diego, CA",2022,75055.0
06073,"San Diego, CA",2023,79921.0
06073,"San Diego, CA",2024,84312.0
06075,"San Francisco, CA",2019,127302.0
06075,"San Francisco, CA",2020,136856.0
06075,"San Francisco, CA",2021,160328.0
06075,"San Francisco, CA",2022,153759.0
06075,"San Francisco, CA",2023,162335.0
06075,"San Francisco, CA",2024,171497.0
06077,"San Joaquin, CA",2019,45284.0
06077,"San Joaquin, CA",2020,51630.0
06077,"San Joaquin, CA",2021,56068.0
06077,"San Joaquin, CA",2022,56457.0
06077,"San Joaquin, CA",2023,58160.0
06077,"San Joaquin, CA",2024,63017.0
06079,"San Luis Obispo, CA",2019,59023.0
06079,"San Luis Obispo, CA",2020,63182.0
06079,"San Luis Obispo, CA",2021,68653.0
06079,"San Luis Obispo, CA",2022,68999.0
06079,"San Luis Obispo, CA",2023,73274.0
06079,"San Luis Obispo, CA",2024,77564.0
06081,"San Mateo, CA",2019,129067.0
06081,"San Mateo, CA",2020,141322.0
06081,"San Mateo, CA",2021,174510.0
06081,"San Mateo, CA",2022,162109.0
06081,"San Mateo, CA",2023,171038.0
06081,"San Mateo, CA",2024,179656.0
06083,"Santa Barbara, CA",2019,62413.0
06083,"Santa Barbara, CA",2020,69116.0
06083,"Santa Barbara, CA",2021,76898.0
06083,"Santa Barbara, CA",2022,78437.0
06083,"Santa Barbara, CA",2023,83529.0
06083,"Santa Barbara, CA",2024,88347.0
06085,"Santa Clara, CA",2019,112573.0
06085,"Santa Clara, CA",2020,122266.0
06085,"Santa Clara, CA",2021,145029.0
06085,"Santa Clara, CA",2022,141894.0
06085,"Santa Clara, CA",2023,149429.0
06085,"Santa Clara, CA",2024,157620.0
06087,"Santa Cruz, CA",2019,69475.0
06087,"Santa Cruz, CA",2020,76958.0
06087,"Santa Cruz, CA",2021,88568.0
06087,"Santa Cruz, CA",2022,82838.0
06087,"Santa Cruz, CA",2023,87608.0
06087,"Santa Cruz, CA",2024,93580.0
06089,"Shasta, CA",2019,45647.0
06089,"Shasta, CA",2020,51208.0
06089,"Shasta, CA",2021,54425.0
06089,"Shasta, CA",2022,54551.0
06089,"Shasta, CA",2023,57160.0
06089,"Shasta, CA",2024,61769.0
06091,"Sierra, CA",2019,41762.0
06091,"Sierra, CA",2020,45370.0
06091,"Sierra, CA",2021,47424.0
06091,"Sierra, CA",2022,51014.0
06091,"Sierra, CA",2023,52839.0
06091,"Sierra, CA",2024,56704.0
06093,"Siskiyou, CA",2019,43374.0
06093,"Siskiyou, CA",2020,49601.0
06093,"Siskiyou, CA",2021,52859.0
06093,"Siskiyou, CA",2022,52374.0
06093,"Siskiyou, CA",2023,55090.0
06093,"Siskiyou, CA",2024,61164.0
06095,"Solano, CA",2019,51607.0
06095,"Solano, CA",2020,58630.0
06095,"Solano, CA",2021,59802.0
06095,"Solano, CA",2022,60904.0
06095,"Solano, CA",2023,63212.0
06095,"Solano, CA",2024,67744.0
06097,"Sonoma, CA",2019,65926.0
06097,"Sonoma, CA",2020,72602.0
06097,"Sonoma, CA",2021,78446.0
06097,"Sonoma, CA",2022,78666.0
06097,"Sonoma, CA",2023,83375.0
06097,"Sonoma, CA",2024,88832.0
06099,"Stanislaus, CA",2019,43430.0
06099,"Stanislaus, CA",2020,48678.0
06099,"Stanislaus, CA",2021,52417.0
06099,"Stanislaus, CA",2022,51572.0
06099,"Stanislaus, CA",2023,52853.0
06099,"Stanislaus, CA",2024,56741.0
06101,"Sutter, CA",2019,43870.0
06101,"Sutter, CA",2020,49430.0
06101,"Sutter, CA",2021,53620.0
06101,"Sutter, CA",2022,52365.0
06101,"Sutter, CA",2023,54054.0
06101,"Sutter, CA",2024,57844.0
06103,"Tehama, CA",2019,39991.0
06103,"Tehama, CA",2020,44489.0
06103,"Tehama, CA",2021,48095.0
06103,"Tehama, CA",2022,46935.0
06103,"Tehama, CA",2023,49790.0
06103,"Tehama, CA",2024,53402.0
06105,"Trinity, CA",2019,31431.0
06105,"Trinity, CA",2020,33298.0
06105,"Trinity, CA",2021,35893.0
06105,"Trinity, CA",2022,36297.0
06105,"Trinity, CA",2023,38483.0
06105,"Trinity, CA",2024,42191.0
06107,"Tulare, CA",2019,39837.0
06107,"Tulare, CA",2020,45579.0
06107,"Tulare, CA",2021,49104.0
06107,"Tulare, CA",2022,47655.0
06107,"Tulare, CA",2023,48757.0
06107,"Tulare, CA",2024,53098.0
06109,"Tuolumne, CA",2019,45744.0
06109,"Tuolumne, CA",2020,49606.0
06109,"Tuolumne, CA",2021,52970.0
06109,"Tuolumne, CA",2022,53583.0
06109,"Tuolumne, CA",2023,56885.0
06109,"Tuolumne, CA",2024,61604.0
06111,"Ventura, CA",2019,62933.0
06111,"Ventura, CA",2020,67737.0
06111,"Ventura, CA",2021,74496.0
06111,"Ventura, CA",2022,74454.0
06111,"Ventura, CA",2023,77940.0
06111,"Ventura, CA",2024,82558.0
06113,"Yolo, CA",2019,55300.0
06113,"Yolo, CA",2020,59784.0
06113,"Yolo, CA",2021,66164.0
06113,"Yolo, CA",2022,63771.0
06113,"Yolo, CA",2023,67061.0
06113,"Yolo, CA",2024,71044.0
06115,"Yuba, CA",2019,41231.0
06115,"Yuba, CA",2020,45542.0
06115,"Yuba, CA",2021,49373.0
06115,"Yuba, CA",2022,48993.0
06115,"Yuba, CA",2023,50601.0
06115,"Yuba, CA",2024,54741.0
08001,"Adams, CO*",2019,45004.0
08001,"Adams, CO*",2020,48468.0
08001,"Adams, CO*",2021,53186.0
08001,"Adams, CO*",2022,56627.0
08001,"Adams, CO*",2023,58328.0
08001,"Adams, CO*",2024,60273.0
08003,"Alamosa, CO",2019,37931.0
08003,"Alamosa, CO",2020,40757.0
08003,"Alamosa, CO",2021,44301.0
08003,"Alamosa, CO",2022,44214.0
08003,"Alamosa, CO",2023,46085.0
08003,"Alamosa, CO",2024,46523.0
08005,"Arapahoe, CO",2019,64494.0
08005,"Arapahoe, CO",2020,68974.0
08005,"Arapahoe, CO",2021,73706.0
08005,"Arapahoe, CO",2022,77807.0
08005,"Arapahoe, CO",2023,81281.0
08005,"Arapahoe, CO",2024,84131.0
08007,"Archuleta, CO",2019,46428.0
08007,"Archuleta, CO",2020,50452.0
08007,"Archuleta, CO",2021,53587.0
08007,"Archuleta, CO",2022,55736.0
08007,"Archuleta, CO",2023,57811.0
08007,"Archuleta, CO",2024,62563.0
08009,"Baca, CO",2019,40324.0
08009,"Baca, CO",2020,46140.0
08009,"Baca, CO",2021,50011.0
08009,"Baca, CO",2022,57845.0
08009,"Baca, CO",2023,62513.0
08009,"Baca, CO",2024,53426.0
08011,"Bent, CO",2019,27141.0
08011,"Bent, CO",2020,30153.0
08011,"Bent, CO",2021,35001.0
08011,"Bent, CO",2022,34240.0
08011,"Bent, CO",2023,34992.0
08011,"Bent, CO",2024,34964.0
08013,"Boulder, CO*",2019,78583.0
08013,"Boulder, CO*",2020,81978.0
08013,"Boulder, CO*",2021,92885.0
08013,"Boulder, CO*",2022,95621.0
08013,"Boulder, CO*",2023,101124.0
08013,"Boulder, CO*",2024,104808.0
08014,"Broomfield, CO*",2019,72466.0
08014,"Broomfield, CO*",2020,74921.0
08014,"Broomfield, CO*",2021,81492.0
08014,"Broomfield, CO*",2022,86027.0
08014,"Broomfield, CO*",2023,89643.0
08014,"Broomfield, CO*",2024,93044.0
08015,"Chaffee, CO",2019,52403.0
08015,"Chaffee, CO",2020,55980.0
08015,"Chaffee, CO",2021,62335.0
08015,"Chaffee, CO",2022,62995.0
08015,"Chaffee, CO",2023,68213.0
08015,"Chaffee, CO",2024,71431.0
08017,"Cheyenne, CO",2019,54145.0
08017,"Cheyenne, CO",2020,46671.0
08017,"Cheyenne, CO",2021,68676.0
08017,"Cheyenne, CO",2022,79152.0
08017,"Cheyenne, CO",2023,86116.0
08017,"Cheyenne, CO",2024,79060.0
08019,"Clear Creek, CO",2019,65677.0
08019,"Clear Creek, CO",2020,69047.0
08019,"Clear Creek, CO",2021,72886.0
08019,"Clear Creek, CO",2022,75208.0
08019,"Clear Creek, CO",2023,81163.0
08019,"Clear Creek, CO",2024,85137.0
08021,"Conejos, CO",2019,38442.0
08021,"Conejos, CO",2020,41095.0
08021,"Conejos, CO",2021,45861.0
08021,"Conejos, CO",2022,45708.0
08021,"Conejos, CO",2023,47830.0
08021,"Conejos, CO",2024,47836.0
08023,"Costilla, CO",2019,37340.0
08023,"Costilla, CO",2020,39413.0
08023,"Costilla, CO",2021,41935.0
08023,"Costilla, CO",2022,40635.0
08023,"Costilla, CO",2023,42933.0
08023,"Costilla, CO",2024,43334.0
08025,"Crowley, CO",2019,19655.0
08025,"Crowley, CO",2020,22494.0
08025,"Crowley, CO",2021,25175.0
08025,"Crowley, CO",2022,24277.0
08025,"Crowley, CO",2023,26114.0
08025,"Crowley, CO",2024,27232.0
08027,"Custer, CO",2019,45922.0
08027,"Custer, CO",2020,47976.0
08027,"Custer, CO",2021,51304.0
08027,"Custer, CO",2022,52322.0
08027,"Custer, CO",2023,55244.0
08027,"Custer, CO",2024,58809.0
08029,"Delta, CO",2019,38499.0
08029,"Delta, CO",2020,42566.0
08029,"Delta, CO",2021,46383.0
08029,"Delta, CO",2022,48405.0
08029,"Delta, CO",2023,50688.0
08029,"Delta, CO",2024,53170.0
08031,"Denver, CO",2019,84048.0
08031,"Denver, CO",2020,86693.0
08031,"Denver, CO",2021,103649.0
08031,"Denver, CO",2022,114859.0
08031,"Denver, CO",2023,116777.0
08031,"Denver, CO",2024,119263.0
08033,"Dolores, CO",2019,35573.0
08033,"Dolores, CO",2020,37444.0
08033,"Dolores, CO",2021,42184.0
08033,"Dolores, CO",2022,40128.0
08033,"Dolores, CO",2023,40493.0
08033,"Dolores, CO",2024,42287.0
08035,"Douglas, CO",2019,76598.0
08035,"Douglas, CO",2020,83155.0
08035,"Douglas, CO",2021,90010.0
08035,"Douglas, CO",2022,97519.0
08035,"Douglas, CO",2023,103592.0
08035,"Douglas, CO",2024,107204.0
08037,"Eagle, CO",2019,82532.0
08037,"Eagle, CO",2020,89022.0
08037,"Eagle, CO",2021,102843.0
08037,"Eagle, CO",2022,117417.0
08037,"Eagle, CO",2023,130343.0
08037,"Eagle, CO",2024,137706.0
08039,"Elbert, CO",2019,62688.0
08039,"Elbert, CO",2020,65070.0
08039,"Elbert, CO",2021,71490.0
08039,"Elbert, CO",2022,73744.0
08039,"Elbert, CO",2023,76435.0
08039,"Elbert, CO",2024,79244.0
08041,"El Paso, CO",2019,50511.0
08041,"El Paso, CO",2020,54293.0
08041,"El Paso, CO",2021,59550.0
08041,"El Paso, CO",2022,61728.0
08041,"El Paso, CO",2023,65598.0
08041,"El Paso, CO",2024,68934.0
08043,"Fremont, CO",2019,34700.0
08043,"Fremont, CO",2020,38305.0
08043,"Fremont, CO",2021,41747.0
08043,"Fremont, CO",2022,42329.0
08043,"Fremont, CO",2023,43713.0
08043,"Fremont, CO",2024,45918.0
08045,"Garfield, CO",2019,58064.0
08045,"Garfield, CO",2020,58957.0
08045,"Garfield, CO",2021,62361.0
08045,"Garfield, CO",2022,66724.0
08045,"Garfield, CO",2023,71390.0
08045,"Garfield, CO",2024,74757.0
08047,"Gilpin, CO",2019,53330.0
08047,"Gilpin, CO",2020,56095.0
08047,"Gilpin, CO",2021,62864.0
08047,"Gilpin, CO",2022,66533.0
08047,"Gilpin, CO",2023,70211.0
08047,"Gilpin, CO",2024,73129.0
08049,"Grand, CO",2019,54240.0
08049,"Grand, CO",2020,55868.0
08049,"Grand, CO",2021,63213.0
08049,"Grand, CO",2022,70055.0
08049,"Grand, CO",2023,75899.0
08049,"Grand, CO",2024,81305.0
08051,"Gunnison, CO",2019,51272.0
08051,"Gunnison, CO",2020,55770.0
08051,"Gunnison, CO",2021,62001.0
08051,"Gunnison, CO",2022,66080.0
08051,"Gunnison, CO",2023,70832.0
08051,"Gunnison, CO",2024,75184.0
08053,"Hinsdale, CO",2019,51653.0
08053,"Hinsdale, CO",2020,53676.0
08053,"Hinsdale, CO",2021,59764.0
08053,"Hinsdale, CO",2022,63492.0
08053,"Hinsdale, CO",2023,73076.0
08053,"Hinsdale, CO",2024,74083.0
08055,"Huerfano, CO",2019,41041.0
08055,"Huerfano, CO",2020,44696.0
08055,"Huerfano, CO",2021,49505.0
08055,"Huerfano, CO",2022,47028.0
08055,"Huerfano, CO",2023,51149.0
08055,"Huerfano, CO",2024,53491.0
08057,"Jackson, CO",2019,54470.0
08057,"Jackson, CO",2020,57702.0
08057,"Jackson, CO",2021,61789.0
08057,"Jackson, CO",2022,66508.0
08057,"Jackson, CO",2023,72290.0
08057,"Jackson, CO",2024,77936.0
08059,"Jefferson, CO*",2019,65967.0
08059,"Jefferson, CO*",2020,68574.0
08059,"Jefferson, CO*",2021,75528.0
08059,"Jefferson, CO*",2022,81739.0
08059,"Jefferson, CO*",2023,85359.0
08059,"Jefferson, CO*",2024,88698.0
08061,"Kiowa, CO",2019,51903.0
08061,"Kiowa, CO",2020,54089.0
08061,"Kiowa, CO",2021,68626.0
08061,"Kiowa, CO",2022,69737.0
08061,"Kiowa, CO",2023,80569.0
08061,"Kiowa, CO",2024,74364.0
08063,"Kit Carson, CO",2019,41737.0
08063,"Kit Carson, CO",2020,41568.0
08063,"Kit Carson, CO",2021,52972.0
08063,"Kit Carson, CO",2022,51618.0
08063,"Kit Carson, CO",2023,55646.0
08063,"Kit Carson, CO",2024,52550.0
08065,"Lake, CO",2019,39575.0
08065,"Lake, CO",2020,43956.0
08065,"Lake, CO",2021,48652.0
08065,"Lake, CO",2022,51619.0
08065,"Lake, CO",2023,54433.0
08065,"Lake, CO",2024,58221.0
08067,"La Plata, CO",2019,58995.0
08067,"La Plata, CO",2020,60705.0
08067,"La Plata, CO",2021,65442.0
08067,"La Plata, CO",2022,71921.0
08067,"La Plata, CO",2023,77474.0
08067,"La Plata, CO",2024,81031.0
08069,"Larimer, CO",2019,56225.0
08069,"Larimer, CO",2020,59515.0
08069,"Larimer, CO",2021,65120.0
08069,"Larimer, CO",2022,67835.0
08069,"Larimer, CO",2023,71264.0
08069,"Larimer, CO",2024,73894.0
08071,"Las Animas, CO",2019,37778.0
08071,"Las Animas, CO",2020,41943.0
08071,"Las Animas, CO",2021,45060.0
08071,"Las Animas, CO",2022,46096.0
08071,"Las Animas, CO",2023,47166.0
08071,"Las Animas, CO",2024,47422.0
08073,"Lincoln, CO",2019,29453.0
08073,"Lincoln, CO",2020,33224.0
08073,"Lincoln, CO",2021,37821.0
08073,"Lincoln, CO",2022,40298.0
08073,"Lincoln, CO",2023,42796.0
08073,"Lincoln, CO",2024,39836.0
08075,"Logan, CO",2019,42694.0
08075,"Logan, CO",2020,43441.0
08075,"Logan, CO",2021,49769.0
08075,"Logan, CO",2022,52525.0
08075,"Logan, CO",2023,57158.0
08075,"Logan, CO",2024,57669.0
08077,"Mesa, CO",2019,45982.0
08077,"Mesa, CO",2020,48425.0
08077,"Mesa, CO",2021,53049.0
08077,"Mesa, CO",2022,55383.0
08077,"Mesa, CO",2023,57277.0
08077,"Mesa, CO",2024,59925.0
08079,"Mineral, CO",2019,64561.0
08079,"Mineral, CO",2020,64513.0
08079,"Mineral, CO",2021,68256.0
08079,"Mineral, CO",2022,72207.0
08079,"Mineral, CO",2023,78292.0
08079,"Mineral, CO",2024,80926.0
08081,"Moffat, CO",2019,40836.0
08081,"Moffat, CO",2020,44930.0
08081,"Moffat, CO",2021,46291.0
08081,"Moffat, CO",2022,49516.0
08081,"Moffat, CO",2023,52033.0
08081,"Moffat, CO",2024,54160.0
08083,"Montezuma, CO",2019,43841.0
08083,"Montezuma, CO",2020,46964.0
08083,"Montezuma, CO",2021,51326.0
08083,"Montezuma, CO",2022,51204.0
08083,"Montezuma, CO",2023,53217.0
08083,"Montezuma, CO",2024,55437.0
08085,"Montrose, CO",2019,42824.0
08085,"Montrose, CO",2020,45894.0
08085,"Montrose, CO",2021,50588.0
08085,"Montrose, CO",2022,53080.0
08085,"Montrose, CO",2023,54259.0
08085,"Montrose, CO",2024,57305.0
08087,"Morgan, CO",2019,44458.0
08087,"Morgan, CO",2020,47035.0
08087,"Morgan, CO",2021,52157.0
08087,"Morgan, CO",2022,52782.0
08087,"Morgan, CO",2023,53513.0
08087,"Morgan, CO",2024,55065.0
08089,"Otero, CO",2019,36006.0
08089,"Otero, CO",2020,39468.0
08089,"Otero, CO",2021,42381.0
08089,"Otero, CO",2022,42773.0
08089,"Otero, CO",2023,44764.0
08089,"Otero, CO",2024,47135.0
08091,"Ouray, CO",2019,65243.0
08091,"Ouray, CO",2020,72974.0
08091,"Ouray, CO",2021,83376.0
08091,"Ouray, CO",2022,83637.0
08091,"Ouray, CO",2023,86894.0
08091,"Ouray, CO",2024,91554.0
08093,"Park, CO",2019,49376.0
08093,"Park, CO",2020,52369.0
08093,"Park, CO",2021,57854.0
08093,"Park, CO",2022,59018.0
08093,"Park, CO",2023,63059.0
08093,"Park, CO",2024,65741.0
08095,"Phillips, CO",2019,41699.0
08095,"Phillips, CO",2020,43962.0
08095,"Phillips, CO",2021,51400.0
08095,"Phillips, CO",2022,56653.0
08095,"Phillips, CO",2023,57945.0
08095,"Phillips, CO",2024,54291.0
08097,"Pitkin, CO",2019,175663.0
08097,"Pitkin, CO",2020,163303.0
08097,"Pitkin, CO",2021,192190.0
08097,"Pitkin, CO",2022,232863.0
08097,"Pitkin, CO",2023,261948.0
08097,"Pitkin, CO",2024,275044.0
08099,"Prowers, CO",2019,38895.0
08099,"Prowers, CO",2020,41170.0
08099,"Prowers, CO",2021,45708.0
08099,"Prowers, CO",2022,46702.0
08099,"Prowers, CO",2023,49444.0
08099,"Prowers, CO",2024,49149.0
08101,"Pueblo, CO",2019,39476.0
08101,"Pueblo, CO",2020,43225.0
08101,"Pueblo, CO",2021,46902.0
08101,"Pueblo, CO",2022,46998.0
08101,"Pueblo, CO",2023,49023.0
08101,"Pueblo, CO",2024,51492.0
08103,"Rio Blanco, CO",2019,47894.0
08103,"Rio Blanco, CO",2020,49809.0
08103,"Rio Blanco, CO",2021,56112.0
08103,"Rio Blanco, CO",2022,59467.0
08103,"Rio Blanco, CO",2023,62930.0
08103,"Rio Blanco, CO",2024,65123.0
08105,"Rio Grande, CO",2019,47018.0
08105,"Rio Grande, CO",2020,51101.0
08105,"Rio Grande, CO",2021,55629.0
08105,"Rio Grande, CO",2022,56802.0
08105,"Rio Grande, CO",2023,62039.0
08105,"Rio Grande, CO",2024,63008.0
08107,"Routt, CO",2019,85668.0
08107,"Routt, CO",2020,91040.0
08107,"Routt, CO",2021,107106.0
08107,"Routt, CO",2022,121611.0
08107,"Routt, CO",2023,130747.0
08107,"Routt, CO",2024,136239.0
08109,"Saguache, CO",2019,37621.0
08109,"Saguache, CO",2020,40084.0
08109,"Saguache, CO",2021,43950.0
08109,"Saguache, CO",2022,41567.0
08109,"Saguache, CO",2023,44499.0
08109,"Saguache, CO",2024,43701.0
08111,"San Juan, CO",2019,49649.0
08111,"San Juan, CO",2020,53910.0
08111,"San Juan, CO",2021,58003.0
08111,"San Juan, CO",2022,51912.0
08111,"San Juan, CO",2023,54168.0
08111,"San Juan, CO",2024,59114.0
08113,"San Miguel, CO",2019,92658.0
08113,"San Miguel, CO",2020,100236.0
08113,"San Miguel, CO",2021,124453.0
08113,"San Miguel, CO",2022,145426.0
08113,"San Miguel, CO",2023,154127.0
08113,"San Miguel, CO",2024,160783.0
08115,"Sedgwick, CO",2019,41662.0
08115,"Sedgwick, CO",2020,41222.0
08115,"Sedgwick, CO",2021,52446.0
08115,"Sedgwick, CO",2022,56764.0
08115,"Sedgwick, CO",2023,56763.0
08115,"Sedgwick, CO",2024,54027.0
08117,"Summit, CO",2019,74900.0
08117,"Summit, CO",2020,76909.0
08117,"Summit, CO",2021,84710.0
08117,"Summit, CO",2022,97275.0
08117,"Summit, CO",2023,106630.0
08117,"Summit, CO",2024,112809.0
08119,"Teller, CO",2019,53374.0
08119,"Teller, CO",2020,57526.0
08119,"Teller, CO",2021,62748.0
08119,"Teller, CO",2022,62998.0
08119,"Teller, CO",2023,67518.0
08119,"Teller, CO",2024,70651.0
08121,"Washington, CO",2019,39400.0
08121,"Washington, CO",2020,41152.0
08121,"Washington, CO",2021,47644.0
08121,"Washington, CO",2022,53531.0
08121,"Washington, CO",2023,51396.0
08121,"Washington, CO",2024,48606.0
08123,"Weld, CO*",2019,49754.0
08123,"Weld, CO*",2020,52062.0
08123,"Weld, CO*",2021,56372.0
08123,"Weld, CO*",2022,59174.0
08123,"Weld, CO*",2023,61589.0
08123,"Weld, CO*",2024,63672.0
08125,"Yuma, CO",2019,43626.0
08125,"Yuma, CO",2020,41068.0
08125,"Yuma, CO",2021,49593.0
08125,"Yuma, CO",2022,52744.0
08125,"Yuma, CO",2023,56641.0
08125,"Yuma, CO",2024,54895.0
09001,"Fairfield, CT*",2019,113656.0
09001,"Fairfield, CT*",2020,113558.0
09001,"Fairfield, CT*",2021,122881.0
09001,"Fairfield, CT*",2022,131179.0
09001,"Fairfield, CT*",2023,140184.0
09001,"Fairfield, CT*",2024,0.0
09003,"Hartford, CT*",2019,63525.0
09003,"Hartford, CT*",2020,66756.0
09003,"Hartford, CT*",2021,70168.0
09003,"Hartford, CT*",2022,72127.0
09003,"Hartford, CT*",2023,75740.0
09003,"Hartford, CT*",2024,0.0
09005,"Litchfield, CT*",2019,64553.0
09005,"Litchfield, CT*",2020,69297.0
09005,"Litchfield, CT*",2021,76919.0
09005,"Litchfield, CT*",2022,77320.0
09005,"Litchfield, CT*",2023,80358.0
09005,"Litchfield, CT*",2024,0.0
09007,"Middlesex, CT*",2019,67641.0
09007,"Middlesex, CT*",2020,71094.0
09007,"Middlesex, CT*",2021,73793.0
09007,"Middlesex, CT*",2022,76651.0
09007,"Middlesex, CT*",2023,80625.0
09007,"Middlesex, CT*",2024,0.0
09009,"New Haven, CT*",2019,56438.0
09009,"New Haven, CT*",2020,59962.0
09009,"New Haven, CT*",2021,64427.0
09009,"New Haven, CT*",2022,65169.0
09009,"New Haven, CT*",2023,68131.0
09009,"New Haven, CT*",2024,0.0
09011,"New London, CT*",2019,57962.0
09011,"New London, CT*",2020,60987.0
09011,"New London, CT*",2021,64673.0
09011,"New London, CT*",2022,66678.0
09011,"New London, CT*",2023,70243.0
09011,"New London, CT*",2024,0.0
09013,"Tolland, CT*",2019,57370.0
09013,"Tolland, CT*",2020,62688.0
09013,"Tolland, CT*",2021,63309.0
09013,"Tolland, CT*",2022,64631.0
09013,"Tolland, CT*",2023,67774.0
09013,"Tolland, CT*",2024,0.0
09015,"Windham, CT*",2019,47353.0
09015,"Windham, CT*",2020,50844.0
09015,"Windham, CT*",2021,53702.0
09015,"Windham, CT*",2022,54507.0
09015,"Windham, CT*",2023,56260.0
09015,"Windham, CT*",2024,0.0
09110,"Capitol, CT*",2019,0.0
09110,"Capitol, CT*",2020,0.0
09110,"Capitol, CT*",2021,0.0
09110,"Capitol, CT*",2022,0.0
09110,"Capitol, CT*",2023,0.0
09110,"Capitol, CT*",2024,82719.0
09120,"Greater Bridgeport, CT*",2019,0.0
09120,"Greater Bridgeport, CT*",2020,0.0
09120,"Greater Bridgeport, CT*",2021,0.0
09120,"Greater Bridgeport, CT*",2022,0.0
09120,"Greater Bridgeport, CT*",2023,0.0
09120,"Greater Bridgeport, CT*",2024,106897.0
09130,"Lower Connecticut River Valley, CT*",2019,0.0
09130,"Lower Connecticut River Valley, CT*",2020,0.0
09130,"Lower Connecticut River Valley, CT*",2021,0.0
09130,"Lower Connecticut River Valley, CT*",2022,0.0
09130,"Lower Connecticut River Valley, CT*",2023,0.0
09130,"Lower Connecticut River Valley, CT*",2024,87273.0
09140,"Naugatuck Valley, CT*",2019,0.0
09140,"Naugatuck Valley, CT*",2020,0.0
09140,"Naugatuck Valley, CT*",2021,0.0
09140,"Naugatuck Valley, CT*",2022,0.0
09140,"Naugatuck Valley, CT*",2023,0.0
09140,"Naugatuck Valley, CT*",2024,72474.0
09150,"Northeastern Connecticut, CT*",2019,0.0
09150,"Northeastern Connecticut, CT*",2020,0.0
09150,"Northeastern Connecticut, CT*",2021,0.0
09150,"Northeastern Connecticut, CT*",2022,0.0
09150,"Northeastern Connecticut, CT*",2023,0.0
09150,"Northeastern Connecticut, CT*",2024,67025.0
09160,"Northwest Hills, CT*",2019,0.0
09160,"Northwest Hills, CT*",2020,0.0
09160,"Northwest Hills, CT*",2021,0.0
09160,"Northwest Hills, CT*",2022,0.0
09160,"Northwest Hills, CT*",2023,0.0
09160,"Northwest Hills, CT*",2024,83433.0
09170,"South Central Connecticut, CT*",2019,0.0
09170,"South Central Connecticut, CT*",2020,0.0
09170,"South Central Connecticut, CT*",2021,0.0
09170,"South Central Connecticut, CT*",2022,0.0
09170,"South Central Connecticut, CT*",2023,0.0
09170,"South Central Connecticut, CT*",2024,73967.0
09180,"Southeastern Connecticut, CT*",2019,0.0
09180,"Southeastern Connecticut, CT*",2020,0.0
09180,"Southeastern Connecticut, CT*",2021,0.0
09180,"Southeastern Connecticut, CT*",2022,0.0
09180,"Southeastern Connecticut, CT*",2023,0.0
09180,"Southeastern Connecticut, CT*",2024,64845.0
09190,"Western Connecticut, CT*",2019,0.0
09190,"Western Connecticut, CT*",2020,0.0
09190,"Western Connecticut, CT*",2021,0.0
09190,"Western Connecticut, CT*",2022,0.0
09190,"Western Connecticut, CT*",2023,0.0
09190,"Western Connecticut, CT*",2024,165513.0
10001,"Kent, DE",2019,44271.0
10001,"Kent, DE",2020,45392.0
10001,"Kent, DE",2021,49547.0
10001,"Kent, DE",2022,50951.0
10001,"Kent, DE",2023,52818.0
10001,"Kent, DE",2024,55474.0
10003,"New Castle, DE",2019,56427.0
10003,"New Castle, DE",2020,58389.0
10003,"New Castle, DE",2021,62061.0
10003,"New Castle, DE",2022,67241.0
10003,"New Castle, DE",2023,66120.0
10003,"New Castle, DE",2024,69609.0
10005,"Sussex, DE",2019,54668.0
10005,"Sussex, DE",2020,56384.0
10005,"Sussex, DE",2021,62531.0
10005,"Sussex, DE",2022,66534.0
10005,"Sussex, DE",2023,69698.0
10005,"Sussex, DE",2024,73647.0
11001,"District of Columbia, DC",2019,83675.0
11001,"District of Columbia, DC",2020,90741.0
11001,"District of Columbia, DC",2021,98143.0
11001,"District of Columbia, DC",2022,100849.0
11001,"District of Columbia, DC",2023,106640.0
11001,"District of Columbia, DC",2024,111185.0
12001,"Alachua, FL",2019,45360.0
12001,"Alachua, FL",2020,47695.0
12001,"Alachua, FL",2021,51784.0
12001,"Alachua, FL",2022,52636.0
12001,"Alachua, FL",2023,56461.0
12001,"Alachua, FL",2024,58873.0
12003,"Baker, FL",2019,34846.0
12003,"Baker, FL",2020,38273.0
12003,"Baker, FL",2021,43068.0
12003,"Baker, FL",2022,44679.0
12003,"Baker, FL",2023,45990.0
12003,"Baker, FL",2024,47620.0
12005,"Bay, FL",2019,45880.0
12005,"Bay, FL",2020,50064.0
12005,"Bay, FL",2021,54446.0
12005,"Bay, FL",2022,53918.0
12005,"Bay, FL",2023,56259.0
12005,"Bay, FL",2024,58101.0
12007,"Bradford, FL",2019,34298.0
12007,"Bradford, FL",2020,37499.0
12007,"Bradford, FL",2021,40967.0
12007,"Bradford, FL",2022,41670.0
12007,"Bradford, FL",2023,43948.0
12007,"Bradford, FL",2024,46074.0
12009,"Brevard, FL",2019,48161.0
12009,"Brevard, FL",2020,51244.0
12009,"Brevard, FL",2021,55709.0
12009,"Brevard, FL",2022,57115.0
12009,"Brevard, FL",2023,60913.0
12009,"Brevard, FL",2024,64167.0
12011,"Broward, FL",2019,53607.0
12011,"Broward, FL",2020,56878.0
12011,"Broward, FL",2021,63382.0
12011,"Broward, FL",2022,66842.0
12011,"Broward, FL",2023,71592.0
12011,"Broward, FL",2024,74506.0
12013,"Calhoun, FL",2019,30205.0
12013,"Calhoun, FL",2020,32879.0
12013,"Calhoun, FL",2021,36259.0
12013,"Calhoun, FL",2022,35877.0
12013,"Calhoun, FL",2023,38401.0
12013,"Calhoun, FL",2024,41473.0
12015,"Charlotte, FL",2019,45775.0
12015,"Charlotte, FL",2020,48614.0
12015,"Charlotte, FL",2021,52189.0
12015,"Charlotte, FL",2022,52648.0
12015,"Charlotte, FL",2023,57454.0
12015,"Charlotte, FL",2024,59995.0
12017,"Citrus, FL",2019,39064.0
12017,"Citrus, FL",2020,41636.0
12017,"Citrus, FL",2021,45661.0
12017,"Citrus, FL",2022,45430.0
12017,"Citrus, FL",2023,48235.0
12017,"Citrus, FL",2024,50762.0
12019,"Clay, FL",2019,44923.0
12019,"Clay, FL",2020,47835.0
12019,"Clay, FL",2021,52754.0
12019,"Clay, FL",2022,54056.0
12019,"Clay, FL",2023,56690.0
12019,"Clay, FL",2024,59301.0
12021,"Collier, FL",2019,106718.0
12021,"Collier, FL",2020,109978.0
12021,"Collier, FL",2021,123025.0
12021,"Collier, FL",2022,130209.0
12021,"Collier, FL",2023,143709.0
12021,"Collier, FL",2024,150140.0
12023,"Columbia, FL",2019,36850.0
12023,"Columbia, FL",2020,40111.0
12023,"Columbia, FL",2021,43757.0
12023,"Columbia, FL",2022,43291.0
12023,"Columbia, FL",2023,46115.0
12023,"Columbia, FL",2024,48052.0
12027,"DeSoto, FL",2019,28404.0
12027,"DeSoto, FL",2020,30246.0
12027,"DeSoto, FL",2021,33291.0
12027,"DeSoto, FL",2022,33279.0
12027,"DeSoto, FL",2023,35254.0
12027,"DeSoto, FL",2024,35938.0
12029,"Dixie, FL",2019,29313.0
12029,"Dixie, FL",2020,32943.0
12029,"Dixie, FL",2021,35448.0
12029,"Dixie, FL",2022,34433.0
12029,"Dixie, FL",2023,36865.0
12029,"Dixie, FL",2024,37869.0
12031,"Duval, FL",2019,46699.0
12031,"Duval, FL",2020,49978.0
12031,"Duval, FL",2021,55284.0
12031,"Duval, FL",2022,56760.0
12031,"Duval, FL",2023,60237.0
12031,"Duval, FL",2024,62750.0
12033,"Escambia, FL",2019,44287.0
12033,"Escambia, FL",2020,47662.0
12033,"Escambia, FL",2021,51872.0
12033,"Escambia, FL",2022,53262.0
12033,"Escambia, FL",2023,56080.0
12033,"Escambia, FL",2024,59212.0
12035,"Flagler, FL",2019,49740.0
12035,"Flagler, FL",2020,53412.0
12035,"Flagler, FL",2021,58123.0
12035,"Flagler, FL",2022,60063.0
12035,"Flagler, FL",2023,63818.0
12035,"Flagler, FL",2024,66716.0
12037,"Franklin, FL",2019,36014.0
12037,"Franklin, FL",2020,38768.0
12037,"Franklin, FL",2021,44619.0
12037,"Franklin, FL",2022,44263.0
12037,"Franklin, FL",2023,46387.0
12037,"Franklin, FL",2024,47784.0
12039,"Gadsden, FL",2019,37198.0
12039,"Gadsden, FL",2020,40761.0
12039,"Gadsden, FL",2021,44973.0
12039,"Gadsden, FL",2022,44905.0
12039,"Gadsden, FL",2023,48171.0
12039,"Gadsden, FL",2024,50734.0
12041,"Gilchrist, FL",2019,36434.0
12041,"Gilchrist, FL",2020,39747.0
12041,"Gilchrist, FL",2021,42908.0
12041,"Gilchrist, FL",2022,42446.0
12041,"Gilchrist, FL",2023,44591.0
12041,"Gilchrist, FL",2024,46034.0
12043,"Glades, FL",2019,28499.0
12043,"Glades, FL",2020,31449.0
12043,"Glades, FL",2021,32380.0
12043,"Glades, FL",2022,31586.0
12043,"Glades, FL",2023,33146.0
12043,"Glades, FL",2024,34547.0
12045,"Gulf, FL",2019,42601.0
12045,"Gulf, FL",2020,45610.0
12045,"Gulf, FL",2021,50001.0
12045,"Gulf, FL",2022,48906.0
12045,"Gulf, FL",2023,51568.0
12045,"Gulf, FL",2024,53917.0
12047,"Hamilton, FL",2019,27601.0
12047,"Hamilton, FL",2020,31497.0
12047,"Hamilton, FL",2021,34832.0
12047,"Hamilton, FL",2022,35264.0
12047,"Hamilton, FL",2023,36876.0
12047,"Hamilton, FL",2024,37697.0
12049,"Hardee, FL",2019,30086.0
12049,"Hardee, FL",2020,32323.0
12049,"Hardee, FL",2021,35838.0
12049,"Hardee, FL",2022,34966.0
12049,"Hardee, FL",2023,37111.0
12049,"Hardee, FL",2024,37993.0
12051,"Hendry, FL",2019,34697.0
12051,"Hendry, FL",2020,37957.0
12051,"Hendry, FL",2021,40908.0
12051,"Hendry, FL",2022,39708.0
12051,"Hendry, FL",2023,40878.0
12051,"Hendry, FL",2024,42202.0
12053,"Hernando, FL",2019,39206.0
12053,"Hernando, FL",2020,42623.0
12053,"Hernando, FL",2021,46787.0
12053,"Hernando, FL",2022,46514.0
12053,"Hernando, FL",2023,49097.0
12053,"Hernando, FL",2024,51450.0
12055,"Highlands, FL",2019,36015.0
12055,"Highlands, FL",2020,38733.0
12055,"Highlands, FL",2021,41643.0
12055,"Highlands, FL",2022,41681.0
12055,"Highlands, FL",2023,44693.0
12055,"Highlands, FL",2024,46499.0
12057,"Hillsborough, FL",2019,49634.0
12057,"Hillsborough, FL",2020,53345.0
12057,"Hillsborough, FL",2021,57772.0
12057,"Hillsborough, FL",2022,60141.0
12057,"Hillsborough, FL",2023,64439.0
12057,"Hillsborough, FL",2024,67712.0
12059,"Holmes, FL",2019,32047.0
12059,"Holmes, FL",2020,34963.0
12059,"Holmes, FL",2021,38978.0
12059,"Holmes, FL",2022,39445.0
12059,"Holmes, FL",2023,42035.0
12059,"Holmes, FL",2024,43920.0
12061,"Indian River, FL",2019,83867.0
12061,"Indian River, FL",2020,87294.0
12061,"Indian River, FL",2021,97741.0
12061,"Indian River, FL",2022,101417.0
12061,"Indian River, FL",2023,110624.0
12061,"Indian River, FL",2024,115408.0
12063,"Jackson, FL",2019,34431.0
12063,"Jackson, FL",2020,37829.0
12063,"Jackson, FL",2021,40390.0
12063,"Jackson, FL",2022,39117.0
12063,"Jackson, FL",2023,41806.0
12063,"Jackson, FL",2024,42319.0
12065,"Jefferson, FL",2019,43273.0
12065,"Jefferson, FL",2020,46706.0
12065,"Jefferson, FL",2021,51825.0
12065,"Jefferson, FL",2022,48728.0
12065,"Jefferson, FL",2023,52588.0
12065,"Jefferson, FL",2024,54573.0
12067,"Lafayette, FL",2019,27024.0
12067,"Lafayette, FL",2020,29279.0
12067,"Lafayette, FL",2021,32599.0
12067,"Lafayette, FL",2022,34511.0
12067,"Lafayette, FL",2023,36020.0
12067,"Lafayette, FL",2024,38129.0
12069,"Lake, FL",2019,43189.0
12069,"Lake, FL",2020,45463.0
12069,"Lake, FL",2021,50931.0
12069,"Lake, FL",2022,52476.0
12069,"Lake, FL",2023,55970.0
12069,"Lake, FL",2024,58161.0
12071,"Lee, FL",2019,55393.0
12071,"Lee, FL",2020,58696.0
12071,"Lee, FL",2021,61798.0
12071,"Lee, FL",2022,62774.0
12071,"Lee, FL",2023,67376.0
12071,"Lee, FL",2024,70329.0
12073,"Leon, FL",2019,46447.0
12073,"Leon, FL",2020,49154.0
12073,"Leon, FL",2021,53219.0
12073,"Leon, FL",2022,53733.0
12073,"Leon, FL",2023,58237.0
12073,"Leon, FL",2024,61912.0
12075,"Levy, FL",2019,37002.0
12075,"Levy, FL",2020,40849.0
12075,"Levy, FL",2021,44473.0
12075,"Levy, FL",2022,44643.0
12075,"Levy, FL",2023,47774.0
12075,"Levy, FL",2024,49341.0
12077,"Liberty, FL",2019,26605.0
12077,"Liberty, FL",2020,30988.0
12077,"Liberty, FL",2021,35174.0
12077,"Liberty, FL",2022,32898.0
12077,"Liberty, FL",2023,35269.0
12077,"Liberty, FL",2024,37008.0
12079,"Madison, FL",2019,33921.0
12079,"Madison, FL",2020,37929.0
12079,"Madison, FL",2021,40409.0
12079,"Madison, FL",2022,43118.0
12079,"Madison, FL",2023,45212.0
12079,"Madison, FL",2024,47115.0
12081,"Manatee, FL",2019,52457.0
12081,"Manatee, FL",2020,54272.0
12081,"Manatee, FL",2021,58345.0
12081,"Manatee, FL",2022,61327.0
12081,"Manatee, FL",2023,65700.0
12081,"Manatee, FL",2024,68505.0
12083,"Marion, FL",2019,38425.0
12083,"Marion, FL",2020,40953.0
12083,"Marion, FL",2021,44934.0
12083,"Marion, FL",2022,44949.0
12083,"Marion, FL",2023,47824.0
12083,"Marion, FL",2024,49299.0
12085,"Martin, FL",2019,89456.0
12085,"Martin, FL",2020,96971.0
12085,"Martin, FL",2021,102187.0
12085,"Martin, FL",2022,109583.0
12085,"Martin, FL",2023,120044.0
12085,"Martin, FL",2024,124697.0
12086,"Miami-Dade, FL",2019,55334.0
12086,"Miami-Dade, FL",2020,56418.0
12086,"Miami-Dade, FL",2021,65404.0
12086,"Miami-Dade, FL",2022,70861.0
12086,"Miami-Dade, FL",2023,75626.0
12086,"Miami-Dade, FL",2024,78567.0
12087,"Monroe, FL",2019,94612.0
12087,"Monroe, FL",2020,94832.0
12087,"Monroe, FL",2021,107197.0
12087,"Monroe, FL",2022,122924.0
12087,"Monroe, FL",2023,138825.0
12087,"Monroe, FL",2024,147760.0
12089,"Nassau, FL",2019,62258.0
12089,"Nassau, FL",2020,65894.0
12089,"Nassau, FL",2021,72782.0
12089,"Nassau, FL",2022,76177.0
12089,"Nassau, FL",2023,80472.0
12089,"Nassau, FL",2024,83469.0
12091,"Okaloosa, FL",2019,50947.0
12091,"Okaloosa, FL",2020,54403.0
12091,"Okaloosa, FL",2021,59138.0
12091,"Okaloosa, FL",2022,59933.0
12091,"Okaloosa, FL",2023,63192.0
12091,"Okaloosa, FL",2024,66226.0
12093,"Okeechobee, FL",2019,33409.0
12093,"Okeechobee, FL",2020,35871.0
12093,"Okeechobee, FL",2021,39579.0
12093,"Okeechobee, FL",2022,40424.0
12093,"Okeechobee, FL",2023,42349.0
12093,"Okeechobee, FL",2024,44009.0
12095,"Orange, FL",2019,46185.0
12095,"Orange, FL",2020,49353.0
12095,"Orange, FL",2021,54607.0
12095,"Orange, FL",2022,56663.0
12095,"Orange, FL",2023,60169.0
12095,"Orange, FL",2024,62855.0
12097,"Osceola, FL",2019,36347.0
12097,"Osceola, FL",2020,39759.0
12097,"Osceola, FL",2021,44267.0
12097,"Osceola, FL",2022,44733.0
12097,"Osceola, FL",2023,47135.0
12097,"Osceola, FL",2024,49092.0
12099,"Palm Beach, FL",2019,86731.0
12099,"Palm Beach, FL",2020,91114.0
12099,"Palm Beach, FL",2021,101897.0
12099,"Palm Beach, FL",2022,112099.0
12099,"Palm Beach, FL",2023,122202.0
12099,"Palm Beach, FL",2024,126852.0
12101,"Pasco, FL",2019,43517.0
12101,"Pasco, FL",2020,46453.0
12101,"Pasco, FL",2021,51514.0
12101,"Pasco, FL",2022,53252.0
12101,"Pasco, FL",2023,56565.0
12101,"Pasco, FL",2024,59136.0
12103,"Pinellas, FL",2019,56719.0
12103,"Pinellas, FL",2020,60645.0
12103,"Pinellas, FL",2021,65813.0
12103,"Pinellas, FL",2022,68284.0
12103,"Pinellas, FL",2023,74073.0
12103,"Pinellas, FL",2024,78288.0
12105,"Polk, FL",2019,37844.0
12105,"Polk, FL",2020,40840.0
12105,"Polk, FL",2021,43955.0
12105,"Polk, FL",2022,43504.0
12105,"Polk, FL",2023,45026.0
12105,"Polk, FL",2024,46274.0
12107,"Putnam, FL",2019,33902.0
12107,"Putnam, FL",2020,37228.0
12107,"Putnam, FL",2021,39876.0
12107,"Putnam, FL",2022,40213.0
12107,"Putnam, FL",2023,42298.0
12107,"Putnam, FL",2024,43968.0
12109,"St. Johns, FL",2019,73275.0
12109,"St. Johns, FL",2020,76151.0
12109,"St. Johns, FL",2021,82179.0
12109,"St. Johns, FL",2022,85185.0
12109,"St. Johns, FL",2023,90105.0
12109,"St. Johns, FL",2024,93079.0
12111,"St. Lucie, FL",2019,42859.0
12111,"St. Lucie, FL",2020,45409.0
12111,"St. Lucie, FL",2021,50703.0
12111,"St. Lucie, FL",2022,51592.0
12111,"St. Lucie, FL",2023,54788.0
12111,"St. Lucie, FL",2024,56971.0
12113,"Santa Rosa, FL",2019,47074.0
12113,"Santa Rosa, FL",2020,50226.0
12113,"Santa Rosa, FL",2021,55661.0
12113,"Santa Rosa, FL",2022,56805.0
12113,"Santa Rosa, FL",2023,59581.0
12113,"Santa Rosa, FL",2024,62893.0
12115,"Sarasota, FL",2019,70531.0
12115,"Sarasota, FL",2020,73788.0
12115,"Sarasota, FL",2021,80516.0
12115,"Sarasota, FL",2022,81707.0
12115,"Sarasota, FL",2023,89653.0
12115,"Sarasota, FL",2024,94099.0
12117,"Seminole, FL",2019,50477.0
12117,"Seminole, FL",2020,52794.0
12117,"Seminole, FL",2021,57986.0
12117,"Seminole, FL",2022,59676.0
12117,"Seminole, FL",2023,62946.0
12117,"Seminole, FL",2024,65730.0
12119,"Sumter, FL",2019,55253.0
12119,"Sumter, FL",2020,58262.0
12119,"Sumter, FL",2021,67552.0
12119,"Sumter, FL",2022,67581.0
12119,"Sumter, FL",2023,72263.0
12119,"Sumter, FL",2024,76421.0
12121,"Suwannee, FL",2019,34283.0
12121,"Suwannee, FL",2020,37765.0
12121,"Suwannee, FL",2021,40834.0
12121,"Suwannee, FL",2022,41731.0
12121,"Suwannee, FL",2023,44262.0
12121,"Suwannee, FL",2024,44774.0
12123,"Taylor, FL",2019,30695.0
12123,"Taylor, FL",2020,33860.0
12123,"Taylor, FL",2021,37765.0
12123,"Taylor, FL",2022,36487.0
12123,"Taylor, FL",2023,39175.0
12123,"Taylor, FL",2024,38496.0
12125,"Union, FL",2019,21189.0
12125,"Union, FL",2020,24377.0
12125,"Union, FL",2021,26170.0
12125,"Union, FL",2022,27059.0
12125,"Union, FL",2023,28509.0
12125,"Union, FL",2024,30156.0
12127,"Volusia, FL",2019,45998.0
12127,"Volusia, FL",2020,47292.0
12127,"Volusia, FL",2021,52064.0
12127,"Volusia, FL",2022,53041.0
12127,"Volusia, FL",2023,56669.0
12127,"Volusia, FL",2024,59259.0
12129,"Wakulla, FL",2019,39198.0
12129,"Wakulla, FL",2020,41550.0
12129,"Wakulla, FL",2021,46798.0
12129,"Wakulla, FL",2022,48546.0
12129,"Wakulla, FL",2023,51923.0
12129,"Wakulla, FL",2024,55224.0
12131,"Walton, FL",2019,70315.0
12131,"Walton, FL",2020,71657.0
12131,"Walton, FL",2021,84240.0
12131,"Walton, FL",2022,86744.0
12131,"Walton, FL",2023,91806.0
12131,"Walton, FL",2024,94582.0
12133,"Washington, FL",2019,31015.0
12133,"Washington, FL",2020,33789.0
12133,"Washington, FL",2021,37168.0
12133,"Washington, FL",2022,36294.0
12133,"Washington, FL",2023,38897.0
12133,"Washington, FL",2024,39973.0
13001,"Appling, GA",2019,35709.0
13001,"Appling, GA",2020,39178.0
13001,"Appling, GA",2021,42860.0
13001,"Appling, GA",2022,44085.0
13001,"Appling, GA",2023,48099.0
13001,"Appling, GA",2024,50616.0
13003,"Atkinson, GA",2019,30530.0
13003,"Atkinson, GA",2020,32400.0
13003,"Atkinson, GA",2021,35893.0
13003,"Atkinson, GA",2022,37635.0
13003,"Atkinson, GA",2023,37477.0
13003,"Atkinson, GA",2024,40161.0
13005,"Bacon, GA",2019,32384.0
13005,"Bacon, GA",2020,37498.0
13005,"Bacon, GA",2021,39649.0
13005,"Bacon, GA",2022,40549.0
13005,"Bacon, GA",2023,42194.0
13005,"Bacon, GA",2024,44797.0
13007,"Baker, GA",2019,40568.0
13007,"Baker, GA",2020,45074.0
13007,"Baker, GA",2021,51539.0
13007,"Baker, GA",2022,49213.0
13007,"Baker, GA",2023,48944.0
13007,"Baker, GA",2024,52904.0
13009,"Baldwin, GA",2019,34544.0
13009,"Baldwin, GA",2020,37586.0
13009,"Baldwin, GA",2021,42049.0
13009,"Baldwin, GA",2022,43440.0
13009,"Baldwin, GA",2023,46634.0
13009,"Baldwin, GA",2024,48900.0
13011,"Banks, GA",2019,37844.0
13011,"Banks, GA",2020,39201.0
13011,"Banks, GA",2021,43027.0
13011,"Banks, GA",2022,44907.0
13011,"Banks, GA",2023,45209.0
13011,"Banks, GA",2024,48312.0
13013,"Barrow, GA",2019,38403.0
13013,"Barrow, GA",2020,41191.0
13013,"Barrow, GA",2021,45855.0
13013,"Barrow, GA",2022,48284.0
13013,"Barrow, GA",2023,49618.0
13013,"Barrow, GA",2024,51925.0
13015,"Bartow, GA",2019,40218.0
13015,"Bartow, GA",2020,43599.0
13015,"Bartow, GA",2021,47612.0
13015,"Bartow, GA",2022,49283.0
13015,"Bartow, GA",2023,51159.0
13015,"Bartow, GA",2024,53357.0
13017,"Ben Hill, GA",2019,31697.0
13017,"Ben Hill, GA",2020,34897.0
13017,"Ben Hill, GA",2021,39353.0
13017,"Ben Hill, GA",2022,40325.0
13017,"Ben Hill, GA",2023,42262.0
13017,"Ben Hill, GA",2024,45012.0
13019,"Berrien, GA",2019,34285.0
13019,"Berrien, GA",2020,37784.0
13019,"Berrien, GA",2021,40396.0
13019,"Berrien, GA",2022,40982.0
13019,"Berrien, GA",2023,41938.0
13019,"Berrien, GA",2024,43590.0
13021,"Bibb, GA",2019,39957.0
13021,"Bibb, GA",2020,43317.0
13021,"Bibb, GA",2021,47601.0
13021,"Bibb, GA",2022,46709.0
13021,"Bibb, GA",2023,48943.0
13021,"Bibb, GA",2024,50904.0
13023,"Bleckley, GA",2019,35664.0
13023,"Bleckley, GA",2020,39062.0
13023,"Bleckley, GA",2021,43287.0
13023,"Bleckley, GA",2022,41768.0
13023,"Bleckley, GA",2023,43475.0
13023,"Bleckley, GA",2024,45045.0
13025,"Brantley, GA",2019,29125.0
13025,"Brantley, GA",2020,32850.0
13025,"Brantley, GA",2021,35647.0
13025,"Brantley, GA",2022,36465.0
13025,"Brantley, GA",2023,36591.0
13025,"Brantley, GA",2024,38582.0
13027,"Brooks, GA",2019,34665.0
13027,"Brooks, GA",2020,37759.0
13027,"Brooks, GA",2021,40456.0
13027,"Brooks, GA",2022,40099.0
13027,"Brooks, GA",2023,41040.0
13027,"Brooks, GA",2024,43163.0
13029,"Bryan, GA",2019,48783.0
13029,"Bryan, GA",2020,51848.0
13029,"Bryan, GA",2021,56107.0
13029,"Bryan, GA",2022,58469.0
13029,"Bryan, GA",2023,60312.0
13029,"Bryan, GA",2024,64186.0
13031,"Bulloch, GA",2019,32764.0
13031,"Bulloch, GA",2020,35924.0
13031,"Bulloch, GA",2021,39305.0
13031,"Bulloch, GA",2022,39665.0
13031,"Bulloch, GA",2023,41568.0
13031,"Bulloch, GA",2024,43763.0
13033,"Burke, GA",2019,35552.0
13033,"Burke, GA",2020,39340.0
13033,"Burke, GA",2021,41860.0
13033,"Burke, GA",2022,42289.0
13033,"Burke, GA",2023,42505.0
13033,"Burke, GA",2024,44046.0
13035,"Butts, GA",2019,35365.0
13035,"Butts, GA",2020,37374.0
13035,"Butts, GA",2021,41381.0
13035,"Butts, GA",2022,41941.0
13035,"Butts, GA",2023,44200.0
13035,"Butts, GA",2024,46615.0
13037,"Calhoun, GA",2019,29130.0
13037,"Calhoun, GA",2020,32331.0
13037,"Calhoun, GA",2021,35782.0
13037,"Calhoun, GA",2022,34618.0
13037,"Calhoun, GA",2023,36467.0
13037,"Calhoun, GA",2024,38035.0
13039,"Camden, GA",2019,36850.0
13039,"Camden, GA",2020,39493.0
13039,"Camden, GA",2021,43796.0
13039,"Camden, GA",2022,44639.0
13039,"Camden, GA",2023,46796.0
13039,"Camden, GA",2024,48776.0
13043,"Candler, GA",2019,33820.0
13043,"Candler, GA",2020,35552.0
13043,"Candler, GA",2021,39954.0
13043,"Candler, GA",2022,40161.0
13043,"Candler, GA",2023,42304.0
13043,"Candler, GA",2024,44664.0
13045,"Carroll, GA",2019,40688.0
13045,"Carroll, GA",2020,44603.0
13045,"Carroll, GA",2021,49378.0
13045,"Carroll, GA",2022,49941.0
13045,"Carroll, GA",2023,51195.0
13045,"Carroll, GA",2024,53858.0
13047,"Catoosa, GA",2019,36066.0
13047,"Catoosa, GA",2020,39074.0
13047,"Catoosa, GA",2021,42198.0
13047,"Catoosa, GA",2022,43903.0
13047,"Catoosa, GA",2023,45709.0
13047,"Catoosa, GA",2024,47893.0
13049,"Charlton, GA",2019,26602.0
13049,"Charlton, GA",2020,29003.0
13049,"Charlton, GA",2021,31069.0
13049,"Charlton, GA",2022,31566.0
13049,"Charlton, GA",2023,32869.0
13049,"Charlton, GA",2024,34702.0
13051,"Chatham, GA",2019,47050.0
13051,"Chatham, GA",2020,51471.0
13051,"Chatham, GA",2021,56774.0
13051,"Chatham, GA",2022,56879.0
13051,"Chatham, GA",2023,59938.0
13051,"Chatham, GA",2024,62976.0
13053,"Chattahoochee, GA",2019,31806.0
13053,"Chattahoochee, GA",2020,34690.0
13053,"Chattahoochee, GA",2021,38952.0
13053,"Chattahoochee, GA",2022,37823.0
13053,"Chattahoochee, GA",2023,39339.0
13053,"Chattahoochee, GA",2024,41513.0
13055,"Chattooga, GA",2019,31049.0
13055,"Chattooga, GA",2020,33838.0
13055,"Chattooga, GA",2021,37061.0
13055,"Chattooga, GA",2022,37028.0
13055,"Chattooga, GA",2023,37836.0
13055,"Chattooga, GA",2024,39446.0
13057,"Cherokee, GA",2019,53566.0
13057,"Cherokee, GA",2020,56631.0
13057,"Cherokee, GA",2021,63065.0
13057,"Cherokee, GA",2022,67524.0
13057,"Cherokee, GA",2023,71120.0
13057,"Cherokee, GA",2024,74826.0
13059,"Clarke, GA",2019,34864.0
13059,"Clarke, GA",2020,37890.0
13059,"Clarke, GA",2021,40751.0
13059,"Clarke, GA",2022,42305.0
13059,"Clarke, GA",2023,44165.0
13059,"Clarke, GA",2024,46732.0
13061,"Clay, GA",2019,33465.0
13061,"Clay, GA",2020,39221.0
13061,"Clay, GA",2021,40776.0
13061,"Clay, GA",2022,37917.0
13061,"Clay, GA",2023,39285.0
13061,"Clay, GA",2024,41527.0
13063,"Clayton, GA",2019,28061.0
13063,"Clayton, GA",2020,32062.0
13063,"Clayton, GA",2021,35042.0
13063,"Clayton, GA",2022,33796.0
13063,"Clayton, GA",2023,35128.0
13063,"Clayton, GA",2024,36987.0
13065,"Clinch, GA",2019,37882.0
13065,"Clinch, GA",2020,41276.0
13065,"Clinch, GA",2021,42261.0
13065,"Clinch, GA",2022,43783.0
13065,"Clinch, GA",2023,45076.0
13065,"Clinch, GA",2024,47386.0
13067,"Cobb, GA",2019,59653.0
13067,"Cobb, GA",2020,62395.0
13067,"Cobb, GA",2021,68118.0
13067,"Cobb, GA",2022,71886.0
13067,"Cobb, GA",2023,75760.0
13067,"Cobb, GA",2024,79583.0
13069,"Coffee, GA",2019,32698.0
13069,"Coffee, GA",2020,35585.0
13069,"Coffee, GA",2021,40987.0
13069,"Coffee, GA",2022,39244.0
13069,"Coffee, GA",2023,40322.0
13069,"Coffee, GA",2024,42553.0
13071,"Colquitt, GA",2019,33642.0
13071,"Colquitt, GA",2020,37809.0
13071,"Colquitt, GA",2021,40926.0
13071,"Colquitt, GA",2022,41403.0
13071,"Colquitt, GA",2023,42456.0
13071,"Colquitt, GA",2024,44346.0
13073,"Columbia, GA",2019,52531.0
13073,"Columbia, GA",2020,55676.0
13073,"Columbia, GA",2021,58674.0
13073,"Columbia, GA",2022,59113.0
13073,"Columbia, GA",2023,60660.0
13073,"Columbia, GA",2024,63204.0
13075,"Cook, GA",2019,33363.0
13075,"Cook, GA",2020,36366.0
13075,"Cook, GA",2021,39788.0
13075,"Cook, GA",2022,39383.0
13075,"Cook, GA",2023,40340.0
13075,"Cook, GA",2024,42432.0
13077,"Coweta, GA",2019,50329.0
13077,"Coweta, GA",2020,53646.0
13077,"Coweta, GA",2021,57637.0
13077,"Coweta, GA",2022,59376.0
13077,"Coweta, GA",2023,61857.0
13077,"Coweta, GA",2024,65062.0
13079,"Crawford, GA",2019,34749.0
13079,"Crawford, GA",2020,36870.0
13079,"Crawford, GA",2021,40673.0
13079,"Crawford, GA",2022,40710.0
13079,"Crawford, GA",2023,41184.0
13079,"Crawford, GA",2024,43664.0
13081,"Crisp, GA",2019,37185.0
13081,"Crisp, GA",2020,41989.0
13081,"Crisp, GA",2021,46336.0
13081,"Crisp, GA",2022,46317.0
13081,"Crisp, GA",2023,48969.0
13081,"Crisp, GA",2024,50481.0
13083,"Dade, GA",2019,35078.0
13083,"Dade, GA",2020,37833.0
13083,"Dade, GA",2021,41183.0
13083,"Dade, GA",2022,42380.0
13083,"Dade, GA",2023,44170.0
13083,"Dade, GA",2024,46983.0
13085,"Dawson, GA",2019,48500.0
13085,"Dawson, GA",2020,50877.0
13085,"Dawson, GA",2021,57765.0
13085,"Dawson, GA",2022,60375.0
13085,"Dawson, GA",2023,62142.0
13085,"Dawson, GA",2024,64684.0
13087,"Decatur, GA",2019,33824.0
13087,"Decatur, GA",2020,37517.0
13087,"Decatur, GA",2021,42345.0
13087,"Decatur, GA",2022,43093.0
13087,"Decatur, GA",2023,45153.0
13087,"Decatur, GA",2024,47518.0
13089,"DeKalb, GA",2019,52591.0
13089,"DeKalb, GA",2020,56207.0
13089,"DeKalb, GA",2021,62426.0
13089,"DeKalb, GA",2022,64793.0
13089,"DeKalb, GA",2023,67969.0
13089,"DeKalb, GA",2024,71376.0
13091,"Dodge, GA",2019,31842.0
13091,"Dodge, GA",2020,34609.0
13091,"Dodge, GA",2021,38051.0
13091,"Dodge, GA",2022,36364.0
13091,"Dodge, GA",2023,39726.0
13091,"Dodge, GA",2024,41609.0
13093,"Dooly, GA",2019,37944.0
13093,"Dooly, GA",2020,40629.0
13093,"Dooly, GA",2021,44643.0
13093,"Dooly, GA",2022,45204.0
13093,"Dooly, GA",2023,43937.0
13093,"Dooly, GA",2024,43718.0
13095,"Dougherty, GA",2019,36369.0
13095,"Dougherty, GA",2020,41034.0
13095,"Dougherty, GA",2021,46397.0
13095,"Dougherty, GA",2022,45836.0
13095,"Dougherty, GA",2023,47626.0
13095,"Dougherty, GA",2024,50024.0
13097,"Douglas, GA",2019,37223.0
13097,"Douglas, GA",2020,40890.0
13097,"Douglas, GA",2021,43914.0
13097,"Douglas, GA",2022,43722.0
13097,"Douglas, GA",2023,45406.0
13097,"Douglas, GA",2024,47602.0
13099,"Early, GA",2019,37181.0
13099,"Early, GA",2020,40442.0
13099,"Early, GA",2021,44397.0
13099,"Early, GA",2022,43776.0
13099,"Early, GA",2023,44592.0
13099,"Early, GA",2024,46579.0
13101,"Echols, GA",2019,29610.0
13101,"Echols, GA",2020,33409.0
13101,"Echols, GA",2021,35238.0
13101,"Echols, GA",2022,33308.0
13101,"Echols, GA",2023,34052.0
13101,"Echols, GA",2024,36076.0
13103,"Effingham, GA",2019,42118.0
13103,"Effingham, GA",2020,44889.0
13103,"Effingham, GA",2021,48359.0
13103,"Effingham, GA",2022,48908.0
13103,"Effingham, GA",2023,50682.0
13103,"Effingham, GA",2024,53626.0
13105,"Elbert, GA",2019,35134.0
13105,"Elbert, GA",2020,38829.0
13105,"Elbert, GA",2021,41909.0
13105,"Elbert, GA",2022,43145.0
13105,"Elbert, GA",2023,44353.0
13105,"Elbert, GA",2024,46829.0
13107,"Emanuel, GA",2019,33199.0
13107,"Emanuel, GA",2020,37922.0
13107,"Emanuel, GA",2021,41497.0
13107,"Emanuel, GA",2022,39530.0
13107,"Emanuel, GA",2023,42056.0
13107,"Emanuel, GA",2024,43838.0
13109,"Evans, GA",2019,33704.0
13109,"Evans, GA",2020,37015.0
13109,"Evans, GA",2021,41112.0
13109,"Evans, GA",2022,40606.0
13109,"Evans, GA",2023,42492.0
13109,"Evans, GA",2024,45438.0
13111,"Fannin, GA",2019,40223.0
13111,"Fannin, GA",2020,43006.0
13111,"Fannin, GA",2021,47923.0
13111,"Fannin, GA",2022,51339.0
13111,"Fannin, GA",2023,54053.0
13111,"Fannin, GA",2024,58012.0
13113,"Fayette, GA",2019,64926.0
13113,"Fayette, GA",2020,68949.0
13113,"Fayette, GA",2021,74682.0
13113,"Fayette, GA",2022,73749.0
13113,"Fayette, GA",2023,77454.0
13113,"Fayette, GA",2024,81159.0
13115,"Floyd, GA",2019,38731.0
13115,"Floyd, GA",2020,40890.0
13115,"Floyd, GA",2021,44294.0
13115,"Floyd, GA",2022,44222.0
13115,"Floyd, GA",2023,46734.0
13115,"Floyd, GA",2024,48360.0
13117,"Forsyth, GA",2019,65843.0
13117,"Forsyth, GA",2020,68506.0
13117,"Forsyth, GA",2021,74779.0
13117,"Forsyth, GA",2022,80102.0
13117,"Forsyth, GA",2023,83899.0
13117,"Forsyth, GA",2024,87730.0
13119,"Franklin, GA",2019,35336.0
13119,"Franklin, GA",2020,36032.0
13119,"Franklin, GA",2021,40840.0
13119,"Franklin, GA",2022,44515.0
13119,"Franklin, GA",2023,42422.0
13119,"Franklin, GA",2024,47173.0
13121,"Fulton, GA",2019,93334.0
13121,"Fulton, GA",2020,93448.0
13121,"Fulton, GA",2021,101577.0
13121,"Fulton, GA",2022,101142.0
13121,"Fulton, GA",2023,106126.0
13121,"Fulton, GA",2024,111238.0
13123,"Gilmer, GA",2019,36881.0
13123,"Gilmer, GA",2020,38464.0
13123,"Gilmer, GA",2021,42924.0
13123,"Gilmer, GA",2022,45937.0
13123,"Gilmer, GA",2023,47114.0
13123,"Gilmer, GA",2024,51256.0
13125,"Glascock, GA",2019,35356.0
13125,"Glascock, GA",2020,39034.0
13125,"Glascock, GA",2021,41255.0
13125,"Glascock, GA",2022,39926.0
13125,"Glascock, GA",2023,42636.0
13125,"Glascock, GA",2024,41976.0
13127,"Glynn, GA",2019,47897.0
13127,"Glynn, GA",2020,52777.0
13127,"Glynn, GA",2021,58283.0
13127,"Glynn, GA",2022,60005.0
13127,"Glynn, GA",2023,63862.0
13127,"Glynn, GA",2024,67614.0
13129,"Gordon, GA",2019,36443.0
13129,"Gordon, GA",2020,38209.0
13129,"Gordon, GA",2021,43145.0
13129,"Gordon, GA",2022,45305.0
13129,"Gordon, GA",2023,45972.0
13129,"Gordon, GA",2024,49001.0
13131,"Grady, GA",2019,31870.0
13131,"Grady, GA",2020,35491.0
13131,"Grady, GA",2021,39480.0
13131,"Grady, GA",2022,38274.0
13131,"Grady, GA",2023,40119.0
13131,"Grady, GA",2024,41748.0
13133,"Greene, GA",2019,60819.0
13133,"Greene, GA",2020,64325.0
13133,"Greene, GA",2021,73714.0
13133,"Greene, GA",2022,80348.0
13133,"Greene, GA",2023,83890.0
13133,"Greene, GA",2024,87841.0
13135,"Gwinnett, GA",2019,42765.0
13135,"Gwinnett, GA",2020,46129.0
13135,"Gwinnett, GA",2021,50167.0
13135,"Gwinnett, GA",2022,51627.0
13135,"Gwinnett, GA",2023,54220.0
13135,"Gwinnett, GA",2024,57291.0
13137,"Habersham, GA",2019,34865.0
13137,"Habersham, GA",2020,36987.0
13137,"Habersham, GA",2021,39454.0
13137,"Habersham, GA",2022,40453.0
13137,"Habersham, GA",2023,41188.0
13137,"Habersham, GA",2024,43929.0
13139,"Hall, GA",2019,46350.0
13139,"Hall, GA",2020,49332.0
13139,"Hall, GA",2021,55325.0
13139,"Hall, GA",2022,57162.0
13139,"Hall, GA",2023,59815.0
13139,"Hall, GA",2024,62317.0
13141,"Hancock, GA",2019,30640.0
13141,"Hancock, GA",2020,33407.0
13141,"Hancock, GA",2021,35167.0
13141,"Hancock, GA",2022,36114.0
13141,"Hancock, GA",2023,37129.0
13141,"Hancock, GA",2024,39071.0
13143,"Haralson, GA",2019,38049.0
13143,"Haralson, GA",2020,40582.0
13143,"Haralson, GA",2021,44276.0
13143,"Haralson, GA",2022,45122.0
13143,"Haralson, GA",2023,46357.0
13143,"Haralson, GA",2024,48967.0
13145,"Harris, GA",2019,50076.0
13145,"Harris, GA",2020,53178.0
13145,"Harris, GA",2021,56959.0
13145,"Harris, GA",2022,57555.0
13145,"Harris, GA",2023,60528.0
13145,"Harris, GA",2024,63579.0
13147,"Hart, GA",2019,39089.0
13147,"Hart, GA",2020,41305.0
13147,"Hart, GA",2021,43981.0
13147,"Hart, GA",2022,46306.0
13147,"Hart, GA",2023,47457.0
13147,"Hart, GA",2024,50804.0
13149,"Heard, GA",2019,34228.0
13149,"Heard, GA",2020,36296.0
13149,"Heard, GA",2021,41182.0
13149,"Heard, GA",2022,41094.0
13149,"Heard, GA",2023,41674.0
13149,"Heard, GA",2024,44280.0
13151,"Henry, GA",2019,39757.0
13151,"Henry, GA",2020,43577.0
13151,"Henry, GA",2021,46691.0
13151,"Henry, GA",2022,47645.0
13151,"Henry, GA",2023,49935.0
13151,"Henry, GA",2024,52537.0
13153,"Houston, GA",2019,42824.0
13153,"Houston, GA",2020,45524.0
13153,"Houston, GA",2021,49488.0
13153,"Houston, GA",2022,48495.0
13153,"Houston, GA",2023,50609.0
13153,"Houston, GA",2024,52696.0
13155,"Irwin, GA",2019,34311.0
13155,"Irwin, GA",2020,37313.0
13155,"Irwin, GA",2021,42767.0
13155,"Irwin, GA",2022,43839.0
13155,"Irwin, GA",2023,45524.0
13155,"Irwin, GA",2024,48144.0
13157,"Jackson, GA",2019,44010.0
13157,"Jackson, GA",2020,46626.0
13157,"Jackson, GA",2021,52235.0
13157,"Jackson, GA",2022,56286.0
13157,"Jackson, GA",2023,57332.0
13157,"Jackson, GA",2024,59952.0
13159,"Jasper, GA",2019,39410.0
13159,"Jasper, GA",2020,42285.0
13159,"Jasper, GA",2021,46261.0
13159,"Jasper, GA",2022,47111.0
13159,"Jasper, GA",2023,49117.0
13159,"Jasper, GA",2024,50974.0
13161,"Jeff Davis, GA",2019,31906.0
13161,"Jeff Davis, GA",2020,34990.0
13161,"Jeff Davis, GA",2021,37977.0
13161,"Jeff Davis, GA",2022,37471.0
13161,"Jeff Davis, GA",2023,39001.0
13161,"Jeff Davis, GA",2024,41336.0
13163,"Jefferson, GA",2019,33740.0
13163,"Jefferson, GA",2020,38621.0
13163,"Jefferson, GA",2021,42811.0
13163,"Jefferson, GA",2022,42400.0
13163,"Jefferson, GA",2023,45372.0
13163,"Jefferson, GA",2024,46959.0
13165,"Jenkins, GA",2019,31177.0
13165,"Jenkins, GA",2020,35631.0
13165,"Jenkins, GA",2021,37896.0
13165,"Jenkins, GA",2022,36603.0
13165,"Jenkins, GA",2023,38316.0
13165,"Jenkins, GA",2024,40142.0
13167,"Johnson, GA",2019,27497.0
13167,"Johnson, GA",2020,30852.0
13167,"Johnson, GA",2021,34635.0
13167,"Johnson, GA",2022,32330.0
13167,"Johnson, GA",2023,34802.0
13167,"Johnson, GA",2024,37441.0
13169,"Jones, GA",2019,38422.0
13169,"Jones, GA",2020,40551.0
13169,"Jones, GA",2021,44533.0
13169,"Jones, GA",2022,44108.0
13169,"Jones, GA",2023,46033.0
13169,"Jones, GA",2024,48324.0
13171,"Lamar, GA",2019,35775.0
13171,"Lamar, GA",2020,38058.0
13171,"Lamar, GA",2021,43619.0
13171,"Lamar, GA",2022,44395.0
13171,"Lamar, GA",2023,45365.0
13171,"Lamar, GA",2024,48077.0
13173,"Lanier, GA",2019,30673.0
13173,"Lanier, GA",2020,33221.0
13173,"Lanier, GA",2021,35878.0
13173,"Lanier, GA",2022,34161.0
13173,"Lanier, GA",2023,35404.0
13173,"Lanier, GA",2024,36976.0
13175,"Laurens, GA",2019,36760.0
13175,"Laurens, GA",2020,40212.0
13175,"Laurens, GA",2021,43975.0
13175,"Laurens, GA",2022,43156.0
13175,"Laurens, GA",2023,46250.0
13175,"Laurens, GA",2024,48716.0
13177,"Lee, GA",2019,43484.0
13177,"Lee, GA",2020,47221.0
13177,"Lee, GA",2021,51653.0
13177,"Lee, GA",2022,51620.0
13177,"Lee, GA",2023,53060.0
13177,"Lee, GA",2024,55402.0
13179,"Liberty, GA",2019,35185.0
13179,"Liberty, GA",2020,37909.0
13179,"Liberty, GA",2021,40991.0
13179,"Liberty, GA",2022,40111.0
13179,"Liberty, GA",2023,42545.0
13179,"Liberty, GA",2024,45546.0
13181,"Lincoln, GA",2019,40442.0
13181,"Lincoln, GA",2020,44716.0
13181,"Lincoln, GA",2021,47803.0
13181,"Lincoln, GA",2022,46586.0
13181,"Lincoln, GA",2023,48131.0
13181,"Lincoln, GA",2024,49898.0
13183,"Long, GA",2019,33901.0
13183,"Long, GA",2020,36332.0
13183,"Long, GA",2021,40574.0
13183,"Long, GA",2022,39172.0
13183,"Long, GA",2023,39844.0
13183,"Long, GA",2024,42195.0
13185,"Lowndes, GA",2019,37709.0
13185,"Lowndes, GA",2020,41465.0
13185,"Lowndes, GA",2021,44360.0
13185,"Lowndes, GA",2022,43910.0
13185,"Lowndes, GA",2023,45775.0
13185,"Lowndes, GA",2024,47701.0
13187,"Lumpkin, GA",2019,39634.0
13187,"Lumpkin, GA",2020,41736.0
13187,"Lumpkin, GA",2021,47736.0
13187,"Lumpkin, GA",2022,46945.0
13187,"Lumpkin, GA",2023,49505.0
13187,"Lumpkin, GA",2024,52148.0
13189,"McDuffie, GA",2019,37320.0
13189,"McDuffie, GA",2020,41372.0
13189,"McDuffie, GA",2021,43705.0
13189,"McDuffie, GA",2022,43153.0
13189,"McDuffie, GA",2023,44479.0
13189,"McDuffie, GA",2024,46600.0
13191,"McIntosh, GA",2019,40185.0
13191,"McIntosh, GA",2020,44723.0
13191,"McIntosh, GA",2021,47928.0
13191,"McIntosh, GA",2022,49003.0
13191,"McIntosh, GA",2023,51520.0
13191,"McIntosh, GA",2024,53779.0
13193,"Macon, GA",2019,33074.0
13193,"Macon, GA",2020,36194.0
13193,"Macon, GA",2021,39931.0
13193,"Macon, GA",2022,43861.0
13193,"Macon, GA",2023,42137.0
13193,"Macon, GA",2024,46899.0
13195,"Madison, GA",2019,38382.0
13195,"Madison, GA",2020,39269.0
13195,"Madison, GA",2021,43727.0
13195,"Madison, GA",2022,47253.0
13195,"Madison, GA",2023,47185.0
13195,"Madison, GA",2024,51311.0
13197,"Marion, GA",2019,32741.0
13197,"Marion, GA",2020,35537.0
13197,"Marion, GA",2021,40203.0
13197,"Marion, GA",2022,38440.0
13197,"Marion, GA",2023,39490.0
13197,"Marion, GA",2024,40961.0
13199,"Meriwether, GA",2019,36793.0
13199,"Meriwether, GA",2020,40564.0
13199,"Meriwether, GA",2021,44215.0
13199,"Meriwether, GA",2022,44630.0
13199,"Meriwether, GA",2023,47255.0
13199,"Meriwether, GA",2024,49285.0
13201,"Miller, GA",2019,44597.0
13201,"Miller, GA",2020,47815.0
13201,"Miller, GA",2021,52784.0
13201,"Miller, GA",2022,52011.0
13201,"Miller, GA",2023,53563.0
13201,"Miller, GA",2024,56029.0
13205,"Mitchell, GA",2019,36100.0
13205,"Mitchell, GA",2020,41097.0
13205,"Mitchell, GA",2021,45174.0
13205,"Mitchell, GA",2022,45224.0
13205,"Mitchell, GA",2023,46334.0
13205,"Mitchell, GA",2024,50183.0
13207,"Monroe, GA",2019,46208.0
13207,"Monroe, GA",2020,48381.0
13207,"Monroe, GA",2021,53963.0
13207,"Monroe, GA",2022,54836.0
13207,"Monroe, GA",2023,56384.0
13207,"Monroe, GA",2024,59086.0
13209,"Montgomery, GA",2019,31021.0
13209,"Montgomery, GA",2020,34978.0
13209,"Montgomery, GA",2021,38727.0
13209,"Montgomery, GA",2022,36634.0
13209,"Montgomery, GA",2023,38088.0
13209,"Montgomery, GA",2024,40626.0
13211,"Morgan, GA",2019,50821.0
13211,"Morgan, GA",2020,53578.0
13211,"Morgan, GA",2021,60740.0
13211,"Morgan, GA",2022,61557.0
13211,"Morgan, GA",2023,63341.0
13211,"Morgan, GA",2024,67463.0
13213,"Murray, GA",2019,31194.0
13213,"Murray, GA",2020,33647.0
13213,"Murray, GA",2021,37399.0
13213,"Murray, GA",2022,38212.0
13213,"Murray, GA",2023,38874.0
13213,"Murray, GA",2024,41169.0
13215,"Muscogee, GA",2019,41394.0
13215,"Muscogee, GA",2020,44146.0
13215,"Muscogee, GA",2021,47939.0
13215,"Muscogee, GA",2022,49466.0
13215,"Muscogee, GA",2023,52722.0
13215,"Muscogee, GA",2024,55517.0
13217,"Newton, GA",2019,34981.0
13217,"Newton, GA",2020,38582.0
13217,"Newton, GA",2021,42137.0
13217,"Newton, GA",2022,42038.0
13217,"Newton, GA",2023,44097.0
13217,"Newton, GA",2024,46189.0
13219,"Oconee, GA",2019,66275.0
13219,"Oconee, GA",2020,70144.0
13219,"Oconee, GA",2021,76133.0
13219,"Oconee, GA",2022,83605.0
13219,"Oconee, GA",2023,87873.0
13219,"Oconee, GA",2024,91363.0
13221,"Oglethorpe, GA",2019,38353.0
13221,"Oglethorpe, GA",2020,39741.0
13221,"Oglethorpe, GA",2021,44349.0
13221,"Oglethorpe, GA",2022,46998.0
13221,"Oglethorpe, GA",2023,47396.0
13221,"Oglethorpe, GA",2024,50461.0
13223,"Paulding, GA",2019,40438.0
13223,"Paulding, GA",2020,43247.0
13223,"Paulding, GA",2021,46957.0
13223,"Paulding, GA",2022,47702.0
13223,"Paulding, GA",2023,49674.0
13223,"Paulding, GA",2024,52365.0
13225,"Peach, GA",2019,38290.0
13225,"Peach, GA",2020,41153.0
13225,"Peach, GA",2021,44980.0
13225,"Peach, GA",2022,44603.0
13225,"Peach, GA",2023,46400.0
13225,"Peach, GA",2024,48711.0
13227,"Pickens, GA",2019,49057.0
13227,"Pickens, GA",2020,51537.0
13227,"Pickens, GA",2021,58388.0
13227,"Pickens, GA",2022,60795.0
13227,"Pickens, GA",2023,63204.0
13227,"Pickens, GA",2024,66680.0
13229,"Pierce, GA",2019,36817.0
13229,"Pierce, GA",2020,40160.0
13229,"Pierce, GA",2021,42806.0
13229,"Pierce, GA",2022,41877.0
13229,"Pierce, GA",2023,43104.0
13229,"Pierce, GA",2024,44635.0
13231,"Pike, GA",2019,42223.0
13231,"Pike, GA",2020,44569.0
13231,"Pike, GA",2021,49174.0
13231,"Pike, GA",2022,50746.0
13231,"Pike, GA",2023,52786.0
13231,"Pike, GA",2024,55389.0
13233,"Polk, GA",2019,33342.0
13233,"Polk, GA",2020,36174.0
13233,"Polk, GA",2021,39438.0
13233,"Polk, GA",2022,40396.0
13233,"Polk, GA",2023,41726.0
13233,"Polk, GA",2024,43771.0
13235,"Pulaski, GA",2019,35017.0
13235,"Pulaski, GA",2020,37464.0
13235,"Pulaski, GA",2021,42694.0
13235,"Pulaski, GA",2022,41022.0
13235,"Pulaski, GA",2023,42077.0
13235,"Pulaski, GA",2024,45174.0
13237,"Putnam, GA",2019,45147.0
13237,"Putnam, GA",2020,49094.0
13237,"Putnam, GA",2021,53550.0
13237,"Putnam, GA",2022,56574.0
13237,"Putnam, GA",2023,59821.0
13237,"Putnam, GA",2024,62928.0
13239,"Quitman, GA",2019,32584.0
13239,"Quitman, GA",2020,39964.0
13239,"Quitman, GA",2021,38526.0
13239,"Quitman, GA",2022,38358.0
13239,"Quitman, GA",2023,40610.0
13239,"Quitman, GA",2024,41806.0
13241,"Rabun, GA",2019,42770.0
13241,"Rabun, GA",2020,45659.0
13241,"Rabun, GA",2021,51554.0
13241,"Rabun, GA",2022,51860.0
13241,"Rabun, GA",2023,54655.0
13241,"Rabun, GA",2024,57966.0
13243,"Randolph, GA",2019,35438.0
13243,"Randolph, GA",2020,40546.0
13243,"Randolph, GA",2021,43610.0
13243,"Randolph, GA",2022,42733.0
13243,"Randolph, GA",2023,45965.0
13243,"Randolph, GA",2024,46575.0
13245,"Richmond, GA",2019,37599.0
13245,"Richmond, GA",2020,41205.0
13245,"Richmond, GA",2021,43722.0
13245,"Richmond, GA",2022,43773.0
13245,"Richmond, GA",2023,45376.0
13245,"Richmond, GA",2024,47141.0
13247,"Rockdale, GA",2019,35448.0
13247,"Rockdale, GA",2020,39185.0
13247,"Rockdale, GA",2021,42109.0
13247,"Rockdale, GA",2022,41775.0
13247,"Rockdale, GA",2023,43977.0
13247,"Rockdale, GA",2024,46211.0
13249,"Schley, GA",2019,36518.0
13249,"Schley, GA",2020,40095.0
13249,"Schley, GA",2021,45102.0
13249,"Schley, GA",2022,43967.0
13249,"Schley, GA",2023,44419.0
13249,"Schley, GA",2024,44927.0
13251,"Screven, GA",2019,34305.0
13251,"Screven, GA",2020,37728.0
13251,"Screven, GA",2021,40859.0
13251,"Screven, GA",2022,41275.0
13251,"Screven, GA",2023,43195.0
13251,"Screven, GA",2024,44167.0
13253,"Seminole, GA",2019,40683.0
13253,"Seminole, GA",2020,45127.0
13253,"Seminole, GA",2021,47395.0
13253,"Seminole, GA",2022,44605.0
13253,"Seminole, GA",2023,47088.0
13253,"Seminole, GA",2024,48250.0
13255,"Spalding, GA",2019,35716.0
13255,"Spalding, GA",2020,38522.0
13255,"Spalding, GA",2021,43162.0
13255,"Spalding, GA",2022,42933.0
13255,"Spalding, GA",2023,44942.0
13255,"Spalding, GA",2024,47149.0
13257,"Stephens, GA",2019,36180.0
13257,"Stephens, GA",2020,39427.0
13257,"Stephens, GA",2021,43706.0
13257,"Stephens, GA",2022,46030.0
13257,"Stephens, GA",2023,47242.0
13257,"Stephens, GA",2024,49591.0
13259,"Stewart, GA",2019,27794.0
13259,"Stewart, GA",2020,30957.0
13259,"Stewart, GA",2021,34083.0
13259,"Stewart, GA",2022,36311.0
13259,"Stewart, GA",2023,36595.0
13259,"Stewart, GA",2024,36667.0
13261,"Sumter, GA",2019,36715.0
13261,"Sumter, GA",2020,40238.0
13261,"Sumter, GA",2021,43753.0
13261,"Sumter, GA",2022,43694.0
13261,"Sumter, GA",2023,45296.0
13261,"Sumter, GA",2024,46109.0
13263,"Talbot, GA",2019,37894.0
13263,"Talbot, GA",2020,43441.0
13263,"Talbot, GA",2021,47768.0
13263,"Talbot, GA",2022,46154.0
13263,"Talbot, GA",2023,50217.0
13263,"Talbot, GA",2024,53431.0
13265,"Taliaferro, GA",2019,37801.0
13265,"Taliaferro, GA",2020,38271.0
13265,"Taliaferro, GA",2021,41572.0
13265,"Taliaferro, GA",2022,43863.0
13265,"Taliaferro, GA",2023,43529.0
13265,"Taliaferro, GA",2024,46519.0
13267,"Tattnall, GA",2019,31247.0
13267,"Tattnall, GA",2020,31083.0
13267,"Tattnall, GA",2021,35104.0
13267,"Tattnall, GA",2022,36813.0
13267,"Tattnall, GA",2023,36151.0
13267,"Tattnall, GA",2024,40973.0
13269,"Taylor, GA",2019,33114.0
13269,"Taylor, GA",2020,35198.0
13269,"Taylor, GA",2021,39949.0
13269,"Taylor, GA",2022,38424.0
13269,"Taylor, GA",2023,42069.0
13269,"Taylor, GA",2024,43829.0
13271,"Telfair, GA",2019,25520.0
13271,"Telfair, GA",2020,28001.0
13271,"Telfair, GA",2021,30554.0
13271,"Telfair, GA",2022,28771.0
13271,"Telfair, GA",2023,34415.0
13271,"Telfair, GA",2024,35685.0
13273,"Terrell, GA",2019,39146.0
13273,"Terrell, GA",2020,42970.0
13273,"Terrell, GA",2021,47951.0
13273,"Terrell, GA",2022,46940.0
13273,"Terrell, GA",2023,49378.0
13273,"Terrell, GA",2024,51069.0
13275,"Thomas, GA",2019,43701.0
13275,"Thomas, GA",2020,47552.0
13275,"Thomas, GA",2021,53258.0
13275,"Thomas, GA",2022,54447.0
13275,"Thomas, GA",2023,57033.0
13275,"Thomas, GA",2024,59191.0
13277,"Tift, GA",2019,37630.0
13277,"Tift, GA",2020,41617.0
13277,"Tift, GA",2021,45239.0
13277,"Tift, GA",2022,45958.0
13277,"Tift, GA",2023,47923.0
13277,"Tift, GA",2024,49962.0
13279,"Toombs, GA",2019,35317.0
13279,"Toombs, GA",2020,39721.0
13279,"Toombs, GA",2021,42977.0
13279,"Toombs, GA",2022,42570.0
13279,"Toombs, GA",2023,44069.0
13279,"Toombs, GA",2024,46150.0
13281,"Towns, GA",2019,39870.0
13281,"Towns, GA",2020,44496.0
13281,"Towns, GA",2021,47777.0
13281,"Towns, GA",2022,48395.0
13281,"Towns, GA",2023,52251.0
13281,"Towns, GA",2024,55900.0
13283,"Treutlen, GA",2019,31761.0
13283,"Treutlen, GA",2020,34681.0
13283,"Treutlen, GA",2021,38487.0
13283,"Treutlen, GA",2022,39297.0
13283,"Treutlen, GA",2023,42317.0
13283,"Treutlen, GA",2024,41350.0
13285,"Troup, GA",2019,37351.0
13285,"Troup, GA",2020,41271.0
13285,"Troup, GA",2021,45041.0
13285,"Troup, GA",2022,45384.0
13285,"Troup, GA",2023,47460.0
13285,"Troup, GA",2024,49905.0
13287,"Turner, GA",2019,32578.0
13287,"Turner, GA",2020,34197.0
13287,"Turner, GA",2021,38521.0
13287,"Turner, GA",2022,38321.0
13287,"Turner, GA",2023,38789.0
13287,"Turner, GA",2024,39907.0
13289,"Twiggs, GA",2019,39129.0
13289,"Twiggs, GA",2020,41336.0
13289,"Twiggs, GA",2021,45124.0
13289,"Twiggs, GA",2022,43836.0
13289,"Twiggs, GA",2023,47778.0
13289,"Twiggs, GA",2024,49516.0
13291,"Union, GA",2019,39198.0
13291,"Union, GA",2020,41890.0
13291,"Union, GA",2021,44922.0
13291,"Union, GA",2022,45629.0
13291,"Union, GA",2023,48519.0
13291,"Union, GA",2024,50654.0
13293,"Upson, GA",2019,35274.0
13293,"Upson, GA",2020,37452.0
13293,"Upson, GA",2021,41426.0
13293,"Upson, GA",2022,42204.0
13293,"Upson, GA",2023,43761.0
13293,"Upson, GA",2024,45901.0
13295,"Walker, GA",2019,35091.0
13295,"Walker, GA",2020,37787.0
13295,"Walker, GA",2021,41554.0
13295,"Walker, GA",2022,42914.0
13295,"Walker, GA",2023,44506.0
13295,"Walker, GA",2024,46959.0
13297,"Walton, GA",2019,43050.0
13297,"Walton, GA",2020,46057.0
13297,"Walton, GA",2021,50662.0
13297,"Walton, GA",2022,52663.0
13297,"Walton, GA",2023,53048.0
13297,"Walton, GA",2024,55403.0
13299,"Ware, GA",2019,33225.0
13299,"Ware, GA",2020,36429.0
13299,"Ware, GA",2021,39721.0
13299,"Ware, GA",2022,39161.0
13299,"Ware, GA",2023,40047.0
13299,"Ware, GA",2024,41778.0
13301,"Warren, GA",2019,35521.0
13301,"Warren, GA",2020,40133.0
13301,"Warren, GA",2021,41889.0
13301,"Warren, GA",2022,41120.0
13301,"Warren, GA",2023,42909.0
13301,"Warren, GA",2024,44044.0
13303,"Washington, GA",2019,35152.0
13303,"Washington, GA",2020,39975.0
13303,"Washington, GA",2021,42508.0
13303,"Washington, GA",2022,42072.0
13303,"Washington, GA",2023,45032.0
13303,"Washington, GA",2024,47292.0
13305,"Wayne, GA",2019,32353.0
13305,"Wayne, GA",2020,34919.0
13305,"Wayne, GA",2021,39088.0
13305,"Wayne, GA",2022,38301.0
13305,"Wayne, GA",2023,39685.0
13305,"Wayne, GA",2024,41453.0
13307,"Webster, GA",2019,37789.0
13307,"Webster, GA",2020,40239.0
13307,"Webster, GA",2021,41360.0
13307,"Webster, GA",2022,39344.0
13307,"Webster, GA",2023,43431.0
13307,"Webster, GA",2024,44321.0
13309,"Wheeler, GA",2019,19643.0
13309,"Wheeler, GA",2020,22567.0
13309,"Wheeler, GA",2021,23916.0
13309,"Wheeler, GA",2022,23344.0
13309,"Wheeler, GA",2023,24985.0
13309,"Wheeler, GA",2024,26119.0
13311,"White, GA",2019,40600.0
13311,"White, GA",2020,43693.0
13311,"White, GA",2021,48292.0
13311,"White, GA",2022,48778.0
13311,"White, GA",2023,50953.0
13311,"White, GA",2024,53597.0
13313,"Whitfield, GA",2019,40203.0
13313,"Whitfield, GA",2020,43011.0
13313,"Whitfield, GA",2021,47050.0
13313,"Whitfield, GA",2022,46157.0
13313,"Whitfield, GA",2023,47658.0
13313,"Whitfield, GA",2024,49706.0
13315,"Wilcox, GA",2019,28096.0
13315,"Wilcox, GA",2020,28793.0
13315,"Wilcox, GA",2021,32581.0
13315,"Wilcox, GA",2022,33778.0
13315,"Wilcox, GA",2023,33389.0
13315,"Wilcox, GA",2024,36531.0
13317,"Wilkes, GA",2019,41597.0
13317,"Wilkes, GA",2020,42783.0
13317,"Wilkes, GA",2021,48461.0
13317,"Wilkes, GA",2022,52261.0
13317,"Wilkes, GA",2023,52154.0
13317,"Wilkes, GA",2024,58980.0
13319,"Wilkinson, GA",2019,36043.0
13319,"Wilkinson, GA",2020,39597.0
13319,"Wilkinson, GA",2021,43169.0
13319,"Wilkinson, GA",2022,42232.0
13319,"Wilkinson, GA",2023,44222.0
13319,"Wilkinson, GA",2024,47204.0
13321,"Worth, GA",2019,34993.0
13321,"Worth, GA",2020,38192.0
13321,"Worth, GA",2021,41847.0
13321,"Worth, GA",2022,41684.0
13321,"Worth, GA",2023,42977.0
13321,"Worth, GA",2024,44806.0
15001,"Hawaii, HI",2019,43040.0
15001,"Hawaii, HI",2020,45481.0
15001,"Hawaii, HI",2021,50504.0
15001,"Hawaii, HI",2022,51102.0
15001,"Hawaii, HI",2023,54728.0
15001,"Hawaii, HI",2024,57694.0
15003,"Honolulu, HI",2019,56772.0
15003,"Honolulu, HI",2020,60278.0
15003,"Honolulu, HI",2021,63956.0
15003,"Honolulu, HI",2022,66298.0
15003,"Honolulu, HI",2023,70680.0
15003,"Honolulu, HI",2024,74681.0
15007,"Kauai, HI",2019,50163.0
15007,"Kauai, HI",2020,53016.0
15007,"Kauai, HI",2021,56819.0
15007,"Kauai, HI",2022,59042.0
15007,"Kauai, HI",2023,63416.0
15007,"Kauai, HI",2024,67170.0
15901,"Maui + Kalawao, HI*",2019,51322.0
15901,"Maui + Kalawao, HI*",2020,52890.0
15901,"Maui + Kalawao, HI*",2021,60161.0
15901,"Maui + Kalawao, HI*",2022,61352.0
15901,"Maui + Kalawao, HI*",2023,64246.0
15901,"Maui + Kalawao, HI*",2024,67489.0
16001,"Ada, ID",2019,54277.0
16001,"Ada, ID",2020,58300.0
16001,"Ada, ID",2021,65672.0
16001,"Ada, ID",2022,69187.0
16001,"Ada, ID",2023,72387.0
16001,"Ada, ID",2024,76921.0
16003,"Adams, ID",2019,39166.0
16003,"Adams, ID",2020,40587.0
16003,"Adams, ID",2021,46424.0
16003,"Adams, ID",2022,44290.0
16003,"Adams, ID",2023,47289.0
16003,"Adams, ID",2024,49476.0
16005,"Bannock, ID",2019,38968.0
16005,"Bannock, ID",2020,42595.0
16005,"Bannock, ID",2021,46798.0
16005,"Bannock, ID",2022,47895.0
16005,"Bannock, ID",2023,50635.0
16005,"Bannock, ID",2024,53711.0
16007,"Bear Lake, ID",2019,40372.0
16007,"Bear Lake, ID",2020,44521.0
16007,"Bear Lake, ID",2021,46893.0
16007,"Bear Lake, ID",2022,47914.0
16007,"Bear Lake, ID",2023,50269.0
16007,"Bear Lake, ID",2024,52688.0
16009,"Benewah, ID",2019,38675.0
16009,"Benewah, ID",2020,42972.0
16009,"Benewah, ID",2021,45013.0
16009,"Benewah, ID",2022,43958.0
16009,"Benewah, ID",2023,45812.0
16009,"Benewah, ID",2024,47007.0
16011,"Bingham, ID",2019,37017.0
16011,"Bingham, ID",2020,41294.0
16011,"Bingham, ID",2021,46654.0
16011,"Bingham, ID",2022,48122.0
16011,"Bingham, ID",2023,50705.0
16011,"Bingham, ID",2024,50928.0
16013,"Blaine, ID",2019,117951.0
16013,"Blaine, ID",2020,124799.0
16013,"Blaine, ID",2021,166572.0
16013,"Blaine, ID",2022,174919.0
16013,"Blaine, ID",2023,193219.0
16013,"Blaine, ID",2024,202612.0
16015,"Boise, ID",2019,46817.0
16015,"Boise, ID",2020,50911.0
16015,"Boise, ID",2021,54072.0
16015,"Boise, ID",2022,52100.0
16015,"Boise, ID",2023,55773.0
16015,"Boise, ID",2024,60093.0
16017,"Bonner, ID",2019,43316.0
16017,"Bonner, ID",2020,48623.0
16017,"Bonner, ID",2021,52669.0
16017,"Bonner, ID",2022,53298.0
16017,"Bonner, ID",2023,55873.0
16017,"Bonner, ID",2024,57706.0
16019,"Bonneville, ID",2019,56421.0
16019,"Bonneville, ID",2020,60359.0
16019,"Bonneville, ID",2021,63407.0
16019,"Bonneville, ID",2022,57394.0
16019,"Bonneville, ID",2023,55485.0
16019,"Bonneville, ID",2024,58435.0
16021,"Boundary, ID",2019,38432.0
16021,"Boundary, ID",2020,41820.0
16021,"Boundary, ID",2021,47476.0
16021,"Boundary, ID",2022,45542.0
16021,"Boundary, ID",2023,47275.0
16021,"Boundary, ID",2024,49219.0
16023,"Butte, ID",2019,44066.0
16023,"Butte, ID",2020,49919.0
16023,"Butte, ID",2021,51007.0
16023,"Butte, ID",2022,53655.0
16023,"Butte, ID",2023,56070.0
16023,"Butte, ID",2024,57063.0
16025,"Camas, ID",2019,49978.0
16025,"Camas, ID",2020,53271.0
16025,"Camas, ID",2021,59366.0
16025,"Camas, ID",2022,64410.0
16025,"Camas, ID",2023,64405.0
16025,"Camas, ID",2024,65454.0
16027,"Canyon, ID",2019,35692.0
16027,"Canyon, ID",2020,38922.0
16027,"Canyon, ID",2021,44217.0
16027,"Canyon, ID",2022,46187.0
16027,"Canyon, ID",2023,47290.0
16027,"Canyon, ID",2024,50169.0
16029,"Caribou, ID",2019,42800.0
16029,"Caribou, ID",2020,48155.0
16029,"Caribou, ID",2021,47393.0
16029,"Caribou, ID",2022,49408.0
16029,"Caribou, ID",2023,53544.0
16029,"Caribou, ID",2024,54388.0
16031,"Cassia, ID",2019,44327.0
16031,"Cassia, ID",2020,49607.0
16031,"Cassia, ID",2021,51495.0
16031,"Cassia, ID",2022,53927.0
16031,"Cassia, ID",2023,55512.0
16031,"Cassia, ID",2024,59434.0
16033,"Clark, ID",2019,42494.0
16033,"Clark, ID",2020,47173.0
16033,"Clark, ID",2021,43639.0
16033,"Clark, ID",2022,50251.0
16033,"Clark, ID",2023,52598.0
16033,"Clark, ID",2024,52819.0
16035,"Clearwater, ID",2019,36329.0
16035,"Clearwater, ID",2020,39655.0
16035,"Clearwater, ID",2021,43079.0
16035,"Clearwater, ID",2022,42698.0
16035,"Clearwater, ID",2023,45278.0
16035,"Clearwater, ID",2024,47119.0
16037,"Custer, ID",2019,42139.0
16037,"Custer, ID",2020,46174.0
16037,"Custer, ID",2021,50558.0
16037,"Custer, ID",2022,50545.0
16037,"Custer, ID",2023,54108.0
16037,"Custer, ID",2024,57363.0
16039,"Elmore, ID",2019,36924.0
16039,"Elmore, ID",2020,39153.0
16039,"Elmore, ID",2021,42927.0
16039,"Elmore, ID",2022,44645.0
16039,"Elmore, ID",2023,46501.0
16039,"Elmore, ID",2024,49558.0
16041,"Franklin, ID",2019,36286.0
16041,"Franklin, ID",2020,40544.0
16041,"Franklin, ID",2021,44989.0
16041,"Franklin, ID",2022,45398.0
16041,"Franklin, ID",2023,46292.0
16041,"Franklin, ID",2024,47659.0
16043,"Fremont (includes Yellowstone Park), ID",2019,37388.0
16043,"Fremont (includes Yellowstone Park), ID",2020,41216.0
16043,"Fremont (includes Yellowstone Park), ID",2021,45839.0
16043,"Fremont (includes Yellowstone Park), ID",2022,45667.0
16043,"Fremont (includes Yellowstone Park), ID",2023,46768.0
16043,"Fremont (includes Yellowstone Park), ID",2024,47561.0
16045,"Gem, ID",2019,39331.0
16045,"Gem, ID",2020,41896.0
16045,"Gem, ID",2021,49059.0
16045,"Gem, ID",2022,45478.0
16045,"Gem, ID",2023,47138.0
16045,"Gem, ID",2024,49972.0
16047,"Gooding, ID",2019,59067.0
16047,"Gooding, ID",2020,63425.0
16047,"Gooding, ID",2021,64455.0
16047,"Gooding, ID",2022,72604.0
16047,"Gooding, ID",2023,64422.0
16047,"Gooding, ID",2024,70962.0
16049,"Idaho, ID",2019,35193.0
16049,"Idaho, ID",2020,39056.0
16049,"Idaho, ID",2021,44857.0
16049,"Idaho, ID",2022,43783.0
16049,"Idaho, ID",2023,46248.0
16049,"Idaho, ID",2024,48477.0
16051,"Jefferson, ID",2019,37468.0
16051,"Jefferson, ID",2020,40066.0
16051,"Jefferson, ID",2021,44985.0
16051,"Jefferson, ID",2022,47582.0
16051,"Jefferson, ID",2023,49016.0
16051,"Jefferson, ID",2024,50258.0
16053,"Jerome, ID",2019,37946.0
16053,"Jerome, ID",2020,41703.0
16053,"Jerome, ID",2021,44123.0
16053,"Jerome, ID",2022,47340.0
16053,"Jerome, ID",2023,46830.0
16053,"Jerome, ID",2024,49185.0
16055,"Kootenai, ID",2019,47798.0
16055,"Kootenai, ID",2020,51576.0
16055,"Kootenai, ID",2021,58898.0
16055,"Kootenai, ID",2022,59860.0
16055,"Kootenai, ID",2023,63800.0
16055,"Kootenai, ID",2024,66815.0
16057,"Latah, ID",2019,44237.0
16057,"Latah, ID",2020,47648.0
16057,"Latah, ID",2021,52270.0
16057,"Latah, ID",2022,51663.0
16057,"Latah, ID",2023,54722.0
16057,"Latah, ID",2024,55988.0
16059,"Lemhi, ID",2019,43121.0
16059,"Lemhi, ID",2020,47553.0
16059,"Lemhi, ID",2021,53209.0
16059,"Lemhi, ID",2022,53489.0
16059,"Lemhi, ID",2023,56120.0
16059,"Lemhi, ID",2024,59954.0
16061,"Lewis, ID",2019,52987.0
16061,"Lewis, ID",2020,58410.0
16061,"Lewis, ID",2021,59941.0
16061,"Lewis, ID",2022,59204.0
16061,"Lewis, ID",2023,56104.0
16061,"Lewis, ID",2024,57419.0
16063,"Lincoln, ID",2019,40623.0
16063,"Lincoln, ID",2020,44507.0
16063,"Lincoln, ID",2021,45823.0
16063,"Lincoln, ID",2022,51707.0
16063,"Lincoln, ID",2023,47884.0
16063,"Lincoln, ID",2024,50400.0
16065,"Madison, ID",2019,22326.0
16065,"Madison, ID",2020,24649.0
16065,"Madison, ID",2021,27782.0
16065,"Madison, ID",2022,27779.0
16065,"Madison, ID",2023,28260.0
16065,"Madison, ID",2024,29485.0
16067,"Minidoka, ID",2019,39504.0
16067,"Minidoka, ID",2020,44885.0
16067,"Minidoka, ID",2021,47041.0
16067,"Minidoka, ID",2022,49931.0
16067,"Minidoka, ID",2023,52198.0
16067,"Minidoka, ID",2024,52408.0
16069,"Nez Perce, ID",2019,43960.0
16069,"Nez Perce, ID",2020,47343.0
16069,"Nez Perce, ID",2021,52818.0
16069,"Nez Perce, ID",2022,53085.0
16069,"Nez Perce, ID",2023,56486.0
16069,"Nez Perce, ID",2024,59776.0
16071,"Oneida, ID",2019,37921.0
16071,"Oneida, ID",2020,42290.0
16071,"Oneida, ID",2021,46116.0
16071,"Oneida, ID",2022,47492.0
16071,"Oneida, ID",2023,49385.0
16071,"Oneida, ID",2024,50482.0
16073,"Owyhee, ID",2019,38959.0
16073,"Owyhee, ID",2020,41982.0
16073,"Owyhee, ID",2021,45270.0
16073,"Owyhee, ID",2022,49122.0
16073,"Owyhee, ID",2023,48781.0
16073,"Owyhee, ID",2024,52712.0
16075,"Payette, ID",2019,40478.0
16075,"Payette, ID",2020,43371.0
16075,"Payette, ID",2021,47556.0
16075,"Payette, ID",2022,48419.0
16075,"Payette, ID",2023,50002.0
16075,"Payette, ID",2024,52912.0
16077,"Power, ID",2019,40297.0
16077,"Power, ID",2020,45254.0
16077,"Power, ID",2021,43743.0
16077,"Power, ID",2022,50721.0
16077,"Power, ID",2023,53535.0
16077,"Power, ID",2024,47244.0
16079,"Shoshone, ID",2019,36458.0
16079,"Shoshone, ID",2020,41757.0
16079,"Shoshone, ID",2021,47526.0
16079,"Shoshone, ID",2022,44653.0
16079,"Shoshone, ID",2023,45190.0
16079,"Shoshone, ID",2024,47101.0
16081,"Teton, ID",2019,44596.0
16081,"Teton, ID",2020,49106.0
16081,"Teton, ID",2021,59600.0
16081,"Teton, ID",2022,64985.0
16081,"Teton, ID",2023,69551.0
16081,"Teton, ID",2024,72444.0
16083,"Twin Falls, ID",2019,39815.0
16083,"Twin Falls, ID",2020,43724.0
16083,"Twin Falls, ID",2021,48041.0
16083,"Twin Falls, ID",2022,50199.0
16083,"Twin Falls, ID",2023,50992.0
16083,"Twin Falls, ID",2024,53767.0
16085,"Valley, ID",2019,50878.0
16085,"Valley, ID",2020,54464.0
16085,"Valley, ID",2021,63539.0
16085,"Valley, ID",2022,63321.0
16085,"Valley, ID",2023,68129.0
16085,"Valley, ID",2024,71881.0
16087,"Washington, ID",2019,36686.0
16087,"Washington, ID",2020,39949.0
16087,"Washington, ID",2021,42707.0
16087,"Washington, ID",2022,43680.0
16087,"Washington, ID",2023,44661.0
16087,"Washington, ID",2024,46582.0
17001,"Adams, IL",2019,46562.0
17001,"Adams, IL",2020,51664.0
17001,"Adams, IL",2021,55860.0
17001,"Adams, IL",2022,56962.0
17001,"Adams, IL",2023,60197.0
17001,"Adams, IL",2024,62377.0
17003,"Alexander, IL",2019,39891.0
17003,"Alexander, IL",2020,45859.0
17003,"Alexander, IL",2021,49941.0
17003,"Alexander, IL",2022,49326.0
17003,"Alexander, IL",2023,53607.0
17003,"Alexander, IL",2024,54342.0
17005,"Bond, IL",2019,37657.0
17005,"Bond, IL",2020,40410.0
17005,"Bond, IL",2021,44667.0
17005,"Bond, IL",2022,45054.0
17005,"Bond, IL",2023,47466.0
17005,"Bond, IL",2024,48500.0
17007,"Boone, IL",2019,47492.0
17007,"Boone, IL",2020,50198.0
17007,"Boone, IL",2021,55376.0
17007,"Boone, IL",2022,55333.0
17007,"Boone, IL",2023,57480.0
17007,"Boone, IL",2024,59708.0
17009,"Brown, IL",2019,37716.0
17009,"Brown, IL",2020,42056.0
17009,"Brown, IL",2021,44322.0
17009,"Brown, IL",2022,46925.0
17009,"Brown, IL",2023,48659.0
17009,"Brown, IL",2024,49932.0
17011,"Bureau, IL",2019,41120.0
17011,"Bureau, IL",2020,46254.0
17011,"Bureau, IL",2021,52172.0
17011,"Bureau, IL",2022,51702.0
17011,"Bureau, IL",2023,53582.0
17011,"Bureau, IL",2024,54671.0
17013,"Calhoun, IL",2019,44603.0
17013,"Calhoun, IL",2020,49488.0
17013,"Calhoun, IL",2021,55703.0
17013,"Calhoun, IL",2022,57249.0
17013,"Calhoun, IL",2023,59267.0
17013,"Calhoun, IL",2024,60531.0
17015,"Carroll, IL",2019,40596.0
17015,"Carroll, IL",2020,45580.0
17015,"Carroll, IL",2021,50762.0
17015,"Carroll, IL",2022,51854.0
17015,"Carroll, IL",2023,53212.0
17015,"Carroll, IL",2024,54171.0
17017,"Cass, IL",2019,38391.0
17017,"Cass, IL",2020,44356.0
17017,"Cass, IL",2021,49331.0
17017,"Cass, IL",2022,50681.0
17017,"Cass, IL",2023,51369.0
17017,"Cass, IL",2024,51995.0
17019,"Champaign, IL",2019,46283.0
17019,"Champaign, IL",2020,50076.0
17019,"Champaign, IL",2021,54152.0
17019,"Champaign, IL",2022,55063.0
17019,"Champaign, IL",2023,58030.0
17019,"Champaign, IL",2024,59853.0
17021,"Christian, IL",2019,39576.0
17021,"Christian, IL",2020,44010.0
17021,"Christian, IL",2021,48773.0
17021,"Christian, IL",2022,50287.0
17021,"Christian, IL",2023,52452.0
17021,"Christian, IL",2024,53948.0
17023,"Clark, IL",2019,41789.0
17023,"Clark, IL",2020,45257.0
17023,"Clark, IL",2021,51197.0
17023,"Clark, IL",2022,52495.0
17023,"Clark, IL",2023,53883.0
17023,"Clark, IL",2024,55544.0
17025,"Clay, IL",2019,39141.0
17025,"Clay, IL",2020,43468.0
17025,"Clay, IL",2021,49936.0
17025,"Clay, IL",2022,50201.0
17025,"Clay, IL",2023,53673.0
17025,"Clay, IL",2024,54942.0
17027,"Clinton, IL",2019,49239.0
17027,"Clinton, IL",2020,52908.0
17027,"Clinton, IL",2021,58004.0
17027,"Clinton, IL",2022,59991.0
17027,"Clinton, IL",2023,62103.0
17027,"Clinton, IL",2024,64744.0
17029,"Coles, IL",2019,43354.0
17029,"Coles, IL",2020,47815.0
17029,"Coles, IL",2021,52285.0
17029,"Coles, IL",2022,52366.0
17029,"Coles, IL",2023,55410.0
17029,"Coles, IL",2024,57854.0
17031,"Cook, IL",2019,63007.0
17031,"Cook, IL",2020,67163.0
17031,"Cook, IL",2021,72586.0
17031,"Cook, IL",2022,72949.0
17031,"Cook, IL",2023,77018.0
17031,"Cook, IL",2024,79964.0
17033,"Crawford, IL",2019,46171.0
17033,"Crawford, IL",2020,48870.0
17033,"Crawford, IL",2021,52372.0
17033,"Crawford, IL",2022,56899.0
17033,"Crawford, IL",2023,59574.0
17033,"Crawford, IL",2024,61038.0
17035,"Cumberland, IL",2019,73151.0
17035,"Cumberland, IL",2020,82288.0
17035,"Cumberland, IL",2021,89987.0
17035,"Cumberland, IL",2022,94219.0
17035,"Cumberland, IL",2023,100536.0
17035,"Cumberland, IL",2024,104890.0
17037,"DeKalb, IL",2019,43388.0
17037,"DeKalb, IL",2020,46681.0
17037,"DeKalb, IL",2021,50576.0
17037,"DeKalb, IL",2022,50823.0
17037,"DeKalb, IL",2023,53097.0
17037,"DeKalb, IL",2024,55006.0
17039,"De Witt, IL",2019,46006.0
17039,"De Witt, IL",2020,51646.0
17039,"De Witt, IL",2021,57412.0
17039,"De Witt, IL",2022,59276.0
17039,"De Witt, IL",2023,60844.0
17039,"De Witt, IL",2024,61727.0
17041,"Douglas, IL",2019,49755.0
17041,"Douglas, IL",2020,54880.0
17041,"Douglas, IL",2021,61107.0
17041,"Douglas, IL",2022,68340.0
17041,"Douglas, IL",2023,68807.0
17041,"Douglas, IL",2024,70031.0
17043,"DuPage, IL",2019,75343.0
17043,"DuPage, IL",2020,78626.0
17043,"DuPage, IL",2021,86005.0
17043,"DuPage, IL",2022,89732.0
17043,"DuPage, IL",2023,94955.0
17043,"DuPage, IL",2024,98481.0
17045,"Edgar, IL",2019,41777.0
17045,"Edgar, IL",2020,48212.0
17045,"Edgar, IL",2021,55126.0
17045,"Edgar, IL",2022,57163.0
17045,"Edgar, IL",2023,57660.0
17045,"Edgar, IL",2024,58558.0
17047,"Edwards, IL",2019,41654.0
17047,"Edwards, IL",2020,45287.0
17047,"Edwards, IL",2021,50941.0
17047,"Edwards, IL",2022,50910.0
17047,"Edwards, IL",2023,52271.0
17047,"Edwards, IL",2024,53227.0
17049,"Effingham, IL",2019,49856.0
17049,"Effingham, IL",2020,55330.0
17049,"Effingham, IL",2021,60626.0
17049,"Effingham, IL",2022,64015.0
17049,"Effingham, IL",2023,68532.0
17049,"Effingham, IL",2024,72180.0
17051,"Fayette, IL",2019,36015.0
17051,"Fayette, IL",2020,40160.0
17051,"Fayette, IL",2021,45107.0
17051,"Fayette, IL",2022,45438.0
17051,"Fayette, IL",2023,47266.0
17051,"Fayette, IL",2024,49155.0
17053,"Ford, IL",2019,50838.0
17053,"Ford, IL",2020,56778.0
17053,"Ford, IL",2021,62281.0
17053,"Ford, IL",2022,69110.0
17053,"Ford, IL",2023,69177.0
17053,"Ford, IL",2024,69422.0
17055,"Franklin, IL",2019,38153.0
17055,"Franklin, IL",2020,42109.0
17055,"Franklin, IL",2021,45879.0
17055,"Franklin, IL",2022,45836.0
17055,"Franklin, IL",2023,48659.0
17055,"Franklin, IL",2024,51381.0
17057,"Fulton, IL",2019,38472.0
17057,"Fulton, IL",2020,42756.0
17057,"Fulton, IL",2021,47052.0
17057,"Fulton, IL",2022,48431.0
17057,"Fulton, IL",2023,50911.0
17057,"Fulton, IL",2024,52445.0
17059,"Gallatin, IL",2019,41342.0
17059,"Gallatin, IL",2020,45131.0
17059,"Gallatin, IL",2021,54274.0
17059,"Gallatin, IL",2022,55256.0
17059,"Gallatin, IL",2023,58196.0
17059,"Gallatin, IL",2024,57193.0
17061,"Greene, IL",2019,37731.0
17061,"Greene, IL",2020,44526.0
17061,"Greene, IL",2021,51757.0
17061,"Greene, IL",2022,53745.0
17061,"Greene, IL",2023,53675.0
17061,"Greene, IL",2024,54758.0
17063,"Grundy, IL",2019,57718.0
17063,"Grundy, IL",2020,59009.0
17063,"Grundy, IL",2021,59613.0
17063,"Grundy, IL",2022,59222.0
17063,"Grundy, IL",2023,62236.0
17063,"Grundy, IL",2024,63824.0
17065,"Hamilton, IL",2019,43264.0
17065,"Hamilton, IL",2020,46972.0
17065,"Hamilton, IL",2021,54507.0
17065,"Hamilton, IL",2022,53278.0
17065,"Hamilton, IL",2023,55502.0
17065,"Hamilton, IL",2024,56469.0
17067,"Hancock, IL",2019,43934.0
17067,"Hancock, IL",2020,50126.0
17067,"Hancock, IL",2021,56314.0
17067,"Hancock, IL",2022,57229.0
17067,"Hancock, IL",2023,59810.0
17067,"Hancock, IL",2024,60715.0
17069,"Hardin, IL",2019,39103.0
17069,"Hardin, IL",2020,41639.0
17069,"Hardin, IL",2021,45760.0
17069,"Hardin, IL",2022,51645.0
17069,"Hardin, IL",2023,53882.0
17069,"Hardin, IL",2024,55913.0
17071,"Henderson, IL",2019,41006.0
17071,"Henderson, IL",2020,47198.0
17071,"Henderson, IL",2021,55059.0
17071,"Henderson, IL",2022,58142.0
17071,"Henderson, IL",2023,56913.0
17071,"Henderson, IL",2024,55143.0
17073,"Henry, IL",2019,45567.0
17073,"Henry, IL",2020,50367.0
17073,"Henry, IL",2021,55554.0
17073,"Henry, IL",2022,56612.0
17073,"Henry, IL",2023,58665.0
17073,"Henry, IL",2024,60048.0
17075,"Iroquois, IL",2019,43797.0
17075,"Iroquois, IL",2020,49855.0
17075,"Iroquois, IL",2021,55635.0
17075,"Iroquois, IL",2022,57143.0
17075,"Iroquois, IL",2023,58683.0
17075,"Iroquois, IL",2024,59524.0
17077,"Jackson, IL",2019,39507.0
17077,"Jackson, IL",2020,42563.0
17077,"Jackson, IL",2021,46719.0
17077,"Jackson, IL",2022,46558.0
17077,"Jackson, IL",2023,49552.0
17077,"Jackson, IL",2024,50957.0
17079,"Jasper, IL",2019,42252.0
17079,"Jasper, IL",2020,49407.0
17079,"Jasper, IL",2021,56544.0
17079,"Jasper, IL",2022,56385.0
17079,"Jasper, IL",2023,56703.0
17079,"Jasper, IL",2024,59658.0
17081,"Jefferson, IL",2019,40075.0
17081,"Jefferson, IL",2020,44126.0
17081,"Jefferson, IL",2021,47771.0
17081,"Jefferson, IL",2022,47888.0
17081,"Jefferson, IL",2023,50484.0
17081,"Jefferson, IL",2024,52893.0
17083,"Jersey, IL",2019,43086.0
17083,"Jersey, IL",2020,47700.0
17083,"Jersey, IL",2021,52565.0
17083,"Jersey, IL",2022,53237.0
17083,"Jersey, IL",2023,55238.0
17083,"Jersey, IL",2024,56565.0
17085,"Jo Daviess, IL",2019,47439.0
17085,"Jo Daviess, IL",2020,51203.0
17085,"Jo Daviess, IL",2021,56634.0
17085,"Jo Daviess, IL",2022,57354.0
17085,"Jo Daviess, IL",2023,61106.0
17085,"Jo Daviess, IL",2024,63662.0
17087,"Johnson, IL",2019,34534.0
17087,"Johnson, IL",2020,36950.0
17087,"Johnson, IL",2021,39578.0
17087,"Johnson, IL",2022,39247.0
17087,"Johnson, IL",2023,42126.0
17087,"Johnson, IL",2024,44062.0
17089,"Kane, IL",2019,54137.0
17089,"Kane, IL",2020,57949.0
17089,"Kane, IL",2021,62690.0
17089,"Kane, IL",2022,64200.0
17089,"Kane, IL",2023,67291.0
17089,"Kane, IL",2024,69927.0
17091,"Kankakee, IL",2019,43187.0
17091,"Kankakee, IL",2020,47236.0
17091,"Kankakee, IL",2021,51561.0
17091,"Kankakee, IL",2022,50881.0
17091,"Kankakee, IL",2023,53232.0
17091,"Kankakee, IL",2024,55091.0
17093,"Kendall, IL",2019,50922.0
17093,"Kendall, IL",2020,53231.0
17093,"Kendall, IL",2021,57280.0
17093,"Kendall, IL",2022,58095.0
17093,"Kendall, IL",2023,60684.0
17093,"Kendall, IL",2024,63048.0
17095,"Knox, IL",2019,38734.0
17095,"Knox, IL",2020,43306.0
17095,"Knox, IL",2021,47577.0
17095,"Knox, IL",2022,47652.0
17095,"Knox, IL",2023,50306.0
17095,"Knox, IL",2024,51995.0
17097,"Lake, IL",2019,78646.0
17097,"Lake, IL",2020,81230.0
17097,"Lake, IL",2021,89831.0
17097,"Lake, IL",2022,93358.0
17097,"Lake, IL",2023,99641.0
17097,"Lake, IL",2024,103546.0
17099,"LaSalle, IL",2019,44508.0
17099,"LaSalle, IL",2020,48466.0
17099,"LaSalle, IL",2021,52516.0
17099,"LaSalle, IL",2022,53684.0
17099,"LaSalle, IL",2023,56180.0
17099,"LaSalle, IL",2024,57510.0
17101,"Lawrence, IL",2019,31081.0
17101,"Lawrence, IL",2020,35465.0
17101,"Lawrence, IL",2021,39665.0
17101,"Lawrence, IL",2022,41615.0
17101,"Lawrence, IL",2023,42374.0
17101,"Lawrence, IL",2024,43606.0
17103,"Lee, IL",2019,42159.0
17103,"Lee, IL",2020,46768.0
17103,"Lee, IL",2021,51458.0
17103,"Lee, IL",2022,51953.0
17103,"Lee, IL",2023,54314.0
17103,"Lee, IL",2024,55487.0
17105,"Livingston, IL",2019,45401.0
17105,"Livingston, IL",2020,51282.0
17105,"Livingston, IL",2021,56588.0
17105,"Livingston, IL",2022,58353.0
17105,"Livingston, IL",2023,59029.0
17105,"Livingston, IL",2024,59404.0
17107,"Logan, IL",2019,38007.0
17107,"Logan, IL",2020,42357.0
17107,"Logan, IL",2021,47564.0
17107,"Logan, IL",2022,48522.0
17107,"Logan, IL",2023,49864.0
17107,"Logan, IL",2024,50572.0
17109,"McDonough, IL",2019,40238.0
17109,"McDonough, IL",2020,44579.0
17109,"McDonough, IL",2021,48346.0
17109,"McDonough, IL",2022,48836.0
17109,"McDonough, IL",2023,50603.0
17109,"McDonough, IL",2024,51383.0
17111,"McHenry, IL",2019,56451.0
17111,"McHenry, IL",2020,59411.0
17111,"McHenry, IL",2021,63755.0
17111,"McHenry, IL",2022,65707.0
17111,"McHenry, IL",2023,69211.0
17111,"McHenry, IL",2024,72162.0
17113,"McLean, IL",2019,49833.0
17113,"McLean, IL",2020,54752.0
17113,"McLean, IL",2021,58863.0
17113,"McLean, IL",2022,60473.0
17113,"McLean, IL",2023,63509.0
17113,"McLean, IL",2024,66091.0
17115,"Macon, IL",2019,47288.0
17115,"Macon, IL",2020,51670.0
17115,"Macon, IL",2021,56207.0
17115,"Macon, IL",2022,57306.0
17115,"Macon, IL",2023,59988.0
17115,"Macon, IL",2024,61375.0
17117,"Macoupin, IL",2019,41466.0
17117,"Macoupin, IL",2020,45771.0
17117,"Macoupin, IL",2021,50975.0
17117,"Macoupin, IL",2022,51683.0
17117,"Macoupin, IL",2023,54667.0
17117,"Macoupin, IL",2024,56247.0
17119,"Madison, IL",2019,47710.0
17119,"Madison, IL",2020,51026.0
17119,"Madison, IL",2021,55382.0
17119,"Madison, IL",2022,56523.0
17119,"Madison, IL",2023,60131.0
17119,"Madison, IL",2024,62684.0
17121,"Marion, IL",2019,42063.0
17121,"Marion, IL",2020,46823.0
17121,"Marion, IL",2021,50081.0
17121,"Marion, IL",2022,50917.0
17121,"Marion, IL",2023,54344.0
17121,"Marion, IL",2024,56066.0
17123,"Marshall, IL",2019,43852.0
17123,"Marshall, IL",2020,48718.0
17123,"Marshall, IL",2021,55520.0
17123,"Marshall, IL",2022,56543.0
17123,"Marshall, IL",2023,58289.0
17123,"Marshall, IL",2024,58087.0
17125,"Mason, IL",2019,41812.0
17125,"Mason, IL",2020,47190.0
17125,"Mason, IL",2021,55352.0
17125,"Mason, IL",2022,56186.0
17125,"Mason, IL",2023,57867.0
17125,"Mason, IL",2024,57582.0
17127,"Massac, IL",2019,37642.0
17127,"Massac, IL",2020,41605.0
17127,"Massac, IL",2021,45591.0
17127,"Massac, IL",2022,45986.0
17127,"Massac, IL",2023,49626.0
17127,"Massac, IL",2024,51487.0
17129,"Menard, IL",2019,46001.0
17129,"Menard, IL",2020,49982.0
17129,"Menard, IL",2021,56907.0
17129,"Menard, IL",2022,57457.0
17129,"Menard, IL",2023,59875.0
17129,"Menard, IL",2024,61789.0
17131,"Mercer, IL",2019,45371.0
17131,"Mercer, IL",2020,52171.0
17131,"Mercer, IL",2021,58799.0
17131,"Mercer, IL",2022,59758.0
17131,"Mercer, IL",2023,59606.0
17131,"Mercer, IL",2024,61164.0
17133,"Monroe, IL",2019,58146.0
17133,"Monroe, IL",2020,61137.0
17133,"Monroe, IL",2021,68035.0
17133,"Monroe, IL",2022,69659.0
17133,"Monroe, IL",2023,74332.0
17133,"Monroe, IL",2024,77807.0
17135,"Montgomery, IL",2019,35698.0
17135,"Montgomery, IL",2020,39805.0
17135,"Montgomery, IL",2021,43787.0
17135,"Montgomery, IL",2022,43433.0
17135,"Montgomery, IL",2023,45981.0
17135,"Montgomery, IL",2024,56457.0
17137,"Morgan, IL",2019,40543.0
17137,"Morgan, IL",2020,44099.0
17137,"Morgan, IL",2021,48994.0
17137,"Morgan, IL",2022,49869.0
17137,"Morgan, IL",2023,52406.0
17137,"Morgan, IL",2024,53806.0
17139,"Moultrie, IL",2019,66211.0
17139,"Moultrie, IL",2020,68174.0
17139,"Moultrie, IL",2021,67256.0
17139,"Moultrie, IL",2022,82616.0
17139,"Moultrie, IL",2023,77792.0
17139,"Moultrie, IL",2024,77504.0
17141,"Ogle, IL",2019,45490.0
17141,"Ogle, IL",2020,48520.0
17141,"Ogle, IL",2021,53972.0
17141,"Ogle, IL",2022,54973.0
17141,"Ogle, IL",2023,57180.0
17141,"Ogle, IL",2024,58984.0
17143,"Peoria, IL",2019,49702.0
17143,"Peoria, IL",2020,53489.0
17143,"Peoria, IL",2021,56787.0
17143,"Peoria, IL",2022,58474.0
17143,"Peoria, IL",2023,61879.0
17143,"Peoria, IL",2024,64705.0
17145,"Perry, IL",2019,37230.0
17145,"Perry, IL",2020,40616.0
17145,"Perry, IL",2021,43679.0
17145,"Perry, IL",2022,45934.0
17145,"Perry, IL",2023,48283.0
17145,"Perry, IL",2024,49885.0
17147,"Piatt, IL",2019,52676.0
17147,"Piatt, IL",2020,57845.0
17147,"Piatt, IL",2021,66185.0
17147,"Piatt, IL",2022,68019.0
17147,"Piatt, IL",2023,70493.0
17147,"Piatt, IL",2024,70960.0
17149,"Pike, IL",2019,42420.0
17149,"Pike, IL",2020,49430.0
17149,"Pike, IL",2021,57698.0
17149,"Pike, IL",2022,54926.0
17149,"Pike, IL",2023,57021.0
17149,"Pike, IL",2024,59267.0
17151,"Pope, IL",2019,31631.0
17151,"Pope, IL",2020,35679.0
17151,"Pope, IL",2021,37689.0
17151,"Pope, IL",2022,37853.0
17151,"Pope, IL",2023,41048.0
17151,"Pope, IL",2024,43633.0
17153,"Pulaski, IL",2019,37619.0
17153,"Pulaski, IL",2020,42010.0
17153,"Pulaski, IL",2021,47043.0
17153,"Pulaski, IL",2022,45358.0
17153,"Pulaski, IL",2023,47853.0
17153,"Pulaski, IL",2024,48723.0
17155,"Putnam, IL",2019,57652.0
17155,"Putnam, IL",2020,59647.0
17155,"Putnam, IL",2021,67004.0
17155,"Putnam, IL",2022,66871.0
17155,"Putnam, IL",2023,71254.0
17155,"Putnam, IL",2024,73151.0
17157,"Randolph, IL",2019,39354.0
17157,"Randolph, IL",2020,43547.0
17157,"Randolph, IL",2021,46781.0
17157,"Randolph, IL",2022,46618.0
17157,"Randolph, IL",2023,49285.0
17157,"Randolph, IL",2024,51003.0
17159,"Richland, IL",2019,41150.0
17159,"Richland, IL",2020,45647.0
17159,"Richland, IL",2021,50551.0
17159,"Richland, IL",2022,52381.0
17159,"Richland, IL",2023,53570.0
17159,"Richland, IL",2024,57427.0
17161,"Rock Island, IL",2019,43471.0
17161,"Rock Island, IL",2020,46862.0
17161,"Rock Island, IL",2021,49177.0
17161,"Rock Island, IL",2022,49671.0
17161,"Rock Island, IL",2023,52200.0
17161,"Rock Island, IL",2024,54067.0
17163,"St. Clair, IL",2019,46132.0
17163,"St. Clair, IL",2020,50120.0
17163,"St. Clair, IL",2021,54655.0
17163,"St. Clair, IL",2022,55856.0
17163,"St. Clair, IL",2023,59251.0
17163,"St. Clair, IL",2024,61712.0
17165,"Saline, IL",2019,39245.0
17165,"Saline, IL",2020,42087.0
17165,"Saline, IL",2021,46344.0
17165,"Saline, IL",2022,48435.0
17165,"Saline, IL",2023,52606.0
17165,"Saline, IL",2024,55721.0
17167,"Sangamon, IL",2019,48902.0
17167,"Sangamon, IL",2020,52422.0
17167,"Sangamon, IL",2021,57433.0
17167,"Sangamon, IL",2022,57326.0
17167,"Sangamon, IL",2023,60444.0
17167,"Sangamon, IL",2024,63581.0
17169,"Schuyler, IL",2019,43400.0
17169,"Schuyler, IL",2020,48961.0
17169,"Schuyler, IL",2021,52014.0
17169,"Schuyler, IL",2022,53056.0
17169,"Schuyler, IL",2023,54943.0
17169,"Schuyler, IL",2024,55900.0
17171,"Scott, IL",2019,40841.0
17171,"Scott, IL",2020,45957.0
17171,"Scott, IL",2021,53830.0
17171,"Scott, IL",2022,54816.0
17171,"Scott, IL",2023,54820.0
17171,"Scott, IL",2024,54010.0
17173,"Shelby, IL",2019,41330.0
17173,"Shelby, IL",2020,46304.0
17173,"Shelby, IL",2021,52300.0
17173,"Shelby, IL",2022,52884.0
17173,"Shelby, IL",2023,54960.0
17173,"Shelby, IL",2024,56517.0
17175,"Stark, IL",2019,41320.0
17175,"Stark, IL",2020,49306.0
17175,"Stark, IL",2021,60984.0
17175,"Stark, IL",2022,62104.0
17175,"Stark, IL",2023,62304.0
17175,"Stark, IL",2024,59494.0
17177,"Stephenson, IL",2019,42642.0
17177,"Stephenson, IL",2020,46778.0
17177,"Stephenson, IL",2021,51974.0
17177,"Stephenson, IL",2022,52551.0
17177,"Stephenson, IL",2023,55185.0
17177,"Stephenson, IL",2024,57610.0
17179,"Tazewell, IL",2019,47924.0
17179,"Tazewell, IL",2020,51551.0
17179,"Tazewell, IL",2021,55071.0
17179,"Tazewell, IL",2022,57019.0
17179,"Tazewell, IL",2023,59784.0
17179,"Tazewell, IL",2024,62652.0
17181,"Union, IL",2019,41601.0
17181,"Union, IL",2020,45321.0
17181,"Union, IL",2021,48625.0
17181,"Union, IL",2022,48416.0
17181,"Union, IL",2023,51465.0
17181,"Union, IL",2024,53748.0
17183,"Vermilion, IL",2019,39800.0
17183,"Vermilion, IL",2020,44386.0
17183,"Vermilion, IL",2021,49300.0
17183,"Vermilion, IL",2022,49528.0
17183,"Vermilion, IL",2023,51600.0
17183,"Vermilion, IL",2024,52819.0
17185,"Wabash, IL",2019,42705.0
17185,"Wabash, IL",2020,46428.0
17185,"Wabash, IL",2021,51727.0
17185,"Wabash, IL",2022,52689.0
17185,"Wabash, IL",2023,55300.0
17185,"Wabash, IL",2024,57146.0
17187,"Warren, IL",2019,40329.0
17187,"Warren, IL",2020,46062.0
17187,"Warren, IL",2021,52487.0
17187,"Warren, IL",2022,56194.0
17187,"Warren, IL",2023,56780.0
17187,"Warren, IL",2024,55441.0
17189,"Washington, IL",2019,48424.0
17189,"Washington, IL",2020,54003.0
17189,"Washington, IL",2021,60643.0
17189,"Washington, IL",2022,60503.0
17189,"Washington, IL",2023,62613.0
17189,"Washington, IL",2024,63450.0
17191,"Wayne, IL",2019,39221.0
17191,"Wayne, IL",2020,43261.0
17191,"Wayne, IL",2021,48276.0
17191,"Wayne, IL",2022,50431.0
17191,"Wayne, IL",2023,51502.0
17191,"Wayne, IL",2024,52956.0
17193,"White, IL",2019,47159.0
17193,"White, IL",2020,49445.0
17193,"White, IL",2021,56250.0
17193,"White, IL",2022,60434.0
17193,"White, IL",2023,63188.0
17193,"White, IL",2024,65452.0
17195,"Whiteside, IL",2019,43511.0
17195,"Whiteside, IL",2020,48158.0
17195,"Whiteside, IL",2021,52124.0
17195,"Whiteside, IL",2022,52664.0
17195,"Whiteside, IL",2023,55473.0
17195,"Whiteside, IL",2024,57536.0
17197,"Will, IL",2019,54331.0
17197,"Will, IL",2020,57219.0
17197,"Will, IL",2021,62288.0
17197,"Will, IL",2022,64368.0
17197,"Will, IL",2023,67627.0
17197,"Will, IL",2024,70456.0
17199,"Williamson, IL",2019,45247.0
17199,"Williamson, IL",2020,48870.0
17199,"Williamson, IL",2021,52094.0
17199,"Williamson, IL",2022,52882.0
17199,"Williamson, IL",2023,56134.0
17199,"Williamson, IL",2024,58380.0
17201,"Winnebago, IL",2019,43239.0
17201,"Winnebago, IL",2020,46824.0
17201,"Winnebago, IL",2021,50574.0
17201,"Winnebago, IL",2022,50898.0
17201,"Winnebago, IL",2023,53211.0
17201,"Winnebago, IL",2024,55188.0
17203,"Woodford, IL",2019,51768.0
17203,"Woodford, IL",2020,56037.0
17203,"Woodford, IL",2021,61083.0
17203,"Woodford, IL",2022,63567.0
17203,"Woodford, IL",2023,66465.0
17203,"Woodford, IL",2024,69291.0
18001,"Adams, IN",2019,39764.0
18001,"Adams, IN",2020,42645.0
18001,"Adams, IN",2021,47595.0
18001,"Adams, IN",2022,49725.0
18001,"Adams, IN",2023,51122.0
18001,"Adams, IN",2024,53240.0
18003,"Allen, IN",2019,46877.0
18003,"Allen, IN",2020,50172.0
18003,"Allen, IN",2021,56379.0
18003,"Allen, IN",2022,58206.0
18003,"Allen, IN",2023,60362.0
18003,"Allen, IN",2024,62717.0
18005,"Bartholomew, IN",2019,54331.0
18005,"Bartholomew, IN",2020,57448.0
18005,"Bartholomew, IN",2021,60551.0
18005,"Bartholomew, IN",2022,62368.0
18005,"Bartholomew, IN",2023,66993.0
18005,"Bartholomew, IN",2024,70262.0
18007,"Benton, IN",2019,41675.0
18007,"Benton, IN",2020,47249.0
18007,"Benton, IN",2021,54800.0
18007,"Benton, IN",2022,54863.0
18007,"Benton, IN",2023,56856.0
18007,"Benton, IN",2024,54199.0
18009,"Blackford, IN",2019,37147.0
18009,"Blackford, IN",2020,39637.0
18009,"Blackford, IN",2021,44277.0
18009,"Blackford, IN",2022,45313.0
18009,"Blackford, IN",2023,47331.0
18009,"Blackford, IN",2024,47422.0
18011,"Boone, IN",2019,76687.0
18011,"Boone, IN",2020,77405.0
18011,"Boone, IN",2021,86306.0
18011,"Boone, IN",2022,92062.0
18011,"Boone, IN",2023,97481.0
18011,"Boone, IN",2024,101485.0
18013,"Brown, IN",2019,48672.0
18013,"Brown, IN",2020,52817.0
18013,"Brown, IN",2021,58674.0
18013,"Brown, IN",2022,58766.0
18013,"Brown, IN",2023,62515.0
18013,"Brown, IN",2024,66407.0
18015,"Carroll, IN",2019,42964.0
18015,"Carroll, IN",2020,47326.0
18015,"Carroll, IN",2021,51415.0
18015,"Carroll, IN",2022,51143.0
18015,"Carroll, IN",2023,53812.0
18015,"Carroll, IN",2024,55111.0
18017,"Cass, IN",2019,39614.0
18017,"Cass, IN",2020,42955.0
18017,"Cass, IN",2021,47749.0
18017,"Cass, IN",2022,47189.0
18017,"Cass, IN",2023,49182.0
18017,"Cass, IN",2024,51201.0
18019,"Clark, IN",2019,45082.0
18019,"Clark, IN",2020,48445.0
18019,"Clark, IN",2021,52275.0
18019,"Clark, IN",2022,53672.0
18019,"Clark, IN",2023,56343.0
18019,"Clark, IN",2024,58451.0
18021,"Clay, IN",2019,37432.0
18021,"Clay, IN",2020,41179.0
18021,"Clay, IN",2021,45111.0
18021,"Clay, IN",2022,45397.0
18021,"Clay, IN",2023,46944.0
18021,"Clay, IN",2024,48881.0
18023,"Clinton, IN",2019,38236.0
18023,"Clinton, IN",2020,41480.0
18023,"Clinton, IN",2021,45860.0
18023,"Clinton, IN",2022,46819.0
18023,"Clinton, IN",2023,49474.0
18023,"Clinton, IN",2024,50632.0
18025,"Crawford, IN",2019,35080.0
18025,"Crawford, IN",2020,38172.0
18025,"Crawford, IN",2021,41839.0
18025,"Crawford, IN",2022,41770.0
18025,"Crawford, IN",2023,44470.0
18025,"Crawford, IN",2024,46326.0
18027,"Daviess, IN",2019,43494.0
18027,"Daviess, IN",2020,48668.0
18027,"Daviess, IN",2021,54479.0
18027,"Daviess, IN",2022,58145.0
18027,"Daviess, IN",2023,60209.0
18027,"Daviess, IN",2024,62997.0
18029,"Dearborn, IN",2019,48861.0
18029,"Dearborn, IN",2020,51689.0
18029,"Dearborn, IN",2021,56926.0
18029,"Dearborn, IN",2022,58067.0
18029,"Dearborn, IN",2023,60786.0
18029,"Dearborn, IN",2024,63515.0
18031,"Decatur, IN",2019,44983.0
18031,"Decatur, IN",2020,49291.0
18031,"Decatur, IN",2021,52622.0
18031,"Decatur, IN",2022,53286.0
18031,"Decatur, IN",2023,55671.0
18031,"Decatur, IN",2024,58061.0
18033,"DeKalb, IN",2019,45119.0
18033,"DeKalb, IN",2020,48555.0
18033,"DeKalb, IN",2021,55296.0
18033,"DeKalb, IN",2022,55214.0
18033,"DeKalb, IN",2023,57733.0
18033,"DeKalb, IN",2024,59675.0
18035,"Delaware, IN",2019,38575.0
18035,"Delaware, IN",2020,41964.0
18035,"Delaware, IN",2021,45235.0
18035,"Delaware, IN",2022,45752.0
18035,"Delaware, IN",2023,47698.0
18035,"Delaware, IN",2024,49965.0
18037,"Dubois, IN",2019,54201.0
18037,"Dubois, IN",2020,58058.0
18037,"Dubois, IN",2021,63470.0
18037,"Dubois, IN",2022,65393.0
18037,"Dubois, IN",2023,69242.0
18037,"Dubois, IN",2024,72806.0
18039,"Elkhart, IN",2019,45616.0
18039,"Elkhart, IN",2020,48715.0
18039,"Elkhart, IN",2021,57102.0
18039,"Elkhart, IN",2022,58363.0
18039,"Elkhart, IN",2023,58040.0
18039,"Elkhart, IN",2024,60348.0
18041,"Fayette, IN",2019,40296.0
18041,"Fayette, IN",2020,44154.0
18041,"Fayette, IN",2021,47719.0
18041,"Fayette, IN",2022,47731.0
18041,"Fayette, IN",2023,50357.0
18041,"Fayette, IN",2024,51950.0
18043,"Floyd, IN",2019,54220.0
18043,"Floyd, IN",2020,56738.0
18043,"Floyd, IN",2021,63474.0
18043,"Floyd, IN",2022,63479.0
18043,"Floyd, IN",2023,67416.0
18043,"Floyd, IN",2024,69813.0
18045,"Fountain, IN",2019,40461.0
18045,"Fountain, IN",2020,45336.0
18045,"Fountain, IN",2021,50294.0
18045,"Fountain, IN",2022,51312.0
18045,"Fountain, IN",2023,53224.0
18045,"Fountain, IN",2024,53785.0
18047,"Franklin, IN",2019,46544.0
18047,"Franklin, IN",2020,50902.0
18047,"Franklin, IN",2021,56104.0
18047,"Franklin, IN",2022,55337.0
18047,"Franklin, IN",2023,57801.0
18047,"Franklin, IN",2024,60727.0
18049,"Fulton, IN",2019,41824.0
18049,"Fulton, IN",2020,45828.0
18049,"Fulton, IN",2021,49895.0
18049,"Fulton, IN",2022,49865.0
18049,"Fulton, IN",2023,52701.0
18049,"Fulton, IN",2024,54315.0
18051,"Gibson, IN",2019,46504.0
18051,"Gibson, IN",2020,50593.0
18051,"Gibson, IN",2021,54202.0
18051,"Gibson, IN",2022,56746.0
18051,"Gibson, IN",2023,58635.0
18051,"Gibson, IN",2024,60627.0
18053,"Grant, IN",2019,38816.0
18053,"Grant, IN",2020,42514.0
18053,"Grant, IN",2021,47233.0
18053,"Grant, IN",2022,47619.0
18053,"Grant, IN",2023,49108.0
18053,"Grant, IN",2024,51373.0
18055,"Greene, IN",2019,42317.0
18055,"Greene, IN",2020,46072.0
18055,"Greene, IN",2021,50401.0
18055,"Greene, IN",2022,50986.0
18055,"Greene, IN",2023,53310.0
18055,"Greene, IN",2024,55238.0
18057,"Hamilton, IN",2019,76869.0
18057,"Hamilton, IN",2020,79489.0
18057,"Hamilton, IN",2021,90406.0
18057,"Hamilton, IN",2022,93725.0
18057,"Hamilton, IN",2023,99287.0
18057,"Hamilton, IN",2024,104283.0
18059,"Hancock, IN",2019,51488.0
18059,"Hancock, IN",2020,54274.0
18059,"Hancock, IN",2021,59332.0
18059,"Hancock, IN",2022,62965.0
18059,"Hancock, IN",2023,65450.0
18059,"Hancock, IN",2024,68345.0
18061,"Harrison, IN",2019,45195.0
18061,"Harrison, IN",2020,48259.0
18061,"Harrison, IN",2021,53016.0
18061,"Harrison, IN",2022,55001.0
18061,"Harrison, IN",2023,58027.0
18061,"Harrison, IN",2024,60148.0
18063,"Hendricks, IN",2019,50645.0
18063,"Hendricks, IN",2020,53180.0
18063,"Hendricks, IN",2021,57897.0
18063,"Hendricks, IN",2022,59120.0
18063,"Hendricks, IN",2023,61637.0
18063,"Hendricks, IN",2024,65043.0
18065,"Henry, IN",2019,38791.0
18065,"Henry, IN",2020,42534.0
18065,"Henry, IN",2021,46218.0
18065,"Henry, IN",2022,46947.0
18065,"Henry, IN",2023,48566.0
18065,"Henry, IN",2024,50630.0
18067,"Howard, IN",2019,41680.0
18067,"Howard, IN",2020,44027.0
18067,"Howard, IN",2021,47605.0
18067,"Howard, IN",2022,47672.0
18067,"Howard, IN",2023,50097.0
18067,"Howard, IN",2024,53185.0
18069,"Huntington, IN",2019,41655.0
18069,"Huntington, IN",2020,45335.0
18069,"Huntington, IN",2021,50661.0
18069,"Huntington, IN",2022,50903.0
18069,"Huntington, IN",2023,52929.0
18069,"Huntington, IN",2024,55118.0
18071,"Jackson, IN",2019,42012.0
18071,"Jackson, IN",2020,45353.0
18071,"Jackson, IN",2021,48553.0
18071,"Jackson, IN",2022,49739.0
18071,"Jackson, IN",2023,51538.0
18071,"Jackson, IN",2024,54272.0
18073,"Jasper, IN",2019,45968.0
18073,"Jasper, IN",2020,50887.0
18073,"Jasper, IN",2021,56557.0
18073,"Jasper, IN",2022,58154.0
18073,"Jasper, IN",2023,58837.0
18073,"Jasper, IN",2024,60209.0
18075,"Jay, IN",2019,37690.0
18075,"Jay, IN",2020,42494.0
18075,"Jay, IN",2021,49148.0
18075,"Jay, IN",2022,55134.0
18075,"Jay, IN",2023,54048.0
18075,"Jay, IN",2024,56292.0
18077,"Jefferson, IN",2019,43314.0
18077,"Jefferson, IN",2020,47185.0
18077,"Jefferson, IN",2021,50545.0
18077,"Jefferson, IN",2022,52680.0
18077,"Jefferson, IN",2023,55148.0
18077,"Jefferson, IN",2024,57391.0
18079,"Jennings, IN",2019,41056.0
18079,"Jennings, IN",2020,44696.0
18079,"Jennings, IN",2021,49116.0
18079,"Jennings, IN",2022,50202.0
18079,"Jennings, IN",2023,52046.0
18079,"Jennings, IN",2024,54501.0
18081,"Johnson, IN",2019,49887.0
18081,"Johnson, IN",2020,52743.0
18081,"Johnson, IN",2021,57421.0
18081,"Johnson, IN",2022,59090.0
18081,"Johnson, IN",2023,61395.0
18081,"Johnson, IN",2024,64637.0
18083,"Knox, IN",2019,44677.0
18083,"Knox, IN",2020,49503.0
18083,"Knox, IN",2021,54452.0
18083,"Knox, IN",2022,54761.0
18083,"Knox, IN",2023,57471.0
18083,"Knox, IN",2024,59222.0
18085,"Kosciusko, IN",2019,48127.0
18085,"Kosciusko, IN",2020,52134.0
18085,"Kosciusko, IN",2021,56939.0
18085,"Kosciusko, IN",2022,57999.0
18085,"Kosciusko, IN",2023,59491.0
18085,"Kosciusko, IN",2024,60847.0
18087,"Lagrange, IN",2019,41182.0
18087,"Lagrange, IN",2020,44167.0
18087,"Lagrange, IN",2021,53253.0
18087,"Lagrange, IN",2022,54382.0
18087,"Lagrange, IN",2023,53920.0
18087,"Lagrange, IN",2024,55899.0
18089,"Lake, IN",2019,45149.0
18089,"Lake, IN",2020,48161.0
18089,"Lake, IN",2021,52799.0
18089,"Lake, IN",2022,53446.0
18089,"Lake, IN",2023,56270.0
18089,"Lake, IN",2024,58423.0
18091,"LaPorte, IN",2019,41860.0
18091,"LaPorte, IN",2020,45420.0
18091,"LaPorte, IN",2021,49276.0
18091,"LaPorte, IN",2022,50715.0
18091,"LaPorte, IN",2023,53587.0
18091,"LaPorte, IN",2024,55790.0
18093,"Lawrence, IN",2019,42887.0
18093,"Lawrence, IN",2020,47262.0
18093,"Lawrence, IN",2021,51751.0
18093,"Lawrence, IN",2022,52224.0
18093,"Lawrence, IN",2023,54599.0
18093,"Lawrence, IN",2024,57129.0
18095,"Madison, IN",2019,38799.0
18095,"Madison, IN",2020,42229.0
18095,"Madison, IN",2021,46697.0
18095,"Madison, IN",2022,46714.0
18095,"Madison, IN",2023,48559.0
18095,"Madison, IN",2024,51116.0
18097,"Marion, IN",2019,54799.0
18097,"Marion, IN",2020,59992.0
18097,"Marion, IN",2021,66885.0
18097,"Marion, IN",2022,68100.0
18097,"Marion, IN",2023,71716.0
18097,"Marion, IN",2024,75002.0
18099,"Marshall, IN",2019,42258.0
18099,"Marshall, IN",2020,46263.0
18099,"Marshall, IN",2021,51818.0
18099,"Marshall, IN",2022,53183.0
18099,"Marshall, IN",2023,53798.0
18099,"Marshall, IN",2024,55404.0
18101,"Martin, IN",2019,40545.0
18101,"Martin, IN",2020,45310.0
18101,"Martin, IN",2021,50251.0
18101,"Martin, IN",2022,53082.0
18101,"Martin, IN",2023,53818.0
18101,"Martin, IN",2024,57214.0
18103,"Miami, IN",2019,34742.0
18103,"Miami, IN",2020,37069.0
18103,"Miami, IN",2021,40950.0
18103,"Miami, IN",2022,40780.0
18103,"Miami, IN",2023,42716.0
18103,"Miami, IN",2024,44940.0
18105,"Monroe, IN",2019,45575.0
18105,"Monroe, IN",2020,47929.0
18105,"Monroe, IN",2021,52448.0
18105,"Monroe, IN",2022,54062.0
18105,"Monroe, IN",2023,57409.0
18105,"Monroe, IN",2024,60402.0
18107,"Montgomery, IN",2019,40742.0
18107,"Montgomery, IN",2020,44577.0
18107,"Montgomery, IN",2021,49481.0
18107,"Montgomery, IN",2022,50145.0
18107,"Montgomery, IN",2023,51979.0
18107,"Montgomery, IN",2024,53534.0
18109,"Morgan, IN",2019,44727.0
18109,"Morgan, IN",2020,47487.0
18109,"Morgan, IN",2021,52485.0
18109,"Morgan, IN",2022,54458.0
18109,"Morgan, IN",2023,56824.0
18109,"Morgan, IN",2024,59692.0
18111,"Newton, IN",2019,41088.0
18111,"Newton, IN",2020,46057.0
18111,"Newton, IN",2021,51606.0
18111,"Newton, IN",2022,52792.0
18111,"Newton, IN",2023,52963.0
18111,"Newton, IN",2024,53822.0
18113,"Noble, IN",2019,40840.0
18113,"Noble, IN",2020,44100.0
18113,"Noble, IN",2021,49049.0
18113,"Noble, IN",2022,50861.0
18113,"Noble, IN",2023,52577.0
18113,"Noble, IN",2024,54257.0
18115,"Ohio, IN",2019,41247.0
18115,"Ohio, IN",2020,48750.0
18115,"Ohio, IN",2021,54882.0
18115,"Ohio, IN",2022,52055.0
18115,"Ohio, IN",2023,51203.0
18115,"Ohio, IN",2024,54266.0
18117,"Orange, IN",2019,37542.0
18117,"Orange, IN",2020,40783.0
18117,"Orange, IN",2021,44442.0
18117,"Orange, IN",2022,45742.0
18117,"Orange, IN",2023,47830.0
18117,"Orange, IN",2024,50046.0
18119,"Owen, IN",2019,40671.0
18119,"Owen, IN",2020,44691.0
18119,"Owen, IN",2021,49673.0
18119,"Owen, IN",2022,49833.0
18119,"Owen, IN",2023,51851.0
18119,"Owen, IN",2024,53904.0
18121,"Parke, IN",2019,38847.0
18121,"Parke, IN",2020,43637.0
18121,"Parke, IN",2021,48944.0
18121,"Parke, IN",2022,49797.0
18121,"Parke, IN",2023,52538.0
18121,"Parke, IN",2024,54051.0
18123,"Perry, IN",2019,37424.0
18123,"Perry, IN",2020,39706.0
18123,"Perry, IN",2021,44519.0
18123,"Perry, IN",2022,44801.0
18123,"Perry, IN",2023,47470.0
18123,"Perry, IN",2024,49159.0
18125,"Pike, IN",2019,41772.0
18125,"Pike, IN",2020,44861.0
18125,"Pike, IN",2021,47747.0
18125,"Pike, IN",2022,48731.0
18125,"Pike, IN",2023,50695.0
18125,"Pike, IN",2024,52716.0
18127,"Porter, IN",2019,54004.0
18127,"Porter, IN",2020,56488.0
18127,"Porter, IN",2021,61484.0
18127,"Porter, IN",2022,63336.0
18127,"Porter, IN",2023,66738.0
18127,"Porter, IN",2024,69285.0
18129,"Posey, IN",2019,51336.0
18129,"Posey, IN",2020,55329.0
18129,"Posey, IN",2021,58544.0
18129,"Posey, IN",2022,59121.0
18129,"Posey, IN",2023,61601.0
18129,"Posey, IN",2024,63772.0
18131,"Pulaski, IN",2019,44178.0
18131,"Pulaski, IN",2020,49406.0
18131,"Pulaski, IN",2021,54322.0
18131,"Pulaski, IN",2022,55856.0
18131,"Pulaski, IN",2023,59687.0
18131,"Pulaski, IN",2024,60731.0
18133,"Putnam, IN",2019,39079.0
18133,"Putnam, IN",2020,42105.0
18133,"Putnam, IN",2021,46639.0
18133,"Putnam, IN",2022,46799.0
18133,"Putnam, IN",2023,48828.0
18133,"Putnam, IN",2024,51068.0
18135,"Randolph, IN",2019,38326.0
18135,"Randolph, IN",2020,43503.0
18135,"Randolph, IN",2021,51216.0
18135,"Randolph, IN",2022,52792.0
18135,"Randolph, IN",2023,55603.0
18135,"Randolph, IN",2024,57646.0
18137,"Ripley, IN",2019,41813.0
18137,"Ripley, IN",2020,46100.0
18137,"Ripley, IN",2021,50937.0
18137,"Ripley, IN",2022,50979.0
18137,"Ripley, IN",2023,53081.0
18137,"Ripley, IN",2024,55410.0
18139,"Rush, IN",2019,45410.0
18139,"Rush, IN",2020,48936.0
18139,"Rush, IN",2021,55269.0
18139,"Rush, IN",2022,55546.0
18139,"Rush, IN",2023,58397.0
18139,"Rush, IN",2024,60209.0
18141,"St. Joseph, IN",2019,47288.0
18141,"St. Joseph, IN",2020,50411.0
18141,"St. Joseph, IN",2021,55841.0
18141,"St. Joseph, IN",2022,56225.0
18141,"St. Joseph, IN",2023,56869.0
18141,"St. Joseph, IN",2024,59030.0
18143,"Scott, IN",2019,37761.0
18143,"Scott, IN",2020,40914.0
18143,"Scott, IN",2021,44826.0
18143,"Scott, IN",2022,45134.0
18143,"Scott, IN",2023,47047.0
18143,"Scott, IN",2024,49073.0
18145,"Shelby, IN",2019,44199.0
18145,"Shelby, IN",2020,47672.0
18145,"Shelby, IN",2021,51641.0
18145,"Shelby, IN",2022,53319.0
18145,"Shelby, IN",2023,55717.0
18145,"Shelby, IN",2024,58109.0
18147,"Spencer, IN",2019,46330.0
18147,"Spencer, IN",2020,49257.0
18147,"Spencer, IN",2021,54116.0
18147,"Spencer, IN",2022,54327.0
18147,"Spencer, IN",2023,56600.0
18147,"Spencer, IN",2024,58648.0
18149,"Starke, IN",2019,34658.0
18149,"Starke, IN",2020,38098.0
18149,"Starke, IN",2021,42300.0
18149,"Starke, IN",2022,42278.0
18149,"Starke, IN",2023,44149.0
18149,"Starke, IN",2024,45783.0
18151,"Steuben, IN",2019,45147.0
18151,"Steuben, IN",2020,48004.0
18151,"Steuben, IN",2021,53816.0
18151,"Steuben, IN",2022,54795.0
18151,"Steuben, IN",2023,57128.0
18151,"Steuben, IN",2024,59084.0
18153,"Sullivan, IN",2019,36057.0
18153,"Sullivan, IN",2020,39327.0
18153,"Sullivan, IN",2021,43590.0
18153,"Sullivan, IN",2022,43878.0
18153,"Sullivan, IN",2023,44946.0
18153,"Sullivan, IN",2024,46497.0
18155,"Switzerland, IN",2019,35330.0
18155,"Switzerland, IN",2020,38822.0
18155,"Switzerland, IN",2021,42460.0
18155,"Switzerland, IN",2022,42498.0
18155,"Switzerland, IN",2023,43887.0
18155,"Switzerland, IN",2024,45038.0
18157,"Tippecanoe, IN",2019,40968.0
18157,"Tippecanoe, IN",2020,42572.0
18157,"Tippecanoe, IN",2021,46480.0
18157,"Tippecanoe, IN",2022,47274.0
18157,"Tippecanoe, IN",2023,50459.0
18157,"Tippecanoe, IN",2024,52373.0
18159,"Tipton, IN",2019,45597.0
18159,"Tipton, IN",2020,48494.0
18159,"Tipton, IN",2021,52015.0
18159,"Tipton, IN",2022,50366.0
18159,"Tipton, IN",2023,52558.0
18159,"Tipton, IN",2024,55023.0
18161,"Union, IN",2019,39268.0
18161,"Union, IN",2020,43460.0
18161,"Union, IN",2021,49131.0
18161,"Union, IN",2022,49442.0
18161,"Union, IN",2023,51789.0
18161,"Union, IN",2024,52843.0
18163,"Vanderburgh, IN",2019,47343.0
18163,"Vanderburgh, IN",2020,50836.0
18163,"Vanderburgh, IN",2021,55806.0
18163,"Vanderburgh, IN",2022,56859.0
18163,"Vanderburgh, IN",2023,60048.0
18163,"Vanderburgh, IN",2024,62998.0
18165,"Vermillion, IN",2019,37799.0
18165,"Vermillion, IN",2020,41982.0
18165,"Vermillion, IN",2021,46895.0
18165,"Vermillion, IN",2022,46727.0
18165,"Vermillion, IN",2023,48246.0
18165,"Vermillion, IN",2024,49396.0
18167,"Vigo, IN",2019,38758.0
18167,"Vigo, IN",2020,42151.0
18167,"Vigo, IN",2021,45996.0
18167,"Vigo, IN",2022,46535.0
18167,"Vigo, IN",2023,48927.0
18167,"Vigo, IN",2024,51499.0
18169,"Wabash, IN",2019,42569.0
18169,"Wabash, IN",2020,46428.0
18169,"Wabash, IN",2021,52007.0
18169,"Wabash, IN",2022,53385.0
18169,"Wabash, IN",2023,57181.0
18169,"Wabash, IN",2024,59305.0
18171,"Warren, IN",2019,42547.0
18171,"Warren, IN",2020,48499.0
18171,"Warren, IN",2021,53599.0
18171,"Warren, IN",2022,54227.0
18171,"Warren, IN",2023,57025.0
18171,"Warren, IN",2024,56864.0
18173,"Warrick, IN",2019,58519.0
18173,"Warrick, IN",2020,61506.0
18173,"Warrick, IN",2021,66925.0
18173,"Warrick, IN",2022,67827.0
18173,"Warrick, IN",2023,70849.0
18173,"Warrick, IN",2024,74288.0
18175,"Washington, IN",2019,39286.0
18175,"Washington, IN",2020,42960.0
18175,"Washington, IN",2021,47981.0
18175,"Washington, IN",2022,50214.0
18175,"Washington, IN",2023,51922.0
18175,"Washington, IN",2024,54025.0
18177,"Wayne, IN",2019,41637.0
18177,"Wayne, IN",2020,45176.0
18177,"Wayne, IN",2021,49438.0
18177,"Wayne, IN",2022,49876.0
18177,"Wayne, IN",2023,52444.0
18177,"Wayne, IN",2024,54628.0
18179,"Wells, IN",2019,42400.0
18179,"Wells, IN",2020,46185.0
18179,"Wells, IN",2021,51599.0
18179,"Wells, IN",2022,51767.0
18179,"Wells, IN",2023,53717.0
18179,"Wells, IN",2024,55251.0
18181,"White, IN",2019,43209.0
18181,"White, IN",2020,47406.0
18181,"White, IN",2021,52181.0
18181,"White, IN",2022,53825.0
18181,"White, IN",2023,56995.0
18181,"White, IN",2024,58476.0
18183,"Whitley, IN",2019,46850.0
18183,"Whitley, IN",2020,49995.0
18183,"Whitley, IN",2021,53993.0
18183,"Whitley, IN",2022,55600.0
18183,"Whitley, IN",2023,58157.0
18183,"Whitley, IN",2024,60895.0
19001,"Adair, IA",2019,49477.0
19001,"Adair, IA",2020,53926.0
19001,"Adair, IA",2021,65295.0
19001,"Adair, IA",2022,68112.0
19001,"Adair, IA",2023,69958.0
19001,"Adair, IA",2024,76983.0
19003,"Adams, IA",2019,54672.0
19003,"Adams, IA",2020,53052.0
19003,"Adams, IA",2021,65052.0
19003,"Adams, IA",2022,66659.0
19003,"Adams, IA",2023,64729.0
19003,"Adams, IA",2024,63791.0
19005,"Allamakee, IA",2019,46425.0
19005,"Allamakee, IA",2020,48836.0
19005,"Allamakee, IA",2021,53589.0
19005,"Allamakee, IA",2022,55950.0
19005,"Allamakee, IA",2023,55561.0
19005,"Allamakee, IA",2024,58705.0
19007,"Appanoose, IA",2019,39224.0
19007,"Appanoose, IA",2020,43011.0
19007,"Appanoose, IA",2021,47565.0
19007,"Appanoose, IA",2022,47222.0
19007,"Appanoose, IA",2023,47961.0
19007,"Appanoose, IA",2024,50647.0
19009,"Audubon, IA",2019,49502.0
19009,"Audubon, IA",2020,51864.0
19009,"Audubon, IA",2021,64973.0
19009,"Audubon, IA",2022,71777.0
19009,"Audubon, IA",2023,66864.0
19009,"Audubon, IA",2024,67931.0
19011,"Benton, IA",2019,53627.0
19011,"Benton, IA",2020,55627.0
19011,"Benton, IA",2021,63490.0
19011,"Benton, IA",2022,69469.0
19011,"Benton, IA",2023,65279.0
19011,"Benton, IA",2024,66113.0
19013,"Black Hawk, IA",2019,45136.0
19013,"Black Hawk, IA",2020,49242.0
19013,"Black Hawk, IA",2021,52556.0
19013,"Black Hawk, IA",2022,53193.0
19013,"Black Hawk, IA",2023,55508.0
19013,"Black Hawk, IA",2024,56987.0
19015,"Boone, IA",2019,47387.0
19015,"Boone, IA",2020,49732.0
19015,"Boone, IA",2021,53490.0
19015,"Boone, IA",2022,54937.0
19015,"Boone, IA",2023,57179.0
19015,"Boone, IA",2024,58564.0
19017,"Bremer, IA",2019,49880.0
19017,"Bremer, IA",2020,52957.0
19017,"Bremer, IA",2021,57723.0
19017,"Bremer, IA",2022,59828.0
19017,"Bremer, IA",2023,61605.0
19017,"Bremer, IA",2024,62726.0
19019,"Buchanan, IA",2019,48990.0
19019,"Buchanan, IA",2020,51453.0
19019,"Buchanan, IA",2021,57644.0
19019,"Buchanan, IA",2022,61837.0
19019,"Buchanan, IA",2023,61877.0
19019,"Buchanan, IA",2024,62929.0
19021,"Buena Vista, IA",2019,41905.0
19021,"Buena Vista, IA",2020,44670.0
19021,"Buena Vista, IA",2021,49564.0
19021,"Buena Vista, IA",2022,54742.0
19021,"Buena Vista, IA",2023,54242.0
19021,"Buena Vista, IA",2024,57087.0
19023,"Butler, IA",2019,46298.0
19023,"Butler, IA",2020,48111.0
19023,"Butler, IA",2021,57491.0
19023,"Butler, IA",2022,61479.0
19023,"Butler, IA",2023,61254.0
19023,"Butler, IA",2024,61312.0
19025,"Calhoun, IA",2019,47157.0
19025,"Calhoun, IA",2020,48674.0
19025,"Calhoun, IA",2021,59386.0
19025,"Calhoun, IA",2022,66030.0
19025,"Calhoun, IA",2023,62198.0
19025,"Calhoun, IA",2024,63019.0
19027,"Carroll, IA",2019,51238.0
19027,"Carroll, IA",2020,54776.0
19027,"Carroll, IA",2021,60642.0
19027,"Carroll, IA",2022,67849.0
19027,"Carroll, IA",2023,66687.0
19027,"Carroll, IA",2024,69790.0
19029,"Cass, IA",2019,47364.0
19029,"Cass, IA",2020,49884.0
19029,"Cass, IA",2021,56977.0
19029,"Cass, IA",2022,60638.0
19029,"Cass, IA",2023,62322.0
19029,"Cass, IA",2024,65270.0
19031,"Cedar, IA",2019,53500.0
19031,"Cedar, IA",2020,55641.0
19031,"Cedar, IA",2021,63325.0
19031,"Cedar, IA",2022,68023.0
19031,"Cedar, IA",2023,66683.0
19031,"Cedar, IA",2024,69212.0
19033,"Cerro Gordo, IA",2019,49345.0
19033,"Cerro Gordo, IA",2020,52575.0
19033,"Cerro Gordo, IA",2021,61544.0
19033,"Cerro Gordo, IA",2022,75464.0
19033,"Cerro Gordo, IA",2023,77416.0
19033,"Cerro Gordo, IA",2024,80093.0
19035,"Cherokee, IA",2019,53571.0
19035,"Cherokee, IA",2020,54648.0
19035,"Cherokee, IA",2021,68499.0
19035,"Cherokee, IA",2022,94368.0
19035,"Cherokee, IA",2023,84736.0
19035,"Cherokee, IA",2024,86904.0
19037,"Chickasaw, IA",2019,54264.0
19037,"Chickasaw, IA",2020,56813.0
19037,"Chickasaw, IA",2021,73671.0
19037,"Chickasaw, IA",2022,102316.0
19037,"Chickasaw, IA",2023,95087.0
19037,"Chickasaw, IA",2024,96643.0
19039,"Clarke, IA",2019,39048.0
19039,"Clarke, IA",2020,43091.0
19039,"Clarke, IA",2021,46068.0
19039,"Clarke, IA",2022,49140.0
19039,"Clarke, IA",2023,49436.0
19039,"Clarke, IA",2024,53184.0
19041,"Clay, IA",2019,49052.0
19041,"Clay, IA",2020,53886.0
19041,"Clay, IA",2021,60462.0
19041,"Clay, IA",2022,62562.0
19041,"Clay, IA",2023,65137.0
19041,"Clay, IA",2024,69323.0
19043,"Clayton, IA",2019,50574.0
19043,"Clayton, IA",2020,54470.0
19043,"Clayton, IA",2021,61051.0
19043,"Clayton, IA",2022,65960.0
19043,"Clayton, IA",2023,64759.0
19043,"Clayton, IA",2024,68155.0
19045,"Clinton, IA",2019,44915.0
19045,"Clinton, IA",2020,47592.0
19045,"Clinton, IA",2021,51724.0
19045,"Clinton, IA",2022,52408.0
19045,"Clinton, IA",2023,53543.0
19045,"Clinton, IA",2024,55587.0
19047,"Crawford, IA",2019,42210.0
19047,"Crawford, IA",2020,44531.0
19047,"Crawford, IA",2021,53745.0
19047,"Crawford, IA",2022,56912.0
19047,"Crawford, IA",2023,56134.0
19047,"Crawford, IA",2024,56214.0
19049,"Dallas, IA",2019,67300.0
19049,"Dallas, IA",2020,70079.0
19049,"Dallas, IA",2021,77851.0
19049,"Dallas, IA",2022,79169.0
19049,"Dallas, IA",2023,82661.0
19049,"Dallas, IA",2024,85124.0
19051,"Davis, IA",2019,38986.0
19051,"Davis, IA",2020,40683.0
19051,"Davis, IA",2021,46430.0
19051,"Davis, IA",2022,56036.0
19051,"Davis, IA",2023,55124.0
19051,"Davis, IA",2024,57202.0
19053,"Decatur, IA",2019,36044.0
19053,"Decatur, IA",2020,38639.0
19053,"Decatur, IA",2021,43521.0
19053,"Decatur, IA",2022,44688.0
19053,"Decatur, IA",2023,44042.0
19053,"Decatur, IA",2024,46134.0
19055,"Delaware, IA",2019,47864.0
19055,"Delaware, IA",2020,52287.0
19055,"Delaware, IA",2021,57807.0
19055,"Delaware, IA",2022,62738.0
19055,"Delaware, IA",2023,61096.0
19055,"Delaware, IA",2024,62983.0
19057,"Des Moines, IA",2019,50148.0
19057,"Des Moines, IA",2020,53805.0
19057,"Des Moines, IA",2021,58664.0
19057,"Des Moines, IA",2022,57372.0
19057,"Des Moines, IA",2023,61828.0
19057,"Des Moines, IA",2024,64329.0
19059,"Dickinson, IA",2019,59507.0
19059,"Dickinson, IA",2020,62680.0
19059,"Dickinson, IA",2021,71908.0
19059,"Dickinson, IA",2022,76570.0
19059,"Dickinson, IA",2023,79865.0
19059,"Dickinson, IA",2024,84249.0
19061,"Dubuque, IA",2019,49522.0
19061,"Dubuque, IA",2020,52978.0
19061,"Dubuque, IA",2021,58097.0
19061,"Dubuque, IA",2022,60852.0
19061,"Dubuque, IA",2023,63620.0
19061,"Dubuque, IA",2024,66392.0
19063,"Emmet, IA",2019,43655.0
19063,"Emmet, IA",2020,44741.0
19063,"Emmet, IA",2021,51469.0
19063,"Emmet, IA",2022,54756.0
19063,"Emmet, IA",2023,52286.0
19063,"Emmet, IA",2024,56492.0
19065,"Fayette, IA",2019,43525.0
19065,"Fayette, IA",2020,46164.0
19065,"Fayette, IA",2021,50873.0
19065,"Fayette, IA",2022,53643.0
19065,"Fayette, IA",2023,54184.0
19065,"Fayette, IA",2024,57293.0
19067,"Floyd, IA",2019,46553.0
19067,"Floyd, IA",2020,48869.0
19067,"Floyd, IA",2021,56211.0
19067,"Floyd, IA",2022,61556.0
19067,"Floyd, IA",2023,61973.0
19067,"Floyd, IA",2024,64852.0
19069,"Franklin, IA",2019,46840.0
19069,"Franklin, IA",2020,49232.0
19069,"Franklin, IA",2021,61893.0
19069,"Franklin, IA",2022,67751.0
19069,"Franklin, IA",2023,64782.0
19069,"Franklin, IA",2024,65571.0
19071,"Fremont, IA",2019,49560.0
19071,"Fremont, IA",2020,51737.0
19071,"Fremont, IA",2021,61452.0
19071,"Fremont, IA",2022,60652.0
19071,"Fremont, IA",2023,60980.0
19071,"Fremont, IA",2024,62457.0
19073,"Greene, IA",2019,47388.0
19073,"Greene, IA",2020,51228.0
19073,"Greene, IA",2021,60280.0
19073,"Greene, IA",2022,62195.0
19073,"Greene, IA",2023,60688.0
19073,"Greene, IA",2024,61396.0
19075,"Grundy, IA",2019,51271.0
19075,"Grundy, IA",2020,54482.0
19075,"Grundy, IA",2021,62583.0
19075,"Grundy, IA",2022,65882.0
19075,"Grundy, IA",2023,65135.0
19075,"Grundy, IA",2024,64774.0
19077,"Guthrie, IA",2019,51908.0
19077,"Guthrie, IA",2020,56964.0
19077,"Guthrie, IA",2021,66236.0
19077,"Guthrie, IA",2022,69253.0
19077,"Guthrie, IA",2023,69032.0
19077,"Guthrie, IA",2024,72853.0
19079,"Hamilton, IA",2019,48949.0
19079,"Hamilton, IA",2020,49692.0
19079,"Hamilton, IA",2021,58940.0
19079,"Hamilton, IA",2022,66952.0
19079,"Hamilton, IA",2023,62512.0
19079,"Hamilton, IA",2024,65171.0
19081,"Hancock, IA",2019,49770.0
19081,"Hancock, IA",2020,51166.0
19081,"Hancock, IA",2021,61689.0
19081,"Hancock, IA",2022,68906.0
19081,"Hancock, IA",2023,64513.0
19081,"Hancock, IA",2024,68162.0
19083,"Hardin, IA",2019,46878.0
19083,"Hardin, IA",2020,48994.0
19083,"Hardin, IA",2021,62664.0
19083,"Hardin, IA",2022,76866.0
19083,"Hardin, IA",2023,65798.0
19083,"Hardin, IA",2024,67117.0
19085,"Harrison, IA",2019,45934.0
19085,"Harrison, IA",2020,47929.0
19085,"Harrison, IA",2021,55865.0
19085,"Harrison, IA",2022,60000.0
19085,"Harrison, IA",2023,60740.0
19085,"Harrison, IA",2024,61419.0
19087,"Henry, IA",2019,41998.0
19087,"Henry, IA",2020,45176.0
19087,"Henry, IA",2021,49662.0
19087,"Henry, IA",2022,50984.0
19087,"Henry, IA",2023,52400.0
19087,"Henry, IA",2024,53599.0
19089,"Howard, IA",2019,46335.0
19089,"Howard, IA",2020,49542.0
19089,"Howard, IA",2021,60382.0
19089,"Howard, IA",2022,65758.0
19089,"Howard, IA",2023,65023.0
19089,"Howard, IA",2024,66810.0
19091,"Humboldt, IA",2019,49234.0
19091,"Humboldt, IA",2020,50244.0
19091,"Humboldt, IA",2021,57293.0
19091,"Humboldt, IA",2022,60809.0
19091,"Humboldt, IA",2023,59515.0
19091,"Humboldt, IA",2024,60188.0
19093,"Ida, IA",2019,51246.0
19093,"Ida, IA",2020,54674.0
19093,"Ida, IA",2021,69536.0
19093,"Ida, IA",2022,74444.0
19093,"Ida, IA",2023,69411.0
19093,"Ida, IA",2024,69265.0
19095,"Iowa, IA",2019,52392.0
19095,"Iowa, IA",2020,55000.0
19095,"Iowa, IA",2021,60401.0
19095,"Iowa, IA",2022,61564.0
19095,"Iowa, IA",2023,61829.0
19095,"Iowa, IA",2024,63456.0
19097,"Jackson, IA",2019,44779.0
19097,"Jackson, IA",2020,48808.0
19097,"Jackson, IA",2021,54018.0
19097,"Jackson, IA",2022,56123.0
19097,"Jackson, IA",2023,57202.0
19097,"Jackson, IA",2024,59805.0
19099,"Jasper, IA",2019,42776.0
19099,"Jasper, IA",2020,45933.0
19099,"Jasper, IA",2021,50289.0
19099,"Jasper, IA",2022,51251.0
19099,"Jasper, IA",2023,52335.0
19099,"Jasper, IA",2024,53859.0
19101,"Jefferson, IA",2019,46961.0
19101,"Jefferson, IA",2020,48627.0
19101,"Jefferson, IA",2021,53357.0
19101,"Jefferson, IA",2022,56929.0
19101,"Jefferson, IA",2023,57417.0
19101,"Jefferson, IA",2024,58917.0
19103,"Johnson, IA",2019,54043.0
19103,"Johnson, IA",2020,56241.0
19103,"Johnson, IA",2021,60982.0
19103,"Johnson, IA",2022,60853.0
19103,"Johnson, IA",2023,63713.0
19103,"Johnson, IA",2024,66028.0
19105,"Jones, IA",2019,44413.0
19105,"Jones, IA",2020,47323.0
19105,"Jones, IA",2021,52249.0
19105,"Jones, IA",2022,54724.0
19105,"Jones, IA",2023,55611.0
19105,"Jones, IA",2024,56539.0
19107,"Keokuk, IA",2019,44760.0
19107,"Keokuk, IA",2020,48189.0
19107,"Keokuk, IA",2021,54573.0
19107,"Keokuk, IA",2022,57346.0
19107,"Keokuk, IA",2023,56611.0
19107,"Keokuk, IA",2024,58399.0
19109,"Kossuth, IA",2019,49624.0
19109,"Kossuth, IA",2020,51283.0
19109,"Kossuth, IA",2021,63650.0
19109,"Kossuth, IA",2022,69505.0
19109,"Kossuth, IA",2023,66601.0
19109,"Kossuth, IA",2024,68674.0
19111,"Lee, IA",2019,41898.0
19111,"Lee, IA",2020,46383.0
19111,"Lee, IA",2021,49449.0
19111,"Lee, IA",2022,50596.0
19111,"Lee, IA",2023,52188.0
19111,"Lee, IA",2024,55286.0
19113,"Linn, IA",2019,52628.0
19113,"Linn, IA",2020,55615.0
19113,"Linn, IA",2021,59784.0
19113,"Linn, IA",2022,60886.0
19113,"Linn, IA",2023,63901.0
19113,"Linn, IA",2024,66525.0
19115,"Louisa, IA",2019,43130.0
19115,"Louisa, IA",2020,45928.0
19115,"Louisa, IA",2021,51878.0
19115,"Louisa, IA",2022,54679.0
19115,"Louisa, IA",2023,53836.0
19115,"Louisa, IA",2024,55311.0
19117,"Lucas, IA",2019,41439.0
19117,"Lucas, IA",2020,44252.0
19117,"Lucas, IA",2021,48664.0
19117,"Lucas, IA",2022,49026.0
19117,"Lucas, IA",2023,49400.0
19117,"Lucas, IA",2024,53668.0
19119,"Lyon, IA",2019,54064.0
19119,"Lyon, IA",2020,57598.0
19119,"Lyon, IA",2021,65915.0
19119,"Lyon, IA",2022,74572.0
19119,"Lyon, IA",2023,69418.0
19119,"Lyon, IA",2024,75203.0
19121,"Madison, IA",2019,50055.0
19121,"Madison, IA",2020,52869.0
19121,"Madison, IA",2021,57517.0
19121,"Madison, IA",2022,59639.0
19121,"Madison, IA",2023,61507.0
19121,"Madison, IA",2024,64051.0
19123,"Mahaska, IA",2019,42501.0
19123,"Mahaska, IA",2020,45035.0
19123,"Mahaska, IA",2021,50387.0
19123,"Mahaska, IA",2022,53422.0
19123,"Mahaska, IA",2023,55320.0
19123,"Mahaska, IA",2024,57491.0
19125,"Marion, IA",2019,49943.0
19125,"Marion, IA",2020,53067.0
19125,"Marion, IA",2021,58077.0
19125,"Marion, IA",2022,60504.0
19125,"Marion, IA",2023,64526.0
19125,"Marion, IA",2024,66929.0
19127,"Marshall, IA",2019,42788.0
19127,"Marshall, IA",2020,45661.0
19127,"Marshall, IA",2021,50037.0
19127,"Marshall, IA",2022,49056.0
19127,"Marshall, IA",2023,49362.0
19127,"Marshall, IA",2024,51945.0
19129,"Mills, IA",2019,58967.0
19129,"Mills, IA",2020,60207.0
19129,"Mills, IA",2021,67215.0
19129,"Mills, IA",2022,67777.0
19129,"Mills, IA",2023,67202.0
19129,"Mills, IA",2024,68784.0
19131,"Mitchell, IA",2019,62264.0
19131,"Mitchell, IA",2020,57729.0
19131,"Mitchell, IA",2021,76282.0
19131,"Mitchell, IA",2022,103776.0
19131,"Mitchell, IA",2023,100315.0
19131,"Mitchell, IA",2024,98211.0
19133,"Monona, IA",2019,45489.0
19133,"Monona, IA",2020,47753.0
19133,"Monona, IA",2021,57712.0
19133,"Monona, IA",2022,61040.0
19133,"Monona, IA",2023,60967.0
19133,"Monona, IA",2024,60306.0
19135,"Monroe, IA",2019,45759.0
19135,"Monroe, IA",2020,49576.0
19135,"Monroe, IA",2021,54510.0
19135,"Monroe, IA",2022,55552.0
19135,"Monroe, IA",2023,58789.0
19135,"Monroe, IA",2024,60691.0
19137,"Montgomery, IA",2019,41118.0
19137,"Montgomery, IA",2020,43771.0
19137,"Montgomery, IA",2021,49227.0
19137,"Montgomery, IA",2022,50952.0
19137,"Montgomery, IA",2023,51718.0
19137,"Montgomery, IA",2024,54103.0
19139,"Muscatine, IA",2019,47358.0
19139,"Muscatine, IA",2020,50717.0
19139,"Muscatine, IA",2021,53586.0
19139,"Muscatine, IA",2022,55357.0
19139,"Muscatine, IA",2023,57515.0
19139,"Muscatine, IA",2024,60332.0
19141,"O'Brien, IA",2019,51405.0
19141,"O'Brien, IA",2020,54109.0
19141,"O'Brien, IA",2021,61208.0
19141,"O'Brien, IA",2022,66452.0
19141,"O'Brien, IA",2023,64184.0
19141,"O'Brien, IA",2024,67449.0
19143,"Osceola, IA",2019,45790.0
19143,"Osceola, IA",2020,48129.0
19143,"Osceola, IA",2021,57266.0
19143,"Osceola, IA",2022,65776.0
19143,"Osceola, IA",2023,61730.0
19143,"Osceola, IA",2024,67433.0
19145,"Page, IA",2019,42536.0
19145,"Page, IA",2020,46227.0
19145,"Page, IA",2021,52325.0
19145,"Page, IA",2022,53759.0
19145,"Page, IA",2023,54699.0
19145,"Page, IA",2024,55807.0
19147,"Palo Alto, IA",2019,48895.0
19147,"Palo Alto, IA",2020,47711.0
19147,"Palo Alto, IA",2021,57833.0
19147,"Palo Alto, IA",2022,67946.0
19147,"Palo Alto, IA",2023,61313.0
19147,"Palo Alto, IA",2024,65535.0
19149,"Plymouth, IA",2019,53344.0
19149,"Plymouth, IA",2020,56516.0
19149,"Plymouth, IA",2021,62988.0
19149,"Plymouth, IA",2022,69463.0
19149,"Plymouth, IA",2023,67875.0
19149,"Plymouth, IA",2024,69887.0
19151,"Pocahontas, IA",2019,49685.0
19151,"Pocahontas, IA",2020,48147.0
19151,"Pocahontas, IA",2021,60989.0
19151,"Pocahontas, IA",2022,67301.0
19151,"Pocahontas, IA",2023,60385.0
19151,"Pocahontas, IA",2024,60976.0
19153,"Polk, IA",2019,53702.0
19153,"Polk, IA",2020,57449.0
19153,"Polk, IA",2021,61855.0
19153,"Polk, IA",2022,63676.0
19153,"Polk, IA",2023,67094.0
19153,"Polk, IA",2024,69800.0
19155,"Pottawattamie, IA",2019,44885.0
19155,"Pottawattamie, IA",2020,47687.0
19155,"Pottawattamie, IA",2021,51528.0
19155,"Pottawattamie, IA",2022,55698.0
19155,"Pottawattamie, IA",2023,58548.0
19155,"Pottawattamie, IA",2024,62836.0
19157,"Poweshiek, IA",2019,44724.0
19157,"Poweshiek, IA",2020,47985.0
19157,"Poweshiek, IA",2021,52985.0
19157,"Poweshiek, IA",2022,56395.0
19157,"Poweshiek, IA",2023,57135.0
19157,"Poweshiek, IA",2024,60476.0
19159,"Ringgold, IA",2019,47723.0
19159,"Ringgold, IA",2020,49912.0
19159,"Ringgold, IA",2021,58855.0
19159,"Ringgold, IA",2022,59141.0
19159,"Ringgold, IA",2023,56138.0
19159,"Ringgold, IA",2024,61132.0
19161,"Sac, IA",2019,54329.0
19161,"Sac, IA",2020,54838.0
19161,"Sac, IA",2021,68732.0
19161,"Sac, IA",2022,81000.0
19161,"Sac, IA",2023,72466.0
19161,"Sac, IA",2024,75296.0
19163,"Scott, IA",2019,53633.0
19163,"Scott, IA",2020,56450.0
19163,"Scott, IA",2021,61618.0
19163,"Scott, IA",2022,63006.0
19163,"Scott, IA",2023,66543.0
19163,"Scott, IA",2024,70007.0
19165,"Shelby, IA",2019,50558.0
19165,"Shelby, IA",2020,52824.0
19165,"Shelby, IA",2021,64152.0
19165,"Shelby, IA",2022,66172.0
19165,"Shelby, IA",2023,66646.0
19165,"Shelby, IA",2024,67220.0
19167,"Sioux, IA",2019,49308.0
19167,"Sioux, IA",2020,55140.0
19167,"Sioux, IA",2021,59512.0
19167,"Sioux, IA",2022,69043.0
19167,"Sioux, IA",2023,65739.0
19167,"Sioux, IA",2024,72752.0
19169,"Story, IA",2019,43140.0
19169,"Story, IA",2020,44996.0
19169,"Story, IA",2021,48382.0
19169,"Story, IA",2022,52645.0
19169,"Story, IA",2023,54662.0
19169,"Story, IA",2024,56392.0
19171,"Tama, IA",2019,44969.0
19171,"Tama, IA",2020,49380.0
19171,"Tama, IA",2021,56948.0
19171,"Tama, IA",2022,58064.0
19171,"Tama, IA",2023,56878.0
19171,"Tama, IA",2024,57444.0
19173,"Taylor, IA",2019,43240.0
19173,"Taylor, IA",2020,46147.0
19173,"Taylor, IA",2021,56473.0
19173,"Taylor, IA",2022,58609.0
19173,"Taylor, IA",2023,55442.0
19173,"Taylor, IA",2024,57333.0
19175,"Union, IA",2019,41005.0
19175,"Union, IA",2020,43683.0
19175,"Union, IA",2021,49393.0
19175,"Union, IA",2022,50639.0
19175,"Union, IA",2023,49849.0
19175,"Union, IA",2024,53805.0
19177,"Van Buren, IA",2019,40013.0
19177,"Van Buren, IA",2020,41152.0
19177,"Van Buren, IA",2021,47871.0
19177,"Van Buren, IA",2022,50557.0
19177,"Van Buren, IA",2023,48676.0
19177,"Van Buren, IA",2024,50427.0
19179,"Wapello, IA",2019,38850.0
19179,"Wapello, IA",2020,42417.0
19179,"Wapello, IA",2021,45330.0
19179,"Wapello, IA",2022,46336.0
19179,"Wapello, IA",2023,46934.0
19179,"Wapello, IA",2024,48623.0
19181,"Warren, IA",2019,51616.0
19181,"Warren, IA",2020,54126.0
19181,"Warren, IA",2021,59507.0
19181,"Warren, IA",2022,61761.0
19181,"Warren, IA",2023,64229.0
19181,"Warren, IA",2024,66638.0
19183,"Washington, IA",2019,58798.0
19183,"Washington, IA",2020,58567.0
19183,"Washington, IA",2021,71794.0
19183,"Washington, IA",2022,82109.0
19183,"Washington, IA",2023,80447.0
19183,"Washington, IA",2024,84539.0
19185,"Wayne, IA",2019,41970.0
19185,"Wayne, IA",2020,44591.0
19185,"Wayne, IA",2021,52918.0
19185,"Wayne, IA",2022,55698.0
19185,"Wayne, IA",2023,54360.0
19185,"Wayne, IA",2024,55173.0
19187,"Webster, IA",2019,45052.0
19187,"Webster, IA",2020,46881.0
19187,"Webster, IA",2021,51446.0
19187,"Webster, IA",2022,53540.0
19187,"Webster, IA",2023,54064.0
19187,"Webster, IA",2024,55465.0
19189,"Winnebago, IA",2019,40933.0
19189,"Winnebago, IA",2020,44321.0
19189,"Winnebago, IA",2021,52031.0
19189,"Winnebago, IA",2022,56061.0
19189,"Winnebago, IA",2023,53790.0
19189,"Winnebago, IA",2024,58376.0
19191,"Winneshiek, IA",2019,49175.0
19191,"Winneshiek, IA",2020,54395.0
19191,"Winneshiek, IA",2021,59212.0
19191,"Winneshiek, IA",2022,61774.0
19191,"Winneshiek, IA",2023,63368.0
19191,"Winneshiek, IA",2024,66544.0
19193,"Woodbury, IA",2019,43562.0
19193,"Woodbury, IA",2020,46497.0
19193,"Woodbury, IA",2021,50000.0
19193,"Woodbury, IA",2022,51792.0
19193,"Woodbury, IA",2023,53271.0
19193,"Woodbury, IA",2024,55344.0
19195,"Worth, IA",2019,41322.0
19195,"Worth, IA",2020,44416.0
19195,"Worth, IA",2021,54434.0
19195,"Worth, IA",2022,57188.0
19195,"Worth, IA",2023,57362.0
19195,"Worth, IA",2024,58108.0
19197,"Wright, IA",2019,46405.0
19197,"Wright, IA",2020,47424.0
19197,"Wright, IA",2021,58184.0
19197,"Wright, IA",2022,72689.0
19197,"Wright, IA",2023,66865.0
19197,"Wright, IA",2024,76026.0
20001,"Allen, KS",2019,41971.0
20001,"Allen, KS",2020,44903.0
20001,"Allen, KS",2021,50038.0
20001,"Allen, KS",2022,47258.0
20001,"Allen, KS",2023,49994.0
20001,"Allen, KS",2024,51828.0
20003,"Anderson, KS",2019,40469.0
20003,"Anderson, KS",2020,45217.0
20003,"Anderson, KS",2021,54575.0
20003,"Anderson, KS",2022,50554.0
20003,"Anderson, KS",2023,56226.0
20003,"Anderson, KS",2024,56187.0
20005,"Atchison, KS",2019,38336.0
20005,"Atchison, KS",2020,42437.0
20005,"Atchison, KS",2021,44745.0
20005,"Atchison, KS",2022,43390.0
20005,"Atchison, KS",2023,45864.0
20005,"Atchison, KS",2024,47444.0
20007,"Barber, KS",2019,44037.0
20007,"Barber, KS",2020,50132.0
20007,"Barber, KS",2021,54667.0
20007,"Barber, KS",2022,54276.0
20007,"Barber, KS",2023,60048.0
20007,"Barber, KS",2024,57704.0
20009,"Barton, KS",2019,48606.0
20009,"Barton, KS",2020,51410.0
20009,"Barton, KS",2021,53255.0
20009,"Barton, KS",2022,55824.0
20009,"Barton, KS",2023,58743.0
20009,"Barton, KS",2024,61145.0
20011,"Bourbon, KS",2019,41476.0
20011,"Bourbon, KS",2020,44919.0
20011,"Bourbon, KS",2021,48398.0
20011,"Bourbon, KS",2022,46550.0
20011,"Bourbon, KS",2023,48596.0
20011,"Bourbon, KS",2024,49629.0
20013,"Brown, KS",2019,44367.0
20013,"Brown, KS",2020,48240.0
20013,"Brown, KS",2021,53520.0
20013,"Brown, KS",2022,51445.0
20013,"Brown, KS",2023,54320.0
20013,"Brown, KS",2024,57431.0
20015,"Butler, KS",2019,47249.0
20015,"Butler, KS",2020,49722.0
20015,"Butler, KS",2021,52654.0
20015,"Butler, KS",2022,53996.0
20015,"Butler, KS",2023,57754.0
20015,"Butler, KS",2024,59909.0
20017,"Chase, KS",2019,52540.0
20017,"Chase, KS",2020,60100.0
20017,"Chase, KS",2021,63478.0
20017,"Chase, KS",2022,59065.0
20017,"Chase, KS",2023,67903.0
20017,"Chase, KS",2024,66680.0
20019,"Chautauqua, KS",2019,39223.0
20019,"Chautauqua, KS",2020,41457.0
20019,"Chautauqua, KS",2021,44403.0
20019,"Chautauqua, KS",2022,43180.0
20019,"Chautauqua, KS",2023,48241.0
20019,"Chautauqua, KS",2024,48845.0
20021,"Cherokee, KS",2019,42817.0
20021,"Cherokee, KS",2020,47360.0
20021,"Cherokee, KS",2021,52349.0
20021,"Cherokee, KS",2022,54837.0
20021,"Cherokee, KS",2023,53872.0
20021,"Cherokee, KS",2024,55679.0
20023,"Cheyenne, KS",2019,46669.0
20023,"Cheyenne, KS",2020,57659.0
20023,"Cheyenne, KS",2021,66026.0
20023,"Cheyenne, KS",2022,62925.0
20023,"Cheyenne, KS",2023,64131.0
20023,"Cheyenne, KS",2024,61331.0
20025,"Clark, KS",2019,54687.0
20025,"Clark, KS",2020,62958.0
20025,"Clark, KS",2021,56546.0
20025,"Clark, KS",2022,53697.0
20025,"Clark, KS",2023,62491.0
20025,"Clark, KS",2024,64211.0
20027,"Clay, KS",2019,43246.0
20027,"Clay, KS",2020,47746.0
20027,"Clay, KS",2021,53803.0
20027,"Clay, KS",2022,49088.0
20027,"Clay, KS",2023,53486.0
20027,"Clay, KS",2024,54572.0
20029,"Cloud, KS",2019,39473.0
20029,"Cloud, KS",2020,44561.0
20029,"Cloud, KS",2021,48252.0
20029,"Cloud, KS",2022,45943.0
20029,"Cloud, KS",2023,53211.0
20029,"Cloud, KS",2024,53830.0
20031,"Coffey, KS",2019,51645.0
20031,"Coffey, KS",2020,57207.0
20031,"Coffey, KS",2021,60148.0
20031,"Coffey, KS",2022,56523.0
20031,"Coffey, KS",2023,58014.0
20031,"Coffey, KS",2024,58553.0
20033,"Comanche, KS",2019,41591.0
20033,"Comanche, KS",2020,46828.0
20033,"Comanche, KS",2021,50654.0
20033,"Comanche, KS",2022,50107.0
20033,"Comanche, KS",2023,61024.0
20033,"Comanche, KS",2024,56354.0
20035,"Cowley, KS",2019,39222.0
20035,"Cowley, KS",2020,41910.0
20035,"Cowley, KS",2021,44587.0
20035,"Cowley, KS",2022,44313.0
20035,"Cowley, KS",2023,46818.0
20035,"Cowley, KS",2024,48066.0
20037,"Crawford, KS",2019,41102.0
20037,"Crawford, KS",2020,42976.0
20037,"Crawford, KS",2021,45771.0
20037,"Crawford, KS",2022,44885.0
20037,"Crawford, KS",2023,47499.0
20037,"Crawford, KS",2024,49762.0
20039,"Decatur, KS",2019,43842.0
20039,"Decatur, KS",2020,57300.0
20039,"Decatur, KS",2021,58438.0
20039,"Decatur, KS",2022,69606.0
20039,"Decatur, KS",2023,65786.0
20039,"Decatur, KS",2024,66503.0
20041,"Dickinson, KS",2019,42186.0
20041,"Dickinson, KS",2020,46450.0
20041,"Dickinson, KS",2021,49774.0
20041,"Dickinson, KS",2022,48547.0
20041,"Dickinson, KS",2023,51345.0
20041,"Dickinson, KS",2024,51706.0
20043,"Doniphan, KS",2019,42225.0
20043,"Doniphan, KS",2020,46263.0
20043,"Doniphan, KS",2021,53252.0
20043,"Doniphan, KS",2022,49008.0
20043,"Doniphan, KS",2023,51435.0
20043,"Doniphan, KS",2024,53873.0
20045,"Douglas, KS",2019,46123.0
20045,"Douglas, KS",2020,48920.0
20045,"Douglas, KS",2021,52199.0
20045,"Douglas, KS",2022,53318.0
20045,"Douglas, KS",2023,56058.0
20045,"Douglas, KS",2024,58698.0
20047,"Edwards, KS",2019,51177.0
20047,"Edwards, KS",2020,62800.0
20047,"Edwards, KS",2021,69773.0
20047,"Edwards, KS",2022,64806.0
20047,"Edwards, KS",2023,74353.0
20047,"Edwards, KS",2024,73173.0
20049,"Elk, KS",2019,37665.0
20049,"Elk, KS",2020,41114.0
20049,"Elk, KS",2021,44585.0
20049,"Elk, KS",2022,41645.0
20049,"Elk, KS",2023,47657.0
20049,"Elk, KS",2024,47806.0
20051,"Ellis, KS",2019,46327.0
20051,"Ellis, KS",2020,50968.0
20051,"Ellis, KS",2021,54952.0
20051,"Ellis, KS",2022,54691.0
20051,"Ellis, KS",2023,57729.0
20051,"Ellis, KS",2024,58325.0
20053,"Ellsworth, KS",2019,43329.0
20053,"Ellsworth, KS",2020,45068.0
20053,"Ellsworth, KS",2021,48938.0
20053,"Ellsworth, KS",2022,46702.0
20053,"Ellsworth, KS",2023,51293.0
20053,"Ellsworth, KS",2024,50858.0
20055,"Finney, KS",2019,41211.0
20055,"Finney, KS",2020,45875.0
20055,"Finney, KS",2021,49370.0
20055,"Finney, KS",2022,50214.0
20055,"Finney, KS",2023,52290.0
20055,"Finney, KS",2024,54867.0
20057,"Ford, KS",2019,38661.0
20057,"Ford, KS",2020,44567.0
20057,"Ford, KS",2021,47398.0
20057,"Ford, KS",2022,47545.0
20057,"Ford, KS",2023,47529.0
20057,"Ford, KS",2024,48817.0
20059,"Franklin, KS",2019,43491.0
20059,"Franklin, KS",2020,46445.0
20059,"Franklin, KS",2021,49808.0
20059,"Franklin, KS",2022,49127.0
20059,"Franklin, KS",2023,51588.0
20059,"Franklin, KS",2024,53518.0
20061,"Geary, KS",2019,45680.0
20061,"Geary, KS",2020,48123.0
20061,"Geary, KS",2021,51155.0
20061,"Geary, KS",2022,51802.0
20061,"Geary, KS",2023,54027.0
20061,"Geary, KS",2024,56303.0
20063,"Gove, KS",2019,58057.0
20063,"Gove, KS",2020,66583.0
20063,"Gove, KS",2021,82751.0
20063,"Gove, KS",2022,87163.0
20063,"Gove, KS",2023,102149.0
20063,"Gove, KS",2024,98901.0
20065,"Graham, KS",2019,50233.0
20065,"Graham, KS",2020,54965.0
20065,"Graham, KS",2021,61576.0
20065,"Graham, KS",2022,61072.0
20065,"Graham, KS",2023,75020.0
20065,"Graham, KS",2024,65483.0
20067,"Grant, KS",2019,41989.0
20067,"Grant, KS",2020,50279.0
20067,"Grant, KS",2021,46647.0
20067,"Grant, KS",2022,42460.0
20067,"Grant, KS",2023,56354.0
20067,"Grant, KS",2024,64528.0
20069,"Gray, KS",2019,60296.0
20069,"Gray, KS",2020,74379.0
20069,"Gray, KS",2021,67318.0
20069,"Gray, KS",2022,64598.0
20069,"Gray, KS",2023,76445.0
20069,"Gray, KS",2024,84604.0
20071,"Greeley, KS",2019,64721.0
20071,"Greeley, KS",2020,103852.0
20071,"Greeley, KS",2021,110087.0
20071,"Greeley, KS",2022,113233.0
20071,"Greeley, KS",2023,108230.0
20071,"Greeley, KS",2024,134780.0
20073,"Greenwood, KS",2019,40842.0
20073,"Greenwood, KS",2020,46488.0
20073,"Greenwood, KS",2021,48287.0
20073,"Greenwood, KS",2022,46806.0
20073,"Greenwood, KS",2023,53950.0
20073,"Greenwood, KS",2024,54372.0
20075,"Hamilton, KS",2019,56460.0
20075,"Hamilton, KS",2020,83733.0
20075,"Hamilton, KS",2021,72694.0
20075,"Hamilton, KS",2022,93379.0
20075,"Hamilton, KS",2023,95220.0
20075,"Hamilton, KS",2024,101962.0
20077,"Harper, KS",2019,51365.0
20077,"Harper, KS",2020,56897.0
20077,"Harper, KS",2021,61449.0
20077,"Harper, KS",2022,59954.0
20077,"Harper, KS",2023,65055.0
20077,"Harper, KS",2024,62662.0
20079,"Harvey, KS",2019,44072.0
20079,"Harvey, KS",2020,47220.0
20079,"Harvey, KS",2021,50647.0
20079,"Harvey, KS",2022,51000.0
20079,"Harvey, KS",2023,54424.0
20079,"Harvey, KS",2024,56321.0
20081,"Haskell, KS",2019,54200.0
20081,"Haskell, KS",2020,76755.0
20081,"Haskell, KS",2021,75190.0
20081,"Haskell, KS",2022,68589.0
20081,"Haskell, KS",2023,89058.0
20081,"Haskell, KS",2024,89909.0
20083,"Hodgeman, KS",2019,56476.0
20083,"Hodgeman, KS",2020,72132.0
20083,"Hodgeman, KS",2021,68301.0
20083,"Hodgeman, KS",2022,61027.0
20083,"Hodgeman, KS",2023,75039.0
20083,"Hodgeman, KS",2024,76736.0
20085,"Jackson, KS",2019,43284.0
20085,"Jackson, KS",2020,47219.0
20085,"Jackson, KS",2021,50529.0
20085,"Jackson, KS",2022,49670.0
20085,"Jackson, KS",2023,52885.0
20085,"Jackson, KS",2024,54826.0
20087,"Jefferson, KS",2019,46499.0
20087,"Jefferson, KS",2020,50024.0
20087,"Jefferson, KS",2021,53838.0
20087,"Jefferson, KS",2022,54370.0
20087,"Jefferson, KS",2023,58147.0
20087,"Jefferson, KS",2024,60812.0
20089,"Jewell, KS",2019,48574.0
20089,"Jewell, KS",2020,56750.0
20089,"Jewell, KS",2021,62086.0
20089,"Jewell, KS",2022,52427.0
20089,"Jewell, KS",2023,68698.0
20089,"Jewell, KS",2024,62948.0
20091,"Johnson, KS",2019,76968.0
20091,"Johnson, KS",2020,78889.0
20091,"Johnson, KS",2021,83981.0
20091,"Johnson, KS",2022,96517.0
20091,"Johnson, KS",2023,91595.0
20091,"Johnson, KS",2024,95419.0
20093,"Kearny, KS",2019,48570.0
20093,"Kearny, KS",2020,61118.0
20093,"Kearny, KS",2021,63428.0
20093,"Kearny, KS",2022,60412.0
20093,"Kearny, KS",2023,69141.0
20093,"Kearny, KS",2024,64338.0
20095,"Kingman, KS",2019,43030.0
20095,"Kingman, KS",2020,48515.0
20095,"Kingman, KS",2021,53135.0
20095,"Kingman, KS",2022,53226.0
20095,"Kingman, KS",2023,59443.0
20095,"Kingman, KS",2024,58387.0
20097,"Kiowa, KS",2019,41458.0
20097,"Kiowa, KS",2020,51906.0
20097,"Kiowa, KS",2021,57600.0
20097,"Kiowa, KS",2022,48872.0
20097,"Kiowa, KS",2023,54211.0
20097,"Kiowa, KS",2024,50765.0
20099,"Labette, KS",2019,42200.0
20099,"Labette, KS",2020,45695.0
20099,"Labette, KS",2021,48373.0
20099,"Labette, KS",2022,49542.0
20099,"Labette, KS",2023,51503.0
20099,"Labette, KS",2024,53557.0
20101,"Lane, KS",2019,64320.0
20101,"Lane, KS",2020,79165.0
20101,"Lane, KS",2021,84057.0
20101,"Lane, KS",2022,82008.0
20101,"Lane, KS",2023,97288.0
20101,"Lane, KS",2024,88578.0
20103,"Leavenworth, KS",2019,44060.0
20103,"Leavenworth, KS",2020,46542.0
20103,"Leavenworth, KS",2021,49548.0
20103,"Leavenworth, KS",2022,50694.0
20103,"Leavenworth, KS",2023,52973.0
20103,"Leavenworth, KS",2024,55369.0
20105,"Lincoln, KS",2019,45435.0
20105,"Lincoln, KS",2020,53358.0
20105,"Lincoln, KS",2021,52885.0
20105,"Lincoln, KS",2022,49173.0
20105,"Lincoln, KS",2023,57384.0
20105,"Lincoln, KS",2024,52199.0
20107,"Linn, KS",2019,41388.0
20107,"Linn, KS",2020,45333.0
20107,"Linn, KS",2021,47677.0
20107,"Linn, KS",2022,47908.0
20107,"Linn, KS",2023,50206.0
20107,"Linn, KS",2024,51148.0
20109,"Logan, KS",2019,48013.0
20109,"Logan, KS",2020,60110.0
20109,"Logan, KS",2021,66112.0
20109,"Logan, KS",2022,66645.0
20109,"Logan, KS",2023,69173.0
20109,"Logan, KS",2024,69501.0
20111,"Lyon, KS",2019,39690.0
20111,"Lyon, KS",2020,44020.0
20111,"Lyon, KS",2021,47008.0
20111,"Lyon, KS",2022,47109.0
20111,"Lyon, KS",2023,49533.0
20111,"Lyon, KS",2024,50360.0
20113,"McPherson, KS",2019,52081.0
20113,"McPherson, KS",2020,55067.0
20113,"McPherson, KS",2021,57800.0
20113,"McPherson, KS",2022,59219.0
20113,"McPherson, KS",2023,63928.0
20113,"McPherson, KS",2024,65632.0
20115,"Marion, KS",2019,41657.0
20115,"Marion, KS",2020,46569.0
20115,"Marion, KS",2021,49245.0
20115,"Marion, KS",2022,47139.0
20115,"Marion, KS",2023,52378.0
20115,"Marion, KS",2024,52566.0
20117,"Marshall, KS",2019,42709.0
20117,"Marshall, KS",2020,47962.0
20117,"Marshall, KS",2021,51038.0
20117,"Marshall, KS",2022,46828.0
20117,"Marshall, KS",2023,49713.0
20117,"Marshall, KS",2024,51044.0
20119,"Meade, KS",2019,58717.0
20119,"Meade, KS",2020,69661.0
20119,"Meade, KS",2021,78122.0
20119,"Meade, KS",2022,66731.0
20119,"Meade, KS",2023,74745.0
20119,"Meade, KS",2024,77805.0
20121,"Miami, KS",2019,49635.0
20121,"Miami, KS",2020,53386.0
20121,"Miami, KS",2021,58691.0
20121,"Miami, KS",2022,60411.0
20121,"Miami, KS",2023,62897.0
20121,"Miami, KS",2024,65388.0
20123,"Mitchell, KS",2019,60403.0
20123,"Mitchell, KS",2020,69781.0
20123,"Mitchell, KS",2021,68838.0
20123,"Mitchell, KS",2022,65630.0
20123,"Mitchell, KS",2023,76415.0
20123,"Mitchell, KS",2024,73731.0
20125,"Montgomery, KS",2019,37113.0
20125,"Montgomery, KS",2020,40356.0
20125,"Montgomery, KS",2021,43623.0
20125,"Montgomery, KS",2022,43949.0
20125,"Montgomery, KS",2023,46366.0
20125,"Montgomery, KS",2024,48328.0
20127,"Morris, KS",2019,44163.0
20127,"Morris, KS",2020,50795.0
20127,"Morris, KS",2021,52330.0
20127,"Morris, KS",2022,50226.0
20127,"Morris, KS",2023,56721.0
20127,"Morris, KS",2024,56467.0
20129,"Morton, KS",2019,42099.0
20129,"Morton, KS",2020,52130.0
20129,"Morton, KS",2021,58274.0
20129,"Morton, KS",2022,51870.0
20129,"Morton, KS",2023,63302.0
20129,"Morton, KS",2024,66821.0
20131,"Nemaha, KS",2019,50958.0
20131,"Nemaha, KS",2020,60448.0
20131,"Nemaha, KS",2021,63446.0
20131,"Nemaha, KS",2022,65296.0
20131,"Nemaha, KS",2023,70790.0
20131,"Nemaha, KS",2024,74093.0
20133,"Neosho, KS",2019,40698.0
20133,"Neosho, KS",2020,43751.0
20133,"Neosho, KS",2021,47291.0
20133,"Neosho, KS",2022,46763.0
20133,"Neosho, KS",2023,50375.0
20133,"Neosho, KS",2024,51317.0
20135,"Ness, KS",2019,53498.0
20135,"Ness, KS",2020,60932.0
20135,"Ness, KS",2021,68582.0
20135,"Ness, KS",2022,65381.0
20135,"Ness, KS",2023,77004.0
20135,"Ness, KS",2024,70371.0
20137,"Norton, KS",2019,41012.0
20137,"Norton, KS",2020,49946.0
20137,"Norton, KS",2021,53827.0
20137,"Norton, KS",2022,54975.0
20137,"Norton, KS",2023,60642.0
20137,"Norton, KS",2024,57539.0
20139,"Osage, KS",2019,42740.0
20139,"Osage, KS",2020,46882.0
20139,"Osage, KS",2021,50230.0
20139,"Osage, KS",2022,49860.0
20139,"Osage, KS",2023,53462.0
20139,"Osage, KS",2024,54945.0
20141,"Osborne, KS",2019,46549.0
20141,"Osborne, KS",2020,51782.0
20141,"Osborne, KS",2021,57287.0
20141,"Osborne, KS",2022,53375.0
20141,"Osborne, KS",2023,66194.0
20141,"Osborne, KS",2024,57882.0
20143,"Ottawa, KS",2019,41662.0
20143,"Ottawa, KS",2020,46396.0
20143,"Ottawa, KS",2021,52217.0
20143,"Ottawa, KS",2022,50929.0
20143,"Ottawa, KS",2023,55234.0
20143,"Ottawa, KS",2024,54471.0
20145,"Pawnee, KS",2019,42057.0
20145,"Pawnee, KS",2020,47434.0
20145,"Pawnee, KS",2021,50385.0
20145,"Pawnee, KS",2022,45497.0
20145,"Pawnee, KS",2023,51087.0
20145,"Pawnee, KS",2024,52115.0
20147,"Phillips, KS",2019,53994.0
20147,"Phillips, KS",2020,58659.0
20147,"Phillips, KS",2021,67990.0
20147,"Phillips, KS",2022,61890.0
20147,"Phillips, KS",2023,72543.0
20147,"Phillips, KS",2024,72919.0
20149,"Pottawatomie, KS",2019,52981.0
20149,"Pottawatomie, KS",2020,56925.0
20149,"Pottawatomie, KS",2021,61336.0
20149,"Pottawatomie, KS",2022,60683.0
20149,"Pottawatomie, KS",2023,63001.0
20149,"Pottawatomie, KS",2024,65498.0
20151,"Pratt, KS",2019,48067.0
20151,"Pratt, KS",2020,53070.0
20151,"Pratt, KS",2021,56914.0
20151,"Pratt, KS",2022,55406.0
20151,"Pratt, KS",2023,59248.0
20151,"Pratt, KS",2024,59974.0
20153,"Rawlins, KS",2019,55301.0
20153,"Rawlins, KS",2020,66974.0
20153,"Rawlins, KS",2021,80695.0
20153,"Rawlins, KS",2022,86475.0
20153,"Rawlins, KS",2023,70622.0
20153,"Rawlins, KS",2024,75228.0
20155,"Reno, KS",2019,41037.0
20155,"Reno, KS",2020,45653.0
20155,"Reno, KS",2021,47834.0
20155,"Reno, KS",2022,47507.0
20155,"Reno, KS",2023,50852.0
20155,"Reno, KS",2024,53245.0
20157,"Republic, KS",2019,43201.0
20157,"Republic, KS",2020,49766.0
20157,"Republic, KS",2021,52989.0
20157,"Republic, KS",2022,47913.0
20157,"Republic, KS",2023,55739.0
20157,"Republic, KS",2024,57540.0
20159,"Rice, KS",2019,44352.0
20159,"Rice, KS",2020,49039.0
20159,"Rice, KS",2021,49762.0
20159,"Rice, KS",2022,49055.0
20159,"Rice, KS",2023,57164.0
20159,"Rice, KS",2024,59723.0
20161,"Riley, KS",2019,42953.0
20161,"Riley, KS",2020,45439.0
20161,"Riley, KS",2021,49227.0
20161,"Riley, KS",2022,50813.0
20161,"Riley, KS",2023,53488.0
20161,"Riley, KS",2024,55837.0
20163,"Rooks, KS",2019,39037.0
20163,"Rooks, KS",2020,46297.0
20163,"Rooks, KS",2021,49888.0
20163,"Rooks, KS",2022,45958.0
20163,"Rooks, KS",2023,54747.0
20163,"Rooks, KS",2024,50725.0
20165,"Rush, KS",2019,50081.0
20165,"Rush, KS",2020,57963.0
20165,"Rush, KS",2021,63461.0
20165,"Rush, KS",2022,55528.0
20165,"Rush, KS",2023,70418.0
20165,"Rush, KS",2024,71514.0
20167,"Russell, KS",2019,45962.0
20167,"Russell, KS",2020,50308.0
20167,"Russell, KS",2021,54794.0
20167,"Russell, KS",2022,53761.0
20167,"Russell, KS",2023,61038.0
20167,"Russell, KS",2024,60243.0
20169,"Saline, KS",2019,50574.0
20169,"Saline, KS",2020,51296.0
20169,"Saline, KS",2021,55600.0
20169,"Saline, KS",2022,56745.0
20169,"Saline, KS",2023,59729.0
20169,"Saline, KS",2024,62527.0
20171,"Scott, KS",2019,52592.0
20171,"Scott, KS",2020,67353.0
20171,"Scott, KS",2021,64480.0
20171,"Scott, KS",2022,60040.0
20171,"Scott, KS",2023,67265.0
20171,"Scott, KS",2024,73097.0
20173,"Sedgwick, KS",2019,52315.0
20173,"Sedgwick, KS",2020,53210.0
20173,"Sedgwick, KS",2021,58122.0
20173,"Sedgwick, KS",2022,57757.0
20173,"Sedgwick, KS",2023,60936.0
20173,"Sedgwick, KS",2024,63303.0
20175,"Seward, KS",2019,36944.0
20175,"Seward, KS",2020,42977.0
20175,"Seward, KS",2021,46283.0
20175,"Seward, KS",2022,46604.0
20175,"Seward, KS",2023,47638.0
20175,"Seward, KS",2024,48578.0
20177,"Shawnee, KS",2019,46971.0
20177,"Shawnee, KS",2020,50501.0
20177,"Shawnee, KS",2021,54236.0
20177,"Shawnee, KS",2022,54755.0
20177,"Shawnee, KS",2023,58837.0
20177,"Shawnee, KS",2024,61542.0
20179,"Sheridan, KS",2019,47238.0
20179,"Sheridan, KS",2020,61771.0
20179,"Sheridan, KS",2021,58783.0
20179,"Sheridan, KS",2022,56753.0
20179,"Sheridan, KS",2023,63951.0
20179,"Sheridan, KS",2024,66737.0
20181,"Sherman, KS",2019,41544.0
20181,"Sherman, KS",2020,50129.0
20181,"Sherman, KS",2021,55529.0
20181,"Sherman, KS",2022,54800.0
20181,"Sherman, KS",2023,58415.0
20181,"Sherman, KS",2024,56980.0
20183,"Smith, KS",2019,47033.0
20183,"Smith, KS",2020,57176.0
20183,"Smith, KS",2021,64027.0
20183,"Smith, KS",2022,57905.0
20183,"Smith, KS",2023,67681.0
20183,"Smith, KS",2024,62319.0
20185,"Stafford, KS",2019,45455.0
20185,"Stafford, KS",2020,52769.0
20185,"Stafford, KS",2021,51936.0
20185,"Stafford, KS",2022,51196.0
20185,"Stafford, KS",2023,60145.0
20185,"Stafford, KS",2024,64215.0
20187,"Stanton, KS",2019,67600.0
20187,"Stanton, KS",2020,86679.0
20187,"Stanton, KS",2021,92185.0
20187,"Stanton, KS",2022,85393.0
20187,"Stanton, KS",2023,85176.0
20187,"Stanton, KS",2024,76141.0
20189,"Stevens, KS",2019,43237.0
20189,"Stevens, KS",2020,53208.0
20189,"Stevens, KS",2021,55848.0
20189,"Stevens, KS",2022,51328.0
20189,"Stevens, KS",2023,58375.0
20189,"Stevens, KS",2024,62214.0
20191,"Sumner, KS",2019,41310.0
20191,"Sumner, KS",2020,44563.0
20191,"Sumner, KS",2021,48070.0
20191,"Sumner, KS",2022,47914.0
20191,"Sumner, KS",2023,50646.0
20191,"Sumner, KS",2024,51402.0
20193,"Thomas, KS",2019,46284.0
20193,"Thomas, KS",2020,51049.0
20193,"Thomas, KS",2021,54984.0
20193,"Thomas, KS",2022,56286.0
20193,"Thomas, KS",2023,61059.0
20193,"Thomas, KS",2024,63921.0
20195,"Trego, KS",2019,48659.0
20195,"Trego, KS",2020,56488.0
20195,"Trego, KS",2021,60662.0
20195,"Trego, KS",2022,60695.0
20195,"Trego, KS",2023,69359.0
20195,"Trego, KS",2024,59565.0
20197,"Wabaunsee, KS",2019,50927.0
20197,"Wabaunsee, KS",2020,54245.0
20197,"Wabaunsee, KS",2021,57391.0
20197,"Wabaunsee, KS",2022,56109.0
20197,"Wabaunsee, KS",2023,60244.0
20197,"Wabaunsee, KS",2024,62250.0
20199,"Wallace, KS",2019,51501.0
20199,"Wallace, KS",2020,62729.0
20199,"Wallace, KS",2021,64824.0
20199,"Wallace, KS",2022,63506.0
20199,"Wallace, KS",2023,61979.0
20199,"Wallace, KS",2024,69247.0
20201,"Washington, KS",2019,45029.0
20201,"Washington, KS",2020,54292.0
20201,"Washington, KS",2021,56208.0
20201,"Washington, KS",2022,50230.0
20201,"Washington, KS",2023,55524.0
20201,"Washington, KS",2024,57933.0
20203,"Wichita, KS",2019,60108.0
20203,"Wichita, KS",2020,71380.0
20203,"Wichita, KS",2021,58891.0
20203,"Wichita, KS",2022,54011.0
20203,"Wichita, KS",2023,71212.0
20203,"Wichita, KS",2024,75354.0
20205,"Wilson, KS",2019,41136.0
20205,"Wilson, KS",2020,45036.0
20205,"Wilson, KS",2021,49734.0
20205,"Wilson, KS",2022,48132.0
20205,"Wilson, KS",2023,51985.0
20205,"Wilson, KS",2024,52577.0
20207,"Woodson, KS",2019,37912.0
20207,"Woodson, KS",2020,41876.0
20207,"Woodson, KS",2021,45707.0
20207,"Woodson, KS",2022,44198.0
20207,"Woodson, KS",2023,49730.0
20207,"Woodson, KS",2024,49140.0
20209,"Wyandotte, KS",2019,33558.0
20209,"Wyandotte, KS",2020,36492.0
20209,"Wyandotte, KS",2021,38668.0
20209,"Wyandotte, KS",2022,39729.0
20209,"Wyandotte, KS",2023,41371.0
20209,"Wyandotte, KS",2024,42878.0
21001,"Adair, KY",2019,33136.0
21001,"Adair, KY",2020,37491.0
21001,"Adair, KY",2021,41322.0
21001,"Adair, KY",2022,41523.0
21001,"Adair, KY",2023,43883.0
21001,"Adair, KY",2024,46912.0
21003,"Allen, KY",2019,34485.0
21003,"Allen, KY",2020,36843.0
21003,"Allen, KY",2021,41696.0
21003,"Allen, KY",2022,40949.0
21003,"Allen, KY",2023,41037.0
21003,"Allen, KY",2024,42837.0
21005,"Anderson, KY",2019,39304.0
21005,"Anderson, KY",2020,42083.0
21005,"Anderson, KY",2021,45586.0
21005,"Anderson, KY",2022,46038.0
21005,"Anderson, KY",2023,48735.0
21005,"Anderson, KY",2024,50855.0
21007,"Ballard, KY",2019,40095.0
21007,"Ballard, KY",2020,44099.0
21007,"Ballard, KY",2021,50600.0
21007,"Ballard, KY",2022,51890.0
21007,"Ballard, KY",2023,55205.0
21007,"Ballard, KY",2024,56514.0
21009,"Barren, KY",2019,37064.0
21009,"Barren, KY",2020,40256.0
21009,"Barren, KY",2021,43643.0
21009,"Barren, KY",2022,43062.0
21009,"Barren, KY",2023,44646.0
21009,"Barren, KY",2024,46597.0
21011,"Bath, KY",2019,31212.0
21011,"Bath, KY",2020,34351.0
21011,"Bath, KY",2021,38169.0
21011,"Bath, KY",2022,38616.0
21011,"Bath, KY",2023,40025.0
21011,"Bath, KY",2024,42291.0
21013,"Bell, KY",2019,32088.0
21013,"Bell, KY",2020,36985.0
21013,"Bell, KY",2021,40728.0
21013,"Bell, KY",2022,39908.0
21013,"Bell, KY",2023,42847.0
21013,"Bell, KY",2024,45728.0
21015,"Boone, KY",2019,49790.0
21015,"Boone, KY",2020,53641.0
21015,"Boone, KY",2021,57519.0
21015,"Boone, KY",2022,58805.0
21015,"Boone, KY",2023,61662.0
21015,"Boone, KY",2024,64196.0
21017,"Bourbon, KY",2019,49104.0
21017,"Bourbon, KY",2020,50179.0
21017,"Bourbon, KY",2021,56366.0
21017,"Bourbon, KY",2022,59068.0
21017,"Bourbon, KY",2023,61745.0
21017,"Bourbon, KY",2024,64704.0
21019,"Boyd, KY",2019,38935.0
21019,"Boyd, KY",2020,42343.0
21019,"Boyd, KY",2021,46244.0
21019,"Boyd, KY",2022,45845.0
21019,"Boyd, KY",2023,49188.0
21019,"Boyd, KY",2024,52228.0
21021,"Boyle, KY",2019,39262.0
21021,"Boyle, KY",2020,42440.0
21021,"Boyle, KY",2021,45499.0
21021,"Boyle, KY",2022,46951.0
21021,"Boyle, KY",2023,49244.0
21021,"Boyle, KY",2024,51266.0
21023,"Bracken, KY",2019,37918.0
21023,"Bracken, KY",2020,41582.0
21023,"Bracken, KY",2021,45651.0
21023,"Bracken, KY",2022,44665.0
21023,"Bracken, KY",2023,46012.0
21023,"Bracken, KY",2024,49234.0
21025,"Breathitt, KY",2019,31366.0
21025,"Breathitt, KY",2020,34926.0
21025,"Breathitt, KY",2021,39027.0
21025,"Breathitt, KY",2022,39295.0
21025,"Breathitt, KY",2023,42124.0
21025,"Breathitt, KY",2024,45633.0
21027,"Breckinridge, KY",2019,35269.0
21027,"Breckinridge, KY",2020,38178.0
21027,"Breckinridge, KY",2021,43252.0
21027,"Breckinridge, KY",2022,41387.0
21027,"Breckinridge, KY",2023,42527.0
21027,"Breckinridge, KY",2024,44420.0
21029,"Bullitt, KY",2019,43234.0
21029,"Bullitt, KY",2020,46795.0
21029,"Bullitt, KY",2021,50684.0
21029,"Bullitt, KY",2022,51482.0
21029,"Bullitt, KY",2023,54139.0
21029,"Bullitt, KY",2024,56382.0
21031,"Butler, KY",2019,35599.0
21031,"Butler, KY",2020,38475.0
21031,"Butler, KY",2021,44256.0
21031,"Butler, KY",2022,43321.0
21031,"Butler, KY",2023,45340.0
21031,"Butler, KY",2024,46975.0
21033,"Caldwell, KY",2019,35432.0
21033,"Caldwell, KY",2020,40329.0
21033,"Caldwell, KY",2021,45271.0
21033,"Caldwell, KY",2022,44203.0
21033,"Caldwell, KY",2023,46255.0
21033,"Caldwell, KY",2024,47832.0
21035,"Calloway, KY",2019,38273.0
21035,"Calloway, KY",2020,41578.0
21035,"Calloway, KY",2021,44398.0
21035,"Calloway, KY",2022,43739.0
21035,"Calloway, KY",2023,45873.0
21035,"Calloway, KY",2024,47693.0
21037,"Campbell, KY",2019,50967.0
21037,"Campbell, KY",2020,54337.0
21037,"Campbell, KY",2021,60053.0
21037,"Campbell, KY",2022,63089.0
21037,"Campbell, KY",2023,66362.0
21037,"Campbell, KY",2024,69948.0
21039,"Carlisle, KY",2019,44015.0
21039,"Carlisle, KY",2020,46013.0
21039,"Carlisle, KY",2021,54619.0
21039,"Carlisle, KY",2022,55713.0
21039,"Carlisle, KY",2023,62351.0
21039,"Carlisle, KY",2024,63307.0
21041,"Carroll, KY",2019,38079.0
21041,"Carroll, KY",2020,41131.0
21041,"Carroll, KY",2021,45691.0
21041,"Carroll, KY",2022,47042.0
21041,"Carroll, KY",2023,48531.0
21041,"Carroll, KY",2024,50303.0
21043,"Carter, KY",2019,31640.0
21043,"Carter, KY",2020,35724.0
21043,"Carter, KY",2021,39324.0
21043,"Carter, KY",2022,38955.0
21043,"Carter, KY",2023,41063.0
21043,"Carter, KY",2024,43472.0
21045,"Casey, KY",2019,31893.0
21045,"Casey, KY",2020,36504.0
21045,"Casey, KY",2021,40635.0
21045,"Casey, KY",2022,40231.0
21045,"Casey, KY",2023,42608.0
21045,"Casey, KY",2024,44575.0
21047,"Christian, KY",2019,37737.0
21047,"Christian, KY",2020,41627.0
21047,"Christian, KY",2021,45082.0
21047,"Christian, KY",2022,45420.0
21047,"Christian, KY",2023,48211.0
21047,"Christian, KY",2024,49795.0
21049,"Clark, KY",2019,40457.0
21049,"Clark, KY",2020,43929.0
21049,"Clark, KY",2021,48167.0
21049,"Clark, KY",2022,48818.0
21049,"Clark, KY",2023,51276.0
21049,"Clark, KY",2024,53557.0
21051,"Clay, KY",2019,29877.0
21051,"Clay, KY",2020,34720.0
21051,"Clay, KY",2021,39025.0
21051,"Clay, KY",2022,38244.0
21051,"Clay, KY",2023,40683.0
21051,"Clay, KY",2024,43063.0
21053,"Clinton, KY",2019,34553.0
21053,"Clinton, KY",2020,39937.0
21053,"Clinton, KY",2021,44065.0
21053,"Clinton, KY",2022,44407.0
21053,"Clinton, KY",2023,45161.0
21053,"Clinton, KY",2024,49059.0
21055,"Crittenden, KY",2019,35653.0
21055,"Crittenden, KY",2020,38484.0
21055,"Crittenden, KY",2021,42731.0
21055,"Crittenden, KY",2022,42312.0
21055,"Crittenden, KY",2023,44848.0
21055,"Crittenden, KY",2024,46735.0
21057,"Cumberland, KY",2019,39564.0
21057,"Cumberland, KY",2020,46977.0
21057,"Cumberland, KY",2021,50632.0
21057,"Cumberland, KY",2022,51109.0
21057,"Cumberland, KY",2023,55117.0
21057,"Cumberland, KY",2024,58561.0
21059,"Daviess, KY",2019,42265.0
21059,"Daviess, KY",2020,46318.0
21059,"Daviess, KY",2021,49804.0
21059,"Daviess, KY",2022,49997.0
21059,"Daviess, KY",2023,52663.0
21059,"Daviess, KY",2024,54758.0
21061,"Edmonson, KY",2019,34459.0
21061,"Edmonson, KY",2020,36990.0
21061,"Edmonson, KY",2021,40545.0
21061,"Edmonson, KY",2022,40330.0
21061,"Edmonson, KY",2023,41505.0
21061,"Edmonson, KY",2024,42848.0
21063,"Elliott, KY",2019,23190.0
21063,"Elliott, KY",2020,26816.0
21063,"Elliott, KY",2021,28765.0
21063,"Elliott, KY",2022,27551.0
21063,"Elliott, KY",2023,29749.0
21063,"Elliott, KY",2024,31817.0
21065,"Estill, KY",2019,33130.0
21065,"Estill, KY",2020,36736.0
21065,"Estill, KY",2021,40257.0
21065,"Estill, KY",2022,40379.0
21065,"Estill, KY",2023,42524.0
21065,"Estill, KY",2024,44838.0
21067,"Fayette, KY",2019,52005.0
21067,"Fayette, KY",2020,55725.0
21067,"Fayette, KY",2021,60717.0
21067,"Fayette, KY",2022,61957.0
21067,"Fayette, KY",2023,66345.0
21067,"Fayette, KY",2024,69065.0
21069,"Fleming, KY",2019,33964.0
21069,"Fleming, KY",2020,38581.0
21069,"Fleming, KY",2021,41528.0
21069,"Fleming, KY",2022,41449.0
21069,"Fleming, KY",2023,41704.0
21069,"Fleming, KY",2024,43335.0
21071,"Floyd, KY",2019,36425.0
21071,"Floyd, KY",2020,39174.0
21071,"Floyd, KY",2021,43423.0
21071,"Floyd, KY",2022,42226.0
21071,"Floyd, KY",2023,44811.0
21071,"Floyd, KY",2024,47956.0
21073,"Franklin, KY",2019,43016.0
21073,"Franklin, KY",2020,46389.0
21073,"Franklin, KY",2021,49606.0
21073,"Franklin, KY",2022,49883.0
21073,"Franklin, KY",2023,53238.0
21073,"Franklin, KY",2024,55891.0
21075,"Fulton, KY",2019,32599.0
21075,"Fulton, KY",2020,36053.0
21075,"Fulton, KY",2021,42173.0
21075,"Fulton, KY",2022,42023.0
21075,"Fulton, KY",2023,44039.0
21075,"Fulton, KY",2024,45299.0
21077,"Gallatin, KY",2019,34913.0
21077,"Gallatin, KY",2020,39102.0
21077,"Gallatin, KY",2021,44295.0
21077,"Gallatin, KY",2022,43927.0
21077,"Gallatin, KY",2023,45687.0
21077,"Gallatin, KY",2024,47218.0
21079,"Garrard, KY",2019,37109.0
21079,"Garrard, KY",2020,40368.0
21079,"Garrard, KY",2021,44290.0
21079,"Garrard, KY",2022,44136.0
21079,"Garrard, KY",2023,46154.0
21079,"Garrard, KY",2024,48533.0
21081,"Grant, KY",2019,38343.0
21081,"Grant, KY",2020,42118.0
21081,"Grant, KY",2021,46184.0
21081,"Grant, KY",2022,45643.0
21081,"Grant, KY",2023,47474.0
21081,"Grant, KY",2024,49999.0
21083,"Graves, KY",2019,39077.0
21083,"Graves, KY",2020,42497.0
21083,"Graves, KY",2021,48476.0
21083,"Graves, KY",2022,50339.0
21083,"Graves, KY",2023,51240.0
21083,"Graves, KY",2024,53707.0
21085,"Grayson, KY",2019,35080.0
21085,"Grayson, KY",2020,39027.0
21085,"Grayson, KY",2021,42178.0
21085,"Grayson, KY",2022,41995.0
21085,"Grayson, KY",2023,44041.0
21085,"Grayson, KY",2024,46616.0
21087,"Green, KY",2019,35297.0
21087,"Green, KY",2020,39984.0
21087,"Green, KY",2021,43023.0
21087,"Green, KY",2022,42092.0
21087,"Green, KY",2023,44108.0
21087,"Green, KY",2024,46405.0
21089,"Greenup, KY",2019,40473.0
21089,"Greenup, KY",2020,43976.0
21089,"Greenup, KY",2021,47565.0
21089,"Greenup, KY",2022,47811.0
21089,"Greenup, KY",2023,51178.0
21089,"Greenup, KY",2024,54155.0
21091,"Hancock, KY",2019,38809.0
21091,"Hancock, KY",2020,41792.0
21091,"Hancock, KY",2021,50446.0
21091,"Hancock, KY",2022,60050.0
21091,"Hancock, KY",2023,59764.0
21091,"Hancock, KY",2024,60598.0
21093,"Hardin, KY",2019,44449.0
21093,"Hardin, KY",2020,47886.0
21093,"Hardin, KY",2021,52487.0
21093,"Hardin, KY",2022,53498.0
21093,"Hardin, KY",2023,56007.0
21093,"Hardin, KY",2024,58679.0
21095,"Harlan, KY",2019,30360.0
21095,"Harlan, KY",2020,34111.0
21095,"Harlan, KY",2021,38278.0
21095,"Harlan, KY",2022,37887.0
21095,"Harlan, KY",2023,40385.0
21095,"Harlan, KY",2024,43594.0
21097,"Harrison, KY",2019,37554.0
21097,"Harrison, KY",2020,41605.0
21097,"Harrison, KY",2021,44288.0
21097,"Harrison, KY",2022,43708.0
21097,"Harrison, KY",2023,45528.0
21097,"Harrison, KY",2024,48659.0
21099,"Hart, KY",2019,34061.0
21099,"Hart, KY",2020,37050.0
21099,"Hart, KY",2021,41333.0
21099,"Hart, KY",2022,42076.0
21099,"Hart, KY",2023,44956.0
21099,"Hart, KY",2024,46784.0
21101,"Henderson, KY",2019,40881.0
21101,"Henderson, KY",2020,45020.0
21101,"Henderson, KY",2021,50039.0
21101,"Henderson, KY",2022,53192.0
21101,"Henderson, KY",2023,56656.0
21101,"Henderson, KY",2024,58936.0
21103,"Henry, KY",2019,40871.0
21103,"Henry, KY",2020,44344.0
21103,"Henry, KY",2021,49732.0
21103,"Henry, KY",2022,50237.0
21103,"Henry, KY",2023,52875.0
21103,"Henry, KY",2024,56028.0
21105,"Hickman, KY",2019,42107.0
21105,"Hickman, KY",2020,42016.0
21105,"Hickman, KY",2021,54178.0
21105,"Hickman, KY",2022,58749.0
21105,"Hickman, KY",2023,56543.0
21105,"Hickman, KY",2024,59100.0
21107,"Hopkins, KY",2019,39891.0
21107,"Hopkins, KY",2020,42245.0
21107,"Hopkins, KY",2021,46313.0
21107,"Hopkins, KY",2022,47391.0
21107,"Hopkins, KY",2023,49912.0
21107,"Hopkins, KY",2024,52111.0
21109,"Jackson, KY",2019,30873.0
21109,"Jackson, KY",2020,35350.0
21109,"Jackson, KY",2021,38368.0
21109,"Jackson, KY",2022,37525.0
21109,"Jackson, KY",2023,39052.0
21109,"Jackson, KY",2024,41040.0
21111,"Jefferson, KY",2019,52672.0
21111,"Jefferson, KY",2020,56497.0
21111,"Jefferson, KY",2021,62921.0
21111,"Jefferson, KY",2022,63969.0
21111,"Jefferson, KY",2023,67876.0
21111,"Jefferson, KY",2024,70646.0
21113,"Jessamine, KY",2019,47856.0
21113,"Jessamine, KY",2020,50865.0
21113,"Jessamine, KY",2021,57209.0
21113,"Jessamine, KY",2022,58726.0
21113,"Jessamine, KY",2023,61821.0
21113,"Jessamine, KY",2024,64325.0
21115,"Johnson, KY",2019,33595.0
21115,"Johnson, KY",2020,36250.0
21115,"Johnson, KY",2021,39670.0
21115,"Johnson, KY",2022,39129.0
21115,"Johnson, KY",2023,41752.0
21115,"Johnson, KY",2024,44314.0
21117,"Kenton, KY",2019,57656.0
21117,"Kenton, KY",2020,61254.0
21117,"Kenton, KY",2021,69155.0
21117,"Kenton, KY",2022,69447.0
21117,"Kenton, KY",2023,75111.0
21117,"Kenton, KY",2024,78130.0
21119,"Knott, KY",2019,32188.0
21119,"Knott, KY",2020,36379.0
21119,"Knott, KY",2021,41249.0
21119,"Knott, KY",2022,41855.0
21119,"Knott, KY",2023,44154.0
21119,"Knott, KY",2024,46865.0
21121,"Knox, KY",2019,30549.0
21121,"Knox, KY",2020,35010.0
21121,"Knox, KY",2021,38773.0
21121,"Knox, KY",2022,37278.0
21121,"Knox, KY",2023,39282.0
21121,"Knox, KY",2024,41424.0
21123,"Larue, KY",2019,37401.0
21123,"Larue, KY",2020,40967.0
21123,"Larue, KY",2021,44538.0
21123,"Larue, KY",2022,42311.0
21123,"Larue, KY",2023,44044.0
21123,"Larue, KY",2024,46184.0
21125,"Laurel, KY",2019,33398.0
21125,"Laurel, KY",2020,37373.0
21125,"Laurel, KY",2021,41380.0
21125,"Laurel, KY",2022,40424.0
21125,"Laurel, KY",2023,42201.0
21125,"Laurel, KY",2024,44825.0
21127,"Lawrence, KY",2019,31490.0
21127,"Lawrence, KY",2020,34512.0
21127,"Lawrence, KY",2021,38234.0
21127,"Lawrence, KY",2022,38572.0
21127,"Lawrence, KY",2023,41500.0
21127,"Lawrence, KY",2024,44526.0
21129,"Lee, KY",2019,28791.0
21129,"Lee, KY",2020,32546.0
21129,"Lee, KY",2021,35007.0
21129,"Lee, KY",2022,34340.0
21129,"Lee, KY",2023,36046.0
21129,"Lee, KY",2024,38144.0
21131,"Leslie, KY",2019,31809.0
21131,"Leslie, KY",2020,35739.0
21131,"Leslie, KY",2021,39606.0
21131,"Leslie, KY",2022,39491.0
21131,"Leslie, KY",2023,41574.0
21131,"Leslie, KY",2024,45322.0
21133,"Letcher, KY",2019,31325.0
21133,"Letcher, KY",2020,35506.0
21133,"Letcher, KY",2021,39716.0
21133,"Letcher, KY",2022,39815.0
21133,"Letcher, KY",2023,42300.0
21133,"Letcher, KY",2024,44848.0
21135,"Lewis, KY",2019,32016.0
21135,"Lewis, KY",2020,36204.0
21135,"Lewis, KY",2021,40215.0
21135,"Lewis, KY",2022,39540.0
21135,"Lewis, KY",2023,40714.0
21135,"Lewis, KY",2024,42705.0
21137,"Lincoln, KY",2019,33670.0
21137,"Lincoln, KY",2020,37020.0
21137,"Lincoln, KY",2021,40618.0
21137,"Lincoln, KY",2022,40736.0
21137,"Lincoln, KY",2023,42398.0
21137,"Lincoln, KY",2024,44365.0
21139,"Livingston, KY",2019,39409.0
21139,"Livingston, KY",2020,43875.0
21139,"Livingston, KY",2021,46642.0
21139,"Livingston, KY",2022,46088.0
21139,"Livingston, KY",2023,49732.0
21139,"Livingston, KY",2024,52369.0
21141,"Logan, KY",2019,37071.0
21141,"Logan, KY",2020,40201.0
21141,"Logan, KY",2021,45701.0
21141,"Logan, KY",2022,45420.0
21141,"Logan, KY",2023,47202.0
21141,"Logan, KY",2024,47923.0
21143,"Lyon, KY",2019,34648.0
21143,"Lyon, KY",2020,38699.0
21143,"Lyon, KY",2021,42657.0
21143,"Lyon, KY",2022,41502.0
21143,"Lyon, KY",2023,44284.0
21143,"Lyon, KY",2024,47096.0
21145,"McCracken, KY",2019,46279.0
21145,"McCracken, KY",2020,51559.0
21145,"McCracken, KY",2021,59365.0
21145,"McCracken, KY",2022,60793.0
21145,"McCracken, KY",2023,67945.0
21145,"McCracken, KY",2024,70969.0
21147,"McCreary, KY",2019,27136.0
21147,"McCreary, KY",2020,31236.0
21147,"McCreary, KY",2021,35708.0
21147,"McCreary, KY",2022,33738.0
21147,"McCreary, KY",2023,34949.0
21147,"McCreary, KY",2024,37875.0
21149,"McLean, KY",2019,39995.0
21149,"McLean, KY",2020,41258.0
21149,"McLean, KY",2021,49581.0
21149,"McLean, KY",2022,52598.0
21149,"McLean, KY",2023,50301.0
21149,"McLean, KY",2024,52510.0
21151,"Madison, KY",2019,37249.0
21151,"Madison, KY",2020,40472.0
21151,"Madison, KY",2021,44269.0
21151,"Madison, KY",2022,45367.0
21151,"Madison, KY",2023,47338.0
21151,"Madison, KY",2024,49437.0
21153,"Magoffin, KY",2019,34211.0
21153,"Magoffin, KY",2020,38796.0
21153,"Magoffin, KY",2021,42438.0
21153,"Magoffin, KY",2022,41853.0
21153,"Magoffin, KY",2023,44837.0
21153,"Magoffin, KY",2024,48391.0
21155,"Marion, KY",2019,37159.0
21155,"Marion, KY",2020,40574.0
21155,"Marion, KY",2021,44426.0
21155,"Marion, KY",2022,44384.0
21155,"Marion, KY",2023,46538.0
21155,"Marion, KY",2024,49243.0
21157,"Marshall, KY",2019,42200.0
21157,"Marshall, KY",2020,45668.0
21157,"Marshall, KY",2021,48040.0
21157,"Marshall, KY",2022,49122.0
21157,"Marshall, KY",2023,52966.0
21157,"Marshall, KY",2024,56075.0
21159,"Martin, KY",2019,28186.0
21159,"Martin, KY",2020,32721.0
21159,"Martin, KY",2021,33011.0
21159,"Martin, KY",2022,32047.0
21159,"Martin, KY",2023,34812.0
21159,"Martin, KY",2024,38274.0
21161,"Mason, KY",2019,40073.0
21161,"Mason, KY",2020,44061.0
21161,"Mason, KY",2021,49541.0
21161,"Mason, KY",2022,49008.0
21161,"Mason, KY",2023,51046.0
21161,"Mason, KY",2024,53520.0
21163,"Meade, KY",2019,39491.0
21163,"Meade, KY",2020,42591.0
21163,"Meade, KY",2021,47602.0
21163,"Meade, KY",2022,47847.0
21163,"Meade, KY",2023,50063.0
21163,"Meade, KY",2024,52259.0
21165,"Menifee, KY",2019,33943.0
21165,"Menifee, KY",2020,37447.0
21165,"Menifee, KY",2021,41525.0
21165,"Menifee, KY",2022,41009.0
21165,"Menifee, KY",2023,42645.0
21165,"Menifee, KY",2024,44164.0
21167,"Mercer, KY",2019,36689.0
21167,"Mercer, KY",2020,39380.0
21167,"Mercer, KY",2021,43598.0
21167,"Mercer, KY",2022,45030.0
21167,"Mercer, KY",2023,47267.0
21167,"Mercer, KY",2024,49680.0
21169,"Metcalfe, KY",2019,31246.0
21169,"Metcalfe, KY",2020,34283.0
21169,"Metcalfe, KY",2021,38308.0
21169,"Metcalfe, KY",2022,37432.0
21169,"Metcalfe, KY",2023,38414.0
21169,"Metcalfe, KY",2024,40444.0
21171,"Monroe, KY",2019,35194.0
21171,"Monroe, KY",2020,39785.0
21171,"Monroe, KY",2021,44283.0
21171,"Monroe, KY",2022,44523.0
21171,"Monroe, KY",2023,44933.0
21171,"Monroe, KY",2024,48281.0
21173,"Montgomery, KY",2019,35931.0
21173,"Montgomery, KY",2020,39691.0
21173,"Montgomery, KY",2021,42932.0
21173,"Montgomery, KY",2022,43654.0
21173,"Montgomery, KY",2023,45502.0
21173,"Montgomery, KY",2024,47981.0
21175,"Morgan, KY",2019,27428.0
21175,"Morgan, KY",2020,30739.0
21175,"Morgan, KY",2021,33933.0
21175,"Morgan, KY",2022,32638.0
21175,"Morgan, KY",2023,34607.0
21175,"Morgan, KY",2024,38051.0
21177,"Muhlenberg, KY",2019,34894.0
21177,"Muhlenberg, KY",2020,36643.0
21177,"Muhlenberg, KY",2021,40570.0
21177,"Muhlenberg, KY",2022,40486.0
21177,"Muhlenberg, KY",2023,42971.0
21177,"Muhlenberg, KY",2024,45963.0
21179,"Nelson, KY",2019,43802.0
21179,"Nelson, KY",2020,48130.0
21179,"Nelson, KY",2021,52977.0
21179,"Nelson, KY",2022,53806.0
21179,"Nelson, KY",2023,56388.0
21179,"Nelson, KY",2024,58611.0
21181,"Nicholas, KY",2019,34178.0
21181,"Nicholas, KY",2020,37761.0
21181,"Nicholas, KY",2021,40811.0
21181,"Nicholas, KY",2022,39346.0
21181,"Nicholas, KY",2023,41857.0
21181,"Nicholas, KY",2024,44191.0
21183,"Ohio, KY",2019,33319.0
21183,"Ohio, KY",2020,36037.0
21183,"Ohio, KY",2021,39875.0
21183,"Ohio, KY",2022,41150.0
21183,"Ohio, KY",2023,41373.0
21183,"Ohio, KY",2024,42868.0
21185,"Oldham, KY",2019,65233.0
21185,"Oldham, KY",2020,67264.0
21185,"Oldham, KY",2021,76678.0
21185,"Oldham, KY",2022,78290.0
21185,"Oldham, KY",2023,82705.0
21185,"Oldham, KY",2024,87137.0
21187,"Owen, KY",2019,33238.0
21187,"Owen, KY",2020,36385.0
21187,"Owen, KY",2021,40473.0
21187,"Owen, KY",2022,39814.0
21187,"Owen, KY",2023,41817.0
21187,"Owen, KY",2024,43235.0
21189,"Owsley, KY",2019,34331.0
21189,"Owsley, KY",2020,40308.0
21189,"Owsley, KY",2021,46392.0
21189,"Owsley, KY",2022,47190.0
21189,"Owsley, KY",2023,49348.0
21189,"Owsley, KY",2024,52567.0
21191,"Pendleton, KY",2019,40856.0
21191,"Pendleton, KY",2020,43576.0
21191,"Pendleton, KY",2021,47739.0
21191,"Pendleton, KY",2022,46444.0
21191,"Pendleton, KY",2023,48021.0
21191,"Pendleton, KY",2024,50282.0
21193,"Perry, KY",2019,35061.0
21193,"Perry, KY",2020,39199.0
21193,"Perry, KY",2021,43369.0
21193,"Perry, KY",2022,43699.0
21193,"Perry, KY",2023,46077.0
21193,"Perry, KY",2024,49317.0
21195,"Pike, KY",2019,36713.0
21195,"Pike, KY",2020,39844.0
21195,"Pike, KY",2021,43068.0
21195,"Pike, KY",2022,44599.0
21195,"Pike, KY",2023,47630.0
21195,"Pike, KY",2024,50689.0
21197,"Powell, KY",2019,30407.0
21197,"Powell, KY",2020,34715.0
21197,"Powell, KY",2021,37949.0
21197,"Powell, KY",2022,38555.0
21197,"Powell, KY",2023,40586.0
21197,"Powell, KY",2024,43268.0
21199,"Pulaski, KY",2019,38619.0
21199,"Pulaski, KY",2020,42674.0
21199,"Pulaski, KY",2021,46909.0
21199,"Pulaski, KY",2022,46927.0
21199,"Pulaski, KY",2023,49513.0
21199,"Pulaski, KY",2024,51943.0
21201,"Robertson, KY",2019,33372.0
21201,"Robertson, KY",2020,38764.0
21201,"Robertson, KY",2021,41475.0
21201,"Robertson, KY",2022,41095.0
21201,"Robertson, KY",2023,40695.0
21201,"Robertson, KY",2024,43041.0
21203,"Rockcastle, KY",2019,33653.0
21203,"Rockcastle, KY",2020,37846.0
21203,"Rockcastle, KY",2021,40546.0
21203,"Rockcastle, KY",2022,40276.0
21203,"Rockcastle, KY",2023,42484.0
21203,"Rockcastle, KY",2024,44633.0
21205,"Rowan, KY",2019,31758.0
21205,"Rowan, KY",2020,34653.0
21205,"Rowan, KY",2021,37879.0
21205,"Rowan, KY",2022,38113.0
21205,"Rowan, KY",2023,40343.0
21205,"Rowan, KY",2024,42123.0
21207,"Russell, KY",2019,36966.0
21207,"Russell, KY",2020,41927.0
21207,"Russell, KY",2021,47965.0
21207,"Russell, KY",2022,54172.0
21207,"Russell, KY",2023,57979.0
21207,"Russell, KY",2024,61122.0
21209,"Scott, KY",2019,46194.0
21209,"Scott, KY",2020,49174.0
21209,"Scott, KY",2021,52136.0
21209,"Scott, KY",2022,53829.0
21209,"Scott, KY",2023,56549.0
21209,"Scott, KY",2024,58861.0
21211,"Shelby, KY",2019,47845.0
21211,"Shelby, KY",2020,50769.0
21211,"Shelby, KY",2021,55828.0
21211,"Shelby, KY",2022,58318.0
21211,"Shelby, KY",2023,61581.0
21211,"Shelby, KY",2024,64459.0
21213,"Simpson, KY",2019,36866.0
21213,"Simpson, KY",2020,40531.0
21213,"Simpson, KY",2021,44781.0
21213,"Simpson, KY",2022,44984.0
21213,"Simpson, KY",2023,46542.0
21213,"Simpson, KY",2024,47253.0
21215,"Spencer, KY",2019,47014.0
21215,"Spencer, KY",2020,51224.0
21215,"Spencer, KY",2021,54879.0
21215,"Spencer, KY",2022,56071.0
21215,"Spencer, KY",2023,58940.0
21215,"Spencer, KY",2024,61267.0
21217,"Taylor, KY",2019,34959.0
21217,"Taylor, KY",2020,39093.0
21217,"Taylor, KY",2021,41426.0
21217,"Taylor, KY",2022,40320.0
21217,"Taylor, KY",2023,42748.0
21217,"Taylor, KY",2024,45058.0
21219,"Todd, KY",2019,38481.0
21219,"Todd, KY",2020,41624.0
21219,"Todd, KY",2021,47617.0
21219,"Todd, KY",2022,50018.0
21219,"Todd, KY",2023,51099.0
21219,"Todd, KY",2024,52075.0
21221,"Trigg, KY",2019,39723.0
21221,"Trigg, KY",2020,43605.0
21221,"Trigg, KY",2021,47138.0
21221,"Trigg, KY",2022,46579.0
21221,"Trigg, KY",2023,48651.0
21221,"Trigg, KY",2024,49748.0
21223,"Trimble, KY",2019,39779.0
21223,"Trimble, KY",2020,43331.0
21223,"Trimble, KY",2021,48192.0
21223,"Trimble, KY",2022,47773.0
21223,"Trimble, KY",2023,50117.0
21223,"Trimble, KY",2024,53257.0
21225,"Union, KY",2019,38110.0
21225,"Union, KY",2020,42721.0
21225,"Union, KY",2021,50536.0
21225,"Union, KY",2022,49633.0
21225,"Union, KY",2023,53588.0
21225,"Union, KY",2024,54276.0
21227,"Warren, KY",2019,38423.0
21227,"Warren, KY",2020,41434.0
21227,"Warren, KY",2021,45066.0
21227,"Warren, KY",2022,45656.0
21227,"Warren, KY",2023,48061.0
21227,"Warren, KY",2024,49863.0
21229,"Washington, KY",2019,38858.0
21229,"Washington, KY",2020,42789.0
21229,"Washington, KY",2021,46695.0
21229,"Washington, KY",2022,45481.0
21229,"Washington, KY",2023,48953.0
21229,"Washington, KY",2024,50816.0
21231,"Wayne, KY",2019,30365.0
21231,"Wayne, KY",2020,34622.0
21231,"Wayne, KY",2021,38346.0
21231,"Wayne, KY",2022,36899.0
21231,"Wayne, KY",2023,37970.0
21231,"Wayne, KY",2024,40460.0
21233,"Webster, KY",2019,39185.0
21233,"Webster, KY",2020,41119.0
21233,"Webster, KY",2021,47794.0
21233,"Webster, KY",2022,51206.0
21233,"Webster, KY",2023,51773.0
21233,"Webster, KY",2024,53393.0
21235,"Whitley, KY",2019,34745.0
21235,"Whitley, KY",2020,39249.0
21235,"Whitley, KY",2021,43182.0
21235,"Whitley, KY",2022,42199.0
21235,"Whitley, KY",2023,45036.0
21235,"Whitley, KY",2024,47869.0
21237,"Wolfe, KY",2019,33793.0
21237,"Wolfe, KY",2020,39152.0
21237,"Wolfe, KY",2021,45056.0
21237,"Wolfe, KY",2022,44688.0
21237,"Wolfe, KY",2023,46927.0
21237,"Wolfe, KY",2024,50741.0
21239,"Woodford, KY",2019,52966.0
21239,"Woodford, KY",2020,55121.0
21239,"Woodford, KY",2021,60736.0
21239,"Woodford, KY",2022,63928.0
21239,"Woodford, KY",2023,66132.0
21239,"Woodford, KY",2024,69234.0
22001,"Acadia, LA",2019,39541.0
22001,"Acadia, LA",2020,43558.0
22001,"Acadia, LA",2021,46526.0
22001,"Acadia, LA",2022,46160.0
22001,"Acadia, LA",2023,49043.0
22001,"Acadia, LA",2024,51423.0
22003,"Allen, LA",2019,38691.0
22003,"Allen, LA",2020,41565.0
22003,"Allen, LA",2021,42898.0
22003,"Allen, LA",2022,43291.0
22003,"Allen, LA",2023,44541.0
22003,"Allen, LA",2024,46100.0
22005,"Ascension, LA",2019,52223.0
22005,"Ascension, LA",2020,55105.0
22005,"Ascension, LA",2021,59708.0
22005,"Ascension, LA",2022,59695.0
22005,"Ascension, LA",2023,63075.0
22005,"Ascension, LA",2024,66285.0
22007,"Assumption, LA",2019,49616.0
22007,"Assumption, LA",2020,51922.0
22007,"Assumption, LA",2021,57910.0
22007,"Assumption, LA",2022,58116.0
22007,"Assumption, LA",2023,64428.0
22007,"Assumption, LA",2024,69639.0
22009,"Avoyelles, LA",2019,38579.0
22009,"Avoyelles, LA",2020,42696.0
22009,"Avoyelles, LA",2021,45282.0
22009,"Avoyelles, LA",2022,45079.0
22009,"Avoyelles, LA",2023,48031.0
22009,"Avoyelles, LA",2024,50360.0
22011,"Beauregard, LA",2019,44084.0
22011,"Beauregard, LA",2020,47739.0
22011,"Beauregard, LA",2021,50584.0
22011,"Beauregard, LA",2022,50639.0
22011,"Beauregard, LA",2023,53035.0
22011,"Beauregard, LA",2024,55690.0
22013,"Bienville, LA",2019,38616.0
22013,"Bienville, LA",2020,42527.0
22013,"Bienville, LA",2021,45744.0
22013,"Bienville, LA",2022,45022.0
22013,"Bienville, LA",2023,48280.0
22013,"Bienville, LA",2024,51482.0
22015,"Bossier, LA",2019,44729.0
22015,"Bossier, LA",2020,48325.0
22015,"Bossier, LA",2021,52308.0
22015,"Bossier, LA",2022,53365.0
22015,"Bossier, LA",2023,56486.0
22015,"Bossier, LA",2024,59143.0
22017,"Caddo, LA",2019,48653.0
22017,"Caddo, LA",2020,54615.0
22017,"Caddo, LA",2021,58189.0
22017,"Caddo, LA",2022,60867.0
22017,"Caddo, LA",2023,64666.0
22017,"Caddo, LA",2024,67649.0
22019,"Calcasieu, LA",2019,45324.0
22019,"Calcasieu, LA",2020,46905.0
22019,"Calcasieu, LA",2021,51579.0
22019,"Calcasieu, LA",2022,52136.0
22019,"Calcasieu, LA",2023,54237.0
22019,"Calcasieu, LA",2024,56113.0
22021,"Caldwell, LA",2019,35240.0
22021,"Caldwell, LA",2020,39057.0
22021,"Caldwell, LA",2021,41660.0
22021,"Caldwell, LA",2022,39706.0
22021,"Caldwell, LA",2023,42589.0
22021,"Caldwell, LA",2024,45207.0
22023,"Cameron, LA",2019,56107.0
22023,"Cameron, LA",2020,56780.0
22023,"Cameron, LA",2021,64312.0
22023,"Cameron, LA",2022,64150.0
22023,"Cameron, LA",2023,66318.0
22023,"Cameron, LA",2024,69929.0
22025,"Catahoula, LA",2019,35768.0
22025,"Catahoula, LA",2020,41123.0
22025,"Catahoula, LA",2021,44591.0
22025,"Catahoula, LA",2022,43841.0
22025,"Catahoula, LA",2023,47153.0
22025,"Catahoula, LA",2024,48028.0
22027,"Claiborne, LA",2019,36902.0
22027,"Claiborne, LA",2020,40577.0
22027,"Claiborne, LA",2021,43062.0
22027,"Claiborne, LA",2022,42898.0
22027,"Claiborne, LA",2023,45007.0
22027,"Claiborne, LA",2024,47386.0
22029,"Concordia, LA",2019,33900.0
22029,"Concordia, LA",2020,39930.0
22029,"Concordia, LA",2021,42671.0
22029,"Concordia, LA",2022,42632.0
22029,"Concordia, LA",2023,43398.0
22029,"Concordia, LA",2024,44494.0
22031,"De Soto, LA",2019,44177.0
22031,"De Soto, LA",2020,46595.0
22031,"De Soto, LA",2021,51415.0
22031,"De Soto, LA",2022,54615.0
22031,"De Soto, LA",2023,57056.0
22031,"De Soto, LA",2024,60156.0
22033,"East Baton Rouge, LA",2019,51099.0
22033,"East Baton Rouge, LA",2020,54794.0
22033,"East Baton Rouge, LA",2021,60374.0
22033,"East Baton Rouge, LA",2022,62473.0
22033,"East Baton Rouge, LA",2023,67319.0
22033,"East Baton Rouge, LA",2024,70775.0
22035,"East Carroll, LA",2019,30908.0
22035,"East Carroll, LA",2020,34664.0
22035,"East Carroll, LA",2021,39390.0
22035,"East Carroll, LA",2022,35179.0
22035,"East Carroll, LA",2023,36438.0
22035,"East Carroll, LA",2024,36751.0
22037,"East Feliciana, LA",2019,41570.0
22037,"East Feliciana, LA",2020,43700.0
22037,"East Feliciana, LA",2021,47519.0
22037,"East Feliciana, LA",2022,47189.0
22037,"East Feliciana, LA",2023,51062.0
22037,"East Feliciana, LA",2024,54192.0
22039,"Evangeline, LA",2019,34225.0
22039,"Evangeline, LA",2020,38533.0
22039,"Evangeline, LA",2021,40919.0
22039,"Evangeline, LA",2022,40401.0
22039,"Evangeline, LA",2023,43080.0
22039,"Evangeline, LA",2024,44838.0
22041,"Franklin, LA",2019,32584.0
22041,"Franklin, LA",2020,37624.0
22041,"Franklin, LA",2021,40736.0
22041,"Franklin, LA",2022,39498.0
22041,"Franklin, LA",2023,42994.0
22041,"Franklin, LA",2024,43040.0
22043,"Grant, LA",2019,32434.0
22043,"Grant, LA",2020,35375.0
22043,"Grant, LA",2021,37277.0
22043,"Grant, LA",2022,38045.0
22043,"Grant, LA",2023,39412.0
22043,"Grant, LA",2024,41206.0
22045,"Iberia, LA",2019,40273.0
22045,"Iberia, LA",2020,42950.0
22045,"Iberia, LA",2021,47093.0
22045,"Iberia, LA",2022,46766.0
22045,"Iberia, LA",2023,50440.0
22045,"Iberia, LA",2024,52567.0
22047,"Iberville, LA",2019,44453.0
22047,"Iberville, LA",2020,48301.0
22047,"Iberville, LA",2021,53757.0
22047,"Iberville, LA",2022,52709.0
22047,"Iberville, LA",2023,56590.0
22047,"Iberville, LA",2024,59552.0
22049,"Jackson, LA",2019,35327.0
22049,"Jackson, LA",2020,39009.0
22049,"Jackson, LA",2021,42443.0
22049,"Jackson, LA",2022,42740.0
22049,"Jackson, LA",2023,44558.0
22049,"Jackson, LA",2024,47417.0
22051,"Jefferson, LA",2019,50315.0
22051,"Jefferson, LA",2020,55054.0
22051,"Jefferson, LA",2021,61079.0
22051,"Jefferson, LA",2022,59081.0
22051,"Jefferson, LA",2023,62497.0
22051,"Jefferson, LA",2024,65691.0
22053,"Jefferson Davis, LA",2019,42014.0
22053,"Jefferson Davis, LA",2020,44486.0
22053,"Jefferson Davis, LA",2021,47085.0
22053,"Jefferson Davis, LA",2022,46714.0
22053,"Jefferson Davis, LA",2023,48416.0
22053,"Jefferson Davis, LA",2024,50817.0
22055,"Lafayette, LA",2019,50053.0
22055,"Lafayette, LA",2020,53890.0
22055,"Lafayette, LA",2021,60422.0
22055,"Lafayette, LA",2022,61868.0
22055,"Lafayette, LA",2023,66633.0
22055,"Lafayette, LA",2024,69524.0
22057,"Lafourche, LA",2019,44561.0
22057,"Lafourche, LA",2020,45462.0
22057,"Lafourche, LA",2021,52304.0
22057,"Lafourche, LA",2022,52861.0
22057,"Lafourche, LA",2023,61485.0
22057,"Lafourche, LA",2024,64579.0
22059,"LaSalle, LA",2019,34132.0
22059,"LaSalle, LA",2020,36799.0
22059,"LaSalle, LA",2021,38133.0
22059,"LaSalle, LA",2022,38157.0
22059,"LaSalle, LA",2023,40459.0
22059,"LaSalle, LA",2024,42793.0
22061,"Lincoln, LA",2019,38845.0
22061,"Lincoln, LA",2020,41886.0
22061,"Lincoln, LA",2021,46755.0
22061,"Lincoln, LA",2022,48452.0
22061,"Lincoln, LA",2023,50986.0
22061,"Lincoln, LA",2024,53652.0
22063,"Livingston, LA",2019,43556.0
22063,"Livingston, LA",2020,45488.0
22063,"Livingston, LA",2021,48746.0
22063,"Livingston, LA",2022,49107.0
22063,"Livingston, LA",2023,51202.0
22063,"Livingston, LA",2024,53590.0
22065,"Madison, LA",2019,33925.0
22065,"Madison, LA",2020,40199.0
22065,"Madison, LA",2021,44020.0
22065,"Madison, LA",2022,41719.0
22065,"Madison, LA",2023,44873.0
22065,"Madison, LA",2024,45843.0
22067,"Morehouse, LA",2019,36699.0
22067,"Morehouse, LA",2020,40862.0
22067,"Morehouse, LA",2021,43973.0
22067,"Morehouse, LA",2022,42789.0
22067,"Morehouse, LA",2023,46230.0
22067,"Morehouse, LA",2024,47460.0
22069,"Natchitoches, LA",2019,40977.0
22069,"Natchitoches, LA",2020,44868.0
22069,"Natchitoches, LA",2021,49849.0
22069,"Natchitoches, LA",2022,49520.0
22069,"Natchitoches, LA",2023,52074.0
22069,"Natchitoches, LA",2024,54837.0
22071,"Orleans, LA",2019,53465.0
22071,"Orleans, LA",2020,56005.0
22071,"Orleans, LA",2021,62492.0
22071,"Orleans, LA",2022,62896.0
22071,"Orleans, LA",2023,67519.0
22071,"Orleans, LA",2024,71513.0
22073,"Ouachita, LA",2019,39540.0
22073,"Ouachita, LA",2020,43523.0
22073,"Ouachita, LA",2021,47030.0
22073,"Ouachita, LA",2022,46999.0
22073,"Ouachita, LA",2023,49657.0
22073,"Ouachita, LA",2024,51953.0
22075,"Plaquemines, LA",2019,46934.0
22075,"Plaquemines, LA",2020,50736.0
22075,"Plaquemines, LA",2021,56533.0
22075,"Plaquemines, LA",2022,56074.0
22075,"Plaquemines, LA",2023,60321.0
22075,"Plaquemines, LA",2024,63703.0
22077,"Pointe Coupee, LA",2019,50170.0
22077,"Pointe Coupee, LA",2020,53567.0
22077,"Pointe Coupee, LA",2021,59439.0
22077,"Pointe Coupee, LA",2022,57550.0
22077,"Pointe Coupee, LA",2023,61925.0
22077,"Pointe Coupee, LA",2024,65840.0
22079,"Rapides, LA",2019,45444.0
22079,"Rapides, LA",2020,49598.0
22079,"Rapides, LA",2021,53521.0
22079,"Rapides, LA",2022,53454.0
22079,"Rapides, LA",2023,55947.0
22079,"Rapides, LA",2024,58789.0
22081,"Red River, LA",2019,46087.0
22081,"Red River, LA",2020,49043.0
22081,"Red River, LA",2021,52974.0
22081,"Red River, LA",2022,55691.0
22081,"Red River, LA",2023,58153.0
22081,"Red River, LA",2024,61634.0
22083,"Richland, LA",2019,38615.0
22083,"Richland, LA",2020,42767.0
22083,"Richland, LA",2021,44949.0
22083,"Richland, LA",2022,44653.0
22083,"Richland, LA",2023,47613.0
22083,"Richland, LA",2024,49522.0
22085,"Sabine, LA",2019,38094.0
22085,"Sabine, LA",2020,41377.0
22085,"Sabine, LA",2021,45174.0
22085,"Sabine, LA",2022,47143.0
22085,"Sabine, LA",2023,48892.0
22085,"Sabine, LA",2024,52076.0
22087,"St. Bernard, LA",2019,36107.0
22087,"St. Bernard, LA",2020,39036.0
22087,"St. Bernard, LA",2021,42961.0
22087,"St. Bernard, LA",2022,41436.0
22087,"St. Bernard, LA",2023,43885.0
22087,"St. Bernard, LA",2024,46043.0
22089,"St. Charles, LA",2019,49827.0
22089,"St. Charles, LA",2020,52790.0
22089,"St. Charles, LA",2021,57059.0
22089,"St. Charles, LA",2022,57319.0
22089,"St. Charles, LA",2023,60713.0
22089,"St. Charles, LA",2024,64344.0
22091,"St. Helena, LA",2019,41340.0
22091,"St. Helena, LA",2020,44582.0
22091,"St. Helena, LA",2021,47788.0
22091,"St. Helena, LA",2022,46724.0
22091,"St. Helena, LA",2023,48602.0
22091,"St. Helena, LA",2024,50760.0
22093,"St. James, LA",2019,54119.0
22093,"St. James, LA",2020,57156.0
22093,"St. James, LA",2021,70271.0
22093,"St. James, LA",2022,65903.0
22093,"St. James, LA",2023,73232.0
22093,"St. James, LA",2024,77150.0
22095,"St. John the Baptist, LA",2019,41643.0
22095,"St. John the Baptist, LA",2020,44619.0
22095,"St. John the Baptist, LA",2021,46483.0
22095,"St. John the Baptist, LA",2022,46005.0
22095,"St. John the Baptist, LA",2023,49809.0
22095,"St. John the Baptist, LA",2024,52224.0
22097,"St. Landry, LA",2019,41496.0
22097,"St. Landry, LA",2020,44912.0
22097,"St. Landry, LA",2021,48216.0
22097,"St. Landry, LA",2022,46490.0
22097,"St. Landry, LA",2023,49059.0
22097,"St. Landry, LA",2024,51290.0
22099,"St. Martin, LA",2019,39408.0
22099,"St. Martin, LA",2020,42677.0
22099,"St. Martin, LA",2021,46554.0
22099,"St. Martin, LA",2022,46281.0
22099,"St. Martin, LA",2023,50202.0
22099,"St. Martin, LA",2024,52366.0
22101,"St. Mary, LA",2019,40436.0
22101,"St. Mary, LA",2020,44448.0
22101,"St. Mary, LA",2021,48940.0
22101,"St. Mary, LA",2022,48175.0
22101,"St. Mary, LA",2023,51379.0
22101,"St. Mary, LA",2024,53332.0
22103,"St. Tammany, LA",2019,67900.0
22103,"St. Tammany, LA",2020,65157.0
22103,"St. Tammany, LA",2021,74304.0
22103,"St. Tammany, LA",2022,73815.0
22103,"St. Tammany, LA",2023,78608.0
22103,"St. Tammany, LA",2024,82398.0
22105,"Tangipahoa, LA",2019,40525.0
22105,"Tangipahoa, LA",2020,43957.0
22105,"Tangipahoa, LA",2021,47967.0
22105,"Tangipahoa, LA",2022,47564.0
22105,"Tangipahoa, LA",2023,49932.0
22105,"Tangipahoa, LA",2024,52248.0
22107,"Tensas, LA",2019,40431.0
22107,"Tensas, LA",2020,44152.0
22107,"Tensas, LA",2021,52247.0
22107,"Tensas, LA",2022,46925.0
22107,"Tensas, LA",2023,50617.0
22107,"Tensas, LA",2024,52162.0
22109,"Terrebonne, LA",2019,42866.0
22109,"Terrebonne, LA",2020,45648.0
22109,"Terrebonne, LA",2021,48306.0
22109,"Terrebonne, LA",2022,49729.0
22109,"Terrebonne, LA",2023,53532.0
22109,"Terrebonne, LA",2024,56037.0
22111,"Union, LA",2019,41363.0
22111,"Union, LA",2020,44250.0
22111,"Union, LA",2021,47394.0
22111,"Union, LA",2022,48595.0
22111,"Union, LA",2023,50014.0
22111,"Union, LA",2024,53356.0
22113,"Vermilion, LA",2019,40588.0
22113,"Vermilion, LA",2020,43865.0
22113,"Vermilion, LA",2021,47481.0
22113,"Vermilion, LA",2022,47235.0
22113,"Vermilion, LA",2023,49950.0
22113,"Vermilion, LA",2024,52234.0
22115,"Vernon, LA",2019,41157.0
22115,"Vernon, LA",2020,44196.0
22115,"Vernon, LA",2021,48158.0
22115,"Vernon, LA",2022,49002.0
22115,"Vernon, LA",2023,51434.0
22115,"Vernon, LA",2024,53923.0
22117,"Washington, LA",2019,35650.0
22117,"Washington, LA",2020,38324.0
22117,"Washington, LA",2021,41919.0
22117,"Washington, LA",2022,42037.0
22117,"Washington, LA",2023,44245.0
22117,"Washington, LA",2024,46292.0
22119,"Webster, LA",2019,41707.0
22119,"Webster, LA",2020,46097.0
22119,"Webster, LA",2021,49846.0
22119,"Webster, LA",2022,50954.0
22119,"Webster, LA",2023,54500.0
22119,"Webster, LA",2024,57370.0
22121,"West Baton Rouge, LA",2019,47411.0
22121,"West Baton Rouge, LA",2020,50889.0
22121,"West Baton Rouge, LA",2021,55381.0
22121,"West Baton Rouge, LA",2022,53772.0
22121,"West Baton Rouge, LA",2023,57140.0
22121,"West Baton Rouge, LA",2024,60268.0
22123,"West Carroll, LA",2019,34731.0
22123,"West Carroll, LA",2020,41651.0
22123,"West Carroll, LA",2021,43518.0
22123,"West Carroll, LA",2022,42525.0
22123,"West Carroll, LA",2023,46282.0
22123,"West Carroll, LA",2024,48350.0
22125,"West Feliciana, LA",2019,39626.0
22125,"West Feliciana, LA",2020,42318.0
22125,"West Feliciana, LA",2021,44725.0
22125,"West Feliciana, LA",2022,44600.0
22125,"West Feliciana, LA",2023,48000.0
22125,"West Feliciana, LA",2024,51097.0
22127,"Winn, LA",2019,38504.0
22127,"Winn, LA",2020,43501.0
22127,"Winn, LA",2021,47086.0
22127,"Winn, LA",2022,46741.0
22127,"Winn, LA",2023,46477.0
22127,"Winn, LA",2024,48228.0
23001,"Androscoggin, ME",2019,41671.0
23001,"Androscoggin, ME",2020,46103.0
23001,"Androscoggin, ME",2021,48484.0
23001,"Androscoggin, ME",2022,50842.0
23001,"Androscoggin, ME",2023,53635.0
23001,"Androscoggin, ME",2024,56487.0
23003,"Aroostook, ME",2019,42319.0
23003,"Aroostook, ME",2020,46831.0
23003,"Aroostook, ME",2021,50239.0
23003,"Aroostook, ME",2022,51604.0
23003,"Aroostook, ME",2023,54738.0
23003,"Aroostook, ME",2024,58192.0
23005,"Cumberland, ME",2019,63768.0
23005,"Cumberland, ME",2020,68492.0
23005,"Cumberland, ME",2021,75849.0
23005,"Cumberland, ME",2022,79361.0
23005,"Cumberland, ME",2023,85544.0
23005,"Cumberland, ME",2024,90142.0
23007,"Franklin, ME",2019,40029.0
23007,"Franklin, ME",2020,43713.0
23007,"Franklin, ME",2021,46245.0
23007,"Franklin, ME",2022,47962.0
23007,"Franklin, ME",2023,50466.0
23007,"Franklin, ME",2024,52725.0
23009,"Hancock, ME",2019,52611.0
23009,"Hancock, ME",2020,55701.0
23009,"Hancock, ME",2021,62003.0
23009,"Hancock, ME",2022,64226.0
23009,"Hancock, ME",2023,68972.0
23009,"Hancock, ME",2024,72341.0
23011,"Kennebec, ME",2019,45897.0
23011,"Kennebec, ME",2020,49778.0
23011,"Kennebec, ME",2021,54545.0
23011,"Kennebec, ME",2022,55572.0
23011,"Kennebec, ME",2023,57748.0
23011,"Kennebec, ME",2024,61181.0
23013,"Knox, ME",2019,52069.0
23013,"Knox, ME",2020,55931.0
23013,"Knox, ME",2021,62253.0
23013,"Knox, ME",2022,63526.0
23013,"Knox, ME",2023,68500.0
23013,"Knox, ME",2024,71509.0
23015,"Lincoln, ME",2019,51725.0
23015,"Lincoln, ME",2020,54810.0
23015,"Lincoln, ME",2021,60086.0
23015,"Lincoln, ME",2022,62829.0
23015,"Lincoln, ME",2023,67355.0
23015,"Lincoln, ME",2024,71007.0
23017,"Oxford, ME",2019,38858.0
23017,"Oxford, ME",2020,42843.0
23017,"Oxford, ME",2021,46329.0
23017,"Oxford, ME",2022,47722.0
23017,"Oxford, ME",2023,50252.0
23017,"Oxford, ME",2024,52819.0
23019,"Penobscot, ME",2019,42732.0
23019,"Penobscot, ME",2020,47306.0
23019,"Penobscot, ME",2021,51086.0
23019,"Penobscot, ME",2022,52005.0
23019,"Penobscot, ME",2023,53935.0
23019,"Penobscot, ME",2024,56593.0
23021,"Piscataquis, ME",2019,39472.0
23021,"Piscataquis, ME",2020,45707.0
23021,"Piscataquis, ME",2021,49685.0
23021,"Piscataquis, ME",2022,52722.0
23021,"Piscataquis, ME",2023,52060.0
23021,"Piscataquis, ME",2024,54143.0
23023,"Sagadahoc, ME",2019,50808.0
23023,"Sagadahoc, ME",2020,55096.0
23023,"Sagadahoc, ME",2021,60572.0
23023,"Sagadahoc, ME",2022,62863.0
23023,"Sagadahoc, ME",2023,67421.0
23023,"Sagadahoc, ME",2024,71499.0
23025,"Somerset, ME",2019,38576.0
23025,"Somerset, ME",2020,43393.0
23025,"Somerset, ME",2021,47161.0
23025,"Somerset, ME",2022,48245.0
23025,"Somerset, ME",2023,50671.0
23025,"Somerset, ME",2024,53415.0
23027,"Waldo, ME",2019,44556.0
23027,"Waldo, ME",2020,47939.0
23027,"Waldo, ME",2021,52571.0
23027,"Waldo, ME",2022,55230.0
23027,"Waldo, ME",2023,57329.0
23027,"Waldo, ME",2024,59514.0
23029,"Washington, ME",2019,41417.0
23029,"Washington, ME",2020,46261.0
23029,"Washington, ME",2021,50075.0
23029,"Washington, ME",2022,50007.0
23029,"Washington, ME",2023,53372.0
23029,"Washington, ME",2024,55990.0
23031,"York, ME",2019,53487.0
23031,"York, ME",2020,57851.0
23031,"York, ME",2021,63396.0
23031,"York, ME",2022,66461.0
23031,"York, ME",2023,70945.0
23031,"York, ME",2024,74683.0
24001,"Allegany, MD",2019,41571.0
24001,"Allegany, MD",2020,45215.0
24001,"Allegany, MD",2021,47524.0
24001,"Allegany, MD",2022,46861.0
24001,"Allegany, MD",2023,49414.0
24001,"Allegany, MD",2024,52707.0
24003,"Anne Arundel, MD",2019,67559.0
24003,"Anne Arundel, MD",2020,71647.0
24003,"Anne Arundel, MD",2021,77427.0
24003,"Anne Arundel, MD",2022,78361.0
24003,"Anne Arundel, MD",2023,83442.0
24003,"Anne Arundel, MD",2024,87614.0
24005,"Baltimore, MD",2019,60582.0
24005,"Baltimore, MD",2020,63890.0
24005,"Baltimore, MD",2021,67405.0
24005,"Baltimore, MD",2022,70027.0
24005,"Baltimore, MD",2023,75259.0
24005,"Baltimore, MD",2024,78953.0
24009,"Calvert, MD",2019,63417.0
24009,"Calvert, MD",2020,66869.0
24009,"Calvert, MD",2021,68935.0
24009,"Calvert, MD",2022,71046.0
24009,"Calvert, MD",2023,75203.0
24009,"Calvert, MD",2024,79588.0
24011,"Caroline, MD",2019,46260.0
24011,"Caroline, MD",2020,47924.0
24011,"Caroline, MD",2021,54221.0
24011,"Caroline, MD",2022,56216.0
24011,"Caroline, MD",2023,56456.0
24011,"Caroline, MD",2024,59692.0
24013,"Carroll, MD",2019,61822.0
24013,"Carroll, MD",2020,64914.0
24013,"Carroll, MD",2021,69773.0
24013,"Carroll, MD",2022,70418.0
24013,"Carroll, MD",2023,74641.0
24013,"Carroll, MD",2024,78696.0
24015,"Cecil, MD",2019,48917.0
24015,"Cecil, MD",2020,52262.0
24015,"Cecil, MD",2021,55683.0
24015,"Cecil, MD",2022,56194.0
24015,"Cecil, MD",2023,58610.0
24015,"Cecil, MD",2024,61236.0
24017,"Charles, MD",2019,56364.0
24017,"Charles, MD",2020,60002.0
24017,"Charles, MD",2021,62108.0
24017,"Charles, MD",2022,62650.0
24017,"Charles, MD",2023,66412.0
24017,"Charles, MD",2024,70211.0
24019,"Dorchester, MD",2019,46023.0
24019,"Dorchester, MD",2020,49278.0
24019,"Dorchester, MD",2021,55740.0
24019,"Dorchester, MD",2022,55660.0
24019,"Dorchester, MD",2023,57062.0
24019,"Dorchester, MD",2024,60255.0
24021,"Frederick, MD",2019,61849.0
24021,"Frederick, MD",2020,64822.0
24021,"Frederick, MD",2021,69918.0
24021,"Frederick, MD",2022,71200.0
24021,"Frederick, MD",2023,75211.0
24021,"Frederick, MD",2024,78929.0
24023,"Garrett, MD",2019,45891.0
24023,"Garrett, MD",2020,49034.0
24023,"Garrett, MD",2021,53494.0
24023,"Garrett, MD",2022,53915.0
24023,"Garrett, MD",2023,58060.0
24023,"Garrett, MD",2024,62692.0
24025,"Harford, MD",2019,58971.0
24025,"Harford, MD",2020,62340.0
24025,"Harford, MD",2021,66580.0
24025,"Harford, MD",2022,67040.0
24025,"Harford, MD",2023,71139.0
24025,"Harford, MD",2024,74919.0
24027,"Howard, MD",2019,77372.0
24027,"Howard, MD",2020,81210.0
24027,"Howard, MD",2021,86737.0
24027,"Howard, MD",2022,89462.0
24027,"Howard, MD",2023,94893.0
24027,"Howard, MD",2024,99767.0
24029,"Kent, MD",2019,59063.0
24029,"Kent, MD",2020,63199.0
24029,"Kent, MD",2021,69724.0
24029,"Kent, MD",2022,71928.0
24029,"Kent, MD",2023,77170.0
24029,"Kent, MD",2024,80878.0
24031,"Montgomery, MD",2019,84823.0
24031,"Montgomery, MD",2020,85573.0
24031,"Montgomery, MD",2021,91145.0
24031,"Montgomery, MD",2022,93487.0
24031,"Montgomery, MD",2023,100454.0
24031,"Montgomery, MD",2024,104882.0
24033,"Prince George's, MD",2019,47061.0
24033,"Prince George's, MD",2020,50913.0
24033,"Prince George's, MD",2021,53362.0
24033,"Prince George's, MD",2022,53980.0
24033,"Prince George's, MD",2023,56713.0
24033,"Prince George's, MD",2024,59684.0
24035,"Queen Anne's, MD",2019,67897.0
24035,"Queen Anne's, MD",2020,70547.0
24035,"Queen Anne's, MD",2021,77734.0
24035,"Queen Anne's, MD",2022,78849.0
24035,"Queen Anne's, MD",2023,82403.0
24035,"Queen Anne's, MD",2024,86365.0
24037,"St. Mary's, MD",2019,58433.0
24037,"St. Mary's, MD",2020,61938.0
24037,"St. Mary's, MD",2021,65075.0
24037,"St. Mary's, MD",2022,66056.0
24037,"St. Mary's, MD",2023,69728.0
24037,"St. Mary's, MD",2024,73314.0
24039,"Somerset, MD",2019,31318.0
24039,"Somerset, MD",2020,32949.0
24039,"Somerset, MD",2021,36964.0
24039,"Somerset, MD",2022,39672.0
24039,"Somerset, MD",2023,38184.0
24039,"Somerset, MD",2024,41421.0
24041,"Talbot, MD",2019,74027.0
24041,"Talbot, MD",2020,78523.0
24041,"Talbot, MD",2021,85586.0
24041,"Talbot, MD",2022,91345.0
24041,"Talbot, MD",2023,97931.0
24041,"Talbot, MD",2024,102548.0
24043,"Washington, MD",2019,45813.0
24043,"Washington, MD",2020,49076.0
24043,"Washington, MD",2021,53183.0
24043,"Washington, MD",2022,53244.0
24043,"Washington, MD",2023,56523.0
24043,"Washington, MD",2024,59536.0
24045,"Wicomico, MD",2019,40223.0
24045,"Wicomico, MD",2020,43344.0
24045,"Wicomico, MD",2021,46725.0
24045,"Wicomico, MD",2022,47638.0
24045,"Wicomico, MD",2023,48917.0
24045,"Wicomico, MD",2024,51806.0
24047,"Worcester, MD",2019,56366.0
24047,"Worcester, MD",2020,59485.0
24047,"Worcester, MD",2021,64521.0
24047,"Worcester, MD",2022,66279.0
24047,"Worcester, MD",2023,69230.0
24047,"Worcester, MD",2024,73572.0
24510,"Baltimore (Independent City), MD",2019,49887.0
24510,"Baltimore (Independent City), MD",2020,53978.0
24510,"Baltimore (Independent City), MD",2021,58887.0
24510,"Baltimore (Independent City), MD",2022,60489.0
24510,"Baltimore (Independent City), MD",2023,66282.0
24510,"Baltimore (Independent City), MD",2024,69564.0
25001,"Barnstable, MA",2019,72787.0
25001,"Barnstable, MA",2020,78487.0
25001,"Barnstable, MA",2021,84776.0
25001,"Barnstable, MA",2022,85891.0
25001,"Barnstable, MA",2023,91823.0
25001,"Barnstable, MA",2024,96768.0
25003,"Berkshire, MA",2019,56190.0
25003,"Berkshire, MA",2020,60698.0
25003,"Berkshire, MA",2021,64337.0
25003,"Berkshire, MA",2022,65325.0
25003,"Berkshire, MA",2023,69675.0
25003,"Berkshire, MA",2024,72172.0
25005,"Bristol, MA",2019,54853.0
25005,"Bristol, MA",2020,60870.0
25005,"Bristol, MA",2021,64387.0
25005,"Bristol, MA",2022,64254.0
25005,"Bristol, MA",2023,66492.0
25005,"Bristol, MA",2024,69073.0
25007,"Dukes, MA",2019,78578.0
25007,"Dukes, MA",2020,84897.0
25007,"Dukes, MA",2021,86895.0
25007,"Dukes, MA",2022,89786.0
25007,"Dukes, MA",2023,98549.0
25007,"Dukes, MA",2024,102176.0
25009,"Essex, MA",2019,67979.0
25009,"Essex, MA",2020,72565.0
25009,"Essex, MA",2021,78835.0
25009,"Essex, MA",2022,79578.0
25009,"Essex, MA",2023,83581.0
25009,"Essex, MA",2024,86852.0
25011,"Franklin, MA",2019,55766.0
25011,"Franklin, MA",2020,60594.0
25011,"Franklin, MA",2021,63403.0
25011,"Franklin, MA",2022,63382.0
25011,"Franklin, MA",2023,67834.0
25011,"Franklin, MA",2024,70392.0
25013,"Hampden, MA",2019,52885.0
25013,"Hampden, MA",2020,57708.0
25013,"Hampden, MA",2021,61301.0
25013,"Hampden, MA",2022,60870.0
25013,"Hampden, MA",2023,64026.0
25013,"Hampden, MA",2024,66238.0
25015,"Hampshire, MA",2019,54304.0
25015,"Hampshire, MA",2020,63021.0
25015,"Hampshire, MA",2021,59064.0
25015,"Hampshire, MA",2022,59187.0
25015,"Hampshire, MA",2023,62818.0
25015,"Hampshire, MA",2024,65432.0
25017,"Middlesex, MA",2019,86160.0
25017,"Middlesex, MA",2020,90536.0
25017,"Middlesex, MA",2021,100364.0
25017,"Middlesex, MA",2022,102212.0
25017,"Middlesex, MA",2023,107588.0
25017,"Middlesex, MA",2024,112011.0
25019,"Nantucket, MA",2019,91342.0
25019,"Nantucket, MA",2020,93629.0
25019,"Nantucket, MA",2021,103382.0
25019,"Nantucket, MA",2022,110732.0
25019,"Nantucket, MA",2023,122575.0
25019,"Nantucket, MA",2024,129250.0
25021,"Norfolk, MA",2019,92079.0
25021,"Norfolk, MA",2020,95599.0
25021,"Norfolk, MA",2021,105107.0
25021,"Norfolk, MA",2022,108484.0
25021,"Norfolk, MA",2023,115096.0
25021,"Norfolk, MA",2024,119680.0
25023,"Plymouth, MA",2019,69176.0
25023,"Plymouth, MA",2020,74794.0
25023,"Plymouth, MA",2021,79442.0
25023,"Plymouth, MA",2022,80493.0
25023,"Plymouth, MA",2023,84290.0
25023,"Plymouth, MA",2024,87818.0
25025,"Suffolk, MA",2019,81383.0
25025,"Suffolk, MA",2020,87987.0
25025,"Suffolk, MA",2021,98693.0
25025,"Suffolk, MA",2022,100309.0
25025,"Suffolk, MA",2023,105596.0
25025,"Suffolk, MA",2024,109447.0
25027,"Worcester, MA",2019,56394.0
25027,"Worcester, MA",2020,61617.0
25027,"Worcester, MA",2021,64827.0
25027,"Worcester, MA",2022,66178.0
25027,"Worcester, MA",2023,69159.0
25027,"Worcester, MA",2024,71909.0
26001,"Alcona, MI",2019,41371.0
26001,"Alcona, MI",2020,45779.0
26001,"Alcona, MI",2021,50126.0
26001,"Alcona, MI",2022,48609.0
26001,"Alcona, MI",2023,49916.0
26001,"Alcona, MI",2024,52130.0
26003,"Alger, MI",2019,34523.0
26003,"Alger, MI",2020,38425.0
26003,"Alger, MI",2021,42183.0
26003,"Alger, MI",2022,42060.0
26003,"Alger, MI",2023,44315.0
26003,"Alger, MI",2024,46833.0
26005,"Allegan, MI",2019,45182.0
26005,"Allegan, MI",2020,50199.0
26005,"Allegan, MI",2021,54689.0
26005,"Allegan, MI",2022,55332.0
26005,"Allegan, MI",2023,58460.0
26005,"Allegan, MI",2024,60514.0
26007,"Alpena, MI",2019,40432.0
26007,"Alpena, MI",2020,45054.0
26007,"Alpena, MI",2021,48773.0
26007,"Alpena, MI",2022,48865.0
26007,"Alpena, MI",2023,51327.0
26007,"Alpena, MI",2024,54180.0
26009,"Antrim, MI",2019,48036.0
26009,"Antrim, MI",2020,52015.0
26009,"Antrim, MI",2021,56996.0
26009,"Antrim, MI",2022,56240.0
26009,"Antrim, MI",2023,59869.0
26009,"Antrim, MI",2024,63131.0
26011,"Arenac, MI",2019,39633.0
26011,"Arenac, MI",2020,44603.0
26011,"Arenac, MI",2021,47811.0
26011,"Arenac, MI",2022,46676.0
26011,"Arenac, MI",2023,49193.0
26011,"Arenac, MI",2024,51950.0
26013,"Baraga, MI",2019,34121.0
26013,"Baraga, MI",2020,39293.0
26013,"Baraga, MI",2021,41977.0
26013,"Baraga, MI",2022,41374.0
26013,"Baraga, MI",2023,43543.0
26013,"Baraga, MI",2024,45699.0
26015,"Barry, MI",2019,45549.0
26015,"Barry, MI",2020,49118.0
26015,"Barry, MI",2021,53495.0
26015,"Barry, MI",2022,56813.0
26015,"Barry, MI",2023,58327.0
26015,"Barry, MI",2024,60378.0
26017,"Bay, MI",2019,42643.0
26017,"Bay, MI",2020,46699.0
26017,"Bay, MI",2021,50700.0
26017,"Bay, MI",2022,49910.0
26017,"Bay, MI",2023,53207.0
26017,"Bay, MI",2024,55627.0
26019,"Benzie, MI",2019,45656.0
26019,"Benzie, MI",2020,52268.0
26019,"Benzie, MI",2021,54925.0
26019,"Benzie, MI",2022,56921.0
26019,"Benzie, MI",2023,60919.0
26019,"Benzie, MI",2024,63595.0
26021,"Berrien, MI",2019,49237.0
26021,"Berrien, MI",2020,53919.0
26021,"Berrien, MI",2021,60589.0
26021,"Berrien, MI",2022,60293.0
26021,"Berrien, MI",2023,61513.0
26021,"Berrien, MI",2024,64094.0
26023,"Branch, MI",2019,36033.0
26023,"Branch, MI",2020,40200.0
26023,"Branch, MI",2021,43347.0
26023,"Branch, MI",2022,43743.0
26023,"Branch, MI",2023,44934.0
26023,"Branch, MI",2024,47018.0
26025,"Calhoun, MI",2019,40009.0
26025,"Calhoun, MI",2020,43949.0
26025,"Calhoun, MI",2021,45832.0
26025,"Calhoun, MI",2022,46136.0
26025,"Calhoun, MI",2023,47815.0
26025,"Calhoun, MI",2024,50199.0
26027,"Cass, MI",2019,45116.0
26027,"Cass, MI",2020,50513.0
26027,"Cass, MI",2021,55157.0
26027,"Cass, MI",2022,57092.0
26027,"Cass, MI",2023,57530.0
26027,"Cass, MI",2024,59552.0
26029,"Charlevoix, MI",2019,52941.0
26029,"Charlevoix, MI",2020,58405.0
26029,"Charlevoix, MI",2021,65532.0
26029,"Charlevoix, MI",2022,67830.0
26029,"Charlevoix, MI",2023,72354.0
26029,"Charlevoix, MI",2024,76513.0
26031,"Cheboygan, MI",2019,40023.0
26031,"Cheboygan, MI",2020,45556.0
26031,"Cheboygan, MI",2021,49520.0
26031,"Cheboygan, MI",2022,48075.0
26031,"Cheboygan, MI",2023,51212.0
26031,"Cheboygan, MI",2024,54043.0
26033,"Chippewa, MI",2019,34978.0
26033,"Chippewa, MI",2020,39656.0
26033,"Chippewa, MI",2021,43961.0
26033,"Chippewa, MI",2022,43675.0
26033,"Chippewa, MI",2023,46268.0
26033,"Chippewa, MI",2024,48932.0
26035,"Clare, MI",2019,35058.0
26035,"Clare, MI",2020,39614.0
26035,"Clare, MI",2021,41502.0
26035,"Clare, MI",2022,41203.0
26035,"Clare, MI",2023,43685.0
26035,"Clare, MI",2024,45627.0
26037,"Clinton, MI",2019,47581.0
26037,"Clinton, MI",2020,51034.0
26037,"Clinton, MI",2021,56091.0
26037,"Clinton, MI",2022,57392.0
26037,"Clinton, MI",2023,60359.0
26037,"Clinton, MI",2024,63057.0
26039,"Crawford, MI",2019,37043.0
26039,"Crawford, MI",2020,41715.0
26039,"Crawford, MI",2021,43636.0
26039,"Crawford, MI",2022,41434.0
26039,"Crawford, MI",2023,42960.0
26039,"Crawford, MI",2024,45310.0
26041,"Delta, MI",2019,39536.0
26041,"Delta, MI",2020,43623.0
26041,"Delta, MI",2021,46610.0
26041,"Delta, MI",2022,45539.0
26041,"Delta, MI",2023,47573.0
26041,"Delta, MI",2024,50325.0
26043,"Dickinson, MI",2019,46241.0
26043,"Dickinson, MI",2020,50514.0
26043,"Dickinson, MI",2021,56365.0
26043,"Dickinson, MI",2022,54357.0
26043,"Dickinson, MI",2023,56747.0
26043,"Dickinson, MI",2024,59204.0
26045,"Eaton, MI",2019,43544.0
26045,"Eaton, MI",2020,47705.0
26045,"Eaton, MI",2021,51055.0
26045,"Eaton, MI",2022,51378.0
26045,"Eaton, MI",2023,53979.0
26045,"Eaton, MI",2024,56293.0
26047,"Emmet, MI",2019,57291.0
26047,"Emmet, MI",2020,62279.0
26047,"Emmet, MI",2021,69422.0
26047,"Emmet, MI",2022,71040.0
26047,"Emmet, MI",2023,75830.0
26047,"Emmet, MI",2024,80004.0
26049,"Genesee, MI",2019,41652.0
26049,"Genesee, MI",2020,45435.0
26049,"Genesee, MI",2021,48440.0
26049,"Genesee, MI",2022,48709.0
26049,"Genesee, MI",2023,52844.0
26049,"Genesee, MI",2024,53595.0
26051,"Gladwin, MI",2019,38406.0
26051,"Gladwin, MI",2020,41805.0
26051,"Gladwin, MI",2021,44437.0
26051,"Gladwin, MI",2022,44108.0
26051,"Gladwin, MI",2023,46546.0
26051,"Gladwin, MI",2024,48540.0
26053,"Gogebic, MI",2019,41758.0
26053,"Gogebic, MI",2020,45696.0
26053,"Gogebic, MI",2021,48675.0
26053,"Gogebic, MI",2022,48497.0
26053,"Gogebic, MI",2023,50941.0
26053,"Gogebic, MI",2024,53587.0
26055,"Grand Traverse, MI",2019,51335.0
26055,"Grand Traverse, MI",2020,55918.0
26055,"Grand Traverse, MI",2021,61175.0
26055,"Grand Traverse, MI",2022,63643.0
26055,"Grand Traverse, MI",2023,68103.0
26055,"Grand Traverse, MI",2024,71687.0
26057,"Gratiot, MI",2019,36084.0
26057,"Gratiot, MI",2020,41331.0
26057,"Gratiot, MI",2021,44198.0
26057,"Gratiot, MI",2022,44047.0
26057,"Gratiot, MI",2023,45600.0
26057,"Gratiot, MI",2024,46618.0
26059,"Hillsdale, MI",2019,35696.0
26059,"Hillsdale, MI",2020,39706.0
26059,"Hillsdale, MI",2021,43020.0
26059,"Hillsdale, MI",2022,42742.0
26059,"Hillsdale, MI",2023,44598.0
26059,"Hillsdale, MI",2024,46827.0
26061,"Houghton, MI",2019,36627.0
26061,"Houghton, MI",2020,39701.0
26061,"Houghton, MI",2021,43374.0
26061,"Houghton, MI",2022,42495.0
26061,"Houghton, MI",2023,44972.0
26061,"Houghton, MI",2024,47874.0
26063,"Huron, MI",2019,44614.0
26063,"Huron, MI",2020,51796.0
26063,"Huron, MI",2021,57265.0
26063,"Huron, MI",2022,57094.0
26063,"Huron, MI",2023,61841.0
26063,"Huron, MI",2024,63026.0
26065,"Ingham, MI",2019,41903.0
26065,"Ingham, MI",2020,46334.0
26065,"Ingham, MI",2021,51919.0
26065,"Ingham, MI",2022,50089.0
26065,"Ingham, MI",2023,51842.0
26065,"Ingham, MI",2024,54120.0
26067,"Ionia, MI",2019,34325.0
26067,"Ionia, MI",2020,37997.0
26067,"Ionia, MI",2021,41026.0
26067,"Ionia, MI",2022,41060.0
26067,"Ionia, MI",2023,43745.0
26067,"Ionia, MI",2024,45022.0
26069,"Iosco, MI",2019,39126.0
26069,"Iosco, MI",2020,43777.0
26069,"Iosco, MI",2021,46692.0
26069,"Iosco, MI",2022,46391.0
26069,"Iosco, MI",2023,48875.0
26069,"Iosco, MI",2024,52230.0
26071,"Iron, MI",2019,43816.0
26071,"Iron, MI",2020,46555.0
26071,"Iron, MI",2021,49090.0
26071,"Iron, MI",2022,48200.0
26071,"Iron, MI",2023,50587.0
26071,"Iron, MI",2024,53507.0
26073,"Isabella, MI",2019,38905.0
26073,"Isabella, MI",2020,43326.0
26073,"Isabella, MI",2021,45882.0
26073,"Isabella, MI",2022,45613.0
26073,"Isabella, MI",2023,48156.0
26073,"Isabella, MI",2024,49936.0
26075,"Jackson, MI",2019,39474.0
26075,"Jackson, MI",2020,43472.0
26075,"Jackson, MI",2021,47197.0
26075,"Jackson, MI",2022,46600.0
26075,"Jackson, MI",2023,49267.0
26075,"Jackson, MI",2024,51569.0
26077,"Kalamazoo, MI",2019,50162.0
26077,"Kalamazoo, MI",2020,54938.0
26077,"Kalamazoo, MI",2021,59436.0
26077,"Kalamazoo, MI",2022,60953.0
26077,"Kalamazoo, MI",2023,62983.0
26077,"Kalamazoo, MI",2024,65811.0
26079,"Kalkaska, MI",2019,36149.0
26079,"Kalkaska, MI",2020,40587.0
26079,"Kalkaska, MI",2021,43573.0
26079,"Kalkaska, MI",2022,43645.0
26079,"Kalkaska, MI",2023,45949.0
26079,"Kalkaska, MI",2024,48253.0
26081,"Kent, MI",2019,53810.0
26081,"Kent, MI",2020,59064.0
26081,"Kent, MI",2021,66277.0
26081,"Kent, MI",2022,67750.0
26081,"Kent, MI",2023,70795.0
26081,"Kent, MI",2024,73492.0
26083,"Keweenaw, MI",2019,50205.0
26083,"Keweenaw, MI",2020,54708.0
26083,"Keweenaw, MI",2021,58225.0
26083,"Keweenaw, MI",2022,56726.0
26083,"Keweenaw, MI",2023,58161.0
26083,"Keweenaw, MI",2024,62316.0
26085,"Lake, MI",2019,32870.0
26085,"Lake, MI",2020,37845.0
26085,"Lake, MI",2021,39135.0
26085,"Lake, MI",2022,36352.0
26085,"Lake, MI",2023,38467.0
26085,"Lake, MI",2024,39505.0
26087,"Lapeer, MI",2019,44078.0
26087,"Lapeer, MI",2020,48794.0
26087,"Lapeer, MI",2021,51143.0
26087,"Lapeer, MI",2022,50846.0
26087,"Lapeer, MI",2023,54232.0
26087,"Lapeer, MI",2024,56585.0
26089,"Leelanau, MI",2019,68012.0
26089,"Leelanau, MI",2020,73162.0
26089,"Leelanau, MI",2021,80508.0
26089,"Leelanau, MI",2022,80646.0
26089,"Leelanau, MI",2023,87677.0
26089,"Leelanau, MI",2024,92189.0
26091,"Lenawee, MI",2019,40119.0
26091,"Lenawee, MI",2020,44165.0
26091,"Lenawee, MI",2021,47826.0
26091,"Lenawee, MI",2022,48526.0
26091,"Lenawee, MI",2023,51181.0
26091,"Lenawee, MI",2024,53030.0
26093,"Livingston, MI",2019,58639.0
26093,"Livingston, MI",2020,62024.0
26093,"Livingston, MI",2021,67553.0
26093,"Livingston, MI",2022,68737.0
26093,"Livingston, MI",2023,72771.0
26093,"Livingston, MI",2024,75839.0
26095,"Luce, MI",2019,35055.0
26095,"Luce, MI",2020,33553.0
26095,"Luce, MI",2021,39010.0
26095,"Luce, MI",2022,36137.0
26095,"Luce, MI",2023,36434.0
26095,"Luce, MI",2024,39680.0
26097,"Mackinac, MI",2019,44018.0
26097,"Mackinac, MI",2020,49504.0
26097,"Mackinac, MI",2021,53479.0
26097,"Mackinac, MI",2022,53398.0
26097,"Mackinac, MI",2023,57083.0
26097,"Mackinac, MI",2024,59779.0
26099,"Macomb, MI",2019,46884.0
26099,"Macomb, MI",2020,51137.0
26099,"Macomb, MI",2021,53968.0
26099,"Macomb, MI",2022,55509.0
26099,"Macomb, MI",2023,58467.0
26099,"Macomb, MI",2024,60760.0
26101,"Manistee, MI",2019,39592.0
26101,"Manistee, MI",2020,43400.0
26101,"Manistee, MI",2021,46340.0
26101,"Manistee, MI",2022,46333.0
26101,"Manistee, MI",2023,49244.0
26101,"Manistee, MI",2024,51847.0
26103,"Marquette, MI",2019,40114.0
26103,"Marquette, MI",2020,43826.0
26103,"Marquette, MI",2021,47944.0
26103,"Marquette, MI",2022,46533.0
26103,"Marquette, MI",2023,48786.0
26103,"Marquette, MI",2024,51849.0
26105,"Mason, MI",2019,41208.0
26105,"Mason, MI",2020,45659.0
26105,"Mason, MI",2021,48742.0
26105,"Mason, MI",2022,48179.0
26105,"Mason, MI",2023,50829.0
26105,"Mason, MI",2024,53069.0
26107,"Mecosta, MI",2019,36991.0
26107,"Mecosta, MI",2020,40174.0
26107,"Mecosta, MI",2021,43674.0
26107,"Mecosta, MI",2022,42208.0
26107,"Mecosta, MI",2023,44730.0
26107,"Mecosta, MI",2024,46058.0
26109,"Menominee, MI",2019,41075.0
26109,"Menominee, MI",2020,44365.0
26109,"Menominee, MI",2021,48553.0
26109,"Menominee, MI",2022,48176.0
26109,"Menominee, MI",2023,49768.0
26109,"Menominee, MI",2024,51492.0
26111,"Midland, MI",2019,54138.0
26111,"Midland, MI",2020,57486.0
26111,"Midland, MI",2021,60671.0
26111,"Midland, MI",2022,60647.0
26111,"Midland, MI",2023,64387.0
26111,"Midland, MI",2024,67162.0
26113,"Missaukee, MI",2019,36405.0
26113,"Missaukee, MI",2020,41240.0
26113,"Missaukee, MI",2021,44538.0
26113,"Missaukee, MI",2022,43328.0
26113,"Missaukee, MI",2023,45121.0
26113,"Missaukee, MI",2024,47035.0
26115,"Monroe, MI",2019,47316.0
26115,"Monroe, MI",2020,49935.0
26115,"Monroe, MI",2021,52962.0
26115,"Monroe, MI",2022,56678.0
26115,"Monroe, MI",2023,59816.0
26115,"Monroe, MI",2024,61697.0
26117,"Montcalm, MI",2019,34263.0
26117,"Montcalm, MI",2020,37919.0
26117,"Montcalm, MI",2021,41381.0
26117,"Montcalm, MI",2022,41179.0
26117,"Montcalm, MI",2023,42315.0
26117,"Montcalm, MI",2024,43449.0
26119,"Montmorency, MI",2019,38027.0
26119,"Montmorency, MI",2020,42578.0
26119,"Montmorency, MI",2021,43828.0
26119,"Montmorency, MI",2022,42119.0
26119,"Montmorency, MI",2023,43682.0
26119,"Montmorency, MI",2024,45102.0
26121,"Muskegon, MI",2019,39247.0
26121,"Muskegon, MI",2020,44355.0
26121,"Muskegon, MI",2021,46639.0
26121,"Muskegon, MI",2022,47491.0
26121,"Muskegon, MI",2023,49309.0
26121,"Muskegon, MI",2024,51283.0
26123,"Newaygo, MI",2019,37512.0
26123,"Newaygo, MI",2020,41782.0
26123,"Newaygo, MI",2021,44951.0
26123,"Newaygo, MI",2022,44565.0
26123,"Newaygo, MI",2023,46442.0
26123,"Newaygo, MI",2024,48142.0
26125,"Oakland, MI",2019,71797.0
26125,"Oakland, MI",2020,76051.0
26125,"Oakland, MI",2021,82548.0
26125,"Oakland, MI",2022,85455.0
26125,"Oakland, MI",2023,90428.0
26125,"Oakland, MI",2024,93579.0
26127,"Oceana, MI",2019,38736.0
26127,"Oceana, MI",2020,42998.0
26127,"Oceana, MI",2021,46456.0
26127,"Oceana, MI",2022,46180.0
26127,"Oceana, MI",2023,49423.0
26127,"Oceana, MI",2024,50878.0
26129,"Ogemaw, MI",2019,34591.0
26129,"Ogemaw, MI",2020,39412.0
26129,"Ogemaw, MI",2021,42576.0
26129,"Ogemaw, MI",2022,41175.0
26129,"Ogemaw, MI",2023,43475.0
26129,"Ogemaw, MI",2024,45525.0
26131,"Ontonagon, MI",2019,40097.0
26131,"Ontonagon, MI",2020,44658.0
26131,"Ontonagon, MI",2021,47347.0
26131,"Ontonagon, MI",2022,46746.0
26131,"Ontonagon, MI",2023,49621.0
26131,"Ontonagon, MI",2024,51710.0
26133,"Osceola, MI",2019,39018.0
26133,"Osceola, MI",2020,43013.0
26133,"Osceola, MI",2021,45415.0
26133,"Osceola, MI",2022,46626.0
26133,"Osceola, MI",2023,48970.0
26133,"Osceola, MI",2024,51435.0
26135,"Oscoda, MI",2019,34650.0
26135,"Oscoda, MI",2020,37492.0
26135,"Oscoda, MI",2021,41251.0
26135,"Oscoda, MI",2022,44241.0
26135,"Oscoda, MI",2023,42634.0
26135,"Oscoda, MI",2024,44109.0
26137,"Otsego, MI",2019,40877.0
26137,"Otsego, MI",2020,45783.0
26137,"Otsego, MI",2021,49890.0
26137,"Otsego, MI",2022,48374.0
26137,"Otsego, MI",2023,51027.0
26137,"Otsego, MI",2024,52732.0
26139,"Ottawa, MI",2019,49165.0
26139,"Ottawa, MI",2020,53620.0
26139,"Ottawa, MI",2021,59734.0
26139,"Ottawa, MI",2022,60379.0
26139,"Ottawa, MI",2023,63838.0
26139,"Ottawa, MI",2024,66678.0
26141,"Presque Isle, MI",2019,39625.0
26141,"Presque Isle, MI",2020,44482.0
26141,"Presque Isle, MI",2021,47451.0
26141,"Presque Isle, MI",2022,46700.0
26141,"Presque Isle, MI",2023,49305.0
26141,"Presque Isle, MI",2024,51752.0
26143,"Roscommon, MI",2019,37833.0
26143,"Roscommon, MI",2020,42700.0
26143,"Roscommon, MI",2021,45532.0
26143,"Roscommon, MI",2022,43900.0
26143,"Roscommon, MI",2023,47748.0
26143,"Roscommon, MI",2024,50345.0
26145,"Saginaw, MI",2019,40848.0
26145,"Saginaw, MI",2020,45641.0
26145,"Saginaw, MI",2021,49032.0
26145,"Saginaw, MI",2022,48072.0
26145,"Saginaw, MI",2023,50789.0
26145,"Saginaw, MI",2024,52699.0
26147,"St. Clair, MI",2019,45132.0
26147,"St. Clair, MI",2020,50029.0
26147,"St. Clair, MI",2021,52719.0
26147,"St. Clair, MI",2022,52795.0
26147,"St. Clair, MI",2023,55470.0
26147,"St. Clair, MI",2024,57943.0
26149,"St. Joseph, MI",2019,38401.0
26149,"St. Joseph, MI",2020,42903.0
26149,"St. Joseph, MI",2021,47553.0
26149,"St. Joseph, MI",2022,47829.0
26149,"St. Joseph, MI",2023,50074.0
26149,"St. Joseph, MI",2024,51660.0
26151,"Sanilac, MI",2019,37954.0
26151,"Sanilac, MI",2020,43941.0
26151,"Sanilac, MI",2021,47317.0
26151,"Sanilac, MI",2022,47311.0
26151,"Sanilac, MI",2023,50031.0
26151,"Sanilac, MI",2024,51754.0
26153,"Schoolcraft, MI",2019,40455.0
26153,"Schoolcraft, MI",2020,45292.0
26153,"Schoolcraft, MI",2021,47988.0
26153,"Schoolcraft, MI",2022,45463.0
26153,"Schoolcraft, MI",2023,48567.0
26153,"Schoolcraft, MI",2024,52654.0
26155,"Shiawassee, MI",2019,40539.0
26155,"Shiawassee, MI",2020,44645.0
26155,"Shiawassee, MI",2021,47919.0
26155,"Shiawassee, MI",2022,48040.0
26155,"Shiawassee, MI",2023,50485.0
26155,"Shiawassee, MI",2024,52873.0
26157,"Tuscola, MI",2019,37214.0
26157,"Tuscola, MI",2020,41730.0
26157,"Tuscola, MI",2021,44854.0
26157,"Tuscola, MI",2022,44574.0
26157,"Tuscola, MI",2023,47562.0
26157,"Tuscola, MI",2024,49841.0
26159,"Van Buren, MI",2019,41570.0
26159,"Van Buren, MI",2020,45644.0
26159,"Van Buren, MI",2021,49887.0
26159,"Van Buren, MI",2022,50247.0
26159,"Van Buren, MI",2023,52658.0
26159,"Van Buren, MI",2024,54912.0
26161,"Washtenaw, MI",2019,60743.0
26161,"Washtenaw, MI",2020,63328.0
26161,"Washtenaw, MI",2021,71134.0
26161,"Washtenaw, MI",2022,72906.0
26161,"Washtenaw, MI",2023,77085.0
26161,"Washtenaw, MI",2024,79736.0
26163,"Wayne, MI",2019,42842.0
26163,"Wayne, MI",2020,46924.0
26163,"Wayne, MI",2021,49326.0
26163,"Wayne, MI",2022,50121.0
26163,"Wayne, MI",2023,53255.0
26163,"Wayne, MI",2024,55715.0
26165,"Wexford, MI",2019,37563.0
26165,"Wexford, MI",2020,41648.0
26165,"Wexford, MI",2021,45011.0
26165,"Wexford, MI",2022,44118.0
26165,"Wexford, MI",2023,45870.0
26165,"Wexford, MI",2024,48149.0
27001,"Aitkin, MN",2019,41815.0
27001,"Aitkin, MN",2020,46927.0
27001,"Aitkin, MN",2021,50852.0
27001,"Aitkin, MN",2022,48881.0
27001,"Aitkin, MN",2023,51820.0
27001,"Aitkin, MN",2024,53713.0
27003,"Anoka, MN",2019,52548.0
27003,"Anoka, MN",2020,55740.0
27003,"Anoka, MN",2021,59339.0
27003,"Anoka, MN",2022,60202.0
27003,"Anoka, MN",2023,62338.0
27003,"Anoka, MN",2024,64906.0
27005,"Becker, MN",2019,47508.0
27005,"Becker, MN",2020,51442.0
27005,"Becker, MN",2021,56761.0
27005,"Becker, MN",2022,57328.0
27005,"Becker, MN",2023,60512.0
27005,"Becker, MN",2024,63369.0
27007,"Beltrami, MN",2019,42687.0
27007,"Beltrami, MN",2020,46921.0
27007,"Beltrami, MN",2021,51346.0
27007,"Beltrami, MN",2022,51054.0
27007,"Beltrami, MN",2023,53389.0
27007,"Beltrami, MN",2024,56194.0
27009,"Benton, MN",2019,45321.0
27009,"Benton, MN",2020,49014.0
27009,"Benton, MN",2021,53794.0
27009,"Benton, MN",2022,54471.0
27009,"Benton, MN",2023,56693.0
27009,"Benton, MN",2024,58371.0
27011,"Big Stone, MN",2019,49650.0
27011,"Big Stone, MN",2020,57847.0
27011,"Big Stone, MN",2021,66322.0
27011,"Big Stone, MN",2022,69521.0
27011,"Big Stone, MN",2023,67901.0
27011,"Big Stone, MN",2024,70271.0
27013,"Blue Earth, MN",2019,45039.0
27013,"Blue Earth, MN",2020,48431.0
27013,"Blue Earth, MN",2021,52629.0
27013,"Blue Earth, MN",2022,53707.0
27013,"Blue Earth, MN",2023,54276.0
27013,"Blue Earth, MN",2024,56864.0
27015,"Brown, MN",2019,52091.0
27015,"Brown, MN",2020,56940.0
27015,"Brown, MN",2021,62832.0
27015,"Brown, MN",2022,62583.0
27015,"Brown, MN",2023,64248.0
27015,"Brown, MN",2024,66759.0
27017,"Carlton, MN",2019,43231.0
27017,"Carlton, MN",2020,46104.0
27017,"Carlton, MN",2021,50259.0
27017,"Carlton, MN",2022,50619.0
27017,"Carlton, MN",2023,52550.0
27017,"Carlton, MN",2024,55497.0
27019,"Carver, MN",2019,73328.0
27019,"Carver, MN",2020,75169.0
27019,"Carver, MN",2021,83664.0
27019,"Carver, MN",2022,88026.0
27019,"Carver, MN",2023,92461.0
27019,"Carver, MN",2024,96114.0
27021,"Cass, MN",2019,47003.0
27021,"Cass, MN",2020,50496.0
27021,"Cass, MN",2021,58292.0
27021,"Cass, MN",2022,55150.0
27021,"Cass, MN",2023,57906.0
27021,"Cass, MN",2024,60994.0
27023,"Chippewa, MN",2019,44042.0
27023,"Chippewa, MN",2020,48586.0
27023,"Chippewa, MN",2021,54448.0
27023,"Chippewa, MN",2022,56334.0
27023,"Chippewa, MN",2023,57944.0
27023,"Chippewa, MN",2024,58539.0
27025,"Chisago, MN",2019,50842.0
27025,"Chisago, MN",2020,53472.0
27025,"Chisago, MN",2021,58221.0
27025,"Chisago, MN",2022,59491.0
27025,"Chisago, MN",2023,61524.0
27025,"Chisago, MN",2024,64153.0
27027,"Clay, MN",2019,43298.0
27027,"Clay, MN",2020,46909.0
27027,"Clay, MN",2021,51122.0
27027,"Clay, MN",2022,52445.0
27027,"Clay, MN",2023,53675.0
27027,"Clay, MN",2024,55518.0
27029,"Clearwater, MN",2019,45701.0
27029,"Clearwater, MN",2020,52051.0
27029,"Clearwater, MN",2021,55968.0
27029,"Clearwater, MN",2022,52498.0
27029,"Clearwater, MN",2023,55040.0
27029,"Clearwater, MN",2024,58083.0
27031,"Cook, MN",2019,51615.0
27031,"Cook, MN",2020,55144.0
27031,"Cook, MN",2021,59363.0
27031,"Cook, MN",2022,59316.0
27031,"Cook, MN",2023,65293.0
27031,"Cook, MN",2024,69271.0
27033,"Cottonwood, MN",2019,44333.0
27033,"Cottonwood, MN",2020,54575.0
27033,"Cottonwood, MN",2021,58760.0
27033,"Cottonwood, MN",2022,63147.0
27033,"Cottonwood, MN",2023,59604.0
27033,"Cottonwood, MN",2024,60231.0
27035,"Crow Wing, MN",2019,45865.0
27035,"Crow Wing, MN",2020,49204.0
27035,"Crow Wing, MN",2021,55209.0
27035,"Crow Wing, MN",2022,54187.0
27035,"Crow Wing, MN",2023,57246.0
27035,"Crow Wing, MN",2024,60191.0
27037,"Dakota, MN",2019,60894.0
27037,"Dakota, MN",2020,63883.0
27037,"Dakota, MN",2021,68311.0
27037,"Dakota, MN",2022,71457.0
27037,"Dakota, MN",2023,75018.0
27037,"Dakota, MN",2024,77886.0
27039,"Dodge, MN",2019,46582.0
27039,"Dodge, MN",2020,52023.0
27039,"Dodge, MN",2021,58598.0
27039,"Dodge, MN",2022,59561.0
27039,"Dodge, MN",2023,60767.0
27039,"Dodge, MN",2024,62663.0
27041,"Douglas, MN",2019,51249.0
27041,"Douglas, MN",2020,55851.0
27041,"Douglas, MN",2021,61839.0
27041,"Douglas, MN",2022,63595.0
27041,"Douglas, MN",2023,66559.0
27041,"Douglas, MN",2024,69260.0
27043,"Faribault, MN",2019,42307.0
27043,"Faribault, MN",2020,47992.0
27043,"Faribault, MN",2021,54414.0
27043,"Faribault, MN",2022,57129.0
27043,"Faribault, MN",2023,55594.0
27043,"Faribault, MN",2024,57682.0
27045,"Fillmore, MN",2019,43429.0
27045,"Fillmore, MN",2020,49200.0
27045,"Fillmore, MN",2021,54536.0
27045,"Fillmore, MN",2022,55679.0
27045,"Fillmore, MN",2023,57160.0
27045,"Fillmore, MN",2024,58652.0
27047,"Freeborn, MN",2019,44553.0
27047,"Freeborn, MN",2020,48938.0
27047,"Freeborn, MN",2021,54539.0
27047,"Freeborn, MN",2022,55338.0
27047,"Freeborn, MN",2023,56828.0
27047,"Freeborn, MN",2024,59108.0
27049,"Goodhue, MN",2019,53634.0
27049,"Goodhue, MN",2020,56535.0
27049,"Goodhue, MN",2021,61566.0
27049,"Goodhue, MN",2022,63740.0
27049,"Goodhue, MN",2023,67840.0
27049,"Goodhue, MN",2024,70391.0
27051,"Grant, MN",2019,45060.0
27051,"Grant, MN",2020,54226.0
27051,"Grant, MN",2021,58487.0
27051,"Grant, MN",2022,63222.0
27051,"Grant, MN",2023,60247.0
27051,"Grant, MN",2024,61403.0
27053,"Hennepin, MN",2019,75791.0
27053,"Hennepin, MN",2020,77971.0
27053,"Hennepin, MN",2021,87773.0
27053,"Hennepin, MN",2022,90852.0
27053,"Hennepin, MN",2023,96394.0
27053,"Hennepin, MN",2024,100352.0
27055,"Houston, MN",2019,51037.0
27055,"Houston, MN",2020,55285.0
27055,"Houston, MN",2021,58993.0
27055,"Houston, MN",2022,61359.0
27055,"Houston, MN",2023,64305.0
27055,"Houston, MN",2024,67879.0
27057,"Hubbard, MN",2019,53058.0
27057,"Hubbard, MN",2020,56259.0
27057,"Hubbard, MN",2021,60527.0
27057,"Hubbard, MN",2022,54700.0
27057,"Hubbard, MN",2023,59356.0
27057,"Hubbard, MN",2024,61342.0
27059,"Isanti, MN",2019,46212.0
27059,"Isanti, MN",2020,48956.0
27059,"Isanti, MN",2021,52458.0
27059,"Isanti, MN",2022,52832.0
27059,"Isanti, MN",2023,54352.0
27059,"Isanti, MN",2024,56741.0
27061,"Itasca, MN",2019,44448.0
27061,"Itasca, MN",2020,48390.0
27061,"Itasca, MN",2021,52918.0
27061,"Itasca, MN",2022,52211.0
27061,"Itasca, MN",2023,54147.0
27061,"Itasca, MN",2024,57669.0
27063,"Jackson, MN",2019,51348.0
27063,"Jackson, MN",2020,58426.0
27063,"Jackson, MN",2021,62435.0
27063,"Jackson, MN",2022,64157.0
27063,"Jackson, MN",2023,61548.0
27063,"Jackson, MN",2024,63364.0
27065,"Kanabec, MN",2019,43896.0
27065,"Kanabec, MN",2020,49183.0
27065,"Kanabec, MN",2021,51866.0
27065,"Kanabec, MN",2022,50074.0
27065,"Kanabec, MN",2023,51094.0
27065,"Kanabec, MN",2024,54003.0
27067,"Kandiyohi, MN",2019,50484.0
27067,"Kandiyohi, MN",2020,53954.0
27067,"Kandiyohi, MN",2021,58464.0
27067,"Kandiyohi, MN",2022,60448.0
27067,"Kandiyohi, MN",2023,63686.0
27067,"Kandiyohi, MN",2024,66147.0
27069,"Kittson, MN",2019,46453.0
27069,"Kittson, MN",2020,62364.0
27069,"Kittson, MN",2021,67750.0
27069,"Kittson, MN",2022,71839.0
27069,"Kittson, MN",2023,67059.0
27069,"Kittson, MN",2024,63321.0
27071,"Koochiching, MN",2019,44541.0
27071,"Koochiching, MN",2020,47462.0
27071,"Koochiching, MN",2021,50890.0
27071,"Koochiching, MN",2022,53450.0
27071,"Koochiching, MN",2023,55185.0
27071,"Koochiching, MN",2024,57605.0
27073,"Lac qui Parle, MN",2019,49400.0
27073,"Lac qui Parle, MN",2020,56991.0
27073,"Lac qui Parle, MN",2021,64437.0
27073,"Lac qui Parle, MN",2022,69952.0
27073,"Lac qui Parle, MN",2023,68183.0
27073,"Lac qui Parle, MN",2024,68276.0
27075,"Lake, MN",2019,46732.0
27075,"Lake, MN",2020,49101.0
27075,"Lake, MN",2021,54018.0
27075,"Lake, MN",2022,54427.0
27075,"Lake, MN",2023,57296.0
27075,"Lake, MN",2024,60682.0
27077,"Lake of the Woods, MN",2019,52762.0
27077,"Lake of the Woods, MN",2020,56830.0
27077,"Lake of the Woods, MN",2021,60560.0
27077,"Lake of the Woods, MN",2022,59564.0
27077,"Lake of the Woods, MN",2023,63619.0
27077,"Lake of the Woods, MN",2024,65442.0
27079,"Le Sueur, MN",2019,49672.0
27079,"Le Sueur, MN",2020,53949.0
27079,"Le Sueur, MN",2021,60078.0
27079,"Le Sueur, MN",2022,61183.0
27079,"Le Sueur, MN",2023,62710.0
27079,"Le Sueur, MN",2024,64366.0
27081,"Lincoln, MN",2019,45842.0
27081,"Lincoln, MN",2020,51179.0
27081,"Lincoln, MN",2021,57434.0
27081,"Lincoln, MN",2022,62393.0
27081,"Lincoln, MN",2023,60801.0
27081,"Lincoln, MN",2024,60508.0
27083,"Lyon, MN",2019,48790.0
27083,"Lyon, MN",2020,53818.0
27083,"Lyon, MN",2021,58757.0
27083,"Lyon, MN",2022,61189.0
27083,"Lyon, MN",2023,61260.0
27083,"Lyon, MN",2024,62366.0
27085,"McLeod, MN",2019,47439.0
27085,"McLeod, MN",2020,51663.0
27085,"McLeod, MN",2021,57534.0
27085,"McLeod, MN",2022,59413.0
27085,"McLeod, MN",2023,61028.0
27085,"McLeod, MN",2024,63908.0
27087,"Mahnomen, MN",2019,34729.0
27087,"Mahnomen, MN",2020,41315.0
27087,"Mahnomen, MN",2021,48434.0
27087,"Mahnomen, MN",2022,49444.0
27087,"Mahnomen, MN",2023,48502.0
27087,"Mahnomen, MN",2024,51616.0
27089,"Marshall, MN",2019,52789.0
27089,"Marshall, MN",2020,65008.0
27089,"Marshall, MN",2021,73333.0
27089,"Marshall, MN",2022,79724.0
27089,"Marshall, MN",2023,71200.0
27089,"Marshall, MN",2024,70172.0
27091,"Martin, MN",2019,50715.0
27091,"Martin, MN",2020,54395.0
27091,"Martin, MN",2021,61816.0
27091,"Martin, MN",2022,64456.0
27091,"Martin, MN",2023,61546.0
27091,"Martin, MN",2024,65079.0
27093,"Meeker, MN",2019,44108.0
27093,"Meeker, MN",2020,48878.0
27093,"Meeker, MN",2021,53364.0
27093,"Meeker, MN",2022,55709.0
27093,"Meeker, MN",2023,57291.0
27093,"Meeker, MN",2024,59767.0
27095,"Mille Lacs, MN",2019,43258.0
27095,"Mille Lacs, MN",2020,47125.0
27095,"Mille Lacs, MN",2021,51724.0
27095,"Mille Lacs, MN",2022,51019.0
27095,"Mille Lacs, MN",2023,52895.0
27095,"Mille Lacs, MN",2024,55146.0
27097,"Morrison, MN",2019,41587.0
27097,"Morrison, MN",2020,47215.0
27097,"Morrison, MN",2021,51149.0
27097,"Morrison, MN",2022,53155.0
27097,"Morrison, MN",2023,53478.0
27097,"Morrison, MN",2024,55116.0
27099,"Mower, MN",2019,45498.0
27099,"Mower, MN",2020,49895.0
27099,"Mower, MN",2021,55023.0
27099,"Mower, MN",2022,54905.0
27099,"Mower, MN",2023,57084.0
27099,"Mower, MN",2024,57577.0
27101,"Murray, MN",2019,51895.0
27101,"Murray, MN",2020,61788.0
27101,"Murray, MN",2021,64253.0
27101,"Murray, MN",2022,71204.0
27101,"Murray, MN",2023,68571.0
27101,"Murray, MN",2024,69933.0
27103,"Nicollet, MN",2019,49950.0
27103,"Nicollet, MN",2020,53186.0
27103,"Nicollet, MN",2021,56950.0
27103,"Nicollet, MN",2022,59134.0
27103,"Nicollet, MN",2023,61282.0
27103,"Nicollet, MN",2024,63673.0
27105,"Nobles, MN",2019,43093.0
27105,"Nobles, MN",2020,51611.0
27105,"Nobles, MN",2021,54833.0
27105,"Nobles, MN",2022,59359.0
27105,"Nobles, MN",2023,60362.0
27105,"Nobles, MN",2024,61203.0
27107,"Norman, MN",2019,37492.0
27107,"Norman, MN",2020,50092.0
27107,"Norman, MN",2021,60218.0
27107,"Norman, MN",2022,62331.0
27107,"Norman, MN",2023,55271.0
27107,"Norman, MN",2024,54965.0
27109,"Olmsted, MN",2019,58038.0
27109,"Olmsted, MN",2020,61774.0
27109,"Olmsted, MN",2021,66398.0
27109,"Olmsted, MN",2022,68280.0
27109,"Olmsted, MN",2023,71570.0
27109,"Olmsted, MN",2024,74873.0
27111,"Otter Tail, MN",2019,46952.0
27111,"Otter Tail, MN",2020,53161.0
27111,"Otter Tail, MN",2021,56681.0
27111,"Otter Tail, MN",2022,57931.0
27111,"Otter Tail, MN",2023,59791.0
27111,"Otter Tail, MN",2024,62053.0
27113,"Pennington, MN",2019,53788.0
27113,"Pennington, MN",2020,59308.0
27113,"Pennington, MN",2021,71346.0
27113,"Pennington, MN",2022,66824.0
27113,"Pennington, MN",2023,67852.0
27113,"Pennington, MN",2024,71610.0
27115,"Pine, MN",2019,39016.0
27115,"Pine, MN",2020,42938.0
27115,"Pine, MN",2021,45883.0
27115,"Pine, MN",2022,45258.0
27115,"Pine, MN",2023,46425.0
27115,"Pine, MN",2024,48677.0
27117,"Pipestone, MN",2019,51639.0
27117,"Pipestone, MN",2020,56997.0
27117,"Pipestone, MN",2021,64474.0
27117,"Pipestone, MN",2022,71333.0
27117,"Pipestone, MN",2023,71965.0
27117,"Pipestone, MN",2024,75271.0
27119,"Polk, MN",2019,46413.0
27119,"Polk, MN",2020,53650.0
27119,"Polk, MN",2021,59579.0
27119,"Polk, MN",2022,61274.0
27119,"Polk, MN",2023,61134.0
27119,"Polk, MN",2024,62060.0
27121,"Pope, MN",2019,49573.0
27121,"Pope, MN",2020,56597.0
27121,"Pope, MN",2021,64219.0
27121,"Pope, MN",2022,63650.0
27121,"Pope, MN",2023,65819.0
27121,"Pope, MN",2024,66989.0
27123,"Ramsey, MN",2019,54064.0
27123,"Ramsey, MN",2020,57807.0
27123,"Ramsey, MN",2021,64496.0
27123,"Ramsey, MN",2022,66022.0
27123,"Ramsey, MN",2023,69102.0
27123,"Ramsey, MN",2024,71769.0
27125,"Red Lake, MN",2019,50067.0
27125,"Red Lake, MN",2020,56943.0
27125,"Red Lake, MN",2021,68362.0
27125,"Red Lake, MN",2022,71920.0
27125,"Red Lake, MN",2023,67760.0
27125,"Red Lake, MN",2024,70258.0
27127,"Redwood, MN",2019,51425.0
27127,"Redwood, MN",2020,60577.0
27127,"Redwood, MN",2021,70994.0
27127,"Redwood, MN",2022,75500.0
27127,"Redwood, MN",2023,80953.0
27127,"Redwood, MN",2024,82908.0
27129,"Renville, MN",2019,46921.0
27129,"Renville, MN",2020,55805.0
27129,"Renville, MN",2021,63212.0
27129,"Renville, MN",2022,66598.0
27129,"Renville, MN",2023,64532.0
27129,"Renville, MN",2024,65878.0
27131,"Rice, MN",2019,44425.0
27131,"Rice, MN",2020,47639.0
27131,"Rice, MN",2021,53158.0
27131,"Rice, MN",2022,53519.0
27131,"Rice, MN",2023,55040.0
27131,"Rice, MN",2024,57160.0
27133,"Rock, MN",2019,47734.0
27133,"Rock, MN",2020,56765.0
27133,"Rock, MN",2021,58048.0
27133,"Rock, MN",2022,64262.0
27133,"Rock, MN",2023,63104.0
27133,"Rock, MN",2024,66397.0
27135,"Roseau, MN",2019,47022.0
27135,"Roseau, MN",2020,53714.0
27135,"Roseau, MN",2021,61226.0
27135,"Roseau, MN",2022,61536.0
27135,"Roseau, MN",2023,62385.0
27135,"Roseau, MN",2024,63246.0
27137,"St. Louis, MN",2019,47753.0
27137,"St. Louis, MN",2020,50734.0
27137,"St. Louis, MN",2021,56050.0
27137,"St. Louis, MN",2022,56554.0
27137,"St. Louis, MN",2023,58794.0
27137,"St. Louis, MN",2024,61867.0
27139,"Scott, MN",2019,62453.0
27139,"Scott, MN",2020,65193.0
27139,"Scott, MN",2021,72385.0
27139,"Scott, MN",2022,76583.0
27139,"Scott, MN",2023,81373.0
27139,"Scott, MN",2024,84901.0
27141,"Sherburne, MN",2019,49257.0
27141,"Sherburne, MN",2020,52084.0
27141,"Sherburne, MN",2021,56265.0
27141,"Sherburne, MN",2022,56903.0
27141,"Sherburne, MN",2023,58827.0
27141,"Sherburne, MN",2024,61662.0
27143,"Sibley, MN",2019,46871.0
27143,"Sibley, MN",2020,52873.0
27143,"Sibley, MN",2021,58330.0
27143,"Sibley, MN",2022,60625.0
27143,"Sibley, MN",2023,60794.0
27143,"Sibley, MN",2024,62578.0
27145,"Stearns, MN",2019,48501.0
27145,"Stearns, MN",2020,53463.0
27145,"Stearns, MN",2021,58940.0
27145,"Stearns, MN",2022,60580.0
27145,"Stearns, MN",2023,62452.0
27145,"Stearns, MN",2024,64935.0
27147,"Steele, MN",2019,46199.0
27147,"Steele, MN",2020,50172.0
27147,"Steele, MN",2021,55935.0
27147,"Steele, MN",2022,56035.0
27147,"Steele, MN",2023,57807.0
27147,"Steele, MN",2024,61040.0
27149,"Stevens, MN",2019,46600.0
27149,"Stevens, MN",2020,55484.0
27149,"Stevens, MN",2021,61124.0
27149,"Stevens, MN",2022,64457.0
27149,"Stevens, MN",2023,57161.0
27149,"Stevens, MN",2024,60874.0
27151,"Swift, MN",2019,45125.0
27151,"Swift, MN",2020,52759.0
27151,"Swift, MN",2021,59930.0
27151,"Swift, MN",2022,70176.0
27151,"Swift, MN",2023,74136.0
27151,"Swift, MN",2024,74868.0
27153,"Todd, MN",2019,42505.0
27153,"Todd, MN",2020,43750.0
27153,"Todd, MN",2021,55712.0
27153,"Todd, MN",2022,58680.0
27153,"Todd, MN",2023,62887.0
27153,"Todd, MN",2024,64541.0
27155,"Traverse, MN",2019,48778.0
27155,"Traverse, MN",2020,65683.0
27155,"Traverse, MN",2021,74633.0
27155,"Traverse, MN",2022,87727.0
27155,"Traverse, MN",2023,82711.0
27155,"Traverse, MN",2024,82108.0
27157,"Wabasha, MN",2019,49963.0
27157,"Wabasha, MN",2020,55849.0
27157,"Wabasha, MN",2021,60086.0
27157,"Wabasha, MN",2022,60798.0
27157,"Wabasha, MN",2023,62080.0
27157,"Wabasha, MN",2024,65696.0
27159,"Wadena, MN",2019,39326.0
27159,"Wadena, MN",2020,43675.0
27159,"Wadena, MN",2021,47743.0
27159,"Wadena, MN",2022,47978.0
27159,"Wadena, MN",2023,50293.0
27159,"Wadena, MN",2024,52596.0
27161,"Waseca, MN",2019,41459.0
27161,"Waseca, MN",2020,46957.0
27161,"Waseca, MN",2021,54253.0
27161,"Waseca, MN",2022,59697.0
27161,"Waseca, MN",2023,64304.0
27161,"Waseca, MN",2024,68308.0
27163,"Washington, MN",2019,68897.0
27163,"Washington, MN",2020,71178.0
27163,"Washington, MN",2021,77172.0
27163,"Washington, MN",2022,79112.0
27163,"Washington, MN",2023,83169.0
27163,"Washington, MN",2024,86217.0
27165,"Watonwan, MN",2019,44011.0
27165,"Watonwan, MN",2020,49677.0
27165,"Watonwan, MN",2021,55771.0
27165,"Watonwan, MN",2022,57385.0
27165,"Watonwan, MN",2023,55809.0
27165,"Watonwan, MN",2024,56598.0
27167,"Wilkin, MN",2019,48247.0
27167,"Wilkin, MN",2020,58373.0
27167,"Wilkin, MN",2021,68636.0
27167,"Wilkin, MN",2022,75425.0
27167,"Wilkin, MN",2023,75960.0
27167,"Wilkin, MN",2024,73320.0
27169,"Winona, MN",2019,48505.0
27169,"Winona, MN",2020,54784.0
27169,"Winona, MN",2021,58235.0
27169,"Winona, MN",2022,57044.0
27169,"Winona, MN",2023,58543.0
27169,"Winona, MN",2024,60968.0
27171,"Wright, MN",2019,51902.0
27171,"Wright, MN",2020,55338.0
27171,"Wright, MN",2021,60852.0
27171,"Wright, MN",2022,61989.0
27171,"Wright, MN",2023,64440.0
27171,"Wright, MN",2024,66574.0
27173,"Yellow Medicine, MN",2019,55399.0
27173,"Yellow Medicine, MN",2020,61373.0
27173,"Yellow Medicine, MN",2021,65779.0
27173,"Yellow Medicine, MN",2022,72441.0
27173,"Yellow Medicine, MN",2023,77250.0
27173,"Yellow Medicine, MN",2024,78156.0
28001,"Adams, MS",2019,36052.0
28001,"Adams, MS",2020,39540.0
28001,"Adams, MS",2021,46795.0
28001,"Adams, MS",2022,43787.0
28001,"Adams, MS",2023,46370.0
28001,"Adams, MS",2024,48640.0
28003,"Alcorn, MS",2019,38560.0
28003,"Alcorn, MS",2020,41719.0
28003,"Alcorn, MS",2021,44759.0
28003,"Alcorn, MS",2022,44836.0
28003,"Alcorn, MS",2023,47928.0
28003,"Alcorn, MS",2024,48741.0
28005,"Amite, MS",2019,33358.0
28005,"Amite, MS",2020,35326.0
28005,"Amite, MS",2021,38907.0
28005,"Amite, MS",2022,39340.0
28005,"Amite, MS",2023,42248.0
28005,"Amite, MS",2024,45249.0
28007,"Attala, MS",2019,34920.0
28007,"Attala, MS",2020,39489.0
28007,"Attala, MS",2021,43381.0
28007,"Attala, MS",2022,40715.0
28007,"Attala, MS",2023,42869.0
28007,"Attala, MS",2024,44371.0
28009,"Benton, MS",2019,34869.0
28009,"Benton, MS",2020,38572.0
28009,"Benton, MS",2021,42739.0
28009,"Benton, MS",2022,42245.0
28009,"Benton, MS",2023,45256.0
28009,"Benton, MS",2024,46176.0
28011,"Bolivar, MS",2019,37310.0
28011,"Bolivar, MS",2020,41867.0
28011,"Bolivar, MS",2021,48591.0
28011,"Bolivar, MS",2022,47065.0
28011,"Bolivar, MS",2023,51558.0
28011,"Bolivar, MS",2024,51666.0
28013,"Calhoun, MS",2019,35190.0
28013,"Calhoun, MS",2020,39897.0
28013,"Calhoun, MS",2021,43259.0
28013,"Calhoun, MS",2022,40809.0
28013,"Calhoun, MS",2023,42758.0
28013,"Calhoun, MS",2024,44156.0
28015,"Carroll, MS",2019,37932.0
28015,"Carroll, MS",2020,40863.0
28015,"Carroll, MS",2021,45674.0
28015,"Carroll, MS",2022,42929.0
28015,"Carroll, MS",2023,45476.0
28015,"Carroll, MS",2024,48341.0
28017,"Chickasaw, MS",2019,34410.0
28017,"Chickasaw, MS",2020,38343.0
28017,"Chickasaw, MS",2021,42600.0
28017,"Chickasaw, MS",2022,39128.0
28017,"Chickasaw, MS",2023,40074.0
28017,"Chickasaw, MS",2024,40677.0
28019,"Choctaw, MS",2019,34018.0
28019,"Choctaw, MS",2020,37531.0
28019,"Choctaw, MS",2021,41609.0
28019,"Choctaw, MS",2022,40393.0
28019,"Choctaw, MS",2023,42400.0
28019,"Choctaw, MS",2024,43892.0
28021,"Claiborne, MS",2019,31384.0
28021,"Claiborne, MS",2020,34612.0
28021,"Claiborne, MS",2021,38901.0
28021,"Claiborne, MS",2022,37204.0
28021,"Claiborne, MS",2023,40195.0
28021,"Claiborne, MS",2024,42985.0
28023,"Clarke, MS",2019,37896.0
28023,"Clarke, MS",2020,41676.0
28023,"Clarke, MS",2021,43415.0
28023,"Clarke, MS",2022,43748.0
28023,"Clarke, MS",2023,46643.0
28023,"Clarke, MS",2024,50092.0
28025,"Clay, MS",2019,39109.0
28025,"Clay, MS",2020,43176.0
28025,"Clay, MS",2021,48880.0
28025,"Clay, MS",2022,48544.0
28025,"Clay, MS",2023,51878.0
28025,"Clay, MS",2024,54186.0
28027,"Coahoma, MS",2019,37030.0
28027,"Coahoma, MS",2020,41212.0
28027,"Coahoma, MS",2021,46377.0
28027,"Coahoma, MS",2022,44761.0
28027,"Coahoma, MS",2023,48095.0
28027,"Coahoma, MS",2024,49673.0
28029,"Copiah, MS",2019,33549.0
28029,"Copiah, MS",2020,36627.0
28029,"Copiah, MS",2021,39824.0
28029,"Copiah, MS",2022,39801.0
28029,"Copiah, MS",2023,41805.0
28029,"Copiah, MS",2024,44171.0
28031,"Covington, MS",2019,38304.0
28031,"Covington, MS",2020,39626.0
28031,"Covington, MS",2021,44577.0
28031,"Covington, MS",2022,47343.0
28031,"Covington, MS",2023,47626.0
28031,"Covington, MS",2024,52277.0
28033,"DeSoto, MS",2019,43856.0
28033,"DeSoto, MS",2020,47077.0
28033,"DeSoto, MS",2021,52231.0
28033,"DeSoto, MS",2022,52752.0
28033,"DeSoto, MS",2023,55084.0
28033,"DeSoto, MS",2024,57305.0
28035,"Forrest, MS",2019,36470.0
28035,"Forrest, MS",2020,39968.0
28035,"Forrest, MS",2021,44119.0
28035,"Forrest, MS",2022,42940.0
28035,"Forrest, MS",2023,45741.0
28035,"Forrest, MS",2024,47943.0
28037,"Franklin, MS",2019,36160.0
28037,"Franklin, MS",2020,38865.0
28037,"Franklin, MS",2021,41162.0
28037,"Franklin, MS",2022,40733.0
28037,"Franklin, MS",2023,43034.0
28037,"Franklin, MS",2024,46415.0
28039,"George, MS",2019,34191.0
28039,"George, MS",2020,37795.0
28039,"George, MS",2021,39915.0
28039,"George, MS",2022,39539.0
28039,"George, MS",2023,41084.0
28039,"George, MS",2024,42638.0
28041,"Greene, MS",2019,28619.0
28041,"Greene, MS",2020,31711.0
28041,"Greene, MS",2021,33544.0
28041,"Greene, MS",2022,33776.0
28041,"Greene, MS",2023,33657.0
28041,"Greene, MS",2024,35700.0
28043,"Grenada, MS",2019,35449.0
28043,"Grenada, MS",2020,38810.0
28043,"Grenada, MS",2021,43536.0
28043,"Grenada, MS",2022,42253.0
28043,"Grenada, MS",2023,44409.0
28043,"Grenada, MS",2024,46619.0
28045,"Hancock, MS",2019,37898.0
28045,"Hancock, MS",2020,40600.0
28045,"Hancock, MS",2021,45161.0
28045,"Hancock, MS",2022,45472.0
28045,"Hancock, MS",2023,48269.0
28045,"Hancock, MS",2024,50489.0
28047,"Harrison, MS",2019,38060.0
28047,"Harrison, MS",2020,41712.0
28047,"Harrison, MS",2021,46616.0
28047,"Harrison, MS",2022,45764.0
28047,"Harrison, MS",2023,48945.0
28047,"Harrison, MS",2024,50986.0
28049,"Hinds, MS",2019,40117.0
28049,"Hinds, MS",2020,44458.0
28049,"Hinds, MS",2021,47720.0
28049,"Hinds, MS",2022,48589.0
28049,"Hinds, MS",2023,51876.0
28049,"Hinds, MS",2024,54448.0
28051,"Holmes, MS",2019,29464.0
28051,"Holmes, MS",2020,33006.0
28051,"Holmes, MS",2021,37350.0
28051,"Holmes, MS",2022,35336.0
28051,"Holmes, MS",2023,38530.0
28051,"Holmes, MS",2024,40609.0
28053,"Humphreys, MS",2019,34334.0
28053,"Humphreys, MS",2020,39298.0
28053,"Humphreys, MS",2021,44141.0
28053,"Humphreys, MS",2022,41242.0
28053,"Humphreys, MS",2023,44359.0
28053,"Humphreys, MS",2024,44425.0
28055,"Issaquena, MS",2019,25070.0
28055,"Issaquena, MS",2020,30411.0
28055,"Issaquena, MS",2021,36528.0
28055,"Issaquena, MS",2022,32815.0
28055,"Issaquena, MS",2023,35975.0
28055,"Issaquena, MS",2024,27264.0
28057,"Itawamba, MS",2019,35450.0
28057,"Itawamba, MS",2020,38912.0
28057,"Itawamba, MS",2021,41913.0
28057,"Itawamba, MS",2022,41029.0
28057,"Itawamba, MS",2023,42609.0
28057,"Itawamba, MS",2024,44473.0
28059,"Jackson, MS",2019,38526.0
28059,"Jackson, MS",2020,41526.0
28059,"Jackson, MS",2021,46091.0
28059,"Jackson, MS",2022,45306.0
28059,"Jackson, MS",2023,48268.0
28059,"Jackson, MS",2024,50536.0
28061,"Jasper, MS",2019,41010.0
28061,"Jasper, MS",2020,41544.0
28061,"Jasper, MS",2021,45755.0
28061,"Jasper, MS",2022,46777.0
28061,"Jasper, MS",2023,46297.0
28061,"Jasper, MS",2024,50873.0
28063,"Jefferson, MS",2019,33842.0
28063,"Jefferson, MS",2020,36852.0
28063,"Jefferson, MS",2021,39911.0
28063,"Jefferson, MS",2022,39403.0
28063,"Jefferson, MS",2023,42179.0
28063,"Jefferson, MS",2024,45002.0
28065,"Jefferson Davis, MS",2019,30029.0
28065,"Jefferson Davis, MS",2020,33096.0
28065,"Jefferson Davis, MS",2021,36962.0
28065,"Jefferson Davis, MS",2022,37959.0
28065,"Jefferson Davis, MS",2023,39439.0
28065,"Jefferson Davis, MS",2024,42660.0
28067,"Jones, MS",2019,38860.0
28067,"Jones, MS",2020,40914.0
28067,"Jones, MS",2021,45029.0
28067,"Jones, MS",2022,47982.0
28067,"Jones, MS",2023,49007.0
28067,"Jones, MS",2024,51824.0
28069,"Kemper, MS",2019,31988.0
28069,"Kemper, MS",2020,36075.0
28069,"Kemper, MS",2021,38668.0
28069,"Kemper, MS",2022,37198.0
28069,"Kemper, MS",2023,39321.0
28069,"Kemper, MS",2024,41684.0
28071,"Lafayette, MS",2019,42595.0
28071,"Lafayette, MS",2020,45806.0
28071,"Lafayette, MS",2021,48987.0
28071,"Lafayette, MS",2022,49141.0
28071,"Lafayette, MS",2023,52663.0
28071,"Lafayette, MS",2024,55457.0
28073,"Lamar, MS",2019,41279.0
28073,"Lamar, MS",2020,43788.0
28073,"Lamar, MS",2021,48568.0
28073,"Lamar, MS",2022,49644.0
28073,"Lamar, MS",2023,51784.0
28073,"Lamar, MS",2024,54455.0
28075,"Lauderdale, MS",2019,40185.0
28075,"Lauderdale, MS",2020,43854.0
28075,"Lauderdale, MS",2021,47404.0
28075,"Lauderdale, MS",2022,47206.0
28075,"Lauderdale, MS",2023,50830.0
28075,"Lauderdale, MS",2024,53272.0
28077,"Lawrence, MS",2019,36688.0
28077,"Lawrence, MS",2020,38232.0
28077,"Lawrence, MS",2021,43355.0
28077,"Lawrence, MS",2022,44844.0
28077,"Lawrence, MS",2023,46694.0
28077,"Lawrence, MS",2024,51006.0
28079,"Leake, MS",2019,34108.0
28079,"Leake, MS",2020,34821.0
28079,"Leake, MS",2021,40433.0
28079,"Leake, MS",2022,41853.0
28079,"Leake, MS",2023,41202.0
28079,"Leake, MS",2024,44888.0
28081,"Lee, MS",2019,44117.0
28081,"Lee, MS",2020,47124.0
28081,"Lee, MS",2021,52875.0
28081,"Lee, MS",2022,51917.0
28081,"Lee, MS",2023,53910.0
28081,"Lee, MS",2024,56315.0
28083,"Leflore, MS",2019,38184.0
28083,"Leflore, MS",2020,42171.0
28083,"Leflore, MS",2021,50067.0
28083,"Leflore, MS",2022,48537.0
28083,"Leflore, MS",2023,51813.0
28083,"Leflore, MS",2024,52765.0
28085,"Lincoln, MS",2019,38938.0
28085,"Lincoln, MS",2020,41497.0
28085,"Lincoln, MS",2021,44626.0
28085,"Lincoln, MS",2022,45351.0
28085,"Lincoln, MS",2023,48015.0
28085,"Lincoln, MS",2024,50714.0
28087,"Lowndes, MS",2019,40193.0
28087,"Lowndes, MS",2020,43522.0
28087,"Lowndes, MS",2021,48117.0
28087,"Lowndes, MS",2022,48381.0
28087,"Lowndes, MS",2023,51188.0
28087,"Lowndes, MS",2024,54109.0
28089,"Madison, MS",2019,64546.0
28089,"Madison, MS",2020,68742.0
28089,"Madison, MS",2021,78010.0
28089,"Madison, MS",2022,80425.0
28089,"Madison, MS",2023,86326.0
28089,"Madison, MS",2024,90668.0
28091,"Marion, MS",2019,38098.0
28091,"Marion, MS",2020,39395.0
28091,"Marion, MS",2021,41338.0
28091,"Marion, MS",2022,40708.0
28091,"Marion, MS",2023,43187.0
28091,"Marion, MS",2024,46545.0
28093,"Marshall, MS",2019,36514.0
28093,"Marshall, MS",2020,40234.0
28093,"Marshall, MS",2021,45084.0
28093,"Marshall, MS",2022,44114.0
28093,"Marshall, MS",2023,46355.0
28093,"Marshall, MS",2024,48141.0
28095,"Monroe, MS",2019,37179.0
28095,"Monroe, MS",2020,40718.0
28095,"Monroe, MS",2021,44679.0
28095,"Monroe, MS",2022,43161.0
28095,"Monroe, MS",2023,44737.0
28095,"Monroe, MS",2024,46700.0
28097,"Montgomery, MS",2019,34575.0
28097,"Montgomery, MS",2020,38211.0
28097,"Montgomery, MS",2021,42578.0
28097,"Montgomery, MS",2022,41406.0
28097,"Montgomery, MS",2023,43513.0
28097,"Montgomery, MS",2024,45706.0
28099,"Neshoba, MS",2019,37848.0
28099,"Neshoba, MS",2020,40073.0
28099,"Neshoba, MS",2021,45296.0
28099,"Neshoba, MS",2022,46586.0
28099,"Neshoba, MS",2023,46850.0
28099,"Neshoba, MS",2024,49561.0
28101,"Newton, MS",2019,35404.0
28101,"Newton, MS",2020,36823.0
28101,"Newton, MS",2021,41806.0
28101,"Newton, MS",2022,40943.0
28101,"Newton, MS",2023,41769.0
28101,"Newton, MS",2024,44194.0
28103,"Noxubee, MS",2019,34506.0
28103,"Noxubee, MS",2020,37575.0
28103,"Noxubee, MS",2021,45141.0
28103,"Noxubee, MS",2022,42937.0
28103,"Noxubee, MS",2023,45638.0
28103,"Noxubee, MS",2024,47881.0
28105,"Oktibbeha, MS",2019,34014.0
28105,"Oktibbeha, MS",2020,36635.0
28105,"Oktibbeha, MS",2021,40122.0
28105,"Oktibbeha, MS",2022,39632.0
28105,"Oktibbeha, MS",2023,42361.0
28105,"Oktibbeha, MS",2024,44064.0
28107,"Panola, MS",2019,34268.0
28107,"Panola, MS",2020,38767.0
28107,"Panola, MS",2021,42621.0
28107,"Panola, MS",2022,41373.0
28107,"Panola, MS",2023,43189.0
28107,"Panola, MS",2024,45138.0
28109,"Pearl River, MS",2019,37931.0
28109,"Pearl River, MS",2020,39851.0
28109,"Pearl River, MS",2021,43804.0
28109,"Pearl River, MS",2022,43828.0
28109,"Pearl River, MS",2023,46595.0
28109,"Pearl River, MS",2024,49050.0
28111,"Perry, MS",2019,33310.0
28111,"Perry, MS",2020,35718.0
28111,"Perry, MS",2021,38044.0
28111,"Perry, MS",2022,37116.0
28111,"Perry, MS",2023,40720.0
28111,"Perry, MS",2024,43179.0
28113,"Pike, MS",2019,31357.0
28113,"Pike, MS",2020,34037.0
28113,"Pike, MS",2021,38237.0
28113,"Pike, MS",2022,36981.0
28113,"Pike, MS",2023,39771.0
28113,"Pike, MS",2024,42327.0
28115,"Pontotoc, MS",2019,35127.0
28115,"Pontotoc, MS",2020,38575.0
28115,"Pontotoc, MS",2021,43091.0
28115,"Pontotoc, MS",2022,41885.0
28115,"Pontotoc, MS",2023,42699.0
28115,"Pontotoc, MS",2024,44345.0
28117,"Prentiss, MS",2019,32048.0
28117,"Prentiss, MS",2020,35310.0
28117,"Prentiss, MS",2021,38466.0
28117,"Prentiss, MS",2022,37799.0
28117,"Prentiss, MS",2023,39550.0
28117,"Prentiss, MS",2024,41034.0
28119,"Quitman, MS",2019,31711.0
28119,"Quitman, MS",2020,35708.0
28119,"Quitman, MS",2021,42854.0
28119,"Quitman, MS",2022,41967.0
28119,"Quitman, MS",2023,44692.0
28119,"Quitman, MS",2024,42946.0
28121,"Rankin, MS",2019,45156.0
28121,"Rankin, MS",2020,48246.0
28121,"Rankin, MS",2021,53135.0
28121,"Rankin, MS",2022,53768.0
28121,"Rankin, MS",2023,56989.0
28121,"Rankin, MS",2024,59953.0
28123,"Scott, MS",2019,31790.0
28123,"Scott, MS",2020,33271.0
28123,"Scott, MS",2021,38332.0
28123,"Scott, MS",2022,38390.0
28123,"Scott, MS",2023,39447.0
28123,"Scott, MS",2024,41946.0
28125,"Sharkey, MS",2019,36660.0
28125,"Sharkey, MS",2020,43490.0
28125,"Sharkey, MS",2021,53773.0
28125,"Sharkey, MS",2022,53591.0
28125,"Sharkey, MS",2023,58725.0
28125,"Sharkey, MS",2024,55707.0
28127,"Simpson, MS",2019,38502.0
28127,"Simpson, MS",2020,40645.0
28127,"Simpson, MS",2021,44998.0
28127,"Simpson, MS",2022,46050.0
28127,"Simpson, MS",2023,48139.0
28127,"Simpson, MS",2024,51041.0
28129,"Smith, MS",2019,39700.0
28129,"Smith, MS",2020,40417.0
28129,"Smith, MS",2021,45415.0
28129,"Smith, MS",2022,48238.0
28129,"Smith, MS",2023,47768.0
28129,"Smith, MS",2024,52922.0
28131,"Stone, MS",2019,34480.0
28131,"Stone, MS",2020,36994.0
28131,"Stone, MS",2021,39502.0
28131,"Stone, MS",2022,39642.0
28131,"Stone, MS",2023,41889.0
28131,"Stone, MS",2024,43435.0
28133,"Sunflower, MS",2019,29601.0
28133,"Sunflower, MS",2020,33944.0
28133,"Sunflower, MS",2021,39130.0
28133,"Sunflower, MS",2022,37660.0
28133,"Sunflower, MS",2023,40658.0
28133,"Sunflower, MS",2024,41489.0
28135,"Tallahatchie, MS",2019,31869.0
28135,"Tallahatchie, MS",2020,35930.0
28135,"Tallahatchie, MS",2021,44424.0
28135,"Tallahatchie, MS",2022,43054.0
28135,"Tallahatchie, MS",2023,46476.0
28135,"Tallahatchie, MS",2024,50077.0
28137,"Tate, MS",2019,37984.0
28137,"Tate, MS",2020,41018.0
28137,"Tate, MS",2021,45129.0
28137,"Tate, MS",2022,44670.0
28137,"Tate, MS",2023,47273.0
28137,"Tate, MS",2024,48572.0
28139,"Tippah, MS",2019,37946.0
28139,"Tippah, MS",2020,42464.0
28139,"Tippah, MS",2021,44754.0
28139,"Tippah, MS",2022,43075.0
28139,"Tippah, MS",2023,46275.0
28139,"Tippah, MS",2024,48157.0
28141,"Tishomingo, MS",2019,35865.0
28141,"Tishomingo, MS",2020,39119.0
28141,"Tishomingo, MS",2021,42080.0
28141,"Tishomingo, MS",2022,42281.0
28141,"Tishomingo, MS",2023,45640.0
28141,"Tishomingo, MS",2024,47200.0
28143,"Tunica, MS",2019,33514.0
28143,"Tunica, MS",2020,38879.0
28143,"Tunica, MS",2021,43560.0
28143,"Tunica, MS",2022,45810.0
28143,"Tunica, MS",2023,47633.0
28143,"Tunica, MS",2024,47310.0
28145,"Union, MS",2019,35262.0
28145,"Union, MS",2020,38000.0
28145,"Union, MS",2021,41802.0
28145,"Union, MS",2022,41233.0
28145,"Union, MS",2023,42402.0
28145,"Union, MS",2024,44305.0
28147,"Walthall, MS",2019,33122.0
28147,"Walthall, MS",2020,34872.0
28147,"Walthall, MS",2021,38878.0
28147,"Walthall, MS",2022,38107.0
28147,"Walthall, MS",2023,39302.0
28147,"Walthall, MS",2024,42077.0
28149,"Warren, MS",2019,40838.0
28149,"Warren, MS",2020,45004.0
28149,"Warren, MS",2021,49017.0
28149,"Warren, MS",2022,49373.0
28149,"Warren, MS",2023,51995.0
28149,"Warren, MS",2024,54294.0
28151,"Washington, MS",2019,36556.0
28151,"Washington, MS",2020,41188.0
28151,"Washington, MS",2021,46008.0
28151,"Washington, MS",2022,45448.0
28151,"Washington, MS",2023,48488.0
28151,"Washington, MS",2024,50860.0
28153,"Wayne, MS",2019,36961.0
28153,"Wayne, MS",2020,38067.0
28153,"Wayne, MS",2021,43196.0
28153,"Wayne, MS",2022,45305.0
28153,"Wayne, MS",2023,44754.0
28153,"Wayne, MS",2024,48666.0
28155,"Webster, MS",2019,38763.0
28155,"Webster, MS",2020,41751.0
28155,"Webster, MS",2021,45333.0
28155,"Webster, MS",2022,44285.0
28155,"Webster, MS",2023,46813.0
28155,"Webster, MS",2024,48459.0
28157,"Wilkinson, MS",2019,30209.0
28157,"Wilkinson, MS",2020,34201.0
28157,"Wilkinson, MS",2021,37165.0
28157,"Wilkinson, MS",2022,35463.0
28157,"Wilkinson, MS",2023,39292.0
28157,"Wilkinson, MS",2024,41354.0
28159,"Winston, MS",2019,36263.0
28159,"Winston, MS",2020,39087.0
28159,"Winston, MS",2021,43798.0
28159,"Winston, MS",2022,43394.0
28159,"Winston, MS",2023,46025.0
28159,"Winston, MS",2024,48812.0
28161,"Yalobusha, MS",2019,36946.0
28161,"Yalobusha, MS",2020,40350.0
28161,"Yalobusha, MS",2021,43121.0
28161,"Yalobusha, MS",2022,41921.0
28161,"Yalobusha, MS",2023,44188.0
28161,"Yalobusha, MS",2024,45161.0
28163,"Yazoo, MS",2019,28715.0
28163,"Yazoo, MS",2020,33918.0
28163,"Yazoo, MS",2021,39568.0
28163,"Yazoo, MS",2022,38350.0
28163,"Yazoo, MS",2023,41569.0
28163,"Yazoo, MS",2024,45407.0
29001,"Adair, MO",2019,32991.0
29001,"Adair, MO",2020,35771.0
29001,"Adair, MO",2021,37967.0
29001,"Adair, MO",2022,37154.0
29001,"Adair, MO",2023,39985.0
29001,"Adair, MO",2024,41212.0
29003,"Andrew, MO",2019,44035.0
29003,"Andrew, MO",2020,47463.0
29003,"Andrew, MO",2021,50785.0
29003,"Andrew, MO",2022,52012.0
29003,"Andrew, MO",2023,54459.0
29003,"Andrew, MO",2024,56586.0
29005,"Atchison, MO",2019,44630.0
29005,"Atchison, MO",2020,49782.0
29005,"Atchison, MO",2021,54117.0
29005,"Atchison, MO",2022,56885.0
29005,"Atchison, MO",2023,56844.0
29005,"Atchison, MO",2024,53911.0
29007,"Audrain, MO",2019,37802.0
29007,"Audrain, MO",2020,41256.0
29007,"Audrain, MO",2021,43957.0
29007,"Audrain, MO",2022,46011.0
29007,"Audrain, MO",2023,48966.0
29007,"Audrain, MO",2024,49041.0
29009,"Barry, MO",2019,36167.0
29009,"Barry, MO",2020,38730.0
29009,"Barry, MO",2021,42164.0
29009,"Barry, MO",2022,45003.0
29009,"Barry, MO",2023,45686.0
29009,"Barry, MO",2024,47374.0
29011,"Barton, MO",2019,35912.0
29011,"Barton, MO",2020,41082.0
29011,"Barton, MO",2021,42957.0
29011,"Barton, MO",2022,45706.0
29011,"Barton, MO",2023,47297.0
29011,"Barton, MO",2024,47739.0
29013,"Bates, MO",2019,40576.0
29013,"Bates, MO",2020,44772.0
29013,"Bates, MO",2021,47677.0
29013,"Bates, MO",2022,48561.0
29013,"Bates, MO",2023,52153.0
29013,"Bates, MO",2024,52804.0
29015,"Benton, MO",2019,39000.0
29015,"Benton, MO",2020,41104.0
29015,"Benton, MO",2021,43514.0
29015,"Benton, MO",2022,44220.0
29015,"Benton, MO",2023,46448.0
29015,"Benton, MO",2024,48570.0
29017,"Bollinger, MO",2019,37885.0
29017,"Bollinger, MO",2020,42326.0
29017,"Bollinger, MO",2021,45360.0
29017,"Bollinger, MO",2022,46190.0
29017,"Bollinger, MO",2023,48783.0
29017,"Bollinger, MO",2024,49617.0
29019,"Boone, MO",2019,48595.0
29019,"Boone, MO",2020,50822.0
29019,"Boone, MO",2021,54731.0
29019,"Boone, MO",2022,56139.0
29019,"Boone, MO",2023,59152.0
29019,"Boone, MO",2024,62123.0
29021,"Buchanan, MO",2019,40520.0
29021,"Buchanan, MO",2020,43834.0
29021,"Buchanan, MO",2021,46894.0
29021,"Buchanan, MO",2022,48876.0
29021,"Buchanan, MO",2023,52450.0
29021,"Buchanan, MO",2024,54306.0
29023,"Butler, MO",2019,36046.0
29023,"Butler, MO",2020,40797.0
29023,"Butler, MO",2021,43553.0
29023,"Butler, MO",2022,43274.0
29023,"Butler, MO",2023,46160.0
29023,"Butler, MO",2024,47775.0
29025,"Caldwell, MO",2019,39722.0
29025,"Caldwell, MO",2020,42727.0
29025,"Caldwell, MO",2021,45469.0
29025,"Caldwell, MO",2022,46050.0
29025,"Caldwell, MO",2023,47815.0
29025,"Caldwell, MO",2024,48766.0
29027,"Callaway, MO",2019,40067.0
29027,"Callaway, MO",2020,43451.0
29027,"Callaway, MO",2021,45573.0
29027,"Callaway, MO",2022,46934.0
29027,"Callaway, MO",2023,50433.0
29027,"Callaway, MO",2024,52873.0
29029,"Camden, MO",2019,42005.0
29029,"Camden, MO",2020,46110.0
29029,"Camden, MO",2021,54805.0
29029,"Camden, MO",2022,50912.0
29029,"Camden, MO",2023,55024.0
29029,"Camden, MO",2024,58128.0
29031,"Cape Girardeau, MO",2019,43303.0
29031,"Cape Girardeau, MO",2020,46318.0
29031,"Cape Girardeau, MO",2021,48750.0
29031,"Cape Girardeau, MO",2022,50393.0
29031,"Cape Girardeau, MO",2023,53810.0
29031,"Cape Girardeau, MO",2024,55279.0
29033,"Carroll, MO",2019,47121.0
29033,"Carroll, MO",2020,50921.0
29033,"Carroll, MO",2021,57188.0
29033,"Carroll, MO",2022,60534.0
29033,"Carroll, MO",2023,63184.0
29033,"Carroll, MO",2024,62123.0
29035,"Carter, MO",2019,38801.0
29035,"Carter, MO",2020,42920.0
29035,"Carter, MO",2021,45954.0
29035,"Carter, MO",2022,47047.0
29035,"Carter, MO",2023,50248.0
29035,"Carter, MO",2024,52549.0
29037,"Cass, MO",2019,48531.0
29037,"Cass, MO",2020,51447.0
29037,"Cass, MO",2021,54467.0
29037,"Cass, MO",2022,56575.0
29037,"Cass, MO",2023,60278.0
29037,"Cass, MO",2024,62709.0
29039,"Cedar, MO",2019,31849.0
29039,"Cedar, MO",2020,34568.0
29039,"Cedar, MO",2021,36764.0
29039,"Cedar, MO",2022,37091.0
29039,"Cedar, MO",2023,40602.0
29039,"Cedar, MO",2024,42259.0
29041,"Chariton, MO",2019,44204.0
29041,"Chariton, MO",2020,48184.0
29041,"Chariton, MO",2021,52174.0
29041,"Chariton, MO",2022,52010.0
29041,"Chariton, MO",2023,55950.0
29041,"Chariton, MO",2024,55848.0
29043,"Christian, MO",2019,42582.0
29043,"Christian, MO",2020,45335.0
29043,"Christian, MO",2021,48738.0
29043,"Christian, MO",2022,49775.0
29043,"Christian, MO",2023,53327.0
29043,"Christian, MO",2024,56118.0
29045,"Clark, MO",2019,36855.0
29045,"Clark, MO",2020,41070.0
29045,"Clark, MO",2021,44006.0
29045,"Clark, MO",2022,44984.0
29045,"Clark, MO",2023,47130.0
29045,"Clark, MO",2024,46744.0
29047,"Clay, MO",2019,49112.0
29047,"Clay, MO",2020,52801.0
29047,"Clay, MO",2021,55861.0
29047,"Clay, MO",2022,56764.0
29047,"Clay, MO",2023,59761.0
29047,"Clay, MO",2024,62130.0
29049,"Clinton, MO",2019,42559.0
29049,"Clinton, MO",2020,46099.0
29049,"Clinton, MO",2021,48148.0
29049,"Clinton, MO",2022,50283.0
29049,"Clinton, MO",2023,52803.0
29049,"Clinton, MO",2024,54672.0
29051,"Cole, MO",2019,48120.0
29051,"Cole, MO",2020,52279.0
29051,"Cole, MO",2021,55221.0
29051,"Cole, MO",2022,57022.0
29051,"Cole, MO",2023,61041.0
29051,"Cole, MO",2024,64594.0
29053,"Cooper, MO",2019,40153.0
29053,"Cooper, MO",2020,45788.0
29053,"Cooper, MO",2021,49987.0
29053,"Cooper, MO",2022,51419.0
29053,"Cooper, MO",2023,54403.0
29053,"Cooper, MO",2024,55627.0
29055,"Crawford, MO",2019,36946.0
29055,"Crawford, MO",2020,40005.0
29055,"Crawford, MO",2021,43881.0
29055,"Crawford, MO",2022,45008.0
29055,"Crawford, MO",2023,48857.0
29055,"Crawford, MO",2024,50563.0
29057,"Dade, MO",2019,35465.0
29057,"Dade, MO",2020,38248.0
29057,"Dade, MO",2021,41882.0
29057,"Dade, MO",2022,44419.0
29057,"Dade, MO",2023,46516.0
29057,"Dade, MO",2024,47998.0
29059,"Dallas, MO",2019,33939.0
29059,"Dallas, MO",2020,36175.0
29059,"Dallas, MO",2021,39178.0
29059,"Dallas, MO",2022,40386.0
29059,"Dallas, MO",2023,41984.0
29059,"Dallas, MO",2024,44136.0
29061,"Daviess, MO",2019,33172.0
29061,"Daviess, MO",2020,37010.0
29061,"Daviess, MO",2021,38321.0
29061,"Daviess, MO",2022,38603.0
29061,"Daviess, MO",2023,41732.0
29061,"Daviess, MO",2024,44071.0
29063,"DeKalb, MO",2019,33601.0
29063,"DeKalb, MO",2020,34379.0
29063,"DeKalb, MO",2021,35927.0
29063,"DeKalb, MO",2022,37993.0
29063,"DeKalb, MO",2023,45084.0
29063,"DeKalb, MO",2024,46449.0
29065,"Dent, MO",2019,35874.0
29065,"Dent, MO",2020,39720.0
29065,"Dent, MO",2021,41741.0
29065,"Dent, MO",2022,42323.0
29065,"Dent, MO",2023,45052.0
29065,"Dent, MO",2024,46477.0
29067,"Douglas, MO",2019,32296.0
29067,"Douglas, MO",2020,35647.0
29067,"Douglas, MO",2021,38173.0
29067,"Douglas, MO",2022,37828.0
29067,"Douglas, MO",2023,38843.0
29067,"Douglas, MO",2024,40515.0
29069,"Dunklin, MO",2019,36223.0
29069,"Dunklin, MO",2020,38711.0
29069,"Dunklin, MO",2021,44047.0
29069,"Dunklin, MO",2022,44231.0
29069,"Dunklin, MO",2023,47286.0
29069,"Dunklin, MO",2024,50914.0
29071,"Franklin, MO",2019,45953.0
29071,"Franklin, MO",2020,49005.0
29071,"Franklin, MO",2021,52438.0
29071,"Franklin, MO",2022,53473.0
29071,"Franklin, MO",2023,56740.0
29071,"Franklin, MO",2024,59071.0
29073,"Gasconade, MO",2019,40668.0
29073,"Gasconade, MO",2020,43897.0
29073,"Gasconade, MO",2021,46474.0
29073,"Gasconade, MO",2022,47193.0
29073,"Gasconade, MO",2023,50444.0
29073,"Gasconade, MO",2024,52392.0
29075,"Gentry, MO",2019,45825.0
29075,"Gentry, MO",2020,49316.0
29075,"Gentry, MO",2021,50982.0
29075,"Gentry, MO",2022,48815.0
29075,"Gentry, MO",2023,53063.0
29075,"Gentry, MO",2024,54580.0
29077,"Greene, MO",2019,44825.0
29077,"Greene, MO",2020,47912.0
29077,"Greene, MO",2021,51452.0
29077,"Greene, MO",2022,52534.0
29077,"Greene, MO",2023,55372.0
29077,"Greene, MO",2024,58023.0
29079,"Grundy, MO",2019,34841.0
29079,"Grundy, MO",2020,38795.0
29079,"Grundy, MO",2021,41337.0
29079,"Grundy, MO",2022,41142.0
29079,"Grundy, MO",2023,44475.0
29079,"Grundy, MO",2024,45161.0
29081,"Harrison, MO",2019,37198.0
29081,"Harrison, MO",2020,41401.0
29081,"Harrison, MO",2021,44013.0
29081,"Harrison, MO",2022,44357.0
29081,"Harrison, MO",2023,46833.0
29081,"Harrison, MO",2024,46803.0
29083,"Henry, MO",2019,41637.0
29083,"Henry, MO",2020,45317.0
29083,"Henry, MO",2021,48761.0
29083,"Henry, MO",2022,49801.0
29083,"Henry, MO",2023,52809.0
29083,"Henry, MO",2024,55500.0
29085,"Hickory, MO",2019,33306.0
29085,"Hickory, MO",2020,37227.0
29085,"Hickory, MO",2021,39646.0
29085,"Hickory, MO",2022,39707.0
29085,"Hickory, MO",2023,42696.0
29085,"Hickory, MO",2024,44968.0
29087,"Holt, MO",2019,49724.0
29087,"Holt, MO",2020,56859.0
29087,"Holt, MO",2021,58231.0
29087,"Holt, MO",2022,62460.0
29087,"Holt, MO",2023,65948.0
29087,"Holt, MO",2024,64008.0
29089,"Howard, MO",2019,40561.0
29089,"Howard, MO",2020,43988.0
29089,"Howard, MO",2021,48334.0
29089,"Howard, MO",2022,49728.0
29089,"Howard, MO",2023,52890.0
29089,"Howard, MO",2024,54398.0
29091,"Howell, MO",2019,35465.0
29091,"Howell, MO",2020,38419.0
29091,"Howell, MO",2021,40588.0
29091,"Howell, MO",2022,41224.0
29091,"Howell, MO",2023,44236.0
29091,"Howell, MO",2024,45995.0
29093,"Iron, MO",2019,35359.0
29093,"Iron, MO",2020,38398.0
29093,"Iron, MO",2021,41178.0
29093,"Iron, MO",2022,41775.0
29093,"Iron, MO",2023,44826.0
29093,"Iron, MO",2024,47085.0
29095,"Jackson, MO",2019,46208.0
29095,"Jackson, MO",2020,49485.0
29095,"Jackson, MO",2021,52656.0
29095,"Jackson, MO",2022,54148.0
29095,"Jackson, MO",2023,57870.0
29095,"Jackson, MO",2024,60129.0
29097,"Jasper, MO",2019,39452.0
29097,"Jasper, MO",2020,41172.0
29097,"Jasper, MO",2021,43761.0
29097,"Jasper, MO",2022,44934.0
29097,"Jasper, MO",2023,47425.0
29097,"Jasper, MO",2024,49427.0
29099,"Jefferson, MO",2019,43868.0
29099,"Jefferson, MO",2020,46287.0
29099,"Jefferson, MO",2021,50019.0
29099,"Jefferson, MO",2022,51770.0
29099,"Jefferson, MO",2023,54725.0
29099,"Jefferson, MO",2024,56907.0
29101,"Johnson, MO",2019,37349.0
29101,"Johnson, MO",2020,39874.0
29101,"Johnson, MO",2021,46886.0
29101,"Johnson, MO",2022,44308.0
29101,"Johnson, MO",2023,46611.0
29101,"Johnson, MO",2024,48420.0
29103,"Knox, MO",2019,37756.0
29103,"Knox, MO",2020,41819.0
29103,"Knox, MO",2021,44259.0
29103,"Knox, MO",2022,45427.0
29103,"Knox, MO",2023,50066.0
29103,"Knox, MO",2024,48985.0
29105,"Laclede, MO",2019,35985.0
29105,"Laclede, MO",2020,39116.0
29105,"Laclede, MO",2021,42797.0
29105,"Laclede, MO",2022,45246.0
29105,"Laclede, MO",2023,47941.0
29105,"Laclede, MO",2024,49529.0
29107,"Lafayette, MO",2019,42703.0
29107,"Lafayette, MO",2020,45999.0
29107,"Lafayette, MO",2021,49884.0
29107,"Lafayette, MO",2022,51664.0
29107,"Lafayette, MO",2023,54207.0
29107,"Lafayette, MO",2024,55390.0
29109,"Lawrence, MO",2019,34906.0
29109,"Lawrence, MO",2020,37118.0
29109,"Lawrence, MO",2021,40244.0
29109,"Lawrence, MO",2022,40725.0
29109,"Lawrence, MO",2023,42231.0
29109,"Lawrence, MO",2024,44004.0
29111,"Lewis, MO",2019,35117.0
29111,"Lewis, MO",2020,38529.0
29111,"Lewis, MO",2021,41382.0
29111,"Lewis, MO",2022,42882.0
29111,"Lewis, MO",2023,45101.0
29111,"Lewis, MO",2024,46049.0
29113,"Lincoln, MO",2019,42361.0
29113,"Lincoln, MO",2020,44426.0
29113,"Lincoln, MO",2021,48676.0
29113,"Lincoln, MO",2022,49727.0
29113,"Lincoln, MO",2023,52323.0
29113,"Lincoln, MO",2024,54071.0
29115,"Linn, MO",2019,39496.0
29115,"Linn, MO",2020,43161.0
29115,"Linn, MO",2021,45856.0
29115,"Linn, MO",2022,45835.0
29115,"Linn, MO",2023,49844.0
29115,"Linn, MO",2024,50769.0
29117,"Livingston, MO",2019,39308.0
29117,"Livingston, MO",2020,45725.0
29117,"Livingston, MO",2021,48248.0
29117,"Livingston, MO",2022,48922.0
29117,"Livingston, MO",2023,51269.0
29117,"Livingston, MO",2024,51635.0
29119,"McDonald, MO",2019,29005.0
29119,"McDonald, MO",2020,31693.0
29119,"McDonald, MO",2021,35470.0
29119,"McDonald, MO",2022,38539.0
29119,"McDonald, MO",2023,38574.0
29119,"McDonald, MO",2024,41951.0
29121,"Macon, MO",2019,40928.0
29121,"Macon, MO",2020,44709.0
29121,"Macon, MO",2021,48240.0
29121,"Macon, MO",2022,52737.0
29121,"Macon, MO",2023,52000.0
29121,"Macon, MO",2024,52966.0
29123,"Madison, MO",2019,35903.0
29123,"Madison, MO",2020,39485.0
29123,"Madison, MO",2021,41099.0
29123,"Madison, MO",2022,42112.0
29123,"Madison, MO",2023,45133.0
29123,"Madison, MO",2024,46657.0
29125,"Maries, MO",2019,35964.0
29125,"Maries, MO",2020,39007.0
29125,"Maries, MO",2021,41499.0
29125,"Maries, MO",2022,41645.0
29125,"Maries, MO",2023,44794.0
29125,"Maries, MO",2024,47162.0
29127,"Marion, MO",2019,40935.0
29127,"Marion, MO",2020,44664.0
29127,"Marion, MO",2021,48078.0
29127,"Marion, MO",2022,49429.0
29127,"Marion, MO",2023,52659.0
29127,"Marion, MO",2024,54254.0
29129,"Mercer, MO",2019,32398.0
29129,"Mercer, MO",2020,37282.0
29129,"Mercer, MO",2021,39950.0
29129,"Mercer, MO",2022,38457.0
29129,"Mercer, MO",2023,42803.0
29129,"Mercer, MO",2024,44616.0
29131,"Miller, MO",2019,37556.0
29131,"Miller, MO",2020,41165.0
29131,"Miller, MO",2021,43979.0
29131,"Miller, MO",2022,43750.0
29131,"Miller, MO",2023,47381.0
29131,"Miller, MO",2024,49799.0
29133,"Mississippi, MO",2019,32042.0
29133,"Mississippi, MO",2020,38069.0
29133,"Mississippi, MO",2021,41722.0
29133,"Mississippi, MO",2022,42421.0
29133,"Mississippi, MO",2023,43475.0
29133,"Mississippi, MO",2024,42983.0
29135,"Moniteau, MO",2019,38392.0
29135,"Moniteau, MO",2020,44196.0
29135,"Moniteau, MO",2021,45816.0
29135,"Moniteau, MO",2022,49210.0
29135,"Moniteau, MO",2023,51328.0
29135,"Moniteau, MO",2024,54284.0
29137,"Monroe, MO",2019,41119.0
29137,"Monroe, MO",2020,44052.0
29137,"Monroe, MO",2021,48314.0
29137,"Monroe, MO",2022,49606.0
29137,"Monroe, MO",2023,56061.0
29137,"Monroe, MO",2024,54457.0
29139,"Montgomery, MO",2019,41791.0
29139,"Montgomery, MO",2020,45744.0
29139,"Montgomery, MO",2021,49856.0
29139,"Montgomery, MO",2022,50961.0
29139,"Montgomery, MO",2023,55662.0
29139,"Montgomery, MO",2024,56036.0
29141,"Morgan, MO",2019,40863.0
29141,"Morgan, MO",2020,44846.0
29141,"Morgan, MO",2021,46924.0
29141,"Morgan, MO",2022,48093.0
29141,"Morgan, MO",2023,50215.0
29141,"Morgan, MO",2024,50957.0
29143,"New Madrid, MO",2019,37258.0
29143,"New Madrid, MO",2020,42271.0
29143,"New Madrid, MO",2021,49665.0
29143,"New Madrid, MO",2022,51905.0
29143,"New Madrid, MO",2023,52395.0
29143,"New Madrid, MO",2024,54259.0
29145,"Newton, MO",2019,39328.0
29145,"Newton, MO",2020,41787.0
29145,"Newton, MO",2021,45279.0
29145,"Newton, MO",2022,46883.0
29145,"Newton, MO",2023,48420.0
29145,"Newton, MO",2024,50200.0
29147,"Nodaway, MO",2019,33196.0
29147,"Nodaway, MO",2020,38225.0
29147,"Nodaway, MO",2021,40234.0
29147,"Nodaway, MO",2022,41801.0
29147,"Nodaway, MO",2023,44220.0
29147,"Nodaway, MO",2024,45161.0
29149,"Oregon, MO",2019,36412.0
29149,"Oregon, MO",2020,40309.0
29149,"Oregon, MO",2021,43571.0
29149,"Oregon, MO",2022,43646.0
29149,"Oregon, MO",2023,47065.0
29149,"Oregon, MO",2024,48844.0
29151,"Osage, MO",2019,45562.0
29151,"Osage, MO",2020,48552.0
29151,"Osage, MO",2021,52616.0
29151,"Osage, MO",2022,53535.0
29151,"Osage, MO",2023,56775.0
29151,"Osage, MO",2024,59475.0
29153,"Ozark, MO",2019,33261.0
29153,"Ozark, MO",2020,37363.0
29153,"Ozark, MO",2021,40126.0
29153,"Ozark, MO",2022,40581.0
29153,"Ozark, MO",2023,42648.0
29153,"Ozark, MO",2024,43798.0
29155,"Pemiscot, MO",2019,35979.0
29155,"Pemiscot, MO",2020,40140.0
29155,"Pemiscot, MO",2021,46589.0
29155,"Pemiscot, MO",2022,47086.0
29155,"Pemiscot, MO",2023,50448.0
29155,"Pemiscot, MO",2024,53894.0
29157,"Perry, MO",2019,42169.0
29157,"Perry, MO",2020,45840.0
29157,"Perry, MO",2021,48621.0
29157,"Perry, MO",2022,49658.0
29157,"Perry, MO",2023,53317.0
29157,"Perry, MO",2024,55392.0
29159,"Pettis, MO",2019,37544.0
29159,"Pettis, MO",2020,40494.0
29159,"Pettis, MO",2021,43862.0
29159,"Pettis, MO",2022,45366.0
29159,"Pettis, MO",2023,47450.0
29159,"Pettis, MO",2024,48930.0
29161,"Phelps, MO",2019,39189.0
29161,"Phelps, MO",2020,42305.0
29161,"Phelps, MO",2021,44127.0
29161,"Phelps, MO",2022,44660.0
29161,"Phelps, MO",2023,47434.0
29161,"Phelps, MO",2024,49505.0
29163,"Pike, MO",2019,36748.0
29163,"Pike, MO",2020,39693.0
29163,"Pike, MO",2021,41514.0
29163,"Pike, MO",2022,42068.0
29163,"Pike, MO",2023,44692.0
29163,"Pike, MO",2024,45370.0
29165,"Platte, MO",2019,58079.0
29165,"Platte, MO",2020,60819.0
29165,"Platte, MO",2021,66352.0
29165,"Platte, MO",2022,68613.0
29165,"Platte, MO",2023,72430.0
29165,"Platte, MO",2024,75607.0
29167,"Polk, MO",2019,36041.0
29167,"Polk, MO",2020,38536.0
29167,"Polk, MO",2021,41836.0
29167,"Polk, MO",2022,43282.0
29167,"Polk, MO",2023,45382.0
29167,"Polk, MO",2024,47173.0
29169,"Pulaski, MO",2019,41021.0
29169,"Pulaski, MO",2020,43889.0
29169,"Pulaski, MO",2021,45379.0
29169,"Pulaski, MO",2022,44520.0
29169,"Pulaski, MO",2023,47787.0
29169,"Pulaski, MO",2024,50340.0
29171,"Putnam, MO",2019,36792.0
29171,"Putnam, MO",2020,40498.0
29171,"Putnam, MO",2021,43970.0
29171,"Putnam, MO",2022,43490.0
29171,"Putnam, MO",2023,49212.0
29171,"Putnam, MO",2024,50694.0
29173,"Ralls, MO",2019,39772.0
29173,"Ralls, MO",2020,44481.0
29173,"Ralls, MO",2021,47237.0
29173,"Ralls, MO",2022,47993.0
29173,"Ralls, MO",2023,51925.0
29173,"Ralls, MO",2024,51680.0
29175,"Randolph, MO",2019,38729.0
29175,"Randolph, MO",2020,44129.0
29175,"Randolph, MO",2021,48384.0
29175,"Randolph, MO",2022,51557.0
29175,"Randolph, MO",2023,54385.0
29175,"Randolph, MO",2024,56731.0
29177,"Ray, MO",2019,42517.0
29177,"Ray, MO",2020,45241.0
29177,"Ray, MO",2021,48228.0
29177,"Ray, MO",2022,49062.0
29177,"Ray, MO",2023,51852.0
29177,"Ray, MO",2024,53809.0
29179,"Reynolds, MO",2019,35101.0
29179,"Reynolds, MO",2020,38386.0
29179,"Reynolds, MO",2021,41743.0
29179,"Reynolds, MO",2022,40471.0
29179,"Reynolds, MO",2023,42580.0
29179,"Reynolds, MO",2024,43576.0
29181,"Ripley, MO",2019,38086.0
29181,"Ripley, MO",2020,42402.0
29181,"Ripley, MO",2021,45371.0
29181,"Ripley, MO",2022,45378.0
29181,"Ripley, MO",2023,48032.0
29181,"Ripley, MO",2024,50061.0
29183,"St. Charles, MO",2019,55296.0
29183,"St. Charles, MO",2020,58068.0
29183,"St. Charles, MO",2021,62849.0
29183,"St. Charles, MO",2022,64724.0
29183,"St. Charles, MO",2023,68985.0
29183,"St. Charles, MO",2024,71954.0
29185,"St. Clair, MO",2019,31284.0
29185,"St. Clair, MO",2020,34266.0
29185,"St. Clair, MO",2021,37364.0
29185,"St. Clair, MO",2022,37298.0
29185,"St. Clair, MO",2023,41139.0
29185,"St. Clair, MO",2024,40999.0
29186,"Ste. Genevieve, MO",2019,40815.0
29186,"Ste. Genevieve, MO",2020,44075.0
29186,"Ste. Genevieve, MO",2021,47276.0
29186,"Ste. Genevieve, MO",2022,47458.0
29186,"Ste. Genevieve, MO",2023,51169.0
29186,"Ste. Genevieve, MO",2024,54731.0
29187,"St. Francois, MO",2019,35044.0
29187,"St. Francois, MO",2020,38187.0
29187,"St. Francois, MO",2021,41478.0
29187,"St. Francois, MO",2022,42482.0
29187,"St. Francois, MO",2023,45638.0
29187,"St. Francois, MO",2024,47116.0
29189,"St. Louis, MO",2019,71946.0
29189,"St. Louis, MO",2020,78956.0
29189,"St. Louis, MO",2021,89911.0
29189,"St. Louis, MO",2022,93142.0
29189,"St. Louis, MO",2023,100798.0
29189,"St. Louis, MO",2024,104775.0
29195,"Saline, MO",2019,37435.0
29195,"Saline, MO",2020,41844.0
29195,"Saline, MO",2021,45325.0
29195,"Saline, MO",2022,48459.0
29195,"Saline, MO",2023,51323.0
29195,"Saline, MO",2024,51364.0
29197,"Schuyler, MO",2019,32847.0
29197,"Schuyler, MO",2020,37553.0
29197,"Schuyler, MO",2021,40649.0
29197,"Schuyler, MO",2022,41537.0
29197,"Schuyler, MO",2023,45521.0
29197,"Schuyler, MO",2024,47087.0
29199,"Scotland, MO",2019,36599.0
29199,"Scotland, MO",2020,41865.0
29199,"Scotland, MO",2021,47935.0
29199,"Scotland, MO",2022,51388.0
29199,"Scotland, MO",2023,55249.0
29199,"Scotland, MO",2024,54845.0
29201,"Scott, MO",2019,41007.0
29201,"Scott, MO",2020,44708.0
29201,"Scott, MO",2021,49096.0
29201,"Scott, MO",2022,50224.0
29201,"Scott, MO",2023,53096.0
29201,"Scott, MO",2024,54217.0
29203,"Shannon, MO",2019,34982.0
29203,"Shannon, MO",2020,39213.0
29203,"Shannon, MO",2021,41567.0
29203,"Shannon, MO",2022,40361.0
29203,"Shannon, MO",2023,43684.0
29203,"Shannon, MO",2024,45728.0
29205,"Shelby, MO",2019,38901.0
29205,"Shelby, MO",2020,43803.0
29205,"Shelby, MO",2021,49279.0
29205,"Shelby, MO",2022,49852.0
29205,"Shelby, MO",2023,53775.0
29205,"Shelby, MO",2024,53410.0
29207,"Stoddard, MO",2019,37468.0
29207,"Stoddard, MO",2020,40200.0
29207,"Stoddard, MO",2021,45955.0
29207,"Stoddard, MO",2022,47260.0
29207,"Stoddard, MO",2023,48226.0
29207,"Stoddard, MO",2024,49889.0
29209,"Stone, MO",2019,41200.0
29209,"Stone, MO",2020,43788.0
29209,"Stone, MO",2021,47493.0
29209,"Stone, MO",2022,48675.0
29209,"Stone, MO",2023,52177.0
29209,"Stone, MO",2024,55320.0
29211,"Sullivan, MO",2019,39750.0
29211,"Sullivan, MO",2020,46007.0
29211,"Sullivan, MO",2021,46527.0
29211,"Sullivan, MO",2022,45030.0
29211,"Sullivan, MO",2023,51929.0
29211,"Sullivan, MO",2024,52864.0
29213,"Taney, MO",2019,37494.0
29213,"Taney, MO",2020,39819.0
29213,"Taney, MO",2021,44760.0
29213,"Taney, MO",2022,45663.0
29213,"Taney, MO",2023,49176.0
29213,"Taney, MO",2024,51959.0
29215,"Texas, MO",2019,30376.0
29215,"Texas, MO",2020,34556.0
29215,"Texas, MO",2021,36914.0
29215,"Texas, MO",2022,36817.0
29215,"Texas, MO",2023,39085.0
29215,"Texas, MO",2024,41160.0
29217,"Vernon, MO",2019,36110.0
29217,"Vernon, MO",2020,40236.0
29217,"Vernon, MO",2021,43204.0
29217,"Vernon, MO",2022,44498.0
29217,"Vernon, MO",2023,47876.0
29217,"Vernon, MO",2024,48003.0
29219,"Warren, MO",2019,44490.0
29219,"Warren, MO",2020,46364.0
29219,"Warren, MO",2021,50234.0
29219,"Warren, MO",2022,51198.0
29219,"Warren, MO",2023,54295.0
29219,"Warren, MO",2024,56344.0
29221,"Washington, MO",2019,31947.0
29221,"Washington, MO",2020,34915.0
29221,"Washington, MO",2021,37641.0
29221,"Washington, MO",2022,37930.0
29221,"Washington, MO",2023,40396.0
29221,"Washington, MO",2024,42203.0
29223,"Wayne, MO",2019,35287.0
29223,"Wayne, MO",2020,39431.0
29223,"Wayne, MO",2021,42046.0
29223,"Wayne, MO",2022,42075.0
29223,"Wayne, MO",2023,45912.0
29223,"Wayne, MO",2024,48370.0
29225,"Webster, MO",2019,34406.0
29225,"Webster, MO",2020,37297.0
29225,"Webster, MO",2021,41568.0
29225,"Webster, MO",2022,41862.0
29225,"Webster, MO",2023,44137.0
29225,"Webster, MO",2024,46598.0
29227,"Worth, MO",2019,37375.0
29227,"Worth, MO",2020,42184.0
29227,"Worth, MO",2021,42640.0
29227,"Worth, MO",2022,42741.0
29227,"Worth, MO",2023,48763.0
29227,"Worth, MO",2024,49216.0
29229,"Wright, MO",2019,32781.0
29229,"Wright, MO",2020,36199.0
29229,"Wright, MO",2021,39122.0
29229,"Wright, MO",2022,38778.0
29229,"Wright, MO",2023,40518.0
29229,"Wright, MO",2024,42813.0
29510,"St. Louis (Independent City), MO",2019,48128.0
29510,"St. Louis (Independent City), MO",2020,51312.0
29510,"St. Louis (Independent City), MO",2021,55078.0
29510,"St. Louis (Independent City), MO",2022,59103.0
29510,"St. Louis (Independent City), MO",2023,63640.0
29510,"St. Louis (Independent City), MO",2024,66606.0
30001,"Beaverhead, MT",2019,48210.0
30001,"Beaverhead, MT",2020,52986.0
30001,"Beaverhead, MT",2021,58385.0
30001,"Beaverhead, MT",2022,58781.0
30001,"Beaverhead, MT",2023,60782.0
30001,"Beaverhead, MT",2024,62086.0
30003,"Big Horn, MT",2019,31375.0
30003,"Big Horn, MT",2020,35785.0
30003,"Big Horn, MT",2021,36597.0
30003,"Big Horn, MT",2022,38252.0
30003,"Big Horn, MT",2023,39028.0
30003,"Big Horn, MT",2024,39918.0
30005,"Blaine, MT",2019,28807.0
30005,"Blaine, MT",2020,32726.0
30005,"Blaine, MT",2021,33896.0
30005,"Blaine, MT",2022,38108.0
30005,"Blaine, MT",2023,39071.0
30005,"Blaine, MT",2024,37554.0
30007,"Broadwater, MT",2019,43859.0
30007,"Broadwater, MT",2020,47038.0
30007,"Broadwater, MT",2021,51025.0
30007,"Broadwater, MT",2022,52237.0
30007,"Broadwater, MT",2023,55626.0
30007,"Broadwater, MT",2024,57021.0
30009,"Carbon, MT",2019,55139.0
30009,"Carbon, MT",2020,58323.0
30009,"Carbon, MT",2021,64991.0
30009,"Carbon, MT",2022,64832.0
30009,"Carbon, MT",2023,69251.0
30009,"Carbon, MT",2024,71349.0
30011,"Carter, MT",2019,35341.0
30011,"Carter, MT",2020,41780.0
30011,"Carter, MT",2021,40323.0
30011,"Carter, MT",2022,45694.0
30011,"Carter, MT",2023,45821.0
30011,"Carter, MT",2024,53344.0
30013,"Cascade, MT",2019,46852.0
30013,"Cascade, MT",2020,50405.0
30013,"Cascade, MT",2021,55094.0
30013,"Cascade, MT",2022,57467.0
30013,"Cascade, MT",2023,60281.0
30013,"Cascade, MT",2024,63865.0
30015,"Chouteau, MT",2019,39095.0
30015,"Chouteau, MT",2020,45980.0
30015,"Chouteau, MT",2021,40174.0
30015,"Chouteau, MT",2022,56331.0
30015,"Chouteau, MT",2023,58059.0
30015,"Chouteau, MT",2024,51888.0
30017,"Custer, MT",2019,44677.0
30017,"Custer, MT",2020,47890.0
30017,"Custer, MT",2021,50371.0
30017,"Custer, MT",2022,53904.0
30017,"Custer, MT",2023,54808.0
30017,"Custer, MT",2024,58945.0
30019,"Daniels, MT",2019,48930.0
30019,"Daniels, MT",2020,57301.0
30019,"Daniels, MT",2021,59092.0
30019,"Daniels, MT",2022,64957.0
30019,"Daniels, MT",2023,60502.0
30019,"Daniels, MT",2024,61349.0
30021,"Dawson, MT",2019,44577.0
30021,"Dawson, MT",2020,46403.0
30021,"Dawson, MT",2021,48854.0
30021,"Dawson, MT",2022,51407.0
30021,"Dawson, MT",2023,52932.0
30021,"Dawson, MT",2024,55246.0
30023,"Deer Lodge, MT",2019,40155.0
30023,"Deer Lodge, MT",2020,43548.0
30023,"Deer Lodge, MT",2021,47191.0
30023,"Deer Lodge, MT",2022,48686.0
30023,"Deer Lodge, MT",2023,51695.0
30023,"Deer Lodge, MT",2024,53613.0
30025,"Fallon, MT",2019,46310.0
30025,"Fallon, MT",2020,48427.0
30025,"Fallon, MT",2021,50300.0
30025,"Fallon, MT",2022,51584.0
30025,"Fallon, MT",2023,55580.0
30025,"Fallon, MT",2024,58363.0
30027,"Fergus, MT",2019,43847.0
30027,"Fergus, MT",2020,45622.0
30027,"Fergus, MT",2021,49148.0
30027,"Fergus, MT",2022,53797.0
30027,"Fergus, MT",2023,55542.0
30027,"Fergus, MT",2024,56801.0
30029,"Flathead, MT",2019,50614.0
30029,"Flathead, MT",2020,55536.0
30029,"Flathead, MT",2021,62038.0
30029,"Flathead, MT",2022,65526.0
30029,"Flathead, MT",2023,69824.0
30029,"Flathead, MT",2024,73843.0
30031,"Gallatin, MT",2019,59028.0
30031,"Gallatin, MT",2020,63954.0
30031,"Gallatin, MT",2021,75994.0
30031,"Gallatin, MT",2022,82724.0
30031,"Gallatin, MT",2023,89821.0
30031,"Gallatin, MT",2024,94573.0
30033,"Garfield, MT",2019,34870.0
30033,"Garfield, MT",2020,42146.0
30033,"Garfield, MT",2021,37574.0
30033,"Garfield, MT",2022,51024.0
30033,"Garfield, MT",2023,49833.0
30033,"Garfield, MT",2024,45475.0
30035,"Glacier, MT",2019,37170.0
30035,"Glacier, MT",2020,41132.0
30035,"Glacier, MT",2021,41698.0
30035,"Glacier, MT",2022,46291.0
30035,"Glacier, MT",2023,49283.0
30035,"Glacier, MT",2024,49371.0
30037,"Golden Valley, MT",2019,49825.0
30037,"Golden Valley, MT",2020,56259.0
30037,"Golden Valley, MT",2021,66875.0
30037,"Golden Valley, MT",2022,55235.0
30037,"Golden Valley, MT",2023,58882.0
30037,"Golden Valley, MT",2024,59238.0
30039,"Granite, MT",2019,45885.0
30039,"Granite, MT",2020,51368.0
30039,"Granite, MT",2021,60857.0
30039,"Granite, MT",2022,52121.0
30039,"Granite, MT",2023,55090.0
30039,"Granite, MT",2024,58258.0
30041,"Hill, MT",2019,45677.0
30041,"Hill, MT",2020,49292.0
30041,"Hill, MT",2021,51856.0
30041,"Hill, MT",2022,54697.0
30041,"Hill, MT",2023,57151.0
30041,"Hill, MT",2024,57147.0
30043,"Jefferson, MT",2019,50793.0
30043,"Jefferson, MT",2020,53931.0
30043,"Jefferson, MT",2021,59338.0
30043,"Jefferson, MT",2022,60487.0
30043,"Jefferson, MT",2023,64809.0
30043,"Jefferson, MT",2024,68296.0
30045,"Judith Basin, MT",2019,47742.0
30045,"Judith Basin, MT",2020,53003.0
30045,"Judith Basin, MT",2021,47520.0
30045,"Judith Basin, MT",2022,59808.0
30045,"Judith Basin, MT",2023,59996.0
30045,"Judith Basin, MT",2024,59113.0
30047,"Lake, MT",2019,39921.0
30047,"Lake, MT",2020,43428.0
30047,"Lake, MT",2021,47920.0
30047,"Lake, MT",2022,47405.0
30047,"Lake, MT",2023,50868.0
30047,"Lake, MT",2024,53778.0
30049,"Lewis and Clark, MT",2019,49967.0
30049,"Lewis and Clark, MT",2020,53781.0
30049,"Lewis and Clark, MT",2021,58746.0
30049,"Lewis and Clark, MT",2022,59370.0
30049,"Lewis and Clark, MT",2023,63782.0
30049,"Lewis and Clark, MT",2024,67391.0
30051,"Liberty, MT",2019,55785.0
30051,"Liberty, MT",2020,63030.0
30051,"Liberty, MT",2021,57512.0
30051,"Liberty, MT",2022,70344.0
30051,"Liberty, MT",2023,76142.0
30051,"Liberty, MT",2024,68039.0
30053,"Lincoln, MT",2019,38604.0
30053,"Lincoln, MT",2020,41954.0
30053,"Lincoln, MT",2021,45353.0
30053,"Lincoln, MT",2022,45741.0
30053,"Lincoln, MT",2023,47544.0
30053,"Lincoln, MT",2024,50196.0
30055,"McCone, MT",2019,37817.0
30055,"McCone, MT",2020,43573.0
30055,"McCone, MT",2021,53843.0
30055,"McCone, MT",2022,54422.0
30055,"McCone, MT",2023,50333.0
30055,"McCone, MT",2024,45628.0
30057,"Madison, MT",2019,65882.0
30057,"Madison, MT",2020,67956.0
30057,"Madison, MT",2021,79969.0
30057,"Madison, MT",2022,71901.0
30057,"Madison, MT",2023,76608.0
30057,"Madison, MT",2024,78911.0
30059,"Meagher, MT",2019,43490.0
30059,"Meagher, MT",2020,47942.0
30059,"Meagher, MT",2021,48903.0
30059,"Meagher, MT",2022,54853.0
30059,"Meagher, MT",2023,58603.0
30059,"Meagher, MT",2024,60748.0
30061,"Mineral, MT",2019,41061.0
30061,"Mineral, MT",2020,44159.0
30061,"Mineral, MT",2021,47050.0
30061,"Mineral, MT",2022,44674.0
30061,"Mineral, MT",2023,48363.0
30061,"Mineral, MT",2024,50972.0
30063,"Missoula, MT",2019,53150.0
30063,"Missoula, MT",2020,57773.0
30063,"Missoula, MT",2021,62444.0
30063,"Missoula, MT",2022,64877.0
30063,"Missoula, MT",2023,70381.0
30063,"Missoula, MT",2024,74223.0
30065,"Musselshell, MT",2019,44222.0
30065,"Musselshell, MT",2020,47593.0
30065,"Musselshell, MT",2021,49892.0
30065,"Musselshell, MT",2022,49164.0
30065,"Musselshell, MT",2023,50175.0
30065,"Musselshell, MT",2024,52084.0
30067,"Park, MT",2019,50603.0
30067,"Park, MT",2020,53432.0
30067,"Park, MT",2021,61125.0
30067,"Park, MT",2022,62777.0
30067,"Park, MT",2023,68889.0
30067,"Park, MT",2024,71155.0
30069,"Petroleum, MT",2019,34004.0
30069,"Petroleum, MT",2020,37448.0
30069,"Petroleum, MT",2021,32958.0
30069,"Petroleum, MT",2022,40588.0
30069,"Petroleum, MT",2023,40392.0
30069,"Petroleum, MT",2024,42202.0
30071,"Phillips, MT",2019,38652.0
30071,"Phillips, MT",2020,42429.0
30071,"Phillips, MT",2021,43957.0
30071,"Phillips, MT",2022,46662.0
30071,"Phillips, MT",2023,47013.0
30071,"Phillips, MT",2024,46151.0
30073,"Pondera, MT",2019,49141.0
30073,"Pondera, MT",2020,56394.0
30073,"Pondera, MT",2021,54407.0
30073,"Pondera, MT",2022,62256.0
30073,"Pondera, MT",2023,68237.0
30073,"Pondera, MT",2024,66020.0
30075,"Powder River, MT",2019,33564.0
30075,"Powder River, MT",2020,40905.0
30075,"Powder River, MT",2021,39134.0
30075,"Powder River, MT",2022,45667.0
30075,"Powder River, MT",2023,46368.0
30075,"Powder River, MT",2024,51522.0
30077,"Powell, MT",2019,45042.0
30077,"Powell, MT",2020,50432.0
30077,"Powell, MT",2021,52857.0
30077,"Powell, MT",2022,49323.0
30077,"Powell, MT",2023,54914.0
30077,"Powell, MT",2024,56516.0
30079,"Prairie, MT",2019,46320.0
30079,"Prairie, MT",2020,50762.0
30079,"Prairie, MT",2021,50627.0
30079,"Prairie, MT",2022,56547.0
30079,"Prairie, MT",2023,57896.0
30079,"Prairie, MT",2024,61586.0
30081,"Ravalli, MT",2019,49399.0
30081,"Ravalli, MT",2020,51960.0
30081,"Ravalli, MT",2021,58482.0
30081,"Ravalli, MT",2022,59678.0
30081,"Ravalli, MT",2023,65018.0
30081,"Ravalli, MT",2024,68354.0
30083,"Richland, MT",2019,59151.0
30083,"Richland, MT",2020,58840.0
30083,"Richland, MT",2021,61962.0
30083,"Richland, MT",2022,68197.0
30083,"Richland, MT",2023,72767.0
30083,"Richland, MT",2024,76508.0
30085,"Roosevelt, MT",2019,36529.0
30085,"Roosevelt, MT",2020,39488.0
30085,"Roosevelt, MT",2021,43206.0
30085,"Roosevelt, MT",2022,44443.0
30085,"Roosevelt, MT",2023,45402.0
30085,"Roosevelt, MT",2024,46258.0
30087,"Rosebud, MT",2019,47377.0
30087,"Rosebud, MT",2020,51146.0
30087,"Rosebud, MT",2021,53513.0
30087,"Rosebud, MT",2022,54157.0
30087,"Rosebud, MT",2023,55367.0
30087,"Rosebud, MT",2024,58043.0
30089,"Sanders, MT",2019,36822.0
30089,"Sanders, MT",2020,40807.0
30089,"Sanders, MT",2021,44823.0
30089,"Sanders, MT",2022,43437.0
30089,"Sanders, MT",2023,47036.0
30089,"Sanders, MT",2024,49189.0
30091,"Sheridan, MT",2019,46740.0
30091,"Sheridan, MT",2020,53307.0
30091,"Sheridan, MT",2021,56911.0
30091,"Sheridan, MT",2022,54548.0
30091,"Sheridan, MT",2023,54774.0
30091,"Sheridan, MT",2024,57210.0
30093,"Silver Bow, MT",2019,47941.0
30093,"Silver Bow, MT",2020,50069.0
30093,"Silver Bow, MT",2021,55218.0
30093,"Silver Bow, MT",2022,57675.0
30093,"Silver Bow, MT",2023,59722.0
30093,"Silver Bow, MT",2024,62254.0
30095,"Stillwater, MT",2019,58617.0
30095,"Stillwater, MT",2020,62314.0
30095,"Stillwater, MT",2021,68566.0
30095,"Stillwater, MT",2022,65372.0
30095,"Stillwater, MT",2023,69569.0
30095,"Stillwater, MT",2024,71714.0
30097,"Sweet Grass, MT",2019,50734.0
30097,"Sweet Grass, MT",2020,53638.0
30097,"Sweet Grass, MT",2021,58451.0
30097,"Sweet Grass, MT",2022,57142.0
30097,"Sweet Grass, MT",2023,63589.0
30097,"Sweet Grass, MT",2024,66533.0
30099,"Teton, MT",2019,48223.0
30099,"Teton, MT",2020,52921.0
30099,"Teton, MT",2021,53123.0
30099,"Teton, MT",2022,59818.0
30099,"Teton, MT",2023,61599.0
30099,"Teton, MT",2024,60585.0
30101,"Toole, MT",2019,49443.0
30101,"Toole, MT",2020,55903.0
30101,"Toole, MT",2021,52689.0
30101,"Toole, MT",2022,61245.0
30101,"Toole, MT",2023,66589.0
30101,"Toole, MT",2024,63456.0
30103,"Treasure, MT",2019,51431.0
30103,"Treasure, MT",2020,58045.0
30103,"Treasure, MT",2021,48292.0
30103,"Treasure, MT",2022,56895.0
30103,"Treasure, MT",2023,60089.0
30103,"Treasure, MT",2024,62413.0
30105,"Valley, MT",2019,45647.0
30105,"Valley, MT",2020,49716.0
30105,"Valley, MT",2021,59671.0
30105,"Valley, MT",2022,61484.0
30105,"Valley, MT",2023,60304.0
30105,"Valley, MT",2024,59938.0
30107,"Wheatland, MT",2019,39461.0
30107,"Wheatland, MT",2020,45108.0
30107,"Wheatland, MT",2021,49856.0
30107,"Wheatland, MT",2022,51843.0
30107,"Wheatland, MT",2023,54643.0
30107,"Wheatland, MT",2024,54956.0
30109,"Wibaux, MT",2019,41208.0
30109,"Wibaux, MT",2020,44485.0
30109,"Wibaux, MT",2021,50104.0
30109,"Wibaux, MT",2022,47904.0
30109,"Wibaux, MT",2023,47577.0
30109,"Wibaux, MT",2024,50865.0
30111,"Yellowstone, MT",2019,52393.0
30111,"Yellowstone, MT",2020,55681.0
30111,"Yellowstone, MT",2021,61882.0
30111,"Yellowstone, MT",2022,65839.0
30111,"Yellowstone, MT",2023,69792.0
30111,"Yellowstone, MT",2024,72985.0
31001,"Adams, NE",2019,50114.0
31001,"Adams, NE",2020,53085.0
31001,"Adams, NE",2021,59441.0
31001,"Adams, NE",2022,63095.0
31001,"Adams, NE",2023,68176.0
31001,"Adams, NE",2024,69000.0
31003,"Antelope, NE",2019,58218.0
31003,"Antelope, NE",2020,70681.0
31003,"Antelope, NE",2021,77729.0
31003,"Antelope, NE",2022,70558.0
31003,"Antelope, NE",2023,75773.0
31003,"Antelope, NE",2024,67936.0
31005,"Arthur, NE",2019,49704.0
31005,"Arthur, NE",2020,54602.0
31005,"Arthur, NE",2021,58303.0
31005,"Arthur, NE",2022,54241.0
31005,"Arthur, NE",2023,75024.0
31005,"Arthur, NE",2024,71520.0
31007,"Banner, NE",2019,60666.0
31007,"Banner, NE",2020,65341.0
31007,"Banner, NE",2021,74295.0
31007,"Banner, NE",2022,72247.0
31007,"Banner, NE",2023,80999.0
31007,"Banner, NE",2024,69174.0
31009,"Blaine, NE",2019,60089.0
31009,"Blaine, NE",2020,71409.0
31009,"Blaine, NE",2021,64043.0
31009,"Blaine, NE",2022,57931.0
31009,"Blaine, NE",2023,82348.0
31009,"Blaine, NE",2024,78081.0
31011,"Boone, NE",2019,58125.0
31011,"Boone, NE",2020,63833.0
31011,"Boone, NE",2021,77197.0
31011,"Boone, NE",2022,66367.0
31011,"Boone, NE",2023,82073.0
31011,"Boone, NE",2024,71845.0
31013,"Box Butte, NE",2019,49035.0
31013,"Box Butte, NE",2020,52654.0
31013,"Box Butte, NE",2021,57044.0
31013,"Box Butte, NE",2022,57033.0
31013,"Box Butte, NE",2023,59685.0
31013,"Box Butte, NE",2024,60772.0
31015,"Boyd, NE",2019,58322.0
31015,"Boyd, NE",2020,61428.0
31015,"Boyd, NE",2021,77933.0
31015,"Boyd, NE",2022,78522.0
31015,"Boyd, NE",2023,77355.0
31015,"Boyd, NE",2024,72329.0
31017,"Brown, NE",2019,58115.0
31017,"Brown, NE",2020,65790.0
31017,"Brown, NE",2021,68310.0
31017,"Brown, NE",2022,61177.0
31017,"Brown, NE",2023,72396.0
31017,"Brown, NE",2024,66288.0
31019,"Buffalo, NE",2019,55453.0
31019,"Buffalo, NE",2020,61416.0
31019,"Buffalo, NE",2021,77875.0
31019,"Buffalo, NE",2022,68468.0
31019,"Buffalo, NE",2023,73290.0
31019,"Buffalo, NE",2024,72681.0
31021,"Burt, NE",2019,47300.0
31021,"Burt, NE",2020,50952.0
31021,"Burt, NE",2021,58780.0
31021,"Burt, NE",2022,55047.0
31021,"Burt, NE",2023,61966.0
31021,"Burt, NE",2024,61483.0
31023,"Butler, NE",2019,49070.0
31023,"Butler, NE",2020,53515.0
31023,"Butler, NE",2021,63711.0
31023,"Butler, NE",2022,66507.0
31023,"Butler, NE",2023,71379.0
31023,"Butler, NE",2024,70817.0
31025,"Cass, NE",2019,52919.0
31025,"Cass, NE",2020,56807.0
31025,"Cass, NE",2021,63252.0
31025,"Cass, NE",2022,63577.0
31025,"Cass, NE",2023,66753.0
31025,"Cass, NE",2024,68296.0
31027,"Cedar, NE",2019,51074.0
31027,"Cedar, NE",2020,56831.0
31027,"Cedar, NE",2021,69144.0
31027,"Cedar, NE",2022,65141.0
31027,"Cedar, NE",2023,72187.0
31027,"Cedar, NE",2024,66441.0
31029,"Chase, NE",2019,59803.0
31029,"Chase, NE",2020,70943.0
31029,"Chase, NE",2021,74955.0
31029,"Chase, NE",2022,73936.0
31029,"Chase, NE",2023,80701.0
31029,"Chase, NE",2024,75006.0
31031,"Cherry, NE",2019,47161.0
31031,"Cherry, NE",2020,54389.0
31031,"Cherry, NE",2021,57997.0
31031,"Cherry, NE",2022,56904.0
31031,"Cherry, NE",2023,68490.0
31031,"Cherry, NE",2024,68685.0
31033,"Cheyenne, NE",2019,48167.0
31033,"Cheyenne, NE",2020,49614.0
31033,"Cheyenne, NE",2021,54364.0
31033,"Cheyenne, NE",2022,51118.0
31033,"Cheyenne, NE",2023,53843.0
31033,"Cheyenne, NE",2024,55224.0
31035,"Clay, NE",2019,53417.0
31035,"Clay, NE",2020,58850.0
31035,"Clay, NE",2021,68768.0
31035,"Clay, NE",2022,63435.0
31035,"Clay, NE",2023,70224.0
31035,"Clay, NE",2024,66993.0
31037,"Colfax, NE",2019,44108.0
31037,"Colfax, NE",2020,50180.0
31037,"Colfax, NE",2021,58522.0
31037,"Colfax, NE",2022,56331.0
31037,"Colfax, NE",2023,59093.0
31037,"Colfax, NE",2024,57157.0
31039,"Cuming, NE",2019,65568.0
31039,"Cuming, NE",2020,74897.0
31039,"Cuming, NE",2021,78069.0
31039,"Cuming, NE",2022,74820.0
31039,"Cuming, NE",2023,89052.0
31039,"Cuming, NE",2024,80462.0
31041,"Custer, NE",2019,49462.0
31041,"Custer, NE",2020,57341.0
31041,"Custer, NE",2021,62109.0
31041,"Custer, NE",2022,58600.0
31041,"Custer, NE",2023,66465.0
31041,"Custer, NE",2024,63791.0
31043,"Dakota, NE",2019,40759.0
31043,"Dakota, NE",2020,42760.0
31043,"Dakota, NE",2021,50131.0
31043,"Dakota, NE",2022,58561.0
31043,"Dakota, NE",2023,63657.0
31043,"Dakota, NE",2024,63590.0
31045,"Dawes, NE",2019,38974.0
31045,"Dawes, NE",2020,44392.0
31045,"Dawes, NE",2021,48376.0
31045,"Dawes, NE",2022,46199.0
31045,"Dawes, NE",2023,50492.0
31045,"Dawes, NE",2024,53452.0
31047,"Dawson, NE",2019,44297.0
31047,"Dawson, NE",2020,48871.0
31047,"Dawson, NE",2021,53289.0
31047,"Dawson, NE",2022,51698.0
31047,"Dawson, NE",2023,54506.0
31047,"Dawson, NE",2024,55197.0
31049,"Deuel, NE",2019,39959.0
31049,"Deuel, NE",2020,44119.0
31049,"Deuel, NE",2021,48500.0
31049,"Deuel, NE",2022,47152.0
31049,"Deuel, NE",2023,47696.0
31049,"Deuel, NE",2024,46222.0
31051,"Dixon, NE",2019,45330.0
31051,"Dixon, NE",2020,50722.0
31051,"Dixon, NE",2021,58745.0
31051,"Dixon, NE",2022,57884.0
31051,"Dixon, NE",2023,63190.0
31051,"Dixon, NE",2024,60465.0
31053,"Dodge, NE",2019,47397.0
31053,"Dodge, NE",2020,50513.0
31053,"Dodge, NE",2021,57160.0
31053,"Dodge, NE",2022,61682.0
31053,"Dodge, NE",2023,61721.0
31053,"Dodge, NE",2024,62469.0
31055,"Douglas, NE",2019,61953.0
31055,"Douglas, NE",2020,64171.0
31055,"Douglas, NE",2021,70198.0
31055,"Douglas, NE",2022,76692.0
31055,"Douglas, NE",2023,83278.0
31055,"Douglas, NE",2024,85842.0
31057,"Dundy, NE",2019,70963.0
31057,"Dundy, NE",2020,86686.0
31057,"Dundy, NE",2021,93363.0
31057,"Dundy, NE",2022,98270.0
31057,"Dundy, NE",2023,108914.0
31057,"Dundy, NE",2024,98564.0
31059,"Fillmore, NE",2019,56805.0
31059,"Fillmore, NE",2020,61796.0
31059,"Fillmore, NE",2021,70823.0
31059,"Fillmore, NE",2022,74906.0
31059,"Fillmore, NE",2023,81528.0
31059,"Fillmore, NE",2024,79223.0
31061,"Franklin, NE",2019,53009.0
31061,"Franklin, NE",2020,60791.0
31061,"Franklin, NE",2021,75736.0
31061,"Franklin, NE",2022,61519.0
31061,"Franklin, NE",2023,70707.0
31061,"Franklin, NE",2024,64303.0
31063,"Frontier, NE",2019,40013.0
31063,"Frontier, NE",2020,46941.0
31063,"Frontier, NE",2021,58941.0
31063,"Frontier, NE",2022,55913.0
31063,"Frontier, NE",2023,59765.0
31063,"Frontier, NE",2024,48453.0
31065,"Furnas, NE",2019,46260.0
31065,"Furnas, NE",2020,50735.0
31065,"Furnas, NE",2021,61496.0
31065,"Furnas, NE",2022,61182.0
31065,"Furnas, NE",2023,67772.0
31065,"Furnas, NE",2024,57331.0
31067,"Gage, NE",2019,48612.0
31067,"Gage, NE",2020,51274.0
31067,"Gage, NE",2021,61495.0
31067,"Gage, NE",2022,75117.0
31067,"Gage, NE",2023,80390.0
31067,"Gage, NE",2024,80959.0
31069,"Garden, NE",2019,47673.0
31069,"Garden, NE",2020,51059.0
31069,"Garden, NE",2021,56351.0
31069,"Garden, NE",2022,58047.0
31069,"Garden, NE",2023,64470.0
31069,"Garden, NE",2024,62150.0
31071,"Garfield, NE",2019,46432.0
31071,"Garfield, NE",2020,51220.0
31071,"Garfield, NE",2021,55538.0
31071,"Garfield, NE",2022,50941.0
31071,"Garfield, NE",2023,61236.0
31071,"Garfield, NE",2024,60716.0
31073,"Gosper, NE",2019,51491.0
31073,"Gosper, NE",2020,60277.0
31073,"Gosper, NE",2021,70105.0
31073,"Gosper, NE",2022,68478.0
31073,"Gosper, NE",2023,73516.0
31073,"Gosper, NE",2024,69420.0
31075,"Grant, NE",2019,49388.0
31075,"Grant, NE",2020,54065.0
31075,"Grant, NE",2021,58738.0
31075,"Grant, NE",2022,49525.0
31075,"Grant, NE",2023,60335.0
31075,"Grant, NE",2024,61485.0
31077,"Greeley, NE",2019,52865.0
31077,"Greeley, NE",2020,60231.0
31077,"Greeley, NE",2021,72099.0
31077,"Greeley, NE",2022,65708.0
31077,"Greeley, NE",2023,77995.0
31077,"Greeley, NE",2024,74981.0
31079,"Hall, NE",2019,43087.0
31079,"Hall, NE",2020,46741.0
31079,"Hall, NE",2021,53297.0
31079,"Hall, NE",2022,55627.0
31079,"Hall, NE",2023,59476.0
31079,"Hall, NE",2024,61566.0
31081,"Hamilton, NE",2019,53152.0
31081,"Hamilton, NE",2020,60755.0
31081,"Hamilton, NE",2021,68123.0
31081,"Hamilton, NE",2022,68050.0
31081,"Hamilton, NE",2023,74744.0
31081,"Hamilton, NE",2024,72727.0
31083,"Harlan, NE",2019,57401.0
31083,"Harlan, NE",2020,62841.0
31083,"Harlan, NE",2021,68474.0
31083,"Harlan, NE",2022,65239.0
31083,"Harlan, NE",2023,77568.0
31083,"Harlan, NE",2024,73374.0
31085,"Hayes, NE",2019,71084.0
31085,"Hayes, NE",2020,92410.0
31085,"Hayes, NE",2021,91745.0
31085,"Hayes, NE",2022,82479.0
31085,"Hayes, NE",2023,93670.0
31085,"Hayes, NE",2024,72707.0
31087,"Hitchcock, NE",2019,42114.0
31087,"Hitchcock, NE",2020,48592.0
31087,"Hitchcock, NE",2021,62542.0
31087,"Hitchcock, NE",2022,64427.0
31087,"Hitchcock, NE",2023,66601.0
31087,"Hitchcock, NE",2024,59521.0
31089,"Holt, NE",2019,52500.0
31089,"Holt, NE",2020,59234.0
31089,"Holt, NE",2021,69434.0
31089,"Holt, NE",2022,64258.0
31089,"Holt, NE",2023,69612.0
31089,"Holt, NE",2024,67010.0
31091,"Hooker, NE",2019,45319.0
31091,"Hooker, NE",2020,46448.0
31091,"Hooker, NE",2021,46859.0
31091,"Hooker, NE",2022,46987.0
31091,"Hooker, NE",2023,53202.0
31091,"Hooker, NE",2024,52245.0
31093,"Howard, NE",2019,47405.0
31093,"Howard, NE",2020,52556.0
31093,"Howard, NE",2021,58035.0
31093,"Howard, NE",2022,56871.0
31093,"Howard, NE",2023,61836.0
31093,"Howard, NE",2024,60107.0
31095,"Jefferson, NE",2019,47798.0
31095,"Jefferson, NE",2020,49412.0
31095,"Jefferson, NE",2021,58048.0
31095,"Jefferson, NE",2022,55716.0
31095,"Jefferson, NE",2023,61313.0
31095,"Jefferson, NE",2024,60466.0
31097,"Johnson, NE",2019,35188.0
31097,"Johnson, NE",2020,37696.0
31097,"Johnson, NE",2021,43938.0
31097,"Johnson, NE",2022,44202.0
31097,"Johnson, NE",2023,45923.0
31097,"Johnson, NE",2024,45756.0
31099,"Kearney, NE",2019,57604.0
31099,"Kearney, NE",2020,61143.0
31099,"Kearney, NE",2021,73180.0
31099,"Kearney, NE",2022,77335.0
31099,"Kearney, NE",2023,104766.0
31099,"Kearney, NE",2024,99676.0
31101,"Keith, NE",2019,45056.0
31101,"Keith, NE",2020,50177.0
31101,"Keith, NE",2021,55770.0
31101,"Keith, NE",2022,55396.0
31101,"Keith, NE",2023,59649.0
31101,"Keith, NE",2024,59533.0
31103,"Keya Paha, NE",2019,53331.0
31103,"Keya Paha, NE",2020,67238.0
31103,"Keya Paha, NE",2021,68087.0
31103,"Keya Paha, NE",2022,58816.0
31103,"Keya Paha, NE",2023,66863.0
31103,"Keya Paha, NE",2024,64926.0
31105,"Kimball, NE",2019,45272.0
31105,"Kimball, NE",2020,51302.0
31105,"Kimball, NE",2021,56558.0
31105,"Kimball, NE",2022,61386.0
31105,"Kimball, NE",2023,63366.0
31105,"Kimball, NE",2024,64056.0
31107,"Knox, NE",2019,47536.0
31107,"Knox, NE",2020,53400.0
31107,"Knox, NE",2021,60272.0
31107,"Knox, NE",2022,62275.0
31107,"Knox, NE",2023,65741.0
31107,"Knox, NE",2024,64815.0
31109,"Lancaster, NE",2019,50392.0
31109,"Lancaster, NE",2020,53475.0
31109,"Lancaster, NE",2021,59552.0
31109,"Lancaster, NE",2022,61748.0
31109,"Lancaster, NE",2023,65394.0
31109,"Lancaster, NE",2024,68273.0
31111,"Lincoln, NE",2019,49355.0
31111,"Lincoln, NE",2020,53041.0
31111,"Lincoln, NE",2021,62213.0
31111,"Lincoln, NE",2022,66615.0
31111,"Lincoln, NE",2023,72485.0
31111,"Lincoln, NE",2024,71847.0
31113,"Logan, NE",2019,50180.0
31113,"Logan, NE",2020,54607.0
31113,"Logan, NE",2021,58523.0
31113,"Logan, NE",2022,57567.0
31113,"Logan, NE",2023,68222.0
31113,"Logan, NE",2024,63269.0
31115,"Loup, NE",2019,57559.0
31115,"Loup, NE",2020,62615.0
31115,"Loup, NE",2021,65988.0
31115,"Loup, NE",2022,60141.0
31115,"Loup, NE",2023,77313.0
31115,"Loup, NE",2024,75431.0
31117,"McPherson, NE",2019,52125.0
31117,"McPherson, NE",2020,69343.0
31117,"McPherson, NE",2021,69563.0
31117,"McPherson, NE",2022,63324.0
31117,"McPherson, NE",2023,87037.0
31117,"McPherson, NE",2024,74524.0
31119,"Madison, NE",2019,50688.0
31119,"Madison, NE",2020,53284.0
31119,"Madison, NE",2021,61186.0
31119,"Madison, NE",2022,63613.0
31119,"Madison, NE",2023,66139.0
31119,"Madison, NE",2024,68225.0
31121,"Merrick, NE",2019,48288.0
31121,"Merrick, NE",2020,52448.0
31121,"Merrick, NE",2021,58360.0
31121,"Merrick, NE",2022,59465.0
31121,"Merrick, NE",2023,65538.0
31121,"Merrick, NE",2024,64908.0
31123,"Morrill, NE",2019,57995.0
31123,"Morrill, NE",2020,66021.0
31123,"Morrill, NE",2021,70937.0
31123,"Morrill, NE",2022,69938.0
31123,"Morrill, NE",2023,83573.0
31123,"Morrill, NE",2024,79808.0
31125,"Nance, NE",2019,40287.0
31125,"Nance, NE",2020,44752.0
31125,"Nance, NE",2021,56064.0
31125,"Nance, NE",2022,51536.0
31125,"Nance, NE",2023,62542.0
31125,"Nance, NE",2024,53804.0
31127,"Nemaha, NE",2019,48079.0
31127,"Nemaha, NE",2020,49829.0
31127,"Nemaha, NE",2021,58964.0
31127,"Nemaha, NE",2022,57582.0
31127,"Nemaha, NE",2023,60157.0
31127,"Nemaha, NE",2024,59994.0
31129,"Nuckolls, NE",2019,52855.0
31129,"Nuckolls, NE",2020,57971.0
31129,"Nuckolls, NE",2021,70146.0
31129,"Nuckolls, NE",2022,65936.0
31129,"Nuckolls, NE",2023,82826.0
31129,"Nuckolls, NE",2024,73365.0
31131,"Otoe, NE",2019,54776.0
31131,"Otoe, NE",2020,55354.0
31131,"Otoe, NE",2021,61008.0
31131,"Otoe, NE",2022,58605.0
31131,"Otoe, NE",2023,61962.0
31131,"Otoe, NE",2024,62582.0
31133,"Pawnee, NE",2019,45316.0
31133,"Pawnee, NE",2020,51928.0
31133,"Pawnee, NE",2021,61529.0
31133,"Pawnee, NE",2022,57953.0
31133,"Pawnee, NE",2023,63977.0
31133,"Pawnee, NE",2024,55154.0
31135,"Perkins, NE",2019,64614.0
31135,"Perkins, NE",2020,74066.0
31135,"Perkins, NE",2021,92415.0
31135,"Perkins, NE",2022,100398.0
31135,"Perkins, NE",2023,92102.0
31135,"Perkins, NE",2024,82462.0
31137,"Phelps, NE",2019,54621.0
31137,"Phelps, NE",2020,60858.0
31137,"Phelps, NE",2021,67078.0
31137,"Phelps, NE",2022,62739.0
31137,"Phelps, NE",2023,71915.0
31137,"Phelps, NE",2024,71624.0
31139,"Pierce, NE",2019,55379.0
31139,"Pierce, NE",2020,60067.0
31139,"Pierce, NE",2021,76058.0
31139,"Pierce, NE",2022,97775.0
31139,"Pierce, NE",2023,121906.0
31139,"Pierce, NE",2024,112729.0
31141,"Platte, NE",2019,48246.0
31141,"Platte, NE",2020,51189.0
31141,"Platte, NE",2021,57853.0
31141,"Platte, NE",2022,57632.0
31141,"Platte, NE",2023,61643.0
31141,"Platte, NE",2024,61482.0
31143,"Polk, NE",2019,54115.0
31143,"Polk, NE",2020,57553.0
31143,"Polk, NE",2021,69482.0
31143,"Polk, NE",2022,68326.0
31143,"Polk, NE",2023,77213.0
31143,"Polk, NE",2024,74391.0
31145,"Red Willow, NE",2019,46314.0
31145,"Red Willow, NE",2020,50616.0
31145,"Red Willow, NE",2021,55494.0
31145,"Red Willow, NE",2022,55669.0
31145,"Red Willow, NE",2023,60724.0
31145,"Red Willow, NE",2024,60087.0
31147,"Richardson, NE",2019,48997.0
31147,"Richardson, NE",2020,53144.0
31147,"Richardson, NE",2021,60883.0
31147,"Richardson, NE",2022,58060.0
31147,"Richardson, NE",2023,61146.0
31147,"Richardson, NE",2024,61085.0
31149,"Rock, NE",2019,64785.0
31149,"Rock, NE",2020,75596.0
31149,"Rock, NE",2021,80414.0
31149,"Rock, NE",2022,79266.0
31149,"Rock, NE",2023,96058.0
31149,"Rock, NE",2024,92199.0
31151,"Saline, NE",2019,42500.0
31151,"Saline, NE",2020,43993.0
31151,"Saline, NE",2021,52452.0
31151,"Saline, NE",2022,51818.0
31151,"Saline, NE",2023,55927.0
31151,"Saline, NE",2024,55745.0
31153,"Sarpy, NE",2019,51758.0
31153,"Sarpy, NE",2020,54590.0
31153,"Sarpy, NE",2021,60133.0
31153,"Sarpy, NE",2022,62831.0
31153,"Sarpy, NE",2023,65568.0
31153,"Sarpy, NE",2024,67847.0
31155,"Saunders, NE",2019,53272.0
31155,"Saunders, NE",2020,56872.0
31155,"Saunders, NE",2021,64849.0
31155,"Saunders, NE",2022,66647.0
31155,"Saunders, NE",2023,71124.0
31155,"Saunders, NE",2024,71982.0
31157,"Scotts Bluff, NE",2019,45638.0
31157,"Scotts Bluff, NE",2020,49526.0
31157,"Scotts Bluff, NE",2021,52422.0
31157,"Scotts Bluff, NE",2022,53047.0
31157,"Scotts Bluff, NE",2023,57550.0
31157,"Scotts Bluff, NE",2024,60200.0
31159,"Seward, NE",2019,50772.0
31159,"Seward, NE",2020,54758.0
31159,"Seward, NE",2021,61192.0
31159,"Seward, NE",2022,63143.0
31159,"Seward, NE",2023,67784.0
31159,"Seward, NE",2024,68884.0
31161,"Sheridan, NE",2019,49538.0
31161,"Sheridan, NE",2020,56819.0
31161,"Sheridan, NE",2021,65184.0
31161,"Sheridan, NE",2022,63884.0
31161,"Sheridan, NE",2023,68074.0
31161,"Sheridan, NE",2024,69010.0
31163,"Sherman, NE",2019,45128.0
31163,"Sherman, NE",2020,49598.0
31163,"Sherman, NE",2021,60941.0
31163,"Sherman, NE",2022,56897.0
31163,"Sherman, NE",2023,65576.0
31163,"Sherman, NE",2024,58718.0
31165,"Sioux, NE",2019,60092.0
31165,"Sioux, NE",2020,67544.0
31165,"Sioux, NE",2021,76131.0
31165,"Sioux, NE",2022,72670.0
31165,"Sioux, NE",2023,85551.0
31165,"Sioux, NE",2024,85546.0
31167,"Stanton, NE",2019,47058.0
31167,"Stanton, NE",2020,52920.0
31167,"Stanton, NE",2021,62004.0
31167,"Stanton, NE",2022,60802.0
31167,"Stanton, NE",2023,66676.0
31167,"Stanton, NE",2024,62006.0
31169,"Thayer, NE",2019,52719.0
31169,"Thayer, NE",2020,59832.0
31169,"Thayer, NE",2021,69471.0
31169,"Thayer, NE",2022,63642.0
31169,"Thayer, NE",2023,72646.0
31169,"Thayer, NE",2024,70092.0
31171,"Thomas, NE",2019,55876.0
31171,"Thomas, NE",2020,60359.0
31171,"Thomas, NE",2021,63434.0
31171,"Thomas, NE",2022,66063.0
31171,"Thomas, NE",2023,66330.0
31171,"Thomas, NE",2024,71703.0
31173,"Thurston, NE",2019,41662.0
31173,"Thurston, NE",2020,48803.0
31173,"Thurston, NE",2021,57635.0
31173,"Thurston, NE",2022,57161.0
31173,"Thurston, NE",2023,67704.0
31173,"Thurston, NE",2024,59883.0
31175,"Valley, NE",2019,52095.0
31175,"Valley, NE",2020,59932.0
31175,"Valley, NE",2021,66334.0
31175,"Valley, NE",2022,66480.0
31175,"Valley, NE",2023,75997.0
31175,"Valley, NE",2024,71405.0
31177,"Washington, NE",2019,56645.0
31177,"Washington, NE",2020,60923.0
31177,"Washington, NE",2021,69139.0
31177,"Washington, NE",2022,69410.0
31177,"Washington, NE",2023,73480.0
31177,"Washington, NE",2024,75612.0
31179,"Wayne, NE",2019,43124.0
31179,"Wayne, NE",2020,46460.0
31179,"Wayne, NE",2021,52500.0
31179,"Wayne, NE",2022,53942.0
31179,"Wayne, NE",2023,58273.0
31179,"Wayne, NE",2024,55210.0
31181,"Webster, NE",2019,52139.0
31181,"Webster, NE",2020,57155.0
31181,"Webster, NE",2021,58756.0
31181,"Webster, NE",2022,57695.0
31181,"Webster, NE",2023,68186.0
31181,"Webster, NE",2024,62936.0
31183,"Wheeler, NE",2019,76462.0
31183,"Wheeler, NE",2020,73818.0
31183,"Wheeler, NE",2021,66531.0
31183,"Wheeler, NE",2022,58235.0
31183,"Wheeler, NE",2023,78064.0
31183,"Wheeler, NE",2024,63688.0
31185,"York, NE",2019,48619.0
31185,"York, NE",2020,53941.0
31185,"York, NE",2021,61303.0
31185,"York, NE",2022,63649.0
31185,"York, NE",2023,67691.0
31185,"York, NE",2024,66019.0
32001,"Churchill, NV",2019,45507.0
32001,"Churchill, NV",2020,50064.0
32001,"Churchill, NV",2021,55326.0
32001,"Churchill, NV",2022,54307.0
32001,"Churchill, NV",2023,57105.0
32001,"Churchill, NV",2024,59901.0
32003,"Clark, NV",2019,50433.0
32003,"Clark, NV",2020,52642.0
32003,"Clark, NV",2021,58410.0
32003,"Clark, NV",2022,60318.0
32003,"Clark, NV",2023,64058.0
32003,"Clark, NV",2024,66952.0
32005,"Douglas, NV",2019,75797.0
32005,"Douglas, NV",2020,83961.0
32005,"Douglas, NV",2021,94792.0
32005,"Douglas, NV",2022,95736.0
32005,"Douglas, NV",2023,104084.0
32005,"Douglas, NV",2024,109486.0
32007,"Elko, NV",2019,47275.0
32007,"Elko, NV",2020,50354.0
32007,"Elko, NV",2021,53878.0
32007,"Elko, NV",2022,54281.0
32007,"Elko, NV",2023,56431.0
32007,"Elko, NV",2024,58930.0
32009,"Esmeralda, NV",2019,50142.0
32009,"Esmeralda, NV",2020,48447.0
32009,"Esmeralda, NV",2021,66977.0
32009,"Esmeralda, NV",2022,61587.0
32009,"Esmeralda, NV",2023,66521.0
32009,"Esmeralda, NV",2024,64756.0
32011,"Eureka, NV",2019,47799.0
32011,"Eureka, NV",2020,47239.0
32011,"Eureka, NV",2021,49318.0
32011,"Eureka, NV",2022,52975.0
32011,"Eureka, NV",2023,51287.0
32011,"Eureka, NV",2024,52387.0
32013,"Humboldt, NV",2019,47618.0
32013,"Humboldt, NV",2020,51008.0
32013,"Humboldt, NV",2021,54116.0
32013,"Humboldt, NV",2022,54497.0
32013,"Humboldt, NV",2023,57736.0
32013,"Humboldt, NV",2024,60358.0
32015,"Lander, NV",2019,66774.0
32015,"Lander, NV",2020,68695.0
32015,"Lander, NV",2021,73716.0
32015,"Lander, NV",2022,77587.0
32015,"Lander, NV",2023,79216.0
32015,"Lander, NV",2024,83490.0
32017,"Lincoln, NV",2019,45477.0
32017,"Lincoln, NV",2020,49227.0
32017,"Lincoln, NV",2021,53230.0
32017,"Lincoln, NV",2022,50600.0
32017,"Lincoln, NV",2023,51983.0
32017,"Lincoln, NV",2024,57373.0
32019,"Lyon, NV",2019,40114.0
32019,"Lyon, NV",2020,43717.0
32019,"Lyon, NV",2021,46852.0
32019,"Lyon, NV",2022,48049.0
32019,"Lyon, NV",2023,49787.0
32019,"Lyon, NV",2024,52262.0
32021,"Mineral, NV",2019,41487.0
32021,"Mineral, NV",2020,47179.0
32021,"Mineral, NV",2021,48816.0
32021,"Mineral, NV",2022,46144.0
32021,"Mineral, NV",2023,48390.0
32021,"Mineral, NV",2024,51143.0
32023,"Nye, NV",2019,37309.0
32023,"Nye, NV",2020,39575.0
32023,"Nye, NV",2021,43070.0
32023,"Nye, NV",2022,42256.0
32023,"Nye, NV",2023,44702.0
32023,"Nye, NV",2024,47861.0
32027,"Pershing, NV",2019,32804.0
32027,"Pershing, NV",2020,37042.0
32027,"Pershing, NV",2021,41823.0
32027,"Pershing, NV",2022,41021.0
32027,"Pershing, NV",2023,43068.0
32027,"Pershing, NV",2024,45906.0
32029,"Storey, NV",2019,60413.0
32029,"Storey, NV",2020,68052.0
32029,"Storey, NV",2021,78480.0
32029,"Storey, NV",2022,75481.0
32029,"Storey, NV",2023,76881.0
32029,"Storey, NV",2024,83495.0
32031,"Washoe, NV",2019,60974.0
32031,"Washoe, NV",2020,65043.0
32031,"Washoe, NV",2021,75178.0
32031,"Washoe, NV",2022,77095.0
32031,"Washoe, NV",2023,82677.0
32031,"Washoe, NV",2024,86639.0
32033,"White Pine, NV",2019,48701.0
32033,"White Pine, NV",2020,53590.0
32033,"White Pine, NV",2021,59228.0
32033,"White Pine, NV",2022,58444.0
32033,"White Pine, NV",2023,63637.0
32033,"White Pine, NV",2024,68891.0
32510,"Carson City (Independent City), NV",2019,49979.0
32510,"Carson City (Independent City), NV",2020,55782.0
32510,"Carson City (Independent City), NV",2021,59568.0
32510,"Carson City (Independent City), NV",2022,60087.0
32510,"Carson City (Independent City), NV",2023,64323.0
32510,"Carson City (Independent City), NV",2024,68076.0
33001,"Belknap, NH",2019,63310.0
33001,"Belknap, NH",2020,67901.0
33001,"Belknap, NH",2021,71669.0
33001,"Belknap, NH",2022,75822.0
33001,"Belknap, NH",2023,81178.0
33001,"Belknap, NH",2024,85305.0
33003,"Carroll, NH",2019,61905.0
33003,"Carroll, NH",2020,66158.0
33003,"Carroll, NH",2021,70683.0
33003,"Carroll, NH",2022,74382.0
33003,"Carroll, NH",2023,80790.0
33003,"Carroll, NH",2024,85364.0
33005,"Cheshire, NH",2019,52996.0
33005,"Cheshire, NH",2020,57538.0
33005,"Cheshire, NH",2021,65581.0
33005,"Cheshire, NH",2022,64297.0
33005,"Cheshire, NH",2023,67074.0
33005,"Cheshire, NH",2024,70499.0
33007,"Coos, NH",2019,44741.0
33007,"Coos, NH",2020,49269.0
33007,"Coos, NH",2021,52997.0
33007,"Coos, NH",2022,53286.0
33007,"Coos, NH",2023,56900.0
33007,"Coos, NH",2024,60657.0
33009,"Grafton, NH",2019,64707.0
33009,"Grafton, NH",2020,68542.0
33009,"Grafton, NH",2021,74881.0
33009,"Grafton, NH",2022,75311.0
33009,"Grafton, NH",2023,81761.0
33009,"Grafton, NH",2024,85873.0
33011,"Hillsborough, NH",2019,62665.0
33011,"Hillsborough, NH",2020,65926.0
33011,"Hillsborough, NH",2021,74854.0
33011,"Hillsborough, NH",2022,73025.0
33011,"Hillsborough, NH",2023,76773.0
33011,"Hillsborough, NH",2024,80473.0
33013,"Merrimack, NH",2019,59617.0
33013,"Merrimack, NH",2020,63598.0
33013,"Merrimack, NH",2021,67164.0
33013,"Merrimack, NH",2022,70176.0
33013,"Merrimack, NH",2023,74339.0
33013,"Merrimack, NH",2024,78153.0
33015,"Rockingham, NH",2019,78268.0
33015,"Rockingham, NH",2020,81434.0
33015,"Rockingham, NH",2021,87843.0
33015,"Rockingham, NH",2022,92375.0
33015,"Rockingham, NH",2023,95714.0
33015,"Rockingham, NH",2024,100216.0
33017,"Strafford, NH",2019,53443.0
33017,"Strafford, NH",2020,57052.0
33017,"Strafford, NH",2021,60678.0
33017,"Strafford, NH",2022,63101.0
33017,"Strafford, NH",2023,65990.0
33017,"Strafford, NH",2024,69278.0
33019,"Sullivan, NH",2019,54713.0
33019,"Sullivan, NH",2020,58636.0
33019,"Sullivan, NH",2021,63999.0
33019,"Sullivan, NH",2022,64626.0
33019,"Sullivan, NH",2023,69046.0
33019,"Sullivan, NH",2024,72612.0
34001,"Atlantic, NJ",2019,49154.0
34001,"Atlantic, NJ",2020,54581.0
34001,"Atlantic, NJ",2021,57731.0
34001,"Atlantic, NJ",2022,57121.0
34001,"Atlantic, NJ",2023,60254.0
34001,"Atlantic, NJ",2024,63187.0
34003,"Bergen, NJ",2019,86871.0
34003,"Bergen, NJ",2020,88271.0
34003,"Bergen, NJ",2021,94761.0
34003,"Bergen, NJ",2022,96082.0
34003,"Bergen, NJ",2023,102137.0
34003,"Bergen, NJ",2024,106211.0
34005,"Burlington, NJ",2019,61572.0
34005,"Burlington, NJ",2020,65023.0
34005,"Burlington, NJ",2021,69787.0
34005,"Burlington, NJ",2022,70909.0
34005,"Burlington, NJ",2023,74874.0
34005,"Burlington, NJ",2024,78221.0
34007,"Camden, NJ",2019,53425.0
34007,"Camden, NJ",2020,56738.0
34007,"Camden, NJ",2021,61294.0
34007,"Camden, NJ",2022,61925.0
34007,"Camden, NJ",2023,65062.0
34007,"Camden, NJ",2024,67784.0
34009,"Cape May, NJ",2019,62184.0
34009,"Cape May, NJ",2020,68033.0
34009,"Cape May, NJ",2021,73556.0
34009,"Cape May, NJ",2022,73354.0
34009,"Cape May, NJ",2023,78224.0
34009,"Cape May, NJ",2024,82400.0
34011,"Cumberland, NJ",2019,40050.0
34011,"Cumberland, NJ",2020,43930.0
34011,"Cumberland, NJ",2021,48461.0
34011,"Cumberland, NJ",2022,47627.0
34011,"Cumberland, NJ",2023,49275.0
34011,"Cumberland, NJ",2024,50843.0
34013,"Essex, NJ",2019,63077.0
34013,"Essex, NJ",2020,67422.0
34013,"Essex, NJ",2021,74978.0
34013,"Essex, NJ",2022,76010.0
34013,"Essex, NJ",2023,79818.0
34013,"Essex, NJ",2024,82871.0
34015,"Gloucester, NJ",2019,55325.0
34015,"Gloucester, NJ",2020,58629.0
34015,"Gloucester, NJ",2021,62491.0
34015,"Gloucester, NJ",2022,62599.0
34015,"Gloucester, NJ",2023,65526.0
34015,"Gloucester, NJ",2024,68394.0
34017,"Hudson, NJ",2019,64149.0
34017,"Hudson, NJ",2020,64928.0
34017,"Hudson, NJ",2021,73293.0
34017,"Hudson, NJ",2022,75554.0
34017,"Hudson, NJ",2023,79908.0
34017,"Hudson, NJ",2024,82814.0
34019,"Hunterdon, NJ",2019,89668.0
34019,"Hunterdon, NJ",2020,91908.0
34019,"Hunterdon, NJ",2021,98549.0
34019,"Hunterdon, NJ",2022,99661.0
34019,"Hunterdon, NJ",2023,105298.0
34019,"Hunterdon, NJ",2024,109998.0
34021,"Mercer, NJ",2019,69532.0
34021,"Mercer, NJ",2020,71627.0
34021,"Mercer, NJ",2021,77884.0
34021,"Mercer, NJ",2022,79930.0
34021,"Mercer, NJ",2023,83763.0
34021,"Mercer, NJ",2024,87068.0
34023,"Middlesex, NJ",2019,60933.0
34023,"Middlesex, NJ",2020,64380.0
34023,"Middlesex, NJ",2021,70150.0
34023,"Middlesex, NJ",2022,70918.0
34023,"Middlesex, NJ",2023,74449.0
34023,"Middlesex, NJ",2024,77293.0
34025,"Monmouth, NJ",2019,81569.0
34025,"Monmouth, NJ",2020,84729.0
34025,"Monmouth, NJ",2021,91265.0
34025,"Monmouth, NJ",2022,94479.0
34025,"Monmouth, NJ",2023,100491.0
34025,"Monmouth, NJ",2024,104887.0
34027,"Morris, NJ",2019,96774.0
34027,"Morris, NJ",2020,98887.0
34027,"Morris, NJ",2021,107656.0
34027,"Morris, NJ",2022,108860.0
34027,"Morris, NJ",2023,114982.0
34027,"Morris, NJ",2024,119713.0
34029,"Ocean, NJ",2019,52710.0
34029,"Ocean, NJ",2020,56424.0
34029,"Ocean, NJ",2021,59570.0
34029,"Ocean, NJ",2022,58568.0
34029,"Ocean, NJ",2023,61547.0
34029,"Ocean, NJ",2024,64097.0
34031,"Passaic, NJ",2019,50012.0
34031,"Passaic, NJ",2020,53930.0
34031,"Passaic, NJ",2021,58383.0
34031,"Passaic, NJ",2022,57076.0
34031,"Passaic, NJ",2023,59938.0
34031,"Passaic, NJ",2024,62380.0
34033,"Salem, NJ",2019,48540.0
34033,"Salem, NJ",2020,51957.0
34033,"Salem, NJ",2021,55512.0
34033,"Salem, NJ",2022,54948.0
34033,"Salem, NJ",2023,57633.0
34033,"Salem, NJ",2024,60000.0
34035,"Somerset, NJ",2019,98951.0
34035,"Somerset, NJ",2020,101624.0
34035,"Somerset, NJ",2021,107428.0
34035,"Somerset, NJ",2022,112772.0
34035,"Somerset, NJ",2023,116286.0
34035,"Somerset, NJ",2024,121042.0
34037,"Sussex, NJ",2019,63036.0
34037,"Sussex, NJ",2020,66366.0
34037,"Sussex, NJ",2021,70395.0
34037,"Sussex, NJ",2022,71218.0
34037,"Sussex, NJ",2023,74528.0
34037,"Sussex, NJ",2024,77661.0
34039,"Union, NJ",2019,68042.0
34039,"Union, NJ",2020,70014.0
34039,"Union, NJ",2021,75669.0
34039,"Union, NJ",2022,77975.0
34039,"Union, NJ",2023,82094.0
34039,"Union, NJ",2024,85152.0
34041,"Warren, NJ",2019,55641.0
34041,"Warren, NJ",2020,58763.0
34041,"Warren, NJ",2021,62199.0
34041,"Warren, NJ",2022,62899.0
34041,"Warren, NJ",2023,66503.0
34041,"Warren, NJ",2024,69633.0
35001,"Bernalillo, NM",2019,45842.0
35001,"Bernalillo, NM",2020,50009.0
35001,"Bernalillo, NM",2021,53993.0
35001,"Bernalillo, NM",2022,56302.0
35001,"Bernalillo, NM",2023,59458.0
35001,"Bernalillo, NM",2024,62836.0
35003,"Catron, NM",2019,33505.0
35003,"Catron, NM",2020,37393.0
35003,"Catron, NM",2021,39070.0
35003,"Catron, NM",2022,41623.0
35003,"Catron, NM",2023,42009.0
35003,"Catron, NM",2024,44531.0
35005,"Chaves, NM",2019,39886.0
35005,"Chaves, NM",2020,43004.0
35005,"Chaves, NM",2021,46474.0
35005,"Chaves, NM",2022,52755.0
35005,"Chaves, NM",2023,51276.0
35005,"Chaves, NM",2024,54036.0
35006,"Cibola, NM*",2019,28273.0
35006,"Cibola, NM*",2020,32196.0
35006,"Cibola, NM*",2021,34306.0
35006,"Cibola, NM*",2022,35073.0
35006,"Cibola, NM*",2023,34920.0
35006,"Cibola, NM*",2024,36397.0
35007,"Colfax, NM",2019,39973.0
35007,"Colfax, NM",2020,44477.0
35007,"Colfax, NM",2021,48776.0
35007,"Colfax, NM",2022,49711.0
35007,"Colfax, NM",2023,51265.0
35007,"Colfax, NM",2024,52638.0
35009,"Curry, NM",2019,44188.0
35009,"Curry, NM",2020,48307.0
35009,"Curry, NM",2021,51330.0
35009,"Curry, NM",2022,56790.0
35009,"Curry, NM",2023,56355.0
35009,"Curry, NM",2024,58959.0
35011,"De Baca, NM",2019,49060.0
35011,"De Baca, NM",2020,54600.0
35011,"De Baca, NM",2021,55911.0
35011,"De Baca, NM",2022,56960.0
35011,"De Baca, NM",2023,62732.0
35011,"De Baca, NM",2024,64660.0
35013,"Doña Ana, NM",2019,37865.0
35013,"Doña Ana, NM",2020,40874.0
35013,"Doña Ana, NM",2021,45830.0
35013,"Doña Ana, NM",2022,46222.0
35013,"Doña Ana, NM",2023,47536.0
35013,"Doña Ana, NM",2024,49742.0
35015,"Eddy, NM",2019,57344.0
35015,"Eddy, NM",2020,58843.0
35015,"Eddy, NM",2021,66438.0
35015,"Eddy, NM",2022,72029.0
35015,"Eddy, NM",2023,75887.0
35015,"Eddy, NM",2024,78406.0
35017,"Grant, NM",2019,41295.0
35017,"Grant, NM",2020,43804.0
35017,"Grant, NM",2021,48451.0
35017,"Grant, NM",2022,51125.0
35017,"Grant, NM",2023,52477.0
35017,"Grant, NM",2024,54768.0
35019,"Guadalupe, NM",2019,33767.0
35019,"Guadalupe, NM",2020,37854.0
35019,"Guadalupe, NM",2021,44946.0
35019,"Guadalupe, NM",2022,44304.0
35019,"Guadalupe, NM",2023,46835.0
35019,"Guadalupe, NM",2024,48445.0
35021,"Harding, NM",2019,40229.0
35021,"Harding, NM",2020,44089.0
35021,"Harding, NM",2021,45561.0
35021,"Harding, NM",2022,50102.0
35021,"Harding, NM",2023,50750.0
35021,"Harding, NM",2024,51246.0
35023,"Hidalgo, NM",2019,42962.0
35023,"Hidalgo, NM",2020,47003.0
35023,"Hidalgo, NM",2021,50952.0
35023,"Hidalgo, NM",2022,53778.0
35023,"Hidalgo, NM",2023,55841.0
35023,"Hidalgo, NM",2024,56723.0
35025,"Lea, NM",2019,47881.0
35025,"Lea, NM",2020,45561.0
35025,"Lea, NM",2021,47650.0
35025,"Lea, NM",2022,54855.0
35025,"Lea, NM",2023,57212.0
35025,"Lea, NM",2024,59387.0
35027,"Lincoln, NM",2019,41254.0
35027,"Lincoln, NM",2020,45930.0
35027,"Lincoln, NM",2021,48980.0
35027,"Lincoln, NM",2022,51411.0
35027,"Lincoln, NM",2023,54872.0
35027,"Lincoln, NM",2024,57253.0
35028,"Los Alamos, NM",2019,72082.0
35028,"Los Alamos, NM",2020,75003.0
35028,"Los Alamos, NM",2021,81592.0
35028,"Los Alamos, NM",2022,87151.0
35028,"Los Alamos, NM",2023,92765.0
35028,"Los Alamos, NM",2024,98378.0
35029,"Luna, NM",2019,31285.0
35029,"Luna, NM",2020,35667.0
35029,"Luna, NM",2021,39107.0
35029,"Luna, NM",2022,38312.0
35029,"Luna, NM",2023,39928.0
35029,"Luna, NM",2024,40780.0
35031,"McKinley, NM",2019,28061.0
35031,"McKinley, NM",2020,31975.0
35031,"McKinley, NM",2021,35301.0
35031,"McKinley, NM",2022,35356.0
35031,"McKinley, NM",2023,35838.0
35031,"McKinley, NM",2024,37085.0
35033,"Mora, NM",2019,44178.0
35033,"Mora, NM",2020,48840.0
35033,"Mora, NM",2021,51430.0
35033,"Mora, NM",2022,54743.0
35033,"Mora, NM",2023,58296.0
35033,"Mora, NM",2024,61259.0
35035,"Otero, NM",2019,35102.0
35035,"Otero, NM",2020,38887.0
35035,"Otero, NM",2021,41925.0
35035,"Otero, NM",2022,42411.0
35035,"Otero, NM",2023,43627.0
35035,"Otero, NM",2024,44665.0
35037,"Quay, NM",2019,37242.0
35037,"Quay, NM",2020,40624.0
35037,"Quay, NM",2021,44512.0
35037,"Quay, NM",2022,48467.0
35037,"Quay, NM",2023,47468.0
35037,"Quay, NM",2024,47343.0
35039,"Rio Arriba, NM",2019,35006.0
35039,"Rio Arriba, NM",2020,38698.0
35039,"Rio Arriba, NM",2021,42748.0
35039,"Rio Arriba, NM",2022,44677.0
35039,"Rio Arriba, NM",2023,46221.0
35039,"Rio Arriba, NM",2024,48455.0
35041,"Roosevelt, NM",2019,40160.0
35041,"Roosevelt, NM",2020,43854.0
35041,"Roosevelt, NM",2021,46906.0
35041,"Roosevelt, NM",2022,52664.0
35041,"Roosevelt, NM",2023,51280.0
35041,"Roosevelt, NM",2024,54570.0
35043,"Sandoval, NM",2019,44465.0
35043,"Sandoval, NM",2020,47368.0
35043,"Sandoval, NM",2021,51576.0
35043,"Sandoval, NM",2022,53603.0
35043,"Sandoval, NM",2023,56608.0
35043,"Sandoval, NM",2024,60016.0
35045,"San Juan, NM",2019,36619.0
35045,"San Juan, NM",2020,39000.0
35045,"San Juan, NM",2021,43035.0
35045,"San Juan, NM",2022,44167.0
35045,"San Juan, NM",2023,45906.0
35045,"San Juan, NM",2024,47931.0
35047,"San Miguel, NM",2019,36726.0
35047,"San Miguel, NM",2020,40412.0
35047,"San Miguel, NM",2021,44381.0
35047,"San Miguel, NM",2022,45840.0
35047,"San Miguel, NM",2023,47877.0
35047,"San Miguel, NM",2024,50234.0
35049,"Santa Fe, NM",2019,60853.0
35049,"Santa Fe, NM",2020,63514.0
35049,"Santa Fe, NM",2021,71071.0
35049,"Santa Fe, NM",2022,73047.0
35049,"Santa Fe, NM",2023,78284.0
35049,"Santa Fe, NM",2024,82474.0
35051,"Sierra, NM",2019,38669.0
35051,"Sierra, NM",2020,44595.0
35051,"Sierra, NM",2021,48760.0
35051,"Sierra, NM",2022,49412.0
35051,"Sierra, NM",2023,49596.0
35051,"Sierra, NM",2024,52569.0
35053,"Socorro, NM",2019,35305.0
35053,"Socorro, NM",2020,38935.0
35053,"Socorro, NM",2021,42635.0
35053,"Socorro, NM",2022,43912.0
35053,"Socorro, NM",2023,44973.0
35053,"Socorro, NM",2024,47298.0
35055,"Taos, NM",2019,37228.0
35055,"Taos, NM",2020,41100.0
35055,"Taos, NM",2021,46073.0
35055,"Taos, NM",2022,47398.0
35055,"Taos, NM",2023,50384.0
35055,"Taos, NM",2024,53449.0
35057,"Torrance, NM",2019,34524.0
35057,"Torrance, NM",2020,38733.0
35057,"Torrance, NM",2021,42632.0
35057,"Torrance, NM",2022,45580.0
35057,"Torrance, NM",2023,46453.0
35057,"Torrance, NM",2024,49049.0
35059,"Union, NM",2019,34718.0
35059,"Union, NM",2020,40367.0
35059,"Union, NM",2021,41951.0
35059,"Union, NM",2022,44458.0
35059,"Union, NM",2023,40741.0
35059,"Union, NM",2024,38255.0
35061,"Valencia, NM*",2019,35998.0
35061,"Valencia, NM*",2020,39457.0
35061,"Valencia, NM*",2021,43344.0
35061,"Valencia, NM*",2022,45310.0
35061,"Valencia, NM*",2023,46621.0
35061,"Valencia, NM*",2024,48865.0
36001,"Albany, NY",2019,61768.0
36001,"Albany, NY",2020,67517.0
36001,"Albany, NY",2021,73579.0
36001,"Albany, NY",2022,73955.0
36001,"Albany, NY",2023,79282.0
36001,"Albany, NY",2024,83395.0
36003,"Allegany, NY",2019,41277.0
36003,"Allegany, NY",2020,41763.0
36003,"Allegany, NY",2021,42357.0
36003,"Allegany, NY",2022,40655.0
36003,"Allegany, NY",2023,41741.0
36003,"Allegany, NY",2024,44689.0
36005,"Bronx, NY",2019,36922.0
36005,"Bronx, NY",2020,42602.0
36005,"Bronx, NY",2021,44384.0
36005,"Bronx, NY",2022,42681.0
36005,"Bronx, NY",2023,45142.0
36005,"Bronx, NY",2024,46787.0
36007,"Broome, NY",2019,43393.0
36007,"Broome, NY",2020,47364.0
36007,"Broome, NY",2021,50221.0
36007,"Broome, NY",2022,49216.0
36007,"Broome, NY",2023,52684.0
36007,"Broome, NY",2024,55337.0
36009,"Cattaraugus, NY",2019,40392.0
36009,"Cattaraugus, NY",2020,44505.0
36009,"Cattaraugus, NY",2021,46587.0
36009,"Cattaraugus, NY",2022,46130.0
36009,"Cattaraugus, NY",2023,49023.0
36009,"Cattaraugus, NY",2024,51316.0
36011,"Cayuga, NY",2019,44266.0
36011,"Cayuga, NY",2020,49131.0
36011,"Cayuga, NY",2021,52482.0
36011,"Cayuga, NY",2022,52081.0
36011,"Cayuga, NY",2023,54181.0
36011,"Cayuga, NY",2024,57027.0
36013,"Chautauqua, NY",2019,40899.0
36013,"Chautauqua, NY",2020,44741.0
36013,"Chautauqua, NY",2021,47790.0
36013,"Chautauqua, NY",2022,47384.0
36013,"Chautauqua, NY",2023,49428.0
36013,"Chautauqua, NY",2024,52247.0
36015,"Chemung, NY",2019,45198.0
36015,"Chemung, NY",2020,49271.0
36015,"Chemung, NY",2021,52024.0
36015,"Chemung, NY",2022,52263.0
36015,"Chemung, NY",2023,54020.0
36015,"Chemung, NY",2024,56156.0
36017,"Chenango, NY",2019,42034.0
36017,"Chenango, NY",2020,47402.0
36017,"Chenango, NY",2021,50694.0
36017,"Chenango, NY",2022,51407.0
36017,"Chenango, NY",2023,55064.0
36017,"Chenango, NY",2024,59001.0
36019,"Clinton, NY",2019,44677.0
36019,"Clinton, NY",2020,48665.0
36019,"Clinton, NY",2021,51685.0
36019,"Clinton, NY",2022,52469.0
36019,"Clinton, NY",2023,55487.0
36019,"Clinton, NY",2024,57305.0
36021,"Columbia, NY",2019,57275.0
36021,"Columbia, NY",2020,63309.0
36021,"Columbia, NY",2021,68386.0
36021,"Columbia, NY",2022,70483.0
36021,"Columbia, NY",2023,75551.0
36021,"Columbia, NY",2024,79389.0
36023,"Cortland, NY",2019,41276.0
36023,"Cortland, NY",2020,46044.0
36023,"Cortland, NY",2021,48593.0
36023,"Cortland, NY",2022,48989.0
36023,"Cortland, NY",2023,50540.0
36023,"Cortland, NY",2024,52477.0
36025,"Delaware, NY",2019,41402.0
36025,"Delaware, NY",2020,45096.0
36025,"Delaware, NY",2021,47329.0
36025,"Delaware, NY",2022,47077.0
36025,"Delaware, NY",2023,49997.0
36025,"Delaware, NY",2024,53587.0
36027,"Dutchess, NY",2019,59034.0
36027,"Dutchess, NY",2020,62725.0
36027,"Dutchess, NY",2021,66947.0
36027,"Dutchess, NY",2022,67411.0
36027,"Dutchess, NY",2023,71648.0
36027,"Dutchess, NY",2024,75190.0
36029,"Erie, NY",2019,50267.0
36029,"Erie, NY",2020,55135.0
36029,"Erie, NY",2021,58058.0
36029,"Erie, NY",2022,58474.0
36029,"Erie, NY",2023,62101.0
36029,"Erie, NY",2024,64801.0
36031,"Essex, NY",2019,46893.0
36031,"Essex, NY",2020,51286.0
36031,"Essex, NY",2021,55117.0
36031,"Essex, NY",2022,55108.0
36031,"Essex, NY",2023,58653.0
36031,"Essex, NY",2024,62868.0
36033,"Franklin, NY",2019,41164.0
36033,"Franklin, NY",2020,45632.0
36033,"Franklin, NY",2021,49604.0
36033,"Franklin, NY",2022,50587.0
36033,"Franklin, NY",2023,53878.0
36033,"Franklin, NY",2024,55720.0
36035,"Fulton, NY",2019,43811.0
36035,"Fulton, NY",2020,48631.0
36035,"Fulton, NY",2021,51032.0
36035,"Fulton, NY",2022,51246.0
36035,"Fulton, NY",2023,53887.0
36035,"Fulton, NY",2024,56848.0
36037,"Genesee, NY",2019,44308.0
36037,"Genesee, NY",2020,48328.0
36037,"Genesee, NY",2021,50424.0
36037,"Genesee, NY",2022,51106.0
36037,"Genesee, NY",2023,53624.0
36037,"Genesee, NY",2024,55898.0
36039,"Greene, NY",2019,48404.0
36039,"Greene, NY",2020,53822.0
36039,"Greene, NY",2021,57141.0
36039,"Greene, NY",2022,58122.0
36039,"Greene, NY",2023,62106.0
36039,"Greene, NY",2024,65365.0
36041,"Hamilton, NY",2019,48294.0
36041,"Hamilton, NY",2020,54021.0
36041,"Hamilton, NY",2021,55975.0
36041,"Hamilton, NY",2022,55099.0
36041,"Hamilton, NY",2023,59740.0
36041,"Hamilton, NY",2024,61486.0
36043,"Herkimer, NY",2019,43160.0
36043,"Herkimer, NY",2020,47823.0
36043,"Herkimer, NY",2021,51344.0
36043,"Herkimer, NY",2022,49643.0
36043,"Herkimer, NY",2023,52537.0
36043,"Herkimer, NY",2024,54996.0
36045,"Jefferson, NY",2019,45633.0
36045,"Jefferson, NY",2020,50441.0
36045,"Jefferson, NY",2021,53015.0
36045,"Jefferson, NY",2022,53267.0
36045,"Jefferson, NY",2023,55956.0
36045,"Jefferson, NY",2024,58150.0
36047,"Kings, NY",2019,51233.0
36047,"Kings, NY",2020,55887.0
36047,"Kings, NY",2021,62250.0
36047,"Kings, NY",2022,63568.0
36047,"Kings, NY",2023,67026.0
36047,"Kings, NY",2024,69427.0
36049,"Lewis, NY",2019,46959.0
36049,"Lewis, NY",2020,51364.0
36049,"Lewis, NY",2021,54173.0
36049,"Lewis, NY",2022,55558.0
36049,"Lewis, NY",2023,56389.0
36049,"Lewis, NY",2024,58899.0
36051,"Livingston, NY",2019,46893.0
36051,"Livingston, NY",2020,49548.0
36051,"Livingston, NY",2021,50464.0
36051,"Livingston, NY",2022,50748.0
36051,"Livingston, NY",2023,53097.0
36051,"Livingston, NY",2024,55589.0
36053,"Madison, NY",2019,47553.0
36053,"Madison, NY",2020,52033.0
36053,"Madison, NY",2021,55954.0
36053,"Madison, NY",2022,56355.0
36053,"Madison, NY",2023,58285.0
36053,"Madison, NY",2024,61338.0
36055,"Monroe, NY",2019,52543.0
36055,"Monroe, NY",2020,57215.0
36055,"Monroe, NY",2021,59921.0
36055,"Monroe, NY",2022,60223.0
36055,"Monroe, NY",2023,63947.0
36055,"Monroe, NY",2024,67184.0
36057,"Montgomery, NY",2019,41971.0
36057,"Montgomery, NY",2020,46509.0
36057,"Montgomery, NY",2021,48208.0
36057,"Montgomery, NY",2022,48622.0
36057,"Montgomery, NY",2023,51132.0
36057,"Montgomery, NY",2024,53879.0
36059,"Nassau, NY",2019,88478.0
36059,"Nassau, NY",2020,91815.0
36059,"Nassau, NY",2021,97309.0
36059,"Nassau, NY",2022,98602.0
36059,"Nassau, NY",2023,105078.0
36059,"Nassau, NY",2024,109400.0
36061,"New York, NY",2019,169155.0
36061,"New York, NY",2020,165653.0
36061,"New York, NY",2021,196743.0
36061,"New York, NY",2022,199790.0
36061,"New York, NY",2023,207568.0
36061,"New York, NY",2024,217075.0
36063,"Niagara, NY",2019,45856.0
36063,"Niagara, NY",2020,50449.0
36063,"Niagara, NY",2021,52249.0
36063,"Niagara, NY",2022,53108.0
36063,"Niagara, NY",2023,56856.0
36063,"Niagara, NY",2024,59228.0
36065,"Oneida, NY",2019,45439.0
36065,"Oneida, NY",2020,49754.0
36065,"Oneida, NY",2021,52769.0
36065,"Oneida, NY",2022,53010.0
36065,"Oneida, NY",2023,55737.0
36065,"Oneida, NY",2024,58323.0
36067,"Onondaga, NY",2019,52597.0
36067,"Onondaga, NY",2020,57912.0
36067,"Onondaga, NY",2021,61058.0
36067,"Onondaga, NY",2022,60868.0
36067,"Onondaga, NY",2023,63585.0
36067,"Onondaga, NY",2024,67066.0
36069,"Ontario, NY",2019,54628.0
36069,"Ontario, NY",2020,58630.0
36069,"Ontario, NY",2021,61883.0
36069,"Ontario, NY",2022,61665.0
36069,"Ontario, NY",2023,65226.0
36069,"Ontario, NY",2024,68480.0
36071,"Orange, NY",2019,51449.0
36071,"Orange, NY",2020,55309.0
36071,"Orange, NY",2021,57781.0
36071,"Orange, NY",2022,57379.0
36071,"Orange, NY",2023,60605.0
36071,"Orange, NY",2024,63155.0
36073,"Orleans, NY",2019,39477.0
36073,"Orleans, NY",2020,44548.0
36073,"Orleans, NY",2021,46985.0
36073,"Orleans, NY",2022,46482.0
36073,"Orleans, NY",2023,49390.0
36073,"Orleans, NY",2024,51092.0
36075,"Oswego, NY",2019,41424.0
36075,"Oswego, NY",2020,45624.0
36075,"Oswego, NY",2021,48123.0
36075,"Oswego, NY",2022,47562.0
36075,"Oswego, NY",2023,50047.0
36075,"Oswego, NY",2024,52675.0
36077,"Otsego, NY",2019,45876.0
36077,"Otsego, NY",2020,50543.0
36077,"Otsego, NY",2021,51121.0
36077,"Otsego, NY",2022,50515.0
36077,"Otsego, NY",2023,52878.0
36077,"Otsego, NY",2024,56383.0
36079,"Putnam, NY",2019,69898.0
36079,"Putnam, NY",2020,74030.0
36079,"Putnam, NY",2021,78006.0
36079,"Putnam, NY",2022,79770.0
36079,"Putnam, NY",2023,84661.0
36079,"Putnam, NY",2024,88460.0
36081,"Queens, NY",2019,48454.0
36081,"Queens, NY",2020,53650.0
36081,"Queens, NY",2021,56362.0
36081,"Queens, NY",2022,57117.0
36081,"Queens, NY",2023,60307.0
36081,"Queens, NY",2024,62343.0
36083,"Rensselaer, NY",2019,49901.0
36083,"Rensselaer, NY",2020,54403.0
36083,"Rensselaer, NY",2021,56325.0
36083,"Rensselaer, NY",2022,57879.0
36083,"Rensselaer, NY",2023,61425.0
36083,"Rensselaer, NY",2024,64491.0
36085,"Richmond, NY",2019,56102.0
36085,"Richmond, NY",2020,60084.0
36085,"Richmond, NY",2021,62923.0
36085,"Richmond, NY",2022,62827.0
36085,"Richmond, NY",2023,66217.0
36085,"Richmond, NY",2024,68753.0
36087,"Rockland, NY",2019,59991.0
36087,"Rockland, NY",2020,64445.0
36087,"Rockland, NY",2021,68017.0
36087,"Rockland, NY",2022,67179.0
36087,"Rockland, NY",2023,70203.0
36087,"Rockland, NY",2024,72930.0
36089,"St. Lawrence, NY",2019,38670.0
36089,"St. Lawrence, NY",2020,42820.0
36089,"St. Lawrence, NY",2021,45679.0
36089,"St. Lawrence, NY",2022,45560.0
36089,"St. Lawrence, NY",2023,48084.0
36089,"St. Lawrence, NY",2024,50912.0
36091,"Saratoga, NY",2019,66876.0
36091,"Saratoga, NY",2020,69657.0
36091,"Saratoga, NY",2021,74323.0
36091,"Saratoga, NY",2022,76673.0
36091,"Saratoga, NY",2023,82469.0
36091,"Saratoga, NY",2024,86833.0
36093,"Schenectady, NY",2019,50106.0
36093,"Schenectady, NY",2020,53991.0
36093,"Schenectady, NY",2021,57702.0
36093,"Schenectady, NY",2022,56988.0
36093,"Schenectady, NY",2023,60848.0
36093,"Schenectady, NY",2024,63635.0
36095,"Schoharie, NY",2019,44852.0
36095,"Schoharie, NY",2020,48925.0
36095,"Schoharie, NY",2021,50351.0
36095,"Schoharie, NY",2022,50710.0
36095,"Schoharie, NY",2023,53552.0
36095,"Schoharie, NY",2024,56002.0
36097,"Schuyler, NY",2019,42548.0
36097,"Schuyler, NY",2020,47437.0
36097,"Schuyler, NY",2021,49960.0
36097,"Schuyler, NY",2022,50300.0
36097,"Schuyler, NY",2023,52584.0
36097,"Schuyler, NY",2024,55595.0
36099,"Seneca, NY",2019,40465.0
36099,"Seneca, NY",2020,44678.0
36099,"Seneca, NY",2021,47817.0
36099,"Seneca, NY",2022,48575.0
36099,"Seneca, NY",2023,50258.0
36099,"Seneca, NY",2024,52125.0
36101,"Steuben, NY",2019,47075.0
36101,"Steuben, NY",2020,51341.0
36101,"Steuben, NY",2021,54505.0
36101,"Steuben, NY",2022,55066.0
36101,"Steuben, NY",2023,56769.0
36101,"Steuben, NY",2024,59218.0
36103,"Suffolk, NY",2019,71558.0
36103,"Suffolk, NY",2020,77062.0
36103,"Suffolk, NY",2021,82215.0
36103,"Suffolk, NY",2022,83523.0
36103,"Suffolk, NY",2023,88475.0
36103,"Suffolk, NY",2024,92113.0
36105,"Sullivan, NY",2019,47112.0
36105,"Sullivan, NY",2020,51115.0
36105,"Sullivan, NY",2021,54010.0
36105,"Sullivan, NY",2022,55021.0
36105,"Sullivan, NY",2023,58382.0
36105,"Sullivan, NY",2024,60628.0
36107,"Tioga, NY",2019,46082.0
36107,"Tioga, NY",2020,50378.0
36107,"Tioga, NY",2021,52224.0
36107,"Tioga, NY",2022,52156.0
36107,"Tioga, NY",2023,55209.0
36107,"Tioga, NY",2024,57815.0
36109,"Tompkins, NY",2019,44671.0
36109,"Tompkins, NY",2020,50744.0
36109,"Tompkins, NY",2021,50446.0
36109,"Tompkins, NY",2022,50913.0
36109,"Tompkins, NY",2023,53975.0
36109,"Tompkins, NY",2024,56490.0
36111,"Ulster, NY",2019,53084.0
36111,"Ulster, NY",2020,57213.0
36111,"Ulster, NY",2021,61297.0
36111,"Ulster, NY",2022,62775.0
36111,"Ulster, NY",2023,65930.0
36111,"Ulster, NY",2024,69090.0
36113,"Warren, NY",2019,53256.0
36113,"Warren, NY",2020,59404.0
36113,"Warren, NY",2021,61278.0
36113,"Warren, NY",2022,62763.0
36113,"Warren, NY",2023,66892.0
36113,"Warren, NY",2024,70235.0
36115,"Washington, NY",2019,41803.0
36115,"Washington, NY",2020,46397.0
36115,"Washington, NY",2021,48512.0
36115,"Washington, NY",2022,48477.0
36115,"Washington, NY",2023,51363.0
36115,"Washington, NY",2024,53847.0
36117,"Wayne, NY",2019,47760.0
36117,"Wayne, NY",2020,51570.0
36117,"Wayne, NY",2021,54739.0
36117,"Wayne, NY",2022,55141.0
36117,"Wayne, NY",2023,57958.0
36117,"Wayne, NY",2024,60489.0
36119,"Westchester, NY",2019,105656.0
36119,"Westchester, NY",2020,110091.0
36119,"Westchester, NY",2021,120216.0
36119,"Westchester, NY",2022,123313.0
36119,"Westchester, NY",2023,131127.0
36119,"Westchester, NY",2024,136419.0
36121,"Wyoming, NY",2019,41691.0
36121,"Wyoming, NY",2020,46387.0
36121,"Wyoming, NY",2021,50532.0
36121,"Wyoming, NY",2022,50868.0
36121,"Wyoming, NY",2023,51117.0
36121,"Wyoming, NY",2024,53586.0
36123,"Yates, NY",2019,42042.0
36123,"Yates, NY",2020,45702.0
36123,"Yates, NY",2021,49788.0
36123,"Yates, NY",2022,50708.0
36123,"Yates, NY",2023,52361.0
36123,"Yates, NY",2024,54652.0
37001,"Alamance, NC",2019,41186.0
37001,"Alamance, NC",2020,44239.0
37001,"Alamance, NC",2021,48652.0
37001,"Alamance, NC",2022,49489.0
37001,"Alamance, NC",2023,51727.0
37001,"Alamance, NC",2024,54218.0
37003,"Alexander, NC",2019,39126.0
37003,"Alexander, NC",2020,42418.0
37003,"Alexander, NC",2021,46364.0
37003,"Alexander, NC",2022,49076.0
37003,"Alexander, NC",2023,50344.0
37003,"Alexander, NC",2024,53459.0
37005,"Alleghany, NC",2019,39517.0
37005,"Alleghany, NC",2020,41661.0
37005,"Alleghany, NC",2021,45614.0
37005,"Alleghany, NC",2022,44841.0
37005,"Alleghany, NC",2023,48031.0
37005,"Alleghany, NC",2024,51809.0
37007,"Anson, NC",2019,40619.0
37007,"Anson, NC",2020,41958.0
37007,"Anson, NC",2021,47696.0
37007,"Anson, NC",2022,50641.0
37007,"Anson, NC",2023,50846.0
37007,"Anson, NC",2024,55451.0
37009,"Ashe, NC",2019,37521.0
37009,"Ashe, NC",2020,40844.0
37009,"Ashe, NC",2021,44357.0
37009,"Ashe, NC",2022,44246.0
37009,"Ashe, NC",2023,48310.0
37009,"Ashe, NC",2024,51489.0
37011,"Avery, NC",2019,36356.0
37011,"Avery, NC",2020,40341.0
37011,"Avery, NC",2021,44949.0
37011,"Avery, NC",2022,47075.0
37011,"Avery, NC",2023,51194.0
37011,"Avery, NC",2024,53895.0
37013,"Beaufort, NC",2019,46195.0
37013,"Beaufort, NC",2020,49334.0
37013,"Beaufort, NC",2021,55294.0
37013,"Beaufort, NC",2022,54699.0
37013,"Beaufort, NC",2023,58120.0
37013,"Beaufort, NC",2024,62010.0
37015,"Bertie, NC",2019,38894.0
37015,"Bertie, NC",2020,41865.0
37015,"Bertie, NC",2021,49446.0
37015,"Bertie, NC",2022,50094.0
37015,"Bertie, NC",2023,49812.0
37015,"Bertie, NC",2024,53853.0
37017,"Bladen, NC",2019,39225.0
37017,"Bladen, NC",2020,43286.0
37017,"Bladen, NC",2021,48810.0
37017,"Bladen, NC",2022,49757.0
37017,"Bladen, NC",2023,51429.0
37017,"Bladen, NC",2024,54352.0
37019,"Brunswick, NC",2019,49667.0
37019,"Brunswick, NC",2020,53813.0
37019,"Brunswick, NC",2021,57945.0
37019,"Brunswick, NC",2022,58784.0
37019,"Brunswick, NC",2023,62025.0
37019,"Brunswick, NC",2024,64262.0
37021,"Buncombe, NC",2019,50441.0
37021,"Buncombe, NC",2020,53068.0
37021,"Buncombe, NC",2021,59315.0
37021,"Buncombe, NC",2022,62220.0
37021,"Buncombe, NC",2023,66776.0
37021,"Buncombe, NC",2024,70623.0
37023,"Burke, NC",2019,37588.0
37023,"Burke, NC",2020,41112.0
37023,"Burke, NC",2021,44859.0
37023,"Burke, NC",2022,45854.0
37023,"Burke, NC",2023,48128.0
37023,"Burke, NC",2024,51046.0
37025,"Cabarrus, NC",2019,46115.0
37025,"Cabarrus, NC",2020,49439.0
37025,"Cabarrus, NC",2021,53257.0
37025,"Cabarrus, NC",2022,55209.0
37025,"Cabarrus, NC",2023,58253.0
37025,"Cabarrus, NC",2024,61113.0
37027,"Caldwell, NC",2019,37109.0
37027,"Caldwell, NC",2020,40330.0
37027,"Caldwell, NC",2021,44389.0
37027,"Caldwell, NC",2022,45750.0
37027,"Caldwell, NC",2023,47760.0
37027,"Caldwell, NC",2024,50611.0
37029,"Camden, NC",2019,49124.0
37029,"Camden, NC",2020,51520.0
37029,"Camden, NC",2021,55982.0
37029,"Camden, NC",2022,55743.0
37029,"Camden, NC",2023,59230.0
37029,"Camden, NC",2024,62549.0
37031,"Carteret, NC",2019,53029.0
37031,"Carteret, NC",2020,56992.0
37031,"Carteret, NC",2021,62513.0
37031,"Carteret, NC",2022,64333.0
37031,"Carteret, NC",2023,69685.0
37031,"Carteret, NC",2024,74177.0
37033,"Caswell, NC",2019,36000.0
37033,"Caswell, NC",2020,38571.0
37033,"Caswell, NC",2021,42364.0
37033,"Caswell, NC",2022,42156.0
37033,"Caswell, NC",2023,44878.0
37033,"Caswell, NC",2024,48203.0
37035,"Catawba, NC",2019,45864.0
37035,"Catawba, NC",2020,49106.0
37035,"Catawba, NC",2021,54159.0
37035,"Catawba, NC",2022,55262.0
37035,"Catawba, NC",2023,57503.0
37035,"Catawba, NC",2024,60366.0
37037,"Chatham, NC",2019,65986.0
37037,"Chatham, NC",2020,69960.0
37037,"Chatham, NC",2021,77686.0
37037,"Chatham, NC",2022,82059.0
37037,"Chatham, NC",2023,87345.0
37037,"Chatham, NC",2024,91638.0
37039,"Cherokee, NC",2019,34136.0
37039,"Cherokee, NC",2020,36734.0
37039,"Cherokee, NC",2021,39811.0
37039,"Cherokee, NC",2022,40143.0
37039,"Cherokee, NC",2023,42724.0
37039,"Cherokee, NC",2024,45135.0
37041,"Chowan, NC",2019,42404.0
37041,"Chowan, NC",2020,45820.0
37041,"Chowan, NC",2021,51206.0
37041,"Chowan, NC",2022,51211.0
37041,"Chowan, NC",2023,54897.0
37041,"Chowan, NC",2024,57700.0
37043,"Clay, NC",2019,36857.0
37043,"Clay, NC",2020,40304.0
37043,"Clay, NC",2021,43888.0
37043,"Clay, NC",2022,44882.0
37043,"Clay, NC",2023,47846.0
37043,"Clay, NC",2024,50528.0
37045,"Cleveland, NC",2019,38242.0
37045,"Cleveland, NC",2020,41205.0
37045,"Cleveland, NC",2021,44755.0
37045,"Cleveland, NC",2022,45805.0
37045,"Cleveland, NC",2023,48371.0
37045,"Cleveland, NC",2024,51181.0
37047,"Columbus, NC",2019,36156.0
37047,"Columbus, NC",2020,39864.0
37047,"Columbus, NC",2021,44579.0
37047,"Columbus, NC",2022,44401.0
37047,"Columbus, NC",2023,46048.0
37047,"Columbus, NC",2024,48989.0
37049,"Craven, NC",2019,46135.0
37049,"Craven, NC",2020,49496.0
37049,"Craven, NC",2021,53588.0
37049,"Craven, NC",2022,54108.0
37049,"Craven, NC",2023,57794.0
37049,"Craven, NC",2024,61929.0
37051,"Cumberland, NC",2019,39164.0
37051,"Cumberland, NC",2020,42429.0
37051,"Cumberland, NC",2021,45828.0
37051,"Cumberland, NC",2022,46246.0
37051,"Cumberland, NC",2023,49057.0
37051,"Cumberland, NC",2024,52382.0
37053,"Currituck, NC",2019,49310.0
37053,"Currituck, NC",2020,52426.0
37053,"Currituck, NC",2021,57639.0
37053,"Currituck, NC",2022,58153.0
37053,"Currituck, NC",2023,61985.0
37053,"Currituck, NC",2024,65005.0
37055,"Dare, NC",2019,59760.0
37055,"Dare, NC",2020,63913.0
37055,"Dare, NC",2021,72813.0
37055,"Dare, NC",2022,74031.0
37055,"Dare, NC",2023,78524.0
37055,"Dare, NC",2024,83613.0
37057,"Davidson, NC",2019,40803.0
37057,"Davidson, NC",2020,43889.0
37057,"Davidson, NC",2021,48295.0
37057,"Davidson, NC",2022,49588.0
37057,"Davidson, NC",2023,51544.0
37057,"Davidson, NC",2024,53998.0
37059,"Davie, NC",2019,50505.0
37059,"Davie, NC",2020,53094.0
37059,"Davie, NC",2021,59364.0
37059,"Davie, NC",2022,60916.0
37059,"Davie, NC",2023,64351.0
37059,"Davie, NC",2024,67760.0
37061,"Duplin, NC",2019,41307.0
37061,"Duplin, NC",2020,44198.0
37061,"Duplin, NC",2021,53072.0
37061,"Duplin, NC",2022,55562.0
37061,"Duplin, NC",2023,54723.0
37061,"Duplin, NC",2024,58319.0
37063,"Durham, NC",2019,51991.0
37063,"Durham, NC",2020,55117.0
37063,"Durham, NC",2021,58896.0
37063,"Durham, NC",2022,61727.0
37063,"Durham, NC",2023,65562.0
37063,"Durham, NC",2024,69077.0
37065,"Edgecombe, NC",2019,37035.0
37065,"Edgecombe, NC",2020,40510.0
37065,"Edgecombe, NC",2021,44521.0
37065,"Edgecombe, NC",2022,44542.0
37065,"Edgecombe, NC",2023,47173.0
37065,"Edgecombe, NC",2024,50111.0
37067,"Forsyth, NC",2019,48883.0
37067,"Forsyth, NC",2020,51907.0
37067,"Forsyth, NC",2021,56905.0
37067,"Forsyth, NC",2022,58194.0
37067,"Forsyth, NC",2023,60875.0
37067,"Forsyth, NC",2024,63989.0
37069,"Franklin, NC",2019,38530.0
37069,"Franklin, NC",2020,41565.0
37069,"Franklin, NC",2021,46279.0
37069,"Franklin, NC",2022,47247.0
37069,"Franklin, NC",2023,49431.0
37069,"Franklin, NC",2024,52112.0
37071,"Gaston, NC",2019,41301.0
37071,"Gaston, NC",2020,45120.0
37071,"Gaston, NC",2021,49089.0
37071,"Gaston, NC",2022,50203.0
37071,"Gaston, NC",2023,52790.0
37071,"Gaston, NC",2024,55398.0
37073,"Gates, NC",2019,41993.0
37073,"Gates, NC",2020,44690.0
37073,"Gates, NC",2021,49834.0
37073,"Gates, NC",2022,50916.0
37073,"Gates, NC",2023,52939.0
37073,"Gates, NC",2024,55934.0
37075,"Graham, NC",2019,36895.0
37075,"Graham, NC",2020,39436.0
37075,"Graham, NC",2021,42958.0
37075,"Graham, NC",2022,41259.0
37075,"Graham, NC",2023,44749.0
37075,"Graham, NC",2024,47641.0
37077,"Granville, NC",2019,39926.0
37077,"Granville, NC",2020,43458.0
37077,"Granville, NC",2021,47638.0
37077,"Granville, NC",2022,48710.0
37077,"Granville, NC",2023,51667.0
37077,"Granville, NC",2024,54829.0
37079,"Greene, NC",2019,32549.0
37079,"Greene, NC",2020,35155.0
37079,"Greene, NC",2021,39797.0
37079,"Greene, NC",2022,39679.0
37079,"Greene, NC",2023,40047.0
37079,"Greene, NC",2024,42879.0
37081,"Guilford, NC",2019,46995.0
37081,"Guilford, NC",2020,50134.0
37081,"Guilford, NC",2021,54681.0
37081,"Guilford, NC",2022,56823.0
37081,"Guilford, NC",2023,60356.0
37081,"Guilford, NC",2024,63665.0
37083,"Halifax, NC",2019,37885.0
37083,"Halifax, NC",2020,40513.0
37083,"Halifax, NC",2021,44821.0
37083,"Halifax, NC",2022,45062.0
37083,"Halifax, NC",2023,47578.0
37083,"Halifax, NC",2024,50594.0
37085,"Harnett, NC",2019,36560.0
37085,"Harnett, NC",2020,39401.0
37085,"Harnett, NC",2021,44414.0
37085,"Harnett, NC",2022,45744.0
37085,"Harnett, NC",2023,47780.0
37085,"Harnett, NC",2024,50128.0
37087,"Haywood, NC",2019,42462.0
37087,"Haywood, NC",2020,45028.0
37087,"Haywood, NC",2021,49675.0
37087,"Haywood, NC",2022,50923.0
37087,"Haywood, NC",2023,54637.0
37087,"Haywood, NC",2024,58464.0
37089,"Henderson, NC",2019,46227.0
37089,"Henderson, NC",2020,48513.0
37089,"Henderson, NC",2021,53898.0
37089,"Henderson, NC",2022,55676.0
37089,"Henderson, NC",2023,60274.0
37089,"Henderson, NC",2024,63668.0
37091,"Hertford, NC",2019,35135.0
37091,"Hertford, NC",2020,38497.0
37091,"Hertford, NC",2021,45257.0
37091,"Hertford, NC",2022,44658.0
37091,"Hertford, NC",2023,46872.0
37091,"Hertford, NC",2024,49820.0
37093,"Hoke, NC",2019,34480.0
37093,"Hoke, NC",2020,37330.0
37093,"Hoke, NC",2021,41804.0
37093,"Hoke, NC",2022,41728.0
37093,"Hoke, NC",2023,43334.0
37093,"Hoke, NC",2024,46122.0
37095,"Hyde, NC",2019,42121.0
37095,"Hyde, NC",2020,45601.0
37095,"Hyde, NC",2021,50984.0
37095,"Hyde, NC",2022,49348.0
37095,"Hyde, NC",2023,53422.0
37095,"Hyde, NC",2024,56767.0
37097,"Iredell, NC",2019,52926.0
37097,"Iredell, NC",2020,56613.0
37097,"Iredell, NC",2021,62001.0
37097,"Iredell, NC",2022,63652.0
37097,"Iredell, NC",2023,67224.0
37097,"Iredell, NC",2024,70112.0
37099,"Jackson, NC",2019,36286.0
37099,"Jackson, NC",2020,40202.0
37099,"Jackson, NC",2021,44241.0
37099,"Jackson, NC",2022,44774.0
37099,"Jackson, NC",2023,46796.0
37099,"Jackson, NC",2024,49869.0
37101,"Johnston, NC",2019,41799.0
37101,"Johnston, NC",2020,45111.0
37101,"Johnston, NC",2021,48800.0
37101,"Johnston, NC",2022,50324.0
37101,"Johnston, NC",2023,52528.0
37101,"Johnston, NC",2024,55335.0
37103,"Jones, NC",2019,41832.0
37103,"Jones, NC",2020,42832.0
37103,"Jones, NC",2021,50973.0
37103,"Jones, NC",2022,50427.0
37103,"Jones, NC",2023,50080.0
37103,"Jones, NC",2024,53974.0
37105,"Lee, NC",2019,42020.0
37105,"Lee, NC",2020,45279.0
37105,"Lee, NC",2021,49864.0
37105,"Lee, NC",2022,50884.0
37105,"Lee, NC",2023,54192.0
37105,"Lee, NC",2024,57393.0
37107,"Lenoir, NC",2019,41267.0
37107,"Lenoir, NC",2020,44762.0
37107,"Lenoir, NC",2021,50173.0
37107,"Lenoir, NC",2022,51897.0
37107,"Lenoir, NC",2023,53791.0
37107,"Lenoir, NC",2024,56998.0
37109,"Lincoln, NC",2019,48062.0
37109,"Lincoln, NC",2020,51620.0
37109,"Lincoln, NC",2021,56447.0
37109,"Lincoln, NC",2022,58622.0
37109,"Lincoln, NC",2023,61574.0
37109,"Lincoln, NC",2024,64836.0
37111,"McDowell, NC",2019,36293.0
37111,"McDowell, NC",2020,39736.0
37111,"McDowell, NC",2021,43913.0
37111,"McDowell, NC",2022,45168.0
37111,"McDowell, NC",2023,47357.0
37111,"McDowell, NC",2024,50502.0
37113,"Macon, NC",2019,41095.0
37113,"Macon, NC",2020,44005.0
37113,"Macon, NC",2021,48320.0
37113,"Macon, NC",2022,49611.0
37113,"Macon, NC",2023,53908.0
37113,"Macon, NC",2024,55969.0
37115,"Madison, NC",2019,37367.0
37115,"Madison, NC",2020,39449.0
37115,"Madison, NC",2021,43421.0
37115,"Madison, NC",2022,44944.0
37115,"Madison, NC",2023,48044.0
37115,"Madison, NC",2024,50927.0
37117,"Martin, NC",2019,35808.0
37117,"Martin, NC",2020,38449.0
37117,"Martin, NC",2021,43305.0
37117,"Martin, NC",2022,42489.0
37117,"Martin, NC",2023,44514.0
37117,"Martin, NC",2024,46890.0
37119,"Mecklenburg, NC",2019,63742.0
37119,"Mecklenburg, NC",2020,68555.0
37119,"Mecklenburg, NC",2021,75056.0
37119,"Mecklenburg, NC",2022,78578.0
37119,"Mecklenburg, NC",2023,82469.0
37119,"Mecklenburg, NC",2024,86098.0
37121,"Mitchell, NC",2019,37315.0
37121,"Mitchell, NC",2020,40352.0
37121,"Mitchell, NC",2021,43892.0
37121,"Mitchell, NC",2022,44394.0
37121,"Mitchell, NC",2023,48272.0
37121,"Mitchell, NC",2024,50776.0
37123,"Montgomery, NC",2019,38354.0
37123,"Montgomery, NC",2020,41956.0
37123,"Montgomery, NC",2021,46030.0
37123,"Montgomery, NC",2022,46855.0
37123,"Montgomery, NC",2023,47379.0
37123,"Montgomery, NC",2024,50197.0
37125,"Moore, NC",2019,53923.0
37125,"Moore, NC",2020,57403.0
37125,"Moore, NC",2021,61796.0
37125,"Moore, NC",2022,64977.0
37125,"Moore, NC",2023,68513.0
37125,"Moore, NC",2024,72920.0
37127,"Nash, NC",2019,43709.0
37127,"Nash, NC",2020,46695.0
37127,"Nash, NC",2021,50307.0
37127,"Nash, NC",2022,50608.0
37127,"Nash, NC",2023,52987.0
37127,"Nash, NC",2024,56141.0
37129,"New Hanover, NC",2019,50269.0
37129,"New Hanover, NC",2020,53673.0
37129,"New Hanover, NC",2021,60273.0
37129,"New Hanover, NC",2022,61827.0
37129,"New Hanover, NC",2023,66363.0
37129,"New Hanover, NC",2024,69666.0
37131,"Northampton, NC",2019,38927.0
37131,"Northampton, NC",2020,41511.0
37131,"Northampton, NC",2021,47545.0
37131,"Northampton, NC",2022,48352.0
37131,"Northampton, NC",2023,49915.0
37131,"Northampton, NC",2024,52819.0
37133,"Onslow, NC",2019,43832.0
37133,"Onslow, NC",2020,46809.0
37133,"Onslow, NC",2021,52001.0
37133,"Onslow, NC",2022,52257.0
37133,"Onslow, NC",2023,54031.0
37133,"Onslow, NC",2024,57450.0
37135,"Orange, NC",2019,65940.0
37135,"Orange, NC",2020,70274.0
37135,"Orange, NC",2021,76110.0
37135,"Orange, NC",2022,77919.0
37135,"Orange, NC",2023,83174.0
37135,"Orange, NC",2024,87778.0
37137,"Pamlico, NC",2019,46054.0
37137,"Pamlico, NC",2020,48754.0
37137,"Pamlico, NC",2021,52610.0
37137,"Pamlico, NC",2022,53499.0
37137,"Pamlico, NC",2023,57095.0
37137,"Pamlico, NC",2024,59634.0
37139,"Pasquotank, NC",2019,39623.0
37139,"Pasquotank, NC",2020,43196.0
37139,"Pasquotank, NC",2021,47667.0
37139,"Pasquotank, NC",2022,48221.0
37139,"Pasquotank, NC",2023,51010.0
37139,"Pasquotank, NC",2024,53928.0
37141,"Pender, NC",2019,42415.0
37141,"Pender, NC",2020,44909.0
37141,"Pender, NC",2021,49845.0
37141,"Pender, NC",2022,51231.0
37141,"Pender, NC",2023,53668.0
37141,"Pender, NC",2024,56586.0
37143,"Perquimans, NC",2019,43159.0
37143,"Perquimans, NC",2020,46229.0
37143,"Perquimans, NC",2021,53299.0
37143,"Perquimans, NC",2022,53446.0
37143,"Perquimans, NC",2023,56301.0
37143,"Perquimans, NC",2024,58932.0
37145,"Person, NC",2019,39614.0
37145,"Person, NC",2020,42697.0
37145,"Person, NC",2021,45989.0
37145,"Person, NC",2022,46798.0
37145,"Person, NC",2023,49961.0
37145,"Person, NC",2024,52765.0
37147,"Pitt, NC",2019,45526.0
37147,"Pitt, NC",2020,48177.0
37147,"Pitt, NC",2021,52104.0
37147,"Pitt, NC",2022,52918.0
37147,"Pitt, NC",2023,55113.0
37147,"Pitt, NC",2024,58766.0
37149,"Polk, NC",2019,51735.0
37149,"Polk, NC",2020,55085.0
37149,"Polk, NC",2021,59328.0
37149,"Polk, NC",2022,62918.0
37149,"Polk, NC",2023,68619.0
37149,"Polk, NC",2024,72236.0
37151,"Randolph, NC",2019,39141.0
37151,"Randolph, NC",2020,41632.0
37151,"Randolph, NC",2021,46336.0
37151,"Randolph, NC",2022,47505.0
37151,"Randolph, NC",2023,49120.0
37151,"Randolph, NC",2024,51934.0
37153,"Richmond, NC",2019,36659.0
37153,"Richmond, NC",2020,40492.0
37153,"Richmond, NC",2021,45471.0
37153,"Richmond, NC",2022,46436.0
37153,"Richmond, NC",2023,48085.0
37153,"Richmond, NC",2024,51502.0
37155,"Robeson, NC",2019,33635.0
37155,"Robeson, NC",2020,37044.0
37155,"Robeson, NC",2021,41909.0
37155,"Robeson, NC",2022,42610.0
37155,"Robeson, NC",2023,43897.0
37155,"Robeson, NC",2024,46550.0
37157,"Rockingham, NC",2019,38464.0
37157,"Rockingham, NC",2020,41276.0
37157,"Rockingham, NC",2021,45631.0
37157,"Rockingham, NC",2022,46323.0
37157,"Rockingham, NC",2023,48297.0
37157,"Rockingham, NC",2024,50840.0
37159,"Rowan, NC",2019,39118.0
37159,"Rowan, NC",2020,42252.0
37159,"Rowan, NC",2021,46666.0
37159,"Rowan, NC",2022,46911.0
37159,"Rowan, NC",2023,49152.0
37159,"Rowan, NC",2024,51712.0
37161,"Rutherford, NC",2019,35440.0
37161,"Rutherford, NC",2020,38461.0
37161,"Rutherford, NC",2021,42340.0
37161,"Rutherford, NC",2022,42719.0
37161,"Rutherford, NC",2023,44467.0
37161,"Rutherford, NC",2024,47500.0
37163,"Sampson, NC",2019,37902.0
37163,"Sampson, NC",2020,40924.0
37163,"Sampson, NC",2021,47035.0
37163,"Sampson, NC",2022,48193.0
37163,"Sampson, NC",2023,47448.0
37163,"Sampson, NC",2024,50934.0
37165,"Scotland, NC",2019,34518.0
37165,"Scotland, NC",2020,38873.0
37165,"Scotland, NC",2021,43452.0
37165,"Scotland, NC",2022,42879.0
37165,"Scotland, NC",2023,44565.0
37165,"Scotland, NC",2024,47747.0
37167,"Stanly, NC",2019,40243.0
37167,"Stanly, NC",2020,43153.0
37167,"Stanly, NC",2021,47824.0
37167,"Stanly, NC",2022,48517.0
37167,"Stanly, NC",2023,51374.0
37167,"Stanly, NC",2024,54224.0
37169,"Stokes, NC",2019,39560.0
37169,"Stokes, NC",2020,41705.0
37169,"Stokes, NC",2021,46675.0
37169,"Stokes, NC",2022,47150.0
37169,"Stokes, NC",2023,49394.0
37169,"Stokes, NC",2024,52304.0
37171,"Surry, NC",2019,39622.0
37171,"Surry, NC",2020,42899.0
37171,"Surry, NC",2021,48375.0
37171,"Surry, NC",2022,49716.0
37171,"Surry, NC",2023,51206.0
37171,"Surry, NC",2024,54267.0
37173,"Swain, NC",2019,40987.0
37173,"Swain, NC",2020,44811.0
37173,"Swain, NC",2021,50664.0
37173,"Swain, NC",2022,52414.0
37173,"Swain, NC",2023,55631.0
37173,"Swain, NC",2024,59665.0
37175,"Transylvania, NC",2019,45277.0
37175,"Transylvania, NC",2020,47119.0
37175,"Transylvania, NC",2021,53353.0
37175,"Transylvania, NC",2022,56344.0
37175,"Transylvania, NC",2023,61090.0
37175,"Transylvania, NC",2024,64641.0
37177,"Tyrrell, NC",2019,38541.0
37177,"Tyrrell, NC",2020,42714.0
37177,"Tyrrell, NC",2021,47650.0
37177,"Tyrrell, NC",2022,42915.0
37177,"Tyrrell, NC",2023,45965.0
37177,"Tyrrell, NC",2024,46999.0
37179,"Union, NC",2019,55650.0
37179,"Union, NC",2020,58102.0
37179,"Union, NC",2021,64692.0
37179,"Union, NC",2022,69694.0
37179,"Union, NC",2023,73082.0
37179,"Union, NC",2024,76528.0
37181,"Vance, NC",2019,36437.0
37181,"Vance, NC",2020,39761.0
37181,"Vance, NC",2021,44920.0
37181,"Vance, NC",2022,43878.0
37181,"Vance, NC",2023,46719.0
37181,"Vance, NC",2024,49403.0
37183,"Wake, NC",2019,61948.0
37183,"Wake, NC",2020,65913.0
37183,"Wake, NC",2021,74543.0
37183,"Wake, NC",2022,77490.0
37183,"Wake, NC",2023,81413.0
37183,"Wake, NC",2024,85573.0
37185,"Warren, NC",2019,31574.0
37185,"Warren, NC",2020,35166.0
37185,"Warren, NC",2021,38920.0
37185,"Warren, NC",2022,37599.0
37185,"Warren, NC",2023,39190.0
37185,"Warren, NC",2024,40932.0
37187,"Washington, NC",2019,38086.0
37187,"Washington, NC",2020,41327.0
37187,"Washington, NC",2021,47083.0
37187,"Washington, NC",2022,45783.0
37187,"Washington, NC",2023,48479.0
37187,"Washington, NC",2024,50780.0
37189,"Watauga, NC",2019,40161.0
37189,"Watauga, NC",2020,42940.0
37189,"Watauga, NC",2021,46474.0
37189,"Watauga, NC",2022,49148.0
37189,"Watauga, NC",2023,53135.0
37189,"Watauga, NC",2024,56442.0
37191,"Wayne, NC",2019,41262.0
37191,"Wayne, NC",2020,44034.0
37191,"Wayne, NC",2021,49250.0
37191,"Wayne, NC",2022,48917.0
37191,"Wayne, NC",2023,50323.0
37191,"Wayne, NC",2024,53955.0
37193,"Wilkes, NC",2019,38686.0
37193,"Wilkes, NC",2020,41241.0
37193,"Wilkes, NC",2021,46135.0
37193,"Wilkes, NC",2022,49209.0
37193,"Wilkes, NC",2023,49607.0
37193,"Wilkes, NC",2024,52892.0
37195,"Wilson, NC",2019,41576.0
37195,"Wilson, NC",2020,44396.0
37195,"Wilson, NC",2021,48721.0
37195,"Wilson, NC",2022,49268.0
37195,"Wilson, NC",2023,51761.0
37195,"Wilson, NC",2024,54929.0
37197,"Yadkin, NC",2019,39455.0
37197,"Yadkin, NC",2020,41651.0
37197,"Yadkin, NC",2021,46911.0
37197,"Yadkin, NC",2022,48648.0
37197,"Yadkin, NC",2023,50680.0
37197,"Yadkin, NC",2024,53881.0
37199,"Yancey, NC",2019,36877.0
37199,"Yancey, NC",2020,39486.0
37199,"Yancey, NC",2021,42152.0
37199,"Yancey, NC",2022,43135.0
37199,"Yancey, NC",2023,46292.0
37199,"Yancey, NC",2024,48908.0
38001,"Adams, ND",2019,49693.0
38001,"Adams, ND",2020,60071.0
38001,"Adams, ND",2021,58062.0
38001,"Adams, ND",2022,61737.0
38001,"Adams, ND",2023,53161.0
38001,"Adams, ND",2024,51135.0
38003,"Barnes, ND",2019,55708.0
38003,"Barnes, ND",2020,60513.0
38003,"Barnes, ND",2021,67515.0
38003,"Barnes, ND",2022,74640.0
38003,"Barnes, ND",2023,74235.0
38003,"Barnes, ND",2024,65538.0
38005,"Benson, ND",2019,40254.0
38005,"Benson, ND",2020,49782.0
38005,"Benson, ND",2021,57767.0
38005,"Benson, ND",2022,66671.0
38005,"Benson, ND",2023,59174.0
38005,"Benson, ND",2024,54516.0
38007,"Billings, ND",2019,76687.0
38007,"Billings, ND",2020,80547.0
38007,"Billings, ND",2021,87543.0
38007,"Billings, ND",2022,82400.0
38007,"Billings, ND",2023,82133.0
38007,"Billings, ND",2024,83173.0
38009,"Bottineau, ND",2019,60943.0
38009,"Bottineau, ND",2020,68608.0
38009,"Bottineau, ND",2021,72113.0
38009,"Bottineau, ND",2022,89099.0
38009,"Bottineau, ND",2023,80791.0
38009,"Bottineau, ND",2024,76250.0
38011,"Bowman, ND",2019,69038.0
38011,"Bowman, ND",2020,70672.0
38011,"Bowman, ND",2021,77074.0
38011,"Bowman, ND",2022,72555.0
38011,"Bowman, ND",2023,69352.0
38011,"Bowman, ND",2024,73567.0
38013,"Burke, ND",2019,73332.0
38013,"Burke, ND",2020,76360.0
38013,"Burke, ND",2021,72392.0
38013,"Burke, ND",2022,102224.0
38013,"Burke, ND",2023,85205.0
38013,"Burke, ND",2024,83248.0
38015,"Burleigh, ND",2019,59814.0
38015,"Burleigh, ND",2020,62360.0
38015,"Burleigh, ND",2021,69182.0
38015,"Burleigh, ND",2022,71750.0
38015,"Burleigh, ND",2023,73417.0
38015,"Burleigh, ND",2024,75724.0
38017,"Cass, ND",2019,57625.0
38017,"Cass, ND",2020,61365.0
38017,"Cass, ND",2021,67568.0
38017,"Cass, ND",2022,69537.0
38017,"Cass, ND",2023,72151.0
38017,"Cass, ND",2024,74118.0
38019,"Cavalier, ND",2019,65388.0
38019,"Cavalier, ND",2020,91904.0
38019,"Cavalier, ND",2021,89864.0
38019,"Cavalier, ND",2022,134389.0
38019,"Cavalier, ND",2023,103289.0
38019,"Cavalier, ND",2024,94299.0
38021,"Dickey, ND",2019,62511.0
38021,"Dickey, ND",2020,66325.0
38021,"Dickey, ND",2021,77746.0
38021,"Dickey, ND",2022,98298.0
38021,"Dickey, ND",2023,103155.0
38021,"Dickey, ND",2024,95638.0
38023,"Divide, ND",2019,59171.0
38023,"Divide, ND",2020,62431.0
38023,"Divide, ND",2021,65687.0
38023,"Divide, ND",2022,75269.0
38023,"Divide, ND",2023,63829.0
38023,"Divide, ND",2024,57287.0
38025,"Dunn, ND",2019,73387.0
38025,"Dunn, ND",2020,74275.0
38025,"Dunn, ND",2021,89948.0
38025,"Dunn, ND",2022,102416.0
38025,"Dunn, ND",2023,99757.0
38025,"Dunn, ND",2024,99793.0
38027,"Eddy, ND",2019,57390.0
38027,"Eddy, ND",2020,68227.0
38027,"Eddy, ND",2021,75014.0
38027,"Eddy, ND",2022,90007.0
38027,"Eddy, ND",2023,82673.0
38027,"Eddy, ND",2024,77543.0
38029,"Emmons, ND",2019,49213.0
38029,"Emmons, ND",2020,63328.0
38029,"Emmons, ND",2021,77964.0
38029,"Emmons, ND",2022,89013.0
38029,"Emmons, ND",2023,70514.0
38029,"Emmons, ND",2024,58700.0
38031,"Foster, ND",2019,58729.0
38031,"Foster, ND",2020,72672.0
38031,"Foster, ND",2021,81467.0
38031,"Foster, ND",2022,87293.0
38031,"Foster, ND",2023,77737.0
38031,"Foster, ND",2024,69847.0
38033,"Golden Valley, ND",2019,40011.0
38033,"Golden Valley, ND",2020,50787.0
38033,"Golden Valley, ND",2021,63523.0
38033,"Golden Valley, ND",2022,54613.0
38033,"Golden Valley, ND",2023,45723.0
38033,"Golden Valley, ND",2024,45409.0
38035,"Grand Forks, ND",2019,50609.0
38035,"Grand Forks, ND",2020,54834.0
38035,"Grand Forks, ND",2021,59106.0
38035,"Grand Forks, ND",2022,61753.0
38035,"Grand Forks, ND",2023,64623.0
38035,"Grand Forks, ND",2024,66422.0
38037,"Grant, ND",2019,42504.0
38037,"Grant, ND",2020,55624.0
38037,"Grant, ND",2021,60825.0
38037,"Grant, ND",2022,64346.0
38037,"Grant, ND",2023,51542.0
38037,"Grant, ND",2024,49089.0
38039,"Griggs, ND",2019,57024.0
38039,"Griggs, ND",2020,67071.0
38039,"Griggs, ND",2021,78697.0
38039,"Griggs, ND",2022,93672.0
38039,"Griggs, ND",2023,85884.0
38039,"Griggs, ND",2024,74455.0
38041,"Hettinger, ND",2019,49462.0
38041,"Hettinger, ND",2020,60784.0
38041,"Hettinger, ND",2021,60552.0
38041,"Hettinger, ND",2022,68024.0
38041,"Hettinger, ND",2023,50354.0
38041,"Hettinger, ND",2024,45333.0
38043,"Kidder, ND",2019,53229.0
38043,"Kidder, ND",2020,66184.0
38043,"Kidder, ND",2021,78685.0
38043,"Kidder, ND",2022,81378.0
38043,"Kidder, ND",2023,80232.0
38043,"Kidder, ND",2024,71747.0
38045,"LaMoure, ND",2019,60819.0
38045,"LaMoure, ND",2020,66974.0
38045,"LaMoure, ND",2021,75500.0
38045,"LaMoure, ND",2022,93947.0
38045,"LaMoure, ND",2023,92922.0
38045,"LaMoure, ND",2024,75679.0
38047,"Logan, ND",2019,50881.0
38047,"Logan, ND",2020,59122.0
38047,"Logan, ND",2021,70843.0
38047,"Logan, ND",2022,83023.0
38047,"Logan, ND",2023,71627.0
38047,"Logan, ND",2024,61240.0
38049,"McHenry, ND",2019,55558.0
38049,"McHenry, ND",2020,65491.0
38049,"McHenry, ND",2021,75108.0
38049,"McHenry, ND",2022,77379.0
38049,"McHenry, ND",2023,72058.0
38049,"McHenry, ND",2024,68058.0
38051,"McIntosh, ND",2019,59116.0
38051,"McIntosh, ND",2020,69292.0
38051,"McIntosh, ND",2021,82515.0
38051,"McIntosh, ND",2022,85453.0
38051,"McIntosh, ND",2023,73143.0
38051,"McIntosh, ND",2024,67664.0
38053,"McKenzie, ND",2019,69331.0
38053,"McKenzie, ND",2020,63146.0
38053,"McKenzie, ND",2021,69286.0
38053,"McKenzie, ND",2022,80015.0
38053,"McKenzie, ND",2023,81224.0
38053,"McKenzie, ND",2024,83041.0
38055,"McLean, ND",2019,58933.0
38055,"McLean, ND",2020,64979.0
38055,"McLean, ND",2021,79283.0
38055,"McLean, ND",2022,77951.0
38055,"McLean, ND",2023,72362.0
38055,"McLean, ND",2024,70392.0
38057,"Mercer, ND",2019,58330.0
38057,"Mercer, ND",2020,61768.0
38057,"Mercer, ND",2021,66689.0
38057,"Mercer, ND",2022,65236.0
38057,"Mercer, ND",2023,67645.0
38057,"Mercer, ND",2024,69934.0
38059,"Morton, ND",2019,51827.0
38059,"Morton, ND",2020,55618.0
38059,"Morton, ND",2021,61214.0
38059,"Morton, ND",2022,61923.0
38059,"Morton, ND",2023,62430.0
38059,"Morton, ND",2024,64468.0
38061,"Mountrail, ND",2019,67316.0
38061,"Mountrail, ND",2020,68863.0
38061,"Mountrail, ND",2021,75033.0
38061,"Mountrail, ND",2022,83758.0
38061,"Mountrail, ND",2023,79277.0
38061,"Mountrail, ND",2024,79698.0
38063,"Nelson, ND",2019,58623.0
38063,"Nelson, ND",2020,68289.0
38063,"Nelson, ND",2021,70533.0
38063,"Nelson, ND",2022,91435.0
38063,"Nelson, ND",2023,81331.0
38063,"Nelson, ND",2024,77562.0
38065,"Oliver, ND",2019,45249.0
38065,"Oliver, ND",2020,52063.0
38065,"Oliver, ND",2021,64938.0
38065,"Oliver, ND",2022,61703.0
38065,"Oliver, ND",2023,55675.0
38065,"Oliver, ND",2024,52588.0
38067,"Pembina, ND",2019,58308.0
38067,"Pembina, ND",2020,71117.0
38067,"Pembina, ND",2021,83869.0
38067,"Pembina, ND",2022,90253.0
38067,"Pembina, ND",2023,89357.0
38067,"Pembina, ND",2024,87020.0
38069,"Pierce, ND",2019,48292.0
38069,"Pierce, ND",2020,56284.0
38069,"Pierce, ND",2021,68522.0
38069,"Pierce, ND",2022,73344.0
38069,"Pierce, ND",2023,64043.0
38069,"Pierce, ND",2024,60578.0
38071,"Ramsey, ND",2019,49748.0
38071,"Ramsey, ND",2020,55841.0
38071,"Ramsey, ND",2021,61543.0
38071,"Ramsey, ND",2022,68947.0
38071,"Ramsey, ND",2023,67355.0
38071,"Ramsey, ND",2024,65460.0
38073,"Ransom, ND",2019,54891.0
38073,"Ransom, ND",2020,57620.0
38073,"Ransom, ND",2021,66441.0
38073,"Ransom, ND",2022,76002.0
38073,"Ransom, ND",2023,79883.0
38073,"Ransom, ND",2024,72353.0
38075,"Renville, ND",2019,70933.0
38075,"Renville, ND",2020,79742.0
38075,"Renville, ND",2021,77622.0
38075,"Renville, ND",2022,113733.0
38075,"Renville, ND",2023,90426.0
38075,"Renville, ND",2024,79894.0
38077,"Richland, ND",2019,50005.0
38077,"Richland, ND",2020,51134.0
38077,"Richland, ND",2021,62602.0
38077,"Richland, ND",2022,66200.0
38077,"Richland, ND",2023,73396.0
38077,"Richland, ND",2024,68548.0
38079,"Rolette, ND",2019,41580.0
38079,"Rolette, ND",2020,48742.0
38079,"Rolette, ND",2021,53579.0
38079,"Rolette, ND",2022,57834.0
38079,"Rolette, ND",2023,56717.0
38079,"Rolette, ND",2024,58110.0
38081,"Sargent, ND",2019,61854.0
38081,"Sargent, ND",2020,65207.0
38081,"Sargent, ND",2021,81170.0
38081,"Sargent, ND",2022,91511.0
38081,"Sargent, ND",2023,98230.0
38081,"Sargent, ND",2024,81208.0
38083,"Sheridan, ND",2019,48114.0
38083,"Sheridan, ND",2020,59876.0
38083,"Sheridan, ND",2021,80766.0
38083,"Sheridan, ND",2022,94149.0
38083,"Sheridan, ND",2023,64755.0
38083,"Sheridan, ND",2024,51968.0
38085,"Sioux, ND",2019,29403.0
38085,"Sioux, ND",2020,36094.0
38085,"Sioux, ND",2021,37887.0
38085,"Sioux, ND",2022,40061.0
38085,"Sioux, ND",2023,36308.0
38085,"Sioux, ND",2024,33782.0
38087,"Slope, ND",2019,48001.0
38087,"Slope, ND",2020,62654.0
38087,"Slope, ND",2021,62079.0
38087,"Slope, ND",2022,63928.0
38087,"Slope, ND",2023,40515.0
38087,"Slope, ND",2024,36609.0
38089,"Stark, ND",2019,62786.0
38089,"Stark, ND",2020,61250.0
38089,"Stark, ND",2021,63300.0
38089,"Stark, ND",2022,68320.0
38089,"Stark, ND",2023,71358.0
38089,"Stark, ND",2024,73173.0
38091,"Steele, ND",2019,66529.0
38091,"Steele, ND",2020,85297.0
38091,"Steele, ND",2021,91048.0
38091,"Steele, ND",2022,109551.0
38091,"Steele, ND",2023,97971.0
38091,"Steele, ND",2024,78457.0
38093,"Stutsman, ND",2019,50901.0
38093,"Stutsman, ND",2020,57677.0
38093,"Stutsman, ND",2021,61509.0
38093,"Stutsman, ND",2022,67646.0
38093,"Stutsman, ND",2023,68583.0
38093,"Stutsman, ND",2024,66311.0
38095,"Towner, ND",2019,59332.0
38095,"Towner, ND",2020,85207.0
38095,"Towner, ND",2021,76592.0
38095,"Towner, ND",2022,126937.0
38095,"Towner, ND",2023,99182.0
38095,"Towner, ND",2024,80670.0
38097,"Traill, ND",2019,55939.0
38097,"Traill, ND",2020,65553.0
38097,"Traill, ND",2021,67405.0
38097,"Traill, ND",2022,74279.0
38097,"Traill, ND",2023,73989.0
38097,"Traill, ND",2024,71172.0
38099,"Walsh, ND",2019,50705.0
38099,"Walsh, ND",2020,61160.0
38099,"Walsh, ND",2021,66560.0
38099,"Walsh, ND",2022,75681.0
38099,"Walsh, ND",2023,75119.0
38099,"Walsh, ND",2024,74307.0
38101,"Ward, ND",2019,54732.0
38101,"Ward, ND",2020,57192.0
38101,"Ward, ND",2021,59939.0
38101,"Ward, ND",2022,64119.0
38101,"Ward, ND",2023,66740.0
38101,"Ward, ND",2024,68835.0
38103,"Wells, ND",2019,58280.0
38103,"Wells, ND",2020,73518.0
38103,"Wells, ND",2021,82967.0
38103,"Wells, ND",2022,105852.0
38103,"Wells, ND",2023,88957.0
38103,"Wells, ND",2024,82133.0
38105,"Williams, ND",2019,65346.0
38105,"Williams, ND",2020,60639.0
38105,"Williams, ND",2021,63337.0
38105,"Williams, ND",2022,72728.0
38105,"Williams, ND",2023,74989.0
38105,"Williams, ND",2024,76176.0
39001,"Adams, OH",2019,35642.0
39001,"Adams, OH",2020,40001.0
39001,"Adams, OH",2021,44470.0
39001,"Adams, OH",2022,43159.0
39001,"Adams, OH",2023,45716.0
39001,"Adams, OH",2024,48003.0
39003,"Allen, OH",2019,43117.0
39003,"Allen, OH",2020,46916.0
39003,"Allen, OH",2021,50303.0
39003,"Allen, OH",2022,50807.0
39003,"Allen, OH",2023,53986.0
39003,"Allen, OH",2024,56066.0
39005,"Ashland, OH",2019,39165.0
39005,"Ashland, OH",2020,42765.0
39005,"Ashland, OH",2021,47791.0
39005,"Ashland, OH",2022,48042.0
39005,"Ashland, OH",2023,50991.0
39005,"Ashland, OH",2024,53234.0
39007,"Ashtabula, OH",2019,39356.0
39007,"Ashtabula, OH",2020,43188.0
39007,"Ashtabula, OH",2021,46537.0
39007,"Ashtabula, OH",2022,47541.0
39007,"Ashtabula, OH",2023,50619.0
39007,"Ashtabula, OH",2024,53259.0
39009,"Athens, OH",2019,35685.0
39009,"Athens, OH",2020,38168.0
39009,"Athens, OH",2021,42637.0
39009,"Athens, OH",2022,40836.0
39009,"Athens, OH",2023,41829.0
39009,"Athens, OH",2024,43940.0
39011,"Auglaize, OH",2019,47044.0
39011,"Auglaize, OH",2020,51091.0
39011,"Auglaize, OH",2021,55791.0
39011,"Auglaize, OH",2022,56750.0
39011,"Auglaize, OH",2023,60780.0
39011,"Auglaize, OH",2024,63340.0
39013,"Belmont, OH",2019,42378.0
39013,"Belmont, OH",2020,43721.0
39013,"Belmont, OH",2021,46553.0
39013,"Belmont, OH",2022,48382.0
39013,"Belmont, OH",2023,51873.0
39013,"Belmont, OH",2024,54976.0
39015,"Brown, OH",2019,38776.0
39015,"Brown, OH",2020,42692.0
39015,"Brown, OH",2021,46447.0
39015,"Brown, OH",2022,46834.0
39015,"Brown, OH",2023,48850.0
39015,"Brown, OH",2024,50147.0
39017,"Butler, OH",2019,48957.0
39017,"Butler, OH",2020,51967.0
39017,"Butler, OH",2021,55459.0
39017,"Butler, OH",2022,55505.0
39017,"Butler, OH",2023,57731.0
39017,"Butler, OH",2024,60037.0
39019,"Carroll, OH",2019,40772.0
39019,"Carroll, OH",2020,44548.0
39019,"Carroll, OH",2021,47850.0
39019,"Carroll, OH",2022,48295.0
39019,"Carroll, OH",2023,50989.0
39019,"Carroll, OH",2024,53476.0
39021,"Champaign, OH",2019,42101.0
39021,"Champaign, OH",2020,46379.0
39021,"Champaign, OH",2021,49541.0
39021,"Champaign, OH",2022,49261.0
39021,"Champaign, OH",2023,52659.0
39021,"Champaign, OH",2024,54645.0
39023,"Clark, OH",2019,40890.0
39023,"Clark, OH",2020,44477.0
39023,"Clark, OH",2021,47715.0
39023,"Clark, OH",2022,48030.0
39023,"Clark, OH",2023,50768.0
39023,"Clark, OH",2024,52869.0
39025,"Clermont, OH",2019,56978.0
39025,"Clermont, OH",2020,60919.0
39025,"Clermont, OH",2021,62288.0
39025,"Clermont, OH",2022,60323.0
39025,"Clermont, OH",2023,63569.0
39025,"Clermont, OH",2024,66235.0
39027,"Clinton, OH",2019,45284.0
39027,"Clinton, OH",2020,47498.0
39027,"Clinton, OH",2021,50690.0
39027,"Clinton, OH",2022,51543.0
39027,"Clinton, OH",2023,54764.0
39027,"Clinton, OH",2024,55867.0
39029,"Columbiana, OH",2019,39162.0
39029,"Columbiana, OH",2020,42670.0
39029,"Columbiana, OH",2021,45591.0
39029,"Columbiana, OH",2022,45377.0
39029,"Columbiana, OH",2023,48299.0
39029,"Columbiana, OH",2024,51183.0
39031,"Coshocton, OH",2019,35676.0
39031,"Coshocton, OH",2020,39353.0
39031,"Coshocton, OH",2021,43090.0
39031,"Coshocton, OH",2022,42488.0
39031,"Coshocton, OH",2023,45018.0
39031,"Coshocton, OH",2024,46704.0
39033,"Crawford, OH",2019,38007.0
39033,"Crawford, OH",2020,42000.0
39033,"Crawford, OH",2021,47657.0
39033,"Crawford, OH",2022,45973.0
39033,"Crawford, OH",2023,48587.0
39033,"Crawford, OH",2024,49862.0
39035,"Cuyahoga, OH",2019,54290.0
39035,"Cuyahoga, OH",2020,57225.0
39035,"Cuyahoga, OH",2021,62899.0
39035,"Cuyahoga, OH",2022,64523.0
39035,"Cuyahoga, OH",2023,69577.0
39035,"Cuyahoga, OH",2024,72797.0
39037,"Darke, OH",2019,43238.0
39037,"Darke, OH",2020,47822.0
39037,"Darke, OH",2021,52595.0
39037,"Darke, OH",2022,52633.0
39037,"Darke, OH",2023,57041.0
39037,"Darke, OH",2024,59915.0
39039,"Defiance, OH",2019,41239.0
39039,"Defiance, OH",2020,44275.0
39039,"Defiance, OH",2021,48246.0
39039,"Defiance, OH",2022,48038.0
39039,"Defiance, OH",2023,49778.0
39039,"Defiance, OH",2024,51182.0
39041,"Delaware, OH",2019,75933.0
39041,"Delaware, OH",2020,79078.0
39041,"Delaware, OH",2021,85682.0
39041,"Delaware, OH",2022,88010.0
39041,"Delaware, OH",2023,92483.0
39041,"Delaware, OH",2024,96573.0
39043,"Erie, OH",2019,53930.0
39043,"Erie, OH",2020,53787.0
39043,"Erie, OH",2021,57506.0
39043,"Erie, OH",2022,58003.0
39043,"Erie, OH",2023,60962.0
39043,"Erie, OH",2024,63347.0
39045,"Fairfield, OH",2019,47864.0
39045,"Fairfield, OH",2020,51556.0
39045,"Fairfield, OH",2021,54943.0
39045,"Fairfield, OH",2022,55648.0
39045,"Fairfield, OH",2023,58334.0
39045,"Fairfield, OH",2024,61185.0
39047,"Fayette, OH",2019,39175.0
39047,"Fayette, OH",2020,44623.0
39047,"Fayette, OH",2021,48001.0
39047,"Fayette, OH",2022,47620.0
39047,"Fayette, OH",2023,49971.0
39047,"Fayette, OH",2024,50746.0
39049,"Franklin, OH",2019,50727.0
39049,"Franklin, OH",2020,54398.0
39049,"Franklin, OH",2021,59927.0
39049,"Franklin, OH",2022,60912.0
39049,"Franklin, OH",2023,63901.0
39049,"Franklin, OH",2024,66705.0
39051,"Fulton, OH",2019,45648.0
39051,"Fulton, OH",2020,49524.0
39051,"Fulton, OH",2021,53343.0
39051,"Fulton, OH",2022,54023.0
39051,"Fulton, OH",2023,56763.0
39051,"Fulton, OH",2024,58475.0
39053,"Gallia, OH",2019,41218.0
39053,"Gallia, OH",2020,44491.0
39053,"Gallia, OH",2021,46419.0
39053,"Gallia, OH",2022,47299.0
39053,"Gallia, OH",2023,50410.0
39053,"Gallia, OH",2024,53417.0
39055,"Geauga, OH",2019,70096.0
39055,"Geauga, OH",2020,71548.0
39055,"Geauga, OH",2021,80520.0
39055,"Geauga, OH",2022,81234.0
39055,"Geauga, OH",2023,87683.0
39055,"Geauga, OH",2024,92155.0
39057,"Greene, OH",2019,51598.0
39057,"Greene, OH",2020,54924.0
39057,"Greene, OH",2021,60000.0
39057,"Greene, OH",2022,60576.0
39057,"Greene, OH",2023,64428.0
39057,"Greene, OH",2024,67273.0
39059,"Guernsey, OH",2019,41708.0
39059,"Guernsey, OH",2020,46179.0
39059,"Guernsey, OH",2021,49185.0
39059,"Guernsey, OH",2022,48967.0
39059,"Guernsey, OH",2023,51406.0
39059,"Guernsey, OH",2024,52739.0
39061,"Hamilton, OH",2019,59517.0
39061,"Hamilton, OH",2020,63014.0
39061,"Hamilton, OH",2021,70497.0
39061,"Hamilton, OH",2022,71953.0
39061,"Hamilton, OH",2023,76070.0
39061,"Hamilton, OH",2024,78987.0
39063,"Hancock, OH",2019,50945.0
39063,"Hancock, OH",2020,55623.0
39063,"Hancock, OH",2021,57128.0
39063,"Hancock, OH",2022,59487.0
39063,"Hancock, OH",2023,68107.0
39063,"Hancock, OH",2024,70136.0
39065,"Hardin, OH",2019,33783.0
39065,"Hardin, OH",2020,37157.0
39065,"Hardin, OH",2021,40647.0
39065,"Hardin, OH",2022,40502.0
39065,"Hardin, OH",2023,42858.0
39065,"Hardin, OH",2024,44662.0
39067,"Harrison, OH",2019,40902.0
39067,"Harrison, OH",2020,42996.0
39067,"Harrison, OH",2021,46196.0
39067,"Harrison, OH",2022,47045.0
39067,"Harrison, OH",2023,52092.0
39067,"Harrison, OH",2024,55401.0
39069,"Henry, OH",2019,44476.0
39069,"Henry, OH",2020,48976.0
39069,"Henry, OH",2021,52926.0
39069,"Henry, OH",2022,53207.0
39069,"Henry, OH",2023,55414.0
39069,"Henry, OH",2024,56051.0
39071,"Highland, OH",2019,37184.0
39071,"Highland, OH",2020,40912.0
39071,"Highland, OH",2021,44754.0
39071,"Highland, OH",2022,44602.0
39071,"Highland, OH",2023,46464.0
39071,"Highland, OH",2024,47977.0
39073,"Hocking, OH",2019,39788.0
39073,"Hocking, OH",2020,43321.0
39073,"Hocking, OH",2021,45892.0
39073,"Hocking, OH",2022,46040.0
39073,"Hocking, OH",2023,48132.0
39073,"Hocking, OH",2024,50237.0
39075,"Holmes, OH",2019,46345.0
39075,"Holmes, OH",2020,49554.0
39075,"Holmes, OH",2021,54796.0
39075,"Holmes, OH",2022,57026.0
39075,"Holmes, OH",2023,61117.0
39075,"Holmes, OH",2024,63888.0
39077,"Huron, OH",2019,40611.0
39077,"Huron, OH",2020,44994.0
39077,"Huron, OH",2021,48375.0
39077,"Huron, OH",2022,48279.0
39077,"Huron, OH",2023,50478.0
39077,"Huron, OH",2024,52114.0
39079,"Jackson, OH",2019,36251.0
39079,"Jackson, OH",2020,40235.0
39079,"Jackson, OH",2021,42236.0
39079,"Jackson, OH",2022,41294.0
39079,"Jackson, OH",2023,43286.0
39079,"Jackson, OH",2024,45475.0
39081,"Jefferson, OH",2019,40348.0
39081,"Jefferson, OH",2020,43448.0
39081,"Jefferson, OH",2021,46382.0
39081,"Jefferson, OH",2022,46385.0
39081,"Jefferson, OH",2023,48539.0
39081,"Jefferson, OH",2024,50985.0
39083,"Knox, OH",2019,44463.0
39083,"Knox, OH",2020,48966.0
39083,"Knox, OH",2021,51964.0
39083,"Knox, OH",2022,52476.0
39083,"Knox, OH",2023,56104.0
39083,"Knox, OH",2024,58293.0
39085,"Lake, OH",2019,51861.0
39085,"Lake, OH",2020,55090.0
39085,"Lake, OH",2021,59215.0
39085,"Lake, OH",2022,59810.0
39085,"Lake, OH",2023,63464.0
39085,"Lake, OH",2024,66609.0
39087,"Lawrence, OH",2019,40326.0
39087,"Lawrence, OH",2020,43428.0
39087,"Lawrence, OH",2021,47285.0
39087,"Lawrence, OH",2022,48425.0
39087,"Lawrence, OH",2023,51439.0
39087,"Lawrence, OH",2024,54447.0
39089,"Licking, OH",2019,47117.0
39089,"Licking, OH",2020,51326.0
39089,"Licking, OH",2021,55588.0
39089,"Licking, OH",2022,55825.0
39089,"Licking, OH",2023,58745.0
39089,"Licking, OH",2024,61466.0
39091,"Logan, OH",2019,42592.0
39091,"Logan, OH",2020,46803.0
39091,"Logan, OH",2021,49142.0
39091,"Logan, OH",2022,49408.0
39091,"Logan, OH",2023,52748.0
39091,"Logan, OH",2024,55250.0
39093,"Lorain, OH",2019,47933.0
39093,"Lorain, OH",2020,50908.0
39093,"Lorain, OH",2021,54995.0
39093,"Lorain, OH",2022,55845.0
39093,"Lorain, OH",2023,58992.0
39093,"Lorain, OH",2024,61782.0
39095,"Lucas, OH",2019,47237.0
39095,"Lucas, OH",2020,50429.0
39095,"Lucas, OH",2021,53670.0
39095,"Lucas, OH",2022,54254.0
39095,"Lucas, OH",2023,57751.0
39095,"Lucas, OH",2024,60288.0
39097,"Madison, OH",2019,42601.0
39097,"Madison, OH",2020,47145.0
39097,"Madison, OH",2021,51100.0
39097,"Madison, OH",2022,53595.0
39097,"Madison, OH",2023,54781.0
39097,"Madison, OH",2024,55980.0
39099,"Mahoning, OH",2019,43612.0
39099,"Mahoning, OH",2020,47294.0
39099,"Mahoning, OH",2021,51710.0
39099,"Mahoning, OH",2022,51786.0
39099,"Mahoning, OH",2023,55587.0
39099,"Mahoning, OH",2024,58371.0
39101,"Marion, OH",2019,36914.0
39101,"Marion, OH",2020,40535.0
39101,"Marion, OH",2021,42876.0
39101,"Marion, OH",2022,43601.0
39101,"Marion, OH",2023,45621.0
39101,"Marion, OH",2024,47315.0
39103,"Medina, OH",2019,57429.0
39103,"Medina, OH",2020,60020.0
39103,"Medina, OH",2021,64380.0
39103,"Medina, OH",2022,66528.0
39103,"Medina, OH",2023,70333.0
39103,"Medina, OH",2024,73709.0
39105,"Meigs, OH",2019,36536.0
39105,"Meigs, OH",2020,40616.0
39105,"Meigs, OH",2021,43154.0
39105,"Meigs, OH",2022,42277.0
39105,"Meigs, OH",2023,44951.0
39105,"Meigs, OH",2024,47890.0
39107,"Mercer, OH",2019,49966.0
39107,"Mercer, OH",2020,54158.0
39107,"Mercer, OH",2021,60333.0
39107,"Mercer, OH",2022,61545.0
39107,"Mercer, OH",2023,68043.0
39107,"Mercer, OH",2024,72667.0
39109,"Miami, OH",2019,47830.0
39109,"Miami, OH",2020,51926.0
39109,"Miami, OH",2021,56030.0
39109,"Miami, OH",2022,56651.0
39109,"Miami, OH",2023,59510.0
39109,"Miami, OH",2024,62303.0
39111,"Monroe, OH",2019,37123.0
39111,"Monroe, OH",2020,41833.0
39111,"Monroe, OH",2021,43633.0
39111,"Monroe, OH",2022,42763.0
39111,"Monroe, OH",2023,45155.0
39111,"Monroe, OH",2024,47158.0
39113,"Montgomery, OH",2019,47499.0
39113,"Montgomery, OH",2020,51376.0
39113,"Montgomery, OH",2021,54994.0
39113,"Montgomery, OH",2022,55123.0
39113,"Montgomery, OH",2023,58359.0
39113,"Montgomery, OH",2024,60796.0
39115,"Morgan, OH",2019,35605.0
39115,"Morgan, OH",2020,40173.0
39115,"Morgan, OH",2021,43881.0
39115,"Morgan, OH",2022,43214.0
39115,"Morgan, OH",2023,46276.0
39115,"Morgan, OH",2024,48586.0
39117,"Morrow, OH",2019,41647.0
39117,"Morrow, OH",2020,45637.0
39117,"Morrow, OH",2021,49542.0
39117,"Morrow, OH",2022,49235.0
39117,"Morrow, OH",2023,51796.0
39117,"Morrow, OH",2024,53536.0
39119,"Muskingum, OH",2019,41878.0
39119,"Muskingum, OH",2020,46287.0
39119,"Muskingum, OH",2021,49575.0
39119,"Muskingum, OH",2022,49985.0
39119,"Muskingum, OH",2023,52426.0
39119,"Muskingum, OH",2024,54878.0
39121,"Noble, OH",2019,28181.0
39121,"Noble, OH",2020,30639.0
39121,"Noble, OH",2021,32576.0
39121,"Noble, OH",2022,31369.0
39121,"Noble, OH",2023,33354.0
39121,"Noble, OH",2024,34940.0
39123,"Ottawa, OH",2019,53625.0
39123,"Ottawa, OH",2020,57049.0
39123,"Ottawa, OH",2021,62156.0
39123,"Ottawa, OH",2022,62899.0
39123,"Ottawa, OH",2023,66728.0
39123,"Ottawa, OH",2024,68759.0
39125,"Paulding, OH",2019,40674.0
39125,"Paulding, OH",2020,45709.0
39125,"Paulding, OH",2021,49640.0
39125,"Paulding, OH",2022,50980.0
39125,"Paulding, OH",2023,54443.0
39125,"Paulding, OH",2024,55783.0
39127,"Perry, OH",2019,39388.0
39127,"Perry, OH",2020,43081.0
39127,"Perry, OH",2021,46501.0
39127,"Perry, OH",2022,46802.0
39127,"Perry, OH",2023,49031.0
39127,"Perry, OH",2024,51367.0
39129,"Pickaway, OH",2019,42091.0
39129,"Pickaway, OH",2020,46298.0
39129,"Pickaway, OH",2021,51129.0
39129,"Pickaway, OH",2022,50568.0
39129,"Pickaway, OH",2023,52248.0
39129,"Pickaway, OH",2024,53904.0
39131,"Pike, OH",2019,39391.0
39131,"Pike, OH",2020,43222.0
39131,"Pike, OH",2021,46194.0
39131,"Pike, OH",2022,46185.0
39131,"Pike, OH",2023,48802.0
39131,"Pike, OH",2024,51649.0
39133,"Portage, OH",2019,45543.0
39133,"Portage, OH",2020,48668.0
39133,"Portage, OH",2021,53713.0
39133,"Portage, OH",2022,53891.0
39133,"Portage, OH",2023,56666.0
39133,"Portage, OH",2024,59373.0
39135,"Preble, OH",2019,40825.0
39135,"Preble, OH",2020,44650.0
39135,"Preble, OH",2021,49258.0
39135,"Preble, OH",2022,49579.0
39135,"Preble, OH",2023,52187.0
39135,"Preble, OH",2024,53761.0
39137,"Putnam, OH",2019,49178.0
39137,"Putnam, OH",2020,53567.0
39137,"Putnam, OH",2021,59370.0
39137,"Putnam, OH",2022,59826.0
39137,"Putnam, OH",2023,63771.0
39137,"Putnam, OH",2024,65403.0
39139,"Richland, OH",2019,39589.0
39139,"Richland, OH",2020,43509.0
39139,"Richland, OH",2021,45470.0
39139,"Richland, OH",2022,45499.0
39139,"Richland, OH",2023,47929.0
39139,"Richland, OH",2024,50010.0
39141,"Ross, OH",2019,38440.0
39141,"Ross, OH",2020,42145.0
39141,"Ross, OH",2021,45532.0
39141,"Ross, OH",2022,45196.0
39141,"Ross, OH",2023,46952.0
39141,"Ross, OH",2024,48854.0
39143,"Sandusky, OH",2019,41854.0
39143,"Sandusky, OH",2020,45396.0
39143,"Sandusky, OH",2021,49432.0
39143,"Sandusky, OH",2022,49414.0
39143,"Sandusky, OH",2023,52017.0
39143,"Sandusky, OH",2024,53099.0
39145,"Scioto, OH",2019,40557.0
39145,"Scioto, OH",2020,43153.0
39145,"Scioto, OH",2021,46210.0
39145,"Scioto, OH",2022,46490.0
39145,"Scioto, OH",2023,49305.0
39145,"Scioto, OH",2024,51484.0
39147,"Seneca, OH",2019,40095.0
39147,"Seneca, OH",2020,44796.0
39147,"Seneca, OH",2021,48572.0
39147,"Seneca, OH",2022,48160.0
39147,"Seneca, OH",2023,50679.0
39147,"Seneca, OH",2024,52061.0
39149,"Shelby, OH",2019,45188.0
39149,"Shelby, OH",2020,49217.0
39149,"Shelby, OH",2021,52836.0
39149,"Shelby, OH",2022,52876.0
39149,"Shelby, OH",2023,55757.0
39149,"Shelby, OH",2024,57615.0
39151,"Stark, OH",2019,45364.0
39151,"Stark, OH",2020,48757.0
39151,"Stark, OH",2021,53414.0
39151,"Stark, OH",2022,54014.0
39151,"Stark, OH",2023,57174.0
39151,"Stark, OH",2024,59959.0
39153,"Summit, OH",2019,52519.0
39153,"Summit, OH",2020,56096.0
39153,"Summit, OH",2021,61539.0
39153,"Summit, OH",2022,61027.0
39153,"Summit, OH",2023,64672.0
39153,"Summit, OH",2024,67711.0
39155,"Trumbull, OH",2019,39787.0
39155,"Trumbull, OH",2020,43023.0
39155,"Trumbull, OH",2021,46180.0
39155,"Trumbull, OH",2022,46745.0
39155,"Trumbull, OH",2023,49858.0
39155,"Trumbull, OH",2024,52479.0
39157,"Tuscarawas, OH",2019,43241.0
39157,"Tuscarawas, OH",2020,45931.0
39157,"Tuscarawas, OH",2021,50985.0
39157,"Tuscarawas, OH",2022,54140.0
39157,"Tuscarawas, OH",2023,58847.0
39157,"Tuscarawas, OH",2024,61815.0
39159,"Union, OH",2019,57523.0
39159,"Union, OH",2020,61796.0
39159,"Union, OH",2021,66995.0
39159,"Union, OH",2022,69340.0
39159,"Union, OH",2023,72420.0
39159,"Union, OH",2024,75616.0
39161,"Van Wert, OH",2019,41397.0
39161,"Van Wert, OH",2020,46137.0
39161,"Van Wert, OH",2021,50212.0
39161,"Van Wert, OH",2022,50030.0
39161,"Van Wert, OH",2023,53298.0
39161,"Van Wert, OH",2024,54247.0
39163,"Vinton, OH",2019,35081.0
39163,"Vinton, OH",2020,39305.0
39163,"Vinton, OH",2021,41486.0
39163,"Vinton, OH",2022,40979.0
39163,"Vinton, OH",2023,43678.0
39163,"Vinton, OH",2024,44931.0
39165,"Warren, OH",2019,62463.0
39165,"Warren, OH",2020,65733.0
39165,"Warren, OH",2021,71081.0
39165,"Warren, OH",2022,73235.0
39165,"Warren, OH",2023,77251.0
39165,"Warren, OH",2024,81022.0
39167,"Washington, OH",2019,44155.0
39167,"Washington, OH",2020,46797.0
39167,"Washington, OH",2021,51569.0
39167,"Washington, OH",2022,51478.0
39167,"Washington, OH",2023,55864.0
39167,"Washington, OH",2024,57485.0
39169,"Wayne, OH",2019,45607.0
39169,"Wayne, OH",2020,49062.0
39169,"Wayne, OH",2021,53562.0
39169,"Wayne, OH",2022,53835.0
39169,"Wayne, OH",2023,58698.0
39169,"Wayne, OH",2024,61004.0
39171,"Williams, OH",2019,42209.0
39171,"Williams, OH",2020,44934.0
39171,"Williams, OH",2021,49111.0
39171,"Williams, OH",2022,50010.0
39171,"Williams, OH",2023,51963.0
39171,"Williams, OH",2024,52928.0
39173,"Wood, OH",2019,47499.0
39173,"Wood, OH",2020,50634.0
39173,"Wood, OH",2021,55682.0
39173,"Wood, OH",2022,56958.0
39173,"Wood, OH",2023,60137.0
39173,"Wood, OH",2024,62600.0
39175,"Wyandot, OH",2019,45670.0
39175,"Wyandot, OH",2020,50242.0
39175,"Wyandot, OH",2021,55226.0
39175,"Wyandot, OH",2022,55585.0
39175,"Wyandot, OH",2023,59799.0
39175,"Wyandot, OH",2024,61381.0
40001,"Adair, OK",2019,33089.0
40001,"Adair, OK",2020,35650.0
40001,"Adair, OK",2021,40672.0
40001,"Adair, OK",2022,42331.0
40001,"Adair, OK",2023,42730.0
40001,"Adair, OK",2024,44129.0
40003,"Alfalfa, OK",2019,38162.0
40003,"Alfalfa, OK",2020,39948.0
40003,"Alfalfa, OK",2021,43779.0
40003,"Alfalfa, OK",2022,44344.0
40003,"Alfalfa, OK",2023,49589.0
40003,"Alfalfa, OK",2024,45852.0
40005,"Atoka, OK",2019,32226.0
40005,"Atoka, OK",2020,34332.0
40005,"Atoka, OK",2021,36086.0
40005,"Atoka, OK",2022,35397.0
40005,"Atoka, OK",2023,37241.0
40005,"Atoka, OK",2024,38709.0
40007,"Beaver, OK",2019,55407.0
40007,"Beaver, OK",2020,57104.0
40007,"Beaver, OK",2021,68213.0
40007,"Beaver, OK",2022,67952.0
40007,"Beaver, OK",2023,70374.0
40007,"Beaver, OK",2024,69985.0
40009,"Beckham, OK",2019,36958.0
40009,"Beckham, OK",2020,37306.0
40009,"Beckham, OK",2021,39118.0
40009,"Beckham, OK",2022,39175.0
40009,"Beckham, OK",2023,42560.0
40009,"Beckham, OK",2024,44069.0
40011,"Blaine, OK",2019,46370.0
40011,"Blaine, OK",2020,43240.0
40011,"Blaine, OK",2021,48968.0
40011,"Blaine, OK",2022,52071.0
40011,"Blaine, OK",2023,54986.0
40011,"Blaine, OK",2024,56243.0
40013,"Bryan, OK",2019,37821.0
40013,"Bryan, OK",2020,40392.0
40013,"Bryan, OK",2021,44491.0
40013,"Bryan, OK",2022,44056.0
40013,"Bryan, OK",2023,46307.0
40013,"Bryan, OK",2024,48009.0
40015,"Caddo, OK",2019,39257.0
40015,"Caddo, OK",2020,41455.0
40015,"Caddo, OK",2021,45163.0
40015,"Caddo, OK",2022,44622.0
40015,"Caddo, OK",2023,47286.0
40015,"Caddo, OK",2024,49329.0
40017,"Canadian, OK",2019,46330.0
40017,"Canadian, OK",2020,48402.0
40017,"Canadian, OK",2021,51705.0
40017,"Canadian, OK",2022,52341.0
40017,"Canadian, OK",2023,54306.0
40017,"Canadian, OK",2024,56786.0
40019,"Carter, OK",2019,43658.0
40019,"Carter, OK",2020,45694.0
40019,"Carter, OK",2021,48982.0
40019,"Carter, OK",2022,50824.0
40019,"Carter, OK",2023,53309.0
40019,"Carter, OK",2024,55594.0
40021,"Cherokee, OK",2019,35440.0
40021,"Cherokee, OK",2020,37089.0
40021,"Cherokee, OK",2021,41507.0
40021,"Cherokee, OK",2022,40924.0
40021,"Cherokee, OK",2023,43211.0
40021,"Cherokee, OK",2024,45156.0
40023,"Choctaw, OK",2019,33486.0
40023,"Choctaw, OK",2020,37215.0
40023,"Choctaw, OK",2021,41034.0
40023,"Choctaw, OK",2022,39231.0
40023,"Choctaw, OK",2023,42726.0
40023,"Choctaw, OK",2024,46655.0
40025,"Cimarron, OK",2019,63824.0
40025,"Cimarron, OK",2020,64722.0
40025,"Cimarron, OK",2021,69912.0
40025,"Cimarron, OK",2022,67240.0
40025,"Cimarron, OK",2023,83609.0
40025,"Cimarron, OK",2024,79566.0
40027,"Cleveland, OK",2019,44931.0
40027,"Cleveland, OK",2020,47181.0
40027,"Cleveland, OK",2021,50389.0
40027,"Cleveland, OK",2022,51736.0
40027,"Cleveland, OK",2023,54764.0
40027,"Cleveland, OK",2024,57355.0
40029,"Coal, OK",2019,40283.0
40029,"Coal, OK",2020,41046.0
40029,"Coal, OK",2021,44260.0
40029,"Coal, OK",2022,43855.0
40029,"Coal, OK",2023,47153.0
40029,"Coal, OK",2024,48239.0
40031,"Comanche, OK",2019,42464.0
40031,"Comanche, OK",2020,45409.0
40031,"Comanche, OK",2021,48255.0
40031,"Comanche, OK",2022,48269.0
40031,"Comanche, OK",2023,51087.0
40031,"Comanche, OK",2024,54944.0
40033,"Cotton, OK",2019,45535.0
40033,"Cotton, OK",2020,49808.0
40033,"Cotton, OK",2021,52003.0
40033,"Cotton, OK",2022,51715.0
40033,"Cotton, OK",2023,54647.0
40033,"Cotton, OK",2024,56825.0
40035,"Craig, OK",2019,39723.0
40035,"Craig, OK",2020,41098.0
40035,"Craig, OK",2021,43304.0
40035,"Craig, OK",2022,44925.0
40035,"Craig, OK",2023,46769.0
40035,"Craig, OK",2024,48473.0
40037,"Creek, OK",2019,42551.0
40037,"Creek, OK",2020,44925.0
40037,"Creek, OK",2021,47704.0
40037,"Creek, OK",2022,48083.0
40037,"Creek, OK",2023,50679.0
40037,"Creek, OK",2024,53272.0
40039,"Custer, OK",2019,41167.0
40039,"Custer, OK",2020,42392.0
40039,"Custer, OK",2021,46328.0
40039,"Custer, OK",2022,47390.0
40039,"Custer, OK",2023,48776.0
40039,"Custer, OK",2024,51043.0
40041,"Delaware, OK",2019,36224.0
40041,"Delaware, OK",2020,37954.0
40041,"Delaware, OK",2021,41547.0
40041,"Delaware, OK",2022,44350.0
40041,"Delaware, OK",2023,46224.0
40041,"Delaware, OK",2024,48500.0
40043,"Dewey, OK",2019,53122.0
40043,"Dewey, OK",2020,50712.0
40043,"Dewey, OK",2021,48358.0
40043,"Dewey, OK",2022,52032.0
40043,"Dewey, OK",2023,63777.0
40043,"Dewey, OK",2024,61823.0
40045,"Ellis, OK",2019,55168.0
40045,"Ellis, OK",2020,53490.0
40045,"Ellis, OK",2021,57564.0
40045,"Ellis, OK",2022,61165.0
40045,"Ellis, OK",2023,64244.0
40045,"Ellis, OK",2024,67585.0
40047,"Garfield, OK",2019,43353.0
40047,"Garfield, OK",2020,44286.0
40047,"Garfield, OK",2021,48172.0
40047,"Garfield, OK",2022,49429.0
40047,"Garfield, OK",2023,51932.0
40047,"Garfield, OK",2024,54091.0
40049,"Garvin, OK",2019,42716.0
40049,"Garvin, OK",2020,46886.0
40049,"Garvin, OK",2021,49853.0
40049,"Garvin, OK",2022,47869.0
40049,"Garvin, OK",2023,50018.0
40049,"Garvin, OK",2024,51464.0
40051,"Grady, OK",2019,42565.0
40051,"Grady, OK",2020,44645.0
40051,"Grady, OK",2021,47343.0
40051,"Grady, OK",2022,48046.0
40051,"Grady, OK",2023,50492.0
40051,"Grady, OK",2024,52795.0
40053,"Grant, OK",2019,49014.0
40053,"Grant, OK",2020,53204.0
40053,"Grant, OK",2021,58291.0
40053,"Grant, OK",2022,56489.0
40053,"Grant, OK",2023,62896.0
40053,"Grant, OK",2024,59871.0
40055,"Greer, OK",2019,32359.0
40055,"Greer, OK",2020,33189.0
40055,"Greer, OK",2021,35219.0
40055,"Greer, OK",2022,37630.0
40055,"Greer, OK",2023,40188.0
40055,"Greer, OK",2024,41254.0
40057,"Harmon, OK",2019,42343.0
40057,"Harmon, OK",2020,46036.0
40057,"Harmon, OK",2021,50692.0
40057,"Harmon, OK",2022,58735.0
40057,"Harmon, OK",2023,59658.0
40057,"Harmon, OK",2024,66311.0
40059,"Harper, OK",2019,55526.0
40059,"Harper, OK",2020,54431.0
40059,"Harper, OK",2021,59495.0
40059,"Harper, OK",2022,60387.0
40059,"Harper, OK",2023,68433.0
40059,"Harper, OK",2024,73644.0
40061,"Haskell, OK",2019,36047.0
40061,"Haskell, OK",2020,38305.0
40061,"Haskell, OK",2021,42858.0
40061,"Haskell, OK",2022,44586.0
40061,"Haskell, OK",2023,46541.0
40061,"Haskell, OK",2024,47367.0
40063,"Hughes, OK",2019,40780.0
40063,"Hughes, OK",2020,40350.0
40063,"Hughes, OK",2021,47927.0
40063,"Hughes, OK",2022,45873.0
40063,"Hughes, OK",2023,47534.0
40063,"Hughes, OK",2024,53297.0
40065,"Jackson, OK",2019,42435.0
40065,"Jackson, OK",2020,45197.0
40065,"Jackson, OK",2021,49894.0
40065,"Jackson, OK",2022,51785.0
40065,"Jackson, OK",2023,53758.0
40065,"Jackson, OK",2024,55896.0
40067,"Jefferson, OK",2019,37180.0
40067,"Jefferson, OK",2020,40183.0
40067,"Jefferson, OK",2021,40216.0
40067,"Jefferson, OK",2022,42763.0
40067,"Jefferson, OK",2023,44415.0
40067,"Jefferson, OK",2024,46470.0
40069,"Johnston, OK",2019,37856.0
40069,"Johnston, OK",2020,41311.0
40069,"Johnston, OK",2021,44604.0
40069,"Johnston, OK",2022,45772.0
40069,"Johnston, OK",2023,50377.0
40069,"Johnston, OK",2024,52678.0
40071,"Kay, OK",2019,41399.0
40071,"Kay, OK",2020,45104.0
40071,"Kay, OK",2021,49068.0
40071,"Kay, OK",2022,47901.0
40071,"Kay, OK",2023,49638.0
40071,"Kay, OK",2024,51201.0
40073,"Kingfisher, OK",2019,58719.0
40073,"Kingfisher, OK",2020,59654.0
40073,"Kingfisher, OK",2021,67070.0
40073,"Kingfisher, OK",2022,70902.0
40073,"Kingfisher, OK",2023,73038.0
40073,"Kingfisher, OK",2024,75724.0
40075,"Kiowa, OK",2019,38845.0
40075,"Kiowa, OK",2020,42570.0
40075,"Kiowa, OK",2021,45019.0
40075,"Kiowa, OK",2022,47493.0
40075,"Kiowa, OK",2023,47857.0
40075,"Kiowa, OK",2024,49691.0
40077,"Latimer, OK",2019,36478.0
40077,"Latimer, OK",2020,37708.0
40077,"Latimer, OK",2021,39754.0
40077,"Latimer, OK",2022,39856.0
40077,"Latimer, OK",2023,41994.0
40077,"Latimer, OK",2024,42676.0
40079,"Le Flore, OK",2019,34872.0
40079,"Le Flore, OK",2020,36896.0
40079,"Le Flore, OK",2021,40117.0
40079,"Le Flore, OK",2022,41821.0
40079,"Le Flore, OK",2023,42999.0
40079,"Le Flore, OK",2024,45176.0
40081,"Lincoln, OK",2019,38753.0
40081,"Lincoln, OK",2020,41788.0
40081,"Lincoln, OK",2021,45752.0
40081,"Lincoln, OK",2022,43917.0
40081,"Lincoln, OK",2023,46793.0
40081,"Lincoln, OK",2024,48546.0
40083,"Logan, OK",2019,43943.0
40083,"Logan, OK",2020,45470.0
40083,"Logan, OK",2021,47773.0
40083,"Logan, OK",2022,48453.0
40083,"Logan, OK",2023,50788.0
40083,"Logan, OK",2024,52968.0
40085,"Love, OK",2019,39180.0
40085,"Love, OK",2020,41855.0
40085,"Love, OK",2021,43847.0
40085,"Love, OK",2022,43626.0
40085,"Love, OK",2023,45653.0
40085,"Love, OK",2024,47073.0
40087,"McClain, OK",2019,48931.0
40087,"McClain, OK",2020,49416.0
40087,"McClain, OK",2021,53492.0
40087,"McClain, OK",2022,54884.0
40087,"McClain, OK",2023,57249.0
40087,"McClain, OK",2024,59598.0
40089,"McCurtain, OK",2019,35072.0
40089,"McCurtain, OK",2020,38318.0
40089,"McCurtain, OK",2021,43293.0
40089,"McCurtain, OK",2022,44544.0
40089,"McCurtain, OK",2023,45554.0
40089,"McCurtain, OK",2024,47713.0
40091,"McIntosh, OK",2019,37199.0
40091,"McIntosh, OK",2020,40135.0
40091,"McIntosh, OK",2021,42359.0
40091,"McIntosh, OK",2022,42045.0
40091,"McIntosh, OK",2023,44505.0
40091,"McIntosh, OK",2024,46098.0
40093,"Major, OK",2019,42668.0
40093,"Major, OK",2020,43574.0
40093,"Major, OK",2021,48100.0
40093,"Major, OK",2022,48237.0
40093,"Major, OK",2023,51963.0
40093,"Major, OK",2024,53411.0
40095,"Marshall, OK",2019,38000.0
40095,"Marshall, OK",2020,41212.0
40095,"Marshall, OK",2021,44100.0
40095,"Marshall, OK",2022,45498.0
40095,"Marshall, OK",2023,49272.0
40095,"Marshall, OK",2024,51250.0
40097,"Mayes, OK",2019,38783.0
40097,"Mayes, OK",2020,41844.0
40097,"Mayes, OK",2021,44934.0
40097,"Mayes, OK",2022,44971.0
40097,"Mayes, OK",2023,47673.0
40097,"Mayes, OK",2024,50654.0
40099,"Murray, OK",2019,42096.0
40099,"Murray, OK",2020,43861.0
40099,"Murray, OK",2021,46872.0
40099,"Murray, OK",2022,47149.0
40099,"Murray, OK",2023,50383.0
40099,"Murray, OK",2024,53313.0
40101,"Muskogee, OK",2019,38220.0
40101,"Muskogee, OK",2020,41116.0
40101,"Muskogee, OK",2021,44450.0
40101,"Muskogee, OK",2022,45216.0
40101,"Muskogee, OK",2023,47458.0
40101,"Muskogee, OK",2024,49780.0
40103,"Noble, OK",2019,45260.0
40103,"Noble, OK",2020,48281.0
40103,"Noble, OK",2021,50805.0
40103,"Noble, OK",2022,50271.0
40103,"Noble, OK",2023,54126.0
40103,"Noble, OK",2024,55953.0
40105,"Nowata, OK",2019,39620.0
40105,"Nowata, OK",2020,42473.0
40105,"Nowata, OK",2021,44892.0
40105,"Nowata, OK",2022,45230.0
40105,"Nowata, OK",2023,48631.0
40105,"Nowata, OK",2024,50559.0
40107,"Okfuskee, OK",2019,32890.0
40107,"Okfuskee, OK",2020,35226.0
40107,"Okfuskee, OK",2021,38049.0
40107,"Okfuskee, OK",2022,37448.0
40107,"Okfuskee, OK",2023,39973.0
40107,"Okfuskee, OK",2024,41342.0
40109,"Oklahoma, OK",2019,55875.0
40109,"Oklahoma, OK",2020,58424.0
40109,"Oklahoma, OK",2021,64423.0
40109,"Oklahoma, OK",2022,71119.0
40109,"Oklahoma, OK",2023,74199.0
40109,"Oklahoma, OK",2024,76758.0
40111,"Okmulgee, OK",2019,36514.0
40111,"Okmulgee, OK",2020,39232.0
40111,"Okmulgee, OK",2021,42340.0
40111,"Okmulgee, OK",2022,42789.0
40111,"Okmulgee, OK",2023,44831.0
40111,"Okmulgee, OK",2024,46623.0
40113,"Osage, OK",2019,37000.0
40113,"Osage, OK",2020,38603.0
40113,"Osage, OK",2021,43525.0
40113,"Osage, OK",2022,43155.0
40113,"Osage, OK",2023,45252.0
40113,"Osage, OK",2024,47372.0
40115,"Ottawa, OK",2019,38869.0
40115,"Ottawa, OK",2020,42409.0
40115,"Ottawa, OK",2021,46770.0
40115,"Ottawa, OK",2022,45940.0
40115,"Ottawa, OK",2023,47784.0
40115,"Ottawa, OK",2024,49839.0
40117,"Pawnee, OK",2019,38538.0
40117,"Pawnee, OK",2020,40406.0
40117,"Pawnee, OK",2021,43381.0
40117,"Pawnee, OK",2022,43550.0
40117,"Pawnee, OK",2023,45482.0
40117,"Pawnee, OK",2024,47687.0
40119,"Payne, OK",2019,38475.0
40119,"Payne, OK",2020,41052.0
40119,"Payne, OK",2021,44239.0
40119,"Payne, OK",2022,44408.0
40119,"Payne, OK",2023,46440.0
40119,"Payne, OK",2024,48953.0
40121,"Pittsburg, OK",2019,39260.0
40121,"Pittsburg, OK",2020,40317.0
40121,"Pittsburg, OK",2021,42416.0
40121,"Pittsburg, OK",2022,42836.0
40121,"Pittsburg, OK",2023,45465.0
40121,"Pittsburg, OK",2024,46560.0
40123,"Pontotoc, OK",2019,45106.0
40123,"Pontotoc, OK",2020,48095.0
40123,"Pontotoc, OK",2021,51650.0
40123,"Pontotoc, OK",2022,53239.0
40123,"Pontotoc, OK",2023,56001.0
40123,"Pontotoc, OK",2024,60182.0
40125,"Pottawatomie, OK",2019,40176.0
40125,"Pottawatomie, OK",2020,42924.0
40125,"Pottawatomie, OK",2021,50350.0
40125,"Pottawatomie, OK",2022,47105.0
40125,"Pottawatomie, OK",2023,48524.0
40125,"Pottawatomie, OK",2024,50705.0
40127,"Pushmataha, OK",2019,32988.0
40127,"Pushmataha, OK",2020,37035.0
40127,"Pushmataha, OK",2021,40691.0
40127,"Pushmataha, OK",2022,39416.0
40127,"Pushmataha, OK",2023,41507.0
40127,"Pushmataha, OK",2024,43180.0
40129,"Roger Mills, OK",2019,43827.0
40129,"Roger Mills, OK",2020,45987.0
40129,"Roger Mills, OK",2021,49374.0
40129,"Roger Mills, OK",2022,48563.0
40129,"Roger Mills, OK",2023,55099.0
40129,"Roger Mills, OK",2024,54199.0
40131,"Rogers, OK",2019,46971.0
40131,"Rogers, OK",2020,49377.0
40131,"Rogers, OK",2021,52142.0
40131,"Rogers, OK",2022,52645.0
40131,"Rogers, OK",2023,56217.0
40131,"Rogers, OK",2024,58885.0
40133,"Seminole, OK",2019,35901.0
40133,"Seminole, OK",2020,38669.0
40133,"Seminole, OK",2021,42110.0
40133,"Seminole, OK",2022,42311.0
40133,"Seminole, OK",2023,44365.0
40133,"Seminole, OK",2024,46606.0
40135,"Sequoyah, OK",2019,35987.0
40135,"Sequoyah, OK",2020,38935.0
40135,"Sequoyah, OK",2021,42887.0
40135,"Sequoyah, OK",2022,42788.0
40135,"Sequoyah, OK",2023,44594.0
40135,"Sequoyah, OK",2024,46719.0
40137,"Stephens, OK",2019,43654.0
40137,"Stephens, OK",2020,45352.0
40137,"Stephens, OK",2021,47486.0
40137,"Stephens, OK",2022,50475.0
40137,"Stephens, OK",2023,52914.0
40137,"Stephens, OK",2024,55200.0
40139,"Texas, OK",2019,51850.0
40139,"Texas, OK",2020,50871.0
40139,"Texas, OK",2021,60470.0
40139,"Texas, OK",2022,57200.0
40139,"Texas, OK",2023,63051.0
40139,"Texas, OK",2024,68570.0
40141,"Tillman, OK",2019,38771.0
40141,"Tillman, OK",2020,37670.0
40141,"Tillman, OK",2021,40756.0
40141,"Tillman, OK",2022,40583.0
40141,"Tillman, OK",2023,39433.0
40141,"Tillman, OK",2024,39390.0
40143,"Tulsa, OK",2019,62131.0
40143,"Tulsa, OK",2020,61473.0
40143,"Tulsa, OK",2021,67138.0
40143,"Tulsa, OK",2022,75178.0
40143,"Tulsa, OK",2023,79988.0
40143,"Tulsa, OK",2024,83844.0
40145,"Wagoner, OK",2019,43131.0
40145,"Wagoner, OK",2020,45252.0
40145,"Wagoner, OK",2021,48801.0
40145,"Wagoner, OK",2022,48796.0
40145,"Wagoner, OK",2023,51213.0
40145,"Wagoner, OK",2024,53428.0
40147,"Washington, OK",2019,62416.0
40147,"Washington, OK",2020,63628.0
40147,"Washington, OK",2021,83062.0
40147,"Washington, OK",2022,109890.0
40147,"Washington, OK",2023,107203.0
40147,"Washington, OK",2024,126749.0
40149,"Washita, OK",2019,36490.0
40149,"Washita, OK",2020,37939.0
40149,"Washita, OK",2021,40559.0
40149,"Washita, OK",2022,41332.0
40149,"Washita, OK",2023,43135.0
40149,"Washita, OK",2024,43130.0
40151,"Woods, OK",2019,44256.0
40151,"Woods, OK",2020,44279.0
40151,"Woods, OK",2021,47706.0
40151,"Woods, OK",2022,49847.0
40151,"Woods, OK",2023,53367.0
40151,"Woods, OK",2024,52135.0
40153,"Woodward, OK",2019,37015.0
40153,"Woodward, OK",2020,38968.0
40153,"Woodward, OK",2021,41617.0
40153,"Woodward, OK",2022,41264.0
40153,"Woodward, OK",2023,46130.0
40153,"Woodward, OK",2024,46748.0
41001,"Baker, OR",2019,40707.0
41001,"Baker, OR",2020,44994.0
41001,"Baker, OR",2021,49019.0
41001,"Baker, OR",2022,50065.0
41001,"Baker, OR",2023,52908.0
41001,"Baker, OR",2024,56435.0
41003,"Benton, OR",2019,46732.0
41003,"Benton, OR",2020,50763.0
41003,"Benton, OR",2021,57530.0
41003,"Benton, OR",2022,56103.0
41003,"Benton, OR",2023,59434.0
41003,"Benton, OR",2024,62473.0
41005,"Clackamas, OR",2019,61310.0
41005,"Clackamas, OR",2020,64685.0
41005,"Clackamas, OR",2021,71929.0
41005,"Clackamas, OR",2022,75388.0
41005,"Clackamas, OR",2023,80235.0
41005,"Clackamas, OR",2024,84035.0
41007,"Clatsop, OR",2019,44885.0
41007,"Clatsop, OR",2020,49805.0
41007,"Clatsop, OR",2021,54765.0
41007,"Clatsop, OR",2022,56205.0
41007,"Clatsop, OR",2023,60248.0
41007,"Clatsop, OR",2024,63292.0
41009,"Columbia, OR",2019,45620.0
41009,"Columbia, OR",2020,49655.0
41009,"Columbia, OR",2021,54134.0
41009,"Columbia, OR",2022,55509.0
41009,"Columbia, OR",2023,58261.0
41009,"Columbia, OR",2024,60858.0
41011,"Coos, OR",2019,45969.0
41011,"Coos, OR",2020,50839.0
41011,"Coos, OR",2021,54871.0
41011,"Coos, OR",2022,55016.0
41011,"Coos, OR",2023,58852.0
41011,"Coos, OR",2024,62682.0
41013,"Crook, OR",2019,43420.0
41013,"Crook, OR",2020,47482.0
41013,"Crook, OR",2021,52407.0
41013,"Crook, OR",2022,53812.0
41013,"Crook, OR",2023,57877.0
41013,"Crook, OR",2024,62128.0
41015,"Curry, OR",2019,44545.0
41015,"Curry, OR",2020,47976.0
41015,"Curry, OR",2021,52236.0
41015,"Curry, OR",2022,52443.0
41015,"Curry, OR",2023,57032.0
41015,"Curry, OR",2024,61282.0
41017,"Deschutes, OR",2019,57770.0
41017,"Deschutes, OR",2020,63969.0
41017,"Deschutes, OR",2021,70933.0
41017,"Deschutes, OR",2022,75454.0
41017,"Deschutes, OR",2023,80581.0
41017,"Deschutes, OR",2024,86176.0
41019,"Douglas, OR",2019,42286.0
41019,"Douglas, OR",2020,46203.0
41019,"Douglas, OR",2021,50923.0
41019,"Douglas, OR",2022,50144.0
41019,"Douglas, OR",2023,52358.0
41019,"Douglas, OR",2024,55747.0
41021,"Gilliam, OR",2019,54692.0
41021,"Gilliam, OR",2020,64712.0
41021,"Gilliam, OR",2021,66214.0
41021,"Gilliam, OR",2022,73465.0
41021,"Gilliam, OR",2023,73410.0
41021,"Gilliam, OR",2024,73757.0
41023,"Grant, OR",2019,42951.0
41023,"Grant, OR",2020,48042.0
41023,"Grant, OR",2021,51601.0
41023,"Grant, OR",2022,51993.0
41023,"Grant, OR",2023,54795.0
41023,"Grant, OR",2024,58548.0
41025,"Harney, OR",2019,40630.0
41025,"Harney, OR",2020,44908.0
41025,"Harney, OR",2021,50544.0
41025,"Harney, OR",2022,52084.0
41025,"Harney, OR",2023,54396.0
41025,"Harney, OR",2024,57367.0
41027,"Hood River, OR",2019,54767.0
41027,"Hood River, OR",2020,60031.0
41027,"Hood River, OR",2021,66583.0
41027,"Hood River, OR",2022,66315.0
41027,"Hood River, OR",2023,71226.0
41027,"Hood River, OR",2024,74839.0
41029,"Jackson, OR",2019,47190.0
41029,"Jackson, OR",2020,51878.0
41029,"Jackson, OR",2021,57340.0
41029,"Jackson, OR",2022,58066.0
41029,"Jackson, OR",2023,62183.0
41029,"Jackson, OR",2024,65802.0
41031,"Jefferson, OR",2019,36097.0
41031,"Jefferson, OR",2020,40537.0
41031,"Jefferson, OR",2021,44634.0
41031,"Jefferson, OR",2022,43870.0
41031,"Jefferson, OR",2023,46695.0
41031,"Jefferson, OR",2024,50049.0
41033,"Josephine, OR",2019,43707.0
41033,"Josephine, OR",2020,48083.0
41033,"Josephine, OR",2021,52724.0
41033,"Josephine, OR",2022,51241.0
41033,"Josephine, OR",2023,53658.0
41033,"Josephine, OR",2024,57206.0
41035,"Klamath, OR",2019,39921.0
41035,"Klamath, OR",2020,43379.0
41035,"Klamath, OR",2021,47763.0
41035,"Klamath, OR",2022,48435.0
41035,"Klamath, OR",2023,51149.0
41035,"Klamath, OR",2024,54476.0
41037,"Lake, OR",2019,40756.0
41037,"Lake, OR",2020,43826.0
41037,"Lake, OR",2021,48448.0
41037,"Lake, OR",2022,47868.0
41037,"Lake, OR",2023,51523.0
41037,"Lake, OR",2024,53014.0
41039,"Lane, OR",2019,46304.0
41039,"Lane, OR",2020,50600.0
41039,"Lane, OR",2021,56092.0
41039,"Lane, OR",2022,56937.0
41039,"Lane, OR",2023,61467.0
41039,"Lane, OR",2024,65010.0
41041,"Lincoln, OR",2019,45153.0
41041,"Lincoln, OR",2020,49129.0
41041,"Lincoln, OR",2021,54659.0
41041,"Lincoln, OR",2022,55198.0
41041,"Lincoln, OR",2023,58675.0
41041,"Lincoln, OR",2024,61973.0
41043,"Linn, OR",2019,44306.0
41043,"Linn, OR",2020,48103.0
41043,"Linn, OR",2021,52402.0
41043,"Linn, OR",2022,53933.0
41043,"Linn, OR",2023,57419.0
41043,"Linn, OR",2024,59976.0
41045,"Malheur, OR",2019,32343.0
41045,"Malheur, OR",2020,35551.0
41045,"Malheur, OR",2021,39036.0
41045,"Malheur, OR",2022,39817.0
41045,"Malheur, OR",2023,40784.0
41045,"Malheur, OR",2024,42974.0
41047,"Marion, OR",2019,44634.0
41047,"Marion, OR",2020,49042.0
41047,"Marion, OR",2021,54375.0
41047,"Marion, OR",2022,54787.0
41047,"Marion, OR",2023,57425.0
41047,"Marion, OR",2024,60135.0
41049,"Morrow, OR",2019,46078.0
41049,"Morrow, OR",2020,50360.0
41049,"Morrow, OR",2021,53780.0
41049,"Morrow, OR",2022,59976.0
41049,"Morrow, OR",2023,60303.0
41049,"Morrow, OR",2024,60097.0
41051,"Multnomah, OR",2019,59430.0
41051,"Multnomah, OR",2020,63806.0
41051,"Multnomah, OR",2021,70280.0
41051,"Multnomah, OR",2022,71390.0
41051,"Multnomah, OR",2023,75372.0
41051,"Multnomah, OR",2024,78973.0
41053,"Polk, OR",2019,42856.0
41053,"Polk, OR",2020,45826.0
41053,"Polk, OR",2021,51078.0
41053,"Polk, OR",2022,51314.0
41053,"Polk, OR",2023,54017.0
41053,"Polk, OR",2024,57251.0
41055,"Sherman, OR",2019,54010.0
41055,"Sherman, OR",2020,63789.0
41055,"Sherman, OR",2021,65356.0
41055,"Sherman, OR",2022,68498.0
41055,"Sherman, OR",2023,68799.0
41055,"Sherman, OR",2024,59314.0
41057,"Tillamook, OR",2019,44604.0
41057,"Tillamook, OR",2020,49854.0
41057,"Tillamook, OR",2021,54701.0
41057,"Tillamook, OR",2022,57893.0
41057,"Tillamook, OR",2023,61734.0
41057,"Tillamook, OR",2024,64662.0
41059,"Umatilla, OR",2019,40027.0
41059,"Umatilla, OR",2020,45143.0
41059,"Umatilla, OR",2021,49178.0
41059,"Umatilla, OR",2022,50689.0
41059,"Umatilla, OR",2023,54031.0
41059,"Umatilla, OR",2024,55991.0
41061,"Union, OR",2019,41679.0
41061,"Union, OR",2020,45976.0
41061,"Union, OR",2021,49407.0
41061,"Union, OR",2022,50154.0
41061,"Union, OR",2023,53785.0
41061,"Union, OR",2024,56198.0
41063,"Wallowa, OR",2019,43726.0
41063,"Wallowa, OR",2020,48404.0
41063,"Wallowa, OR",2021,53860.0
41063,"Wallowa, OR",2022,56650.0
41063,"Wallowa, OR",2023,61915.0
41063,"Wallowa, OR",2024,67705.0
41065,"Wasco, OR",2019,43342.0
41065,"Wasco, OR",2020,48346.0
41065,"Wasco, OR",2021,52861.0
41065,"Wasco, OR",2022,53537.0
41065,"Wasco, OR",2023,57440.0
41065,"Wasco, OR",2024,60127.0
41067,"Washington, OR",2019,61823.0
41067,"Washington, OR",2020,67358.0
41067,"Washington, OR",2021,75136.0
41067,"Washington, OR",2022,74762.0
41067,"Washington, OR",2023,78598.0
41067,"Washington, OR",2024,81349.0
41069,"Wheeler, OR",2019,35962.0
41069,"Wheeler, OR",2020,40408.0
41069,"Wheeler, OR",2021,42912.0
41069,"Wheeler, OR",2022,45328.0
41069,"Wheeler, OR",2023,49592.0
41069,"Wheeler, OR",2024,52470.0
41071,"Yamhill, OR",2019,46966.0
41071,"Yamhill, OR",2020,51040.0
41071,"Yamhill, OR",2021,56540.0
41071,"Yamhill, OR",2022,58703.0
41071,"Yamhill, OR",2023,61581.0
41071,"Yamhill, OR",2024,64182.0
42001,"Adams, PA",2019,48890.0
42001,"Adams, PA",2020,53029.0
42001,"Adams, PA",2021,55566.0
42001,"Adams, PA",2022,56290.0
42001,"Adams, PA",2023,58067.0
42001,"Adams, PA",2024,60234.0
42003,"Allegheny, PA",2019,62315.0
42003,"Allegheny, PA",2020,65959.0
42003,"Allegheny, PA",2021,69701.0
42003,"Allegheny, PA",2022,70959.0
42003,"Allegheny, PA",2023,74619.0
42003,"Allegheny, PA",2024,77685.0
42005,"Armstrong, PA",2019,45468.0
42005,"Armstrong, PA",2020,50120.0
42005,"Armstrong, PA",2021,53500.0
42005,"Armstrong, PA",2022,56596.0
42005,"Armstrong, PA",2023,58863.0
42005,"Armstrong, PA",2024,60754.0
42007,"Beaver, PA",2019,48549.0
42007,"Beaver, PA",2020,52791.0
42007,"Beaver, PA",2021,55131.0
42007,"Beaver, PA",2022,54998.0
42007,"Beaver, PA",2023,57742.0
42007,"Beaver, PA",2024,59900.0
42009,"Bedford, PA",2019,42449.0
42009,"Bedford, PA",2020,45896.0
42009,"Bedford, PA",2021,49860.0
42009,"Bedford, PA",2022,50183.0
42009,"Bedford, PA",2023,51602.0
42009,"Bedford, PA",2024,53893.0
42011,"Berks, PA",2019,49923.0
42011,"Berks, PA",2020,54371.0
42011,"Berks, PA",2021,58084.0
42011,"Berks, PA",2022,58472.0
42011,"Berks, PA",2023,60821.0
42011,"Berks, PA",2024,62942.0
42013,"Blair, PA",2019,46395.0
42013,"Blair, PA",2020,50824.0
42013,"Blair, PA",2021,55022.0
42013,"Blair, PA",2022,54872.0
42013,"Blair, PA",2023,57821.0
42013,"Blair, PA",2024,60198.0
42015,"Bradford, PA",2019,42970.0
42015,"Bradford, PA",2020,45210.0
42015,"Bradford, PA",2021,47883.0
42015,"Bradford, PA",2022,48872.0
42015,"Bradford, PA",2023,50480.0
42015,"Bradford, PA",2024,51843.0
42017,"Bucks, PA",2019,74169.0
42017,"Bucks, PA",2020,78472.0
42017,"Bucks, PA",2021,83905.0
42017,"Bucks, PA",2022,87411.0
42017,"Bucks, PA",2023,92604.0
42017,"Bucks, PA",2024,96664.0
42019,"Butler, PA",2019,59053.0
42019,"Butler, PA",2020,62900.0
42019,"Butler, PA",2021,67910.0
42019,"Butler, PA",2022,68432.0
42019,"Butler, PA",2023,73068.0
42019,"Butler, PA",2024,76582.0
42021,"Cambria, PA",2019,42789.0
42021,"Cambria, PA",2020,46216.0
42021,"Cambria, PA",2021,48829.0
42021,"Cambria, PA",2022,47912.0
42021,"Cambria, PA",2023,50870.0
42021,"Cambria, PA",2024,52794.0
42023,"Cameron, PA",2019,45884.0
42023,"Cameron, PA",2020,50711.0
42023,"Cameron, PA",2021,52366.0
42023,"Cameron, PA",2022,51299.0
42023,"Cameron, PA",2023,54915.0
42023,"Cameron, PA",2024,55122.0
42025,"Carbon, PA",2019,55170.0
42025,"Carbon, PA",2020,58878.0
42025,"Carbon, PA",2021,60468.0
42025,"Carbon, PA",2022,58328.0
42025,"Carbon, PA",2023,57027.0
42025,"Carbon, PA",2024,59095.0
42027,"Centre, PA",2019,48182.0
42027,"Centre, PA",2020,51918.0
42027,"Centre, PA",2021,54927.0
42027,"Centre, PA",2022,54553.0
42027,"Centre, PA",2023,56830.0
42027,"Centre, PA",2024,59070.0
42029,"Chester, PA",2019,86189.0
42029,"Chester, PA",2020,91309.0
42029,"Chester, PA",2021,96761.0
42029,"Chester, PA",2022,101233.0
42029,"Chester, PA",2023,106388.0
42029,"Chester, PA",2024,110883.0
42031,"Clarion, PA",2019,42448.0
42031,"Clarion, PA",2020,45953.0
42031,"Clarion, PA",2021,47443.0
42031,"Clarion, PA",2022,47416.0
42031,"Clarion, PA",2023,49217.0
42031,"Clarion, PA",2024,50839.0
42033,"Clearfield, PA",2019,44982.0
42033,"Clearfield, PA",2020,49240.0
42033,"Clearfield, PA",2021,53745.0
42033,"Clearfield, PA",2022,54734.0
42033,"Clearfield, PA",2023,55410.0
42033,"Clearfield, PA",2024,57366.0
42035,"Clinton, PA",2019,41226.0
42035,"Clinton, PA",2020,45456.0
42035,"Clinton, PA",2021,46703.0
42035,"Clinton, PA",2022,46157.0
42035,"Clinton, PA",2023,48059.0
42035,"Clinton, PA",2024,49562.0
42037,"Columbia, PA",2019,43329.0
42037,"Columbia, PA",2020,47565.0
42037,"Columbia, PA",2021,50270.0
42037,"Columbia, PA",2022,49759.0
42037,"Columbia, PA",2023,52290.0
42037,"Columbia, PA",2024,54347.0
42039,"Crawford, PA",2019,41593.0
42039,"Crawford, PA",2020,45887.0
42039,"Crawford, PA",2021,48349.0
42039,"Crawford, PA",2022,48616.0
42039,"Crawford, PA",2023,50161.0
42039,"Crawford, PA",2024,52158.0
42041,"Cumberland, PA",2019,56063.0
42041,"Cumberland, PA",2020,60851.0
42041,"Cumberland, PA",2021,64258.0
42041,"Cumberland, PA",2022,65404.0
42041,"Cumberland, PA",2023,68730.0
42041,"Cumberland, PA",2024,71515.0
42043,"Dauphin, PA",2019,51811.0
42043,"Dauphin, PA",2020,55153.0
42043,"Dauphin, PA",2021,58247.0
42043,"Dauphin, PA",2022,57844.0
42043,"Dauphin, PA",2023,60168.0
42043,"Dauphin, PA",2024,62394.0
42045,"Delaware, PA",2019,68131.0
42045,"Delaware, PA",2020,71653.0
42045,"Delaware, PA",2021,76037.0
42045,"Delaware, PA",2022,78448.0
42045,"Delaware, PA",2023,82051.0
42045,"Delaware, PA",2024,85094.0
42047,"Elk, PA",2019,46346.0
42047,"Elk, PA",2020,50250.0
42047,"Elk, PA",2021,50728.0
42047,"Elk, PA",2022,50604.0
42047,"Elk, PA",2023,53918.0
42047,"Elk, PA",2024,56186.0
42049,"Erie, PA",2019,45267.0
42049,"Erie, PA",2020,50044.0
42049,"Erie, PA",2021,52897.0
42049,"Erie, PA",2022,51347.0
42049,"Erie, PA",2023,54311.0
42049,"Erie, PA",2024,56568.0
42051,"Fayette, PA",2019,42629.0
42051,"Fayette, PA",2020,46715.0
42051,"Fayette, PA",2021,49464.0
42051,"Fayette, PA",2022,49022.0
42051,"Fayette, PA",2023,51097.0
42051,"Fayette, PA",2024,52939.0
42053,"Forest, PA",2019,24268.0
42053,"Forest, PA",2020,28064.0
42053,"Forest, PA",2021,28696.0
42053,"Forest, PA",2022,28277.0
42053,"Forest, PA",2023,30128.0
42053,"Forest, PA",2024,30234.0
42055,"Franklin, PA",2019,47430.0
42055,"Franklin, PA",2020,51147.0
42055,"Franklin, PA",2021,54921.0
42055,"Franklin, PA",2022,55714.0
42055,"Franklin, PA",2023,57540.0
42055,"Franklin, PA",2024,60189.0
42057,"Fulton, PA",2019,44615.0
42057,"Fulton, PA",2020,47654.0
42057,"Fulton, PA",2021,49514.0
42057,"Fulton, PA",2022,47779.0
42057,"Fulton, PA",2023,48850.0
42057,"Fulton, PA",2024,52697.0
42059,"Greene, PA",2019,43906.0
42059,"Greene, PA",2020,47095.0
42059,"Greene, PA",2021,48946.0
42059,"Greene, PA",2022,50403.0
42059,"Greene, PA",2023,53023.0
42059,"Greene, PA",2024,55068.0
42061,"Huntingdon, PA",2019,39409.0
42061,"Huntingdon, PA",2020,43585.0
42061,"Huntingdon, PA",2021,45687.0
42061,"Huntingdon, PA",2022,45956.0
42061,"Huntingdon, PA",2023,47119.0
42061,"Huntingdon, PA",2024,49576.0
42063,"Indiana, PA",2019,40963.0
42063,"Indiana, PA",2020,44455.0
42063,"Indiana, PA",2021,46638.0
42063,"Indiana, PA",2022,45822.0
42063,"Indiana, PA",2023,47924.0
42063,"Indiana, PA",2024,49701.0
42065,"Jefferson, PA",2019,42841.0
42065,"Jefferson, PA",2020,46454.0
42065,"Jefferson, PA",2021,48361.0
42065,"Jefferson, PA",2022,48251.0
42065,"Jefferson, PA",2023,50133.0
42065,"Jefferson, PA",2024,51846.0
42067,"Juniata, PA",2019,46896.0
42067,"Juniata, PA",2020,52208.0
42067,"Juniata, PA",2021,56658.0
42067,"Juniata, PA",2022,59639.0
42067,"Juniata, PA",2023,58361.0
42067,"Juniata, PA",2024,60776.0
42069,"Lackawanna, PA",2019,46711.0
42069,"Lackawanna, PA",2020,51510.0
42069,"Lackawanna, PA",2021,54600.0
42069,"Lackawanna, PA",2022,54278.0
42069,"Lackawanna, PA",2023,56758.0
42069,"Lackawanna, PA",2024,58756.0
42071,"Lancaster, PA",2019,53267.0
42071,"Lancaster, PA",2020,57839.0
42071,"Lancaster, PA",2021,61484.0
42071,"Lancaster, PA",2022,63990.0
42071,"Lancaster, PA",2023,65643.0
42071,"Lancaster, PA",2024,68628.0
42073,"Lawrence, PA",2019,43867.0
42073,"Lawrence, PA",2020,48503.0
42073,"Lawrence, PA",2021,51525.0
42073,"Lawrence, PA",2022,50878.0
42073,"Lawrence, PA",2023,54039.0
42073,"Lawrence, PA",2024,55747.0
42075,"Lebanon, PA",2019,48226.0
42075,"Lebanon, PA",2020,52239.0
42075,"Lebanon, PA",2021,56214.0
42075,"Lebanon, PA",2022,56679.0
42075,"Lebanon, PA",2023,58299.0
42075,"Lebanon, PA",2024,60884.0
42077,"Lehigh, PA",2019,54338.0
42077,"Lehigh, PA",2020,57981.0
42077,"Lehigh, PA",2021,62147.0
42077,"Lehigh, PA",2022,62106.0
42077,"Lehigh, PA",2023,64866.0
42077,"Lehigh, PA",2024,66913.0
42079,"Luzerne, PA",2019,44347.0
42079,"Luzerne, PA",2020,48625.0
42079,"Luzerne, PA",2021,51443.0
42079,"Luzerne, PA",2022,50722.0
42079,"Luzerne, PA",2023,53233.0
42079,"Luzerne, PA",2024,55115.0
42081,"Lycoming, PA",2019,43951.0
42081,"Lycoming, PA",2020,48026.0
42081,"Lycoming, PA",2021,50570.0
42081,"Lycoming, PA",2022,50705.0
42081,"Lycoming, PA",2023,53933.0
42081,"Lycoming, PA",2024,55751.0
42083,"McKean, PA",2019,44181.0
42083,"McKean, PA",2020,47613.0
42083,"McKean, PA",2021,50167.0
42083,"McKean, PA",2022,48895.0
42083,"McKean, PA",2023,51334.0
42083,"McKean, PA",2024,53193.0
42085,"Mercer, PA",2019,42112.0
42085,"Mercer, PA",2020,45777.0
42085,"Mercer, PA",2021,48636.0
42085,"Mercer, PA",2022,48510.0
42085,"Mercer, PA",2023,51044.0
42085,"Mercer, PA",2024,53129.0
42087,"Mifflin, PA",2019,39510.0
42087,"Mifflin, PA",2020,43532.0
42087,"Mifflin, PA",2021,46329.0
42087,"Mifflin, PA",2022,47196.0
42087,"Mifflin, PA",2023,48250.0
42087,"Mifflin, PA",2024,51124.0
42089,"Monroe, PA",2019,44973.0
42089,"Monroe, PA",2020,48517.0
42089,"Monroe, PA",2021,51769.0
42089,"Monroe, PA",2022,51772.0
42089,"Monroe, PA",2023,54145.0
42089,"Monroe, PA",2024,56584.0
42091,"Montgomery, PA",2019,77877.0
42091,"Montgomery, PA",2020,85893.0
42091,"Montgomery, PA",2021,93143.0
42091,"Montgomery, PA",2022,94507.0
42091,"Montgomery, PA",2023,100050.0
42091,"Montgomery, PA",2024,104380.0
42093,"Montour, PA",2019,56642.0
42093,"Montour, PA",2020,59992.0
42093,"Montour, PA",2021,64600.0
42093,"Montour, PA",2022,66679.0
42093,"Montour, PA",2023,69339.0
42093,"Montour, PA",2024,72291.0
42095,"Northampton, PA",2019,55409.0
42095,"Northampton, PA",2020,59289.0
42095,"Northampton, PA",2021,62145.0
42095,"Northampton, PA",2022,63815.0
42095,"Northampton, PA",2023,66867.0
42095,"Northampton, PA",2024,69350.0
42097,"Northumberland, PA",2019,41889.0
42097,"Northumberland, PA",2020,46165.0
42097,"Northumberland, PA",2021,48398.0
42097,"Northumberland, PA",2022,48351.0
42097,"Northumberland, PA",2023,50464.0
42097,"Northumberland, PA",2024,51987.0
42099,"Perry, PA",2019,46616.0
42099,"Perry, PA",2020,50640.0
42099,"Perry, PA",2021,54451.0
42099,"Perry, PA",2022,54580.0
42099,"Perry, PA",2023,56095.0
42099,"Perry, PA",2024,58394.0
42101,"Philadelphia, PA",2019,52973.0
42101,"Philadelphia, PA",2020,55531.0
42101,"Philadelphia, PA",2021,57748.0
42101,"Philadelphia, PA",2022,58506.0
42101,"Philadelphia, PA",2023,59963.0
42101,"Philadelphia, PA",2024,61193.0
42103,"Pike, PA",2019,49249.0
42103,"Pike, PA",2020,52362.0
42103,"Pike, PA",2021,55448.0
42103,"Pike, PA",2022,55818.0
42103,"Pike, PA",2023,58924.0
42103,"Pike, PA",2024,61127.0
42105,"Potter, PA",2019,44249.0
42105,"Potter, PA",2020,46893.0
42105,"Potter, PA",2021,52246.0
42105,"Potter, PA",2022,45992.0
42105,"Potter, PA",2023,49549.0
42105,"Potter, PA",2024,50689.0
42107,"Schuylkill, PA",2019,42581.0
42107,"Schuylkill, PA",2020,46456.0
42107,"Schuylkill, PA",2021,49324.0
42107,"Schuylkill, PA",2022,49662.0
42107,"Schuylkill, PA",2023,51262.0
42107,"Schuylkill, PA",2024,53043.0
42109,"Snyder, PA",2019,42987.0
42109,"Snyder, PA",2020,46831.0
42109,"Snyder, PA",2021,51255.0
42109,"Snyder, PA",2022,53040.0
42109,"Snyder, PA",2023,53697.0
42109,"Snyder, PA",2024,55828.0
42111,"Somerset, PA",2019,41606.0
42111,"Somerset, PA",2020,45795.0
42111,"Somerset, PA",2021,48702.0
42111,"Somerset, PA",2022,47009.0
42111,"Somerset, PA",2023,49551.0
42111,"Somerset, PA",2024,51445.0
42113,"Sullivan, PA",2019,48749.0
42113,"Sullivan, PA",2020,52078.0
42113,"Sullivan, PA",2021,55603.0
42113,"Sullivan, PA",2022,56097.0
42113,"Sullivan, PA",2023,58033.0
42113,"Sullivan, PA",2024,60098.0
42115,"Susquehanna, PA",2019,48320.0
42115,"Susquehanna, PA",2020,51564.0
42115,"Susquehanna, PA",2021,56347.0
42115,"Susquehanna, PA",2022,59182.0
42115,"Susquehanna, PA",2023,60496.0
42115,"Susquehanna, PA",2024,62648.0
42117,"Tioga, PA",2019,40630.0
42117,"Tioga, PA",2020,43672.0
42117,"Tioga, PA",2021,46387.0
42117,"Tioga, PA",2022,46754.0
42117,"Tioga, PA",2023,47259.0
42117,"Tioga, PA",2024,48758.0
42119,"Union, PA",2019,43746.0
42119,"Union, PA",2020,47710.0
42119,"Union, PA",2021,50321.0
42119,"Union, PA",2022,50828.0
42119,"Union, PA",2023,53021.0
42119,"Union, PA",2024,55791.0
42121,"Venango, PA",2019,42895.0
42121,"Venango, PA",2020,46649.0
42121,"Venango, PA",2021,49569.0
42121,"Venango, PA",2022,49083.0
42121,"Venango, PA",2023,50897.0
42121,"Venango, PA",2024,51584.0
42123,"Warren, PA",2019,42970.0
42123,"Warren, PA",2020,46530.0
42123,"Warren, PA",2021,49070.0
42123,"Warren, PA",2022,48778.0
42123,"Warren, PA",2023,50920.0
42123,"Warren, PA",2024,52544.0
42125,"Washington, PA",2019,57648.0
42125,"Washington, PA",2020,60830.0
42125,"Washington, PA",2021,65681.0
42125,"Washington, PA",2022,70915.0
42125,"Washington, PA",2023,73510.0
42125,"Washington, PA",2024,76764.0
42127,"Wayne, PA",2019,45126.0
42127,"Wayne, PA",2020,49675.0
42127,"Wayne, PA",2021,53156.0
42127,"Wayne, PA",2022,54149.0
42127,"Wayne, PA",2023,57088.0
42127,"Wayne, PA",2024,59395.0
42129,"Westmoreland, PA",2019,51706.0
42129,"Westmoreland, PA",2020,56085.0
42129,"Westmoreland, PA",2021,59642.0
42129,"Westmoreland, PA",2022,59961.0
42129,"Westmoreland, PA",2023,63465.0
42129,"Westmoreland, PA",2024,66110.0
42131,"Wyoming, PA",2019,47670.0
42131,"Wyoming, PA",2020,51809.0
42131,"Wyoming, PA",2021,54090.0
42131,"Wyoming, PA",2022,54600.0
42131,"Wyoming, PA",2023,56633.0
42131,"Wyoming, PA",2024,59010.0
42133,"York, PA",2019,50682.0
42133,"York, PA",2020,54386.0
42133,"York, PA",2021,57467.0
42133,"York, PA",2022,58073.0
42133,"York, PA",2023,60605.0
42133,"York, PA",2024,62892.0
44001,"Bristol, RI",2019,77089.0
44001,"Bristol, RI",2020,80397.0
44001,"Bristol, RI",2021,85662.0
44001,"Bristol, RI",2022,88464.0
44001,"Bristol, RI",2023,94133.0
44001,"Bristol, RI",2024,99923.0
44003,"Kent, RI",2019,59337.0
44003,"Kent, RI",2020,63147.0
44003,"Kent, RI",2021,66184.0
44003,"Kent, RI",2022,68318.0
44003,"Kent, RI",2023,72236.0
44003,"Kent, RI",2024,75126.0
44005,"Newport, RI",2019,71868.0
44005,"Newport, RI",2020,76908.0
44005,"Newport, RI",2021,81727.0
44005,"Newport, RI",2022,85433.0
44005,"Newport, RI",2023,88921.0
44005,"Newport, RI",2024,95033.0
44007,"Providence, RI",2019,47761.0
44007,"Providence, RI",2020,51802.0
44007,"Providence, RI",2021,55075.0
44007,"Providence, RI",2022,56008.0
44007,"Providence, RI",2023,58880.0
44007,"Providence, RI",2024,61040.0
44009,"Washington, RI",2019,67368.0
44009,"Washington, RI",2020,72314.0
44009,"Washington, RI",2021,78606.0
44009,"Washington, RI",2022,79420.0
44009,"Washington, RI",2023,83604.0
44009,"Washington, RI",2024,87451.0
45001,"Abbeville, SC",2019,34781.0
45001,"Abbeville, SC",2020,37478.0
45001,"Abbeville, SC",2021,40490.0
45001,"Abbeville, SC",2022,41016.0
45001,"Abbeville, SC",2023,42654.0
45001,"Abbeville, SC",2024,45157.0
45003,"Aiken, SC",2019,45062.0
45003,"Aiken, SC",2020,48023.0
45003,"Aiken, SC",2021,51958.0
45003,"Aiken, SC",2022,52141.0
45003,"Aiken, SC",2023,54299.0
45003,"Aiken, SC",2024,56728.0
45005,"Allendale, SC",2019,34288.0
45005,"Allendale, SC",2020,40480.0
45005,"Allendale, SC",2021,42664.0
45005,"Allendale, SC",2022,43114.0
45005,"Allendale, SC",2023,45100.0
45005,"Allendale, SC",2024,48320.0
45007,"Anderson, SC",2019,41166.0
45007,"Anderson, SC",2020,43458.0
45007,"Anderson, SC",2021,47461.0
45007,"Anderson, SC",2022,48090.0
45007,"Anderson, SC",2023,50238.0
45007,"Anderson, SC",2024,53021.0
45009,"Bamberg, SC",2019,36128.0
45009,"Bamberg, SC",2020,38277.0
45009,"Bamberg, SC",2021,40480.0
45009,"Bamberg, SC",2022,41997.0
45009,"Bamberg, SC",2023,43856.0
45009,"Bamberg, SC",2024,48120.0
45011,"Barnwell, SC",2019,35622.0
45011,"Barnwell, SC",2020,38427.0
45011,"Barnwell, SC",2021,40943.0
45011,"Barnwell, SC",2022,40449.0
45011,"Barnwell, SC",2023,41799.0
45011,"Barnwell, SC",2024,44155.0
45013,"Beaufort, SC",2019,62049.0
45013,"Beaufort, SC",2020,64962.0
45013,"Beaufort, SC",2021,72202.0
45013,"Beaufort, SC",2022,76326.0
45013,"Beaufort, SC",2023,81692.0
45013,"Beaufort, SC",2024,85327.0
45015,"Berkeley, SC",2019,43270.0
45015,"Berkeley, SC",2020,45395.0
45015,"Berkeley, SC",2021,50288.0
45015,"Berkeley, SC",2022,51606.0
45015,"Berkeley, SC",2023,55241.0
45015,"Berkeley, SC",2024,58397.0
45017,"Calhoun, SC",2019,42850.0
45017,"Calhoun, SC",2020,45051.0
45017,"Calhoun, SC",2021,50374.0
45017,"Calhoun, SC",2022,50072.0
45017,"Calhoun, SC",2023,53029.0
45017,"Calhoun, SC",2024,56579.0
45019,"Charleston, SC",2019,66143.0
45019,"Charleston, SC",2020,68095.0
45019,"Charleston, SC",2021,74887.0
45019,"Charleston, SC",2022,78790.0
45019,"Charleston, SC",2023,85852.0
45019,"Charleston, SC",2024,90550.0
45021,"Cherokee, SC",2019,34442.0
45021,"Cherokee, SC",2020,36600.0
45021,"Cherokee, SC",2021,39268.0
45021,"Cherokee, SC",2022,40403.0
45021,"Cherokee, SC",2023,41254.0
45021,"Cherokee, SC",2024,43456.0
45023,"Chester, SC",2019,35939.0
45023,"Chester, SC",2020,38848.0
45023,"Chester, SC",2021,41574.0
45023,"Chester, SC",2022,43363.0
45023,"Chester, SC",2023,45659.0
45023,"Chester, SC",2024,48449.0
45025,"Chesterfield, SC",2019,33681.0
45025,"Chesterfield, SC",2020,35853.0
45025,"Chesterfield, SC",2021,39677.0
45025,"Chesterfield, SC",2022,39232.0
45025,"Chesterfield, SC",2023,40246.0
45025,"Chesterfield, SC",2024,41717.0
45027,"Clarendon, SC",2019,37008.0
45027,"Clarendon, SC",2020,41426.0
45027,"Clarendon, SC",2021,45902.0
45027,"Clarendon, SC",2022,46230.0
45027,"Clarendon, SC",2023,48743.0
45027,"Clarendon, SC",2024,51633.0
45029,"Colleton, SC",2019,36150.0
45029,"Colleton, SC",2020,38797.0
45029,"Colleton, SC",2021,42567.0
45029,"Colleton, SC",2022,43763.0
45029,"Colleton, SC",2023,45795.0
45029,"Colleton, SC",2024,49111.0
45031,"Darlington, SC",2019,40939.0
45031,"Darlington, SC",2020,43530.0
45031,"Darlington, SC",2021,47292.0
45031,"Darlington, SC",2022,48119.0
45031,"Darlington, SC",2023,49931.0
45031,"Darlington, SC",2024,52320.0
45033,"Dillon, SC",2019,32457.0
45033,"Dillon, SC",2020,35439.0
45033,"Dillon, SC",2021,40023.0
45033,"Dillon, SC",2022,39087.0
45033,"Dillon, SC",2023,40873.0
45033,"Dillon, SC",2024,43733.0
45035,"Dorchester, SC",2019,41059.0
45035,"Dorchester, SC",2020,43876.0
45035,"Dorchester, SC",2021,47058.0
45035,"Dorchester, SC",2022,49764.0
45035,"Dorchester, SC",2023,51716.0
45035,"Dorchester, SC",2024,54669.0
45037,"Edgefield, SC",2019,39571.0
45037,"Edgefield, SC",2020,44015.0
45037,"Edgefield, SC",2021,49368.0
45037,"Edgefield, SC",2022,48155.0
45037,"Edgefield, SC",2023,49244.0
45037,"Edgefield, SC",2024,50250.0
45039,"Fairfield, SC",2019,40405.0
45039,"Fairfield, SC",2020,43866.0
45039,"Fairfield, SC",2021,49484.0
45039,"Fairfield, SC",2022,49932.0
45039,"Fairfield, SC",2023,53384.0
45039,"Fairfield, SC",2024,57356.0
45041,"Florence, SC",2019,44132.0
45041,"Florence, SC",2020,46703.0
45041,"Florence, SC",2021,51663.0
45041,"Florence, SC",2022,52295.0
45041,"Florence, SC",2023,55326.0
45041,"Florence, SC",2024,58159.0
45043,"Georgetown, SC",2019,49584.0
45043,"Georgetown, SC",2020,52650.0
45043,"Georgetown, SC",2021,57798.0
45043,"Georgetown, SC",2022,59421.0
45043,"Georgetown, SC",2023,63623.0
45043,"Georgetown, SC",2024,67003.0
45045,"Greenville, SC",2019,50149.0
45045,"Greenville, SC",2020,51961.0
45045,"Greenville, SC",2021,56301.0
45045,"Greenville, SC",2022,57900.0
45045,"Greenville, SC",2023,61092.0
45045,"Greenville, SC",2024,64100.0
45047,"Greenwood, SC",2019,38238.0
45047,"Greenwood, SC",2020,41188.0
45047,"Greenwood, SC",2021,44269.0
45047,"Greenwood, SC",2022,44329.0
45047,"Greenwood, SC",2023,46727.0
45047,"Greenwood, SC",2024,49107.0
45049,"Hampton, SC",2019,33833.0
45049,"Hampton, SC",2020,37936.0
45049,"Hampton, SC",2021,40967.0
45049,"Hampton, SC",2022,41733.0
45049,"Hampton, SC",2023,44055.0
45049,"Hampton, SC",2024,47632.0
45051,"Horry, SC",2019,41021.0
45051,"Horry, SC",2020,44286.0
45051,"Horry, SC",2021,47978.0
45051,"Horry, SC",2022,48453.0
45051,"Horry, SC",2023,51799.0
45051,"Horry, SC",2024,53905.0
45053,"Jasper, SC",2019,35596.0
45053,"Jasper, SC",2020,39364.0
45053,"Jasper, SC",2021,42492.0
45053,"Jasper, SC",2022,45332.0
45053,"Jasper, SC",2023,47144.0
45053,"Jasper, SC",2024,50184.0
45055,"Kershaw, SC",2019,43966.0
45055,"Kershaw, SC",2020,45992.0
45055,"Kershaw, SC",2021,51923.0
45055,"Kershaw, SC",2022,53637.0
45055,"Kershaw, SC",2023,56535.0
45055,"Kershaw, SC",2024,60737.0
45057,"Lancaster, SC",2019,52040.0
45057,"Lancaster, SC",2020,50496.0
45057,"Lancaster, SC",2021,53479.0
45057,"Lancaster, SC",2022,55549.0
45057,"Lancaster, SC",2023,58213.0
45057,"Lancaster, SC",2024,61082.0
45059,"Laurens, SC",2019,36093.0
45059,"Laurens, SC",2020,39448.0
45059,"Laurens, SC",2021,42697.0
45059,"Laurens, SC",2022,42396.0
45059,"Laurens, SC",2023,44177.0
45059,"Laurens, SC",2024,46035.0
45061,"Lee, SC",2019,34130.0
45061,"Lee, SC",2020,37471.0
45061,"Lee, SC",2021,41544.0
45061,"Lee, SC",2022,43051.0
45061,"Lee, SC",2023,44602.0
45061,"Lee, SC",2024,46925.0
45063,"Lexington, SC",2019,48863.0
45063,"Lexington, SC",2020,52036.0
45063,"Lexington, SC",2021,56277.0
45063,"Lexington, SC",2022,57381.0
45063,"Lexington, SC",2023,60641.0
45063,"Lexington, SC",2024,64070.0
45065,"McCormick, SC",2019,39341.0
45065,"McCormick, SC",2020,42456.0
45065,"McCormick, SC",2021,46338.0
45065,"McCormick, SC",2022,47292.0
45065,"McCormick, SC",2023,50413.0
45065,"McCormick, SC",2024,53670.0
45067,"Marion, SC",2019,34392.0
45067,"Marion, SC",2020,37409.0
45067,"Marion, SC",2021,41431.0
45067,"Marion, SC",2022,41686.0
45067,"Marion, SC",2023,44201.0
45067,"Marion, SC",2024,47091.0
45069,"Marlboro, SC",2019,31212.0
45069,"Marlboro, SC",2020,34467.0
45069,"Marlboro, SC",2021,38741.0
45069,"Marlboro, SC",2022,38071.0
45069,"Marlboro, SC",2023,38593.0
45069,"Marlboro, SC",2024,41332.0
45071,"Newberry, SC",2019,40174.0
45071,"Newberry, SC",2020,42723.0
45071,"Newberry, SC",2021,47345.0
45071,"Newberry, SC",2022,48062.0
45071,"Newberry, SC",2023,50521.0
45071,"Newberry, SC",2024,53782.0
45073,"Oconee, SC",2019,46073.0
45073,"Oconee, SC",2020,48176.0
45073,"Oconee, SC",2021,53881.0
45073,"Oconee, SC",2022,55147.0
45073,"Oconee, SC",2023,58313.0
45073,"Oconee, SC",2024,61307.0
45075,"Orangeburg, SC",2019,35364.0
45075,"Orangeburg, SC",2020,38575.0
45075,"Orangeburg, SC",2021,42415.0
45075,"Orangeburg, SC",2022,42603.0
45075,"Orangeburg, SC",2023,44718.0
45075,"Orangeburg, SC",2024,47455.0
45077,"Pickens, SC",2019,38870.0
45077,"Pickens, SC",2020,40847.0
45077,"Pickens, SC",2021,45604.0
45077,"Pickens, SC",2022,46934.0
45077,"Pickens, SC",2023,49450.0
45077,"Pickens, SC",2024,52091.0
45079,"Richland, SC",2019,46532.0
45079,"Richland, SC",2020,49099.0
45079,"Richland, SC",2021,53804.0
45079,"Richland, SC",2022,53941.0
45079,"Richland, SC",2023,57147.0
45079,"Richland, SC",2024,60580.0
45081,"Saluda, SC",2019,37337.0
45081,"Saluda, SC",2020,39041.0
45081,"Saluda, SC",2021,44258.0
45081,"Saluda, SC",2022,44540.0
45081,"Saluda, SC",2023,46430.0
45081,"Saluda, SC",2024,49268.0
45083,"Spartanburg, SC",2019,44458.0
45083,"Spartanburg, SC",2020,47964.0
45083,"Spartanburg, SC",2021,53246.0
45083,"Spartanburg, SC",2022,51411.0
45083,"Spartanburg, SC",2023,53680.0
45083,"Spartanburg, SC",2024,55886.0
45085,"Sumter, SC",2019,39673.0
45085,"Sumter, SC",2020,42709.0
45085,"Sumter, SC",2021,46856.0
45085,"Sumter, SC",2022,47575.0
45085,"Sumter, SC",2023,49460.0
45085,"Sumter, SC",2024,52221.0
45087,"Union, SC",2019,34419.0
45087,"Union, SC",2020,36602.0
45087,"Union, SC",2021,38706.0
45087,"Union, SC",2022,39062.0
45087,"Union, SC",2023,41034.0
45087,"Union, SC",2024,43154.0
45089,"Williamsburg, SC",2019,33154.0
45089,"Williamsburg, SC",2020,36819.0
45089,"Williamsburg, SC",2021,39726.0
45089,"Williamsburg, SC",2022,39211.0
45089,"Williamsburg, SC",2023,40881.0
45089,"Williamsburg, SC",2024,43661.0
45091,"York, SC",2019,49720.0
45091,"York, SC",2020,52394.0
45091,"York, SC",2021,57261.0
45091,"York, SC",2022,59612.0
45091,"York, SC",2023,63406.0
45091,"York, SC",2024,66502.0
46003,"Aurora, SD",2019,39653.0
46003,"Aurora, SD",2020,47293.0
46003,"Aurora, SD",2021,56142.0
46003,"Aurora, SD",2022,60456.0
46003,"Aurora, SD",2023,65064.0
46003,"Aurora, SD",2024,56122.0
46005,"Beadle, SD",2019,47965.0
46005,"Beadle, SD",2020,51943.0
46005,"Beadle, SD",2021,57578.0
46005,"Beadle, SD",2022,59380.0
46005,"Beadle, SD",2023,65885.0
46005,"Beadle, SD",2024,64412.0
46007,"Bennett, SD",2019,36173.0
46007,"Bennett, SD",2020,41517.0
46007,"Bennett, SD",2021,46030.0
46007,"Bennett, SD",2022,50179.0
46007,"Bennett, SD",2023,52088.0
46007,"Bennett, SD",2024,50050.0
46009,"Bon Homme, SD",2019,40721.0
46009,"Bon Homme, SD",2020,42713.0
46009,"Bon Homme, SD",2021,48207.0
46009,"Bon Homme, SD",2022,58587.0
46009,"Bon Homme, SD",2023,55324.0
46009,"Bon Homme, SD",2024,51442.0
46011,"Brookings, SD",2019,47486.0
46011,"Brookings, SD",2020,50957.0
46011,"Brookings, SD",2021,55482.0
46011,"Brookings, SD",2022,59570.0
46011,"Brookings, SD",2023,64436.0
46011,"Brookings, SD",2024,66775.0
46013,"Brown, SD",2019,54383.0
46013,"Brown, SD",2020,61217.0
46013,"Brown, SD",2021,70527.0
46013,"Brown, SD",2022,73637.0
46013,"Brown, SD",2023,79311.0
46013,"Brown, SD",2024,79984.0
46015,"Brule, SD",2019,46139.0
46015,"Brule, SD",2020,52439.0
46015,"Brule, SD",2021,62696.0
46015,"Brule, SD",2022,72026.0
46015,"Brule, SD",2023,75507.0
46015,"Brule, SD",2024,73229.0
46017,"Buffalo, SD",2019,20769.0
46017,"Buffalo, SD",2020,26859.0
46017,"Buffalo, SD",2021,34958.0
46017,"Buffalo, SD",2022,37591.0
46017,"Buffalo, SD",2023,38031.0
46017,"Buffalo, SD",2024,34242.0
46019,"Butte, SD",2019,40436.0
46019,"Butte, SD",2020,43790.0
46019,"Butte, SD",2021,48350.0
46019,"Butte, SD",2022,48025.0
46019,"Butte, SD",2023,52807.0
46019,"Butte, SD",2024,55658.0
46021,"Campbell, SD",2019,45515.0
46021,"Campbell, SD",2020,68355.0
46021,"Campbell, SD",2021,83206.0
46021,"Campbell, SD",2022,83191.0
46021,"Campbell, SD",2023,77643.0
46021,"Campbell, SD",2024,68765.0
46023,"Charles Mix, SD",2019,40355.0
46023,"Charles Mix, SD",2020,46336.0
46023,"Charles Mix, SD",2021,51487.0
46023,"Charles Mix, SD",2022,54833.0
46023,"Charles Mix, SD",2023,58553.0
46023,"Charles Mix, SD",2024,56278.0
46025,"Clark, SD",2019,47086.0
46025,"Clark, SD",2020,66269.0
46025,"Clark, SD",2021,75560.0
46025,"Clark, SD",2022,88785.0
46025,"Clark, SD",2023,96438.0
46025,"Clark, SD",2024,87398.0
46027,"Clay, SD",2019,39687.0
46027,"Clay, SD",2020,40907.0
46027,"Clay, SD",2021,45275.0
46027,"Clay, SD",2022,48740.0
46027,"Clay, SD",2023,50222.0
46027,"Clay, SD",2024,51050.0
46029,"Codington, SD",2019,50516.0
46029,"Codington, SD",2020,55858.0
46029,"Codington, SD",2021,66690.0
46029,"Codington, SD",2022,64416.0
46029,"Codington, SD",2023,69475.0
46029,"Codington, SD",2024,71817.0
46031,"Corson, SD",2019,28188.0
46031,"Corson, SD",2020,33086.0
46031,"Corson, SD",2021,40275.0
46031,"Corson, SD",2022,42573.0
46031,"Corson, SD",2023,41853.0
46031,"Corson, SD",2024,41246.0
46033,"Custer, SD",2019,53197.0
46033,"Custer, SD",2020,56037.0
46033,"Custer, SD",2021,62618.0
46033,"Custer, SD",2022,64150.0
46033,"Custer, SD",2023,69825.0
46033,"Custer, SD",2024,72654.0
46035,"Davison, SD",2019,51058.0
46035,"Davison, SD",2020,55384.0
46035,"Davison, SD",2021,60899.0
46035,"Davison, SD",2022,65503.0
46035,"Davison, SD",2023,70549.0
46035,"Davison, SD",2024,72648.0
46037,"Day, SD",2019,45652.0
46037,"Day, SD",2020,61797.0
46037,"Day, SD",2021,69772.0
46037,"Day, SD",2022,73056.0
46037,"Day, SD",2023,76415.0
46037,"Day, SD",2024,72389.0
46039,"Deuel, SD",2019,51221.0
46039,"Deuel, SD",2020,62278.0
46039,"Deuel, SD",2021,66556.0
46039,"Deuel, SD",2022,71089.0
46039,"Deuel, SD",2023,77538.0
46039,"Deuel, SD",2024,79895.0
46041,"Dewey, SD",2019,40511.0
46041,"Dewey, SD",2020,50614.0
46041,"Dewey, SD",2021,55443.0
46041,"Dewey, SD",2022,56096.0
46041,"Dewey, SD",2023,58155.0
46041,"Dewey, SD",2024,57103.0
46043,"Douglas, SD",2019,59695.0
46043,"Douglas, SD",2020,62231.0
46043,"Douglas, SD",2021,69993.0
46043,"Douglas, SD",2022,76832.0
46043,"Douglas, SD",2023,79276.0
46043,"Douglas, SD",2024,73191.0
46045,"Edmunds, SD",2019,52334.0
46045,"Edmunds, SD",2020,65682.0
46045,"Edmunds, SD",2021,90527.0
46045,"Edmunds, SD",2022,100520.0
46045,"Edmunds, SD",2023,94363.0
46045,"Edmunds, SD",2024,86216.0
46047,"Fall River, SD",2019,46026.0
46047,"Fall River, SD",2020,49948.0
46047,"Fall River, SD",2021,54934.0
46047,"Fall River, SD",2022,55084.0
46047,"Fall River, SD",2023,61844.0
46047,"Fall River, SD",2024,64712.0
46049,"Faulk, SD",2019,58809.0
46049,"Faulk, SD",2020,70444.0
46049,"Faulk, SD",2021,87141.0
46049,"Faulk, SD",2022,100274.0
46049,"Faulk, SD",2023,97959.0
46049,"Faulk, SD",2024,86022.0
46051,"Grant, SD",2019,50906.0
46051,"Grant, SD",2020,58029.0
46051,"Grant, SD",2021,66487.0
46051,"Grant, SD",2022,71389.0
46051,"Grant, SD",2023,75650.0
46051,"Grant, SD",2024,77092.0
46053,"Gregory, SD",2019,46335.0
46053,"Gregory, SD",2020,52557.0
46053,"Gregory, SD",2021,59774.0
46053,"Gregory, SD",2022,60998.0
46053,"Gregory, SD",2023,66277.0
46053,"Gregory, SD",2024,62902.0
46055,"Haakon, SD",2019,47024.0
46055,"Haakon, SD",2020,71394.0
46055,"Haakon, SD",2021,77023.0
46055,"Haakon, SD",2022,84629.0
46055,"Haakon, SD",2023,87505.0
46055,"Haakon, SD",2024,71499.0
46057,"Hamlin, SD",2019,44066.0
46057,"Hamlin, SD",2020,53315.0
46057,"Hamlin, SD",2021,62497.0
46057,"Hamlin, SD",2022,66274.0
46057,"Hamlin, SD",2023,71028.0
46057,"Hamlin, SD",2024,70519.0
46059,"Hand, SD",2019,54255.0
46059,"Hand, SD",2020,67784.0
46059,"Hand, SD",2021,83672.0
46059,"Hand, SD",2022,88086.0
46059,"Hand, SD",2023,91388.0
46059,"Hand, SD",2024,81841.0
46061,"Hanson, SD",2019,64909.0
46061,"Hanson, SD",2020,69572.0
46061,"Hanson, SD",2021,75624.0
46061,"Hanson, SD",2022,83127.0
46061,"Hanson, SD",2023,85583.0
46061,"Hanson, SD",2024,79756.0
46063,"Harding, SD",2019,52912.0
46063,"Harding, SD",2020,45758.0
46063,"Harding, SD",2021,62337.0
46063,"Harding, SD",2022,52474.0
46063,"Harding, SD",2023,50490.0
46063,"Harding, SD",2024,61402.0
46065,"Hughes, SD",2019,53363.0
46065,"Hughes, SD",2020,55760.0
46065,"Hughes, SD",2021,62840.0
46065,"Hughes, SD",2022,64346.0
46065,"Hughes, SD",2023,70135.0
46065,"Hughes, SD",2024,74747.0
46067,"Hutchinson, SD",2019,55965.0
46067,"Hutchinson, SD",2020,55459.0
46067,"Hutchinson, SD",2021,66155.0
46067,"Hutchinson, SD",2022,75303.0
46067,"Hutchinson, SD",2023,76913.0
46067,"Hutchinson, SD",2024,73663.0
46069,"Hyde, SD",2019,49299.0
46069,"Hyde, SD",2020,67210.0
46069,"Hyde, SD",2021,76136.0
46069,"Hyde, SD",2022,82309.0
46069,"Hyde, SD",2023,83485.0
46069,"Hyde, SD",2024,72554.0
46071,"Jackson, SD",2019,30103.0
46071,"Jackson, SD",2020,37130.0
46071,"Jackson, SD",2021,41248.0
46071,"Jackson, SD",2022,45025.0
46071,"Jackson, SD",2023,47693.0
46071,"Jackson, SD",2024,47054.0
46073,"Jerauld, SD",2019,42610.0
46073,"Jerauld, SD",2020,55996.0
46073,"Jerauld, SD",2021,68260.0
46073,"Jerauld, SD",2022,83247.0
46073,"Jerauld, SD",2023,89151.0
46073,"Jerauld, SD",2024,73322.0
46075,"Jones, SD",2019,55015.0
46075,"Jones, SD",2020,58503.0
46075,"Jones, SD",2021,93808.0
46075,"Jones, SD",2022,77205.0
46075,"Jones, SD",2023,78093.0
46075,"Jones, SD",2024,78186.0
46077,"Kingsbury, SD",2019,55317.0
46077,"Kingsbury, SD",2020,67287.0
46077,"Kingsbury, SD",2021,73573.0
46077,"Kingsbury, SD",2022,75600.0
46077,"Kingsbury, SD",2023,83870.0
46077,"Kingsbury, SD",2024,76703.0
46079,"Lake, SD",2019,56063.0
46079,"Lake, SD",2020,63073.0
46079,"Lake, SD",2021,71513.0
46079,"Lake, SD",2022,83974.0
46079,"Lake, SD",2023,100776.0
46079,"Lake, SD",2024,103883.0
46081,"Lawrence, SD",2019,53561.0
46081,"Lawrence, SD",2020,57889.0
46081,"Lawrence, SD",2021,67200.0
46081,"Lawrence, SD",2022,71453.0
46081,"Lawrence, SD",2023,75372.0
46081,"Lawrence, SD",2024,78616.0
46083,"Lincoln, SD",2019,67926.0
46083,"Lincoln, SD",2020,73446.0
46083,"Lincoln, SD",2021,81258.0
46083,"Lincoln, SD",2022,84295.0
46083,"Lincoln, SD",2023,88836.0
46083,"Lincoln, SD",2024,91853.0
46085,"Lyman, SD",2019,42011.0
46085,"Lyman, SD",2020,47490.0
46085,"Lyman, SD",2021,56014.0
46085,"Lyman, SD",2022,59069.0
46085,"Lyman, SD",2023,58933.0
46085,"Lyman, SD",2024,52419.0
46087,"McCook, SD",2019,52962.0
46087,"McCook, SD",2020,59138.0
46087,"McCook, SD",2021,68436.0
46087,"McCook, SD",2022,73734.0
46087,"McCook, SD",2023,76552.0
46087,"McCook, SD",2024,75927.0
46089,"McPherson, SD",2019,41912.0
46089,"McPherson, SD",2020,58793.0
46089,"McPherson, SD",2021,72706.0
46089,"McPherson, SD",2022,81818.0
46089,"McPherson, SD",2023,81644.0
46089,"McPherson, SD",2024,76160.0
46091,"Marshall, SD",2019,55093.0
46091,"Marshall, SD",2020,76785.0
46091,"Marshall, SD",2021,76989.0
46091,"Marshall, SD",2022,78276.0
46091,"Marshall, SD",2023,81911.0
46091,"Marshall, SD",2024,81293.0
46093,"Meade, SD",2019,42576.0
46093,"Meade, SD",2020,48057.0
46093,"Meade, SD",2021,52867.0
46093,"Meade, SD",2022,54716.0
46093,"Meade, SD",2023,57567.0
46093,"Meade, SD",2024,59066.0
46095,"Mellette, SD",2019,30650.0
46095,"Mellette, SD",2020,36136.0
46095,"Mellette, SD",2021,45935.0
46095,"Mellette, SD",2022,46862.0
46095,"Mellette, SD",2023,51017.0
46095,"Mellette, SD",2024,51842.0
46097,"Miner, SD",2019,47177.0
46097,"Miner, SD",2020,58555.0
46097,"Miner, SD",2021,70495.0
46097,"Miner, SD",2022,77792.0
46097,"Miner, SD",2023,84598.0
46097,"Miner, SD",2024,73798.0
46099,"Minnehaha, SD",2019,61548.0
46099,"Minnehaha, SD",2020,65108.0
46099,"Minnehaha, SD",2021,72829.0
46099,"Minnehaha, SD",2022,72108.0
46099,"Minnehaha, SD",2023,75162.0
46099,"Minnehaha, SD",2024,78658.0
46101,"Moody, SD",2019,51316.0
46101,"Moody, SD",2020,59858.0
46101,"Moody, SD",2021,66351.0
46101,"Moody, SD",2022,66130.0
46101,"Moody, SD",2023,73391.0
46101,"Moody, SD",2024,71846.0
46102,"Oglala Lakota, SD*",2019,26454.0
46102,"Oglala Lakota, SD*",2020,31420.0
46102,"Oglala Lakota, SD*",2021,36990.0
46102,"Oglala Lakota, SD*",2022,36599.0
46102,"Oglala Lakota, SD*",2023,36693.0
46102,"Oglala Lakota, SD*",2024,38762.0
46103,"Pennington, SD",2019,55789.0
46103,"Pennington, SD",2020,60509.0
46103,"Pennington, SD",2021,67806.0
46103,"Pennington, SD",2022,70240.0
46103,"Pennington, SD",2023,74667.0
46103,"Pennington, SD",2024,78464.0
46105,"Perkins, SD",2019,39848.0
46105,"Perkins, SD",2020,46622.0
46105,"Perkins, SD",2021,52111.0
46105,"Perkins, SD",2022,54961.0
46105,"Perkins, SD",2023,54629.0
46105,"Perkins, SD",2024,56935.0
46107,"Potter, SD",2019,66083.0
46107,"Potter, SD",2020,76798.0
46107,"Potter, SD",2021,78860.0
46107,"Potter, SD",2022,82149.0
46107,"Potter, SD",2023,72812.0
46107,"Potter, SD",2024,65306.0
46109,"Roberts, SD",2019,36841.0
46109,"Roberts, SD",2020,45495.0
46109,"Roberts, SD",2021,50753.0
46109,"Roberts, SD",2022,55625.0
46109,"Roberts, SD",2023,58437.0
46109,"Roberts, SD",2024,58604.0
46111,"Sanborn, SD",2019,52805.0
46111,"Sanborn, SD",2020,62421.0
46111,"Sanborn, SD",2021,63974.0
46111,"Sanborn, SD",2022,65808.0
46111,"Sanborn, SD",2023,74944.0
46111,"Sanborn, SD",2024,62718.0
46115,"Spink, SD",2019,54859.0
46115,"Spink, SD",2020,73086.0
46115,"Spink, SD",2021,81702.0
46115,"Spink, SD",2022,92010.0
46115,"Spink, SD",2023,108047.0
46115,"Spink, SD",2024,100787.0
46117,"Stanley, SD",2019,64697.0
46117,"Stanley, SD",2020,63773.0
46117,"Stanley, SD",2021,80994.0
46117,"Stanley, SD",2022,77991.0
46117,"Stanley, SD",2023,82734.0
46117,"Stanley, SD",2024,84536.0
46119,"Sully, SD",2019,71016.0
46119,"Sully, SD",2020,92607.0
46119,"Sully, SD",2021,103930.0
46119,"Sully, SD",2022,108677.0
46119,"Sully, SD",2023,110162.0
46119,"Sully, SD",2024,85843.0
46121,"Todd, SD",2019,28244.0
46121,"Todd, SD",2020,31779.0
46121,"Todd, SD",2021,38043.0
46121,"Todd, SD",2022,36342.0
46121,"Todd, SD",2023,38427.0
46121,"Todd, SD",2024,40540.0
46123,"Tripp, SD",2019,47349.0
46123,"Tripp, SD",2020,55260.0
46123,"Tripp, SD",2021,61674.0
46123,"Tripp, SD",2022,67065.0
46123,"Tripp, SD",2023,70030.0
46123,"Tripp, SD",2024,68414.0
46125,"Turner, SD",2019,55443.0
46125,"Turner, SD",2020,55569.0
46125,"Turner, SD",2021,65795.0
46125,"Turner, SD",2022,77722.0
46125,"Turner, SD",2023,94225.0
46125,"Turner, SD",2024,91710.0
46127,"Union, SD",2019,114635.0
46127,"Union, SD",2020,113223.0
46127,"Union, SD",2021,120814.0
46127,"Union, SD",2022,131212.0
46127,"Union, SD",2023,144856.0
46127,"Union, SD",2024,146712.0
46129,"Walworth, SD",2019,44973.0
46129,"Walworth, SD",2020,53310.0
46129,"Walworth, SD",2021,61767.0
46129,"Walworth, SD",2022,64234.0
46129,"Walworth, SD",2023,68107.0
46129,"Walworth, SD",2024,67680.0
46135,"Yankton, SD",2019,50922.0
46135,"Yankton, SD",2020,54246.0
46135,"Yankton, SD",2021,63344.0
46135,"Yankton, SD",2022,67210.0
46135,"Yankton, SD",2023,72867.0
46135,"Yankton, SD",2024,74264.0
46137,"Ziebach, SD",2019,20135.0
46137,"Ziebach, SD",2020,27935.0
46137,"Ziebach, SD",2021,32680.0
46137,"Ziebach, SD",2022,37106.0
46137,"Ziebach, SD",2023,40538.0
46137,"Ziebach, SD",2024,32778.0
47001,"Anderson, TN",2019,43828.0
47001,"Anderson, TN",2020,46728.0
47001,"Anderson, TN",2021,51412.0
47001,"Anderson, TN",2022,53486.0
47001,"Anderson, TN",2023,57410.0
47001,"Anderson, TN",2024,59997.0
47003,"Bedford, TN",2019,38968.0
47003,"Bedford, TN",2020,41275.0
47003,"Bedford, TN",2021,45699.0
47003,"Bedford, TN",2022,47362.0
47003,"Bedford, TN",2023,49346.0
47003,"Bedford, TN",2024,52401.0
47005,"Benton, TN",2019,35240.0
47005,"Benton, TN",2020,37793.0
47005,"Benton, TN",2021,41739.0
47005,"Benton, TN",2022,41806.0
47005,"Benton, TN",2023,44866.0
47005,"Benton, TN",2024,47241.0
47007,"Bledsoe, TN",2019,28420.0
47007,"Bledsoe, TN",2020,30604.0
47007,"Bledsoe, TN",2021,34463.0
47007,"Bledsoe, TN",2022,35348.0
47007,"Bledsoe, TN",2023,36978.0
47007,"Bledsoe, TN",2024,38520.0
47009,"Blount, TN",2019,45405.0
47009,"Blount, TN",2020,48445.0
47009,"Blount, TN",2021,53099.0
47009,"Blount, TN",2022,55330.0
47009,"Blount, TN",2023,59581.0
47009,"Blount, TN",2024,63260.0
47011,"Bradley, TN",2019,40067.0
47011,"Bradley, TN",2020,43067.0
47011,"Bradley, TN",2021,46749.0
47011,"Bradley, TN",2022,47982.0
47011,"Bradley, TN",2023,50540.0
47011,"Bradley, TN",2024,52951.0
47013,"Campbell, TN",2019,35793.0
47013,"Campbell, TN",2020,38353.0
47013,"Campbell, TN",2021,42728.0
47013,"Campbell, TN",2022,43139.0
47013,"Campbell, TN",2023,45553.0
47013,"Campbell, TN",2024,47677.0
47015,"Cannon, TN",2019,37328.0
47015,"Cannon, TN",2020,39906.0
47015,"Cannon, TN",2021,44346.0
47015,"Cannon, TN",2022,46643.0
47015,"Cannon, TN",2023,48924.0
47015,"Cannon, TN",2024,51584.0
47017,"Carroll, TN",2019,36775.0
47017,"Carroll, TN",2020,38645.0
47017,"Carroll, TN",2021,42554.0
47017,"Carroll, TN",2022,42328.0
47017,"Carroll, TN",2023,44829.0
47017,"Carroll, TN",2024,46675.0
47019,"Carter, TN",2019,35058.0
47019,"Carter, TN",2020,37340.0
47019,"Carter, TN",2021,40755.0
47019,"Carter, TN",2022,40838.0
47019,"Carter, TN",2023,43028.0
47019,"Carter, TN",2024,45463.0
47021,"Cheatham, TN",2019,46794.0
47021,"Cheatham, TN",2020,49306.0
47021,"Cheatham, TN",2021,53986.0
47021,"Cheatham, TN",2022,57784.0
47021,"Cheatham, TN",2023,61399.0
47021,"Cheatham, TN",2024,64605.0
47023,"Chester, TN",2019,35324.0
47023,"Chester, TN",2020,38749.0
47023,"Chester, TN",2021,41955.0
47023,"Chester, TN",2022,40903.0
47023,"Chester, TN",2023,43413.0
47023,"Chester, TN",2024,45805.0
47025,"Claiborne, TN",2019,36503.0
47025,"Claiborne, TN",2020,38980.0
47025,"Claiborne, TN",2021,42212.0
47025,"Claiborne, TN",2022,42834.0
47025,"Claiborne, TN",2023,44546.0
47025,"Claiborne, TN",2024,45523.0
47027,"Clay, TN",2019,32168.0
47027,"Clay, TN",2020,33682.0
47027,"Clay, TN",2021,39822.0
47027,"Clay, TN",2022,41175.0
47027,"Clay, TN",2023,41743.0
47027,"Clay, TN",2024,45901.0
47029,"Cocke, TN",2019,34199.0
47029,"Cocke, TN",2020,37132.0
47029,"Cocke, TN",2021,41072.0
47029,"Cocke, TN",2022,40715.0
47029,"Cocke, TN",2023,43063.0
47029,"Cocke, TN",2024,46015.0
47031,"Coffee, TN",2019,40887.0
47031,"Coffee, TN",2020,43377.0
47031,"Coffee, TN",2021,46881.0
47031,"Coffee, TN",2022,47715.0
47031,"Coffee, TN",2023,50742.0
47031,"Coffee, TN",2024,53153.0
47033,"Crockett, TN",2019,42264.0
47033,"Crockett, TN",2020,44207.0
47033,"Crockett, TN",2021,49162.0
47033,"Crockett, TN",2022,47806.0
47033,"Crockett, TN",2023,52087.0
47033,"Crockett, TN",2024,53889.0
47035,"Cumberland, TN",2019,38695.0
47035,"Cumberland, TN",2020,41422.0
47035,"Cumberland, TN",2021,45003.0
47035,"Cumberland, TN",2022,45442.0
47035,"Cumberland, TN",2023,49751.0
47035,"Cumberland, TN",2024,52483.0
47037,"Davidson, TN",2019,69909.0
47037,"Davidson, TN",2020,73758.0
47037,"Davidson, TN",2021,83479.0
47037,"Davidson, TN",2022,87363.0
47037,"Davidson, TN",2023,94850.0
47037,"Davidson, TN",2024,99647.0
47039,"Decatur, TN",2019,43643.0
47039,"Decatur, TN",2020,45833.0
47039,"Decatur, TN",2021,49700.0
47039,"Decatur, TN",2022,49075.0
47039,"Decatur, TN",2023,52618.0
47039,"Decatur, TN",2024,55814.0
47041,"DeKalb, TN",2019,41768.0
47041,"DeKalb, TN",2020,44715.0
47041,"DeKalb, TN",2021,48547.0
47041,"DeKalb, TN",2022,48548.0
47041,"DeKalb, TN",2023,49539.0
47041,"DeKalb, TN",2024,51129.0
47043,"Dickson, TN",2019,43402.0
47043,"Dickson, TN",2020,45916.0
47043,"Dickson, TN",2021,50406.0
47043,"Dickson, TN",2022,52943.0
47043,"Dickson, TN",2023,56638.0
47043,"Dickson, TN",2024,59620.0
47045,"Dyer, TN",2019,42038.0
47045,"Dyer, TN",2020,46438.0
47045,"Dyer, TN",2021,52203.0
47045,"Dyer, TN",2022,50839.0
47045,"Dyer, TN",2023,54517.0
47045,"Dyer, TN",2024,57057.0
47047,"Fayette, TN",2019,58504.0
47047,"Fayette, TN",2020,63215.0
47047,"Fayette, TN",2021,72332.0
47047,"Fayette, TN",2022,76378.0
47047,"Fayette, TN",2023,80913.0
47047,"Fayette, TN",2024,83543.0
47049,"Fentress, TN",2019,34975.0
47049,"Fentress, TN",2020,38132.0
47049,"Fentress, TN",2021,42560.0
47049,"Fentress, TN",2022,41578.0
47049,"Fentress, TN",2023,44418.0
47049,"Fentress, TN",2024,47421.0
47051,"Franklin, TN",2019,40189.0
47051,"Franklin, TN",2020,43024.0
47051,"Franklin, TN",2021,46627.0
47051,"Franklin, TN",2022,47700.0
47051,"Franklin, TN",2023,50400.0
47051,"Franklin, TN",2024,53240.0
47053,"Gibson, TN",2019,39499.0
47053,"Gibson, TN",2020,42576.0
47053,"Gibson, TN",2021,46738.0
47053,"Gibson, TN",2022,46660.0
47053,"Gibson, TN",2023,50277.0
47053,"Gibson, TN",2024,52194.0
47055,"Giles, TN",2019,37988.0
47055,"Giles, TN",2020,40335.0
47055,"Giles, TN",2021,44082.0
47055,"Giles, TN",2022,44988.0
47055,"Giles, TN",2023,48303.0
47055,"Giles, TN",2024,50868.0
47057,"Grainger, TN",2019,35161.0
47057,"Grainger, TN",2020,38045.0
47057,"Grainger, TN",2021,42967.0
47057,"Grainger, TN",2022,43619.0
47057,"Grainger, TN",2023,46082.0
47057,"Grainger, TN",2024,48728.0
47059,"Greene, TN",2019,37218.0
47059,"Greene, TN",2020,39481.0
47059,"Greene, TN",2021,42569.0
47059,"Greene, TN",2022,43709.0
47059,"Greene, TN",2023,45594.0
47059,"Greene, TN",2024,48197.0
47061,"Grundy, TN",2019,33517.0
47061,"Grundy, TN",2020,36205.0
47061,"Grundy, TN",2021,39294.0
47061,"Grundy, TN",2022,38852.0
47061,"Grundy, TN",2023,40944.0
47061,"Grundy, TN",2024,43237.0
47063,"Hamblen, TN",2019,38478.0
47063,"Hamblen, TN",2020,41339.0
47063,"Hamblen, TN",2021,47565.0
47063,"Hamblen, TN",2022,47779.0
47063,"Hamblen, TN",2023,50537.0
47063,"Hamblen, TN",2024,52916.0
47065,"Hamilton, TN",2019,53766.0
47065,"Hamilton, TN",2020,56178.0
47065,"Hamilton, TN",2021,59822.0
47065,"Hamilton, TN",2022,62149.0
47065,"Hamilton, TN",2023,66484.0
47065,"Hamilton, TN",2024,69042.0
47067,"Hancock, TN",2019,27451.0
47067,"Hancock, TN",2020,30654.0
47067,"Hancock, TN",2021,33402.0
47067,"Hancock, TN",2022,32288.0
47067,"Hancock, TN",2023,33308.0
47067,"Hancock, TN",2024,35020.0
47069,"Hardeman, TN",2019,30425.0
47069,"Hardeman, TN",2020,32684.0
47069,"Hardeman, TN",2021,36311.0
47069,"Hardeman, TN",2022,35007.0
47069,"Hardeman, TN",2023,37255.0
47069,"Hardeman, TN",2024,38952.0
47071,"Hardin, TN",2019,38877.0
47071,"Hardin, TN",2020,41635.0
47071,"Hardin, TN",2021,45270.0
47071,"Hardin, TN",2022,44927.0
47071,"Hardin, TN",2023,48081.0
47071,"Hardin, TN",2024,50125.0
47073,"Hawkins, TN",2019,35376.0
47073,"Hawkins, TN",2020,37991.0
47073,"Hawkins, TN",2021,41547.0
47073,"Hawkins, TN",2022,41852.0
47073,"Hawkins, TN",2023,44318.0
47073,"Hawkins, TN",2024,46925.0
47075,"Haywood, TN",2019,33448.0
47075,"Haywood, TN",2020,36161.0
47075,"Haywood, TN",2021,40575.0
47075,"Haywood, TN",2022,38397.0
47075,"Haywood, TN",2023,41439.0
47075,"Haywood, TN",2024,42941.0
47077,"Henderson, TN",2019,37598.0
47077,"Henderson, TN",2020,40796.0
47077,"Henderson, TN",2021,46563.0
47077,"Henderson, TN",2022,45961.0
47077,"Henderson, TN",2023,49309.0
47077,"Henderson, TN",2024,52917.0
47079,"Henry, TN",2019,42659.0
47079,"Henry, TN",2020,47107.0
47079,"Henry, TN",2021,52091.0
47079,"Henry, TN",2022,53630.0
47079,"Henry, TN",2023,57009.0
47079,"Henry, TN",2024,57360.0
47081,"Hickman, TN",2019,35809.0
47081,"Hickman, TN",2020,37928.0
47081,"Hickman, TN",2021,42145.0
47081,"Hickman, TN",2022,43455.0
47081,"Hickman, TN",2023,45751.0
47081,"Hickman, TN",2024,48075.0
47083,"Houston, TN",2019,34361.0
47083,"Houston, TN",2020,36452.0
47083,"Houston, TN",2021,39565.0
47083,"Houston, TN",2022,39626.0
47083,"Houston, TN",2023,41763.0
47083,"Houston, TN",2024,44887.0
47085,"Humphreys, TN",2019,39173.0
47085,"Humphreys, TN",2020,41128.0
47085,"Humphreys, TN",2021,44543.0
47085,"Humphreys, TN",2022,44653.0
47085,"Humphreys, TN",2023,48234.0
47085,"Humphreys, TN",2024,51055.0
47087,"Jackson, TN",2019,33307.0
47087,"Jackson, TN",2020,35539.0
47087,"Jackson, TN",2021,38313.0
47087,"Jackson, TN",2022,37998.0
47087,"Jackson, TN",2023,40097.0
47087,"Jackson, TN",2024,42169.0
47089,"Jefferson, TN",2019,38517.0
47089,"Jefferson, TN",2020,41109.0
47089,"Jefferson, TN",2021,45553.0
47089,"Jefferson, TN",2022,45646.0
47089,"Jefferson, TN",2023,48809.0
47089,"Jefferson, TN",2024,51358.0
47091,"Johnson, TN",2019,33087.0
47091,"Johnson, TN",2020,35495.0
47091,"Johnson, TN",2021,38800.0
47091,"Johnson, TN",2022,39315.0
47091,"Johnson, TN",2023,41555.0
47091,"Johnson, TN",2024,43934.0
47093,"Knox, TN",2019,52249.0
47093,"Knox, TN",2020,56035.0
47093,"Knox, TN",2021,63058.0
47093,"Knox, TN",2022,63551.0
47093,"Knox, TN",2023,69454.0
47093,"Knox, TN",2024,72840.0
47095,"Lake, TN",2019,24661.0
47095,"Lake, TN",2020,26506.0
47095,"Lake, TN",2021,32871.0
47095,"Lake, TN",2022,30050.0
47095,"Lake, TN",2023,32847.0
47095,"Lake, TN",2024,31572.0
47097,"Lauderdale, TN",2019,33259.0
47097,"Lauderdale, TN",2020,36460.0
47097,"Lauderdale, TN",2021,41936.0
47097,"Lauderdale, TN",2022,39427.0
47097,"Lauderdale, TN",2023,42622.0
47097,"Lauderdale, TN",2024,42471.0
47099,"Lawrence, TN",2019,35673.0
47099,"Lawrence, TN",2020,37780.0
47099,"Lawrence, TN",2021,41933.0
47099,"Lawrence, TN",2022,41749.0
47099,"Lawrence, TN",2023,44309.0
47099,"Lawrence, TN",2024,46836.0
47101,"Lewis, TN",2019,36011.0
47101,"Lewis, TN",2020,39299.0
47101,"Lewis, TN",2021,41793.0
47101,"Lewis, TN",2022,42211.0
47101,"Lewis, TN",2023,46245.0
47101,"Lewis, TN",2024,48574.0
47103,"Lincoln, TN",2019,41434.0
47103,"Lincoln, TN",2020,44683.0
47103,"Lincoln, TN",2021,49483.0
47103,"Lincoln, TN",2022,49332.0
47103,"Lincoln, TN",2023,52938.0
47103,"Lincoln, TN",2024,56519.0
47105,"Loudon, TN",2019,54457.0
47105,"Loudon, TN",2020,57719.0
47105,"Loudon, TN",2021,64955.0
47105,"Loudon, TN",2022,66975.0
47105,"Loudon, TN",2023,70294.0
47105,"Loudon, TN",2024,73616.0
47107,"McMinn, TN",2019,37581.0
47107,"McMinn, TN",2020,40836.0
47107,"McMinn, TN",2021,43631.0
47107,"McMinn, TN",2022,43999.0
47107,"McMinn, TN",2023,46444.0
47107,"McMinn, TN",2024,48697.0
47109,"McNairy, TN",2019,33511.0
47109,"McNairy, TN",2020,35884.0
47109,"McNairy, TN",2021,39066.0
47109,"McNairy, TN",2022,38320.0
47109,"McNairy, TN",2023,40957.0
47109,"McNairy, TN",2024,43374.0
47111,"Macon, TN",2019,33393.0
47111,"Macon, TN",2020,35341.0
47111,"Macon, TN",2021,39453.0
47111,"Macon, TN",2022,40946.0
47111,"Macon, TN",2023,41637.0
47111,"Macon, TN",2024,43881.0
47113,"Madison, TN",2019,43707.0
47113,"Madison, TN",2020,46888.0
47113,"Madison, TN",2021,52255.0
47113,"Madison, TN",2022,52009.0
47113,"Madison, TN",2023,55964.0
47113,"Madison, TN",2024,58880.0
47115,"Marion, TN",2019,40056.0
47115,"Marion, TN",2020,42761.0
47115,"Marion, TN",2021,47600.0
47115,"Marion, TN",2022,49518.0
47115,"Marion, TN",2023,52049.0
47115,"Marion, TN",2024,53958.0
47117,"Marshall, TN",2019,40353.0
47117,"Marshall, TN",2020,43283.0
47117,"Marshall, TN",2021,47482.0
47117,"Marshall, TN",2022,49192.0
47117,"Marshall, TN",2023,52013.0
47117,"Marshall, TN",2024,54587.0
47119,"Maury, TN",2019,45009.0
47119,"Maury, TN",2020,47907.0
47119,"Maury, TN",2021,52041.0
47119,"Maury, TN",2022,54367.0
47119,"Maury, TN",2023,57810.0
47119,"Maury, TN",2024,60899.0
47121,"Meigs, TN",2019,34711.0
47121,"Meigs, TN",2020,37375.0
47121,"Meigs, TN",2021,40016.0
47121,"Meigs, TN",2022,40507.0
47121,"Meigs, TN",2023,41227.0
47121,"Meigs, TN",2024,42410.0
47123,"Monroe, TN",2019,36099.0
47123,"Monroe, TN",2020,38462.0
47123,"Monroe, TN",2021,42349.0
47123,"Monroe, TN",2022,42458.0
47123,"Monroe, TN",2023,45460.0
47123,"Monroe, TN",2024,47859.0
47125,"Montgomery, TN",2019,42235.0
47125,"Montgomery, TN",2020,45602.0
47125,"Montgomery, TN",2021,49729.0
47125,"Montgomery, TN",2022,49976.0
47125,"Montgomery, TN",2023,51954.0
47125,"Montgomery, TN",2024,54347.0
47127,"Moore, TN",2019,43073.0
47127,"Moore, TN",2020,44746.0
47127,"Moore, TN",2021,49275.0
47127,"Moore, TN",2022,48807.0
47127,"Moore, TN",2023,51936.0
47127,"Moore, TN",2024,55854.0
47129,"Morgan, TN",2019,32205.0
47129,"Morgan, TN",2020,34183.0
47129,"Morgan, TN",2021,37269.0
47129,"Morgan, TN",2022,38518.0
47129,"Morgan, TN",2023,40685.0
47129,"Morgan, TN",2024,42713.0
47131,"Obion, TN",2019,40180.0
47131,"Obion, TN",2020,43903.0
47131,"Obion, TN",2021,50374.0
47131,"Obion, TN",2022,49177.0
47131,"Obion, TN",2023,52387.0
47131,"Obion, TN",2024,53927.0
47133,"Overton, TN",2019,34871.0
47133,"Overton, TN",2020,37657.0
47133,"Overton, TN",2021,40857.0
47133,"Overton, TN",2022,40372.0
47133,"Overton, TN",2023,42713.0
47133,"Overton, TN",2024,44960.0
47135,"Perry, TN",2019,34136.0
47135,"Perry, TN",2020,35159.0
47135,"Perry, TN",2021,37775.0
47135,"Perry, TN",2022,35813.0
47135,"Perry, TN",2023,38942.0
47135,"Perry, TN",2024,41306.0
47137,"Pickett, TN",2019,40377.0
47137,"Pickett, TN",2020,42711.0
47137,"Pickett, TN",2021,43360.0
47137,"Pickett, TN",2022,41542.0
47137,"Pickett, TN",2023,44642.0
47137,"Pickett, TN",2024,48749.0
47139,"Polk, TN",2019,33373.0
47139,"Polk, TN",2020,36066.0
47139,"Polk, TN",2021,40377.0
47139,"Polk, TN",2022,41729.0
47139,"Polk, TN",2023,42885.0
47139,"Polk, TN",2024,45397.0
47141,"Putnam, TN",2019,41431.0
47141,"Putnam, TN",2020,44321.0
47141,"Putnam, TN",2021,48354.0
47141,"Putnam, TN",2022,48634.0
47141,"Putnam, TN",2023,51932.0
47141,"Putnam, TN",2024,54582.0
47143,"Rhea, TN",2019,35992.0
47143,"Rhea, TN",2020,39075.0
47143,"Rhea, TN",2021,43217.0
47143,"Rhea, TN",2022,43329.0
47143,"Rhea, TN",2023,45877.0
47143,"Rhea, TN",2024,48059.0
47145,"Roane, TN",2019,43514.0
47145,"Roane, TN",2020,45787.0
47145,"Roane, TN",2021,49927.0
47145,"Roane, TN",2022,50756.0
47145,"Roane, TN",2023,53743.0
47145,"Roane, TN",2024,56431.0
47147,"Robertson, TN",2019,44202.0
47147,"Robertson, TN",2020,46756.0
47147,"Robertson, TN",2021,51861.0
47147,"Robertson, TN",2022,54089.0
47147,"Robertson, TN",2023,57473.0
47147,"Robertson, TN",2024,60128.0
47149,"Rutherford, TN",2019,43020.0
47149,"Rutherford, TN",2020,45714.0
47149,"Rutherford, TN",2021,50204.0
47149,"Rutherford, TN",2022,52042.0
47149,"Rutherford, TN",2023,55514.0
47149,"Rutherford, TN",2024,58345.0
47151,"Scott, TN",2019,31393.0
47151,"Scott, TN",2020,34366.0
47151,"Scott, TN",2021,37821.0
47151,"Scott, TN",2022,37283.0
47151,"Scott, TN",2023,39153.0
47151,"Scott, TN",2024,41001.0
47153,"Sequatchie, TN",2019,37542.0
47153,"Sequatchie, TN",2020,40924.0
47153,"Sequatchie, TN",2021,45627.0
47153,"Sequatchie, TN",2022,45485.0
47153,"Sequatchie, TN",2023,48190.0
47153,"Sequatchie, TN",2024,50032.0
47155,"Sevier, TN",2019,42738.0
47155,"Sevier, TN",2020,45255.0
47155,"Sevier, TN",2021,51785.0
47155,"Sevier, TN",2022,54323.0
47155,"Sevier, TN",2023,60508.0
47155,"Sevier, TN",2024,63846.0
47157,"Shelby, TN",2019,50562.0
47157,"Shelby, TN",2020,53465.0
47157,"Shelby, TN",2021,59426.0
47157,"Shelby, TN",2022,58667.0
47157,"Shelby, TN",2023,63174.0
47157,"Shelby, TN",2024,65448.0
47159,"Smith, TN",2019,41454.0
47159,"Smith, TN",2020,43471.0
47159,"Smith, TN",2021,48273.0
47159,"Smith, TN",2022,47843.0
47159,"Smith, TN",2023,50576.0
47159,"Smith, TN",2024,53117.0
47161,"Stewart, TN",2019,42450.0
47161,"Stewart, TN",2020,45573.0
47161,"Stewart, TN",2021,49310.0
47161,"Stewart, TN",2022,48563.0
47161,"Stewart, TN",2023,51009.0
47161,"Stewart, TN",2024,53742.0
47163,"Sullivan, TN",2019,43694.0
47163,"Sullivan, TN",2020,46803.0
47163,"Sullivan, TN",2021,51193.0
47163,"Sullivan, TN",2022,51657.0
47163,"Sullivan, TN",2023,55109.0
47163,"Sullivan, TN",2024,58128.0
47165,"Sumner, TN",2019,51719.0
47165,"Sumner, TN",2020,54917.0
47165,"Sumner, TN",2021,60382.0
47165,"Sumner, TN",2022,64969.0
47165,"Sumner, TN",2023,69993.0
47165,"Sumner, TN",2024,73326.0
47167,"Tipton, TN",2019,41636.0
47167,"Tipton, TN",2020,44396.0
47167,"Tipton, TN",2021,49765.0
47167,"Tipton, TN",2022,49909.0
47167,"Tipton, TN",2023,52400.0
47167,"Tipton, TN",2024,53752.0
47169,"Trousdale, TN",2019,31934.0
47169,"Trousdale, TN",2020,33565.0
47169,"Trousdale, TN",2021,37681.0
47169,"Trousdale, TN",2022,38270.0
47169,"Trousdale, TN",2023,39899.0
47169,"Trousdale, TN",2024,43154.0
47171,"Unicoi, TN",2019,36808.0
47171,"Unicoi, TN",2020,39314.0
47171,"Unicoi, TN",2021,42941.0
47171,"Unicoi, TN",2022,43486.0
47171,"Unicoi, TN",2023,46222.0
47171,"Unicoi, TN",2024,48861.0
47173,"Union, TN",2019,34287.0
47173,"Union, TN",2020,36270.0
47173,"Union, TN",2021,41041.0
47173,"Union, TN",2022,41274.0
47173,"Union, TN",2023,43329.0
47173,"Union, TN",2024,45355.0
47175,"Van Buren, TN",2019,31317.0
47175,"Van Buren, TN",2020,34166.0
47175,"Van Buren, TN",2021,36769.0
47175,"Van Buren, TN",2022,34753.0
47175,"Van Buren, TN",2023,36561.0
47175,"Van Buren, TN",2024,38884.0
47177,"Warren, TN",2019,36526.0
47177,"Warren, TN",2020,39257.0
47177,"Warren, TN",2021,42963.0
47177,"Warren, TN",2022,42472.0
47177,"Warren, TN",2023,44988.0
47177,"Warren, TN",2024,47359.0
47179,"Washington, TN",2019,44654.0
47179,"Washington, TN",2020,47557.0
47179,"Washington, TN",2021,52994.0
47179,"Washington, TN",2022,52922.0
47179,"Washington, TN",2023,57135.0
47179,"Washington, TN",2024,60449.0
47181,"Wayne, TN",2019,29925.0
47181,"Wayne, TN",2020,32982.0
47181,"Wayne, TN",2021,35796.0
47181,"Wayne, TN",2022,36548.0
47181,"Wayne, TN",2023,39912.0
47181,"Wayne, TN",2024,42777.0
47183,"Weakley, TN",2019,38167.0
47183,"Weakley, TN",2020,40716.0
47183,"Weakley, TN",2021,46024.0
47183,"Weakley, TN",2022,45569.0
47183,"Weakley, TN",2023,47681.0
47183,"Weakley, TN",2024,48495.0
47185,"White, TN",2019,34984.0
47185,"White, TN",2020,37771.0
47185,"White, TN",2021,42464.0
47185,"White, TN",2022,41258.0
47185,"White, TN",2023,43379.0
47185,"White, TN",2024,45273.0
47187,"Williamson, TN",2019,94540.0
47187,"Williamson, TN",2020,99340.0
47187,"Williamson, TN",2021,113238.0
47187,"Williamson, TN",2022,121528.0
47187,"Williamson, TN",2023,133280.0
47187,"Williamson, TN",2024,139704.0
47189,"Wilson, TN",2019,52325.0
47189,"Wilson, TN",2020,54338.0
47189,"Wilson, TN",2021,62232.0
47189,"Wilson, TN",2022,64718.0
47189,"Wilson, TN",2023,68887.0
47189,"Wilson, TN",2024,72229.0
48001,"Anderson, TX",2019,36129.0
48001,"Anderson, TX",2020,39074.0
48001,"Anderson, TX",2021,43413.0
48001,"Anderson, TX",2022,45353.0
48001,"Anderson, TX",2023,46026.0
48001,"Anderson, TX",2024,46581.0
48003,"Andrews, TX",2019,52905.0
48003,"Andrews, TX",2020,48539.0
48003,"Andrews, TX",2021,51467.0
48003,"Andrews, TX",2022,55070.0
48003,"Andrews, TX",2023,57996.0
48003,"Andrews, TX",2024,60201.0
48005,"Angelina, TX",2019,40052.0
48005,"Angelina, TX",2020,42720.0
48005,"Angelina, TX",2021,46770.0
48005,"Angelina, TX",2022,49084.0
48005,"Angelina, TX",2023,51885.0
48005,"Angelina, TX",2024,53573.0
48007,"Aransas, TX",2019,54443.0
48007,"Aransas, TX",2020,55428.0
48007,"Aransas, TX",2021,61126.0
48007,"Aransas, TX",2022,63888.0
48007,"Aransas, TX",2023,67289.0
48007,"Aransas, TX",2024,70565.0
48009,"Archer, TX",2019,54073.0
48009,"Archer, TX",2020,56957.0
48009,"Archer, TX",2021,60546.0
48009,"Archer, TX",2022,65481.0
48009,"Archer, TX",2023,67193.0
48009,"Archer, TX",2024,69559.0
48011,"Armstrong, TX",2019,55281.0
48011,"Armstrong, TX",2020,60183.0
48011,"Armstrong, TX",2021,61517.0
48011,"Armstrong, TX",2022,67808.0
48011,"Armstrong, TX",2023,71578.0
48011,"Armstrong, TX",2024,70719.0
48013,"Atascosa, TX",2019,40562.0
48013,"Atascosa, TX",2020,42369.0
48013,"Atascosa, TX",2021,45657.0
48013,"Atascosa, TX",2022,47125.0
48013,"Atascosa, TX",2023,48763.0
48013,"Atascosa, TX",2024,50140.0
48015,"Austin, TX",2019,53070.0
48015,"Austin, TX",2020,55254.0
48015,"Austin, TX",2021,60499.0
48015,"Austin, TX",2022,62237.0
48015,"Austin, TX",2023,65854.0
48015,"Austin, TX",2024,67423.0
48017,"Bailey, TX",2019,44380.0
48017,"Bailey, TX",2020,52129.0
48017,"Bailey, TX",2021,54035.0
48017,"Bailey, TX",2022,51051.0
48017,"Bailey, TX",2023,59074.0
48017,"Bailey, TX",2024,59187.0
48019,"Bandera, TX",2019,53483.0
48019,"Bandera, TX",2020,54321.0
48019,"Bandera, TX",2021,58541.0
48019,"Bandera, TX",2022,59469.0
48019,"Bandera, TX",2023,62933.0
48019,"Bandera, TX",2024,65926.0
48021,"Bastrop, TX",2019,37496.0
48021,"Bastrop, TX",2020,40055.0
48021,"Bastrop, TX",2021,43518.0
48021,"Bastrop, TX",2022,45679.0
48021,"Bastrop, TX",2023,47879.0
48021,"Bastrop, TX",2024,49858.0
48023,"Baylor, TX",2019,48167.0
48023,"Baylor, TX",2020,55553.0
48023,"Baylor, TX",2021,59173.0
48023,"Baylor, TX",2022,65779.0
48023,"Baylor, TX",2023,63864.0
48023,"Baylor, TX",2024,63915.0
48025,"Bee, TX",2019,31065.0
48025,"Bee, TX",2020,32476.0
48025,"Bee, TX",2021,34229.0
48025,"Bee, TX",2022,35359.0
48025,"Bee, TX",2023,36453.0
48025,"Bee, TX",2024,37902.0
48027,"Bell, TX",2019,43370.0
48027,"Bell, TX",2020,46377.0
48027,"Bell, TX",2021,50157.0
48027,"Bell, TX",2022,49901.0
48027,"Bell, TX",2023,52493.0
48027,"Bell, TX",2024,55214.0
48029,"Bexar, TX",2019,46558.0
48029,"Bexar, TX",2020,47849.0
48029,"Bexar, TX",2021,51877.0
48029,"Bexar, TX",2022,55474.0
48029,"Bexar, TX",2023,58921.0
48029,"Bexar, TX",2024,61160.0
48031,"Blanco, TX",2019,59830.0
48031,"Blanco, TX",2020,64640.0
48031,"Blanco, TX",2021,72779.0
48031,"Blanco, TX",2022,74760.0
48031,"Blanco, TX",2023,78221.0
48031,"Blanco, TX",2024,82501.0
48033,"Borden, TX",2019,77529.0
48033,"Borden, TX",2020,67165.0
48033,"Borden, TX",2021,94963.0
48033,"Borden, TX",2022,154014.0
48033,"Borden, TX",2023,163540.0
48033,"Borden, TX",2024,136068.0
48035,"Bosque, TX",2019,43990.0
48035,"Bosque, TX",2020,46802.0
48035,"Bosque, TX",2021,51845.0
48035,"Bosque, TX",2022,54489.0
48035,"Bosque, TX",2023,58029.0
48035,"Bosque, TX",2024,60828.0
48037,"Bowie, TX",2019,41044.0
48037,"Bowie, TX",2020,45291.0
48037,"Bowie, TX",2021,49283.0
48037,"Bowie, TX",2022,49155.0
48037,"Bowie, TX",2023,51729.0
48037,"Bowie, TX",2024,53921.0
48039,"Brazoria, TX",2019,50554.0
48039,"Brazoria, TX",2020,52501.0
48039,"Brazoria, TX",2021,56367.0
48039,"Brazoria, TX",2022,57099.0
48039,"Brazoria, TX",2023,59015.0
48039,"Brazoria, TX",2024,60700.0
48041,"Brazos, TX",2019,40874.0
48041,"Brazos, TX",2020,43224.0
48041,"Brazos, TX",2021,48449.0
48041,"Brazos, TX",2022,48173.0
48041,"Brazos, TX",2023,50476.0
48041,"Brazos, TX",2024,52970.0
48043,"Brewster, TX",2019,45451.0
48043,"Brewster, TX",2020,49427.0
48043,"Brewster, TX",2021,55674.0
48043,"Brewster, TX",2022,55018.0
48043,"Brewster, TX",2023,59219.0
48043,"Brewster, TX",2024,64232.0
48045,"Briscoe, TX",2019,45799.0
48045,"Briscoe, TX",2020,45346.0
48045,"Briscoe, TX",2021,62994.0
48045,"Briscoe, TX",2022,74430.0
48045,"Briscoe, TX",2023,63507.0
48045,"Briscoe, TX",2024,57246.0
48047,"Brooks, TX",2019,35955.0
48047,"Brooks, TX",2020,39820.0
48047,"Brooks, TX",2021,43198.0
48047,"Brooks, TX",2022,42584.0
48047,"Brooks, TX",2023,45485.0
48047,"Brooks, TX",2024,45372.0
48049,"Brown, TX",2019,40209.0
48049,"Brown, TX",2020,42941.0
48049,"Brown, TX",2021,46135.0
48049,"Brown, TX",2022,47576.0
48049,"Brown, TX",2023,50678.0
48049,"Brown, TX",2024,51791.0
48051,"Burleson, TX",2019,49747.0
48051,"Burleson, TX",2020,51570.0
48051,"Burleson, TX",2021,54152.0
48051,"Burleson, TX",2022,58471.0
48051,"Burleson, TX",2023,60204.0
48051,"Burleson, TX",2024,62042.0
48053,"Burnet, TX",2019,52235.0
48053,"Burnet, TX",2020,56616.0
48053,"Burnet, TX",2021,61747.0
48053,"Burnet, TX",2022,64314.0
48053,"Burnet, TX",2023,66555.0
48053,"Burnet, TX",2024,68613.0
48055,"Caldwell, TX",2019,34170.0
48055,"Caldwell, TX",2020,37882.0
48055,"Caldwell, TX",2021,40679.0
48055,"Caldwell, TX",2022,43372.0
48055,"Caldwell, TX",2023,44904.0
48055,"Caldwell, TX",2024,46291.0
48057,"Calhoun, TX",2019,55974.0
48057,"Calhoun, TX",2020,58570.0
48057,"Calhoun, TX",2021,63493.0
48057,"Calhoun, TX",2022,57667.0
48057,"Calhoun, TX",2023,57478.0
48057,"Calhoun, TX",2024,58872.0
48059,"Callahan, TX",2019,45608.0
48059,"Callahan, TX",2020,48922.0
48059,"Callahan, TX",2021,50701.0
48059,"Callahan, TX",2022,52090.0
48059,"Callahan, TX",2023,54675.0
48059,"Callahan, TX",2024,56294.0
48061,"Cameron, TX",2019,30204.0
48061,"Cameron, TX",2020,33569.0
48061,"Cameron, TX",2021,38158.0
48061,"Cameron, TX",2022,37642.0
48061,"Cameron, TX",2023,38649.0
48061,"Cameron, TX",2024,39990.0
48063,"Camp, TX",2019,40393.0
48063,"Camp, TX",2020,44747.0
48063,"Camp, TX",2021,50000.0
48063,"Camp, TX",2022,49530.0
48063,"Camp, TX",2023,51074.0
48063,"Camp, TX",2024,52528.0
48065,"Carson, TX",2019,48949.0
48065,"Carson, TX",2020,47416.0
48065,"Carson, TX",2021,56832.0
48065,"Carson, TX",2022,55413.0
48065,"Carson, TX",2023,61439.0
48065,"Carson, TX",2024,57997.0
48067,"Cass, TX",2019,39715.0
48067,"Cass, TX",2020,43661.0
48067,"Cass, TX",2021,46456.0
48067,"Cass, TX",2022,47381.0
48067,"Cass, TX",2023,49241.0
48067,"Cass, TX",2024,51139.0
48069,"Castro, TX",2019,67248.0
48069,"Castro, TX",2020,80193.0
48069,"Castro, TX",2021,84881.0
48069,"Castro, TX",2022,95420.0
48069,"Castro, TX",2023,110359.0
48069,"Castro, TX",2024,107286.0
48071,"Chambers, TX",2019,56833.0
48071,"Chambers, TX",2020,58445.0
48071,"Chambers, TX",2021,60237.0
48071,"Chambers, TX",2022,61625.0
48071,"Chambers, TX",2023,64811.0
48071,"Chambers, TX",2024,66866.0
48073,"Cherokee, TX",2019,37450.0
48073,"Cherokee, TX",2020,40834.0
48073,"Cherokee, TX",2021,43375.0
48073,"Cherokee, TX",2022,44945.0
48073,"Cherokee, TX",2023,46864.0
48073,"Cherokee, TX",2024,48329.0
48075,"Childress, TX",2021,39433.0
48075,"Childress, TX",2022,47930.0
48075,"Childress, TX",2023,45350.0
48075,"Childress, TX",2024,45376.0
48075,"Childress, TX",2019,33503.0
48075,"Childress, TX",2020,35533.0
48077,"Clay, TX",2019,46000.0
48077,"Clay, TX",2020,48919.0
48077,"Clay, TX",2021,52425.0
48077,"Clay, TX",2022,54104.0
48077,"Clay, TX",2023,56587.0
48077,"Clay, TX",2024,58415.0
48079,"Cochran, TX",2019,40579.0
48079,"Cochran, TX",2020,46185.0
48079,"Cochran, TX",2021,58483.0
48079,"Cochran, TX",2022,64552.0
48079,"Cochran, TX",2023,50558.0
48079,"Cochran, TX",2024,52714.0
48081,"Coke, TX",2019,43451.0
48081,"Coke, TX",2020,47727.0
48081,"Coke, TX",2021,51247.0
48081,"Coke, TX",2022,52621.0
48081,"Coke, TX",2023,56175.0
48081,"Coke, TX",2024,58295.0
48083,"Coleman, TX",2019,46499.0
48083,"Coleman, TX",2020,50669.0
48083,"Coleman, TX",2021,57577.0
48083,"Coleman, TX",2022,59124.0
48083,"Coleman, TX",2023,61761.0
48083,"Coleman, TX",2024,61133.0
48085,"Collin, TX",2019,69820.0
48085,"Collin, TX",2020,71732.0
48085,"Collin, TX",2021,78164.0
48085,"Collin, TX",2022,82805.0
48085,"Collin, TX",2023,86864.0
48085,"Collin, TX",2024,89488.0
48087,"Collingsworth, TX",2019,44170.0
48087,"Collingsworth, TX",2020,47572.0
48087,"Collingsworth, TX",2021,55603.0
48087,"Collingsworth, TX",2022,55010.0
48087,"Collingsworth, TX",2023,60145.0
48087,"Collingsworth, TX",2024,57854.0
48089,"Colorado, TX",2019,50992.0
48089,"Colorado, TX",2020,55201.0
48089,"Colorado, TX",2021,61324.0
48089,"Colorado, TX",2022,59721.0
48089,"Colorado, TX",2023,64782.0
48089,"Colorado, TX",2024,65601.0
48091,"Comal, TX",2019,62407.0
48091,"Comal, TX",2020,64480.0
48091,"Comal, TX",2021,71464.0
48091,"Comal, TX",2022,72778.0
48091,"Comal, TX",2023,76058.0
48091,"Comal, TX",2024,79451.0
48093,"Comanche, TX",2019,43667.0
48093,"Comanche, TX",2020,47872.0
48093,"Comanche, TX",2021,51458.0
48093,"Comanche, TX",2022,54503.0
48093,"Comanche, TX",2023,56123.0
48093,"Comanche, TX",2024,58488.0
48095,"Concho, TX",2019,31085.0
48095,"Concho, TX",2020,34914.0
48095,"Concho, TX",2021,39416.0
48095,"Concho, TX",2022,43796.0
48095,"Concho, TX",2023,43298.0
48095,"Concho, TX",2024,44706.0
48097,"Cooke, TX",2019,52240.0
48097,"Cooke, TX",2020,54503.0
48097,"Cooke, TX",2021,58839.0
48097,"Cooke, TX",2022,60392.0
48097,"Cooke, TX",2023,62773.0
48097,"Cooke, TX",2024,64928.0
48099,"Coryell, TX",2019,32364.0
48099,"Coryell, TX",2020,35018.0
48099,"Coryell, TX",2021,37495.0
48099,"Coryell, TX",2022,38145.0
48099,"Coryell, TX",2023,39361.0
48099,"Coryell, TX",2024,41184.0
48101,"Cottle, TX",2019,53247.0
48101,"Cottle, TX",2020,59897.0
48101,"Cottle, TX",2021,75685.0
48101,"Cottle, TX",2022,99246.0
48101,"Cottle, TX",2023,108140.0
48101,"Cottle, TX",2024,116487.0
48103,"Crane, TX",2019,53872.0
48103,"Crane, TX",2020,49030.0
48103,"Crane, TX",2021,50288.0
48103,"Crane, TX",2022,54874.0
48103,"Crane, TX",2023,59115.0
48103,"Crane, TX",2024,60776.0
48105,"Crockett, TX",2019,52933.0
48105,"Crockett, TX",2020,56824.0
48105,"Crockett, TX",2021,58486.0
48105,"Crockett, TX",2022,61379.0
48105,"Crockett, TX",2023,69493.0
48105,"Crockett, TX",2024,70106.0
48107,"Crosby, TX",2019,40777.0
48107,"Crosby, TX",2020,44290.0
48107,"Crosby, TX",2021,52342.0
48107,"Crosby, TX",2022,55203.0
48107,"Crosby, TX",2023,55679.0
48107,"Crosby, TX",2024,49417.0
48109,"Culberson, TX",2019,56807.0
48109,"Culberson, TX",2020,65390.0
48109,"Culberson, TX",2021,70748.0
48109,"Culberson, TX",2022,84634.0
48109,"Culberson, TX",2023,96913.0
48109,"Culberson, TX",2024,100342.0
48111,"Dallam, TX",2019,64131.0
48111,"Dallam, TX",2020,71707.0
48111,"Dallam, TX",2021,72712.0
48111,"Dallam, TX",2022,69397.0
48111,"Dallam, TX",2023,84423.0
48111,"Dallam, TX",2024,81925.0
48113,"Dallas, TX",2019,63856.0
48113,"Dallas, TX",2020,65821.0
48113,"Dallas, TX",2021,72722.0
48113,"Dallas, TX",2022,77402.0
48113,"Dallas, TX",2023,82100.0
48113,"Dallas, TX",2024,84975.0
48115,"Dawson, TX",2019,40585.0
48115,"Dawson, TX",2020,43507.0
48115,"Dawson, TX",2021,45806.0
48115,"Dawson, TX",2022,57093.0
48115,"Dawson, TX",2023,56535.0
48115,"Dawson, TX",2024,53016.0
48117,"Deaf Smith, TX",2019,50735.0
48117,"Deaf Smith, TX",2020,58170.0
48117,"Deaf Smith, TX",2021,62663.0
48117,"Deaf Smith, TX",2022,66897.0
48117,"Deaf Smith, TX",2023,77929.0
48117,"Deaf Smith, TX",2024,75979.0
48119,"Delta, TX",2019,40944.0
48119,"Delta, TX",2020,44231.0
48119,"Delta, TX",2021,47844.0
48119,"Delta, TX",2022,48347.0
48119,"Delta, TX",2023,50633.0
48119,"Delta, TX",2024,51821.0
48121,"Denton, TX",2019,61847.0
48121,"Denton, TX",2020,64211.0
48121,"Denton, TX",2021,70807.0
48121,"Denton, TX",2022,74224.0
48121,"Denton, TX",2023,77601.0
48121,"Denton, TX",2024,80108.0
48123,"DeWitt, TX",2019,59176.0
48123,"DeWitt, TX",2020,55106.0
48123,"DeWitt, TX",2021,62317.0
48123,"DeWitt, TX",2022,75852.0
48123,"DeWitt, TX",2023,75056.0
48123,"DeWitt, TX",2024,75556.0
48125,"Dickens, TX",2019,39927.0
48125,"Dickens, TX",2020,44973.0
48125,"Dickens, TX",2021,49020.0
48125,"Dickens, TX",2022,55138.0
48125,"Dickens, TX",2023,58439.0
48125,"Dickens, TX",2024,57692.0
48127,"Dimmit, TX",2019,48549.0
48127,"Dimmit, TX",2020,49306.0
48127,"Dimmit, TX",2021,52972.0
48127,"Dimmit, TX",2022,52835.0
48127,"Dimmit, TX",2023,58167.0
48127,"Dimmit, TX",2024,57629.0
48129,"Donley, TX",2019,44046.0
48129,"Donley, TX",2020,46727.0
48129,"Donley, TX",2021,49046.0
48129,"Donley, TX",2022,48742.0
48129,"Donley, TX",2023,55008.0
48129,"Donley, TX",2024,54293.0
48131,"Duval, TX",2019,43251.0
48131,"Duval, TX",2020,46480.0
48131,"Duval, TX",2021,48353.0
48131,"Duval, TX",2022,49926.0
48131,"Duval, TX",2023,53437.0
48131,"Duval, TX",2024,52871.0
48133,"Eastland, TX",2019,62684.0
48133,"Eastland, TX",2020,53407.0
48133,"Eastland, TX",2021,56233.0
48133,"Eastland, TX",2022,53846.0
48133,"Eastland, TX",2023,55225.0
48133,"Eastland, TX",2024,54997.0
48135,"Ector, TX",2019,52751.0
48135,"Ector, TX",2020,49141.0
48135,"Ector, TX",2021,52647.0
48135,"Ector, TX",2022,56020.0
48135,"Ector, TX",2023,60496.0
48135,"Ector, TX",2024,62325.0
48137,"Edwards, TX",2019,62667.0
48137,"Edwards, TX",2020,60805.0
48137,"Edwards, TX",2021,67192.0
48137,"Edwards, TX",2022,69498.0
48137,"Edwards, TX",2023,79602.0
48137,"Edwards, TX",2024,73782.0
48139,"Ellis, TX",2019,47405.0
48139,"Ellis, TX",2020,49287.0
48139,"Ellis, TX",2021,53784.0
48139,"Ellis, TX",2022,55184.0
48139,"Ellis, TX",2023,56934.0
48139,"Ellis, TX",2024,58766.0
48141,"El Paso, TX",2019,36902.0
48141,"El Paso, TX",2020,40032.0
48141,"El Paso, TX",2021,44328.0
48141,"El Paso, TX",2022,44748.0
48141,"El Paso, TX",2023,46918.0
48141,"El Paso, TX",2024,49306.0
48143,"Erath, TX",2019,41870.0
48143,"Erath, TX",2020,45089.0
48143,"Erath, TX",2021,47673.0
48143,"Erath, TX",2022,50935.0
48143,"Erath, TX",2023,53237.0
48143,"Erath, TX",2024,57112.0
48145,"Falls, TX",2019,36712.0
48145,"Falls, TX",2020,39565.0
48145,"Falls, TX",2021,42938.0
48145,"Falls, TX",2022,44405.0
48145,"Falls, TX",2023,47247.0
48145,"Falls, TX",2024,47312.0
48147,"Fannin, TX",2019,40834.0
48147,"Fannin, TX",2020,42649.0
48147,"Fannin, TX",2021,46778.0
48147,"Fannin, TX",2022,46972.0
48147,"Fannin, TX",2023,49765.0
48147,"Fannin, TX",2024,50981.0
48149,"Fayette, TX",2019,58995.0
48149,"Fayette, TX",2020,61540.0
48149,"Fayette, TX",2021,68116.0
48149,"Fayette, TX",2022,69211.0
48149,"Fayette, TX",2023,74062.0
48149,"Fayette, TX",2024,78628.0
48151,"Fisher, TX",2019,46073.0
48151,"Fisher, TX",2020,48381.0
48151,"Fisher, TX",2021,57109.0
48151,"Fisher, TX",2022,65008.0
48151,"Fisher, TX",2023,62713.0
48151,"Fisher, TX",2024,60573.0
48153,"Floyd, TX",2019,43632.0
48153,"Floyd, TX",2020,44677.0
48153,"Floyd, TX",2021,53107.0
48153,"Floyd, TX",2022,51378.0
48153,"Floyd, TX",2023,53464.0
48153,"Floyd, TX",2024,51343.0
48155,"Foard, TX",2019,47959.0
48155,"Foard, TX",2020,54726.0
48155,"Foard, TX",2021,62236.0
48155,"Foard, TX",2022,75997.0
48155,"Foard, TX",2023,65317.0
48155,"Foard, TX",2024,66401.0
48157,"Fort Bend, TX",2019,63288.0
48157,"Fort Bend, TX",2020,62820.0
48157,"Fort Bend, TX",2021,67154.0
48157,"Fort Bend, TX",2022,69262.0
48157,"Fort Bend, TX",2023,73340.0
48157,"Fort Bend, TX",2024,75721.0
48159,"Franklin, TX",2019,43595.0
48159,"Franklin, TX",2020,47297.0
48159,"Franklin, TX",2021,51510.0
48159,"Franklin, TX",2022,57330.0
48159,"Franklin, TX",2023,57639.0
48159,"Franklin, TX",2024,61557.0
48161,"Freestone, TX",2019,39064.0
48161,"Freestone, TX",2020,40833.0
48161,"Freestone, TX",2021,44511.0
48161,"Freestone, TX",2022,45792.0
48161,"Freestone, TX",2023,49256.0
48161,"Freestone, TX",2024,50965.0
48163,"Frio, TX",2019,33525.0
48163,"Frio, TX",2020,35548.0
48163,"Frio, TX",2021,38469.0
48163,"Frio, TX",2022,39097.0
48163,"Frio, TX",2023,40614.0
48163,"Frio, TX",2024,40109.0
48165,"Gaines, TX",2019,45180.0
48165,"Gaines, TX",2020,46837.0
48165,"Gaines, TX",2021,48751.0
48165,"Gaines, TX",2022,54087.0
48165,"Gaines, TX",2023,56773.0
48165,"Gaines, TX",2024,53425.0
48167,"Galveston, TX",2019,54837.0
48167,"Galveston, TX",2020,55685.0
48167,"Galveston, TX",2021,59056.0
48167,"Galveston, TX",2022,61684.0
48167,"Galveston, TX",2023,65603.0
48167,"Galveston, TX",2024,67777.0
48169,"Garza, TX",2019,32481.0
48169,"Garza, TX",2020,30717.0
48169,"Garza, TX",2021,32024.0
48169,"Garza, TX",2022,47701.0
48169,"Garza, TX",2023,49518.0
48169,"Garza, TX",2024,47763.0
48171,"Gillespie, TX",2019,67758.0
48171,"Gillespie, TX",2020,76603.0
48171,"Gillespie, TX",2021,80280.0
48171,"Gillespie, TX",2022,88235.0
48171,"Gillespie, TX",2023,94118.0
48171,"Gillespie, TX",2024,97669.0
48173,"Glasscock, TX",2019,110270.0
48173,"Glasscock, TX",2020,98827.0
48173,"Glasscock, TX",2021,97720.0
48173,"Glasscock, TX",2022,130570.0
48173,"Glasscock, TX",2023,131555.0
48173,"Glasscock, TX",2024,140602.0
48175,"Goliad, TX",2019,50468.0
48175,"Goliad, TX",2020,51744.0
48175,"Goliad, TX",2021,55926.0
48175,"Goliad, TX",2022,59531.0
48175,"Goliad, TX",2023,61799.0
48175,"Goliad, TX",2024,63546.0
48177,"Gonzales, TX",2019,48352.0
48177,"Gonzales, TX",2020,50008.0
48177,"Gonzales, TX",2021,56320.0
48177,"Gonzales, TX",2022,65517.0
48177,"Gonzales, TX",2023,65472.0
48177,"Gonzales, TX",2024,71447.0
48179,"Gray, TX",2019,44953.0
48179,"Gray, TX",2020,45650.0
48179,"Gray, TX",2021,46668.0
48179,"Gray, TX",2022,50111.0
48179,"Gray, TX",2023,54793.0
48179,"Gray, TX",2024,55066.0
48181,"Grayson, TX",2019,45459.0
48181,"Grayson, TX",2020,48119.0
48181,"Grayson, TX",2021,52547.0
48181,"Grayson, TX",2022,53822.0
48181,"Grayson, TX",2023,56341.0
48181,"Grayson, TX",2024,57952.0
48183,"Gregg, TX",2019,47181.0
48183,"Gregg, TX",2020,50405.0
48183,"Gregg, TX",2021,55094.0
48183,"Gregg, TX",2022,58096.0
48183,"Gregg, TX",2023,60642.0
48183,"Gregg, TX",2024,62285.0
48185,"Grimes, TX",2019,37505.0
48185,"Grimes, TX",2020,39924.0
48185,"Grimes, TX",2021,43796.0
48185,"Grimes, TX",2022,43169.0
48185,"Grimes, TX",2023,44417.0
48185,"Grimes, TX",2024,45217.0
48187,"Guadalupe, TX",2019,46799.0
48187,"Guadalupe, TX",2020,49038.0
48187,"Guadalupe, TX",2021,53313.0
48187,"Guadalupe, TX",2022,56029.0
48187,"Guadalupe, TX",2023,59053.0
48187,"Guadalupe, TX",2024,61610.0
48189,"Hale, TX",2019,36014.0
48189,"Hale, TX",2020,39222.0
48189,"Hale, TX",2021,42501.0
48189,"Hale, TX",2022,45110.0
48189,"Hale, TX",2023,45092.0
48189,"Hale, TX",2024,45037.0
48191,"Hall, TX",2019,34657.0
48191,"Hall, TX",2020,38862.0
48191,"Hall, TX",2021,50310.0
48191,"Hall, TX",2022,47251.0
48191,"Hall, TX",2023,49501.0
48191,"Hall, TX",2024,45845.0
48193,"Hamilton, TX",2019,66769.0
48193,"Hamilton, TX",2020,63067.0
48193,"Hamilton, TX",2021,71197.0
48193,"Hamilton, TX",2022,70950.0
48193,"Hamilton, TX",2023,71768.0
48193,"Hamilton, TX",2024,74459.0
48195,"Hansford, TX",2019,65824.0
48195,"Hansford, TX",2020,70974.0
48195,"Hansford, TX",2021,78157.0
48195,"Hansford, TX",2022,83650.0
48195,"Hansford, TX",2023,107433.0
48195,"Hansford, TX",2024,96833.0
48197,"Hardeman, TX",2019,47801.0
48197,"Hardeman, TX",2020,50949.0
48197,"Hardeman, TX",2021,55406.0
48197,"Hardeman, TX",2022,60929.0
48197,"Hardeman, TX",2023,61264.0
48197,"Hardeman, TX",2024,59961.0
48199,"Hardin, TX",2019,49162.0
48199,"Hardin, TX",2020,50579.0
48199,"Hardin, TX",2021,53063.0
48199,"Hardin, TX",2022,53708.0
48199,"Hardin, TX",2023,56092.0
48199,"Hardin, TX",2024,59804.0
48201,"Harris, TX",2019,58664.0
48201,"Harris, TX",2020,59105.0
48201,"Harris, TX",2021,66227.0
48201,"Harris, TX",2022,71328.0
48201,"Harris, TX",2023,77945.0
48201,"Harris, TX",2024,79991.0
48203,"Harrison, TX",2019,43315.0
48203,"Harrison, TX",2020,44175.0
48203,"Harrison, TX",2021,47376.0
48203,"Harrison, TX",2022,48614.0
48203,"Harrison, TX",2023,50927.0
48203,"Harrison, TX",2024,52232.0
48205,"Hartley, TX",2019,75233.0
48205,"Hartley, TX",2020,88101.0
48205,"Hartley, TX",2021,83907.0
48205,"Hartley, TX",2022,85752.0
48205,"Hartley, TX",2023,116490.0
48205,"Hartley, TX",2024,123445.0
48207,"Haskell, TX",2019,42445.0
48207,"Haskell, TX",2020,42968.0
48207,"Haskell, TX",2021,47094.0
48207,"Haskell, TX",2022,53668.0
48207,"Haskell, TX",2023,53167.0
48207,"Haskell, TX",2024,48552.0
48209,"Hays, TX",2019,49226.0
48209,"Hays, TX",2020,51676.0
48209,"Hays, TX",2021,57166.0
48209,"Hays, TX",2022,61230.0
48209,"Hays, TX",2023,64344.0
48209,"Hays, TX",2024,67490.0
48211,"Hemphill, TX",2019,67785.0
48211,"Hemphill, TX",2020,69010.0
48211,"Hemphill, TX",2021,69313.0
48211,"Hemphill, TX",2022,79701.0
48211,"Hemphill, TX",2023,91839.0
48211,"Hemphill, TX",2024,92501.0
48213,"Henderson, TX",2019,42404.0
48213,"Henderson, TX",2020,45074.0
48213,"Henderson, TX",2021,48275.0
48213,"Henderson, TX",2022,50784.0
48213,"Henderson, TX",2023,53534.0
48213,"Henderson, TX",2024,54981.0
48215,"Hidalgo, TX",2019,28110.0
48215,"Hidalgo, TX",2020,31116.0
48215,"Hidalgo, TX",2021,34857.0
48215,"Hidalgo, TX",2022,33794.0
48215,"Hidalgo, TX",2023,34393.0
48215,"Hidalgo, TX",2024,35290.0
48217,"Hill, TX",2019,43166.0
48217,"Hill, TX",2020,45629.0
48217,"Hill, TX",2021,49739.0
48217,"Hill, TX",2022,50805.0
48217,"Hill, TX",2023,52686.0
48217,"Hill, TX",2024,55204.0
48219,"Hockley, TX",2019,44818.0
48219,"Hockley, TX",2020,48372.0
48219,"Hockley, TX",2021,50243.0
48219,"Hockley, TX",2022,53147.0
48219,"Hockley, TX",2023,54362.0
48219,"Hockley, TX",2024,54453.0
48221,"Hood, TX",2019,54802.0
48221,"Hood, TX",2020,58572.0
48221,"Hood, TX",2021,61252.0
48221,"Hood, TX",2022,63410.0
48221,"Hood, TX",2023,66656.0
48221,"Hood, TX",2024,69107.0
48223,"Hopkins, TX",2019,42825.0
48223,"Hopkins, TX",2020,45422.0
48223,"Hopkins, TX",2021,50362.0
48223,"Hopkins, TX",2022,54532.0
48223,"Hopkins, TX",2023,55983.0
48223,"Hopkins, TX",2024,58893.0
48225,"Houston, TX",2019,42238.0
48225,"Houston, TX",2020,45378.0
48225,"Houston, TX",2021,49427.0
48225,"Houston, TX",2022,51118.0
48225,"Houston, TX",2023,54405.0
48225,"Houston, TX",2024,56177.0
48227,"Howard, TX",2019,46426.0
48227,"Howard, TX",2020,46810.0
48227,"Howard, TX",2021,50599.0
48227,"Howard, TX",2022,64213.0
48227,"Howard, TX",2023,66306.0
48227,"Howard, TX",2024,69048.0
48229,"Hudspeth, TX",2019,34450.0
48229,"Hudspeth, TX",2020,38217.0
48229,"Hudspeth, TX",2021,39171.0
48229,"Hudspeth, TX",2022,37083.0
48229,"Hudspeth, TX",2023,41599.0
48229,"Hudspeth, TX",2024,41143.0
48231,"Hunt, TX",2019,40548.0
48231,"Hunt, TX",2020,43818.0
48231,"Hunt, TX",2021,47521.0
48231,"Hunt, TX",2022,48064.0
48231,"Hunt, TX",2023,49876.0
48231,"Hunt, TX",2024,50952.0
48233,"Hutchinson, TX",2019,43235.0
48233,"Hutchinson, TX",2020,46846.0
48233,"Hutchinson, TX",2021,48269.0
48233,"Hutchinson, TX",2022,50432.0
48233,"Hutchinson, TX",2023,53936.0
48233,"Hutchinson, TX",2024,55473.0
48235,"Irion, TX",2019,72969.0
48235,"Irion, TX",2020,69826.0
48235,"Irion, TX",2021,74542.0
48235,"Irion, TX",2022,79291.0
48235,"Irion, TX",2023,85793.0
48235,"Irion, TX",2024,87236.0
48237,"Jack, TX",2019,41800.0
48237,"Jack, TX",2020,42362.0
48237,"Jack, TX",2021,47869.0
48237,"Jack, TX",2022,51165.0
48237,"Jack, TX",2023,50640.0
48237,"Jack, TX",2024,49763.0
48239,"Jackson, TX",2019,47555.0
48239,"Jackson, TX",2020,47756.0
48239,"Jackson, TX",2021,50973.0
48239,"Jackson, TX",2022,51945.0
48239,"Jackson, TX",2023,54538.0
48239,"Jackson, TX",2024,55527.0
48241,"Jasper, TX",2019,43976.0
48241,"Jasper, TX",2020,46357.0
48241,"Jasper, TX",2021,50336.0
48241,"Jasper, TX",2022,51162.0
48241,"Jasper, TX",2023,53331.0
48241,"Jasper, TX",2024,55870.0
48243,"Jeff Davis, TX",2019,47797.0
48243,"Jeff Davis, TX",2020,51571.0
48243,"Jeff Davis, TX",2021,57849.0
48243,"Jeff Davis, TX",2022,61280.0
48243,"Jeff Davis, TX",2023,68346.0
48243,"Jeff Davis, TX",2024,77026.0
48245,"Jefferson, TX",2019,43113.0
48245,"Jefferson, TX",2020,45331.0
48245,"Jefferson, TX",2021,47526.0
48245,"Jefferson, TX",2022,48392.0
48245,"Jefferson, TX",2023,50458.0
48245,"Jefferson, TX",2024,53111.0
48247,"Jim Hogg, TX",2019,35702.0
48247,"Jim Hogg, TX",2020,39024.0
48247,"Jim Hogg, TX",2021,42110.0
48247,"Jim Hogg, TX",2022,42576.0
48247,"Jim Hogg, TX",2023,45683.0
48247,"Jim Hogg, TX",2024,45920.0
48249,"Jim Wells, TX",2019,43367.0
48249,"Jim Wells, TX",2020,46387.0
48249,"Jim Wells, TX",2021,48129.0
48249,"Jim Wells, TX",2022,49612.0
48249,"Jim Wells, TX",2023,51775.0
48249,"Jim Wells, TX",2024,53073.0
48251,"Johnson, TX",2019,44837.0
48251,"Johnson, TX",2020,47294.0
48251,"Johnson, TX",2021,51546.0
48251,"Johnson, TX",2022,53116.0
48251,"Johnson, TX",2023,55315.0
48251,"Johnson, TX",2024,56879.0
48253,"Jones, TX",2019,33492.0
48253,"Jones, TX",2020,35422.0
48253,"Jones, TX",2021,38741.0
48253,"Jones, TX",2022,42156.0
48253,"Jones, TX",2023,41074.0
48253,"Jones, TX",2024,41003.0
48255,"Karnes, TX",2019,64058.0
48255,"Karnes, TX",2020,56601.0
48255,"Karnes, TX",2021,67911.0
48255,"Karnes, TX",2022,80495.0
48255,"Karnes, TX",2023,79977.0
48255,"Karnes, TX",2024,83316.0
48257,"Kaufman, TX",2019,44154.0
48257,"Kaufman, TX",2020,46445.0
48257,"Kaufman, TX",2021,50877.0
48257,"Kaufman, TX",2022,50243.0
48257,"Kaufman, TX",2023,51872.0
48257,"Kaufman, TX",2024,53448.0
48259,"Kendall, TX",2019,90469.0
48259,"Kendall, TX",2020,98062.0
48259,"Kendall, TX",2021,100825.0
48259,"Kendall, TX",2022,104398.0
48259,"Kendall, TX",2023,109753.0
48259,"Kendall, TX",2024,114424.0
48261,"Kenedy, TX",2019,43695.0
48261,"Kenedy, TX",2020,49426.0
48261,"Kenedy, TX",2021,48865.0
48261,"Kenedy, TX",2022,36422.0
48261,"Kenedy, TX",2023,47821.0
48261,"Kenedy, TX",2024,49582.0
48263,"Kent, TX",2019,47431.0
48263,"Kent, TX",2020,46555.0
48263,"Kent, TX",2021,52536.0
48263,"Kent, TX",2022,68631.0
48263,"Kent, TX",2023,70473.0
48263,"Kent, TX",2024,66060.0
48265,"Kerr, TX",2019,53611.0
48265,"Kerr, TX",2020,57703.0
48265,"Kerr, TX",2021,62050.0
48265,"Kerr, TX",2022,65058.0
48265,"Kerr, TX",2023,69655.0
48265,"Kerr, TX",2024,73735.0
48267,"Kimble, TX",2019,47141.0
48267,"Kimble, TX",2020,49744.0
48267,"Kimble, TX",2021,56795.0
48267,"Kimble, TX",2022,55112.0
48267,"Kimble, TX",2023,59537.0
48267,"Kimble, TX",2024,60025.0
48269,"King, TX",2019,85825.0
48269,"King, TX",2020,82258.0
48269,"King, TX",2021,89824.0
48269,"King, TX",2022,132961.0
48269,"King, TX",2023,146972.0
48269,"King, TX",2024,134670.0
48271,"Kinney, TX",2019,36340.0
48271,"Kinney, TX",2020,39901.0
48271,"Kinney, TX",2021,43256.0
48271,"Kinney, TX",2022,41942.0
48271,"Kinney, TX",2023,44771.0
48271,"Kinney, TX",2024,45458.0
48273,"Kleberg, TX",2019,40167.0
48273,"Kleberg, TX",2020,41238.0
48273,"Kleberg, TX",2021,45356.0
48273,"Kleberg, TX",2022,46410.0
48273,"Kleberg, TX",2023,49566.0
48273,"Kleberg, TX",2024,50745.0
48275,"Knox, TX",2019,43233.0
48275,"Knox, TX",2020,47825.0
48275,"Knox, TX",2021,51788.0
48275,"Knox, TX",2022,55027.0
48275,"Knox, TX",2023,52663.0
48275,"Knox, TX",2024,52053.0
48277,"Lamar, TX",2019,43142.0
48277,"Lamar, TX",2020,46775.0
48277,"Lamar, TX",2021,51077.0
48277,"Lamar, TX",2022,50924.0
48277,"Lamar, TX",2023,52106.0
48277,"Lamar, TX",2024,53557.0
48279,"Lamb, TX",2019,45168.0
48279,"Lamb, TX",2020,50584.0
48279,"Lamb, TX",2021,54253.0
48279,"Lamb, TX",2022,62644.0
48279,"Lamb, TX",2023,63623.0
48279,"Lamb, TX",2024,63498.0
48281,"Lampasas, TX",2019,51862.0
48281,"Lampasas, TX",2020,55004.0
48281,"Lampasas, TX",2021,59777.0
48281,"Lampasas, TX",2022,59726.0
48281,"Lampasas, TX",2023,62564.0
48281,"Lampasas, TX",2024,65695.0
48283,"La Salle, TX",2019,45272.0
48283,"La Salle, TX",2020,41872.0
48283,"La Salle, TX",2021,46024.0
48283,"La Salle, TX",2022,48793.0
48283,"La Salle, TX",2023,49718.0
48283,"La Salle, TX",2024,50399.0
48285,"Lavaca, TX",2019,56616.0
48285,"Lavaca, TX",2020,58919.0
48285,"Lavaca, TX",2021,61926.0
48285,"Lavaca, TX",2022,67772.0
48285,"Lavaca, TX",2023,70789.0
48285,"Lavaca, TX",2024,72688.0
48287,"Lee, TX",2019,53783.0
48287,"Lee, TX",2020,54803.0
48287,"Lee, TX",2021,58180.0
48287,"Lee, TX",2022,55811.0
48287,"Lee, TX",2023,57558.0
48287,"Lee, TX",2024,62259.0
48289,"Leon, TX",2019,45360.0
48289,"Leon, TX",2020,49003.0
48289,"Leon, TX",2021,54348.0
48289,"Leon, TX",2022,59322.0
48289,"Leon, TX",2023,63285.0
48289,"Leon, TX",2024,66456.0
48291,"Liberty, TX",2019,38785.0
48291,"Liberty, TX",2020,40564.0
48291,"Liberty, TX",2021,41968.0
48291,"Liberty, TX",2022,42271.0
48291,"Liberty, TX",2023,43393.0
48291,"Liberty, TX",2024,44266.0
48293,"Limestone, TX",2019,40244.0
48293,"Limestone, TX",2020,43105.0
48293,"Limestone, TX",2021,48029.0
48293,"Limestone, TX",2022,48241.0
48293,"Limestone, TX",2023,53155.0
48293,"Limestone, TX",2024,54906.0
48295,"Lipscomb, TX",2019,89966.0
48295,"Lipscomb, TX",2020,94274.0
48295,"Lipscomb, TX",2021,110668.0
48295,"Lipscomb, TX",2022,131393.0
48295,"Lipscomb, TX",2023,137935.0
48295,"Lipscomb, TX",2024,139667.0
48297,"Live Oak, TX",2019,39983.0
48297,"Live Oak, TX",2020,41603.0
48297,"Live Oak, TX",2021,46316.0
48297,"Live Oak, TX",2022,48311.0
48297,"Live Oak, TX",2023,48879.0
48297,"Live Oak, TX",2024,49981.0
48299,"Llano, TX",2019,53075.0
48299,"Llano, TX",2020,54988.0
48299,"Llano, TX",2021,64387.0
48299,"Llano, TX",2022,68221.0
48299,"Llano, TX",2023,72597.0
48299,"Llano, TX",2024,75561.0
48301,"Loving, TX",2019,113000.0
48301,"Loving, TX",2020,98836.0
48301,"Loving, TX",2021,130768.0
48301,"Loving, TX",2022,164064.0
48301,"Loving, TX",2023,210370.0
48301,"Loving, TX",2024,220625.0
48303,"Lubbock, TX",2019,45138.0
48303,"Lubbock, TX",2020,47592.0
48303,"Lubbock, TX",2021,51331.0
48303,"Lubbock, TX",2022,52416.0
48303,"Lubbock, TX",2023,54500.0
48303,"Lubbock, TX",2024,55804.0
48305,"Lynn, TX",2019,47290.0
48305,"Lynn, TX",2020,43306.0
48305,"Lynn, TX",2021,58799.0
48305,"Lynn, TX",2022,68503.0
48305,"Lynn, TX",2023,65182.0
48305,"Lynn, TX",2024,56947.0
48307,"McCulloch, TX",2019,39679.0
48307,"McCulloch, TX",2020,43098.0
48307,"McCulloch, TX",2021,47446.0
48307,"McCulloch, TX",2022,50278.0
48307,"McCulloch, TX",2023,52901.0
48307,"McCulloch, TX",2024,52532.0
48309,"McLennan, TX",2019,42055.0
48309,"McLennan, TX",2020,45560.0
48309,"McLennan, TX",2021,49789.0
48309,"McLennan, TX",2022,51582.0
48309,"McLennan, TX",2023,54221.0
48309,"McLennan, TX",2024,56851.0
48311,"McMullen, TX",2019,91412.0
48311,"McMullen, TX",2020,69915.0
48311,"McMullen, TX",2021,92820.0
48311,"McMullen, TX",2022,113557.0
48311,"McMullen, TX",2023,112050.0
48311,"McMullen, TX",2024,118742.0
48313,"Madison, TX",2019,33489.0
48313,"Madison, TX",2020,37752.0
48313,"Madison, TX",2021,42052.0
48313,"Madison, TX",2022,43341.0
48313,"Madison, TX",2023,46131.0
48313,"Madison, TX",2024,46869.0
48315,"Marion, TX",2019,42657.0
48315,"Marion, TX",2020,43864.0
48315,"Marion, TX",2021,48030.0
48315,"Marion, TX",2022,49626.0
48315,"Marion, TX",2023,52915.0
48315,"Marion, TX",2024,54796.0
48317,"Martin, TX",2019,77245.0
48317,"Martin, TX",2020,72747.0
48317,"Martin, TX",2021,84853.0
48317,"Martin, TX",2022,106446.0
48317,"Martin, TX",2023,106750.0
48317,"Martin, TX",2024,110411.0
48319,"Mason, TX",2019,49437.0
48319,"Mason, TX",2020,53959.0
48319,"Mason, TX",2021,58749.0
48319,"Mason, TX",2022,57729.0
48319,"Mason, TX",2023,64054.0
48319,"Mason, TX",2024,63988.0
48321,"Matagorda, TX",2019,45748.0
48321,"Matagorda, TX",2020,48047.0
48321,"Matagorda, TX",2021,50995.0
48321,"Matagorda, TX",2022,50846.0
48321,"Matagorda, TX",2023,53904.0
48321,"Matagorda, TX",2024,55823.0
48323,"Maverick, TX",2019,32525.0
48323,"Maverick, TX",2020,35421.0
48323,"Maverick, TX",2021,38951.0
48323,"Maverick, TX",2022,39166.0
48323,"Maverick, TX",2023,40719.0
48323,"Maverick, TX",2024,41075.0
48325,"Medina, TX",2019,44254.0
48325,"Medina, TX",2020,45851.0
48325,"Medina, TX",2021,49662.0
48325,"Medina, TX",2022,50668.0
48325,"Medina, TX",2023,52960.0
48325,"Medina, TX",2024,54573.0
48327,"Menard, TX",2019,40810.0
48327,"Menard, TX",2020,46541.0
48327,"Menard, TX",2021,49089.0
48327,"Menard, TX",2022,48087.0
48327,"Menard, TX",2023,53661.0
48327,"Menard, TX",2024,52790.0
48329,"Midland, TX",2019,136575.0
48329,"Midland, TX",2020,103175.0
48329,"Midland, TX",2021,120568.0
48329,"Midland, TX",2022,146427.0
48329,"Midland, TX",2023,144049.0
48329,"Midland, TX",2024,146414.0
48331,"Milam, TX",2019,37785.0
48331,"Milam, TX",2020,41110.0
48331,"Milam, TX",2021,45895.0
48331,"Milam, TX",2022,48048.0
48331,"Milam, TX",2023,51174.0
48331,"Milam, TX",2024,52877.0
48333,"Mills, TX",2019,43691.0
48333,"Mills, TX",2020,49976.0
48333,"Mills, TX",2021,52604.0
48333,"Mills, TX",2022,55131.0
48333,"Mills, TX",2023,59377.0
48333,"Mills, TX",2024,60045.0
48335,"Mitchell, TX",2019,33173.0
48335,"Mitchell, TX",2020,33280.0
48335,"Mitchell, TX",2021,35772.0
48335,"Mitchell, TX",2022,40454.0
48335,"Mitchell, TX",2023,40764.0
48335,"Mitchell, TX",2024,42239.0
48337,"Montague, TX",2019,42372.0
48337,"Montague, TX",2020,43288.0
48337,"Montague, TX",2021,46578.0
48337,"Montague, TX",2022,47688.0
48337,"Montague, TX",2023,50461.0
48337,"Montague, TX",2024,51772.0
48339,"Montgomery, TX",2019,66857.0
48339,"Montgomery, TX",2020,67957.0
48339,"Montgomery, TX",2021,71743.0
48339,"Montgomery, TX",2022,74822.0
48339,"Montgomery, TX",2023,78799.0
48339,"Montgomery, TX",2024,80512.0
48341,"Moore, TX",2019,47123.0
48341,"Moore, TX",2020,50293.0
48341,"Moore, TX",2021,55564.0
48341,"Moore, TX",2022,59543.0
48341,"Moore, TX",2023,62160.0
48341,"Moore, TX",2024,62001.0
48343,"Morris, TX",2019,41209.0
48343,"Morris, TX",2020,44252.0
48343,"Morris, TX",2021,47782.0
48343,"Morris, TX",2022,49292.0
48343,"Morris, TX",2023,50587.0
48343,"Morris, TX",2024,52766.0
48345,"Motley, TX",2019,35643.0
48345,"Motley, TX",2020,40504.0
48345,"Motley, TX",2021,39926.0
48345,"Motley, TX",2022,49181.0
48345,"Motley, TX",2023,57564.0
48345,"Motley, TX",2024,54089.0
48347,"Nacogdoches, TX",2019,39315.0
48347,"Nacogdoches, TX",2020,41884.0
48347,"Nacogdoches, TX",2021,45884.0
48347,"Nacogdoches, TX",2022,48753.0
48347,"Nacogdoches, TX",2023,50680.0
48347,"Nacogdoches, TX",2024,51699.0
48349,"Navarro, TX",2019,39091.0
48349,"Navarro, TX",2020,41450.0
48349,"Navarro, TX",2021,45203.0
48349,"Navarro, TX",2022,45504.0
48349,"Navarro, TX",2023,47743.0
48349,"Navarro, TX",2024,48906.0
48351,"Newton, TX",2019,37902.0
48351,"Newton, TX",2020,40585.0
48351,"Newton, TX",2021,43663.0
48351,"Newton, TX",2022,43420.0
48351,"Newton, TX",2023,45031.0
48351,"Newton, TX",2024,47366.0
48353,"Nolan, TX",2019,45549.0
48353,"Nolan, TX",2020,46430.0
48353,"Nolan, TX",2021,51891.0
48353,"Nolan, TX",2022,53809.0
48353,"Nolan, TX",2023,56590.0
48353,"Nolan, TX",2024,60236.0
48355,"Nueces, TX",2019,46834.0
48355,"Nueces, TX",2020,48239.0
48355,"Nueces, TX",2021,53713.0
48355,"Nueces, TX",2022,54410.0
48355,"Nueces, TX",2023,56010.0
48355,"Nueces, TX",2024,58091.0
48357,"Ochiltree, TX",2019,57812.0
48357,"Ochiltree, TX",2020,53879.0
48357,"Ochiltree, TX",2021,62017.0
48357,"Ochiltree, TX",2022,65600.0
48357,"Ochiltree, TX",2023,73682.0
48357,"Ochiltree, TX",2024,68476.0
48359,"Oldham, TX",2019,61652.0
48359,"Oldham, TX",2020,71461.0
48359,"Oldham, TX",2021,74529.0
48359,"Oldham, TX",2022,76613.0
48359,"Oldham, TX",2023,90753.0
48359,"Oldham, TX",2024,89391.0
48361,"Orange, TX",2019,45080.0
48361,"Orange, TX",2020,46952.0
48361,"Orange, TX",2021,49253.0
48361,"Orange, TX",2022,49866.0
48361,"Orange, TX",2023,51826.0
48361,"Orange, TX",2024,54912.0
48363,"Palo Pinto, TX",2019,44680.0
48363,"Palo Pinto, TX",2020,46941.0
48363,"Palo Pinto, TX",2021,51440.0
48363,"Palo Pinto, TX",2022,52731.0
48363,"Palo Pinto, TX",2023,55049.0
48363,"Palo Pinto, TX",2024,56315.0
48365,"Panola, TX",2019,48528.0
48365,"Panola, TX",2020,48152.0
48365,"Panola, TX",2021,52516.0
48365,"Panola, TX",2022,58253.0
48365,"Panola, TX",2023,60519.0
48365,"Panola, TX",2024,61883.0
48367,"Parker, TX",2019,57800.0
48367,"Parker, TX",2020,60756.0
48367,"Parker, TX",2021,66565.0
48367,"Parker, TX",2022,70032.0
48367,"Parker, TX",2023,73003.0
48367,"Parker, TX",2024,75334.0
48369,"Parmer, TX",2019,50723.0
48369,"Parmer, TX",2020,58971.0
48369,"Parmer, TX",2021,64222.0
48369,"Parmer, TX",2022,72387.0
48369,"Parmer, TX",2023,78135.0
48369,"Parmer, TX",2024,77881.0
48371,"Pecos, TX",2019,40694.0
48371,"Pecos, TX",2020,39789.0
48371,"Pecos, TX",2021,42473.0
48371,"Pecos, TX",2022,45712.0
48371,"Pecos, TX",2023,49190.0
48371,"Pecos, TX",2024,50066.0
48373,"Polk, TX",2019,43106.0
48373,"Polk, TX",2020,45105.0
48373,"Polk, TX",2021,47706.0
48373,"Polk, TX",2022,48000.0
48373,"Polk, TX",2023,50317.0
48373,"Polk, TX",2024,52427.0
48375,"Potter, TX",2019,46222.0
48375,"Potter, TX",2020,50394.0
48375,"Potter, TX",2021,55344.0
48375,"Potter, TX",2022,56720.0
48375,"Potter, TX",2023,57099.0
48375,"Potter, TX",2024,59196.0
48377,"Presidio, TX",2019,49686.0
48377,"Presidio, TX",2020,55291.0
48377,"Presidio, TX",2021,60767.0
48377,"Presidio, TX",2022,61699.0
48377,"Presidio, TX",2023,67589.0
48377,"Presidio, TX",2024,72762.0
48379,"Rains, TX",2019,36196.0
48379,"Rains, TX",2020,39632.0
48379,"Rains, TX",2021,41808.0
48379,"Rains, TX",2022,42208.0
48379,"Rains, TX",2023,45152.0
48379,"Rains, TX",2024,47070.0
48381,"Randall, TX",2019,49926.0
48381,"Randall, TX",2020,52706.0
48381,"Randall, TX",2021,56338.0
48381,"Randall, TX",2022,57502.0
48381,"Randall, TX",2023,60674.0
48381,"Randall, TX",2024,63345.0
48383,"Reagan, TX",2019,58130.0
48383,"Reagan, TX",2020,54926.0
48383,"Reagan, TX",2021,59407.0
48383,"Reagan, TX",2022,69198.0
48383,"Reagan, TX",2023,72816.0
48383,"Reagan, TX",2024,76277.0
48385,"Real, TX",2019,46010.0
48385,"Real, TX",2020,53123.0
48385,"Real, TX",2021,56700.0
48385,"Real, TX",2022,58224.0
48385,"Real, TX",2023,61725.0
48385,"Real, TX",2024,65001.0
48387,"Red River, TX",2019,45286.0
48387,"Red River, TX",2020,48098.0
48387,"Red River, TX",2021,52737.0
48387,"Red River, TX",2022,53726.0
48387,"Red River, TX",2023,55795.0
48387,"Red River, TX",2024,56814.0
48389,"Reeves, TX",2019,50734.0
48389,"Reeves, TX",2020,46614.0
48389,"Reeves, TX",2021,57892.0
48389,"Reeves, TX",2022,68688.0
48389,"Reeves, TX",2023,76367.0
48389,"Reeves, TX",2024,85037.0
48391,"Refugio, TX",2019,47120.0
48391,"Refugio, TX",2020,48632.0
48391,"Refugio, TX",2021,54307.0
48391,"Refugio, TX",2022,57370.0
48391,"Refugio, TX",2023,57723.0
48391,"Refugio, TX",2024,59471.0
48393,"Roberts, TX",2019,49586.0
48393,"Roberts, TX",2020,51789.0
48393,"Roberts, TX",2021,55652.0
48393,"Roberts, TX",2022,60659.0
48393,"Roberts, TX",2023,66840.0
48393,"Roberts, TX",2024,64459.0
48395,"Robertson, TX",2019,44562.0
48395,"Robertson, TX",2020,47816.0
48395,"Robertson, TX",2021,51933.0
48395,"Robertson, TX",2022,56495.0
48395,"Robertson, TX",2023,58743.0
48395,"Robertson, TX",2024,60506.0
48397,"Rockwall, TX",2019,64778.0
48397,"Rockwall, TX",2020,67772.0
48397,"Rockwall, TX",2021,72441.0
48397,"Rockwall, TX",2022,73363.0
48397,"Rockwall, TX",2023,76441.0
48397,"Rockwall, TX",2024,78787.0
48399,"Runnels, TX",2019,44829.0
48399,"Runnels, TX",2020,46820.0
48399,"Runnels, TX",2021,50556.0
48399,"Runnels, TX",2022,55948.0
48399,"Runnels, TX",2023,56515.0
48399,"Runnels, TX",2024,57795.0
48401,"Rusk, TX",2019,39883.0
48401,"Rusk, TX",2020,42599.0
48401,"Rusk, TX",2021,44403.0
48401,"Rusk, TX",2022,45979.0
48401,"Rusk, TX",2023,47003.0
48401,"Rusk, TX",2024,48268.0
48403,"Sabine, TX",2019,38218.0
48403,"Sabine, TX",2020,41670.0
48403,"Sabine, TX",2021,46432.0
48403,"Sabine, TX",2022,45737.0
48403,"Sabine, TX",2023,47419.0
48403,"Sabine, TX",2024,49906.0
48405,"San Augustine, TX",2019,44784.0
48405,"San Augustine, TX",2020,45642.0
48405,"San Augustine, TX",2021,51289.0
48405,"San Augustine, TX",2022,57021.0
48405,"San Augustine, TX",2023,59023.0
48405,"San Augustine, TX",2024,61402.0
48407,"San Jacinto, TX",2019,41332.0
48407,"San Jacinto, TX",2020,42073.0
48407,"San Jacinto, TX",2021,45600.0
48407,"San Jacinto, TX",2022,45099.0
48407,"San Jacinto, TX",2023,47148.0
48407,"San Jacinto, TX",2024,48408.0
48409,"San Patricio, TX",2019,45547.0
48409,"San Patricio, TX",2020,47896.0
48409,"San Patricio, TX",2021,50764.0
48409,"San Patricio, TX",2022,50983.0
48409,"San Patricio, TX",2023,52644.0
48409,"San Patricio, TX",2024,54668.0
48411,"San Saba, TX",2019,43312.0
48411,"San Saba, TX",2020,42256.0
48411,"San Saba, TX",2021,43302.0
48411,"San Saba, TX",2022,44722.0
48411,"San Saba, TX",2023,51157.0
48411,"San Saba, TX",2024,51632.0
48413,"Schleicher, TX",2019,46924.0
48413,"Schleicher, TX",2020,51205.0
48413,"Schleicher, TX",2021,53117.0
48413,"Schleicher, TX",2022,63105.0
48413,"Schleicher, TX",2023,63574.0
48413,"Schleicher, TX",2024,64587.0
48415,"Scurry, TX",2019,44236.0
48415,"Scurry, TX",2020,44700.0
48415,"Scurry, TX",2021,46582.0
48415,"Scurry, TX",2022,52226.0
48415,"Scurry, TX",2023,55774.0
48415,"Scurry, TX",2024,57217.0
48417,"Shackelford, TX",2019,92145.0
48417,"Shackelford, TX",2020,83118.0
48417,"Shackelford, TX",2021,99593.0
48417,"Shackelford, TX",2022,120544.0
48417,"Shackelford, TX",2023,96203.0
48417,"Shackelford, TX",2024,99639.0
48419,"Shelby, TX",2019,44331.0
48419,"Shelby, TX",2020,48249.0
48419,"Shelby, TX",2021,55730.0
48419,"Shelby, TX",2022,65241.0
48419,"Shelby, TX",2023,64907.0
48419,"Shelby, TX",2024,70341.0
48421,"Sherman, TX",2019,98290.0
48421,"Sherman, TX",2020,101123.0
48421,"Sherman, TX",2021,124786.0
48421,"Sherman, TX",2022,120771.0
48421,"Sherman, TX",2023,180072.0
48421,"Sherman, TX",2024,155835.0
48423,"Smith, TX",2019,55403.0
48423,"Smith, TX",2020,55115.0
48423,"Smith, TX",2021,62557.0
48423,"Smith, TX",2022,66367.0
48423,"Smith, TX",2023,68191.0
48423,"Smith, TX",2024,69908.0
48425,"Somervell, TX",2019,47152.0
48425,"Somervell, TX",2020,50858.0
48425,"Somervell, TX",2021,56318.0
48425,"Somervell, TX",2022,58958.0
48425,"Somervell, TX",2023,62624.0
48425,"Somervell, TX",2024,62852.0
48427,"Starr, TX",2019,27494.0
48427,"Starr, TX",2020,31643.0
48427,"Starr, TX",2021,33805.0
48427,"Starr, TX",2022,32680.0
48427,"Starr, TX",2023,33211.0
48427,"Starr, TX",2024,34180.0
48429,"Stephens, TX",2019,43463.0
48429,"Stephens, TX",2020,43766.0
48429,"Stephens, TX",2021,45836.0
48429,"Stephens, TX",2022,48278.0
48429,"Stephens, TX",2023,50494.0
48429,"Stephens, TX",2024,50264.0
48431,"Sterling, TX",2019,58686.0
48431,"Sterling, TX",2020,58851.0
48431,"Sterling, TX",2021,63716.0
48431,"Sterling, TX",2022,66900.0
48431,"Sterling, TX",2023,73214.0
48431,"Sterling, TX",2024,74366.0
48433,"Stonewall, TX",2019,68146.0
48433,"Stonewall, TX",2020,73638.0
48433,"Stonewall, TX",2021,88259.0
48433,"Stonewall, TX",2022,95125.0
48433,"Stonewall, TX",2023,97984.0
48433,"Stonewall, TX",2024,92904.0
48435,"Sutton, TX",2019,71978.0
48435,"Sutton, TX",2020,66124.0
48435,"Sutton, TX",2021,69222.0
48435,"Sutton, TX",2022,69650.0
48435,"Sutton, TX",2023,75088.0
48435,"Sutton, TX",2024,68978.0
48437,"Swisher, TX",2019,57328.0
48437,"Swisher, TX",2020,61035.0
48437,"Swisher, TX",2021,72522.0
48437,"Swisher, TX",2022,80178.0
48437,"Swisher, TX",2023,87640.0
48437,"Swisher, TX",2024,81571.0
48439,"Tarrant, TX",2019,52208.0
48439,"Tarrant, TX",2020,53809.0
48439,"Tarrant, TX",2021,60684.0
48439,"Tarrant, TX",2022,64177.0
48439,"Tarrant, TX",2023,67797.0
48439,"Tarrant, TX",2024,69936.0
48441,"Taylor, TX",2019,46595.0
48441,"Taylor, TX",2020,49482.0
48441,"Taylor, TX",2021,54107.0
48441,"Taylor, TX",2022,56245.0
48441,"Taylor, TX",2023,58937.0
48441,"Taylor, TX",2024,61692.0
48443,"Terrell, TX",2019,47417.0
48443,"Terrell, TX",2020,55120.0
48443,"Terrell, TX",2021,63494.0
48443,"Terrell, TX",2022,64130.0
48443,"Terrell, TX",2023,63828.0
48443,"Terrell, TX",2024,65159.0
48445,"Terry, TX",2019,38127.0
48445,"Terry, TX",2020,42480.0
48445,"Terry, TX",2021,45199.0
48445,"Terry, TX",2022,53626.0
48445,"Terry, TX",2023,50493.0
48445,"Terry, TX",2024,47519.0
48447,"Throckmorton, TX",2019,42797.0
48447,"Throckmorton, TX",2020,44622.0
48447,"Throckmorton, TX",2021,67624.0
48447,"Throckmorton, TX",2022,57197.0
48447,"Throckmorton, TX",2023,54775.0
48447,"Throckmorton, TX",2024,51196.0
48449,"Titus, TX",2019,38649.0
48449,"Titus, TX",2020,42470.0
48449,"Titus, TX",2021,48597.0
48449,"Titus, TX",2022,52083.0
48449,"Titus, TX",2023,52394.0
48449,"Titus, TX",2024,54678.0
48451,"Tom Green, TX",2019,51564.0
48451,"Tom Green, TX",2020,55305.0
48451,"Tom Green, TX",2021,59837.0
48451,"Tom Green, TX",2022,61530.0
48451,"Tom Green, TX",2023,64089.0
48451,"Tom Green, TX",2024,67584.0
48453,"Travis, TX",2019,71633.0
48453,"Travis, TX",2020,72116.0
48453,"Travis, TX",2021,81194.0
48453,"Travis, TX",2022,88096.0
48453,"Travis, TX",2023,94106.0
48453,"Travis, TX",2024,98944.0
48455,"Trinity, TX",2019,41599.0
48455,"Trinity, TX",2020,43596.0
48455,"Trinity, TX",2021,46479.0
48455,"Trinity, TX",2022,47262.0
48455,"Trinity, TX",2023,49231.0
48455,"Trinity, TX",2024,50727.0
48457,"Tyler, TX",2019,36023.0
48457,"Tyler, TX",2020,39574.0
48457,"Tyler, TX",2021,43060.0
48457,"Tyler, TX",2022,42729.0
48457,"Tyler, TX",2023,45158.0
48457,"Tyler, TX",2024,46970.0
48459,"Upshur, TX",2019,39372.0
48459,"Upshur, TX",2020,40787.0
48459,"Upshur, TX",2021,44238.0
48459,"Upshur, TX",2022,44901.0
48459,"Upshur, TX",2023,46959.0
48459,"Upshur, TX",2024,48154.0
48461,"Upton, TX",2019,50995.0
48461,"Upton, TX",2020,54887.0
48461,"Upton, TX",2021,63248.0
48461,"Upton, TX",2022,79723.0
48461,"Upton, TX",2023,88934.0
48461,"Upton, TX",2024,96021.0
48463,"Uvalde, TX",2019,44420.0
48463,"Uvalde, TX",2020,47540.0
48463,"Uvalde, TX",2021,53010.0
48463,"Uvalde, TX",2022,52727.0
48463,"Uvalde, TX",2023,55231.0
48463,"Uvalde, TX",2024,56292.0
48465,"Val Verde, TX",2019,39619.0
48465,"Val Verde, TX",2020,42553.0
48465,"Val Verde, TX",2021,47328.0
48465,"Val Verde, TX",2022,48184.0
48465,"Val Verde, TX",2023,49929.0
48465,"Val Verde, TX",2024,52067.0
48467,"Van Zandt, TX",2019,39113.0
48467,"Van Zandt, TX",2020,42107.0
48467,"Van Zandt, TX",2021,45273.0
48467,"Van Zandt, TX",2022,46541.0
48467,"Van Zandt, TX",2023,48423.0
48467,"Van Zandt, TX",2024,49646.0
48469,"Victoria, TX",2019,51975.0
48469,"Victoria, TX",2020,53223.0
48469,"Victoria, TX",2021,57571.0
48469,"Victoria, TX",2022,56753.0
48469,"Victoria, TX",2023,59460.0
48469,"Victoria, TX",2024,60988.0
48471,"Walker, TX",2019,30015.0
48471,"Walker, TX",2020,30658.0
48471,"Walker, TX",2021,33400.0
48471,"Walker, TX",2022,34220.0
48471,"Walker, TX",2023,35500.0
48471,"Walker, TX",2024,36921.0
48473,"Waller, TX",2019,45192.0
48473,"Waller, TX",2020,47414.0
48473,"Waller, TX",2021,50466.0
48473,"Waller, TX",2022,52125.0
48473,"Waller, TX",2023,53426.0
48473,"Waller, TX",2024,55028.0
48475,"Ward, TX",2019,55454.0
48475,"Ward, TX",2020,49958.0
48475,"Ward, TX",2021,57108.0
48475,"Ward, TX",2022,63477.0
48475,"Ward, TX",2023,70039.0
48475,"Ward, TX",2024,76133.0
48477,"Washington, TX",2019,54953.0
48477,"Washington, TX",2020,58774.0
48477,"Washington, TX",2021,69321.0
48477,"Washington, TX",2022,70576.0
48477,"Washington, TX",2023,71069.0
48477,"Washington, TX",2024,72659.0
48479,"Webb, TX",2019,34471.0
48479,"Webb, TX",2020,36753.0
48479,"Webb, TX",2021,41117.0
48479,"Webb, TX",2022,41588.0
48479,"Webb, TX",2023,42612.0
48479,"Webb, TX",2024,44200.0
48481,"Wharton, TX",2019,46520.0
48481,"Wharton, TX",2020,48557.0
48481,"Wharton, TX",2021,53325.0
48481,"Wharton, TX",2022,53293.0
48481,"Wharton, TX",2023,56877.0
48481,"Wharton, TX",2024,58445.0
48483,"Wheeler, TX",2019,42636.0
48483,"Wheeler, TX",2020,45941.0
48483,"Wheeler, TX",2021,48489.0
48483,"Wheeler, TX",2022,49799.0
48483,"Wheeler, TX",2023,54436.0
48483,"Wheeler, TX",2024,53330.0
48485,"Wichita, TX",2019,44425.0
48485,"Wichita, TX",2020,46960.0
48485,"Wichita, TX",2021,50054.0
48485,"Wichita, TX",2022,53496.0
48485,"Wichita, TX",2023,55680.0
48485,"Wichita, TX",2024,57855.0
48487,"Wilbarger, TX",2019,47859.0
48487,"Wilbarger, TX",2020,54092.0
48487,"Wilbarger, TX",2021,65552.0
48487,"Wilbarger, TX",2022,64798.0
48487,"Wilbarger, TX",2023,66436.0
48487,"Wilbarger, TX",2024,67853.0
48489,"Willacy, TX",2019,29490.0
48489,"Willacy, TX",2020,32784.0
48489,"Willacy, TX",2021,37629.0
48489,"Willacy, TX",2022,34955.0
48489,"Willacy, TX",2023,36781.0
48489,"Willacy, TX",2024,37182.0
48491,"Williamson, TX",2019,54043.0
48491,"Williamson, TX",2020,57518.0
48491,"Williamson, TX",2021,63247.0
48491,"Williamson, TX",2022,69000.0
48491,"Williamson, TX",2023,72567.0
48491,"Williamson, TX",2024,76156.0
48493,"Wilson, TX",2019,50125.0
48493,"Wilson, TX",2020,51308.0
48493,"Wilson, TX",2021,55225.0
48493,"Wilson, TX",2022,57205.0
48493,"Wilson, TX",2023,58801.0
48493,"Wilson, TX",2024,61373.0
48495,"Winkler, TX",2019,66454.0
48495,"Winkler, TX",2020,59334.0
48495,"Winkler, TX",2021,63377.0
48495,"Winkler, TX",2022,68046.0
48495,"Winkler, TX",2023,75893.0
48495,"Winkler, TX",2024,85774.0
48497,"Wise, TX",2019,47390.0
48497,"Wise, TX",2020,50512.0
48497,"Wise, TX",2021,54227.0
48497,"Wise, TX",2022,56323.0
48497,"Wise, TX",2023,58707.0
48497,"Wise, TX",2024,60091.0
48499,"Wood, TX",2019,41533.0
48499,"Wood, TX",2020,44864.0
48499,"Wood, TX",2021,47475.0
48499,"Wood, TX",2022,49503.0
48499,"Wood, TX",2023,51489.0
48499,"Wood, TX",2024,53117.0
48501,"Yoakum, TX",2019,48459.0
48501,"Yoakum, TX",2020,48419.0
48501,"Yoakum, TX",2021,50457.0
48501,"Yoakum, TX",2022,59605.0
48501,"Yoakum, TX",2023,61584.0
48501,"Yoakum, TX",2024,59553.0
48503,"Young, TX",2019,51092.0
48503,"Young, TX",2020,53154.0
48503,"Young, TX",2021,59332.0
48503,"Young, TX",2022,66796.0
48503,"Young, TX",2023,68343.0
48503,"Young, TX",2024,70700.0
48505,"Zapata, TX",2019,29761.0
48505,"Zapata, TX",2020,29746.0
48505,"Zapata, TX",2021,33392.0
48505,"Zapata, TX",2022,33747.0
48505,"Zapata, TX",2023,34712.0
48505,"Zapata, TX",2024,34617.0
48507,"Zavala, TX",2019,36150.0
48507,"Zavala, TX",2020,39225.0
48507,"Zavala, TX",2021,43319.0
48507,"Zavala, TX",2022,44256.0
48507,"Zavala, TX",2023,47533.0
48507,"Zavala, TX",2024,45538.0
49001,"Beaver, UT",2019,36339.0
49001,"Beaver, UT",2020,42805.0
49001,"Beaver, UT",2021,47311.0
49001,"Beaver, UT",2022,43766.0
49001,"Beaver, UT",2023,40684.0
49001,"Beaver, UT",2024,39179.0
49003,"Box Elder, UT",2019,38769.0
49003,"Box Elder, UT",2020,41929.0
49003,"Box Elder, UT",2021,45436.0
49003,"Box Elder, UT",2022,47677.0
49003,"Box Elder, UT",2023,50345.0
49003,"Box Elder, UT",2024,52138.0
49005,"Cache, UT",2019,41166.0
49005,"Cache, UT",2020,43032.0
49005,"Cache, UT",2021,49373.0
49005,"Cache, UT",2022,48905.0
49005,"Cache, UT",2023,51629.0
49005,"Cache, UT",2024,53880.0
49007,"Carbon, UT",2019,40566.0
49007,"Carbon, UT",2020,43191.0
49007,"Carbon, UT",2021,45945.0
49007,"Carbon, UT",2022,46746.0
49007,"Carbon, UT",2023,49873.0
49007,"Carbon, UT",2024,53578.0
49009,"Daggett, UT",2019,48280.0
49009,"Daggett, UT",2020,49738.0
49009,"Daggett, UT",2021,50730.0
49009,"Daggett, UT",2022,49186.0
49009,"Daggett, UT",2023,54430.0
49009,"Daggett, UT",2024,58327.0
49011,"Davis, UT",2019,47188.0
49011,"Davis, UT",2020,50606.0
49011,"Davis, UT",2021,56768.0
49011,"Davis, UT",2022,59140.0
49011,"Davis, UT",2023,62467.0
49011,"Davis, UT",2024,65234.0
49013,"Duchesne, UT",2019,39196.0
49013,"Duchesne, UT",2020,41511.0
49013,"Duchesne, UT",2021,45178.0
49013,"Duchesne, UT",2022,48080.0
49013,"Duchesne, UT",2023,52559.0
49013,"Duchesne, UT",2024,55422.0
49015,"Emery, UT",2019,35118.0
49015,"Emery, UT",2020,38458.0
49015,"Emery, UT",2021,39580.0
49015,"Emery, UT",2022,40693.0
49015,"Emery, UT",2023,42505.0
49015,"Emery, UT",2024,44291.0
49017,"Garfield, UT",2019,39427.0
49017,"Garfield, UT",2020,43185.0
49017,"Garfield, UT",2021,53037.0
49017,"Garfield, UT",2022,48273.0
49017,"Garfield, UT",2023,49093.0
49017,"Garfield, UT",2024,53671.0
49019,"Grand, UT",2019,57668.0
49019,"Grand, UT",2020,61965.0
49019,"Grand, UT",2021,69514.0
49019,"Grand, UT",2022,71523.0
49019,"Grand, UT",2023,76978.0
49019,"Grand, UT",2024,81380.0
49021,"Iron, UT",2019,33858.0
49021,"Iron, UT",2020,36595.0
49021,"Iron, UT",2021,39938.0
49021,"Iron, UT",2022,40473.0
49021,"Iron, UT",2023,42766.0
49021,"Iron, UT",2024,45498.0
49023,"Juab, UT",2019,39894.0
49023,"Juab, UT",2020,43464.0
49023,"Juab, UT",2021,50078.0
49023,"Juab, UT",2022,51184.0
49023,"Juab, UT",2023,50065.0
49023,"Juab, UT",2024,52463.0
49025,"Kane, UT",2019,42381.0
49025,"Kane, UT",2020,46464.0
49025,"Kane, UT",2021,54763.0
49025,"Kane, UT",2022,51114.0
49025,"Kane, UT",2023,53496.0
49025,"Kane, UT",2024,57334.0
49027,"Millard, UT",2019,38406.0
49027,"Millard, UT",2020,40964.0
49027,"Millard, UT",2021,45445.0
49027,"Millard, UT",2022,49363.0
49027,"Millard, UT",2023,50969.0
49027,"Millard, UT",2024,55316.0
49029,"Morgan, UT",2019,54303.0
49029,"Morgan, UT",2020,57881.0
49029,"Morgan, UT",2021,68671.0
49029,"Morgan, UT",2022,67437.0
49029,"Morgan, UT",2023,70772.0
49029,"Morgan, UT",2024,74288.0
49031,"Piute, UT",2019,46820.0
49031,"Piute, UT",2020,48464.0
49031,"Piute, UT",2021,49796.0
49031,"Piute, UT",2022,63504.0
49031,"Piute, UT",2023,61363.0
49031,"Piute, UT",2024,75547.0
49033,"Rich, UT",2019,38671.0
49033,"Rich, UT",2020,43219.0
49033,"Rich, UT",2021,45368.0
49033,"Rich, UT",2022,47047.0
49033,"Rich, UT",2023,55017.0
49033,"Rich, UT",2024,60081.0
49035,"Salt Lake, UT",2019,52964.0
49035,"Salt Lake, UT",2020,57252.0
49035,"Salt Lake, UT",2021,64843.0
49035,"Salt Lake, UT",2022,67745.0
49035,"Salt Lake, UT",2023,72387.0
49035,"Salt Lake, UT",2024,75434.0
49037,"San Juan, UT",2019,29194.0
49037,"San Juan, UT",2020,32528.0
49037,"San Juan, UT",2021,35122.0
49037,"San Juan, UT",2022,36393.0
49037,"San Juan, UT",2023,38984.0
49037,"San Juan, UT",2024,39972.0
49039,"Sanpete, UT",2019,32904.0
49039,"Sanpete, UT",2020,36969.0
49039,"Sanpete, UT",2021,40486.0
49039,"Sanpete, UT",2022,42656.0
49039,"Sanpete, UT",2023,43676.0
49039,"Sanpete, UT",2024,47226.0
49041,"Sevier, UT",2019,36055.0
49041,"Sevier, UT",2020,39819.0
49041,"Sevier, UT",2021,43080.0
49041,"Sevier, UT",2022,44102.0
49041,"Sevier, UT",2023,45802.0
49041,"Sevier, UT",2024,48917.0
49043,"Summit, UT",2019,160090.0
49043,"Summit, UT",2020,163779.0
49043,"Summit, UT",2021,219166.0
49043,"Summit, UT",2022,244112.0
49043,"Summit, UT",2023,268225.0
49043,"Summit, UT",2024,280510.0
49045,"Tooele, UT",2019,39152.0
49045,"Tooele, UT",2020,42086.0
49045,"Tooele, UT",2021,45225.0
49045,"Tooele, UT",2022,46829.0
49045,"Tooele, UT",2023,49202.0
49045,"Tooele, UT",2024,51494.0
49047,"Uintah, UT",2019,31973.0
49047,"Uintah, UT",2020,33212.0
49047,"Uintah, UT",2021,36234.0
49047,"Uintah, UT",2022,38767.0
49047,"Uintah, UT",2023,41709.0
49047,"Uintah, UT",2024,44840.0
49049,"Utah, UT",2019,43610.0
49049,"Utah, UT",2020,47127.0
49049,"Utah, UT",2021,52187.0
49049,"Utah, UT",2022,54261.0
49049,"Utah, UT",2023,57409.0
49049,"Utah, UT",2024,59651.0
49051,"Wasatch, UT",2019,62120.0
49051,"Wasatch, UT",2020,69154.0
49051,"Wasatch, UT",2021,79228.0
49051,"Wasatch, UT",2022,86659.0
49051,"Wasatch, UT",2023,93118.0
49051,"Wasatch, UT",2024,97428.0
49053,"Washington, UT",2019,42384.0
49053,"Washington, UT",2020,45369.0
49053,"Washington, UT",2021,50918.0
49053,"Washington, UT",2022,51717.0
49053,"Washington, UT",2023,55161.0
49053,"Washington, UT",2024,58047.0
49055,"Wayne, UT",2019,44817.0
49055,"Wayne, UT",2020,49384.0
49055,"Wayne, UT",2021,52671.0
49055,"Wayne, UT",2022,52725.0
49055,"Wayne, UT",2023,56200.0
49055,"Wayne, UT",2024,60423.0
49057,"Weber, UT",2019,42871.0
49057,"Weber, UT",2020,45949.0
49057,"Weber, UT",2021,50138.0
49057,"Weber, UT",2022,52944.0
49057,"Weber, UT",2023,56006.0
49057,"Weber, UT",2024,58582.0
50001,"Addison, VT",2019,52494.0
50001,"Addison, VT",2020,56050.0
50001,"Addison, VT",2021,59706.0
50001,"Addison, VT",2022,61845.0
50001,"Addison, VT",2023,65352.0
50001,"Addison, VT",2024,68558.0
50003,"Bennington, VT",2019,52804.0
50003,"Bennington, VT",2020,55747.0
50003,"Bennington, VT",2021,58802.0
50003,"Bennington, VT",2022,61831.0
50003,"Bennington, VT",2023,67013.0
50003,"Bennington, VT",2024,70649.0
50005,"Caledonia, VT",2019,42926.0
50005,"Caledonia, VT",2020,47729.0
50005,"Caledonia, VT",2021,50248.0
50005,"Caledonia, VT",2022,51588.0
50005,"Caledonia, VT",2023,54386.0
50005,"Caledonia, VT",2024,57231.0
50007,"Chittenden, VT",2019,60792.0
50007,"Chittenden, VT",2020,63936.0
50007,"Chittenden, VT",2021,67747.0
50007,"Chittenden, VT",2022,72056.0
50007,"Chittenden, VT",2023,77192.0
50007,"Chittenden, VT",2024,80533.0
50009,"Essex, VT",2019,40419.0
50009,"Essex, VT",2020,43689.0
50009,"Essex, VT",2021,46096.0
50009,"Essex, VT",2022,46338.0
50009,"Essex, VT",2023,48992.0
50009,"Essex, VT",2024,50712.0
50011,"Franklin, VT",2019,48673.0
50011,"Franklin, VT",2020,51931.0
50011,"Franklin, VT",2021,54661.0
50011,"Franklin, VT",2022,55889.0
50011,"Franklin, VT",2023,58020.0
50011,"Franklin, VT",2024,60629.0
50013,"Grand Isle, VT",2019,63514.0
50013,"Grand Isle, VT",2020,65790.0
50013,"Grand Isle, VT",2021,68388.0
50013,"Grand Isle, VT",2022,71124.0
50013,"Grand Isle, VT",2023,75626.0
50013,"Grand Isle, VT",2024,79333.0
50015,"Lamoille, VT",2019,53656.0
50015,"Lamoille, VT",2020,57706.0
50015,"Lamoille, VT",2021,61141.0
50015,"Lamoille, VT",2022,64487.0
50015,"Lamoille, VT",2023,68484.0
50015,"Lamoille, VT",2024,71627.0
50017,"Orange, VT",2019,48730.0
50017,"Orange, VT",2020,52973.0
50017,"Orange, VT",2021,55175.0
50017,"Orange, VT",2022,56388.0
50017,"Orange, VT",2023,60304.0
50017,"Orange, VT",2024,63172.0
50019,"Orleans, VT",2019,44674.0
50019,"Orleans, VT",2020,49868.0
50019,"Orleans, VT",2021,53022.0
50019,"Orleans, VT",2022,53594.0
50019,"Orleans, VT",2023,55756.0
50019,"Orleans, VT",2024,58908.0
50021,"Rutland, VT",2019,51212.0
50021,"Rutland, VT",2020,54911.0
50021,"Rutland, VT",2021,56410.0
50021,"Rutland, VT",2022,59243.0
50021,"Rutland, VT",2023,62604.0
50021,"Rutland, VT",2024,66361.0
50023,"Washington, VT",2019,58793.0
50023,"Washington, VT",2020,64143.0
50023,"Washington, VT",2021,66863.0
50023,"Washington, VT",2022,70251.0
50023,"Washington, VT",2023,74726.0
50023,"Washington, VT",2024,79488.0
50025,"Windham, VT",2019,48061.0
50025,"Windham, VT",2020,53105.0
50025,"Windham, VT",2021,55321.0
50025,"Windham, VT",2022,56438.0
50025,"Windham, VT",2023,60127.0
50025,"Windham, VT",2024,63331.0
50027,"Windsor, VT",2019,59632.0
50027,"Windsor, VT",2020,63558.0
50027,"Windsor, VT",2021,66485.0
50027,"Windsor, VT",2022,68330.0
50027,"Windsor, VT",2023,73871.0
50027,"Windsor, VT",2024,77039.0
51001,"Accomack, VA",2019,47761.0
51001,"Accomack, VA",2020,51125.0
51001,"Accomack, VA",2021,56694.0
51001,"Accomack, VA",2022,54927.0
51001,"Accomack, VA",2023,53417.0
51001,"Accomack, VA",2024,55998.0
51007,"Amelia, VA",2019,43367.0
51007,"Amelia, VA",2020,45866.0
51007,"Amelia, VA",2021,50824.0
51007,"Amelia, VA",2022,54041.0
51007,"Amelia, VA",2023,54165.0
51007,"Amelia, VA",2024,56488.0
51009,"Amherst, VA",2019,38023.0
51009,"Amherst, VA",2020,40740.0
51009,"Amherst, VA",2021,44260.0
51009,"Amherst, VA",2022,44920.0
51009,"Amherst, VA",2023,47226.0
51009,"Amherst, VA",2024,48819.0
51011,"Appomattox, VA",2019,38799.0
51011,"Appomattox, VA",2020,41555.0
51011,"Appomattox, VA",2021,45775.0
51011,"Appomattox, VA",2022,45929.0
51011,"Appomattox, VA",2023,47572.0
51011,"Appomattox, VA",2024,49384.0
51013,"Arlington, VA",2019,96204.0
51013,"Arlington, VA",2020,98460.0
51013,"Arlington, VA",2021,109830.0
51013,"Arlington, VA",2022,116839.0
51013,"Arlington, VA",2023,126108.0
51013,"Arlington, VA",2024,131624.0
51017,"Bath, VA",2019,63285.0
51017,"Bath, VA",2020,69660.0
51017,"Bath, VA",2021,73587.0
51017,"Bath, VA",2022,73729.0
51017,"Bath, VA",2023,79036.0
51017,"Bath, VA",2024,84722.0
51019,"Bedford, VA*",2019,47762.0
51019,"Bedford, VA*",2020,50394.0
51019,"Bedford, VA*",2021,53817.0
51019,"Bedford, VA*",2022,54784.0
51019,"Bedford, VA*",2023,57727.0
51019,"Bedford, VA*",2024,60072.0
51021,"Bland, VA",2019,37065.0
51021,"Bland, VA",2020,39403.0
51021,"Bland, VA",2021,42528.0
51021,"Bland, VA",2022,43948.0
51021,"Bland, VA",2023,47645.0
51021,"Bland, VA",2024,49719.0
51023,"Botetourt, VA",2019,51240.0
51023,"Botetourt, VA",2020,55062.0
51023,"Botetourt, VA",2021,58346.0
51023,"Botetourt, VA",2022,59862.0
51023,"Botetourt, VA",2023,63403.0
51023,"Botetourt, VA",2024,66799.0
51025,"Brunswick, VA",2019,33379.0
51025,"Brunswick, VA",2020,36716.0
51025,"Brunswick, VA",2021,40344.0
51025,"Brunswick, VA",2022,42244.0
51025,"Brunswick, VA",2023,45396.0
51025,"Brunswick, VA",2024,47473.0
51027,"Buchanan, VA",2019,36970.0
51027,"Buchanan, VA",2020,39666.0
51027,"Buchanan, VA",2021,43420.0
51027,"Buchanan, VA",2022,45961.0
51027,"Buchanan, VA",2023,50719.0
51027,"Buchanan, VA",2024,52465.0
51029,"Buckingham, VA",2019,31180.0
51029,"Buckingham, VA",2020,33787.0
51029,"Buckingham, VA",2021,37715.0
51029,"Buckingham, VA",2022,39790.0
51029,"Buckingham, VA",2023,39725.0
51029,"Buckingham, VA",2024,41269.0
51033,"Caroline, VA",2019,43292.0
51033,"Caroline, VA",2020,46607.0
51033,"Caroline, VA",2021,50828.0
51033,"Caroline, VA",2022,51532.0
51033,"Caroline, VA",2023,54514.0
51033,"Caroline, VA",2024,56845.0
51036,"Charles City, VA",2019,49541.0
51036,"Charles City, VA",2020,54243.0
51036,"Charles City, VA",2021,59841.0
51036,"Charles City, VA",2022,58960.0
51036,"Charles City, VA",2023,63695.0
51036,"Charles City, VA",2024,68549.0
51037,"Charlotte, VA",2019,36395.0
51037,"Charlotte, VA",2020,39435.0
51037,"Charlotte, VA",2021,44749.0
51037,"Charlotte, VA",2022,46695.0
51037,"Charlotte, VA",2023,47719.0
51037,"Charlotte, VA",2024,49287.0
51041,"Chesterfield, VA",2019,54274.0
51041,"Chesterfield, VA",2020,58212.0
51041,"Chesterfield, VA",2021,62396.0
51041,"Chesterfield, VA",2022,62929.0
51041,"Chesterfield, VA",2023,66398.0
51041,"Chesterfield, VA",2024,69378.0
51043,"Clarke, VA",2019,67254.0
51043,"Clarke, VA",2020,68703.0
51043,"Clarke, VA",2021,75699.0
51043,"Clarke, VA",2022,77039.0
51043,"Clarke, VA",2023,82207.0
51043,"Clarke, VA",2024,86201.0
51045,"Craig, VA",2019,40243.0
51045,"Craig, VA",2020,42679.0
51045,"Craig, VA",2021,46919.0
51045,"Craig, VA",2022,47694.0
51045,"Craig, VA",2023,50343.0
51045,"Craig, VA",2024,52712.0
51047,"Culpeper, VA",2019,48844.0
51047,"Culpeper, VA",2020,51631.0
51047,"Culpeper, VA",2021,54590.0
51047,"Culpeper, VA",2022,56882.0
51047,"Culpeper, VA",2023,60043.0
51047,"Culpeper, VA",2024,62786.0
51049,"Cumberland, VA",2019,38312.0
51049,"Cumberland, VA",2020,40781.0
51049,"Cumberland, VA",2021,45411.0
51049,"Cumberland, VA",2022,47153.0
51049,"Cumberland, VA",2023,48151.0
51049,"Cumberland, VA",2024,50714.0
51051,"Dickenson, VA",2019,33567.0
51051,"Dickenson, VA",2020,37165.0
51051,"Dickenson, VA",2021,40635.0
51051,"Dickenson, VA",2022,42298.0
51051,"Dickenson, VA",2023,45490.0
51051,"Dickenson, VA",2024,46587.0
51057,"Essex, VA",2019,43791.0
51057,"Essex, VA",2020,47871.0
51057,"Essex, VA",2021,51792.0
51057,"Essex, VA",2022,53040.0
51057,"Essex, VA",2023,56587.0
51057,"Essex, VA",2024,58862.0
51061,"Fauquier, VA",2019,70748.0
51061,"Fauquier, VA",2020,73040.0
51061,"Fauquier, VA",2021,79746.0
51061,"Fauquier, VA",2022,81846.0
51061,"Fauquier, VA",2023,86439.0
51061,"Fauquier, VA",2024,90597.0
51063,"Floyd, VA",2019,39787.0
51063,"Floyd, VA",2020,43041.0
51063,"Floyd, VA",2021,48251.0
51063,"Floyd, VA",2022,49173.0
51063,"Floyd, VA",2023,52367.0
51063,"Floyd, VA",2024,54710.0
51065,"Fluvanna, VA",2019,46234.0
51065,"Fluvanna, VA",2020,48369.0
51065,"Fluvanna, VA",2021,52617.0
51065,"Fluvanna, VA",2022,53579.0
51065,"Fluvanna, VA",2023,57510.0
51065,"Fluvanna, VA",2024,60650.0
51067,"Franklin, VA",2019,43474.0
51067,"Franklin, VA",2020,46444.0
51067,"Franklin, VA",2021,50986.0
51067,"Franklin, VA",2022,52622.0
51067,"Franklin, VA",2023,55468.0
51067,"Franklin, VA",2024,58252.0
51071,"Giles, VA",2019,40121.0
51071,"Giles, VA",2020,43462.0
51071,"Giles, VA",2021,48264.0
51071,"Giles, VA",2022,49698.0
51071,"Giles, VA",2023,53122.0
51071,"Giles, VA",2024,55152.0
51073,"Gloucester, VA",2019,48868.0
51073,"Gloucester, VA",2020,52363.0
51073,"Gloucester, VA",2021,56578.0
51073,"Gloucester, VA",2022,57358.0
51073,"Gloucester, VA",2023,61412.0
51073,"Gloucester, VA",2024,64683.0
51075,"Goochland, VA",2019,100439.0
51075,"Goochland, VA",2020,99465.0
51075,"Goochland, VA",2021,111400.0
51075,"Goochland, VA",2022,118638.0
51075,"Goochland, VA",2023,126135.0
51075,"Goochland, VA",2024,130571.0
51077,"Grayson, VA",2019,31858.0
51077,"Grayson, VA",2020,35023.0
51077,"Grayson, VA",2021,38300.0
51077,"Grayson, VA",2022,39385.0
51077,"Grayson, VA",2023,41349.0
51077,"Grayson, VA",2024,43221.0
51079,"Greene, VA",2019,44451.0
51079,"Greene, VA",2020,46658.0
51079,"Greene, VA",2021,50460.0
51079,"Greene, VA",2022,52456.0
51079,"Greene, VA",2023,55906.0
51079,"Greene, VA",2024,58821.0
51083,"Halifax, VA",2019,36430.0
51083,"Halifax, VA",2020,39611.0
51083,"Halifax, VA",2021,43604.0
51083,"Halifax, VA",2022,45294.0
51083,"Halifax, VA",2023,47816.0
51083,"Halifax, VA",2024,49300.0
51085,"Hanover, VA",2019,60972.0
51085,"Hanover, VA",2020,64969.0
51085,"Hanover, VA",2021,69642.0
51085,"Hanover, VA",2022,72798.0
51085,"Hanover, VA",2023,77952.0
51085,"Hanover, VA",2024,81533.0
51087,"Henrico, VA",2019,67511.0
51087,"Henrico, VA",2020,69415.0
51087,"Henrico, VA",2021,74828.0
51087,"Henrico, VA",2022,73857.0
51087,"Henrico, VA",2023,77876.0
51087,"Henrico, VA",2024,81054.0
51091,"Highland, VA",2019,43095.0
51091,"Highland, VA",2020,44463.0
51091,"Highland, VA",2021,51280.0
51091,"Highland, VA",2022,52434.0
51091,"Highland, VA",2023,51695.0
51091,"Highland, VA",2024,55224.0
51093,"Isle of Wight, VA",2019,55265.0
51093,"Isle of Wight, VA",2020,58242.0
51093,"Isle of Wight, VA",2021,62673.0
51093,"Isle of Wight, VA",2022,64169.0
51093,"Isle of Wight, VA",2023,67709.0
51093,"Isle of Wight, VA",2024,70714.0
51097,"King and Queen, VA",2019,46824.0
51097,"King and Queen, VA",2020,51129.0
51097,"King and Queen, VA",2021,54988.0
51097,"King and Queen, VA",2022,56061.0
51097,"King and Queen, VA",2023,60073.0
51097,"King and Queen, VA",2024,64881.0
51099,"King George, VA",2019,55525.0
51099,"King George, VA",2020,58959.0
51099,"King George, VA",2021,63146.0
51099,"King George, VA",2022,62783.0
51099,"King George, VA",2023,66759.0
51099,"King George, VA",2024,69622.0
51101,"King William, VA",2019,47213.0
51101,"King William, VA",2020,50003.0
51101,"King William, VA",2021,53849.0
51101,"King William, VA",2022,54865.0
51101,"King William, VA",2023,58505.0
51101,"King William, VA",2024,61754.0
51103,"Lancaster, VA",2019,62720.0
51103,"Lancaster, VA",2020,65644.0
51103,"Lancaster, VA",2021,71224.0
51103,"Lancaster, VA",2022,76974.0
51103,"Lancaster, VA",2023,82805.0
51103,"Lancaster, VA",2024,85487.0
51105,"Lee, VA",2019,31321.0
51105,"Lee, VA",2020,34908.0
51105,"Lee, VA",2021,38081.0
51105,"Lee, VA",2022,39652.0
51105,"Lee, VA",2023,42023.0
51105,"Lee, VA",2024,43193.0
51107,"Loudoun, VA",2019,81997.0
51107,"Loudoun, VA",2020,85192.0
51107,"Loudoun, VA",2021,92268.0
51107,"Loudoun, VA",2022,96039.0
51107,"Loudoun, VA",2023,101623.0
51107,"Loudoun, VA",2024,106510.0
51109,"Louisa, VA",2019,44219.0
51109,"Louisa, VA",2020,46684.0
51109,"Louisa, VA",2021,50798.0
51109,"Louisa, VA",2022,51411.0
51109,"Louisa, VA",2023,53381.0
51109,"Louisa, VA",2024,54482.0
51111,"Lunenburg, VA",2019,33123.0
51111,"Lunenburg, VA",2020,36443.0
51111,"Lunenburg, VA",2021,39597.0
51111,"Lunenburg, VA",2022,39328.0
51111,"Lunenburg, VA",2023,41448.0
51111,"Lunenburg, VA",2024,42935.0
51113,"Madison, VA",2019,47693.0
51113,"Madison, VA",2020,51066.0
51113,"Madison, VA",2021,55880.0
51113,"Madison, VA",2022,57118.0
51113,"Madison, VA",2023,60435.0
51113,"Madison, VA",2024,63787.0
51115,"Mathews, VA",2019,58865.0
51115,"Mathews, VA",2020,61747.0
51115,"Mathews, VA",2021,66033.0
51115,"Mathews, VA",2022,68291.0
51115,"Mathews, VA",2023,73387.0
51115,"Mathews, VA",2024,76569.0
51117,"Mecklenburg, VA",2019,37758.0
51117,"Mecklenburg, VA",2020,41494.0
51117,"Mecklenburg, VA",2021,46473.0
51117,"Mecklenburg, VA",2022,46675.0
51117,"Mecklenburg, VA",2023,49304.0
51117,"Mecklenburg, VA",2024,51880.0
51119,"Middlesex, VA",2019,54632.0
51119,"Middlesex, VA",2020,57281.0
51119,"Middlesex, VA",2021,60932.0
51119,"Middlesex, VA",2022,62216.0
51119,"Middlesex, VA",2023,67494.0
51119,"Middlesex, VA",2024,70772.0
51125,"Nelson, VA",2019,53191.0
51125,"Nelson, VA",2020,57691.0
51125,"Nelson, VA",2021,63126.0
51125,"Nelson, VA",2022,63841.0
51125,"Nelson, VA",2023,68750.0
51125,"Nelson, VA",2024,71776.0
51127,"New Kent, VA",2019,81720.0
51127,"New Kent, VA",2020,85751.0
51127,"New Kent, VA",2021,96838.0
51127,"New Kent, VA",2022,115233.0
51127,"New Kent, VA",2023,122272.0
51127,"New Kent, VA",2024,128544.0
51131,"Northampton, VA",2019,53878.0
51131,"Northampton, VA",2020,59152.0
51131,"Northampton, VA",2021,68158.0
51131,"Northampton, VA",2022,66139.0
51131,"Northampton, VA",2023,67602.0
51131,"Northampton, VA",2024,70479.0
51133,"Northumberland, VA",2019,53674.0
51133,"Northumberland, VA",2020,57032.0
51133,"Northumberland, VA",2021,60620.0
51133,"Northumberland, VA",2022,61493.0
51133,"Northumberland, VA",2023,66344.0
51133,"Northumberland, VA",2024,69818.0
51135,"Nottoway, VA",2019,34365.0
51135,"Nottoway, VA",2020,37031.0
51135,"Nottoway, VA",2021,42936.0
51135,"Nottoway, VA",2022,45144.0
51135,"Nottoway, VA",2023,46702.0
51135,"Nottoway, VA",2024,47849.0
51137,"Orange, VA",2019,52448.0
51137,"Orange, VA",2020,55626.0
51137,"Orange, VA",2021,59249.0
51137,"Orange, VA",2022,59889.0
51137,"Orange, VA",2023,63963.0
51137,"Orange, VA",2024,66250.0
51139,"Page, VA",2019,39321.0
51139,"Page, VA",2020,41969.0
51139,"Page, VA",2021,46691.0
51139,"Page, VA",2022,49053.0
51139,"Page, VA",2023,50189.0
51139,"Page, VA",2024,52748.0
51141,"Patrick, VA",2019,33416.0
51141,"Patrick, VA",2020,36345.0
51141,"Patrick, VA",2021,39270.0
51141,"Patrick, VA",2022,40750.0
51141,"Patrick, VA",2023,43301.0
51141,"Patrick, VA",2024,45475.0
51145,"Powhatan, VA",2019,60274.0
51145,"Powhatan, VA",2020,62144.0
51145,"Powhatan, VA",2021,65043.0
51145,"Powhatan, VA",2022,68246.0
51145,"Powhatan, VA",2023,72084.0
51145,"Powhatan, VA",2024,75461.0
51147,"Prince Edward, VA",2019,33232.0
51147,"Prince Edward, VA",2020,35824.0
51147,"Prince Edward, VA",2021,39336.0
51147,"Prince Edward, VA",2022,40153.0
51147,"Prince Edward, VA",2023,42312.0
51147,"Prince Edward, VA",2024,43284.0
51155,"Pulaski, VA",2019,39473.0
51155,"Pulaski, VA",2020,43134.0
51155,"Pulaski, VA",2021,46585.0
51155,"Pulaski, VA",2022,48493.0
51155,"Pulaski, VA",2023,51750.0
51155,"Pulaski, VA",2024,53872.0
51157,"Rappahannock, VA",2019,67634.0
51157,"Rappahannock, VA",2020,69947.0
51157,"Rappahannock, VA",2021,77182.0
51157,"Rappahannock, VA",2022,83989.0
51157,"Rappahannock, VA",2023,90476.0
51157,"Rappahannock, VA",2024,95139.0
51159,"Richmond, VA",2019,37406.0
51159,"Richmond, VA",2020,41542.0
51159,"Richmond, VA",2021,43611.0
51159,"Richmond, VA",2022,43096.0
51159,"Richmond, VA",2023,45331.0
51159,"Richmond, VA",2024,47384.0
51167,"Russell, VA",2019,34313.0
51167,"Russell, VA",2020,37097.0
51167,"Russell, VA",2021,39917.0
51167,"Russell, VA",2022,41678.0
51167,"Russell, VA",2023,44196.0
51167,"Russell, VA",2024,45266.0
51169,"Scott, VA",2019,33547.0
51169,"Scott, VA",2020,35975.0
51169,"Scott, VA",2021,39461.0
51169,"Scott, VA",2022,41603.0
51169,"Scott, VA",2023,43837.0
51169,"Scott, VA",2024,45065.0
51171,"Shenandoah, VA",2019,46105.0
51171,"Shenandoah, VA",2020,49328.0
51171,"Shenandoah, VA",2021,54851.0
51171,"Shenandoah, VA",2022,55528.0
51171,"Shenandoah, VA",2023,57604.0
51171,"Shenandoah, VA",2024,59843.0
51173,"Smyth, VA",2019,37224.0
51173,"Smyth, VA",2020,40229.0
51173,"Smyth, VA",2021,44324.0
51173,"Smyth, VA",2022,45285.0
51173,"Smyth, VA",2023,48487.0
51173,"Smyth, VA",2024,50617.0
51179,"Stafford, VA",2019,55816.0
51179,"Stafford, VA",2020,58900.0
51179,"Stafford, VA",2021,62859.0
51179,"Stafford, VA",2022,63818.0
51179,"Stafford, VA",2023,67033.0
51179,"Stafford, VA",2024,70313.0
51181,"Surry, VA",2019,42683.0
51181,"Surry, VA",2020,46348.0
51181,"Surry, VA",2021,52708.0
51181,"Surry, VA",2022,53368.0
51181,"Surry, VA",2023,55593.0
51181,"Surry, VA",2024,58212.0
51183,"Sussex, VA",2019,31930.0
51183,"Sussex, VA",2020,34586.0
51183,"Sussex, VA",2021,37938.0
51183,"Sussex, VA",2022,38155.0
51183,"Sussex, VA",2023,39639.0
51183,"Sussex, VA",2024,41032.0
51185,"Tazewell, VA",2019,37621.0
51185,"Tazewell, VA",2020,40320.0
51185,"Tazewell, VA",2021,43257.0
51185,"Tazewell, VA",2022,45644.0
51185,"Tazewell, VA",2023,48978.0
51185,"Tazewell, VA",2024,51592.0
51187,"Warren, VA",2019,47240.0
51187,"Warren, VA",2020,50408.0
51187,"Warren, VA",2021,55175.0
51187,"Warren, VA",2022,55957.0
51187,"Warren, VA",2023,59238.0
51187,"Warren, VA",2024,62100.0
51193,"Westmoreland, VA",2019,44413.0
51193,"Westmoreland, VA",2020,47635.0
51193,"Westmoreland, VA",2021,50354.0
51193,"Westmoreland, VA",2022,50727.0
51193,"Westmoreland, VA",2023,54506.0
51193,"Westmoreland, VA",2024,56273.0
51197,"Wythe, VA",2019,36142.0
51197,"Wythe, VA",2020,39551.0
51197,"Wythe, VA",2021,43481.0
51197,"Wythe, VA",2022,44919.0
51197,"Wythe, VA",2023,47356.0
51197,"Wythe, VA",2024,49194.0
51510,"Alexandria (Independent City), VA",2019,87786.0
51510,"Alexandria (Independent City), VA",2020,91521.0
51510,"Alexandria (Independent City), VA",2021,104279.0
51510,"Alexandria (Independent City), VA",2022,108556.0
51510,"Alexandria (Independent City), VA",2023,115627.0
51510,"Alexandria (Independent City), VA",2024,120602.0
51550,"Chesapeake (Independent City), VA",2019,49447.0
51550,"Chesapeake (Independent City), VA",2020,53239.0
51550,"Chesapeake (Independent City), VA",2021,57484.0
51550,"Chesapeake (Independent City), VA",2022,58710.0
51550,"Chesapeake (Independent City), VA",2023,62633.0
51550,"Chesapeake (Independent City), VA",2024,65771.0
51650,"Hampton (Independent City), VA",2019,41586.0
51650,"Hampton (Independent City), VA",2020,45493.0
51650,"Hampton (Independent City), VA",2021,48796.0
51650,"Hampton (Independent City), VA",2022,48962.0
51650,"Hampton (Independent City), VA",2023,52424.0
51650,"Hampton (Independent City), VA",2024,54848.0
51700,"Newport News (Independent City), VA",2019,39864.0
51700,"Newport News (Independent City), VA",2020,43671.0
51700,"Newport News (Independent City), VA",2021,47194.0
51700,"Newport News (Independent City), VA",2022,47815.0
51700,"Newport News (Independent City), VA",2023,50862.0
51700,"Newport News (Independent City), VA",2024,53320.0
51710,"Norfolk (Independent City), VA",2019,39716.0
51710,"Norfolk (Independent City), VA",2020,42170.0
51710,"Norfolk (Independent City), VA",2021,47212.0
51710,"Norfolk (Independent City), VA",2022,47988.0
51710,"Norfolk (Independent City), VA",2023,49023.0
51710,"Norfolk (Independent City), VA",2024,51498.0
51740,"Portsmouth (Independent City), VA",2019,39814.0
51740,"Portsmouth (Independent City), VA",2020,43444.0
51740,"Portsmouth (Independent City), VA",2021,46020.0
51740,"Portsmouth (Independent City), VA",2022,46238.0
51740,"Portsmouth (Independent City), VA",2023,48509.0
51740,"Portsmouth (Independent City), VA",2024,50593.0
51760,"Richmond (Independent City), VA",2019,56689.0
51760,"Richmond (Independent City), VA",2020,62644.0
51760,"Richmond (Independent City), VA",2021,69384.0
51760,"Richmond (Independent City), VA",2022,72510.0
51760,"Richmond (Independent City), VA",2023,76702.0
51760,"Richmond (Independent City), VA",2024,80007.0
51770,"Roanoke (Independent City), VA",2019,41768.0
51770,"Roanoke (Independent City), VA",2020,45852.0
51770,"Roanoke (Independent City), VA",2021,50265.0
51770,"Roanoke (Independent City), VA",2022,52651.0
51770,"Roanoke (Independent City), VA",2023,56184.0
51770,"Roanoke (Independent City), VA",2024,59053.0
51800,"Suffolk (Independent City), VA",2019,51562.0
51800,"Suffolk (Independent City), VA",2020,54799.0
51800,"Suffolk (Independent City), VA",2021,59750.0
51800,"Suffolk (Independent City), VA",2022,61380.0
51800,"Suffolk (Independent City), VA",2023,64600.0
51800,"Suffolk (Independent City), VA",2024,67250.0
51810,"Virginia Beach (Independent City), VA",2019,56316.0
51810,"Virginia Beach (Independent City), VA",2020,59477.0
51810,"Virginia Beach (Independent City), VA",2021,64853.0
51810,"Virginia Beach (Independent City), VA",2022,67721.0
51810,"Virginia Beach (Independent City), VA",2023,72733.0
51810,"Virginia Beach (Independent City), VA",2024,76347.0
51901,"Albemarle + Charlottesville, VA*",2019,75651.0
51901,"Albemarle + Charlottesville, VA*",2020,75950.0
51901,"Albemarle + Charlottesville, VA*",2021,88988.0
51901,"Albemarle + Charlottesville, VA*",2022,95588.0
51901,"Albemarle + Charlottesville, VA*",2023,104898.0
51901,"Albemarle + Charlottesville, VA*",2024,110137.0
51903,"Alleghany + Covington, VA*",2019,38886.0
51903,"Alleghany + Covington, VA*",2020,41881.0
51903,"Alleghany + Covington, VA*",2021,45177.0
51903,"Alleghany + Covington, VA*",2022,46336.0
51903,"Alleghany + Covington, VA*",2023,48637.0
51903,"Alleghany + Covington, VA*",2024,50058.0
51907,"Augusta, Staunton + Waynesboro, VA*",2019,44722.0
51907,"Augusta, Staunton + Waynesboro, VA*",2020,48112.0
51907,"Augusta, Staunton + Waynesboro, VA*",2021,51726.0
51907,"Augusta, Staunton + Waynesboro, VA*",2022,53712.0
51907,"Augusta, Staunton + Waynesboro, VA*",2023,56234.0
51907,"Augusta, Staunton + Waynesboro, VA*",2024,58462.0
51911,"Campbell + Lynchburg, VA*",2019,38047.0
51911,"Campbell + Lynchburg, VA*",2020,41622.0
51911,"Campbell + Lynchburg, VA*",2021,45118.0
51911,"Campbell + Lynchburg, VA*",2022,46141.0
51911,"Campbell + Lynchburg, VA*",2023,49013.0
51911,"Campbell + Lynchburg, VA*",2024,50729.0
51913,"Carroll + Galax, VA*",2019,36426.0
51913,"Carroll + Galax, VA*",2020,40347.0
51913,"Carroll + Galax, VA*",2021,43526.0
51913,"Carroll + Galax, VA*",2022,45391.0
51913,"Carroll + Galax, VA*",2023,48084.0
51913,"Carroll + Galax, VA*",2024,50643.0
51918,"Dinwiddie, Colonial Heights + Petersburg, VA*",2019,39026.0
51918,"Dinwiddie, Colonial Heights + Petersburg, VA*",2020,43341.0
51918,"Dinwiddie, Colonial Heights + Petersburg, VA*",2021,46245.0
51918,"Dinwiddie, Colonial Heights + Petersburg, VA*",2022,47068.0
51918,"Dinwiddie, Colonial Heights + Petersburg, VA*",2023,49898.0
51918,"Dinwiddie, Colonial Heights + Petersburg, VA*",2024,51488.0
51919,"Fairfax, Fairfax City + Falls Church, VA*",2019,85521.0
51919,"Fairfax, Fairfax City + Falls Church, VA*",2020,87943.0
51919,"Fairfax, Fairfax City + Falls Church, VA*",2021,97698.0
51919,"Fairfax, Fairfax City + Falls Church, VA*",2022,102447.0
51919,"Fairfax, Fairfax City + Falls Church, VA*",2023,109471.0
51919,"Fairfax, Fairfax City + Falls Church, VA*",2024,114330.0
51921,"Frederick + Winchester, VA*",2019,51937.0
51921,"Frederick + Winchester, VA*",2020,54933.0
51921,"Frederick + Winchester, VA*",2021,60442.0
51921,"Frederick + Winchester, VA*",2022,61221.0
51921,"Frederick + Winchester, VA*",2023,64233.0
51921,"Frederick + Winchester, VA*",2024,67354.0
51923,"Greensville + Emporia, VA*",2019,31397.0
51923,"Greensville + Emporia, VA*",2020,35072.0
51923,"Greensville + Emporia, VA*",2021,39144.0
51923,"Greensville + Emporia, VA*",2022,40032.0
51923,"Greensville + Emporia, VA*",2023,42256.0
51923,"Greensville + Emporia, VA*",2024,43896.0
51929,"Henry + Martinsville, VA*",2019,38370.0
51929,"Henry + Martinsville, VA*",2020,41885.0
51929,"Henry + Martinsville, VA*",2021,45810.0
51929,"Henry + Martinsville, VA*",2022,47021.0
51929,"Henry + Martinsville, VA*",2023,49666.0
51929,"Henry + Martinsville, VA*",2024,51414.0
51931,"James City + Williamsburg, VA*",2019,63896.0
51931,"James City + Williamsburg, VA*",2020,67529.0
51931,"James City + Williamsburg, VA*",2021,73815.0
51931,"James City + Williamsburg, VA*",2022,75579.0
51931,"James City + Williamsburg, VA*",2023,80283.0
51931,"James City + Williamsburg, VA*",2024,84453.0
51933,"Montgomery + Radford, VA*",2019,37862.0
51933,"Montgomery + Radford, VA*",2020,40016.0
51933,"Montgomery + Radford, VA*",2021,43862.0
51933,"Montgomery + Radford, VA*",2022,45983.0
51933,"Montgomery + Radford, VA*",2023,49707.0
51933,"Montgomery + Radford, VA*",2024,51943.0
51939,"Pittsylvania + Danville, VA*",2019,37218.0
51939,"Pittsylvania + Danville, VA*",2020,40631.0
51939,"Pittsylvania + Danville, VA*",2021,44227.0
51939,"Pittsylvania + Danville, VA*",2022,45618.0
51939,"Pittsylvania + Danville, VA*",2023,48453.0
51939,"Pittsylvania + Danville, VA*",2024,50485.0
51941,"Prince George + Hopewell, VA*",2019,35179.0
51941,"Prince George + Hopewell, VA*",2020,38005.0
51941,"Prince George + Hopewell, VA*",2021,39746.0
51941,"Prince George + Hopewell, VA*",2022,40458.0
51941,"Prince George + Hopewell, VA*",2023,42720.0
51941,"Prince George + Hopewell, VA*",2024,44445.0
51942,"Prince William, Manassas + Manassas Park, VA*",2019,55284.0
51942,"Prince William, Manassas + Manassas Park, VA*",2020,58465.0
51942,"Prince William, Manassas + Manassas Park, VA*",2021,62231.0
51942,"Prince William, Manassas + Manassas Park, VA*",2022,64363.0
51942,"Prince William, Manassas + Manassas Park, VA*",2023,67636.0
51942,"Prince William, Manassas + Manassas Park, VA*",2024,70956.0
51944,"Roanoke + Salem, VA*",2019,50540.0
51944,"Roanoke + Salem, VA*",2020,53398.0
51944,"Roanoke + Salem, VA*",2021,57372.0
51944,"Roanoke + Salem, VA*",2022,59516.0
51944,"Roanoke + Salem, VA*",2023,63343.0
51944,"Roanoke + Salem, VA*",2024,66590.0
51945,"Rockbridge, Buena Vista + Lexington, VA*",2019,40738.0
51945,"Rockbridge, Buena Vista + Lexington, VA*",2020,43662.0
51945,"Rockbridge, Buena Vista + Lexington, VA*",2021,48075.0
51945,"Rockbridge, Buena Vista + Lexington, VA*",2022,47878.0
51945,"Rockbridge, Buena Vista + Lexington, VA*",2023,52242.0
51945,"Rockbridge, Buena Vista + Lexington, VA*",2024,54881.0
51947,"Rockingham + Harrisonburg, VA*",2019,40517.0
51947,"Rockingham + Harrisonburg, VA*",2020,42832.0
51947,"Rockingham + Harrisonburg, VA*",2021,48447.0
51947,"Rockingham + Harrisonburg, VA*",2022,51008.0
51947,"Rockingham + Harrisonburg, VA*",2023,51497.0
51947,"Rockingham + Harrisonburg, VA*",2024,53670.0
51949,"Southampton + Franklin, VA*",2019,41977.0
51949,"Southampton + Franklin, VA*",2020,45585.0
51949,"Southampton + Franklin, VA*",2021,49660.0
51949,"Southampton + Franklin, VA*",2022,50536.0
51949,"Southampton + Franklin, VA*",2023,52639.0
51949,"Southampton + Franklin, VA*",2024,53653.0
51951,"Spotsylvania + Fredericksburg, VA*",2019,52042.0
51951,"Spotsylvania + Fredericksburg, VA*",2020,55712.0
51951,"Spotsylvania + Fredericksburg, VA*",2021,60838.0
51951,"Spotsylvania + Fredericksburg, VA*",2022,61378.0
51951,"Spotsylvania + Fredericksburg, VA*",2023,64721.0
51951,"Spotsylvania + Fredericksburg, VA*",2024,67935.0
51953,"Washington + Bristol, VA*",2019,40169.0
51953,"Washington + Bristol, VA*",2020,43076.0
51953,"Washington + Bristol, VA*",2021,47104.0
51953,"Washington + Bristol, VA*",2022,48525.0
51953,"Washington + Bristol, VA*",2023,51743.0
51953,"Washington + Bristol, VA*",2024,54297.0
51955,"Wise + Norton, VA*",2019,33755.0
51955,"Wise + Norton, VA*",2020,37142.0
51955,"Wise + Norton, VA*",2021,40882.0
51955,"Wise + Norton, VA*",2022,42244.0
51955,"Wise + Norton, VA*",2023,44754.0
51955,"Wise + Norton, VA*",2024,45976.0
51958,"York + Poquoson, VA*",2019,59052.0
51958,"York + Poquoson, VA*",2020,61227.0
51958,"York + Poquoson, VA*",2021,66356.0
51958,"York + Poquoson, VA*",2022,68183.0
51958,"York + Poquoson, VA*",2023,72516.0
51958,"York + Poquoson, VA*",2024,76155.0
53001,"Adams, WA",2019,39576.0
53001,"Adams, WA",2020,43026.0
53001,"Adams, WA",2021,48967.0
53001,"Adams, WA",2022,51773.0
53001,"Adams, WA",2023,54396.0
53001,"Adams, WA",2024,56262.0
53003,"Asotin, WA",2019,47197.0
53003,"Asotin, WA",2020,50046.0
53003,"Asotin, WA",2021,53632.0
53003,"Asotin, WA",2022,53953.0
53003,"Asotin, WA",2023,57257.0
53003,"Asotin, WA",2024,60675.0
53005,"Benton, WA",2019,47993.0
53005,"Benton, WA",2020,51048.0
53005,"Benton, WA",2021,54753.0
53005,"Benton, WA",2022,54507.0
53005,"Benton, WA",2023,57538.0
53005,"Benton, WA",2024,59950.0
53007,"Chelan, WA",2019,53594.0
53007,"Chelan, WA",2020,58323.0
53007,"Chelan, WA",2021,62362.0
53007,"Chelan, WA",2022,64246.0
53007,"Chelan, WA",2023,69899.0
53007,"Chelan, WA",2024,72749.0
53009,"Clallam, WA",2019,47409.0
53009,"Clallam, WA",2020,50738.0
53009,"Clallam, WA",2021,54501.0
53009,"Clallam, WA",2022,55781.0
53009,"Clallam, WA",2023,59857.0
53009,"Clallam, WA",2024,63495.0
53011,"Clark, WA",2019,54913.0
53011,"Clark, WA",2020,57344.0
53011,"Clark, WA",2021,63810.0
53011,"Clark, WA",2022,65697.0
53011,"Clark, WA",2023,68806.0
53011,"Clark, WA",2024,72024.0
53013,"Columbia, WA",2019,52763.0
53013,"Columbia, WA",2020,57386.0
53013,"Columbia, WA",2021,61702.0
53013,"Columbia, WA",2022,60187.0
53013,"Columbia, WA",2023,61990.0
53013,"Columbia, WA",2024,63677.0
53015,"Cowlitz, WA",2019,45852.0
53015,"Cowlitz, WA",2020,49725.0
53015,"Cowlitz, WA",2021,54204.0
53015,"Cowlitz, WA",2022,55226.0
53015,"Cowlitz, WA",2023,57373.0
53015,"Cowlitz, WA",2024,59669.0
53017,"Douglas, WA",2019,41643.0
53017,"Douglas, WA",2020,45701.0
53017,"Douglas, WA",2021,49664.0
53017,"Douglas, WA",2022,49773.0
53017,"Douglas, WA",2023,52308.0
53017,"Douglas, WA",2024,53994.0
53019,"Ferry, WA",2019,38418.0
53019,"Ferry, WA",2020,43376.0
53019,"Ferry, WA",2021,46633.0
53019,"Ferry, WA",2022,44975.0
53019,"Ferry, WA",2023,47290.0
53019,"Ferry, WA",2024,50456.0
53021,"Franklin, WA",2019,39157.0
53021,"Franklin, WA",2020,42534.0
53021,"Franklin, WA",2021,47080.0
53021,"Franklin, WA",2022,46794.0
53021,"Franklin, WA",2023,48822.0
53021,"Franklin, WA",2024,50535.0
53023,"Garfield, WA",2019,49096.0
53023,"Garfield, WA",2020,56725.0
53023,"Garfield, WA",2021,57002.0
53023,"Garfield, WA",2022,59290.0
53023,"Garfield, WA",2023,56696.0
53023,"Garfield, WA",2024,56298.0
53025,"Grant, WA",2019,40654.0
53025,"Grant, WA",2020,46148.0
53025,"Grant, WA",2021,49191.0
53025,"Grant, WA",2022,49434.0
53025,"Grant, WA",2023,50292.0
53025,"Grant, WA",2024,52210.0
53027,"Grays Harbor, WA",2019,40470.0
53027,"Grays Harbor, WA",2020,43613.0
53027,"Grays Harbor, WA",2021,47072.0
53027,"Grays Harbor, WA",2022,46977.0
53027,"Grays Harbor, WA",2023,50155.0
53027,"Grays Harbor, WA",2024,53029.0
53029,"Island, WA",2019,55839.0
53029,"Island, WA",2020,59402.0
53029,"Island, WA",2021,63601.0
53029,"Island, WA",2022,65520.0
53029,"Island, WA",2023,70195.0
53029,"Island, WA",2024,74079.0
53031,"Jefferson, WA",2019,53687.0
53031,"Jefferson, WA",2020,56479.0
53031,"Jefferson, WA",2021,60978.0
53031,"Jefferson, WA",2022,63918.0
53031,"Jefferson, WA",2023,68637.0
53031,"Jefferson, WA",2024,72897.0
53033,"King, WA",2019,93612.0
53033,"King, WA",2020,98839.0
53033,"King, WA",2021,110511.0
53033,"King, WA",2022,114289.0
53033,"King, WA",2023,122667.0
53033,"King, WA",2024,128684.0
53035,"Kitsap, WA",2019,57692.0
53035,"Kitsap, WA",2020,62359.0
53035,"Kitsap, WA",2021,66640.0
53035,"Kitsap, WA",2022,68702.0
53035,"Kitsap, WA",2023,73560.0
53035,"Kitsap, WA",2024,77564.0
53037,"Kittitas, WA",2019,46610.0
53037,"Kittitas, WA",2020,48499.0
53037,"Kittitas, WA",2021,53920.0
53037,"Kittitas, WA",2022,53545.0
53037,"Kittitas, WA",2023,57006.0
53037,"Kittitas, WA",2024,59577.0
53039,"Klickitat, WA",2019,49475.0
53039,"Klickitat, WA",2020,51658.0
53039,"Klickitat, WA",2021,54167.0
53039,"Klickitat, WA",2022,55144.0
53039,"Klickitat, WA",2023,57947.0
53039,"Klickitat, WA",2024,60242.0
53041,"Lewis, WA",2019,44592.0
53041,"Lewis, WA",2020,48942.0
53041,"Lewis, WA",2021,51732.0
53041,"Lewis, WA",2022,56424.0
53041,"Lewis, WA",2023,55936.0
53041,"Lewis, WA",2024,58706.0
53043,"Lincoln, WA",2019,45519.0
53043,"Lincoln, WA",2020,51543.0
53043,"Lincoln, WA",2021,53263.0
53043,"Lincoln, WA",2022,50832.0
53043,"Lincoln, WA",2023,52147.0
53043,"Lincoln, WA",2024,55034.0
53045,"Mason, WA",2019,44755.0
53045,"Mason, WA",2020,47769.0
53045,"Mason, WA",2021,51359.0
53045,"Mason, WA",2022,50811.0
53045,"Mason, WA",2023,54136.0
53045,"Mason, WA",2024,57184.0
53047,"Okanogan, WA",2019,42182.0
53047,"Okanogan, WA",2020,46965.0
53047,"Okanogan, WA",2021,50644.0
53047,"Okanogan, WA",2022,50158.0
53047,"Okanogan, WA",2023,52388.0
53047,"Okanogan, WA",2024,54775.0
53049,"Pacific, WA",2019,40854.0
53049,"Pacific, WA",2020,43750.0
53049,"Pacific, WA",2021,46971.0
53049,"Pacific, WA",2022,47155.0
53049,"Pacific, WA",2023,49860.0
53049,"Pacific, WA",2024,52507.0
53051,"Pend Oreille, WA",2019,44009.0
53051,"Pend Oreille, WA",2020,46611.0
53051,"Pend Oreille, WA",2021,49684.0
53051,"Pend Oreille, WA",2022,49595.0
53051,"Pend Oreille, WA",2023,52132.0
53051,"Pend Oreille, WA",2024,55156.0
53053,"Pierce, WA",2019,51951.0
53053,"Pierce, WA",2020,56318.0
53053,"Pierce, WA",2021,59434.0
53053,"Pierce, WA",2022,61101.0
53053,"Pierce, WA",2023,65066.0
53053,"Pierce, WA",2024,68414.0
53055,"San Juan, WA",2019,78114.0
53055,"San Juan, WA",2020,81287.0
53055,"San Juan, WA",2021,85225.0
53055,"San Juan, WA",2022,86637.0
53055,"San Juan, WA",2023,95292.0
53055,"San Juan, WA",2024,99983.0
53057,"Skagit, WA",2019,54067.0
53057,"Skagit, WA",2020,58475.0
53057,"Skagit, WA",2021,62153.0
53057,"Skagit, WA",2022,63349.0
53057,"Skagit, WA",2023,67524.0
53057,"Skagit, WA",2024,71399.0
53059,"Skamania, WA",2019,49903.0
53059,"Skamania, WA",2020,54468.0
53059,"Skamania, WA",2021,61944.0
53059,"Skamania, WA",2022,63206.0
53059,"Skamania, WA",2023,65893.0
53059,"Skamania, WA",2024,69396.0
53061,"Snohomish, WA",2019,58331.0
53061,"Snohomish, WA",2020,63006.0
53061,"Snohomish, WA",2021,67656.0
53061,"Snohomish, WA",2022,70120.0
53061,"Snohomish, WA",2023,74659.0
53061,"Snohomish, WA",2024,78447.0
53063,"Spokane, WA",2019,45639.0
53063,"Spokane, WA",2020,49199.0
53063,"Spokane, WA",2021,54402.0
53063,"Spokane, WA",2022,55498.0
53063,"Spokane, WA",2023,58920.0
53063,"Spokane, WA",2024,61810.0
53065,"Stevens, WA",2019,39843.0
53065,"Stevens, WA",2020,42788.0
53065,"Stevens, WA",2021,47138.0
53065,"Stevens, WA",2022,46790.0
53065,"Stevens, WA",2023,49244.0
53065,"Stevens, WA",2024,52086.0
53067,"Thurston, WA",2019,51833.0
53067,"Thurston, WA",2020,55452.0
53067,"Thurston, WA",2021,58797.0
53067,"Thurston, WA",2022,61507.0
53067,"Thurston, WA",2023,65586.0
53067,"Thurston, WA",2024,69277.0
53069,"Wahkiakum, WA",2019,45546.0
53069,"Wahkiakum, WA",2020,47797.0
53069,"Wahkiakum, WA",2021,50879.0
53069,"Wahkiakum, WA",2022,50670.0
53069,"Wahkiakum, WA",2023,52573.0
53069,"Wahkiakum, WA",2024,54216.0
53071,"Walla Walla, WA",2019,45971.0
53071,"Walla Walla, WA",2020,49951.0
53071,"Walla Walla, WA",2021,54885.0
53071,"Walla Walla, WA",2022,54894.0
53071,"Walla Walla, WA",2023,56666.0
53071,"Walla Walla, WA",2024,58985.0
53073,"Whatcom, WA",2019,51191.0
53073,"Whatcom, WA",2020,53957.0
53073,"Whatcom, WA",2021,58338.0
53073,"Whatcom, WA",2022,59187.0
53073,"Whatcom, WA",2023,62913.0
53073,"Whatcom, WA",2024,65622.0
53075,"Whitman, WA",2019,40481.0
53075,"Whitman, WA",2020,43864.0
53075,"Whitman, WA",2021,51510.0
53075,"Whitman, WA",2022,47237.0
53075,"Whitman, WA",2023,49038.0
53075,"Whitman, WA",2024,51136.0
53077,"Yakima, WA",2019,42775.0
53077,"Yakima, WA",2020,46424.0
53077,"Yakima, WA",2021,50009.0
53077,"Yakima, WA",2022,49840.0
53077,"Yakima, WA",2023,52686.0
53077,"Yakima, WA",2024,54713.0
54001,"Barbour, WV",2019,35654.0
54001,"Barbour, WV",2020,38173.0
54001,"Barbour, WV",2021,41139.0
54001,"Barbour, WV",2022,41471.0
54001,"Barbour, WV",2023,42850.0
54001,"Barbour, WV",2024,44716.0
54003,"Berkeley, WV",2019,43977.0
54003,"Berkeley, WV",2020,46991.0
54003,"Berkeley, WV",2021,51209.0
54003,"Berkeley, WV",2022,51455.0
54003,"Berkeley, WV",2023,54106.0
54003,"Berkeley, WV",2024,57203.0
54005,"Boone, WV",2019,35329.0
54005,"Boone, WV",2020,38400.0
54005,"Boone, WV",2021,41481.0
54005,"Boone, WV",2022,41797.0
54005,"Boone, WV",2023,44861.0
54005,"Boone, WV",2024,46550.0
54007,"Braxton, WV",2019,35945.0
54007,"Braxton, WV",2020,39222.0
54007,"Braxton, WV",2021,40757.0
54007,"Braxton, WV",2022,40538.0
54007,"Braxton, WV",2023,42883.0
54007,"Braxton, WV",2024,44745.0
54009,"Brooke, WV",2019,41795.0
54009,"Brooke, WV",2020,44746.0
54009,"Brooke, WV",2021,49555.0
54009,"Brooke, WV",2022,50842.0
54009,"Brooke, WV",2023,52499.0
54009,"Brooke, WV",2024,55439.0
54011,"Cabell, WV",2019,43209.0
54011,"Cabell, WV",2020,45840.0
54011,"Cabell, WV",2021,49504.0
54011,"Cabell, WV",2022,50998.0
54011,"Cabell, WV",2023,54316.0
54011,"Cabell, WV",2024,56843.0
54013,"Calhoun, WV",2019,34697.0
54013,"Calhoun, WV",2020,38926.0
54013,"Calhoun, WV",2021,41878.0
54013,"Calhoun, WV",2022,41526.0
54013,"Calhoun, WV",2023,44877.0
54013,"Calhoun, WV",2024,46017.0
54015,"Clay, WV",2019,34106.0
54015,"Clay, WV",2020,36824.0
54015,"Clay, WV",2021,39174.0
54015,"Clay, WV",2022,39200.0
54015,"Clay, WV",2023,41629.0
54015,"Clay, WV",2024,44287.0
54017,"Doddridge, WV",2019,33216.0
54017,"Doddridge, WV",2020,34014.0
54017,"Doddridge, WV",2021,37365.0
54017,"Doddridge, WV",2022,39297.0
54017,"Doddridge, WV",2023,40668.0
54017,"Doddridge, WV",2024,41982.0
54019,"Fayette, WV",2019,38271.0
54019,"Fayette, WV",2020,40358.0
54019,"Fayette, WV",2021,44292.0
54019,"Fayette, WV",2022,45201.0
54019,"Fayette, WV",2023,48253.0
54019,"Fayette, WV",2024,50745.0
54021,"Gilmer, WV",2019,31628.0
54021,"Gilmer, WV",2020,33019.0
54021,"Gilmer, WV",2021,36343.0
54021,"Gilmer, WV",2022,36665.0
54021,"Gilmer, WV",2023,38394.0
54021,"Gilmer, WV",2024,41468.0
54023,"Grant, WV",2019,39017.0
54023,"Grant, WV",2020,42093.0
54023,"Grant, WV",2021,46237.0
54023,"Grant, WV",2022,47851.0
54023,"Grant, WV",2023,48290.0
54023,"Grant, WV",2024,49816.0
54025,"Greenbrier, WV",2019,41496.0
54025,"Greenbrier, WV",2020,43813.0
54025,"Greenbrier, WV",2021,46710.0
54025,"Greenbrier, WV",2022,47325.0
54025,"Greenbrier, WV",2023,50468.0
54025,"Greenbrier, WV",2024,51940.0
54027,"Hampshire, WV",2019,38197.0
54027,"Hampshire, WV",2020,41200.0
54027,"Hampshire, WV",2021,45257.0
54027,"Hampshire, WV",2022,45010.0
54027,"Hampshire, WV",2023,46580.0
54027,"Hampshire, WV",2024,48814.0
54029,"Hancock, WV",2019,43125.0
54029,"Hancock, WV",2020,45917.0
54029,"Hancock, WV",2021,50185.0
54029,"Hancock, WV",2022,51261.0
54029,"Hancock, WV",2023,53765.0
54029,"Hancock, WV",2024,56263.0
54031,"Hardy, WV",2019,34027.0
54031,"Hardy, WV",2020,35644.0
54031,"Hardy, WV",2021,40468.0
54031,"Hardy, WV",2022,45433.0
54031,"Hardy, WV",2023,43495.0
54031,"Hardy, WV",2024,47234.0
54033,"Harrison, WV",2019,51165.0
54033,"Harrison, WV",2020,52692.0
54033,"Harrison, WV",2021,57294.0
54033,"Harrison, WV",2022,59948.0
54033,"Harrison, WV",2023,63510.0
54033,"Harrison, WV",2024,65896.0
54035,"Jackson, WV",2019,39829.0
54035,"Jackson, WV",2020,42579.0
54035,"Jackson, WV",2021,44958.0
54035,"Jackson, WV",2022,46252.0
54035,"Jackson, WV",2023,48915.0
54035,"Jackson, WV",2024,50906.0
54037,"Jefferson, WV",2019,52904.0
54037,"Jefferson, WV",2020,56020.0
54037,"Jefferson, WV",2021,61168.0
54037,"Jefferson, WV",2022,62828.0
54037,"Jefferson, WV",2023,66662.0
54037,"Jefferson, WV",2024,70542.0
54039,"Kanawha, WV",2019,48657.0
54039,"Kanawha, WV",2020,51281.0
54039,"Kanawha, WV",2021,55480.0
54039,"Kanawha, WV",2022,57834.0
54039,"Kanawha, WV",2023,60979.0
54039,"Kanawha, WV",2024,63654.0
54041,"Lewis, WV",2019,40111.0
54041,"Lewis, WV",2020,40705.0
54041,"Lewis, WV",2021,43528.0
54041,"Lewis, WV",2022,44125.0
54041,"Lewis, WV",2023,46133.0
54041,"Lewis, WV",2024,48756.0
54043,"Lincoln, WV",2019,31823.0
54043,"Lincoln, WV",2020,34332.0
54043,"Lincoln, WV",2021,36912.0
54043,"Lincoln, WV",2022,36862.0
54043,"Lincoln, WV",2023,39467.0
54043,"Lincoln, WV",2024,40995.0
54045,"Logan, WV",2019,37252.0
54045,"Logan, WV",2020,39993.0
54045,"Logan, WV",2021,42438.0
54045,"Logan, WV",2022,44741.0
54045,"Logan, WV",2023,47522.0
54045,"Logan, WV",2024,49013.0
54047,"McDowell, WV",2019,29184.0
54047,"McDowell, WV",2020,30938.0
54047,"McDowell, WV",2021,34060.0
54047,"McDowell, WV",2022,34672.0
54047,"McDowell, WV",2023,36880.0
54047,"McDowell, WV",2024,38563.0
54049,"Marion, WV",2019,42955.0
54049,"Marion, WV",2020,45520.0
54049,"Marion, WV",2021,48721.0
54049,"Marion, WV",2022,49953.0
54049,"Marion, WV",2023,51853.0
54049,"Marion, WV",2024,53855.0
54051,"Marshall, WV",2019,41935.0
54051,"Marshall, WV",2020,42428.0
54051,"Marshall, WV",2021,46953.0
54051,"Marshall, WV",2022,50128.0
54051,"Marshall, WV",2023,51416.0
54051,"Marshall, WV",2024,53299.0
54053,"Mason, WV",2019,36048.0
54053,"Mason, WV",2020,38774.0
54053,"Mason, WV",2021,42122.0
54053,"Mason, WV",2022,41727.0
54053,"Mason, WV",2023,44420.0
54053,"Mason, WV",2024,47843.0
54055,"Mercer, WV",2019,38138.0
54055,"Mercer, WV",2020,41276.0
54055,"Mercer, WV",2021,44901.0
54055,"Mercer, WV",2022,45424.0
54055,"Mercer, WV",2023,48452.0
54055,"Mercer, WV",2024,50206.0
54057,"Mineral, WV",2019,42792.0
54057,"Mineral, WV",2020,46359.0
54057,"Mineral, WV",2021,50371.0
54057,"Mineral, WV",2022,47727.0
54057,"Mineral, WV",2023,49795.0
54057,"Mineral, WV",2024,53207.0
54059,"Mingo, WV",2019,32994.0
54059,"Mingo, WV",2020,33885.0
54059,"Mingo, WV",2021,36796.0
54059,"Mingo, WV",2022,38389.0
54059,"Mingo, WV",2023,41131.0
54059,"Mingo, WV",2024,43445.0
54061,"Monongalia, WV",2019,47352.0
54061,"Monongalia, WV",2020,49288.0
54061,"Monongalia, WV",2021,53388.0
54061,"Monongalia, WV",2022,55543.0
54061,"Monongalia, WV",2023,58800.0
54061,"Monongalia, WV",2024,60600.0
54063,"Monroe, WV",2019,35048.0
54063,"Monroe, WV",2020,37855.0
54063,"Monroe, WV",2021,40722.0
54063,"Monroe, WV",2022,40424.0
54063,"Monroe, WV",2023,42820.0
54063,"Monroe, WV",2024,44579.0
54065,"Morgan, WV",2019,38719.0
54065,"Morgan, WV",2020,41548.0
54065,"Morgan, WV",2021,45329.0
54065,"Morgan, WV",2022,43908.0
54065,"Morgan, WV",2023,46774.0
54065,"Morgan, WV",2024,49283.0
54067,"Nicholas, WV",2019,35243.0
54067,"Nicholas, WV",2020,37903.0
54067,"Nicholas, WV",2021,40619.0
54067,"Nicholas, WV",2022,40961.0
54067,"Nicholas, WV",2023,44561.0
54067,"Nicholas, WV",2024,45763.0
54069,"Ohio, WV",2019,59153.0
54069,"Ohio, WV",2020,55980.0
54069,"Ohio, WV",2021,63362.0
54069,"Ohio, WV",2022,64162.0
54069,"Ohio, WV",2023,67571.0
54069,"Ohio, WV",2024,70326.0
54071,"Pendleton, WV",2019,41794.0
54071,"Pendleton, WV",2020,44899.0
54071,"Pendleton, WV",2021,50396.0
54071,"Pendleton, WV",2022,55029.0
54071,"Pendleton, WV",2023,53199.0
54071,"Pendleton, WV",2024,57145.0
54073,"Pleasants, WV",2019,43476.0
54073,"Pleasants, WV",2020,45703.0
54073,"Pleasants, WV",2021,48722.0
54073,"Pleasants, WV",2022,50633.0
54073,"Pleasants, WV",2023,54181.0
54073,"Pleasants, WV",2024,55197.0
54075,"Pocahontas, WV",2019,42666.0
54075,"Pocahontas, WV",2020,48036.0
54075,"Pocahontas, WV",2021,51005.0
54075,"Pocahontas, WV",2022,51445.0
54075,"Pocahontas, WV",2023,54318.0
54075,"Pocahontas, WV",2024,55868.0
54077,"Preston, WV",2019,36947.0
54077,"Preston, WV",2020,39484.0
54077,"Preston, WV",2021,42321.0
54077,"Preston, WV",2022,42312.0
54077,"Preston, WV",2023,44248.0
54077,"Preston, WV",2024,46260.0
54079,"Putnam, WV",2019,47921.0
54079,"Putnam, WV",2020,50021.0
54079,"Putnam, WV",2021,53978.0
54079,"Putnam, WV",2022,54459.0
54079,"Putnam, WV",2023,58052.0
54079,"Putnam, WV",2024,61402.0
54081,"Raleigh, WV",2019,42225.0
54081,"Raleigh, WV",2020,43624.0
54081,"Raleigh, WV",2021,47338.0
54081,"Raleigh, WV",2022,49458.0
54081,"Raleigh, WV",2023,53204.0
54081,"Raleigh, WV",2024,55961.0
54083,"Randolph, WV",2019,39143.0
54083,"Randolph, WV",2020,42292.0
54083,"Randolph, WV",2021,45565.0
54083,"Randolph, WV",2022,45933.0
54083,"Randolph, WV",2023,48692.0
54083,"Randolph, WV",2024,50300.0
54085,"Ritchie, WV",2019,44539.0
54085,"Ritchie, WV",2020,47473.0
54085,"Ritchie, WV",2021,52277.0
54085,"Ritchie, WV",2022,55047.0
54085,"Ritchie, WV",2023,56202.0
54085,"Ritchie, WV",2024,57879.0
54087,"Roane, WV",2019,34363.0
54087,"Roane, WV",2020,37616.0
54087,"Roane, WV",2021,39354.0
54087,"Roane, WV",2022,39503.0
54087,"Roane, WV",2023,41650.0
54087,"Roane, WV",2024,43640.0
54089,"Summers, WV",2019,36705.0
54089,"Summers, WV",2020,39200.0
54089,"Summers, WV",2021,42552.0
54089,"Summers, WV",2022,43652.0
54089,"Summers, WV",2023,46368.0
54089,"Summers, WV",2024,46401.0
54091,"Taylor, WV",2019,42511.0
54091,"Taylor, WV",2020,44101.0
54091,"Taylor, WV",2021,48567.0
54091,"Taylor, WV",2022,49638.0
54091,"Taylor, WV",2023,52663.0
54091,"Taylor, WV",2024,54335.0
54093,"Tucker, WV",2019,44072.0
54093,"Tucker, WV",2020,47719.0
54093,"Tucker, WV",2021,52850.0
54093,"Tucker, WV",2022,55319.0
54093,"Tucker, WV",2023,59250.0
54093,"Tucker, WV",2024,62559.0
54095,"Tyler, WV",2019,41874.0
54095,"Tyler, WV",2020,42989.0
54095,"Tyler, WV",2021,51711.0
54095,"Tyler, WV",2022,61150.0
54095,"Tyler, WV",2023,60852.0
54095,"Tyler, WV",2024,63194.0
54097,"Upshur, WV",2019,36069.0
54097,"Upshur, WV",2020,38239.0
54097,"Upshur, WV",2021,41082.0
54097,"Upshur, WV",2022,42159.0
54097,"Upshur, WV",2023,46034.0
54097,"Upshur, WV",2024,48437.0
54099,"Wayne, WV",2019,35699.0
54099,"Wayne, WV",2020,37898.0
54099,"Wayne, WV",2021,41040.0
54099,"Wayne, WV",2022,42171.0
54099,"Wayne, WV",2023,44689.0
54099,"Wayne, WV",2024,47014.0
54101,"Webster, WV",2019,29243.0
54101,"Webster, WV",2020,33057.0
54101,"Webster, WV",2021,34819.0
54101,"Webster, WV",2022,32937.0
54101,"Webster, WV",2023,34842.0
54101,"Webster, WV",2024,35039.0
54103,"Wetzel, WV",2019,37949.0
54103,"Wetzel, WV",2020,39663.0
54103,"Wetzel, WV",2021,43826.0
54103,"Wetzel, WV",2022,46441.0
54103,"Wetzel, WV",2023,47405.0
54103,"Wetzel, WV",2024,49748.0
54105,"Wirt, WV",2019,35196.0
54105,"Wirt, WV",2020,37777.0
54105,"Wirt, WV",2021,41941.0
54105,"Wirt, WV",2022,41225.0
54105,"Wirt, WV",2023,44856.0
54105,"Wirt, WV",2024,46669.0
54107,"Wood, WV",2019,46536.0
54107,"Wood, WV",2020,48137.0
54107,"Wood, WV",2021,55203.0
54107,"Wood, WV",2022,56142.0
54107,"Wood, WV",2023,58862.0
54107,"Wood, WV",2024,60570.0
54109,"Wyoming, WV",2019,29551.0
54109,"Wyoming, WV",2020,31840.0
54109,"Wyoming, WV",2021,34537.0
54109,"Wyoming, WV",2022,36415.0
54109,"Wyoming, WV",2023,38591.0
54109,"Wyoming, WV",2024,40314.0
55001,"Adams, WI",2019,41120.0
55001,"Adams, WI",2020,44093.0
55001,"Adams, WI",2021,45941.0
55001,"Adams, WI",2022,44578.0
55001,"Adams, WI",2023,46198.0
55001,"Adams, WI",2024,49375.0
55003,"Ashland, WI",2019,40579.0
55003,"Ashland, WI",2020,43475.0
55003,"Ashland, WI",2021,46759.0
55003,"Ashland, WI",2022,47683.0
55003,"Ashland, WI",2023,49816.0
55003,"Ashland, WI",2024,51395.0
55005,"Barron, WI",2019,49549.0
55005,"Barron, WI",2020,54704.0
55005,"Barron, WI",2021,60473.0
55005,"Barron, WI",2022,58710.0
55005,"Barron, WI",2023,61456.0
55005,"Barron, WI",2024,63871.0
55007,"Bayfield, WI",2019,47589.0
55007,"Bayfield, WI",2020,50323.0
55007,"Bayfield, WI",2021,54558.0
55007,"Bayfield, WI",2022,52580.0
55007,"Bayfield, WI",2023,55963.0
55007,"Bayfield, WI",2024,58806.0
55009,"Brown, WI",2019,52811.0
55009,"Brown, WI",2020,56974.0
55009,"Brown, WI",2021,61007.0
55009,"Brown, WI",2022,61974.0
55009,"Brown, WI",2023,64709.0
55009,"Brown, WI",2024,68296.0
55011,"Buffalo, WI",2019,45518.0
55011,"Buffalo, WI",2020,49960.0
55011,"Buffalo, WI",2021,55120.0
55011,"Buffalo, WI",2022,56163.0
55011,"Buffalo, WI",2023,57075.0
55011,"Buffalo, WI",2024,59353.0
55013,"Burnett, WI",2019,42982.0
55013,"Burnett, WI",2020,45336.0
55013,"Burnett, WI",2021,48476.0
55013,"Burnett, WI",2022,49149.0
55013,"Burnett, WI",2023,52197.0
55013,"Burnett, WI",2024,54560.0
55015,"Calumet, WI",2019,50899.0
55015,"Calumet, WI",2020,54071.0
55015,"Calumet, WI",2021,58376.0
55015,"Calumet, WI",2022,59314.0
55015,"Calumet, WI",2023,61577.0
55015,"Calumet, WI",2024,64371.0
55017,"Chippewa, WI",2019,46631.0
55017,"Chippewa, WI",2020,50093.0
55017,"Chippewa, WI",2021,53928.0
55017,"Chippewa, WI",2022,54933.0
55017,"Chippewa, WI",2023,57457.0
55017,"Chippewa, WI",2024,59758.0
55019,"Clark, WI",2019,43628.0
55019,"Clark, WI",2020,47844.0
55019,"Clark, WI",2021,50435.0
55019,"Clark, WI",2022,50199.0
55019,"Clark, WI",2023,51325.0
55019,"Clark, WI",2024,54674.0
55021,"Columbia, WI",2019,52543.0
55021,"Columbia, WI",2020,56029.0
55021,"Columbia, WI",2021,61476.0
55021,"Columbia, WI",2022,64047.0
55021,"Columbia, WI",2023,73016.0
55021,"Columbia, WI",2024,75993.0
55023,"Crawford, WI",2019,42894.0
55023,"Crawford, WI",2020,46881.0
55023,"Crawford, WI",2021,50271.0
55023,"Crawford, WI",2022,49071.0
55023,"Crawford, WI",2023,50890.0
55023,"Crawford, WI",2024,52463.0
55025,"Dane, WI",2019,62796.0
55025,"Dane, WI",2020,65625.0
55025,"Dane, WI",2021,72759.0
55025,"Dane, WI",2022,73988.0
55025,"Dane, WI",2023,77841.0
55025,"Dane, WI",2024,81203.0
55027,"Dodge, WI",2019,44901.0
55027,"Dodge, WI",2020,47315.0
55027,"Dodge, WI",2021,51722.0
55027,"Dodge, WI",2022,52959.0
55027,"Dodge, WI",2023,55513.0
55027,"Dodge, WI",2024,57801.0
55029,"Door, WI",2019,60368.0
55029,"Door, WI",2020,65958.0
55029,"Door, WI",2021,70427.0
55029,"Door, WI",2022,72879.0
55029,"Door, WI",2023,78099.0
55029,"Door, WI",2024,82172.0
55031,"Douglas, WI",2019,43955.0
55031,"Douglas, WI",2020,45671.0
55031,"Douglas, WI",2021,49435.0
55031,"Douglas, WI",2022,50385.0
55031,"Douglas, WI",2023,53201.0
55031,"Douglas, WI",2024,55321.0
55033,"Dunn, WI",2019,41297.0
55033,"Dunn, WI",2020,44604.0
55033,"Dunn, WI",2021,49966.0
55033,"Dunn, WI",2022,49163.0
55033,"Dunn, WI",2023,51437.0
55033,"Dunn, WI",2024,53534.0
55035,"Eau Claire, WI",2019,49065.0
55035,"Eau Claire, WI",2020,51824.0
55035,"Eau Claire, WI",2021,56821.0
55035,"Eau Claire, WI",2022,57975.0
55035,"Eau Claire, WI",2023,60261.0
55035,"Eau Claire, WI",2024,62830.0
55037,"Florence, WI",2019,55450.0
55037,"Florence, WI",2020,56369.0
55037,"Florence, WI",2021,62639.0
55037,"Florence, WI",2022,61401.0
55037,"Florence, WI",2023,66620.0
55037,"Florence, WI",2024,68779.0
55039,"Fond du Lac, WI",2019,49524.0
55039,"Fond du Lac, WI",2020,52521.0
55039,"Fond du Lac, WI",2021,56974.0
55039,"Fond du Lac, WI",2022,58165.0
55039,"Fond du Lac, WI",2023,60227.0
55039,"Fond du Lac, WI",2024,62319.0
55041,"Forest, WI",2019,41104.0
55041,"Forest, WI",2020,44510.0
55041,"Forest, WI",2021,45568.0
55041,"Forest, WI",2022,46260.0
55041,"Forest, WI",2023,49543.0
55041,"Forest, WI",2024,51621.0
55043,"Grant, WI",2019,44425.0
55043,"Grant, WI",2020,47840.0
55043,"Grant, WI",2021,51785.0
55043,"Grant, WI",2022,51665.0
55043,"Grant, WI",2023,52930.0
55043,"Grant, WI",2024,54345.0
55045,"Green, WI",2019,52117.0
55045,"Green, WI",2020,56379.0
55045,"Green, WI",2021,63928.0
55045,"Green, WI",2022,63123.0
55045,"Green, WI",2023,66914.0
55045,"Green, WI",2024,68126.0
55047,"Green Lake, WI",2019,44252.0
55047,"Green Lake, WI",2020,47097.0
55047,"Green Lake, WI",2021,51623.0
55047,"Green Lake, WI",2022,51333.0
55047,"Green Lake, WI",2023,53889.0
55047,"Green Lake, WI",2024,56649.0
55049,"Iowa, WI",2019,50010.0
55049,"Iowa, WI",2020,53144.0
55049,"Iowa, WI",2021,58345.0
55049,"Iowa, WI",2022,59046.0
55049,"Iowa, WI",2023,62602.0
55049,"Iowa, WI",2024,65244.0
55051,"Iron, WI",2019,47496.0
55051,"Iron, WI",2020,50048.0
55051,"Iron, WI",2021,55173.0
55051,"Iron, WI",2022,53498.0
55051,"Iron, WI",2023,57000.0
55051,"Iron, WI",2024,59251.0
55053,"Jackson, WI",2019,44803.0
55053,"Jackson, WI",2020,48663.0
55053,"Jackson, WI",2021,52088.0
55053,"Jackson, WI",2022,50506.0
55053,"Jackson, WI",2023,51858.0
55053,"Jackson, WI",2024,53121.0
55055,"Jefferson, WI",2019,47297.0
55055,"Jefferson, WI",2020,49245.0
55055,"Jefferson, WI",2021,54086.0
55055,"Jefferson, WI",2022,55517.0
55055,"Jefferson, WI",2023,58276.0
55055,"Jefferson, WI",2024,60938.0
55057,"Juneau, WI",2019,39963.0
55057,"Juneau, WI",2020,42925.0
55057,"Juneau, WI",2021,47039.0
55057,"Juneau, WI",2022,46768.0
55057,"Juneau, WI",2023,49254.0
55057,"Juneau, WI",2024,51172.0
55059,"Kenosha, WI",2019,48948.0
55059,"Kenosha, WI",2020,51832.0
55059,"Kenosha, WI",2021,56613.0
55059,"Kenosha, WI",2022,57601.0
55059,"Kenosha, WI",2023,60138.0
55059,"Kenosha, WI",2024,62267.0
55061,"Kewaunee, WI",2019,48111.0
55061,"Kewaunee, WI",2020,52276.0
55061,"Kewaunee, WI",2021,56917.0
55061,"Kewaunee, WI",2022,57964.0
55061,"Kewaunee, WI",2023,58146.0
55061,"Kewaunee, WI",2024,62402.0
55063,"La Crosse, WI",2019,50687.0
55063,"La Crosse, WI",2020,53896.0
55063,"La Crosse, WI",2021,59925.0
55063,"La Crosse, WI",2022,59341.0
55063,"La Crosse, WI",2023,62562.0
55063,"La Crosse, WI",2024,65407.0
55065,"Lafayette, WI",2019,43770.0
55065,"Lafayette, WI",2020,48265.0
55065,"Lafayette, WI",2021,51408.0
55065,"Lafayette, WI",2022,52478.0
55065,"Lafayette, WI",2023,55401.0
55065,"Lafayette, WI",2024,56858.0
55067,"Langlade, WI",2019,43809.0
55067,"Langlade, WI",2020,48176.0
55067,"Langlade, WI",2021,51168.0
55067,"Langlade, WI",2022,51290.0
55067,"Langlade, WI",2023,54736.0
55067,"Langlade, WI",2024,56356.0
55069,"Lincoln, WI",2019,45700.0
55069,"Lincoln, WI",2020,49748.0
55069,"Lincoln, WI",2021,52705.0
55069,"Lincoln, WI",2022,54209.0
55069,"Lincoln, WI",2023,57116.0
55069,"Lincoln, WI",2024,59521.0
55071,"Manitowoc, WI",2019,46706.0
55071,"Manitowoc, WI",2020,49425.0
55071,"Manitowoc, WI",2021,53859.0
55071,"Manitowoc, WI",2022,54775.0
55071,"Manitowoc, WI",2023,57149.0
55071,"Manitowoc, WI",2024,60076.0
55073,"Marathon, WI",2019,51709.0
55073,"Marathon, WI",2020,54489.0
55073,"Marathon, WI",2021,59369.0
55073,"Marathon, WI",2022,60203.0
55073,"Marathon, WI",2023,62875.0
55073,"Marathon, WI",2024,65589.0
55075,"Marinette, WI",2019,44734.0
55075,"Marinette, WI",2020,47359.0
55075,"Marinette, WI",2021,51830.0
55075,"Marinette, WI",2022,51839.0
55075,"Marinette, WI",2023,54151.0
55075,"Marinette, WI",2024,55670.0
55077,"Marquette, WI",2019,42694.0
55077,"Marquette, WI",2020,46251.0
55077,"Marquette, WI",2021,49587.0
55077,"Marquette, WI",2022,49234.0
55077,"Marquette, WI",2023,52199.0
55077,"Marquette, WI",2024,54913.0
55078,"Menominee, WI*",2019,34525.0
55078,"Menominee, WI*",2020,37427.0
55078,"Menominee, WI*",2021,43017.0
55078,"Menominee, WI*",2022,41554.0
55078,"Menominee, WI*",2023,42466.0
55078,"Menominee, WI*",2024,43696.0
55079,"Milwaukee, WI",2019,47916.0
55079,"Milwaukee, WI",2020,50968.0
55079,"Milwaukee, WI",2021,56215.0
55079,"Milwaukee, WI",2022,57290.0
55079,"Milwaukee, WI",2023,59540.0
55079,"Milwaukee, WI",2024,62166.0
55081,"Monroe, WI",2019,42041.0
55081,"Monroe, WI",2020,46344.0
55081,"Monroe, WI",2021,50183.0
55081,"Monroe, WI",2022,50674.0
55081,"Monroe, WI",2023,52874.0
55081,"Monroe, WI",2024,55324.0
55083,"Oconto, WI",2019,47071.0
55083,"Oconto, WI",2020,49965.0
55083,"Oconto, WI",2021,53418.0
55083,"Oconto, WI",2022,53593.0
55083,"Oconto, WI",2023,55227.0
55083,"Oconto, WI",2024,57341.0
55085,"Oneida, WI",2019,49253.0
55085,"Oneida, WI",2020,52800.0
55085,"Oneida, WI",2021,55123.0
55085,"Oneida, WI",2022,57717.0
55085,"Oneida, WI",2023,61875.0
55085,"Oneida, WI",2024,64819.0
55087,"Outagamie, WI",2019,52231.0
55087,"Outagamie, WI",2020,54908.0
55087,"Outagamie, WI",2021,59619.0
55087,"Outagamie, WI",2022,61535.0
55087,"Outagamie, WI",2023,64206.0
55087,"Outagamie, WI",2024,67258.0
55089,"Ozaukee, WI",2019,83681.0
55089,"Ozaukee, WI",2020,87318.0
55089,"Ozaukee, WI",2021,95392.0
55089,"Ozaukee, WI",2022,98304.0
55089,"Ozaukee, WI",2023,104523.0
55089,"Ozaukee, WI",2024,109947.0
55091,"Pepin, WI",2019,49334.0
55091,"Pepin, WI",2020,55153.0
55091,"Pepin, WI",2021,60575.0
55091,"Pepin, WI",2022,61608.0
55091,"Pepin, WI",2023,63765.0
55091,"Pepin, WI",2024,65720.0
55093,"Pierce, WI",2019,48478.0
55093,"Pierce, WI",2020,50732.0
55093,"Pierce, WI",2021,57617.0
55093,"Pierce, WI",2022,58265.0
55093,"Pierce, WI",2023,60437.0
55093,"Pierce, WI",2024,62869.0
55095,"Polk, WI",2019,46465.0
55095,"Polk, WI",2020,49996.0
55095,"Polk, WI",2021,54373.0
55095,"Polk, WI",2022,54900.0
55095,"Polk, WI",2023,57725.0
55095,"Polk, WI",2024,60035.0
55097,"Portage, WI",2019,47727.0
55097,"Portage, WI",2020,50475.0
55097,"Portage, WI",2021,54852.0
55097,"Portage, WI",2022,54924.0
55097,"Portage, WI",2023,57363.0
55097,"Portage, WI",2024,59559.0
55099,"Price, WI",2019,44902.0
55099,"Price, WI",2020,47868.0
55099,"Price, WI",2021,51326.0
55099,"Price, WI",2022,52148.0
55099,"Price, WI",2023,55341.0
55099,"Price, WI",2024,56024.0
55101,"Racine, WI",2019,49877.0
55101,"Racine, WI",2020,52688.0
55101,"Racine, WI",2021,56736.0
55101,"Racine, WI",2022,59434.0
55101,"Racine, WI",2023,63130.0
55101,"Racine, WI",2024,65942.0
55103,"Richland, WI",2019,44071.0
55103,"Richland, WI",2020,47660.0
55103,"Richland, WI",2021,51755.0
55103,"Richland, WI",2022,51720.0
55103,"Richland, WI",2023,54167.0
55103,"Richland, WI",2024,56908.0
55105,"Rock, WI",2019,45523.0
55105,"Rock, WI",2020,48100.0
55105,"Rock, WI",2021,52195.0
55105,"Rock, WI",2022,54101.0
55105,"Rock, WI",2023,56476.0
55105,"Rock, WI",2024,58844.0
55107,"Rusk, WI",2019,44548.0
55107,"Rusk, WI",2020,48015.0
55107,"Rusk, WI",2021,52518.0
55107,"Rusk, WI",2022,53608.0
55107,"Rusk, WI",2023,55458.0
55107,"Rusk, WI",2024,57504.0
55109,"St. Croix, WI",2019,57232.0
55109,"St. Croix, WI",2020,59346.0
55109,"St. Croix, WI",2021,65281.0
55109,"St. Croix, WI",2022,67027.0
55109,"St. Croix, WI",2023,70480.0
55109,"St. Croix, WI",2024,73222.0
55111,"Sauk, WI",2019,52252.0
55111,"Sauk, WI",2020,56147.0
55111,"Sauk, WI",2021,63249.0
55111,"Sauk, WI",2022,62973.0
55111,"Sauk, WI",2023,67178.0
55111,"Sauk, WI",2024,69974.0
55113,"Sawyer, WI",2019,44590.0
55113,"Sawyer, WI",2020,47000.0
55113,"Sawyer, WI",2021,51472.0
55113,"Sawyer, WI",2022,51768.0
55113,"Sawyer, WI",2023,54858.0
55113,"Sawyer, WI",2024,56759.0
55115,"Shawano, WI*",2019,43862.0
55115,"Shawano, WI*",2020,47030.0
55115,"Shawano, WI*",2021,50442.0
55115,"Shawano, WI*",2022,50959.0
55115,"Shawano, WI*",2023,52143.0
55115,"Shawano, WI*",2024,54304.0
55117,"Sheboygan, WI",2019,51940.0
55117,"Sheboygan, WI",2020,55107.0
55117,"Sheboygan, WI",2021,59056.0
55117,"Sheboygan, WI",2022,60128.0
55117,"Sheboygan, WI",2023,63915.0
55117,"Sheboygan, WI",2024,67247.0
55119,"Taylor, WI",2019,42772.0
55119,"Taylor, WI",2020,47295.0
55119,"Taylor, WI",2021,51193.0
55119,"Taylor, WI",2022,49793.0
55119,"Taylor, WI",2023,50688.0
55119,"Taylor, WI",2024,52543.0
55121,"Trempealeau, WI",2019,43677.0
55121,"Trempealeau, WI",2020,47082.0
55121,"Trempealeau, WI",2021,51622.0
55121,"Trempealeau, WI",2022,51466.0
55121,"Trempealeau, WI",2023,52378.0
55121,"Trempealeau, WI",2024,55519.0
55123,"Vernon, WI",2019,42148.0
55123,"Vernon, WI",2020,45899.0
55123,"Vernon, WI",2021,50151.0
55123,"Vernon, WI",2022,49916.0
55123,"Vernon, WI",2023,52085.0
55123,"Vernon, WI",2024,54211.0
55125,"Vilas, WI",2019,52772.0
55125,"Vilas, WI",2020,54147.0
55125,"Vilas, WI",2021,59782.0
55125,"Vilas, WI",2022,61762.0
55125,"Vilas, WI",2023,68144.0
55125,"Vilas, WI",2024,71506.0
55127,"Walworth, WI",2019,51049.0
55127,"Walworth, WI",2020,54834.0
55127,"Walworth, WI",2021,61459.0
55127,"Walworth, WI",2022,64022.0
55127,"Walworth, WI",2023,67812.0
55127,"Walworth, WI",2024,70814.0
55129,"Washburn, WI",2019,47217.0
55129,"Washburn, WI",2020,50824.0
55129,"Washburn, WI",2021,55551.0
55129,"Washburn, WI",2022,55491.0
55129,"Washburn, WI",2023,58283.0
55129,"Washburn, WI",2024,60638.0
55131,"Washington, WI",2019,59328.0
55131,"Washington, WI",2020,61568.0
55131,"Washington, WI",2021,66813.0
55131,"Washington, WI",2022,69100.0
55131,"Washington, WI",2023,72624.0
55131,"Washington, WI",2024,76329.0
55133,"Waukesha, WI",2019,73597.0
55133,"Waukesha, WI",2020,76793.0
55133,"Waukesha, WI",2021,84337.0
55133,"Waukesha, WI",2022,86239.0
55133,"Waukesha, WI",2023,90720.0
55133,"Waukesha, WI",2024,94831.0
55135,"Waupaca, WI",2019,46210.0
55135,"Waupaca, WI",2020,49336.0
55135,"Waupaca, WI",2021,54818.0
55135,"Waupaca, WI",2022,53939.0
55135,"Waupaca, WI",2023,56900.0
55135,"Waupaca, WI",2024,59826.0
55137,"Waushara, WI",2019,41088.0
55137,"Waushara, WI",2020,43933.0
55137,"Waushara, WI",2021,47153.0
55137,"Waushara, WI",2022,47352.0
55137,"Waushara, WI",2023,49418.0
55137,"Waushara, WI",2024,51567.0
55139,"Winnebago, WI",2019,48670.0
55139,"Winnebago, WI",2020,52337.0
55139,"Winnebago, WI",2021,56360.0
55139,"Winnebago, WI",2022,57288.0
55139,"Winnebago, WI",2023,59803.0
55139,"Winnebago, WI",2024,62289.0
55141,"Wood, WI",2019,47103.0
55141,"Wood, WI",2020,49818.0
55141,"Wood, WI",2021,52881.0
55141,"Wood, WI",2022,54357.0
55141,"Wood, WI",2023,56403.0
55141,"Wood, WI",2024,58549.0
55901,"Shawano (includes Menominee), WI*",2019,0.0
55901,"Shawano (includes Menominee), WI*",2020,0.0
55901,"Shawano (includes Menominee), WI*",2021,0.0
55901,"Shawano (includes Menominee), WI*",2022,0.0
55901,"Shawano (includes Menominee), WI*",2023,0.0
55901,"Shawano (includes Menominee), WI*",2024,0.0
56001,"Albany, WY",2019,42535.0
56001,"Albany, WY",2020,46014.0
56001,"Albany, WY",2021,49664.0
56001,"Albany, WY",2022,50653.0
56001,"Albany, WY",2023,53940.0
56001,"Albany, WY",2024,57293.0
56003,"Big Horn, WY",2019,40906.0
56003,"Big Horn, WY",2020,43627.0
56003,"Big Horn, WY",2021,46371.0
56003,"Big Horn, WY",2022,48435.0
56003,"Big Horn, WY",2023,52226.0
56003,"Big Horn, WY",2024,54365.0
56005,"Campbell, WY",2019,53346.0
56005,"Campbell, WY",2020,53995.0
56005,"Campbell, WY",2021,56233.0
56005,"Campbell, WY",2022,59723.0
56005,"Campbell, WY",2023,63135.0
56005,"Campbell, WY",2024,64369.0
56007,"Carbon, WY",2019,58195.0
56007,"Carbon, WY",2020,61335.0
56007,"Carbon, WY",2021,65128.0
56007,"Carbon, WY",2022,69244.0
56007,"Carbon, WY",2023,69702.0
56007,"Carbon, WY",2024,71711.0
56009,"Converse, WY",2019,68699.0
56009,"Converse, WY",2020,64858.0
56009,"Converse, WY",2021,69111.0
56009,"Converse, WY",2022,68247.0
56009,"Converse, WY",2023,69873.0
56009,"Converse, WY",2024,75339.0
56011,"Crook, WY",2019,48821.0
56011,"Crook, WY",2020,50870.0
56011,"Crook, WY",2021,55236.0
56011,"Crook, WY",2022,61597.0
56011,"Crook, WY",2023,65183.0
56011,"Crook, WY",2024,65854.0
56013,"Fremont, WY",2019,45965.0
56013,"Fremont, WY",2020,48813.0
56013,"Fremont, WY",2021,51012.0
56013,"Fremont, WY",2022,53871.0
56013,"Fremont, WY",2023,57031.0
56013,"Fremont, WY",2024,59227.0
56015,"Goshen, WY",2019,44242.0
56015,"Goshen, WY",2020,47915.0
56015,"Goshen, WY",2021,51314.0
56015,"Goshen, WY",2022,51140.0
56015,"Goshen, WY",2023,55457.0
56015,"Goshen, WY",2024,55849.0
56017,"Hot Springs, WY",2019,49944.0
56017,"Hot Springs, WY",2020,71723.0
56017,"Hot Springs, WY",2021,72055.0
56017,"Hot Springs, WY",2022,79134.0
56017,"Hot Springs, WY",2023,67731.0
56017,"Hot Springs, WY",2024,69840.0
56019,"Johnson, WY",2019,54550.0
56019,"Johnson, WY",2020,57803.0
56019,"Johnson, WY",2021,61120.0
56019,"Johnson, WY",2022,66457.0
56019,"Johnson, WY",2023,70588.0
56019,"Johnson, WY",2024,73246.0
56021,"Laramie, WY",2019,52555.0
56021,"Laramie, WY",2020,55451.0
56021,"Laramie, WY",2021,60203.0
56021,"Laramie, WY",2022,61146.0
56021,"Laramie, WY",2023,63445.0
56021,"Laramie, WY",2024,66012.0
56023,"Lincoln, WY",2019,47929.0
56023,"Lincoln, WY",2020,53995.0
56023,"Lincoln, WY",2021,61322.0
56023,"Lincoln, WY",2022,68685.0
56023,"Lincoln, WY",2023,73140.0
56023,"Lincoln, WY",2024,77487.0
56025,"Natrona, WY",2019,64535.0
56025,"Natrona, WY",2020,63076.0
56025,"Natrona, WY",2021,67312.0
56025,"Natrona, WY",2022,75500.0
56025,"Natrona, WY",2023,77119.0
56025,"Natrona, WY",2024,79903.0
56027,"Niobrara, WY",2019,44564.0
56027,"Niobrara, WY",2020,51696.0
56027,"Niobrara, WY",2021,57262.0
56027,"Niobrara, WY",2022,56841.0
56027,"Niobrara, WY",2023,61028.0
56027,"Niobrara, WY",2024,63095.0
56029,"Park, WY",2019,59578.0
56029,"Park, WY",2020,61127.0
56029,"Park, WY",2021,68736.0
56029,"Park, WY",2022,73121.0
56029,"Park, WY",2023,78394.0
56029,"Park, WY",2024,80914.0
56031,"Platte, WY",2019,50977.0
56031,"Platte, WY",2020,52412.0
56031,"Platte, WY",2021,54582.0
56031,"Platte, WY",2022,56090.0
56031,"Platte, WY",2023,59671.0
56031,"Platte, WY",2024,60167.0
56033,"Sheridan, WY",2019,58244.0
56033,"Sheridan, WY",2020,58836.0
56033,"Sheridan, WY",2021,65491.0
56033,"Sheridan, WY",2022,70638.0
56033,"Sheridan, WY",2023,79897.0
56033,"Sheridan, WY",2024,82773.0
56035,"Sublette, WY",2019,59776.0
56035,"Sublette, WY",2020,62614.0
56035,"Sublette, WY",2021,64615.0
56035,"Sublette, WY",2022,67689.0
56035,"Sublette, WY",2023,70853.0
56035,"Sublette, WY",2024,72829.0
56037,"Sweetwater, WY",2019,55746.0
56037,"Sweetwater, WY",2020,54532.0
56037,"Sweetwater, WY",2021,56210.0
56037,"Sweetwater, WY",2022,60187.0
56037,"Sweetwater, WY",2023,61963.0
56037,"Sweetwater, WY",2024,63284.0
56039,"Teton, WY",2019,259833.0
56039,"Teton, WY",2020,298624.0
56039,"Teton, WY",2021,360347.0
56039,"Teton, WY",2022,440019.0
56039,"Teton, WY",2023,500556.0
56039,"Teton, WY",2024,532903.0
56041,"Uinta, WY",2019,40648.0
56041,"Uinta, WY",2020,42123.0
56041,"Uinta, WY",2021,44774.0
56041,"Uinta, WY",2022,46500.0
56041,"Uinta, WY",2023,48807.0
56041,"Uinta, WY",2024,50370.0
56043,"Washakie, WY",2019,47842.0
56043,"Washakie, WY",2020,54747.0
56043,"Washakie, WY",2021,58938.0
56043,"Washakie, WY",2022,55225.0
56043,"Washakie, WY",2023,57017.0
56043,"Washakie, WY",2024,59819.0
56045,"Weston, WY",2019,45400.0
56045,"Weston, WY",2020,47883.0
56045,"Weston, WY",2021,50567.0
56045,"Weston, WY",2022,51593.0
56045,"Weston, WY",2023,54775.0
56045,"Weston, WY",2024,56457.0
