fips,county_name,state_name,popestimate2020,popestimate2025,domesticmig_2021_2025,netmig_2021_2025,births_2021_2025,deaths_2021_2025
01001,Autauga County,Alabama,58914,61920,2183,2542,3616,3183
01003,Baldwin County,Alabama,233252,267761,32909,36141,12342,14241
01005,Barbour County,Alabama,24958,24607,-268,0,1344,1698
01007,Bibb County,Alabama,22181,22262,290,363,1218,1513
01009,Blount County,Alabama,59099,60156,1560,1704,3377,4062
01011,Bullock County,Alabama,10239,9780,-292,-232,510,739
01013,Butler County,Alabama,19022,18100,-507,-438,1009,1489
01015,Calhoun County,Alabama,116238,115834,1617,1951,6440,8844
01017,Chambers County,Alabama,34581,34253,-528,229,2023,2587
01019,Cherokee County,Alabama,24978,26413,2312,2437,1091,2134
01021,Chilton County,Alabama,45053,47708,2202,2794,2878,3048
01023,Choctaw County,Alabama,12623,11904,-314,-311,591,998
01025,Clarke County,Alabama,22982,22014,-504,-490,1364,1845
01027,Clay County,Alabama,14216,14207,338,337,773,1118
01029,Cleburne County,Alabama,15062,15970,1249,1262,857,1228
01031,Coffee County,Alabama,53571,56953,2486,3264,3369,3272
01033,Colbert County,Alabama,57306,59474,2551,3033,3265,4144
01035,Conecuh County,Alabama,11554,10899,-151,-124,589,1119
01037,Coosa County,Alabama,10338,10161,299,290,396,862
01039,Covington County,Alabama,37508,37947,1405,1467,2216,3259
01041,Crenshaw County,Alabama,13174,13175,130,256,852,1104
01043,Cullman County,Alabama,88128,94009,6699,6997,5109,6223
01045,Dale County,Alabama,49266,49912,304,556,3322,3256
01047,Dallas County,Alabama,38176,35140,-2688,-2357,2169,2862
01049,DeKalb County,Alabama,71662,74085,1968,3086,4164,4835
01051,Elmore County,Alabama,87866,91577,3820,4080,4602,4991
01053,Escambia County,Alabama,36685,36665,711,732,2131,2894
01055,Etowah County,Alabama,103441,103886,2246,2834,5804,8235
01057,Fayette County,Alabama,16331,15872,63,54,861,1375
01059,Franklin County,Alabama,32088,32449,-383,513,2117,2276
01061,Geneva County,Alabama,26698,27554,1442,1682,1480,2326
01063,Greene County,Alabama,7701,7067,-418,-419,433,653
01065,Hale County,Alabama,14768,15194,510,512,1015,1107
01067,Henry County,Alabama,17172,18394,1545,1632,889,1296
01069,Houston County,Alabama,107306,110318,2453,3397,6492,6938
01071,Jackson County,Alabama,52542,54281,3001,3212,2837,4330
01073,Jefferson County,Alabama,674720,665742,-17523,-7774,39628,40798
01075,Lamar County,Alabama,13946,13587,30,27,778,1148
01077,Lauderdale County,Alabama,94032,97135,4508,4892,4674,6510
01079,Lawrence County,Alabama,33085,33843,1371,1420,1830,2515
01081,Lee County,Alabama,174838,189881,7758,12317,9530,6907
01083,Limestone County,Alabama,104193,122928,17175,18060,6196,5639
01085,Lowndes County,Alabama,10281,9359,-581,-565,583,924
01087,Macon County,Alabama,19464,18132,-1066,-940,851,1216
01089,Madison County,Alabama,390515,433516,33903,40228,22402,19869
01091,Marengo County,Alabama,19266,18311,-535,-410,1032,1563
01093,Marion County,Alabama,29192,29097,539,620,1586,2322
01095,Marshall County,Alabama,97696,103537,2880,5109,7483,6835
01097,Mobile County,Alabama,414414,411658,-4713,-2247,25325,25779
01099,Monroe County,Alabama,19707,18965,-328,-311,1107,1541
01101,Montgomery County,Alabama,228345,225891,-8880,-4268,14566,12732
01103,Morgan County,Alabama,123321,126483,2105,3724,7404,8033
01105,Perry County,Alabama,8455,7425,-770,-728,429,758
01107,Pickens County,Alabama,18956,18221,-290,-213,933,1462
01109,Pike County,Alabama,32906,33688,456,877,1846,1956
01111,Randolph County,Alabama,22097,23163,1474,1537,1252,1748
01113,Russell County,Alabama,59251,58898,-208,42,3493,3844
01115,St. Clair County,Alabama,91703,98206,7227,7363,5147,6058
01117,Shelby County,Alabama,223898,238552,9527,12385,11746,9375
01119,Sumter County,Alabama,12193,11588,-448,-399,598,787
01121,Talladega County,Alabama,81390,81603,1518,1780,4318,5920
01123,Tallapoosa County,Alabama,41292,40953,615,808,2021,3172
01125,Tuscaloosa County,Alabama,232604,241368,4159,7125,12530,10572
01127,Walker County,Alabama,65147,65140,1520,1920,3967,5910
01129,Washington County,Alabama,15334,14822,-279,-278,897,1127
01131,Wilcox County,Alabama,10539,9666,-666,-627,578,834
01133,Winston County,Alabama,23503,23829,880,1006,1271,1949
02013,Aleutians East Borough,Alaska,3425,3479,-273,52,61,69
02016,Aleutians West Census Area,Alaska,5177,5240,-516,49,104,96
02020,Anchorage Municipality,Alaska,290877,287155,-15941,-10293,17989,11402
02050,Bethel Census Area,Alaska,18672,18391,-1683,-1530,1968,740
02060,Bristol Bay Borough,Alaska,827,847,-32,18,44,45
02063,Chugach Census Area,Alaska,7082,6553,-650,-619,332,247
02066,Copper River Census Area,Alaska,2616,2666,27,27,139,117
02068,Denali Borough,Alaska,1612,1616,-65,-43,87,40
02070,Dillingham Census Area,Alaska,4839,4483,-512,-465,366,256
02090,Fairbanks North Star Borough,Alaska,95333,93972,-5799,-4879,6714,3181
02100,Haines Borough,Alaska,2089,2068,-37,-22,90,90
02105,Hoonah-Angoon Census Area,Alaska,2362,2271,-81,-75,104,126
02110,Juneau City and Borough,Alaska,32204,31609,-1280,-919,1430,1113
02122,Kenai Peninsula Borough,Alaska,58939,61951,2282,2428,3147,2556
02130,Ketchikan Gateway Borough,Alaska,13913,13549,-593,-441,633,557
02150,Kodiak Island Borough,Alaska,13046,12387,-1371,-958,724,432
02158,Kusilvak Census Area,Alaska,8367,7932,-1191,-1190,1106,363
02164,Lake and Peninsula Borough,Alaska,1447,1357,-150,-136,106,62
02170,Matanuska-Susitna Borough,Alaska,107514,118666,8544,8807,6738,4340
02180,Nome Census Area,Alaska,10025,9830,-681,-629,881,449
02185,North Slope Borough,Alaska,11000,10582,-836,-711,617,338
02188,Northwest Arctic Borough,Alaska,7797,7095,-1034,-1039,709,371
02195,Petersburg Borough,Alaska,3397,3394,-77,-7,139,132
02198,Prince of Wales-Hyder Census Area,Alaska,5745,5777,47,67,309,348
02220,Sitka City and Borough,Alaska,8430,8319,-289,-180,426,351
02230,Skagway Municipality,Alaska,1237,1104,-143,-124,34,42
02240,Southeast Fairbanks Census Area,Alaska,6825,7270,123,243,498,293
02275,Wrangell City and Borough,Alaska,2126,2007,-82,-72,88,132
02282,Yakutat City and Borough,Alaska,682,672,-5,-3,20,25
02290,Yukon-Koyukuk Census Area,Alaska,5301,5028,-275,-178,283,383
04001,Apache County,Arizona,65913,64445,-549,-186,3761,5060
04003,Cochise County,Arizona,125527,126332,1903,2873,6183,8275
04005,Coconino County,Arizona,145182,144368,-3436,-1782,6538,5509
04007,Gila County,Arizona,53338,53801,2828,2855,2287,4689
04009,Graham County,Arizona,38626,40157,894,1035,2364,1930
04011,Greenlee County,Arizona,9531,9312,-469,-326,542,429
04012,La Paz County,Arizona,16562,16711,872,1264,787,1951
04013,Maricopa County,Arizona,4445025,4689558,76991,194770,251727,202190
04015,Mohave County,Arizona,214167,228102,25261,25681,8617,20639
04017,Navajo County,Arizona,106748,109946,4364,4760,6220,7777
04019,Pima County,Arizona,1045245,1074685,20589,38845,49911,59956
04021,Pinal County,Arizona,430231,539380,95001,104832,25795,21909
04023,Santa Cruz County,Arizona,47711,50020,-83,1412,2870,1983
04025,Yavapai County,Arizona,237223,252552,24565,25784,8753,19098
04027,Yuma County,Arizona,205618,224449,4031,14346,14417,10161
05001,Arkansas County,Arkansas,17106,15836,-768,-754,981,1479
05003,Ashley County,Arkansas,18959,17831,-597,-586,925,1456
05005,Baxter County,Arkansas,41692,42982,3836,3798,1755,4286
05007,Benton County,Arkansas,286597,332554,30727,38404,19200,11887
05009,Boone County,Arkansas,37386,38628,2137,2156,2046,2943
05011,Bradley County,Arkansas,10501,9828,-515,-473,570,768
05013,Calhoun County,Arkansas,4738,4632,86,85,232,418
05015,Carroll County,Arkansas,28245,29263,1025,1277,1632,1898
05017,Chicot County,Arkansas,10154,9107,-589,-599,443,900
05019,Clark County,Arkansas,21404,20938,-194,-202,1164,1433
05021,Clay County,Arkansas,14535,14052,55,65,743,1280
05023,Cleburne County,Arkansas,24712,25672,1995,2004,1126,2185
05025,Cleveland County,Arkansas,7551,7224,-72,-64,367,631
05027,Columbia County,Arkansas,22747,21894,-576,-511,1239,1565
05029,Conway County,Arkansas,20733,21393,1071,1144,1086,1570
05031,Craighead County,Arkansas,111624,116957,2707,3440,7658,5794
05033,Crawford County,Arkansas,60164,62657,2502,3050,3461,4053
05035,Crittenden County,Arkansas,48076,46210,-2002,-1796,3169,3193
05037,Cross County,Arkansas,16800,16186,-623,-255,898,1254
05039,Dallas County,Arkansas,6441,6011,-169,-177,311,564
05041,Desha County,Arkansas,11319,9984,-1082,-1069,565,834
05043,Drew County,Arkansas,17321,17054,-155,-83,985,1166
05045,Faulkner County,Arkansas,123830,133979,7541,8537,7414,5864
05047,Franklin County,Arkansas,17131,17725,980,968,964,1350
05049,Fulton County,Arkansas,12052,12492,1019,1015,596,1185
05051,Garland County,Arkansas,100259,99695,2357,2888,4886,8333
05053,Grant County,Arkansas,18016,18756,981,1012,1007,1279
05055,Greene County,Arkansas,45855,47411,1593,1646,2859,2936
05057,Hempstead County,Arkansas,19993,19080,-842,-688,1242,1458
05059,Hot Spring County,Arkansas,33086,33451,1390,1394,1532,2567
05061,Howard County,Arkansas,12760,12306,-393,-305,776,925
05063,Independence County,Arkansas,37941,38785,951,1119,2315,2567
05065,Izard County,Arkansas,13604,14405,1414,1398,596,1178
05067,Jackson County,Arkansas,16742,16741,445,480,793,1273
05069,Jefferson County,Arkansas,66825,62987,-3118,-2752,3589,4685
05071,Johnson County,Arkansas,25721,26225,558,739,1473,1693
05073,Lafayette County,Arkansas,6294,5888,-179,-143,298,552
05075,Lawrence County,Arkansas,16221,16273,504,531,954,1412
05077,Lee County,Arkansas,8582,8029,-266,-249,404,708
05079,Lincoln County,Arkansas,12893,12764,246,242,513,870
05081,Little River County,Arkansas,11978,11763,151,148,630,978
05083,Logan County,Arkansas,21108,21633,1020,1034,1185,1702
05085,Lonoke County,Arkansas,74065,76664,2218,2461,4310,4168
05087,Madison County,Arkansas,16555,18410,1710,1813,1133,1103
05089,Marion County,Arkansas,16867,17593,1535,1546,616,1457
05091,Miller County,Arkansas,42586,42357,370,336,2356,2926
05093,Mississippi County,Arkansas,40535,37828,-2615,-2346,2544,2881
05095,Monroe County,Arkansas,6769,6244,-238,-214,357,661
05097,Montgomery County,Arkansas,8482,8579,429,439,426,751
05099,Nevada County,Arkansas,8284,7942,-99,-106,406,636
05101,Newton County,Arkansas,7193,7026,77,72,352,589
05103,Ouachita County,Arkansas,22620,21731,-357,-338,1321,1869
05105,Perry County,Arkansas,9996,10309,481,503,502,704
05107,Phillips County,Arkansas,16383,14255,-1950,-1767,1052,1408
05109,Pike County,Arkansas,10158,9964,74,123,558,873
05111,Poinsett County,Arkansas,22953,22483,-8,53,1438,1959
05113,Polk County,Arkansas,19186,19486,859,887,1029,1615
05115,Pope County,Arkansas,63414,64976,1263,1599,3463,3513
05117,Prairie County,Arkansas,8247,7923,-21,-2,376,691
05119,Pulaski County,Arkansas,399252,404611,-3612,3005,24438,22036
05121,Randolph County,Arkansas,18593,18876,442,528,1192,1419
05123,St. Francis County,Arkansas,23019,21800,-1315,-1098,1417,1535
05125,Saline County,Arkansas,123830,133288,8570,9846,6902,7352
05127,Scott County,Arkansas,9828,9965,420,424,566,855
05129,Searcy County,Arkansas,7845,7848,311,315,364,673
05131,Sebastian County,Arkansas,127807,130641,1622,2937,7774,7929
05133,Sevier County,Arkansas,15778,15758,-195,-83,1049,983
05135,Sharp County,Arkansas,17313,18122,1476,1483,863,1535
05137,Stone County,Arkansas,12350,12703,929,900,580,1141
05139,Union County,Arkansas,38942,36926,-1683,-1466,2309,2859
05141,Van Buren County,Arkansas,15803,16238,1034,1065,716,1378
05143,Washington County,Arkansas,246756,271213,10810,18130,16251,10037
05145,White County,Arkansas,76854,80085,3800,4014,4382,5225
05147,Woodruff County,Arkansas,6222,5710,-276,-276,311,548
05149,Yell County,Arkansas,20218,19956,-192,40,1191,1492
06001,Alameda County,California,1680489,1636630,-141108,-70669,82588,54508
06003,Alpine County,California,1180,1043,-71,-62,27,100
06005,Amador County,California,40567,41876,2267,2409,1561,2635
06007,Butte County,California,210204,209211,-643,1033,9978,11833
06009,Calaveras County,California,45349,46605,2228,2330,1855,2894
06011,Colusa County,California,21858,21836,-536,-392,1334,982
06013,Contra Costa County,California,1166249,1170070,-43608,-11083,57422,43515
06015,Del Norte County,California,27619,26410,-647,-659,1287,1910
06017,El Dorado County,California,191237,192323,1792,3041,7382,9157
06019,Fresno County,California,1009563,1035456,-23933,278,67590,42277
06021,Glenn County,California,28889,28141,-1202,-883,1709,1585
06023,Humboldt County,California,136298,131647,-3162,-2671,5692,7632
06025,Imperial County,California,179532,181411,-6872,-2745,11766,7154
06027,Inyo County,California,18989,18158,-467,-410,754,1174
06029,Kern County,California,905960,927068,-14010,-1086,60583,38881
06031,Kings County,California,152813,154327,-5279,-3537,10427,5379
06033,Lake County,California,68208,67772,693,1184,3262,4806
06035,Lassen County,California,32349,28117,-4528,-4304,1375,1486
06037,Los Angeles County,California,9996510,9694934,-667953,-388540,467806,374010
06039,Madera County,California,156396,167927,6049,7639,10673,6673
06041,Marin County,California,261337,253694,-14290,-8063,11068,10834
06043,Mariposa County,California,17130,16918,-27,188,745,1148
06045,Mendocino County,California,91348,88122,-3354,-2396,4040,4932
06047,Merced County,California,282895,297260,1932,6472,18761,10851
06049,Modoc County,California,8679,8426,-83,54,373,679
06051,Mono County,California,13222,12505,-1254,-979,570,341
06053,Monterey County,California,440493,433729,-26520,-19591,27149,14848
06055,Napa County,California,137481,132949,-5824,-4244,6064,6423
06057,Nevada County,California,102280,101911,1349,1712,3926,5859
06059,Orange County,California,3186167,3149507,-144371,-70061,151432,117415
06061,Placer County,California,405971,442081,31019,36641,18734,19027
06063,Plumas County,California,19745,18583,-723,-613,729,1272
06065,Riverside County,California,2424446,2544916,60885,90682,134760,104549
06067,Sacramento County,California,1586769,1618460,-42937,9387,89138,67549
06069,San Benito County,California,64525,70082,3550,3855,3982,2186
06071,San Bernardino County,California,2183200,2224091,-30701,469,128279,88973
06073,San Diego County,California,3301110,3282248,-133070,-75253,181942,122310
06075,San Francisco County,California,875139,826079,-79909,-46558,35396,32185
06077,San Joaquin County,California,780618,823815,5869,27693,48485,32692
06079,San Luis Obispo County,California,282257,282367,-778,1042,12159,13186
06081,San Mateo County,California,762639,743568,-64201,-29695,36630,25056
06083,Santa Barbara County,California,448325,442065,-23912,-15917,27534,17381
06085,Santa Clara County,California,1931349,1914391,-168614,-52355,93585,55533
06087,Santa Cruz County,California,271758,258852,-15429,-13414,10796,9837
06089,Shasta County,California,182191,181648,1628,2892,9022,12377
06091,Sierra County,California,3226,3098,-8,2,96,220
06093,Siskiyou County,California,43983,42013,-747,-608,1886,3237
06095,Solano County,California,452895,455376,-10190,-1762,23858,19588
06097,Sonoma County,California,488514,486444,-7935,-1605,22023,22261
06099,Stanislaus County,California,553702,557719,-14671,-5617,34800,25413
06101,Sutter County,California,99463,98787,-4869,-2210,6117,4642
06103,Tehama County,California,65760,64665,-931,-654,3715,4152
06105,Trinity County,California,16099,15720,26,15,498,874
06107,Tulare County,California,473915,485146,-8075,-3670,33332,18745
06109,Tuolumne County,California,55369,53160,-789,-675,2181,3789
06111,Ventura County,California,843793,830851,-30881,-21777,42433,33986
06113,Yolo County,California,217760,224410,-3665,3998,9544,7350
06115,Yuba County,California,81996,88691,4022,4698,5646,3670
08001,Adams County,Colorado,520411,554668,2744,19961,31839,17885
08003,Alamosa County,Colorado,16377,16688,137,292,928,902
08005,Arapahoe County,Colorado,655269,673820,-31420,3434,38434,23605
08007,Archuleta County,Colorado,13426,14306,996,1050,549,716
08009,Baca County,Colorado,3478,3347,-46,-4,182,311
08011,Bent County,Colorado,5472,5716,412,408,201,376
08013,Boulder County,Colorado,330982,328560,-10148,-3321,12069,10761
08014,Broomfield County,Colorado,74482,79174,2460,3877,3269,2481
08015,Chaffee County,Colorado,19486,20831,1369,1426,811,956
08017,Cheyenne County,Colorado,1746,1713,-20,7,86,123
08019,Clear Creek County,Colorado,9358,8994,-279,-269,252,332
08021,Conejos County,Colorado,7457,7529,138,131,503,552
08023,Costilla County,Colorado,3499,3679,308,305,172,292
08025,Crowley County,Colorado,5707,5677,131,136,144,307
08027,Custer County,Colorado,4724,5590,892,898,239,273
08029,Delta County,Colorado,31062,32178,1875,1965,1448,2299
08031,Denver County,Colorado,717680,740613,-25336,4366,44885,26041
08033,Dolores County,Colorado,2331,2466,195,194,91,156
08035,Douglas County,Colorado,360315,399396,25508,30200,19259,10208
08037,Eagle County,Colorado,55657,54291,-4131,-3043,2475,919
08039,Elbert County,Colorado,26211,30534,4099,4116,1287,1050
08041,El Paso County,Colorado,733721,757040,212,8001,45921,30779
08043,Fremont County,Colorado,48880,50039,2604,2655,1787,3362
08045,Garfield County,Colorado,61793,63474,-1362,102,3668,2092
08047,Gilpin County,Colorado,5817,6073,168,208,217,170
08049,Grand County,Colorado,15748,16496,284,575,649,482
08051,Gunnison County,Colorado,16950,17439,77,247,686,434
08053,Hinsdale County,Colorado,789,753,-25,-25,26,35
08055,Huerfano County,Colorado,6824,7011,638,635,218,669
08057,Jackson County,Colorado,1379,1211,-160,-149,43,64
08059,Jefferson County,Colorado,583131,580451,-12277,-4631,27326,25442
08061,Kiowa County,Colorado,1453,1412,-38,-31,91,104
08063,Kit Carson County,Colorado,7062,7069,-73,40,417,442
08065,Lake County,Colorado,7409,7552,-188,-90,442,211
08067,La Plata County,Colorado,55679,56898,1021,1188,2150,2170
08069,Larimer County,Colorado,359942,377292,11855,15571,15117,13638
08071,Las Animas County,Colorado,14491,14391,290,397,596,1104
08073,Lincoln County,Colorado,5666,5645,22,28,256,293
08075,Logan County,Colorado,21221,20654,-265,-113,920,1378
08077,Mesa County,Colorado,156007,162845,7964,8454,7379,9083
08079,Mineral County,Colorado,870,910,71,71,31,58
08081,Moffat County,Colorado,13267,13122,-347,-252,745,631
08083,Montezuma County,Colorado,25890,26678,1093,1331,1235,1768
08085,Montrose County,Colorado,42825,44591,2066,2617,1949,2813
08087,Morgan County,Colorado,29080,30306,-607,615,2082,1452
08089,Otero County,Colorado,18659,17683,-538,-502,984,1470
08091,Ouray County,Colorado,4879,5265,393,436,145,184
08093,Park County,Colorado,17425,18314,788,840,717,674
08095,Phillips County,Colorado,4528,4420,-146,-36,272,344
08097,Pitkin County,Colorado,17363,16625,-1385,-1068,631,363
08099,Prowers County,Colorado,12012,11884,-338,-128,753,759
08101,Pueblo County,Colorado,168334,169277,2757,3643,8539,11200
08103,Rio Blanco County,Colorado,6522,6683,-37,185,277,297
08105,Rio Grande County,Colorado,11538,11087,-266,-278,581,754
08107,Routt County,Colorado,24837,25329,-384,131,1040,689
08109,Saguache County,Colorado,6396,6732,371,377,334,374
08111,San Juan County,Colorado,710,813,108,104,23,29
08113,San Miguel County,Colorado,8053,7753,-484,-412,273,170
08115,Sedgwick County,Colorado,2391,2247,-26,-17,86,213
08117,Summit County,Colorado,31237,31517,-2018,-653,1283,408
08119,Teller County,Colorado,24746,24756,174,321,895,1204
08121,Washington County,Colorado,4810,4732,-32,2,237,317
08123,Weld County,Colorado,331434,378426,29361,34226,23976,11609
08125,Yuma County,Colorado,9975,9896,-677,-237,672,521
09110,Capitol Planning Region,Connecticut,964034,994115,3006,30685,46295,46472
09120,Greater Bridgeport Planning Region,Connecticut,324360,337697,-7902,8455,17126,12547
09130,Lower Connecticut River Valley Planning Region,Connecticut,173266,177311,3757,6086,6997,8851
09140,Naugatuck Valley Planning Region,Connecticut,448993,463349,4650,14524,21666,21689
09150,Northeastern Connecticut Planning Region,Connecticut,95212,98096,3075,3625,4251,5004
09160,Northwest Hills Planning Region,Connecticut,112206,114690,2509,4056,4525,5990
09170,South Central Connecticut Planning Region,Connecticut,564449,578741,-2466,14755,27898,28117
09180,Southeastern Connecticut Planning Region,Connecticut,278383,284015,2833,7307,12912,14577
09190,Western Connecticut Planning Region,Connecticut,618740,640482,-16173,13530,32231,24568
10001,Kent County,Delaware,182322,194786,10286,12309,10667,10529
10003,New Castle County,Delaware,570941,588026,1492,14773,30086,27801
10005,Sussex County,Delaware,238627,277140,39199,43518,11724,16908
11001,District of Columbia,District of Columbia,670958,693645,-18507,8843,40137,26167
12001,Alachua County,Florida,279767,290028,863,9106,12916,11764
12003,Baker County,Florida,28114,29737,1097,1354,1841,1684
12005,Bay County,Florida,174551,204479,23381,29936,10621,10847
12007,Bradford County,Florida,28235,28307,198,250,1554,1807
12009,Brevard County,Florida,608765,663982,63108,71641,26035,42976
12011,Broward County,Florida,1943437,2013317,-94062,54583,101766,85656
12013,Calhoun County,Florida,13703,13289,54,103,589,1102
12015,Charlotte County,Florida,188023,217212,37081,40152,5253,16157
12017,Citrus County,Florida,154563,171666,27393,27885,5234,16239
12019,Clay County,Florida,218949,239593,18874,21031,11292,11762
12021,Collier County,Florida,377327,417131,21329,44718,17013,21606
12023,Columbia County,Florida,69758,74094,4792,5586,3682,5154
12027,DeSoto County,Florida,34093,37078,2209,3196,1902,2173
12029,Dixie County,Florida,16697,18038,1952,1981,803,1468
12031,Duval County,Florida,997800,1062963,15947,51824,63356,50936
12033,Escambia County,Florida,322547,333834,8423,13463,18467,20671
12035,Flagler County,Florida,116031,140360,27211,28662,4262,8775
12037,Franklin County,Florida,12473,13029,862,956,447,881
12039,Gadsden County,Florida,43427,44298,702,1500,2377,2973
12041,Gilchrist County,Florida,17890,20488,2386,2764,1018,1218
12043,Glades County,Florida,12079,13270,1342,1619,352,797
12045,Gulf County,Florida,14270,15943,2068,2134,571,1131
12047,Hamilton County,Florida,13733,14180,745,761,724,1017
12049,Hardee County,Florida,25335,25932,-96,364,1770,1548
12051,Hendry County,Florida,39726,48276,4125,7395,2999,1939
12053,Hernando County,Florida,195610,221701,31809,33857,8429,16380
12055,Highlands County,Florida,101341,111122,12870,14796,4236,9324
12057,Hillsborough County,Florida,1466246,1574115,4664,86506,85022,64263
12059,Holmes County,Florida,19591,20119,1130,1136,1001,1653
12061,Indian River County,Florida,160454,172799,16512,18946,6243,12885
12063,Jackson County,Florida,47104,49629,3409,3627,2466,3720
12065,Jefferson County,Florida,14403,16007,1778,1894,640,995
12067,Lafayette County,Florida,8236,8792,558,689,392,538
12069,Lake County,Florida,386221,456068,68258,76817,18581,26432
12071,Lee County,Florida,765575,875607,77769,116223,37607,44368
12073,Leon County,Florida,293925,299048,-2847,3333,13797,12000
12075,Levy County,Florida,43065,48520,6417,6814,2164,3556
12077,Liberty County,Florida,7818,8035,234,268,402,441
12079,Madison County,Florida,17863,18759,1362,1462,934,1518
12081,Manatee County,Florida,401622,468200,58961,72209,18989,25147
12083,Marion County,Florida,377432,442660,71208,78776,17968,32335
12085,Martin County,Florida,158656,166272,9987,13131,6343,11850
12086,Miami-Dade County,Florida,2695519,2802029,-270815,77264,145674,116424
12087,Monroe County,Florida,82851,80406,-6210,-2150,3508,3846
12089,Nassau County,Florida,91040,106879,16789,16984,4385,5660
12091,Okaloosa County,Florida,212082,221810,1341,7911,12879,11206
12093,Okeechobee County,Florida,39662,42608,2571,3115,2730,2941
12095,Orange County,Florida,1431608,1528002,-54873,64979,81706,49921
12097,Osceola County,Florida,391130,481718,42264,81557,24476,15804
12099,Palm Beach County,Florida,1494203,1575726,-1852,90393,74803,83254
12101,Pasco County,Florida,566170,674516,107118,117502,28072,37968
12103,Pinellas County,Florida,959805,948563,627,17549,36173,65094
12105,Polk County,Florida,730148,874790,119498,142694,44771,43758
12107,Putnam County,Florida,73383,77734,5779,6472,4052,6234
12109,St. Johns County,Florida,277119,346328,66401,69890,12383,12797
12111,St. Lucie County,Florida,331453,402449,63594,73463,17986,20892
12113,Santa Rosa County,Florida,189024,211115,20958,22035,9958,9944
12115,Sarasota County,Florida,436262,479958,52687,62584,14656,33293
12117,Seminole County,Florida,471471,491884,2674,18000,22338,20176
12119,Sumter County,Florida,130293,157772,36929,37523,2761,13410
12121,Suwannee County,Florida,43518,48149,5331,5964,2189,3657
12123,Taylor County,Florida,21756,21210,-333,94,1067,1670
12125,Union County,Florida,15442,16250,1356,1378,808,1391
12127,Volusia County,Florida,555791,606573,59139,67291,24858,41869
12129,Wakulla County,Florida,33917,38089,4253,4315,1706,1929
12131,Walton County,Florida,75899,93288,15688,17075,4702,4369
12133,Washington County,Florida,25324,26695,1709,1845,1321,1842
13001,Appling County,Georgia,18376,19100,536,831,1017,1121
13003,Atkinson County,Georgia,8307,8454,-296,-12,691,540
13005,Bacon County,Georgia,11113,11070,14,19,725,795
13007,Baker County,Georgia,2848,2725,-54,3,109,234
13009,Baldwin County,Georgia,43786,44029,649,963,1959,2722
13011,Banks County,Georgia,18129,21273,2878,2974,1252,1118
13013,Barrow County,Georgia,84066,99773,12339,13509,6258,4144
13015,Bartow County,Georgia,109283,120800,9806,10629,6770,5974
13017,Ben Hill County,Georgia,17166,17099,112,193,1035,1299
13019,Berrien County,Georgia,18143,18932,853,875,1158,1268
13021,Bibb County,Georgia,157054,157556,-601,791,10076,10290
13023,Bleckley County,Georgia,12515,12866,567,567,688,896
13025,Brantley County,Georgia,18046,18936,1084,1153,940,1212
13027,Brooks County,Georgia,16271,16101,61,300,740,1203
13029,Bryan County,Georgia,45048,52062,5361,5835,3115,1884
13031,Bulloch County,Georgia,79919,86949,5403,5903,4368,3447
13033,Burke County,Georgia,24632,24408,3,8,1238,1461
13035,Butts County,Georgia,25549,27218,1864,1934,1432,1696
13037,Calhoun County,Georgia,5572,5413,-76,-68,262,351
13039,Camden County,Georgia,54928,60143,3813,3948,3640,2443
13043,Candler County,Georgia,11036,11275,443,464,676,907
13045,Carroll County,Georgia,119394,131036,8933,10499,8043,7093
13047,Catoosa County,Georgia,68034,69628,2441,2543,2994,3973
13049,Charlton County,Georgia,12527,13121,839,826,613,829
13051,Chatham County,Georgia,295113,311855,4796,13570,17895,15128
13053,Chattahoochee County,Georgia,9468,8465,-1807,-1647,839,191
13055,Chattooga County,Georgia,24927,25300,983,1185,1240,2070
13057,Cherokee County,Georgia,268142,299273,22290,27065,14601,10620
13059,Clarke County,Georgia,128595,129921,-4438,-757,6734,4614
13061,Clay County,Georgia,2830,2815,74,83,124,216
13063,Clayton County,Georgia,299345,297471,-13951,-7799,16838,11035
13065,Clinch County,Georgia,6729,6847,-11,95,461,437
13067,Cobb County,Georgia,766385,793345,-18165,9491,43952,26384
13069,Coffee County,Georgia,43048,44407,381,985,2809,2448
13071,Colquitt County,Georgia,45908,47438,-273,1437,3012,2914
13073,Columbia County,Georgia,156860,169189,8200,10088,8422,6177
13075,Cook County,Georgia,17238,18232,652,988,1115,1124
13077,Coweta County,Georgia,146746,160240,10381,12141,8249,6931
13079,Crawford County,Georgia,12093,12206,609,626,374,896
13081,Crisp County,Georgia,20058,19237,-498,-399,1157,1581
13083,Dade County,Georgia,16233,16154,320,330,701,1102
13085,Dawson County,Georgia,27062,35365,7736,7956,1870,1586
13087,Decatur County,Georgia,29436,29432,133,241,1671,1908
13089,DeKalb County,Georgia,764585,774394,-43273,-10728,48825,27681
13091,Dodge County,Georgia,19949,19663,111,202,973,1475
13093,Dooly County,Georgia,11166,11156,-43,190,490,717
13095,Dougherty County,Georgia,85173,82616,-3004,-2363,5520,5523
13097,Douglas County,Georgia,144698,154293,5527,7051,8512,6023
13099,Early County,Georgia,10793,10455,-78,-79,621,863
13101,Echols County,Georgia,3716,3685,-160,-67,218,186
13103,Effingham County,Georgia,65180,74397,7632,8006,4131,3026
13105,Elbert County,Georgia,19666,20072,818,951,1073,1647
13107,Emanuel County,Georgia,22876,23147,366,471,1473,1704
13109,Evans County,Georgia,10794,11028,226,310,689,767
13111,Fannin County,Georgia,25451,26111,2001,2009,939,2262
13113,Fayette County,Georgia,119507,125156,5002,6720,4556,5537
13115,Floyd County,Georgia,98597,101378,2652,3691,5585,6624
13117,Forsyth County,Georgia,252877,282805,19568,26317,11704,7847
13119,Franklin County,Georgia,23476,25948,2305,2497,1624,1718
13121,Fulton County,Georgia,1069457,1098791,-24038,8186,61517,40075
13123,Gilmer County,Georgia,31420,33894,2859,3136,1559,2210
13125,Glascock County,Georgia,2898,3141,269,267,193,217
13127,Glynn County,Georgia,84479,87599,2880,4119,4413,5454
13129,Gordon County,Georgia,57730,61701,3567,4143,3300,3510
13131,Grady County,Georgia,26213,26590,126,491,1479,1575
13133,Greene County,Georgia,19030,21367,2860,2969,737,1398
13135,Gwinnett County,Georgia,958317,1018099,-20082,32313,55112,27881
13137,Habersham County,Georgia,46112,50416,3751,4529,2576,2831
13139,Hall County,Georgia,203382,226568,12509,18845,13552,9449
13141,Hancock County,Georgia,8711,8682,348,356,260,663
13143,Haralson County,Georgia,30050,33066,3327,3355,1839,2202
13145,Harris County,Georgia,34907,37280,2439,2589,1451,1666
13147,Hart County,Georgia,25872,28639,3132,3337,1262,1880
13149,Heard County,Georgia,11445,12149,918,916,556,784
13151,Henry County,Georgia,241869,264922,16861,19341,14083,10343
13153,Houston County,Georgia,164325,178214,9996,11816,9986,7888
13155,Irwin County,Georgia,9646,9020,-393,-383,453,698
13157,Jackson County,Georgia,76765,99265,20027,21018,5337,3937
13159,Jasper County,Georgia,14671,17632,2930,3007,882,944
13161,Jeff Davis County,Georgia,14800,15219,472,568,845,994
13163,Jefferson County,Georgia,15677,15011,-326,-228,859,1294
13165,Jenkins County,Georgia,8660,8843,333,346,448,604
13167,Johnson County,Georgia,9180,9310,297,304,475,672
13169,Jones County,Georgia,28368,29171,1122,1157,1209,1577
13171,Lamar County,Georgia,18555,20941,2466,2506,1168,1383
13173,Lanier County,Georgia,9917,10623,402,650,575,509
13175,Laurens County,Georgia,49543,51041,1247,1849,3111,3486
13177,Lee County,Georgia,33211,34179,654,872,1554,1462
13179,Liberty County,Georgia,65330,70313,62,784,6839,2625
13181,Lincoln County,Georgia,7702,8112,573,602,391,589
13183,Long County,Georgia,16256,21557,4376,4504,1397,655
13185,Lowndes County,Georgia,118436,122867,1511,2206,7913,5759
13187,Lumpkin County,Georgia,33640,36178,2555,2836,1526,1935
13189,McDuffie County,Georgia,21609,21640,226,248,1224,1457
13191,McIntosh County,Georgia,10981,11989,1416,1423,532,965
13193,Macon County,Georgia,12018,11756,-151,-22,602,839
13195,Madison County,Georgia,30266,32919,2309,2517,2014,1903
13197,Marion County,Georgia,7529,7676,273,372,381,600
13199,Meriwether County,Georgia,20610,21516,1368,1399,1056,1557
13201,Miller County,Georgia,5995,5812,66,71,273,517
13205,Mitchell County,Georgia,21676,20467,-927,-860,1150,1494
13207,Monroe County,Georgia,28065,32023,4309,4422,1303,1797
13209,Montgomery County,Georgia,8565,8635,104,146,499,580
13211,Morgan County,Georgia,20202,22095,1966,2056,1077,1249
13213,Murray County,Georgia,39996,41607,1663,1899,2192,2523
13215,Muscogee County,Georgia,207016,202171,-8842,-6667,13200,11447
13217,Newton County,Georgia,112902,125583,10184,11694,6746,5771
13219,Oconee County,Georgia,42004,44893,2843,3118,1647,1812
13221,Oglethorpe County,Georgia,14869,16415,1609,1698,741,892
13223,Paulding County,Georgia,169516,190996,16324,18543,9261,6387
13225,Peach County,Georgia,28059,29877,1679,1867,1850,1926
13227,Pickens County,Georgia,33351,37167,4321,4427,1565,2247
13229,Pierce County,Georgia,19749,20764,1287,1279,1156,1420
13231,Pike County,Georgia,18948,20932,2140,2177,1023,1204
13233,Polk County,Georgia,42929,45514,2073,2492,3031,2953
13235,Pulaski County,Georgia,9872,10172,544,591,479,795
13237,Putnam County,Georgia,22163,23722,1768,2175,1043,1645
13239,Quitman County,Georgia,2225,2254,127,127,93,192
13241,Rabun County,Georgia,16926,17764,1150,1431,700,1300
13243,Randolph County,Georgia,6366,6156,-33,-16,289,491
13245,Richmond County,Georgia,206581,206559,-3137,-1626,13840,12297
13247,Rockdale County,Georgia,93582,98416,3283,4391,4878,4484
13249,Schley County,Georgia,4537,4593,58,59,251,249
13251,Screven County,Georgia,14072,14408,538,570,840,1084
13253,Seminole County,Georgia,9129,9162,281,302,489,759
13255,Spalding County,Georgia,67456,70775,3255,3870,4077,4762
13257,Stephens County,Georgia,26827,27854,1530,1645,1541,2177
13259,Stewart County,Georgia,5295,4631,-713,-465,188,389
13261,Sumter County,Georgia,29518,28801,-679,-473,1760,1960
13263,Talbot County,Georgia,5729,5709,250,250,227,502
13265,Taliaferro County,Georgia,1558,1662,193,193,69,159
13267,Tattnall County,Georgia,24328,24376,47,128,1392,1463
13269,Taylor County,Georgia,7820,7818,103,141,409,556
13271,Telfair County,Georgia,12449,11195,-1163,-1109,652,871
13273,Terrell County,Georgia,9139,8656,-300,-295,494,675
13275,Thomas County,Georgia,45784,46368,728,903,2837,3175
13277,Tift County,Georgia,41382,42254,123,526,2835,2501
13279,Toombs County,Georgia,27080,27545,-17,465,1895,1888
13281,Towns County,Georgia,12552,13285,1443,1492,436,1171
13283,Treutlen County,Georgia,6398,6466,215,214,330,474
13285,Troup County,Georgia,69385,72844,1650,3161,4617,4349
13287,Turner County,Georgia,8989,8983,54,105,563,681
13289,Twiggs County,Georgia,8009,7597,105,103,241,762
13291,Union County,Georgia,24808,27859,4171,4292,822,2092
13293,Upson County,Georgia,27746,28500,1363,1379,1634,2312
13295,Walker County,Georgia,67756,70250,3681,3808,3403,4731
13297,Walton County,Georgia,97115,112696,13966,14784,6310,5608
13299,Ware County,Georgia,36237,36906,705,1141,2347,2805
13301,Warren County,Georgia,5208,5269,209,219,253,410
13303,Washington County,Georgia,19949,19453,-26,59,884,1441
13305,Wayne County,Georgia,30145,32481,2501,2795,1774,2302
13307,Webster County,Georgia,2352,2369,-54,24,118,126
13309,Wheeler County,Georgia,7447,7570,149,148,330,381
13311,White County,Georgia,28108,29802,2191,2324,1367,2027
13313,Whitfield County,Georgia,102790,106212,258,2373,6321,5270
13315,Wilcox County,Georgia,8787,8797,310,303,374,670
13317,Wilkes County,Georgia,9554,9540,287,356,468,848
13319,Wilkinson County,Georgia,8832,8650,3,11,549,745
13321,Worth County,Georgia,20719,20059,-156,-145,946,1462
15001,Hawaii County,Hawaii,200744,210043,6077,9355,10124,10085
15003,Honolulu County,Hawaii,1012334,988703,-51549,-33970,53846,43537
15005,Kalawao County,Hawaii,80,82,1,1,1,0
15007,Kauai County,Hawaii,73210,73400,-1212,-295,3740,3271
15009,Maui County,Hawaii,164762,160592,-7854,-5272,8153,7126
16001,Ada County,Idaho,498263,546141,35565,42508,25815,19906
16003,Adams County,Idaho,4423,5013,658,674,197,277
16005,Bannock County,Idaho,87294,91591,2556,3323,5379,4398
16007,Bear Lake County,Idaho,6365,6727,351,389,342,364
16009,Benewah County,Idaho,9580,10508,1124,1142,498,712
16011,Bingham County,Idaho,48097,51153,1970,2067,3305,2336
16013,Blaine County,Idaho,24341,25517,-300,990,976,766
16015,Boise County,Idaho,7662,8545,888,1009,270,379
16017,Bonner County,Idaho,47411,54420,7268,7561,2295,2811
16019,Bonneville County,Idaho,124730,135771,6851,7484,8957,5308
16021,Boundary County,Idaho,12141,13997,1709,1877,788,811
16023,Butte County,Idaho,2581,2783,251,252,143,189
16025,Camas County,Idaho,1081,1316,154,196,71,28
16027,Canyon County,Idaho,233001,275123,31228,35607,16946,10274
16029,Caribou County,Idaho,7013,7252,154,209,462,434
16031,Cassia County,Idaho,24753,26397,4,924,1937,1206
16033,Clark County,Idaho,791,783,-37,-28,59,40
16035,Clearwater County,Idaho,8758,9118,728,740,346,717
16037,Custer County,Idaho,4269,4636,470,485,152,261
16039,Elmore County,Idaho,28670,29465,-633,-103,2139,1233
16041,Franklin County,Idaho,14284,15889,1091,1149,1070,616
16043,Fremont County,Idaho,13420,14208,451,550,920,695
16045,Gem County,Idaho,19275,21773,2050,2807,993,1305
16047,Gooding County,Idaho,15647,16446,118,624,1023,844
16049,Idaho County,Idaho,16592,17874,1583,1637,814,1164
16051,Jefferson County,Idaho,31080,35297,2950,3185,2138,1109
16053,Jerome County,Idaho,24269,26362,459,1389,1832,1134
16055,Kootenai County,Idaho,172797,191864,18599,18461,9924,8986
16057,Latah County,Idaho,39633,41842,403,1365,2224,1361
16059,Lemhi County,Idaho,7955,8474,817,826,328,620
16061,Lewis County,Idaho,3534,3704,325,329,158,309
16063,Lincoln County,Idaho,5137,5603,231,380,349,254
16065,Madison County,Idaho,52950,55172,-3503,-2075,5371,1098
16067,Minidoka County,Idaho,21669,22911,606,873,1480,1104
16069,Nez Perce County,Idaho,42148,42905,1604,1707,2165,3109
16071,Oneida County,Idaho,4564,5085,423,423,357,266
16073,Owyhee County,Idaho,11993,12661,448,591,750,662
16075,Payette County,Idaho,25577,27824,2099,2149,1599,1500
16077,Power County,Idaho,7880,8246,10,224,498,357
16079,Shoshone County,Idaho,13198,14130,1254,1282,744,1089
16081,Teton County,Idaho,11740,13254,799,1129,688,287
16083,Twin Falls County,Idaho,90365,97539,5118,6382,5705,4879
16085,Valley County,Idaho,11841,12831,1006,1019,434,449
16087,Washington County,Idaho,10556,11583,1072,1348,499,812
17001,Adams County,Illinois,65637,64267,-801,-732,3534,4175
17003,Alexander County,Illinois,5172,4570,-352,-352,203,455
17005,Bond County,Illinois,16859,16959,342,374,701,975
17007,Boone County,Illinois,53344,53568,-218,55,2603,2414
17009,Brown County,Illinois,6232,6401,223,224,259,296
17011,Bureau County,Illinois,33215,32510,-181,-37,1555,2220
17013,Calhoun County,Illinois,4399,4300,-21,-21,231,310
17015,Carroll County,Illinois,15686,15419,182,194,639,1085
17017,Cass County,Illinois,12978,12463,-1069,-525,755,746
17019,Champaign County,Illinois,206222,209972,-11123,1235,9984,7652
17021,Christian County,Illinois,33960,33443,111,110,1589,2220
17023,Clark County,Illinois,15456,15114,-28,34,742,1115
17025,Clay County,Illinois,13271,12793,-294,-296,742,927
17027,Clinton County,Illinois,36915,37128,-17,178,1956,1922
17029,Coles County,Illinois,47087,46607,-500,-64,2275,2711
17031,Cook County,Illinois,5263651,5194625,-306394,-107402,261216,222525
17033,Crawford County,Illinois,18631,18648,252,261,986,1222
17035,Cumberland County,Illinois,10432,10208,-111,-105,557,665
17037,DeKalb County,Illinois,100366,101835,-836,565,4944,4203
17039,De Witt County,Illinois,15450,15118,64,61,717,1103
17041,Douglas County,Illinois,19774,19880,-259,-64,1368,1197
17043,DuPage County,Illinois,931473,934298,-40767,-11122,48082,34856
17045,Edgar County,Illinois,16806,16323,69,104,807,1383
17047,Edwards County,Illinois,6207,5898,-187,-178,256,382
17049,Effingham County,Illinois,34695,34519,-421,-216,2060,2018
17051,Fayette County,Illinois,21483,20790,-405,-379,1077,1359
17053,Ford County,Illinois,13519,13216,-79,110,703,1125
17055,Franklin County,Illinois,37694,36916,221,268,1972,3007
17057,Fulton County,Illinois,33562,32901,438,460,1431,2546
17059,Gallatin County,Illinois,4933,4616,-76,-76,189,429
17061,Greene County,Illinois,11924,11313,-232,-228,577,962
17063,Grundy County,Illinois,52538,54052,1238,1497,2587,2551
17065,Hamilton County,Illinois,7996,7859,27,20,394,549
17067,Hancock County,Illinois,17570,16803,-418,-378,816,1204
17069,Hardin County,Illinois,3654,3588,108,102,162,325
17071,Henderson County,Illinois,6340,5984,-186,-184,305,485
17073,Henry County,Illinois,49174,48095,-454,-426,2363,3009
17075,Iroquois County,Illinois,26967,26150,-168,-99,1265,1993
17077,Jackson County,Illinois,53289,52501,-1850,-613,2700,2911
17079,Jasper County,Illinois,9253,9032,-42,-13,472,677
17081,Jefferson County,Illinois,36998,36147,-416,-353,2027,2531
17083,Jersey County,Illinois,21493,21160,199,259,872,1466
17085,Jo Daviess County,Illinois,22090,21594,29,58,858,1400
17087,Johnson County,Illinois,13317,13363,278,305,529,772
17089,Kane County,Illinois,516364,525757,-9268,682,27756,19329
17091,Kankakee County,Illinois,107402,105525,-2099,-1093,5496,6359
17093,Kendall County,Illinois,132364,145470,7695,9350,7481,3690
17095,Knox County,Illinois,49812,47767,-1508,-789,2328,3617
17097,Lake County,Illinois,713377,719339,-18859,-1516,33028,26135
17099,LaSalle County,Illinois,109411,107773,-639,-51,5415,6995
17101,Lawrence County,Illinois,15277,13790,-1297,-1266,583,950
17103,Lee County,Illinois,34063,32914,-694,-575,1456,2087
17105,Livingston County,Illinois,35808,35057,-307,-179,1817,2397
17107,Logan County,Illinois,27892,27182,-146,-82,1246,1830
17109,McDonough County,Illinois,27128,25916,-997,-813,1233,1679
17111,McHenry County,Illinois,309977,317751,3769,5424,15099,12856
17113,McLean County,Illinois,171210,171419,-4724,-1187,8226,6917
17115,Macon County,Illinois,103761,99300,-3803,-2967,5535,7039
17117,Macoupin County,Illinois,44929,43748,-99,-3,1975,3168
17119,Madison County,Illinois,265746,263110,-461,577,12929,16190
17121,Marion County,Illinois,37656,36382,-583,-540,2113,2850
17123,Marshall County,Illinois,11713,11473,92,103,588,930
17125,Mason County,Illinois,13050,12411,-108,-92,549,1088
17127,Massac County,Illinois,14141,13502,-20,-43,566,1154
17129,Menard County,Illinois,12273,11863,-270,-258,611,759
17131,Mercer County,Illinois,15637,15229,-44,-38,720,1088
17133,Monroe County,Illinois,34961,34840,368,362,1371,1852
17135,Montgomery County,Illinois,28244,28076,487,498,1259,1911
17137,Morgan County,Illinois,33490,32515,-392,-341,1539,2185
17139,Moultrie County,Illinois,14485,14371,-55,-35,893,979
17141,Ogle County,Illinois,51765,51399,-180,6,2588,2950
17143,Peoria County,Illinois,181505,178553,-6793,-3161,10189,10041
17145,Perry County,Illinois,20884,20160,-341,-301,891,1322
17147,Piatt County,Illinois,16688,16791,272,316,818,1035
17149,Pike County,Illinois,14635,14231,-135,-87,784,1111
17151,Pope County,Illinois,3755,3672,110,108,115,305
17153,Pulaski County,Illinois,5176,4820,-163,-168,297,479
17155,Putnam County,Illinois,5624,5619,48,48,272,323
17157,Randolph County,Illinois,30091,29921,27,397,1419,1992
17159,Richland County,Illinois,15808,15219,-198,-138,741,1198
17161,Rock Island County,Illinois,144357,141869,-4753,-1796,8197,8873
17163,St. Clair County,Illinois,257057,250708,-6029,-4567,12452,14243
17165,Saline County,Illinois,23741,22772,-220,-196,1172,1939
17167,Sangamon County,Illinois,196202,194170,-3236,-1405,10093,10909
17169,Schuyler County,Illinois,6865,6657,-33,-12,293,485
17171,Scott County,Illinois,5070,4866,-114,-109,230,322
17173,Shelby County,Illinois,20921,20576,102,113,1018,1471
17175,Stark County,Illinois,5382,5319,1,28,318,404
17177,Stephenson County,Illinois,44570,43220,-742,-386,2247,3210
17179,Tazewell County,Illinois,131300,130049,369,539,6400,8150
17181,Union County,Illinois,17299,16656,-230,-111,789,1310
17183,Vermilion County,Illinois,74008,71259,-1484,-1364,4008,5393
17185,Wabash County,Illinois,11319,10907,-203,-129,488,775
17187,Warren County,Illinois,16837,16222,-743,-543,933,1025
17189,Washington County,Illinois,13729,13564,-8,-6,649,806
17191,Wayne County,Illinois,16143,15882,-162,114,858,1223
17193,White County,Illinois,13807,13250,-28,4,649,1200
17195,Whiteside County,Illinois,55555,54121,-435,-262,2690,3879
17197,Will County,Illinois,696901,712253,-3587,7007,34671,26812
17199,Williamson County,Illinois,67127,67225,854,1067,3198,4198
17201,Winnebago County,Illinois,284939,283674,-4725,-535,15856,16609
17203,Woodford County,Illinois,38405,38111,-304,-175,1989,2097
18001,Adams County,Indiana,35852,36650,-859,-761,3288,1732
18003,Allen County,Indiana,386107,402329,3162,9438,25878,19082
18005,Bartholomew County,Indiana,82213,85729,-701,2727,4990,4247
18007,Benton County,Indiana,8708,8883,76,160,529,515
18009,Blackford County,Indiana,12108,11730,-43,-7,594,965
18011,Boone County,Indiana,71113,80689,8109,8613,4185,3194
18013,Brown County,Indiana,15481,15777,764,780,486,964
18015,Carroll County,Indiana,20339,20655,272,332,1054,1062
18017,Cass County,Indiana,37794,37836,-915,-75,2485,2357
18019,Clark County,Indiana,121374,130451,8328,9372,7043,7402
18021,Clay County,Indiana,26426,26410,348,353,1438,1802
18023,Clinton County,Indiana,33185,33322,-687,5,2132,1988
18025,Crawford County,Indiana,10527,10509,242,238,498,752
18027,Daviess County,Indiana,33360,34209,-827,-174,2844,1828
18029,Dearborn County,Indiana,50754,51609,980,1018,2568,2733
18031,Decatur County,Indiana,26467,26576,18,155,1598,1636
18033,DeKalb County,Indiana,43292,44535,793,916,2669,2367
18035,Delaware County,Indiana,111764,113106,2441,3314,5346,7320
18037,Dubois County,Indiana,43640,44016,-467,293,2617,2533
18039,Elkhart County,Indiana,206985,208774,-6753,-2722,14439,9976
18041,Fayette County,Indiana,23365,23533,656,734,1286,1849
18043,Floyd County,Indiana,80519,82153,2243,2659,3834,4846
18045,Fountain County,Indiana,16492,17013,730,765,1024,1268
18047,Franklin County,Indiana,22791,23286,571,633,1098,1240
18049,Fulton County,Indiana,20476,20091,-122,-71,1093,1409
18051,Gibson County,Indiana,33059,33091,83,234,1801,1997
18053,Grant County,Indiana,66505,66524,970,1591,3501,5066
18055,Greene County,Indiana,30803,31165,818,932,1580,2166
18057,Hamilton County,Indiana,349011,387036,21101,30367,19565,11791
18059,Hancock County,Indiana,80175,90969,10116,10521,4432,4195
18061,Harrison County,Indiana,39673,40437,1070,1185,2007,2422
18063,Hendricks County,Indiana,175607,193510,13210,15951,9340,7223
18065,Henry County,Indiana,48905,49137,1334,1358,2232,3351
18067,Howard County,Indiana,83589,83904,1515,1790,4464,5932
18069,Huntington County,Indiana,36646,37224,621,924,2025,2361
18071,Jackson County,Indiana,46468,47370,-1250,494,3186,2767
18073,Jasper County,Indiana,32911,33894,797,1079,1911,1999
18075,Jay County,Indiana,20480,20118,-524,-445,1452,1365
18077,Jefferson County,Indiana,33091,33279,548,715,1723,2240
18079,Jennings County,Indiana,27587,27622,56,140,1611,1710
18081,Johnson County,Indiana,162237,174262,8398,10710,9476,8063
18083,Knox County,Indiana,36253,35652,-291,57,1940,2585
18085,Kosciusko County,Indiana,80152,80892,-200,598,4532,4397
18087,LaGrange County,Indiana,40537,41305,-1338,-1248,3629,1599
18089,Lake County,Indiana,498943,504612,3839,7338,26654,28218
18091,LaPorte County,Indiana,112279,111294,136,494,5528,7026
18093,Lawrence County,Indiana,45013,45568,1445,1515,2385,3344
18095,Madison County,Indiana,130155,135088,6453,6936,7122,9143
18097,Marion County,Indiana,976708,992196,-54275,-9131,71144,46380
18099,Marshall County,Indiana,46064,46599,286,579,2781,2816
18101,Martin County,Indiana,9808,9856,47,50,625,631
18103,Miami County,Indiana,35907,34487,-1117,-979,1770,2158
18105,Monroe County,Indiana,140629,143345,-870,3595,5177,5853
18107,Montgomery County,Indiana,37938,38954,742,1008,2285,2277
18109,Morgan County,Indiana,71842,74967,3410,3708,3720,4284
18111,Newton County,Indiana,13787,14188,426,664,707,972
18113,Noble County,Indiana,47465,47937,-538,-144,3140,2519
18115,Ohio County,Indiana,5926,5994,258,259,188,380
18117,Orange County,Indiana,19845,19834,316,322,1068,1400
18119,Owen County,Indiana,21325,21886,1185,1222,898,1552
18121,Parke County,Indiana,16153,16642,346,347,1047,917
18123,Perry County,Indiana,19160,19389,425,516,841,1160
18125,Pike County,Indiana,12246,12003,156,147,570,961
18127,Porter County,Indiana,173319,176049,3416,4160,7813,9165
18129,Posey County,Indiana,25190,24988,-6,31,1083,1307
18131,Pulaski County,Indiana,12519,12463,158,227,655,937
18133,Putnam County,Indiana,36696,37876,1309,1567,1771,2134
18135,Randolph County,Indiana,24414,24438,121,437,1418,1829
18137,Ripley County,Indiana,28979,29434,603,641,1629,1809
18139,Rush County,Indiana,16765,16767,95,133,927,1059
18141,St. Joseph County,Indiana,272686,272861,-5032,-368,15864,15347
18143,Scott County,Indiana,24381,25053,1163,1255,1344,1934
18145,Shelby County,Indiana,45065,45882,589,1029,2373,2580
18147,Spencer County,Indiana,19831,20061,444,486,991,1251
18149,Starke County,Indiana,23397,23425,384,486,1226,1679
18151,Steuben County,Indiana,34452,34799,538,723,1685,2042
18153,Sullivan County,Indiana,20820,20831,262,270,1101,1364
18155,Switzerland County,Indiana,9740,10037,317,318,572,598
18157,Tippecanoe County,Indiana,186383,190456,-7933,1352,9465,6943
18159,Tipton County,Indiana,15389,15319,32,103,821,994
18161,Union County,Indiana,7085,6863,-96,-88,315,449
18163,Vanderburgh County,Indiana,180341,181995,-11,2170,10757,11256
18165,Vermillion County,Indiana,15402,15488,320,361,799,1080
18167,Vigo County,Indiana,106143,106512,417,1484,5542,6677
18169,Wabash County,Indiana,30932,30713,478,538,1610,2358
18171,Warren County,Indiana,8425,8474,153,179,360,487
18173,Warrick County,Indiana,64003,66803,2757,3069,3242,3510
18175,Washington County,Indiana,28230,28383,452,498,1587,1926
18177,Wayne County,Indiana,66517,66169,368,872,3703,4916
18179,Wells County,Indiana,28161,28883,584,777,1623,1689
18181,White County,Indiana,24674,25164,-161,515,1583,1605
18183,Whitley County,Indiana,34337,35046,549,595,1943,1819
19001,Adair County,Iowa,7498,7403,22,62,427,577
19003,Adams County,Iowa,3710,3617,-40,-36,194,247
19005,Allamakee County,Iowa,14072,14238,-255,124,871,826
19007,Appanoose County,Iowa,12283,12077,93,137,632,965
19009,Audubon County,Iowa,5680,5509,-53,-33,311,454
19011,Benton County,Iowa,25552,26004,397,426,1360,1314
19013,Black Hawk County,Iowa,131037,131532,-2624,-233,7973,7234
19015,Boone County,Iowa,26705,26799,489,495,1291,1682
19017,Bremer County,Iowa,25014,25296,261,354,1263,1324
19019,Buchanan County,Iowa,20608,20883,-50,71,1369,1169
19021,Buena Vista County,Iowa,20800,20449,-1662,-932,1423,864
19023,Butler County,Iowa,14337,14049,-121,-52,717,955
19025,Calhoun County,Iowa,9895,9562,-69,-51,452,737
19027,Carroll County,Iowa,20725,20303,-321,-253,1147,1319
19029,Cass County,Iowa,13118,12960,228,261,651,1070
19031,Cedar County,Iowa,18486,18359,56,104,853,1074
19033,Cerro Gordo County,Iowa,43018,42372,-132,44,2074,2773
19035,Cherokee County,Iowa,11648,11369,15,101,621,991
19037,Chickasaw County,Iowa,11995,11663,-416,-205,672,804
19039,Clarke County,Iowa,9731,9574,-244,-152,629,644
19041,Clay County,Iowa,16341,16202,-75,57,817,1002
19043,Clayton County,Iowa,17027,16845,-59,-13,921,1081
19045,Clinton County,Iowa,46431,46002,68,145,2593,3169
19047,Crawford County,Iowa,16487,16237,-876,-484,1079,836
19049,Dallas County,Iowa,100521,118457,12064,14141,6871,3144
19051,Davis County,Iowa,9116,9230,-311,-222,804,473
19053,Decatur County,Iowa,7728,7655,-52,-10,451,507
19055,Delaware County,Iowa,17456,17674,217,230,1007,1014
19057,Des Moines County,Iowa,38849,38077,-387,-90,2002,2672
19059,Dickinson County,Iowa,17775,18077,615,667,791,1154
19061,Dubuque County,Iowa,99311,99381,-846,-194,5549,5280
19063,Emmet County,Iowa,9341,9107,-114,-102,515,658
19065,Fayette County,Iowa,19448,19047,-211,-137,1048,1302
19067,Floyd County,Iowa,15595,14901,-470,-458,839,1074
19069,Franklin County,Iowa,9991,9868,-210,-23,627,733
19071,Fremont County,Iowa,6575,6522,72,73,323,453
19073,Greene County,Iowa,8749,8658,77,100,430,622
19075,Grundy County,Iowa,12337,12361,50,120,677,781
19077,Guthrie County,Iowa,10614,10782,317,383,469,673
19079,Hamilton County,Iowa,15014,14944,-400,-57,957,964
19081,Hancock County,Iowa,10763,10528,-185,-150,576,657
19083,Hardin County,Iowa,16831,16455,-133,77,795,1248
19085,Harrison County,Iowa,14560,14623,281,291,779,998
19087,Henry County,Iowa,20450,19349,-855,-797,923,1249
19089,Howard County,Iowa,9494,9415,-137,-83,599,591
19091,Humboldt County,Iowa,9599,9409,-216,-137,534,589
19093,Ida County,Iowa,7019,6777,-119,-73,363,534
19095,Iowa County,Iowa,16665,16504,-82,-85,925,1005
19097,Jackson County,Iowa,19447,19288,-21,31,1025,1207
19099,Jasper County,Iowa,37821,38153,-9,341,2055,2053
19101,Jefferson County,Iowa,15688,15291,-1069,-147,674,949
19103,Johnson County,Iowa,153071,160044,-1050,3032,8413,4504
19105,Jones County,Iowa,20658,21253,713,735,987,1123
19107,Keokuk County,Iowa,10000,9797,-24,-2,503,700
19109,Kossuth County,Iowa,14794,14322,-410,-286,854,1026
19111,Lee County,Iowa,33527,32306,-603,-471,1748,2499
19113,Linn County,Iowa,230405,232028,-3756,-104,12803,11117
19115,Louisa County,Iowa,10822,10416,-487,-331,521,603
19117,Lucas County,Iowa,8621,8847,150,262,550,580
19119,Lyon County,Iowa,11924,12354,163,258,786,611
19121,Madison County,Iowa,16631,17270,558,575,865,803
19123,Mahaska County,Iowa,22151,21880,-222,-94,1176,1338
19125,Marion County,Iowa,33420,34192,919,1012,1704,1936
19127,Marshall County,Iowa,40100,39890,-1137,55,2411,2676
19129,Mills County,Iowa,14413,14793,463,476,674,768
19131,Mitchell County,Iowa,10591,10650,57,171,601,712
19133,Monona County,Iowa,8746,8539,-22,-13,471,665
19135,Monroe County,Iowa,7600,7406,10,0,405,600
19137,Montgomery County,Iowa,10334,10002,-15,6,518,860
19139,Muscatine County,Iowa,43151,41853,-1664,-1180,2269,2390
19141,O'Brien County,Iowa,14156,14220,-80,153,920,1007
19143,Osceola County,Iowa,6201,5980,-219,-149,331,409
19145,Page County,Iowa,15202,14856,69,102,622,1066
19147,Palo Alto County,Iowa,8990,8899,-14,14,588,693
19149,Plymouth County,Iowa,25697,25697,-295,-59,1457,1400
19151,Pocahontas County,Iowa,7070,6819,-190,-96,374,531
19153,Polk County,Iowa,493013,516546,1974,13299,31877,21484
19155,Pottawattamie County,Iowa,93667,92996,-441,220,4694,5598
19157,Poweshiek County,Iowa,18638,18368,-193,-8,870,1131
19159,Ringgold County,Iowa,4641,4642,150,151,224,374
19161,Sac County,Iowa,9791,9525,-177,-149,576,691
19163,Scott County,Iowa,174599,175259,-1196,311,9342,9019
19165,Shelby County,Iowa,11718,11689,59,211,569,810
19167,Sioux County,Iowa,35888,36774,-904,-184,2470,1391
19169,Story County,Iowa,98658,101291,-1018,1681,4050,3142
19171,Tama County,Iowa,17050,16796,-349,-200,1006,1051
19173,Taylor County,Iowa,5862,5835,-11,45,344,413
19175,Union County,Iowa,12130,11829,-153,-14,590,883
19177,Van Buren County,Iowa,7221,7131,-81,-78,465,476
19179,Wapello County,Iowa,35334,35210,-1091,-105,2291,2320
19181,Warren County,Iowa,52597,57331,4181,4302,3050,2632
19183,Washington County,Iowa,22536,22667,-53,70,1446,1376
19185,Wayne County,Iowa,6507,6738,183,189,500,464
19187,Webster County,Iowa,36997,36838,-480,139,2165,2481
19189,Winnebago County,Iowa,10653,10251,-193,-165,474,718
19191,Winneshiek County,Iowa,20046,19733,-393,-237,906,985
19193,Woodbury County,Iowa,105949,106649,-3397,-1039,7062,5338
19195,Worth County,Iowa,7437,7338,-84,-65,403,437
19197,Wright County,Iowa,12919,12801,-651,-157,911,884
20001,Allen County,Kansas,12533,12302,-40,70,642,945
20003,Anderson County,Kansas,7841,8018,195,218,514,553
20005,Atchison County,Kansas,16325,16172,-126,-23,830,969
20007,Barber County,Kansas,4204,4083,-27,-22,216,309
20009,Barton County,Kansas,25437,24790,-628,-527,1508,1621
20011,Bourbon County,Kansas,14339,14319,18,12,944,979
20013,Brown County,Kansas,9480,9104,-177,-145,527,759
20015,Butler County,Kansas,67388,69484,1647,2401,3429,3695
20017,Chase County,Kansas,2574,2572,-45,64,113,179
20019,Chautauqua County,Kansas,3385,3321,50,52,162,272
20021,Cherokee County,Kansas,19303,19105,422,410,917,1523
20023,Cheyenne County,Kansas,2613,2604,36,37,169,212
20025,Clark County,Kansas,1976,1900,-47,-47,103,134
20027,Clay County,Kansas,8126,7990,3,32,401,570
20029,Cloud County,Kansas,9010,8833,29,88,473,730
20031,Coffey County,Kansas,8358,8467,152,185,470,548
20033,Comanche County,Kansas,1679,1673,42,44,102,153
20035,Cowley County,Kansas,34528,34382,-41,228,2039,2425
20037,Crawford County,Kansas,38955,39008,-277,329,2227,2513
20039,Decatur County,Kansas,2762,2716,38,60,130,233
20041,Dickinson County,Kansas,18383,18637,712,706,954,1399
20043,Doniphan County,Kansas,7471,7594,197,245,341,464
20045,Douglas County,Kansas,118781,120920,-1048,1530,4971,4388
20047,Edwards County,Kansas,2889,2640,-138,-92,152,307
20049,Elk County,Kansas,2480,2458,79,79,99,202
20051,Ellis County,Kansas,28951,29075,-435,-177,1541,1246
20053,Ellsworth County,Kansas,6367,6257,3,6,283,402
20055,Finney County,Kansas,38307,37505,-3211,-2144,2754,1437
20057,Ford County,Kansas,34213,33993,-2822,-1818,2939,1363
20059,Franklin County,Kansas,26014,26299,307,443,1464,1629
20061,Geary County,Kansas,36768,36338,-4603,-3805,4748,1365
20063,Gove County,Kansas,2712,2631,-49,-48,178,209
20065,Graham County,Kansas,2406,2371,62,63,132,224
20067,Grant County,Kansas,7325,7028,-688,-481,485,313
20069,Gray County,Kansas,5644,5652,-132,-109,462,340
20071,Greeley County,Kansas,1276,1182,-86,-86,101,109
20073,Greenwood County,Kansas,5961,5826,89,99,249,486
20075,Hamilton County,Kansas,2489,2500,-277,-87,201,111
20077,Harper County,Kansas,5471,5370,26,46,318,460
20079,Harvey County,Kansas,33996,33580,29,66,1851,2326
20081,Haskell County,Kansas,3758,3599,-290,-239,278,194
20083,Hodgeman County,Kansas,1741,1619,-24,-21,78,178
20085,Jackson County,Kansas,13237,13438,84,193,798,787
20087,Jefferson County,Kansas,18330,18296,211,226,817,1069
20089,Jewell County,Kansas,2928,2830,-41,-31,147,214
20091,Johnson County,Kansas,611129,636906,2057,15077,34486,23973
20093,Kearny County,Kansas,3968,3888,-255,-168,304,218
20095,Kingman County,Kansas,7427,7029,319,321,358,1077
20097,Kiowa County,Kansas,2457,2432,-67,-8,159,173
20099,Labette County,Kansas,20169,19685,-245,-199,1168,1445
20101,Lane County,Kansas,1568,1508,-3,-3,113,171
20103,Leavenworth County,Kansas,81974,84590,1370,1922,4421,3749
20105,Lincoln County,Kansas,2950,2861,10,13,131,231
20107,Linn County,Kansas,9595,9950,587,590,498,724
20109,Logan County,Kansas,2742,2661,-41,-25,184,240
20111,Lyon County,Kansas,32110,32266,-710,35,1728,1613
20113,McPherson County,Kansas,30195,30064,273,431,1502,2072
20115,Marion County,Kansas,11788,11634,52,69,612,840
20117,Marshall County,Kansas,10020,9852,-5,6,494,670
20119,Meade County,Kansas,4059,3852,-240,-200,257,267
20121,Miami County,Kansas,34224,36240,1937,1958,1914,1851
20123,Mitchell County,Kansas,5776,5590,-71,-61,343,463
20125,Montgomery County,Kansas,31401,30177,-571,-365,1553,2416
20127,Morris County,Kansas,5363,5348,78,107,260,379
20129,Morton County,Kansas,2697,2470,-246,-227,144,148
20131,Nemaha County,Kansas,10268,10054,-222,-179,676,717
20133,Neosho County,Kansas,15916,15637,-270,-155,996,1121
20135,Ness County,Kansas,2674,2617,-30,27,155,240
20137,Norton County,Kansas,5452,5288,-76,-56,252,361
20139,Osage County,Kansas,15747,15693,322,324,758,1135
20141,Osborne County,Kansas,3487,3285,-108,-99,192,293
20143,Ottawa County,Kansas,5729,5744,140,140,273,388
20145,Pawnee County,Kansas,6251,5991,-109,-109,290,442
20147,Phillips County,Kansas,4969,4728,-108,-99,257,391
20149,Pottawatomie County,Kansas,25422,27186,685,884,1913,1031
20151,Pratt County,Kansas,9140,9117,46,53,514,591
20153,Rawlins County,Kansas,2567,2431,-68,-60,137,216
20155,Reno County,Kansas,61891,61539,495,685,3245,4265
20157,Republic County,Kansas,4677,4640,111,144,236,412
20159,Rice County,Kansas,9382,9266,-53,-4,527,639
20161,Riley County,Kansas,72011,72598,-2799,-932,3608,2164
20163,Rooks County,Kansas,4886,4646,-139,-134,234,342
20165,Rush County,Kansas,2940,2845,31,47,138,282
20167,Russell County,Kansas,6677,6581,105,110,351,554
20169,Saline County,Kansas,54260,53377,-1027,-469,2926,3335
20171,Scott County,Kansas,5141,4815,-386,-393,356,295
20173,Sedgwick County,Kansas,524831,538433,607,7903,32780,27025
20175,Seward County,Kansas,21857,21073,-2174,-1837,1843,832
20177,Shawnee County,Kansas,178699,178607,-322,877,9599,10616
20179,Sheridan County,Kansas,2446,2427,16,27,144,189
20181,Sherman County,Kansas,5907,5763,-80,-94,339,396
20183,Smith County,Kansas,3566,3566,99,124,172,294
20185,Stafford County,Kansas,4060,4005,-3,2,262,314
20187,Stanton County,Kansas,2079,1986,-268,-99,115,114
20189,Stevens County,Kansas,5242,4984,-365,-329,306,249
20191,Sumner County,Kansas,22341,22312,301,316,1196,1541
20193,Thomas County,Kansas,7926,7725,-436,-339,554,417
20195,Trego County,Kansas,2809,2740,10,27,140,236
20197,Wabaunsee County,Kansas,6895,7018,118,139,338,350
20199,Wallace County,Kansas,1512,1441,-104,-104,117,81
20201,Washington County,Kansas,5544,5533,-88,-12,346,346
20203,Wichita County,Kansas,2150,2031,-205,-170,174,120
20205,Wilson County,Kansas,8581,8299,86,86,396,766
20207,Woodson County,Kansas,3095,3118,130,130,134,244
20209,Wyandotte County,Kansas,168921,170597,-9643,-1907,11761,8213
21001,Adair County,Kentucky,18885,19423,636,840,989,1294
21003,Allen County,Kentucky,20573,22536,1862,1899,1374,1335
21005,Anderson County,Kentucky,23902,25225,1160,1326,1391,1409
21007,Ballard County,Kentucky,7712,7594,126,157,370,648
21009,Barren County,Kentucky,44508,45641,1186,1637,2682,3206
21011,Bath County,Kentucky,12715,13176,560,563,865,966
21013,Bell County,Kentucky,23981,22829,-98,-110,1309,2349
21015,Boone County,Kentucky,136472,145316,3024,5838,8553,5578
21017,Bourbon County,Kentucky,20299,20243,141,272,1027,1355
21019,Boyd County,Kentucky,48209,47751,755,818,2524,3831
21021,Boyle County,Kentucky,30754,31632,1088,1331,1577,2056
21023,Bracken County,Kentucky,8399,8511,245,273,448,606
21025,Breathitt County,Kentucky,13701,12558,-657,-632,709,1230
21027,Breckinridge County,Kentucky,20443,21503,1252,1257,1249,1451
21029,Bullitt County,Kentucky,82365,86454,3887,4480,3845,4263
21031,Butler County,Kentucky,12321,12520,178,355,729,886
21033,Caldwell County,Kentucky,12642,12609,113,88,781,901
21035,Calloway County,Kentucky,37595,39421,1948,2410,1722,2311
21037,Campbell County,Kentucky,93141,95441,1233,1886,5000,4614
21039,Carlisle County,Kentucky,4807,4747,63,87,294,439
21041,Carroll County,Kentucky,10831,11141,192,258,805,757
21043,Carter County,Kentucky,26614,26149,369,392,1331,2191
21045,Casey County,Kentucky,15926,16205,456,517,896,1127
21047,Christian County,Kentucky,72752,70115,-6130,-5644,6785,3884
21049,Clark County,Kentucky,37033,37888,1214,1339,2046,2554
21051,Clay County,Kentucky,20308,19465,-297,-288,1068,1637
21053,Clinton County,Kentucky,9231,9139,22,110,588,792
21055,Crittenden County,Kentucky,9002,8807,-56,-35,524,681
21057,Cumberland County,Kentucky,5860,5992,317,320,363,556
21059,Daviess County,Kentucky,103398,104898,-185,1391,6486,6366
21061,Edmonson County,Kentucky,12140,12749,828,865,580,846
21063,Elliott County,Kentucky,7333,7265,103,103,274,441
21065,Estill County,Kentucky,14156,13962,353,407,650,1262
21067,Fayette County,Kentucky,322620,329751,-11015,3079,18406,14195
21069,Fleming County,Kentucky,15089,15787,692,685,1030,1013
21071,Floyd County,Kentucky,35805,34401,26,32,1774,3255
21073,Franklin County,Kentucky,51600,52649,1431,1923,2604,3470
21075,Fulton County,Kentucky,6510,6218,-37,-47,330,571
21077,Gallatin County,Kentucky,8674,8840,185,218,546,592
21079,Garrard County,Kentucky,16965,18207,1499,1636,856,1223
21081,Grant County,Kentucky,25014,26181,870,877,1751,1452
21083,Graves County,Kentucky,36533,37050,504,915,2214,2595
21085,Grayson County,Kentucky,26458,27406,992,1008,1885,1938
21087,Green County,Kentucky,11129,11644,736,732,627,845
21089,Greenup County,Kentucky,35885,35213,434,495,1626,2787
21091,Hancock County,Kentucky,9104,9050,23,23,478,557
21093,Hardin County,Kentucky,110834,113482,1145,2095,6687,6129
21095,Harlan County,Kentucky,26752,24725,-831,-838,1374,2561
21097,Harrison County,Kentucky,18710,19627,1141,1135,1185,1402
21099,Hart County,Kentucky,19288,20117,846,843,1253,1260
21101,Henderson County,Kentucky,44677,44255,-341,-23,2578,2971
21103,Henry County,Kentucky,15693,16447,786,843,919,1005
21105,Hickman County,Kentucky,4528,4372,96,106,192,453
21107,Hopkins County,Kentucky,45369,45127,247,664,2492,3392
21109,Jackson County,Kentucky,12969,13325,580,577,781,1004
21111,Jefferson County,Kentucky,782866,795222,-28957,9832,48317,45564
21113,Jessamine County,Kentucky,53038,57147,2257,3727,3179,2828
21115,Johnson County,Kentucky,22648,22051,59,103,1148,1858
21117,Kenton County,Kentucky,169263,175779,870,3913,10798,8229
21119,Knott County,Kentucky,14163,13321,-179,-136,550,1255
21121,Knox County,Kentucky,30186,29532,-43,17,1816,2506
21123,Larue County,Kentucky,14879,15184,459,513,781,998
21125,Laurel County,Kentucky,62733,63746,1595,1676,3346,4056
21127,Lawrence County,Kentucky,16300,15765,-22,-25,761,1276
21129,Lee County,Kentucky,7365,7297,255,255,355,677
21131,Leslie County,Kentucky,10470,9627,-422,-422,467,894
21133,Letcher County,Kentucky,21465,19952,-563,-532,976,1972
21135,Lewis County,Kentucky,13088,12901,52,45,764,989
21137,Lincoln County,Kentucky,24249,25353,1249,1237,1581,1737
21139,Livingston County,Kentucky,8871,8863,289,285,454,737
21141,Logan County,Kentucky,27515,28669,1211,1265,1765,1875
21143,Lyon County,Kentucky,8673,9123,763,779,276,665
21145,McCracken County,Kentucky,67923,67553,506,884,3404,4661
21147,McCreary County,Kentucky,16840,17124,539,543,955,1232
21149,McLean County,Kentucky,9134,9064,163,174,484,729
21151,Madison County,Kentucky,93002,101696,7391,8089,5403,4999
21153,Magoffin County,Kentucky,11606,11110,-198,-215,646,929
21155,Marion County,Kentucky,19587,20115,409,660,1087,1214
21157,Marshall County,Kentucky,31689,31659,924,910,1407,2333
21159,Martin County,Kentucky,11252,10697,-205,-206,481,836
21161,Mason County,Kentucky,17135,16936,58,115,941,1243
21163,Meade County,Kentucky,30030,30699,744,781,1324,1432
21165,Menifee County,Kentucky,6138,6430,479,478,345,532
21167,Mercer County,Kentucky,22654,23733,1396,1464,1273,1666
21169,Metcalfe County,Kentucky,10286,10583,425,532,624,856
21171,Monroe County,Kentucky,11315,11191,102,124,727,982
21173,Montgomery County,Kentucky,28115,28822,873,894,1671,1871
21175,Morgan County,Kentucky,13733,14415,593,832,642,838
21177,Muhlenberg County,Kentucky,30904,30634,270,323,1612,2208
21179,Nelson County,Kentucky,46785,49036,1628,2237,2788,2793
21181,Nicholas County,Kentucky,7542,7949,415,414,502,508
21183,Ohio County,Kentucky,23747,23934,293,570,1227,1617
21185,Oldham County,Kentucky,67705,70986,2377,2933,2758,2431
21187,Owen County,Kentucky,11303,11601,477,492,579,769
21189,Owsley County,Kentucky,4034,3932,108,107,244,450
21191,Pendleton County,Kentucky,14641,14800,279,289,805,946
21193,Perry County,Kentucky,28370,26555,-908,-905,1562,2481
21195,Pike County,Kentucky,58459,54721,-1554,-1398,2619,4962
21197,Powell County,Kentucky,13098,12812,26,23,724,1027
21199,Pulaski County,Kentucky,65112,67384,3275,3656,3659,5055
21201,Robertson County,Kentucky,2182,2325,237,245,104,204
21203,Rockcastle County,Kentucky,16057,16148,695,694,842,1445
21205,Rowan County,Kentucky,24714,24476,-185,-128,1287,1406
21207,Russell County,Kentucky,17997,18608,733,1025,1017,1418
21209,Scott County,Kentucky,57541,62262,3234,3664,3647,2627
21211,Shelby County,Kentucky,48245,51243,1512,2490,2886,2398
21213,Simpson County,Kentucky,19628,20788,1175,1268,1174,1296
21215,Spencer County,Kentucky,19496,20998,1472,1525,955,970
21217,Taylor County,Kentucky,26011,26763,851,1009,1660,1930
21219,Todd County,Kentucky,12283,12972,426,601,945,859
21221,Trigg County,Kentucky,14077,14512,787,794,809,1158
21223,Trimble County,Kentucky,8465,8701,325,332,451,539
21225,Union County,Kentucky,13644,12839,-499,-505,701,972
21227,Warren County,Kentucky,135039,149375,6588,11605,9165,6521
21229,Washington County,Kentucky,12042,12368,420,494,688,858
21231,Wayne County,Kentucky,19548,19597,511,575,988,1515
21233,Webster County,Kentucky,13021,12929,-185,32,826,950
21235,Whitley County,Kentucky,36696,37297,599,754,2760,2938
21237,Wolfe County,Kentucky,6560,6298,-81,33,405,699
21239,Woodford County,Kentucky,26900,27883,519,1132,1325,1455
22001,Acadia Parish,Louisiana,57484,57032,-1141,-744,4208,3946
22003,Allen Parish,Louisiana,22671,22672,-420,171,1339,1515
22005,Ascension Parish,Louisiana,126975,135105,2870,4928,8241,5059
22007,Assumption Parish,Louisiana,20962,19720,-883,-858,935,1311
22009,Avoyelles Parish,Louisiana,39645,37941,-1293,-1153,2326,2884
22011,Beauregard Parish,Louisiana,36605,36673,-218,-169,2384,2152
22013,Bienville Parish,Louisiana,12916,12269,-341,-291,759,1118
22015,Bossier Parish,Louisiana,128647,131867,-919,1724,7951,6550
22017,Caddo Parish,Louisiana,237024,224226,-12066,-10990,13785,15567
22019,Calcasieu Parish,Louisiana,216474,208466,-11484,-8591,12417,11063
22021,Caldwell Parish,Louisiana,9616,9344,-44,-32,563,803
22023,Cameron Parish,Louisiana,5621,4718,-1019,-952,316,236
22025,Catahoula Parish,Louisiana,8846,8223,-352,-353,441,714
22027,Claiborne Parish,Louisiana,14108,13354,-390,-390,640,1013
22029,Concordia Parish,Louisiana,18574,17836,-1055,-375,975,1356
22031,De Soto Parish,Louisiana,26840,27381,619,630,1672,1756
22033,East Baton Rouge Parish,Louisiana,455907,456180,-18848,-4372,26912,22522
22035,East Carroll Parish,Louisiana,7398,6760,-526,-528,337,457
22037,East Feliciana Parish,Louisiana,19447,18911,17,25,888,1449
22039,Evangeline Parish,Louisiana,32301,31980,-1347,-118,2077,2294
22041,Franklin Parish,Louisiana,19714,19002,-407,-390,1172,1509
22043,Grant Parish,Louisiana,22150,22075,-188,58,1217,1360
22045,Iberia Parish,Louisiana,70054,66846,-3615,-3230,4363,4353
22047,Iberville Parish,Louisiana,30070,29579,-555,-162,1693,2014
22049,Jackson Parish,Louisiana,14996,15834,-31,1312,656,1128
22051,Jefferson Parish,Louisiana,439688,431398,-36782,-11231,25548,22889
22053,Jefferson Davis Parish,Louisiana,32237,31471,-616,-615,2101,2267
22055,Lafayette Parish,Louisiana,242176,257949,5022,10751,16499,11501
22057,Lafourche Parish,Louisiana,97421,95505,-2860,-2184,5472,5337
22059,LaSalle Parish,Louisiana,14824,15154,16,546,822,1041
22061,Lincoln Parish,Louisiana,48301,48360,-314,-44,2544,2447
22063,Livingston Parish,Louisiana,142833,155036,8171,10314,9157,7205
22065,Madison Parish,Louisiana,9929,8844,-1000,-974,543,674
22067,Morehouse Parish,Louisiana,25459,23705,-1149,-1084,1374,2046
22069,Natchitoches Parish,Louisiana,37400,36089,-1222,-1110,2163,2362
22071,Orleans Parish,Louisiana,383361,362154,-30880,-22326,19546,18745
22073,Ouachita Parish,Louisiana,160106,158542,-4066,-2012,9799,9371
22075,Plaquemines Parish,Louisiana,23503,22256,-1714,-1530,1266,1032
22077,Pointe Coupee Parish,Louisiana,20676,19520,-809,-718,1189,1608
22079,Rapides Parish,Louisiana,129655,125877,-4145,-2797,7855,8898
22081,Red River Parish,Louisiana,7583,7165,-293,-293,498,618
22083,Richland Parish,Louisiana,20029,19582,-369,-294,1311,1460
22085,Sabine Parish,Louisiana,22096,21834,99,114,1310,1683
22087,St. Bernard Parish,Louisiana,43858,45642,9,1214,2704,2128
22089,St. Charles Parish,Louisiana,52515,50586,-2678,-2462,2734,2291
22091,St. Helena Parish,Louisiana,10884,10758,62,158,471,751
22093,St. James Parish,Louisiana,20117,18938,-1079,-1029,1038,1193
22095,St. John the Baptist Parish,Louisiana,42362,39875,-3166,-2749,2391,2278
22097,St. Landry Parish,Louisiana,82306,80765,-1823,-1395,5611,5783
22099,St. Martin Parish,Louisiana,51616,51106,-1075,-695,3252,3074
22101,St. Mary Parish,Louisiana,49149,46552,-3125,-2227,2946,3305
22103,St. Tammany Parish,Louisiana,264989,279108,9975,13824,14400,13892
22105,Tangipahoa Parish,Louisiana,133651,141346,5333,6237,9574,8155
22107,Tensas Parish,Louisiana,4107,3700,-238,-238,151,330
22109,Terrebonne Parish,Louisiana,109415,104163,-7966,-5894,6391,6026
22111,Union Parish,Louisiana,21097,20561,-306,-51,1150,1633
22113,Vermilion Parish,Louisiana,56959,57671,245,711,3524,3499
22115,Vernon Parish,Louisiana,48632,45091,-5627,-5244,4094,2434
22117,Washington Parish,Louisiana,45358,44937,26,186,2891,3492
22119,Webster Parish,Louisiana,36884,34948,-954,-846,2069,3113
22121,West Baton Rouge Parish,Louisiana,27265,28756,851,1137,1769,1398
22123,West Carroll Parish,Louisiana,9694,9156,-223,-216,575,904
22125,West Feliciana Parish,Louisiana,15245,15134,158,183,509,790
22127,Winn Parish,Louisiana,13720,14961,-496,1652,645,1053
23001,Androscoggin County,Maine,111181,116487,3599,6670,5695,6963
23003,Aroostook County,Maine,67051,66609,1714,2058,2928,5467
23005,Cumberland County,Maine,303588,317222,5425,15082,14166,15655
23007,Franklin County,Maine,29463,30824,2113,2242,1111,1965
23009,Hancock County,Maine,55512,57171,2516,3231,1935,3452
23011,Kennebec County,Maine,124732,129067,5532,6831,5362,7945
23013,Knox County,Maine,40663,41117,1641,1823,1409,2741
23015,Lincoln County,Maine,35244,36595,2364,2484,1320,2414
23017,Oxford County,Maine,57894,60346,4047,4075,2472,4112
23019,Penobscot County,Maine,152174,157967,6821,9275,6251,9837
23021,Piscataquis County,Maine,16815,17409,1374,1418,620,1435
23023,Sagadahoc County,Maine,36731,37979,1602,1974,1446,2146
23025,Somerset County,Maine,50469,51620,2444,2589,2283,3744
23027,Waldo County,Maine,39666,40693,1895,1944,1583,2520
23029,Washington County,Maine,31091,31334,1467,1601,1324,2699
23031,York County,Maine,212272,222434,10423,12763,9066,11671
24001,Allegany County,Maryland,67967,66848,852,975,3031,5135
24003,Anne Arundel County,Maryland,593487,603380,-6453,702,33515,24510
24005,Baltimore County,Maryland,853350,847650,-23466,-6880,46009,45034
24009,Calvert County,Maryland,92922,94484,1097,1333,4664,4390
24011,Caroline County,Maryland,33274,34116,262,768,2080,1998
24013,Carroll County,Maryland,172923,176677,3288,4284,8500,8958
24015,Cecil County,Maryland,103798,107131,2776,3366,5824,5880
24017,Charles County,Maryland,166734,176593,6404,8246,8792,7082
24019,Dorchester County,Maryland,32523,33628,1420,1544,1841,2300
24021,Frederick County,Maryland,272767,302883,19797,25070,15774,10620
24023,Garrett County,Maryland,28798,28370,259,288,1205,1909
24025,Harford County,Maryland,261235,266446,3617,4779,13117,12561
24027,Howard County,Maryland,332809,339183,-5902,661,15499,10125
24029,Kent County,Maryland,19125,19565,904,1026,768,1353
24031,Montgomery County,Maryland,1060926,1074582,-59263,-9353,56810,34398
24033,Prince George's County,Maryland,965578,970374,-58646,-12230,53455,36868
24035,Queen Anne's County,Maryland,50039,54448,3552,4262,2621,2505
24037,St. Mary's County,Maryland,113992,116692,26,756,6819,4933
24039,Somerset County,Maryland,24557,24973,619,852,1223,1627
24041,Talbot County,Maryland,37488,38238,1103,1733,1666,2636
24043,Washington County,Maryland,154699,157731,2839,4313,8016,9244
24045,Wicomico County,Maryland,103577,106899,-226,2382,6730,5803
24047,Worcester County,Maryland,52524,54459,3068,3538,2183,3751
24510,Baltimore city,Maryland,583295,569997,-27661,-13536,34831,34794
25001,Barnstable County,Massachusetts,228055,233539,8500,14586,7455,15973
25003,Berkshire County,Massachusetts,129816,128224,652,2561,4527,8582
25005,Bristol County,Massachusetts,576723,593640,4779,19185,27796,29728
25007,Dukes County,Massachusetts,20580,21219,-433,670,828,839
25009,Essex County,Massachusetts,807799,826653,-20560,12878,42433,36665
25011,Franklin County,Massachusetts,70938,70698,624,1260,2440,3887
25013,Hampden County,Massachusetts,463651,464338,-7339,1868,23728,25045
25015,Hampshire County,Massachusetts,148597,164065,16657,19679,4479,6970
25017,Middlesex County,Massachusetts,1624461,1669979,-61446,27197,79082,60030
25019,Nantucket County,Massachusetts,14240,14758,-263,162,798,442
25021,Norfolk County,Massachusetts,723647,739749,-12498,11418,34918,30636
25023,Plymouth County,Massachusetts,528413,546829,4574,18231,26582,26210
25025,Suffolk County,Massachusetts,791372,791891,-74186,-15774,41260,24512
25027,Worcester County,Massachusetts,857028,888502,-4343,26654,43106,38253
26001,Alcona County,Michigan,10184,10556,1079,1108,340,1079
26003,Alger County,Michigan,8845,8641,33,43,308,567
26005,Allegan County,Michigan,120666,123188,1873,2535,5981,5972
26007,Alpena County,Michigan,28891,28853,916,915,1258,2206
26009,Antrim County,Michigan,23457,24698,1894,1974,945,1670
26011,Arenac County,Michigan,14998,15068,613,620,587,1138
26013,Baraga County,Michigan,8143,8169,171,174,395,533
26015,Barry County,Michigan,62599,63991,1555,1804,2861,3264
26017,Bay County,Michigan,103739,102123,927,1073,4470,7163
26019,Benzie County,Michigan,18002,18568,1018,1086,694,1203
26021,Berrien County,Michigan,154395,152444,-1632,231,7391,9557
26023,Branch County,Michigan,44877,45993,-252,613,3015,2597
26025,Calhoun County,Michigan,134198,133408,8,1025,7054,8871
26027,Cass County,Michigan,51553,51677,853,914,2383,3164
26029,Charlevoix County,Michigan,26042,26036,656,739,963,1697
26031,Cheboygan County,Michigan,25575,25793,1220,1318,919,2019
26033,Chippewa County,Michigan,36793,36081,-55,144,1381,2190
26035,Clare County,Michigan,30837,31543,1648,1654,1588,2530
26037,Clinton County,Michigan,79168,80432,816,1416,3476,3606
26039,Crawford County,Michigan,12986,13722,1210,1235,558,1048
26041,Delta County,Michigan,36877,36582,794,842,1506,2636
26043,Dickinson County,Michigan,25896,25827,548,596,1102,1778
26045,Eaton County,Michigan,109174,109581,453,1486,5163,6212
26047,Emmet County,Michigan,34112,33775,493,553,1267,2129
26049,Genesee County,Michigan,405746,401093,-1356,1139,20885,26772
26051,Gladwin County,Michigan,25371,26077,1694,1738,1185,2219
26053,Gogebic County,Michigan,14349,14285,482,505,512,1081
26055,Grand Traverse County,Michigan,95428,96729,2010,2240,4350,5282
26057,Gratiot County,Michigan,41657,41190,59,182,1922,2558
26059,Hillsdale County,Michigan,45740,45738,361,479,2468,2950
26061,Houghton County,Michigan,37256,37842,-115,665,1866,1941
26063,Huron County,Michigan,31378,30530,197,310,1373,2513
26065,Ingham County,Michigan,285005,289709,-4092,4007,13885,13103
26067,Ionia County,Michigan,66871,66557,-536,-457,3180,3063
26069,Iosco County,Michigan,25189,25266,1336,1428,1042,2383
26071,Iron County,Michigan,11630,11757,680,712,393,982
26073,Isabella County,Michigan,64518,64691,-249,405,2960,3162
26075,Jackson County,Michigan,160215,159552,536,1212,7875,9740
26077,Kalamazoo County,Michigan,261780,263795,-2725,1713,13157,12721
26079,Kalkaska County,Michigan,17924,18693,1126,1145,841,1237
26081,Kent County,Michigan,658508,675232,-10587,3722,40064,27137
26083,Keweenaw County,Michigan,2059,2186,191,194,87,155
26085,Lake County,Michigan,12086,13182,1574,1589,448,971
26087,Lapeer County,Michigan,88595,89516,1977,2246,3902,5189
26089,Leelanau County,Michigan,22312,22982,1415,1456,687,1451
26091,Lenawee County,Michigan,99348,97779,-291,-12,4329,5937
26093,Livingston County,Michigan,193974,197315,3522,3848,8444,8899
26095,Luce County,Michigan,6411,6339,117,124,247,441
26097,Mackinac County,Michigan,10821,11236,527,850,391,808
26099,Macomb County,Michigan,880240,886221,-1746,11043,43096,48129
26101,Manistee County,Michigan,25070,25656,1485,1555,958,1894
26103,Marquette County,Michigan,66542,68064,2151,2370,2621,3571
26105,Mason County,Michigan,29033,29040,888,956,1111,2032
26107,Mecosta County,Michigan,40414,42320,2051,2137,1979,2248
26109,Menominee County,Michigan,23454,22941,138,167,905,1583
26111,Midland County,Michigan,83488,83754,397,873,4092,4695
26113,Missaukee County,Michigan,15067,15274,402,483,745,1018
26115,Monroe County,Michigan,154912,156004,2431,3134,7045,9033
26117,Montcalm County,Michigan,66659,69406,2541,3182,3421,3848
26119,Montmorency County,Michigan,9169,9842,1217,1239,336,924
26121,Muskegon County,Michigan,174783,177901,3704,4216,9237,10347
26123,Newaygo County,Michigan,50091,51622,1893,2072,2533,3066
26125,Oakland County,Michigan,1272524,1288337,-26392,12446,61697,59067
26127,Oceana County,Michigan,26717,27177,502,655,1391,1567
26129,Ogemaw County,Michigan,20781,21121,1057,1121,943,1741
26131,Ontonagon County,Michigan,5799,5823,407,413,145,532
26133,Osceola County,Michigan,22906,23516,672,744,1347,1472
26135,Oscoda County,Michigan,8230,8723,799,807,449,768
26137,Otsego County,Michigan,25137,26080,1260,1365,1168,1594
26139,Ottawa County,Michigan,296893,308459,6136,8387,15261,12186
26141,Presque Isle County,Michigan,13001,13128,787,804,455,1119
26143,Roscommon County,Michigan,23476,23914,1889,1894,817,2269
26145,Saginaw County,Michigan,189853,187688,-256,447,9599,12209
26147,St. Clair County,Michigan,160386,160486,2614,3047,7290,10220
26149,St. Joseph County,Michigan,60923,60968,-50,295,3482,3731
26151,Sanilac County,Michigan,40499,40083,464,587,1909,2900
26153,Schoolcraft County,Michigan,8049,8187,420,443,317,629
26155,Shiawassee County,Michigan,67990,67681,660,735,3312,4350
26157,Tuscola County,Michigan,53324,52680,281,399,2500,3548
26159,Van Buren County,Michigan,75574,76071,420,920,3982,4382
26161,Washtenaw County,Michigan,371814,370214,-17828,-3769,15816,13013
26163,Wayne County,Michigan,1789634,1769038,-67930,-26514,103503,98050
26165,Wexford County,Michigan,33684,34445,1041,1174,1758,2166
27001,Aitkin County,Minnesota,15708,16252,1209,1230,581,1279
27003,Anoka County,Minnesota,364474,381605,3537,10326,20259,13455
27005,Becker County,Minnesota,35184,35497,545,613,1758,2046
27007,Beltrami County,Minnesota,46232,47055,515,625,2660,2474
27009,Benton County,Minnesota,41355,41744,-354,-49,2361,1937
27011,Big Stone County,Minnesota,5158,5054,-4,14,279,399
27013,Blue Earth County,Minnesota,69202,70634,-198,877,3388,2890
27015,Brown County,Minnesota,25908,25517,-199,-86,1250,1569
27017,Carlton County,Minnesota,36190,36711,1054,1129,1682,2297
27019,Carver County,Minnesota,107308,114379,3682,4524,5979,3402
27021,Cass County,Minnesota,30152,31430,1980,2029,1326,2113
27023,Chippewa County,Minnesota,12606,12406,-589,-181,836,849
27025,Chisago County,Minnesota,56723,59142,1982,2130,2944,2619
27027,Clay County,Minnesota,65358,67734,911,1449,3728,2807
27029,Clearwater County,Minnesota,8565,8647,61,67,521,507
27031,Cook County,Minnesota,5598,5522,-33,9,166,254
27033,Cottonwood County,Minnesota,11517,11405,-329,-98,754,777
27035,Crow Wing County,Minnesota,66284,69132,3492,3576,3133,3828
27037,Dakota County,Minnesota,440419,457710,1394,8973,24497,16332
27039,Dodge County,Minnesota,20895,21376,-202,-68,1333,794
27041,Douglas County,Minnesota,39095,40120,1332,1482,1927,2386
27043,Faribault County,Minnesota,13899,13888,179,229,665,902
27045,Fillmore County,Minnesota,21235,21540,354,444,1157,1298
27047,Freeborn County,Minnesota,30899,30440,-53,77,1473,2000
27049,Goodhue County,Minnesota,47594,48195,608,829,2545,2733
27051,Grant County,Minnesota,6093,6085,6,67,307,378
27053,Hennepin County,Minnesota,1281663,1284784,-53601,-17960,71361,49713
27055,Houston County,Minnesota,18843,18400,-64,-29,739,1147
27057,Hubbard County,Minnesota,21395,22369,1161,1223,1014,1247
27059,Isanti County,Minnesota,41385,44386,2591,2737,2349,2087
27061,Itasca County,Minnesota,45022,45404,1309,1336,1939,2898
27063,Jackson County,Minnesota,9990,9857,-109,-51,440,526
27065,Kanabec County,Minnesota,16054,16628,730,731,800,960
27067,Kandiyohi County,Minnesota,43727,44720,-1424,588,2672,2291
27069,Kittson County,Minnesota,4187,4031,-63,-22,217,354
27071,Koochiching County,Minnesota,12027,11587,-16,-14,464,893
27073,Lac qui Parle County,Minnesota,6692,6704,115,144,417,545
27075,Lake County,Minnesota,10923,10746,196,196,437,797
27077,Lake of the Woods County,Minnesota,3770,3770,43,44,187,235
27079,Le Sueur County,Minnesota,28633,29453,389,668,1492,1333
27081,Lincoln County,Minnesota,5623,5583,-20,-5,303,337
27083,Lyon County,Minnesota,25429,25684,-674,-81,1605,1299
27085,McLeod County,Minnesota,36743,36631,-230,27,1958,2099
27087,Mahnomen County,Minnesota,5373,5153,-205,-187,385,422
27089,Marshall County,Minnesota,9025,8798,-281,-267,459,428
27091,Martin County,Minnesota,19998,19440,-334,-233,1055,1389
27093,Meeker County,Minnesota,23430,23603,72,205,1275,1300
27095,Mille Lacs County,Minnesota,26475,27753,1520,1528,1503,1741
27097,Morrison County,Minnesota,33991,34620,728,760,1857,1984
27099,Mower County,Minnesota,40068,40971,-721,591,2458,2178
27101,Murray County,Minnesota,8177,7942,-166,-130,319,426
27103,Nicollet County,Minnesota,34504,34273,-656,-316,1524,1431
27105,Nobles County,Minnesota,22201,22338,-1836,-693,1801,991
27107,Norman County,Minnesota,6438,6336,-34,24,330,459
27109,Olmsted County,Minnesota,163055,166731,-2461,414,9739,6536
27111,Otter Tail County,Minnesota,60098,61041,1340,1862,2951,3873
27113,Pennington County,Minnesota,13942,13686,-376,-239,733,743
27115,Pine County,Minnesota,28886,30472,1926,2000,1265,1761
27117,Pipestone County,Minnesota,9418,9260,-295,-130,622,650
27119,Polk County,Minnesota,31099,30545,-601,-369,1708,1886
27121,Pope County,Minnesota,11327,11420,177,216,561,676
27123,Ramsey County,Minnesota,551733,541623,-32976,-17668,32636,24879
27125,Red Lake County,Minnesota,3937,3940,-43,-42,246,203
27127,Redwood County,Minnesota,15417,15265,-268,-215,927,863
27129,Renville County,Minnesota,14691,14356,-292,-209,785,919
27131,Rice County,Minnesota,67105,69939,531,2425,3258,2884
27133,Rock County,Minnesota,9685,9524,-59,-29,439,577
27135,Roseau County,Minnesota,15298,15246,-175,-121,824,761
27137,St. Louis County,Minnesota,200067,200518,2811,3233,8730,11722
27139,Scott County,Minnesota,151361,159017,1501,3928,8281,4564
27141,Sherburne County,Minnesota,97588,104194,3576,4256,5835,3477
27143,Sibley County,Minnesota,14820,15356,216,333,905,687
27145,Stearns County,Minnesota,158456,164110,-1951,1982,9975,6333
27147,Steele County,Minnesota,37388,37464,-390,-91,2000,1835
27149,Stevens County,Minnesota,9672,9747,-397,-94,561,400
27151,Swift County,Minnesota,9801,9763,-221,-64,575,555
27153,Todd County,Minnesota,25291,26060,98,422,1678,1325
27155,Traverse County,Minnesota,3359,3130,-146,-132,191,284
27157,Wabasha County,Minnesota,21394,21537,152,228,1074,1163
27159,Wadena County,Minnesota,14124,14388,402,465,926,1135
27161,Waseca County,Minnesota,18973,18688,-274,-220,941,1005
27163,Washington County,Minnesota,268397,286895,13131,15406,13677,10403
27165,Watonwan County,Minnesota,11236,11459,-582,-77,921,627
27167,Wilkin County,Minnesota,6477,6288,-132,-98,314,404
27169,Winona County,Minnesota,49656,50523,518,940,2181,2257
27171,Wright County,Minnesota,141876,157559,10413,11538,9431,5238
27173,Yellow Medicine County,Minnesota,9498,9477,-210,-121,619,517
28001,Adams County,Mississippi,29426,30061,-2182,1583,1363,2263
28003,Alcorn County,Mississippi,34732,34569,-105,367,1943,2474
28005,Amite County,Mississippi,12703,12487,144,174,611,996
28007,Attala County,Mississippi,17822,17100,-307,-301,1106,1534
28009,Benton County,Mississippi,7667,7502,16,44,416,627
28011,Bolivar County,Mississippi,30838,28262,-2239,-2049,1796,2338
28013,Calhoun County,Mississippi,13223,12643,-354,-277,770,1059
28015,Carroll County,Mississippi,9937,9226,-293,-298,377,792
28017,Chickasaw County,Mississippi,17081,16730,-205,-174,1057,1235
28019,Choctaw County,Mississippi,8204,8048,11,39,433,625
28021,Claiborne County,Mississippi,9093,8058,-945,-880,520,650
28023,Clarke County,Mississippi,15545,15102,-193,-198,898,1146
28025,Clay County,Mississippi,18620,18238,-249,-246,1156,1287
28027,Coahoma County,Mississippi,21228,19849,-1829,-985,1389,1787
28029,Copiah County,Mississippi,28263,27497,-980,-389,1665,2024
28031,Covington County,Mississippi,18299,17898,-158,-98,1198,1503
28033,DeSoto County,Mississippi,186120,197918,9373,10864,10274,9281
28035,Forrest County,Mississippi,78198,79034,-890,205,5069,4439
28037,Franklin County,Mississippi,7661,7491,5,12,429,612
28039,George County,Mississippi,24365,26331,1880,2044,1745,1830
28041,Greene County,Mississippi,13531,13707,206,213,718,750
28043,Grenada County,Mississippi,21574,20868,-302,-209,1205,1696
28045,Hancock County,Mississippi,46121,46873,1447,1713,2163,3141
28047,Harrison County,Mississippi,208821,217136,3996,8615,12155,12574
28049,Hinds County,Mississippi,226778,211888,-18330,-15053,13261,13161
28051,Holmes County,Mississippi,16886,15465,-1214,-1213,1083,1297
28053,Humphreys County,Mississippi,7734,7001,-585,-528,466,676
28055,Issaquena County,Mississippi,1326,1263,-21,-21,25,68
28057,Itawamba County,Mississippi,23855,24152,577,596,1369,1677
28059,Jackson County,Mississippi,143373,147666,3680,5373,7541,8616
28061,Jasper County,Mississippi,16350,15785,-241,-242,953,1275
28063,Jefferson County,Mississippi,7248,6825,-290,-287,372,509
28065,Jefferson Davis County,Mississippi,11274,10941,25,21,581,933
28067,Jones County,Mississippi,67167,66496,-818,-423,4404,4639
28069,Kemper County,Mississippi,8968,8600,-171,-182,395,573
28071,Lafayette County,Mississippi,55912,59597,2233,3337,2810,2372
28073,Lamar County,Mississippi,64391,67403,1625,2015,3849,2807
28075,Lauderdale County,Mississippi,72678,70317,-2151,-1644,4249,4987
28077,Lawrence County,Mississippi,11987,11819,44,47,713,919
28079,Leake County,Mississippi,21249,21662,-419,234,1540,1363
28081,Lee County,Mississippi,83326,83731,-253,319,5407,5319
28083,Leflore County,Mississippi,28344,25686,-2460,-2345,1774,2102
28085,Lincoln County,Mississippi,34842,35012,342,426,2108,2359
28087,Lowndes County,Mississippi,58783,57346,-1908,-1333,3560,3667
28089,Madison County,Mississippi,109237,116298,2926,5976,6478,5420
28091,Marion County,Mississippi,24370,24001,330,344,1280,1989
28093,Marshall County,Mississippi,33780,34654,1559,1635,1858,2647
28095,Monroe County,Mississippi,34136,33318,-264,-203,1964,2585
28097,Montgomery County,Mississippi,9794,9354,-204,-208,562,803
28099,Neshoba County,Mississippi,28982,28732,-253,-97,2123,2280
28101,Newton County,Mississippi,21250,20960,-282,-205,1422,1502
28103,Noxubee County,Mississippi,10226,9798,-493,-466,726,688
28105,Oktibbeha County,Mississippi,51697,51896,-2271,-302,2384,1951
28107,Panola County,Mississippi,33173,32691,-28,2,2021,2501
28109,Pearl River County,Mississippi,56205,59363,3642,4079,3178,4150
28111,Perry County,Mississippi,11456,11577,176,191,743,802
28113,Pike County,Mississippi,40194,38712,-924,-863,2400,3017
28115,Pontotoc County,Mississippi,31195,32096,440,866,2098,2057
28117,Prentiss County,Mississippi,24968,25284,540,687,1440,1807
28119,Quitman County,Mississippi,6157,5364,-557,-548,346,589
28121,Rankin County,Mississippi,157155,162181,2161,3797,8905,7717
28123,Scott County,Mississippi,27968,28073,-1146,-329,2258,1802
28125,Sharkey County,Mississippi,3773,3097,-529,-529,233,383
28127,Simpson County,Mississippi,25887,25498,-57,-31,1499,1846
28129,Smith County,Mississippi,14200,13991,-34,-5,883,1086
28131,Stone County,Mississippi,18333,19654,1549,1616,966,1244
28133,Sunflower County,Mississippi,25695,22893,-2501,-2156,1256,1874
28135,Tallahatchie County,Mississippi,12652,10877,-1544,-1408,594,924
28137,Tate County,Mississippi,28125,28725,987,980,1550,1945
28139,Tippah County,Mississippi,21744,21389,-263,-43,1278,1585
28141,Tishomingo County,Mississippi,18848,18639,508,590,962,1759
28143,Tunica County,Mississippi,9732,8819,-919,-931,612,595
28145,Union County,Mississippi,27812,28459,589,714,1713,1784
28147,Walthall County,Mississippi,13869,13928,283,356,811,1108
28149,Warren County,Mississippi,44548,41759,-2451,-2292,2522,3004
28151,Washington County,Mississippi,44639,40446,-3638,-3600,2739,3364
28153,Wayne County,Mississippi,19809,19807,-161,16,1384,1394
28155,Webster County,Mississippi,9907,10167,565,561,619,916
28157,Wilkinson County,Mississippi,8522,7582,-649,-655,348,624
28159,Winston County,Mississippi,17689,17473,58,66,1013,1291
28161,Yalobusha County,Mississippi,12444,12375,229,227,752,1035
28163,Yazoo County,Mississippi,26671,22947,-3672,-3341,1431,1722
29001,Adair County,Missouri,25276,25684,-533,207,1419,1216
29003,Andrew County,Missouri,18109,18241,235,257,807,925
29005,Atchison County,Missouri,5307,5175,46,55,274,456
29007,Audrain County,Missouri,24778,24528,-128,-112,1504,1674
29009,Barry County,Missouri,34549,36200,1816,2026,2104,2478
29011,Barton County,Missouri,11624,11795,220,212,747,791
29013,Bates County,Missouri,16052,16512,591,596,993,1134
29015,Benton County,Missouri,19431,20536,2222,2224,802,1916
29017,Bollinger County,Missouri,10556,10646,271,269,687,865
29019,Boone County,Missouri,184060,191746,1038,5078,9445,6827
29021,Buchanan County,Missouri,84471,83540,-1920,-449,5044,5521
29023,Butler County,Missouri,42064,41904,545,608,2507,3283
29025,Caldwell County,Missouri,8826,9012,322,346,478,631
29027,Callaway County,Missouri,44339,45765,1358,1484,2301,2334
29029,Camden County,Missouri,42804,44047,2359,2593,1745,3081
29031,Cape Girardeau County,Missouri,81811,83999,1664,2361,4412,4613
29033,Carroll County,Missouri,8466,8417,160,158,405,608
29035,Carter County,Missouri,5201,5418,196,210,414,400
29037,Cass County,Missouri,108160,115859,7574,7687,5855,5819
29039,Cedar County,Missouri,14210,14888,848,839,970,1114
29041,Chariton County,Missouri,7386,7377,162,210,357,577
29043,Christian County,Missouri,89291,96725,6329,6752,5216,4467
29045,Clark County,Missouri,6664,6475,-78,-76,384,489
29047,Clay County,Missouri,254121,265032,4810,7404,14576,11117
29049,Clinton County,Missouri,21214,21661,744,732,1145,1431
29051,Cole County,Missouri,76608,77908,499,1196,4119,4009
29053,Cooper County,Missouri,16643,17136,563,560,886,958
29055,Crawford County,Missouri,23030,22929,449,454,1207,1759
29057,Dade County,Missouri,7585,7804,537,540,339,655
29059,Dallas County,Missouri,17133,18025,1153,1180,1027,1316
29061,Daviess County,Missouri,8435,8558,110,110,554,534
29063,DeKalb County,Missouri,11605,9795,-1668,-1636,472,734
29065,Dent County,Missouri,14392,14584,760,746,749,1306
29067,Douglas County,Missouri,11604,12342,1066,1095,732,1085
29069,Dunklin County,Missouri,28216,26855,-746,-638,1850,2562
29071,Franklin County,Missouri,104852,108090,3776,3950,5565,6310
29073,Gasconade County,Missouri,14763,14784,436,437,788,1196
29075,Gentry County,Missouri,6129,6384,286,286,404,432
29077,Greene County,Missouri,299328,309286,8202,10956,16002,17126
29079,Grundy County,Missouri,9764,9744,35,58,657,742
29081,Harrison County,Missouri,8158,8281,128,150,537,561
29083,Henry County,Missouri,21976,22671,1190,1218,1175,1692
29085,Hickory County,Missouri,8306,9044,1076,1080,551,882
29087,Holt County,Missouri,4183,4200,153,166,216,361
29089,Howard County,Missouri,10154,10180,137,139,465,587
29091,Howell County,Missouri,39800,40798,1729,1714,2290,3044
29093,Iron County,Missouri,9512,9318,237,279,469,946
29095,Jackson County,Missouri,717643,732994,-3656,8798,43544,37066
29097,Jasper County,Missouri,122885,127428,3148,4193,7820,7537
29099,Jefferson County,Missouri,226944,233132,6374,6623,11769,12264
29101,Johnson County,Missouri,54023,56670,873,1526,3454,2340
29103,Knox County,Missouri,3733,3728,60,59,245,305
29105,Laclede County,Missouri,36046,36943,1086,1196,2333,2644
29107,Lafayette County,Missouri,33059,33531,840,963,1806,2294
29109,Lawrence County,Missouri,37990,39401,1545,1558,2479,2629
29111,Lewis County,Missouri,10042,9879,-27,-3,526,681
29113,Lincoln County,Missouri,59842,66676,5850,6008,3921,3117
29115,Linn County,Missouri,11854,11815,245,244,668,951
29117,Livingston County,Missouri,14555,14708,311,353,808,1007
29119,McDonald County,Missouri,23281,23992,-186,501,1693,1494
29121,Macon County,Missouri,15199,15190,189,225,893,1131
29123,Madison County,Missouri,12623,12858,470,581,621,971
29125,Maries County,Missouri,8455,8397,105,121,480,659
29127,Marion County,Missouri,28480,28525,270,328,1695,1972
29129,Mercer County,Missouri,3516,3404,-153,-106,235,240
29131,Miller County,Missouri,24772,25817,1163,1230,1450,1659
29133,Mississippi County,Missouri,12133,12003,122,122,700,988
29135,Moniteau County,Missouri,15223,15428,27,76,982,862
29137,Monroe County,Missouri,8692,8959,370,406,453,591
29139,Montgomery County,Missouri,11293,11590,583,582,586,863
29141,Morgan County,Missouri,20997,22418,1750,1737,1299,1620
29143,New Madrid County,Missouri,16329,15086,-755,-748,921,1421
29145,Newton County,Missouri,58702,62263,2910,3858,3513,3786
29147,Nodaway County,Missouri,21021,20174,-1132,-914,1051,1019
29149,Oregon County,Missouri,8605,8709,493,503,541,944
29151,Osage County,Missouri,13250,13611,300,305,816,748
29153,Ozark County,Missouri,8518,9172,1001,1002,435,780
29155,Pemiscot County,Missouri,15583,14465,-974,-851,1020,1292
29157,Perry County,Missouri,18971,19093,140,225,1039,1150
29159,Pettis County,Missouri,43011,44254,188,903,2926,2579
29161,Phelps County,Missouri,44553,45247,533,1547,2024,2860
29163,Pike County,Missouri,17411,17955,697,705,988,1144
29165,Platte County,Missouri,107187,114400,4221,5952,5879,4626
29167,Polk County,Missouri,31615,33604,1816,1990,1956,1960
29169,Pulaski County,Missouri,54005,54442,-998,-862,3393,2088
29171,Putnam County,Missouri,4686,4546,-114,-110,337,368
29173,Ralls County,Missouri,10352,10444,320,321,443,673
29175,Randolph County,Missouri,24462,24513,278,286,1408,1655
29177,Ray County,Missouri,23136,23398,606,609,1265,1618
29179,Reynolds County,Missouri,6077,5992,89,88,305,473
29181,Ripley County,Missouri,10670,10717,380,402,728,1093
29183,St. Charles County,Missouri,406407,426499,12767,17997,20308,18067
29185,St. Clair County,Missouri,9350,9976,808,831,587,800
29186,Ste. Genevieve County,Missouri,18480,18689,384,380,946,1112
29187,St. Francois County,Missouri,66433,67809,2692,2877,3378,4826
29189,St. Louis County,Missouri,1003365,990911,-26493,-7232,50310,55983
29195,Saline County,Missouri,23334,23265,-275,152,1251,1488
29197,Schuyler County,Missouri,4006,4140,55,72,332,270
29199,Scotland County,Missouri,4698,4796,-58,-43,416,274
29201,Scott County,Missouri,38021,37975,219,292,2314,2646
29203,Shannon County,Missouri,7034,7285,409,412,460,625
29205,Shelby County,Missouri,6090,5870,-174,-144,375,440
29207,Stoddard County,Missouri,28656,28284,276,296,1634,2303
29209,Stone County,Missouri,31212,32503,2274,2331,1334,2396
29211,Sullivan County,Missouri,5985,5738,-300,-205,360,395
29213,Taney County,Missouri,56053,57001,1546,1714,2956,3723
29215,Texas County,Missouri,24324,25994,2240,2228,1387,1945
29217,Vernon County,Missouri,19659,19946,473,616,1221,1551
29219,Warren County,Missouri,35740,39016,3160,3197,2145,2083
29221,Washington County,Missouri,23432,23810,893,940,1240,1796
29223,Wayne County,Missouri,10937,10782,264,278,569,996
29225,Webster County,Missouri,39012,43054,3156,3165,3009,2149
29227,Worth County,Missouri,1965,1914,-13,-14,111,149
29229,Wright County,Missouri,18209,19671,1563,1567,1286,1393
29510,St. Louis city,Missouri,300302,278144,-30729,-23059,17014,16175
30001,Beaverhead County,Montana,9375,10043,810,807,452,596
30003,Big Horn County,Montana,13079,12752,-454,-407,916,832
30005,Blaine County,Montana,7009,6860,-159,-156,405,393
30007,Broadwater County,Montana,6860,8493,1631,1629,378,369
30009,Carbon County,Montana,10511,11466,981,999,476,514
30011,Carter County,Montana,1406,1383,-11,-11,74,85
30013,Cascade County,Montana,84410,85029,934,1168,4665,5223
30015,Chouteau County,Montana,5911,5865,70,78,202,323
30017,Custer County,Montana,11860,12034,267,278,615,717
30019,Daniels County,Montana,1650,1612,-12,-10,74,101
30021,Dawson County,Montana,8921,8692,-88,-82,474,623
30023,Deer Lodge County,Montana,9425,9709,506,529,396,644
30025,Fallon County,Montana,3029,2959,-115,-118,181,131
30027,Fergus County,Montana,11473,11825,505,536,640,814
30029,Flathead County,Montana,104873,115429,10147,10489,5854,5713
30031,Gallatin County,Montana,119593,128740,5435,6789,5896,3475
30033,Garfield County,Montana,1170,1148,-18,-19,79,80
30035,Glacier County,Montana,13736,13463,-179,-177,869,966
30037,Golden Valley County,Montana,822,844,39,39,57,74
30039,Granite County,Montana,3307,3658,383,401,126,182
30041,Hill County,Montana,16248,16167,-278,-290,1087,883
30043,Jefferson County,Montana,12141,13329,1444,1464,499,766
30045,Judith Basin County,Montana,2025,2162,128,133,101,102
30047,Lake County,Montana,31245,33392,2489,2541,1507,1908
30049,Lewis and Clark County,Montana,71181,75331,4286,4485,3382,3733
30051,Liberty County,Montana,1956,1957,-3,16,100,114
30053,Lincoln County,Montana,19737,22328,3235,3255,913,1592
30055,McCone County,Montana,1731,1720,-33,-33,105,82
30057,Madison County,Montana,8657,10026,1447,1515,353,503
30059,Meagher County,Montana,1922,2137,223,223,94,105
30061,Mineral County,Montana,4567,5185,754,756,190,326
30063,Missoula County,Montana,118337,123513,4137,4855,5364,5059
30065,Musselshell County,Montana,4748,5582,925,914,263,346
30067,Park County,Montana,17229,18214,1119,1181,765,977
30069,Petroleum County,Montana,502,548,44,44,30,27
30071,Phillips County,Montana,4208,4203,60,73,182,259
30073,Pondera County,Montana,5883,6072,210,236,366,403
30075,Powder River County,Montana,1694,1781,84,84,96,94
30077,Powell County,Montana,6941,7157,421,429,269,474
30079,Prairie County,Montana,1094,1112,58,61,42,84
30081,Ravalli County,Montana,44412,48582,5064,5231,1923,2930
30083,Richland County,Montana,11527,11377,-354,-257,670,553
30085,Roosevelt County,Montana,10808,10242,-554,-534,794,842
30087,Rosebud County,Montana,8309,8253,-189,-41,591,591
30089,Sanders County,Montana,12454,14062,1979,1980,575,942
30091,Sheridan County,Montana,3540,3436,-27,13,156,269
30093,Silver Bow County,Montana,35208,36118,1603,1799,1526,2439
30095,Stillwater County,Montana,8998,9445,515,511,429,497
30097,Sweet Grass County,Montana,3674,3762,135,154,152,215
30099,Teton County,Montana,6252,6496,310,310,353,417
30101,Toole County,Montana,4967,5211,221,276,236,276
30103,Treasure County,Montana,758,728,-20,-20,30,41
30105,Valley County,Montana,7564,7385,-55,-30,362,510
30107,Wheatland County,Montana,2075,2100,38,38,106,121
30109,Wibaux County,Montana,936,885,22,21,38,109
30111,Yellowstone County,Montana,165208,172692,6685,7390,9252,9206
31001,Adams County,Nebraska,31176,31071,-426,-112,1866,1853
31003,Antelope County,Nebraska,6287,6352,-6,8,431,373
31005,Arthur County,Nebraska,430,396,-24,-24,17,28
31007,Banner County,Nebraska,679,686,-11,16,37,50
31009,Blaine County,Nebraska,429,458,31,31,32,31
31011,Boone County,Nebraska,5361,5355,-38,26,321,351
31013,Box Butte County,Nebraska,10821,10494,-382,-271,590,625
31015,Boyd County,Nebraska,1810,1674,-58,-45,77,168
31017,Brown County,Nebraska,2902,2826,-61,-16,163,224
31019,Buffalo County,Nebraska,50197,51172,-49,318,2978,2319
31021,Burt County,Nebraska,6721,6678,98,110,325,478
31023,Butler County,Nebraska,8355,8507,162,151,536,527
31025,Cass County,Nebraska,26610,27657,1026,1085,1340,1347
31027,Cedar County,Nebraska,8373,8373,-2,11,521,520
31029,Chase County,Nebraska,3891,3718,-149,-99,231,308
31031,Cherry County,Nebraska,5457,5561,-69,-9,395,278
31033,Cheyenne County,Nebraska,9488,9528,139,208,515,682
31035,Clay County,Nebraska,6101,6170,7,36,419,379
31037,Colfax County,Nebraska,10559,10934,-1050,-158,869,331
31039,Cuming County,Nebraska,9011,8823,-267,-210,586,570
31041,Custer County,Nebraska,10496,10500,-81,-40,694,648
31043,Dakota County,Nebraska,21544,21687,-1602,-783,1874,952
31045,Dawes County,Nebraska,8157,7858,-189,-205,404,506
31047,Dawson County,Nebraska,24083,24452,-1738,-305,1771,1099
31049,Deuel County,Nebraska,1833,1862,73,78,57,110
31051,Dixon County,Nebraska,5581,5602,-227,7,347,336
31053,Dodge County,Nebraska,37099,38057,90,931,2478,2451
31055,Douglas County,Nebraska,585428,606460,-10739,5355,39426,23719
31057,Dundy County,Nebraska,1654,1568,-59,-59,83,112
31059,Fillmore County,Nebraska,5567,5458,52,53,282,445
31061,Franklin County,Nebraska,2885,2795,4,4,154,249
31063,Frontier County,Nebraska,2506,2655,109,152,132,133
31065,Furnas County,Nebraska,4624,4524,-98,-77,262,287
31067,Gage County,Nebraska,21661,21711,557,575,1072,1593
31069,Garden County,Nebraska,1889,1804,-22,-19,69,135
31071,Garfield County,Nebraska,1807,1710,4,4,116,214
31073,Gosper County,Nebraska,1895,1803,-46,-46,79,119
31075,Grant County,Nebraska,612,561,-49,-49,33,34
31077,Greeley County,Nebraska,2183,2154,-16,-16,127,141
31079,Hall County,Nebraska,62767,63633,-3984,-534,4550,3100
31081,Hamilton County,Nebraska,9406,9678,235,231,601,552
31083,Harlan County,Nebraska,3058,3000,29,40,161,254
31085,Hayes County,Nebraska,848,821,-58,-42,55,39
31087,Hitchcock County,Nebraska,2623,2467,-103,-100,128,186
31089,Holt County,Nebraska,10095,10067,-148,-14,630,643
31091,Hooker County,Nebraska,706,686,0,0,33,52
31093,Howard County,Nebraska,6487,6538,69,85,362,397
31095,Jefferson County,Nebraska,7260,7070,-106,-1,385,564
31097,Johnson County,Nebraska,5292,5218,49,68,191,328
31099,Kearney County,Nebraska,6690,6790,20,67,392,359
31101,Keith County,Nebraska,8323,8100,-72,-70,398,554
31103,Keya Paha County,Nebraska,760,792,41,44,40,50
31105,Kimball County,Nebraska,3409,3391,-9,31,185,236
31107,Knox County,Nebraska,8377,8335,-15,5,512,561
31109,Lancaster County,Nebraska,323178,334049,-1757,5607,18320,13028
31111,Lincoln County,Nebraska,34534,33303,-851,-627,1732,2323
31113,Logan County,Nebraska,712,669,-42,-39,43,44
31115,Loup County,Nebraska,607,570,-36,-36,27,27
31117,McPherson County,Nebraska,396,369,-30,-29,20,15
31119,Madison County,Nebraska,35533,36106,-572,222,2328,1951
31121,Merrick County,Nebraska,7656,7905,292,314,380,445
31123,Morrill County,Nebraska,4554,4404,-121,-60,255,349
31125,Nance County,Nebraska,3392,3290,-5,-5,207,308
31127,Nemaha County,Nebraska,7086,7102,76,74,402,462
31129,Nuckolls County,Nebraska,4093,4100,86,87,219,297
31131,Otoe County,Nebraska,15904,16531,275,624,915,906
31133,Pawnee County,Nebraska,2536,2510,47,53,132,206
31135,Perkins County,Nebraska,2859,2849,-47,10,140,160
31137,Phelps County,Nebraska,8978,8994,-31,9,577,564
31139,Pierce County,Nebraska,7344,7378,-167,-99,469,336
31141,Platte County,Nebraska,34302,35649,-1141,697,2276,1620
31143,Polk County,Nebraska,5214,5270,121,180,269,391
31145,Red Willow County,Nebraska,10682,10307,-234,-216,576,739
31147,Richardson County,Nebraska,7862,7530,9,5,373,702
31149,Rock County,Nebraska,1268,1259,12,12,76,97
31151,Saline County,Nebraska,14716,14996,-544,-17,972,654
31153,Sarpy County,Nebraska,191179,208303,9421,11975,11844,6760
31155,Saunders County,Nebraska,22365,23702,1170,1189,1343,1185
31157,Scotts Bluff County,Nebraska,36046,35586,-522,-233,2107,2336
31159,Seward County,Nebraska,17624,18032,342,364,934,882
31161,Sheridan County,Nebraska,5102,4809,-142,-130,278,440
31163,Sherman County,Nebraska,2960,2924,33,33,154,219
31165,Sioux County,Nebraska,1146,1188,-57,49,67,72
31167,Stanton County,Nebraska,5823,5744,-148,-146,350,290
31169,Thayer County,Nebraska,5022,4842,-36,-36,248,384
31171,Thomas County,Nebraska,671,639,-30,-30,39,42
31173,Thurston County,Nebraska,6759,6752,-239,-197,693,499
31175,Valley County,Nebraska,4058,4094,-11,9,276,248
31177,Washington County,Nebraska,20932,21302,241,267,1100,990
31179,Wayne County,Nebraska,9705,10020,34,162,500,348
31181,Webster County,Nebraska,3389,3336,68,74,181,309
31183,Wheeler County,Nebraska,773,789,-8,17,49,50
31185,York County,Nebraska,14095,14564,372,467,840,834
32001,Churchill County,Nevada,25570,25851,680,735,1438,1904
32003,Clark County,Nevada,2275833,2407226,55805,113375,122875,105915
32005,Douglas County,Nevada,49525,50111,2232,2298,1634,3275
32007,Elko County,Nevada,53677,54815,-193,7,3371,2254
32009,Esmeralda County,Nevada,735,729,40,35,22,61
32011,Eureka County,Nevada,1852,1867,25,47,90,119
32013,Humboldt County,Nevada,17270,17267,-362,-241,1011,787
32015,Lander County,Nevada,5723,5872,121,134,297,281
32017,Lincoln County,Nevada,4435,4320,41,40,241,394
32019,Lyon County,Nevada,59464,65088,6322,6465,3048,3855
32021,Mineral County,Nevada,4554,4407,164,163,147,449
32023,Nye County,Nevada,51986,57336,8116,8501,1904,5056
32027,Pershing County,Nevada,6635,6421,-71,-2,205,404
32029,Storey County,Nevada,4108,4260,281,329,91,267
32031,Washoe County,Nevada,487728,509386,11563,21208,24679,23922
32033,White Pine County,Nevada,9068,8661,-319,-316,457,527
32510,Carson City,Nevada,58688,58571,1273,1777,2505,4365
33001,Belknap County,New Hampshire,63779,65147,3374,3365,2229,4184
33003,Carroll County,New Hampshire,50251,52784,4200,4276,1600,3246
33005,Cheshire County,New Hampshire,76541,78269,2478,2727,3281,4351
33007,Coos County,New Hampshire,31235,31343,1669,1747,1093,2731
33009,Grafton County,New Hampshire,91193,93225,2740,3528,3215,4864
33011,Hillsborough County,New Hampshire,422902,433415,892,9034,20826,19418
33013,Merrimack County,New Hampshire,154061,158078,4835,5579,6362,8099
33015,Rockingham County,New Hampshire,314633,324077,9215,10488,14094,14955
33017,Strafford County,New Hampshire,131084,135043,3878,4632,5685,6508
33019,Sullivan County,New Hampshire,43073,43961,1681,1801,1813,2711
34001,Atlantic County,New Jersey,274192,278657,-23,6266,13725,15464
34003,Bergen County,New Jersey,953848,977026,-17417,13611,44872,35820
34005,Burlington County,New Jersey,461700,481439,9817,18686,23391,22102
34007,Camden County,New Jersey,523239,535799,-1692,8456,30177,26133
34009,Cape May County,New Jersey,95029,93390,1387,1759,3526,6793
34011,Cumberland County,New Jersey,153733,157148,-1068,3251,9035,8810
34013,Essex County,New Jersey,859934,896379,-45986,18471,49275,31664
34015,Gloucester County,New Jersey,302564,312638,8238,10307,14881,15046
34017,Hudson County,New Jersey,721800,735033,-71743,-8948,43858,19940
34019,Hunterdon County,New Jersey,128773,131781,1513,2943,5176,5096
34021,Mercer County,New Jersey,386434,399289,-13563,8751,20597,16164
34023,Middlesex County,New Jersey,861248,883335,-33444,10738,42265,31623
34025,Monmouth County,New Jersey,642385,651035,-3165,6958,31640,30094
34027,Morris County,New Jersey,508211,524251,-1971,11766,24605,20435
34029,Ocean County,New Jersey,638143,673746,16721,23558,51520,39005
34031,Passaic County,New Jersey,523156,531624,-35937,-3164,31355,19945
34033,Salem County,New Jersey,64781,66280,1654,2157,3580,4230
34035,Somerset County,New Jersey,344516,356486,-2882,8746,16167,13056
34037,Sussex County,New Jersey,143877,148063,3321,4199,7043,6914
34039,Union County,New Jersey,573482,601863,-27452,15144,33304,20576
34041,Warren County,New Jersey,109431,112953,2561,4139,5206,5740
35001,Bernalillo County,New Mexico,676867,667601,-16265,-5403,31739,35684
35003,Catron County,New Mexico,3608,3827,427,446,116,347
35005,Chaves County,New Mexico,65154,63364,-2227,-1456,3645,4005
35006,Cibola County,New Mexico,26963,26807,124,338,1267,1758
35007,Colfax County,New Mexico,12354,12184,67,236,457,845
35009,Curry County,New Mexico,48372,46655,-3644,-2956,3808,2549
35011,De Baca County,New Mexico,1687,1647,64,64,56,159
35013,Doña Ana County,New Mexico,220059,229091,4566,7344,12548,10926
35015,Eddy County,New Mexico,62344,62509,-1524,-464,3977,3282
35017,Grant County,New Mexico,28203,27252,-130,-13,1181,2094
35019,Guadalupe County,New Mexico,4440,4343,-82,13,177,291
35021,Harding County,New Mexico,652,617,6,10,8,54
35023,Hidalgo County,New Mexico,4163,3929,-176,-142,207,303
35025,Lea County,New Mexico,74634,74749,-4702,-1574,5070,3345
35027,Lincoln County,New Mexico,20308,19844,134,179,745,1393
35028,Los Alamos County,New Mexico,19414,19407,-503,-140,884,774
35029,Luna County,New Mexico,25452,25407,-323,-6,1813,1870
35031,McKinley County,New Mexico,72540,68119,-3820,-3449,3632,4657
35033,Mora County,New Mexico,4191,4051,-14,12,152,307
35035,Otero County,New Mexico,67868,70368,-81,2363,3815,3628
35037,Quay County,New Mexico,8714,8454,-24,23,365,653
35039,Rio Arriba County,New Mexico,40253,39832,-241,211,2094,2731
35041,Roosevelt County,New Mexico,19153,18615,-739,-690,1128,971
35043,Sandoval County,New Mexico,149271,159565,10255,11346,6421,7460
35045,San Juan County,New Mexico,121384,120340,-735,-283,6352,7126
35047,San Miguel County,New Mexico,27134,26260,-282,-215,1019,1685
35049,Santa Fe County,New Mexico,155068,156907,1318,4216,5503,7820
35051,Sierra County,New Mexico,11562,11395,761,759,399,1328
35053,Socorro County,New Mexico,16551,15838,-501,-386,726,1045
35055,Taos County,New Mexico,34459,34564,689,1064,1181,2112
35057,Torrance County,New Mexico,15059,16100,1334,1338,744,1028
35059,Union County,New Mexico,4070,3844,-107,-112,176,289
35061,Valencia County,New Mexico,76495,82013,5117,5655,4198,4329
36001,Albany County,New York,314293,321225,-575,8746,13744,15452
36003,Allegany County,New York,46385,46800,802,964,2264,2770
36005,Bronx County,New York,1461233,1406332,-193619,-86870,83737,53349
36007,Broome County,New York,198145,195736,-1790,860,8738,11986
36009,Cattaraugus County,New York,76977,75390,-452,-303,3811,5074
36011,Cayuga County,New York,76107,74365,-1047,-747,3335,4303
36013,Chautauqua County,New York,127383,124126,-1469,-956,6066,8335
36015,Chemung County,New York,83652,80415,-1948,-1587,3902,5640
36017,Chenango County,New York,47071,45715,-300,-252,2232,3303
36019,Clinton County,New York,79713,78138,-971,-434,3083,4239
36021,Columbia County,New York,61468,60168,-521,95,2186,3554
36023,Cortland County,New York,46745,45850,-691,-599,2176,2476
36025,Delaware County,New York,44215,44305,1478,1550,1688,3120
36027,Dutchess County,New York,296309,300708,872,5848,12980,14415
36029,Erie County,New York,952491,946741,-12443,859,45408,52365
36031,Essex County,New York,37275,36438,316,523,1148,2501
36033,Franklin County,New York,47252,46500,-253,-121,2082,2748
36035,Fulton County,New York,53084,52216,437,579,2181,3637
36037,Genesee County,New York,58299,58416,302,1072,2539,3508
36039,Greene County,New York,47743,47238,377,581,1954,3004
36041,Hamilton County,New York,5073,5006,175,174,137,381
36043,Herkimer County,New York,60043,59219,149,233,2794,3852
36045,Jefferson County,New York,116075,111540,-9045,-7875,8552,5365
36047,Kings County,New York,2722259,2653963,-295781,-145284,165597,84189
36049,Lewis County,New York,26571,26479,-107,-67,1360,1388
36051,Livingston County,New York,61577,61438,229,503,2498,3149
36053,Madison County,New York,67942,67120,-388,-16,2760,3561
36055,Monroe County,New York,758384,750506,-16770,-6658,36806,37996
36057,Montgomery County,New York,49499,50046,775,971,3038,3430
36059,Nassau County,New York,1390952,1398939,-34499,-5296,67910,55827
36061,New York County,New York,1687033,1664862,-118352,-27275,67179,52941
36063,Niagara County,New York,212118,208912,-394,812,9518,13554
36065,Oneida County,New York,231265,226392,-4544,-2296,11563,13981
36067,Onondaga County,New York,475429,466584,-14665,-7427,23212,24420
36069,Ontario County,New York,112467,113130,1336,1811,4805,5954
36071,Orange County,New York,400973,417669,-6341,3630,28171,15416
36073,Orleans County,New York,40047,39825,-112,211,1804,2222
36075,Oswego County,New York,117437,118569,1606,1920,5624,6373
36077,Otsego County,New York,58389,60589,3082,3461,2400,3401
36079,Putnam County,New York,97636,99028,-506,867,4502,4001
36081,Queens County,New York,2385541,2358182,-252568,-68901,118782,77054
36083,Rensselaer County,New York,160889,160510,-1528,453,7569,8500
36085,Richmond County,New York,495122,501290,-10527,1577,24701,20300
36087,Rockland County,New York,337429,357397,-17809,-1326,32384,11536
36089,St. Lawrence County,New York,108182,105488,-2175,-1514,4827,5978
36091,Saratoga County,New York,235815,241343,5265,6735,10019,11082
36093,Schenectady County,New York,157874,162581,2675,4704,8851,8678
36095,Schoharie County,New York,29758,30176,948,993,1160,1709
36097,Schuyler County,New York,17863,16924,-432,-426,739,1249
36099,Seneca County,New York,33445,32883,-536,-345,1653,1909
36101,Steuben County,New York,93371,91855,-750,-310,4699,5888
36103,Suffolk County,New York,1521964,1546090,-25623,12223,78336,67232
36105,Sullivan County,New York,78461,80586,-183,1613,4796,4172
36107,Tioga County,New York,48352,47453,-260,-242,2188,2845
36109,Tompkins County,New York,105508,104047,-4052,-802,3300,3830
36111,Ulster County,New York,181304,183330,2103,4638,7358,9739
36113,Warren County,New York,65597,65020,633,841,2557,3934
36115,Washington County,New York,61127,59353,-1020,-594,2713,3905
36117,Wayne County,New York,91201,91250,141,807,4375,5116
36119,Westchester County,New York,1001451,1015743,-33546,450,50033,37269
36121,Wyoming County,New York,40264,39741,-416,-145,1718,2109
36123,Yates County,New York,24735,24547,-462,-409,1603,1372
37001,Alamance County,North Carolina,171624,186177,11271,14707,9552,9858
37003,Alexander County,North Carolina,36406,36958,1329,1449,1761,2681
37005,Alleghany County,North Carolina,10891,11479,864,936,518,867
37007,Anson County,North Carolina,22233,21758,-169,-25,1354,1779
37009,Ashe County,North Carolina,26585,27514,1756,1945,1021,2055
37011,Avery County,North Carolina,17918,18110,402,683,712,1194
37013,Beaufort County,North Carolina,44694,44670,1086,1187,2195,3405
37015,Bertie County,North Carolina,17722,17086,-91,52,787,1474
37017,Bladen County,North Carolina,29628,30007,750,957,1873,2460
37019,Brunswick County,North Carolina,138135,174702,39856,40377,5804,10053
37021,Buncombe County,North Carolina,269703,277417,6760,10817,12092,15223
37023,Burke County,North Carolina,87262,88655,3107,3633,4298,6589
37025,Cabarrus County,North Carolina,227240,249725,14571,18757,13393,9655
37027,Caldwell County,North Carolina,80582,81105,2687,3063,3867,6433
37029,Camden County,North Carolina,10405,11315,949,988,449,517
37031,Carteret County,North Carolina,67692,70469,5090,5390,2460,5062
37033,Caswell County,North Carolina,22476,22563,772,805,991,1705
37035,Catawba County,North Carolina,160892,170172,9795,11427,8333,10578
37037,Chatham County,North Carolina,76663,85111,7844,9172,3482,4242
37039,Cherokee County,North Carolina,28866,30830,2956,2946,1471,2476
37041,Chowan County,North Carolina,13702,14082,705,799,701,1123
37043,Clay County,North Carolina,11141,12239,1455,1463,515,886
37045,Cleveland County,North Carolina,99926,103325,4566,5087,5745,7417
37047,Columbus County,North Carolina,50487,50487,786,1150,2992,4158
37049,Craven County,North Carolina,101514,105025,3266,3813,6209,6601
37051,Cumberland County,North Carolina,337000,338473,-14761,-8324,25857,16414
37053,Currituck County,North Carolina,28405,33158,4648,4787,1540,1585
37055,Dare County,North Carolina,37036,38245,1371,1834,1491,2066
37057,Davidson County,North Carolina,169029,180182,12081,13640,8927,11468
37059,Davie County,North Carolina,42909,45855,3512,3780,1972,2786
37061,Duplin County,North Carolina,48660,51571,501,2744,3534,3381
37063,Durham County,North Carolina,322465,347240,-584,16233,20682,11877
37065,Edgecombe County,North Carolina,48781,49121,993,1313,2905,3871
37067,Forsyth County,North Carolina,382618,401718,9684,17541,22248,20823
37069,Franklin County,North Carolina,69029,82037,11499,12369,4387,3803
37071,Gaston County,North Carolina,228640,246558,14262,18265,13997,14471
37073,Gates County,North Carolina,10450,10234,135,146,454,816
37075,Graham County,North Carolina,8039,8190,298,307,452,608
37077,Granville County,North Carolina,60178,61421,1240,1554,3035,3373
37079,Greene County,North Carolina,20441,20700,367,454,1026,1231
37081,Guilford County,North Carolina,538726,562234,6582,20927,29429,26925
37083,Halifax County,North Carolina,48401,46534,-760,-571,2528,3850
37085,Harnett County,North Carolina,133716,150137,11847,13464,9409,6654
37087,Haywood County,North Carolina,62219,63369,3137,3380,2640,4891
37089,Henderson County,North Carolina,116564,122375,6553,8481,5078,7864
37091,Hertford County,North Carolina,21414,19015,-1921,-1691,936,1520
37093,Hoke County,North Carolina,52230,56939,1688,2676,4310,2271
37095,Hyde County,North Carolina,4508,4554,120,124,185,253
37097,Iredell County,North Carolina,187676,211798,21109,23858,10101,9791
37099,Jackson County,North Carolina,42142,45039,2719,3274,1664,2194
37101,Johnston County,North Carolina,217450,256448,31619,35015,14005,9980
37103,Jones County,North Carolina,9150,9575,678,708,496,782
37105,Lee County,North Carolina,63388,70258,4497,6546,3944,3743
37107,Lenoir County,North Carolina,55062,55837,1638,2015,3217,4458
37109,Lincoln County,North Carolina,87153,98654,10993,11811,4679,5090
37111,McDowell County,North Carolina,44554,45198,1594,2071,1928,3407
37113,Macon County,North Carolina,37085,39232,3167,3364,1621,2862
37115,Madison County,North Carolina,21292,22553,1724,1788,976,1499
37117,Martin County,North Carolina,21954,21601,487,502,1095,1947
37119,Mecklenburg County,North Carolina,1116183,1233383,12833,78471,75664,37491
37121,Mitchell County,North Carolina,14901,15062,703,807,626,1285
37123,Montgomery County,North Carolina,25700,26403,1046,1277,1333,1905
37125,Moore County,North Carolina,100295,110619,10319,11287,6015,6986
37127,Nash County,North Carolina,95633,99365,3617,4488,5244,6061
37129,New Hanover County,North Carolina,226449,245959,16966,20054,10925,11839
37131,Northampton County,North Carolina,17433,16491,-128,-103,785,1610
37133,Onslow County,North Carolina,204984,217175,172,1513,18789,8031
37135,Orange County,North Carolina,143748,152498,3866,8117,5869,4786
37137,Pamlico County,North Carolina,12308,12758,1064,1095,470,1109
37139,Pasquotank County,North Carolina,40400,42201,1746,2005,2260,2493
37141,Pender County,North Carolina,60614,72111,11119,11647,3463,3670
37143,Perquimans County,North Carolina,13024,13490,1066,1025,533,1097
37145,Person County,North Carolina,39184,40636,1560,1950,2167,2696
37147,Pitt County,North Carolina,173642,182936,5169,7644,10083,8460
37149,Polk County,North Carolina,19378,20533,2148,2141,644,1638
37151,Randolph County,North Carolina,144401,149516,5192,6492,7865,9301
37153,Richmond County,North Carolina,42729,42041,-39,75,2715,3486
37155,Robeson County,North Carolina,115980,119941,831,3253,9353,8640
37157,Rockingham County,North Carolina,91201,94195,5047,5374,4580,7018
37159,Rowan County,North Carolina,146893,155096,8018,9915,7944,9782
37161,Rutherford County,North Carolina,64370,65745,3436,3450,3188,5312
37163,Sampson County,North Carolina,59078,61504,710,2390,4087,4062
37165,Scotland County,North Carolina,33413,33322,142,484,1877,2467
37167,Stanly County,North Carolina,62666,68830,6094,6707,3637,4257
37169,Stokes County,North Carolina,44565,46126,3023,3018,1938,3424
37171,Surry County,North Carolina,71386,72287,1683,2486,3785,5399
37173,Swain County,North Carolina,14107,14024,248,417,732,1228
37175,Transylvania County,North Carolina,33255,34211,1728,2174,1215,2438
37177,Tyrrell County,North Carolina,3237,3537,331,371,186,250
37179,Union County,North Carolina,239615,267674,19673,24358,12824,9166
37181,Vance County,North Carolina,42554,42638,-267,511,2678,3076
37183,Wake County,North Carolina,1130903,1257235,56656,95767,65345,34595
37185,Warren County,North Carolina,18606,18898,887,998,853,1537
37187,Washington County,North Carolina,10976,10638,81,147,533,1017
37189,Watauga County,North Carolina,54466,54786,445,915,1616,2144
37191,Wayne County,North Carolina,117758,122278,754,3720,8177,7370
37193,Wilkes County,North Carolina,65871,66233,1481,1968,3411,5039
37195,Wilson County,North Carolina,79816,81150,1328,2080,4509,5269
37197,Yadkin County,North Carolina,37250,38325,1260,1818,1928,2700
37199,Yancey County,North Carolina,18492,19084,1045,1164,863,1429
38001,Adams County,North Dakota,2194,2275,46,146,85,146
38003,Barnes County,North Dakota,10863,10573,-101,69,440,787
38005,Benson County,North Dakota,5940,5759,-274,-228,494,438
38007,Billings County,North Dakota,930,1071,109,109,61,33
38009,Bottineau County,North Dakota,6385,6284,-108,-39,321,384
38011,Bowman County,North Dakota,2973,2762,-131,-113,123,215
38013,Burke County,North Dakota,2191,2132,-72,-59,121,122
38015,Burleigh County,North Dakota,98593,103251,1662,3427,5708,4487
38017,Cass County,North Dakota,184897,201794,6297,11619,12012,6675
38019,Cavalier County,North Dakota,3697,3497,-129,-125,204,283
38021,Dickey County,North Dakota,4972,4895,-82,-6,319,386
38023,Divide County,North Dakota,2202,2110,-73,-69,119,138
38025,Dunn County,North Dakota,4093,4058,-225,-145,330,215
38027,Eddy County,North Dakota,2326,2329,36,55,160,209
38029,Emmons County,North Dakota,3295,3215,-31,-31,196,244
38031,Foster County,North Dakota,3384,3212,-153,-101,187,256
38033,Golden Valley County,North Dakota,1725,1808,82,82,89,84
38035,Grand Forks County,North Dakota,73142,74501,-2146,-37,4183,2746
38037,Grant County,North Dakota,2285,2206,-41,1,100,181
38039,Griggs County,North Dakota,2297,2239,3,3,103,163
38041,Hettinger County,North Dakota,2483,2492,21,21,123,139
38043,Kidder County,North Dakota,2381,2393,-12,-8,143,123
38045,LaMoure County,North Dakota,4095,4135,17,39,238,234
38047,Logan County,North Dakota,1883,1859,-37,-23,116,117
38049,McHenry County,North Dakota,5336,5130,-170,-162,297,336
38051,McIntosh County,North Dakota,2514,2451,6,38,128,227
38053,McKenzie County,North Dakota,14778,15192,-361,-276,1210,458
38055,McLean County,North Dakota,9763,9740,87,117,421,567
38057,Mercer County,North Dakota,8349,8441,39,93,418,417
38059,Morton County,North Dakota,33324,34601,628,881,2175,1765
38061,Mountrail County,North Dakota,9808,9395,-801,-655,709,474
38063,Nelson County,North Dakota,2993,2963,82,128,106,259
38065,Oliver County,North Dakota,1866,1898,-10,-6,81,44
38067,Pembina County,North Dakota,6827,6568,-196,-138,349,469
38069,Pierce County,North Dakota,3981,3838,-19,-12,180,312
38071,Ramsey County,North Dakota,11574,11530,-125,-43,704,707
38073,Ransom County,North Dakota,5700,5617,-49,0,294,377
38075,Renville County,North Dakota,2266,2331,-45,75,122,132
38077,Richland County,North Dakota,16538,16731,52,78,901,788
38079,Rolette County,North Dakota,12185,11688,-483,-450,873,925
38081,Sargent County,North Dakota,3840,3711,-132,-127,192,193
38083,Sheridan County,North Dakota,1262,1296,33,39,70,75
38085,Sioux County,North Dakota,3876,3667,-212,-195,276,280
38087,Slope County,North Dakota,697,628,-76,-76,23,16
38089,Stark County,North Dakota,33831,34013,-1145,-848,2445,1378
38091,Steele County,North Dakota,1798,1797,-5,-3,95,91
38093,Stutsman County,North Dakota,21544,21414,-151,36,1100,1272
38095,Towner County,North Dakota,2147,2040,-100,-66,143,186
38097,Traill County,North Dakota,7984,7920,-32,24,383,474
38099,Walsh County,North Dakota,10532,10179,-284,-213,579,726
38101,Ward County,North Dakota,69920,68233,-4583,-3817,4987,2879
38103,Wells County,North Dakota,3963,3729,-58,-53,161,343
38105,Williams County,North Dakota,41190,41767,-2151,-1501,3446,1195
39001,Adams County,Ohio,27451,27865,729,876,1639,2095
39003,Allen County,Ohio,102116,100881,-1483,-843,6026,6429
39005,Ashland County,Ohio,52485,52523,413,518,2919,3368
39007,Ashtabula County,Ohio,97497,96713,944,1172,4950,6857
39009,Athens County,Ohio,62386,63197,498,1639,2285,3035
39011,Auglaize County,Ohio,46466,45909,-342,-291,2535,2817
39013,Belmont County,Ohio,66285,64434,382,418,2561,4824
39015,Brown County,Ohio,43684,44397,1409,1470,2381,3129
39017,Butler County,Ohio,390845,400128,-2415,8224,21263,19801
39019,Carroll County,Ohio,26761,26475,406,410,1223,1915
39021,Champaign County,Ohio,38741,38820,447,499,2061,2477
39023,Clark County,Ohio,135888,135340,-810,1509,7926,9975
39025,Clermont County,Ohio,208751,216977,6747,8289,11139,11185
39027,Clinton County,Ohio,42035,42301,98,490,2387,2615
39029,Columbiana County,Ohio,101661,99377,413,427,4561,7265
39031,Coshocton County,Ohio,36590,37188,712,772,2194,2367
39033,Crawford County,Ohio,42013,41896,644,877,2195,3175
39035,Cuyahoga County,Ohio,1262619,1232925,-42360,-19953,64420,73646
39037,Darke County,Ohio,51901,51520,-86,-28,2959,3281
39039,Defiance County,Ohio,38268,38292,72,363,2026,2359
39041,Delaware County,Ohio,215181,242032,19736,24155,10534,7772
39043,Erie County,Ohio,75471,73296,-665,-62,3132,5217
39045,Fairfield County,Ohio,159451,169752,8617,10339,8347,8342
39047,Fayette County,Ohio,28969,28552,46,105,1569,2078
39049,Franklin County,Ohio,1324478,1361536,-52686,7126,86662,55765
39051,Fulton County,Ohio,42647,41853,-700,-424,2144,2523
39053,Gallia County,Ohio,29226,29072,216,245,1724,2130
39055,Geauga County,Ohio,95383,95676,641,887,4514,5105
39057,Greene County,Ohio,168141,174322,4751,6516,8461,8819
39059,Guernsey County,Ohio,38426,38379,601,641,2173,2861
39061,Hamilton County,Ohio,830412,838418,-23070,-67,51173,42929
39063,Hancock County,Ohio,74939,75034,-671,480,4077,4456
39065,Hardin County,Ohio,30724,30072,-520,-393,1742,1979
39067,Harrison County,Ohio,14498,14070,0,2,766,1196
39069,Henry County,Ohio,27663,27598,66,205,1507,1767
39071,Highland County,Ohio,43363,43823,777,808,2603,2950
39073,Hocking County,Ohio,28040,27512,32,30,1359,1912
39075,Holmes County,Ohio,44239,44970,-1569,-1506,4110,1888
39077,Huron County,Ohio,58487,58250,-260,133,3156,3546
39079,Jackson County,Ohio,32671,32817,366,442,1986,2293
39081,Jefferson County,Ohio,65159,63597,675,775,2883,5202
39083,Knox County,Ohio,62804,64002,1096,1378,3570,3778
39085,Lake County,Ohio,232517,232217,1935,3726,10413,14416
39087,Lawrence County,Ohio,58146,55710,-385,-418,2808,4806
39089,Licking County,Ohio,178786,185564,6138,7253,9316,9880
39091,Logan County,Ohio,46117,46302,312,468,2578,2858
39093,Lorain County,Ohio,313514,323219,10628,12480,15674,18696
39095,Lucas County,Ohio,430831,423347,-9172,-6134,23717,25151
39097,Madison County,Ohio,43864,46985,3100,3289,2157,2413
39099,Mahoning County,Ohio,228006,224706,554,2245,11679,17127
39101,Marion County,Ohio,65385,65115,425,558,3515,4396
39103,Medina County,Ohio,182636,185025,2644,3457,8200,9285
39105,Meigs County,Ohio,22168,21587,112,158,1006,1742
39107,Mercer County,Ohio,42534,42737,-865,-670,3164,2283
39109,Miami County,Ohio,108974,112634,3945,4546,5616,6530
39111,Monroe County,Ohio,13350,12994,48,76,568,993
39113,Montgomery County,Ohio,537115,539598,-1953,6443,30464,34529
39115,Morgan County,Ohio,13756,13626,262,262,726,1119
39117,Morrow County,Ohio,34996,36305,1279,1307,1982,1972
39119,Muskingum County,Ohio,86449,87014,1329,1415,4911,5761
39121,Noble County,Ohio,14098,14276,272,273,686,757
39123,Ottawa County,Ohio,40303,39481,546,635,1421,2871
39125,Paulding County,Ohio,18809,18727,-137,30,1050,1163
39127,Perry County,Ohio,35459,35918,655,687,2054,2278
39129,Pickaway County,Ohio,58659,62978,4468,4534,3146,3459
39131,Pike County,Ohio,27064,27061,458,471,1664,2149
39133,Portage County,Ohio,161853,163404,2078,3819,6654,8923
39135,Preble County,Ohio,41007,40664,454,480,1921,2749
39137,Putnam County,Ohio,34392,34380,-454,-272,2071,1811
39139,Richland County,Ohio,124969,124893,1181,1484,6658,8193
39141,Ross County,Ohio,77067,76429,971,983,3688,5304
39143,Sandusky County,Ohio,58880,58655,437,842,2774,3838
39145,Scioto County,Ohio,73849,71365,-377,-173,3797,6082
39147,Seneca County,Ohio,55061,54522,-330,12,2906,3462
39149,Shelby County,Ohio,48158,48065,-612,-446,3073,2731
39151,Stark County,Ohio,374476,373771,2700,4234,19784,24634
39153,Summit County,Ohio,539833,538376,-1633,4942,26710,32888
39155,Trumbull County,Ohio,201664,198972,2639,2761,9703,15085
39157,Tuscarawas County,Ohio,93205,92373,-1051,-237,5602,6216
39159,Union County,Ohio,63069,73446,8271,9003,3832,2469
39161,Van Wert County,Ohio,28922,29013,16,139,1695,1743
39163,Vinton County,Ohio,12803,12645,86,86,743,991
39165,Warren County,Ohio,243211,257181,7737,13166,12115,11198
39167,Washington County,Ohio,59657,58389,64,200,2823,4295
39169,Wayne County,Ohio,116899,116758,-1055,-162,6933,6874
39171,Williams County,Ohio,37084,36549,-393,-175,2019,2362
39173,Wood County,Ohio,132246,134176,1206,2265,6248,6469
39175,Wyandot County,Ohio,21878,21567,-162,8,1095,1408
40001,Adair County,Oklahoma,19449,19828,577,603,1379,1618
40003,Alfalfa County,Oklahoma,5713,5649,-48,10,224,296
40005,Atoka County,Oklahoma,14164,14609,620,684,729,962
40007,Beaver County,Oklahoma,5028,4882,-184,-92,259,319
40009,Beckham County,Oklahoma,22326,22159,-16,58,1185,1408
40011,Blaine County,Oklahoma,8704,8515,-157,15,533,735
40013,Bryan County,Oklahoma,46326,51367,4969,5152,3126,3265
40015,Caddo County,Oklahoma,26903,26130,-347,-152,1496,2104
40017,Canadian County,Oklahoma,155435,187189,27054,28070,10169,6622
40019,Carter County,Oklahoma,48040,48910,881,1285,3160,3579
40021,Cherokee County,Oklahoma,47085,49196,2214,2435,2693,3018
40023,Choctaw County,Oklahoma,14205,14059,208,259,924,1320
40025,Cimarron County,Oklahoma,2287,2059,-166,-167,122,182
40027,Cleveland County,Oklahoma,296253,303973,2728,6805,13645,12721
40029,Coal County,Oklahoma,5276,5436,235,235,389,461
40031,Comanche County,Oklahoma,121150,122158,-1734,-722,7937,6222
40033,Cotton County,Oklahoma,5540,5432,96,96,274,479
40035,Craig County,Oklahoma,14147,14518,606,702,822,1155
40037,Creek County,Oklahoma,71843,74967,4034,4121,3983,4986
40039,Custer County,Oklahoma,28448,28175,-405,-295,1754,1731
40041,Delaware County,Oklahoma,40381,41910,2909,2945,2111,3516
40043,Dewey County,Oklahoma,4476,4207,-102,-103,234,396
40045,Ellis County,Oklahoma,3742,3613,-71,-43,202,291
40047,Garfield County,Oklahoma,62699,61779,-1457,-856,3952,3950
40049,Garvin County,Oklahoma,25648,26377,816,1068,1654,1992
40051,Grady County,Oklahoma,54889,59128,4585,4720,2855,3363
40053,Grant County,Oklahoma,4186,4067,4,4,195,317
40055,Greer County,Oklahoma,5493,5373,-6,0,273,400
40057,Harmon County,Oklahoma,2476,2327,-83,-81,139,205
40059,Harper County,Oklahoma,3246,3172,-114,-34,162,202
40061,Haskell County,Oklahoma,11553,11787,451,480,719,965
40063,Hughes County,Oklahoma,13348,13455,369,395,761,1042
40065,Jackson County,Oklahoma,24735,24764,-659,-353,1751,1385
40067,Jefferson County,Oklahoma,5315,5431,221,244,345,468
40069,Johnston County,Oklahoma,10242,10448,403,440,561,789
40071,Kay County,Oklahoma,43605,43490,174,357,2718,3178
40073,Kingfisher County,Oklahoma,15170,15795,417,734,804,913
40075,Kiowa County,Oklahoma,8496,8181,30,41,434,793
40077,Latimer County,Oklahoma,9477,9645,291,296,542,685
40079,Le Flore County,Oklahoma,48209,50196,2200,2322,3365,3699
40081,Lincoln County,Oklahoma,33515,35278,2285,2299,1801,2343
40083,Logan County,Oklahoma,49753,55473,4942,5252,2782,2305
40085,Love County,Oklahoma,10159,10780,555,702,645,725
40087,McClain County,Oklahoma,41922,49647,7384,7435,2487,2220
40089,McCurtain County,Oklahoma,30844,30744,306,467,2100,2661
40091,McIntosh County,Oklahoma,18948,19758,1613,1636,1031,1849
40093,Major County,Oklahoma,7747,7536,-150,-83,440,562
40095,Marshall County,Oklahoma,15340,16255,1002,1161,986,1236
40097,Mayes County,Oklahoma,39054,40416,1823,1859,2306,2826
40099,Murray County,Oklahoma,13873,13805,187,188,756,1015
40101,Muskogee County,Oklahoma,66222,66708,1377,1585,4100,5203
40103,Noble County,Oklahoma,10925,10899,215,268,474,775
40105,Nowata County,Oklahoma,9323,9522,427,454,540,801
40107,Okfuskee County,Oklahoma,11272,11451,396,455,687,959
40109,Oklahoma County,Oklahoma,798252,822125,-4020,11851,54688,42773
40111,Okmulgee County,Oklahoma,36688,37241,1584,1606,2101,3155
40113,Osage County,Oklahoma,45799,46794,1702,1741,1995,2742
40115,Ottawa County,Oklahoma,30240,30438,631,793,2005,2593
40117,Pawnee County,Oklahoma,15553,16029,1005,1016,784,1315
40119,Payne County,Oklahoma,81647,83889,-39,2122,3761,3662
40121,Pittsburg County,Oklahoma,43792,43320,803,852,2227,3554
40123,Pontotoc County,Oklahoma,38091,38528,531,682,2397,2657
40125,Pottawatomie County,Oklahoma,72540,75102,3460,3628,4210,5295
40127,Pushmataha County,Oklahoma,10793,10807,520,553,536,1071
40129,Roger Mills County,Oklahoma,3431,3259,-152,-134,188,224
40131,Rogers County,Oklahoma,95395,102197,6810,7115,5225,5567
40133,Seminole County,Oklahoma,23516,23441,454,519,1479,2063
40135,Sequoyah County,Oklahoma,39239,40842,1983,1998,2744,3153
40137,Stephens County,Oklahoma,42835,44310,1992,2208,2510,3254
40139,Texas County,Oklahoma,21291,20322,-2598,-1707,1550,826
40141,Tillman County,Oklahoma,6950,6780,42,42,360,563
40143,Tulsa County,Oklahoma,670681,698782,2635,21327,43174,36452
40145,Wagoner County,Oklahoma,81390,93263,10866,11585,4545,4253
40147,Washington County,Oklahoma,52613,54037,1850,2205,2939,3727
40149,Washita County,Oklahoma,10903,10884,163,198,532,755
40151,Woods County,Oklahoma,8598,8443,-82,-69,444,528
40153,Woodward County,Oklahoma,20401,19827,-649,-575,1159,1160
41001,Baker County,Oregon,16728,16658,479,510,710,1283
41003,Benton County,Oregon,93602,97728,1847,4447,2986,3634
41005,Clackamas County,Oregon,422483,426280,1833,5063,18588,19899
41007,Clatsop County,Oregon,41156,40926,373,750,1548,2436
41009,Columbia County,Oregon,52715,54091,1986,2071,2320,2990
41011,Coos County,Oregon,64982,63992,1731,1994,2628,5612
41013,Crook County,Oregon,24933,27564,3006,2997,1223,1588
41015,Curry County,Oregon,23519,22621,752,717,786,2362
41017,Deschutes County,Oregon,199461,213072,12373,13563,9263,8927
41019,Douglas County,Oregon,111294,111951,4863,4966,4883,9174
41021,Gilliam County,Oregon,2014,1971,16,11,91,148
41023,Grant County,Oregon,7240,7075,6,40,343,537
41025,Harney County,Oregon,7507,7380,-26,-34,402,485
41027,Hood River County,Oregon,23898,23720,-434,-239,1038,992
41029,Jackson County,Oregon,223753,221795,1175,1814,10250,14017
41031,Jefferson County,Oregon,24582,25740,1090,1287,1388,1507
41033,Josephine County,Oregon,88214,87867,2805,3021,3939,7250
41035,Klamath County,Oregon,69624,70274,1944,2100,3589,4979
41037,Lake County,Oregon,8170,8187,226,266,387,639
41039,Lane County,Oregon,384242,381584,1735,4325,14807,21845
41041,Lincoln County,Oregon,50509,50636,1871,2206,1721,3753
41043,Linn County,Oregon,128950,132843,4110,4494,7182,7823
41045,Malheur County,Oregon,31650,32261,126,411,1982,1780
41047,Marion County,Oregon,346284,355777,-204,6788,19430,16684
41049,Morrow County,Oregon,12219,12602,-39,201,787,610
41051,Multnomah County,Oregon,816261,795391,-37128,-22602,35889,33827
41053,Polk County,Oregon,87983,90037,1951,2503,4208,4583
41055,Sherman County,Oregon,1880,2051,175,176,115,120
41057,Tillamook County,Oregon,27456,27384,624,807,1094,1929
41059,Umatilla County,Oregon,79892,81119,-234,874,4566,4204
41061,Union County,Oregon,26171,25900,106,159,1291,1717
41063,Wallowa County,Oregon,7403,7595,360,360,314,485
41065,Wasco County,Oregon,26613,26310,187,312,1307,1907
41067,Washington County,Oregon,601004,611708,-17241,1093,29884,20746
41069,Wheeler County,Oregon,1460,1472,78,79,57,121
41071,Yamhill County,Oregon,107692,110024,1324,2875,5093,5693
42001,Adams County,Pennsylvania,103814,107594,4642,5313,4660,6065
42003,Allegheny County,Pennsylvania,1249585,1225035,-31483,-12882,59122,71632
42005,Armstrong County,Pennsylvania,65496,63698,151,225,2728,4740
42007,Beaver County,Pennsylvania,167857,166032,1786,2341,7522,11656
42009,Bedford County,Pennsylvania,47569,47480,629,773,2399,3247
42011,Berks County,Pennsylvania,428651,440072,1271,10765,22360,21771
42013,Blair County,Pennsylvania,122667,119541,-494,-112,5706,8770
42015,Bradford County,Pennsylvania,59975,59600,155,502,3090,3949
42017,Bucks County,Pennsylvania,646212,647828,-793,6823,28412,33738
42019,Butler County,Pennsylvania,194026,200169,8501,9294,8468,11427
42021,Cambria County,Pennsylvania,133200,128968,-117,98,5763,10046
42023,Cameron County,Pennsylvania,4529,4211,-65,-63,133,385
42025,Carbon County,Pennsylvania,64765,65868,2801,2950,2777,4569
42027,Centre County,Pennsylvania,158035,157393,-5476,-557,5504,5739
42029,Chester County,Pennsylvania,534858,557116,8397,16805,27665,22057
42031,Clarion County,Pennsylvania,37200,36680,267,356,1834,2673
42033,Clearfield County,Pennsylvania,80427,78100,-261,-91,3272,5342
42035,Clinton County,Pennsylvania,37381,37870,783,899,1976,2331
42037,Columbia County,Pennsylvania,64681,66193,2382,2747,2723,3984
42039,Crawford County,Pennsylvania,83797,81792,-786,-670,4291,5625
42041,Cumberland County,Pennsylvania,260251,277270,14692,17584,13187,13477
42043,Dauphin County,Pennsylvania,286694,293351,-1733,4814,16355,14462
42045,Delaware County,Pennsylvania,576505,580937,-10576,1260,31203,28338
42047,Elk County,Pennsylvania,30940,29926,-178,-154,1300,2162
42049,Erie County,Pennsylvania,270724,265832,-3573,-1498,12631,15993
42051,Fayette County,Pennsylvania,128585,123021,-711,-283,5295,10558
42053,Forest County,Pennsylvania,6972,6614,-17,-7,107,485
42055,Franklin County,Pennsylvania,155938,160652,3981,5466,8626,9344
42057,Fulton County,Pennsylvania,14578,14483,136,146,678,921
42059,Greene County,Pennsylvania,35869,33885,-910,-897,1309,2413
42061,Huntingdon County,Pennsylvania,44043,43001,-441,-389,1980,2684
42063,Indiana County,Pennsylvania,83158,82878,923,1345,3702,5326
42065,Jefferson County,Pennsylvania,44488,43255,-328,-283,2311,3253
42067,Juniata County,Pennsylvania,23476,23403,-269,-7,1503,1563
42069,Lackawanna County,Pennsylvania,215529,216502,2228,5215,9948,14101
42071,Lancaster County,Pennsylvania,552819,563159,-2870,3945,34577,28208
42073,Lawrence County,Pennsylvania,85961,83911,622,714,3745,6492
42075,Lebanon County,Pennsylvania,143272,146380,2464,4009,7701,8527
42077,Lehigh County,Pennsylvania,374449,384383,-3398,9190,19124,18471
42079,Luzerne County,Pennsylvania,325195,332126,5273,12456,15792,21210
42081,Lycoming County,Pennsylvania,114120,112587,-158,306,5464,7272
42083,McKean County,Pennsylvania,40405,38984,-254,-193,1661,2885
42085,Mercer County,Pennsylvania,110553,107860,386,449,5010,8129
42087,Mifflin County,Pennsylvania,46144,46127,346,378,2839,3221
42089,Monroe County,Pennsylvania,168310,167179,-493,629,6700,8521
42091,Montgomery County,Pennsylvania,856829,877643,7477,19812,42100,40759
42093,Montour County,Pennsylvania,18130,17868,-281,-81,1019,1199
42095,Northampton County,Pennsylvania,312809,324411,10212,14788,13719,16452
42097,Northumberland County,Pennsylvania,91544,89920,294,572,4319,6528
42099,Perry County,Pennsylvania,45830,46806,1019,1250,2391,2654
42101,Philadelphia County,Pennsylvania,1600737,1574281,-103517,-45705,94262,76618
42103,Pike County,Pennsylvania,58593,62808,4959,5340,2117,3173
42105,Potter County,Pennsylvania,16389,15897,-60,-55,778,1206
42107,Schuylkill County,Pennsylvania,142944,145085,5475,6230,6184,10220
42109,Snyder County,Pennsylvania,39737,39655,-188,-81,2051,2060
42111,Somerset County,Pennsylvania,73994,72004,324,432,2998,5358
42113,Sullivan County,Pennsylvania,5823,5856,303,340,191,495
42115,Susquehanna County,Pennsylvania,38355,38237,641,743,1837,2676
42117,Tioga County,Pennsylvania,41025,40502,538,552,1784,2817
42119,Union County,Pennsylvania,42659,42313,-323,-136,1856,2117
42121,Venango County,Pennsylvania,50370,49346,569,644,2165,3820
42123,Warren County,Pennsylvania,38513,37038,-253,-208,1769,3014
42125,Washington County,Pennsylvania,209413,210802,4985,5930,9479,13941
42127,Wayne County,Pennsylvania,51151,51703,2085,2153,1982,3571
42129,Westmoreland County,Pennsylvania,354270,349324,5053,5730,14158,24659
42131,Wyoming County,Pennsylvania,26033,25790,303,401,1137,1766
42133,York County,Pennsylvania,456725,473197,12207,16987,23860,24310
44001,Bristol County,Rhode Island,50781,50001,128,265,1619,2683
44003,Kent County,Rhode Island,170419,173495,3849,5640,7239,9776
44005,Newport County,Rhode Island,85498,83051,-2144,-1331,3103,4236
44007,Providence County,Rhode Island,660014,678179,-13198,14007,34291,30237
44009,Washington County,Rhode Island,129775,129795,1609,2513,4200,6608
45001,Abbeville County,South Carolina,24267,24836,1111,1164,1161,1776
45003,Aiken County,South Carolina,169170,181515,11923,13121,10473,11344
45005,Allendale County,South Carolina,7940,7355,-311,-285,346,643
45007,Anderson County,South Carolina,204181,219930,16246,17975,11694,14035
45009,Bamberg County,South Carolina,13259,12796,-70,59,650,1181
45011,Barnwell County,South Carolina,20580,20653,139,289,1293,1513
45013,Beaufort County,South Carolina,187814,204433,13411,17567,9459,10461
45015,Berkeley County,South Carolina,231478,274666,32344,37972,15063,10330
45017,Calhoun County,South Carolina,14111,14188,637,645,609,1180
45019,Charleston County,South Carolina,409934,436200,9392,20353,24631,18837
45021,Cherokee County,South Carolina,56225,58275,2261,2790,3222,4009
45023,Chester County,South Carolina,32287,33001,1374,1458,1763,2522
45025,Chesterfield County,South Carolina,43256,44740,1500,2081,2593,3206
45027,Clarendon County,South Carolina,30832,31043,1166,1235,1453,2463
45029,Colleton County,South Carolina,38538,39382,1162,1775,2243,3204
45031,Darlington County,South Carolina,62853,62888,1070,1315,3687,4975
45033,Dillon County,South Carolina,28274,27458,-369,-221,1804,2391
45035,Dorchester County,South Carolina,162056,178397,11843,14003,9924,7767
45037,Edgefield County,South Carolina,25674,29808,4113,4594,1091,1624
45039,Fairfield County,South Carolina,20892,20340,285,287,898,1736
45041,Florence County,South Carolina,136826,138504,2034,3237,7924,9502
45043,Georgetown County,South Carolina,63508,65912,4673,4967,2455,5069
45045,Greenville County,South Carolina,527244,583125,34197,49961,32526,27295
45047,Greenwood County,South Carolina,69329,70379,1382,1896,3746,4640
45049,Hampton County,South Carolina,18526,18174,-155,47,1032,1418
45051,Horry County,South Carolina,353774,427551,75073,82095,16413,25794
45053,Jasper County,South Carolina,29158,38533,7815,9227,2060,2031
45055,Kershaw County,South Carolina,65590,73166,7530,7986,3836,4345
45057,Lancaster County,South Carolina,96589,114296,15669,17502,6200,6055
45059,Laurens County,South Carolina,67626,71848,5035,5485,3752,5053
45061,Lee County,South Carolina,16551,15730,-612,-284,811,1356
45063,Lexington County,South Carolina,294989,317588,18024,22710,16150,16131
45065,McCormick County,South Carolina,9522,10215,1235,1234,303,835
45067,Marion County,South Carolina,29088,28242,-52,-35,1617,2444
45069,Marlboro County,South Carolina,26494,25488,-290,-269,1313,2034
45071,Newberry County,South Carolina,37736,39561,1743,2405,2082,2676
45073,Oconee County,South Carolina,78794,83775,6109,7285,3392,5764
45075,Orangeburg County,South Carolina,83961,83177,1007,1622,4109,6551
45077,Pickens County,South Carolina,131698,139198,7922,9107,5957,7794
45079,Richland County,South Carolina,415755,434956,7267,14786,22753,18542
45081,Saluda County,South Carolina,18914,19680,391,911,1123,1285
45083,Spartanburg County,South Carolina,329370,380857,43308,49589,20998,19637
45085,Sumter County,South Carolina,105409,105067,-744,-239,6616,6751
45087,Union County,South Carolina,27173,26799,513,723,1229,2332
45089,Williamsburg County,South Carolina,30914,29662,-294,-120,1333,2456
45091,York County,South Carolina,283833,306887,16265,21016,15661,13608
46003,Aurora County,South Dakota,2730,2801,3,60,204,197
46005,Beadle County,South Dakota,19162,19624,-1220,93,1421,1050
46007,Bennett County,South Dakota,3397,3307,-183,-160,263,197
46009,Bon Homme County,South Dakota,6981,7244,271,277,390,406
46011,Brookings County,South Dakota,34338,37635,595,2478,1893,1094
46013,Brown County,South Dakota,38230,37561,-998,-687,1993,1996
46015,Brule County,South Dakota,5254,5278,-103,-77,360,260
46017,Buffalo County,South Dakota,1933,1802,-111,-111,167,187
46019,Butte County,South Dakota,10292,10856,482,480,645,559
46021,Campbell County,South Dakota,1378,1377,-13,19,84,106
46023,Charles Mix County,South Dakota,9353,9303,-201,-185,663,517
46025,Clark County,South Dakota,3850,4031,20,88,285,193
46027,Clay County,South Dakota,15004,15031,-113,92,552,623
46029,Codington County,South Dakota,28353,29562,990,1102,1595,1501
46031,Corson County,South Dakota,3891,3781,-214,-214,424,317
46033,Custer County,South Dakota,8333,9431,1168,1230,330,465
46035,Davison County,South Dakota,19960,20069,-79,123,1105,1115
46037,Day County,South Dakota,5442,5484,159,213,232,403
46039,Deuel County,South Dakota,4296,4408,-4,19,309,222
46041,Dewey County,South Dakota,5223,5419,-165,-164,775,421
46043,Douglas County,South Dakota,2834,2888,-35,20,224,190
46045,Edmunds County,South Dakota,3982,4022,-5,54,219,233
46047,Fall River County,South Dakota,6971,7467,891,929,236,667
46049,Faulk County,South Dakota,2128,2178,40,42,199,192
46051,Grant County,South Dakota,7537,7534,-55,115,429,556
46053,Gregory County,South Dakota,3993,4037,112,123,220,297
46055,Haakon County,South Dakota,1869,1802,-50,-50,121,136
46057,Hamlin County,South Dakota,6169,6900,28,321,724,317
46059,Hand County,South Dakota,3144,3121,8,28,208,259
46061,Hanson County,South Dakota,3466,3456,-122,-97,209,118
46063,Harding County,South Dakota,1303,1331,-10,-8,79,43
46065,Hughes County,South Dakota,17734,17570,-327,-334,1030,870
46067,Hutchinson County,South Dakota,7424,7413,36,116,455,580
46069,Hyde County,South Dakota,1248,1191,-12,-12,72,116
46071,Jackson County,South Dakota,2799,2666,-223,-219,279,196
46073,Jerauld County,South Dakota,1644,1654,5,14,126,127
46075,Jones County,South Dakota,927,913,-68,-5,39,42
46077,Kingsbury County,South Dakota,5200,5284,105,119,329,363
46079,Lake County,South Dakota,11015,10993,-74,-20,561,558
46081,Lawrence County,South Dakota,25847,29459,3700,3929,988,1400
46083,Lincoln County,South Dakota,65650,77145,9205,9548,3748,1891
46085,Lyman County,South Dakota,3697,3694,-132,-100,322,227
46087,McCook County,South Dakota,5671,5964,91,208,401,315
46089,McPherson County,South Dakota,2399,2347,-1,1,132,184
46091,Marshall County,South Dakota,4301,4426,33,86,297,254
46093,Meade County,South Dakota,29897,30711,650,676,1461,1339
46095,Mellette County,South Dakota,1917,2137,-105,-105,481,152
46097,Miner County,South Dakota,2300,2281,28,28,118,164
46099,Minnehaha County,South Dakota,197688,212691,4624,9515,13775,8488
46101,Moody County,South Dakota,6346,6632,-9,166,445,326
46102,Oglala Lakota County,South Dakota,13647,13338,-615,-615,1258,947
46103,Pennington County,South Dakota,109570,116792,5239,5942,6964,5804
46105,Perkins County,South Dakota,2829,2853,64,64,168,208
46107,Potter County,South Dakota,2472,2377,-41,-26,127,189
46109,Roberts County,South Dakota,10266,10255,-142,-111,685,583
46111,Sanborn County,South Dakota,2330,2388,45,67,146,154
46115,Spink County,South Dakota,6343,6155,-171,-150,381,420
46117,Stanley County,South Dakota,2966,3018,71,71,143,157
46119,Sully County,South Dakota,1451,1479,3,31,59,61
46121,Todd County,South Dakota,9316,8863,-530,-354,531,639
46123,Tripp County,South Dakota,5606,5708,-4,-1,448,340
46125,Turner County,South Dakota,8684,9314,248,448,823,643
46127,Union County,South Dakota,16855,17402,148,303,971,733
46129,Walworth County,South Dakota,5291,5217,-77,-78,361,357
46135,Yankton County,South Dakota,23291,23635,173,445,1165,1266
46137,Ziebach County,South Dakota,2391,2389,-64,-63,252,191
47001,Anderson County,Tennessee,77347,82066,5825,6230,4237,5880
47003,Bedford County,Tennessee,50381,55273,3283,4255,3637,3024
47005,Benton County,Tennessee,15847,16183,1028,1024,781,1487
47007,Bledsoe County,Tennessee,14945,15920,1186,1231,640,910
47009,Blount County,Tennessee,135666,143820,10392,11046,6518,9440
47011,Bradley County,Tennessee,108832,115465,5735,7665,6065,7137
47013,Campbell County,Tennessee,39310,40290,2257,2343,2127,3537
47015,Cannon County,Tennessee,14564,15296,827,842,899,1040
47017,Carroll County,Tennessee,28427,29200,1271,1349,1650,2276
47019,Carter County,Tennessee,56391,57361,2867,3131,2333,4607
47021,Cheatham County,Tennessee,41088,42778,1785,1957,2340,2608
47023,Chester County,Tennessee,17379,17994,668,773,979,1138
47025,Claiborne County,Tennessee,32075,33229,2002,2118,1603,2635
47027,Clay County,Tennessee,7588,7821,575,603,350,726
47029,Cocke County,Tennessee,36043,37889,3400,3522,1910,3639
47031,Coffee County,Tennessee,58132,62419,4330,4831,3475,4048
47033,Crockett County,Tennessee,13907,14006,374,374,847,1122
47035,Cumberland County,Tennessee,61381,66300,7810,7858,2635,5640
47037,Davidson County,Tennessee,716153,745904,-24700,10988,50683,31180
47039,Decatur County,Tennessee,11429,11820,843,885,526,1034
47041,DeKalb County,Tennessee,20186,21873,1743,1900,1244,1492
47043,Dickson County,Tennessee,54452,58662,3994,4238,3422,3471
47045,Dyer County,Tennessee,36710,36320,116,96,2250,2729
47047,Fayette County,Tennessee,41868,45071,3726,3748,2226,2772
47049,Fentress County,Tennessee,18533,20322,2592,2594,948,1779
47051,Franklin County,Tennessee,42842,45579,3260,3575,2195,3111
47053,Gibson County,Tennessee,50443,51779,2098,2328,3097,4108
47055,Giles County,Tennessee,30346,31433,1667,1776,1560,2259
47057,Grainger County,Tennessee,23572,25739,2690,2718,1269,1849
47059,Greene County,Tennessee,70339,73831,6110,6241,3145,5994
47061,Grundy County,Tennessee,13541,14116,919,919,859,1224
47063,Hamblen County,Tennessee,64553,68843,4071,5342,3869,5024
47065,Hamilton County,Tennessee,367886,390833,15485,21354,22349,21303
47067,Hancock County,Tennessee,6628,7075,710,707,302,561
47069,Hardeman County,Tennessee,25435,25274,313,349,1374,1918
47071,Hardin County,Tennessee,26948,27983,1830,1821,1410,2226
47073,Hawkins County,Tennessee,56715,59559,4930,5006,2603,4840
47075,Haywood County,Tennessee,17827,17042,-553,-505,997,1279
47077,Henderson County,Tennessee,27833,28518,1217,1231,1561,2114
47079,Henry County,Tennessee,32149,32896,1942,1979,1555,2807
47081,Hickman County,Tennessee,24972,26219,1640,1698,1375,1857
47083,Houston County,Tennessee,8295,8479,456,458,406,683
47085,Humphreys County,Tennessee,18998,19646,1140,1160,987,1497
47087,Jackson County,Tennessee,11637,12466,1212,1223,541,949
47089,Jefferson County,Tennessee,54897,60024,6169,6423,2717,4123
47091,Johnson County,Tennessee,17985,18718,1329,1443,757,1478
47093,Knox County,Tennessee,480472,511453,23843,31360,27152,28107
47095,Lake County,Tennessee,6988,6249,-415,-404,273,568
47097,Lauderdale County,Tennessee,25115,24617,-78,-63,1385,1804
47099,Lawrence County,Tennessee,44185,46914,2895,2956,2913,3176
47101,Lewis County,Tennessee,12609,13487,1180,1223,699,1047
47103,Lincoln County,Tennessee,35332,36853,1913,2055,2077,2644
47105,Loudon County,Tennessee,55144,63764,8860,9673,2876,4007
47107,McMinn County,Tennessee,53347,57404,5119,5286,3079,4376
47109,McNairy County,Tennessee,25868,26236,1187,1203,1425,2281
47111,Macon County,Tennessee,25260,27663,2227,2340,1756,1721
47113,Madison County,Tennessee,98832,100790,858,2183,6029,6284
47115,Marion County,Tennessee,28874,29804,1686,1779,1499,2378
47117,Marshall County,Tennessee,34467,38071,3329,3466,2223,2144
47119,Maury County,Tennessee,101812,118131,13905,14697,7179,5607
47121,Meigs County,Tennessee,12808,14186,1778,1777,622,1046
47123,Monroe County,Tennessee,46399,49730,4312,4394,2544,3736
47125,Montgomery County,Tennessee,221286,249935,16486,18833,18435,8928
47127,Moore County,Tennessee,6472,6920,490,495,309,346
47129,Morgan County,Tennessee,21051,22160,1708,1709,981,1603
47131,Obion County,Tennessee,30779,30067,3,114,1708,2526
47133,Overton County,Tennessee,22590,23787,1810,1803,1265,1894
47135,Perry County,Tennessee,8383,9126,812,821,553,644
47137,Pickett County,Tennessee,5002,5219,470,466,216,460
47139,Polk County,Tennessee,17558,18592,1650,1648,869,1500
47141,Putnam County,Tennessee,80101,86612,5910,7022,4573,5122
47143,Rhea County,Tennessee,33302,34844,2165,2287,1892,2688
47145,Roane County,Tennessee,53666,57395,5573,5591,2537,4465
47147,Robertson County,Tennessee,72958,80175,6252,7022,4562,4423
47149,Rutherford County,Tennessee,343285,386352,22238,33706,22431,13319
47151,Scott County,Tennessee,21880,22671,1070,1062,1330,1634
47153,Sequatchie County,Tennessee,15848,17861,1913,2167,913,1065
47155,Sevier County,Tennessee,98848,101342,425,3760,5463,6664
47157,Shelby County,Tennessee,929720,910226,-54243,-30464,61660,50820
47159,Smith County,Tennessee,19963,20981,1210,1257,1119,1375
47161,Stewart County,Tennessee,13708,14439,1016,1073,677,1032
47163,Sullivan County,Tennessee,158238,163759,10322,10643,7518,12728
47165,Sumner County,Tennessee,197416,215538,15331,16937,11654,10634
47167,Tipton County,Tennessee,61050,62287,1561,1577,3358,3734
47169,Trousdale County,Tennessee,11646,12623,985,988,592,648
47171,Unicoi County,Tennessee,17873,17856,839,872,692,1610
47173,Union County,Tennessee,19847,21450,2022,2013,1099,1540
47175,Van Buren County,Tennessee,6174,6874,879,872,352,533
47177,Warren County,Tennessee,41057,43717,2744,3081,2454,2911
47179,Washington County,Tennessee,133211,141199,9318,10435,6248,9043
47181,Wayne County,Tennessee,16220,16416,691,683,722,1199
47183,Weakley County,Tennessee,32908,33261,798,1001,1599,2268
47185,White County,Tennessee,27441,29612,2842,2842,1475,2213
47187,Williamson County,Tennessee,249614,272061,15904,19783,11278,8284
47189,Wilson County,Tennessee,148654,175033,21642,24461,9318,7740
48001,Anderson County,Texas,57941,59805,2228,2738,2820,3809
48003,Andrews County,Texas,18616,18914,-551,-319,1378,753
48005,Angelina County,Texas,86496,88154,1223,1699,5440,5507
48007,Aransas County,Texas,23930,26146,3155,3232,1049,2081
48009,Archer County,Texas,8553,9129,566,602,442,468
48011,Armstrong County,Texas,1851,1843,29,36,108,153
48013,Atascosa County,Texas,49286,53590,3679,3730,3260,2716
48015,Austin County,Texas,30133,33625,2846,3328,1878,1730
48017,Bailey County,Texas,6869,6963,-631,-180,620,352
48019,Bandera County,Texas,20987,22876,2575,2685,835,1640
48021,Bastrop County,Texas,98060,118908,16618,18093,7098,4402
48023,Baylor County,Texas,3461,3472,141,168,187,345
48025,Bee County,Texas,31043,32515,1386,1503,1516,1619
48027,Bell County,Texas,372407,402248,10049,14606,30170,14902
48029,Bexar County,Texas,2015492,2160088,39218,97955,130291,85109
48031,Blanco County,Texas,11451,13581,2266,2286,553,739
48033,Borden County,Texas,643,567,-57,-57,16,34
48035,Bosque County,Texas,18255,18918,1334,1371,894,1600
48037,Bowie County,Texas,92907,92696,15,742,5459,6420
48039,Brazoria County,Texas,373490,419080,30941,36641,23329,14865
48041,Brazos County,Texas,234527,249088,264,7369,13952,6904
48043,Brewster County,Texas,9561,9458,-304,-33,398,485
48045,Briscoe County,Texas,1420,1474,95,98,57,100
48047,Brooks County,Texas,7095,6579,-547,-444,442,517
48049,Brown County,Texas,38056,38711,1581,1757,2026,3133
48051,Burleson County,Texas,17679,20549,2748,3079,1065,1305
48053,Burnet County,Texas,49480,57015,7183,7989,2837,3303
48055,Caldwell County,Texas,45945,55150,7105,8039,3346,2179
48057,Calhoun County,Texas,20064,19599,-479,-235,1103,1295
48059,Callahan County,Texas,13748,14491,1156,1152,649,1034
48061,Cameron County,Texas,421504,433946,-6845,1016,29439,18129
48063,Camp County,Texas,12429,13380,803,930,980,954
48065,Carson County,Texas,5795,5805,124,132,264,387
48067,Cass County,Texas,28441,28651,1124,1187,1562,2539
48069,Castro County,Texas,7324,7295,-437,-152,512,398
48071,Chambers County,Texas,46992,57594,8642,9107,3249,1818
48073,Cherokee County,Texas,50619,53337,2366,2581,3501,3358
48075,Childress County,Texas,6657,6643,73,68,357,434
48077,Clay County,Texas,10255,10764,747,771,513,783
48079,Cochran County,Texas,2559,2546,-182,-48,219,184
48081,Coke County,Texas,3321,3412,259,258,177,343
48083,Coleman County,Texas,7687,7915,705,721,383,880
48085,Collin County,Texas,1075512,1297179,125343,188356,63629,30159
48087,Collingsworth County,Texas,2642,2487,-31,-36,125,245
48089,Colorado County,Texas,20641,21439,684,992,1287,1492
48091,Comal County,Texas,163608,209166,43984,44591,9415,8354
48093,Comanche County,Texas,13635,14432,1020,1105,775,1080
48095,Concho County,Texas,3317,3607,63,410,82,202
48097,Cooke County,Texas,41751,44461,2330,2648,2576,2533
48099,Coryell County,Texas,83102,85592,275,920,4815,3286
48101,Cottle County,Texas,1366,1224,-81,-81,51,112
48103,Crane County,Texas,4671,4554,-220,-224,343,240
48105,Crockett County,Texas,3095,2769,-253,-280,182,234
48107,Crosby County,Texas,5096,4852,-183,-143,317,419
48109,Culberson County,Texas,2185,2267,45,74,158,151
48111,Dallam County,Texas,7137,7508,-814,-189,867,319
48113,Dallas County,Texas,2610802,2661397,-190669,-35442,183053,94845
48115,Dawson County,Texas,12474,11776,-712,-660,819,865
48117,Deaf Smith County,Texas,18533,18626,-959,-594,1570,873
48119,Delta County,Texas,5221,5549,407,422,324,416
48121,Denton County,Texas,914517,1069346,93432,124228,55995,26047
48123,DeWitt County,Texas,19841,20309,582,743,1096,1381
48125,Dickens County,Texas,1758,1692,5,17,76,160
48127,Dimmit County,Texas,8584,8024,-585,-594,644,611
48129,Donley County,Texas,3276,3213,100,110,125,292
48131,Duval County,Texas,9811,9402,-264,-261,610,757
48133,Eastland County,Texas,17800,18143,770,898,995,1573
48135,Ector County,Texas,165491,173801,-5177,1229,14712,7317
48137,Edwards County,Texas,1421,1370,-2,-4,89,136
48139,Ellis County,Texas,194322,240867,39618,40841,13818,8178
48141,El Paso County,Texas,866582,877858,-23600,-8309,54744,35548
48143,Erath County,Texas,42710,43911,756,904,2239,1958
48145,Falls County,Texas,16942,17869,985,1084,923,1104
48147,Fannin County,Texas,35974,39265,3980,4073,1836,2591
48149,Fayette County,Texas,24511,25459,1518,1640,1289,1977
48151,Fisher County,Texas,3678,3692,169,175,152,309
48153,Floyd County,Texas,5369,4881,-410,-380,302,413
48155,Foard County,Texas,1090,1044,31,31,48,126
48157,Fort Bend County,Texas,830347,975191,79829,121949,47036,23477
48159,Franklin County,Texas,10372,10994,686,851,536,769
48161,Freestone County,Texas,19439,20811,1508,1628,1059,1295
48163,Frio County,Texas,18406,18823,-524,357,1057,935
48165,Gaines County,Texas,21699,23956,-148,506,2507,757
48167,Galveston County,Texas,351586,372207,13615,18070,19459,16767
48169,Garza County,Texas,5806,4510,-1638,-1434,251,277
48171,Gillespie County,Texas,26768,28527,2036,2521,1244,1955
48173,Glasscock County,Texas,1117,1128,-21,-15,79,50
48175,Goliad County,Texas,7021,7208,328,325,329,464
48177,Gonzales County,Texas,19670,20159,60,264,1391,1177
48179,Gray County,Texas,21197,20919,-160,81,1187,1543
48181,Grayson County,Texas,136157,153613,16139,17502,8955,9055
48183,Gregg County,Texas,124315,126095,550,1593,8212,8108
48185,Grimes County,Texas,29443,34252,4496,4667,1863,1786
48187,Guadalupe County,Texas,173722,201111,23223,24523,10025,7364
48189,Hale County,Texas,32458,31819,-1114,-758,1947,1821
48191,Hall County,Texas,2805,2737,-19,54,141,259
48193,Hamilton County,Texas,8252,8680,570,699,434,708
48195,Hansford County,Texas,5253,4944,-416,-336,328,295
48197,Hardeman County,Texas,3558,3292,-194,-145,173,293
48199,Hardin County,Texas,56357,58723,2424,2560,3393,3587
48201,Harris County,Texas,4734060,5045026,-157010,150934,324249,162793
48203,Harrison County,Texas,68798,71956,2973,3338,3871,4034
48205,Hartley County,Texas,5337,4904,-570,-552,354,250
48207,Haskell County,Texas,5439,5499,231,269,225,437
48209,Hays County,Texas,243984,304390,47293,51935,15936,7856
48211,Hemphill County,Texas,3365,3083,-249,-245,151,190
48213,Henderson County,Texas,82400,88595,8117,8352,4678,6837
48215,Hidalgo County,Texas,872753,921549,-2839,9101,69129,29795
48217,Hill County,Texas,35965,39503,3726,4002,2189,2706
48219,Hockley County,Texas,21484,21600,25,139,1412,1405
48221,Hood County,Texas,62054,70501,9361,9913,3220,4673
48223,Hopkins County,Texas,36833,39063,1990,2405,2289,2482
48225,Houston County,Texas,22073,22316,828,911,1128,1814
48227,Howard County,Texas,34811,30504,-5047,-4405,1904,2186
48229,Hudspeth County,Texas,3189,3433,-70,290,151,197
48231,Hunt County,Texas,100260,123336,19905,21394,7427,5927
48233,Hutchinson County,Texas,20569,19633,-586,-566,1106,1486
48235,Irion County,Texas,1506,1463,-37,-37,84,91
48237,Jack County,Texas,8484,9563,1101,1166,434,555
48239,Jackson County,Texas,14997,15393,-6,148,1055,808
48241,Jasper County,Texas,32921,33075,818,890,1924,2638
48243,Jeff Davis County,Texas,1987,1711,-180,-198,62,144
48245,Jefferson County,Texas,256141,254321,-8815,-4011,15907,13709
48247,Jim Hogg County,Texas,4845,4555,-238,-237,261,314
48249,Jim Wells County,Texas,38888,38804,-268,-104,2555,2540
48251,Johnson County,Texas,180955,218048,32107,34181,12487,9744
48253,Jones County,Texas,19667,20861,1467,1494,814,1142
48255,Karnes County,Texas,14811,15018,57,321,744,874
48257,Kaufman County,Texas,147165,209235,53458,55112,13443,6705
48259,Kendall County,Texas,44568,53289,8407,8940,2184,2371
48261,Kenedy County,Texas,349,319,-40,-28,16,19
48263,Kent County,Texas,758,674,-26,-26,24,80
48265,Kerr County,Texas,52696,54037,2758,3177,2433,4291
48267,Kimble County,Texas,4293,4438,206,204,213,277
48269,King County,Texas,267,192,-83,-83,17,9
48271,Kinney County,Texas,3127,3128,4,115,142,251
48273,Kleberg County,Texas,30986,30315,-1442,-1040,1890,1527
48275,Knox County,Texas,3346,3192,-61,-51,189,292
48277,Lamar County,Texas,50131,51503,1398,1624,3277,3528
48279,Lamb County,Texas,13005,12579,-651,-356,822,900
48281,Lampasas County,Texas,21704,23657,2210,2366,1096,1532
48283,La Salle County,Texas,6642,6517,-235,-120,331,347
48285,Lavaca County,Texas,20355,20651,483,524,1137,1347
48287,Lee County,Texas,17504,18729,1146,1169,1065,1020
48289,Leon County,Texas,15775,16894,1339,1404,992,1274
48291,Liberty County,Texas,92471,121364,24555,26199,7697,5004
48293,Limestone County,Texas,22141,22849,791,1108,1311,1724
48295,Lipscomb County,Texas,3039,2955,-167,-96,173,157
48297,Live Oak County,Texas,11348,11929,526,798,513,744
48299,Llano County,Texas,21331,23353,2719,3031,1017,1994
48301,Loving County,Texas,63,52,-2,-2,3,12
48303,Lubbock County,Texas,311589,328906,7412,12622,20174,15498
48305,Lynn County,Texas,5609,6017,296,316,432,341
48307,McCulloch County,Texas,7592,7472,151,177,397,696
48309,McLennan County,Texas,261189,272020,5179,7358,16783,13301
48311,McMullen County,Texas,598,544,-21,-20,36,71
48313,Madison County,Texas,13457,14226,531,696,876,816
48315,Marion County,Texas,9866,9896,426,437,471,878
48317,Martin County,Texas,5259,5284,-176,-66,362,272
48319,Mason County,Texas,3970,3990,173,176,170,324
48321,Matagorda County,Texas,36287,36463,-773,-15,2294,2135
48323,Maverick County,Texas,57866,58823,-1942,-1188,4845,2714
48325,Medina County,Texas,51058,56881,5649,5751,2858,2757
48327,Menard County,Texas,1959,1956,98,102,88,192
48329,Midland County,Texas,170722,187855,3076,8779,14947,6480
48331,Milam County,Texas,24780,26258,1618,1717,1541,1778
48333,Mills County,Texas,4447,4580,328,341,199,408
48335,Mitchell County,Texas,9013,8947,31,86,345,506
48337,Montague County,Texas,20040,21966,2479,2522,1064,1695
48339,Montgomery County,Texas,625369,781194,116575,137751,42622,24925
48341,Moore County,Texas,21264,21891,-1795,-361,1834,864
48343,Morris County,Texas,11978,12133,434,549,673,1074
48345,Motley County,Texas,1062,1043,56,56,64,134
48347,Nacogdoches County,Texas,64642,66035,632,1050,3983,3667
48349,Navarro County,Texas,52843,57181,3602,3923,3556,3156
48351,Newton County,Texas,12163,11954,150,150,601,956
48353,Nolan County,Texas,14724,14117,-470,-413,884,1079
48355,Nueces County,Texas,353554,352992,-7566,-3784,21212,18192
48357,Ochiltree County,Texas,9954,9284,-1275,-812,562,419
48359,Oldham County,Texas,1766,1783,-31,16,105,102
48361,Orange County,Texas,84759,86266,1341,1827,5272,5570
48363,Palo Pinto County,Texas,28456,30791,2439,2599,1795,2095
48365,Panola County,Texas,22498,23018,903,927,1261,1673
48367,Parker County,Texas,149559,184767,32463,33558,9460,8021
48369,Parmer County,Texas,9856,9678,-824,-483,721,426
48371,Pecos County,Texas,15188,14560,-1007,-861,961,763
48373,Polk County,Texas,50464,53434,4493,4589,2598,4304
48375,Potter County,Texas,118353,114453,-7415,-4589,7727,7074
48377,Presidio County,Texas,6105,5433,-840,-750,391,330
48379,Rains County,Texas,12182,13542,1573,1637,663,949
48381,Randall County,Texas,141255,152351,8502,9539,8522,6940
48383,Reagan County,Texas,3423,3166,-376,-295,203,160
48385,Real County,Texas,2749,2745,200,201,139,343
48387,Red River County,Texas,11564,11816,540,607,634,990
48389,Reeves County,Texas,14769,12138,-3238,-2866,947,676
48391,Refugio County,Texas,6742,6657,123,130,338,552
48393,Roberts County,Texas,824,867,33,33,45,36
48395,Robertson County,Texas,16767,17839,1259,1279,1011,1218
48397,Rockwall County,Texas,109199,140738,27790,28865,6930,4218
48399,Runnels County,Texas,9916,9693,-25,-18,543,752
48401,Rusk County,Texas,52255,54854,2940,3180,2818,3411
48403,Sabine County,Texas,9896,10012,658,664,502,1049
48405,San Augustine County,Texas,7923,7722,201,219,416,832
48407,San Jacinto County,Texas,27542,29488,2258,2381,1630,2100
48409,San Patricio County,Texas,68839,72053,1261,2814,4347,3919
48411,San Saba County,Texas,5723,5787,164,232,262,442
48413,Schleicher County,Texas,2438,2245,-155,-156,109,150
48415,Scurry County,Texas,16916,16162,-975,-798,962,983
48417,Shackelford County,Texas,3114,3197,149,151,162,221
48419,Shelby County,Texas,24042,24286,179,198,1796,1752
48421,Sherman County,Texas,2784,2781,-189,-105,238,138
48423,Smith County,Texas,234205,252549,13980,16320,15133,13288
48425,Somervell County,Texas,9206,10261,1118,1191,453,594
48427,Starr County,Texas,65853,66319,-2229,-2136,5474,2902
48429,Stephens County,Texas,9095,9380,501,473,446,592
48431,Sterling County,Texas,1383,1349,-53,-57,102,81
48433,Stonewall County,Texas,1244,1186,24,24,58,140
48435,Sutton County,Texas,3361,3203,-157,-102,147,200
48437,Swisher County,Texas,6948,6703,-219,-133,352,457
48439,Tarrant County,Texas,2116194,2248466,3854,74295,137689,80614
48441,Taylor County,Texas,143484,150077,2307,5032,9596,8082
48443,Terrell County,Texas,752,702,0,0,19,71
48445,Terry County,Texas,11792,11720,-450,-262,888,725
48447,Throckmorton County,Texas,1457,1554,126,140,100,142
48449,Titus County,Texas,31298,31563,-585,-129,2105,1718
48451,Tom Green County,Texas,120185,120602,-1266,-488,7375,6462
48453,Travis County,Texas,1296572,1389670,-26238,47360,80096,35034
48455,Trinity County,Texas,13636,14384,1457,1494,677,1433
48457,Tyler County,Texas,19824,20443,1311,1328,951,1705
48459,Upshur County,Texas,41044,44410,3589,3754,2477,2889
48461,Upton County,Texas,3301,3131,-177,-165,175,183
48463,Uvalde County,Texas,24565,24963,-207,145,1909,1653
48465,Val Verde County,Texas,47597,47835,-1807,-1177,3722,2306
48467,Van Zandt County,Texas,59747,66130,7379,7461,3253,4343
48469,Victoria County,Texas,91299,92656,-272,266,5992,4867
48471,Walker County,Texas,76562,83842,6340,7319,3370,3482
48473,Waller County,Texas,57294,69858,9116,10687,4172,2301
48475,Ward County,Texas,11679,11125,-783,-730,867,656
48477,Washington County,Texas,35791,38288,2431,2875,1855,2305
48479,Webb County,Texas,267336,281224,-12241,1382,21635,9303
48481,Wharton County,Texas,41581,42060,153,388,2665,2569
48483,Wheeler County,Texas,4976,4773,-155,-73,265,398
48485,Wichita County,Texas,129611,129555,-587,566,7688,8295
48487,Wilbarger County,Texas,12842,12481,-310,-229,791,926
48489,Willacy County,Texas,20125,19971,-284,-250,1184,1081
48491,Williamson County,Texas,615611,752827,93840,116407,40348,19719
48493,Wilson County,Texas,50051,56139,5549,6027,2642,2613
48495,Winkler County,Texas,7757,7540,-723,-396,580,381
48497,Wise County,Texas,68931,83778,14207,14474,4305,3970
48499,Wood County,Texas,45042,49688,6088,6546,2125,4006
48501,Yoakum County,Texas,7672,7438,-760,-509,686,415
48503,Young County,Texas,17847,18154,492,783,1071,1543
48505,Zapata County,Texas,13875,13753,-628,-442,916,602
48507,Zavala County,Texas,9668,9037,-725,-724,761,665
49001,Beaver County,Utah,7089,7301,-12,61,517,368
49003,Box Elder County,Utah,57944,65320,5184,5653,4117,2392
49005,Cache County,Utah,133636,145000,2760,4748,10420,3754
49007,Carbon County,Utah,20485,20680,476,479,1114,1413
49009,Daggett County,Utah,951,934,-11,-11,39,48
49011,Davis County,Utah,363766,381227,435,4602,23943,11163
49013,Duchesne County,Utah,19617,20856,783,844,1363,989
49015,Emery County,Utah,9844,10177,336,349,595,613
49017,Garfield County,Utah,5105,5256,142,175,286,311
49019,Grand County,Utah,9683,9790,-178,1,488,399
49021,Iron County,Utah,57703,67141,6796,7549,4119,2185
49023,Juab County,Utah,11821,13567,1103,1146,1034,431
49025,Kane County,Utah,7697,8597,924,940,431,475
49027,Millard County,Utah,13053,14057,367,729,900,623
49029,Morgan County,Utah,12385,13383,645,654,721,362
49031,Piute County,Utah,1440,1509,90,90,82,101
49033,Rich County,Utah,2503,2687,121,120,160,91
49035,Salt Lake County,Utah,1187009,1220916,-50985,-459,73788,39376
49037,San Juan County,Utah,14521,14542,-181,-108,885,765
49039,Sanpete County,Utah,28528,31453,1618,2248,2010,1337
49041,Sevier County,Utah,21554,22827,967,967,1433,1110
49043,Summit County,Utah,42478,43141,-1387,-428,2022,970
49045,Tooele County,Utah,73349,87461,10387,11117,5472,2450
49047,Uintah County,Utah,35676,38278,1304,1682,2433,1549
49049,Utah County,Utah,663576,759859,33354,51896,60503,16037
49051,Wasatch County,Utah,35061,38514,1837,2592,1927,994
49053,Washington County,Utah,182002,213670,27818,29496,11703,9278
49055,Wayne County,Utah,2505,2587,76,73,185,176
49057,Weber County,Utah,262989,278174,5472,8054,17314,10272
50001,Addison County,Vermont,37362,38048,405,1044,1434,1789
50003,Bennington County,Vermont,37318,36630,428,669,1275,2606
50005,Caledonia County,Vermont,30180,30414,831,896,1211,1872
50007,Chittenden County,Vermont,168412,169115,-1995,485,6768,6591
50009,Essex County,Vermont,5921,6051,362,362,223,449
50011,Franklin County,Vermont,50041,51177,942,1050,2666,2574
50013,Grand Isle County,Vermont,7277,7511,324,339,285,383
50015,Lamoille County,Vermont,25927,26294,72,468,1092,1175
50017,Orange County,Vermont,29296,30002,953,1018,1260,1561
50019,Orleans County,Vermont,27404,27600,854,889,1222,1903
50021,Rutland County,Vermont,60476,59653,829,891,2267,3942
50023,Washington County,Vermont,59766,59652,241,556,2313,2962
50025,Windham County,Vermont,45858,45204,464,579,1531,2731
50027,Windsor County,Vermont,57727,57312,727,1064,2125,3551
51001,Accomack County,Virginia,33400,33859,150,1225,1756,2507
51003,Albemarle County,Virginia,112578,118356,3088,5885,5093,5137
51005,Alleghany County,Virginia,15187,14546,151,184,490,1317
51007,Amelia County,Virginia,13268,13632,566,642,672,952
51009,Amherst County,Virginia,31312,31962,1045,1181,1665,2210
51011,Appomattox County,Virginia,16155,17172,1042,1052,944,987
51013,Arlington County,Virginia,238825,243931,-14216,-1418,12148,5275
51015,Augusta County,Virginia,77586,78940,2916,3398,2476,4533
51017,Bath County,Virginia,4185,4076,56,62,224,389
51019,Bedford County,Virginia,79590,83059,4464,4801,3446,4747
51021,Bland County,Virginia,6255,6151,146,146,221,473
51023,Botetourt County,Virginia,33636,34144,1407,1482,1258,2209
51025,Brunswick County,Virginia,15824,15727,491,546,629,1259
51027,Buchanan County,Virginia,20247,18492,-781,-733,856,1891
51029,Buckingham County,Virginia,16826,17137,746,759,619,1061
51031,Campbell County,Virginia,55598,55629,1316,1580,1983,3537
51033,Caroline County,Virginia,30922,34413,3111,3370,1817,1706
51035,Carroll County,Virginia,29146,29299,1328,1415,1120,2394
51036,Charles City County,Virginia,6747,6623,168,167,191,481
51037,Charlotte County,Virginia,11538,11401,90,89,726,950
51041,Chesterfield County,Virginia,365330,397148,19059,27138,20303,15671
51043,Clarke County,Virginia,14817,15609,988,1040,737,996
51045,Craig County,Virginia,4876,4800,108,112,211,398
51047,Culpeper County,Virginia,52764,57666,2557,4208,3357,2644
51049,Cumberland County,Virginia,9680,10352,709,881,423,630
51051,Dickenson County,Virginia,14075,13236,-195,-184,564,1212
51053,Dinwiddie County,Virginia,27886,28896,1437,1698,1002,1704
51057,Essex County,Virginia,10597,10654,326,347,543,838
51059,Fairfax County,Virginia,1148598,1167873,-70553,-13220,61351,29591
51061,Fauquier County,Virginia,73012,76503,2627,3208,3678,3322
51063,Floyd County,Virginia,15469,15789,610,647,689,1018
51065,Fluvanna County,Virginia,27289,28975,1676,1701,1294,1287
51067,Franklin County,Virginia,54478,55526,2231,2368,2435,3727
51069,Frederick County,Virginia,91891,99955,7175,8008,4756,4624
51071,Giles County,Virginia,16786,16564,317,308,805,1326
51073,Gloucester County,Virginia,38723,40097,2119,2112,1714,2456
51075,Goochland County,Virginia,24866,29187,4567,4731,893,1377
51077,Grayson County,Virginia,15282,15230,729,794,527,1364
51079,Greene County,Virginia,20601,21958,1063,1332,1091,1072
51081,Greensville County,Virginia,11387,11181,30,82,508,801
51083,Halifax County,Virginia,33939,33447,618,753,1573,2819
51085,Hanover County,Virginia,110211,116423,6265,6864,5256,5861
51087,Henrico County,Virginia,334929,342775,-5257,6457,18053,16715
51089,Henry County,Virginia,50845,49242,927,978,1841,4433
51091,Highland County,Virginia,2242,2318,157,153,75,152
51093,Isle of Wight County,Virginia,38711,41321,2854,3037,1893,2327
51095,James City County,Virginia,78486,83326,4947,5696,3867,4699
51097,King and Queen County,Virginia,6585,6743,385,385,305,524
51099,King George County,Virginia,26822,29646,2374,2512,1523,1180
51101,King William County,Virginia,17916,19617,1388,1448,1147,914
51103,Lancaster County,Virginia,10899,10995,874,917,340,1153
51105,Lee County,Virginia,22110,21642,548,582,943,1991
51107,Loudoun County,Virginia,422693,449749,-2832,12144,23682,9200
51109,Louisa County,Virginia,37785,42924,4997,5253,2132,2246
51111,Lunenburg County,Virginia,11949,12058,301,417,576,873
51113,Madison County,Virginia,13862,14237,466,573,659,854
51115,Mathews County,Virginia,8520,8529,422,422,336,745
51117,Mecklenburg County,Virginia,30285,30747,1326,1637,1465,2652
51119,Middlesex County,Virginia,10609,10841,644,768,459,989
51121,Montgomery County,Virginia,99593,98434,-3841,-745,3323,3743
51125,Nelson County,Virginia,14737,14920,325,497,740,1039
51127,New Kent County,Virginia,23118,28022,4668,4678,1385,1217
51131,Northampton County,Virginia,12217,11879,17,140,499,978
51133,Northumberland County,Virginia,11838,12557,1361,1348,433,1067
51135,Nottoway County,Virginia,15642,15796,406,513,721,1071
51137,Orange County,Virginia,36396,40083,3566,3765,2363,2430
51139,Page County,Virginia,23695,23762,713,826,1025,1765
51141,Patrick County,Virginia,17583,17424,781,774,706,1628
51143,Pittsylvania County,Virginia,60369,59490,1054,1163,2259,4292
51145,Powhatan County,Virginia,30453,32591,2208,2316,1329,1466
51147,Prince Edward County,Virginia,21879,22391,580,746,1078,1321
51149,Prince George County,Virginia,43076,43936,14,647,1753,1544
51153,Prince William County,Virginia,482838,502966,-19116,1450,30854,12617
51155,Pulaski County,Virginia,33806,33586,1047,1108,1395,2718
51157,Rappahannock County,Virginia,7322,7439,334,356,236,468
51159,Richmond County,Virginia,8919,9294,488,610,426,648
51161,Roanoke County,Virginia,96958,97150,1510,2636,3728,6172
51163,Rockbridge County,Virginia,22668,22663,958,977,542,1510
51165,Rockingham County,Virginia,83780,89316,4092,5819,4497,4798
51167,Russell County,Virginia,25761,25332,337,357,1333,2116
51169,Scott County,Virginia,21595,21200,719,724,878,2000
51171,Shenandoah County,Virginia,44258,45839,1817,2263,2370,3012
51173,Smyth County,Virginia,29780,28882,492,552,1365,2818
51175,Southampton County,Virginia,17950,18110,677,716,573,1119
51177,Spotsylvania County,Virginia,140611,155388,10769,12834,8046,5991
51179,Stafford County,Virginia,157763,170803,6308,9171,9029,5009
51181,Surry County,Virginia,6548,6603,182,181,304,431
51183,Sussex County,Virginia,10799,10755,340,339,424,805
51185,Tazewell County,Virginia,40407,38635,292,320,1576,3658
51187,Warren County,Virginia,40796,42740,1338,1862,2449,2409
51191,Washington County,Virginia,53910,53898,1875,1970,2303,4316
51193,Westmoreland County,Virginia,18513,19715,1649,1652,953,1394
51195,Wise County,Virginia,36072,34824,27,59,1630,2919
51197,Wythe County,Virginia,28324,27983,617,627,1383,2359
51199,York County,Virginia,70236,71374,699,1124,2954,2926
51510,Alexandria city,Virginia,159147,160662,-15308,-4989,11294,4284
51520,Bristol city,Virginia,17321,16418,-97,-12,731,1622
51530,Buena Vista city,Virginia,6616,6672,114,104,434,478
51540,Charlottesville city,Virginia,46433,44388,-4479,-3225,2730,1566
51550,Chesapeake city,Virginia,249655,255332,437,2305,14071,10717
51570,Colonial Heights city,Virginia,18162,18738,532,691,1308,1417
51580,Covington city,Virginia,5747,5680,8,21,458,544
51590,Danville city,Virginia,42572,41647,360,582,2647,4163
51595,Emporia city,Virginia,5697,5447,-152,-147,369,476
51600,Fairfax city,Virginia,24174,26772,-876,1031,2942,1401
51610,Falls Church city,Virginia,14677,15159,-127,306,789,613
51620,Franklin city,Virginia,8147,8478,386,380,782,837
51630,Fredericksburg city,Virginia,27997,30393,250,1724,1839,1156
51640,Galax city,Virginia,6716,6670,105,99,518,669
51650,Hampton city,Virginia,137279,137315,-1277,-246,7716,7448
51660,Harrisonburg city,Virginia,51698,50839,-4641,-2415,3114,1608
51670,Hopewell city,Virginia,23012,23261,301,443,1605,1788
51678,Lexington city,Virginia,7318,7769,171,274,524,339
51680,Lynchburg city,Virginia,78995,81347,118,1049,5918,4605
51683,Manassas city,Virginia,42690,44332,-3667,-508,3591,1493
51685,Manassas Park city,Virginia,17161,16560,-1211,-527,126,235
51690,Martinsville city,Virginia,13478,13849,392,617,1234,1482
51700,Newport News city,Virginia,186030,183230,-8912,-5907,12301,9131
51710,Norfolk city,Virginia,237859,231013,-15736,-10545,15011,11270
51720,Norton city,Virginia,3680,3477,-37,-37,194,361
51730,Petersburg city,Virginia,33398,33734,-273,-58,3500,3094
51735,Poquoson city,Virginia,12472,13292,870,893,585,641
51740,Portsmouth city,Virginia,97991,96777,-1896,-1456,6479,6240
51750,Radford city,Virginia,16117,17243,999,1090,740,708
51760,Richmond city,Virginia,226927,237257,-1297,6590,14461,10803
51770,Roanoke city,Virginia,99903,99111,-2646,55,6523,7328
51775,Salem city,Virginia,25398,25816,486,896,1526,2020
51790,Staunton city,Virginia,25810,26801,931,1269,1697,1991
51800,Suffolk city,Virginia,94818,104699,8149,8844,5829,4873
51810,Virginia Beach city,Virginia,459626,453737,-17665,-11967,25075,19258
51820,Waynesboro city,Virginia,22280,23951,1406,1481,1735,1553
51830,Williamsburg city,Virginia,15459,15861,280,608,279,526
51840,Winchester city,Virginia,28003,28272,-712,-42,1825,1540
53001,Adams County,Washington,20610,21488,-835,-232,1818,693
53003,Asotin County,Washington,22327,22545,493,550,1235,1564
53005,Benton County,Washington,207408,221722,7439,11191,12363,9151
53007,Chelan County,Washington,79302,81941,852,2848,3944,4113
53009,Clallam County,Washington,77356,78202,3987,4367,2745,6122
53011,Clark County,Washington,505325,532119,15206,20967,28360,22440
53013,Columbia County,Washington,3954,4141,276,317,179,306
53015,Cowlitz County,Washington,111014,114885,4135,4698,6183,7018
53017,Douglas County,Washington,43033,46473,1927,2936,2400,1863
53019,Ferry County,Washington,7199,7517,563,609,333,636
53021,Franklin County,Washington,97137,102612,-1920,965,7191,2740
53023,Garfield County,Washington,2296,2416,155,156,113,147
53025,Grant County,Washington,99446,105727,827,3762,6963,4449
53027,Grays Harbor County,Washington,75866,78144,3573,4287,3410,5387
53029,Island County,Washington,87001,85657,-1055,-473,3727,4481
53031,Jefferson County,Washington,33064,33970,2177,2322,721,2092
53033,King County,Washington,2274304,2344939,-96730,35062,114554,76337
53035,Kitsap County,Washington,275811,283374,3638,6289,13880,12576
53037,Kittitas County,Washington,46823,48803,1682,1970,1930,1959
53039,Klickitat County,Washington,22817,24331,1172,1604,1167,1251
53041,Lewis County,Washington,82551,88062,5822,6433,4621,5462
53043,Lincoln County,Washington,10926,11982,1210,1220,579,740
53045,Mason County,Washington,66041,71165,4707,6058,3287,4200
53047,Okanogan County,Washington,42143,45230,1351,3683,2213,2793
53049,Pacific County,Washington,23503,24357,1769,1928,838,1888
53051,Pend Oreille County,Washington,13505,14457,1449,1459,582,1078
53053,Pierce County,Washington,923609,946288,-5654,8713,54053,40291
53055,San Juan County,Washington,17825,18577,959,1107,494,790
53057,Skagit County,Washington,129885,132975,2047,3599,6973,7389
53059,Skamania County,Washington,12038,12669,679,722,513,611
53061,Snohomish County,Washington,829901,870656,-4645,23522,49167,31821
53063,Spokane County,Washington,541144,558344,10865,15319,29190,27463
53065,Stevens County,Washington,46585,49668,3608,3649,2374,2917
53067,Thurston County,Washington,296013,304261,5258,7748,14741,14202
53069,Wahkiakum County,Washington,4446,4873,593,594,161,322
53071,Walla Walla County,Washington,62620,62361,-137,506,2813,3520
53073,Whatcom County,Washington,227452,236392,6228,8934,9857,10201
53075,Whitman County,Washington,47816,48512,-998,448,1958,1654
53077,Yakima County,Washington,256716,259185,-7531,-2108,16564,12019
54001,Barbour County,West Virginia,15463,15414,362,395,777,1214
54003,Berkeley County,West Virginia,122693,139522,15280,15693,7893,6803
54005,Boone County,West Virginia,21746,20251,-592,-581,929,1844
54007,Braxton County,West Virginia,12400,11885,-25,-23,492,980
54009,Brooke County,West Virginia,22481,21142,-344,-285,791,1842
54011,Cabell County,West Virginia,94245,91183,-587,-404,4475,7107
54013,Calhoun County,West Virginia,6203,5978,28,20,311,552
54015,Clay County,West Virginia,8009,7538,-103,-107,383,743
54017,Doddridge County,West Virginia,7785,7634,-26,-20,312,440
54019,Fayette County,West Virginia,40442,38165,-479,-439,1789,3644
54021,Gilmer County,West Virginia,7393,7085,-83,-54,233,491
54023,Grant County,West Virginia,10993,11041,323,346,573,867
54025,Greenbrier County,West Virginia,32906,31578,48,135,1513,2966
54027,Hampshire County,West Virginia,23086,24105,1567,1546,1150,1664
54029,Hancock County,West Virginia,29040,27729,-21,-12,1173,2467
54031,Hardy County,West Virginia,14241,14337,186,331,724,966
54033,Harrison County,West Virginia,65846,64221,70,188,3199,5012
54035,Jackson County,West Virginia,27723,27450,323,563,1402,2236
54037,Jefferson County,West Virginia,57790,63102,4892,5369,2953,3001
54039,Kanawha County,West Virginia,180215,172381,-2595,-1828,8325,14300
54041,Lewis County,West Virginia,17021,16394,-23,-17,812,1420
54043,Lincoln County,West Virginia,20369,19177,-334,-321,896,1768
54045,Logan County,West Virginia,32514,30375,-713,-716,1583,3006
54047,McDowell County,West Virginia,18942,16878,-976,-925,731,1877
54049,Marion County,West Virginia,56240,55584,588,672,2580,3921
54051,Marshall County,West Virginia,30498,29159,-479,-467,1307,2183
54053,Mason County,West Virginia,25403,24707,97,93,1317,2103
54055,Mercer County,West Virginia,59528,57503,189,210,3091,5316
54057,Mineral County,West Virginia,26892,26792,640,607,1303,2003
54059,Mingo County,West Virginia,23489,21455,-1072,-1093,1277,2230
54061,Monongalia County,West Virginia,105917,107991,-211,1276,4894,4104
54063,Monroe County,West Virginia,12388,12491,450,465,625,984
54065,Morgan County,West Virginia,17086,18027,1508,1502,699,1271
54067,Nicholas County,West Virginia,24559,23848,181,256,1030,1990
54069,Ohio County,West Virginia,42347,40496,-390,-314,1743,3270
54071,Pendleton County,West Virginia,6129,5826,43,47,249,597
54073,Pleasants County,West Virginia,7655,7338,-64,-64,313,566
54075,Pocahontas County,West Virginia,7861,7602,134,133,342,731
54077,Preston County,West Virginia,34201,34004,610,685,1427,2289
54079,Putnam County,West Virginia,57441,56885,322,456,2473,3486
54081,Raleigh County,West Virginia,74404,71775,-105,90,3484,6201
54083,Randolph County,West Virginia,27893,26882,-100,-54,1265,2222
54085,Ritchie County,West Virginia,8424,8034,-119,-100,381,681
54087,Roane County,West Virginia,13988,13317,-67,-65,541,1145
54089,Summers County,West Virginia,11931,11532,246,236,444,1075
54091,Taylor County,West Virginia,16690,16287,-32,-36,744,1106
54093,Tucker County,West Virginia,6753,6540,96,97,268,576
54095,Tyler County,West Virginia,8294,7881,-133,-134,376,651
54097,Upshur County,West Virginia,23820,23758,286,345,1162,1565
54099,Wayne County,West Virginia,38873,37309,-407,-354,1889,3114
54101,Webster County,West Virginia,8354,7760,-211,-213,314,698
54103,Wetzel County,West Virginia,14404,13734,-253,-209,813,1269
54105,Wirt County,West Virginia,5187,4879,-133,-133,239,406
54107,Wood County,West Virginia,84153,82385,204,327,3987,6079
54109,Wyoming County,West Virginia,21322,19801,-647,-664,1007,1881
55001,Adams County,Wisconsin,20687,21752,1770,1976,547,1501
55003,Ashland County,Wisconsin,16028,16203,277,393,772,995
55005,Barron County,Wisconsin,46719,46484,252,577,2187,2982
55007,Bayfield County,Wisconsin,16240,16787,888,914,564,941
55009,Brown County,Wisconsin,268952,275803,508,3779,14933,11840
55011,Buffalo County,Wisconsin,13333,13318,110,123,604,744
55013,Burnett County,Wisconsin,16580,17223,1196,1213,533,1099
55015,Calumet County,Wisconsin,52475,53982,763,1180,2222,1896
55017,Chippewa County,Wisconsin,66334,67614,1422,1534,3223,3479
55019,Clark County,Wisconsin,34640,35052,-960,-634,3006,1956
55021,Columbia County,Wisconsin,58534,58132,-423,-55,2815,3181
55023,Crawford County,Wisconsin,16082,15910,87,133,825,1126
55025,Dane County,Wisconsin,562615,590375,2623,19361,27920,19719
55027,Dodge County,Wisconsin,89343,89097,495,1430,3754,5377
55029,Door County,Wisconsin,30128,30616,1272,1478,1005,1966
55031,Douglas County,Wisconsin,44351,43990,252,361,1947,2673
55033,Dunn County,Wisconsin,45462,46223,466,656,2050,1949
55035,Eau Claire County,Wisconsin,105898,109033,2112,2743,5147,4848
55037,Florence County,Wisconsin,4565,4748,357,357,129,307
55039,Fond du Lac County,Wisconsin,104159,104669,-396,1182,5040,5716
55041,Forest County,Wisconsin,9173,9574,561,578,477,641
55043,Grant County,Wisconsin,51989,52446,102,300,2932,2710
55045,Green County,Wisconsin,37039,37227,205,385,1780,1985
55047,Green Lake County,Wisconsin,19016,19305,606,656,969,1311
55049,Iowa County,Wisconsin,23716,23951,75,152,1233,1151
55051,Iron County,Wisconsin,6144,6127,289,291,196,503
55053,Jackson County,Wisconsin,21096,20999,-28,43,1083,1204
55055,Jefferson County,Wisconsin,86219,86505,-144,505,4059,4246
55057,Juneau County,Wisconsin,26779,26649,486,573,1059,1773
55059,Kenosha County,Wisconsin,169186,168448,-2205,-811,8483,8446
55061,Kewaunee County,Wisconsin,20552,20758,207,374,949,1118
55063,La Crosse County,Wisconsin,120955,121339,378,623,5535,5731
55065,Lafayette County,Wisconsin,16619,17478,-23,399,1294,831
55067,Langlade County,Wisconsin,19465,19534,685,713,851,1488
55069,Lincoln County,Wisconsin,28423,28403,735,861,1263,2132
55071,Manitowoc County,Wisconsin,81401,81710,589,1499,3636,4821
55073,Marathon County,Wisconsin,138119,139432,33,1352,7128,7113
55075,Marinette County,Wisconsin,41887,42574,1692,1833,1798,2958
55077,Marquette County,Wisconsin,15594,15927,762,829,652,1133
55078,Menominee County,Wisconsin,4258,4199,35,35,320,417
55079,Milwaukee County,Wisconsin,938606,924216,-44731,-25545,58042,46016
55081,Monroe County,Wisconsin,46307,46572,-286,35,2820,2587
55083,Oconto County,Wisconsin,39077,40195,1596,1659,1686,2214
55085,Oneida County,Wisconsin,37864,38131,1630,1699,1321,2706
55087,Outagamie County,Wisconsin,190959,195894,1928,3332,10134,8511
55089,Ozaukee County,Wisconsin,91631,94346,2658,3330,3926,4482
55091,Pepin County,Wisconsin,7349,7513,100,136,391,356
55093,Pierce County,Wisconsin,42221,43519,1013,1083,1970,1756
55095,Polk County,Wisconsin,45028,45803,1483,1516,2048,2767
55097,Portage County,Wisconsin,70423,71943,1411,2032,2788,3334
55099,Price County,Wisconsin,14032,13988,433,468,484,1002
55101,Racine County,Wisconsin,198061,198919,-329,1357,10453,10844
55103,Richland County,Wisconsin,17281,17036,-104,41,809,1091
55105,Rock County,Wisconsin,163763,166472,2021,2798,8938,9010
55107,Rusk County,Wisconsin,14169,14146,339,367,597,995
55109,St. Croix County,Wisconsin,93875,98276,2949,3358,4971,3932
55111,Sauk County,Wisconsin,65796,66652,-2,1059,3572,3782
55113,Sawyer County,Wisconsin,18122,18846,1209,1250,711,1257
55115,Shawano County,Wisconsin,40859,41560,860,1057,2188,2529
55117,Sheboygan County,Wisconsin,118040,118047,-592,797,5518,6285
55119,Taylor County,Wisconsin,19942,20118,130,287,1003,1109
55121,Trempealeau County,Wisconsin,30825,31171,-480,-146,1965,1461
55123,Vernon County,Wisconsin,30695,31443,386,450,2116,1812
55125,Vilas County,Wisconsin,23093,23761,1773,1764,704,1795
55127,Walworth County,Wisconsin,105324,106127,897,1714,4479,5418
55129,Washburn County,Wisconsin,16618,17087,1047,1063,619,1212
55131,Washington County,Wisconsin,136806,139238,2511,2984,6324,6852
55133,Waukesha County,Wisconsin,407506,417210,8010,11309,18410,19964
55135,Waupaca County,Wisconsin,51799,51461,636,881,2373,3570
55137,Waushara County,Wisconsin,24532,25223,1336,1426,909,1641
55139,Winnebago County,Wisconsin,171833,174218,1275,2648,8402,8594
55141,Wood County,Wisconsin,74180,74060,382,947,3735,4803
56001,Albany County,Wyoming,37107,38558,52,1176,1557,1259
56003,Big Horn County,Wyoming,11480,12024,650,679,610,751
56005,Campbell County,Wyoming,47146,48145,-345,-220,3010,1726
56007,Carbon County,Wyoming,14508,14013,-492,-466,748,780
56009,Converse County,Wyoming,13748,13824,27,41,748,713
56011,Crook County,Wyoming,7183,7852,612,615,456,403
56013,Fremont County,Wyoming,39192,39464,913,896,2112,2749
56015,Goshen County,Wyoming,12520,12640,378,434,597,905
56017,Hot Springs County,Wyoming,4621,4600,251,249,211,490
56019,Johnson County,Wyoming,8469,8908,534,527,436,526
56021,Laramie County,Wyoming,100727,102938,1875,1951,5709,5483
56023,Lincoln County,Wyoming,19654,21180,1201,1306,1079,850
56025,Natrona County,Wyoming,80299,80526,558,495,4202,4435
56027,Niobrara County,Wyoming,2451,2341,-90,-90,114,143
56029,Park County,Wyoming,29670,31171,1772,1825,1405,1721
56031,Platte County,Wyoming,8632,8634,142,221,445,655
56033,Sheridan County,Wyoming,31006,33241,2322,2459,1635,1846
56035,Sublette County,Wyoming,8740,8929,172,162,410,391
56037,Sweetwater County,Wyoming,42194,41267,-1404,-1118,2206,1995
56039,Teton County,Wyoming,23381,23333,-1267,-638,996,431
56041,Uinta County,Wyoming,20462,20728,93,93,1083,910
56043,Washakie County,Wyoming,7659,7597,127,141,364,557
56045,Weston County,Wyoming,6820,6840,174,168,290,449
