cert,year,uninum,county_fips,deposits_kusd
873,1994,556.0,13215,387245
873,1994,3879.0,13199,43405
873,1994,5113.0,13199,5810
873,1994,5909.0,13197,21112
873,1994,10950.0,13193,28120
873,1994,186443.0,13215,29358
873,1994,186444.0,13215,45224
873,1994,186445.0,13215,44652
873,1994,186446.0,13215,34036
873,1994,186447.0,13215,51655
873,1994,186448.0,13215,30214
873,1994,186449.0,13053,18233
873,1994,186450.0,13215,35257
873,1994,186452.0,13215,15318
873,1994,186453.0,13053,0
873,1994,186454.0,13215,0
873,1994,186455.0,13215,40760
873,1994,186456.0,13215,722
873,1994,186457.0,13215,51002
873,1994,186458.0,13053,0
873,1994,186459.0,13215,0
873,1994,186460.0,13053,0
873,1994,186461.0,13053,0
873,1994,186462.0,13053,0
873,1994,186463.0,13053,0
873,1994,186464.0,13053,0
873,1994,186465.0,13053,0
873,1994,186466.0,13053,0
873,1994,186467.0,13053,0
873,1994,186468.0,13053,0
873,1994,186469.0,13053,0
873,1994,186470.0,13215,0
873,1994,186471.0,13215,6287
873,1994,186472.0,13215,12425
873,1994,186474.0,13053,3603
873,1994,186475.0,13215,7666
873,1994,239020.0,13193,541
873,1995,556.0,13215,569691
873,1995,3879.0,13199,42469
873,1995,5113.0,13199,6954
873,1995,5909.0,13197,21741
873,1995,10950.0,13193,27404
873,1995,186443.0,13215,30287
873,1995,186444.0,13215,49629
873,1995,186445.0,13215,38911
873,1995,186446.0,13215,35636
873,1995,186447.0,13215,36610
873,1995,186448.0,13215,31830
873,1995,186449.0,13053,21052
873,1995,186450.0,13215,38186
873,1995,186452.0,13215,18174
873,1995,186453.0,13053,0
873,1995,186454.0,13215,0
873,1995,186455.0,13215,43945
873,1995,186456.0,13215,2211
873,1995,186457.0,13215,53644
873,1995,186458.0,13053,0
873,1995,186459.0,13215,0
873,1995,186470.0,13215,0
873,1995,186471.0,13215,9641
873,1995,186472.0,13215,11672
873,1995,186474.0,13053,4263
873,1995,186475.0,13215,12342
873,1995,239020.0,13193,376
873,1995,,13053,0
873,1995,,13053,0
873,1995,,13053,0
873,1995,,13053,0
873,1995,,13053,0
873,1995,,13053,0
873,1995,,13053,0
873,1995,,13053,0
873,1995,,13053,0
873,1995,,13053,0
873,1996,556.0,13215,630246
873,1996,3879.0,13199,42284
873,1996,5113.0,13199,8240
873,1996,5909.0,13197,22564
873,1996,10950.0,13193,29425
873,1996,186443.0,13215,32176
873,1996,186444.0,13215,51304
873,1996,186445.0,13215,47349
873,1996,186446.0,13215,36087
873,1996,186447.0,13215,43566
873,1996,186448.0,13215,33719
873,1996,186449.0,13053,19458
873,1996,186450.0,13215,40173
873,1996,186452.0,13215,20776
873,1996,186453.0,13053,0
873,1996,186454.0,13215,0
873,1996,186455.0,13215,43727
873,1996,186456.0,13215,2256
873,1996,186457.0,13215,53195
873,1996,186458.0,13053,0
873,1996,186459.0,13215,0
873,1996,186470.0,13215,0
873,1996,186471.0,13215,9820
873,1996,186472.0,13215,10718
873,1996,186474.0,13053,4375
873,1996,186475.0,13215,16491
873,1996,239020.0,13193,3
873,1996,,13053,0
873,1996,,13053,0
873,1996,,13053,0
873,1996,,13053,0
873,1996,,13053,0
873,1996,,13053,0
873,1996,,13053,0
873,1996,,13053,0
873,1996,,13053,0
873,1996,,13053,0
873,1997,556.0,13215,679935
873,1997,3879.0,13199,43253
873,1997,5113.0,13199,9954
873,1997,5909.0,13197,23766
873,1997,10950.0,13193,30311
873,1997,186443.0,13215,30928
873,1997,186444.0,13215,52546
873,1997,186445.0,13215,41941
873,1997,186446.0,13215,37688
873,1997,186447.0,13215,42864
873,1997,186448.0,13215,36223
873,1997,186449.0,13053,20531
873,1997,186450.0,13215,44433
873,1997,186452.0,13215,19244
873,1997,186453.0,13053,0
873,1997,186454.0,13215,503
873,1997,186455.0,13215,51519
873,1997,186456.0,13215,2474
873,1997,186457.0,13215,52711
873,1997,186458.0,13053,0
873,1997,186470.0,13215,0
873,1997,186471.0,13215,9494
873,1997,186472.0,13215,14238
873,1997,186474.0,13053,5317
873,1997,186475.0,13215,20851
873,1997,186476.0,13215,4369
873,1997,239020.0,13193,0
873,1998,556.0,13215,640912
873,1998,3879.0,13199,45603
873,1998,5113.0,13199,10052
873,1998,5909.0,13197,25189
873,1998,10950.0,13193,29843
873,1998,186443.0,13215,31477
873,1998,186444.0,13215,53928
873,1998,186445.0,13215,37485
873,1998,186446.0,13215,37894
873,1998,186447.0,13215,48550
873,1998,186448.0,13215,36230
873,1998,186449.0,13053,21005
873,1998,186450.0,13215,44256
873,1998,186452.0,13215,18497
873,1998,186453.0,13053,0
873,1998,186454.0,13215,743
873,1998,186455.0,13215,51185
873,1998,186456.0,13215,2844
873,1998,186457.0,13215,59699
873,1998,186458.0,13053,0
873,1998,186470.0,13215,0
873,1998,186471.0,13215,9903
873,1998,186472.0,13215,16129
873,1998,186474.0,13053,7572
873,1998,186475.0,13215,19217
873,1998,186476.0,13215,4665
873,1998,186478.0,13215,760
873,1998,239020.0,13193,0
873,1999,556.0,13215,839515
873,1999,3879.0,13199,45741
873,1999,5113.0,13199,10093
873,1999,5909.0,13197,25314
873,1999,10950.0,13193,35360
873,1999,186443.0,13215,30074
873,1999,186444.0,13215,54730
873,1999,186445.0,13215,81690
873,1999,186446.0,13215,33580
873,1999,186447.0,13215,44759
873,1999,186448.0,13215,33303
873,1999,186449.0,13053,19627
873,1999,186450.0,13215,43154
873,1999,186452.0,13215,18521
873,1999,186453.0,13053,0
873,1999,186454.0,13215,636
873,1999,186455.0,13215,54921
873,1999,186456.0,13215,3522
873,1999,186457.0,13215,65391
873,1999,186458.0,13053,0
873,1999,186470.0,13215,0
873,1999,186472.0,13215,19843
873,1999,186474.0,13053,6872
873,1999,186475.0,13215,23517
873,1999,186478.0,13215,1622
873,1999,239020.0,13193,0
873,2000,556.0,13215,937107
873,2000,5909.0,13197,24647
873,2000,10950.0,13193,39845
873,2000,186443.0,13215,31696
873,2000,186444.0,13215,52308
873,2000,186445.0,13215,116847
873,2000,186446.0,13215,34387
873,2000,186447.0,13215,43008
873,2000,186448.0,13215,32442
873,2000,186449.0,13053,22834
873,2000,186450.0,13215,46485
873,2000,186452.0,13215,20319
873,2000,186453.0,13053,0
873,2000,186455.0,13215,69638
873,2000,186456.0,13215,3538
873,2000,186457.0,13215,75159
873,2000,186458.0,13053,0
873,2000,186470.0,13215,0
873,2000,186472.0,13215,25461
873,2000,186474.0,13053,5861
873,2000,186475.0,13215,27689
873,2000,186478.0,13215,3212
873,2000,186480.0,13215,12256
873,2000,239020.0,13193,0
873,2001,556.0,13215,1278212
873,2001,186443.0,13215,33823
873,2001,186444.0,13215,59084
873,2001,186445.0,13215,42893
873,2001,186446.0,13215,36392
873,2001,186447.0,13215,35222
873,2001,186448.0,13215,31798
873,2001,186449.0,13053,27622
873,2001,186450.0,13215,57680
873,2001,186452.0,13215,22395
873,2001,186453.0,13053,0
873,2001,186455.0,13215,68759
873,2001,186457.0,13215,84397
873,2001,186458.0,13053,0
873,2001,186470.0,13215,0
873,2001,186472.0,13215,25900
873,2001,186475.0,13215,31118
873,2001,186478.0,13215,4967
873,2001,186480.0,13215,16622
873,2001,,13215,3462
873,2001,,13193,0
35583,2001,82012.0,47037,69684
35583,2001,360670.0,47187,5383
873,2002,556.0,13215,1431223
873,2002,186443.0,13215,32450
873,2002,186444.0,13215,58380
873,2002,186445.0,13215,42418
873,2002,186446.0,13215,33423
873,2002,186447.0,13215,32181
873,2002,186448.0,13215,28202
873,2002,186449.0,13053,23807
873,2002,186450.0,13215,51263
873,2002,186452.0,13215,19846
873,2002,186453.0,13053,0
873,2002,186455.0,13215,66499
873,2002,186457.0,13215,77719
873,2002,186458.0,13053,0
873,2002,186470.0,13215,0
873,2002,186472.0,13215,31335
873,2002,186475.0,13215,31423
873,2002,186478.0,13215,4932
873,2002,186480.0,13215,16642
35583,2002,82012.0,47037,154206
35583,2002,360670.0,47187,13256
35583,2002,365361.0,47037,5186
873,2003,556.0,13215,1561916
873,2003,186443.0,13215,33867
873,2003,186444.0,13215,59434
873,2003,186445.0,13215,40787
873,2003,186446.0,13215,31689
873,2003,186447.0,13215,31975
873,2003,186448.0,13215,25992
873,2003,186449.0,13053,34997
873,2003,186450.0,13215,54892
873,2003,186452.0,13215,18759
873,2003,186455.0,13215,68057
873,2003,186457.0,13215,79051
873,2003,186470.0,13215,0
873,2003,186472.0,13215,27831
873,2003,186475.0,13215,28951
873,2003,186478.0,13215,6157
873,2003,186480.0,13215,19908
873,2003,365539.0,13215,14084
35583,2003,82012.0,47037,251197
35583,2003,360670.0,47187,26416
35583,2003,365361.0,47037,18804
35583,2003,418783.0,47037,15662
873,2004,556.0,13215,1960111
873,2004,186443.0,13215,30125
873,2004,186444.0,13215,56379
873,2004,186445.0,13215,41520
873,2004,186446.0,13215,32071
873,2004,186447.0,13215,29026
873,2004,186448.0,13215,26155
873,2004,186449.0,13053,31820
873,2004,186450.0,13215,54233
873,2004,186452.0,13215,18221
873,2004,186455.0,13215,66635
873,2004,186457.0,13215,90045
873,2004,186470.0,13215,0
873,2004,186472.0,13215,26651
873,2004,186475.0,13215,36001
873,2004,186478.0,13215,5758
873,2004,186480.0,13215,21897
873,2004,365539.0,13215,19918
35583,2004,82012.0,47037,366852
35583,2004,360670.0,47187,38669
35583,2004,365361.0,47037,29836
35583,2004,418783.0,47037,26380
35583,2004,423016.0,47187,6587
873,2005,556.0,13215,2174921
873,2005,186443.0,13215,29970
873,2005,186444.0,13215,55421
873,2005,186445.0,13215,36937
873,2005,186446.0,13215,29760
873,2005,186447.0,13215,28509
873,2005,186448.0,13215,27769
873,2005,186449.0,13053,31288
873,2005,186450.0,13215,48770
873,2005,186452.0,13215,18972
873,2005,186455.0,13215,60837
873,2005,186457.0,13215,80872
873,2005,186470.0,13215,2438
873,2005,186472.0,13215,35929
873,2005,186475.0,13215,35246
873,2005,186478.0,13215,6900
873,2005,186480.0,13215,22008
873,2005,365539.0,13215,17335
35583,2005,82012.0,47037,506323
35583,2005,360670.0,47187,52890
35583,2005,365361.0,47037,41447
35583,2005,418783.0,47037,41001
35583,2005,423016.0,47187,33951
35583,2005,431720.0,47037,15559
35583,2005,438932.0,47187,1474
35583,2005,443463.0,47165,134
873,2006,556.0,13215,2110956
873,2006,186443.0,13215,27505
873,2006,186444.0,13215,46457
873,2006,186445.0,13215,36376
873,2006,186446.0,13215,30689
873,2006,186447.0,13215,23112
873,2006,186448.0,13215,27431
873,2006,186449.0,13053,39379
873,2006,186450.0,13215,43337
873,2006,186452.0,13215,20894
873,2006,186455.0,13215,53970
873,2006,186457.0,13215,67505
873,2006,186470.0,13215,5659
873,2006,186472.0,13215,19311
873,2006,186475.0,13215,34368
873,2006,186478.0,13215,7764
873,2006,186480.0,13215,22216
873,2006,365539.0,13215,18032
873,2006,453624.0,13215,0
35583,2006,42478.0,47149,365939
35583,2006,82012.0,47037,624756
35583,2006,276635.0,47003,39256
35583,2006,276636.0,47149,39488
35583,2006,276637.0,47149,19053
35583,2006,276638.0,47149,36533
35583,2006,276639.0,47149,56149
35583,2006,276640.0,47149,53803
35583,2006,356490.0,47149,28036
35583,2006,360670.0,47187,61249
35583,2006,365361.0,47037,53334
35583,2006,418783.0,47037,63885
35583,2006,419556.0,47149,16309
35583,2006,423016.0,47187,47893
35583,2006,431720.0,47037,30976
35583,2006,438932.0,47187,5871
35583,2006,443463.0,47165,20024
873,2007,556.0,13215,2349161
873,2007,186443.0,13215,28443
873,2007,186444.0,13215,47094
873,2007,186445.0,13215,37640
873,2007,186446.0,13215,33363
873,2007,186447.0,13215,26235
873,2007,186448.0,13215,30080
873,2007,186449.0,13053,51287
873,2007,186450.0,13215,52032
873,2007,186452.0,13215,21971
873,2007,186455.0,13215,55830
873,2007,186457.0,13215,71888
873,2007,186470.0,13215,7578
873,2007,186472.0,13215,17781
873,2007,186475.0,13215,38529
873,2007,186478.0,13215,8731
873,2007,186480.0,13215,25684
873,2007,365539.0,13215,18128
873,2007,453624.0,13215,0
35583,2007,42478.0,47149,482730
35583,2007,82012.0,47037,649594
35583,2007,276635.0,47003,44018
35583,2007,276636.0,47149,28816
35583,2007,276637.0,47149,12041
35583,2007,276638.0,47149,27421
35583,2007,276639.0,47149,47981
35583,2007,276640.0,47149,51244
35583,2007,356490.0,47149,24186
35583,2007,360670.0,47187,74216
35583,2007,365361.0,47037,57959
35583,2007,418783.0,47037,80672
35583,2007,419556.0,47149,17785
35583,2007,423016.0,47187,98905
35583,2007,431720.0,47037,26631
35583,2007,438932.0,47187,22977
35583,2007,443463.0,47165,60092
35583,2007,461756.0,47037,4195
35583,2007,466479.0,47093,3193
873,2008,556.0,13215,2245793
873,2008,186443.0,13215,26992
873,2008,186444.0,13215,47251
873,2008,186445.0,13215,39630
873,2008,186446.0,13215,33331
873,2008,186447.0,13215,25691
873,2008,186448.0,13215,29366
873,2008,186449.0,13053,36848
873,2008,186450.0,13215,48470
873,2008,186452.0,13215,23289
873,2008,186455.0,13215,58894
873,2008,186457.0,13215,73492
873,2008,186470.0,13215,9061
873,2008,186472.0,13215,15705
873,2008,186475.0,13215,45983
873,2008,186478.0,13215,8469
873,2008,186480.0,13215,26328
873,2008,365539.0,13215,20142
873,2008,453624.0,13215,0
35583,2008,42478.0,47149,554357
35583,2008,81670.0,47189,29991
35583,2008,82012.0,47037,918290
35583,2008,276635.0,47003,44267
35583,2008,276637.0,47149,9138
35583,2008,276638.0,47149,32909
35583,2008,276639.0,47149,49542
35583,2008,276640.0,47149,46555
35583,2008,356490.0,47149,21362
35583,2008,358590.0,47189,96458
35583,2008,360670.0,47187,73141
35583,2008,362594.0,47021,95026
35583,2008,362602.0,47189,25928
35583,2008,365361.0,47037,49432
35583,2008,418783.0,47037,87989
35583,2008,419236.0,47043,40538
35583,2008,419556.0,47149,15956
35583,2008,419806.0,47149,105116
35583,2008,423016.0,47187,97585
35583,2008,423106.0,47187,107238
35583,2008,427750.0,47189,11430
35583,2008,431720.0,47037,37359
35583,2008,438932.0,47187,27455
35583,2008,441458.0,47187,26842
35583,2008,443463.0,47165,60643
35583,2008,447397.0,47037,10145
35583,2008,449793.0,47189,123615
35583,2008,452110.0,47187,23295
35583,2008,461756.0,47037,8655
35583,2008,466479.0,47093,119160
35583,2008,469945.0,47037,6007
35583,2008,473709.0,47037,213505
873,2009,556.0,13215,2786446
873,2009,186443.0,13215,27042
873,2009,186444.0,13215,52627
873,2009,186445.0,13215,34983
873,2009,186446.0,13215,34104
873,2009,186447.0,13215,23971
873,2009,186448.0,13215,28998
873,2009,186449.0,13053,33435
873,2009,186450.0,13215,48889
873,2009,186452.0,13215,24297
873,2009,186455.0,13215,60919
873,2009,186457.0,13215,79503
873,2009,186470.0,13215,13526
873,2009,186472.0,13215,15150
873,2009,186475.0,13215,47095
873,2009,186478.0,13215,9920
873,2009,186480.0,13215,28308
873,2009,365539.0,13215,21923
873,2009,453624.0,13215,0
35583,2009,42478.0,47149,584455
35583,2009,81670.0,47189,18379
35583,2009,82012.0,47037,1466986
35583,2009,276635.0,47003,46429
35583,2009,276637.0,47149,10464
35583,2009,276638.0,47149,22207
35583,2009,276639.0,47149,47462
35583,2009,276640.0,47149,56187
35583,2009,356490.0,47149,19057
35583,2009,358590.0,47189,126156
35583,2009,360670.0,47187,67375
35583,2009,362594.0,47021,98453
35583,2009,362602.0,47189,20523
35583,2009,365361.0,47037,68041
35583,2009,418783.0,47037,112068
35583,2009,419236.0,47043,42170
35583,2009,419556.0,47149,20300
35583,2009,419806.0,47149,79557
35583,2009,423016.0,47187,106487
35583,2009,423106.0,47187,61226
35583,2009,427750.0,47189,6648
35583,2009,431720.0,47037,99803
35583,2009,438932.0,47187,39720
35583,2009,441458.0,47187,3654
35583,2009,443463.0,47165,65580
35583,2009,447397.0,47037,9355
35583,2009,449793.0,47189,126280
35583,2009,452110.0,47187,24670
35583,2009,461756.0,47037,18157
35583,2009,466479.0,47093,237118
35583,2009,469945.0,47037,6111
35583,2009,473709.0,47037,210202
873,2010,152.0,13275,306924
873,2010,556.0,13215,3343178
873,2010,1139.0,01127,62083
873,2010,1390.0,45085,165807
873,2010,1834.0,01127,312195
873,2010,3889.0,13031,267038
873,2010,5793.0,01113,172960
873,2010,6435.0,13225,86762
873,2010,6441.0,13185,448317
873,2010,7204.0,12091,78137
873,2010,7450.0,13213,120776
873,2010,8776.0,13297,159209
873,2010,9925.0,13277,295157
873,2010,10088.0,13285,162368
873,2010,10706.0,13275,26208
873,2010,10736.0,13045,80487
873,2010,10996.0,13127,209438
873,2010,11077.0,45051,99080
873,2010,12722.0,13217,119275
873,2010,13448.0,01069,79036
873,2010,13925.0,13095,184288
873,2010,13972.0,13143,39104
873,2010,14341.0,13045,40414
873,2010,14388.0,13077,122709
873,2010,14390.0,12033,361862
873,2010,14409.0,13295,33398
873,2010,14656.0,01101,434974
873,2010,15103.0,13261,138481
873,2010,15151.0,12073,107633
873,2010,15581.0,12091,21531
873,2010,16662.0,12033,30720
873,2010,17550.0,01089,257095
873,2010,32033.0,13153,97604
873,2010,32828.0,13219,60847
873,2010,32917.0,01073,1246496
873,2010,35980.0,13113,72573
873,2010,36353.0,13067,229468
873,2010,38655.0,13097,48476
873,2010,38680.0,12089,188056
873,2010,39007.0,13129,297785
873,2010,39022.0,12091,38989
873,2010,39112.0,01125,237236
873,2010,39157.0,13045,43328
873,2010,39561.0,13089,128366
873,2010,39934.0,13067,205709
873,2010,40260.0,45083,112518
873,2010,40433.0,13063,21346
873,2010,40631.0,13115,245724
873,2010,41059.0,13059,308910
873,2010,42500.0,13153,71188
873,2010,43832.0,13119,29221
873,2010,44037.0,13121,717838
873,2010,45016.0,45019,213959
873,2010,45549.0,47037,247409
873,2010,47722.0,01073,50724
873,2010,56138.0,47157,107741
873,2010,56829.0,12103,57449
873,2010,73836.0,12115,31004
873,2010,74894.0,12021,112278
873,2010,181337.0,13275,50083
873,2010,186443.0,13215,26781
873,2010,186444.0,13215,57111
873,2010,186445.0,13215,34274
873,2010,186446.0,13215,35113
873,2010,186447.0,13215,25371
873,2010,186448.0,13215,29589
873,2010,186449.0,13053,32866
873,2010,186450.0,13215,50744
873,2010,186452.0,13215,22942
873,2010,186455.0,13215,65481
873,2010,186457.0,13215,82824
873,2010,186470.0,13215,16827
873,2010,186472.0,13215,16355
873,2010,186475.0,13215,48690
873,2010,186478.0,13215,11032
873,2010,186480.0,13215,26832
873,2010,191332.0,45079,1189956
873,2010,191333.0,45027,78169
873,2010,191334.0,45085,47174
873,2010,191335.0,45061,60622
873,2010,191336.0,45079,90401
873,2010,191339.0,45079,25827
873,2010,191340.0,45085,39035
873,2010,191342.0,45035,44985
873,2010,191343.0,45085,28879
873,2010,191345.0,45079,50336
873,2010,191348.0,45055,76463
873,2010,191349.0,45019,26753
873,2010,191350.0,45013,54723
873,2010,191351.0,45063,30516
873,2010,191352.0,45045,27139
873,2010,191354.0,45045,28229
873,2010,191355.0,45045,113334
873,2010,191356.0,45041,52480
873,2010,191358.0,45051,80110
873,2010,191361.0,45019,117006
873,2010,191362.0,45007,28196
873,2010,191363.0,45019,49109
873,2010,194362.0,01127,36160
873,2010,194363.0,01127,27257
873,2010,194364.0,01127,11083
873,2010,194366.0,01127,20708
873,2010,194367.0,01127,26800
873,2010,194369.0,01127,12074
873,2010,208048.0,13031,30178
873,2010,208049.0,13031,44444
873,2010,219355.0,01113,37110
873,2010,221771.0,13225,26286
873,2010,221790.0,13185,23466
873,2010,221793.0,13185,27020
873,2010,224311.0,12091,17096
873,2010,224313.0,12091,65778
873,2010,224314.0,12091,51447
873,2010,224315.0,12091,42320
873,2010,224319.0,12091,26588
873,2010,225438.0,13213,35027
873,2010,230859.0,13297,23795
873,2010,230860.0,13297,62526
873,2010,234763.0,13277,14495
873,2010,234764.0,13277,17421
873,2010,235641.0,13285,22604
873,2010,235642.0,13285,14050
873,2010,235643.0,13285,39370
873,2010,238406.0,13045,25385
873,2010,238407.0,13045,31622
873,2010,238409.0,13045,20728
873,2010,238828.0,13143,37370
873,2010,239521.0,13127,11560
873,2010,239525.0,13039,22960
873,2010,239927.0,45051,108356
873,2010,239928.0,45051,19879
873,2010,241773.0,13039,33951
873,2010,246673.0,13217,46951
873,2010,246674.0,13217,40342
873,2010,246677.0,13151,14824
873,2010,246678.0,13151,16485
873,2010,249140.0,01031,134117
873,2010,249633.0,01045,61223
873,2010,249634.0,01045,24670
873,2010,250567.0,13095,15241
873,2010,250569.0,13095,47109
873,2010,250570.0,13177,15840
873,2010,251741.0,13077,25329
873,2010,251742.0,13077,66629
873,2010,251743.0,13077,27326
873,2010,251745.0,13077,35427
873,2010,251746.0,13077,10698
873,2010,251777.0,12033,122676
873,2010,251778.0,12033,47441
873,2010,251833.0,13295,16716
873,2010,252430.0,01101,20564
873,2010,252431.0,01101,57947
873,2010,252432.0,01001,33242
873,2010,253156.0,45015,62658
873,2010,253158.0,45019,107786
873,2010,253549.0,13261,18942
873,2010,253659.0,12073,102940
873,2010,253660.0,12073,104258
873,2010,255835.0,12103,76680
873,2010,255836.0,12103,38858
873,2010,255838.0,12103,41380
873,2010,255839.0,12103,18209
873,2010,256753.0,12033,77692
873,2010,256756.0,12113,41453
873,2010,258096.0,01089,15339
873,2010,258098.0,01089,116018
873,2010,258218.0,13153,47295
873,2010,258219.0,13153,39543
873,2010,259222.0,01073,69783
873,2010,259223.0,01073,46766
873,2010,259224.0,01073,73532
873,2010,259225.0,01073,134439
873,2010,259226.0,01117,53880
873,2010,259228.0,01117,37020
873,2010,259229.0,01073,0
873,2010,260226.0,13113,21332
873,2010,260537.0,13067,28732
873,2010,260723.0,13097,20860
873,2010,260774.0,12089,44570
873,2010,261312.0,13129,37542
873,2010,261313.0,13129,20391
873,2010,261321.0,12091,38143
873,2010,261394.0,01125,28356
873,2010,261396.0,01125,66281
873,2010,261722.0,13135,28672
873,2010,262015.0,13067,66840
873,2010,262198.0,45083,26726
873,2010,262374.0,45079,37617
873,2010,262375.0,45079,80708
873,2010,262376.0,45079,37742
873,2010,262378.0,45079,36034
873,2010,263471.0,13115,28577
873,2010,265737.0,13059,66535
873,2010,265738.0,13059,84512
873,2010,265739.0,13147,82752
873,2010,265740.0,13219,36364
873,2010,265741.0,13059,100191
873,2010,265745.0,13059,36057
873,2010,265823.0,13127,34443
873,2010,283802.0,13227,51516
873,2010,283804.0,13057,144452
873,2010,283805.0,13057,110449
873,2010,283806.0,13121,409523
873,2010,283807.0,13121,115495
873,2010,283924.0,13153,43343
873,2010,288949.0,47037,53927
873,2010,288950.0,47187,35259
873,2010,288951.0,47165,26016
873,2010,290340.0,47157,30123
873,2010,290341.0,47157,36851
873,2010,290342.0,47157,35823
873,2010,290343.0,47157,33426
873,2010,290344.0,47157,15531
873,2010,290425.0,12101,46982
873,2010,290426.0,12103,65873
873,2010,290940.0,12033,57012
873,2010,294957.0,01125,28381
873,2010,334459.0,45013,47982
873,2010,334460.0,45063,36941
873,2010,357169.0,01089,156675
873,2010,357424.0,45015,44042
873,2010,359747.0,01113,18987
873,2010,360057.0,13135,120522
873,2010,360058.0,13117,78210
873,2010,360425.0,12033,0
873,2010,360506.0,13113,29308
873,2010,360616.0,45041,13926
873,2010,361204.0,13059,14334
873,2010,361469.0,13261,0
873,2010,361471.0,01117,52024
873,2010,361505.0,12103,19455
873,2010,361774.0,13313,39443
873,2010,361927.0,12113,24137
873,2010,362523.0,45043,23085
873,2010,363719.0,13185,30293
873,2010,364136.0,12103,22997
873,2010,364166.0,13121,264543
873,2010,364306.0,13043,49325
873,2010,364835.0,12091,11658
873,2010,365193.0,01073,14783
873,2010,365237.0,13067,55112
873,2010,365238.0,13121,64236
873,2010,365265.0,47187,29190
873,2010,365351.0,12033,116617
873,2010,365352.0,12113,24575
873,2010,365539.0,13215,22323
873,2010,365623.0,47037,14864
873,2010,366302.0,12081,37021
873,2010,419619.0,45019,0
873,2010,419620.0,45045,29692
873,2010,419751.0,01089,41891
873,2010,423117.0,12031,141700
873,2010,423492.0,13135,19039
873,2010,424723.0,47037,24380
873,2010,424734.0,01125,43345
873,2010,428000.0,12091,14202
873,2010,428133.0,01125,28747
873,2010,428134.0,12033,22237
873,2010,429522.0,13223,34781
873,2010,430466.0,47065,9003
873,2010,432098.0,13051,86519
873,2010,442214.0,47157,7754
873,2010,444020.0,01073,6543
873,2010,444096.0,12103,53460
873,2010,450829.0,47065,16436
873,2010,450830.0,13313,28376
873,2010,450832.0,13135,74560
873,2010,450859.0,13247,10958
873,2010,451176.0,45091,33786
873,2010,453006.0,12057,26500
873,2010,453007.0,13245,61599
873,2010,453009.0,13127,37203
873,2010,453324.0,13015,22938
873,2010,453414.0,13051,33258
873,2010,453624.0,13215,0
873,2010,453812.0,01081,20523
873,2010,454248.0,12057,10033
873,2010,455355.0,47037,19230
873,2010,456589.0,01117,9266
873,2010,456594.0,12081,16774
873,2010,456678.0,12031,23096
873,2010,457585.0,13247,36030
873,2010,457908.0,12101,37494
873,2010,458099.0,12115,26594
873,2010,458821.0,01089,12680
873,2010,461000.0,13219,12347
873,2010,461369.0,13031,27444
873,2010,461370.0,13051,26823
873,2010,461371.0,13051,21323
873,2010,461379.0,01073,117816
873,2010,462467.0,13073,93473
873,2010,463126.0,12115,28043
873,2010,464800.0,12131,18100
873,2010,464968.0,47149,5363
873,2010,465797.0,47157,7799
873,2010,466297.0,47065,19629
873,2010,466767.0,12071,14290
873,2010,467238.0,12031,15635
873,2010,467506.0,12113,15055
873,2010,468421.0,12103,148018
873,2010,468530.0,12073,11950
873,2010,469120.0,45079,21721
873,2010,469468.0,13285,11615
873,2010,469477.0,01003,45894
873,2010,469478.0,01097,71157
873,2010,469487.0,13121,31504
873,2010,470767.0,12101,10057
873,2010,470781.0,13097,59277
873,2010,470791.0,47037,49637
873,2010,472659.0,13117,34701
873,2010,472699.0,47157,4973
873,2010,474014.0,12071,31336
873,2010,477428.0,12019,7254
873,2010,478320.0,12113,15529
873,2010,478812.0,13051,21763
873,2010,479948.0,12031,17605
873,2010,482174.0,12115,9975
873,2010,482381.0,01097,19281
873,2010,482616.0,47065,7984
873,2010,483138.0,13177,93523
873,2010,483146.0,13089,20904
873,2010,491166.0,13127,56763
873,2010,491612.0,01069,12064
873,2010,493272.0,45019,32430
873,2010,494814.0,01113,4818
35583,2010,42478.0,47149,492757
35583,2010,81670.0,47189,25089
35583,2010,82012.0,47037,1163536
35583,2010,276635.0,47003,50059
35583,2010,276637.0,47149,12025
35583,2010,276638.0,47149,25280
35583,2010,276639.0,47149,51747
35583,2010,276640.0,47149,55369
35583,2010,356490.0,47149,19760
35583,2010,358590.0,47189,95246
35583,2010,360670.0,47187,83159
35583,2010,362594.0,47021,102166
35583,2010,362602.0,47189,28559
35583,2010,365361.0,47037,104375
35583,2010,418783.0,47037,133584
35583,2010,419236.0,47043,40970
35583,2010,419556.0,47149,27662
35583,2010,419806.0,47149,71435
35583,2010,423016.0,47187,238836
35583,2010,423106.0,47187,68752
35583,2010,427750.0,47189,7782
35583,2010,431720.0,47037,136809
35583,2010,438932.0,47187,51806
35583,2010,443463.0,47165,77566
35583,2010,449793.0,47189,153901
35583,2010,452110.0,47187,30471
35583,2010,461756.0,47037,30837
35583,2010,466479.0,47093,275297
35583,2010,469945.0,47037,11791
35583,2010,473709.0,47037,185697
35583,2010,498650.0,47093,28681
35583,2010,500165.0,47037,16589
35583,2010,500307.0,47093,7970
35583,2010,508305.0,47037,14039
873,2011,152.0,13275,188988
873,2011,556.0,13215,4362927
873,2011,1139.0,01127,64398
873,2011,1390.0,45085,147301
873,2011,1834.0,01127,270857
873,2011,3889.0,13031,155055
873,2011,5793.0,01113,96906
873,2011,6435.0,13225,46983
873,2011,6441.0,13185,273555
873,2011,7204.0,12091,81257
873,2011,7450.0,13213,98418
873,2011,8776.0,13297,186157
873,2011,9925.0,13277,254710
873,2011,10088.0,13285,164292
873,2011,10706.0,13275,26626
873,2011,10736.0,13045,99609
873,2011,10996.0,13127,85904
873,2011,11077.0,45051,103991
873,2011,12722.0,13217,112899
873,2011,13448.0,01069,51845
873,2011,13925.0,13095,0
873,2011,13972.0,13143,36365
873,2011,14341.0,13045,47011
873,2011,14388.0,13077,82387
873,2011,14390.0,12033,59271
873,2011,14409.0,13295,36274
873,2011,14656.0,01101,371607
873,2011,15103.0,13261,145609
873,2011,15151.0,12073,47119
873,2011,16662.0,12033,33649
873,2011,17550.0,01089,193816
873,2011,32033.0,13153,173060
873,2011,32828.0,13219,60052
873,2011,32917.0,01073,671519
873,2011,35980.0,13113,77855
873,2011,36353.0,13067,253160
873,2011,38655.0,13097,79278
873,2011,38680.0,12089,143621
873,2011,39007.0,13129,258472
873,2011,39022.0,12091,36553
873,2011,39112.0,01125,216609
873,2011,39157.0,13045,39489
873,2011,39561.0,13089,128728
873,2011,39934.0,13067,176719
873,2011,40260.0,45083,102799
873,2011,40433.0,13063,19092
873,2011,40631.0,13115,178580
873,2011,41059.0,13059,223585
873,2011,42500.0,13153,39024
873,2011,43832.0,13119,29114
873,2011,44037.0,13121,303325
873,2011,45016.0,45019,251181
873,2011,45549.0,47037,142895
873,2011,47722.0,01073,46241
873,2011,56138.0,47157,69458
873,2011,56829.0,12103,53031
873,2011,73836.0,12115,38608
873,2011,74894.0,12021,85720
873,2011,181337.0,13275,48019
873,2011,186444.0,13215,59756
873,2011,186445.0,13215,63011
873,2011,186446.0,13215,35789
873,2011,186449.0,13053,28737
873,2011,186450.0,13215,50601
873,2011,186455.0,13215,66806
873,2011,186457.0,13215,88878
873,2011,186470.0,13215,19061
873,2011,186472.0,13215,41511
873,2011,186475.0,13215,62068
873,2011,186478.0,13215,10559
873,2011,186480.0,13215,29392
873,2011,191332.0,45079,350013
873,2011,191333.0,45027,69959
873,2011,191334.0,45085,38666
873,2011,191335.0,45061,65236
873,2011,191336.0,45079,77096
873,2011,191339.0,45079,20905
873,2011,191340.0,45085,64718
873,2011,191342.0,45035,23686
873,2011,191343.0,45085,28299
873,2011,191345.0,45079,41353
873,2011,191348.0,45055,87567
873,2011,191350.0,45013,55700
873,2011,191351.0,45063,24686
873,2011,191352.0,45045,29829
873,2011,191354.0,45045,28960
873,2011,191355.0,45045,101711
873,2011,191356.0,45041,61246
873,2011,191358.0,45051,71452
873,2011,191361.0,45019,104198
873,2011,191362.0,45007,24205
873,2011,191363.0,45019,49017
873,2011,194362.0,01127,36546
873,2011,194364.0,01127,14627
873,2011,194366.0,01127,20422
873,2011,194367.0,01127,26908
873,2011,194369.0,01127,11935
873,2011,208048.0,13031,32017
873,2011,208049.0,13031,43451
873,2011,219355.0,01113,31291
873,2011,221771.0,13225,18611
873,2011,221790.0,13185,27580
873,2011,221793.0,13185,34004
873,2011,224311.0,12091,17450
873,2011,224313.0,12091,66516
873,2011,224314.0,12091,81973
873,2011,224315.0,12091,49649
873,2011,224319.0,12091,63517
873,2011,230860.0,13297,65766
873,2011,234764.0,13277,23335
873,2011,235641.0,13285,15278
873,2011,235643.0,13285,28421
873,2011,238406.0,13045,29855
873,2011,238407.0,13045,29633
873,2011,238409.0,13045,20405
873,2011,238828.0,13143,36748
873,2011,239525.0,13039,24285
873,2011,239927.0,45051,114182
873,2011,241773.0,13039,35018
873,2011,246673.0,13217,44187
873,2011,246674.0,13217,40276
873,2011,246677.0,13151,12474
873,2011,246678.0,13151,19557
873,2011,249140.0,01031,140245
873,2011,249633.0,01045,63000
873,2011,250567.0,13095,17935
873,2011,250569.0,13095,45982
873,2011,250570.0,13177,28950
873,2011,251741.0,13077,28883
873,2011,251742.0,13077,59828
873,2011,251743.0,13077,26138
873,2011,251745.0,13077,33223
873,2011,251746.0,13077,12333
873,2011,251777.0,12033,117923
873,2011,251778.0,12033,43051
873,2011,251833.0,13295,16657
873,2011,252430.0,01101,25941
873,2011,252431.0,01101,64649
873,2011,252432.0,01001,33372
873,2011,253156.0,45015,19765
873,2011,253158.0,45019,183445
873,2011,253659.0,12073,91136
873,2011,253660.0,12073,103120
873,2011,255835.0,12103,73589
873,2011,255838.0,12103,45300
873,2011,255839.0,12103,53855
873,2011,256753.0,12033,80375
873,2011,256756.0,12113,46885
873,2011,258098.0,01089,106919
873,2011,258218.0,13153,30777
873,2011,258219.0,13153,22636
873,2011,259222.0,01073,73174
873,2011,259223.0,01073,44198
873,2011,259224.0,01073,76456
873,2011,259225.0,01073,117548
873,2011,259226.0,01117,45150
873,2011,259228.0,01117,34151
873,2011,259229.0,01073,0
873,2011,260226.0,13113,23270
873,2011,260537.0,13067,86701
873,2011,260774.0,12089,46269
873,2011,261312.0,13129,37015
873,2011,261313.0,13129,19228
873,2011,261321.0,12091,40018
873,2011,261394.0,01125,34112
873,2011,261396.0,01125,62681
873,2011,261722.0,13135,26805
873,2011,262198.0,45083,20807
873,2011,262374.0,45079,32363
873,2011,262375.0,45079,82840
873,2011,262376.0,45079,29269
873,2011,262378.0,45079,26454
873,2011,263471.0,13115,27162
873,2011,265737.0,13059,67669
873,2011,265738.0,13059,98301
873,2011,265739.0,13147,81402
873,2011,265740.0,13219,38063
873,2011,265741.0,13059,107273
873,2011,265745.0,13059,38334
873,2011,265823.0,13127,38630
873,2011,283802.0,13227,50039
873,2011,283804.0,13057,129422
873,2011,283805.0,13057,114436
873,2011,283806.0,13121,278810
873,2011,283807.0,13121,113119
873,2011,288949.0,47037,41418
873,2011,288950.0,47187,35088
873,2011,288951.0,47165,20539
873,2011,290340.0,47157,27734
873,2011,290341.0,47157,31770
873,2011,290342.0,47157,33107
873,2011,290425.0,12101,46449
873,2011,290426.0,12103,74652
873,2011,290940.0,12033,56917
873,2011,294957.0,01125,34915
873,2011,334459.0,45013,27215
873,2011,334460.0,45063,36368
873,2011,357169.0,01089,138066
873,2011,357424.0,45015,35164
873,2011,359747.0,01113,18205
873,2011,360057.0,13135,97946
873,2011,360058.0,13117,76234
873,2011,360425.0,12033,0
873,2011,360506.0,13113,23302
873,2011,360616.0,45041,11111
873,2011,361469.0,13261,0
873,2011,361471.0,01117,45712
873,2011,361774.0,13313,43718
873,2011,361927.0,12113,30134
873,2011,362523.0,45043,16602
873,2011,363719.0,13185,30095
873,2011,364136.0,12103,41035
873,2011,364166.0,13121,250458
873,2011,364306.0,13043,50451
873,2011,365237.0,13067,71773
873,2011,365238.0,13121,103662
873,2011,365265.0,47187,24240
873,2011,365351.0,12033,47782
873,2011,365352.0,12113,20576
873,2011,365539.0,13215,24010
873,2011,365623.0,47037,12057
873,2011,366302.0,12081,34050
873,2011,419619.0,45019,0
873,2011,419751.0,01089,48537
873,2011,423117.0,12031,69515
873,2011,423492.0,13135,19832
873,2011,424723.0,47037,19617
873,2011,424734.0,01125,51170
873,2011,428000.0,12091,17314
873,2011,428133.0,01125,27811
873,2011,428134.0,12033,28874
873,2011,429522.0,13223,16380
873,2011,430466.0,47065,18766
873,2011,432098.0,13051,76944
873,2011,442214.0,47157,6009
873,2011,444020.0,01073,5783
873,2011,444096.0,12103,58014
873,2011,450830.0,13313,28663
873,2011,450832.0,13135,39172
873,2011,451176.0,45091,30118
873,2011,453006.0,12057,30127
873,2011,453007.0,13245,72022
873,2011,453009.0,13127,50358
873,2011,453324.0,13015,28385
873,2011,453414.0,13051,31547
873,2011,453624.0,13215,0
873,2011,453812.0,01081,12057
873,2011,454248.0,12057,11633
873,2011,455355.0,47037,16630
873,2011,456589.0,01117,10125
873,2011,456594.0,12081,21512
873,2011,456678.0,12031,21121
873,2011,457585.0,13247,43551
873,2011,457908.0,12101,38707
873,2011,458099.0,12115,26948
873,2011,458821.0,01089,14215
873,2011,461000.0,13219,17545
873,2011,461369.0,13031,30826
873,2011,461371.0,13051,48275
873,2011,461379.0,01073,98508
873,2011,462467.0,13073,79660
873,2011,463126.0,12115,29070
873,2011,464968.0,47149,4670
873,2011,465797.0,47157,8252
873,2011,466297.0,47065,19651
873,2011,467238.0,12031,18118
873,2011,467506.0,12113,16023
873,2011,468421.0,12103,72865
873,2011,468530.0,12073,13976
873,2011,469120.0,45079,15024
873,2011,469468.0,13285,12580
873,2011,469477.0,01003,63242
873,2011,469487.0,13121,29636
873,2011,470767.0,12101,23026
873,2011,470781.0,13097,67027
873,2011,470791.0,47037,44029
873,2011,472659.0,13117,52104
873,2011,472699.0,47157,43366
873,2011,474014.0,12071,26576
873,2011,477428.0,12019,7405
873,2011,478320.0,12113,16129
873,2011,478812.0,13051,27029
873,2011,479948.0,12031,26536
873,2011,482174.0,12115,13518
873,2011,482381.0,01097,16999
873,2011,482616.0,47065,10146
873,2011,483138.0,13177,212298
873,2011,483146.0,13089,27568
873,2011,491166.0,13127,47528
873,2011,491612.0,01069,22531
873,2011,493272.0,45019,13005
873,2011,512005.0,13215,52209
873,2011,512440.0,01097,36729
873,2011,512573.0,13285,418
35583,2011,42478.0,47149,449756
35583,2011,81670.0,47189,24386
35583,2011,82012.0,47037,1049634
35583,2011,276635.0,47003,46024
35583,2011,276637.0,47149,10990
35583,2011,276638.0,47149,26763
35583,2011,276639.0,47149,50278
35583,2011,276640.0,47149,52709
35583,2011,356490.0,47149,19971
35583,2011,358590.0,47189,88415
35583,2011,360670.0,47187,101017
35583,2011,362594.0,47021,95108
35583,2011,362602.0,47189,23697
35583,2011,365361.0,47037,126620
35583,2011,418783.0,47037,138018
35583,2011,419236.0,47043,32291
35583,2011,419556.0,47149,27512
35583,2011,419806.0,47149,66635
35583,2011,423016.0,47187,260922
35583,2011,423106.0,47187,59829
35583,2011,427750.0,47189,7020
35583,2011,431720.0,47037,131445
35583,2011,438932.0,47187,43770
35583,2011,443463.0,47165,81007
35583,2011,449793.0,47189,131330
35583,2011,452110.0,47187,25745
35583,2011,461756.0,47037,31912
35583,2011,466479.0,47093,320415
35583,2011,469945.0,47037,20601
35583,2011,473709.0,47037,158583
35583,2011,498650.0,47093,35212
35583,2011,500165.0,47037,35809
35583,2011,500307.0,47093,20657
35583,2011,508305.0,47037,29208
873,2012,152.0,13275,185033
873,2012,556.0,13215,3094182
873,2012,1139.0,01127,63370
873,2012,1390.0,45085,159254
873,2012,1834.0,01127,283635
873,2012,3889.0,13031,162226
873,2012,5793.0,01113,90326
873,2012,6435.0,13225,51263
873,2012,6441.0,13185,294668
873,2012,7204.0,12091,71483
873,2012,7450.0,13213,98554
873,2012,8776.0,13297,174440
873,2012,9925.0,13277,271377
873,2012,10088.0,13285,147980
873,2012,10706.0,13275,33470
873,2012,10736.0,13045,108785
873,2012,11077.0,45051,77146
873,2012,12722.0,13217,120562
873,2012,13448.0,01069,52243
873,2012,13925.0,13095,0
873,2012,13972.0,13143,37633
873,2012,14341.0,13045,41800
873,2012,14388.0,13077,95447
873,2012,14390.0,12033,50130
873,2012,14409.0,13295,34616
873,2012,14656.0,01101,398591
873,2012,15103.0,13261,164852
873,2012,15151.0,12073,45984
873,2012,16662.0,12033,29414
873,2012,17550.0,01089,197202
873,2012,32033.0,13153,165244
873,2012,32828.0,13219,67866
873,2012,32917.0,01073,615657
873,2012,35980.0,13113,110324
873,2012,36353.0,13067,281019
873,2012,38655.0,13097,74150
873,2012,38680.0,12089,128537
873,2012,39007.0,13129,222738
873,2012,39022.0,12091,44232
873,2012,39112.0,01125,247078
873,2012,39157.0,13045,39823
873,2012,39561.0,13089,125664
873,2012,39934.0,13067,201195
873,2012,40260.0,45083,91661
873,2012,40631.0,13115,190349
873,2012,41059.0,13059,241091
873,2012,42500.0,13153,39941
873,2012,43832.0,13119,27939
873,2012,44037.0,13121,290399
873,2012,45016.0,45019,285929
873,2012,45549.0,47037,132605
873,2012,47722.0,01073,47727
873,2012,56138.0,47157,63721
873,2012,56829.0,12103,120993
873,2012,73836.0,12115,55596
873,2012,74894.0,12021,72115
873,2012,181337.0,13275,49674
873,2012,186444.0,13215,63689
873,2012,186445.0,13215,63736
873,2012,186446.0,13215,38874
873,2012,186449.0,13053,27248
873,2012,186450.0,13215,52939
873,2012,186455.0,13215,70620
873,2012,186457.0,13215,90784
873,2012,186470.0,13215,26729
873,2012,186472.0,13215,37087
873,2012,186475.0,13215,66788
873,2012,186478.0,13215,11503
873,2012,186480.0,13215,31196
873,2012,191332.0,45079,320045
873,2012,191333.0,45027,68600
873,2012,191334.0,45085,40974
873,2012,191335.0,45061,64140
873,2012,191336.0,45079,75552
873,2012,191339.0,45079,21951
873,2012,191340.0,45085,34314
873,2012,191342.0,45035,30593
873,2012,191343.0,45085,29920
873,2012,191345.0,45079,46648
873,2012,191348.0,45055,107550
873,2012,191350.0,45013,48233
873,2012,191351.0,45063,25060
873,2012,191352.0,45045,31082
873,2012,191354.0,45045,25772
873,2012,191355.0,45045,88706
873,2012,191356.0,45041,58764
873,2012,191358.0,45051,63471
873,2012,191361.0,45019,100026
873,2012,191362.0,45007,24714
873,2012,191363.0,45019,40896
873,2012,194362.0,01127,35906
873,2012,194364.0,01127,19546
873,2012,194366.0,01127,19178
873,2012,194367.0,01127,26280
873,2012,194369.0,01127,14495
873,2012,208048.0,13031,31819
873,2012,208049.0,13031,44513
873,2012,219355.0,01113,32009
873,2012,221771.0,13225,19815
873,2012,221790.0,13185,30088
873,2012,221793.0,13185,33928
873,2012,224311.0,12091,18412
873,2012,224313.0,12091,72570
873,2012,224314.0,12091,75408
873,2012,224315.0,12091,51517
873,2012,224319.0,12091,69888
873,2012,230860.0,13297,67025
873,2012,234764.0,13277,21732
873,2012,235641.0,13285,17428
873,2012,235643.0,13285,29740
873,2012,238406.0,13045,30404
873,2012,238407.0,13045,28470
873,2012,238409.0,13045,20298
873,2012,238828.0,13143,41266
873,2012,239927.0,45051,119170
873,2012,246673.0,13217,50994
873,2012,246674.0,13217,42219
873,2012,246678.0,13151,31494
873,2012,249140.0,01031,137213
873,2012,249633.0,01045,61611
873,2012,250567.0,13095,14163
873,2012,250569.0,13095,48247
873,2012,250570.0,13177,26047
873,2012,251741.0,13077,15956
873,2012,251742.0,13077,58015
873,2012,251743.0,13077,26729
873,2012,251745.0,13077,46738
873,2012,251777.0,12033,97199
873,2012,251778.0,12033,38371
873,2012,251833.0,13295,18793
873,2012,252430.0,01101,27413
873,2012,252431.0,01101,68537
873,2012,252432.0,01001,29614
873,2012,253156.0,45015,27526
873,2012,253158.0,45019,207954
873,2012,253659.0,12073,93954
873,2012,253660.0,12073,97335
873,2012,255835.0,12103,81251
873,2012,255838.0,12103,46247
873,2012,255839.0,12103,42547
873,2012,256753.0,12033,53463
873,2012,256756.0,12113,46752
873,2012,258098.0,01089,96654
873,2012,258218.0,13153,31533
873,2012,258219.0,13153,24692
873,2012,259222.0,01073,73740
873,2012,259223.0,01073,40850
873,2012,259224.0,01073,78884
873,2012,259225.0,01073,112749
873,2012,259226.0,01117,38354
873,2012,259228.0,01117,28713
873,2012,259229.0,01073,0
873,2012,260537.0,13067,57347
873,2012,260774.0,12089,51529
873,2012,261312.0,13129,37151
873,2012,261313.0,13129,19098
873,2012,261321.0,12091,40290
873,2012,261394.0,01125,32818
873,2012,261396.0,01125,62288
873,2012,261722.0,13135,33695
873,2012,262198.0,45083,21378
873,2012,262374.0,45079,30942
873,2012,262375.0,45079,82364
873,2012,262376.0,45079,30727
873,2012,262378.0,45079,26782
873,2012,263471.0,13115,27493
873,2012,265737.0,13059,69018
873,2012,265738.0,13059,100817
873,2012,265739.0,13147,77672
873,2012,265740.0,13219,38599
873,2012,265741.0,13059,116067
873,2012,265745.0,13059,38428
873,2012,265823.0,13127,42680
873,2012,283802.0,13227,48417
873,2012,283804.0,13057,133779
873,2012,283805.0,13057,119006
873,2012,283806.0,13121,331132
873,2012,283807.0,13121,111246
873,2012,288949.0,47037,40617
873,2012,288950.0,47187,36483
873,2012,288951.0,47165,19244
873,2012,290340.0,47157,26190
873,2012,290341.0,47157,24263
873,2012,290342.0,47157,36056
873,2012,290425.0,12101,46928
873,2012,290426.0,12103,64443
873,2012,290940.0,12033,57192
873,2012,294957.0,01125,32718
873,2012,334459.0,45013,26221
873,2012,334460.0,45063,41617
873,2012,357169.0,01089,123035
873,2012,357424.0,45015,35462
873,2012,359747.0,01113,23780
873,2012,360057.0,13135,98924
873,2012,360058.0,13117,75460
873,2012,360425.0,12033,0
873,2012,360506.0,13113,43939
873,2012,360616.0,45041,11515
873,2012,361469.0,13261,0
873,2012,361471.0,01117,48396
873,2012,361774.0,13313,48870
873,2012,361927.0,12113,26445
873,2012,362523.0,45043,13164
873,2012,363719.0,13185,30390
873,2012,364136.0,12103,40790
873,2012,364166.0,13121,145815
873,2012,364306.0,13043,44417
873,2012,365237.0,13067,140339
873,2012,365238.0,13121,69573
873,2012,365265.0,47187,24213
873,2012,365351.0,12033,44853
873,2012,365352.0,12113,24972
873,2012,365539.0,13215,27470
873,2012,365623.0,47037,12375
873,2012,366302.0,12081,34006
873,2012,419619.0,45019,0
873,2012,419751.0,01089,56524
873,2012,423117.0,12031,69483
873,2012,423492.0,13135,14999
873,2012,424723.0,47037,21345
873,2012,424734.0,01125,46581
873,2012,428000.0,12091,18454
873,2012,428133.0,01125,28033
873,2012,428134.0,12033,26930
873,2012,429522.0,13223,17215
873,2012,430466.0,47065,17031
873,2012,432098.0,13051,83021
873,2012,442214.0,47157,6151
873,2012,444020.0,01073,5433
873,2012,444096.0,12103,53831
873,2012,450830.0,13313,28612
873,2012,450832.0,13135,36951
873,2012,451176.0,45091,33421
873,2012,453006.0,12057,31446
873,2012,453007.0,13245,77185
873,2012,453009.0,13127,126034
873,2012,453324.0,13015,34527
873,2012,453414.0,13051,32018
873,2012,453624.0,13215,0
873,2012,454248.0,12057,13690
873,2012,455355.0,47037,17015
873,2012,456589.0,01117,8770
873,2012,456594.0,12081,24362
873,2012,456678.0,12031,23785
873,2012,457585.0,13247,36253
873,2012,457908.0,12101,32401
873,2012,458099.0,12115,25406
873,2012,458821.0,01089,15062
873,2012,461000.0,13219,16624
873,2012,461369.0,13031,41920
873,2012,461371.0,13051,39114
873,2012,461379.0,01073,113407
873,2012,462467.0,13073,88432
873,2012,463126.0,12115,30671
873,2012,464968.0,47149,4907
873,2012,465797.0,47157,6859
873,2012,466297.0,47065,20968
873,2012,467238.0,12031,19761
873,2012,467506.0,12113,15557
873,2012,468421.0,12103,87432
873,2012,468530.0,12073,14958
873,2012,469120.0,45079,14538
873,2012,469477.0,01003,70053
873,2012,469487.0,13121,30812
873,2012,470767.0,12101,22275
873,2012,470781.0,13097,66894
873,2012,470791.0,47037,52683
873,2012,472659.0,13117,51706
873,2012,472699.0,47157,39189
873,2012,474014.0,12071,19324
873,2012,478320.0,12113,15981
873,2012,478812.0,13051,26645
873,2012,479948.0,12031,31908
873,2012,482174.0,12115,15902
873,2012,482381.0,01097,18380
873,2012,482616.0,47065,12456
873,2012,483138.0,13177,160064
873,2012,483146.0,13089,32725
873,2012,491166.0,13127,46700
873,2012,491612.0,01069,11863
873,2012,493272.0,45019,59379
873,2012,512005.0,13215,55563
873,2012,512440.0,01097,36055
873,2012,512573.0,13285,30766
873,2012,526389.0,13039,53607
35583,2012,42478.0,47149,442668
35583,2012,82012.0,47037,919950
35583,2012,276635.0,47003,49512
35583,2012,276637.0,47149,13222
35583,2012,276638.0,47149,28156
35583,2012,276639.0,47149,49116
35583,2012,276640.0,47149,49482
35583,2012,356490.0,47149,18597
35583,2012,358590.0,47189,68169
35583,2012,360670.0,47187,120521
35583,2012,362594.0,47021,86690
35583,2012,362602.0,47189,42127
35583,2012,365361.0,47037,129195
35583,2012,418783.0,47037,147896
35583,2012,419236.0,47043,28773
35583,2012,419556.0,47149,25884
35583,2012,419806.0,47149,61659
35583,2012,423016.0,47187,247992
35583,2012,423106.0,47187,58931
35583,2012,427750.0,47189,0
35583,2012,431720.0,47037,178015
35583,2012,438932.0,47187,47863
35583,2012,443463.0,47165,81435
35583,2012,449793.0,47189,161309
35583,2012,461756.0,47037,27676
35583,2012,466479.0,47093,348619
35583,2012,469945.0,47037,10496
35583,2012,473709.0,47037,138495
35583,2012,498650.0,47093,37783
35583,2012,500165.0,47037,53457
35583,2012,500307.0,47093,23634
35583,2012,508305.0,47037,32492
873,2013,152.0,13275,176523
873,2013,556.0,13215,3112261
873,2013,1139.0,01127,61158
873,2013,1390.0,45085,167007
873,2013,1834.0,01127,278501
873,2013,3889.0,13031,169785
873,2013,5793.0,01113,99243
873,2013,6435.0,13225,50626
873,2013,6441.0,13185,313875
873,2013,7204.0,12091,65901
873,2013,7450.0,13213,96487
873,2013,8776.0,13297,175420
873,2013,9925.0,13277,254458
873,2013,10088.0,13285,143253
873,2013,10706.0,13275,53066
873,2013,11077.0,45051,65623
873,2013,12722.0,13217,113263
873,2013,13448.0,01069,53799
873,2013,13580.0,13289,6150
873,2013,13925.0,13095,0
873,2013,13972.0,13143,37126
873,2013,14341.0,13045,38373
873,2013,14388.0,13077,135345
873,2013,14390.0,12033,129829
873,2013,14409.0,13295,34084
873,2013,14656.0,01101,363757
873,2013,15103.0,13261,166239
873,2013,15151.0,12073,38218
873,2013,17550.0,01089,182545
873,2013,32033.0,13153,162605
873,2013,32828.0,13219,75058
873,2013,32917.0,01073,619175
873,2013,35980.0,13113,86316
873,2013,36353.0,13067,194099
873,2013,38655.0,13097,75941
873,2013,38680.0,12089,125478
873,2013,39007.0,13129,230434
873,2013,39022.0,12091,44955
873,2013,39112.0,01125,183711
873,2013,39157.0,13045,153582
873,2013,39561.0,13089,119172
873,2013,39934.0,13067,207289
873,2013,40260.0,45083,97542
873,2013,40631.0,13115,210408
873,2013,41059.0,13059,253399
873,2013,42500.0,13153,38299
873,2013,43832.0,13119,28185
873,2013,44037.0,13121,306757
873,2013,45016.0,45019,245206
873,2013,45549.0,47037,125218
873,2013,47722.0,01073,42935
873,2013,56138.0,47157,85270
873,2013,56829.0,12103,45449
873,2013,73836.0,12115,53462
873,2013,74894.0,12021,55929
873,2013,181337.0,13275,53730
873,2013,186444.0,13215,65264
873,2013,186445.0,13215,58754
873,2013,186446.0,13215,38321
873,2013,186449.0,13053,0
873,2013,186450.0,13215,52375
873,2013,186455.0,13215,70394
873,2013,186457.0,13215,85655
873,2013,186470.0,13215,31144
873,2013,186472.0,13215,34089
873,2013,186475.0,13215,67070
873,2013,186478.0,13215,34423
873,2013,186480.0,13215,33712
873,2013,191332.0,45079,327196
873,2013,191333.0,45027,62617
873,2013,191334.0,45085,40003
873,2013,191335.0,45061,63541
873,2013,191336.0,45079,70752
873,2013,191339.0,45079,21897
873,2013,191340.0,45085,32083
873,2013,191342.0,45035,30059
873,2013,191343.0,45085,30428
873,2013,191345.0,45079,44006
873,2013,191348.0,45055,88532
873,2013,191350.0,45013,48149
873,2013,191351.0,45063,23053
873,2013,191352.0,45045,26105
873,2013,191354.0,45045,25420
873,2013,191355.0,45045,86174
873,2013,191356.0,45041,42913
873,2013,191358.0,45051,89237
873,2013,191361.0,45019,90314
873,2013,191362.0,45007,25857
873,2013,191363.0,45019,49163
873,2013,194362.0,01127,37059
873,2013,194364.0,01127,18047
873,2013,194366.0,01127,19036
873,2013,194367.0,01127,26298
873,2013,194369.0,01127,12782
873,2013,208048.0,13031,27618
873,2013,208049.0,13031,45499
873,2013,219355.0,01113,33337
873,2013,221771.0,13225,20473
873,2013,221790.0,13185,29425
873,2013,221793.0,13185,39388
873,2013,224311.0,12091,17375
873,2013,224313.0,12091,74423
873,2013,224314.0,12091,73756
873,2013,224315.0,12091,54322
873,2013,224319.0,12091,70171
873,2013,230860.0,13297,67795
873,2013,234764.0,13277,19705
873,2013,235641.0,13285,20800
873,2013,235643.0,13285,28505
873,2013,238406.0,13045,29707
873,2013,238407.0,13045,25649
873,2013,238409.0,13045,21828
873,2013,238828.0,13143,43034
873,2013,239927.0,45051,135676
873,2013,246673.0,13217,62824
873,2013,246674.0,13217,42387
873,2013,246678.0,13151,25204
873,2013,249140.0,01031,125278
873,2013,249633.0,01045,59427
873,2013,250567.0,13095,15319
873,2013,250569.0,13095,46062
873,2013,250570.0,13177,25927
873,2013,251742.0,13077,56481
873,2013,251743.0,13077,27927
873,2013,251745.0,13077,46029
873,2013,251778.0,12033,37326
873,2013,251833.0,13295,17630
873,2013,252430.0,01101,32415
873,2013,252431.0,01101,64554
873,2013,252432.0,01001,22188
873,2013,253156.0,45015,20532
873,2013,253158.0,45019,168900
873,2013,253659.0,12073,87733
873,2013,253660.0,12073,99897
873,2013,255835.0,12103,66268
873,2013,255838.0,12103,43953
873,2013,255839.0,12103,38506
873,2013,256753.0,12033,83170
873,2013,256756.0,12113,48300
873,2013,258098.0,01089,111132
873,2013,258218.0,13153,31419
873,2013,258219.0,13153,27284
873,2013,259222.0,01073,33639
873,2013,259223.0,01073,35303
873,2013,259224.0,01073,79236
873,2013,259225.0,01073,117495
873,2013,259226.0,01117,34506
873,2013,259228.0,01117,28602
873,2013,259229.0,01073,0
873,2013,260537.0,13067,56437
873,2013,260774.0,12089,47082
873,2013,261312.0,13129,46395
873,2013,261321.0,12091,42279
873,2013,261394.0,01125,26764
873,2013,261396.0,01125,58353
873,2013,261722.0,13135,30927
873,2013,262198.0,45083,21610
873,2013,262374.0,45079,43035
873,2013,262375.0,45079,73093
873,2013,262376.0,45079,29708
873,2013,262378.0,45079,29508
873,2013,263471.0,13115,29731
873,2013,265737.0,13059,67848
873,2013,265738.0,13059,99253
873,2013,265739.0,13147,75162
873,2013,265740.0,13219,39386
873,2013,265741.0,13059,115314
873,2013,265745.0,13059,38592
873,2013,265823.0,13127,41337
873,2013,283802.0,13227,47259
873,2013,283804.0,13057,122721
873,2013,283805.0,13057,128157
873,2013,283806.0,13121,195500
873,2013,283807.0,13121,108262
873,2013,288949.0,47037,39392
873,2013,288950.0,47187,38409
873,2013,288951.0,47165,20907
873,2013,290340.0,47157,26354
873,2013,290342.0,47157,31463
873,2013,290425.0,12101,38518
873,2013,290426.0,12103,58987
873,2013,290940.0,12033,56685
873,2013,294957.0,01125,29087
873,2013,334459.0,45013,25093
873,2013,334460.0,45063,31690
873,2013,357169.0,01089,108512
873,2013,357424.0,45015,44179
873,2013,359747.0,01113,26221
873,2013,360057.0,13135,85252
873,2013,360058.0,13117,76695
873,2013,360425.0,12033,0
873,2013,360506.0,13113,42095
873,2013,360616.0,45041,11407
873,2013,361469.0,13261,0
873,2013,361471.0,01117,43915
873,2013,361774.0,13313,39823
873,2013,361927.0,12113,21627
873,2013,362523.0,45043,10341
873,2013,363719.0,13185,33548
873,2013,364136.0,12103,35975
873,2013,364166.0,13121,162306
873,2013,364306.0,13043,46743
873,2013,365237.0,13067,47083
873,2013,365238.0,13121,182880
873,2013,365265.0,47187,26107
873,2013,365351.0,12033,50049
873,2013,365352.0,12113,19887
873,2013,365539.0,13215,28742
873,2013,365623.0,47037,12623
873,2013,366302.0,12081,28679
873,2013,419619.0,45019,0
873,2013,419751.0,01089,44823
873,2013,423117.0,12031,76125
873,2013,423492.0,13135,16393
873,2013,424723.0,47037,22067
873,2013,424734.0,01125,45879
873,2013,428000.0,12091,17196
873,2013,428133.0,01125,28783
873,2013,428134.0,12033,23837
873,2013,429522.0,13223,33427
873,2013,430466.0,47065,23196
873,2013,432098.0,13051,113213
873,2013,441434.0,13185,9661
873,2013,442214.0,47157,7069
873,2013,442273.0,13121,20278
873,2013,444020.0,01073,5326
873,2013,444096.0,12103,48870
873,2013,450830.0,13313,28122
873,2013,450832.0,13135,49363
873,2013,451176.0,45091,33080
873,2013,453006.0,12057,32919
873,2013,453007.0,13245,69021
873,2013,453009.0,13127,118931
873,2013,453324.0,13015,36477
873,2013,453414.0,13051,29529
873,2013,453624.0,13215,0
873,2013,454248.0,12057,10092
873,2013,455355.0,47037,15651
873,2013,456589.0,01117,8142
873,2013,456594.0,12081,17800
873,2013,456678.0,12031,17589
873,2013,457585.0,13247,37798
873,2013,457908.0,12101,39126
873,2013,458099.0,12115,15405
873,2013,458821.0,01089,11850
873,2013,461000.0,13219,19548
873,2013,461369.0,13031,40476
873,2013,461371.0,13051,16075
873,2013,461379.0,01073,131047
873,2013,462467.0,13073,87684
873,2013,463126.0,12115,25124
873,2013,464968.0,47149,5378
873,2013,465797.0,47157,27831
873,2013,466297.0,47065,18497
873,2013,467238.0,12031,13265
873,2013,467506.0,12113,16134
873,2013,468421.0,12103,83166
873,2013,468530.0,12073,14722
873,2013,469120.0,45079,15499
873,2013,469477.0,01003,61007
873,2013,469487.0,13121,44889
873,2013,470767.0,12101,11212
873,2013,470781.0,13097,65022
873,2013,470791.0,47037,41164
873,2013,472659.0,13117,47559
873,2013,472699.0,47157,34063
873,2013,474014.0,12071,16856
873,2013,478320.0,12113,21940
873,2013,478812.0,13051,22273
873,2013,479948.0,12031,18618
873,2013,482174.0,12115,17311
873,2013,482381.0,01097,20010
873,2013,482616.0,47065,10327
873,2013,483138.0,13177,145680
873,2013,483146.0,13089,35219
873,2013,491166.0,13127,46545
873,2013,491612.0,01069,13107
873,2013,493272.0,45019,11153
873,2013,512005.0,13215,55865
873,2013,512440.0,01097,35605
873,2013,512573.0,13285,33834
873,2013,526389.0,13039,52382
35583,2013,42478.0,47149,498028
35583,2013,82012.0,47037,1146154
35583,2013,276635.0,47003,49936
35583,2013,276637.0,47149,10841
35583,2013,276638.0,47149,29246
35583,2013,276639.0,47149,52142
35583,2013,276640.0,47149,51337
35583,2013,356490.0,47149,20272
35583,2013,358590.0,47189,69457
35583,2013,360670.0,47187,126957
35583,2013,362594.0,47021,82548
35583,2013,362602.0,47189,35999
35583,2013,365361.0,47037,125637
35583,2013,418783.0,47037,155503
35583,2013,419236.0,47043,28039
35583,2013,419556.0,47149,24111
35583,2013,419806.0,47149,48011
35583,2013,423016.0,47187,221033
35583,2013,423106.0,47187,72848
35583,2013,427750.0,47189,0
35583,2013,431720.0,47037,238559
35583,2013,438932.0,47187,54173
35583,2013,443463.0,47165,75476
35583,2013,449793.0,47189,153614
35583,2013,461756.0,47037,24253
35583,2013,466479.0,47093,337366
35583,2013,469945.0,47037,12934
35583,2013,473709.0,47037,143059
35583,2013,498650.0,47093,53975
35583,2013,500165.0,47037,76165
35583,2013,500307.0,47093,54507
35583,2013,508305.0,47037,34933
35583,2013,539327.0,47093,609
873,2014,152.0,13275,179820
873,2014,556.0,13215,3006279
873,2014,1139.0,01127,60482
873,2014,1390.0,45085,152611
873,2014,1834.0,01127,267258
873,2014,3889.0,13031,176415
873,2014,5793.0,01113,110564
873,2014,6435.0,13225,76379
873,2014,6441.0,13185,316151
873,2014,7204.0,12091,66474
873,2014,7450.0,13213,90176
873,2014,8776.0,13297,198251
873,2014,9925.0,13277,276656
873,2014,10088.0,13285,141135
873,2014,10706.0,13275,39817
873,2014,11077.0,45051,64728
873,2014,12722.0,13217,109970
873,2014,13448.0,01069,53421
873,2014,13925.0,13095,0
873,2014,13972.0,13143,38056
873,2014,14341.0,13045,37228
873,2014,14388.0,13077,137138
873,2014,14390.0,12033,142876
873,2014,14409.0,13295,31859
873,2014,14656.0,01101,398365
873,2014,15103.0,13261,163257
873,2014,15151.0,12073,44845
873,2014,17550.0,01089,182819
873,2014,32033.0,13153,80678
873,2014,32828.0,13219,82567
873,2014,32917.0,01073,665421
873,2014,35980.0,13113,88488
873,2014,36353.0,13067,256909
873,2014,38655.0,13097,77867
873,2014,38680.0,12089,129965
873,2014,39007.0,13129,236921
873,2014,39022.0,12091,46821
873,2014,39112.0,01125,183404
873,2014,39157.0,13045,141329
873,2014,39561.0,13089,121731
873,2014,39934.0,13067,191871
873,2014,40260.0,45083,111510
873,2014,40631.0,13115,214741
873,2014,41059.0,13059,255793
873,2014,42500.0,13153,65962
873,2014,43832.0,13119,29106
873,2014,44037.0,13121,384989
873,2014,45016.0,45019,270076
873,2014,45549.0,47037,143094
873,2014,47722.0,01073,39303
873,2014,56829.0,12103,58733
873,2014,73836.0,12115,37537
873,2014,74894.0,12021,54182
873,2014,181337.0,13275,57855
873,2014,186444.0,13215,82838
873,2014,186445.0,13215,65499
873,2014,186446.0,13215,37082
873,2014,186449.0,13053,0
873,2014,186455.0,13215,87163
873,2014,186457.0,13215,96991
873,2014,186470.0,13215,85229
873,2014,186472.0,13215,46548
873,2014,186475.0,13215,75974
873,2014,186478.0,13053,34759
873,2014,186480.0,13215,45496
873,2014,191332.0,45079,349381
873,2014,191333.0,45027,65784
873,2014,191334.0,45085,38279
873,2014,191335.0,45061,61781
873,2014,191336.0,45079,72599
873,2014,191339.0,45079,21858
873,2014,191340.0,45085,35568
873,2014,191342.0,45035,31243
873,2014,191343.0,45085,32465
873,2014,191345.0,45079,45365
873,2014,191348.0,45055,94759
873,2014,191350.0,45013,48731
873,2014,191351.0,45063,23560
873,2014,191352.0,45045,20879
873,2014,191354.0,45045,24041
873,2014,191355.0,45045,89982
873,2014,191356.0,45041,62767
873,2014,191358.0,45051,87074
873,2014,191361.0,45019,69098
873,2014,191362.0,45007,27565
873,2014,191363.0,45019,49259
873,2014,194362.0,01127,36274
873,2014,194364.0,01127,17432
873,2014,194366.0,01127,18532
873,2014,194367.0,01127,25360
873,2014,194369.0,01127,12524
873,2014,208048.0,13031,33944
873,2014,208049.0,13031,49580
873,2014,219355.0,01113,32816
873,2014,221771.0,13225,27484
873,2014,221790.0,13185,31718
873,2014,221793.0,13185,43615
873,2014,224311.0,12091,17159
873,2014,224313.0,12091,73626
873,2014,224314.0,12091,70373
873,2014,224315.0,12091,55304
873,2014,224319.0,12091,63281
873,2014,230860.0,13297,70750
873,2014,234764.0,13277,20783
873,2014,235641.0,13285,26411
873,2014,235643.0,13285,42539
873,2014,238406.0,13045,27846
873,2014,238407.0,13045,26633
873,2014,238409.0,13045,22820
873,2014,238828.0,13143,44480
873,2014,239927.0,45051,130077
873,2014,246673.0,13217,45894
873,2014,246674.0,13217,42921
873,2014,246678.0,13151,24894
873,2014,249140.0,01031,117485
873,2014,249633.0,01045,66758
873,2014,250567.0,13095,14051
873,2014,250569.0,13095,48904
873,2014,250570.0,13177,24443
873,2014,251742.0,13077,55067
873,2014,251743.0,13077,28722
873,2014,251745.0,13077,43808
873,2014,251778.0,12033,41830
873,2014,251833.0,13295,17779
873,2014,252430.0,01101,43750
873,2014,252431.0,01101,68311
873,2014,252432.0,01001,27589
873,2014,253156.0,45015,21773
873,2014,253158.0,45019,127274
873,2014,253659.0,12073,90055
873,2014,253660.0,12073,98712
873,2014,255835.0,12103,73145
873,2014,255838.0,12103,41254
873,2014,255839.0,12103,34382
873,2014,256753.0,12033,79185
873,2014,256756.0,12113,54342
873,2014,258098.0,01089,113459
873,2014,258218.0,13153,45275
873,2014,258219.0,13153,41671
873,2014,259222.0,01073,46105
873,2014,259223.0,01073,35634
873,2014,259224.0,01073,72117
873,2014,259225.0,01073,123978
873,2014,259226.0,01117,36035
873,2014,259228.0,01117,31061
873,2014,259229.0,01073,0
873,2014,260537.0,13067,60254
873,2014,260774.0,12089,51856
873,2014,261312.0,13129,45930
873,2014,261321.0,12091,44827
873,2014,261394.0,01125,25714
873,2014,261396.0,01125,60285
873,2014,261722.0,13135,34322
873,2014,262198.0,45083,21841
873,2014,262374.0,45079,38938
873,2014,262375.0,45079,62906
873,2014,262376.0,45079,31130
873,2014,262378.0,45079,36704
873,2014,263471.0,13115,28966
873,2014,265737.0,13059,69389
873,2014,265738.0,13059,107691
873,2014,265739.0,13147,74988
873,2014,265740.0,13219,44182
873,2014,265741.0,13059,117660
873,2014,265745.0,13059,41225
873,2014,265823.0,13127,39294
873,2014,283802.0,13227,45780
873,2014,283804.0,13057,126419
873,2014,283805.0,13057,134526
873,2014,283806.0,13121,208702
873,2014,283807.0,13121,105954
873,2014,288949.0,47037,40707
873,2014,288950.0,47187,37150
873,2014,288951.0,47165,19711
873,2014,290425.0,12101,39795
873,2014,290426.0,12103,53508
873,2014,290940.0,12033,53658
873,2014,294957.0,01125,30750
873,2014,334459.0,45013,26504
873,2014,334460.0,45063,33552
873,2014,357169.0,01089,105815
873,2014,357424.0,45015,42370
873,2014,359747.0,01113,29431
873,2014,360057.0,13135,93551
873,2014,360058.0,13117,100055
873,2014,360425.0,12033,0
873,2014,360506.0,13113,61315
873,2014,360616.0,45041,12214
873,2014,361469.0,13261,0
873,2014,361471.0,01117,43956
873,2014,361774.0,13313,40596
873,2014,362523.0,45043,11831
873,2014,363719.0,13185,35559
873,2014,364136.0,12103,39559
873,2014,364166.0,13121,199672
873,2014,364306.0,13043,40759
873,2014,365237.0,13067,49952
873,2014,365238.0,13121,155308
873,2014,365265.0,47187,28115
873,2014,365351.0,12033,47537
873,2014,365352.0,12113,28483
873,2014,365539.0,13215,46650
873,2014,365623.0,47037,13134
873,2014,366302.0,12081,25808
873,2014,419619.0,45019,0
873,2014,419751.0,01089,54329
873,2014,423117.0,12031,73428
873,2014,423492.0,13135,19303
873,2014,424723.0,47037,24646
873,2014,424734.0,01125,60660
873,2014,428000.0,12091,19380
873,2014,428133.0,01125,30048
873,2014,428134.0,12033,23834
873,2014,429522.0,13223,43926
873,2014,430466.0,47065,34211
873,2014,432098.0,13051,106382
873,2014,444020.0,01073,4648
873,2014,444096.0,12103,51121
873,2014,450830.0,13313,27165
873,2014,450832.0,13135,48892
873,2014,451176.0,45091,31788
873,2014,453006.0,12057,42051
873,2014,453007.0,13245,69060
873,2014,453009.0,13127,88213
873,2014,453324.0,13015,37583
873,2014,453414.0,13051,39876
873,2014,453624.0,13215,0
873,2014,454248.0,12057,17332
873,2014,455355.0,47037,17300
873,2014,456589.0,01117,8146
873,2014,456594.0,12081,18491
873,2014,456678.0,12031,23154
873,2014,457585.0,13247,41227
873,2014,457908.0,12101,43904
873,2014,458099.0,12115,15271
873,2014,458821.0,01089,13431
873,2014,461000.0,13219,23496
873,2014,461369.0,13031,42195
873,2014,461371.0,13051,35482
873,2014,461379.0,01073,89241
873,2014,462467.0,13073,89157
873,2014,463126.0,12115,29629
873,2014,464968.0,47149,6696
873,2014,466297.0,47065,16713
873,2014,467238.0,12031,21134
873,2014,468421.0,12103,96249
873,2014,468530.0,12073,16624
873,2014,469120.0,45079,16628
873,2014,469477.0,01003,58060
873,2014,469487.0,13121,80358
873,2014,470767.0,12101,11833
873,2014,470781.0,13097,68538
873,2014,470791.0,47037,36007
873,2014,472659.0,13117,17159
873,2014,474014.0,12071,20569
873,2014,478320.0,12113,34071
873,2014,478812.0,13051,28023
873,2014,479948.0,12031,21417
873,2014,482174.0,12115,16015
873,2014,482381.0,01097,21116
873,2014,482616.0,47065,13283
873,2014,483138.0,13177,141432
873,2014,483146.0,13089,32016
873,2014,491166.0,13127,56370
873,2014,491612.0,01069,8449
873,2014,493272.0,45019,12229
873,2014,512005.0,13215,56995
873,2014,512440.0,01097,39665
873,2014,512573.0,13285,33990
873,2014,526389.0,13039,53569
35583,2014,42478.0,47149,615364
35583,2014,82012.0,47037,1395353
35583,2014,276635.0,47003,47786
35583,2014,276637.0,47149,11153
35583,2014,276638.0,47149,29195
35583,2014,276639.0,47149,55384
35583,2014,276640.0,47149,48916
35583,2014,356490.0,47149,22800
35583,2014,358590.0,47189,74828
35583,2014,360670.0,47187,144909
35583,2014,362594.0,47021,82799
35583,2014,362602.0,47189,34140
35583,2014,365361.0,47037,153358
35583,2014,418783.0,47037,163919
35583,2014,419236.0,47043,33938
35583,2014,419556.0,47149,38943
35583,2014,419806.0,47149,41941
35583,2014,423016.0,47187,272320
35583,2014,423106.0,47187,75214
35583,2014,427750.0,47189,0
35583,2014,431720.0,47037,253472
35583,2014,438932.0,47187,65290
35583,2014,443463.0,47165,82698
35583,2014,449793.0,47189,119154
35583,2014,461756.0,47037,24618
35583,2014,466479.0,47093,386390
35583,2014,469945.0,47037,22589
35583,2014,473709.0,47037,121911
35583,2014,498650.0,47093,55580
35583,2014,500165.0,47037,103898
35583,2014,500307.0,47093,60434
35583,2014,508305.0,47037,36014
35583,2014,539327.0,47093,5197
873,2015,152.0,13275,170028
873,2015,556.0,13215,3071395
873,2015,1139.0,01127,59133
873,2015,1390.0,45085,162180
873,2015,1834.0,01127,261164
873,2015,3889.0,13031,203813
873,2015,5793.0,01113,116871
873,2015,6435.0,13225,67235
873,2015,6441.0,13185,256565
873,2015,7204.0,12091,65810
873,2015,7450.0,13213,98777
873,2015,8776.0,13297,202462
873,2015,9925.0,13277,281692
873,2015,10088.0,13285,142053
873,2015,10706.0,13275,54155
873,2015,11077.0,45051,66446
873,2015,12722.0,13217,113320
873,2015,13448.0,01069,63553
873,2015,13925.0,13095,0
873,2015,13972.0,13143,40392
873,2015,14341.0,13045,41668
873,2015,14388.0,13077,129005
873,2015,14390.0,12033,154941
873,2015,14409.0,13295,30189
873,2015,14656.0,01101,467007
873,2015,15103.0,13261,174523
873,2015,15151.0,12073,39684
873,2015,17550.0,01089,214962
873,2015,32033.0,13153,95459
873,2015,32828.0,13219,86680
873,2015,32917.0,01073,795400
873,2015,35980.0,13113,125254
873,2015,36353.0,13067,253389
873,2015,38655.0,13097,100621
873,2015,38680.0,12089,126954
873,2015,39007.0,13129,254881
873,2015,39022.0,12091,57926
873,2015,39112.0,01125,198289
873,2015,39157.0,13045,111122
873,2015,39561.0,13089,151125
873,2015,39934.0,13067,249792
873,2015,40260.0,45083,145060
873,2015,40631.0,13115,221528
873,2015,41059.0,13059,363780
873,2015,42500.0,13153,66588
873,2015,43832.0,13119,30346
873,2015,44037.0,13121,344109
873,2015,45016.0,45019,349364
873,2015,47722.0,01073,37228
873,2015,56829.0,12103,110000
873,2015,73836.0,12115,49287
873,2015,74894.0,12021,53205
873,2015,181337.0,13275,71993
873,2015,186444.0,13215,81279
873,2015,186445.0,13215,65535
873,2015,186446.0,13215,38657
873,2015,186449.0,13053,0
873,2015,186455.0,13215,88820
873,2015,186457.0,13215,99693
873,2015,186470.0,13215,87162
873,2015,186472.0,13215,47151
873,2015,186475.0,13215,75949
873,2015,186478.0,13053,44754
873,2015,186480.0,13215,52440
873,2015,191332.0,45079,395643
873,2015,191333.0,45027,70447
873,2015,191334.0,45085,38598
873,2015,191335.0,45061,62067
873,2015,191336.0,45079,84676
873,2015,191339.0,45079,23658
873,2015,191340.0,45085,36222
873,2015,191342.0,45035,40214
873,2015,191343.0,45085,32131
873,2015,191345.0,45079,54373
873,2015,191348.0,45055,95028
873,2015,191350.0,45013,60380
873,2015,191351.0,45063,26225
873,2015,191354.0,45045,41534
873,2015,191355.0,45045,127787
873,2015,191356.0,45041,94043
873,2015,191358.0,45051,115003
873,2015,191361.0,45019,77947
873,2015,191362.0,45007,29594
873,2015,191363.0,45019,57264
873,2015,194362.0,01127,48582
873,2015,194364.0,01127,16521
873,2015,194367.0,01127,26609
873,2015,194369.0,01127,12032
873,2015,208048.0,13031,31266
873,2015,208049.0,13031,48926
873,2015,219355.0,01113,33210
873,2015,221771.0,13225,27997
873,2015,221790.0,13185,34946
873,2015,221793.0,13185,41072
873,2015,224313.0,12091,84428
873,2015,224314.0,12091,83685
873,2015,224315.0,12091,67332
873,2015,224319.0,12091,66007
873,2015,230860.0,13297,75310
873,2015,234764.0,13277,23733
873,2015,235641.0,13285,26897
873,2015,235643.0,13285,46226
873,2015,238406.0,13045,49782
873,2015,238407.0,13045,32976
873,2015,238828.0,13143,45814
873,2015,239927.0,45051,145403
873,2015,246673.0,13217,45031
873,2015,246674.0,13217,45326
873,2015,246678.0,13151,30055
873,2015,249140.0,01031,122714
873,2015,249633.0,01045,61107
873,2015,250567.0,13095,15922
873,2015,250569.0,13095,53659
873,2015,250570.0,13177,25763
873,2015,251742.0,13077,58704
873,2015,251743.0,13077,32656
873,2015,251745.0,13077,46522
873,2015,251778.0,12033,40679
873,2015,251833.0,13295,18987
873,2015,252430.0,01101,44880
873,2015,252431.0,01101,57990
873,2015,252432.0,01001,31287
873,2015,253156.0,45015,22930
873,2015,253158.0,45019,97689
873,2015,253659.0,12073,99868
873,2015,253660.0,12073,95004
873,2015,255835.0,12103,66887
873,2015,255838.0,12103,49809
873,2015,255839.0,12103,34845
873,2015,256753.0,12033,78692
873,2015,256756.0,12113,64399
873,2015,258098.0,01089,111599
873,2015,258218.0,13153,50269
873,2015,258219.0,13153,47907
873,2015,259222.0,01073,221191
873,2015,259223.0,01073,35670
873,2015,259224.0,01073,74814
873,2015,259225.0,01073,118316
873,2015,259226.0,01117,40492
873,2015,259228.0,01117,35966
873,2015,259229.0,01073,0
873,2015,260537.0,13067,63353
873,2015,260774.0,12089,53523
873,2015,261312.0,13129,32167
873,2015,261321.0,12091,50308
873,2015,261396.0,01125,57969
873,2015,261722.0,13135,39507
873,2015,262198.0,45083,27150
873,2015,262374.0,45079,41588
873,2015,262375.0,45079,59934
873,2015,262376.0,45079,33443
873,2015,262378.0,45079,35470
873,2015,263471.0,13115,27837
873,2015,265737.0,13059,69352
873,2015,265738.0,13059,110195
873,2015,265739.0,13147,76917
873,2015,265740.0,13219,46862
873,2015,265741.0,13059,85260
873,2015,265745.0,13059,45703
873,2015,265823.0,13127,41321
873,2015,283802.0,13227,48422
873,2015,283804.0,13057,139706
873,2015,283805.0,13057,162374
873,2015,283806.0,13121,231616
873,2015,283807.0,13121,110841
873,2015,288949.0,47037,55515
873,2015,288950.0,47187,31375
873,2015,288951.0,47165,24333
873,2015,290425.0,12101,39893
873,2015,290426.0,12103,54349
873,2015,290940.0,12033,63040
873,2015,294957.0,01125,30712
873,2015,334459.0,45013,23180
873,2015,334460.0,45063,37553
873,2015,357169.0,01089,125122
873,2015,357424.0,45015,36272
873,2015,359747.0,01113,29966
873,2015,360057.0,13135,86386
873,2015,360058.0,13117,126404
873,2015,360425.0,12033,0
873,2015,360506.0,13113,50567
873,2015,361469.0,13261,0
873,2015,361471.0,01117,43772
873,2015,361774.0,13313,84386
873,2015,363719.0,13185,41573
873,2015,364136.0,12103,45740
873,2015,364166.0,13121,193121
873,2015,364306.0,13043,48276
873,2015,365237.0,13067,65324
873,2015,365238.0,13121,180591
873,2015,365265.0,47187,38052
873,2015,365351.0,12033,49218
873,2015,365352.0,12113,35942
873,2015,365539.0,13215,46407
873,2015,365623.0,47037,15259
873,2015,366302.0,12081,35561
873,2015,419619.0,45019,0
873,2015,419751.0,01089,45702
873,2015,423117.0,12031,106415
873,2015,423492.0,13135,22480
873,2015,424734.0,01125,82190
873,2015,428000.0,12091,20825
873,2015,428133.0,01125,48536
873,2015,428134.0,12033,26727
873,2015,429522.0,13223,53379
873,2015,430466.0,47065,56770
873,2015,432098.0,13051,131447
873,2015,444020.0,01073,2634
873,2015,444096.0,12103,58056
873,2015,450832.0,13135,37010
873,2015,451176.0,45091,37225
873,2015,453006.0,12057,57860
873,2015,453007.0,13245,71961
873,2015,453009.0,13127,112551
873,2015,453324.0,13015,45921
873,2015,453414.0,13051,46089
873,2015,453624.0,13215,0
873,2015,454248.0,12057,22604
873,2015,455355.0,47037,16644
873,2015,456594.0,12081,17537
873,2015,456678.0,12031,22865
873,2015,457585.0,13247,48002
873,2015,457908.0,12101,43814
873,2015,458099.0,12115,34334
873,2015,458821.0,01089,16706
873,2015,461000.0,13219,22150
873,2015,461369.0,13031,45399
873,2015,461371.0,13051,35979
873,2015,462467.0,13073,99982
873,2015,463126.0,12115,38308
873,2015,464968.0,47149,7324
873,2015,466297.0,47065,24529
873,2015,467238.0,12031,20496
873,2015,468421.0,12103,72691
873,2015,468530.0,12073,29648
873,2015,469120.0,45079,15792
873,2015,469477.0,01003,59395
873,2015,469487.0,13121,131461
873,2015,470767.0,12101,15844
873,2015,470781.0,13097,71311
873,2015,470791.0,47037,41186
873,2015,472659.0,13117,22947
873,2015,474014.0,12071,28018
873,2015,478320.0,12113,26511
873,2015,478812.0,13051,28923
873,2015,479948.0,12031,38113
873,2015,482381.0,01097,25922
873,2015,483138.0,13177,164140
873,2015,483146.0,13089,33178
873,2015,491166.0,13127,124146
873,2015,491612.0,01069,9293
873,2015,493272.0,45019,16867
873,2015,512005.0,13215,55244
873,2015,512440.0,01097,37310
873,2015,512573.0,13285,25895
873,2015,526389.0,13039,53232
873,2015,558092.0,12095,6192
873,2015,569314.0,47037,157988
35583,2015,42478.0,47149,638444
35583,2015,82012.0,47037,1514052
35583,2015,276635.0,47003,50778
35583,2015,276637.0,47149,9841
35583,2015,276638.0,47149,30622
35583,2015,276639.0,47149,61165
35583,2015,276640.0,47149,49655
35583,2015,356490.0,47149,23416
35583,2015,358590.0,47189,76256
35583,2015,360670.0,47187,215154
35583,2015,362594.0,47021,88530
35583,2015,362602.0,47189,16874
35583,2015,365361.0,47037,178100
35583,2015,418783.0,47037,164091
35583,2015,419236.0,47043,51218
35583,2015,419556.0,47149,35910
35583,2015,419806.0,47149,40605
35583,2015,423016.0,47187,247122
35583,2015,423106.0,47187,97678
35583,2015,427750.0,47189,0
35583,2015,431720.0,47037,251196
35583,2015,438932.0,47187,62568
35583,2015,443463.0,47165,86551
35583,2015,449793.0,47189,162197
35583,2015,461756.0,47037,34686
35583,2015,466479.0,47093,399242
35583,2015,469945.0,47037,16137
35583,2015,473709.0,47037,129434
35583,2015,498650.0,47093,65896
35583,2015,500165.0,47037,116454
35583,2015,500307.0,47093,46582
35583,2015,508305.0,47037,41319
35583,2015,539327.0,47093,8579
35583,2015,563188.0,47093,21157
873,2016,152.0,13275,157693
873,2016,556.0,13215,3220073
873,2016,1139.0,01127,72957
873,2016,1390.0,45085,187943
873,2016,1834.0,01127,250800
873,2016,3889.0,13031,207689
873,2016,5793.0,01113,111410
873,2016,6435.0,13225,72260
873,2016,6441.0,13185,279239
873,2016,7204.0,12091,71915
873,2016,7450.0,13213,108686
873,2016,8776.0,13297,208317
873,2016,9925.0,13277,310668
873,2016,10088.0,13285,142570
873,2016,10706.0,13275,52909
873,2016,11077.0,45051,61268
873,2016,12722.0,13217,119050
873,2016,13448.0,01069,75741
873,2016,13972.0,13143,44270
873,2016,14341.0,13045,49525
873,2016,14388.0,13077,103157
873,2016,14390.0,12033,166633
873,2016,14409.0,13295,36165
873,2016,14656.0,01101,495654
873,2016,15103.0,13261,170453
873,2016,15151.0,12073,38702
873,2016,17550.0,01089,250655
873,2016,32033.0,13153,112161
873,2016,32828.0,13219,113958
873,2016,32917.0,01073,798435
873,2016,35980.0,13113,143761
873,2016,36353.0,13067,280174
873,2016,38655.0,13097,132492
873,2016,38680.0,12089,123862
873,2016,39007.0,13129,244997
873,2016,39022.0,12091,61845
873,2016,39112.0,01125,200312
873,2016,39157.0,13045,125026
873,2016,39561.0,13089,150892
873,2016,39934.0,13067,238686
873,2016,40260.0,45083,117300
873,2016,40631.0,13115,241432
873,2016,41059.0,13059,373751
873,2016,42500.0,13153,59818
873,2016,43832.0,13119,29998
873,2016,44037.0,13121,361382
873,2016,45016.0,45019,360663
873,2016,47722.0,01073,36002
873,2016,56829.0,12103,78395
873,2016,74894.0,12021,60821
873,2016,181337.0,13275,76780
873,2016,186444.0,13215,88892
873,2016,186445.0,13215,69633
873,2016,186446.0,13215,40665
873,2016,186449.0,13053,0
873,2016,186455.0,13215,92507
873,2016,186457.0,13215,108139
873,2016,186470.0,13215,94040
873,2016,186472.0,13215,48642
873,2016,186475.0,13215,81501
873,2016,186478.0,13053,47605
873,2016,186480.0,13215,72076
873,2016,191332.0,45079,478177
873,2016,191333.0,45027,74682
873,2016,191334.0,45085,39468
873,2016,191335.0,45061,64723
873,2016,191336.0,45079,87335
873,2016,191339.0,45079,24345
873,2016,191340.0,45085,33912
873,2016,191342.0,45035,40529
873,2016,191343.0,45085,36317
873,2016,191345.0,45063,59930
873,2016,191348.0,45055,78210
873,2016,191350.0,45013,70867
873,2016,191351.0,45063,27281
873,2016,191354.0,45045,39579
873,2016,191355.0,45045,142580
873,2016,191356.0,45041,85062
873,2016,191358.0,45051,111796
873,2016,191361.0,45019,75480
873,2016,191362.0,45007,30858
873,2016,191363.0,45019,57842
873,2016,194362.0,01127,45476
873,2016,194367.0,01127,40895
873,2016,194369.0,01127,14448
873,2016,208048.0,13031,34100
873,2016,208049.0,13031,52633
873,2016,219355.0,01113,30276
873,2016,221771.0,13225,30218
873,2016,221790.0,13185,37418
873,2016,221793.0,13185,43000
873,2016,224313.0,12091,80483
873,2016,224314.0,12091,83691
873,2016,224315.0,12091,68461
873,2016,224319.0,12091,74024
873,2016,230860.0,13297,83111
873,2016,234764.0,13277,25260
873,2016,235641.0,13285,34802
873,2016,235643.0,13285,50206
873,2016,238406.0,13045,51393
873,2016,238407.0,13045,38007
873,2016,238828.0,13143,49515
873,2016,239927.0,45051,140947
873,2016,246673.0,13217,47630
873,2016,246674.0,13217,46225
873,2016,246678.0,13151,32775
873,2016,249140.0,01031,127609
873,2016,249633.0,01045,63211
873,2016,250567.0,13095,16186
873,2016,250569.0,13095,60995
873,2016,250570.0,13177,30915
873,2016,251742.0,13077,62341
873,2016,251743.0,13077,37436
873,2016,251745.0,13077,50222
873,2016,251778.0,12033,39151
873,2016,251833.0,13295,20435
873,2016,252431.0,01101,61493
873,2016,252432.0,01001,61834
873,2016,253156.0,45015,22028
873,2016,253158.0,45019,112236
873,2016,253659.0,12073,97231
873,2016,253660.0,12073,98852
873,2016,255835.0,12103,73758
873,2016,255838.0,12103,50841
873,2016,255839.0,12103,35467
873,2016,256753.0,12033,83786
873,2016,256756.0,12113,66911
873,2016,258098.0,01089,113157
873,2016,258218.0,13153,53064
873,2016,258219.0,13153,53106
873,2016,259222.0,01073,153122
873,2016,259223.0,01073,33293
873,2016,259224.0,01073,72877
873,2016,259225.0,01073,128325
873,2016,259226.0,01117,38743
873,2016,259228.0,01117,32598
873,2016,259229.0,01073,0
873,2016,260537.0,13067,52358
873,2016,260774.0,12089,52981
873,2016,261312.0,13129,42626
873,2016,261321.0,12091,52421
873,2016,261396.0,01125,59440
873,2016,261722.0,13135,41645
873,2016,262198.0,45083,26049
873,2016,262374.0,45079,47915
873,2016,262375.0,45079,64805
873,2016,262376.0,45079,36253
873,2016,262378.0,45079,36627
873,2016,263471.0,13115,31766
873,2016,265737.0,13059,71900
873,2016,265738.0,13059,113588
873,2016,265739.0,13147,82978
873,2016,265740.0,13219,50678
873,2016,265741.0,13059,85655
873,2016,265745.0,13059,52825
873,2016,265823.0,13127,54731
873,2016,283802.0,13227,52560
873,2016,283804.0,13057,132192
873,2016,283805.0,13057,178301
873,2016,283806.0,13121,236280
873,2016,283807.0,13121,121845
873,2016,288949.0,47037,52790
873,2016,288950.0,47187,31738
873,2016,288951.0,47165,25102
873,2016,290425.0,12101,45872
873,2016,290426.0,12103,56042
873,2016,290940.0,12033,65371
873,2016,294957.0,01125,31118
873,2016,334459.0,45013,25052
873,2016,334460.0,45063,43445
873,2016,357169.0,01089,126634
873,2016,357424.0,45015,42872
873,2016,359747.0,01113,41138
873,2016,360057.0,13135,94387
873,2016,360058.0,13117,123372
873,2016,360425.0,12033,0
873,2016,360506.0,13113,56328
873,2016,361469.0,13261,0
873,2016,361471.0,01073,43686
873,2016,361774.0,13313,96310
873,2016,363719.0,13185,49089
873,2016,364136.0,12103,47041
873,2016,364166.0,13121,191659
873,2016,364306.0,13043,52655
873,2016,365237.0,13067,91262
873,2016,365238.0,13121,203274
873,2016,365265.0,47187,28446
873,2016,365351.0,12033,50660
873,2016,365352.0,12113,36077
873,2016,365539.0,13215,48067
873,2016,365623.0,47037,14610
873,2016,366302.0,12081,39630
873,2016,419619.0,45019,0
873,2016,419751.0,01089,49048
873,2016,423492.0,13135,28247
873,2016,424734.0,01125,108815
873,2016,428000.0,12091,22360
873,2016,428133.0,01125,52075
873,2016,428134.0,12033,28663
873,2016,429522.0,13223,59902
873,2016,430466.0,47065,68989
873,2016,432098.0,13051,228563
873,2016,444020.0,01073,1910
873,2016,444096.0,12103,63539
873,2016,450832.0,13135,40715
873,2016,451176.0,45091,41541
873,2016,453006.0,12057,81233
873,2016,453007.0,13245,68181
873,2016,453009.0,13127,125970
873,2016,453324.0,13015,52176
873,2016,453414.0,13051,47927
873,2016,453624.0,13215,0
873,2016,454248.0,12057,27512
873,2016,455355.0,47037,17798
873,2016,456594.0,12081,26270
873,2016,456678.0,12031,29441
873,2016,457585.0,13247,87126
873,2016,457908.0,12101,46669
873,2016,458099.0,12115,41592
873,2016,458821.0,01089,18310
873,2016,461000.0,13219,20440
873,2016,461369.0,13031,53427
873,2016,461371.0,13051,34875
873,2016,462467.0,13073,112104
873,2016,463126.0,12115,41762
873,2016,464968.0,47149,8489
873,2016,466297.0,47065,29066
873,2016,467238.0,12031,20007
873,2016,468421.0,12103,118350
873,2016,468530.0,12073,38113
873,2016,469120.0,45079,15771
873,2016,469477.0,01003,56968
873,2016,469487.0,13121,134585
873,2016,470767.0,12101,16973
873,2016,470781.0,13097,73127
873,2016,470791.0,47037,55397
873,2016,472659.0,13117,26464
873,2016,474014.0,12071,27774
873,2016,478320.0,12113,30133
873,2016,478812.0,13051,32920
873,2016,479948.0,12031,39067
873,2016,482381.0,01097,24390
873,2016,483138.0,13177,155390
873,2016,483146.0,13089,36064
873,2016,491166.0,13127,92817
873,2016,493272.0,45019,17538
873,2016,512005.0,13215,59445
873,2016,512440.0,01097,44234
873,2016,526389.0,13039,56251
873,2016,558092.0,12095,28838
873,2016,569314.0,47037,182374
873,2016,573176.0,12115,66713
873,2016,577678.0,12031,124311
35583,2016,42478.0,47149,649309
35583,2016,62056.0,47157,289764
35583,2016,82012.0,47037,1965842
35583,2016,276635.0,47003,60081
35583,2016,276637.0,47149,10166
35583,2016,276638.0,47149,34329
35583,2016,276639.0,47149,67768
35583,2016,276640.0,47149,57398
35583,2016,356490.0,47149,29549
35583,2016,358590.0,47189,87877
35583,2016,360670.0,47187,243809
35583,2016,362594.0,47021,93025
35583,2016,362602.0,47189,18133
35583,2016,365361.0,47037,213122
35583,2016,418783.0,47037,228430
35583,2016,419236.0,47043,61409
35583,2016,419556.0,47149,41353
35583,2016,419806.0,47149,44796
35583,2016,423016.0,47187,249490
35583,2016,423106.0,47187,102500
35583,2016,427750.0,47189,0
35583,2016,431720.0,47037,285009
35583,2016,438932.0,47187,63171
35583,2016,443463.0,47165,94425
35583,2016,449793.0,47189,173384
35583,2016,454896.0,47065,615342
35583,2016,461756.0,47037,43528
35583,2016,461759.0,47157,38809
35583,2016,466479.0,47093,602107
35583,2016,469945.0,47037,15634
35583,2016,473709.0,47037,110904
35583,2016,492565.0,47157,48814
35583,2016,492566.0,47157,53789
35583,2016,498650.0,47093,60011
35583,2016,500165.0,47037,166752
35583,2016,500307.0,47093,49801
35583,2016,508305.0,47037,48726
35583,2016,518104.0,47157,39829
35583,2016,539327.0,47093,49068
35583,2016,540733.0,47011,127000
35583,2016,540734.0,47001,56435
35583,2016,563188.0,47093,20916
35583,2016,570700.0,47009,17817
873,2017,152.0,13275,146824
873,2017,556.0,13215,3525353
873,2017,1139.0,01127,73002
873,2017,1390.0,45085,182741
873,2017,1834.0,01127,261288
873,2017,3889.0,13031,219956
873,2017,5793.0,01113,113523
873,2017,6435.0,13225,33985
873,2017,6441.0,13185,261150
873,2017,7204.0,12091,71638
873,2017,7450.0,13213,115030
873,2017,8776.0,13297,207649
873,2017,9925.0,13277,297014
873,2017,10088.0,13285,147984
873,2017,10706.0,13275,52472
873,2017,11077.0,45051,51716
873,2017,12722.0,13217,120421
873,2017,13448.0,01069,79537
873,2017,13972.0,13143,48838
873,2017,14341.0,13045,61062
873,2017,14388.0,13077,112033
873,2017,14390.0,12033,182287
873,2017,14409.0,13295,40719
873,2017,14656.0,01101,523817
873,2017,15103.0,13261,177360
873,2017,15151.0,12073,37814
873,2017,17550.0,01089,263744
873,2017,32828.0,13219,151768
873,2017,32917.0,01073,1007989
873,2017,35980.0,13113,148612
873,2017,36353.0,13067,343476
873,2017,38655.0,13097,150134
873,2017,38680.0,12089,127540
873,2017,39007.0,13129,252231
873,2017,39022.0,12091,99352
873,2017,39112.0,01125,244359
873,2017,39157.0,13045,176855
873,2017,39561.0,13089,157314
873,2017,39934.0,13067,231995
873,2017,40260.0,45083,111782
873,2017,40631.0,13115,250809
873,2017,41059.0,13059,491460
873,2017,42500.0,13153,113161
873,2017,43832.0,13119,33771
873,2017,44037.0,13121,364942
873,2017,45016.0,45019,293162
873,2017,47722.0,01073,36590
873,2017,56829.0,12103,88773
873,2017,74894.0,12021,64542
873,2017,181337.0,13275,77840
873,2017,186444.0,13215,86194
873,2017,186445.0,13215,81933
873,2017,186446.0,13215,44259
873,2017,186455.0,13215,95632
873,2017,186457.0,13215,113379
873,2017,186470.0,13215,103732
873,2017,186472.0,13215,48497
873,2017,186475.0,13215,90862
873,2017,186478.0,13053,53966
873,2017,186480.0,13215,66132
873,2017,191332.0,45079,446310
873,2017,191333.0,45027,81550
873,2017,191334.0,45085,49513
873,2017,191335.0,45061,69400
873,2017,191336.0,45079,88975
873,2017,191339.0,45079,25302
873,2017,191340.0,45085,49175
873,2017,191342.0,45035,51070
873,2017,191343.0,45085,38405
873,2017,191345.0,45063,67398
873,2017,191348.0,45055,80464
873,2017,191350.0,45013,44678
873,2017,191351.0,45063,32283
873,2017,191354.0,45045,38069
873,2017,191355.0,45045,111687
873,2017,191356.0,45041,81147
873,2017,191358.0,45051,102693
873,2017,191361.0,45019,79079
873,2017,191362.0,45007,28872
873,2017,191363.0,45019,67084
873,2017,194362.0,01127,46384
873,2017,194367.0,01127,35285
873,2017,194369.0,01127,15683
873,2017,208048.0,13031,30986
873,2017,208049.0,13031,53904
873,2017,219355.0,01113,32109
873,2017,221771.0,13225,79824
873,2017,221790.0,13185,38266
873,2017,221793.0,13185,43744
873,2017,224313.0,12091,87182
873,2017,224314.0,12091,65278
873,2017,224315.0,12091,80434
873,2017,224319.0,12091,66876
873,2017,230860.0,13297,92344
873,2017,234764.0,13277,28878
873,2017,235641.0,13285,40731
873,2017,235643.0,13285,57992
873,2017,238406.0,13045,58746
873,2017,238407.0,13045,42357
873,2017,238828.0,13143,52042
873,2017,239927.0,45051,152723
873,2017,246673.0,13217,49530
873,2017,246674.0,13217,48241
873,2017,246678.0,13151,34791
873,2017,249140.0,01031,137636
873,2017,249633.0,01045,68248
873,2017,250567.0,13095,25111
873,2017,250569.0,13095,64848
873,2017,250570.0,13177,20128
873,2017,251742.0,13077,62067
873,2017,251743.0,13077,38628
873,2017,251745.0,13077,52356
873,2017,251778.0,12033,38458
873,2017,251833.0,13295,23199
873,2017,252431.0,01101,58793
873,2017,252432.0,01001,58149
873,2017,253156.0,45015,45179
873,2017,253158.0,45019,108095
873,2017,253659.0,12073,101956
873,2017,253660.0,12073,96715
873,2017,255835.0,12103,86190
873,2017,255838.0,12103,53196
873,2017,255839.0,12103,38959
873,2017,256753.0,12033,85802
873,2017,256756.0,12113,67056
873,2017,258098.0,01089,116981
873,2017,258218.0,13153,105078
873,2017,258219.0,13153,64939
873,2017,259222.0,01073,113922
873,2017,259223.0,01073,32139
873,2017,259224.0,01073,70656
873,2017,259225.0,01073,138003
873,2017,259226.0,01117,43546
873,2017,259228.0,01117,34819
873,2017,259229.0,01073,0
873,2017,260537.0,13067,57068
873,2017,260774.0,12089,50499
873,2017,261312.0,13129,41158
873,2017,261321.0,12091,54137
873,2017,261396.0,01125,59696
873,2017,261722.0,13135,46036
873,2017,262198.0,45083,30651
873,2017,262374.0,45079,48487
873,2017,262375.0,45079,62986
873,2017,262376.0,45079,35996
873,2017,262378.0,45079,45109
873,2017,263471.0,13115,34482
873,2017,265737.0,13059,72984
873,2017,265738.0,13059,118483
873,2017,265739.0,13147,82669
873,2017,265740.0,13219,53221
873,2017,265741.0,13059,93666
873,2017,265745.0,13059,60034
873,2017,265823.0,13127,54632
873,2017,283802.0,13227,56090
873,2017,283804.0,13057,141401
873,2017,283805.0,13057,194482
873,2017,283806.0,13121,248976
873,2017,283807.0,13121,147206
873,2017,288949.0,47037,46734
873,2017,288950.0,47187,32065
873,2017,288951.0,47165,25597
873,2017,290425.0,12101,57894
873,2017,290426.0,12103,65795
873,2017,290940.0,12033,68901
873,2017,294957.0,01125,35260
873,2017,334459.0,45013,46228
873,2017,334460.0,45063,36054
873,2017,357169.0,01089,131580
873,2017,357424.0,45015,74437
873,2017,359747.0,01113,40701
873,2017,360057.0,13135,91607
873,2017,360058.0,13117,149814
873,2017,360506.0,13113,60085
873,2017,361469.0,13261,0
873,2017,361471.0,01073,44972
873,2017,361774.0,13313,126725
873,2017,363719.0,13185,37420
873,2017,364136.0,12103,46839
873,2017,364166.0,13121,213601
873,2017,364306.0,13043,50759
873,2017,365237.0,13067,84218
873,2017,365238.0,13121,225770
873,2017,365265.0,47187,14299
873,2017,365351.0,12033,49705
873,2017,365352.0,12113,36113
873,2017,365539.0,13215,49849
873,2017,365623.0,47037,25060
873,2017,366302.0,12081,44079
873,2017,419619.0,45019,0
873,2017,419751.0,01089,48099
873,2017,423492.0,13135,31805
873,2017,424734.0,01125,77524
873,2017,428000.0,12091,25128
873,2017,428133.0,01125,48937
873,2017,428134.0,12033,32364
873,2017,429522.0,13223,32484
873,2017,430466.0,47065,109364
873,2017,432098.0,13051,171177
873,2017,444096.0,12103,70079
873,2017,450832.0,13135,36201
873,2017,453006.0,12057,43924
873,2017,453007.0,13245,62429
873,2017,453009.0,13127,136309
873,2017,453324.0,13015,54604
873,2017,453414.0,13051,49105
873,2017,453624.0,13215,0
873,2017,454248.0,12057,84535
873,2017,455355.0,47037,17940
873,2017,456594.0,12081,25892
873,2017,456678.0,12031,24924
873,2017,457585.0,13247,99902
873,2017,457908.0,12101,25529
873,2017,458099.0,12115,39702
873,2017,458821.0,01089,22759
873,2017,461000.0,13219,24463
873,2017,461369.0,13031,59549
873,2017,461371.0,13051,38207
873,2017,462467.0,13073,122287
873,2017,463126.0,12115,51582
873,2017,464968.0,47149,9141
873,2017,466297.0,47065,26943
873,2017,467238.0,12031,16142
873,2017,468421.0,12103,87534
873,2017,468530.0,12073,44437
873,2017,469120.0,45079,27758
873,2017,469477.0,01003,52227
873,2017,469487.0,13121,138702
873,2017,470767.0,12101,17699
873,2017,470781.0,13097,78933
873,2017,470791.0,47037,36518
873,2017,472659.0,13117,29577
873,2017,474014.0,12071,30700
873,2017,478320.0,12113,31783
873,2017,478812.0,13051,30944
873,2017,479948.0,12031,154700
873,2017,482381.0,01097,18570
873,2017,483138.0,13177,143483
873,2017,483146.0,13089,39269
873,2017,491166.0,13127,87129
873,2017,493272.0,45019,22457
873,2017,512005.0,13215,61586
873,2017,512440.0,01097,43837
873,2017,526389.0,13039,60565
873,2017,558092.0,12095,21887
873,2017,569314.0,47037,237860
873,2017,573176.0,12115,62686
873,2017,577678.0,12031,53261
873,2017,602981.0,13275,0
35583,2017,7799.0,37081,382154
35583,2017,15880.0,37151,96680
35583,2017,42478.0,47149,618429
35583,2017,43502.0,37167,125372
35583,2017,47377.0,37057,1465726
35583,2017,55597.0,51770,145637
35583,2017,57001.0,45051,125417
35583,2017,57788.0,37067,78448
35583,2017,61547.0,45019,125618
35583,2017,61926.0,37119,151661
35583,2017,62056.0,47157,595428
35583,2017,82012.0,47037,3751127
35583,2017,226808.0,37081,67313
35583,2017,226809.0,37081,75003
35583,2017,226810.0,37081,0
35583,2017,226811.0,37081,41434
35583,2017,226812.0,37081,41918
35583,2017,255208.0,37151,66887
35583,2017,255209.0,37151,40536
35583,2017,268014.0,37135,57361
35583,2017,276635.0,47003,76568
35583,2017,276637.0,47149,11051
35583,2017,276638.0,47149,36803
35583,2017,276639.0,47149,73488
35583,2017,276640.0,47149,58334
35583,2017,281400.0,37167,61979
35583,2017,287812.0,37089,34712
35583,2017,289721.0,37151,67010
35583,2017,289722.0,37057,80596
35583,2017,290310.0,51161,107621
35583,2017,290311.0,51770,45184
35583,2017,290312.0,51775,59198
35583,2017,356490.0,47149,31831
35583,2017,358590.0,47189,90589
35583,2017,360320.0,37063,85328
35583,2017,360615.0,45051,41755
35583,2017,360670.0,47187,288065
35583,2017,361214.0,51770,31704
35583,2017,362594.0,47021,97748
35583,2017,362602.0,47189,23801
35583,2017,364149.0,45019,36558
35583,2017,364150.0,45015,31209
35583,2017,364151.0,45019,37625
35583,2017,364157.0,45019,29612
35583,2017,364509.0,51161,35957
35583,2017,418783.0,47037,257446
35583,2017,419007.0,37081,185238
35583,2017,419024.0,45051,33627
35583,2017,419236.0,47043,62492
35583,2017,419422.0,37081,0
35583,2017,419556.0,47149,43533
35583,2017,419806.0,47149,55075
35583,2017,423016.0,47187,211784
35583,2017,423106.0,47187,126179
35583,2017,427750.0,47189,0
35583,2017,429530.0,37097,86609
35583,2017,429964.0,45015,32332
35583,2017,430908.0,51770,41716
35583,2017,431720.0,47037,257383
35583,2017,438932.0,47187,66932
35583,2017,440230.0,51161,22674
35583,2017,441936.0,45013,51184
35583,2017,442311.0,45015,17318
35583,2017,442943.0,45019,109003
35583,2017,443463.0,47165,116489
35583,2017,444090.0,37167,29102
35583,2017,445631.0,45045,21337
35583,2017,447216.0,45083,94633
35583,2017,448965.0,37025,66666
35583,2017,448966.0,37159,60048
35583,2017,449793.0,47189,183717
35583,2017,449870.0,45019,89251
35583,2017,453047.0,37063,86837
35583,2017,453052.0,45035,14808
35583,2017,453832.0,37057,36610
35583,2017,454896.0,47065,646393
35583,2017,460076.0,45045,20794
35583,2017,461756.0,47037,49140
35583,2017,461759.0,47157,35169
35583,2017,465213.0,47037,46530
35583,2017,466479.0,47093,587799
35583,2017,466505.0,45019,34639
35583,2017,468142.0,37135,32859
35583,2017,468315.0,37001,43697
35583,2017,468534.0,45045,20094
35583,2017,469945.0,47037,18762
35583,2017,473492.0,45045,60194
35583,2017,473709.0,47037,123498
35583,2017,479331.0,37067,33774
35583,2017,483140.0,37081,48114
35583,2017,492565.0,47157,49086
35583,2017,492566.0,47157,48090
35583,2017,493044.0,47037,279134
35583,2017,493361.0,37081,3510
35583,2017,493434.0,37183,55420
35583,2017,493995.0,37081,31142
35583,2017,495652.0,37025,89189
35583,2017,498650.0,47093,81752
35583,2017,500165.0,47037,104433
35583,2017,500307.0,47093,77915
35583,2017,508305.0,47037,58128
35583,2017,518104.0,47157,58969
35583,2017,518772.0,37183,82992
35583,2017,521471.0,37119,196916
35583,2017,527716.0,37119,33469
35583,2017,528022.0,37081,93663
35583,2017,539327.0,47093,22097
35583,2017,540733.0,47011,101847
35583,2017,540734.0,47001,62075
35583,2017,541044.0,45019,29448
35583,2017,541191.0,45045,32926
35583,2017,541813.0,37021,18731
35583,2017,542434.0,45051,16399
35583,2017,544954.0,45019,21101
35583,2017,551268.0,37183,30006
35583,2017,557535.0,51161,20532
35583,2017,559631.0,45045,12706
35583,2017,563188.0,47093,39132
35583,2017,568565.0,37067,38753
35583,2017,573464.0,45077,49776
35583,2017,581995.0,37057,38257
35583,2017,585478.0,47009,32664
35583,2017,589565.0,47065,2134
873,2018,152.0,13275,167845
873,2018,556.0,13215,4548403
873,2018,1139.0,01127,74165
873,2018,1390.0,45085,171788
873,2018,1834.0,01127,258341
873,2018,3889.0,13031,214515
873,2018,5793.0,01113,133976
873,2018,6435.0,13225,88311
873,2018,6441.0,13185,289294
873,2018,7204.0,12091,73094
873,2018,7450.0,13213,111823
873,2018,8776.0,13297,221114
873,2018,9925.0,13277,294742
873,2018,10088.0,13285,161112
873,2018,10706.0,13275,50881
873,2018,11077.0,45051,53077
873,2018,12722.0,13217,127840
873,2018,13448.0,01069,77886
873,2018,13972.0,13143,48740
873,2018,14341.0,13045,63662
873,2018,14388.0,13077,120445
873,2018,14390.0,12033,224663
873,2018,14409.0,13295,44270
873,2018,14656.0,01101,557151
873,2018,15103.0,13261,164413
873,2018,15151.0,12073,40093
873,2018,17550.0,01089,266637
873,2018,32828.0,13219,179192
873,2018,32917.0,01073,1022624
873,2018,35980.0,13113,147174
873,2018,36353.0,13067,251897
873,2018,38655.0,13097,208722
873,2018,38680.0,12089,132810
873,2018,39007.0,13129,259591
873,2018,39022.0,12091,93978
873,2018,39112.0,01125,232520
873,2018,39157.0,13045,129366
873,2018,39561.0,13089,166808
873,2018,39934.0,13067,190671
873,2018,40260.0,45083,114885
873,2018,40631.0,13115,260039
873,2018,41059.0,13059,496587
873,2018,42500.0,13153,84020
873,2018,43832.0,13119,35616
873,2018,44037.0,13121,371119
873,2018,45016.0,45019,294259
873,2018,47722.0,01073,41467
873,2018,56829.0,12103,88671
873,2018,74894.0,12021,56568
873,2018,181337.0,13275,64985
873,2018,186444.0,13215,93542
873,2018,186445.0,13215,81992
873,2018,186446.0,13215,46551
873,2018,186455.0,13215,95264
873,2018,186457.0,13215,115254
873,2018,186470.0,13215,102162
873,2018,186472.0,13215,47754
873,2018,186475.0,13215,92854
873,2018,186478.0,13053,38993
873,2018,186480.0,13215,68235
873,2018,191332.0,45079,404060
873,2018,191333.0,45027,83462
873,2018,191334.0,45085,49404
873,2018,191335.0,45061,62653
873,2018,191336.0,45079,80928
873,2018,191339.0,45079,22619
873,2018,191340.0,45085,47132
873,2018,191342.0,45035,48231
873,2018,191343.0,45085,41160
873,2018,191345.0,45063,70473
873,2018,191348.0,45055,82475
873,2018,191350.0,45013,39006
873,2018,191351.0,45063,33077
873,2018,191354.0,45045,42166
873,2018,191355.0,45045,131641
873,2018,191356.0,45041,93785
873,2018,191358.0,45051,99637
873,2018,191361.0,45019,57748
873,2018,191362.0,45007,21554
873,2018,191363.0,45019,67718
873,2018,194362.0,01127,46675
873,2018,194367.0,01127,32793
873,2018,194369.0,01127,16215
873,2018,208048.0,13031,33258
873,2018,208049.0,13031,60095
873,2018,219355.0,01113,31951
873,2018,221771.0,13225,37100
873,2018,221790.0,13185,37974
873,2018,221793.0,13185,45438
873,2018,224313.0,12091,86902
873,2018,224314.0,12091,62504
873,2018,224315.0,12091,80706
873,2018,224319.0,12091,68805
873,2018,230860.0,13297,100842
873,2018,234764.0,13277,30832
873,2018,235641.0,13285,39464
873,2018,235643.0,13285,55818
873,2018,238406.0,13045,56592
873,2018,238407.0,13045,45021
873,2018,238828.0,13143,55247
873,2018,239927.0,45051,151667
873,2018,246673.0,13217,54558
873,2018,246674.0,13217,48261
873,2018,246678.0,13151,31665
873,2018,249140.0,01031,142957
873,2018,249633.0,01045,66378
873,2018,250567.0,13095,23709
873,2018,250569.0,13095,68185
873,2018,250570.0,13177,18583
873,2018,251742.0,13077,65121
873,2018,251743.0,13077,40958
873,2018,251745.0,13077,52111
873,2018,251778.0,12033,42118
873,2018,251833.0,13295,22023
873,2018,252431.0,01101,61374
873,2018,252432.0,01001,57638
873,2018,253156.0,45015,36291
873,2018,253158.0,45019,99493
873,2018,253659.0,12073,111578
873,2018,253660.0,12073,114860
873,2018,255835.0,12103,98413
873,2018,255838.0,12103,53755
873,2018,255839.0,12103,44121
873,2018,256753.0,12033,76102
873,2018,256756.0,12113,69268
873,2018,258098.0,01089,164205
873,2018,258218.0,13153,103224
873,2018,258219.0,13153,122351
873,2018,259222.0,01073,95240
873,2018,259223.0,01073,31433
873,2018,259224.0,01073,63899
873,2018,259225.0,01073,131659
873,2018,259226.0,01117,48422
873,2018,259228.0,01117,34229
873,2018,259229.0,01073,0
873,2018,260774.0,12089,54138
873,2018,261312.0,13129,39649
873,2018,261321.0,12091,58747
873,2018,261396.0,01125,57786
873,2018,261722.0,13135,49637
873,2018,262198.0,45083,31989
873,2018,262374.0,45079,47714
873,2018,262375.0,45079,63094
873,2018,262376.0,45079,35742
873,2018,262378.0,45079,45760
873,2018,263471.0,13115,41317
873,2018,265737.0,13059,73062
873,2018,265738.0,13059,118401
873,2018,265739.0,13147,88567
873,2018,265740.0,13219,59410
873,2018,265741.0,13059,109273
873,2018,265745.0,13059,73399
873,2018,265823.0,13127,54824
873,2018,283802.0,13227,51408
873,2018,283804.0,13057,191723
873,2018,283805.0,13057,188977
873,2018,283806.0,13121,245025
873,2018,283807.0,13121,158117
873,2018,288949.0,47037,41506
873,2018,288950.0,47187,27015
873,2018,288951.0,47165,27204
873,2018,290425.0,12101,74531
873,2018,290426.0,12103,54078
873,2018,290940.0,12033,64406
873,2018,294957.0,01125,33520
873,2018,334459.0,45013,45732
873,2018,334460.0,45063,31940
873,2018,357169.0,01089,119326
873,2018,357424.0,45015,56835
873,2018,359747.0,01113,43827
873,2018,360057.0,13135,90563
873,2018,360058.0,13117,132044
873,2018,360506.0,13113,58967
873,2018,361469.0,13261,0
873,2018,361471.0,01073,45624
873,2018,361774.0,13313,94773
873,2018,363719.0,13185,37655
873,2018,364136.0,12103,36649
873,2018,364306.0,13043,55442
873,2018,365237.0,13067,80830
873,2018,365238.0,13121,197653
873,2018,365265.0,47187,16554
873,2018,365351.0,12033,51289
873,2018,365352.0,12113,36308
873,2018,365539.0,13215,50317
873,2018,365623.0,47037,23473
873,2018,366302.0,12081,34529
873,2018,419619.0,45019,0
873,2018,419751.0,01089,50241
873,2018,423492.0,13135,33280
873,2018,424734.0,01125,72807
873,2018,428000.0,12091,24433
873,2018,428133.0,01125,52515
873,2018,428134.0,12033,35623
873,2018,429522.0,13223,65817
873,2018,430466.0,47065,88370
873,2018,432098.0,13051,169368
873,2018,444096.0,12103,71416
873,2018,450832.0,13135,47704
873,2018,453006.0,12057,83804
873,2018,453007.0,13245,57210
873,2018,453009.0,13127,139158
873,2018,453324.0,13015,58734
873,2018,453414.0,13051,50963
873,2018,453624.0,13215,0
873,2018,454248.0,12057,31812
873,2018,455355.0,47037,16616
873,2018,456594.0,12081,40561
873,2018,456678.0,12031,28557
873,2018,457585.0,13247,133936
873,2018,457908.0,12101,29587
873,2018,458099.0,12115,45305
873,2018,458821.0,01089,17130
873,2018,461000.0,13219,25156
873,2018,461369.0,13031,67425
873,2018,461371.0,13051,45434
873,2018,462467.0,13073,124015
873,2018,463126.0,12115,74147
873,2018,464968.0,47149,7843
873,2018,466297.0,47065,25260
873,2018,467238.0,12031,22406
873,2018,468421.0,12103,81863
873,2018,468530.0,12073,61037
873,2018,469120.0,45079,22723
873,2018,469477.0,01003,55003
873,2018,469487.0,13121,131969
873,2018,470767.0,12101,19967
873,2018,470781.0,13097,77657
873,2018,470791.0,47037,33382
873,2018,472659.0,13117,33580
873,2018,474014.0,12071,30600
873,2018,478320.0,12113,34570
873,2018,478812.0,13051,30867
873,2018,479948.0,12031,164482
873,2018,482381.0,01097,20736
873,2018,483138.0,13177,148035
873,2018,483146.0,13089,43407
873,2018,491166.0,13127,82015
873,2018,493272.0,45019,36735
873,2018,512005.0,13215,62722
873,2018,512440.0,01097,43300
873,2018,526389.0,13039,66540
873,2018,558092.0,12095,16524
873,2018,569314.0,47037,246330
873,2018,573176.0,12115,75419
873,2018,577678.0,12031,58534
873,2018,591421.0,13067,313303
873,2018,592852.0,13121,2706
873,2018,597609.0,13245,0
873,2018,602981.0,13275,0
35583,2018,7799.0,37081,482439
35583,2018,15880.0,37151,124898
35583,2018,42478.0,47149,687001
35583,2018,43502.0,37167,129544
35583,2018,47377.0,37057,590023
35583,2018,55597.0,51770,161724
35583,2018,57001.0,45051,154937
35583,2018,57788.0,37067,105852
35583,2018,61547.0,45019,108934
35583,2018,61926.0,37119,153108
35583,2018,82012.0,47037,5081571
35583,2018,226808.0,37081,76726
35583,2018,226809.0,37081,75144
35583,2018,226810.0,37081,0
35583,2018,226811.0,37081,38911
35583,2018,226812.0,37081,40101
35583,2018,255208.0,37151,62844
35583,2018,268014.0,37135,54304
35583,2018,276635.0,47003,90694
35583,2018,276637.0,47149,10750
35583,2018,276638.0,47149,43536
35583,2018,276639.0,47149,80396
35583,2018,276640.0,47149,63762
35583,2018,281400.0,37167,89767
35583,2018,289721.0,37151,69934
35583,2018,289722.0,37057,94088
35583,2018,290310.0,51161,133847
35583,2018,290311.0,51770,58347
35583,2018,290312.0,51775,65200
35583,2018,356490.0,47149,37643
35583,2018,358590.0,47189,102949
35583,2018,360320.0,37063,105354
35583,2018,360615.0,45051,51188
35583,2018,360670.0,47187,332216
35583,2018,361214.0,51770,29755
35583,2018,362594.0,47021,112908
35583,2018,362602.0,47189,26914
35583,2018,364149.0,45019,37581
35583,2018,364151.0,45019,39132
35583,2018,364157.0,45019,30147
35583,2018,364509.0,51161,32425
35583,2018,418783.0,47037,277105
35583,2018,419007.0,37081,225370
35583,2018,419024.0,45051,39380
35583,2018,419236.0,47043,73240
35583,2018,419422.0,37081,0
35583,2018,419556.0,47149,41468
35583,2018,419806.0,47149,58207
35583,2018,423016.0,47187,217123
35583,2018,423106.0,47187,139552
35583,2018,427750.0,47189,0
35583,2018,429530.0,37097,92133
35583,2018,429964.0,45015,32809
35583,2018,431720.0,47037,319717
35583,2018,438932.0,47187,80179
35583,2018,440230.0,51161,19278
35583,2018,441936.0,45013,60337
35583,2018,442311.0,45015,31664
35583,2018,442943.0,45019,104105
35583,2018,443463.0,47165,138285
35583,2018,445631.0,45045,18202
35583,2018,447216.0,45083,79668
35583,2018,448965.0,37025,52004
35583,2018,448966.0,37159,51298
35583,2018,449793.0,47189,189260
35583,2018,449870.0,45019,102260
35583,2018,453047.0,37063,74987
35583,2018,453052.0,45035,15427
35583,2018,453832.0,37057,36640
35583,2018,454896.0,47065,671827
35583,2018,461756.0,47037,58920
35583,2018,461759.0,47157,40068
35583,2018,465213.0,47037,32438
35583,2018,466479.0,47093,984342
35583,2018,466505.0,45019,36001
35583,2018,468142.0,37135,33977
35583,2018,468315.0,37001,53948
35583,2018,468534.0,45045,17852
35583,2018,469945.0,47037,15715
35583,2018,473492.0,45045,104707
35583,2018,473709.0,47037,139626
35583,2018,479331.0,37067,38373
35583,2018,483140.0,37081,52760
35583,2018,492565.0,47157,60227
35583,2018,492566.0,47157,55777
35583,2018,493044.0,47037,295174
35583,2018,493434.0,37183,65350
35583,2018,493995.0,37081,33232
35583,2018,495652.0,37025,78112
35583,2018,498650.0,47093,77156
35583,2018,500165.0,47037,157790
35583,2018,500307.0,47093,102055
35583,2018,508305.0,47037,45952
35583,2018,518104.0,47157,40704
35583,2018,518772.0,37183,75172
35583,2018,521471.0,37119,259765
35583,2018,527716.0,37119,38986
35583,2018,528022.0,37081,91517
35583,2018,539327.0,47093,38732
35583,2018,540733.0,47011,102305
35583,2018,540734.0,47001,73523
35583,2018,541044.0,45019,33500
35583,2018,541813.0,37021,45564
35583,2018,551268.0,37183,39289
35583,2018,557535.0,51161,27225
35583,2018,559631.0,45045,29086
35583,2018,563188.0,47093,30108
35583,2018,568565.0,37067,70288
35583,2018,573464.0,45077,50082
35583,2018,581995.0,37057,45968
35583,2018,585478.0,47009,55807
35583,2018,589565.0,47065,14464
35583,2018,590335.0,37183,113960
35583,2018,592414.0,47037,153108
35583,2018,592416.0,47157,813428
35583,2018,596457.0,37119,7979
873,2019,152.0,13275,161686
873,2019,556.0,13215,5375916
873,2019,1139.0,01127,75916
873,2019,1390.0,45085,167032
873,2019,1834.0,01127,252432
873,2019,3858.0,12021,63383
873,2019,3889.0,13031,232842
873,2019,5793.0,01113,144349
873,2019,6435.0,13225,93304
873,2019,6441.0,13185,273716
873,2019,7204.0,12091,80742
873,2019,7450.0,13213,121606
873,2019,8776.0,13297,237060
873,2019,9925.0,13277,276037
873,2019,10088.0,13285,158779
873,2019,10706.0,13275,52897
873,2019,11077.0,45051,53048
873,2019,12618.0,12051,85599
873,2019,12722.0,13217,131229
873,2019,13448.0,01069,91854
873,2019,13972.0,13143,58215
873,2019,14341.0,13045,70292
873,2019,14388.0,13077,109524
873,2019,14390.0,12033,300642
873,2019,14409.0,13295,62131
873,2019,14656.0,01101,545706
873,2019,15103.0,13261,169113
873,2019,15122.0,12071,102907
873,2019,15151.0,12073,27748
873,2019,17550.0,01089,273903
873,2019,32715.0,12095,569419
873,2019,32828.0,13219,164594
873,2019,32917.0,01073,1101101
873,2019,35262.0,12015,134568
873,2019,35980.0,13113,170939
873,2019,36353.0,13067,218847
873,2019,38655.0,13097,232273
873,2019,38680.0,12089,106422
873,2019,39007.0,13129,272857
873,2019,39022.0,12091,97617
873,2019,39112.0,01125,239599
873,2019,39157.0,13045,115623
873,2019,39561.0,13089,185138
873,2019,39934.0,13067,200576
873,2019,40260.0,45083,114478
873,2019,40631.0,13115,265184
873,2019,41059.0,13059,413037
873,2019,42500.0,13153,76472
873,2019,43832.0,13119,44246
873,2019,44037.0,13121,363908
873,2019,45016.0,45019,285473
873,2019,47722.0,01073,41032
873,2019,56829.0,12103,111971
873,2019,61932.0,12111,108588
873,2019,61961.0,12009,107184
873,2019,74894.0,12021,80952
873,2019,80562.0,12127,232751
873,2019,181337.0,13275,58520
873,2019,186444.0,13215,95811
873,2019,186445.0,13215,65630
873,2019,186446.0,13215,46550
873,2019,186455.0,13215,104728
873,2019,186457.0,13215,126047
873,2019,186470.0,13215,100267
873,2019,186472.0,13215,47460
873,2019,186475.0,13215,96122
873,2019,186478.0,13053,37050
873,2019,186480.0,13215,63727
873,2019,191332.0,45079,425061
873,2019,191333.0,45027,85126
873,2019,191334.0,45085,49933
873,2019,191335.0,45061,64844
873,2019,191336.0,45079,79183
873,2019,191339.0,45079,27997
873,2019,191340.0,45085,51867
873,2019,191342.0,45035,38999
873,2019,191343.0,45085,45018
873,2019,191345.0,45063,89755
873,2019,191348.0,45055,82530
873,2019,191350.0,45013,38464
873,2019,191351.0,45063,32765
873,2019,191354.0,45045,37833
873,2019,191355.0,45045,130040
873,2019,191356.0,45041,104002
873,2019,191358.0,45051,101150
873,2019,191361.0,45019,42800
873,2019,191362.0,45007,23364
873,2019,191363.0,45019,35808
873,2019,194362.0,01127,46750
873,2019,194367.0,01127,35928
873,2019,194369.0,01127,17534
873,2019,207975.0,12015,154159
873,2019,208048.0,13031,38469
873,2019,208049.0,13031,68172
873,2019,219355.0,01113,35247
873,2019,221771.0,13225,38180
873,2019,221790.0,13185,44335
873,2019,221793.0,13185,52348
873,2019,224313.0,12091,93302
873,2019,224314.0,12091,58633
873,2019,224315.0,12091,85210
873,2019,224319.0,12091,68267
873,2019,230860.0,13297,114851
873,2019,234764.0,13277,35629
873,2019,235641.0,13285,39950
873,2019,235643.0,13285,62478
873,2019,238406.0,13045,64247
873,2019,238407.0,13045,49775
873,2019,238828.0,13143,61396
873,2019,239927.0,45051,156327
873,2019,246673.0,13217,57785
873,2019,246674.0,13217,48923
873,2019,246678.0,13151,38510
873,2019,249140.0,01031,149539
873,2019,249633.0,01045,69303
873,2019,250567.0,13095,30166
873,2019,250569.0,13095,72883
873,2019,250570.0,13177,22272
873,2019,251742.0,13077,69988
873,2019,251743.0,13077,50417
873,2019,251745.0,13077,55323
873,2019,251778.0,12033,40685
873,2019,252431.0,01101,61067
873,2019,252432.0,01001,56542
873,2019,253156.0,45015,37016
873,2019,253158.0,45019,93201
873,2019,253659.0,12073,120812
873,2019,253660.0,12073,126597
873,2019,255835.0,12103,104410
873,2019,255838.0,12103,66731
873,2019,255839.0,12103,42574
873,2019,256753.0,12033,63705
873,2019,256756.0,12113,72009
873,2019,258098.0,01089,146777
873,2019,258218.0,13153,111119
873,2019,258219.0,13153,122221
873,2019,258854.0,12117,284324
873,2019,259222.0,01073,78635
873,2019,259223.0,01073,35293
873,2019,259224.0,01073,62164
873,2019,259225.0,01073,145839
873,2019,259226.0,01117,48032
873,2019,259228.0,01117,38497
873,2019,259229.0,01073,0
873,2019,259693.0,12115,147559
873,2019,259695.0,12086,161944
873,2019,259696.0,12011,138745
873,2019,260774.0,12089,55063
873,2019,261312.0,13129,37297
873,2019,261321.0,12091,60296
873,2019,261396.0,01125,57869
873,2019,261722.0,13135,49878
873,2019,262198.0,45083,34398
873,2019,262374.0,45079,52121
873,2019,262375.0,45079,67078
873,2019,262376.0,45079,36421
873,2019,263471.0,13115,35659
873,2019,265737.0,13059,80718
873,2019,265738.0,13059,125149
873,2019,265739.0,13147,98126
873,2019,265740.0,13219,64036
873,2019,265741.0,13059,102092
873,2019,265745.0,13059,88826
873,2019,265823.0,13127,57160
873,2019,283802.0,13227,49698
873,2019,283804.0,13057,202029
873,2019,283805.0,13057,216475
873,2019,283806.0,13121,253432
873,2019,283807.0,13121,169804
873,2019,288949.0,47037,42070
873,2019,288950.0,47187,25045
873,2019,288951.0,47165,26557
873,2019,290425.0,12101,76960
873,2019,290426.0,12103,54899
873,2019,290940.0,12033,69489
873,2019,294957.0,01125,37592
873,2019,334459.0,45013,41564
873,2019,334460.0,45063,36369
873,2019,357169.0,01089,130606
873,2019,357424.0,45015,50719
873,2019,359747.0,01113,41997
873,2019,360057.0,13135,81938
873,2019,360058.0,13117,142763
873,2019,360506.0,13113,62046
873,2019,360604.0,12095,151131
873,2019,361343.0,12071,279788
873,2019,361469.0,13261,0
873,2019,361471.0,01073,46354
873,2019,361774.0,13313,107631
873,2019,362620.0,12015,150919
873,2019,362926.0,12011,82070
873,2019,363099.0,12099,231217
873,2019,363719.0,13185,41847
873,2019,364136.0,12103,50905
873,2019,364306.0,13043,70027
873,2019,365237.0,13067,91157
873,2019,365238.0,13121,232419
873,2019,365265.0,47187,22595
873,2019,365351.0,12033,52289
873,2019,365352.0,12113,35543
873,2019,365539.0,13215,49221
873,2019,365623.0,47037,16291
873,2019,366302.0,12081,37505
873,2019,418718.0,12053,99323
873,2019,419128.0,12009,141422
873,2019,419619.0,45019,0
873,2019,419751.0,01089,59210
873,2019,423008.0,12086,235847
873,2019,423492.0,13135,42587
873,2019,424734.0,01125,60100
873,2019,425155.0,12085,193200
873,2019,428000.0,12091,26093
873,2019,428133.0,01125,43741
873,2019,428134.0,12033,41397
873,2019,429522.0,13223,69178
873,2019,429729.0,12111,68608
873,2019,430466.0,47065,69966
873,2019,432098.0,13051,203221
873,2019,437910.0,12011,794662
873,2019,439425.0,12099,854210
873,2019,442372.0,12071,115357
873,2019,444096.0,12103,68323
873,2019,446265.0,12086,58417
873,2019,450327.0,12086,92098
873,2019,450328.0,12011,75615
873,2019,450331.0,12086,156691
873,2019,450393.0,12061,124184
873,2019,450832.0,13135,53030
873,2019,451781.0,12086,110921
873,2019,453006.0,12057,518101
873,2019,453007.0,13245,64555
873,2019,453009.0,13127,135611
873,2019,453324.0,13015,64710
873,2019,453414.0,13051,55869
873,2019,454248.0,12057,23119
873,2019,454724.0,12086,111811
873,2019,455355.0,47037,14829
873,2019,456594.0,12081,45225
873,2019,456678.0,12031,31529
873,2019,457585.0,13247,153937
873,2019,457908.0,12101,34691
873,2019,458099.0,12115,47563
873,2019,458821.0,01089,41702
873,2019,461000.0,13219,37584
873,2019,461369.0,13031,72600
873,2019,461371.0,13051,60198
873,2019,462467.0,13073,147028
873,2019,463126.0,12115,95762
873,2019,464968.0,47149,9933
873,2019,466297.0,47065,24408
873,2019,466958.0,12099,313035
873,2019,467238.0,12031,25283
873,2019,468421.0,12103,82484
873,2019,468530.0,12073,57400
873,2019,469120.0,45079,65589
873,2019,469477.0,01003,49853
873,2019,469487.0,13121,155398
873,2019,470767.0,12101,22198
873,2019,470781.0,13097,78322
873,2019,470791.0,47037,31835
873,2019,472091.0,12127,209397
873,2019,472659.0,13117,37462
873,2019,474014.0,12071,35901
873,2019,476597.0,12095,131446
873,2019,478320.0,12113,39504
873,2019,478812.0,13051,31952
873,2019,479948.0,12031,180794
873,2019,480334.0,12099,83335
873,2019,482381.0,01097,15061
873,2019,483138.0,13177,197340
873,2019,483146.0,13089,45196
873,2019,489871.0,12099,156777
873,2019,491166.0,13127,55010
873,2019,493272.0,45019,62435
873,2019,497944.0,12086,303032
873,2019,511425.0,12099,87731
873,2019,512005.0,13215,64765
873,2019,512440.0,01097,45944
873,2019,512925.0,12071,91648
873,2019,521338.0,12021,253412
873,2019,521339.0,12021,460136
873,2019,526389.0,13039,68521
873,2019,569314.0,47037,177262
873,2019,572513.0,12057,233047
873,2019,573176.0,12115,467066
873,2019,577678.0,12031,59360
873,2019,580607.0,12011,213777
873,2019,581611.0,12099,49716
873,2019,591421.0,13067,377247
873,2019,592544.0,12057,29319
873,2019,592852.0,13121,10042
873,2019,597609.0,13245,0
873,2019,602981.0,13275,0
873,2019,604845.0,13021,37116
873,2019,605502.0,12069,29253
35583,2019,7799.0,37081,473907
35583,2019,15880.0,37151,132599
35583,2019,42478.0,47149,757188
35583,2019,43502.0,37167,167012
35583,2019,47377.0,37057,575899
35583,2019,55597.0,51770,220931
35583,2019,57001.0,45051,159935
35583,2019,57788.0,37067,48189
35583,2019,61547.0,45019,243196
35583,2019,61926.0,37119,158209
35583,2019,82012.0,47037,5592705
35583,2019,226808.0,37081,74877
35583,2019,226809.0,37081,34802
35583,2019,226810.0,37081,0
35583,2019,226811.0,37081,66401
35583,2019,226812.0,37081,34991
35583,2019,255208.0,37151,60409
35583,2019,276635.0,47003,98828
35583,2019,276637.0,47149,10968
35583,2019,276638.0,47149,46243
35583,2019,276639.0,47149,88814
35583,2019,276640.0,47149,67283
35583,2019,281400.0,37167,77226
35583,2019,289721.0,37151,71082
35583,2019,289722.0,37057,94307
35583,2019,290310.0,51161,146874
35583,2019,290311.0,51770,34556
35583,2019,290312.0,51775,94339
35583,2019,356490.0,47149,46435
35583,2019,358590.0,47189,110295
35583,2019,360320.0,37063,111611
35583,2019,360615.0,45051,48754
35583,2019,360670.0,47187,363953
35583,2019,361214.0,51770,21781
35583,2019,362594.0,47021,135027
35583,2019,362602.0,47189,32481
35583,2019,364149.0,45019,33715
35583,2019,364151.0,45019,32066
35583,2019,364157.0,45019,27321
35583,2019,364509.0,51161,25458
35583,2019,418783.0,47037,306347
35583,2019,419007.0,37081,227145
35583,2019,419024.0,45051,45230
35583,2019,419236.0,47043,77656
35583,2019,419422.0,37081,0
35583,2019,419556.0,47149,45562
35583,2019,419806.0,47149,59752
35583,2019,423016.0,47187,219446
35583,2019,423106.0,47187,153966
35583,2019,427750.0,47189,0
35583,2019,429530.0,37097,128877
35583,2019,429964.0,45015,44239
35583,2019,431720.0,47037,324074
35583,2019,438932.0,47187,117428
35583,2019,440230.0,51161,16883
35583,2019,441936.0,45013,61166
35583,2019,442311.0,45015,28125
35583,2019,442943.0,45019,66740
35583,2019,443463.0,47165,163064
35583,2019,445631.0,45045,21232
35583,2019,447216.0,45083,53622
35583,2019,448965.0,37025,56219
35583,2019,448966.0,37159,52989
35583,2019,449793.0,47189,200369
35583,2019,449870.0,45019,39583
35583,2019,453047.0,37063,66948
35583,2019,453052.0,45035,14854
35583,2019,453832.0,37057,38418
35583,2019,454896.0,47065,830466
35583,2019,461756.0,47037,86511
35583,2019,461759.0,47157,43962
35583,2019,465213.0,47037,31919
35583,2019,466479.0,47093,1190356
35583,2019,466505.0,45019,37544
35583,2019,468142.0,37135,68143
35583,2019,468315.0,37001,60642
35583,2019,468534.0,45045,19051
35583,2019,469945.0,47037,22241
35583,2019,473492.0,45045,153100
35583,2019,473709.0,47037,160359
35583,2019,479331.0,37067,12720
35583,2019,483140.0,37081,58133
35583,2019,492565.0,47157,63036
35583,2019,492566.0,47157,59508
35583,2019,493044.0,47037,315816
35583,2019,493434.0,37183,17911
35583,2019,493995.0,37081,28024
35583,2019,495652.0,37025,73395
35583,2019,498650.0,47093,71308
35583,2019,500165.0,47037,172885
35583,2019,500307.0,47093,128485
35583,2019,508305.0,47037,54808
35583,2019,518104.0,47157,49036
35583,2019,518772.0,37183,45373
35583,2019,521471.0,37119,254704
35583,2019,527716.0,37119,28089
35583,2019,528022.0,37081,145578
35583,2019,539327.0,47093,43693
35583,2019,540733.0,47011,140227
35583,2019,540734.0,47001,113897
35583,2019,541044.0,45019,32204
35583,2019,541813.0,37021,40426
35583,2019,551268.0,37183,17800
35583,2019,557535.0,51161,25434
35583,2019,559631.0,45045,19419
35583,2019,563188.0,47093,43075
35583,2019,568565.0,37067,169477
35583,2019,573464.0,45077,50396
35583,2019,581995.0,37057,67621
35583,2019,585478.0,47009,79862
35583,2019,589565.0,47065,22318
35583,2019,590335.0,37183,275385
35583,2019,592414.0,47037,156217
35583,2019,592416.0,47157,651173
35583,2019,596457.0,37119,67578
35583,2019,612658.0,47157,301
873,2020,152.0,13275,181107
873,2020,556.0,13215,7672011
873,2020,1139.0,01127,85509
873,2020,1390.0,45085,268361
873,2020,1834.0,01127,282827
873,2020,3858.0,12021,69380
873,2020,3889.0,13031,338792
873,2020,5793.0,01113,166230
873,2020,6435.0,13225,98157
873,2020,6441.0,13185,434896
873,2020,7204.0,12091,90152
873,2020,7450.0,13213,124828
873,2020,8776.0,13297,278122
873,2020,9925.0,13277,347720
873,2020,10088.0,13285,193551
873,2020,10706.0,13275,45208
873,2020,11077.0,45051,61514
873,2020,12618.0,12051,90523
873,2020,12722.0,13217,111716
873,2020,13448.0,01069,164194
873,2020,13972.0,13143,64738
873,2020,14341.0,13045,81736
873,2020,14388.0,13077,125669
873,2020,14390.0,12033,366716
873,2020,14409.0,13295,69998
873,2020,14656.0,01101,829469
873,2020,15103.0,13261,177585
873,2020,15122.0,12071,92620
873,2020,15151.0,12073,30848
873,2020,17550.0,01089,402804
873,2020,32715.0,12095,405245
873,2020,32828.0,13219,215552
873,2020,32917.0,01073,1594666
873,2020,35262.0,12015,110100
873,2020,35980.0,13113,203861
873,2020,36353.0,13067,232726
873,2020,38655.0,13097,309473
873,2020,38680.0,12089,102699
873,2020,39007.0,13129,312460
873,2020,39022.0,12091,104441
873,2020,39112.0,01125,288661
873,2020,39157.0,13045,176365
873,2020,39561.0,13089,247456
873,2020,39934.0,13067,189431
873,2020,40260.0,45083,146322
873,2020,40631.0,13115,316205
873,2020,41059.0,13059,556668
873,2020,42500.0,13153,92764
873,2020,43832.0,13119,47783
873,2020,44037.0,13121,495505
873,2020,45016.0,45019,324431
873,2020,47722.0,01073,46053
873,2020,56829.0,12103,118444
873,2020,61932.0,12111,81061
873,2020,61961.0,12009,64190
873,2020,74894.0,12021,76701
873,2020,80562.0,12127,179621
873,2020,181337.0,13275,66953
873,2020,186444.0,13215,111420
873,2020,186445.0,13215,128950
873,2020,186446.0,13215,49827
873,2020,186455.0,13215,122087
873,2020,186457.0,13215,138299
873,2020,186470.0,13215,120682
873,2020,186475.0,13215,109247
873,2020,186478.0,13053,41396
873,2020,186480.0,13215,79672
873,2020,191332.0,45079,604896
873,2020,191333.0,45027,95402
873,2020,191335.0,45061,75163
873,2020,191336.0,45079,87855
873,2020,191340.0,45085,67150
873,2020,191342.0,45035,35172
873,2020,191343.0,45085,54396
873,2020,191345.0,45063,122727
873,2020,191348.0,45055,85461
873,2020,191350.0,45013,46319
873,2020,191351.0,45063,36856
873,2020,191354.0,45045,42103
873,2020,191355.0,45045,153349
873,2020,191356.0,45041,99741
873,2020,191358.0,45051,117585
873,2020,191361.0,45019,57454
873,2020,191362.0,45007,27251
873,2020,191363.0,45019,49836
873,2020,194362.0,01127,76056
873,2020,194367.0,01127,46607
873,2020,207975.0,12015,105480
873,2020,208049.0,13031,81845
873,2020,219355.0,01113,40739
873,2020,221771.0,13225,41589
873,2020,221790.0,13185,51882
873,2020,221793.0,13185,63685
873,2020,224313.0,12091,107583
873,2020,224314.0,12091,65294
873,2020,224315.0,12091,99511
873,2020,224319.0,12091,85576
873,2020,230860.0,13297,131663
873,2020,234764.0,13277,43089
873,2020,235641.0,13285,46886
873,2020,235643.0,13285,87151
873,2020,238406.0,13045,73622
873,2020,238407.0,13045,51264
873,2020,238828.0,13143,70102
873,2020,239927.0,45051,171940
873,2020,246673.0,13217,67379
873,2020,246674.0,13217,51122
873,2020,246678.0,13151,46076
873,2020,249140.0,01031,175349
873,2020,249633.0,01045,85064
873,2020,250567.0,13095,32440
873,2020,250569.0,13095,77719
873,2020,250570.0,13177,27251
873,2020,251742.0,13077,79219
873,2020,251743.0,13077,62399
873,2020,251745.0,13077,59769
873,2020,251778.0,12033,52180
873,2020,252431.0,01101,71067
873,2020,252432.0,01001,62921
873,2020,253156.0,45015,43598
873,2020,253158.0,45019,106094
873,2020,253659.0,12073,138724
873,2020,253660.0,12073,135913
873,2020,255835.0,12103,131146
873,2020,255838.0,12103,75256
873,2020,255839.0,12103,42657
873,2020,256753.0,12033,120772
873,2020,256756.0,12113,82588
873,2020,258098.0,01089,129695
873,2020,258218.0,13153,123042
873,2020,258219.0,13153,160740
873,2020,258854.0,12117,278177
873,2020,259222.0,01073,53203
873,2020,259223.0,01073,40296
873,2020,259224.0,01073,65469
873,2020,259225.0,01073,146281
873,2020,259226.0,01117,47224
873,2020,259228.0,01117,41186
873,2020,259229.0,01073,0
873,2020,259693.0,12115,107265
873,2020,259695.0,12086,125666
873,2020,259696.0,12011,138576
873,2020,260774.0,12089,59633
873,2020,261312.0,13129,40640
873,2020,261321.0,12091,92360
873,2020,261396.0,01125,62509
873,2020,261722.0,13135,64082
873,2020,262198.0,45083,42944
873,2020,262374.0,45079,111619
873,2020,262375.0,45079,72752
873,2020,262376.0,45079,36729
873,2020,263471.0,13115,37049
873,2020,265737.0,13059,99186
873,2020,265738.0,13059,134744
873,2020,265739.0,13147,109802
873,2020,265740.0,13219,72995
873,2020,265741.0,13059,106763
873,2020,265745.0,13059,106116
873,2020,265823.0,13127,64670
873,2020,283802.0,13227,53191
873,2020,283804.0,13057,247389
873,2020,283805.0,13057,238563
873,2020,283806.0,13121,207487
873,2020,283807.0,13121,159471
873,2020,288949.0,47037,45498
873,2020,288950.0,47187,27876
873,2020,288951.0,47165,32032
873,2020,290425.0,12101,92547
873,2020,290426.0,12103,59658
873,2020,290940.0,12033,82270
873,2020,294957.0,01125,42430
873,2020,334459.0,45013,52605
873,2020,334460.0,45063,49810
873,2020,357169.0,01089,141127
873,2020,357424.0,45015,56001
873,2020,359747.0,01113,47874
873,2020,360057.0,13135,89182
873,2020,360058.0,13117,181656
873,2020,360506.0,13113,77199
873,2020,360604.0,12095,133995
873,2020,361343.0,12071,212057
873,2020,361469.0,13261,0
873,2020,361471.0,01073,53665
873,2020,361774.0,13313,122825
873,2020,362620.0,12015,130162
873,2020,362926.0,12011,70543
873,2020,363099.0,12099,185053
873,2020,363719.0,13185,49999
873,2020,364136.0,12103,56948
873,2020,364306.0,13043,92911
873,2020,365237.0,13067,138800
873,2020,365238.0,13121,274602
873,2020,365265.0,47187,26442
873,2020,365352.0,12113,42494
873,2020,365539.0,13215,57935
873,2020,365623.0,47037,21157
873,2020,366302.0,12081,45631
873,2020,418718.0,12053,81880
873,2020,419128.0,12009,103456
873,2020,419619.0,45019,0
873,2020,419751.0,01089,88497
873,2020,423008.0,12086,226041
873,2020,423492.0,13135,47094
873,2020,424734.0,01125,72783
873,2020,425155.0,12085,163632
873,2020,428000.0,12091,30789
873,2020,428133.0,01125,50933
873,2020,428134.0,12033,52247
873,2020,429522.0,13223,74410
873,2020,429729.0,12111,74670
873,2020,430466.0,47065,89147
873,2020,432098.0,13051,316495
873,2020,437910.0,12011,980012
873,2020,439425.0,12099,829118
873,2020,442372.0,12071,67545
873,2020,444096.0,12103,82288
873,2020,446265.0,12086,49014
873,2020,450327.0,12086,69595
873,2020,450328.0,12011,50963
873,2020,450331.0,12086,156428
873,2020,450393.0,12061,76324
873,2020,450832.0,13135,81232
873,2020,451781.0,12086,85490
873,2020,453006.0,12057,372617
873,2020,453007.0,13245,68025
873,2020,453009.0,13127,142864
873,2020,453324.0,13015,89312
873,2020,453414.0,13051,63303
873,2020,453624.0,13215,0
873,2020,454248.0,12057,28020
873,2020,454724.0,12086,93155
873,2020,455355.0,47037,17927
873,2020,456594.0,12081,61270
873,2020,457585.0,13247,417144
873,2020,457908.0,12101,42000
873,2020,458099.0,12115,56256
873,2020,458821.0,01089,146289
873,2020,461000.0,13219,47500
873,2020,461369.0,13031,90447
873,2020,461371.0,13051,65181
873,2020,462467.0,13073,213653
873,2020,463126.0,12115,117214
873,2020,464968.0,47149,12242
873,2020,466297.0,47065,31533
873,2020,466958.0,12099,305558
873,2020,467238.0,12031,55733
873,2020,468421.0,12103,94917
873,2020,468530.0,12073,58820
873,2020,469120.0,45079,75293
873,2020,469477.0,01003,62992
873,2020,469487.0,13121,176921
873,2020,470767.0,12101,33144
873,2020,470781.0,13097,83844
873,2020,470791.0,47037,32831
873,2020,472091.0,12127,162626
873,2020,472659.0,13117,51533
873,2020,474014.0,12071,40591
873,2020,476597.0,12095,134280
873,2020,478320.0,12113,51504
873,2020,478812.0,13051,32347
873,2020,479948.0,12031,296722
873,2020,480334.0,12099,57662
873,2020,482381.0,01097,15420
873,2020,483138.0,13177,214127
873,2020,483146.0,13089,47763
873,2020,489871.0,12099,113260
873,2020,491166.0,13127,70025
873,2020,493272.0,45019,65438
873,2020,497944.0,12086,384432
873,2020,511425.0,12099,58232
873,2020,512005.0,13215,72676
873,2020,512440.0,01097,38279
873,2020,512925.0,12071,51427
873,2020,521338.0,12021,194769
873,2020,521339.0,12021,426475
873,2020,526389.0,13039,77974
873,2020,569314.0,47037,210881
873,2020,573176.0,12115,311885
873,2020,577678.0,12031,64405
873,2020,580607.0,12011,155775
873,2020,581611.0,12099,48159
873,2020,591421.0,13067,633543
873,2020,592544.0,12057,24488
873,2020,592852.0,13121,9833
873,2020,597609.0,13245,0
873,2020,602981.0,13275,0
873,2020,604845.0,13021,67214
873,2020,605502.0,12069,16849
873,2020,616800.0,12117,9994
873,2020,617347.0,12011,7459
873,2020,621540.0,13067,3276
873,2020,625247.0,12057,238784
35583,2020,7799.0,37081,598665
35583,2020,15880.0,37151,155816
35583,2020,42478.0,47149,908556
35583,2020,43502.0,37167,172219
35583,2020,47377.0,37057,543523
35583,2020,55597.0,51161,440500
35583,2020,57001.0,45051,168245
35583,2020,57788.0,37067,58317
35583,2020,61547.0,45019,349735
35583,2020,61926.0,37119,195990
35583,2020,82012.0,47037,8269186
35583,2020,226808.0,37081,66564
35583,2020,226809.0,37081,74684
35583,2020,226810.0,37081,0
35583,2020,226811.0,37081,39810
35583,2020,255208.0,37151,64432
35583,2020,276635.0,47003,97854
35583,2020,276637.0,47149,13499
35583,2020,276638.0,47149,58203
35583,2020,276639.0,47149,101405
35583,2020,276640.0,47149,75798
35583,2020,281400.0,37167,79245
35583,2020,289721.0,37151,81803
35583,2020,289722.0,37057,48120
35583,2020,290310.0,51161,78457
35583,2020,290311.0,51770,35093
35583,2020,290312.0,51775,99163
35583,2020,356490.0,47149,52861
35583,2020,358590.0,47189,136833
35583,2020,360320.0,37063,97664
35583,2020,360615.0,45051,46300
35583,2020,360670.0,47187,422826
35583,2020,361214.0,51770,22148
35583,2020,362594.0,47021,156793
35583,2020,362602.0,47189,39482
35583,2020,364149.0,45019,39075
35583,2020,364151.0,45019,33388
35583,2020,364509.0,51161,27630
35583,2020,418783.0,47037,386193
35583,2020,419007.0,37081,280819
35583,2020,419024.0,45051,36975
35583,2020,419236.0,47043,80148
35583,2020,419422.0,37081,0
35583,2020,419556.0,47149,53256
35583,2020,419806.0,47149,66978
35583,2020,423016.0,47187,295677
35583,2020,423106.0,47187,198121
35583,2020,429530.0,37097,191807
35583,2020,429964.0,45015,65365
35583,2020,431720.0,47037,400340
35583,2020,438932.0,47187,158066
35583,2020,440230.0,51161,19889
35583,2020,441936.0,45013,57634
35583,2020,442311.0,45015,26643
35583,2020,442943.0,45019,74615
35583,2020,443463.0,47165,203251
35583,2020,445631.0,45045,24043
35583,2020,447216.0,45083,61488
35583,2020,448965.0,37025,67445
35583,2020,448966.0,37159,65210
35583,2020,449793.0,47189,255556
35583,2020,449870.0,45019,45349
35583,2020,453047.0,37063,87214
35583,2020,453052.0,45035,20037
35583,2020,453832.0,37057,58582
35583,2020,454896.0,47065,1248756
35583,2020,461756.0,47037,132321
35583,2020,461759.0,47157,43848
35583,2020,465213.0,47037,42947
35583,2020,466479.0,47093,1490705
35583,2020,466505.0,45019,43930
35583,2020,468142.0,37135,74688
35583,2020,468315.0,37001,70424
35583,2020,468534.0,45045,22963
35583,2020,473492.0,45045,185111
35583,2020,473709.0,47037,166891
35583,2020,479331.0,37067,13462
35583,2020,483140.0,37081,125458
35583,2020,492565.0,47157,60219
35583,2020,492566.0,47157,55408
35583,2020,493044.0,47037,413524
35583,2020,493434.0,37183,23852
35583,2020,493995.0,37081,30245
35583,2020,495652.0,37025,116353
35583,2020,498650.0,47093,111304
35583,2020,500165.0,47037,213172
35583,2020,500307.0,47093,152297
35583,2020,508305.0,47037,75893
35583,2020,518104.0,47157,47083
35583,2020,518772.0,37183,53614
35583,2020,521471.0,37119,362221
35583,2020,528022.0,37081,172018
35583,2020,539327.0,47093,61162
35583,2020,540733.0,47011,168104
35583,2020,540734.0,47001,134886
35583,2020,541044.0,45019,29877
35583,2020,541813.0,37021,39058
35583,2020,551268.0,37183,22419
35583,2020,557535.0,51161,29390
35583,2020,559631.0,45045,21844
35583,2020,563188.0,47093,59229
35583,2020,568565.0,37067,289081
35583,2020,573464.0,45077,51772
35583,2020,581995.0,37179,77702
35583,2020,585478.0,47009,125331
35583,2020,589565.0,47065,32628
35583,2020,590335.0,37183,385925
35583,2020,592414.0,47037,351674
35583,2020,592416.0,47157,1014731
35583,2020,596457.0,37119,122786
35583,2020,612658.0,47157,4569
35583,2020,618551.0,47065,5636
35583,2020,624952.0,13067,29041
35583,2020,625133.0,51019,12060
873,2021,152.0,13275,200595
873,2021,556.0,13215,3431780
873,2021,1139.0,01127,94297
873,2021,1390.0,45085,254442
873,2021,1834.0,01127,323025
873,2021,3858.0,12021,77566
873,2021,3889.0,13031,471576
873,2021,5793.0,01113,217949
873,2021,6435.0,13225,119873
873,2021,6441.0,13185,442456
873,2021,7450.0,13213,122441
873,2021,8776.0,13297,317550
873,2021,9925.0,13277,449182
873,2021,10088.0,13285,232105
873,2021,10706.0,13275,55045
873,2021,11077.0,45051,61863
873,2021,12618.0,12051,100616
873,2021,13448.0,01069,103334
873,2021,13972.0,13143,73643
873,2021,14341.0,13045,92253
873,2021,14388.0,13077,141557
873,2021,14390.0,12033,485631
873,2021,14409.0,13295,70086
873,2021,14656.0,01101,945085
873,2021,15103.0,13261,187872
873,2021,15122.0,12071,103235
873,2021,17550.0,01089,429560
873,2021,32715.0,12095,443245
873,2021,32828.0,13219,249120
873,2021,32917.0,01073,1946589
873,2021,35262.0,12015,106964
873,2021,35980.0,13113,216006
873,2021,36353.0,13067,217510
873,2021,38655.0,13097,334533
873,2021,38680.0,12089,114567
873,2021,39007.0,13129,376637
873,2021,39022.0,12091,78105
873,2021,39112.0,01125,329613
873,2021,39157.0,13045,180220
873,2021,39561.0,13089,269417
873,2021,39934.0,13067,216890
873,2021,40260.0,45083,205054
873,2021,40631.0,13115,324420
873,2021,41059.0,13059,631232
873,2021,42500.0,13153,159466
873,2021,43832.0,13119,48797
873,2021,44037.0,13121,704962
873,2021,45016.0,45019,485812
873,2021,47722.0,01073,49592
873,2021,56829.0,12103,135357
873,2021,61932.0,12111,102058
873,2021,61961.0,12009,52580
873,2021,74894.0,12021,58206
873,2021,80562.0,12127,167553
873,2021,181337.0,13275,95240
873,2021,186444.0,13215,130089
873,2021,186445.0,13215,141466
873,2021,186446.0,13215,52455
873,2021,186455.0,13215,135618
873,2021,186457.0,13215,172396
873,2021,186470.0,13215,139747
873,2021,186475.0,13215,122509
873,2021,186478.0,13053,48923
873,2021,186480.0,13215,108755
873,2021,191332.0,45079,909907
873,2021,191333.0,45027,102214
873,2021,191335.0,45061,94624
873,2021,191336.0,45079,102912
873,2021,191340.0,45085,77275
873,2021,191342.0,45035,44335
873,2021,191343.0,45085,103310
873,2021,191345.0,45063,117989
873,2021,191348.0,45055,90705
873,2021,191350.0,45013,56969
873,2021,191351.0,45063,38346
873,2021,191354.0,45045,39645
873,2021,191355.0,45045,180324
873,2021,191356.0,45041,120090
873,2021,191358.0,45051,141475
873,2021,191361.0,45019,62529
873,2021,191362.0,45007,30828
873,2021,191363.0,45019,42712
873,2021,194362.0,01127,76579
873,2021,194367.0,01127,50741
873,2021,207975.0,12015,100535
873,2021,208049.0,13031,87711
873,2021,221771.0,13225,46357
873,2021,221790.0,13185,59549
873,2021,221793.0,13185,68722
873,2021,224313.0,12091,229591
873,2021,224314.0,12091,113891
873,2021,224315.0,12091,107846
873,2021,224319.0,12091,123954
873,2021,230860.0,13297,138390
873,2021,234764.0,13277,51377
873,2021,235641.0,13285,55634
873,2021,235643.0,13285,100591
873,2021,238406.0,13045,102893
873,2021,238407.0,13045,50612
873,2021,238828.0,13143,87464
873,2021,239927.0,45051,200665
873,2021,246673.0,13217,237620
873,2021,246674.0,13217,56467
873,2021,246678.0,13151,50666
873,2021,249140.0,01031,208116
873,2021,249633.0,01045,97447
873,2021,250567.0,13095,32508
873,2021,250569.0,13095,115091
873,2021,251742.0,13077,78400
873,2021,251743.0,13077,66353
873,2021,251745.0,13077,63220
873,2021,251778.0,12033,48135
873,2021,252431.0,01101,80460
873,2021,252432.0,01001,57598
873,2021,253156.0,45015,59383
873,2021,253158.0,45019,111061
873,2021,253659.0,12073,131575
873,2021,253660.0,12073,141053
873,2021,255835.0,12103,142038
873,2021,255838.0,12103,88258
873,2021,255839.0,12103,51919
873,2021,256753.0,12033,135676
873,2021,256756.0,12113,94904
873,2021,258098.0,01089,136346
873,2021,258218.0,13153,137911
873,2021,258219.0,13153,166942
873,2021,258854.0,12117,312030
873,2021,259222.0,01073,84858
873,2021,259223.0,01073,34083
873,2021,259224.0,01073,66194
873,2021,259225.0,01073,172741
873,2021,259226.0,01117,47763
873,2021,259228.0,01117,40910
873,2021,259229.0,01073,0
873,2021,259693.0,12115,105581
873,2021,259695.0,12086,123761
873,2021,259696.0,12011,156054
873,2021,260774.0,12089,61659
873,2021,261321.0,12091,86998
873,2021,261396.0,01125,63314
873,2021,261722.0,13135,66104
873,2021,262198.0,45083,44430
873,2021,262374.0,45079,87976
873,2021,262375.0,45079,68433
873,2021,262376.0,45079,32646
873,2021,263471.0,13115,37220
873,2021,265737.0,13059,106608
873,2021,265738.0,13059,154992
873,2021,265739.0,13147,122395
873,2021,265740.0,13219,79063
873,2021,265741.0,13059,121551
873,2021,265745.0,13059,140415
873,2021,265823.0,13127,74952
873,2021,283802.0,13227,57055
873,2021,283804.0,13057,291016
873,2021,283805.0,13057,285379
873,2021,283806.0,13121,211527
873,2021,283807.0,13121,279401
873,2021,288949.0,47037,37809
873,2021,288950.0,47187,143345
873,2021,288951.0,47165,31933
873,2021,290425.0,12101,90648
873,2021,290426.0,12103,58512
873,2021,290940.0,12033,92433
873,2021,294957.0,01125,44092
873,2021,334459.0,45013,62188
873,2021,334460.0,45063,46553
873,2021,357169.0,01089,149978
873,2021,357424.0,45015,55124
873,2021,359747.0,01113,64337
873,2021,360057.0,13135,96267
873,2021,360058.0,13117,182591
873,2021,360506.0,13113,85179
873,2021,360604.0,12095,124676
873,2021,361343.0,12071,169805
873,2021,361469.0,13261,0
873,2021,361471.0,01073,58814
873,2021,361774.0,13313,130723
873,2021,362620.0,12015,134043
873,2021,362926.0,12011,66027
873,2021,363099.0,12099,148014
873,2021,364136.0,12103,81210
873,2021,364306.0,13043,98739
873,2021,365237.0,13067,126551
873,2021,365238.0,13121,329837
873,2021,365265.0,47187,31119
873,2021,365352.0,12113,45309
873,2021,365539.0,13215,65009
873,2021,365623.0,47037,25132
873,2021,366302.0,12081,54893
873,2021,418718.0,12053,48959
873,2021,419128.0,12009,97184
873,2021,419619.0,45019,0
873,2021,419751.0,01089,80281
873,2021,423008.0,12086,172975
873,2021,423492.0,13135,57717
873,2021,424734.0,01125,77520
873,2021,425155.0,12085,154528
873,2021,428000.0,12091,36671
873,2021,428133.0,01125,59018
873,2021,428134.0,12033,51225
873,2021,429522.0,13223,73129
873,2021,429729.0,12111,72578
873,2021,430466.0,47065,98069
873,2021,432098.0,13051,372109
873,2021,437910.0,12011,108716
873,2021,439425.0,12099,911138
873,2021,442372.0,12071,67526
873,2021,444096.0,12103,91504
873,2021,446265.0,12086,44459
873,2021,450327.0,12086,68165
873,2021,450328.0,12011,58298
873,2021,450331.0,12086,161838
873,2021,450393.0,12061,66918
873,2021,450832.0,13135,88325
873,2021,451781.0,12086,95595
873,2021,453006.0,12057,427927
873,2021,453007.0,13245,62451
873,2021,453009.0,13127,148775
873,2021,453324.0,13015,95719
873,2021,453414.0,13051,71234
873,2021,453624.0,13215,0
873,2021,454248.0,12057,26572
873,2021,454724.0,12086,107322
873,2021,455355.0,47037,19233
873,2021,456594.0,12081,73523
873,2021,457585.0,13247,534308
873,2021,457908.0,12101,44999
873,2021,458099.0,12115,53749
873,2021,458821.0,01089,121678
873,2021,461000.0,13219,47530
873,2021,461369.0,13031,104496
873,2021,461371.0,13051,68622
873,2021,462467.0,13073,256528
873,2021,463126.0,12115,92646
873,2021,464968.0,47149,13135
873,2021,466297.0,47065,29285
873,2021,466958.0,12099,183860
873,2021,467238.0,12031,79129
873,2021,468421.0,12103,101320
873,2021,468530.0,12073,56059
873,2021,469120.0,45079,108945
873,2021,469477.0,01003,100274
873,2021,469487.0,13121,186529
873,2021,470767.0,12101,31588
873,2021,470781.0,13097,85996
873,2021,472091.0,12127,140524
873,2021,472659.0,13117,52282
873,2021,474014.0,12071,41325
873,2021,476597.0,12095,114498
873,2021,478320.0,12113,54043
873,2021,479948.0,12031,378180
873,2021,480334.0,12099,68488
873,2021,483138.0,13177,272994
873,2021,483146.0,13089,65916
873,2021,489871.0,12099,86473
873,2021,491166.0,13127,93953
873,2021,493272.0,45019,62467
873,2021,497944.0,12086,414282
873,2021,511425.0,12099,47970
873,2021,512005.0,13215,83425
873,2021,512440.0,01097,49181
873,2021,512925.0,12071,48029
873,2021,521338.0,12021,214450
873,2021,521339.0,12021,369326
873,2021,526389.0,13039,89489
873,2021,569314.0,47037,261543
873,2021,573176.0,12115,275413
873,2021,577678.0,12031,74949
873,2021,580607.0,12011,181209
873,2021,581611.0,12099,37777
873,2021,591421.0,13067,3753597
873,2021,592852.0,13121,24209
873,2021,597609.0,13245,0
873,2021,602981.0,13275,0
873,2021,604845.0,13021,81360
873,2021,605502.0,12069,11561
873,2021,616800.0,12117,8779
873,2021,617347.0,12011,10127
873,2021,621540.0,13067,6233
873,2021,625247.0,12057,184119
873,2021,625381.0,12095,14089
873,2021,629148.0,13121,11090
873,2021,633007.0,12073,34551
873,2021,637875.0,12011,1029900
35583,2021,7799.0,37081,629370
35583,2021,15880.0,37151,217108
35583,2021,42478.0,47149,0
35583,2021,43502.0,37167,160479
35583,2021,47377.0,37057,188343
35583,2021,55597.0,51161,480612
35583,2021,57001.0,45051,203303
35583,2021,57788.0,37067,235432
35583,2021,61547.0,45019,475762
35583,2021,61926.0,37119,279960
35583,2021,82012.0,47037,8080525
35583,2021,226808.0,37081,70736
35583,2021,226809.0,37081,73712
35583,2021,226810.0,37081,0
35583,2021,226811.0,37081,42772
35583,2021,255208.0,37151,68483
35583,2021,276635.0,47003,87352
35583,2021,276637.0,47149,14160
35583,2021,276638.0,47149,63456
35583,2021,276639.0,47149,110776
35583,2021,276640.0,47149,80276
35583,2021,281400.0,37167,84277
35583,2021,289721.0,37151,89792
35583,2021,289722.0,37057,68948
35583,2021,290310.0,51161,76656
35583,2021,290311.0,51770,36695
35583,2021,290312.0,51775,100119
35583,2021,356490.0,47149,60283
35583,2021,358590.0,47189,151466
35583,2021,360320.0,37063,126046
35583,2021,360615.0,45051,40950
35583,2021,360670.0,47187,469092
35583,2021,361214.0,51770,20851
35583,2021,362594.0,47021,186437
35583,2021,362602.0,47189,49839
35583,2021,364149.0,45019,44840
35583,2021,364151.0,45019,44210
35583,2021,364509.0,51161,24087
35583,2021,418783.0,47037,454381
35583,2021,419007.0,37081,345841
35583,2021,419024.0,45051,28112
35583,2021,419236.0,47043,97131
35583,2021,419422.0,37081,0
35583,2021,419556.0,47149,58326
35583,2021,419806.0,47149,74812
35583,2021,423016.0,47187,377389
35583,2021,423106.0,47187,283987
35583,2021,429530.0,37097,222431
35583,2021,429964.0,45015,105982
35583,2021,431720.0,47037,510380
35583,2021,438932.0,47187,177986
35583,2021,440230.0,51161,20963
35583,2021,441936.0,45013,72294
35583,2021,442311.0,45015,27457
35583,2021,442943.0,45019,84910
35583,2021,443463.0,47165,247620
35583,2021,445631.0,45045,24646
35583,2021,447216.0,45083,65467
35583,2021,448965.0,37025,75943
35583,2021,448966.0,37159,71936
35583,2021,449793.0,47189,336164
35583,2021,449870.0,45019,46683
35583,2021,453047.0,37063,102787
35583,2021,453052.0,45035,20529
35583,2021,453832.0,37057,61851
35583,2021,454896.0,47065,1299418
35583,2021,461756.0,47037,160268
35583,2021,465213.0,47037,53458
35583,2021,466479.0,47093,1680245
35583,2021,466505.0,45019,48217
35583,2021,468142.0,37135,79533
35583,2021,468315.0,37001,78464
35583,2021,468534.0,45045,21138
35583,2021,473492.0,45045,207096
35583,2021,473709.0,47037,190071
35583,2021,479331.0,37067,13995
35583,2021,483140.0,37081,118652
35583,2021,492565.0,47157,57594
35583,2021,492566.0,47157,47015
35583,2021,493044.0,47037,508907
35583,2021,493434.0,37183,33879
35583,2021,493995.0,37081,30596
35583,2021,495652.0,37025,147159
35583,2021,498650.0,47093,98231
35583,2021,500165.0,47037,283181
35583,2021,500307.0,47093,206851
35583,2021,508305.0,47037,89485
35583,2021,518104.0,47157,43801
35583,2021,518772.0,37183,48092
35583,2021,521471.0,37119,553564
35583,2021,528022.0,37081,189585
35583,2021,539327.0,47093,69721
35583,2021,540733.0,47011,300242
35583,2021,540734.0,47001,142462
35583,2021,541044.0,45019,32423
35583,2021,541813.0,37021,44471
35583,2021,551268.0,37183,21833
35583,2021,557535.0,51161,31572
35583,2021,559631.0,45045,37437
35583,2021,563188.0,47093,69056
35583,2021,568565.0,37067,174880
35583,2021,573464.0,45077,56472
35583,2021,581995.0,37179,71587
35583,2021,585478.0,47009,148635
35583,2021,589565.0,47065,38579
35583,2021,590335.0,37183,471431
35583,2021,592414.0,47037,430786
35583,2021,592416.0,47157,1498382
35583,2021,596457.0,37119,64093
35583,2021,612658.0,47157,4529
35583,2021,618551.0,47065,21120
35583,2021,622026.0,13067,0
35583,2021,624952.0,13067,126191
35583,2021,625133.0,51019,12367
35583,2021,627167.0,47149,1031058
35583,2021,627633.0,47149,10755
35583,2021,627653.0,47165,0
35583,2021,628038.0,47157,48000
35583,2021,633282.0,13067,0
35583,2021,633710.0,47165,9868
873,2022,152.0,13275,185369
873,2022,556.0,13215,2864425
873,2022,1139.0,01127,94817
873,2022,1390.0,45085,271411
873,2022,1834.0,01127,273682
873,2022,3858.0,12021,85358
873,2022,3889.0,13031,575869
873,2022,5793.0,01113,242987
873,2022,6435.0,13225,142877
873,2022,6441.0,13185,441998
873,2022,7450.0,13213,134577
873,2022,8776.0,13297,367506
873,2022,9925.0,13277,376154
873,2022,10088.0,13285,299904
873,2022,10706.0,13275,89679
873,2022,11077.0,45051,64481
873,2022,12618.0,12051,100937
873,2022,13448.0,01069,126560
873,2022,13972.0,13143,75153
873,2022,14341.0,13045,292229
873,2022,14388.0,13077,260791
873,2022,14390.0,12033,524403
873,2022,14409.0,13295,70052
873,2022,14656.0,01101,742824
873,2022,15103.0,13261,222554
873,2022,15122.0,12071,106509
873,2022,17550.0,01089,440408
873,2022,32715.0,12095,505940
873,2022,32828.0,13219,336733
873,2022,32917.0,01073,1866964
873,2022,35262.0,12015,107581
873,2022,35980.0,13113,246551
873,2022,36353.0,13067,216577
873,2022,38655.0,13097,355683
873,2022,38680.0,12089,109046
873,2022,39007.0,13129,388035
873,2022,39022.0,12091,192075
873,2022,39112.0,01125,346703
873,2022,39561.0,13089,283138
873,2022,39934.0,13067,216770
873,2022,40260.0,45083,198284
873,2022,40631.0,13115,359551
873,2022,41059.0,13059,662978
873,2022,42500.0,13153,153909
873,2022,43832.0,13119,49648
873,2022,44037.0,13121,699973
873,2022,45016.0,45019,711361
873,2022,47722.0,01073,49794
873,2022,56829.0,12103,106438
873,2022,61932.0,12111,100007
873,2022,80562.0,12127,163094
873,2022,181337.0,13275,87519
873,2022,186444.0,13215,138343
873,2022,186445.0,13215,141442
873,2022,186446.0,13215,50802
873,2022,186455.0,13215,148115
873,2022,186457.0,13215,202770
873,2022,186470.0,13215,141449
873,2022,186475.0,13215,126080
873,2022,186478.0,13053,51406
873,2022,186480.0,13215,84662
873,2022,191332.0,45079,800848
873,2022,191333.0,45027,104819
873,2022,191335.0,45061,105890
873,2022,191336.0,45079,107541
873,2022,191340.0,45085,193092
873,2022,191342.0,45035,37324
873,2022,191345.0,45063,114756
873,2022,191348.0,45055,107515
873,2022,191350.0,45013,53591
873,2022,191351.0,45063,74703
873,2022,191354.0,45045,41126
873,2022,191355.0,45045,201039
873,2022,191356.0,45041,103882
873,2022,191358.0,45051,153332
873,2022,191361.0,45019,76526
873,2022,191362.0,45007,48052
873,2022,191363.0,45019,42751
873,2022,194362.0,01127,77393
873,2022,194367.0,01127,54150
873,2022,207975.0,12015,79420
873,2022,208049.0,13031,100614
873,2022,221790.0,13185,75876
873,2022,221793.0,13185,79376
873,2022,224313.0,12091,263031
873,2022,224315.0,12091,97604
873,2022,224319.0,12091,140601
873,2022,230860.0,13297,145834
873,2022,234764.0,13277,50258
873,2022,235643.0,13285,103575
873,2022,238406.0,13045,120484
873,2022,238407.0,13045,48373
873,2022,238828.0,13143,91103
873,2022,239927.0,45051,223701
873,2022,246673.0,13217,285041
873,2022,246678.0,13151,61745
873,2022,249140.0,01031,257019
873,2022,249633.0,01045,106397
873,2022,250567.0,13095,33425
873,2022,250569.0,13095,120898
873,2022,251743.0,13077,69595
873,2022,251745.0,13077,65307
873,2022,251778.0,12033,54356
873,2022,252431.0,01101,91752
873,2022,252432.0,01001,50569
873,2022,253156.0,45015,170840
873,2022,253659.0,12073,127167
873,2022,253660.0,12073,140855
873,2022,255835.0,12103,120868
873,2022,255838.0,12103,96970
873,2022,255839.0,12103,52130
873,2022,256753.0,12033,126811
873,2022,256756.0,12113,83007
873,2022,258098.0,01089,158366
873,2022,258218.0,13153,185728
873,2022,258219.0,13153,200551
873,2022,258854.0,12117,248088
873,2022,259222.0,01073,61562
873,2022,259224.0,01073,83428
873,2022,259225.0,01073,161185
873,2022,259226.0,01117,53292
873,2022,259228.0,01117,78505
873,2022,259229.0,01073,0
873,2022,259693.0,12115,85866
873,2022,259695.0,12086,149582
873,2022,259696.0,12011,162054
873,2022,260774.0,12089,62972
873,2022,261321.0,12091,138382
873,2022,261396.0,01125,59430
873,2022,261722.0,13135,69747
873,2022,262374.0,45079,122877
873,2022,262375.0,45079,68400
873,2022,265737.0,13059,101051
873,2022,265738.0,13059,168854
873,2022,265739.0,13147,116650
873,2022,265741.0,13059,122135
873,2022,265745.0,13059,240748
873,2022,265823.0,13127,81262
873,2022,283802.0,13227,57781
873,2022,283804.0,13057,337133
873,2022,283805.0,13057,264867
873,2022,283806.0,13121,203272
873,2022,283807.0,13121,177546
873,2022,288949.0,47037,40534
873,2022,288950.0,47187,196610
873,2022,288951.0,47165,51637
873,2022,290425.0,12101,94910
873,2022,290426.0,12103,67762
873,2022,290940.0,12033,94186
873,2022,294957.0,01125,48777
873,2022,334459.0,45013,66259
873,2022,334460.0,45063,55493
873,2022,357169.0,01089,115794
873,2022,357424.0,45015,55524
873,2022,359747.0,01113,72474
873,2022,360057.0,13135,121187
873,2022,360058.0,13117,175664
873,2022,360506.0,13113,122788
873,2022,360604.0,12095,104407
873,2022,361343.0,12071,192463
873,2022,361469.0,13261,0
873,2022,361471.0,01073,76336
873,2022,361774.0,13313,118464
873,2022,362620.0,12015,134272
873,2022,362926.0,12011,79144
873,2022,363099.0,12099,175108
873,2022,364136.0,12103,69189
873,2022,364306.0,13043,113183
873,2022,365237.0,13067,118581
873,2022,365238.0,13121,387007
873,2022,365352.0,12113,50497
873,2022,365539.0,13215,71176
873,2022,365623.0,47037,25880
873,2022,366302.0,12081,52510
873,2022,418718.0,12053,51899
873,2022,419128.0,12009,137844
873,2022,419619.0,45019,0
873,2022,419751.0,01089,57278
873,2022,423008.0,12086,256423
873,2022,423492.0,13135,72775
873,2022,424734.0,01125,123582
873,2022,425155.0,12085,140670
873,2022,428134.0,12033,54462
873,2022,429522.0,13223,90778
873,2022,429729.0,12111,66755
873,2022,430466.0,47065,119770
873,2022,432098.0,13051,381343
873,2022,439425.0,12099,717901
873,2022,442372.0,12071,62898
873,2022,444096.0,12103,98373
873,2022,446265.0,12086,51069
873,2022,450327.0,12086,63917
873,2022,450331.0,12086,172326
873,2022,450393.0,12061,67487
873,2022,450832.0,13135,88758
873,2022,451781.0,12086,79753
873,2022,453006.0,12057,638101
873,2022,453007.0,13245,61251
873,2022,453009.0,13127,195224
873,2022,453324.0,13015,97187
873,2022,453414.0,13051,74110
873,2022,453624.0,13215,0
873,2022,454248.0,12057,31550
873,2022,456594.0,12081,93717
873,2022,457585.0,13247,376346
873,2022,457908.0,12101,51399
873,2022,458099.0,12115,56667
873,2022,458821.0,01089,116787
873,2022,461000.0,13219,53089
873,2022,461369.0,13031,143701
873,2022,461371.0,13051,72115
873,2022,462467.0,13073,254417
873,2022,463126.0,12115,88789
873,2022,464968.0,47149,18996
873,2022,466297.0,47065,25200
873,2022,467238.0,12031,72632
873,2022,468421.0,12103,121268
873,2022,468530.0,12073,52776
873,2022,469120.0,45079,81837
873,2022,469477.0,01003,105128
873,2022,469487.0,13121,235782
873,2022,470767.0,12101,35526
873,2022,470781.0,13097,90150
873,2022,472091.0,12127,109248
873,2022,472659.0,13117,55978
873,2022,476597.0,12095,155199
873,2022,478320.0,12113,54926
873,2022,479948.0,12031,365949
873,2022,480334.0,12099,52774
873,2022,483138.0,13177,283543
873,2022,483146.0,13089,82215
873,2022,489871.0,12099,67093
873,2022,491166.0,13127,90244
873,2022,493272.0,45019,57571
873,2022,497944.0,12086,421856
873,2022,511425.0,12099,40966
873,2022,512005.0,13215,85469
873,2022,512925.0,12071,50472
873,2022,521338.0,12021,188487
873,2022,521339.0,12021,417807
873,2022,526389.0,13039,95835
873,2022,569314.0,47037,209904
873,2022,573176.0,12115,296265
873,2022,577678.0,12031,76915
873,2022,580607.0,12011,207624
873,2022,581611.0,12099,35451
873,2022,591421.0,13067,5425164
873,2022,597609.0,13245,0
873,2022,602981.0,13275,0
873,2022,604845.0,13021,93112
873,2022,616800.0,12117,30049
873,2022,617347.0,12011,10503
873,2022,621540.0,13067,8672
873,2022,625247.0,12057,35135
873,2022,625381.0,12095,19970
873,2022,629148.0,13121,12671
873,2022,633007.0,12073,40218
873,2022,637875.0,12011,1435045
873,2022,641605.0,12099,117707
873,2022,641623.0,01097,34139
873,2022,646422.0,12011,96011
35583,2022,7799.0,37081,690703
35583,2022,15880.0,37151,225735
35583,2022,42478.0,47149,0
35583,2022,43502.0,37167,160643
35583,2022,47377.0,37057,227359
35583,2022,55597.0,51161,614314
35583,2022,57001.0,45051,323250
35583,2022,57788.0,37067,264056
35583,2022,61547.0,45019,507864
35583,2022,61926.0,37119,286057
35583,2022,82012.0,47037,9116630
35583,2022,226808.0,37081,88189
35583,2022,226809.0,37081,80586
35583,2022,226810.0,37081,0
35583,2022,226811.0,37081,55142
35583,2022,255208.0,37151,71665
35583,2022,276635.0,47003,94400
35583,2022,276637.0,47149,15802
35583,2022,276638.0,47149,67057
35583,2022,276639.0,47149,127202
35583,2022,276640.0,47149,93767
35583,2022,281400.0,37167,85719
35583,2022,289721.0,37151,103515
35583,2022,289722.0,37057,81171
35583,2022,290310.0,51161,86008
35583,2022,290311.0,51770,42257
35583,2022,290312.0,51775,100422
35583,2022,356490.0,47149,66704
35583,2022,358590.0,47189,200566
35583,2022,360320.0,37063,129541
35583,2022,360615.0,45051,39246
35583,2022,360670.0,47187,584498
35583,2022,361214.0,51770,22534
35583,2022,362594.0,47021,218868
35583,2022,362602.0,47189,44757
35583,2022,364149.0,45019,55986
35583,2022,364151.0,45019,42244
35583,2022,364509.0,51161,28788
35583,2022,418783.0,47037,454193
35583,2022,419007.0,37081,451384
35583,2022,419024.0,45051,43942
35583,2022,419236.0,47043,88359
35583,2022,419422.0,37081,0
35583,2022,419556.0,47149,59815
35583,2022,419806.0,47149,91775
35583,2022,423016.0,47187,503329
35583,2022,423106.0,47187,298094
35583,2022,429530.0,37097,208126
35583,2022,429964.0,45015,60016
35583,2022,431720.0,47037,579762
35583,2022,438932.0,47187,216100
35583,2022,440230.0,51161,21758
35583,2022,441936.0,45013,66655
35583,2022,442311.0,45015,29772
35583,2022,442943.0,45019,93530
35583,2022,443463.0,47165,269711
35583,2022,445631.0,45045,25414
35583,2022,447216.0,45083,84507
35583,2022,448965.0,37025,92007
35583,2022,448966.0,37159,76581
35583,2022,449793.0,47189,355338
35583,2022,449870.0,45019,43101
35583,2022,453047.0,37063,137638
35583,2022,453052.0,45035,23224
35583,2022,453832.0,37057,59483
35583,2022,454896.0,47065,1496710
35583,2022,461756.0,47037,194238
35583,2022,465213.0,47037,23851
35583,2022,466479.0,47093,1552736
35583,2022,466505.0,45019,59252
35583,2022,468142.0,37135,78096
35583,2022,468315.0,37001,86018
35583,2022,468534.0,45045,22963
35583,2022,473492.0,45045,209954
35583,2022,473709.0,47037,197271
35583,2022,479331.0,37067,24886
35583,2022,483140.0,37081,135046
35583,2022,492565.0,47157,56526
35583,2022,492566.0,47157,48637
35583,2022,493044.0,47037,631940
35583,2022,493434.0,37183,48121
35583,2022,493995.0,37081,36303
35583,2022,495652.0,37025,168521
35583,2022,498650.0,47093,103414
35583,2022,500165.0,47037,331197
35583,2022,500307.0,47093,233158
35583,2022,508305.0,47037,117340
35583,2022,518104.0,47157,46175
35583,2022,518772.0,37183,19449
35583,2022,521471.0,37119,532464
35583,2022,528022.0,37081,214578
35583,2022,539327.0,47093,85145
35583,2022,540733.0,47011,310590
35583,2022,540734.0,47001,191316
35583,2022,541044.0,45019,35266
35583,2022,541813.0,37021,62495
35583,2022,551268.0,37183,28669
35583,2022,557535.0,51161,34174
35583,2022,559631.0,45045,50533
35583,2022,563188.0,47093,74846
35583,2022,568565.0,37067,134187
35583,2022,573464.0,45077,58363
35583,2022,581995.0,37179,104098
35583,2022,585478.0,47009,205391
35583,2022,589565.0,47065,45161
35583,2022,590335.0,37183,510058
35583,2022,592414.0,47037,489886
35583,2022,592416.0,47157,2019833
35583,2022,596457.0,37119,101567
35583,2022,612658.0,47157,17977
35583,2022,618551.0,47065,30716
35583,2022,622026.0,13067,0
35583,2022,624952.0,13067,313893
35583,2022,625133.0,51019,22701
35583,2022,627167.0,47149,0
35583,2022,627633.0,47149,14877
35583,2022,627653.0,47165,0
35583,2022,628038.0,47157,51459
35583,2022,633282.0,13067,7320
35583,2022,633710.0,47165,51970
35583,2022,638331.0,01089,215594
35583,2022,641640.0,37119,153012
35583,2022,644882.0,47149,1194471
35583,2022,645967.0,47157,400
873,2023,152.0,13275,156445
873,2023,556.0,13215,3363425
873,2023,1139.0,01127,99165
873,2023,1390.0,45085,238020
873,2023,1834.0,01127,306810
873,2023,3858.0,12021,73739
873,2023,3889.0,13031,528570
873,2023,5793.0,01113,224076
873,2023,6435.0,13225,127307
873,2023,6441.0,13185,376194
873,2023,7450.0,13213,133612
873,2023,8776.0,13297,344785
873,2023,9925.0,13277,381082
873,2023,10088.0,13285,299426
873,2023,11077.0,45051,64168
873,2023,12618.0,12051,104862
873,2023,13448.0,01069,154722
873,2023,13972.0,13143,84344
873,2023,14341.0,13045,247085
873,2023,14388.0,13077,237766
873,2023,14390.0,12033,572163
873,2023,14409.0,13295,67376
873,2023,14656.0,01101,741487
873,2023,15103.0,13261,195351
873,2023,15122.0,12071,96852
873,2023,17550.0,01089,479506
873,2023,32715.0,12095,508454
873,2023,32828.0,13219,327348
873,2023,32917.0,01073,2276493
873,2023,35262.0,12015,110969
873,2023,35980.0,13113,200357
873,2023,36353.0,13067,213720
873,2023,38655.0,13097,279294
873,2023,38680.0,12089,94156
873,2023,39007.0,13129,362135
873,2023,39022.0,12091,201210
873,2023,39112.0,01125,389472
873,2023,39561.0,13089,266290
873,2023,39934.0,13067,206857
873,2023,40260.0,45083,170440
873,2023,40631.0,13115,305333
873,2023,41059.0,13059,580731
873,2023,42500.0,13153,147302
873,2023,44037.0,13121,633288
873,2023,45016.0,45019,594713
873,2023,47722.0,01073,48881
873,2023,61932.0,12111,89044
873,2023,80562.0,12127,147439
873,2023,181337.0,13275,149143
873,2023,186444.0,13215,275577
873,2023,186445.0,13215,135221
873,2023,186457.0,13215,214735
873,2023,186470.0,13215,143265
873,2023,186475.0,13215,120431
873,2023,186478.0,13053,50345
873,2023,186480.0,13215,72481
873,2023,191332.0,45079,845220
873,2023,191333.0,45027,99682
873,2023,191335.0,45061,99287
873,2023,191336.0,45079,97088
873,2023,191340.0,45085,186069
873,2023,191342.0,45035,30358
873,2023,191345.0,45063,112018
873,2023,191348.0,45055,88395
873,2023,191350.0,45013,47337
873,2023,191351.0,45063,77497
873,2023,191354.0,45045,36611
873,2023,191355.0,45045,228584
873,2023,191356.0,45041,88174
873,2023,191358.0,45051,105935
873,2023,191361.0,45019,93768
873,2023,191363.0,45019,27195
873,2023,194367.0,01127,56063
873,2023,207975.0,12015,109376
873,2023,208049.0,13031,100128
873,2023,221790.0,13185,62083
873,2023,221793.0,13185,76411
873,2023,224313.0,12091,239814
873,2023,224315.0,12091,95347
873,2023,224319.0,12091,94082
873,2023,230860.0,13297,150701
873,2023,235643.0,13285,108284
873,2023,238406.0,13045,132975
873,2023,238407.0,13045,47218
873,2023,238828.0,13143,89918
873,2023,239927.0,45051,245121
873,2023,246673.0,13217,251007
873,2023,246678.0,13151,58963
873,2023,249140.0,01031,305306
873,2023,249633.0,01045,109617
873,2023,250567.0,13095,30916
873,2023,250569.0,13095,111791
873,2023,251743.0,13077,70961
873,2023,251745.0,13077,64190
873,2023,251778.0,12033,52942
873,2023,252431.0,01101,88082
873,2023,252432.0,01001,45877
873,2023,253156.0,45015,164175
873,2023,253659.0,12073,114273
873,2023,253660.0,12073,130505
873,2023,255835.0,12103,131692
873,2023,255838.0,12103,118409
873,2023,255839.0,12103,131142
873,2023,256753.0,12033,116657
873,2023,256756.0,12113,69999
873,2023,258098.0,01089,266288
873,2023,258218.0,13153,160930
873,2023,258219.0,13153,186578
873,2023,258854.0,12117,280046
873,2023,259222.0,01073,55648
873,2023,259224.0,01073,81142
873,2023,259225.0,01073,151883
873,2023,259226.0,01117,50506
873,2023,259228.0,01117,64629
873,2023,259229.0,01073,0
873,2023,259693.0,12115,62110
873,2023,259695.0,12086,156190
873,2023,259696.0,12011,102131
873,2023,260774.0,12089,55951
873,2023,261321.0,12091,127521
873,2023,261396.0,01125,57244
873,2023,261722.0,13135,68236
873,2023,262374.0,45079,100710
873,2023,262375.0,45079,63416
873,2023,265737.0,13059,204362
873,2023,265738.0,13059,176122
873,2023,265739.0,13147,154949
873,2023,265745.0,13059,190000
873,2023,265823.0,13127,75832
873,2023,283802.0,13227,58498
873,2023,283804.0,13057,288203
873,2023,283805.0,13057,267938
873,2023,283806.0,13121,190033
873,2023,283807.0,13121,115267
873,2023,288949.0,47037,35757
873,2023,288950.0,47187,211320
873,2023,290425.0,12101,106576
873,2023,290426.0,12103,42325
873,2023,290940.0,12033,96624
873,2023,334459.0,45013,69466
873,2023,334460.0,45063,59923
873,2023,357169.0,01089,95304
873,2023,357424.0,45015,67176
873,2023,359747.0,01113,66711
873,2023,360057.0,13135,106533
873,2023,360058.0,13117,146882
873,2023,360506.0,13113,157139
873,2023,360604.0,12095,102744
873,2023,361343.0,12071,209109
873,2023,361469.0,13261,0
873,2023,361471.0,01073,75727
873,2023,361774.0,13313,90977
873,2023,362620.0,12015,142627
873,2023,362926.0,12011,71079
873,2023,363099.0,12099,103072
873,2023,364136.0,12103,51446
873,2023,364306.0,13043,128225
873,2023,365237.0,13067,113527
873,2023,365238.0,13121,340528
873,2023,365352.0,12113,52494
873,2023,365539.0,13215,78892
873,2023,366302.0,12081,39338
873,2023,419128.0,12009,127060
873,2023,419619.0,45019,0
873,2023,419751.0,01089,71196
873,2023,423008.0,12086,175704
873,2023,423492.0,13135,66719
873,2023,424734.0,01125,133692
873,2023,425155.0,12085,129513
873,2023,429522.0,13223,79227
873,2023,429729.0,12111,51831
873,2023,430466.0,47065,112798
873,2023,432098.0,13051,333801
873,2023,439425.0,12099,691084
873,2023,442372.0,12071,63172
873,2023,444096.0,12103,77987
873,2023,446265.0,12086,39591
873,2023,450327.0,12086,57684
873,2023,450331.0,12086,112948
873,2023,450393.0,12061,54662
873,2023,450832.0,13135,74319
873,2023,451781.0,12086,62772
873,2023,453006.0,12057,475434
873,2023,453007.0,13245,80197
873,2023,453009.0,13127,153563
873,2023,453324.0,13015,103105
873,2023,453414.0,13051,55292
873,2023,453624.0,13215,0
873,2023,454248.0,12057,32315
873,2023,456594.0,12081,70413
873,2023,457585.0,13247,214119
873,2023,457908.0,12101,44314
873,2023,458099.0,12115,49349
873,2023,461000.0,13219,54123
873,2023,461369.0,13031,105115
873,2023,461371.0,13051,55362
873,2023,462467.0,13073,259320
873,2023,463126.0,12115,77380
873,2023,467238.0,12031,69134
873,2023,468421.0,12103,144140
873,2023,468530.0,12073,47881
873,2023,469120.0,45079,65439
873,2023,469477.0,01003,37476
873,2023,469487.0,13121,151089
873,2023,470767.0,12101,28843
873,2023,470781.0,13097,77024
873,2023,472091.0,12127,96154
873,2023,472659.0,13117,64351
873,2023,476597.0,12095,145252
873,2023,478320.0,12113,58578
873,2023,479948.0,12031,471201
873,2023,480334.0,12099,42240
873,2023,483138.0,13177,247899
873,2023,483146.0,13089,84475
873,2023,489871.0,12099,49497
873,2023,491166.0,13127,65350
873,2023,493272.0,45019,56535
873,2023,497944.0,12086,372049
873,2023,511425.0,12099,47680
873,2023,512005.0,13215,125213
873,2023,512925.0,12071,68354
873,2023,521338.0,12021,150919
873,2023,521339.0,12021,416404
873,2023,526389.0,13039,93814
873,2023,569314.0,47037,207242
873,2023,573176.0,12115,215089
873,2023,577678.0,12031,62182
873,2023,580607.0,12011,93116
873,2023,581611.0,12099,34903
873,2023,591421.0,13067,9306440
873,2023,597609.0,13245,0
873,2023,602981.0,13275,0
873,2023,604845.0,13021,102387
873,2023,616800.0,12117,22141
873,2023,617347.0,12011,14724
873,2023,621540.0,13067,19291
873,2023,625247.0,12057,221512
873,2023,625381.0,12095,17729
873,2023,629148.0,13121,18008
873,2023,633007.0,12073,40766
873,2023,641605.0,12099,102111
873,2023,641623.0,01097,64625
873,2023,646422.0,12011,80691
873,2023,650171.0,13021,9828
873,2023,652190.0,12011,655355
873,2023,657708.0,12057,3021
35583,2023,7799.0,37081,687069
35583,2023,15880.0,37151,243565
35583,2023,42478.0,47149,0
35583,2023,43502.0,37167,169335
35583,2023,47377.0,37057,176231
35583,2023,55597.0,51161,586802
35583,2023,57001.0,45051,264702
35583,2023,57788.0,37067,354449
35583,2023,61547.0,45019,140465
35583,2023,61926.0,37119,271654
35583,2023,82012.0,47037,11221929
35583,2023,226808.0,37081,93964
35583,2023,226809.0,37081,86985
35583,2023,226810.0,37081,0
35583,2023,226811.0,37081,56673
35583,2023,255208.0,37151,86975
35583,2023,276635.0,47003,111256
35583,2023,276637.0,47149,11198
35583,2023,276638.0,47149,76173
35583,2023,276639.0,47149,132843
35583,2023,276640.0,47149,96027
35583,2023,281400.0,37167,87180
35583,2023,289721.0,37151,104917
35583,2023,289722.0,37057,104414
35583,2023,290310.0,51161,101440
35583,2023,290311.0,51770,37076
35583,2023,290312.0,51775,58682
35583,2023,356490.0,47149,70200
35583,2023,358590.0,47189,194796
35583,2023,360320.0,37063,135068
35583,2023,360615.0,45051,52781
35583,2023,360670.0,47187,619217
35583,2023,361214.0,51770,22345
35583,2023,362594.0,47021,260000
35583,2023,362602.0,47189,47461
35583,2023,364149.0,45019,55237
35583,2023,364151.0,45019,38248
35583,2023,364509.0,51161,33164
35583,2023,418783.0,47037,485107
35583,2023,419007.0,37081,382008
35583,2023,419024.0,45051,70817
35583,2023,419236.0,47043,97796
35583,2023,419422.0,37081,0
35583,2023,419556.0,47149,68576
35583,2023,419806.0,47149,93419
35583,2023,423016.0,47187,643287
35583,2023,423106.0,47187,340698
35583,2023,429530.0,37097,210235
35583,2023,429964.0,45015,81724
35583,2023,431720.0,47037,704689
35583,2023,438932.0,47187,253182
35583,2023,440230.0,51161,20924
35583,2023,441936.0,45013,66958
35583,2023,442311.0,45015,32142
35583,2023,442943.0,45019,123096
35583,2023,443463.0,47165,262789
35583,2023,445631.0,45045,32045
35583,2023,447216.0,45083,107707
35583,2023,448965.0,37025,96360
35583,2023,448966.0,37159,80019
35583,2023,449793.0,47189,360970
35583,2023,453047.0,37063,142642
35583,2023,453052.0,45035,26672
35583,2023,453832.0,37057,69141
35583,2023,454896.0,47065,1841168
35583,2023,461756.0,47037,184862
35583,2023,465213.0,47037,22758
35583,2023,466479.0,47093,1581467
35583,2023,466505.0,45019,63430
35583,2023,468142.0,37135,73413
35583,2023,468315.0,37001,110886
35583,2023,468534.0,45045,22082
35583,2023,473492.0,45045,196410
35583,2023,473709.0,47037,177474
35583,2023,479331.0,37067,36051
35583,2023,483140.0,37081,128775
35583,2023,492565.0,47157,69099
35583,2023,492566.0,47157,55570
35583,2023,493044.0,47037,600200
35583,2023,493434.0,37183,60890
35583,2023,493995.0,37081,45996
35583,2023,495652.0,37025,187876
35583,2023,498650.0,47093,114931
35583,2023,500165.0,47037,337310
35583,2023,500307.0,47093,246964
35583,2023,508305.0,47037,132281
35583,2023,518104.0,47157,62409
35583,2023,518772.0,37183,31546
35583,2023,521471.0,37119,584332
35583,2023,528022.0,37081,185673
35583,2023,539327.0,47093,96915
35583,2023,540733.0,47011,389341
35583,2023,540734.0,47001,187873
35583,2023,541044.0,45019,43107
35583,2023,541813.0,37021,56359
35583,2023,551268.0,37183,30325
35583,2023,557535.0,51161,40613
35583,2023,559631.0,45045,46095
35583,2023,563188.0,47093,75172
35583,2023,568565.0,37067,157578
35583,2023,573464.0,45077,69411
35583,2023,581995.0,37179,96475
35583,2023,585478.0,47009,231375
35583,2023,589565.0,47065,55465
35583,2023,590335.0,37183,469133
35583,2023,592414.0,47037,457766
35583,2023,592416.0,47157,2072781
35583,2023,596457.0,37119,132761
35583,2023,612658.0,47157,57816
35583,2023,618551.0,47065,41660
35583,2023,622026.0,13067,0
35583,2023,624952.0,13067,477838
35583,2023,625133.0,51019,60304
35583,2023,627167.0,47149,0
35583,2023,627633.0,47149,24943
35583,2023,627653.0,47165,0
35583,2023,628038.0,47157,66962
35583,2023,633282.0,13067,14147
35583,2023,633710.0,47165,210688
35583,2023,641640.0,37119,99842
35583,2023,644882.0,47149,1304106
35583,2023,645967.0,47157,2392
35583,2023,650214.0,01089,301234
35583,2023,650752.0,51059,637675
35583,2023,651862.0,01073,250990
35583,2023,652406.0,47037,451
35583,2023,653566.0,13121,42293
35583,2023,655276.0,37183,87475
35583,2023,656356.0,45019,581107
35583,2023,656983.0,21227,72399
873,2024,152.0,13275,152449
873,2024,556.0,13215,3749239
873,2024,1139.0,01127,105626
873,2024,1390.0,45085,203552
873,2024,1834.0,01127,295067
873,2024,3858.0,12021,88563
873,2024,3889.0,13031,567993
873,2024,5793.0,01113,247599
873,2024,6435.0,13225,133813
873,2024,6441.0,13185,401310
873,2024,7450.0,13213,137216
873,2024,8776.0,13297,465464
873,2024,9925.0,13277,414018
873,2024,10088.0,13285,301422
873,2024,11077.0,45051,64629
873,2024,12618.0,12051,108299
873,2024,13448.0,01069,148190
873,2024,13972.0,13143,100765
873,2024,14341.0,13045,288101
873,2024,14388.0,13077,241144
873,2024,14390.0,12033,644576
873,2024,14409.0,13295,69349
873,2024,14656.0,01101,762919
873,2024,15103.0,13261,200842
873,2024,15122.0,12071,99425
873,2024,17550.0,01089,472456
873,2024,32715.0,12095,520064
873,2024,32828.0,13219,230169
873,2024,32917.0,01073,2339613
873,2024,35262.0,12015,104874
873,2024,35980.0,13113,220914
873,2024,36353.0,13067,160121
873,2024,38655.0,13097,253220
873,2024,38680.0,12089,97986
873,2024,39007.0,13129,369104
873,2024,39022.0,12091,231283
873,2024,39112.0,01125,405165
873,2024,39561.0,13089,258745
873,2024,39934.0,13067,204774
873,2024,40260.0,45083,164920
873,2024,40631.0,13115,286787
873,2024,41059.0,13059,625428
873,2024,42500.0,13153,152525
873,2024,44037.0,13121,597274
873,2024,45016.0,45019,514540
873,2024,47722.0,01073,44485
873,2024,61932.0,12111,89914
873,2024,80562.0,12127,147928
873,2024,181337.0,13275,136081
873,2024,186444.0,13215,270702
873,2024,186445.0,13215,122649
873,2024,186457.0,13215,230067
873,2024,186470.0,13215,136901
873,2024,186475.0,13215,147858
873,2024,186478.0,13053,46166
873,2024,186480.0,13215,72443
873,2024,191332.0,45079,907113
873,2024,191333.0,45027,105934
873,2024,191335.0,45061,101906
873,2024,191336.0,45079,102328
873,2024,191340.0,45085,188072
873,2024,191342.0,45035,30079
873,2024,191345.0,45063,103052
873,2024,191348.0,45055,98114
873,2024,191350.0,45013,51221
873,2024,191351.0,45063,84943
873,2024,191354.0,45045,33762
873,2024,191355.0,45045,264188
873,2024,191356.0,45041,104182
873,2024,191358.0,45051,135393
873,2024,191361.0,45019,149967
873,2024,191363.0,45019,32996
873,2024,194367.0,01127,64926
873,2024,207975.0,12015,87881
873,2024,208049.0,13031,110799
873,2024,221790.0,13185,68304
873,2024,221793.0,13185,75477
873,2024,224313.0,12091,317748
873,2024,224315.0,12091,108381
873,2024,224319.0,12091,89398
873,2024,230860.0,13297,156865
873,2024,235643.0,13285,113536
873,2024,238406.0,13045,138738
873,2024,238407.0,13045,51923
873,2024,238828.0,13143,92818
873,2024,239927.0,45051,245967
873,2024,246673.0,13217,238035
873,2024,246678.0,13151,56114
873,2024,249140.0,01031,297682
873,2024,249633.0,01045,107659
873,2024,250567.0,13095,0
873,2024,250569.0,13095,147275
873,2024,251743.0,13077,70523
873,2024,251745.0,13077,62317
873,2024,251778.0,12033,49659
873,2024,252431.0,01101,99619
873,2024,252432.0,01001,44939
873,2024,253156.0,45015,166072
873,2024,253659.0,12073,131408
873,2024,253660.0,12073,136388
873,2024,255835.0,12103,123242
873,2024,255838.0,12103,116735
873,2024,255839.0,12103,127045
873,2024,256753.0,12033,120839
873,2024,256756.0,12113,66578
873,2024,258098.0,01089,323144
873,2024,258218.0,13153,149174
873,2024,258219.0,13153,203334
873,2024,258854.0,12117,249337
873,2024,259222.0,01073,53582
873,2024,259224.0,01073,92869
873,2024,259225.0,01073,149296
873,2024,259226.0,01117,52249
873,2024,259228.0,01117,64560
873,2024,259229.0,01073,0
873,2024,259693.0,12115,47679
873,2024,259695.0,12086,111768
873,2024,259696.0,12011,94318
873,2024,260774.0,12089,61008
873,2024,261321.0,12091,143198
873,2024,261396.0,01125,59419
873,2024,261722.0,13135,68979
873,2024,262374.0,45079,89395
873,2024,262375.0,45079,56695
873,2024,265737.0,13059,174007
873,2024,265738.0,13059,180315
873,2024,265739.0,13147,164020
873,2024,265745.0,13059,178798
873,2024,265823.0,13127,79551
873,2024,283802.0,13227,60435
873,2024,283804.0,13057,302048
873,2024,283805.0,13057,269686
873,2024,283806.0,13121,161000
873,2024,283807.0,13121,99972
873,2024,288949.0,47037,39280
873,2024,288950.0,47187,221735
873,2024,290425.0,12101,78201
873,2024,290426.0,12103,143577
873,2024,290940.0,12033,108188
873,2024,334459.0,45013,65666
873,2024,334460.0,45063,57853
873,2024,357169.0,01089,100372
873,2024,357424.0,45015,53708
873,2024,359747.0,01113,69230
873,2024,360057.0,13135,107007
873,2024,360058.0,13117,152906
873,2024,360506.0,13113,120641
873,2024,360604.0,12095,124576
873,2024,361343.0,12071,193989
873,2024,361469.0,13261,0
873,2024,361471.0,01073,86258
873,2024,361774.0,13313,115871
873,2024,362620.0,12015,134854
873,2024,362926.0,12011,70028
873,2024,363099.0,12099,66267
873,2024,364136.0,12103,48601
873,2024,364306.0,13043,123292
873,2024,365237.0,13067,206385
873,2024,365238.0,13121,294466
873,2024,365352.0,12113,61051
873,2024,365539.0,13215,87427
873,2024,366302.0,12081,39931
873,2024,419128.0,12009,101254
873,2024,419619.0,45019,0
873,2024,419751.0,01089,61962
873,2024,423008.0,12086,140010
873,2024,423492.0,13135,67547
873,2024,424734.0,01125,94683
873,2024,425155.0,12085,149337
873,2024,429522.0,13223,68940
873,2024,429729.0,12111,58062
873,2024,430466.0,47065,116555
873,2024,432098.0,13051,348624
873,2024,439425.0,12099,466933
873,2024,442372.0,12071,54181
873,2024,444096.0,12103,83627
873,2024,446265.0,12086,45928
873,2024,450327.0,12086,53483
873,2024,450331.0,12086,93210
873,2024,450393.0,12061,54949
873,2024,450832.0,13135,98817
873,2024,451781.0,12086,69378
873,2024,453006.0,12057,485559
873,2024,453007.0,13245,82086
873,2024,453009.0,13127,157354
873,2024,453324.0,13015,119784
873,2024,453414.0,13051,55546
873,2024,453624.0,13215,0
873,2024,454248.0,12057,27942
873,2024,456594.0,12081,60401
873,2024,457585.0,13247,202989
873,2024,457908.0,12101,97788
873,2024,458099.0,12115,57138
873,2024,461000.0,13219,59513
873,2024,461369.0,13031,115046
873,2024,461371.0,13051,44951
873,2024,462467.0,13073,257417
873,2024,463126.0,12115,66681
873,2024,467238.0,12031,58103
873,2024,468421.0,12103,157915
873,2024,468530.0,12073,52821
873,2024,469120.0,45079,67273
873,2024,469477.0,01003,44103
873,2024,469487.0,13121,141454
873,2024,470767.0,12101,34578
873,2024,470781.0,13097,62837
873,2024,472091.0,12127,101607
873,2024,472659.0,13117,60215
873,2024,476597.0,12095,171731
873,2024,478320.0,12113,61102
873,2024,479948.0,12031,454529
873,2024,480334.0,12099,41846
873,2024,483138.0,13177,275177
873,2024,483146.0,13089,96618
873,2024,489871.0,12099,44045
873,2024,491166.0,13127,53620
873,2024,493272.0,45019,61251
873,2024,497944.0,12086,272784
873,2024,511425.0,12099,46054
873,2024,512005.0,13215,118943
873,2024,512925.0,12071,62977
873,2024,521338.0,12021,142746
873,2024,521339.0,12021,365384
873,2024,526389.0,13039,89485
873,2024,569314.0,47037,201281
873,2024,573176.0,12115,219324
873,2024,577678.0,12031,76680
873,2024,580607.0,12011,82499
873,2024,581611.0,12099,38838
873,2024,591421.0,13067,8384403
873,2024,597609.0,13245,0
873,2024,602981.0,13275,0
873,2024,604845.0,13021,85471
873,2024,616800.0,12117,26055
873,2024,617347.0,12011,17908
873,2024,621540.0,13067,25850
873,2024,625247.0,12057,316939
873,2024,625381.0,12095,33159
873,2024,629148.0,13121,25523
873,2024,633007.0,12073,42275
873,2024,641605.0,12099,108326
873,2024,641623.0,01097,80643
873,2024,646422.0,12011,83296
873,2024,650171.0,13021,24648
873,2024,652190.0,12011,854215
873,2024,657708.0,12057,24630
873,2024,665624.0,01073,5
35583,2024,7799.0,37081,704770
35583,2024,15880.0,37151,224340
35583,2024,42478.0,47149,0
35583,2024,43502.0,37167,162145
35583,2024,47377.0,37057,258773
35583,2024,55597.0,51161,527701
35583,2024,57001.0,45051,292684
35583,2024,57788.0,37067,434462
35583,2024,61547.0,45019,153295
35583,2024,61926.0,37119,300826
35583,2024,82012.0,47037,12355301
35583,2024,226808.0,37081,87129
35583,2024,226809.0,37081,79348
35583,2024,226810.0,37081,0
35583,2024,226811.0,37081,45626
35583,2024,255208.0,37151,90158
35583,2024,276635.0,47003,117896
35583,2024,276637.0,47149,11314
35583,2024,276638.0,47149,81563
35583,2024,276639.0,47149,137105
35583,2024,276640.0,47149,97962
35583,2024,281400.0,37167,91338
35583,2024,289721.0,37151,105981
35583,2024,289722.0,37057,183664
35583,2024,290310.0,51161,69722
35583,2024,290311.0,51770,38045
35583,2024,290312.0,51775,51513
35583,2024,356490.0,47149,68105
35583,2024,358590.0,47189,193447
35583,2024,360320.0,37063,116871
35583,2024,360615.0,45051,50757
35583,2024,360670.0,47187,684064
35583,2024,361214.0,51770,20740
35583,2024,362594.0,47021,242611
35583,2024,362602.0,47189,46362
35583,2024,364149.0,45019,53637
35583,2024,364151.0,45019,33333
35583,2024,364509.0,51161,29782
35583,2024,418783.0,47037,535631
35583,2024,419007.0,37081,430951
35583,2024,419024.0,45051,96918
35583,2024,419236.0,47043,106890
35583,2024,419422.0,37081,0
35583,2024,419556.0,47149,67101
35583,2024,419806.0,47149,91025
35583,2024,423016.0,47187,754902
35583,2024,423106.0,47187,323414
35583,2024,429530.0,37097,196839
35583,2024,429964.0,45015,103009
35583,2024,431720.0,47037,647110
35583,2024,438932.0,47187,252135
35583,2024,440230.0,51161,19704
35583,2024,441936.0,45013,71818
35583,2024,442311.0,45015,31027
35583,2024,442943.0,45019,108090
35583,2024,443463.0,47165,257949
35583,2024,445631.0,45045,29185
35583,2024,447216.0,45083,117064
35583,2024,448965.0,37025,94231
35583,2024,448966.0,37159,93324
35583,2024,449793.0,47189,349162
35583,2024,453047.0,37063,135246
35583,2024,453052.0,45035,30153
35583,2024,453832.0,37057,64676
35583,2024,454896.0,47065,2093597
35583,2024,461756.0,47037,194571
35583,2024,465213.0,47037,20353
35583,2024,466479.0,47093,1788898
35583,2024,466505.0,45019,65425
35583,2024,468142.0,37135,71085
35583,2024,468315.0,37001,132065
35583,2024,468534.0,45045,16965
35583,2024,473492.0,45045,240680
35583,2024,473709.0,47037,174071
35583,2024,479331.0,37067,38159
35583,2024,483140.0,37081,126260
35583,2024,492565.0,47157,67790
35583,2024,492566.0,47157,56161
35583,2024,493044.0,47037,165524
35583,2024,493434.0,37183,58158
35583,2024,493995.0,37081,50049
35583,2024,495652.0,37025,212608
35583,2024,498650.0,47093,118579
35583,2024,500165.0,47037,102885
35583,2024,500307.0,47093,301062
35583,2024,508305.0,47037,134078
35583,2024,518104.0,47157,60347
35583,2024,518772.0,37183,48956
35583,2024,521471.0,37119,668731
35583,2024,528022.0,37081,93094
35583,2024,539327.0,47093,96260
35583,2024,540733.0,47011,490779
35583,2024,540734.0,47001,230588
35583,2024,541044.0,45019,44607
35583,2024,541813.0,37021,54490
35583,2024,551268.0,37183,32901
35583,2024,557535.0,51161,43881
35583,2024,559631.0,45045,47630
35583,2024,563188.0,47093,77756
35583,2024,568565.0,37067,40836
35583,2024,573464.0,45077,67937
35583,2024,581995.0,37179,112751
35583,2024,585478.0,47009,241462
35583,2024,589565.0,47065,55185
35583,2024,590335.0,37183,470726
35583,2024,592414.0,47037,9363
35583,2024,592416.0,47157,2047872
35583,2024,596457.0,37119,186141
35583,2024,612658.0,47157,35538
35583,2024,618551.0,47065,48374
35583,2024,622026.0,13067,0
35583,2024,624952.0,13067,701666
35583,2024,625133.0,51019,0
35583,2024,627167.0,47149,0
35583,2024,627633.0,47149,35065
35583,2024,627653.0,47165,0
35583,2024,628038.0,47157,73174
35583,2024,633282.0,13067,22040
35583,2024,633710.0,47165,177373
35583,2024,641640.0,37119,124587
35583,2024,644882.0,47149,1390144
35583,2024,645967.0,47157,2186
35583,2024,650214.0,01089,346746
35583,2024,650752.0,51059,992599
35583,2024,651862.0,01073,321269
35583,2024,652406.0,47037,350
35583,2024,653566.0,13121,22862
35583,2024,655276.0,37183,30065
35583,2024,656356.0,45019,494639
35583,2024,656983.0,21227,146165
35583,2024,661607.0,47037,1456
35583,2024,662241.0,51019,83408
35583,2024,663157.0,24031,1569
35583,2024,663731.0,01083,1047
35583,2024,665208.0,01073,923
35583,2024,665339.0,12031,28353
35583,2024,665340.0,12109,460
35583,2024,665363.0,24027,85665
35583,2024,665366.0,37183,51751
35583,2024,665472.0,21111,48560
35583,2024,665618.0,51013,906
873,2025,152.0,13275,166725
873,2025,556.0,13215,0
873,2025,1139.0,01127,108373
873,2025,1390.0,45085,200938
873,2025,1834.0,01127,294990
873,2025,3858.0,12021,80248
873,2025,3889.0,13031,574478
873,2025,5793.0,01113,276720
873,2025,6435.0,13225,149984
873,2025,6441.0,13185,390910
873,2025,7450.0,13213,133711
873,2025,8776.0,13297,479469
873,2025,9925.0,13277,410265
873,2025,10088.0,13285,318556
873,2025,11077.0,45051,59062
873,2025,12618.0,12051,99853
873,2025,13448.0,01069,189383
873,2025,13972.0,13143,95819
873,2025,14341.0,13045,247621
873,2025,14388.0,13077,243549
873,2025,14390.0,12033,599557
873,2025,14409.0,13295,68349
873,2025,14656.0,01101,747988
873,2025,15103.0,13261,190396
873,2025,15122.0,12071,90665
873,2025,17550.0,01089,513661
873,2025,32715.0,12095,564325
873,2025,32828.0,13219,225216
873,2025,32917.0,01073,2639681
873,2025,35262.0,12015,87976
873,2025,35980.0,13113,219204
873,2025,36353.0,13067,146886
873,2025,38655.0,13097,252818
873,2025,38680.0,12089,97622
873,2025,39007.0,13129,341389
873,2025,39022.0,12091,241920
873,2025,39112.0,01125,402650
873,2025,39561.0,13089,259406
873,2025,39934.0,13067,189205
873,2025,40260.0,45083,161169
873,2025,40631.0,13115,274118
873,2025,41059.0,13059,626032
873,2025,42500.0,13153,173768
873,2025,44037.0,13121,675554
873,2025,45016.0,45019,501029
873,2025,47722.0,01073,44960
873,2025,61932.0,12111,87186
873,2025,80562.0,12127,131042
873,2025,181337.0,13275,136288
873,2025,186444.0,13215,255641
873,2025,186457.0,13215,245412
873,2025,186470.0,13215,137965
873,2025,186475.0,13215,154859
873,2025,186478.0,13053,46494
873,2025,186480.0,13215,68958
873,2025,191332.0,45079,913873
873,2025,191333.0,45027,111499
873,2025,191335.0,45061,112271
873,2025,191336.0,45079,104298
873,2025,191340.0,45085,190053
873,2025,191342.0,45035,27609
873,2025,191345.0,45063,120230
873,2025,191348.0,45055,109073
873,2025,191350.0,45013,49600
873,2025,191351.0,45063,90445
873,2025,191354.0,45045,33504
873,2025,191355.0,45045,256341
873,2025,191356.0,45041,95887
873,2025,191358.0,45051,111451
873,2025,191361.0,45019,91750
873,2025,191363.0,45019,30058
873,2025,194367.0,01127,66802
873,2025,207975.0,12015,71475
873,2025,208049.0,13031,110855
873,2025,221790.0,13185,76213
873,2025,221793.0,13185,89206
873,2025,224313.0,12091,250863
873,2025,224315.0,12091,104035
873,2025,224319.0,12091,81299
873,2025,230860.0,13297,147668
873,2025,235643.0,13285,109412
873,2025,238406.0,13045,141622
873,2025,238407.0,13045,55430
873,2025,238828.0,13143,96490
873,2025,239927.0,45051,228427
873,2025,246673.0,13217,227783
873,2025,246678.0,13151,52846
873,2025,249140.0,01031,308270
873,2025,249633.0,01045,113704
873,2025,250567.0,13095,0
873,2025,250569.0,13095,147504
873,2025,251743.0,13077,63079
873,2025,251745.0,13077,59202
873,2025,251778.0,12033,55559
873,2025,252431.0,01101,94162
873,2025,252432.0,01001,39675
873,2025,253156.0,45015,165921
873,2025,253659.0,12073,121379
873,2025,253660.0,12073,147617
873,2025,255835.0,12103,118348
873,2025,255838.0,12103,101898
873,2025,255839.0,12103,99750
873,2025,256753.0,12033,120253
873,2025,256756.0,12113,84436
873,2025,258098.0,01089,326222
873,2025,258218.0,13153,147389
873,2025,258219.0,13153,225664
873,2025,258854.0,12117,215446
873,2025,259222.0,01073,46254
873,2025,259224.0,01073,88650
873,2025,259225.0,01073,143269
873,2025,259226.0,01117,49580
873,2025,259228.0,01117,61852
873,2025,259229.0,01073,0
873,2025,259693.0,12115,42652
873,2025,259695.0,12086,127829
873,2025,259696.0,12011,100370
873,2025,260774.0,12089,58932
873,2025,261321.0,12091,128408
873,2025,261396.0,01125,61588
873,2025,261722.0,13135,62404
873,2025,262374.0,45079,93455
873,2025,262375.0,45079,51606
873,2025,265737.0,13059,174513
873,2025,265738.0,13059,178766
873,2025,265739.0,13147,156021
873,2025,265745.0,13059,146545
873,2025,265823.0,13127,70701
873,2025,283802.0,13227,57192
873,2025,283804.0,13057,331656
873,2025,283805.0,13057,283335
873,2025,283806.0,13121,162995
873,2025,283807.0,13121,92107
873,2025,288949.0,47037,37325
873,2025,288950.0,47187,46520
873,2025,290425.0,12101,73119
873,2025,290426.0,12103,154490
873,2025,290940.0,12033,107171
873,2025,334459.0,45013,54601
873,2025,334460.0,45063,60720
873,2025,357169.0,01089,92061
873,2025,357424.0,45015,46405
873,2025,359747.0,01113,72853
873,2025,360057.0,13135,110876
873,2025,360058.0,13117,136791
873,2025,360506.0,13113,101910
873,2025,360604.0,12095,98003
873,2025,361343.0,12071,196647
873,2025,361469.0,13261,0
873,2025,361471.0,01073,80164
873,2025,361774.0,13313,121315
873,2025,362620.0,12015,121161
873,2025,362926.0,12011,82466
873,2025,363099.0,12099,51580
873,2025,364136.0,12103,41810
873,2025,364306.0,13043,122400
873,2025,365237.0,13067,206409
873,2025,365238.0,13121,295493
873,2025,365352.0,12113,64380
873,2025,365539.0,13215,104244
873,2025,366302.0,12081,34235
873,2025,419128.0,12009,81298
873,2025,419619.0,45019,0
873,2025,419751.0,01089,55318
873,2025,423008.0,12086,188663
873,2025,423492.0,13135,52516
873,2025,424734.0,01125,89075
873,2025,425155.0,12085,144710
873,2025,429522.0,13223,68036
873,2025,429729.0,12111,50048
873,2025,430466.0,47065,100349
873,2025,432098.0,13051,354014
873,2025,439425.0,12099,485775
873,2025,442372.0,12071,42875
873,2025,444096.0,12103,81278
873,2025,446265.0,12086,47509
873,2025,450331.0,12086,115385
873,2025,450393.0,12061,46162
873,2025,450832.0,13135,85602
873,2025,451781.0,12086,58671
873,2025,453006.0,12057,940449
873,2025,453007.0,13245,77216
873,2025,453009.0,13127,146968
873,2025,453324.0,13015,127565
873,2025,453414.0,13051,48950
873,2025,453624.0,13215,0
873,2025,454248.0,12057,31151
873,2025,456594.0,12081,62324
873,2025,457585.0,13247,166997
873,2025,457908.0,12101,74412
873,2025,458099.0,12115,42232
873,2025,461000.0,13219,49838
873,2025,461369.0,13031,124185
873,2025,461371.0,13051,49866
873,2025,462467.0,13073,257406
873,2025,463126.0,12115,55697
873,2025,467238.0,12031,55351
873,2025,468421.0,12103,147314
873,2025,468530.0,12073,42236
873,2025,469120.0,45079,64850
873,2025,469477.0,01003,35278
873,2025,469487.0,13121,155333
873,2025,470767.0,12101,32372
873,2025,470781.0,13097,57945
873,2025,472091.0,12127,88316
873,2025,472659.0,13117,51473
873,2025,476597.0,12095,193099
873,2025,478320.0,12113,55560
873,2025,479948.0,12031,438250
873,2025,483138.0,13177,203867
873,2025,483146.0,13089,81030
873,2025,489871.0,12099,36627
873,2025,491166.0,13127,51899
873,2025,493272.0,45019,62443
873,2025,497944.0,12086,282463
873,2025,511425.0,12099,43989
873,2025,512005.0,13215,115405
873,2025,512925.0,12071,53499
873,2025,521338.0,12021,135285
873,2025,521339.0,12021,353775
873,2025,526389.0,13039,87901
873,2025,569314.0,47037,201457
873,2025,573176.0,12115,204158
873,2025,577678.0,12031,77457
873,2025,580607.0,12011,85520
873,2025,581611.0,12099,32036
873,2025,591421.0,13067,7888503
873,2025,602981.0,13275,0
873,2025,604845.0,13021,105385
873,2025,616800.0,12117,26658
873,2025,617347.0,12011,17162
873,2025,621540.0,13067,26674
873,2025,625247.0,12057,364089
873,2025,625381.0,12095,24222
873,2025,629148.0,13121,13855
873,2025,633007.0,12073,40251
873,2025,641605.0,12099,106519
873,2025,641623.0,01097,73519
873,2025,646422.0,12011,74734
873,2025,650171.0,13021,23847
873,2025,652190.0,12011,1019310
873,2025,657708.0,12057,96687
873,2025,665624.0,01073,638
873,2025,672980.0,13215,4221214
873,2025,677127.0,13215,0
35583,2025,7799.0,37081,718382
35583,2025,15880.0,37151,225572
35583,2025,42478.0,47149,0
35583,2025,43502.0,37167,140646
35583,2025,47377.0,37057,270995
35583,2025,55597.0,51770,638689
35583,2025,57001.0,45051,320648
35583,2025,57788.0,37067,505334
35583,2025,61547.0,45019,171937
35583,2025,61926.0,37119,323438
35583,2025,82012.0,47037,0
35583,2025,226808.0,37081,85164
35583,2025,226809.0,37081,76806
35583,2025,226810.0,37081,0
35583,2025,226811.0,37081,45802
35583,2025,255208.0,37151,91449
35583,2025,276635.0,47003,172443
35583,2025,276637.0,47149,13434
35583,2025,276638.0,47149,79984
35583,2025,276639.0,47149,139893
35583,2025,276640.0,47149,97271
35583,2025,281400.0,37167,94289
35583,2025,289721.0,37151,123611
35583,2025,289722.0,37057,176820
35583,2025,290310.0,51161,66474
35583,2025,290311.0,51770,56099
35583,2025,290312.0,51775,46114
35583,2025,356490.0,47149,70773
35583,2025,358590.0,47189,193484
35583,2025,360320.0,37037,125665
35583,2025,360615.0,45051,43175
35583,2025,360670.0,47187,698127
35583,2025,361214.0,51770,21670
35583,2025,362594.0,47021,250373
35583,2025,362602.0,47189,51460
35583,2025,364149.0,45019,49569
35583,2025,364151.0,45019,30746
35583,2025,364509.0,51161,26757
35583,2025,418783.0,47037,519577
35583,2025,419007.0,37081,491340
35583,2025,419024.0,45051,112609
35583,2025,419236.0,47043,101750
35583,2025,419422.0,37081,0
35583,2025,419556.0,47149,54867
35583,2025,419806.0,47149,102020
35583,2025,423016.0,47187,927652
35583,2025,423106.0,47187,327267
35583,2025,429530.0,37097,252503
35583,2025,429964.0,45035,103788
35583,2025,431720.0,47037,408845
35583,2025,438932.0,47187,263020
35583,2025,440230.0,51770,88
35583,2025,441936.0,45013,63487
35583,2025,442311.0,45015,27074
35583,2025,442943.0,45019,116747
35583,2025,443463.0,47165,270838
35583,2025,445631.0,45045,28686
35583,2025,447216.0,45083,119184
35583,2025,448965.0,37025,87600
35583,2025,448966.0,37159,87735
35583,2025,449793.0,47189,334490
35583,2025,453047.0,37063,130725
35583,2025,453052.0,45035,18740
35583,2025,453832.0,37057,70553
35583,2025,454896.0,47065,2242556
35583,2025,461756.0,47037,199829
35583,2025,465213.0,47037,13659117
35583,2025,466479.0,47093,2243706
35583,2025,466505.0,45019,67256
35583,2025,468142.0,37135,69379
35583,2025,468315.0,37001,143305
35583,2025,468534.0,45045,17632
35583,2025,473492.0,45045,232807
35583,2025,473709.0,47037,169959
35583,2025,479331.0,37067,43849
35583,2025,483140.0,37081,132144
35583,2025,492565.0,47157,73793
35583,2025,492566.0,47157,57591
35583,2025,493044.0,47037,180146
35583,2025,493434.0,37183,55835
35583,2025,493995.0,37081,43780
35583,2025,495652.0,37025,0
35583,2025,498650.0,47093,128064
35583,2025,500165.0,47037,116632
35583,2025,500307.0,47093,341420
35583,2025,508305.0,47037,159333
35583,2025,518104.0,47157,61780
35583,2025,518772.0,37183,42604
35583,2025,521471.0,37119,593580
35583,2025,528022.0,37081,110765
35583,2025,539327.0,47093,79979
35583,2025,540733.0,47011,512307
35583,2025,540734.0,47001,262759
35583,2025,541044.0,45019,43582
35583,2025,541813.0,37021,62425
35583,2025,551268.0,37183,29243
35583,2025,557535.0,51161,34867
35583,2025,559631.0,45045,59015
35583,2025,563188.0,47093,56037
35583,2025,568565.0,37067,42970
35583,2025,573464.0,45077,63058
35583,2025,581995.0,37179,138794
35583,2025,585478.0,47009,251856
35583,2025,589565.0,47065,58885
35583,2025,590335.0,37183,671946
35583,2025,592414.0,47037,13613
35583,2025,592416.0,47157,2101174
35583,2025,596457.0,37119,194007
35583,2025,612658.0,47157,29783
35583,2025,618551.0,47065,49137
35583,2025,622026.0,13067,0
35583,2025,624952.0,13067,974474
35583,2025,625133.0,51680,0
35583,2025,627167.0,47149,0
35583,2025,627633.0,47149,34462
35583,2025,628038.0,47157,122945
35583,2025,633282.0,13121,18358
35583,2025,633710.0,47165,245942
35583,2025,641640.0,37119,170249
35583,2025,644882.0,47149,1644622
35583,2025,645967.0,47157,21068
35583,2025,650214.0,01089,451823
35583,2025,650752.0,51059,2140358
35583,2025,651862.0,01073,482452
35583,2025,652406.0,47037,6101
35583,2025,653566.0,13121,55978
35583,2025,655276.0,37183,52782
35583,2025,656356.0,45019,611454
35583,2025,656983.0,21227,172876
35583,2025,661607.0,47037,6771
35583,2025,662241.0,51019,85498
35583,2025,663157.0,24031,4820
35583,2025,663731.0,01083,72714
35583,2025,665208.0,01073,2744
35583,2025,665339.0,12031,76748
35583,2025,665340.0,12109,34
35583,2025,665363.0,24027,55524
35583,2025,665366.0,37183,75916
35583,2025,665472.0,21111,262666
35583,2025,665618.0,51013,46163
35583,2025,667643.0,37119,227
35583,2025,670807.0,13121,11439
35583,2025,674938.0,13135,998
35583,2025,675163.0,37025,137720
35583,2025,675291.0,47037,612
