"ACQDATE","ADDRESS","ADDRESS2","BKCLASS","CBSA","CBSA_DIV","CBSA_DIV_FLG","CBSA_DIV_NO","CBSA_METRO","CBSA_METRO_FLG","CBSA_MICRO_FLG","CBSA_NO","CERT","CITY","COUNTY","CSA","CSA_FLG","CSA_NO","ESTYMD","FI_UNINUM","ID","LATITUDE","LONGITUDE","MAINOFF","MDI_STATUS_CODE","MDI_STATUS_DESC","NAME","OFFNAME","OFFNUM","RUNDATE","SERVTYPE","SERVTYPE_DESC","STALP","STCNTY","STNAME","UNINUM","ZIP","CBSA_METRO_NAME"
"01/02/2026","200 N Greenwood St","","SM","LaGrange, GA-AL","","0","","0","0","1","29300","35583","Lagrange","Troup","Atlanta-Athens-Clarke County-Sandy Springs, GA-AL","1","122","09/15/1941","82012","10088","33.04147899758139","-85.03466101597746","0","","NONE","Pinnacle Bank","LA GRANGE BRANCH","237","08/14/2026","11","FULL SERVICE - BRICK AND MORTAR","GA","13285","Georgia","10088","30240",""
"01/02/2026","3650 Main St","","SM","Myrtle Beach-Conway-North Myrtle Beach, SC-NC","","0","","34820","1","0","34820","35583","Loris","Horry","Myrtle Beach-Conway, SC-NC","1","396","01/01/1919","82012","11077","34.05755098632423","-78.8944199769266","0","","NONE","Pinnacle Bank","LORIS BRANCH","238","08/14/2026","11","FULL SERVICE - BRICK AND MORTAR","SC","45051","South Carolina","11077","29569","Myrtle Beach-Conway-North Myrtle Beach, SC-NC"
"01/02/2026","2123 Highway 78","","SM","Jasper, AL","","0","","0","0","1","27530","35583","Dora","Walker","Birmingham-Hoover-Talladega, AL","1","142","04/07/1906","82012","1139","33.754710016657924","-87.0629489827263","0","","NONE","Pinnacle Bank","DORA BRANCH","226","08/14/2026","11","FULL SERVICE - BRICK AND MORTAR","AL","01127","Alabama","1139","35062",""
"01/02/2026","155 N Bridge St","","SM","Clewiston, FL","","0","","0","0","1","17500","35583","Labelle","Hendry","Cape Coral-Fort Myers-Naples, FL","1","163","04/23/1963","82012","12618","26.76410998067078","-81.4370920143263","0","","NONE","Pinnacle Bank","LABELLE BRANCH","239","08/14/2026","11","FULL SERVICE - BRICK AND MORTAR","FL","12051","Florida","12618","33935",""
"01/02/2026","3680 W Main St","","SM","Dothan, AL","","0","","20020","1","0","20020","35583","Dothan","Houston","Dothan-Ozark, AL","1","222","11/28/1966","82012","13448","31.23208691326094","-85.44679324144305","0","","NONE","Pinnacle Bank","DOTHAN BRANCH","240","08/14/2026","11","FULL SERVICE - BRICK AND MORTAR","AL","01069","Alabama","13448","36305","Dothan, AL"
"01/02/2026","1 Broad St","","SM","Sumter, SC","","0","","44940","1","0","44940","35583","Sumter","Sumter","","0","","02/17/1905","82012","1390","33.927217001992844","-80.34360996463504","0","","NONE","Pinnacle Bank","SUMTER BRANCH","227","08/14/2026","11","FULL SERVICE - BRICK AND MORTAR","SC","45085","South Carolina","1390","29150","Sumter, SC"
"01/02/2026","215 Alabama Ave S","","SM","Atlanta-Sandy Springs-Alpharetta, GA","","0","","12060","1","0","12060","35583","Bremen","Haralson","Atlanta-Athens-Clarke County-Sandy Springs, GA-AL","1","122","11/16/1970","82012","13972","33.7190549931112","-85.14516500995735","0","","NONE","Pinnacle Bank","BREMEN BRANCH","241","08/14/2026","11","FULL SERVICE - BRICK AND MORTAR","GA","13143","Georgia","13972","30110","Atlanta-Sandy Springs-Alpharetta, GA"
"01/02/2026","810 S Park St","","SM","Atlanta-Sandy Springs-Alpharetta, GA","","0","","12060","1","0","12060","35583","Carrollton","Carroll","Atlanta-Athens-Clarke County-Sandy Springs, GA-AL","1","122","08/01/1972","82012","14341","33.567486001908534","-85.0770270103016","0","","NONE","Pinnacle Bank","SOUTHPARK BRANCH","242","08/14/2026","11","FULL SERVICE - BRICK AND MORTAR","GA","13045","Georgia","14341","30117","Atlanta-Sandy Springs-Alpharetta, GA"
"01/02/2026","110 Jefferson St","","SM","Atlanta-Sandy Springs-Alpharetta, GA","","0","","12060","1","0","12060","35583","Newnan","Coweta","Atlanta-Athens-Clarke County-Sandy Springs, GA-AL","1","122","10/06/1972","82012","14388","33.38217498892088","-84.7965400315805","0","","NONE","Pinnacle Bank","BANK OF COWETA BRANCH","243","08/14/2026","11","FULL SERVICE - BRICK AND MORTAR","GA","13077","Georgia","14388","30263","Atlanta-Sandy Springs-Alpharetta, GA"
"01/02/2026","125 W Romana St","Ste 100","SM","Pensacola-Ferry Pass-Brent, FL","","0","","37860","1","0","37860","35583","Pensacola","Escambia","Pensacola-Ferry Pass, FL-AL","1","426","10/11/1972","82012","14390","30.41069501098744","-87.21746802666107","0","","NONE","Pinnacle Bank","COASTAL BANK AND TRUST OF FLORIDA BRANCH","244","08/14/2026","11","FULL SERVICE - BRICK AND MORTAR","FL","12033","Florida","14390","32502","Pensacola-Ferry Pass-Brent, FL"
"01/02/2026","201 W Patton St","","SM","Chattanooga, TN-GA","","0","","16860","1","0","16860","35583","La Fayette","Walker","Chattanooga-Cleveland-Dalton, TN-GA","1","174","11/16/1972","82012","14409","34.70444301362356","-85.28395700514501","0","","NONE","Pinnacle Bank","WALKER BRANCH","245","08/14/2026","11","FULL SERVICE - BRICK AND MORTAR","GA","13295","Georgia","14409","30728","Chattanooga, TN-GA"
"01/02/2026","4121 Carmichael Rd","","SM","Montgomery, AL","","0","","33860","1","0","33860","35583","Montgomery","Montgomery","Montgomery-Selma-Alexander City, AL","1","388","08/21/1973","82012","14656","32.35782398486408","-86.24181701161052","0","","NONE","Pinnacle Bank","MONTGOMERY BRANCH","246","08/14/2026","11","FULL SERVICE - BRICK AND MORTAR","AL","01101","Alabama","14656","36106","Montgomery, AL"
"01/02/2026","201 E Lamar St","","SM","Americus, GA","","0","","0","0","1","11140","35583","Americus","Sumter","","0","","10/28/1974","82012","15103","32.071747995015116","-84.2303459924787","0","","NONE","Pinnacle Bank","SUMTER BANK AND TRUST COMPANY BRANCH","247","08/14/2026","11","FULL SERVICE - BRICK AND MORTAR","GA","13261","Georgia","15103","31709",""
"01/02/2026","1261 Homestead Rd N","","SM","Cape Coral-Fort Myers, FL","","0","","15980","1","0","15980","35583","Lehigh Acres","Lee","Cape Coral-Fort Myers-Naples, FL","1","163","11/20/1974","82012","15122","26.60747580537921","-81.65152716527298","0","","NONE","Pinnacle Bank","LEHIGH BRANCH","248","08/14/2026","11","FULL SERVICE - BRICK AND MORTAR","FL","12071","Florida","15122","33936","Cape Coral-Fort Myers, FL"
"01/02/2026","101 S Crawford St","","SM","Thomasville, GA","","0","","0","0","1","45620","35583","Thomasville","Thomas","","0","","07/22/1916","82012","152","30.838268003816836","-83.97786999306543","0","","NONE","Pinnacle Bank","THOMASVILLE BRANCH","225","08/14/2026","11","FULL SERVICE - BRICK AND MORTAR","GA","13275","Georgia","152","31792",""
"06/16/2017","175 N Fayetteville St","","SM","Greensboro-High Point, NC","","0","","24660","1","0","24660","35583","Asheboro","Randolph","Greensboro-Winston-Salem-High Point, NC","1","268","11/03/1978","82012","15880","35.707507001099884","-79.81437098226247","0","","NONE","Pinnacle Bank","ASHEBORO DOWNTOWN","88","08/14/2026","11","FULL SERVICE - BRICK AND MORTAR","NC","37151","North Carolina","15880","27203","Greensboro-High Point, NC"
"01/02/2026","301 Washington St Nw","","SM","Huntsville, AL","","0","","26620","1","0","26620","35583","Huntsville","Madison","Huntsville-Decatur, AL","1","290","09/24/1984","82012","17550","34.733959005556045","-86.58753497832805","0","","NONE","Pinnacle Bank","HUNTSVILLE BRANCH","249","08/14/2026","11","FULL SERVICE - BRICK AND MORTAR","AL","01089","Alabama","17550","35801","Huntsville, AL"
"01/02/2026","2704 E Pinetree Blvd","","SM","Thomasville, GA","","0","","0","0","1","45620","35583","Thomasville","Thomas","","0","","03/15/1982","82012","181337","30.85224600082833","-83.94983001237262","0","","NONE","Pinnacle Bank","EAST PINETREE BRANCH","224","08/14/2026","11","FULL SERVICE - BRICK AND MORTAR","GA","13275","Georgia","181337","31792",""
"01/02/2026","200 Eighteenth Street","","SM","Jasper, AL","","0","","0","0","1","27530","35583","Jasper","Walker","Birmingham-Hoover-Talladega, AL","1","142","01/01/1905","82012","1834","33.833447","-87.273254","0","","NONE","Pinnacle Bank","JASPER BRANCH","228","08/14/2026","11","FULL SERVICE - BRICK AND MORTAR","AL","01127","Alabama","1834","35501",""
"01/02/2026","3151 Macon Rd","","SM","Columbus, GA-AL","","0","","17980","1","0","17980","35583","Columbus","Muscogee","Columbus-Auburn-Opelika, GA-AL","1","194","03/22/1965","82012","186444","32.48005300410094","-84.9445960414338","0","","NONE","Pinnacle Bank","MIDTOWN BRANCH","272","08/14/2026","11","FULL SERVICE - BRICK AND MORTAR","GA","13215","Georgia","186444","31906","Columbus, GA-AL"
"01/02/2026","1695 Whittlesey Rd","","SM","Columbus, GA-AL","","0","","17980","1","0","17980","35583","Columbus","Muscogee","Columbus-Auburn-Opelika, GA-AL","1","194","12/21/1976","82012","186457","32.54034902087429","-84.96737403095112","0","","NONE","Pinnacle Bank","BRADLEY PARK BANKING CENTER","273","08/14/2026","11","FULL SERVICE - BRICK AND MORTAR","GA","13215","Georgia","186457","31904","Columbus, GA-AL"
"01/02/2026","6401 Whittlesey Blvd","","SM","Columbus, GA-AL","","0","","17980","1","0","17980","35583","Columbus","Muscogee","Columbus-Auburn-Opelika, GA-AL","1","194","04/13/1987","82012","186470","32.54836899347062","-84.93940697281593","0","","NONE","Pinnacle Bank","COLUMBUS PARK CROSSING BRANCH","274","08/14/2026","11","FULL SERVICE - BRICK AND MORTAR","GA","13215","Georgia","186470","31909","Columbus, GA-AL"
"01/02/2026","6739 River Rd","","SM","Columbus, GA-AL","","0","","17980","1","0","17980","35583","Columbus","Muscogee","Columbus-Auburn-Opelika, GA-AL","1","194","09/14/1992","82012","186475","32.543917993336876","-84.99646300682633","0","","NONE","Pinnacle Bank","RIVER ROAD BRANCH","275","08/14/2026","11","FULL SERVICE - BRICK AND MORTAR","GA","13215","Georgia","186475","31904","Columbus, GA-AL"
"01/02/2026","8150 Marne Rd Bldg 9230","","SM","Columbus, GA-AL","","0","","17980","1","0","17980","35583","Fort Benning","Chattahoochee","Columbus-Auburn-Opelika, GA-AL","1","194","07/08/1997","82012","186478","32.36995535793495","-84.95165379023257","0","","NONE","Pinnacle Bank","COMMISSARY BRANCH","276","08/14/2026","11","FULL SERVICE - BRICK AND MORTAR","GA","13053","Georgia","186478","31905","Columbus, GA-AL"
"01/02/2026","1 Tsys Way","","SM","Columbus, GA-AL","","0","","17980","1","0","17980","35583","Columbus","Muscogee","Columbus-Auburn-Opelika, GA-AL","1","194","09/25/2019","82012","186480","32.47423101797432","-84.99356303596569","0","","NONE","Pinnacle Bank","GLOBAL PAYMENTS CAMPUS BRANCH","277","08/14/2026","11","FULL SERVICE - BRICK AND MORTAR","GA","13215","Georgia","186480","31901","Columbus, GA-AL"
"01/02/2026","1221 Main St","","SM","Columbia, SC","","0","","17900","1","0","17900","35583","Columbia","Richland","Columbia-Orangeburg-Newberry, SC","1","192","06/03/1965","82012","191332","34.00177499465727","-81.03429999250653","0","","NONE","Pinnacle Bank","COLUMBIA BRANCH","278","08/14/2026","11","FULL SERVICE - BRICK AND MORTAR","SC","45079","South Carolina","191332","29201","Columbia, SC"
"01/02/2026","111 W Boyce St","","SM","Sumter, SC","","0","","44940","1","0","44940","35583","Manning","Clarendon","","0","","04/03/1963","82012","191333","33.6956940003185","-80.21508202898087","0","","NONE","Pinnacle Bank","MANNING BRANCH","279","08/14/2026","11","FULL SERVICE - BRICK AND MORTAR","SC","45027","South Carolina","191333","29102","Sumter, SC"
"01/02/2026","200 E Church St","","SM","","","0","0","0","0","0","0","35583","Bishopville","Lee","","0","0","06/29/1966","82012","191335","34.21639299682174","-80.2469249629634","0","","NONE","Pinnacle Bank","BISHOPVILLE BRANCH","280","08/14/2026","11","FULL SERVICE - BRICK AND MORTAR","SC","45061","South Carolina","191335","29010",""
"01/02/2026","4840 Forest Dr","","SM","Columbia, SC","","0","","17900","1","0","17900","35583","Columbia","Richland","Columbia-Orangeburg-Newberry, SC","1","192","01/17/1968","82012","191336","34.01731898263904","-80.9636520319449","0","","NONE","Pinnacle Bank","TRENHOLM PLAZA BRANCH","281","08/14/2026","11","FULL SERVICE - BRICK AND MORTAR","SC","45079","South Carolina","191336","29206","Columbia, SC"
"01/02/2026","1175 Wilson Hall Rd","","SM","Sumter, SC","","0","","44940","1","0","44940","35583","Sumter","Sumter","","0","","08/10/1973","82012","191340","33.95269899347457","-80.4004169723021","0","","NONE","Pinnacle Bank","WILSON HALL ROAD","282","08/14/2026","11","FULL SERVICE - BRICK AND MORTAR","SC","45085","South Carolina","191340","29150","Sumter, SC"
"01/02/2026","616 N Main St","","SM","Charleston-North Charleston, SC","","0","","16700","1","0","16700","35583","Summerville","Dorchester","","0","","11/26/1979","82012","191342","33.027435998910775","-80.1698240266041","0","","NONE","Pinnacle Bank","SUMMERVILLE MAIN BRANCH","283","08/14/2026","11","FULL SERVICE - BRICK AND MORTAR","SC","45035","South Carolina","191342","29483","Charleston-North Charleston, SC"
"01/02/2026","1363 Lake Murray Blvd","","SM","Columbia, SC","","0","","17900","1","0","17900","35583","Irmo","Lexington","Columbia-Orangeburg-Newberry, SC","1","192","04/19/1989","82012","191345","34.08495700177036","-81.18512898738734","0","","NONE","Pinnacle Bank","IRMO BRANCH","284","08/14/2026","11","FULL SERVICE - BRICK AND MORTAR","SC","45063","South Carolina","191345","29063","Columbia, SC"
"01/02/2026","501 E Dekalb St","","SM","Columbia, SC","","0","","17900","1","0","17900","35583","Camden","Kershaw","Columbia-Orangeburg-Newberry, SC","1","192","12/20/1991","82012","191348","34.24625298206054","-80.6053049678939","0","","NONE","Pinnacle Bank","CAMDEN BRANCH","285","08/14/2026","11","FULL SERVICE - BRICK AND MORTAR","SC","45055","South Carolina","191348","29020","Columbia, SC"
"01/02/2026","210 Central Ave","","SM","Hilton Head Island-Bluffton, SC","","0","","25940","1","0","25940","35583","Hilton Head Island","Beaufort","","0","","03/12/1993","82012","191350","32.21311801216244","-80.72511295821757","0","","NONE","Pinnacle Bank","HILTON HEAD ISLAND BRANCH","286","08/14/2026","11","FULL SERVICE - BRICK AND MORTAR","SC","45013","South Carolina","191350","29926","Hilton Head Island-Bluffton, SC"
"01/02/2026","1245 Knox Abbott Dr","","SM","Columbia, SC","","0","","17900","1","0","17900","35583","Cayce","Lexington","Columbia-Orangeburg-Newberry, SC","1","192","05/25/1993","82012","191351","33.97889600320667","-81.07062095826055","0","","NONE","Pinnacle Bank","CAYCE BRANCH","287","08/14/2026","11","FULL SERVICE - BRICK AND MORTAR","SC","45063","South Carolina","191351","29033","Columbia, SC"
"01/02/2026","2800 Wade Hampton Blvd","","SM","Greenville-Anderson, SC","","0","","24860","1","0","24860","35583","Taylors","Greenville","Greenville-Spartanburg-Anderson, SC","1","273","07/14/1993","82012","191354","34.901029991406","-82.335450985625","0","","NONE","Pinnacle Bank","WADE HAMPTON BRANCH","288","08/14/2026","11","FULL SERVICE - BRICK AND MORTAR","SC","45045","South Carolina","191354","29687","Greenville-Anderson, SC"
"01/02/2026","201 E Mcbee Ave","","SM","Greenville-Anderson, SC","","0","","24860","1","0","24860","35583","Greenville","Greenville","Greenville-Spartanburg-Anderson, SC","1","273","07/14/1993","82012","191355","34.84923100324778","-82.39730297699445","0","","NONE","Pinnacle Bank","GREENVILLE MAIN BRANCH","289","08/14/2026","11","FULL SERVICE - BRICK AND MORTAR","SC","45045","South Carolina","191355","29601","Greenville-Anderson, SC"
"01/02/2026","600 W Palmetto St","","SM","Florence, SC","","0","","22500","1","0","22500","35583","Florence","Florence","","0","","09/23/1992","82012","191356","34.1929960037549","-79.77711300355247","0","","NONE","Pinnacle Bank","FLORENCE BRANCH","290","08/14/2026","11","FULL SERVICE - BRICK AND MORTAR","SC","45041","South Carolina","191356","29501","Florence, SC"
"01/02/2026","2411 N Oak St","","SM","Myrtle Beach-Conway-North Myrtle Beach, SC-NC","","0","","34820","1","0","34820","35583","Myrtle Beach","Horry","Myrtle Beach-Conway, SC-NC","1","396","06/01/2010","82012","191358","33.707756019992644","-78.87186704150953","0","","NONE","Pinnacle Bank","FOUNDERS CENTRE BRANCH","291","08/14/2026","11","FULL SERVICE - BRICK AND MORTAR","SC","45051","South Carolina","191358","29577","Myrtle Beach-Conway-North Myrtle Beach, SC-NC"
"01/02/2026","1470 N Highway 17","","SM","Charleston-North Charleston, SC","","0","","16700","1","0","16700","35583","Mount Pleasant","Charleston","","0","","11/18/1996","82012","191361","32.81684051398972","-79.84701480709343","0","","NONE","Pinnacle Bank","MT. PLEASANT NORTH BRANCH","292","08/14/2026","11","FULL SERVICE - BRICK AND MORTAR","SC","45019","South Carolina","191361","29464","Charleston-North Charleston, SC"
"01/02/2026","1870 Sam Rittenberg Blvd","","SM","Charleston-North Charleston, SC","","0","","16700","1","0","16700","35583","Charleston","Charleston","","0","","09/28/1998","82012","191363","32.79972743373351","-80.021631224091","0","","NONE","Pinnacle Bank","WEST ASHLEY BRANCH","293","08/14/2026","11","FULL SERVICE - BRICK AND MORTAR","SC","45019","South Carolina","191363","29407","Charleston-North Charleston, SC"
"01/02/2026","1873 Camp Rd","","SM","Charleston-North Charleston, SC","","0","","16700","1","0","16700","35583","Charleston","Charleston","","0","","07/13/1999","82012","191364","32.7347784129599","-79.97673959470202","0","","NONE","Pinnacle Bank","BISHOP GADSDEN BRANCH","294","08/14/2026","28","LIMITED SERVICE - RETAIL","SC","45019","South Carolina","191364","29412","Charleston-North Charleston, SC"
"01/02/2026","3200 Highway 78 E","","SM","Jasper, AL","","0","","0","0","1","27530","35583","Jasper","Walker","Birmingham-Hoover-Talladega, AL","1","142","05/10/1982","82012","194367","33.84218699477715","-87.23848296666448","0","","NONE","Pinnacle Bank","MEDICAL CENTER BRANCH","295","08/14/2026","11","FULL SERVICE - BRICK AND MORTAR","AL","01127","Alabama","194367","35501",""
"01/02/2026","1255 Tamiami Trl","","SM","Punta Gorda, FL","","0","","39460","1","0","39460","35583","Port Charlotte","Charlotte","North Port-Sarasota, FL","1","412","07/13/1998","82012","207975","27.01318401704225","-82.14817102167204","0","","NONE","Pinnacle Bank","PORT CHARLOTTE BRANCH","296","08/14/2026","11","FULL SERVICE - BRICK AND MORTAR","FL","12015","Florida","207975","33953","Punta Gorda, FL"
"01/02/2026","987 Lovett Rd","","SM","Statesboro, GA","","0","","0","0","1","44340","35583","Statesboro","Bulloch","Savannah-Hinesville-Statesboro, GA","1","496","08/03/1981","82012","208049","32.43590300550494","-81.7645319838843","0","","NONE","Pinnacle Bank","MALL BRANCH","297","08/14/2026","11","FULL SERVICE - BRICK AND MORTAR","GA","13031","Georgia","208049","30458",""
"01/02/2026","1522 Baytree Rd","","SM","Valdosta, GA","","0","","46660","1","0","46660","35583","Valdosta","Lowndes","","0","","10/01/1987","82012","221790","30.84746198768144","-83.31644403902648","0","","NONE","Pinnacle Bank","WESTSIDE BRANCH","298","08/14/2026","11","FULL SERVICE - BRICK AND MORTAR","GA","13185","Georgia","221790","31602","Valdosta, GA"
"01/02/2026","559 Lakes Blvd","","SM","Valdosta, GA","","0","","46660","1","0","46660","35583","Lake Park","Lowndes","","0","","01/12/1990","82012","221793","30.684605003653374","-83.2092239908917","0","","NONE","Pinnacle Bank","LAKE PARK BRANCH","299","08/14/2026","11","FULL SERVICE - BRICK AND MORTAR","GA","13185","Georgia","221793","31636","Valdosta, GA"
"01/02/2026","1001 John Sims Pkwy E","","SM","Crestview-Fort Walton Beach-Destin, FL","","0","","18880","1","0","18880","35583","Niceville","Okaloosa","","0","","11/26/1975","82012","224313","30.517229000347314","-86.47345300133966","0","","NONE","Pinnacle Bank","NICEVILLE BRANCH","300","08/14/2026","11","FULL SERVICE - BRICK AND MORTAR","FL","12091","Florida","224313","32578","Crestview-Fort Walton Beach-Destin, FL"
"01/02/2026","4300 E Highway 20","","SM","Crestview-Fort Walton Beach-Destin, FL","","0","","18880","1","0","18880","35583","Niceville","Okaloosa","","0","","09/24/1984","82012","224315","30.48829898726582","-86.42245498784932","0","","NONE","Pinnacle Bank","BLUEWATER BAY BRANCH","301","08/14/2026","11","FULL SERVICE - BRICK AND MORTAR","FL","12091","Florida","224315","32578","Crestview-Fort Walton Beach-Destin, FL"
"01/02/2026","34910 Emerald Coast Pkwy","","SM","Crestview-Fort Walton Beach-Destin, FL","","0","","18880","1","0","18880","35583","Destin","Okaloosa","","0","","06/23/1997","82012","224319","30.388231007563064","-86.426659015206","0","","NONE","Pinnacle Bank","DESTIN MIDBAY BRANCH","302","08/14/2026","11","FULL SERVICE - BRICK AND MORTAR","FL","12091","Florida","224319","32541","Crestview-Fort Walton Beach-Destin, FL"
"06/16/2017","2800 S Main St","","SM","Greensboro-High Point, NC","","0","","24660","1","0","24660","35583","High Point","Guilford","Greensboro-Winston-Salem-High Point, NC","1","268","06/28/1966","82012","226808","35.92389601558628","-79.98238296247199","0","","NONE","Pinnacle Bank","FAIRFIELD BRANCH","133","08/14/2026","11","FULL SERVICE - BRICK AND MORTAR","NC","37081","North Carolina","226808","27263","Greensboro-High Point, NC"
"06/16/2017","1813 Westchester Dr","","SM","Greensboro-High Point, NC","","0","","24660","1","0","24660","35583","High Point","Guilford","Greensboro-Winston-Salem-High Point, NC","1","268","05/01/1972","82012","226809","35.942606979954334","-80.03353101202917","0","","NONE","Pinnacle Bank","WESTCHESTER BRANCH","141","08/14/2026","11","FULL SERVICE - BRICK AND MORTAR","NC","37081","North Carolina","226809","27262","Greensboro-High Point, NC"
"06/16/2017","220 N Wrenn St","","SM","Greensboro-High Point, NC","","0","","24660","1","0","24660","35583","High Point","Guilford","Greensboro-Winston-Salem-High Point, NC","1","268","05/06/1986","82012","226810","35.95982972020207","-80.00624218340866","0","","NONE","Pinnacle Bank","MAIN DRIVE-IN BRANCH","134","08/14/2026","23","LIMITED SERVICE - DRIVE THRU/DETACHED FACILITY","NC","37081","North Carolina","226810","27260","Greensboro-High Point, NC"
"06/16/2017","1028 Eastchester Dr","","SM","Greensboro-High Point, NC","","0","","24660","1","0","24660","35583","High Point","Guilford","Greensboro-Winston-Salem-High Point, NC","1","268","09/14/1988","82012","226811","35.990199007089345","-80.0005680043253","0","","NONE","Pinnacle Bank","EASTCHESTER BRANCH","142","08/14/2026","11","FULL SERVICE - BRICK AND MORTAR","NC","37081","North Carolina","226811","27262","Greensboro-High Point, NC"
"01/02/2026","4577 Atlanta Hwy","","SM","Atlanta-Sandy Springs-Alpharetta, GA","","0","","12060","1","0","12060","35583","Loganville","Walton","Atlanta-Athens-Clarke County-Sandy Springs, GA-AL","1","122","07/12/1973","82012","230860","33.83527200847644","-83.89508897620024","0","","NONE","Pinnacle Bank","LOGANVILLE BRANCH","303","08/14/2026","11","FULL SERVICE - BRICK AND MORTAR","GA","13297","Georgia","230860","30052","Atlanta-Sandy Springs-Alpharetta, GA"
"01/02/2026","1496 Lafayette Pkwy","","SM","LaGrange, GA-AL","","0","","0","0","1","29300","35583","Lagrange","Troup","Atlanta-Athens-Clarke County-Sandy Springs, GA-AL","1","122","09/28/1995","82012","235643","33.041542993412136","-84.98222198569319","0","","NONE","Pinnacle Bank","PARKWAY BANKING CENTER","304","08/14/2026","11","FULL SERVICE - BRICK AND MORTAR","GA","13285","Georgia","235643","30241",""
"01/02/2026","588 Highway 61","","SM","Atlanta-Sandy Springs-Alpharetta, GA","","0","","12060","1","0","12060","35583","Villa Rica","Carroll","Atlanta-Athens-Clarke County-Sandy Springs, GA-AL","1","122","04/11/1974","82012","238406","33.74399678371686","-84.91893360690106","0","","NONE","Pinnacle Bank","VILLA RICA BRANCH","305","08/14/2026","11","FULL SERVICE - BRICK AND MORTAR","GA","13045","Georgia","238406","30180","Atlanta-Sandy Springs-Alpharetta, GA"
"01/02/2026","120 N Carroll St","","SM","Atlanta-Sandy Springs-Alpharetta, GA","","0","","12060","1","0","12060","35583","Bowdon","Carroll","Atlanta-Athens-Clarke County-Sandy Springs, GA-AL","1","122","02/13/1978","82012","238407","33.538927013771115","-85.25303599669273","0","","NONE","Pinnacle Bank","BOWDON BRANCH","306","08/14/2026","11","FULL SERVICE - BRICK AND MORTAR","GA","13045","Georgia","238407","30108","Atlanta-Sandy Springs-Alpharetta, GA"
"01/02/2026","2320 Us Highway 78","","SM","Atlanta-Sandy Springs-Alpharetta, GA","","0","","12060","1","0","12060","35583","Tallapoosa","Haralson","Atlanta-Athens-Clarke County-Sandy Springs, GA-AL","1","122","07/01/1978","82012","238828","33.743203574221205","-85.28322999778585","0","","NONE","Pinnacle Bank","TALLAPOOSA BRANCH","307","08/14/2026","11","FULL SERVICE - BRICK AND MORTAR","GA","13143","Georgia","238828","30176","Atlanta-Sandy Springs-Alpharetta, GA"
"01/02/2026","780 Main St","","SM","Myrtle Beach-Conway-North Myrtle Beach, SC-NC","","0","","34820","1","0","34820","35583","North Myrtle Beach","Horry","Myrtle Beach-Conway, SC-NC","1","396","07/11/1966","82012","239927","33.827227979818005","-78.67702802581574","0","","NONE","Pinnacle Bank","NORTH MYRTLE BEACH BRANCH","308","08/14/2026","11","FULL SERVICE - BRICK AND MORTAR","SC","45051","South Carolina","239927","29582","Myrtle Beach-Conway-North Myrtle Beach, SC-NC"
"01/02/2026","3106 Highway 278 Nw","","SM","Atlanta-Sandy Springs-Alpharetta, GA","","0","","12060","1","0","12060","35583","Covington","Newton","Atlanta-Athens-Clarke County-Sandy Springs, GA-AL","1","122","04/30/1975","82012","246673","33.60355701930986","-83.86245403618666","0","","NONE","Pinnacle Bank","NEWTON PLAZA BRANCH","309","08/14/2026","11","FULL SERVICE - BRICK AND MORTAR","GA","13217","Georgia","246673","30014","Atlanta-Sandy Springs-Alpharetta, GA"
"01/02/2026","285 Jonesboro Rd","","SM","Atlanta-Sandy Springs-Alpharetta, GA","","0","","12060","1","0","12060","35583","Mcdonough","Henry","Atlanta-Athens-Clarke County-Sandy Springs, GA-AL","1","122","12/07/1998","82012","246678","33.4531650149511","-84.16787600338826","0","","NONE","Pinnacle Bank","JONESBORO ROAD BRANCH","310","08/14/2026","11","FULL SERVICE - BRICK AND MORTAR","GA","13151","Georgia","246678","30253","Atlanta-Sandy Springs-Alpharetta, GA"
"01/02/2026","901 Boll Weevil Cir","","SM","Enterprise, AL","","0","","0","0","1","21460","35583","Enterprise","Coffee","","0","","05/15/1995","82012","249140","31.328618014850008","-85.839704007767","0","","NONE","Pinnacle Bank","DOTHAN FINANCIAL CENTER BRANCH","311","08/14/2026","11","FULL SERVICE - BRICK AND MORTAR","AL","01031","Alabama","249140","36330",""
"01/02/2026","510 Andrews Ave","","SM","Ozark, AL","","0","","0","0","1","37120","35583","Ozark","Dale","Dothan-Ozark, AL","1","222","09/08/1970","82012","249633","31.456278960550932","-85.64618665185311","0","","NONE","Pinnacle Bank","OZARK BRANCH","312","08/14/2026","11","FULL SERVICE - BRICK AND MORTAR","AL","01045","Alabama","249633","36360",""
"01/02/2026","2102 E Oglethorpe Blvd","","SM","Albany, GA","","0","","10500","1","0","10500","35583","Albany","Dougherty","","0","","05/28/1974","82012","250567","31.571960002915915","-84.09934003096974","0","","NONE","Pinnacle Bank","FIVE POINTS BRANCH","313","08/14/2026","23","LIMITED SERVICE - DRIVE THRU/DETACHED FACILITY","GA","13095","Georgia","250567","31705","Albany, GA"
"01/02/2026","2819 Old Dawson Rd","","SM","Albany, GA","","0","","10500","1","0","10500","35583","Albany","Dougherty","","0","","09/25/1986","82012","250569","31.613929994224534","-84.22244202542232","0","","NONE","Pinnacle Bank","NORTHWEST BRANCH","314","08/14/2026","11","FULL SERVICE - BRICK AND MORTAR","GA","13095","Georgia","250569","31707","Albany, GA"
"01/02/2026","7817 Wells St","","SM","Atlanta-Sandy Springs-Alpharetta, GA","","0","","12060","1","0","12060","35583","Senoia","Coweta","Atlanta-Athens-Clarke County-Sandy Springs, GA-AL","1","122","10/19/1985","82012","251743","33.296353017583655","-84.5535469821438","0","","NONE","Pinnacle Bank","SENOIA BRANCH","315","08/14/2026","11","FULL SERVICE - BRICK AND MORTAR","GA","13077","Georgia","251743","30276","Atlanta-Sandy Springs-Alpharetta, GA"
"01/02/2026","3130 Highway 34 E","","SM","Atlanta-Sandy Springs-Alpharetta, GA","","0","","12060","1","0","12060","35583","Newnan","Coweta","Atlanta-Athens-Clarke County-Sandy Springs, GA-AL","1","122","07/30/1993","82012","251745","33.40854001390214","-84.68070900285649","0","","NONE","Pinnacle Bank","THOMAS CROSSROADS BRANCH","316","08/14/2026","11","FULL SERVICE - BRICK AND MORTAR","GA","13077","Georgia","251745","30265","Atlanta-Sandy Springs-Alpharetta, GA"
"01/02/2026","1898 E Nine Mile Rd","","SM","Pensacola-Ferry Pass-Brent, FL","","0","","37860","1","0","37860","35583","Pensacola","Escambia","Pensacola-Ferry Pass, FL-AL","1","426","09/28/1992","82012","251778","30.532744992772464","-87.22179401070895","0","","NONE","Pinnacle Bank","EAST NINE MILE ROAD BRANCH","317","08/14/2026","11","FULL SERVICE - BRICK AND MORTAR","FL","12033","Florida","251778","32514","Pensacola-Ferry Pass-Brent, FL"
"01/02/2026","2655 Taylor Rd","","SM","Montgomery, AL","","0","","33860","1","0","33860","35583","Montgomery","Montgomery","Montgomery-Selma-Alexander City, AL","1","388","09/29/1997","82012","252431","32.34119898282978","-86.17861997623864","0","","NONE","Pinnacle Bank","TAYLOR ROAD BANKING CENTER BRANCH","318","08/14/2026","11","FULL SERVICE - BRICK AND MORTAR","AL","01101","Alabama","252431","36117","Montgomery, AL"
"01/02/2026","2005 Cobbs Ford Rd","","SM","Montgomery, AL","","0","","33860","1","0","33860","35583","Prattville","Autauga","Montgomery-Selma-Alexander City, AL","1","388","11/08/1999","82012","252432","32.460200005425236","-86.41185095832304","0","","NONE","Pinnacle Bank","PRATTVILLE BRANCH","319","08/14/2026","11","FULL SERVICE - BRICK AND MORTAR","AL","01001","Alabama","252432","36066","Montgomery, AL"
"01/02/2026","3471 Thomasville Rd","","SM","Tallahassee, FL","","0","","45220","1","0","45220","35583","Tallahassee","Leon","","0","","01/02/1992","82012","253659","30.505912006136924","-84.24907200236296","0","","NONE","Pinnacle Bank","THOMASVILLE ROAD BRANCH","321","08/14/2026","11","FULL SERVICE - BRICK AND MORTAR","FL","12073","Florida","253659","32309","Tallahassee, FL"
"01/02/2026","601 N Monroe St","","SM","Tallahassee, FL","","0","","45220","1","0","45220","35583","Tallahassee","Leon","","0","","01/02/1992","82012","253660","30.44853800462957","-84.28015100969009","0","","NONE","Pinnacle Bank","NORTH MONROE STREET BRANCH","322","08/14/2026","11","FULL SERVICE - BRICK AND MORTAR","FL","12073","Florida","253660","32301","Tallahassee, FL"
"06/16/2017","854 E Dixie Dr","","SM","Greensboro-High Point, NC","","0","","24660","1","0","24660","35583","Asheboro","Randolph","Greensboro-Winston-Salem-High Point, NC","1","268","12/02/1985","82012","255208","35.69112901375216","-79.8012859932153","0","","NONE","Pinnacle Bank","ASHEBORO EAST DIXIE BRANCH","89","08/14/2026","11","FULL SERVICE - BRICK AND MORTAR","NC","37151","North Carolina","255208","27203","Greensboro-High Point, NC"
"01/02/2026","32845 Us Highway 19 N","","SM","Tampa-St. Petersburg-Clearwater, FL","","0","","45300","1","0","45300","35583","Palm Harbor","Pinellas","","0","","07/01/1987","82012","255835","28.070863982695556","-82.73779499472016","0","","NONE","Pinnacle Bank","PALM HARBOR BRANCH","323","08/14/2026","11","FULL SERVICE - BRICK AND MORTAR","FL","12103","Florida","255835","34684","Tampa-St. Petersburg-Clearwater, FL"
"01/02/2026","6500 Gulf Blvd","","SM","Tampa-St. Petersburg-Clearwater, FL","","0","","45300","1","0","45300","35583","Saint Pete Beach","Pinellas","","0","","09/04/1996","82012","255838","27.73595200746132","-82.74767901876368","0","","NONE","Pinnacle Bank","ST PETE BEACH BRANCH","324","08/14/2026","11","FULL SERVICE - BRICK AND MORTAR","FL","12103","Florida","255838","33706","Tampa-St. Petersburg-Clearwater, FL"
"01/02/2026","7490 Bryan Dairy Rd","","SM","Tampa-St. Petersburg-Clearwater, FL","","0","","45300","1","0","45300","35583","Largo","Pinellas","","0","","04/12/1999","82012","255839","27.87182701652489","-82.74189802014358","0","","NONE","Pinnacle Bank","BRYAN DAIRY ROAD BRANCH","325","08/14/2026","11","FULL SERVICE - BRICK AND MORTAR","FL","12103","Florida","255839","33777","Tampa-St. Petersburg-Clearwater, FL"
"01/02/2026","4440 Bayou Blvd","","SM","Pensacola-Ferry Pass-Brent, FL","","0","","37860","1","0","37860","35583","Pensacola","Escambia","Pensacola-Ferry Pass, FL-AL","1","426","09/21/1992","82012","256753","30.46840998831597","-87.20539297312749","0","","NONE","Pinnacle Bank","CORDOVA BRANCH","326","08/14/2026","11","FULL SERVICE - BRICK AND MORTAR","FL","12033","Florida","256753","32503","Pensacola-Ferry Pass-Brent, FL"
"01/02/2026","10 Daniel Dr","","SM","Pensacola-Ferry Pass-Brent, FL","","0","","37860","1","0","37860","35583","Gulf Breeze","Santa Rosa","Pensacola-Ferry Pass, FL-AL","1","426","08/04/1997","82012","256756","30.35964100638388","-87.16604597268908","0","","NONE","Pinnacle Bank","GULF BREEZE BRANCE","327","08/14/2026","11","FULL SERVICE - BRICK AND MORTAR","FL","12113","Florida","256756","32561","Pensacola-Ferry Pass-Brent, FL"
"01/02/2026","11 Hughes Rd","","SM","Huntsville, AL","","0","","26620","1","0","26620","35583","Madison","Madison","Huntsville-Decatur, AL","1","290","10/01/1997","82012","258098","34.68451700857119","-86.73405601025283","0","","NONE","Pinnacle Bank","MADISON BRANCH","328","08/14/2026","11","FULL SERVICE - BRICK AND MORTAR","AL","01089","Alabama","258098","35758","Huntsville, AL"
"01/02/2026","315 S Houston Lake Rd","","SM","Warner Robins, GA","","0","","47580","1","0","47580","35583","Warner Robins","Houston","Macon-Bibb County-Warner Robins, GA","1","356","10/27/1995","82012","258218","32.613995020563706","-83.68107803337327","0","","NONE","Pinnacle Bank","HOUSTON LAKE ROAD BRANCH","329","08/14/2026","11","FULL SERVICE - BRICK AND MORTAR","GA","13153","Georgia","258218","31088","Warner Robins, GA"
"01/02/2026","871 Warren Dr","","SM","Warner Robins, GA","","0","","47580","1","0","47580","35583","Warner Robins","Houston","Macon-Bibb County-Warner Robins, GA","1","356","04/30/1998","82012","258219","32.55522199559735","-83.66930397398272","0","","NONE","Pinnacle Bank","871 WARREN DRIVE","330","08/14/2026","11","FULL SERVICE - BRICK AND MORTAR","GA","13153","Georgia","258219","31088","Warner Robins, GA"
"01/02/2026","1859 W State Road 434","","SM","Orlando-Kissimmee-Sanford, FL","","0","","36740","1","0","36740","35583","Longwood","Seminole","Orlando-Lakeland-Deltona, FL","1","422","07/08/1999","82012","258854","28.69243101155965","-81.38619500276921","0","","NONE","Pinnacle Bank","LONGWOOD BRANCH","331","08/14/2026","11","FULL SERVICE - BRICK AND MORTAR","FL","12117","Florida","258854","32750","Orlando-Kissimmee-Sanford, FL"
"01/02/2026","215 Richard Arrington Jr Blvd N","","SM","Birmingham-Hoover, AL","","0","","13820","1","0","13820","35583","Birmingham","Jefferson","Birmingham-Hoover-Talladega, AL","1","142","05/19/1986","82012","259222","33.51622089389933","-86.80496984286826","0","","NONE","Pinnacle Bank","DOWNTOWN BRANCH","332","08/14/2026","11","FULL SERVICE - BRICK AND MORTAR","AL","01073","Alabama","259222","35203","Birmingham-Hoover, AL"
"01/02/2026","77 Church Street","","SM","Birmingham-Hoover, AL","","0","","13820","1","0","13820","35583","Mountain Brook","Jefferson","Birmingham-Hoover-Talladega, AL","1","142","12/05/1988","82012","259224","33.502716","-86.756103","0","","NONE","Pinnacle Bank","CRESTLINE BRANCH","333","08/14/2026","11","FULL SERVICE - BRICK AND MORTAR","AL","01073","Alabama","259224","35223","Birmingham-Hoover, AL"
"01/02/2026","109 S Chalkville Rd","","SM","Birmingham-Hoover, AL","","0","","13820","1","0","13820","35583","Trussville","Jefferson","Birmingham-Hoover-Talladega, AL","1","142","04/01/1989","82012","259225","33.61896798648823","-86.60775296697754","0","","NONE","Pinnacle Bank","TRUSSVILLE BANKING CENTER BRANCH","334","08/14/2026","11","FULL SERVICE - BRICK AND MORTAR","AL","01073","Alabama","259225","35173","Birmingham-Hoover, AL"
"01/02/2026","102 Inverness Cors","","SM","Birmingham-Hoover, AL","","0","","13820","1","0","13820","35583","Birmingham","Shelby","Birmingham-Hoover-Talladega, AL","1","142","05/19/1991","82012","259226","33.418801014040966","-86.69493699758078","0","","NONE","Pinnacle Bank","INVERNESS CORNERS BKNG. CTR. BRANCH","335","08/14/2026","11","FULL SERVICE - BRICK AND MORTAR","AL","01117","Alabama","259226","35242","Birmingham-Hoover, AL"
"01/02/2026","2304 Pelham Pkwy","","SM","Birmingham-Hoover, AL","","0","","13820","1","0","13820","35583","Pelham","Shelby","Birmingham-Hoover-Talladega, AL","1","142","03/24/1997","82012","259228","33.328760011740385","-86.79342603627286","0","","NONE","Pinnacle Bank","PELHAM BRANCH","336","08/14/2026","11","FULL SERVICE - BRICK AND MORTAR","AL","01117","Alabama","259228","35124","Birmingham-Hoover, AL"
"01/02/2026","2222 Woodcrest Pl","","SM","Birmingham-Hoover, AL","","0","","13820","1","0","13820","35583","Birmingham","Jefferson","Birmingham-Hoover-Talladega, AL","1","142","09/01/1997","82012","259229","33.488947988249805","-86.78754403571949","0","","NONE","Pinnacle Bank","SOUTHBRIDGE - HOMEWOOD DRIVE-THRU FACILITY","337","08/14/2026","23","LIMITED SERVICE - DRIVE THRU/DETACHED FACILITY","AL","01073","Alabama","259229","35209","Birmingham-Hoover, AL"
"01/02/2026","8444 S Tamiami Trl","","SM","North Port-Sarasota-Bradenton, FL","","0","","35840","1","0","35840","35583","Sarasota","Sarasota","North Port-Sarasota, FL","1","412","11/01/1995","82012","259693","27.22851791755693","-82.49497754615497","0","","NONE","Pinnacle Bank","SOUTH SARASOTA BRANCH","338","08/14/2026","11","FULL SERVICE - BRICK AND MORTAR","FL","12115","Florida","259693","34238","North Port-Sarasota-Bradenton, FL"
"01/02/2026","1802 Ne Miami Gardens Dr","","SM","Miami-Fort Lauderdale-Pompano Beach, FL","Miami-Miami Beach-Kendall, FL","1","33124","33100","1","0","33100","35583","North Miami Beach","Miami-Dade","Miami-Port St. Lucie-Fort Lauderdale, FL","1","370","10/10/1998","82012","259695","25.94558901430368","-80.16371303245599","0","","NONE","Pinnacle Bank","NORTH MIAMI BRANCH","339","08/14/2026","11","FULL SERVICE - BRICK AND MORTAR","FL","12086","Florida","259695","33179","Miami-Fort Lauderdale-Pompano Beach, FL"
"01/02/2026","5375 W Atlantic Blvd","","SM","Miami-Fort Lauderdale-Pompano Beach, FL","Fort Lauderdale-Pompano Beach-Sunrise, FL","1","22744","33100","1","0","33100","35583","Margate","Broward","Miami-Port St. Lucie-Fort Lauderdale, FL","1","370","03/29/1999","82012","259696","26.23548799019096","-80.19650798300118","0","","NONE","Pinnacle Bank","MARGATE BRANCH","340","08/14/2026","11","FULL SERVICE - BRICK AND MORTAR","FL","12011","Florida","259696","33063","Miami-Fort Lauderdale-Pompano Beach, FL"
"01/02/2026","463719 State Road 200","","SM","Jacksonville, FL","","0","","27260","1","0","27260","35583","Yulee","Nassau","Jacksonville-St. Marys-Palatka, FL-GA","1","300","05/15/1995","82012","260774","30.628875992553716","-81.55592996699546","0","","NONE","Pinnacle Bank","AMELIA CONCOURSE BRANCH","341","08/14/2026","11","FULL SERVICE - BRICK AND MORTAR","FL","12089","Florida","260774","32097","Jacksonville, FL"
"01/02/2026","1139 Industrial Dr","","SM","Crestview-Fort Walton Beach-Destin, FL","","0","","18880","1","0","18880","35583","Crestview","Okaloosa","","0","","03/18/1998","82012","261321","30.78440899531563","-86.55892502821932","0","","NONE","Pinnacle Bank","NORTH CRESTVIEW BRANCH","342","08/14/2026","11","FULL SERVICE - BRICK AND MORTAR","FL","12091","Florida","261321","32539","Crestview-Fort Walton Beach-Destin, FL"
"01/02/2026","6800 Highway 69 S","","SM","Tuscaloosa, AL","","0","","46220","1","0","46220","35583","Tuscaloosa","Tuscaloosa","","0","","12/09/1992","82012","261396","33.14515400358715","-87.54441799015943","0","","NONE","Pinnacle Bank","TAYLORVILLE BANKING CENTER BRANCH","343","08/14/2026","11","FULL SERVICE - BRICK AND MORTAR","AL","01125","Alabama","261396","35405","Tuscaloosa, AL"
"01/02/2026","5340 Peachtree Industrial Blvd","","SM","Atlanta-Sandy Springs-Alpharetta, GA","","0","","12060","1","0","12060","35583","Norcross","Gwinnett","Atlanta-Athens-Clarke County-Sandy Springs, GA-AL","1","122","02/02/1998","82012","261722","33.96075701991131","-84.2078779657408","0","","NONE","Pinnacle Bank","PEACHTREE CORNERS BANK BRANCH","344","08/14/2026","11","FULL SERVICE - BRICK AND MORTAR","GA","13135","Georgia","261722","30071","Atlanta-Sandy Springs-Alpharetta, GA"
"01/02/2026","2401 Devine St","","SM","Columbia, SC","","0","","17900","1","0","17900","35583","Columbia","Richland","Columbia-Orangeburg-Newberry, SC","1","192","01/01/1908","82012","262374","33.99891500547477","-81.01033403585215","0","","NONE","Pinnacle Bank","DEVINE STREET BRANCH","345","08/14/2026","11","FULL SERVICE - BRICK AND MORTAR","SC","45079","South Carolina","262374","29205","Columbia, SC"
"01/02/2026","1025 Broad River Rd","","SM","Columbia, SC","","0","","17900","1","0","17900","35583","Columbia","Richland","Columbia-Orangeburg-Newberry, SC","1","192","01/01/1908","82012","262375","34.025665011268885","-81.08204800685964","0","","NONE","Pinnacle Bank","BROAD RIVER BRANCH","346","08/14/2026","11","FULL SERVICE - BRICK AND MORTAR","SC","45079","South Carolina","262375","29210","Columbia, SC"
"01/02/2026","310 Alps Rd","","SM","Athens-Clarke County, GA","","0","","12020","1","0","12020","35583","Athens","Clarke","Atlanta-Athens-Clarke County-Sandy Springs, GA-AL","1","122","01/01/1929","82012","265737","33.94335799102828","-83.40919398861433","0","","NONE","Pinnacle Bank","BEECHWOOD BRANCH","347","08/14/2026","11","FULL SERVICE - BRICK AND MORTAR","GA","13059","Georgia","265737","30606","Athens-Clarke County, GA"
"01/02/2026","1855 Barnett Shoals Rd","","SM","Athens-Clarke County, GA","","0","","12020","1","0","12020","35583","Athens","Clarke","Atlanta-Athens-Clarke County-Sandy Springs, GA-AL","1","122","01/01/1929","82012","265738","33.924569996970035","-83.33954196578802","0","","NONE","Pinnacle Bank","BARNETT SHOALS BRANCH","348","08/14/2026","11","FULL SERVICE - BRICK AND MORTAR","GA","13059","Georgia","265738","30605","Athens-Clarke County, GA"
"01/02/2026","100 E Howell St","","SM","","","0","0","0","0","0","0","35583","Hartwell","Hart","","0","0","01/01/1929","82012","265739","34.35339546447767","-82.93686993949767","0","","NONE","Pinnacle Bank","HARTWELL BRANCH","349","08/14/2026","11","FULL SERVICE - BRICK AND MORTAR","GA","13147","Georgia","265739","30643",""
"01/02/2026","4000 Atlanta Hwy","","SM","Athens-Clarke County, GA","","0","","12020","1","0","12020","35583","Athens","Clarke","Atlanta-Athens-Clarke County-Sandy Springs, GA-AL","1","122","12/05/1990","82012","265745","33.94113477503","-83.475854091102","0","","NONE","Pinnacle Bank","ATLANTA HIGHWAY BRANCH","350","08/14/2026","11","FULL SERVICE - BRICK AND MORTAR","GA","13059","Georgia","265745","30606","Athens-Clarke County, GA"
"01/02/2026","1625 Frederica Rd","","SM","Brunswick, GA","","0","","15260","1","0","15260","35583","St. Simons Island","Glynn","","0","","01/01/1928","82012","265823","31.16150901706959","-81.388153015351","0","","NONE","Pinnacle Bank","1625 FREDERICA ROAD BRANCH","351","08/14/2026","11","FULL SERVICE - BRICK AND MORTAR","GA","13127","Georgia","265823","31522","Brunswick, GA"
"03/27/2006","604 N Main St","","SM","Shelbyville, TN","","0","","0","0","1","43180","35583","Shelbyville","Bedford","Nashville-Davidson-Murfreesboro, TN","1","400","01/01/1929","82012","276635","35.48732400196015","-86.45881199578699","0","","NONE","Pinnacle Bank","604 N MAIN ST BRANCH","10","08/14/2026","11","FULL SERVICE - BRICK AND MORTAR","TN","47003","Tennessee","276635","37160",""
"03/27/2006","1645 Nw Broad St","","SM","Nashville-Davidson-Murfreesboro-Franklin, TN","","0","","34980","1","0","34980","35583","Murfreesboro","Rutherford","Nashville-Davidson-Murfreesboro, TN","1","400","01/01/1929","82012","276637","35.870708984262635","-86.41767101661193","0","","NONE","Pinnacle Bank","1645 NORTHWEST BROAD STREET BRANCH","12","08/14/2026","11","FULL SERVICE - BRICK AND MORTAR","TN","47149","Tennessee","276637","37129","Nashville-Davidson-Murfreesboro-Franklin, TN"
"03/27/2006","1745 Memorial Blvd","","SM","Nashville-Davidson-Murfreesboro-Franklin, TN","","0","","34980","1","0","34980","35583","Murfreesboro","Rutherford","Nashville-Davidson-Murfreesboro, TN","1","400","06/30/1985","82012","276638","35.87037002009822","-86.38637701346836","0","","NONE","Pinnacle Bank","1745 MEMORIAL BLVD BRANCH","13","08/14/2026","11","FULL SERVICE - BRICK AND MORTAR","TN","47149","Tennessee","276638","37129","Nashville-Davidson-Murfreesboro-Franklin, TN"
"03/27/2006","123 Cason Ln","","SM","Nashville-Davidson-Murfreesboro-Franklin, TN","","0","","34980","1","0","34980","35583","Murfreesboro","Rutherford","Nashville-Davidson-Murfreesboro, TN","1","400","07/06/1992","82012","276639","35.84535800192755","-86.43979303838675","0","","NONE","Pinnacle Bank","110-B BLVD BRANCH","14","08/14/2026","11","FULL SERVICE - BRICK AND MORTAR","TN","47149","Tennessee","276639","37128","Nashville-Davidson-Murfreesboro-Franklin, TN"
"03/27/2006","2035 Se Broad St","","SM","Nashville-Davidson-Murfreesboro-Franklin, TN","","0","","34980","1","0","34980","35583","Murfreesboro","Rutherford","Nashville-Davidson-Murfreesboro, TN","1","400","03/15/1995","82012","276640","35.81222999645966","-86.36950298509072","0","","NONE","Pinnacle Bank","SOUTHEAST BROAD BRANCH","15","08/14/2026","11","FULL SERVICE - BRICK AND MORTAR","TN","47149","Tennessee","276640","37130","Nashville-Davidson-Murfreesboro-Franklin, TN"
"06/16/2017","102 South Street","","SM","Albemarle, NC","","0","","0","0","1","10620","35583","Locust","Stanly","Charlotte-Concord, NC-SC","1","172","01/01/1911","82012","281400","35.297662","-80.402291","0","","NONE","Pinnacle Bank","LOCUST BRANCH","95","08/14/2026","11","FULL SERVICE - BRICK AND MORTAR","NC","37167","North Carolina","281400","28097",""
"01/02/2026","2 S Main St","","SM","Atlanta-Sandy Springs-Alpharetta, GA","","0","","12060","1","0","12060","35583","Jasper","Pickens","Atlanta-Athens-Clarke County-Sandy Springs, GA-AL","1","122","08/05/1960","82012","283802","34.46772298052335","-84.42989496720485","0","","NONE","Pinnacle Bank","JASPER BANK BRANCH","352","08/14/2026","11","FULL SERVICE - BRICK AND MORTAR","GA","13227","Georgia","283802","30143","Atlanta-Sandy Springs-Alpharetta, GA"
"01/02/2026","200 Parkway 575","","SM","Atlanta-Sandy Springs-Alpharetta, GA","","0","","12060","1","0","12060","35583","Woodstock","Cherokee","Atlanta-Athens-Clarke County-Sandy Springs, GA-AL","1","122","08/05/1960","82012","283804","34.08811500952025","-84.53061401123675","0","","NONE","Pinnacle Bank","WOODSTOCK BANK BRANCH","353","08/14/2026","11","FULL SERVICE - BRICK AND MORTAR","GA","13057","Georgia","283804","30188","Atlanta-Sandy Springs-Alpharetta, GA"
"01/02/2026","300 E Main St","","SM","Atlanta-Sandy Springs-Alpharetta, GA","","0","","12060","1","0","12060","35583","Canton","Cherokee","Atlanta-Athens-Clarke County-Sandy Springs, GA-AL","1","122","08/05/1960","82012","283805","34.2368619815618","-84.48866099328205","0","","NONE","Pinnacle Bank","CANTON BANK BRANCH","354","08/14/2026","11","FULL SERVICE - BRICK AND MORTAR","GA","13057","Georgia","283805","30114","Atlanta-Sandy Springs-Alpharetta, GA"
"01/02/2026","10446 Alpharetta St","","SM","Atlanta-Sandy Springs-Alpharetta, GA","","0","","12060","1","0","12060","35583","Roswell","Fulton","Atlanta-Athens-Clarke County-Sandy Springs, GA-AL","1","122","07/05/1994","82012","283806","34.036344016919074","-84.34440198556725","0","","NONE","Pinnacle Bank","ROSWELL BANK BRANCH","355","08/14/2026","11","FULL SERVICE - BRICK AND MORTAR","GA","13121","Georgia","283806","30075","Atlanta-Sandy Springs-Alpharetta, GA"
"01/02/2026","12355 Arnold Mill Rd","","SM","Atlanta-Sandy Springs-Alpharetta, GA","","0","","12060","1","0","12060","35583","Alpharetta","Fulton","Atlanta-Athens-Clarke County-Sandy Springs, GA-AL","1","122","01/17/1995","82012","283807","34.08403800990621","-84.35768797265258","0","","NONE","Pinnacle Bank","CRABAPPLE BANK BRANCH","356","08/14/2026","11","FULL SERVICE - BRICK AND MORTAR","GA","13121","Georgia","283807","30004","Atlanta-Sandy Springs-Alpharetta, GA"
"01/02/2026","3770 Hillsboro Rd","","SM","Nashville-Davidson-Murfreesboro-Franklin, TN","","0","","34980","1","0","34980","35583","Nashville","Davidson","Nashville-Davidson-Murfreesboro, TN","1","400","01/23/1997","82012","288949","36.108666018633485","-86.8116789715419","0","","NONE","Pinnacle Bank","GREEN HILLS BRANCH","357","08/14/2026","11","FULL SERVICE - BRICK AND MORTAR","TN","47037","Tennessee","288949","37215","Nashville-Davidson-Murfreesboro-Franklin, TN"
"01/02/2026","5105 Maryland Way","","SM","Nashville-Davidson-Murfreesboro-Franklin, TN","","0","","34980","1","0","34980","35583","Brentwood","Williamson","Nashville-Davidson-Murfreesboro, TN","1","400","09/21/1998","82012","288950","36.03227901087715","-86.79894702825646","0","","NONE","Pinnacle Bank","BRENTWOOD BRANCH","358","08/14/2026","11","FULL SERVICE - BRICK AND MORTAR","TN","47187","Tennessee","288950","37027","Nashville-Davidson-Murfreesboro-Franklin, TN"
"06/16/2017","113 Trindale Rd","","SM","Greensboro-High Point, NC","","0","","24660","1","0","24660","35583","Archdale","Randolph","Greensboro-Winston-Salem-High Point, NC","1","268","12/08/1995","82012","289721","35.91360701989085","-79.97342899440481","0","","NONE","Pinnacle Bank","ARCHDALE BRANCH","62","08/14/2026","11","FULL SERVICE - BRICK AND MORTAR","NC","37151","North Carolina","289721","27263","Greensboro-High Point, NC"
"06/16/2017","115 E Center St","","SM","Winston-Salem, NC","","0","","49180","1","0","49180","35583","Lexington","Davidson","Greensboro-Winston-Salem-High Point, NC","1","268","06/09/1997","82012","289722","35.82253198410503","-80.25181697693273","0","","NONE","Pinnacle Bank","LEXINGTON BRANCH","63","08/14/2026","11","FULL SERVICE - BRICK AND MORTAR","NC","37057","North Carolina","289722","27292","Winston-Salem, NC"
"06/16/2017","4467 Starkey Rd","","SM","Roanoke, VA","","0","","40220","1","0","40220","35583","Roanoke","Roanoke","","0","","09/11/1995","82012","290310","37.225307015341386","-79.98524001798836","0","","NONE","Pinnacle Bank","TANGLEWOOD BRANCH","105","08/14/2026","11","FULL SERVICE - BRICK AND MORTAR","VA","51161","Virginia","290310","24018","Roanoke, VA"
"06/16/2017","2203 Crystal Spring Ave Sw","","SM","Roanoke, VA","","0","","40220","1","0","40220","35583","Roanoke","Roanoke City","","0","","01/15/1997","82012","290311","37.24869298620554","-79.94684201662747","0","","NONE","Pinnacle Bank","SOUTH ROANOKE BRANCH","106","08/14/2026","11","FULL SERVICE - BRICK AND MORTAR","VA","51770","Virginia","290311","24014","Roanoke, VA"
"06/16/2017","8 E Main St","","SM","Roanoke, VA","","0","","40220","1","0","40220","35583","Salem","Salem City","","0","","04/12/1999","82012","290312","37.29238101620804","-80.05826198498637","0","","NONE","Pinnacle Bank","SALEM BRANCH","107","08/14/2026","11","FULL SERVICE - BRICK AND MORTAR","VA","51775","Virginia","290312","24153","Roanoke, VA"
"01/02/2026","6435 Ridge Rd","","SM","Tampa-St. Petersburg-Clearwater, FL","","0","","45300","1","0","45300","35583","Port Richey","Pasco","","0","","05/30/1997","82012","290425","28.280936981682174","-82.70767102144085","0","","NONE","Pinnacle Bank","PASCO BANKING BRANCH","359","08/14/2026","11","FULL SERVICE - BRICK AND MORTAR","FL","12101","Florida","290425","34668","Tampa-St. Petersburg-Clearwater, FL"
"01/02/2026","1680 Gulf To Bay Blvd","","SM","Tampa-St. Petersburg-Clearwater, FL","","0","","45300","1","0","45300","35583","Clearwater","Pinellas","","0","","10/04/1999","82012","290426","27.96123200001253","-82.76783498132966","0","","NONE","Pinnacle Bank","CLEARWATER BANKING BRANCH","360","08/14/2026","11","FULL SERVICE - BRICK AND MORTAR","FL","12103","Florida","290426","33755","Tampa-St. Petersburg-Clearwater, FL"
"01/02/2026","2190 W Nine Mile Rd","","SM","Pensacola-Ferry Pass-Brent, FL","","0","","37860","1","0","37860","35583","Pensacola","Escambia","Pensacola-Ferry Pass, FL-AL","1","426","05/18/1995","82012","290940","30.53474399286077","-87.31263196436345","0","","NONE","Pinnacle Bank","PINE FOREST BRANCH","361","08/14/2026","11","FULL SERVICE - BRICK AND MORTAR","FL","12033","Florida","290940","32534","Pensacola-Ferry Pass-Brent, FL"
"01/02/2026","369 N New York Ave","","SM","Orlando-Kissimmee-Sanford, FL","","0","","36740","1","0","36740","35583","Winter Park","Orange","Orlando-Lakeland-Deltona, FL","1","422","07/15/1985","82012","32715","28.60022198809321","-81.35308598231202","0","","NONE","Pinnacle Bank","WINTER PARK BRANCH","250","08/14/2026","11","FULL SERVICE - BRICK AND MORTAR","FL","12095","Florida","32715","32789","Orlando-Kissimmee-Sanford, FL"
"01/02/2026","2100 Experiment Station Rd","","SM","Athens-Clarke County, GA","","0","","12020","1","0","12020","35583","Watkinsville","Oconee","Atlanta-Athens-Clarke County-Sandy Springs, GA-AL","1","122","08/12/1985","82012","32828","33.873405015968444","-83.44074196342413","0","","NONE","Pinnacle Bank","BUTLERS CROSSING BRANCH","251","08/14/2026","11","FULL SERVICE - BRICK AND MORTAR","GA","13219","Georgia","32828","30677","Athens-Clarke County, GA"
"01/02/2026","800 Shades Creek Pkwy","","SM","Birmingham-Hoover, AL","","0","","13820","1","0","13820","35583","Birmingham","Jefferson","Birmingham-Hoover-Talladega, AL","1","142","09/23/1985","82012","32917","33.47504199178658","-86.76718104014508","0","","NONE","Pinnacle Bank","BIRMINGHAM BRANCH","252","08/14/2026","11","FULL SERVICE - BRICK AND MORTAR","AL","01073","Alabama","32917","35209","Birmingham-Hoover, AL"
"01/02/2026","3 Belfair Village Dr","","SM","Hilton Head Island-Bluffton, SC","","0","","25940","1","0","25940","35583","Bluffton","Beaufort","","0","","02/09/2000","82012","334459","32.268795013552904","-80.86073298978654","0","","NONE","Pinnacle Bank","BLUFFTON BRANCH","362","08/14/2026","11","FULL SERVICE - BRICK AND MORTAR","SC","45013","South Carolina","334459","29910","Hilton Head Island-Bluffton, SC"
"01/02/2026","5456 Sunset Blvd","","SM","Columbia, SC","","0","","17900","1","0","17900","35583","Lexington","Lexington","Columbia-Orangeburg-Newberry, SC","1","192","01/14/2000","82012","334460","33.99906001239971","-81.217479026512","0","","NONE","Pinnacle Bank","LEXINGTON BRANCH","363","08/14/2026","11","FULL SERVICE - BRICK AND MORTAR","SC","45063","South Carolina","334460","29072","Columbia, SC"
"01/02/2026","3100 S Mccall Rd","","SM","Punta Gorda, FL","","0","","39460","1","0","39460","35583","Englewood","Charlotte","North Port-Sarasota, FL","1","412","01/21/1986","82012","35262","26.934988990861456","-82.30530697959722","0","","NONE","Pinnacle Bank","ENGLEWOOD BANK BRANCH","253","08/14/2026","11","FULL SERVICE - BRICK AND MORTAR","FL","12015","Florida","35262","34224","Punta Gorda, FL"
"03/27/2006","2604 S Church St","","SM","Nashville-Davidson-Murfreesboro-Franklin, TN","","0","","34980","1","0","34980","35583","Murfreesboro","Rutherford","Nashville-Davidson-Murfreesboro, TN","1","400","12/21/1998","82012","356490","35.800072003994174","-86.39895699284922","0","","NONE","Pinnacle Bank","2604 SOUTH CHURCH STREET BRANCH","16","08/14/2026","11","FULL SERVICE - BRICK AND MORTAR","TN","47149","Tennessee","356490","37127","Nashville-Davidson-Murfreesboro-Franklin, TN"
"01/02/2026","4650 Whitesburg Dr Sw","","SM","Huntsville, AL","","0","","26620","1","0","26620","35583","Huntsville","Madison","Huntsville-Decatur, AL","1","290","06/01/2010","82012","357169","34.69727099626198","-86.56900602698745","0","","NONE","Pinnacle Bank","PIEDMONT BRANCH","364","08/14/2026","11","FULL SERVICE - BRICK AND MORTAR","AL","01089","Alabama","357169","35802","Huntsville, AL"
"01/02/2026","230 Seven Farms Dr","","SM","Charleston-North Charleston, SC","","0","","16700","1","0","16700","35583","Daniel Island","Berkeley","","0","","07/17/2000","82012","357424","32.860596018312776","-79.90734397429384","0","","NONE","Pinnacle Bank","DANIEL ISLAND BRANCH","365","08/14/2026","11","FULL SERVICE - BRICK AND MORTAR","SC","45015","South Carolina","357424","29492","Charleston-North Charleston, SC"
"03/01/2008","551 N Mount Juliet Rd","","SM","Nashville-Davidson-Murfreesboro-Franklin, TN","","0","","34980","1","0","34980","35583","Mount Juliet","Wilson","Nashville-Davidson-Murfreesboro, TN","1","400","04/30/2001","82012","358590","36.1799580027256","-86.51147197303897","0","","NONE","Pinnacle Bank","BANK OF THE SOUTH BRANCH","22","08/14/2026","11","FULL SERVICE - BRICK AND MORTAR","TN","47189","Tennessee","358590","37122","Nashville-Davidson-Murfreesboro-Franklin, TN"
"01/02/2026","4777 Clyde Morris Blvd","","SM","Deltona-Daytona Beach-Ormond Beach, FL","","0","","19660","1","0","19660","35583","Port Orange","Volusia","Orlando-Lakeland-Deltona, FL","1","422","09/20/2000","82012","358862","29.120996002629866","-81.02370199795054","0","","NONE","Pinnacle Bank","MESSENGER SERVICE BRANCH","366","08/14/2026","27","LIMITED SERVICE - MESSENGER","FL","12127","Florida","358862","32129","Deltona-Daytona Beach-Ormond Beach, FL"
"01/02/2026","3726 Us Highway 431 N","","SM","Columbus, GA-AL","","0","","17980","1","0","17980","35583","Phenix City","Russell","Columbus-Auburn-Opelika, GA-AL","1","194","02/26/2001","82012","359747","32.499908219821975","-85.04580609461439","0","","NONE","Pinnacle Bank","NORTH BANKING CENTER","367","08/14/2026","11","FULL SERVICE - BRICK AND MORTAR","AL","01113","Alabama","359747","36867","Columbus, GA-AL"
"01/02/2026","2603 Highway 54","","SM","Atlanta-Sandy Springs-Alpharetta, GA","","0","","12060","1","0","12060","35583","Peachtree City","Fayette","Atlanta-Athens-Clarke County-Sandy Springs, GA-AL","1","122","09/11/1986","82012","35980","33.39881398873348","-84.5892030115189","0","","NONE","Pinnacle Bank","PEACHTREE NATIONAL BANK BRANCH","254","08/14/2026","11","FULL SERVICE - BRICK AND MORTAR","GA","13113","Georgia","35980","30269","Atlanta-Sandy Springs-Alpharetta, GA"
"01/02/2026","4465 Nelson Brogdon Blvd","","SM","Atlanta-Sandy Springs-Alpharetta, GA","","0","","12060","1","0","12060","35583","Buford","Gwinnett","Atlanta-Athens-Clarke County-Sandy Springs, GA-AL","1","122","08/04/2000","82012","360057","34.098586982162004","-84.01544497535352","0","","NONE","Pinnacle Bank","BUFORD BANK BRANCH","368","08/14/2026","11","FULL SERVICE - BRICK AND MORTAR","GA","13135","Georgia","360057","30518","Atlanta-Sandy Springs-Alpharetta, GA"
"01/02/2026","960 Buford Rd","","SM","Atlanta-Sandy Springs-Alpharetta, GA","","0","","12060","1","0","12060","35583","Cumming","Forsyth","Atlanta-Athens-Clarke County-Sandy Springs, GA-AL","1","122","08/21/2000","82012","360058","34.17792797761108","-84.13100207112747","0","","NONE","Pinnacle Bank","CUMMING BANK BRANCH","369","08/14/2026","11","FULL SERVICE - BRICK AND MORTAR","GA","13117","Georgia","360058","30041","Atlanta-Sandy Springs-Alpharetta, GA"
"06/16/2017","5925 Farrington Rd","","SM","Durham-Chapel Hill, NC","","0","","20500","1","0","20500","35583","Chapel Hill","Chatham","Raleigh-Durham-Cary, NC","1","450","12/21/2001","82012","360320","35.912521311973","-78.984007182989","0","","NONE","Pinnacle Bank","CHAPEL HILL FARRINGTON ROAD BRANCH","97","08/14/2026","11","FULL SERVICE - BRICK AND MORTAR","NC","37037","North Carolina","360320","27517","Durham-Chapel Hill, NC"
"01/02/2026","100 Burch Rd","","SM","Atlanta-Sandy Springs-Alpharetta, GA","","0","","12060","1","0","12060","35583","Fayetteville","Fayette","Atlanta-Athens-Clarke County-Sandy Springs, GA-AL","1","122","05/21/2001","82012","360506","33.4480969810151","-84.48512802109362","0","","NONE","Pinnacle Bank","FAYETTEVILLE FINANCIAL BRANCH","370","08/14/2026","11","FULL SERVICE - BRICK AND MORTAR","GA","13113","Georgia","360506","30215","Atlanta-Sandy Springs-Alpharetta, GA"
"01/02/2026","8910 Conroy Windermere Rd","","SM","Orlando-Kissimmee-Sanford, FL","","0","","36740","1","0","36740","35583","Orlando","Orange","Orlando-Lakeland-Deltona, FL","1","422","06/25/2001","82012","360604","28.493047998516374","-81.50671201828249","0","","NONE","Pinnacle Bank","WINDEMERE BRANCH","371","08/14/2026","11","FULL SERVICE - BRICK AND MORTAR","FL","12095","Florida","360604","32835","Orlando-Kissimmee-Sanford, FL"
"06/16/2017","3064 Dick Pond Rd","","SM","Myrtle Beach-Conway-North Myrtle Beach, SC-NC","","0","","34820","1","0","34820","35583","Myrtle Beach","Horry","Myrtle Beach-Conway, SC-NC","1","396","06/06/2001","82012","360615","33.65266600328157","-78.98451001336076","0","","NONE","Pinnacle Bank","SURFSIDE BRANCH","73","08/14/2026","11","FULL SERVICE - BRICK AND MORTAR","SC","45051","South Carolina","360615","29588","Myrtle Beach-Conway-North Myrtle Beach, SC-NC"
"","128 Franklin Rd","","SM","Nashville-Davidson-Murfreesboro-Franklin, TN","","0","","34980","1","0","34980","35583","Brentwood","Williamson","Nashville-Davidson-Murfreesboro, TN","1","400","11/30/2000","82012","360670","36.03520400171877","-86.7872789999411","0","","NONE","Pinnacle Bank","BRENTWOOD BRANCH","1","08/14/2026","11","FULL SERVICE - BRICK AND MORTAR","TN","47187","Tennessee","360670","37027","Nashville-Davidson-Murfreesboro-Franklin, TN"
"06/16/2017","1518 Hershberger Rd Nw","","SM","Roanoke, VA","","0","","40220","1","0","40220","35583","Roanoke","Roanoke City","","0","","05/07/2001","82012","361214","37.314378985815864","-79.96009196152914","0","","NONE","Pinnacle Bank","HERSHBERGER BRANCH","108","08/14/2026","11","FULL SERVICE - BRICK AND MORTAR","VA","51770","Virginia","361214","24012","Roanoke, VA"
"01/02/2026","7900 Summerlin Lakes Dr","","SM","Cape Coral-Fort Myers, FL","","0","","15980","1","0","15980","35583","Fort Myers","Lee","Cape Coral-Fort Myers-Naples, FL","1","163","10/10/2000","82012","361343","26.54548526115039","-81.88393764285554","0","","NONE","Pinnacle Bank","FORT MYERS BRANCH","372","08/14/2026","11","FULL SERVICE - BRICK AND MORTAR","FL","12071","Florida","361343","33907","Cape Coral-Fort Myers, FL"
"01/02/2026","5290 Preserve Pkwy","","SM","Birmingham-Hoover, AL","","0","","13820","1","0","13820","35583","Hoover","Jefferson","Birmingham-Hoover-Talladega, AL","1","142","08/01/2000","82012","361471","33.35576801251423","-86.84475597312895","0","","NONE","Pinnacle Bank","TRACE CROSSINGS BRANCH","374","08/14/2026","11","FULL SERVICE - BRICK AND MORTAR","AL","01073","Alabama","361471","35244","Birmingham-Hoover, AL"
"01/02/2026","1501 N Thornton Ave","","SM","Dalton, GA","","0","","19140","1","0","19140","35583","Dalton","Whitfield","Chattanooga-Cleveland-Dalton, TN-GA","1","174","05/04/2001","82012","361774","34.79387301709218","-84.98369401552887","0","","NONE","Pinnacle Bank","DALTON BRANCH","375","08/14/2026","11","FULL SERVICE - BRICK AND MORTAR","GA","13313","Georgia","361774","30720","Dalton, GA"
"03/01/2008","524 S Main St","","SM","Nashville-Davidson-Murfreesboro-Franklin, TN","","0","","34980","1","0","34980","35583","Ashland City","Cheatham","Nashville-Davidson-Murfreesboro, TN","1","400","12/17/2001","82012","362594","36.27016702027534","-87.0602869740968","0","","NONE","Pinnacle Bank","ASHLAND CITY BRANCH","29","08/14/2026","11","FULL SERVICE - BRICK AND MORTAR","TN","47021","Tennessee","362594","37015","Nashville-Davidson-Murfreesboro-Franklin, TN"
"03/01/2008","1412 W Baddour Pkwy","","SM","Nashville-Davidson-Murfreesboro-Franklin, TN","","0","","34980","1","0","34980","35583","Lebanon","Wilson","Nashville-Davidson-Murfreesboro, TN","1","400","04/30/2001","82012","362602","36.21843198603878","-86.32739297408955","0","","NONE","Pinnacle Bank","LEBANON BRANCH","23","08/14/2026","11","FULL SERVICE - BRICK AND MORTAR","TN","47189","Tennessee","362602","37087","Nashville-Davidson-Murfreesboro-Franklin, TN"
"01/02/2026","125 Nesbit St","","SM","Punta Gorda, FL","","0","","39460","1","0","39460","35583","Punta Gorda","Charlotte","North Port-Sarasota, FL","1","412","11/01/2001","82012","362620","26.937193012301435","-82.04882702885607","0","","NONE","Pinnacle Bank","PUNTA GORDA BRANCH","376","08/14/2026","11","FULL SERVICE - BRICK AND MORTAR","FL","12015","Florida","362620","33950","Punta Gorda, FL"
"01/02/2026","5599 S University Dr","","SM","Miami-Fort Lauderdale-Pompano Beach, FL","Fort Lauderdale-Pompano Beach-Sunrise, FL","1","22744","33100","1","0","33100","35583","Davie","Broward","Miami-Port St. Lucie-Fort Lauderdale, FL","1","370","03/10/2003","82012","362926","26.050561999925677","-80.25256103847761","0","","NONE","Pinnacle Bank","DAVIE BRANCH","377","08/14/2026","11","FULL SERVICE - BRICK AND MORTAR","FL","12011","Florida","362926","33328","Miami-Fort Lauderdale-Pompano Beach, FL"
"01/02/2026","4850 W Atlantic Ave","","SM","Miami-Fort Lauderdale-Pompano Beach, FL","West Palm Beach-Boca Raton-Boynton Beach, FL","1","48424","33100","1","0","33100","35583","Delray Beach","Palm Beach","Miami-Port St. Lucie-Fort Lauderdale, FL","1","370","12/11/2001","82012","363099","26.45730898084925","-80.12007801799108","0","","NONE","Pinnacle Bank","DELRAY BEACH BRANCH","378","08/14/2026","11","FULL SERVICE - BRICK AND MORTAR","FL","12099","Florida","363099","33445","Miami-Fort Lauderdale-Pompano Beach, FL"
"01/02/2026","1200 Johnson Ferry Rd","","SM","Atlanta-Sandy Springs-Alpharetta, GA","","0","","12060","1","0","12060","35583","Marietta","Cobb","Atlanta-Athens-Clarke County-Sandy Springs, GA-AL","1","122","04/17/1987","82012","36353","33.97792399580494","-84.41624595989299","0","","NONE","Pinnacle Bank","JOHNSON FERRY BANK BRANCH","255","08/14/2026","11","FULL SERVICE - BRICK AND MORTAR","GA","13067","Georgia","36353","30068","Atlanta-Sandy Springs-Alpharetta, GA"
"01/02/2026","4018 Tampa Rd","","SM","Tampa-St. Petersburg-Clearwater, FL","","0","","45300","1","0","45300","35583","Oldsmar","Pinellas","","0","","05/10/2002","82012","364136","28.035329993830686","-82.6560680021793","0","","NONE","Pinnacle Bank","OLDSMAR BRANCH","379","08/14/2026","11","FULL SERVICE - BRICK AND MORTAR","FL","12103","Florida","364136","34677","Tampa-St. Petersburg-Clearwater, FL"
"06/16/2017","2753 Maybank Hwy","","SM","Charleston-North Charleston, SC","","0","","16700","1","0","16700","35583","Johns Island","Charleston","","0","","04/05/2002","82012","364149","32.744717338469215","-80.03624339589675","0","","NONE","Pinnacle Bank","MAYBANK HIGHWAY BRANCH","121","08/14/2026","11","FULL SERVICE - BRICK AND MORTAR","SC","45019","South Carolina","364149","29455","Charleston-North Charleston, SC"
"06/16/2017","802 Savannah Hwy","","SM","Charleston-North Charleston, SC","","0","","16700","1","0","16700","35583","Charleston","Charleston","","0","","09/13/1999","82012","364151","32.78241783975736","-79.98526507987886","0","","NONE","Pinnacle Bank","SAVANNAH HIGHWAY BRANCH","123","08/14/2026","11","FULL SERVICE - BRICK AND MORTAR","SC","45019","South Carolina","364151","29407","Charleston-North Charleston, SC"
"01/02/2026","47 S Lewis St","","SM","","","0","0","0","0","0","0","35583","Metter","Candler","","0","0","07/05/2002","82012","364306","32.39631699509748","-82.05986901282327","0","","NONE","Pinnacle Bank","METTER BRANCH","380","08/14/2026","11","FULL SERVICE - BRICK AND MORTAR","GA","13043","Georgia","364306","30439",""
"06/16/2017","1003 Hardy Rd","","SM","Roanoke, VA","","0","","40220","1","0","40220","35583","Vinton","Roanoke","","0","","05/20/2002","82012","364509","37.27266900114374","-79.88454100670505","0","","NONE","Pinnacle Bank","VINTON BRANCH","109","08/14/2026","11","FULL SERVICE - BRICK AND MORTAR","VA","51161","Virginia","364509","24179","Roanoke, VA"
"01/02/2026","555 Chastain Rd Nw","","SM","Atlanta-Sandy Springs-Alpharetta, GA","","0","","12060","1","0","12060","35583","Kennesaw","Cobb","Atlanta-Athens-Clarke County-Sandy Springs, GA-AL","1","122","10/22/2001","82012","365237","34.03667698802272","-84.566859036948","0","","NONE","Pinnacle Bank","CHASTAIN BANK BRANCH","381","08/14/2026","11","FULL SERVICE - BRICK AND MORTAR","GA","13067","Georgia","365237","30144","Atlanta-Sandy Springs-Alpharetta, GA"
"01/02/2026","334 E Paces Ferry Rd Ne","","SM","Atlanta-Sandy Springs-Alpharetta, GA","","0","","12060","1","0","12060","35583","Atlanta","Fulton","Atlanta-Athens-Clarke County-Sandy Springs, GA-AL","1","122","06/01/2010","82012","365238","33.8393669872728","-84.37661003525211","0","","NONE","Pinnacle Bank","BUCKHEAD BANK BRANCH","382","08/14/2026","11","FULL SERVICE - BRICK AND MORTAR","GA","13121","Georgia","365238","30305","Atlanta-Sandy Springs-Alpharetta, GA"
"01/02/2026","4811 Highway 90","","SM","Pensacola-Ferry Pass-Brent, FL","","0","","37860","1","0","37860","35583","Pace","Santa Rosa","Pensacola-Ferry Pass, FL-AL","1","426","05/15/2002","82012","365352","30.602901983355594","-87.12339499365696","0","","NONE","Pinnacle Bank","PACE BRANCH","383","08/14/2026","11","FULL SERVICE - BRICK AND MORTAR","FL","12113","Florida","365352","32571","Pensacola-Ferry Pass-Brent, FL"
"01/02/2026","6480 Milgen Rd","","SM","Columbus, GA-AL","","0","","17980","1","0","17980","35583","Columbus","Muscogee","Columbus-Auburn-Opelika, GA-AL","1","194","07/08/2002","82012","365539","32.53720098758917","-84.86854099895271","0","","NONE","Pinnacle Bank","MIDLAND CROSSING BRANCH","384","08/14/2026","11","FULL SERVICE - BRICK AND MORTAR","GA","13215","Georgia","365539","31907","Columbus, GA-AL"
"01/02/2026","2520 Manatee Ave W","","SM","North Port-Sarasota-Bradenton, FL","","0","","35840","1","0","35840","35583","Bradenton","Manatee","North Port-Sarasota, FL","1","412","02/07/2003","82012","366302","27.49595397966725","-82.58695996486907","0","","NONE","Pinnacle Bank","WEST MANATEE BRANCH","385","08/14/2026","11","FULL SERVICE - BRICK AND MORTAR","FL","12081","Florida","366302","34205","North Port-Sarasota-Bradenton, FL"
"01/02/2026","1400 N 15th St","","SM","Naples-Marco Island, FL","","0","","34940","1","0","34940","35583","Immokalee","Collier","Cape Coral-Fort Myers-Naples, FL","1","163","07/07/1923","82012","3858","26.43884901257178","-81.4332199941544","0","","NONE","Pinnacle Bank","IMMOKALEE BRANCH","229","08/14/2026","11","FULL SERVICE - BRICK AND MORTAR","FL","12021","Florida","3858","34142","Naples-Marco Island, FL"
"01/02/2026","2991 Chapel Hill Rd","","SM","Atlanta-Sandy Springs-Alpharetta, GA","","0","","12060","1","0","12060","35583","Douglasville","Douglas","Atlanta-Athens-Clarke County-Sandy Springs, GA-AL","1","122","10/06/1987","82012","38655","33.72289901772649","-84.73240195993911","0","","NONE","Pinnacle Bank","CHAPEL HILL ROAD BRANCH","256","08/14/2026","11","FULL SERVICE - BRICK AND MORTAR","GA","13097","Georgia","38655","30135","Atlanta-Sandy Springs-Alpharetta, GA"
"01/02/2026","1750 S 14th St","","SM","Jacksonville, FL","","0","","27260","1","0","27260","35583","Fernandina Beach","Nassau","Jacksonville-St. Marys-Palatka, FL-GA","1","300","10/15/1987","82012","38680","30.646922984461725","-81.45436099798157","0","","NONE","Pinnacle Bank","FERNANDINA BEACH BRANCH","257","08/14/2026","11","FULL SERVICE - BRICK AND MORTAR","FL","12089","Florida","38680","32034","Jacksonville, FL"
"01/02/2026","2 E Main St","","SM","Statesboro, GA","","0","","0","0","1","44340","35583","Statesboro","Bulloch","Savannah-Hinesville-Statesboro, GA","1","496","01/01/1901","82012","3889","32.44864001984179","-81.78315003485565","0","","NONE","Pinnacle Bank","STATESBORO BRANCH","230","08/14/2026","11","FULL SERVICE - BRICK AND MORTAR","GA","13031","Georgia","3889","30458",""
"01/02/2026","135 Wc Bryant Pkwy","","SM","Calhoun, GA","","0","","0","0","1","15660","35583","Calhoun","Gordon","Chattanooga-Cleveland-Dalton, TN-GA","1","174","02/15/1988","82012","39007","34.484335996436116","-84.94629999853032","0","","NONE","Pinnacle Bank","CALHOUN BRANCH","258","08/14/2026","11","FULL SERVICE - BRICK AND MORTAR","GA","13129","Georgia","39007","30701",""
"01/02/2026","71 Beal Pkwy Ne","","SM","Crestview-Fort Walton Beach-Destin, FL","","0","","18880","1","0","18880","35583","Fort Walton Beach","Okaloosa","","0","","02/22/1988","82012","39022","30.420060991505196","-86.61301898146654","0","","NONE","Pinnacle Bank","FORT WALTON BEACH BRANCH","259","08/14/2026","11","FULL SERVICE - BRICK AND MORTAR","FL","12091","Florida","39022","32548","Crestview-Fort Walton Beach-Destin, FL"
"01/02/2026","2200 Jack Warner Pkwy","Ste 100","SM","Tuscaloosa, AL","","0","","46220","1","0","46220","35583","Tuscaloosa","Tuscaloosa","","0","","04/04/1988","82012","39112","33.21400098652299","-87.56721400076859","0","","NONE","Pinnacle Bank","TUSCALOOSA BRANCH","260","08/14/2026","11","FULL SERVICE - BRICK AND MORTAR","AL","01125","Alabama","39112","35401","Tuscaloosa, AL"
"01/02/2026","5100 Lavista Rd","","SM","Atlanta-Sandy Springs-Alpharetta, GA","","0","","12060","1","0","12060","35583","Tucker","Dekalb","Atlanta-Athens-Clarke County-Sandy Springs, GA-AL","1","122","08/02/1988","82012","39561","33.85708800696632","-84.21306804018704","0","","NONE","Pinnacle Bank","TUCKER BANK BRANCH","261","08/14/2026","11","FULL SERVICE - BRICK AND MORTAR","GA","13089","Georgia","39561","30084","Atlanta-Sandy Springs-Alpharetta, GA"
"01/02/2026","269 Roswell St Ne","","SM","Atlanta-Sandy Springs-Alpharetta, GA","","0","","12060","1","0","12060","35583","Marietta","Cobb","Atlanta-Athens-Clarke County-Sandy Springs, GA-AL","1","122","02/03/1989","82012","39934","33.95112001055438","-84.54436502631026","0","","NONE","Pinnacle Bank","MARIETTA BANK BRANCH","262","08/14/2026","11","FULL SERVICE - BRICK AND MORTAR","GA","13067","Georgia","39934","30060","Atlanta-Sandy Springs-Alpharetta, GA"
"01/02/2026","150 E Henry St","","SM","Spartanburg, SC","","0","","43900","1","0","43900","35583","Spartanburg","Spartanburg","Greenville-Spartanburg-Anderson, SC","1","273","06/26/1989","82012","40260","34.94755399643795","-81.9291979921652","0","","NONE","Pinnacle Bank","SPARTANBURG MAIN BRANCH","263","08/14/2026","11","FULL SERVICE - BRICK AND MORTAR","SC","45083","South Carolina","40260","29306","Spartanburg, SC"
"01/02/2026","701 Broad St","","SM","Rome, GA","","0","","40660","1","0","40660","35583","Rome","Floyd","Atlanta-Athens-Clarke County-Sandy Springs, GA-AL","1","122","01/01/1911","82012","40631","34.257045017675054","-85.16726699898358","0","","NONE","Pinnacle Bank","ROME BRANCH","264","08/14/2026","11","FULL SERVICE - BRICK AND MORTAR","GA","13115","Georgia","40631","30161","Rome, GA"
"01/02/2026","150 W Hancock Ave","","SM","Athens-Clarke County, GA","","0","","12020","1","0","12020","35583","Athens","Clarke","Atlanta-Athens-Clarke County-Sandy Springs, GA-AL","1","122","01/01/1929","82012","41059","33.95998798029497","-83.37892903172362","0","","NONE","Pinnacle Bank","ATHENS MAIN BRANCH","265","08/14/2026","11","FULL SERVICE - BRICK AND MORTAR","GA","13059","Georgia","41059","30601","Athens-Clarke County, GA"
"01/02/2026","1301 Se Port Saint Lucie Blvd","","SM","Port St. Lucie, FL","","0","","38940","1","0","38940","35583","Port Saint Lucie","St. Lucie","Miami-Port St. Lucie-Fort Lauderdale, FL","1","370","05/11/1999","82012","418421","27.271641007285396","-80.3114399687906","0","","NONE","Pinnacle Bank","MESSENGER SERVICE BRANCH","386","08/14/2026","27","LIMITED SERVICE - MESSENGER","FL","12111","Florida","418421","34952","Port St. Lucie, FL"
"06/16/2017","530 Johnnie Dobbs Boulevard","","SM","Charleston-North Charleston, SC","","0","","16700","1","0","16700","35583","Mount Pleasant","Charleston","","0","","04/05/2002","82012","418455","32.821141","-79.857258","0","","NONE","Pinnacle Bank","MESSENGER SERVICE BRANCH","125","08/14/2026","27","LIMITED SERVICE - MESSENGER","SC","45019","South Carolina","418455","29464","Charleston-North Charleston, SC"
"","847 Conference Dr","","SM","Nashville-Davidson-Murfreesboro-Franklin, TN","","0","","34980","1","0","34980","35583","Goodlettsville","Davidson","Nashville-Davidson-Murfreesboro, TN","1","400","04/07/2003","82012","418783","36.318991983457934","-86.70006697378125","0","","NONE","Pinnacle Bank","RIVERGATE BRANCH","3","08/14/2026","11","FULL SERVICE - BRICK AND MORTAR","TN","47037","Tennessee","418783","37072","Nashville-Davidson-Murfreesboro-Franklin, TN"
"06/16/2017","707 Green Valley Rd","","SM","Greensboro-High Point, NC","","0","","24660","1","0","24660","35583","Greensboro","Guilford","Greensboro-Winston-Salem-High Point, NC","1","268","09/05/2002","82012","419007","36.09105299976238","-79.82282396397684","0","","NONE","Pinnacle Bank","GREEN VALLEY OFFICE","68","08/14/2026","11","FULL SERVICE - BRICK AND MORTAR","NC","37081","North Carolina","419007","27408","Greensboro-High Point, NC"
"06/16/2017","710 Highway 17 N","","SM","Myrtle Beach-Conway-North Myrtle Beach, SC-NC","","0","","34820","1","0","34820","35583","North Myrtle Beach","Horry","Myrtle Beach-Conway, SC-NC","1","396","11/12/2002","82012","419024","33.83425201467902","-78.67162203354371","0","","NONE","Pinnacle Bank","NORTH MYRTLE BEACH BRANCH","74","08/14/2026","11","FULL SERVICE - BRICK AND MORTAR","SC","45051","South Carolina","419024","29582","Myrtle Beach-Conway-North Myrtle Beach, SC-NC"
"01/02/2026","2105 N Courtenay Pkwy","","SM","Palm Bay-Melbourne-Titusville, FL","","0","","37340","1","0","37340","35583","Merritt Island","Brevard","","0","","03/17/2003","82012","419128","28.394382981767123","-80.70481500621177","0","","NONE","Pinnacle Bank","MERRITT ISLAND BRANCH","387","08/14/2026","11","FULL SERVICE - BRICK AND MORTAR","FL","12009","Florida","419128","32953","Palm Bay-Melbourne-Titusville, FL"
"03/01/2008","501 Highway 46 S","","SM","Nashville-Davidson-Murfreesboro-Franklin, TN","","0","","34980","1","0","34980","35583","Dickson","Dickson","Nashville-Davidson-Murfreesboro, TN","1","400","05/22/2003","82012","419236","36.062475990533116","-87.3761330113635","0","","NONE","Pinnacle Bank","DICKSON BRANCH","30","08/14/2026","11","FULL SERVICE - BRICK AND MORTAR","TN","47043","Tennessee","419236","37055","Nashville-Davidson-Murfreesboro-Franklin, TN"
"06/16/2017","1585 N University Pkwy","","SM","Greensboro-High Point, NC","","0","","24660","1","0","24660","35583","High Point","Guilford","Greensboro-Winston-Salem-High Point, NC","1","268","11/25/2002","82012","419422","35.98528733226397","-80.00402640709885","0","","NONE","Pinnacle Bank","HIGH POINT BANK OPERATIONS CENTER BRANCH","136","08/14/2026","21","LIMITED SERVICE - ADMINISTRATIVE","NC","37081","North Carolina","419422","27262","Greensboro-High Point, NC"
"03/27/2006","467 W Sam Ridley Pkwy","","SM","Nashville-Davidson-Murfreesboro-Franklin, TN","","0","","34980","1","0","34980","35583","Smyrna","Rutherford","Nashville-Davidson-Murfreesboro, TN","1","400","06/02/2003","82012","419556","35.98371401242153","-86.55210199139644","0","","NONE","Pinnacle Bank","SAM RIDLEY PKWY BRANCH","18","08/14/2026","11","FULL SERVICE - BRICK AND MORTAR","TN","47149","Tennessee","419556","37167","Nashville-Davidson-Murfreesboro-Franklin, TN"
"01/02/2026","1873 Camp Rd","","SM","Charleston-North Charleston, SC","","0","","16700","1","0","16700","35583","Charleston","Charleston","","0","","07/13/1999","82012","419619","32.7347784129599","-79.97673959470202","0","","NONE","Pinnacle Bank","BISHOP GADSDEN BRANCH","388","08/14/2026","29","LIMITED SERVICE - MOBILE/SEASONAL","SC","45019","South Carolina","419619","29412","Charleston-North Charleston, SC"
"01/02/2026","1333 Enterprise Way Nw","","SM","Huntsville, AL","","0","","26620","1","0","26620","35583","Huntsville","Madison","Huntsville-Decatur, AL","1","290","06/01/2010","82012","419751","34.74208999645994","-86.67843202439995","0","","NONE","Pinnacle Bank","WESTSIDE CENTRE BRANCH","389","08/14/2026","11","FULL SERVICE - BRICK AND MORTAR","AL","01089","Alabama","419751","35806","Huntsville, AL"
"03/01/2008","69 S Lowry St","","SM","Nashville-Davidson-Murfreesboro-Franklin, TN","","0","","34980","1","0","34980","35583","Smyrna","Rutherford","Nashville-Davidson-Murfreesboro, TN","1","400","06/16/2003","82012","419806","35.98111599962279","-86.51724500885105","0","","NONE","Pinnacle Bank","SMYRNA; S LOWRY OFFICE BRANCH","24","08/14/2026","11","FULL SERVICE - BRICK AND MORTAR","TN","47149","Tennessee","419806","37167","Nashville-Davidson-Murfreesboro-Franklin, TN"
"01/02/2026","2020 Ponce De Leon Blvd","Ste 102","SM","Miami-Fort Lauderdale-Pompano Beach, FL","Miami-Miami Beach-Kendall, FL","1","33124","33100","1","0","33100","35583","Coral Gables","Miami-Dade","Miami-Port St. Lucie-Fort Lauderdale, FL","1","370","06/30/2004","82012","423008","25.753960979987852","-80.25939296011785","0","","NONE","Pinnacle Bank","CORAL GABLES BRANCH","390","08/14/2026","11","FULL SERVICE - BRICK AND MORTAR","FL","12086","Florida","423008","33134","Miami-Fort Lauderdale-Pompano Beach, FL"
"","7040 Carothers Pkwy","","SM","Nashville-Davidson-Murfreesboro-Franklin, TN","","0","","34980","1","0","34980","35583","Franklin","Williamson","Nashville-Davidson-Murfreesboro, TN","1","400","09/19/2003","82012","423016","35.9485839893802","-86.80674303639994","0","","NONE","Pinnacle Bank","COOL SPRINGS BRANCH","4","08/14/2026","11","FULL SERVICE - BRICK AND MORTAR","TN","47187","Tennessee","423016","37067","Nashville-Davidson-Murfreesboro-Franklin, TN"
"03/01/2008","1717 Mallory Ln","","SM","Nashville-Davidson-Murfreesboro-Franklin, TN","","0","","34980","1","0","34980","35583","Brentwood","Williamson","Nashville-Davidson-Murfreesboro, TN","1","400","10/20/2003","82012","423106","35.96388398016053","-86.81531302948264","0","","NONE","Pinnacle Bank","COOL SPRINGS BRANCH","31","08/14/2026","11","FULL SERVICE - BRICK AND MORTAR","TN","47187","Tennessee","423106","37027","Nashville-Davidson-Murfreesboro-Franklin, TN"
"01/02/2026","3507 Braselton Hwy","","SM","Atlanta-Sandy Springs-Alpharetta, GA","","0","","12060","1","0","12060","35583","Dacula","Gwinnett","Atlanta-Athens-Clarke County-Sandy Springs, GA-AL","1","122","11/06/2003","82012","423492","34.06976899321646","-83.91246499675907","0","","NONE","Pinnacle Bank","HAMILTON MILL BRANCH","391","08/14/2026","11","FULL SERVICE - BRICK AND MORTAR","GA","13135","Georgia","423492","30019","Atlanta-Sandy Springs-Alpharetta, GA"
"01/02/2026","3068 Mcfarland Boulevard (a/K/A Highway 82)","","SM","Tuscaloosa, AL","","0","","46220","1","0","46220","35583","Northport","Tuscaloosa","","0","","01/05/2004","82012","424734","33.241029","-87.585963","0","","NONE","Pinnacle Bank","NORTHPORT BANKING CENTER","392","08/14/2026","11","FULL SERVICE - BRICK AND MORTAR","AL","01125","Alabama","424734","35476","Tuscaloosa, AL"
"01/02/2026","916 Main St","","SM","Warner Robins, GA","","0","","47580","1","0","47580","35583","Perry","Houston","Macon-Bibb County-Warner Robins, GA","1","356","04/18/1936","82012","42500","32.457573997069886","-83.73192299331163","0","","NONE","Pinnacle Bank","PERRY BRANCH","266","08/14/2026","11","FULL SERVICE - BRICK AND MORTAR","GA","13153","Georgia","42500","31069","Warner Robins, GA"
"01/02/2026","715 Colorado Ave","","SM","Port St. Lucie, FL","","0","","38940","1","0","38940","35583","Stuart","Martin","Miami-Port St. Lucie-Fort Lauderdale, FL","1","370","12/15/2003","82012","425155","27.19319978249357","-80.25279905053652","0","","NONE","Pinnacle Bank","STUART BRANCH","393","08/14/2026","11","FULL SERVICE - BRICK AND MORTAR","FL","12085","Florida","425155","34994","Port St. Lucie, FL"
"01/02/2026","75 Metromont Rd","","SM","Atlanta-Sandy Springs-Alpharetta, GA","","0","","12060","1","0","12060","35583","Hiram","Paulding","Atlanta-Athens-Clarke County-Sandy Springs, GA-AL","1","122","09/02/2003","82012","429522","33.885953982307555","-84.7398300025332","0","","NONE","Pinnacle Bank","HIRAM BRANCH","394","08/14/2026","11","FULL SERVICE - BRICK AND MORTAR","GA","13223","Georgia","429522","30141","Atlanta-Sandy Springs-Alpharetta, GA"
"01/02/2026","2500 Virginia Ave","","SM","Port St. Lucie, FL","","0","","38940","1","0","38940","35583","Fort Pierce","St. Lucie","Miami-Port St. Lucie-Fort Lauderdale, FL","1","370","06/24/2004","82012","429729","27.426138006814824","-80.35070097090244","0","","NONE","Pinnacle Bank","FORT PIERCE BRANCH","395","08/14/2026","11","FULL SERVICE - BRICK AND MORTAR","FL","12111","Florida","429729","34981","Port St. Lucie, FL"
"06/16/2017","203 N Main St","","SM","Charleston-North Charleston, SC","","0","","16700","1","0","16700","35583","Summerville","Dorchester","","0","","02/23/2004","82012","429964","33.021649971149","-80.173598900518","0","","NONE","Pinnacle Bank","SUMMERVILLE BRANCH","126","08/14/2026","11","FULL SERVICE - BRICK AND MORTAR","SC","45035","South Carolina","429964","29483","Charleston-North Charleston, SC"
"01/02/2026","800 Market St","Ste 100","SM","Chattanooga, TN-GA","","0","","16860","1","0","16860","35583","Chattanooga","Hamilton","Chattanooga-Cleveland-Dalton, TN-GA","1","174","03/21/2005","82012","430466","35.046824018958404","-85.30894597308196","0","","NONE","Pinnacle Bank","CHATTANOOGA BRANCH","396","08/14/2026","11","FULL SERVICE - BRICK AND MORTAR","TN","47065","Tennessee","430466","37402","Chattanooga, TN-GA"
"","2300 West End Ave","","SM","Nashville-Davidson-Murfreesboro-Franklin, TN","","0","","34980","1","0","34980","35583","Nashville","Davidson","Nashville-Davidson-Murfreesboro, TN","1","400","09/01/2004","82012","431720","36.14902098483826","-86.80494997967266","0","","NONE","Pinnacle Bank","WEST END BRANCH","5","08/14/2026","11","FULL SERVICE - BRICK AND MORTAR","TN","47037","Tennessee","431720","37203","Nashville-Davidson-Murfreesboro-Franklin, TN"
"01/02/2026","330 Mall Blvd","","SM","Savannah, GA","","0","","42340","1","0","42340","35583","Savannah","Chatham","Savannah-Hinesville-Statesboro, GA","1","496","08/20/2004","82012","432098","32.00296500791002","-81.11161198518779","0","","NONE","Pinnacle Bank","MALL BLVD BRANCH","397","08/14/2026","11","FULL SERVICE - BRICK AND MORTAR","GA","13051","Georgia","432098","31406","Savannah, GA"
"06/16/2017","103 N 2nd St","","SM","Albemarle, NC","","0","","0","0","1","10620","35583","Albemarle","Stanly","Charlotte-Concord, NC-SC","1","172","01/01/1911","82012","43502","35.350741015444854","-80.19847102472488","0","","NONE","Pinnacle Bank","ALBEMARLE SECOND STREET BRANCH","94","08/14/2026","11","FULL SERVICE - BRICK AND MORTAR","NC","37167","North Carolina","43502","28001",""
"","216 S Royal Oaks Blvd","","SM","Nashville-Davidson-Murfreesboro-Franklin, TN","","0","","34980","1","0","34980","35583","Franklin","Williamson","Nashville-Davidson-Murfreesboro, TN","1","400","01/18/2005","82012","438932","35.9113970053901","-86.83043398281114","0","","NONE","Pinnacle Bank","FRANKLIN BRANCH","6","08/14/2026","11","FULL SERVICE - BRICK AND MORTAR","TN","47187","Tennessee","438932","37064","Nashville-Davidson-Murfreesboro-Franklin, TN"
"01/02/2026","800 Market St","","SM","Chattanooga, TN-GA","","0","","16860","1","0","16860","35583","Chattanooga","Hamilton","Chattanooga-Cleveland-Dalton, TN-GA","1","174","03/21/2005","82012","439319","35.046824018958404","-85.30894597308196","0","","NONE","Pinnacle Bank","MARKET STREET BRANCH","398","08/14/2026","27","LIMITED SERVICE - MESSENGER","TN","47065","Tennessee","439319","37402","Chattanooga, TN-GA"
"01/02/2026","1555 Palm Beach Lakes Blvd","","SM","Miami-Fort Lauderdale-Pompano Beach, FL","West Palm Beach-Boca Raton-Boynton Beach, FL","1","48424","33100","1","0","33100","35583","West Palm Beach","Palm Beach","Miami-Port St. Lucie-Fort Lauderdale, FL","1","370","03/17/2005","82012","439425","26.726294018666394","-80.07976299155493","0","","NONE","Pinnacle Bank","PALM BEACH WEST BRANCH","399","08/14/2026","11","FULL SERVICE - BRICK AND MORTAR","FL","12099","Florida","439425","33401","Miami-Fort Lauderdale-Pompano Beach, FL"
"01/02/2026","8025 Westside Pkwy","","SM","Atlanta-Sandy Springs-Alpharetta, GA","","0","","12060","1","0","12060","35583","Alpharetta","Fulton","Atlanta-Athens-Clarke County-Sandy Springs, GA-AL","1","122","08/05/1960","82012","44037","34.060304986341066","-84.28768198205516","0","","NONE","Pinnacle Bank","ALPHARETTA BRANCH","267","08/14/2026","11","FULL SERVICE - BRICK AND MORTAR","GA","13121","Georgia","44037","30009","Atlanta-Sandy Springs-Alpharetta, GA"
"06/16/2017","1000 William Hilton Pkwy","","SM","Hilton Head Island-Bluffton, SC","","0","","25940","1","0","25940","35583","Hilton Head Island","Beaufort","","0","","01/03/2005","82012","441936","32.15891299869814","-80.75527397950891","0","","NONE","Pinnacle Bank","HILTON HEAD WEXFORD BRANCH","75","08/14/2026","11","FULL SERVICE - BRICK AND MORTAR","SC","45013","South Carolina","441936","29928","Hilton Head Island-Bluffton, SC"
"06/16/2017","597 Old Mt. Holly Road","","SM","Charleston-North Charleston, SC","","0","","16700","1","0","16700","35583","Goose Creek","Berkeley","","0","","12/17/2004","82012","442311","33.033351","-80.060448","0","","NONE","Pinnacle Bank","GOOSE CREEK BRANCH","127","08/14/2026","11","FULL SERVICE - BRICK AND MORTAR","SC","45015","South Carolina","442311","29445","Charleston-North Charleston, SC"
"01/02/2026","205 Del Prado Blvd S","","SM","Cape Coral-Fort Myers, FL","","0","","15980","1","0","15980","35583","Cape Coral","Lee","Cape Coral-Fort Myers-Naples, FL","1","163","01/12/2005","82012","442372","26.64829848178117","-81.94066250787148","0","","NONE","Pinnacle Bank","NORTH CAPE CORAL BRANCH","400","08/14/2026","11","FULL SERVICE - BRICK AND MORTAR","FL","12071","Florida","442372","33990","Cape Coral-Fort Myers, FL"
"06/16/2017","5 Sumar St","","SM","Charleston-North Charleston, SC","","0","","16700","1","0","16700","35583","Charleston","Charleston","","0","","02/14/2006","82012","442943","32.815176790028","-79.994197338817","0","","NONE","Pinnacle Bank","W. ASHLEY CHARLESTON BRANCH","100","08/14/2026","11","FULL SERVICE - BRICK AND MORTAR","SC","45019","South Carolina","442943","29407","Charleston-North Charleston, SC"
"01/02/2026","100 Spring Harbor Dr","","SM","Columbus, GA-AL","","0","","17980","1","0","17980","35583","Columbus","Muscogee","Columbus-Auburn-Opelika, GA-AL","1","194","08/02/2005","82012","443350","32.5484930037281","-84.99655897961769","0","","NONE","Pinnacle Bank","RIVER ROAD BRANCH","401","08/14/2026","99","LIMITED SERVICE - OTHER OFFICE/BRANCH","GA","13215","Georgia","443350","31904","Columbus, GA-AL"
"","270 E Main St","","SM","Nashville-Davidson-Murfreesboro-Franklin, TN","","0","","34980","1","0","34980","35583","Hendersonville","Sumner","Nashville-Davidson-Murfreesboro, TN","1","400","06/28/2005","82012","443463","36.311426016647104","-86.59917299943007","0","","NONE","Pinnacle Bank","HENDERSONVILLE BRANCH","8","08/14/2026","11","FULL SERVICE - BRICK AND MORTAR","TN","47165","Tennessee","443463","37075","Nashville-Davidson-Murfreesboro-Franklin, TN"
"01/02/2026","5801 49th St N","","SM","Tampa-St. Petersburg-Clearwater, FL","","0","","45300","1","0","45300","35583","Saint Petersburg","Pinellas","","0","","07/22/2005","82012","444096","27.824975991540114","-82.69956396087052","0","","NONE","Pinnacle Bank","49TH STREET BRANCH","402","08/14/2026","11","FULL SERVICE - BRICK AND MORTAR","FL","12103","Florida","444096","33709","Tampa-St. Petersburg-Clearwater, FL"
"01/02/2026","8404 Nw 103rd Street, Suites B And C","","SM","Miami-Fort Lauderdale-Pompano Beach, FL","Miami-Miami Beach-Kendall, FL","1","33124","33100","1","0","33100","35583","Hialeah Gardens","Miami-Dade","Miami-Port St. Lucie-Fort Lauderdale, FL","1","370","01/03/2006","82012","446265","25.869254","-80.334861","0","","NONE","Pinnacle Bank","HIALEAH GARDENS BRANCH","403","08/14/2026","11","FULL SERVICE - BRICK AND MORTAR","FL","12086","Florida","446265","33016","Miami-Fort Lauderdale-Pompano Beach, FL"
"06/16/2017","531 E Main St","","SM","Spartanburg, SC","","0","","43900","1","0","43900","35583","Spartanburg","Spartanburg","Greenville-Spartanburg-Anderson, SC","1","273","01/30/2006","82012","447216","34.95296598177076","-81.91757103517538","0","","NONE","Pinnacle Bank","SPARTANBURG BRANCH","114","08/14/2026","11","FULL SERVICE - BRICK AND MORTAR","SC","45083","South Carolina","447216","29302","Spartanburg, SC"
"06/16/2017","4351 Main St","Ste 105","SM","Charlotte-Concord-Gastonia, NC-SC","","0","","16740","1","0","16740","35583","Harrisburg","Cabarrus","Charlotte-Concord, NC-SC","1","172","03/01/2006","82012","448965","35.32639099998697","-80.64830102987975","0","","NONE","Pinnacle Bank","HARRISBURG OFFICE","65","08/14/2026","11","FULL SERVICE - BRICK AND MORTAR","NC","37025","North Carolina","448965","28075","Charlotte-Concord-Gastonia, NC-SC"
"06/16/2017","415 Jake Alexander Blvd W","","SM","Charlotte-Concord-Gastonia, NC-SC","","0","","16740","1","0","16740","35583","Salisbury","Rowan","Charlotte-Concord, NC-SC","1","172","02/01/2006","82012","448966","35.658384983268746","-80.50095396139703","0","","NONE","Pinnacle Bank","SALISBURY OFFICE","66","08/14/2026","11","FULL SERVICE - BRICK AND MORTAR","NC","37159","North Carolina","448966","28147","Charlotte-Concord-Gastonia, NC-SC"
"03/01/2008","411 S Cumberland St","","SM","Nashville-Davidson-Murfreesboro-Franklin, TN","","0","","34980","1","0","34980","35583","Lebanon","Wilson","Nashville-Davidson-Murfreesboro, TN","1","400","03/13/2006","82012","449793","36.19875601315813","-86.29172898190642","0","","NONE","Pinnacle Bank","SOUTH CUMBERLAND STREET BRANCH","28","08/14/2026","11","FULL SERVICE - BRICK AND MORTAR","TN","47189","Tennessee","449793","37087","Nashville-Davidson-Murfreesboro-Franklin, TN"
"01/02/2026","158 Meeting St","","SM","Charleston-North Charleston, SC","","0","","16700","1","0","16700","35583","Charleston","Charleston","","0","","11/16/1983","82012","45016","32.779261173111976","-79.93119836781696","0","","NONE","Pinnacle Bank","MEETING STREET BRANCH","268","08/14/2026","11","FULL SERVICE - BRICK AND MORTAR","SC","45019","South Carolina","45016","29401","Charleston-North Charleston, SC"
"01/02/2026","9128 Nw 25th St","","SM","Miami-Fort Lauderdale-Pompano Beach, FL","Miami-Miami Beach-Kendall, FL","1","33124","33100","1","0","33100","35583","Doral","Miami-Dade","Miami-Port St. Lucie-Fort Lauderdale, FL","1","370","01/23/2006","82012","450331","25.796382001506345","-80.34299096108553","0","","NONE","Pinnacle Bank","DORAL BRANCH","404","08/14/2026","11","FULL SERVICE - BRICK AND MORTAR","FL","12086","Florida","450331","33172","Miami-Fort Lauderdale-Pompano Beach, FL"
"01/02/2026","4000 20th St","","SM","Sebastian-Vero Beach, FL","","0","","42680","1","0","42680","35583","Vero Beach","Indian River","Miami-Port St. Lucie-Fort Lauderdale, FL","1","370","03/30/2006","82012","450393","27.638938980008916","-80.42707997394125","0","","NONE","Pinnacle Bank","VERO BEACH BRANCH","405","08/14/2026","11","FULL SERVICE - BRICK AND MORTAR","FL","12061","Florida","450393","32960","Sebastian-Vero Beach, FL"
"01/02/2026","1490 Distribution Dr","","SM","Atlanta-Sandy Springs-Alpharetta, GA","","0","","12060","1","0","12060","35583","Suwanee","Gwinnett","Atlanta-Athens-Clarke County-Sandy Springs, GA-AL","1","122","04/18/2006","82012","450832","34.00253900513171","-84.07693000700182","0","","NONE","Pinnacle Bank","OLD PEACHTREE BANK BRANCH","406","08/14/2026","11","FULL SERVICE - BRICK AND MORTAR","GA","13135","Georgia","450832","30024","Atlanta-Sandy Springs-Alpharetta, GA"
"01/02/2026","11315 S Dixie Hwy","","SM","Miami-Fort Lauderdale-Pompano Beach, FL","Miami-Miami Beach-Kendall, FL","1","33124","33100","1","0","33100","35583","Pinecrest","Miami-Dade","Miami-Port St. Lucie-Fort Lauderdale, FL","1","370","05/09/2006","82012","451781","25.665465268770273","-80.32391617328153","0","","NONE","Pinnacle Bank","PINECREST SOUTH BRANCH","407","08/14/2026","11","FULL SERVICE - BRICK AND MORTAR","FL","12086","Florida","451781","33156","Miami-Fort Lauderdale-Pompano Beach, FL"
"01/02/2026","4488 W Boy Scout Blvd","","SM","Tampa-St. Petersburg-Clearwater, FL","","0","","45300","1","0","45300","35583","Tampa","Hillsborough","","0","","07/05/2006","82012","453006","27.959748989883693","-82.51929001068663","0","","NONE","Pinnacle Bank","WESTSHORE BRANCH","408","08/14/2026","11","FULL SERVICE - BRICK AND MORTAR","FL","12057","Florida","453006","33607","Tampa-St. Petersburg-Clearwater, FL"
"01/02/2026","3706 Wheeler Rd","","SM","Augusta-Richmond County, GA-SC","","0","","12260","1","0","12260","35583","Augusta","Richmond","","0","","06/21/2006","82012","453007","33.48248901939135","-82.09754399121624","0","","NONE","Pinnacle Bank","WHEELER ROAD BRANCH","409","08/14/2026","11","FULL SERVICE - BRICK AND MORTAR","GA","13245","Georgia","453007","30909","Augusta-Richmond County, GA-SC"
"01/02/2026","255 Scranton Connector","","SM","Brunswick, GA","","0","","15260","1","0","15260","35583","Brunswick","Glynn","","0","","06/26/2006","82012","453009","31.221604999723667","-81.49075999925414","0","","NONE","Pinnacle Bank","SCRANTON BRANCH","410","08/14/2026","11","FULL SERVICE - BRICK AND MORTAR","GA","13127","Georgia","453009","31525","Brunswick, GA"
"06/16/2017","280 S Mangum St","Ste 140","SM","Durham-Chapel Hill, NC","","0","","20500","1","0","20500","35583","Durham","Durham","Raleigh-Durham-Cary, NC","1","450","03/19/2007","82012","453047","35.992267996069174","-78.90319297970422","0","","NONE","Pinnacle Bank","DURHAM OFFICE","82","08/14/2026","11","FULL SERVICE - BRICK AND MORTAR","NC","37063","North Carolina","453047","27701","Durham-Chapel Hill, NC"
"06/16/2017","8420 Dorchester Rd","","SM","Charleston-North Charleston, SC","","0","","16700","1","0","16700","35583","Charleston","Dorchester","","0","","12/28/2005","82012","453052","32.91510998872812","-80.10822198358747","0","","NONE","Pinnacle Bank","DORCHESTER ROAD BRANCH","128","08/14/2026","11","FULL SERVICE - BRICK AND MORTAR","SC","45035","South Carolina","453052","29420","Charleston-North Charleston, SC"
"01/02/2026","323 E Church St","","SM","Atlanta-Sandy Springs-Alpharetta, GA","","0","","12060","1","0","12060","35583","Cartersville","Bartow","Atlanta-Athens-Clarke County-Sandy Springs, GA-AL","1","122","11/01/2005","82012","453324","34.16811700638762","-84.78973501584946","0","","NONE","Pinnacle Bank","CARTERSVILLE BRANCH","411","08/14/2026","11","FULL SERVICE - BRICK AND MORTAR","GA","13015","Georgia","453324","30120","Atlanta-Sandy Springs-Alpharetta, GA"
"01/02/2026","319 Johnny Mercer Blvd","","SM","Savannah, GA","","0","","42340","1","0","42340","35583","Savannah","Chatham","Savannah-Hinesville-Statesboro, GA","1","496","04/25/2006","82012","453414","32.01402098965552","-80.98167697944757","0","","NONE","Pinnacle Bank","WILMINGTON ISLAND BRANCH","412","08/14/2026","11","FULL SERVICE - BRICK AND MORTAR","GA","13051","Georgia","453414","31410","Savannah, GA"
"01/02/2026","7001 River Rd","","SM","Columbus, GA-AL","","0","","17980","1","0","17980","35583","Columbus","Muscogee","Columbus-Auburn-Opelika, GA-AL","1","194","08/31/2005","82012","453624","32.55000300358515","-84.99735098564874","0","","NONE","Pinnacle Bank","SPRING HARBOR BRANCH","413","08/14/2026","29","LIMITED SERVICE - MOBILE/SEASONAL","GA","13215","Georgia","453624","31904","Columbus, GA-AL"
"06/16/2017","6355 Old Us Highway 52","","SM","Winston-Salem, NC","","0","","49180","1","0","49180","35583","Lexington","Davidson","Greensboro-Winston-Salem-High Point, NC","1","268","06/12/2006","82012","453832","35.911886005621355","-80.254027033343","0","","NONE","Pinnacle Bank","WELCOME BRANCH","67","08/14/2026","11","FULL SERVICE - BRICK AND MORTAR","NC","37057","North Carolina","453832","27295","Winston-Salem, NC"
"01/02/2026","4003 W Neptune St","","SM","Tampa-St. Petersburg-Clearwater, FL","","0","","45300","1","0","45300","35583","Tampa","Hillsborough","","0","","08/07/2006","82012","454248","27.930505996537633","-82.51037401264085","0","","NONE","Pinnacle Bank","HENDERSON BRANCH","414","08/14/2026","11","FULL SERVICE - BRICK AND MORTAR","FL","12057","Florida","454248","33629","Tampa-St. Petersburg-Clearwater, FL"
"08/03/2015","1350 Broad St","","SM","Chattanooga, TN-GA","","0","","16860","1","0","16860","35583","Chattanooga","Hamilton","Chattanooga-Cleveland-Dalton, TN-GA","1","174","03/05/2007","82012","454896","35.03902901664331","-85.31021197573757","0","","NONE","Pinnacle Bank","CHATTANOOGA SOUTHSIDE DRIVE THRU BRANCH","44","08/14/2026","11","FULL SERVICE - BRICK AND MORTAR","TN","47065","Tennessee","454896","37402","Chattanooga, TN-GA"
"01/02/2026","6705 Sr 70 East","","SM","North Port-Sarasota-Bradenton, FL","","0","","35840","1","0","35840","35583","Bradenton","Manatee","North Port-Sarasota, FL","1","412","10/30/2006","82012","456594","27.446181","-82.475378","0","","NONE","Pinnacle Bank","STATE ROAD 70 BRANCH","415","08/14/2026","11","FULL SERVICE - BRICK AND MORTAR","FL","12081","Florida","456594","34203","North Port-Sarasota-Bradenton, FL"
"01/02/2026","601 N Monroe St","","SM","Tallahassee, FL","","0","","45220","1","0","45220","35583","Tallahassee","Leon","","0","","04/17/2006","82012","457222","30.44853800462957","-84.28015100969009","0","","NONE","Pinnacle Bank","MESSENGER SERVICE","416","08/14/2026","27","LIMITED SERVICE - MESSENGER","FL","12073","Florida","457222","32301","Tallahassee, FL"
"01/02/2026","1981 Georgia Highway 138 Sw","","SM","Atlanta-Sandy Springs-Alpharetta, GA","","0","","12060","1","0","12060","35583","Conyers","Rockdale","Atlanta-Athens-Clarke County-Sandy Springs, GA-AL","1","122","06/01/2010","82012","457585","33.62305036478154","-84.05193702090453","0","","NONE","Pinnacle Bank","PARKER ROAD BRANCH","417","08/14/2026","11","FULL SERVICE - BRICK AND MORTAR","GA","13247","Georgia","457585","30013","Atlanta-Sandy Springs-Alpharetta, GA"
"01/02/2026","10820 Sr 54","","SM","Tampa-St. Petersburg-Clearwater, FL","","0","","45300","1","0","45300","35583","Trinity","Pasco","","0","","12/29/2006","82012","457908","28.193963","-82.637796","0","","NONE","Pinnacle Bank","TRINITY BRANCH","418","08/14/2026","11","FULL SERVICE - BRICK AND MORTAR","FL","12101","Florida","457908","34655","Tampa-St. Petersburg-Clearwater, FL"
"01/02/2026","4775 S Tamiami Trl","","SM","North Port-Sarasota-Bradenton, FL","","0","","35840","1","0","35840","35583","Sarasota","Sarasota","North Port-Sarasota, FL","1","412","01/23/2007","82012","458099","27.284342566171816","-82.52980561113442","0","","NONE","Pinnacle Bank","TAMIAMI BRANCH","419","08/14/2026","11","FULL SERVICE - BRICK AND MORTAR","FL","12115","Florida","458099","34231","North Port-Sarasota-Bradenton, FL"
"01/02/2026","1850 Epps Bridge Pkwy","Ste 301","SM","Athens-Clarke County, GA","","0","","12020","1","0","12020","35583","Athens","Oconee","Atlanta-Athens-Clarke County-Sandy Springs, GA-AL","1","122","03/09/2007","82012","461000","33.91579401861681","-83.44326097678545","0","","NONE","Pinnacle Bank","EPPS BRIDGE ROAD BRANCH","420","08/14/2026","11","FULL SERVICE - BRICK AND MORTAR","GA","13219","Georgia","461000","30606","Athens-Clarke County, GA"
"01/02/2026","1205 Brampton Ave","","SM","Statesboro, GA","","0","","0","0","1","44340","35583","Statesboro","Bulloch","Savannah-Hinesville-Statesboro, GA","1","496","03/05/2007","82012","461369","32.409173996378286","-81.77008499473803","0","","NONE","Pinnacle Bank","MARKET DISTRICT BRANCH","421","08/14/2026","11","FULL SERVICE - BRICK AND MORTAR","GA","13031","Georgia","461369","30458",""
"01/02/2026","4905 Paulsen St","","SM","Savannah, GA","","0","","42340","1","0","42340","35583","Savannah","Chatham","Savannah-Hinesville-Statesboro, GA","1","496","02/22/2007","82012","461371","32.030422991155845","-81.0965050296376","0","","NONE","Pinnacle Bank","PAULSEN STREET BRANCH","422","08/14/2026","11","FULL SERVICE - BRICK AND MORTAR","GA","13051","Georgia","461371","31405","Savannah, GA"
"","424 Donelson Pike","","SM","Nashville-Davidson-Murfreesboro-Franklin, TN","","0","","34980","1","0","34980","35583","Nashville","Davidson","Nashville-Davidson-Murfreesboro, TN","1","400","03/05/2007","82012","461756","36.15358899634033","-86.6662989680964","0","","NONE","Pinnacle Bank","DONELSON PIKE BRANCH","19","08/14/2026","11","FULL SERVICE - BRICK AND MORTAR","TN","47037","Tennessee","461756","37214","Nashville-Davidson-Murfreesboro-Franklin, TN"
"01/02/2026","4208 Washington Rd","","SM","Augusta-Richmond County, GA-SC","","0","","12260","1","0","12260","35583","Evans","Columbia","","0","","04/16/2007","82012","462467","33.52382600937217","-82.12056002678376","0","","NONE","Pinnacle Bank","EVANS BRANCH","423","08/14/2026","11","FULL SERVICE - BRICK AND MORTAR","GA","13073","Georgia","462467","30809","Augusta-Richmond County, GA-SC"
"01/02/2026","101 Center Rd","","SM","North Port-Sarasota-Bradenton, FL","","0","","35840","1","0","35840","35583","Venice","Sarasota","North Port-Sarasota, FL","1","412","04/23/2007","82012","463126","27.07949505517236","-82.42420687453085","0","","NONE","Pinnacle Bank","VENICE OFFICE BRANCH","424","08/14/2026","11","FULL SERVICE - BRICK AND MORTAR","FL","12115","Florida","463126","34285","North Port-Sarasota-Bradenton, FL"
"07/01/2016","25 Platform Way S","Ste 100","SM","Nashville-Davidson-Murfreesboro-Franklin, TN","","0","","34980","1","0","34980","35583","Nashville","Davidson","Nashville-Davidson-Murfreesboro, TN","1","400","07/09/2007","82012","465213","36.15997864686","-86.785626759187","0","","NONE","Pinnacle Bank","NASHVILLE YARDS BRANCH","54","08/14/2026","11","FULL SERVICE - BRICK AND MORTAR","TN","47037","Tennessee","465213","37203","Nashville-Davidson-Murfreesboro-Franklin, TN"
"01/02/2026","201 E Mcbee Ave","","SM","Greenville-Anderson, SC","","0","","24860","1","0","24860","35583","Greenville","Greenville","Greenville-Spartanburg-Anderson, SC","1","273","06/01/2007","82012","465488","34.84923100324778","-82.39730297699445","0","","NONE","Pinnacle Bank","MESSENGER SERVICE BRANCH","425","08/14/2026","27","LIMITED SERVICE - MESSENGER","SC","45045","South Carolina","465488","29601","Greenville-Anderson, SC"
"","1111 N Northshore Dr","Ste S130","SM","Knoxville, TN","","0","","28940","1","0","28940","35583","Knoxville","Knox","Knoxville-Morristown-Sevierville, TN","1","315","05/21/2007","82012","466479","35.93837801643572","-84.00435496308113","0","","NONE","Pinnacle Bank","KNOXVILLE NORTHSHORE BRANCH","20","08/14/2026","11","FULL SERVICE - BRICK AND MORTAR","TN","47093","Tennessee","466479","37919","Knoxville, TN"
"06/16/2017","3305 S Morgans Point Rd","","SM","Charleston-North Charleston, SC","","0","","16700","1","0","16700","35583","Mount Pleasant","Charleston","","0","","04/29/2007","82012","466505","32.87157794594373","-79.77584700089686","0","","NONE","Pinnacle Bank","PARK WEST BRANCH","129","08/14/2026","11","FULL SERVICE - BRICK AND MORTAR","SC","45019","South Carolina","466505","29466","Charleston-North Charleston, SC"
"01/02/2026","961 Lane Ave S","","SM","Jacksonville, FL","","0","","27260","1","0","27260","35583","Jacksonville","Duval","Jacksonville-St. Marys-Palatka, FL-GA","1","300","06/21/2007","82012","467238","30.308032999889946","-81.75137901760236","0","","NONE","Pinnacle Bank","WESTSIDE BRANCH","426","08/14/2026","11","FULL SERVICE - BRICK AND MORTAR","FL","12031","Florida","467238","32205","Jacksonville, FL"
"06/16/2017","1203 Martin Luther King Jr Blvd","","SM","Durham-Chapel Hill, NC","","0","","20500","1","0","20500","35583","Chapel Hill","Orange","Raleigh-Durham-Cary, NC","1","450","08/27/2007","82012","468142","35.945862678785744","-79.05885430940374","0","","NONE","Pinnacle Bank","CHAPEL HILL MLK BLVD BRANCH","99","08/14/2026","11","FULL SERVICE - BRICK AND MORTAR","NC","37135","North Carolina","468142","27514","Durham-Chapel Hill, NC"
"06/16/2017","3239 S Church St","","SM","Burlington, NC","","0","","15500","1","0","15500","35583","Burlington","Alamance","Greensboro-Winston-Salem-High Point, NC","1","268","07/17/2007","82012","468315","36.08134298402878","-79.50530196517022","0","","NONE","Pinnacle Bank","BURLINGTON OFFICE","91","08/14/2026","11","FULL SERVICE - BRICK AND MORTAR","NC","37001","North Carolina","468315","27215","Burlington, NC"
"01/02/2026","333 3rd Ave N","","SM","Tampa-St. Petersburg-Clearwater, FL","","0","","45300","1","0","45300","35583","Saint Petersburg","Pinellas","","0","","10/04/2007","82012","468421","27.77523400624061","-82.63808395836413","0","","NONE","Pinnacle Bank","DOWNTOWN ST. PETERSBURG BRANCH","427","08/14/2026","11","FULL SERVICE - BRICK AND MORTAR","FL","12103","Florida","468421","33701","Tampa-St. Petersburg-Clearwater, FL"
"01/02/2026","1868 Capital Cir Ne","","SM","Tallahassee, FL","","0","","45220","1","0","45220","35583","Tallahassee","Leon","","0","","10/04/2007","82012","468530","30.472490005415168","-84.23373697522736","0","","NONE","Pinnacle Bank","CAPITAL CIRCLE BRANCH","428","08/14/2026","11","FULL SERVICE - BRICK AND MORTAR","FL","12073","Florida","468530","32308","Tallahassee, FL"
"01/02/2026","217 Forum Dr","","SM","Columbia, SC","","0","","17900","1","0","17900","35583","Columbia","Richland","Columbia-Orangeburg-Newberry, SC","1","192","10/01/2007","82012","469120","34.130711003267535","-80.87513502727967","0","","NONE","Pinnacle Bank","SANDHILLS BRANCH","429","08/14/2026","11","FULL SERVICE - BRICK AND MORTAR","SC","45079","South Carolina","469120","29229","Columbia, SC"
"01/02/2026","7050 Us Highway 90","","SM","Daphne-Fairhope-Foley, AL","","0","","19300","1","0","19300","35583","Daphne","Baldwin","Mobile-Daphne-Fairhope, AL","1","380","10/01/2007","82012","469477","30.65473600786865","-87.90179996187882","0","","NONE","Pinnacle Bank","COASTAL BANK & TRUST, A BRANCH OF COMMUNITY BANK AND TRUST OF SOUTHEAST ALABAMA","430","08/14/2026","11","FULL SERVICE - BRICK AND MORTAR","AL","01003","Alabama","469477","36526","Daphne-Fairhope-Foley, AL"
"01/02/2026","280 Sandy Springs Cir","","SM","Atlanta-Sandy Springs-Alpharetta, GA","","0","","12060","1","0","12060","35583","Sandy Springs","Fulton","Atlanta-Athens-Clarke County-Sandy Springs, GA-AL","1","122","10/22/2007","82012","469487","33.92711201865558","-84.38267501275179","0","","NONE","Pinnacle Bank","SANDY SPRINGS BRANCH","431","08/14/2026","11","FULL SERVICE - BRICK AND MORTAR","GA","13121","Georgia","469487","30328","Atlanta-Sandy Springs-Alpharetta, GA"
"01/02/2026","2145 Cypress Ridge Blvd","Ste 101","SM","Tampa-St. Petersburg-Clearwater, FL","","0","","45300","1","0","45300","35583","Wesley Chapel","Pasco","","0","","12/17/2007","82012","470767","28.188142985193124","-82.37410999945091","0","","NONE","Pinnacle Bank","CYPRESS CREEK BRANCH","432","08/14/2026","11","FULL SERVICE - BRICK AND MORTAR","FL","12101","Florida","470767","33544","Tampa-St. Petersburg-Clearwater, FL"
"01/02/2026","6500 Church St","","SM","Atlanta-Sandy Springs-Alpharetta, GA","","0","","12060","1","0","12060","35583","Douglasville","Douglas","Atlanta-Athens-Clarke County-Sandy Springs, GA-AL","1","122","01/07/2008","82012","470781","33.75223199080314","-84.7430769841853","0","","NONE","Pinnacle Bank","CHURCH STREET BRANCH","433","08/14/2026","11","FULL SERVICE - BRICK AND MORTAR","GA","13097","Georgia","470781","30134","Atlanta-Sandy Springs-Alpharetta, GA"
"01/02/2026","1120 W Granada Blvd","","SM","Deltona-Daytona Beach-Ormond Beach, FL","","0","","19660","1","0","19660","35583","Ormond Beach","Volusia","Orlando-Lakeland-Deltona, FL","1","422","02/21/2008","82012","472091","29.27006798296705","-81.09659798494381","0","","NONE","Pinnacle Bank","ORMOND BEACH BRANCH","434","08/14/2026","11","FULL SERVICE - BRICK AND MORTAR","FL","12127","Florida","472091","32174","Deltona-Daytona Beach-Ormond Beach, FL"
"01/02/2026","3640 Peachtree Pkwy","","SM","Atlanta-Sandy Springs-Alpharetta, GA","","0","","12060","1","0","12060","35583","Suwanee","Forsyth","Atlanta-Athens-Clarke County-Sandy Springs, GA-AL","1","122","02/19/2008","82012","472659","34.06977716557205","-84.16821094423915","0","","NONE","Pinnacle Bank","JOHNS CREEK BRANCH","435","08/14/2026","11","FULL SERVICE - BRICK AND MORTAR","GA","13117","Georgia","472659","30024","Atlanta-Sandy Springs-Alpharetta, GA"
"06/16/2017","550 E Mcbee Ave","","SM","Greenville-Anderson, SC","","0","","24860","1","0","24860","35583","Greenville","Greenville","Greenville-Spartanburg-Anderson, SC","1","273","04/14/2009","82012","473492","34.84755198231319","-82.39330397098945","0","","NONE","Pinnacle Bank","GREENVILLE MCBEE AVENUE BRANCH","79","08/14/2026","11","FULL SERVICE - BRICK AND MORTAR","SC","45045","South Carolina","473492","29601","Greenville-Anderson, SC"
"03/01/2008","7651 Highway 70 S","","SM","Nashville-Davidson-Murfreesboro-Franklin, TN","","0","","34980","1","0","34980","35583","Nashville","Davidson","Nashville-Davidson-Murfreesboro, TN","1","400","02/29/2008","82012","473709","36.077626992984506","-86.94973604145913","0","","NONE","Pinnacle Bank","NASHVILLE OLD MO BRANCH","35","08/14/2026","11","FULL SERVICE - BRICK AND MORTAR","TN","47037","Tennessee","473709","37221","Nashville-Davidson-Murfreesboro-Franklin, TN"
"06/16/2017","831 Julian Ave","","SM","Winston-Salem, NC","","0","","49180","1","0","49180","35583","Thomasville","Davidson","Greensboro-Winston-Salem-High Point, NC","1","268","12/03/1991","82012","47377","35.86829202057248","-80.07043301131131","0","","NONE","Pinnacle Bank","BANK OF NORTH CAROLINA BRANCH","61","08/14/2026","11","FULL SERVICE - BRICK AND MORTAR","NC","37057","North Carolina","47377","27360","Winston-Salem, NC"
"01/02/2026","130 S Park Ave","","SM","Orlando-Kissimmee-Sanford, FL","","0","","36740","1","0","36740","35583","Apopka","Orange","Orlando-Lakeland-Deltona, FL","1","422","05/20/2008","82012","476597","28.675781995372745","-81.5096979874697","0","","NONE","Pinnacle Bank","APOPKA BRANCH","436","08/14/2026","11","FULL SERVICE - BRICK AND MORTAR","FL","12095","Florida","476597","32703","Orlando-Kissimmee-Sanford, FL"
"01/02/2026","550 Montgomery Hwy","","SM","Birmingham-Hoover, AL","","0","","13820","1","0","13820","35583","Birmingham","Jefferson","Birmingham-Hoover-Talladega, AL","1","142","08/21/1992","82012","47722","33.44966800112728","-86.78991401884235","0","","NONE","Pinnacle Bank","VESTAVIA BRANCH","269","08/14/2026","11","FULL SERVICE - BRICK AND MORTAR","AL","01073","Alabama","47722","35216","Birmingham-Hoover, AL"
"01/02/2026","8390 Navarre Pkwy","","SM","Pensacola-Ferry Pass-Brent, FL","","0","","37860","1","0","37860","35583","Navarre","Santa Rosa","Pensacola-Ferry Pass, FL-AL","1","426","06/13/2008","82012","478320","30.40217698570443","-86.87198299303277","0","","NONE","Pinnacle Bank","NAVARRE OFFICE","437","08/14/2026","11","FULL SERVICE - BRICK AND MORTAR","FL","12113","Florida","478320","32566","Pensacola-Ferry Pass-Brent, FL"
"06/16/2017","1810 N Peace Haven Rd","","SM","Winston-Salem, NC","","0","","49180","1","0","49180","35583","Winston Salem","Forsyth","Greensboro-Winston-Salem-High Point, NC","1","268","09/01/2007","82012","479331","36.11628998821429","-80.31529396787067","0","","NONE","Pinnacle Bank","WINSTON SALEM PEACE HAVEN","69","08/14/2026","11","FULL SERVICE - BRICK AND MORTAR","NC","37067","North Carolina","479331","27104","Winston-Salem, NC"
"01/02/2026","521 Airport Center Dr","","SM","Jacksonville, FL","","0","","27260","1","0","27260","35583","Jacksonville","Duval","Jacksonville-St. Marys-Palatka, FL-GA","1","300","08/01/2008","82012","479948","30.477548986895727","-81.63386398071137","0","","NONE","Pinnacle Bank","NORTHSIDE BRANCH","438","08/14/2026","11","FULL SERVICE - BRICK AND MORTAR","FL","12031","Florida","479948","32218","Jacksonville, FL"
"01/02/2026","1251 Us Highway 82 W","","SM","Albany, GA","","0","","10500","1","0","10500","35583","Leesburg","Lee","","0","","10/17/2008","82012","483138","31.636891002597707","-84.24635199096349","0","","NONE","Pinnacle Bank","OAKLAND BRANCH","439","08/14/2026","11","FULL SERVICE - BRICK AND MORTAR","GA","13177","Georgia","483138","31763","Albany, GA"
"06/16/2017","2630 Eastchester Dr","","SM","Greensboro-High Point, NC","","0","","24660","1","0","24660","35583","High Point","Guilford","Greensboro-Winston-Salem-High Point, NC","1","268","08/18/2008","82012","483140","36.03386901600001","-79.96436597777733","0","","NONE","Pinnacle Bank","HIGH POINT EASTCHESTER BRANCH","70","08/14/2026","11","FULL SERVICE - BRICK AND MORTAR","NC","37081","North Carolina","483140","27265","Greensboro-High Point, NC"
"01/02/2026","5506 Chamblee Dunwoody Rd","","SM","Atlanta-Sandy Springs-Alpharetta, GA","","0","","12060","1","0","12060","35583","Atlanta","Dekalb","Atlanta-Athens-Clarke County-Sandy Springs, GA-AL","1","122","11/12/2008","82012","483146","33.94855498054463","-84.33644797854892","0","","NONE","Pinnacle Bank","CHAMBLEE DUNWOOD ROAD BRANCH","440","08/14/2026","11","FULL SERVICE - BRICK AND MORTAR","GA","13089","Georgia","483146","30338","Atlanta-Sandy Springs-Alpharetta, GA"
"01/02/2026","11431 W Palmetto Park Rd","","SM","Miami-Fort Lauderdale-Pompano Beach, FL","West Palm Beach-Boca Raton-Boynton Beach, FL","1","48424","33100","1","0","33100","35583","Boca Raton","Palm Beach","Miami-Port St. Lucie-Fort Lauderdale, FL","1","370","03/16/2009","82012","489871","26.349012989713344","-80.22988296124613","0","","NONE","Pinnacle Bank","WEST BOCA BRANCH","441","08/14/2026","11","FULL SERVICE - BRICK AND MORTAR","FL","12099","Florida","489871","33428","Miami-Fort Lauderdale-Pompano Beach, FL"
"01/02/2026","401 Sea Island Rd","","SM","Brunswick, GA","","0","","15260","1","0","15260","35583","Saint Simons Island","Glynn","","0","","06/01/2009","82012","491166","31.183817997194737","-81.37509602186041","0","","NONE","Pinnacle Bank","SEA MARSH BRANCH","442","08/14/2026","23","LIMITED SERVICE - DRIVE THRU/DETACHED FACILITY","GA","13127","Georgia","491166","31522","Brunswick, GA"
"09/01/2015","1264 S Germantown Rd","","SM","Memphis, TN-MS-AR","","0","","32820","1","0","32820","35583","Germantown","Shelby","Memphis-Forrest City, TN-MS-AR","1","368","10/26/2007","82012","492565","35.114667017531886","-89.80103201689246","0","","NONE","Pinnacle Bank","GERMANTOWN BRANCH","50","08/14/2026","11","FULL SERVICE - BRICK AND MORTAR","TN","47157","Tennessee","492565","38138","Memphis, TN-MS-AR"
"09/01/2015","4445 Poplar Ave","","SM","Memphis, TN-MS-AR","","0","","32820","1","0","32820","35583","Memphis","Shelby","Memphis-Forrest City, TN-MS-AR","1","368","03/24/2008","82012","492566","35.11884900048321","-89.91391697428837","0","","NONE","Pinnacle Bank","MEMPHIS BRANCH","51","08/14/2026","11","FULL SERVICE - BRICK AND MORTAR","TN","47157","Tennessee","492566","38117","Memphis, TN-MS-AR"
"07/01/2016","3823 Cleghorn Ave","","SM","Nashville-Davidson-Murfreesboro-Franklin, TN","","0","","34980","1","0","34980","35583","Nashville","Davidson","Nashville-Davidson-Murfreesboro, TN","1","400","11/10/2008","82012","493044","36.10815099259287","-86.81930097137545","0","","NONE","Pinnacle Bank","GREEN HILLS BRANCH","58","08/14/2026","11","FULL SERVICE - BRICK AND MORTAR","TN","47037","Tennessee","493044","37215","Nashville-Davidson-Murfreesboro-Franklin, TN"
"01/02/2026","337 Folly Rd","","SM","Charleston-North Charleston, SC","","0","","16700","1","0","16700","35583","Charleston","Charleston","","0","","10/14/2008","82012","493272","32.75902621110856","-79.97432845643458","0","","NONE","Pinnacle Bank","JAMES ISLAND BRANCH","443","08/14/2026","11","FULL SERVICE - BRICK AND MORTAR","SC","45019","South Carolina","493272","29412","Charleston-North Charleston, SC"
"06/16/2017","4725 Sw Cary Pkwy","","SM","Raleigh-Cary, NC","","0","","39580","1","0","39580","35583","Cary","Wake","Raleigh-Durham-Cary, NC","1","450","03/16/2009","82012","493434","35.787786019867184","-78.82968402413171","0","","NONE","Pinnacle Bank","CARY PRESTON CORNERS BRANCH","83","08/14/2026","11","FULL SERVICE - BRICK AND MORTAR","NC","37183","North Carolina","493434","27513","Raleigh-Cary, NC"
"06/16/2017","1431 New Garden Rd","","SM","Greensboro-High Point, NC","","0","","24660","1","0","24660","35583","Greensboro","Guilford","Greensboro-Winston-Salem-High Point, NC","1","268","07/20/2009","82012","493995","36.10914701414721","-79.88349301735101","0","","NONE","Pinnacle Bank","NEW GARDEN BRANCH","139","08/14/2026","11","FULL SERVICE - BRICK AND MORTAR","NC","37081","North Carolina","493995","27410","Greensboro-High Point, NC"
"01/02/2026","5900 Bird Rd","","SM","Miami-Fort Lauderdale-Pompano Beach, FL","Miami-Miami Beach-Kendall, FL","1","33124","33100","1","0","33100","35583","Miami","Miami-Dade","Miami-Port St. Lucie-Fort Lauderdale, FL","1","370","06/30/2007","82012","497944","25.73357300634197","-80.29082199572159","0","","NONE","Pinnacle Bank","BIRD ROAD BRANCH","444","08/14/2026","11","FULL SERVICE - BRICK AND MORTAR","FL","12086","Florida","497944","33155","Miami-Fort Lauderdale-Pompano Beach, FL"
"","5019 N Broadway St","","SM","Knoxville, TN","","0","","28940","1","0","28940","35583","Knoxville","Knox","Knoxville-Morristown-Sevierville, TN","1","315","10/19/2009","82012","498650","36.03058498633587","-83.92964395877424","0","","NONE","Pinnacle Bank","FOUNTAIN CITY OFFICE","36","08/14/2026","11","FULL SERVICE - BRICK AND MORTAR","TN","47093","Tennessee","498650","37918","Knoxville, TN"
"","4328 Harding Pike","","SM","Nashville-Davidson-Murfreesboro-Franklin, TN","","0","","34980","1","0","34980","35583","Nashville","Davidson","Nashville-Davidson-Murfreesboro, TN","1","400","12/14/2009","82012","500165","36.12601701921132","-86.84661398960586","0","","NONE","Pinnacle Bank","BELLE MEADE BRANCH","37","08/14/2026","11","FULL SERVICE - BRICK AND MORTAR","TN","47037","Tennessee","500165","37205","Nashville-Davidson-Murfreesboro-Franklin, TN"
"","241 Brooklawn St","","SM","Knoxville, TN","","0","","28940","1","0","28940","35583","Knoxville","Knox","Knoxville-Morristown-Sevierville, TN","1","315","12/21/2009","82012","500307","35.87864601792704","-84.15585501313016","0","","NONE","Pinnacle Bank","FARRAGUT OFFICE BRANCH","38","08/14/2026","11","FULL SERVICE - BRICK AND MORTAR","TN","47093","Tennessee","500307","37934","Knoxville, TN"
"","2833 Bransford Ave","","SM","Nashville-Davidson-Murfreesboro-Franklin, TN","","0","","34980","1","0","34980","35583","Nashville","Davidson","Nashville-Davidson-Murfreesboro, TN","1","400","04/12/2010","82012","508305","36.11280500242151","-86.76721599268132","0","","NONE","Pinnacle Bank","100 OAKS OFFICE BRANCH","39","08/14/2026","11","FULL SERVICE - BRICK AND MORTAR","TN","47037","Tennessee","508305","37204","Nashville-Davidson-Murfreesboro-Franklin, TN"
"01/02/2026","1314 Greenview Shores Blvd","","SM","Miami-Fort Lauderdale-Pompano Beach, FL","West Palm Beach-Boca Raton-Boynton Beach, FL","1","48424","33100","1","0","33100","35583","Wellington","Palm Beach","Miami-Port St. Lucie-Fort Lauderdale, FL","1","370","07/01/2009","82012","511425","26.66297699635055","-80.26815246803135","0","","NONE","Pinnacle Bank","WELLINGTON BRANCH","445","08/14/2026","11","FULL SERVICE - BRICK AND MORTAR","FL","12099","Florida","511425","33414","Miami-Fort Lauderdale-Pompano Beach, FL"
"01/02/2026","4505 Buena Vista Rd","","SM","Columbus, GA-AL","","0","","17980","1","0","17980","35583","Columbus","Muscogee","Columbus-Auburn-Opelika, GA-AL","1","194","08/30/2010","82012","512005","32.46636799651495","-84.91733599683145","0","","NONE","Pinnacle Bank","EAST COLUMBUS BANKING CENTER","446","08/14/2026","11","FULL SERVICE - BRICK AND MORTAR","GA","13215","Georgia","512005","31907","Columbus, GA-AL"
"01/02/2026","3360 Bonita Beach Rd","","SM","Cape Coral-Fort Myers, FL","","0","","15980","1","0","15980","35583","Bonita Springs","Lee","Cape Coral-Fort Myers-Naples, FL","1","163","08/16/2010","82012","512925","26.330924758841718","-81.80879396470674","0","","NONE","Pinnacle Bank","BONITA SPRINGS BRANCH","447","08/14/2026","11","FULL SERVICE - BRICK AND MORTAR","FL","12071","Florida","512925","34134","Cape Coral-Fort Myers, FL"
"09/01/2015","9057 Poplar Ave","","SM","Memphis, TN-MS-AR","","0","","32820","1","0","32820","35583","Germantown","Shelby","Memphis-Forrest City, TN-MS-AR","1","368","08/12/2008","82012","518104","35.06882701770813","-89.76177403226578","0","","NONE","Pinnacle Bank","GERMANTOWN-FORREST HILL BRANCH","52","08/14/2026","11","FULL SERVICE - BRICK AND MORTAR","TN","47157","Tennessee","518104","38138","Memphis, TN-MS-AR"
"06/16/2017","4525 Falls Of Neuse Rd","","SM","Raleigh-Cary, NC","","0","","39580","1","0","39580","35583","Raleigh","Wake","Raleigh-Durham-Cary, NC","1","450","04/21/2011","82012","518772","35.84346499100489","-78.61411203565733","0","","NONE","Pinnacle Bank","RALEIGH FALL OF NEUSE OFFICE","76","08/14/2026","11","FULL SERVICE - BRICK AND MORTAR","NC","37183","North Carolina","518772","27609","Raleigh-Cary, NC"
"01/02/2026","2400 Tamiami Trl N","Ste 100","SM","Naples-Marco Island, FL","","0","","34940","1","0","34940","35583","Naples","Collier","Cape Coral-Fort Myers-Naples, FL","1","163","06/20/2011","82012","521338","26.176077982492785","-81.79921202445367","0","","NONE","Pinnacle Bank","MOORINGS BRANCH","448","08/14/2026","11","FULL SERVICE - BRICK AND MORTAR","FL","12021","Florida","521338","34103","Naples-Marco Island, FL"
"01/02/2026","2325 Vanderbilt Beach Rd","","SM","Naples-Marco Island, FL","","0","","34940","1","0","34940","35583","Naples","Collier","Cape Coral-Fort Myers-Naples, FL","1","163","06/20/2011","82012","521339","26.244330017941223","-81.77131202154388","0","","NONE","Pinnacle Bank","VANDERBILT BRANCH","449","08/14/2026","11","FULL SERVICE - BRICK AND MORTAR","FL","12021","Florida","521339","34109","Naples-Marco Island, FL"
"06/16/2017","5980 Fairview Rd","","SM","Charlotte-Concord-Gastonia, NC-SC","","0","","16740","1","0","16740","35583","Charlotte","Mecklenburg","Charlotte-Concord, NC-SC","1","172","02/15/2011","82012","521471","35.15083300189619","-80.8405040208439","0","","NONE","Pinnacle Bank","CHARLOTTE SOUTHPARK BRANCH","77","08/14/2026","12","FULL SERVICE - RETAIL","NC","37119","North Carolina","521471","28210","Charlotte-Concord-Gastonia, NC-SC"
"01/02/2026","6308 Georgia Highway 40 E","","SM","St. Marys, GA","","0","","0","0","1","41220","35583","Saint Marys","Camden","Jacksonville-St. Marys-Palatka, FL-GA","1","300","10/17/2011","82012","526389","30.773980985756026","-81.61921903566422","0","","NONE","Pinnacle Bank","CAMDEN FINANCIAL BANKING CENTER BRANCH","450","08/14/2026","11","FULL SERVICE - BRICK AND MORTAR","GA","13039","Georgia","526389","31558",""
"06/16/2017","2201 N Elm St","","SM","Greensboro-High Point, NC","","0","","24660","1","0","24660","35583","Greensboro","Guilford","Greensboro-Winston-Salem-High Point, NC","1","268","10/06/2011","82012","528022","36.10317901526726","-79.78836998333612","0","","NONE","Pinnacle Bank","GREENSBORO ELM STREET BRANCH","81","08/14/2026","11","FULL SERVICE - BRICK AND MORTAR","NC","37081","North Carolina","528022","27408","Greensboro-High Point, NC"
"","9603 Kingston Pike","","SM","Knoxville, TN","","0","","28940","1","0","28940","35583","Knoxville","Knox","Knoxville-Morristown-Sevierville, TN","1","315","05/09/2013","82012","539327","35.908998984801116","-84.1035820283478","0","","NONE","Pinnacle Bank","SEVEN OAKS BRANCH","40","08/14/2026","11","FULL SERVICE - BRICK AND MORTAR","TN","47093","Tennessee","539327","37922","Knoxville, TN"
"08/03/2015","10 Church St Ne","","SM","Cleveland, TN","","0","","17420","1","0","17420","35583","Cleveland","Bradley","Chattanooga-Cleveland-Dalton, TN-GA","1","174","08/24/2012","82012","540733","35.158944001961004","-84.87484100501744","0","","NONE","Pinnacle Bank","CLEVELAND LOCATION BRANCH","46","08/14/2026","11","FULL SERVICE - BRICK AND MORTAR","TN","47011","Tennessee","540733","37311","Cleveland, TN"
"08/03/2015","231 Jackson Sq","","SM","Knoxville, TN","","0","","28940","1","0","28940","35583","Oak Ridge","Anderson","Knoxville-Morristown-Sevierville, TN","1","315","09/28/2012","82012","540734","36.02949196322514","-84.24003067469195","0","","NONE","Pinnacle Bank","OAK RIDGE LOCATION BRANCH","47","08/14/2026","11","FULL SERVICE - BRICK AND MORTAR","TN","47001","Tennessee","540734","37830","Knoxville, TN"
"06/16/2017","329 Folly Rd","","SM","Charleston-North Charleston, SC","","0","","16700","1","0","16700","35583","Charleston","Charleston","","0","","08/29/2012","82012","541044","32.76005894539881","-79.97487244195067","0","","NONE","Pinnacle Bank","FOLLY ROAD BRANCH","102","08/14/2026","11","FULL SERVICE - BRICK AND MORTAR","SC","45019","South Carolina","541044","29412","Charleston-North Charleston, SC"
"06/16/2017","1999 Hendersonville Rd","","SM","Asheville, NC","","0","","11700","1","0","11700","35583","Asheville","Buncombe","Asheville-Marion-Brevard, NC","1","120","11/19/2012","82012","541813","35.486589998699074","-82.52555498039608","0","","NONE","Pinnacle Bank","ASHEVILLE OFFICE","86","08/14/2026","11","FULL SERVICE - BRICK AND MORTAR","NC","37021","North Carolina","541813","28803","Asheville, NC"
"06/16/2017","2312 Bridgeport Dr","","SM","Raleigh-Cary, NC","","0","","39580","1","0","39580","35583","Raleigh","Wake","Raleigh-Durham-Cary, NC","1","450","03/24/2014","82012","551268","35.89018798241867","-78.67868496043546","0","","NONE","Pinnacle Bank","STONEHENGE BRANCH","93","08/14/2026","11","FULL SERVICE - BRICK AND MORTAR","NC","37183","North Carolina","551268","27615","Raleigh-Cary, NC"
"06/16/2017","202 Campbell Ave Se","","SM","Roanoke, VA","","0","","40220","1","0","40220","35583","Roanoke","Roanoke City","","0","","05/15/1995","82012","55597","37.27197422519","-79.937105849356","0","","NONE","Pinnacle Bank","ROANOKE CAMPBELL AVENUE BRANCH OFFICE","104","08/14/2026","11","FULL SERVICE - BRICK AND MORTAR","VA","51770","Virginia","55597","24013","Roanoke, VA"
"06/16/2017","4003 Challenger Ave","","SM","Roanoke, VA","","0","","40220","1","0","40220","35583","Roanoke","Roanoke","","0","","11/01/2013","82012","557535","37.313061015360546","-79.88247897470485","0","","NONE","Pinnacle Bank","BONSACK BRANCH","112","08/14/2026","11","FULL SERVICE - BRICK AND MORTAR","VA","51161","Virginia","557535","24012","Roanoke, VA"
"06/16/2017","3900 Pelham Rd","","SM","Greenville-Anderson, SC","","0","","24860","1","0","24860","35583","Greenville","Greenville","Greenville-Spartanburg-Anderson, SC","1","273","09/05/2014","82012","559631","34.85910601674537","-82.26541297615758","0","","NONE","Pinnacle Bank","PELHAM ROAD BRANCH","118","08/14/2026","11","FULL SERVICE - BRICK AND MORTAR","SC","45045","South Carolina","559631","29615","Greenville-Anderson, SC"
"","1520 E Emory Rd","","SM","Knoxville, TN","","0","","28940","1","0","28940","35583","Knoxville","Knox","Knoxville-Morristown-Sevierville, TN","1","315","12/10/2014","82012","563188","36.063055012404476","-83.97596302627397","0","","NONE","Pinnacle Bank","EMORY ROAD BRANCH","41","08/14/2026","11","FULL SERVICE - BRICK AND MORTAR","TN","47093","Tennessee","563188","37938","Knoxville, TN"
"06/16/2017","215 Harvey St","","SM","Winston-Salem, NC","","0","","49180","1","0","49180","35583","Winston Salem","Forsyth","Greensboro-Winston-Salem-High Point, NC","1","268","05/11/2015","82012","568565","36.08461498566187","-80.29395800097564","0","","NONE","Pinnacle Bank","STRATFORD ROAD BRANCH","103","08/14/2026","11","FULL SERVICE - BRICK AND MORTAR","NC","37067","North Carolina","568565","27103","Winston-Salem, NC"
"01/02/2026","1033 Demonbreun St","","SM","Nashville-Davidson-Murfreesboro-Franklin, TN","","0","","34980","1","0","34980","35583","Nashville","Davidson","Nashville-Davidson-Murfreesboro, TN","1","400","06/01/2015","82012","569314","36.15479900788273","-86.78447198438667","0","","NONE","Pinnacle Bank","THE BANK OF NASHVILLE, A DIVISION OF SYNOVUS","451","08/14/2026","11","FULL SERVICE - BRICK AND MORTAR","TN","47037","Tennessee","569314","37203","Nashville-Davidson-Murfreesboro-Franklin, TN"
"06/16/2017","3751 Robert M Grissom Pkwy","Ste 100","SM","Myrtle Beach-Conway-North Myrtle Beach, SC-NC","","0","","34820","1","0","34820","35583","Myrtle Beach","Horry","Myrtle Beach-Conway, SC-NC","1","396","09/23/1996","82012","57001","33.72402198320442","-78.86727803334001","0","","NONE","Pinnacle Bank","MYRTLE BEACH GRISSOM BRANCH","72","08/14/2026","11","FULL SERVICE - BRICK AND MORTAR","SC","45051","South Carolina","57001","29577","Myrtle Beach-Conway-North Myrtle Beach, SC-NC"
"01/02/2026","1605 Main St","","SM","North Port-Sarasota-Bradenton, FL","","0","","35840","1","0","35840","35583","Sarasota","Sarasota","North Port-Sarasota, FL","1","412","10/26/2015","82012","573176","27.33664471997723","-82.53777084990301","0","","NONE","Pinnacle Bank","DOWNTOWN SATASOTA BRANCH","452","08/14/2026","11","FULL SERVICE - BRICK AND MORTAR","FL","12115","Florida","573176","34236","North Port-Sarasota-Bradenton, FL"
"06/16/2017","6602 Calhoun Memorial Hwy","","SM","Greenville-Anderson, SC","","0","","24860","1","0","24860","35583","Easley","Pickens","Greenville-Spartanburg-Anderson, SC","1","273","10/16/2015","82012","573464","34.821887013885146","-82.58801600085013","0","","NONE","Pinnacle Bank","EASLEY BRANCH","119","08/14/2026","11","FULL SERVICE - BRICK AND MORTAR","SC","45077","South Carolina","573464","29640","Greenville-Anderson, SC"
"01/02/2026","7768 Ozark Dr","","SM","Jacksonville, FL","","0","","27260","1","0","27260","35583","Jacksonville","Duval","Jacksonville-St. Marys-Palatka, FL-GA","1","300","03/07/2016","82012","577678","30.23510700568329","-81.5122940305212","0","","NONE","Pinnacle Bank","JACKSONVILLE BRANCH","453","08/14/2026","11","FULL SERVICE - BRICK AND MORTAR","FL","12031","Florida","577678","32256","Jacksonville, FL"
"06/16/2017","211 Broad St","","SM","Winston-Salem, NC","","0","","49180","1","0","49180","35583","Kernersville","Forsyth","Greensboro-Winston-Salem-High Point, NC","1","268","11/05/1997","82012","57788","36.11576800519403","-80.07072403098955","0","","NONE","Pinnacle Bank","KERNERSVILLE BRANCH","64","08/14/2026","11","FULL SERVICE - BRICK AND MORTAR","NC","37067","North Carolina","57788","27284","Winston-Salem, NC"
"01/02/2026","1000 13th St","","SM","Columbus, GA-AL","","0","","17980","1","0","17980","35583","Phenix City","Russell","Columbus-Auburn-Opelika, GA-AL","1","194","04/06/1909","82012","5793","32.471201747946715","-85.0096386832503","0","","NONE","Pinnacle Bank","PHENIX CITY BRANCH","231","08/14/2026","11","FULL SERVICE - BRICK AND MORTAR","AL","01113","Alabama","5793","36867","Columbus, GA-AL"
"01/02/2026","632 S Federal Hwy","","SM","Miami-Fort Lauderdale-Pompano Beach, FL","Fort Lauderdale-Pompano Beach-Sunrise, FL","1","22744","33100","1","0","33100","35583","Fort Lauderdale","Broward","Miami-Port St. Lucie-Fort Lauderdale, FL","1","370","07/25/2016","82012","580607","26.113480001740854","-80.13676596811823","0","","NONE","Pinnacle Bank","FT LAUDERDALE RIO VISTA BRANCH","454","08/14/2026","11","FULL SERVICE - BRICK AND MORTAR","FL","12011","Florida","580607","33301","Miami-Fort Lauderdale-Pompano Beach, FL"
"01/02/2026","140 N Federal Hwy","","SM","Miami-Fort Lauderdale-Pompano Beach, FL","West Palm Beach-Boca Raton-Boynton Beach, FL","1","48424","33100","1","0","33100","35583","Boca Raton","Palm Beach","Miami-Port St. Lucie-Fort Lauderdale, FL","1","370","08/15/2016","82012","581611","26.351961994707565","-80.08614002730984","0","","NONE","Pinnacle Bank","BOCA RATON BRANCH","455","08/14/2026","11","FULL SERVICE - BRICK AND MORTAR","FL","12099","Florida","581611","33432","Miami-Fort Lauderdale-Pompano Beach, FL"
"06/16/2017","1700 Dickerson Blvd","","SM","Charlotte-Concord-Gastonia, NC-SC","","0","","16740","1","0","16740","35583","Monroe","Union","Charlotte-Concord, NC-SC","1","172","08/22/2016","82012","581995","35.00250701094163","-80.56621101711235","0","","NONE","Pinnacle Bank","MONROE BRANCH","131","08/14/2026","11","FULL SERVICE - BRICK AND MORTAR","NC","37179","North Carolina","581995","28110","Charlotte-Concord-Gastonia, NC-SC"
"","837 W Lamar Alexander Pkwy","","SM","Knoxville, TN","","0","","28940","1","0","28940","35583","Maryville","Blount","Knoxville-Morristown-Sevierville, TN","1","315","01/23/2017","82012","585478","35.75048500008438","-83.9894050005774","0","","NONE","Pinnacle Bank","MARYVILLE BRANCH","59","08/14/2026","11","FULL SERVICE - BRICK AND MORTAR","TN","47009","Tennessee","585478","37801","Knoxville, TN"
"","13690 Highway 51 S","","SM","Memphis, TN-MS-AR","","0","","32820","1","0","32820","35583","Atoka","Tipton","Memphis-Forrest City, TN-MS-AR","1","368","01/24/2017","82012","585490","35.421099004066136","-89.81806798363945","0","","NONE","Pinnacle Bank","PINNACLE - ATOKA HOME LOAN CENTER","60","08/14/2026","24","LIMITED SERVICE - LOAN PRODUCTION","TN","47167","Tennessee","585490","38004","Memphis, TN-MS-AR"
"","6180 Shallowford Rd","","SM","Chattanooga, TN-GA","","0","","16860","1","0","16860","35583","Chattanooga","Hamilton","Chattanooga-Cleveland-Dalton, TN-GA","1","174","06/22/2017","82012","589565","35.05263598871075","-85.18083595912012","0","","NONE","Pinnacle Bank","SHALLOWFORD ROAD OFFICE","140","08/14/2026","11","FULL SERVICE - BRICK AND MORTAR","TN","47065","Tennessee","589565","37421","Chattanooga, TN-GA"
"","6705 Winchester Rd","","SM","Memphis, TN-MS-AR","","0","","32820","1","0","32820","35583","Memphis","Shelby","Memphis-Forrest City, TN-MS-AR","1","368","07/31/2017","82012","590144","35.04850400381186","-89.83996503513305","0","","NONE","Pinnacle Bank","PINNACLE BANK - SOUTHEAST MORTGAGE LOAN OFFICE","143","08/14/2026","24","LIMITED SERVICE - LOAN PRODUCTION","TN","47157","Tennessee","590144","38115","Memphis, TN-MS-AR"
"","3515 Glenwood Ave","","SM","Raleigh-Cary, NC","","0","","39580","1","0","39580","35583","Raleigh","Wake","Raleigh-Durham-Cary, NC","1","450","07/24/2017","82012","590335","35.826498007321035","-78.66686697987228","0","","NONE","Pinnacle Bank","RALEIGH GLENWOOD AVE BRANCH","144","08/14/2026","11","FULL SERVICE - BRICK AND MORTAR","NC","37183","North Carolina","590335","27612","Raleigh-Cary, NC"
"01/02/2026","3400 Overton Park Dr Se","","SM","Atlanta-Sandy Springs-Alpharetta, GA","","0","","12060","1","0","12060","35583","Atlanta","Cobb","Atlanta-Athens-Clarke County-Sandy Springs, GA-AL","1","122","08/21/2017","82012","591421","33.888702995092004","-84.45719499348532","0","","NONE","Pinnacle Bank","OVERTON BRANCH","456","08/14/2026","11","FULL SERVICE - BRICK AND MORTAR","GA","13067","Georgia","591421","30339","Atlanta-Sandy Springs-Alpharetta, GA"
"","425 11th Ave N","","SM","Nashville-Davidson-Murfreesboro-Franklin, TN","","0","","34980","1","0","34980","35583","Nashville","Davidson","Nashville-Davidson-Murfreesboro, TN","1","400","11/02/2017","82012","592414","36.16251601658878","-86.79142100121426","0","","NONE","Pinnacle Bank","CAPITOL VIEW OFFICE","145","08/14/2026","11","FULL SERVICE - BRICK AND MORTAR","TN","47037","Tennessee","592414","37203","Nashville-Davidson-Murfreesboro-Franklin, TN"
"","949 Shady Grove Rd S","","SM","Memphis, TN-MS-AR","","0","","32820","1","0","32820","35583","Memphis","Shelby","Memphis-Forrest City, TN-MS-AR","1","368","10/30/2017","82012","592416","35.10532899066122","-89.86049198073358","0","","NONE","Pinnacle Bank","SHADY GROVE BRANCH","146","08/14/2026","11","FULL SERVICE - BRICK AND MORTAR","TN","47157","Tennessee","592416","38120","Memphis, TN-MS-AR"
"","15025 Ballancroft Pkwy","","SM","Charlotte-Concord-Gastonia, NC-SC","","0","","16740","1","0","16740","35583","Charlotte","Mecklenburg","Charlotte-Concord, NC-SC","1","172","03/05/2018","82012","596457","35.04140801031208","-80.84732697384773","0","","NONE","Pinnacle Bank","BALLANTYNE OFFICE","147","08/14/2026","11","FULL SERVICE - BRICK AND MORTAR","NC","37119","North Carolina","596457","28277","Charlotte-Concord-Gastonia, NC-SC"
"01/02/2026","218 E Jefferson St","","SM","Thomasville, GA","","0","","0","0","1","45620","35583","Thomasville","Thomas","","0","","07/22/1916","82012","602981","30.839911988396153","-83.97884899935632","0","","NONE","Pinnacle Bank","JEFFERSON STREET DRIVE-THRU","457","08/14/2026","23","LIMITED SERVICE - DRIVE THRU/DETACHED FACILITY","GA","13275","Georgia","602981","31792",""
"","9087 Poplar Ave","","SM","Memphis, TN-MS-AR","","0","","32820","1","0","32820","35583","Memphis","Shelby","Memphis-Forrest City, TN-MS-AR","1","368","07/30/2018","82012","603974","35.067566002284906","-89.76085403457324","0","","NONE","Pinnacle Bank","STONECREEK CENTER 2 LPO","148","08/14/2026","24","LIMITED SERVICE - LOAN PRODUCTION","TN","47157","Tennessee","603974","38138","Memphis, TN-MS-AR"
"","1105 Furys Ln","","SM","Augusta-Richmond County, GA-SC","","0","","12260","1","0","12260","35583","Martinez","Columbia","","0","","08/31/2018","82012","604532","33.52918401524852","-82.07554702743681","0","","NONE","Pinnacle Bank","MARTINEZ LPO","149","08/14/2026","24","LIMITED SERVICE - LOAN PRODUCTION","GA","13073","Georgia","604532","30907","Augusta-Richmond County, GA-SC"
"","2299 Anderson Rd","","SM","Evansville, IN-KY","","0","","21780","1","0","21780","35583","Newburgh","Warrick","","0","","08/31/2018","82012","604533","38.0009959954773","-87.36023899510514","0","","NONE","Pinnacle Bank","NEWBURGH LPO","150","08/14/2026","24","LIMITED SERVICE - LOAN PRODUCTION","IN","18173","Indiana","604533","47630","Evansville, IN-KY"
"","5740 Getwell Rd Ste 109","","SM","Memphis, TN-MS-AR","","0","","32820","1","0","32820","35583","Southaven","Desoto","Memphis-Forrest City, TN-MS-AR","1","368","08/31/2018","82012","604534","34.943981000661836","-89.9356789933218","0","","NONE","Pinnacle Bank","SOUTHAVEN LPO","151","08/14/2026","24","LIMITED SERVICE - LOAN PRODUCTION","MS","28033","Mississippi","604534","38672","Memphis, TN-MS-AR"
"","7422 Carmel Executive Park Dr","Ste 300","SM","Charlotte-Concord-Gastonia, NC-SC","","0","","16740","1","0","16740","35583","Charlotte","Mecklenburg","Charlotte-Concord, NC-SC","1","172","08/31/2018","82012","604535","35.08925698468893","-80.84417697081537","0","","NONE","Pinnacle Bank","CHARLOTTE LPO","152","08/14/2026","24","LIMITED SERVICE - LOAN PRODUCTION","NC","37119","North Carolina","604535","28226","Charlotte-Concord-Gastonia, NC-SC"
"","845 Church St N","Ste 105","SM","Charlotte-Concord-Gastonia, NC-SC","","0","","16740","1","0","16740","35583","Concord","Cabarrus","Charlotte-Concord, NC-SC","1","172","08/31/2018","82012","604536","35.43242199133729","-80.60291201835634","0","","NONE","Pinnacle Bank","CONCORD LPO","153","08/14/2026","24","LIMITED SERVICE - LOAN PRODUCTION","NC","37025","North Carolina","604536","28025","Charlotte-Concord-Gastonia, NC-SC"
"","102 E Victoria Ct","Ste B","SM","Greenville, NC","","0","","24780","1","0","24780","35583","Greenville","Pitt","Greenville-Kinston-Washington, NC","1","272","08/31/2018","82012","604537","35.56610898839594","-77.38301799510747","0","","NONE","Pinnacle Bank","GREENVILLE LPO","154","08/14/2026","24","LIMITED SERVICE - LOAN PRODUCTION","NC","37147","North Carolina","604537","27858","Greenville, NC"
"","125 Commerce Park Rd","Ste 101","SM","Charlotte-Concord-Gastonia, NC-SC","","0","","16740","1","0","16740","35583","Mooresville","Iredell","Charlotte-Concord, NC-SC","1","172","08/31/2018","82012","604538","35.57790199088767","-80.84263101259369","0","","NONE","Pinnacle Bank","MORRESVILLE LPO","155","08/14/2026","24","LIMITED SERVICE - LOAN PRODUCTION","NC","37097","North Carolina","604538","28117","Charlotte-Concord-Gastonia, NC-SC"
"","2868 Summer Oaks Dr","","SM","Memphis, TN-MS-AR","","0","","32820","1","0","32820","35583","Bartlett","Shelby","Memphis-Forrest City, TN-MS-AR","1","368","08/31/2018","82012","604539","35.20366501771085","-89.84255495939523","0","","NONE","Pinnacle Bank","BARTLETT LPO","156","08/14/2026","24","LIMITED SERVICE - LOAN PRODUCTION","TN","47157","Tennessee","604539","38134","Memphis, TN-MS-AR"
"","383 Johnny Cash Blvd","","SM","Nashville-Davidson-Murfreesboro-Franklin, TN","","0","","34980","1","0","34980","35583","Hendersonville","Sumner","Nashville-Davidson-Murfreesboro, TN","1","400","08/31/2018","82012","604540","36.30321857270684","-86.62727264204584","0","","NONE","Pinnacle Bank","HENDERSONVILLE LPO","157","08/14/2026","24","LIMITED SERVICE - LOAN PRODUCTION","TN","47165","Tennessee","604540","37075","Nashville-Davidson-Murfreesboro-Franklin, TN"
"","2235 Whitten Rd","Ste 104","SM","Memphis, TN-MS-AR","","0","","32820","1","0","32820","35583","Memphis","Shelby","Memphis-Forrest City, TN-MS-AR","1","368","08/31/2018","82012","604543","35.18659598435582","-89.83651797745215","0","","NONE","Pinnacle Bank","WHITTEN ROAD LPO","160","08/14/2026","24","LIMITED SERVICE - LOAN PRODUCTION","TN","47157","Tennessee","604543","38133","Memphis, TN-MS-AR"
"","733 Sid Rich Dr","","SM","Dallas-Fort Worth-Arlington, TX","Dallas-Plano-Irving, TX","1","19124","19100","1","0","19100","35583","Irving","Dallas","Dallas-Fort Worth, TX-OK","1","206","08/31/2018","82012","604544","32.86253098066082","-96.92728703698482","0","","NONE","Pinnacle Bank","IRVING LPO","161","08/14/2026","24","LIMITED SERVICE - LOAN PRODUCTION","TX","48113","Texas","604544","75039","Dallas-Fort Worth-Arlington, TX"
"","12970 Booker T Washington Hwy","","SM","Roanoke, VA","","0","","40220","1","0","40220","35583","Hardy","Franklin","","0","","08/31/2018","82012","604545","37.118690003230554","-79.71736797118437","0","","NONE","Pinnacle Bank","HARDY LPO","162","08/14/2026","24","LIMITED SERVICE - LOAN PRODUCTION","VA","51067","Virginia","604545","24101","Roanoke, VA"
"","3565 Electric Rd Ste 1","","SM","Roanoke, VA","","0","","40220","1","0","40220","35583","Roanoke","Roanoke","","0","","08/31/2018","82012","604546","37.225135982607085","-79.99735899269457","0","","NONE","Pinnacle Bank","ROANOKE LPO","163","08/14/2026","24","LIMITED SERVICE - LOAN PRODUCTION","VA","51161","Virginia","604546","24018","Roanoke, VA"
"","5308 Mount View Rd","Ste E","SM","Nashville-Davidson-Murfreesboro-Franklin, TN","","0","","34980","1","0","34980","35583","Antioch","Davidson","Nashville-Davidson-Murfreesboro, TN","1","400","08/31/2018","82012","604547","36.04793271258111","-86.64821085822791","0","","NONE","Pinnacle Bank","ANTIOCH LPO","164","08/14/2026","24","LIMITED SERVICE - LOAN PRODUCTION","TN","47037","Tennessee","604547","37013","Nashville-Davidson-Murfreesboro-Franklin, TN"
"","1610 Graves Mill Rd","","SM","Lynchburg, VA","","0","","31340","1","0","31340","35583","Lynchburg","Lynchburg City","","0","","08/31/2018","82012","604548","37.37736601260369","-79.23635703475976","0","","NONE","Pinnacle Bank","LYNCHBURG LPO","165","08/14/2026","24","LIMITED SERVICE - LOAN PRODUCTION","VA","51680","Virginia","604548","24502","Lynchburg, VA"
"01/02/2026","5429 Bowman Rd Ste 110","Ste 100","SM","Macon-Bibb County, GA","","0","","31420","1","0","31420","35583","Macon","Bibb","Macon-Bibb County-Warner Robins, GA","1","356","08/15/2018","82012","604845","32.92473501196352","-83.73291901486596","0","","NONE","Pinnacle Bank","BOWMAN ROAD BRANCH","458","08/14/2026","11","FULL SERVICE - BRICK AND MORTAR","GA","13021","Georgia","604845","31210","Macon-Bibb County, GA"
"","677 Kemper Dr","","SM","Augusta-Richmond County, GA-SC","","0","","12260","1","0","12260","35583","Evans","Columbia","","0","","03/05/2019","82012","610425","33.54381299277014","-82.10415002056591","0","","NONE","Pinnacle Bank","EVANS LPO","167","08/14/2026","24","LIMITED SERVICE - LOAN PRODUCTION","GA","13073","Georgia","610425","30809","Augusta-Richmond County, GA-SC"
"","155 Rozelle Street","","SM","Memphis, TN-MS-AR","","0","","32820","1","0","32820","35583","Memphis","Shelby","Memphis-Forrest City, TN-MS-AR","1","368","05/09/2019","82012","612658","35.135210843774956","-90.00630298863817","0","","NONE","Pinnacle Bank","UNION AVENUE OFFICE","168","08/14/2026","11","FULL SERVICE - BRICK AND MORTAR","TN","47157","Tennessee","612658","38104","Memphis, TN-MS-AR"
"","16810 Kenton Dr","Ste 220","SM","Charlotte-Concord-Gastonia, NC-SC","","0","","16740","1","0","16740","35583","Huntersville","Mecklenburg","Charlotte-Concord, NC-SC","1","172","06/01/2019","82012","613563","35.444775994608534","-80.88999798562843","0","","NONE","Pinnacle Bank","HUNTERSVILLE LPO/DPO","169","08/14/2026","24","LIMITED SERVICE - LOAN PRODUCTION","NC","37119","North Carolina","613563","28078","Charlotte-Concord-Gastonia, NC-SC"
"","3600 N Duke St","Ste 16","SM","Durham-Chapel Hill, NC","","0","","20500","1","0","20500","35583","Durham","Durham","Raleigh-Durham-Cary, NC","1","450","06/01/2019","82012","613564","36.04915899040604","-78.90462301620498","0","","NONE","Pinnacle Bank","NORTH DUKE CROSSING LPO/DPO","170","08/14/2026","24","LIMITED SERVICE - LOAN PRODUCTION","NC","37063","North Carolina","613564","27704","Durham-Chapel Hill, NC"
"06/16/2017","530 Johnnie Dodds Blvd","","SM","Charleston-North Charleston, SC","","0","","16700","1","0","16700","35583","Mount Pleasant","Charleston","","0","","07/20/1998","82012","61547","32.80604629908039","-79.88797666499762","0","","NONE","Pinnacle Bank","SOUTHCOAST COMMUNITY BANK BRANCH","120","08/14/2026","11","FULL SERVICE - BRICK AND MORTAR","SC","45019","South Carolina","61547","29464","Charleston-North Charleston, SC"
"01/02/2026","217 Wheelhouse Ln","","SM","Orlando-Kissimmee-Sanford, FL","","0","","36740","1","0","36740","35583","Lake Mary","Seminole","Orlando-Lakeland-Deltona, FL","1","422","08/02/2019","82012","616800","28.755169012004117","-81.33474897655414","0","","NONE","Pinnacle Bank","LAKE MARY BRANCH","459","08/14/2026","11","FULL SERVICE - BRICK AND MORTAR","FL","12117","Florida","616800","32746","Orlando-Kissimmee-Sanford, FL"
"01/02/2026","1790 E Commercial Blvd","","SM","Miami-Fort Lauderdale-Pompano Beach, FL","Fort Lauderdale-Pompano Beach-Sunrise, FL","1","22744","33100","1","0","33100","35583","Oakland Park","Broward","Miami-Port St. Lucie-Fort Lauderdale, FL","1","370","10/04/2019","82012","617347","26.18873297990706","-80.12287296360492","0","","NONE","Pinnacle Bank","COMMERCIAL BLVD BRANCH","460","08/14/2026","11","FULL SERVICE - BRICK AND MORTAR","FL","12011","Florida","617347","33334","Miami-Fort Lauderdale-Pompano Beach, FL"
"","5544 Little Debbie Pkwy","","SM","Chattanooga, TN-GA","","0","","16860","1","0","16860","35583","Ooltewah","Hamilton","Chattanooga-Cleveland-Dalton, TN-GA","1","174","11/14/2019","82012","618551","35.08103999545847","-85.06815099393397","0","","NONE","Pinnacle Bank","OOLTEWAH OFFICE","171","08/14/2026","11","FULL SERVICE - BRICK AND MORTAR","TN","47065","Tennessee","618551","37363","Chattanooga, TN-GA"
"06/16/2017","1420 E 3rd St","","SM","Charlotte-Concord-Gastonia, NC-SC","","0","","16740","1","0","16740","35583","Charlotte","Mecklenburg","Charlotte-Concord, NC-SC","1","172","01/19/1999","82012","61926","35.21288301572804","-80.83036099599225","0","","NONE","Pinnacle Bank","CHARLOTTE 3RD STREET","84","08/14/2026","11","FULL SERVICE - BRICK AND MORTAR","NC","37119","North Carolina","61926","28204","Charlotte-Concord-Gastonia, NC-SC"
"01/02/2026","1301 Se Port Saint Lucie Blvd","","SM","Port St. Lucie, FL","","0","","38940","1","0","38940","35583","Port Saint Lucie","St. Lucie","Miami-Port St. Lucie-Fort Lauderdale, FL","1","370","04/26/1999","82012","61932","27.271641007285396","-80.3114399687906","0","","NONE","Pinnacle Bank","PORT ST. LUCIE BRANCH","270","08/14/2026","11","FULL SERVICE - BRICK AND MORTAR","FL","12111","Florida","61932","34952","Port St. Lucie, FL"
"01/02/2026","3460 Sandy Plains Rd","","SM","Atlanta-Sandy Springs-Alpharetta, GA","","0","","12060","1","0","12060","35583","Marietta","Cobb","Atlanta-Athens-Clarke County-Sandy Springs, GA-AL","1","122","02/19/2020","82012","621540","34.034358008780686","-84.46289804040589","0","","NONE","Pinnacle Bank","SHALLOWFORD BRANCH","461","08/14/2026","11","FULL SERVICE - BRICK AND MORTAR","GA","13067","Georgia","621540","30066","Atlanta-Sandy Springs-Alpharetta, GA"
"","3333 Riverwood Pkwy Se","Ste 100","SM","Atlanta-Sandy Springs-Alpharetta, GA","","0","","12060","1","0","12060","35583","Atlanta","Cobb","Atlanta-Athens-Clarke County-Sandy Springs, GA-AL","1","122","03/10/2020","82012","622026","33.87839698413312","-84.46002799293959","0","","NONE","Pinnacle Bank","ATLANTA RIVERWOOD BRANCH","172","08/14/2026","11","FULL SERVICE - BRICK AND MORTAR","GA","13067","Georgia","622026","30339","Atlanta-Sandy Springs-Alpharetta, GA"
"","3333 Riverwood Pkwy Se","Ste 110","SM","Atlanta-Sandy Springs-Alpharetta, GA","","0","","12060","1","0","12060","35583","Atlanta","Cobb","Atlanta-Athens-Clarke County-Sandy Springs, GA-AL","1","122","06/01/2020","82012","624952","33.87839698413312","-84.46002799293959","0","","NONE","Pinnacle Bank","ATLANTA RIVERWOOD BRANCH","173","08/14/2026","11","FULL SERVICE - BRICK AND MORTAR","GA","13067","Georgia","624952","30339","Atlanta-Sandy Springs-Alpharetta, GA"
"01/02/2026","11914 N Dale Mabry Hwy","","SM","Tampa-St. Petersburg-Clearwater, FL","","0","","45300","1","0","45300","35583","Tampa","Hillsborough","","0","","06/26/2020","82012","625247","28.05765598921927","-82.50438799266908","0","","NONE","Pinnacle Bank","CARROLLWOOD BRANCH","462","08/14/2026","11","FULL SERVICE - BRICK AND MORTAR","FL","12057","Florida","625247","33618","Tampa-St. Petersburg-Clearwater, FL"
"01/02/2026","11860 Narcoossee Rd","","SM","Orlando-Kissimmee-Sanford, FL","","0","","36740","1","0","36740","35583","Orlando","Orange","Orlando-Lakeland-Deltona, FL","1","422","07/15/2020","82012","625381","28.392692016620515","-81.24493302835381","0","","NONE","Pinnacle Bank","LAKE NONA BRANCH","463","08/14/2026","11","FULL SERVICE - BRICK AND MORTAR","FL","12095","Florida","625381","32832","Orlando-Kissimmee-Sanford, FL"
"","1213 W Morehead St","","SM","Charlotte-Concord-Gastonia, NC-SC","","0","","16740","1","0","16740","35583","Charlotte","Mecklenburg","Charlotte-Concord, NC-SC","1","172","08/03/2020","82012","626750","35.2287390200555","-80.86159196722396","0","","NONE","Pinnacle Bank","CHARLOTTE LPO BRANCH","175","08/14/2026","24","LIMITED SERVICE - LOAN PRODUCTION","NC","37119","North Carolina","626750","28208","Charlotte-Concord-Gastonia, NC-SC"
"","2209 Medical Center Pkwy","","SM","Nashville-Davidson-Murfreesboro-Franklin, TN","","0","","34980","1","0","34980","35583","Murfreesboro","Rutherford","Nashville-Davidson-Murfreesboro, TN","1","400","10/23/2020","82012","627633","35.85714601718688","-86.43419702836974","0","","NONE","Pinnacle Bank","MEDICAL CENTER PARKWAY OFFICE BRANCH","177","08/14/2026","11","FULL SERVICE - BRICK AND MORTAR","TN","47149","Tennessee","627633","37129","Nashville-Davidson-Murfreesboro-Franklin, TN"
"","3070 Kirby Whitten Rd","","SM","Memphis, TN-MS-AR","","0","","32820","1","0","32820","35583","Bartlett","Shelby","Memphis-Forrest City, TN-MS-AR","1","368","11/03/2020","82012","628038","35.209086013589555","-89.83978901516636","0","","NONE","Pinnacle Bank","BARTLETT OFFICE BRANCH","179","08/14/2026","11","FULL SERVICE - BRICK AND MORTAR","TN","47157","Tennessee","628038","38134","Memphis, TN-MS-AR"
"01/02/2026","2211 Marietta Blvd Nw","","SM","Atlanta-Sandy Springs-Alpharetta, GA","","0","","12060","1","0","12060","35583","Atlanta","Fulton","Atlanta-Athens-Clarke County-Sandy Springs, GA-AL","1","122","11/16/2020","82012","629148","33.817662007090476","-84.4474579880235","0","","NONE","Pinnacle Bank","MARIETTA BLVD BRANCH","464","08/14/2026","11","FULL SERVICE - BRICK AND MORTAR","GA","13121","Georgia","629148","30318","Atlanta-Sandy Springs-Alpharetta, GA"
"","7501 Falls Of Neuse Rd","Ste 200","SM","Raleigh-Cary, NC","","0","","39580","1","0","39580","35583","Raleigh","Wake","Raleigh-Durham-Cary, NC","1","450","03/01/2021","82012","632043","35.8868679943899","-78.62803303572723","0","","NONE","Pinnacle Bank","RALEIGH LPO BRANCH","180","08/14/2026","24","LIMITED SERVICE - LOAN PRODUCTION","NC","37183","North Carolina","632043","27615","Raleigh-Cary, NC"
"","147 S Cherry St","Ste 100","SM","Winston-Salem, NC","","0","","49180","1","0","49180","35583","Winston Salem","Forsyth","Greensboro-Winston-Salem-High Point, NC","1","268","03/29/2021","82012","632453","36.09294601068504","-80.24571696307777","0","","NONE","Pinnacle Bank","WINSTON SALEM SOUTH CHERRY STREET BRANCH","181","08/14/2026","99","LIMITED SERVICE - OTHER OFFICE/BRANCH","NC","37067","North Carolina","632453","27101","Winston-Salem, NC"
"01/02/2026","1861 W Tennessee St","Ste 230","SM","Tallahassee, FL","","0","","45220","1","0","45220","35583","Tallahassee","Leon","","0","","02/01/2021","82012","633007","30.447749016083662","-84.31382698207806","0","","NONE","Pinnacle Bank","VARSITY PLAZA BRANCH","473","08/14/2026","11","FULL SERVICE - BRICK AND MORTAR","FL","12073","Florida","633007","32304","Tallahassee, FL"
"","3379 Peachtree Rd Ne","Ste 100","SM","Atlanta-Sandy Springs-Alpharetta, GA","","0","","12060","1","0","12060","35583","Atlanta","Fulton","Atlanta-Athens-Clarke County-Sandy Springs, GA-AL","1","122","05/03/2021","82012","633282","33.848191245388","-84.365794614128","0","","NONE","Pinnacle Bank","ATLANTA BUCKHEAD BRANCH","182","08/14/2026","11","FULL SERVICE - BRICK AND MORTAR","GA","13121","Georgia","633282","30326","Atlanta-Sandy Springs-Alpharetta, GA"
"","3333 Michelson Dr","Ste 300","SM","Los Angeles-Long Beach-Anaheim, CA","Anaheim-Santa Ana-Irvine, CA","1","11244","31080","1","0","31080","35583","Irvine","Orange","Los Angeles-Long Beach, CA","1","348","05/03/2021","82012","633709","33.672556008059786","-117.84373900752689","0","","NONE","Pinnacle Bank","IRVINE LPO BRANCH","183","08/14/2026","24","LIMITED SERVICE - LOAN PRODUCTION","CA","06059","California","633709","92612","Los Angeles-Long Beach-Anaheim, CA"
"","1534 Noah Ln","","SM","Nashville-Davidson-Murfreesboro-Franklin, TN","","0","","34980","1","0","34980","35583","Gallatin","Sumner","Nashville-Davidson-Murfreesboro, TN","1","400","05/05/2021","82012","633710","36.35680951206254","-86.49997731602639","0","","NONE","Pinnacle Bank","GALLATIN BRANCH","184","08/14/2026","11","FULL SERVICE - BRICK AND MORTAR","TN","47165","Tennessee","633710","37066","Nashville-Davidson-Murfreesboro-Franklin, TN"
"","205 Old Blackstone Camp Rd","","SM","Augusta-Richmond County, GA-SC","","0","","12260","1","0","12260","35583","Augusta","Columbia","","0","","05/19/2021","82012","634513","33.55124899817223","-82.08952996977118","0","","NONE","Pinnacle Bank","AUGUSTA LPO BRANCH","185","08/14/2026","24","LIMITED SERVICE - LOAN PRODUCTION","GA","13073","Georgia","634513","30907","Augusta-Richmond County, GA-SC"
"01/02/2026","9844 S Jog Rd","","SM","Miami-Fort Lauderdale-Pompano Beach, FL","West Palm Beach-Boca Raton-Boynton Beach, FL","1","48424","33100","1","0","33100","35583","Boynton Beach","Palm Beach","Miami-Port St. Lucie-Fort Lauderdale, FL","1","370","12/13/2021","82012","641605","26.53038304654524","-80.14710596648368","0","","NONE","Pinnacle Bank","BOYNTON BEACH BRANCH","471","08/14/2026","11","FULL SERVICE - BRICK AND MORTAR","FL","12099","Florida","641605","33437","Miami-Fort Lauderdale-Pompano Beach, FL"
"01/02/2026","164 St. Francis","","SM","Mobile, AL","","0","","33660","1","0","33660","35583","Mobile","Mobile","Mobile-Daphne-Fairhope, AL","1","380","10/04/2021","82012","641623","30.69296599398","-88.043132009005","0","","NONE","Pinnacle Bank","BIENVILLE SQUARE BRANCH","468","08/14/2026","11","FULL SERVICE - BRICK AND MORTAR","AL","01097","Alabama","641623","36602","Mobile, AL"
"","16633 Birkdale Commons Pkwy Ste D-400","","SM","Charlotte-Concord-Gastonia, NC-SC","","0","","16740","1","0","16740","35583","Huntersville","Mecklenburg","Charlotte-Concord, NC-SC","1","172","03/31/2023","82012","641640","35.443157700562","-80.88289063465","0","","NONE","Pinnacle Bank","HUNTERSVILLE-BIRKDALE BRANCH","187","08/14/2026","11","FULL SERVICE - BRICK AND MORTAR","NC","37119","North Carolina","641640","28078","Charlotte-Concord-Gastonia, NC-SC"
"01/02/2026","302 Vineville St","","SM","Warner Robins, GA","","0","","47580","1","0","47580","35583","Fort Valley","Peach","Macon-Bibb County-Warner Robins, GA","1","356","01/01/1907","82012","6435","32.559733010157814","-83.88681796560381","0","","NONE","Pinnacle Bank","THE CITIZENS BANK BRANCH","232","08/14/2026","11","FULL SERVICE - BRICK AND MORTAR","GA","13225","Georgia","6435","31030","Warner Robins, GA"
"01/02/2026","3650 Inner Perimeter Rd","","SM","Valdosta, GA","","0","","46660","1","0","46660","35583","Valdosta","Lowndes","","0","","03/01/1906","82012","6441","30.88207300327815","-83.27451700497163","0","","NONE","Pinnacle Bank","VALDOSTA BRANCH","233","08/14/2026","11","FULL SERVICE - BRICK AND MORTAR","GA","13185","Georgia","6441","31602","Valdosta, GA"
"","724 Arden Ln","Ste 110","SM","Charlotte-Concord-Gastonia, NC-SC","","0","","16740","1","0","16740","35583","Rock Hill","York","Charlotte-Concord, NC-SC","1","172","03/02/2022","82012","644718","34.96002400524915","-81.04289001833781","0","","NONE","Pinnacle Bank","ROCK HILL LPO BRANCH","188","08/14/2026","24","LIMITED SERVICE - LOAN PRODUCTION","SC","45091","South Carolina","644718","29732","Charlotte-Concord-Gastonia, NC-SC"
"","114 College Street","","SM","Nashville-Davidson-Murfreesboro-Franklin, TN","","0","","34980","1","0","34980","35583","Murfreesboro","Rutherford","Nashville-Davidson-Murfreesboro, TN","1","400","03/18/2022","82012","644882","35.846698980707075","-86.39065999835294","0","","NONE","Pinnacle Bank","MURFREESBORO COLLEGE STREET BRANCH","189","08/14/2026","11","FULL SERVICE - BRICK AND MORTAR","TN","47149","Tennessee","644882","37130","Nashville-Davidson-Murfreesboro-Franklin, TN"
"","4403 Elvis Presley Blvd","","SM","Memphis, TN-MS-AR","","0","","32820","1","0","32820","35583","Memphis","Shelby","Memphis-Forrest City, TN-MS-AR","1","368","05/02/2022","82012","645967","35.02829598962715","-90.02560298425406","0","","NONE","Pinnacle Bank","MEMPHIS WHITEHAVEN OFFICE BRANCH","190","08/14/2026","11","FULL SERVICE - BRICK AND MORTAR","TN","47157","Tennessee","645967","38116","Memphis, TN-MS-AR"
"01/02/2026","4499 Weston Rd","","SM","Miami-Fort Lauderdale-Pompano Beach, FL","Fort Lauderdale-Pompano Beach-Sunrise, FL","1","22744","33100","1","0","33100","35583","Weston","Broward","Miami-Port St. Lucie-Fort Lauderdale, FL","1","370","05/02/2022","82012","646422","26.066779012822906","-80.36309897916536","0","","NONE","Pinnacle Bank","WESTON COMMONS BRANCH","476","08/14/2026","11","FULL SERVICE - BRICK AND MORTAR","FL","12011","Florida","646422","33331","Miami-Fort Lauderdale-Pompano Beach, FL"
"","545 E John Carpenter Fwy","Ste 975","SM","Dallas-Fort Worth-Arlington, TX","Dallas-Plano-Irving, TX","1","19124","19100","1","0","19100","35583","Irving","Dallas","Dallas-Fort Worth, TX-OK","1","206","05/25/2022","82012","647882","32.859294015383014","-96.93282202674673","0","","NONE","Pinnacle Bank","DALLAS LPO BRANCH","191","08/14/2026","24","LIMITED SERVICE - LOAN PRODUCTION","TX","48113","Texas","647882","75062","Dallas-Fort Worth-Arlington, TX"
"","1247 Nexton Pkwy","Ste 102","SM","Charleston-North Charleston, SC","","0","","16700","1","0","16700","35583","Summerville","Berkeley","","0","","05/23/2022","82012","649716","33.05784600463595","-80.1525179949368","0","","NONE","Pinnacle Bank","SUMMERVILLE NEXTON OFFICE BRANCH","192","08/14/2026","99","LIMITED SERVICE - OTHER OFFICE/BRANCH","SC","45015","South Carolina","649716","29486","Charleston-North Charleston, SC"
"01/02/2026","484 Mulberry St","","SM","Macon-Bibb County, GA","","0","","31420","1","0","31420","35583","Macon","Bibb","Macon-Bibb County-Warner Robins, GA","1","356","07/25/2022","82012","650171","32.836352997848934","-83.62613097002084","0","","NONE","Pinnacle Bank","MULBERRY STREET BRANCH","474","08/14/2026","11","FULL SERVICE - BRICK AND MORTAR","GA","13021","Georgia","650171","31201","Macon-Bibb County, GA"
"","409 Madison St Se","","SM","Huntsville, AL","","0","","26620","1","0","26620","35583","Huntsville","Madison","Huntsville-Decatur, AL","1","290","08/29/2022","82012","650214","34.72820101526017","-86.58388600059966","0","","NONE","Pinnacle Bank","HUNTSVILLE MADISON STREET OFFICE BRANCH","193","08/14/2026","11","FULL SERVICE - BRICK AND MORTAR","AL","01089","Alabama","650214","35801","Huntsville, AL"
"","1800 Tysons Blvd","Ste 50","SM","Washington-Arlington-Alexandria, DC-VA-MD-WV","Washington-Arlington-Alexandria, DC-VA-MD-WV","1","47894","47900","1","0","47900","35583","Mclean","Fairfax","Washington-Baltimore-Arlington, DC-MD-VA-WV-PA","1","548","10/17/2022","82012","650752","38.92248969009262","-77.22239709329904","0","","NONE","Pinnacle Bank","MCCLEAN OFFICE BRANCH","194","08/14/2026","11","FULL SERVICE - BRICK AND MORTAR","VA","51059","Virginia","650752","22102","Washington-Arlington-Alexandria, DC-VA-MD-WV"
"","569 Brookwood Vlg Ste 700","","SM","Birmingham-Hoover, AL","","0","","13820","1","0","13820","35583","Birmingham","Jefferson","Birmingham-Hoover-Talladega, AL","1","142","03/31/2023","82012","651862","33.469893994494","-86.771353970641","0","","NONE","Pinnacle Bank","BIRMINGHAM - BROOKWOOD VILLAGE BRANCH","195","08/14/2026","11","FULL SERVICE - BRICK AND MORTAR","AL","01073","Alabama","651862","35209","Birmingham-Hoover, AL"
"01/02/2026","201 E Las Olas Blvd","Ste 101","SM","Miami-Fort Lauderdale-Pompano Beach, FL","Fort Lauderdale-Pompano Beach-Sunrise, FL","1","22744","33100","1","0","33100","35583","Fort Lauderdale","Broward","Miami-Port St. Lucie-Fort Lauderdale, FL","1","370","10/31/2022","82012","652190","26.119540997836523","-80.14086295857135","0","","NONE","Pinnacle Bank","DOWNTOWN FORT LAUDERDALE BRANCH","467","08/14/2026","11","FULL SERVICE - BRICK AND MORTAR","FL","12011","Florida","652190","33301","Miami-Fort Lauderdale-Pompano Beach, FL"
"","360 8th Ave","Ste 305","SM","Bowling Green, KY","","0","","14540","1","0","14540","35583","Bowling Green","Warren","Bowling Green-Glasgow, KY","1","150","11/16/2022","82012","652348","36.99566998379103","-86.44020098561431","0","","NONE","Pinnacle Bank","BOWLING GREEN LPO BRANCH","196","08/14/2026","24","LIMITED SERVICE - LOAN PRODUCTION","KY","21227","Kentucky","652348","42101","Bowling Green, KY"
"","113 Platform Way N","","SM","Nashville-Davidson-Murfreesboro-Franklin, TN","","0","","34980","1","0","34980","35583","Nashville","Davidson","Nashville-Davidson-Murfreesboro, TN","1","400","10/13/2022","82012","652406","36.160377690059605","-86.78591998114533","0","","NONE","Pinnacle Bank","NASHVILLE INNOVATION CENTER BRANCH","197","08/14/2026","11","FULL SERVICE - BRICK AND MORTAR","TN","47037","Tennessee","652406","37203","Nashville-Davidson-Murfreesboro-Franklin, TN"
"","3050 Northwinds Parkway","Suites 100","SM","Atlanta-Sandy Springs-Alpharetta, GA","","0","","12060","1","0","12060","35583","Alpharetta","Fulton","Atlanta-Athens-Clarke County-Sandy Springs, GA-AL","1","122","01/31/2023","82012","653566","34.06507898311368","-84.27718800691757","0","","NONE","Pinnacle Bank","ATLANTA AVALON BRANCH","198","08/14/2026","11","FULL SERVICE - BRICK AND MORTAR","GA","13121","Georgia","653566","30009","Atlanta-Sandy Springs-Alpharetta, GA"
"","13341 Falls Of Neuse Road","","SM","Raleigh-Cary, NC","","0","","39580","1","0","39580","35583","Raleigh","Wake","Raleigh-Durham-Cary, NC","1","450","04/03/2023","82012","655276","35.94293299407835","-78.56045603685102","0","","NONE","Pinnacle Bank","RALEIGH - WAKEFIELD BRANCH","199","08/14/2026","11","FULL SERVICE - BRICK AND MORTAR","NC","37183","North Carolina","655276","27614","Raleigh-Cary, NC"
"","850 Morrison Drive, Suite 101","","SM","Charleston-North Charleston, SC","","0","","16700","1","0","16700","35583","Charleston","Charleston","","0","","05/01/2023","82012","656356","32.80311380643542","-79.93883972984685","0","","NONE","Pinnacle Bank","CHARLESTON MORRISON YARDS BRANCH","200","08/14/2026","11","FULL SERVICE - BRICK AND MORTAR","SC","45019","South Carolina","656356","29403","Charleston-North Charleston, SC"
"","100 Mallard Creek Rd","Ste 105","SM","Louisville-Jefferson County, KY-IN","","0","","31140","1","0","31140","35583","Louisville","Jefferson","Louisville-Jefferson County-Elizabethtown-Bardstown, KY-IN","1","350","06/01/2023","82012","657000","38.23962500702572","-85.63034099788887","0","","NONE","Pinnacle Bank","LOUISVILLE LPO BRANCH","202","08/14/2026","24","LIMITED SERVICE - LOAN PRODUCTION","KY","21111","Kentucky","657000","40207","Louisville-Jefferson County, KY-IN"
"01/02/2026","906 E Cumberland Avenue","","SM","Tampa-St. Petersburg-Clearwater, FL","","0","","45300","1","0","45300","35583","Tampa","Hillsborough","","0","","04/23/2023","82012","657708","27.945062981856","-82.450776464937","0","","NONE","Pinnacle Bank","DOWNTOWN TAMPA BRANCH","475","08/14/2026","11","FULL SERVICE - BRICK AND MORTAR","FL","12057","Florida","657708","33602","Tampa-St. Petersburg-Clearwater, FL"
"","1402 Buchanan Street","Suite 105","SM","Nashville-Davidson-Murfreesboro-Franklin, TN","","0","","34980","1","0","34980","35583","Nashville","Davidson","Nashville-Davidson-Murfreesboro, TN","1","400","01/16/2024","82012","661607","36.180405009622","-86.808185981032","0","","NONE","Pinnacle Bank","NASHVILLE BUCHANAN STREET BRANCH","203","08/14/2026","11","FULL SERVICE - BRICK AND MORTAR","TN","47037","Tennessee","661607","37208","Nashville-Davidson-Murfreesboro-Franklin, TN"
"","18804 Forest Road","","SM","Lynchburg, VA","","0","","31340","1","0","31340","35583","Lynchburg","Bedford","","0","","01/29/2024","82012","662241","37.387093591779","-79.241031693296","0","","NONE","Pinnacle Bank","LYNCHBURG - FORREST ROAD BRANCH","204","08/14/2026","11","FULL SERVICE - BRICK AND MORTAR","VA","51019","Virginia","662241","24502","Lynchburg, VA"
"","7272 Wisconsin Avenue","","SM","Washington-Arlington-Alexandria, DC-VA-MD-WV","Frederick-Gaithersburg-Rockville, MD","1","23224","47900","1","0","47900","35583","Bethesda","Montgomery","Washington-Baltimore-Arlington, DC-MD-VA-WV-PA","1","548","02/20/2024","82012","663157","38.982080998356","-77.093940990555","0","","NONE","Pinnacle Bank","BETHESDA, MD BRANCH","205","08/14/2026","11","FULL SERVICE - BRICK AND MORTAR","MD","24031","Maryland","663157","20814","Washington-Arlington-Alexandria, DC-VA-MD-WV"
"","2020 Cahaba Rd","","SM","Birmingham-Hoover, AL","","0","","13820","1","0","13820","35583","Mountain Brook","Jefferson","Birmingham-Hoover-Talladega, AL","1","142","04/29/2024","82012","665208","33.494424011323","-86.781650971054","0","","NONE","Pinnacle Bank","BIRMINGHAM ENGLISH VILLAGE BRANCH","207","08/14/2026","11","FULL SERVICE - BRICK AND MORTAR","AL","01073","Alabama","665208","35223","Birmingham-Hoover, AL"
"","501 Riverside Ave","Suite 116","SM","Jacksonville, FL","","0","","27260","1","0","27260","35583","Jacksonville","Duval","Jacksonville-St. Marys-Palatka, FL-GA","1","300","05/01/2024","82012","665339","30.320232524686","-81.674312866141","0","","NONE","Pinnacle Bank","JACKSONVILLE RIVERSIDE BRANCH","208","08/14/2026","11","FULL SERVICE - BRICK AND MORTAR","FL","12031","Florida","665339","32202","Jacksonville, FL"
"","100 Corridor Road","Suite 101","SM","Jacksonville, FL","","0","","27260","1","0","27260","35583","Ponte Vedra","St. Johns","Jacksonville-St. Marys-Palatka, FL-GA","1","300","05/15/2024","82012","665340","30.194167988465","-81.381761981818","0","","NONE","Pinnacle Bank","PONTE VEDRA BEACH BRANCH","209","08/14/2026","11","FULL SERVICE - BRICK AND MORTAR","FL","12109","Florida","665340","32082","Jacksonville, FL"
"","6000 Merriweather Dr","Suite B-105","SM","Baltimore-Columbia-Towson, MD","","0","","12580","1","0","12580","35583","Columbia","Howard","Washington-Baltimore-Arlington, DC-MD-VA-WV-PA","1","548","05/08/2024","82012","665363","39.206549413133","-76.862585375487","0","","NONE","Pinnacle Bank","COLUMBIA, MD BRANCH","210","08/14/2026","11","FULL SERVICE - BRICK AND MORTAR","MD","24027","Maryland","665363","21044","Baltimore-Columbia-Towson, MD"
"","307 Oberlin Rd","","SM","Raleigh-Cary, NC","","0","","39580","1","0","39580","35583","Raleigh","Wake","Raleigh-Durham-Cary, NC","1","450","06/03/2024","82012","665366","35.78849911028","-78.663085484255","0","","NONE","Pinnacle Bank","RALEIGH THE VILLAGE DISTRICT BRANCH","211","08/14/2026","11","FULL SERVICE - BRICK AND MORTAR","NC","37183","North Carolina","665366","27605","Raleigh-Cary, NC"
"","286 North Hubbards Lane","","SM","Louisville-Jefferson County, KY-IN","","0","","31140","1","0","31140","35583","Louisville","Jefferson","Louisville-Jefferson County-Elizabethtown-Bardstown, KY-IN","1","350","06/07/2024","82012","665472","38.258689017156","-85.640860034917","0","","NONE","Pinnacle Bank","LOUISVILLE HUBBARDS LANE OFFICE BRANCH","212","08/14/2026","11","FULL SERVICE - BRICK AND MORTAR","KY","21111","Kentucky","665472","40207","Louisville-Jefferson County, KY-IN"
"","4075wilson Boulevard","","SM","Washington-Arlington-Alexandria, DC-VA-MD-WV","Washington-Arlington-Alexandria, DC-VA-MD-WV","1","47894","47900","1","0","47900","35583","Arlington","Arlington","Washington-Baltimore-Arlington, DC-MD-VA-WV-PA","1","548","06/03/2024","82012","665618","38.880249005221","-77.108476970861","0","","NONE","Pinnacle Bank","ARLINGTON WILSON BLVD. OFFICE BRANCH","214","08/14/2026","11","FULL SERVICE - BRICK AND MORTAR","VA","51013","Virginia","665618","22203","Washington-Arlington-Alexandria, DC-VA-MD-WV"
"01/02/2026","205 20th Street North","","SM","Birmingham-Hoover, AL","","0","","13820","1","0","13820","35583","Birmingham","Jefferson","Birmingham-Hoover-Talladega, AL","1","142","05/20/2024","82012","665624","33.515788979603","-86.806197039227","0","","NONE","Pinnacle Bank","CITY CENTER BRANCH","465","08/14/2026","11","FULL SERVICE - BRICK AND MORTAR","AL","01073","Alabama","665624","35203","Birmingham-Hoover, AL"
"","1108 N. Graham Street","Suite D","SM","Charlotte-Concord-Gastonia, NC-SC","","0","","16740","1","0","16740","35583","Charlotte","Mecklenburg","Charlotte-Concord, NC-SC","1","172","08/19/2024","82012","667643","35.239203748704","-80.83599256703","0","","NONE","Pinnacle Bank","PEER CENTER IN CHARLOTTE BRANCH","215","08/14/2026","11","FULL SERVICE - BRICK AND MORTAR","NC","37119","North Carolina","667643","28206","Charlotte-Concord-Gastonia, NC-SC"
"","384 Northyards Blvd. Nw, Ste. 150","","SM","Atlanta-Sandy Springs-Alpharetta, GA","","0","","12060","1","0","12060","35583","Atlanta","Fulton","Atlanta-Athens-Clarke County-Sandy Springs, GA-AL","1","122","10/21/2024","82012","670807","33.767370001305","-84.400224035792","0","","NONE","Pinnacle Bank","ATLANTA NORTHYARDS PEER CENTER BRANCH","216","08/14/2026","11","FULL SERVICE - BRICK AND MORTAR","GA","13121","Georgia","670807","30313","Atlanta-Sandy Springs-Alpharetta, GA"
"","1960 Satellite Blvd","Ste 4100","SM","Atlanta-Sandy Springs-Alpharetta, GA","","0","","12060","1","0","12060","35583","Duluth","Gwinnett","Atlanta-Athens-Clarke County-Sandy Springs, GA-AL","1","122","12/02/2024","82012","670813","33.990116982716","-84.085087023715","0","","NONE","Pinnacle Bank","ATLANTA SUGARLOAF LPO BRANCH","217","08/14/2026","24","LIMITED SERVICE - LOAN PRODUCTION","GA","13135","Georgia","670813","30097","Atlanta-Sandy Springs-Alpharetta, GA"
"01/02/2026","1300 Front Avenue","Suite 200","SM","Columbus, GA-AL","","0","","17980","1","0","17980","35583","Columbus","Muscogee","Columbus-Auburn-Opelika, GA-AL","1","194","09/23/2024","82012","672980","32.47071149874","-84.994387899057","0","","NONE","Pinnacle Bank","SYNOVUS PLACE BRANCH","472","08/14/2026","11","FULL SERVICE - BRICK AND MORTAR","GA","13215","Georgia","672980","31901","Columbus, GA-AL"
"","1960 Satellite Blvd","Suite 1300","SM","Atlanta-Sandy Springs-Alpharetta, GA","","0","","12060","1","0","12060","35583","Duluth","Gwinnett","Atlanta-Athens-Clarke County-Sandy Springs, GA-AL","1","122","04/28/2025","82012","674938","33.990116982716","-84.085087023715","0","","NONE","Pinnacle Bank","ATLANTA SUGARLOAF BRANCH","218","08/14/2026","11","FULL SERVICE - BRICK AND MORTAR","GA","13135","Georgia","674938","30097","Atlanta-Sandy Springs-Alpharetta, GA"
"","871 Church Street N.","","SM","Charlotte-Concord-Gastonia, NC-SC","","0","","16740","1","0","16740","35583","Concord","Cabarrus","Charlotte-Concord, NC-SC","1","172","05/19/2025","82012","675163","35.433646419753","-80.603256011663","0","","NONE","Pinnacle Bank","CONCORD BRANCH","219","08/14/2026","11","FULL SERVICE - BRICK AND MORTAR","NC","37025","North Carolina","675163","28025","Charlotte-Concord-Gastonia, NC-SC"
"","150 3rd Ave S","","SM","Nashville-Davidson-Murfreesboro-Franklin, TN","","0","","34980","1","0","34980","35583","Nashville","Davidson","Nashville-Davidson-Murfreesboro, TN","1","400","04/07/2025","82012","675291","36.160189996548","-86.774574968393","0","","NONE","Pinnacle Bank","NASHVILLE SYMPHONY BRANCH","220","08/14/2026","11","FULL SERVICE - BRICK AND MORTAR","TN","47037","Tennessee","675291","37201","Nashville-Davidson-Murfreesboro-Franklin, TN"
"01/02/2026","1000 Veterans Pkwy","","SM","Columbus, GA-AL","","0","","17980","1","0","17980","35583","Columbus","Muscogee","Columbus-Auburn-Opelika, GA-AL","1","194","09/30/2024","82012","677127","32.465010798753","-84.987167979119","0","","NONE","Pinnacle Bank","TENTH ST BRANCH","469","08/14/2026","23","LIMITED SERVICE - DRIVE THRU/DETACHED FACILITY","GA","13215","Georgia","677127","31901","Columbus, GA-AL"
"","466 Hazen Court","","SM","Bowling Green, KY","","0","","14540","1","0","14540","35583","Bowling Green","Warren","Bowling Green-Glasgow, KY","1","150","08/25/2025","82012","677597","36.96665506203","-86.40441503674","0","","NONE","Pinnacle Bank","BOWLING GREEN - LOVERS LANE BRANCH","221","08/14/2026","11","FULL SERVICE - BRICK AND MORTAR","KY","21227","Kentucky","677597","42103","Bowling Green, KY"
"01/02/2026","2459 N Main St","","SM","Charleston-North Charleston, SC","","0","","16700","1","0","16700","35583","Summerville","Berkeley","","0","","09/22/2025","82012","679235","33.054420362718","-80.100499736192","0","","NONE","Pinnacle Bank","CARNES CROSSROADS BRANCH","470","08/14/2026","11","FULL SERVICE - BRICK AND MORTAR","SC","45015","South Carolina","679235","29486","Charleston-North Charleston, SC"
"","253 Williamson Rd","","SM","Charlotte-Concord-Gastonia, NC-SC","","0","","16740","1","0","16740","35583","Mooresville","Iredell","Charlotte-Concord, NC-SC","1","172","11/10/2025","82012","679460","35.587730484823","-80.873779170622","0","","NONE","Pinnacle Bank","MOORESVILLE LAKE NORMAN BRANCH","222","08/14/2026","11","FULL SERVICE - BRICK AND MORTAR","NC","37097","North Carolina","679460","28117","Charlotte-Concord-Gastonia, NC-SC"
"","3807 N Duke St","","SM","Durham-Chapel Hill, NC","","0","","20500","1","0","20500","35583","Durham","Durham","Raleigh-Durham-Cary, NC","1","450","12/10/2025","82012","679525","36.051897274354","-78.905729008329","0","","NONE","Pinnacle Bank","DURHAM NORTH DUKE STREET BRANCH","223","08/14/2026","11","FULL SERVICE - BRICK AND MORTAR","NC","37063","North Carolina","679525","27704","Durham-Chapel Hill, NC"
"","707 Bank St Ne","","SM","Decatur, AL","","0","","19460","1","0","19460","35583","Decatur","Morgan","Huntsville-Decatur, AL","1","290","01/27/2026","82012","681863","34.612731456111","-86.985500448842","0","","NONE","Pinnacle Bank","DECATUR BRANCH","478","08/14/2026","11","FULL SERVICE - BRICK AND MORTAR","AL","01103","Alabama","681863","35601","Decatur, AL"
"","2825 South Blvd","","SM","Charlotte-Concord-Gastonia, NC-SC","","0","","16740","1","0","16740","35583","Charlotte","Mecklenburg","Charlotte-Concord, NC-SC","1","172","02/12/2026","82012","682053","35.199231410026","-80.867283782394","0","","NONE","Pinnacle Bank","SOUTH BLVD BRANCH","480","08/14/2026","11","FULL SERVICE - BRICK AND MORTAR","NC","37119","North Carolina","682053","28209","Charlotte-Concord-Gastonia, NC-SC"
"","1394 Freeman Ave","","SM","Huntsville, AL","","0","","26620","1","0","26620","35583","Athens","Limestone","Huntsville-Decatur, AL","1","290","02/02/2026","82012","682054","34.789643927845","-86.955761456376","0","","NONE","Pinnacle Bank","FREEMAN AVE BRANCH","481","08/14/2026","11","FULL SERVICE - BRICK AND MORTAR","AL","01083","Alabama","682054","35613","Huntsville, AL"
"","807 E Butler Rd","","SM","Greenville-Anderson, SC","","0","","24860","1","0","24860","35583","Greenville","Greenville","Greenville-Spartanburg-Anderson, SC","1","273","01/26/2026","82012","682055","34.804058663921","-82.285943023062","0","","NONE","Pinnacle Bank","BUTLER RD BRANCH","482","08/14/2026","11","FULL SERVICE - BRICK AND MORTAR","SC","45045","South Carolina","682055","29607","Greenville-Anderson, SC"
"","300 Magnolia Ave","","SM","Daphne-Fairhope-Foley, AL","","0","","19300","1","0","19300","35583","Fairhope","Baldwin","Mobile-Daphne-Fairhope, AL","1","380","03/18/2026","82012","682172","30.524176634161","-87.90459515895","0","","NONE","Pinnacle Bank","FAIRHOPE BRANCH","483","08/14/2026","11","FULL SERVICE - BRICK AND MORTAR","AL","01003","Alabama","682172","36532","Daphne-Fairhope-Foley, AL"
"","5613 Highway 153","","SM","Chattanooga, TN-GA","","0","","16860","1","0","16860","35583","Hixson","Hamilton","Chattanooga-Cleveland-Dalton, TN-GA","1","174","04/07/2026","82012","682408","35.149372119992","-85.249849951477","0","","NONE","Pinnacle Bank","HIXSON BRANCH","484","08/14/2026","11","FULL SERVICE - BRICK AND MORTAR","TN","47065","Tennessee","682408","37343","Chattanooga, TN-GA"
"","1601 Village Market Blvd Se","Ste 116","SM","Washington-Arlington-Alexandria, DC-VA-MD-WV","Washington-Arlington-Alexandria, DC-VA-MD-WV","1","47894","47900","1","0","47900","35583","Leesburg","Loudoun","Washington-Baltimore-Arlington, DC-MD-VA-WV-PA","1","548","05/20/2026","82012","684441","39.090127418325","-77.526124742593","0","","NONE","Pinnacle Bank","LEESBURG BRANCH","485","08/14/2026","11","FULL SERVICE - BRICK AND MORTAR","VA","51107","Virginia","684441","20175","Washington-Arlington-Alexandria, DC-VA-MD-WV"
"","2459 N Main St","","SM","Charleston-North Charleston, SC","","0","","16700","1","0","16700","35583","Summerville","Berkeley","","0","","06/30/2026","82012","686774","33.054420362718","-80.100499736192","0","","NONE","Pinnacle Bank","CARNES CROSSROADS BRANCH","488","08/14/2026","11","FULL SERVICE - BRICK AND MORTAR","SC","45015","South Carolina","686774","29486","Charleston-North Charleston, SC"
"01/02/2026","211 S 3rd Ave","","SM","Dalton, GA","","0","","19140","1","0","19140","35583","Chatsworth","Murray","Chattanooga-Cleveland-Dalton, TN-GA","1","174","01/24/1906","82012","7450","34.764430995455214","-84.76998599468264","0","","NONE","Pinnacle Bank","THIRD AVENUE BRANCH","234","08/14/2026","11","FULL SERVICE - BRICK AND MORTAR","GA","13213","Georgia","7450","30705","Dalton, GA"
"06/16/2017","300 N Main St","","SM","Greensboro-High Point, NC","","0","","24660","1","0","24660","35583","High Point","Guilford","Greensboro-Winston-Salem-High Point, NC","1","268","09/01/1905","82012","7799","35.9597729919291","-80.00703196041613","0","","NONE","Pinnacle Bank","HIGH POINT BANK AND TRUST COMPANY BRANCH","132","08/14/2026","11","FULL SERVICE - BRICK AND MORTAR","NC","37081","North Carolina","7799","27260","Greensboro-High Point, NC"
"01/02/2026","4777 Clyde Morris Blvd","","SM","Deltona-Daytona Beach-Ormond Beach, FL","","0","","19660","1","0","19660","35583","Port Orange","Volusia","Orlando-Lakeland-Deltona, FL","1","422","07/24/2000","82012","80562","29.120996002629866","-81.02370199795054","0","","NONE","Pinnacle Bank","CLYDE MORRIS BRANCH","271","08/14/2026","11","FULL SERVICE - BRICK AND MORTAR","FL","12127","Florida","80562","32129","Deltona-Daytona Beach-Ormond Beach, FL"
"","21 Platform Way S","Suite 2300","SM","Nashville-Davidson-Murfreesboro-Franklin, TN","","0","","34980","1","0","34980","35583","Nashville","Davidson","Nashville-Davidson-Murfreesboro, TN","1","400","10/27/2000","82012","82012","36.159922488108","-86.785616281808","1","","NONE","Pinnacle Bank","Pinnacle Bank","0","08/14/2026","21","Limited Service - Administrative","TN","47037","Tennessee","82012","37203","Nashville-Davidson-Murfreesboro-Franklin, TN"
"01/02/2026","140 E Washington St","","SM","Atlanta-Sandy Springs-Alpharetta, GA","","0","","12060","1","0","12060","35583","Monroe","Walton","Atlanta-Athens-Clarke County-Sandy Springs, GA-AL","1","122","01/01/1891","82012","8776","33.79346701493182","-83.71171397329853","0","","NONE","Pinnacle Bank","MONROE BRANCH","235","08/14/2026","11","FULL SERVICE - BRICK AND MORTAR","GA","13297","Georgia","8776","30655","Atlanta-Sandy Springs-Alpharetta, GA"
"01/02/2026","218 Love Ave","","SM","Tifton, GA","","0","","0","0","1","45700","35583","Tifton","Tift","","0","","02/24/1937","82012","9925","31.455163001760454","-83.50938899605973","0","","NONE","Pinnacle Bank","TIFTON BRANCH","236","08/14/2026","11","FULL SERVICE - BRICK AND MORTAR","GA","13277","Georgia","9925","31794",""